OrderID,OrderDate,BranchID,Country,City,CustomerID,ProductID,ProductCategory,ProductName,Brand,Quantity,UnitPrice,DiscountRate,TaxRate,TotalAmount,PaymentMethod,SalesChannel,EmployeeID,WarrantyYears,ReturnFlag,ShipmentMode,DeliveryDays,Currency
ORD115001,22-03-2024,BR60,India,Pune,CUST6501,PROD899,TV,Sony Bravia 55,Sony,5,878.09,0.2,0.18,4144.58,Cash,Online,EMP933,0,0,Express,4,USD
ORD115002,15-11-2024,BR83,UAE,Abu Dhabi,CUST5457,PROD930,TV,Sony Bravia 55,Sony,4,449.1,0.11,0.18,1886.58,Cash,In-Store,EMP658,0,0,Same Day,8,INR
ORD115003,21-02-2023,BR62,India,Delhi,CUST7482,PROD819,Tablet,Samsung Galaxy Tab,Apple,3,713.66,0.15,0.18,2147.4,Debit Card,Online,EMP948,0,0,Express,10,EUR
ORD115004,05-01-2023,BR97,USA,Los Angeles,CUST4936,PROD577,Mobile,OnePlus 11,HP,4,397.08,0.04,0.18,1799.25,UPI,In-Store,EMP972,3,1,Express,7,USD
ORD115005,20-09-2023,BR39,UK,Birmingham,CUST4851,PROD168,Mobile,Samsung Galaxy S23,Samsung,2,1420.92,0.09,0.18,3051.57,Debit Card,In-Store,EMP338,0,1,Standard,9,INR
ORD115006,30-04-2024,BR96,Germany,Hamburg,CUST7655,PROD261,Mobile,iPhone 14,LG,4,1547.17,0.01,0.18,7229.62,Credit Card,In-Store,EMP221,3,1,Same Day,8,GBP
ORD115007,06-12-2024,BR56,USA,New York,CUST1027,PROD618,Laptop,MacBook Air M2,OnePlus,4,153.67,0.13,0.18,631.03,UPI,In-Store,EMP303,3,0,Standard,5,AED
ORD115008,15-05-2024,BR84,USA,New York,CUST4741,PROD861,Accessories,Wireless Mouse,Apple,1,1186.68,0.08,0.18,1288.26,UPI,Online,EMP721,2,1,Express,4,AED
ORD115009,22-11-2023,BR104,USA,Chicago,CUST4946,PROD829,Laptop,HP Spectre x360,LG,2,1702.04,0.21,0.18,3173.28,Credit Card,In-Store,EMP227,0,1,Standard,2,GBP
ORD115010,31-05-2024,BR116,UK,Birmingham,CUST6551,PROD498,TV,Samsung QLED 50,Apple,4,1537.22,0.03,0.18,7038.01,Cash,Online,EMP517,3,0,Express,10,EUR
ORD115011,19-04-2024,BR19,UAE,Abu Dhabi,CUST2672,PROD886,TV,Sony Bravia 55,Dell,2,1259.54,0.17,0.18,2467.19,Net Banking,In-Store,EMP925,2,1,Express,10,EUR
ORD115012,02-02-2023,BR7,UAE,Abu Dhabi,CUST1189,PROD679,Accessories,Wireless Mouse,Apple,4,964.66,0.27,0.18,3323.83,Net Banking,In-Store,EMP308,3,1,Standard,10,EUR
ORD115013,20-08-2024,BR8,UAE,Dubai,CUST3275,PROD766,Mobile,Samsung Galaxy S23,LG,3,1210.5,0.11,0.18,3813.8,Debit Card,Online,EMP351,0,1,Express,9,USD
ORD115014,20-12-2024,BR93,USA,New York,CUST6409,PROD658,Accessories,Wireless Mouse,Lenovo,3,1029.75,0.14,0.18,3134.97,Net Banking,Online,EMP916,3,1,Express,10,GBP
ORD115015,29-05-2023,BR104,Germany,Munich,CUST7471,PROD610,Accessories,Wireless Mouse,Lenovo,2,250.64,0.28,0.18,425.89,UPI,In-Store,EMP781,0,0,Same Day,10,USD
ORD115016,22-03-2023,BR83,USA,Chicago,CUST5271,PROD307,Tablet,iPad Air,Dell,3,1391.66,0.29,0.18,3497.8,UPI,Online,EMP272,3,0,Standard,5,AED
ORD115017,11-10-2024,BR117,India,Pune,CUST5843,PROD313,Accessories,Bluetooth Headphones,Samsung,2,1493.3,0.12,0.18,3101.29,Cash,Online,EMP740,2,1,Standard,7,INR
ORD115018,23-11-2024,BR93,USA,New York,CUST8521,PROD825,Mobile,Samsung Galaxy S23,Dell,1,342.83,0.15,0.18,343.86,Cash,In-Store,EMP453,2,0,Standard,1,AED
ORD115019,11-05-2023,BR26,UK,Birmingham,CUST9529,PROD502,Laptop,HP Spectre x360,Lenovo,3,1618.09,0.15,0.18,4868.83,UPI,Online,EMP583,2,1,Express,5,EUR
ORD115020,11-04-2023,BR75,Germany,Hamburg,CUST1349,PROD705,Accessories,Wireless Mouse,HP,1,751.38,0.28,0.18,638.37,Credit Card,In-Store,EMP921,1,0,Standard,9,USD
ORD115021,14-05-2023,BR74,UAE,Abu Dhabi,CUST2273,PROD766,Accessories,Keyboard,Apple,5,1573.49,0.07,0.18,8633.74,UPI,Online,EMP654,3,1,Same Day,5,GBP
ORD115022,24-03-2023,BR116,UAE,Abu Dhabi,CUST9989,PROD171,TV,Samsung QLED 50,Dell,1,783.93,0.27,0.18,675.28,Net Banking,Online,EMP588,3,0,Same Day,9,EUR
ORD115023,14-09-2023,BR87,UAE,Dubai,CUST4280,PROD245,Laptop,HP Spectre x360,OnePlus,5,1993.93,0.27,0.18,8587.86,Credit Card,Online,EMP743,2,1,Same Day,8,USD
ORD115024,24-04-2024,BR103,UK,London,CUST1561,PROD285,Mobile,OnePlus 11,LG,4,1969.66,0.01,0.18,9203.83,Net Banking,Online,EMP293,2,0,Express,1,EUR
ORD115025,18-11-2023,BR22,Germany,Munich,CUST2429,PROD926,Tablet,iPad Air,Sony,1,1535.69,0.19,0.18,1467.81,Credit Card,Online,EMP520,3,1,Standard,5,EUR
ORD115026,31-08-2023,BR18,UK,Birmingham,CUST4438,PROD592,Accessories,Wireless Mouse,Dell,2,1378.81,0.25,0.18,2440.49,Credit Card,In-Store,EMP369,1,1,Same Day,8,USD
ORD115027,06-11-2023,BR71,Germany,Berlin,CUST6310,PROD586,Tablet,Lenovo Tab P11,OnePlus,4,980.75,0.13,0.18,4027.35,UPI,Online,EMP987,0,1,Standard,4,AED
ORD115028,25-11-2023,BR49,UAE,Abu Dhabi,CUST7744,PROD429,Laptop,MacBook Air M2,Sony,2,1861.4,0.18,0.18,3602.18,Credit Card,Online,EMP760,1,0,Express,8,AED
ORD115029,01-07-2023,BR73,UAE,Dubai,CUST1034,PROD419,Tablet,iPad Air,Samsung,5,1695.93,0.22,0.18,7804.67,UPI,Online,EMP741,3,0,Express,7,AED
ORD115030,08-10-2024,BR12,India,Mumbai,CUST5222,PROD245,TV,Sony Bravia 55,Dell,1,149.58,0.16,0.18,148.26,Credit Card,Online,EMP462,0,0,Express,5,USD
ORD115031,04-12-2024,BR77,India,Mumbai,CUST4690,PROD791,Tablet,iPad Air,Dell,2,881.01,0.23,0.18,1600.97,Cash,In-Store,EMP852,0,0,Standard,8,EUR
ORD115032,28-05-2023,BR86,India,Mumbai,CUST6262,PROD849,TV,Sony Bravia 55,OnePlus,5,321.44,0.24,0.18,1441.34,UPI,In-Store,EMP816,0,0,Standard,1,AED
ORD115033,23-11-2023,BR35,India,Mumbai,CUST5598,PROD885,TV,Sony Bravia 55,Apple,1,1524.07,0.02,0.18,1762.43,Debit Card,In-Store,EMP449,2,0,Express,3,INR
ORD115034,24-07-2023,BR119,Germany,Munich,CUST9772,PROD680,Accessories,Keyboard,Lenovo,1,1342.32,0.29,0.18,1124.6,Net Banking,In-Store,EMP430,1,1,Same Day,5,INR
ORD115035,15-02-2023,BR88,India,Pune,CUST8586,PROD492,Accessories,Wireless Mouse,OnePlus,4,1650.99,0.09,0.18,7091.33,Cash,In-Store,EMP218,3,1,Same Day,4,INR
ORD115036,23-03-2023,BR109,India,Mumbai,CUST3308,PROD961,Tablet,Lenovo Tab P11,Dell,5,1191.88,0.13,0.18,6117.92,UPI,Online,EMP268,0,1,Standard,2,GBP
ORD115037,22-12-2023,BR115,USA,Chicago,CUST9942,PROD489,Tablet,iPad Air,LG,2,125.56,0.16,0.18,248.91,Credit Card,In-Store,EMP586,1,0,Standard,2,AED
ORD115038,27-10-2024,BR18,UK,Manchester,CUST4414,PROD266,Mobile,Samsung Galaxy S23,Lenovo,3,189.37,0.1,0.18,603.33,Debit Card,Online,EMP666,0,1,Standard,7,GBP
ORD115039,02-02-2024,BR20,UK,Birmingham,CUST8193,PROD142,Laptop,MacBook Air M2,Dell,1,1193.3,0.12,0.18,1239.12,Credit Card,Online,EMP998,2,1,Express,1,EUR
ORD115040,29-06-2023,BR85,USA,Chicago,CUST2525,PROD332,TV,Samsung QLED 50,HP,5,1707.5,0,0.18,10074.25,UPI,In-Store,EMP974,0,1,Standard,2,GBP
ORD115041,11-10-2024,BR102,USA,New York,CUST9441,PROD214,Laptop,Dell XPS 13,OnePlus,5,1141.22,0,0.18,6733.2,UPI,Online,EMP749,2,1,Express,10,GBP
ORD115042,26-04-2023,BR85,Germany,Munich,CUST8959,PROD850,Mobile,iPhone 14,Dell,3,1015.97,0.05,0.18,3416.71,UPI,In-Store,EMP611,1,0,Express,9,INR
ORD115043,31-01-2024,BR30,India,Bangalore,CUST8363,PROD679,Tablet,iPad Air,Lenovo,1,1522.56,0.13,0.18,1563.06,Cash,Online,EMP816,0,1,Standard,9,GBP
ORD115044,24-07-2024,BR36,Germany,Berlin,CUST9071,PROD220,Tablet,Lenovo Tab P11,Samsung,2,1955.95,0.09,0.18,4200.6,Cash,Online,EMP821,2,0,Express,6,GBP
ORD115045,26-06-2023,BR83,Germany,Berlin,CUST3297,PROD712,Accessories,Bluetooth Headphones,LG,5,370.94,0.17,0.18,1816.49,Credit Card,In-Store,EMP397,2,0,Express,2,USD
ORD115046,19-05-2024,BR86,Germany,Berlin,CUST9682,PROD546,Laptop,MacBook Air M2,Sony,4,1259.49,0.16,0.18,4993.63,Net Banking,In-Store,EMP204,3,0,Standard,2,AED
ORD115047,08-01-2023,BR17,UK,Manchester,CUST4186,PROD242,TV,Samsung QLED 50,Samsung,1,680.95,0.05,0.18,763.34,Net Banking,In-Store,EMP840,0,1,Standard,10,INR
ORD115048,10-11-2023,BR35,USA,Chicago,CUST7245,PROD815,Laptop,MacBook Air M2,HP,1,170.93,0.16,0.18,169.43,Credit Card,In-Store,EMP966,3,0,Same Day,6,GBP
ORD115049,03-09-2024,BR31,Germany,Berlin,CUST9208,PROD551,Accessories,Bluetooth Headphones,OnePlus,2,1324.45,0.13,0.18,2719.36,Debit Card,In-Store,EMP226,3,1,Standard,8,USD
ORD115050,15-02-2024,BR86,UK,Birmingham,CUST3937,PROD471,Tablet,Samsung Galaxy Tab,Lenovo,5,102.31,0.25,0.18,452.72,Net Banking,In-Store,EMP990,3,0,Standard,10,EUR
ORD115051,18-08-2023,BR99,UK,Birmingham,CUST7426,PROD199,Laptop,Dell XPS 13,Sony,2,1487.35,0.18,0.18,2878.32,UPI,In-Store,EMP624,2,0,Express,5,GBP
ORD115052,11-05-2024,BR114,India,Mumbai,CUST7506,PROD105,Tablet,iPad Air,LG,4,1552.14,0.01,0.18,7252.84,Debit Card,Online,EMP746,3,1,Standard,10,INR
ORD115053,20-01-2023,BR24,Germany,Berlin,CUST7667,PROD582,Accessories,Keyboard,HP,5,1540.09,0.03,0.18,8813.94,Credit Card,Online,EMP397,3,0,Standard,7,AED
ORD115054,24-06-2024,BR27,USA,Dallas,CUST6988,PROD541,Tablet,iPad Air,LG,2,1657.53,0.26,0.18,2894.71,Debit Card,In-Store,EMP540,2,1,Express,9,INR
ORD115055,18-06-2023,BR3,USA,Los Angeles,CUST1679,PROD403,TV,Samsung QLED 50,Apple,3,553.87,0.01,0.18,1941.09,UPI,In-Store,EMP853,0,0,Express,2,AED
ORD115056,06-11-2023,BR95,USA,Los Angeles,CUST1791,PROD759,Accessories,Wireless Mouse,OnePlus,1,1885.01,0.2,0.18,1779.45,Cash,In-Store,EMP613,2,0,Express,9,GBP
ORD115057,15-07-2023,BR97,USA,New York,CUST5951,PROD295,Accessories,Bluetooth Headphones,HP,2,1056.01,0.21,0.18,1968.83,UPI,In-Store,EMP459,3,1,Standard,6,AED
ORD115058,09-12-2024,BR60,UAE,Abu Dhabi,CUST7529,PROD456,Tablet,iPad Air,HP,2,1389.5,0.3,0.18,2295.45,Debit Card,Online,EMP588,3,0,Same Day,4,INR
ORD115059,21-11-2023,BR95,India,Pune,CUST5388,PROD635,Mobile,Samsung Galaxy S23,Sony,3,540.18,0.2,0.18,1529.79,Credit Card,Online,EMP960,1,0,Standard,4,INR
ORD115060,06-10-2023,BR10,USA,Los Angeles,CUST8572,PROD687,Accessories,Bluetooth Headphones,Samsung,5,1936.24,0.13,0.18,9938.72,Net Banking,Online,EMP729,3,1,Same Day,1,AED
ORD115061,18-12-2023,BR105,UK,London,CUST9534,PROD919,Tablet,Lenovo Tab P11,Dell,1,1489.66,0.27,0.18,1283.19,Debit Card,In-Store,EMP368,1,1,Standard,7,AED
ORD115062,22-03-2024,BR58,Germany,Hamburg,CUST6957,PROD317,Tablet,Lenovo Tab P11,Dell,3,1226.44,0.02,0.18,4254.77,UPI,Online,EMP799,1,1,Same Day,9,USD
ORD115063,03-09-2023,BR94,USA,Los Angeles,CUST6347,PROD957,Accessories,Bluetooth Headphones,OnePlus,5,340.87,0.27,0.18,1468.13,Cash,In-Store,EMP389,3,0,Express,5,INR
ORD115064,05-01-2024,BR106,UK,Manchester,CUST9575,PROD592,TV,Sony Bravia 55,LG,2,1623.88,0.16,0.18,3219.18,Credit Card,In-Store,EMP312,1,0,Express,6,AED
ORD115065,15-01-2024,BR119,India,Delhi,CUST3856,PROD294,Tablet,iPad Air,HP,5,300.67,0.1,0.18,1596.56,Debit Card,In-Store,EMP917,0,1,Same Day,5,INR
ORD115066,02-06-2023,BR110,UK,Birmingham,CUST8092,PROD294,Tablet,iPad Air,Samsung,5,1482.45,0.03,0.18,8484.06,UPI,In-Store,EMP830,1,1,Express,9,USD
ORD115067,03-06-2023,BR81,India,Mumbai,CUST5376,PROD720,Mobile,OnePlus 11,Dell,4,1483.26,0.02,0.18,6860.97,Cash,In-Store,EMP383,3,0,Same Day,4,INR
ORD115068,19-11-2024,BR98,USA,Dallas,CUST9658,PROD230,TV,LG OLED 48,HP,5,1232.29,0.27,0.18,5307.47,Debit Card,Online,EMP683,2,0,Standard,3,USD
ORD115069,24-03-2024,BR74,UK,Birmingham,CUST4119,PROD186,Mobile,iPhone 14,Dell,2,898,0.2,0.18,1695.42,Net Banking,Online,EMP601,1,0,Standard,9,EUR
ORD115070,13-12-2023,BR58,UAE,Dubai,CUST2652,PROD937,TV,Sony Bravia 55,Samsung,3,413.33,0.1,0.18,1316.87,Net Banking,Online,EMP466,1,1,Standard,10,AED
ORD115071,09-06-2023,BR99,Germany,Hamburg,CUST9735,PROD396,Laptop,HP Spectre x360,OnePlus,5,906.58,0.29,0.18,3797.66,Debit Card,In-Store,EMP960,1,1,Same Day,8,GBP
ORD115072,08-07-2024,BR115,India,Mumbai,CUST8642,PROD278,Accessories,Bluetooth Headphones,Sony,3,1633.75,0.13,0.18,5031.62,Debit Card,Online,EMP728,3,1,Express,2,AED
ORD115073,20-05-2023,BR5,India,Mumbai,CUST9843,PROD481,Mobile,Samsung Galaxy S23,Apple,3,883.94,0.2,0.18,2503.32,Debit Card,Online,EMP965,3,0,Express,9,GBP
ORD115074,24-11-2024,BR103,UAE,Dubai,CUST9587,PROD238,Mobile,Samsung Galaxy S23,OnePlus,3,193.74,0.14,0.18,589.82,Net Banking,In-Store,EMP954,0,0,Standard,8,GBP
ORD115075,24-07-2024,BR113,Germany,Hamburg,CUST6430,PROD552,Accessories,Wireless Mouse,HP,3,532.08,0.02,0.18,1845.89,Net Banking,Online,EMP380,3,1,Express,6,AED
ORD115076,25-08-2023,BR31,UAE,Dubai,CUST8656,PROD234,Mobile,iPhone 14,Sony,1,1867.26,0.18,0.18,1806.76,Net Banking,Online,EMP739,0,1,Express,10,AED
ORD115077,11-06-2024,BR19,USA,New York,CUST9963,PROD748,Tablet,iPad Air,Apple,2,1976.9,0.25,0.18,3499.11,Credit Card,In-Store,EMP720,3,1,Same Day,10,USD
ORD115078,30-03-2023,BR34,UAE,Abu Dhabi,CUST2847,PROD906,TV,Sony Bravia 55,Sony,4,1122.99,0.01,0.18,5247.51,Debit Card,Online,EMP328,3,0,Standard,2,AED
ORD115079,04-04-2024,BR15,UK,Birmingham,CUST9694,PROD534,Mobile,OnePlus 11,Sony,4,731.78,0.23,0.18,2659.58,Cash,Online,EMP764,1,0,Express,1,AED
ORD115080,12-06-2024,BR1,Germany,Hamburg,CUST9346,PROD724,TV,Samsung QLED 50,LG,2,1164.52,0.13,0.18,2390.99,Net Banking,Online,EMP339,3,0,Standard,10,AED
ORD115081,24-04-2023,BR58,India,Mumbai,CUST9652,PROD174,TV,LG OLED 48,Lenovo,2,201.9,0.25,0.18,357.36,UPI,In-Store,EMP871,0,0,Express,2,INR
ORD115082,12-03-2024,BR21,UK,Birmingham,CUST4778,PROD262,Accessories,Keyboard,OnePlus,5,990.55,0.04,0.18,5610.48,Credit Card,Online,EMP379,2,1,Express,7,AED
ORD115083,12-02-2024,BR38,Germany,Munich,CUST4530,PROD449,Mobile,iPhone 14,LG,2,1162.25,0.03,0.18,2660.62,UPI,Online,EMP598,2,1,Same Day,9,USD
ORD115084,18-11-2023,BR107,USA,Dallas,CUST8960,PROD491,Tablet,Lenovo Tab P11,HP,2,132.13,0.24,0.18,236.99,Credit Card,Online,EMP932,1,0,Standard,7,USD
ORD115085,05-06-2023,BR75,Germany,Berlin,CUST5807,PROD884,TV,Samsung QLED 50,Sony,4,1702.2,0.17,0.18,6668.54,Cash,Online,EMP298,3,0,Standard,8,USD
ORD115086,12-11-2024,BR18,USA,Los Angeles,CUST1407,PROD863,TV,LG OLED 48,HP,1,849.96,0.05,0.18,952.81,Net Banking,In-Store,EMP930,2,1,Express,4,AED
ORD115087,31-10-2023,BR40,UK,Birmingham,CUST3211,PROD630,Laptop,Dell XPS 13,Lenovo,4,557.77,0.16,0.18,2211.45,UPI,In-Store,EMP950,0,1,Same Day,2,EUR
ORD115088,04-08-2023,BR16,UAE,Abu Dhabi,CUST2816,PROD117,Laptop,HP Spectre x360,HP,4,1398.21,0.26,0.18,4883.67,Credit Card,In-Store,EMP935,3,0,Same Day,10,USD
ORD115089,15-11-2024,BR72,UK,Manchester,CUST5796,PROD897,Mobile,Samsung Galaxy S23,OnePlus,3,1049.08,0.07,0.18,3453.78,Debit Card,Online,EMP222,2,0,Express,8,EUR
ORD115090,25-01-2023,BR118,USA,Dallas,CUST6184,PROD440,Mobile,Samsung Galaxy S23,Sony,4,222.39,0.03,0.18,1018.19,Debit Card,In-Store,EMP694,2,1,Express,3,INR
ORD115091,20-05-2024,BR112,USA,Dallas,CUST7268,PROD848,Mobile,Samsung Galaxy S23,Samsung,3,1047.26,0.07,0.18,3447.79,Net Banking,Online,EMP218,0,0,Express,2,GBP
ORD115092,07-12-2023,BR33,UK,Manchester,CUST7813,PROD728,Tablet,iPad Air,Apple,2,323.01,0.15,0.18,647.96,Cash,Online,EMP324,0,0,Express,2,USD
ORD115093,01-01-2023,BR39,USA,New York,CUST4877,PROD975,TV,Sony Bravia 55,LG,4,1084.66,0.2,0.18,4095.68,Debit Card,In-Store,EMP359,2,0,Express,4,GBP
ORD115094,13-01-2024,BR37,USA,New York,CUST1742,PROD468,Tablet,iPad Air,Sony,1,1984.45,0.04,0.18,2247.98,Credit Card,Online,EMP713,1,1,Standard,9,INR
ORD115095,18-06-2023,BR71,UK,London,CUST5130,PROD765,Tablet,Lenovo Tab P11,Lenovo,1,242.42,0.23,0.18,220.26,Cash,Online,EMP859,2,1,Express,4,INR
ORD115096,08-04-2023,BR81,UAE,Dubai,CUST4983,PROD343,Tablet,Samsung Galaxy Tab,HP,3,983.69,0.11,0.18,3099.21,Debit Card,Online,EMP550,1,1,Standard,4,GBP
ORD115097,29-11-2023,BR22,Germany,Berlin,CUST4014,PROD193,Mobile,iPhone 14,Dell,5,1948,0.27,0.18,8390.04,Credit Card,In-Store,EMP988,0,0,Standard,5,AED
ORD115098,23-12-2023,BR68,India,Bangalore,CUST1224,PROD111,Mobile,iPhone 14,Lenovo,3,897.23,0.12,0.18,2795.05,Net Banking,Online,EMP649,0,0,Same Day,7,AED
ORD115099,25-11-2023,BR87,UAE,Abu Dhabi,CUST8908,PROD740,TV,Sony Bravia 55,HP,4,818.43,0.24,0.18,2935.87,UPI,In-Store,EMP791,3,0,Express,4,AED
ORD115100,04-03-2023,BR17,USA,New York,CUST8193,PROD139,Accessories,Bluetooth Headphones,HP,2,365.1,0.16,0.18,723.77,Cash,Online,EMP476,1,1,Same Day,10,EUR
ORD115101,19-08-2024,BR82,USA,Dallas,CUST5209,PROD138,Mobile,OnePlus 11,LG,3,853.78,0.26,0.18,2236.56,Debit Card,Online,EMP215,0,1,Express,7,INR
ORD115102,05-09-2023,BR6,UK,Manchester,CUST3712,PROD893,Tablet,Samsung Galaxy Tab,Samsung,2,1365.88,0.06,0.18,3030.07,Credit Card,In-Store,EMP744,3,1,Express,10,INR
ORD115103,18-04-2024,BR3,USA,Chicago,CUST3796,PROD302,Mobile,OnePlus 11,Apple,5,1178.02,0.19,0.18,5629.76,UPI,In-Store,EMP205,3,1,Express,10,INR
ORD115104,20-09-2023,BR15,Germany,Berlin,CUST7052,PROD427,Accessories,Keyboard,Lenovo,4,786.66,0.28,0.18,2673.39,UPI,In-Store,EMP735,2,0,Same Day,2,EUR
ORD115105,24-02-2024,BR88,Germany,Munich,CUST9021,PROD850,Tablet,Samsung Galaxy Tab,Samsung,4,1023.23,0.23,0.18,3718.83,Cash,In-Store,EMP822,0,0,Standard,9,AED
ORD115106,17-07-2023,BR36,USA,New York,CUST4277,PROD665,Tablet,Samsung Galaxy Tab,Samsung,4,174.08,0.01,0.18,813.44,Debit Card,In-Store,EMP716,2,0,Standard,8,INR
ORD115107,16-11-2024,BR59,UK,Manchester,CUST9804,PROD602,Tablet,iPad Air,Dell,1,1509.01,0.17,0.18,1477.92,Debit Card,Online,EMP774,1,0,Express,6,AED
ORD115108,03-05-2024,BR83,India,Delhi,CUST2689,PROD411,Tablet,Samsung Galaxy Tab,Samsung,5,507.44,0.05,0.18,2844.2,Net Banking,In-Store,EMP433,1,1,Standard,4,GBP
ORD115109,25-06-2023,BR119,UAE,Dubai,CUST2890,PROD633,Mobile,OnePlus 11,LG,2,210.49,0.25,0.18,372.57,Credit Card,In-Store,EMP916,0,0,Express,8,INR
ORD115110,28-08-2024,BR46,Germany,Munich,CUST5808,PROD526,Mobile,Samsung Galaxy S23,Samsung,3,1131.86,0.07,0.18,3726.31,Credit Card,Online,EMP843,0,0,Same Day,6,AED
ORD115111,27-08-2023,BR79,India,Pune,CUST8043,PROD946,Accessories,Keyboard,Samsung,2,319.97,0.07,0.18,702.27,Credit Card,In-Store,EMP597,1,1,Same Day,4,INR
ORD115112,16-08-2024,BR116,UK,Manchester,CUST5331,PROD702,Tablet,Lenovo Tab P11,Dell,3,136.98,0.28,0.18,349.13,Debit Card,In-Store,EMP465,1,1,Express,5,USD
ORD115113,09-05-2024,BR51,Germany,Munich,CUST8774,PROD824,Laptop,Dell XPS 13,Lenovo,3,598.94,0.19,0.18,1717.4,Credit Card,Online,EMP554,0,1,Express,3,GBP
ORD115114,06-05-2024,BR113,USA,Chicago,CUST1744,PROD622,TV,LG OLED 48,Dell,2,1758.88,0.03,0.18,4026.43,Net Banking,Online,EMP825,3,0,Standard,9,GBP
ORD115115,26-12-2024,BR4,UAE,Dubai,CUST9406,PROD903,Laptop,HP Spectre x360,OnePlus,1,1293.27,0.27,0.18,1114.02,Debit Card,In-Store,EMP208,3,1,Express,2,GBP
ORD115116,06-08-2023,BR92,Germany,Berlin,CUST8394,PROD820,Accessories,Bluetooth Headphones,HP,4,937.21,0.16,0.18,3715.85,Net Banking,In-Store,EMP579,3,0,Express,1,GBP
ORD115117,30-04-2024,BR39,Germany,Hamburg,CUST7238,PROD867,Mobile,iPhone 14,LG,4,1741.04,0.25,0.18,6163.28,UPI,In-Store,EMP411,2,1,Same Day,10,GBP
ORD115118,22-10-2023,BR108,USA,New York,CUST2880,PROD407,Accessories,Bluetooth Headphones,Sony,1,1880.16,0.02,0.18,2174.22,Net Banking,In-Store,EMP342,1,1,Same Day,10,USD
ORD115119,16-05-2023,BR57,India,Delhi,CUST2766,PROD337,Laptop,Dell XPS 13,LG,5,1688.55,0.11,0.18,8866.58,Cash,In-Store,EMP820,2,0,Standard,1,GBP
ORD115120,25-07-2024,BR119,India,Bangalore,CUST1400,PROD690,Tablet,Lenovo Tab P11,Samsung,3,1869.84,0.28,0.18,4765.85,Cash,Online,EMP527,1,1,Same Day,2,GBP
ORD115121,17-08-2024,BR58,USA,Los Angeles,CUST9792,PROD731,Mobile,OnePlus 11,Apple,1,1458.24,0.26,0.18,1273.34,Debit Card,In-Store,EMP455,0,0,Same Day,10,INR
ORD115122,04-06-2024,BR81,Germany,Berlin,CUST3277,PROD670,Tablet,Lenovo Tab P11,Dell,2,1032.59,0.07,0.18,2266.33,Cash,In-Store,EMP652,3,0,Same Day,6,EUR
ORD115123,17-05-2024,BR57,UK,London,CUST5322,PROD478,Accessories,Wireless Mouse,LG,5,1214.6,0.29,0.18,5087.96,UPI,In-Store,EMP272,0,0,Same Day,3,AED
ORD115124,18-01-2024,BR104,UAE,Abu Dhabi,CUST9597,PROD294,Laptop,MacBook Air M2,Apple,4,1105.13,0.17,0.18,4329.46,Cash,In-Store,EMP695,1,0,Same Day,10,AED
ORD115125,05-10-2023,BR37,UAE,Abu Dhabi,CUST6669,PROD119,Mobile,Samsung Galaxy S23,Apple,1,1826.09,0.02,0.18,2111.69,Cash,In-Store,EMP706,3,1,Standard,10,INR
ORD115126,15-05-2023,BR60,USA,Dallas,CUST7878,PROD297,Tablet,Samsung Galaxy Tab,HP,5,1300.76,0.05,0.18,7290.76,Net Banking,Online,EMP502,0,1,Standard,7,GBP
ORD115127,17-04-2023,BR22,Germany,Hamburg,CUST4665,PROD513,TV,LG OLED 48,Samsung,4,173.74,0.29,0.18,582.24,UPI,Online,EMP550,1,0,Express,5,EUR
ORD115128,30-11-2024,BR114,India,Pune,CUST2637,PROD761,Laptop,MacBook Air M2,Apple,3,512.55,0.16,0.18,1524.12,Debit Card,In-Store,EMP749,2,1,Same Day,3,USD
ORD115129,23-05-2023,BR106,UK,London,CUST4059,PROD199,TV,LG OLED 48,Sony,1,625.44,0.2,0.18,590.42,Credit Card,Online,EMP671,2,1,Express,5,USD
ORD115130,21-09-2023,BR97,USA,Los Angeles,CUST7164,PROD616,Mobile,OnePlus 11,OnePlus,4,1019.81,0.09,0.18,4380.29,Cash,In-Store,EMP719,0,1,Express,9,EUR
ORD115131,05-04-2024,BR82,India,Pune,CUST5616,PROD418,Tablet,Lenovo Tab P11,Lenovo,4,1062.23,0.26,0.18,3710.16,Credit Card,In-Store,EMP628,2,0,Same Day,1,EUR
ORD115132,20-10-2024,BR28,UAE,Abu Dhabi,CUST7492,PROD891,Tablet,Samsung Galaxy Tab,OnePlus,4,919.21,0.03,0.18,4208.51,Net Banking,Online,EMP535,2,1,Express,2,GBP
ORD115133,04-04-2023,BR95,UK,London,CUST5926,PROD762,Accessories,Bluetooth Headphones,HP,1,1454.66,0.23,0.18,1321.7,Debit Card,Online,EMP843,1,0,Same Day,6,EUR
ORD115134,29-05-2024,BR95,USA,New York,CUST8118,PROD189,Laptop,MacBook Air M2,Samsung,4,1197.39,0.07,0.18,5256.06,UPI,In-Store,EMP447,3,0,Standard,7,INR
ORD115135,07-11-2023,BR98,Germany,Hamburg,CUST5551,PROD278,Laptop,HP Spectre x360,Apple,2,1760.49,0.11,0.18,3697.73,UPI,Online,EMP304,1,1,Standard,2,EUR
ORD115136,18-06-2023,BR14,Germany,Berlin,CUST1827,PROD600,Laptop,MacBook Air M2,Apple,2,469.1,0.21,0.18,874.59,UPI,In-Store,EMP712,0,1,Same Day,2,EUR
ORD115137,09-10-2023,BR94,India,Delhi,CUST7198,PROD484,TV,Samsung QLED 50,LG,4,147.8,0.12,0.18,613.9,Debit Card,In-Store,EMP851,1,0,Express,8,AED
ORD115138,30-08-2024,BR49,Germany,Berlin,CUST9090,PROD263,TV,Sony Bravia 55,Apple,3,86.36,0.01,0.18,302.66,Cash,In-Store,EMP615,0,0,Express,5,GBP
ORD115139,02-05-2023,BR62,UAE,Abu Dhabi,CUST3036,PROD266,Accessories,Bluetooth Headphones,Samsung,2,1730.2,0.29,0.18,2899.12,UPI,In-Store,EMP716,1,1,Same Day,1,GBP
ORD115140,08-07-2023,BR18,India,Bangalore,CUST4839,PROD887,TV,Samsung QLED 50,Samsung,2,256.82,0.01,0.18,600.03,Credit Card,In-Store,EMP445,1,0,Standard,7,EUR
ORD115141,07-04-2024,BR101,USA,Chicago,CUST6493,PROD903,Mobile,Samsung Galaxy S23,Dell,1,1443.58,0.11,0.18,1516.05,UPI,In-Store,EMP491,0,0,Same Day,9,USD
ORD115142,09-07-2023,BR9,USA,Dallas,CUST2484,PROD432,Laptop,MacBook Air M2,LG,4,1821.16,0.18,0.18,7048.62,UPI,In-Store,EMP228,1,1,Express,2,USD
ORD115143,17-11-2024,BR34,UAE,Abu Dhabi,CUST7896,PROD454,TV,LG OLED 48,Samsung,3,1838.18,0.09,0.18,5921.51,UPI,In-Store,EMP915,3,0,Same Day,10,USD
ORD115144,13-01-2024,BR36,USA,New York,CUST1975,PROD742,Laptop,HP Spectre x360,HP,1,1183.69,0.2,0.18,1117.4,Net Banking,Online,EMP880,0,0,Standard,10,AED
ORD115145,04-12-2024,BR42,UK,Manchester,CUST8057,PROD197,Accessories,Wireless Mouse,Apple,2,342.23,0.16,0.18,678.44,UPI,In-Store,EMP300,0,1,Standard,5,AED
ORD115146,19-09-2023,BR68,India,Bangalore,CUST1674,PROD998,Laptop,MacBook Air M2,HP,5,1341.17,0.29,0.18,5618.16,Credit Card,Online,EMP534,0,1,Standard,10,GBP
ORD115147,11-08-2024,BR58,UAE,Dubai,CUST5239,PROD730,Mobile,Samsung Galaxy S23,Apple,1,1311.76,0.16,0.18,1300.22,Cash,In-Store,EMP816,3,1,Same Day,4,GBP
ORD115148,20-12-2023,BR52,UAE,Dubai,CUST5579,PROD520,Tablet,Lenovo Tab P11,Samsung,4,1820.57,0.21,0.18,6788.54,Credit Card,In-Store,EMP842,1,1,Same Day,2,EUR
ORD115149,28-06-2024,BR79,Germany,Berlin,CUST8611,PROD742,TV,LG OLED 48,OnePlus,5,926.05,0.09,0.18,4971.96,Credit Card,Online,EMP674,2,0,Standard,6,USD
ORD115150,28-07-2024,BR78,UK,London,CUST4358,PROD236,Laptop,Dell XPS 13,OnePlus,2,119.4,0.03,0.18,273.33,Cash,Online,EMP232,3,1,Same Day,8,USD
ORD115151,25-03-2024,BR30,USA,Dallas,CUST4474,PROD168,Tablet,Samsung Galaxy Tab,LG,5,65.32,0.08,0.18,354.56,UPI,In-Store,EMP907,3,1,Same Day,1,USD
ORD115152,19-02-2024,BR45,Germany,Berlin,CUST8362,PROD725,Laptop,MacBook Air M2,HP,3,743.03,0.01,0.18,2604.02,UPI,In-Store,EMP490,1,1,Standard,7,EUR
ORD115153,23-06-2023,BR50,Germany,Berlin,CUST2787,PROD744,Tablet,iPad Air,Samsung,4,1194.16,0.19,0.18,4565.51,UPI,In-Store,EMP525,3,0,Same Day,6,INR
ORD115154,10-04-2023,BR24,UAE,Dubai,CUST5356,PROD322,Laptop,MacBook Air M2,LG,5,466.53,0.05,0.18,2614.9,Cash,In-Store,EMP577,0,0,Same Day,4,EUR
ORD115155,21-10-2023,BR9,India,Pune,CUST9692,PROD250,Tablet,Lenovo Tab P11,LG,4,1892.38,0.21,0.18,7056.31,Cash,In-Store,EMP929,2,0,Same Day,7,INR
ORD115156,31-03-2024,BR96,USA,New York,CUST4036,PROD447,Tablet,Samsung Galaxy Tab,Lenovo,4,426.81,0.07,0.18,1873.53,Net Banking,In-Store,EMP464,1,1,Same Day,8,USD
ORD115157,27-09-2023,BR46,India,Delhi,CUST6935,PROD292,TV,Samsung QLED 50,Dell,3,530.52,0.07,0.18,1746.58,Net Banking,In-Store,EMP798,0,0,Same Day,5,AED
ORD115158,02-01-2024,BR49,USA,Chicago,CUST1341,PROD195,Tablet,Lenovo Tab P11,Samsung,4,776.29,0.16,0.18,3077.83,Cash,In-Store,EMP343,0,1,Express,4,INR
ORD115159,09-03-2024,BR64,Germany,Berlin,CUST3843,PROD763,Accessories,Wireless Mouse,Sony,4,1461.4,0.16,0.18,5794.16,UPI,Online,EMP848,2,0,Same Day,9,AED
ORD115160,17-02-2023,BR63,USA,Chicago,CUST4381,PROD268,Laptop,HP Spectre x360,OnePlus,2,1951.63,0.26,0.18,3408.33,Net Banking,In-Store,EMP695,3,1,Same Day,10,GBP
ORD115161,28-01-2023,BR80,USA,New York,CUST5340,PROD182,Laptop,HP Spectre x360,LG,3,1195.18,0.13,0.18,3680.92,Net Banking,Online,EMP394,3,1,Same Day,7,EUR
ORD115162,23-12-2023,BR20,Germany,Berlin,CUST4689,PROD247,Mobile,Samsung Galaxy S23,Dell,2,1923.94,0.25,0.18,3405.37,Net Banking,Online,EMP620,3,1,Express,7,GBP
ORD115163,02-08-2024,BR66,Germany,Berlin,CUST1670,PROD346,Mobile,OnePlus 11,LG,3,1733.2,0.23,0.18,4724.36,Credit Card,Online,EMP410,3,0,Standard,7,EUR
ORD115164,11-08-2024,BR108,UK,London,CUST9461,PROD308,Accessories,Wireless Mouse,OnePlus,3,1548.46,0.1,0.18,4933.39,Credit Card,In-Store,EMP711,0,1,Express,5,EUR
ORD115165,05-06-2023,BR46,Germany,Berlin,CUST2516,PROD915,Tablet,iPad Air,Lenovo,3,464.6,0.27,0.18,1200.62,UPI,In-Store,EMP466,0,0,Express,2,AED
ORD115166,11-06-2023,BR118,UK,Birmingham,CUST8425,PROD857,TV,Sony Bravia 55,Samsung,2,588.05,0.2,0.18,1110.24,Net Banking,In-Store,EMP717,1,1,Express,4,EUR
ORD115167,01-10-2024,BR92,Germany,Berlin,CUST8698,PROD137,Accessories,Wireless Mouse,OnePlus,2,597.01,0.11,0.18,1253.96,Debit Card,Online,EMP978,0,0,Standard,3,EUR
ORD115168,16-03-2024,BR62,Germany,Munich,CUST5278,PROD638,Accessories,Keyboard,Dell,3,1247.26,0.25,0.18,3311.48,Debit Card,Online,EMP223,0,0,Same Day,2,AED
ORD115169,05-05-2023,BR36,Germany,Munich,CUST4765,PROD730,Accessories,Bluetooth Headphones,Lenovo,5,270.18,0.05,0.18,1514.36,Net Banking,In-Store,EMP733,2,0,Express,8,EUR
ORD115170,13-04-2024,BR32,UK,London,CUST4683,PROD472,Laptop,HP Spectre x360,HP,5,1619.26,0.01,0.18,9458.1,Cash,Online,EMP706,1,0,Same Day,5,USD
ORD115171,07-08-2024,BR104,UAE,Abu Dhabi,CUST9873,PROD559,Accessories,Wireless Mouse,Apple,3,951.15,0.04,0.18,3232.39,Credit Card,In-Store,EMP979,0,1,Express,6,INR
ORD115172,28-09-2024,BR116,USA,Chicago,CUST2322,PROD220,Tablet,iPad Air,Samsung,5,1315.95,0.08,0.18,7142.98,Debit Card,Online,EMP743,2,1,Same Day,7,AED
ORD115173,18-10-2023,BR90,Germany,Berlin,CUST7773,PROD585,Accessories,Keyboard,Samsung,2,1900.1,0.07,0.18,4170.34,Credit Card,Online,EMP986,2,0,Express,4,GBP
ORD115174,11-05-2024,BR58,Germany,Hamburg,CUST2326,PROD168,TV,Sony Bravia 55,Apple,3,573.38,0.29,0.18,1441.13,Cash,In-Store,EMP561,0,1,Express,2,EUR
ORD115175,23-09-2023,BR52,USA,Chicago,CUST7050,PROD322,Mobile,Samsung Galaxy S23,OnePlus,2,1260.24,0.06,0.18,2795.72,Cash,Online,EMP564,3,1,Express,10,USD
ORD115176,18-09-2024,BR111,UAE,Abu Dhabi,CUST7901,PROD515,TV,LG OLED 48,Apple,4,470.59,0.2,0.18,1776.95,UPI,In-Store,EMP657,0,0,Express,3,USD
ORD115177,25-06-2024,BR50,India,Bangalore,CUST6999,PROD141,Laptop,HP Spectre x360,Sony,1,317.04,0,0.18,374.11,Net Banking,Online,EMP420,1,0,Same Day,9,GBP
ORD115178,08-02-2024,BR51,Germany,Munich,CUST7153,PROD802,Accessories,Keyboard,LG,3,1809.19,0,0.18,6404.53,Credit Card,Online,EMP494,2,1,Standard,3,AED
ORD115179,11-01-2024,BR36,UAE,Dubai,CUST4625,PROD356,Mobile,Samsung Galaxy S23,LG,1,1236.13,0.24,0.18,1108.56,Debit Card,Online,EMP346,0,1,Same Day,8,AED
ORD115180,29-06-2024,BR64,UAE,Abu Dhabi,CUST5727,PROD802,Laptop,Dell XPS 13,HP,1,474.98,0.09,0.18,510.03,Credit Card,Online,EMP373,3,1,Express,2,GBP
ORD115181,11-10-2024,BR16,UAE,Abu Dhabi,CUST6138,PROD671,Tablet,iPad Air,LG,5,1664.42,0.26,0.18,7266.86,Debit Card,In-Store,EMP619,0,1,Express,2,USD
ORD115182,03-09-2024,BR18,UK,London,CUST2959,PROD235,TV,LG OLED 48,OnePlus,1,958.64,0.1,0.18,1018.08,Credit Card,Online,EMP911,1,1,Standard,8,GBP
ORD115183,10-07-2023,BR99,India,Pune,CUST3438,PROD835,Tablet,iPad Air,Dell,4,1180.11,0.16,0.18,4678.9,Debit Card,In-Store,EMP886,1,1,Same Day,6,AED
ORD115184,15-01-2023,BR31,Germany,Munich,CUST4110,PROD822,Tablet,iPad Air,Dell,3,1820.07,0.06,0.18,6056.46,Debit Card,In-Store,EMP557,3,0,Standard,5,INR
ORD115185,10-12-2024,BR87,India,Pune,CUST6838,PROD376,TV,Sony Bravia 55,LG,4,832.8,0.21,0.18,3105.34,Credit Card,In-Store,EMP317,0,1,Express,6,GBP
ORD115186,13-04-2024,BR54,India,Delhi,CUST3746,PROD411,Tablet,Samsung Galaxy Tab,OnePlus,1,1909.46,0.18,0.18,1847.59,Cash,In-Store,EMP876,2,0,Same Day,6,USD
ORD115187,05-12-2024,BR8,Germany,Berlin,CUST6799,PROD557,Accessories,Wireless Mouse,HP,5,1365.51,0.07,0.18,7492.55,UPI,In-Store,EMP929,3,1,Standard,3,AED
ORD115188,08-11-2024,BR9,USA,New York,CUST8456,PROD513,TV,LG OLED 48,Dell,3,74.16,0.04,0.18,252.03,UPI,In-Store,EMP966,1,1,Standard,2,GBP
ORD115189,10-05-2024,BR72,UAE,Abu Dhabi,CUST3619,PROD823,Accessories,Wireless Mouse,Samsung,1,1074.77,0.19,0.18,1027.27,Credit Card,Online,EMP368,1,1,Same Day,1,USD
ORD115190,18-07-2023,BR94,Germany,Hamburg,CUST3408,PROD183,TV,LG OLED 48,OnePlus,3,710.72,0.19,0.18,2037.92,Debit Card,Online,EMP627,1,0,Express,3,INR
ORD115191,21-02-2024,BR24,Germany,Berlin,CUST9284,PROD703,Mobile,Samsung Galaxy S23,HP,5,1213.18,0.03,0.18,6943.03,Debit Card,Online,EMP419,3,1,Express,1,INR
ORD115192,02-09-2023,BR114,USA,Dallas,CUST7181,PROD771,Mobile,iPhone 14,OnePlus,1,1229.87,0.03,0.18,1407.71,Cash,Online,EMP396,3,1,Express,3,EUR
ORD115193,13-04-2024,BR7,Germany,Munich,CUST2005,PROD134,Accessories,Bluetooth Headphones,Sony,3,268.23,0.29,0.18,674.17,Credit Card,In-Store,EMP513,0,1,Express,9,AED
ORD115194,13-10-2023,BR119,UK,Manchester,CUST5020,PROD912,Laptop,MacBook Air M2,Samsung,5,690.44,0.13,0.18,3544.03,UPI,In-Store,EMP948,0,0,Same Day,4,USD
ORD115195,06-02-2023,BR17,UK,Manchester,CUST8545,PROD822,Mobile,Samsung Galaxy S23,Sony,2,1227.68,0.11,0.18,2578.62,Debit Card,In-Store,EMP207,1,1,Same Day,4,USD
ORD115196,13-04-2023,BR61,UAE,Abu Dhabi,CUST7587,PROD382,Mobile,OnePlus 11,LG,1,427.49,0.22,0.18,393.46,Cash,In-Store,EMP544,3,1,Standard,2,GBP
ORD115197,14-12-2023,BR28,India,Mumbai,CUST8872,PROD398,Tablet,Lenovo Tab P11,Samsung,3,1243.82,0.27,0.18,3214.28,UPI,In-Store,EMP644,2,1,Standard,8,EUR
ORD115198,22-03-2024,BR15,UK,Manchester,CUST8031,PROD983,Laptop,HP Spectre x360,Samsung,4,674.27,0.17,0.18,2641.52,UPI,Online,EMP832,1,0,Same Day,7,EUR
ORD115199,12-06-2023,BR18,Germany,Berlin,CUST4832,PROD666,TV,LG OLED 48,Apple,3,1622.88,0.07,0.18,5342.85,Credit Card,Online,EMP488,3,0,Same Day,3,AED
ORD115200,01-05-2024,BR82,UK,London,CUST7029,PROD325,Accessories,Bluetooth Headphones,Lenovo,3,1785.23,0.21,0.18,4992.57,UPI,Online,EMP843,3,0,Standard,9,USD
ORD115201,06-08-2023,BR81,Germany,Munich,CUST8432,PROD507,Mobile,Samsung Galaxy S23,Apple,3,507.11,0.15,0.18,1525.89,UPI,In-Store,EMP447,3,0,Express,1,INR
ORD115202,18-02-2023,BR106,Germany,Munich,CUST6500,PROD218,TV,LG OLED 48,Apple,2,1779.5,0.28,0.18,3023.73,UPI,Online,EMP745,2,0,Standard,10,GBP
ORD115203,23-05-2023,BR80,UK,London,CUST8316,PROD281,Tablet,Lenovo Tab P11,Lenovo,4,752.29,0.13,0.18,3089.2,Credit Card,In-Store,EMP445,3,1,Express,9,EUR
ORD115204,07-03-2024,BR37,UAE,Dubai,CUST7805,PROD942,Mobile,OnePlus 11,Apple,4,700.68,0.1,0.18,2976.49,Debit Card,In-Store,EMP863,0,0,Same Day,9,AED
ORD115205,12-02-2024,BR104,USA,Los Angeles,CUST7816,PROD170,TV,Sony Bravia 55,OnePlus,3,351.24,0.04,0.18,1193.65,UPI,In-Store,EMP901,2,1,Express,4,EUR
ORD115206,02-10-2024,BR70,Germany,Berlin,CUST6701,PROD741,Tablet,Samsung Galaxy Tab,OnePlus,3,1407.41,0.24,0.18,3786.5,Net Banking,Online,EMP780,0,1,Express,3,USD
ORD115207,13-02-2023,BR113,UK,Manchester,CUST8039,PROD534,Tablet,iPad Air,Samsung,2,1644.84,0.29,0.18,2756.09,Credit Card,In-Store,EMP988,0,0,Standard,5,AED
ORD115208,11-06-2024,BR75,India,Pune,CUST3790,PROD983,Tablet,Samsung Galaxy Tab,Dell,1,97.94,0.11,0.18,102.86,Credit Card,In-Store,EMP914,2,0,Standard,3,AED
ORD115209,13-06-2024,BR33,UK,Manchester,CUST8368,PROD357,Mobile,OnePlus 11,Lenovo,1,902.59,0.05,0.18,1011.8,Cash,Online,EMP275,3,0,Standard,9,AED
ORD115210,23-10-2023,BR78,India,Delhi,CUST4043,PROD617,Accessories,Bluetooth Headphones,Dell,2,1103.49,0.04,0.18,2500.07,Credit Card,In-Store,EMP576,1,1,Standard,7,USD
ORD115211,14-08-2024,BR107,Germany,Hamburg,CUST6450,PROD812,Laptop,HP Spectre x360,OnePlus,2,870.19,0.03,0.18,1992.04,Net Banking,Online,EMP295,0,0,Standard,2,AED
ORD115212,16-02-2024,BR52,UK,Manchester,CUST7572,PROD635,Laptop,HP Spectre x360,OnePlus,4,1625.23,0.09,0.18,6980.69,Debit Card,Online,EMP719,0,1,Express,10,USD
ORD115213,06-03-2024,BR99,India,Bangalore,CUST5276,PROD247,Tablet,Lenovo Tab P11,Dell,3,367.49,0.19,0.18,1053.74,Credit Card,Online,EMP795,0,1,Same Day,2,USD
ORD115214,24-08-2023,BR6,Germany,Munich,CUST2891,PROD680,Mobile,Samsung Galaxy S23,Samsung,2,408.59,0.22,0.18,752.13,Debit Card,Online,EMP276,2,1,Express,1,AED
ORD115215,22-04-2023,BR93,India,Pune,CUST6612,PROD107,Mobile,iPhone 14,HP,1,309.22,0.26,0.18,270.01,Debit Card,In-Store,EMP705,1,0,Standard,6,EUR
ORD115216,02-07-2023,BR12,UAE,Abu Dhabi,CUST7518,PROD376,Tablet,Lenovo Tab P11,HP,2,940.48,0.29,0.18,1575.87,Credit Card,In-Store,EMP553,3,1,Standard,6,EUR
ORD115217,30-07-2024,BR111,UAE,Abu Dhabi,CUST3665,PROD969,TV,Samsung QLED 50,Sony,3,1779.2,0.13,0.18,5479.58,Net Banking,In-Store,EMP597,2,0,Standard,10,USD
ORD115218,26-08-2024,BR116,USA,Dallas,CUST7961,PROD734,Mobile,iPhone 14,Apple,1,665.27,0.12,0.18,690.82,Cash,In-Store,EMP424,0,0,Express,6,EUR
ORD115219,07-12-2024,BR9,Germany,Berlin,CUST6253,PROD966,Mobile,OnePlus 11,LG,2,1780.74,0.25,0.18,3151.91,Net Banking,In-Store,EMP857,0,1,Express,4,GBP
ORD115220,24-05-2024,BR120,India,Pune,CUST4610,PROD315,Accessories,Wireless Mouse,Lenovo,4,1119.97,0.11,0.18,4704.77,Cash,In-Store,EMP816,1,1,Express,2,AED
ORD115221,05-06-2024,BR58,India,Pune,CUST4323,PROD898,Laptop,HP Spectre x360,OnePlus,4,217.13,0.06,0.18,963.36,UPI,In-Store,EMP578,0,1,Same Day,3,USD
ORD115222,07-10-2024,BR80,UK,Manchester,CUST1061,PROD456,Accessories,Bluetooth Headphones,Lenovo,1,1569.43,0.03,0.18,1796.37,Credit Card,Online,EMP464,0,0,Standard,8,INR
ORD115223,22-02-2024,BR91,Germany,Munich,CUST7451,PROD397,Accessories,Bluetooth Headphones,Dell,1,1471.94,0.2,0.18,1389.51,Net Banking,In-Store,EMP640,2,0,Standard,4,INR
ORD115224,01-10-2023,BR107,UAE,Dubai,CUST9806,PROD326,Tablet,iPad Air,Lenovo,2,1224.11,0.21,0.18,2282.23,UPI,In-Store,EMP365,3,0,Standard,3,GBP
ORD115225,29-02-2024,BR45,USA,Chicago,CUST6503,PROD863,TV,Samsung QLED 50,Lenovo,2,1894.86,0.13,0.18,3890.53,Cash,In-Store,EMP950,0,1,Express,1,INR
ORD115226,17-12-2023,BR36,UAE,Abu Dhabi,CUST1010,PROD838,Accessories,Wireless Mouse,Samsung,5,782.03,0.05,0.18,4383.28,Net Banking,Online,EMP984,0,1,Same Day,1,USD
ORD115227,04-01-2023,BR41,USA,Chicago,CUST6610,PROD543,TV,Samsung QLED 50,HP,4,1118.15,0.28,0.18,3799.92,Debit Card,Online,EMP395,0,0,Same Day,8,INR
ORD115228,26-12-2023,BR19,UK,London,CUST6885,PROD580,Mobile,iPhone 14,Lenovo,3,1617.45,0.14,0.18,4924.16,Cash,Online,EMP878,2,1,Same Day,8,GBP
ORD115229,19-04-2023,BR96,UK,Birmingham,CUST7544,PROD506,TV,LG OLED 48,Dell,3,1507.93,0.2,0.18,4270.46,Credit Card,Online,EMP681,0,1,Express,1,USD
ORD115230,26-03-2023,BR49,Germany,Munich,CUST1287,PROD269,Mobile,iPhone 14,Lenovo,2,1623.84,0.13,0.18,3334.07,UPI,Online,EMP426,0,1,Same Day,2,USD
ORD115231,11-03-2024,BR85,USA,Chicago,CUST4056,PROD541,Tablet,Lenovo Tab P11,Dell,3,1065.14,0.11,0.18,3355.83,Debit Card,In-Store,EMP809,2,1,Same Day,7,EUR
ORD115232,14-03-2024,BR65,UAE,Dubai,CUST3879,PROD755,Mobile,Samsung Galaxy S23,OnePlus,5,1588.24,0.09,0.18,8527.26,UPI,In-Store,EMP847,1,0,Same Day,5,INR
ORD115233,27-06-2024,BR19,Germany,Munich,CUST6281,PROD276,Accessories,Wireless Mouse,Samsung,2,576.84,0.16,0.18,1143.53,Debit Card,Online,EMP204,3,0,Express,1,AED
ORD115234,14-07-2024,BR1,UAE,Abu Dhabi,CUST9799,PROD846,Laptop,HP Spectre x360,Sony,2,51.54,0.09,0.18,110.69,Net Banking,Online,EMP343,3,1,Same Day,1,GBP
ORD115235,27-03-2024,BR33,India,Bangalore,CUST5111,PROD727,TV,LG OLED 48,LG,3,1175.49,0.08,0.18,3828.34,Net Banking,In-Store,EMP932,3,1,Standard,5,USD
ORD115236,19-07-2024,BR93,USA,New York,CUST1941,PROD322,Mobile,iPhone 14,OnePlus,3,1558.03,0,0.18,5515.43,UPI,Online,EMP620,3,0,Same Day,7,INR
ORD115237,04-10-2023,BR17,Germany,Berlin,CUST9800,PROD318,Laptop,MacBook Air M2,LG,2,408.45,0.25,0.18,722.96,Net Banking,In-Store,EMP307,1,1,Express,6,AED
ORD115238,28-12-2023,BR36,India,Pune,CUST4061,PROD105,Accessories,Bluetooth Headphones,OnePlus,4,209.78,0.09,0.18,901.05,Cash,Online,EMP637,1,0,Same Day,5,EUR
ORD115239,03-01-2023,BR85,UAE,Abu Dhabi,CUST6882,PROD776,Mobile,Samsung Galaxy S23,Samsung,2,1096.59,0.06,0.18,2432.68,Debit Card,In-Store,EMP350,1,1,Same Day,7,USD
ORD115240,18-06-2023,BR34,Germany,Hamburg,CUST4991,PROD640,Mobile,iPhone 14,Lenovo,2,1747.73,0.23,0.18,3175.97,Debit Card,In-Store,EMP325,3,1,Express,3,GBP
ORD115241,02-11-2023,BR101,UK,Birmingham,CUST3674,PROD860,Laptop,MacBook Air M2,Apple,4,269.67,0.06,0.18,1196.47,Net Banking,Online,EMP346,1,1,Express,6,INR
ORD115242,25-09-2024,BR42,USA,Chicago,CUST2188,PROD605,Tablet,iPad Air,Lenovo,4,1602.99,0.04,0.18,7263.47,UPI,In-Store,EMP457,0,0,Express,9,AED
ORD115243,02-02-2023,BR56,UAE,Dubai,CUST7785,PROD125,Mobile,Samsung Galaxy S23,Samsung,3,440.67,0.04,0.18,1497.57,UPI,Online,EMP225,1,0,Same Day,10,EUR
ORD115244,05-10-2024,BR95,UAE,Dubai,CUST5635,PROD905,Laptop,HP Spectre x360,Samsung,5,1785.18,0.28,0.18,7583.44,UPI,Online,EMP949,1,0,Express,1,EUR
ORD115245,14-11-2023,BR10,India,Bangalore,CUST1522,PROD307,Mobile,iPhone 14,Dell,4,481.47,0.11,0.18,2022.56,Credit Card,Online,EMP459,0,0,Same Day,8,USD
ORD115246,09-02-2024,BR13,Germany,Munich,CUST7599,PROD397,Laptop,Dell XPS 13,Samsung,1,544.19,0.14,0.18,552.24,Debit Card,In-Store,EMP469,0,1,Standard,2,EUR
ORD115247,01-04-2023,BR85,Germany,Berlin,CUST3927,PROD473,Accessories,Wireless Mouse,Sony,3,1579.12,0.11,0.18,4975.18,Net Banking,Online,EMP699,1,1,Standard,8,USD
ORD115248,13-02-2023,BR44,UAE,Abu Dhabi,CUST5712,PROD255,TV,Samsung QLED 50,Lenovo,2,564.65,0.1,0.18,1199.32,Cash,Online,EMP226,2,0,Standard,5,EUR
ORD115249,30-07-2024,BR81,Germany,Munich,CUST6780,PROD664,Laptop,Dell XPS 13,OnePlus,1,1347.52,0.12,0.18,1399.26,Net Banking,Online,EMP840,2,1,Standard,5,EUR
ORD115250,16-04-2024,BR118,Germany,Hamburg,CUST4646,PROD923,TV,LG OLED 48,Sony,1,418.82,0.07,0.18,459.61,Net Banking,Online,EMP602,3,1,Express,5,INR
ORD115251,02-04-2023,BR74,UAE,Abu Dhabi,CUST5669,PROD244,Tablet,Lenovo Tab P11,Samsung,3,1007.87,0.04,0.18,3425.15,Cash,Online,EMP336,2,0,Same Day,10,AED
ORD115252,17-10-2023,BR106,UK,Birmingham,CUST9772,PROD318,Tablet,Samsung Galaxy Tab,Dell,1,600.69,0.28,0.18,510.35,Credit Card,In-Store,EMP712,1,1,Same Day,6,EUR
ORD115253,17-04-2024,BR56,India,Mumbai,CUST3643,PROD460,TV,LG OLED 48,HP,1,1589.57,0.13,0.18,1631.85,Debit Card,In-Store,EMP885,1,1,Same Day,5,INR
ORD115254,27-04-2023,BR46,Germany,Munich,CUST5080,PROD651,Mobile,iPhone 14,Sony,2,315.64,0.04,0.18,715.11,Net Banking,In-Store,EMP728,1,1,Same Day,1,GBP
ORD115255,16-12-2024,BR28,UAE,Abu Dhabi,CUST5948,PROD894,TV,LG OLED 48,OnePlus,4,1650.35,0.08,0.18,7166.48,UPI,In-Store,EMP437,1,0,Express,2,GBP
ORD115256,20-09-2023,BR61,Germany,Berlin,CUST1851,PROD909,Tablet,Lenovo Tab P11,HP,1,1210.87,0.13,0.18,1243.08,Net Banking,In-Store,EMP980,3,0,Standard,7,EUR
ORD115257,11-03-2023,BR92,India,Mumbai,CUST5825,PROD666,Accessories,Bluetooth Headphones,HP,4,1642.41,0.28,0.18,5581.57,Net Banking,Online,EMP329,0,1,Standard,6,EUR
ORD115258,20-07-2024,BR18,Germany,Berlin,CUST9106,PROD854,TV,Samsung QLED 50,OnePlus,1,1075.84,0.11,0.18,1129.85,UPI,Online,EMP856,2,1,Standard,5,GBP
ORD115259,11-07-2024,BR15,USA,Los Angeles,CUST3257,PROD270,Mobile,OnePlus 11,Lenovo,2,406.87,0,0.18,960.21,Cash,In-Store,EMP319,1,0,Same Day,6,EUR
ORD115260,20-11-2023,BR79,Germany,Munich,CUST3065,PROD975,TV,Samsung QLED 50,OnePlus,4,1846.07,0.29,0.18,6186.55,Credit Card,Online,EMP484,1,1,Same Day,8,EUR
ORD115261,28-09-2023,BR52,India,Bangalore,CUST6891,PROD814,Tablet,iPad Air,HP,5,62.63,0.16,0.18,310.39,Net Banking,Online,EMP730,0,0,Same Day,6,GBP
ORD115262,07-08-2023,BR10,USA,Los Angeles,CUST7658,PROD696,Accessories,Keyboard,Sony,4,1636.64,0.11,0.18,6875.2,Credit Card,Online,EMP848,0,1,Same Day,2,GBP
ORD115263,29-08-2024,BR107,USA,New York,CUST4724,PROD992,Accessories,Wireless Mouse,Samsung,5,1993.31,0.14,0.18,10114.05,Debit Card,In-Store,EMP515,3,0,Same Day,6,USD
ORD115264,07-11-2023,BR19,India,Bangalore,CUST4710,PROD766,Accessories,Bluetooth Headphones,Dell,5,349.12,0.13,0.18,1792.03,Debit Card,Online,EMP648,2,1,Same Day,10,EUR
ORD115265,31-10-2024,BR108,UAE,Abu Dhabi,CUST5958,PROD766,Accessories,Bluetooth Headphones,Sony,5,964.66,0.04,0.18,5463.83,Credit Card,Online,EMP849,3,1,Standard,8,GBP
ORD115266,07-09-2024,BR50,Germany,Berlin,CUST1253,PROD799,Mobile,OnePlus 11,Dell,2,807.03,0.17,0.18,1580.81,UPI,Online,EMP377,0,1,Same Day,6,GBP
ORD115267,09-07-2024,BR90,UK,Manchester,CUST5323,PROD915,TV,Samsung QLED 50,LG,5,1418.39,0.22,0.18,6527.43,UPI,In-Store,EMP745,1,1,Express,9,INR
ORD115268,03-05-2024,BR51,Germany,Berlin,CUST2752,PROD812,Mobile,iPhone 14,HP,4,56.17,0.22,0.18,206.8,UPI,Online,EMP856,2,1,Express,7,EUR
ORD115269,21-01-2024,BR3,USA,Los Angeles,CUST3884,PROD504,Accessories,Wireless Mouse,LG,3,265.51,0.1,0.18,845.91,Credit Card,In-Store,EMP312,0,0,Express,10,AED
ORD115270,14-10-2024,BR33,Germany,Munich,CUST8863,PROD118,Mobile,Samsung Galaxy S23,Apple,5,982.9,0.07,0.18,5393.17,UPI,Online,EMP262,3,0,Standard,9,USD
ORD115271,23-07-2024,BR59,India,Bangalore,CUST3645,PROD665,TV,Samsung QLED 50,HP,4,1120.29,0.08,0.18,4864.75,Credit Card,Online,EMP383,2,1,Same Day,4,USD
ORD115272,17-01-2023,BR46,UAE,Abu Dhabi,CUST4710,PROD894,TV,LG OLED 48,Samsung,3,691.99,0.02,0.18,2400.65,Credit Card,Online,EMP526,0,0,Standard,5,INR
ORD115273,07-03-2024,BR19,UAE,Dubai,CUST1221,PROD908,Laptop,HP Spectre x360,Dell,5,645.55,0.11,0.18,3389.78,Debit Card,In-Store,EMP243,1,1,Express,1,EUR
ORD115274,23-12-2023,BR106,India,Delhi,CUST9196,PROD506,Tablet,Samsung Galaxy Tab,Samsung,4,1751.34,0.28,0.18,5951.75,Cash,In-Store,EMP589,0,1,Same Day,3,EUR
ORD115275,28-12-2024,BR1,Germany,Hamburg,CUST4865,PROD739,Laptop,MacBook Air M2,Dell,5,368.69,0.24,0.18,1653.21,UPI,In-Store,EMP698,0,1,Same Day,8,USD
ORD115276,23-09-2023,BR24,USA,Los Angeles,CUST6160,PROD365,TV,LG OLED 48,OnePlus,2,1437.39,0.05,0.18,3222.63,Debit Card,In-Store,EMP307,3,0,Express,8,USD
ORD115277,12-11-2024,BR6,UAE,Abu Dhabi,CUST5291,PROD779,Laptop,HP Spectre x360,OnePlus,4,521.8,0.08,0.18,2265.86,Credit Card,In-Store,EMP505,3,0,Standard,9,GBP
ORD115278,20-10-2024,BR107,USA,Chicago,CUST8826,PROD654,Mobile,Samsung Galaxy S23,Sony,4,1932.76,0.08,0.18,8392.82,Credit Card,In-Store,EMP713,0,1,Standard,5,INR
ORD115279,14-06-2023,BR75,India,Mumbai,CUST8730,PROD649,Accessories,Keyboard,Sony,5,1467.85,0.09,0.18,7880.89,Debit Card,Online,EMP758,0,1,Standard,7,USD
ORD115280,15-03-2023,BR116,India,Bangalore,CUST5397,PROD144,Mobile,iPhone 14,Lenovo,5,1013.32,0.05,0.18,5679.66,Debit Card,In-Store,EMP258,1,0,Standard,6,USD
ORD115281,30-08-2024,BR15,Germany,Berlin,CUST3806,PROD944,Accessories,Wireless Mouse,Dell,5,393.27,0.28,0.18,1670.61,Net Banking,In-Store,EMP499,3,1,Express,8,USD
ORD115282,22-04-2024,BR86,India,Delhi,CUST4573,PROD458,TV,Samsung QLED 50,Dell,1,1905.99,0.23,0.18,1731.78,Credit Card,Online,EMP457,3,0,Standard,2,EUR
ORD115283,05-10-2023,BR97,UAE,Abu Dhabi,CUST8324,PROD968,Laptop,Dell XPS 13,Dell,3,1476.11,0.05,0.18,4964.16,Debit Card,Online,EMP467,3,0,Same Day,6,GBP
ORD115284,04-12-2023,BR17,USA,Chicago,CUST7659,PROD177,Accessories,Bluetooth Headphones,Apple,3,1040.88,0.28,0.18,2652.99,Debit Card,In-Store,EMP288,0,0,Standard,10,INR
ORD115285,03-08-2024,BR10,Germany,Berlin,CUST6654,PROD292,Laptop,MacBook Air M2,Lenovo,2,1783.4,0.29,0.18,2988.27,UPI,Online,EMP868,3,0,Standard,10,AED
ORD115286,11-12-2024,BR6,India,Delhi,CUST6674,PROD248,TV,Samsung QLED 50,Sony,3,1579.07,0,0.18,5589.91,Net Banking,In-Store,EMP730,3,1,Standard,6,USD
ORD115287,13-10-2024,BR24,USA,New York,CUST3867,PROD120,Tablet,Lenovo Tab P11,Lenovo,2,1313.76,0.13,0.18,2697.41,UPI,Online,EMP367,1,0,Standard,8,EUR
ORD115288,28-02-2024,BR49,Germany,Berlin,CUST3797,PROD566,Tablet,iPad Air,Dell,4,553.49,0.22,0.18,2037.73,Debit Card,In-Store,EMP581,3,1,Standard,9,USD
ORD115289,12-11-2023,BR25,UAE,Abu Dhabi,CUST8780,PROD450,TV,Samsung QLED 50,Samsung,1,685.42,0.03,0.18,784.53,UPI,Online,EMP767,0,1,Standard,2,USD
ORD115290,03-04-2024,BR53,Germany,Munich,CUST7264,PROD733,Laptop,MacBook Air M2,Lenovo,3,1636.07,0.27,0.18,4227.93,Cash,In-Store,EMP685,1,1,Same Day,4,GBP
ORD115291,14-04-2024,BR107,UK,Manchester,CUST2537,PROD993,Tablet,Lenovo Tab P11,OnePlus,2,1118.8,0.27,0.18,1927.47,Credit Card,Online,EMP200,0,0,Express,3,AED
ORD115292,08-10-2024,BR13,UAE,Dubai,CUST6013,PROD904,Accessories,Wireless Mouse,Lenovo,3,381.26,0.25,0.18,1012.25,Credit Card,In-Store,EMP263,1,0,Standard,6,USD
ORD115293,03-05-2024,BR118,Germany,Berlin,CUST4012,PROD819,TV,Sony Bravia 55,Sony,1,181.39,0.2,0.18,171.23,UPI,Online,EMP344,2,0,Same Day,6,GBP
ORD115294,18-08-2024,BR48,USA,Chicago,CUST9473,PROD216,Mobile,Samsung Galaxy S23,Sony,4,1212.89,0.24,0.18,4350.88,Cash,In-Store,EMP357,1,1,Same Day,2,EUR
ORD115295,07-12-2024,BR18,USA,New York,CUST7524,PROD794,Accessories,Wireless Mouse,OnePlus,5,1325.32,0.26,0.18,5786.35,Credit Card,In-Store,EMP448,3,0,Same Day,10,GBP
ORD115296,15-09-2024,BR43,USA,New York,CUST9140,PROD176,Mobile,iPhone 14,HP,4,699.02,0.14,0.18,2837.46,Credit Card,In-Store,EMP835,3,0,Express,10,INR
ORD115297,21-04-2024,BR95,UK,London,CUST9461,PROD731,TV,Sony Bravia 55,LG,3,1676.37,0.07,0.18,5518.95,Cash,Online,EMP314,2,1,Standard,7,AED
ORD115298,26-02-2023,BR45,India,Pune,CUST9756,PROD487,TV,Sony Bravia 55,Lenovo,2,85.22,0.01,0.18,199.11,Credit Card,Online,EMP644,3,1,Express,2,GBP
ORD115299,11-01-2023,BR61,UAE,Abu Dhabi,CUST9022,PROD270,Accessories,Keyboard,Dell,1,61.3,0.27,0.18,52.8,Net Banking,In-Store,EMP911,0,1,Same Day,7,GBP
ORD115300,03-06-2024,BR25,India,Pune,CUST1026,PROD953,Tablet,Lenovo Tab P11,Samsung,5,1067.29,0.02,0.18,6171.07,Credit Card,In-Store,EMP450,2,1,Same Day,7,USD
ORD115301,08-04-2023,BR88,Germany,Berlin,CUST6877,PROD206,Laptop,Dell XPS 13,Samsung,2,126.07,0.08,0.18,273.72,Debit Card,Online,EMP918,0,1,Same Day,9,EUR
ORD115302,01-06-2023,BR23,UK,Birmingham,CUST4652,PROD663,TV,LG OLED 48,HP,1,1952.91,0.09,0.18,2097.03,Debit Card,Online,EMP820,2,0,Express,3,EUR
ORD115303,05-02-2024,BR101,UAE,Dubai,CUST6952,PROD938,Laptop,HP Spectre x360,Samsung,4,69.64,0.25,0.18,246.53,Credit Card,In-Store,EMP764,1,1,Standard,1,INR
ORD115304,25-07-2023,BR118,UK,London,CUST9160,PROD461,Mobile,iPhone 14,Apple,2,1119.43,0.09,0.18,2404.09,UPI,In-Store,EMP772,3,1,Express,2,USD
ORD115305,02-04-2024,BR4,UAE,Abu Dhabi,CUST3022,PROD596,Accessories,Bluetooth Headphones,Sony,2,1142.12,0.14,0.18,2318.05,Credit Card,Online,EMP375,0,1,Same Day,7,USD
ORD115306,11-11-2023,BR96,USA,New York,CUST8796,PROD540,TV,Samsung QLED 50,OnePlus,2,1867.13,0.12,0.18,3877.66,Debit Card,In-Store,EMP747,0,0,Express,9,EUR
ORD115307,26-06-2023,BR96,UAE,Abu Dhabi,CUST3573,PROD961,Laptop,Dell XPS 13,Apple,5,1453.21,0.03,0.18,8316.72,Debit Card,Online,EMP354,2,0,Standard,7,AED
ORD115308,21-03-2024,BR50,Germany,Hamburg,CUST2940,PROD120,Accessories,Wireless Mouse,Samsung,3,1811.96,0.24,0.18,4874.9,Cash,Online,EMP761,2,1,Express,8,AED
ORD115309,29-08-2023,BR34,India,Mumbai,CUST7093,PROD392,Accessories,Bluetooth Headphones,Dell,4,1713.72,0.27,0.18,5904.79,UPI,Online,EMP451,3,1,Same Day,6,AED
ORD115310,21-09-2024,BR95,USA,New York,CUST4801,PROD374,TV,Sony Bravia 55,OnePlus,2,136.07,0.23,0.18,247.27,Credit Card,In-Store,EMP461,3,0,Standard,8,GBP
ORD115311,31-08-2024,BR114,UK,London,CUST2383,PROD500,Tablet,Samsung Galaxy Tab,HP,3,971.36,0.16,0.18,2888.44,Credit Card,In-Store,EMP823,3,1,Same Day,8,EUR
ORD115312,19-07-2024,BR96,India,Delhi,CUST6930,PROD156,TV,LG OLED 48,Lenovo,1,323.6,0.12,0.18,336.03,UPI,Online,EMP981,0,0,Standard,2,AED
ORD115313,25-12-2023,BR5,UK,London,CUST1203,PROD533,Mobile,iPhone 14,Lenovo,2,169.91,0.16,0.18,336.83,Debit Card,In-Store,EMP662,3,1,Express,7,AED
ORD115314,25-05-2023,BR70,UAE,Dubai,CUST5817,PROD848,Tablet,Samsung Galaxy Tab,Dell,2,1654.76,0.13,0.18,3397.55,Debit Card,In-Store,EMP772,2,1,Same Day,1,INR
ORD115315,22-06-2023,BR34,India,Mumbai,CUST7645,PROD352,TV,Samsung QLED 50,Samsung,3,1012.27,0.16,0.18,3010.09,UPI,In-Store,EMP975,2,0,Same Day,10,INR
ORD115316,12-09-2023,BR103,UAE,Abu Dhabi,CUST8036,PROD105,Tablet,Samsung Galaxy Tab,Lenovo,1,1623.81,0.01,0.18,1896.93,Debit Card,In-Store,EMP331,0,1,Same Day,3,USD
ORD115317,10-10-2024,BR115,India,Pune,CUST2990,PROD756,Accessories,Bluetooth Headphones,LG,5,1191.31,0.11,0.18,6255.57,Credit Card,Online,EMP671,1,1,Same Day,1,AED
ORD115318,29-06-2023,BR68,UAE,Abu Dhabi,CUST9749,PROD480,TV,LG OLED 48,Dell,5,738.75,0.01,0.18,4315.04,UPI,In-Store,EMP917,2,0,Same Day,7,EUR
ORD115319,04-08-2023,BR14,USA,Dallas,CUST5401,PROD434,Mobile,OnePlus 11,Dell,1,1980.75,0.06,0.18,2197.05,Debit Card,Online,EMP723,1,0,Same Day,10,AED
ORD115320,18-05-2023,BR70,India,Delhi,CUST9183,PROD258,Accessories,Bluetooth Headphones,Samsung,1,1552.58,0.19,0.18,1483.96,Debit Card,Online,EMP904,2,1,Express,3,EUR
ORD115321,12-11-2023,BR103,UK,London,CUST3687,PROD439,TV,Samsung QLED 50,LG,1,1036.18,0.12,0.18,1075.97,Debit Card,Online,EMP446,2,0,Same Day,2,USD
ORD115322,10-08-2024,BR3,USA,Los Angeles,CUST8876,PROD564,TV,LG OLED 48,Apple,2,640.33,0.06,0.18,1420.51,Cash,Online,EMP648,3,0,Express,5,EUR
ORD115323,23-11-2024,BR32,India,Bangalore,CUST8759,PROD195,Accessories,Wireless Mouse,HP,3,637.85,0.23,0.18,1738.65,UPI,Online,EMP821,0,0,Same Day,8,AED
ORD115324,08-08-2024,BR23,USA,Dallas,CUST7506,PROD732,Mobile,OnePlus 11,Dell,5,1519.74,0.23,0.18,6904.18,Credit Card,In-Store,EMP379,0,1,Same Day,10,AED
ORD115325,29-03-2024,BR8,UAE,Abu Dhabi,CUST9971,PROD568,Accessories,Keyboard,Lenovo,5,849.74,0.25,0.18,3760.1,Credit Card,Online,EMP223,1,1,Same Day,10,INR
ORD115326,01-02-2023,BR25,UAE,Abu Dhabi,CUST5300,PROD256,Accessories,Wireless Mouse,LG,2,1287.51,0.29,0.18,2157.35,Cash,In-Store,EMP592,0,0,Standard,9,GBP
ORD115327,14-02-2024,BR38,UK,Birmingham,CUST7393,PROD951,Tablet,Samsung Galaxy Tab,OnePlus,5,1976.59,0.05,0.18,11078.79,Debit Card,Online,EMP413,2,1,Standard,8,EUR
ORD115328,17-07-2024,BR47,UK,London,CUST9724,PROD453,Laptop,Dell XPS 13,OnePlus,3,814.93,0.27,0.18,2105.94,Net Banking,Online,EMP432,2,0,Standard,6,EUR
ORD115329,03-11-2023,BR19,UAE,Dubai,CUST5263,PROD974,TV,Sony Bravia 55,Samsung,3,927.1,0.16,0.18,2756.82,Cash,In-Store,EMP324,0,1,Standard,9,EUR
ORD115330,06-11-2023,BR71,UAE,Dubai,CUST8728,PROD291,Tablet,Lenovo Tab P11,LG,1,1050.74,0.07,0.18,1153.08,UPI,Online,EMP985,3,0,Express,9,USD
ORD115331,21-07-2024,BR66,India,Delhi,CUST1654,PROD533,Accessories,Bluetooth Headphones,LG,5,200.14,0.04,0.18,1133.59,Cash,Online,EMP760,1,1,Standard,1,USD
ORD115332,24-05-2024,BR79,India,Bangalore,CUST5277,PROD507,Mobile,Samsung Galaxy S23,Samsung,2,1624.07,0.26,0.18,2836.28,Credit Card,Online,EMP878,3,1,Same Day,8,INR
ORD115333,24-01-2023,BR53,UAE,Dubai,CUST4077,PROD850,Laptop,MacBook Air M2,Samsung,3,1482.51,0.16,0.18,4408.39,Cash,Online,EMP555,3,1,Express,1,AED
ORD115334,27-09-2024,BR106,USA,Chicago,CUST7030,PROD412,Tablet,iPad Air,Lenovo,1,374.44,0.3,0.18,309.29,Cash,In-Store,EMP889,3,0,Same Day,9,EUR
ORD115335,09-09-2024,BR109,UK,Birmingham,CUST5336,PROD490,Mobile,OnePlus 11,Dell,4,563.76,0.12,0.18,2341.63,Debit Card,In-Store,EMP223,2,1,Standard,6,INR
ORD115336,24-08-2024,BR65,USA,Dallas,CUST3282,PROD858,Laptop,MacBook Air M2,Lenovo,5,844.49,0.05,0.18,4733.37,Net Banking,Online,EMP324,1,1,Same Day,8,EUR
ORD115337,02-11-2024,BR16,UK,London,CUST4466,PROD993,Mobile,OnePlus 11,Apple,5,1296.83,0.21,0.18,6044.52,Credit Card,Online,EMP348,3,1,Express,6,EUR
ORD115338,19-05-2024,BR113,UAE,Abu Dhabi,CUST1871,PROD274,Tablet,Samsung Galaxy Tab,Samsung,3,1706.89,0.12,0.18,5317.3,Debit Card,In-Store,EMP561,1,1,Standard,5,GBP
ORD115339,01-12-2024,BR32,India,Mumbai,CUST4566,PROD129,Accessories,Bluetooth Headphones,LG,2,1162.88,0.08,0.18,2524.85,Credit Card,Online,EMP410,1,1,Same Day,1,AED
ORD115340,31-08-2023,BR23,Germany,Hamburg,CUST1646,PROD884,Mobile,Samsung Galaxy S23,Lenovo,2,1414.74,0.11,0.18,2971.52,Credit Card,Online,EMP274,0,1,Same Day,2,INR
ORD115341,04-04-2023,BR45,India,Pune,CUST8566,PROD986,TV,Sony Bravia 55,OnePlus,3,1835.21,0.17,0.18,5392.21,Credit Card,Online,EMP671,0,0,Same Day,10,GBP
ORD115342,14-12-2023,BR25,UAE,Dubai,CUST8692,PROD667,Tablet,Samsung Galaxy Tab,Dell,5,627.7,0.07,0.18,3444.19,Net Banking,Online,EMP692,2,1,Same Day,2,AED
ORD115343,03-03-2023,BR119,UK,London,CUST9374,PROD500,TV,Samsung QLED 50,Lenovo,3,1777.94,0.13,0.18,5475.7,UPI,Online,EMP546,0,1,Standard,5,EUR
ORD115344,08-10-2024,BR29,USA,Chicago,CUST7240,PROD862,TV,LG OLED 48,Sony,1,977.63,0.01,0.18,1142.07,Cash,In-Store,EMP236,3,0,Express,5,INR
ORD115345,12-01-2023,BR38,India,Delhi,CUST8502,PROD882,Tablet,Lenovo Tab P11,Sony,4,1270.14,0.11,0.18,5335.6,Cash,In-Store,EMP945,1,0,Same Day,4,AED
ORD115346,29-12-2023,BR47,UK,London,CUST9323,PROD849,Laptop,HP Spectre x360,Samsung,4,1313.64,0.04,0.18,5952.37,UPI,In-Store,EMP602,2,1,Standard,10,EUR
ORD115347,27-09-2024,BR102,UK,Manchester,CUST2366,PROD520,Laptop,HP Spectre x360,Lenovo,4,237.33,0.01,0.18,1109,Credit Card,In-Store,EMP520,1,0,Express,5,EUR
ORD115348,17-10-2024,BR14,UAE,Abu Dhabi,CUST7234,PROD706,Accessories,Keyboard,Apple,4,1150.18,0.06,0.18,5103.12,Debit Card,In-Store,EMP532,0,0,Express,10,GBP
ORD115349,01-01-2023,BR42,UK,Manchester,CUST8187,PROD755,Laptop,HP Spectre x360,OnePlus,2,1745.7,0.09,0.18,3749.07,Credit Card,In-Store,EMP459,2,1,Same Day,2,USD
ORD115350,05-03-2023,BR65,USA,Los Angeles,CUST5841,PROD311,Accessories,Wireless Mouse,Lenovo,3,115.46,0.17,0.18,339.24,Cash,Online,EMP892,2,0,Same Day,5,EUR
ORD115351,23-02-2024,BR14,Germany,Berlin,CUST3624,PROD683,Mobile,OnePlus 11,OnePlus,1,1320.15,0.08,0.18,1433.15,Debit Card,In-Store,EMP588,3,0,Same Day,9,GBP
ORD115352,24-09-2023,BR51,UK,Birmingham,CUST4080,PROD333,Tablet,Lenovo Tab P11,Apple,2,1319.93,0.18,0.18,2554.33,Net Banking,Online,EMP982,3,0,Standard,10,EUR
ORD115353,30-10-2024,BR63,UAE,Abu Dhabi,CUST6289,PROD681,Accessories,Keyboard,Samsung,2,1451.48,0.28,0.18,2466.35,Cash,Online,EMP980,2,0,Express,2,INR
ORD115354,09-05-2024,BR76,Germany,Berlin,CUST6372,PROD945,Tablet,Lenovo Tab P11,LG,1,1404.99,0.02,0.18,1624.73,UPI,In-Store,EMP249,3,0,Standard,5,AED
ORD115355,11-03-2024,BR35,USA,Los Angeles,CUST7161,PROD397,Laptop,MacBook Air M2,Sony,3,1456.07,0.03,0.18,4999.85,UPI,Online,EMP455,3,0,Same Day,3,INR
ORD115356,12-05-2024,BR77,India,Mumbai,CUST8008,PROD603,Mobile,iPhone 14,HP,4,1436.38,0.05,0.18,6440.73,Net Banking,In-Store,EMP533,3,0,Same Day,3,GBP
ORD115357,27-07-2024,BR117,UK,Birmingham,CUST4130,PROD718,Tablet,Samsung Galaxy Tab,Lenovo,4,1815.12,0.03,0.18,8310.35,UPI,Online,EMP774,1,1,Standard,3,GBP
ORD115358,18-11-2023,BR53,UAE,Dubai,CUST8731,PROD517,TV,Sony Bravia 55,LG,4,952.85,0.25,0.18,3373.09,UPI,Online,EMP374,0,1,Express,6,AED
ORD115359,10-02-2024,BR33,Germany,Munich,CUST8326,PROD999,TV,LG OLED 48,Samsung,5,761.27,0.22,0.18,3503.36,Net Banking,Online,EMP213,3,1,Express,2,EUR
ORD115360,06-12-2024,BR74,Germany,Hamburg,CUST9061,PROD492,Mobile,Samsung Galaxy S23,Apple,4,242.42,0.14,0.18,984.03,Net Banking,In-Store,EMP791,1,1,Express,8,GBP
ORD115361,22-01-2024,BR105,UAE,Dubai,CUST3988,PROD799,Mobile,OnePlus 11,Samsung,2,873.1,0.14,0.18,1772.04,Net Banking,In-Store,EMP749,1,1,Same Day,6,AED
ORD115362,07-11-2023,BR113,Germany,Berlin,CUST8526,PROD233,Laptop,Dell XPS 13,HP,3,481.48,0.15,0.18,1448.77,Debit Card,Online,EMP261,1,1,Standard,6,USD
ORD115363,29-05-2023,BR70,Germany,Munich,CUST9084,PROD437,Tablet,Lenovo Tab P11,HP,3,1307.89,0.29,0.18,3287.25,Credit Card,Online,EMP475,1,1,Standard,7,USD
ORD115364,26-01-2024,BR44,Germany,Hamburg,CUST5092,PROD431,TV,Samsung QLED 50,Apple,2,905.74,0.09,0.18,1945.17,Net Banking,Online,EMP320,2,0,Same Day,6,EUR
ORD115365,13-11-2023,BR65,UAE,Dubai,CUST7248,PROD196,TV,LG OLED 48,OnePlus,3,1759.91,0.18,0.18,5108.67,Net Banking,In-Store,EMP221,3,0,Express,3,USD
ORD115366,18-01-2023,BR65,Germany,Munich,CUST2909,PROD140,Accessories,Wireless Mouse,Samsung,1,1045.1,0.14,0.18,1060.57,Cash,Online,EMP442,2,1,Express,1,EUR
ORD115367,17-08-2024,BR115,UAE,Dubai,CUST6943,PROD349,TV,LG OLED 48,Apple,3,1220.88,0.27,0.18,3155,Credit Card,Online,EMP994,2,1,Standard,6,AED
ORD115368,23-03-2023,BR37,USA,Chicago,CUST8154,PROD141,TV,Sony Bravia 55,Dell,3,843.59,0.09,0.18,2717.54,Credit Card,In-Store,EMP313,1,1,Same Day,9,INR
ORD115369,06-01-2024,BR71,India,Bangalore,CUST8042,PROD345,Laptop,MacBook Air M2,Sony,5,302.29,0.14,0.18,1533.82,Net Banking,In-Store,EMP293,3,1,Same Day,3,INR
ORD115370,23-03-2024,BR16,USA,New York,CUST8644,PROD425,TV,LG OLED 48,OnePlus,1,1658.39,0.17,0.18,1624.23,Credit Card,Online,EMP982,3,0,Express,7,INR
ORD115371,30-05-2023,BR64,UK,Birmingham,CUST3861,PROD256,Laptop,MacBook Air M2,Dell,3,1444.13,0.23,0.18,3936.41,Net Banking,In-Store,EMP952,1,0,Same Day,3,EUR
ORD115372,19-11-2024,BR100,UK,Birmingham,CUST8582,PROD129,Laptop,MacBook Air M2,Samsung,1,944.79,0.09,0.18,1014.52,Debit Card,In-Store,EMP815,1,1,Same Day,5,GBP
ORD115373,13-11-2024,BR95,UAE,Dubai,CUST1419,PROD369,Accessories,Keyboard,Sony,1,1193.91,0,0.18,1408.81,Cash,Online,EMP369,2,0,Standard,9,INR
ORD115374,28-02-2023,BR6,UK,London,CUST6125,PROD846,Laptop,HP Spectre x360,Lenovo,3,625.05,0.26,0.18,1637.38,UPI,Online,EMP467,0,0,Express,1,GBP
ORD115375,20-04-2024,BR75,UK,London,CUST8260,PROD155,Mobile,OnePlus 11,Samsung,1,1589.11,0.01,0.18,1856.4,Net Banking,Online,EMP729,2,1,Same Day,1,AED
ORD115376,16-11-2023,BR15,UAE,Abu Dhabi,CUST9857,PROD469,Tablet,Lenovo Tab P11,Sony,2,1961.92,0.29,0.18,3287.39,Cash,In-Store,EMP720,3,1,Same Day,9,GBP
ORD115377,12-07-2023,BR104,UK,London,CUST9306,PROD445,Laptop,MacBook Air M2,Dell,4,1334.21,0.19,0.18,5100.95,UPI,Online,EMP795,0,0,Standard,8,INR
ORD115378,25-07-2024,BR44,UAE,Dubai,CUST9071,PROD144,Accessories,Keyboard,Samsung,5,711.23,0.27,0.18,3063.27,UPI,In-Store,EMP433,0,0,Same Day,3,AED
ORD115379,20-03-2023,BR16,USA,New York,CUST2901,PROD968,Tablet,Lenovo Tab P11,Sony,4,1293.97,0.21,0.18,4824.96,Cash,Online,EMP605,1,0,Express,10,EUR
ORD115380,06-07-2023,BR19,UAE,Abu Dhabi,CUST3655,PROD552,Laptop,HP Spectre x360,Sony,4,1347.71,0.1,0.18,5725.07,Debit Card,In-Store,EMP608,3,1,Same Day,8,GBP
ORD115381,01-05-2023,BR85,UK,Manchester,CUST7906,PROD510,Mobile,Samsung Galaxy S23,Samsung,5,1737.79,0.18,0.18,8407.43,Cash,Online,EMP363,0,1,Standard,5,USD
ORD115382,23-03-2023,BR4,Germany,Hamburg,CUST1937,PROD676,Accessories,Bluetooth Headphones,LG,2,278.36,0.25,0.18,492.7,Debit Card,Online,EMP341,0,0,Express,7,AED
ORD115383,03-05-2024,BR44,UK,Manchester,CUST3889,PROD670,Tablet,iPad Air,LG,2,680.16,0.26,0.18,1187.83,Credit Card,In-Store,EMP513,1,0,Express,1,GBP
ORD115384,06-08-2024,BR25,UK,London,CUST3592,PROD989,Laptop,Dell XPS 13,Samsung,5,937.74,0.19,0.18,4481.46,Credit Card,In-Store,EMP481,0,1,Express,8,AED
ORD115385,06-03-2023,BR32,Germany,Hamburg,CUST7924,PROD952,TV,Sony Bravia 55,LG,3,138.69,0.12,0.18,432.05,UPI,In-Store,EMP436,3,1,Express,6,EUR
ORD115386,31-05-2023,BR8,Germany,Munich,CUST5004,PROD938,Tablet,Samsung Galaxy Tab,Lenovo,1,1540.25,0.07,0.18,1690.27,UPI,In-Store,EMP723,2,1,Standard,8,AED
ORD115387,04-04-2024,BR76,USA,New York,CUST4063,PROD956,TV,Sony Bravia 55,Dell,4,1565.36,0.07,0.18,6871.3,Net Banking,In-Store,EMP455,3,0,Express,2,GBP
ORD115388,09-02-2023,BR16,Germany,Munich,CUST2409,PROD588,Tablet,Lenovo Tab P11,Apple,5,310.78,0.08,0.18,1686.91,Net Banking,In-Store,EMP903,2,1,Standard,9,GBP
ORD115389,30-06-2023,BR81,UAE,Abu Dhabi,CUST3741,PROD323,TV,Sony Bravia 55,OnePlus,2,956.81,0.02,0.18,2212.91,Credit Card,In-Store,EMP859,2,0,Standard,9,INR
ORD115390,28-06-2023,BR103,UK,Manchester,CUST7823,PROD141,Accessories,Keyboard,Sony,4,516.21,0.27,0.18,1778.65,UPI,Online,EMP359,2,0,Standard,8,USD
ORD115391,06-09-2023,BR82,India,Pune,CUST6110,PROD293,TV,Sony Bravia 55,Samsung,3,1234.33,0.03,0.18,4238.44,UPI,In-Store,EMP951,0,1,Same Day,8,EUR
ORD115392,15-07-2023,BR83,India,Pune,CUST4498,PROD453,Laptop,HP Spectre x360,Dell,5,271.37,0.19,0.18,1296.88,UPI,In-Store,EMP685,3,0,Standard,2,USD
ORD115393,17-12-2023,BR111,UAE,Dubai,CUST2663,PROD652,Laptop,MacBook Air M2,Apple,3,1913.11,0.05,0.18,6433.79,UPI,Online,EMP881,2,1,Standard,9,INR
ORD115394,20-06-2023,BR73,India,Pune,CUST1017,PROD791,Tablet,Lenovo Tab P11,Apple,4,1367.6,0.05,0.18,6132.32,Credit Card,In-Store,EMP269,3,1,Standard,1,USD
ORD115395,17-01-2023,BR16,USA,New York,CUST4727,PROD868,Laptop,Dell XPS 13,Sony,5,1058.97,0.02,0.18,6122.96,UPI,In-Store,EMP735,2,0,Same Day,3,USD
ORD115396,19-04-2023,BR67,India,Mumbai,CUST4193,PROD364,Laptop,Dell XPS 13,Sony,4,1079.87,0.28,0.18,3669.83,UPI,Online,EMP317,0,1,Express,6,USD
ORD115397,02-04-2023,BR40,UK,London,CUST1900,PROD713,TV,LG OLED 48,Sony,5,385.32,0.29,0.18,1614.11,Cash,In-Store,EMP945,0,0,Standard,8,EUR
ORD115398,26-10-2023,BR112,UK,London,CUST9880,PROD864,Mobile,Samsung Galaxy S23,Sony,1,1075.24,0.22,0.18,989.65,UPI,Online,EMP438,2,0,Express,7,GBP
ORD115399,08-04-2023,BR113,India,Bangalore,CUST8164,PROD506,Accessories,Bluetooth Headphones,Dell,5,614.29,0.24,0.18,2754.48,Credit Card,In-Store,EMP938,1,1,Standard,1,EUR
ORD115400,22-01-2023,BR19,USA,Los Angeles,CUST9346,PROD542,TV,Samsung QLED 50,LG,5,1563.09,0.09,0.18,8392.23,Credit Card,In-Store,EMP769,3,0,Express,8,EUR
ORD115401,24-01-2023,BR110,USA,Chicago,CUST2900,PROD278,Accessories,Keyboard,Sony,1,1373.87,0.22,0.18,1264.51,Credit Card,Online,EMP403,0,0,Standard,3,USD
ORD115402,11-01-2024,BR114,UAE,Dubai,CUST6714,PROD139,TV,Sony Bravia 55,Samsung,3,870.23,0.06,0.18,2895.78,Debit Card,In-Store,EMP518,0,0,Express,9,GBP
ORD115403,20-09-2023,BR31,UK,Birmingham,CUST5965,PROD752,Laptop,Dell XPS 13,OnePlus,5,1498.01,0.05,0.18,8396.35,Cash,Online,EMP533,2,0,Express,7,USD
ORD115404,03-08-2023,BR17,India,Pune,CUST8507,PROD581,Mobile,Samsung Galaxy S23,HP,5,784.28,0.23,0.18,3562.98,UPI,Online,EMP724,1,0,Standard,6,GBP
ORD115405,25-04-2024,BR42,UAE,Abu Dhabi,CUST1604,PROD694,Laptop,Dell XPS 13,Sony,3,1844.19,0.25,0.18,4896.32,Debit Card,In-Store,EMP865,0,0,Standard,7,USD
ORD115406,21-06-2024,BR59,India,Delhi,CUST3403,PROD702,Mobile,iPhone 14,LG,5,1516.88,0.01,0.18,8860.1,Cash,In-Store,EMP482,0,1,Same Day,8,USD
ORD115407,29-11-2024,BR22,UK,Birmingham,CUST3242,PROD449,Tablet,Samsung Galaxy Tab,Dell,5,1297.64,0.24,0.18,5818.62,Net Banking,Online,EMP736,1,0,Same Day,10,USD
ORD115408,17-06-2023,BR13,Germany,Munich,CUST6617,PROD911,Laptop,HP Spectre x360,HP,5,993.29,0,0.18,5860.41,Net Banking,In-Store,EMP633,3,1,Same Day,9,INR
ORD115409,19-12-2024,BR64,India,Pune,CUST2867,PROD328,Laptop,MacBook Air M2,Samsung,1,1815.34,0.22,0.18,1670.84,Net Banking,In-Store,EMP871,1,1,Standard,10,AED
ORD115410,28-11-2023,BR110,Germany,Munich,CUST8817,PROD796,TV,Sony Bravia 55,Lenovo,3,341.45,0.04,0.18,1160.38,Credit Card,In-Store,EMP792,3,1,Same Day,6,USD
ORD115411,15-05-2023,BR46,UAE,Abu Dhabi,CUST7335,PROD382,Accessories,Wireless Mouse,HP,1,1564.65,0.29,0.18,1310.86,Credit Card,In-Store,EMP754,0,0,Express,9,USD
ORD115412,17-03-2024,BR75,Germany,Munich,CUST1689,PROD441,Laptop,HP Spectre x360,LG,1,580.71,0.01,0.18,678.39,UPI,In-Store,EMP868,0,1,Express,10,AED
ORD115413,11-09-2023,BR96,Germany,Munich,CUST9910,PROD776,Accessories,Wireless Mouse,Sony,4,1609.96,0.1,0.18,6839.11,UPI,In-Store,EMP356,0,1,Same Day,7,AED
ORD115414,08-09-2024,BR106,India,Bangalore,CUST9665,PROD124,TV,Sony Bravia 55,Apple,2,1125.76,0.28,0.18,1912.89,Debit Card,Online,EMP526,0,0,Standard,2,EUR
ORD115415,07-04-2024,BR117,UK,London,CUST6743,PROD284,Accessories,Keyboard,OnePlus,2,756.95,0.06,0.18,1679.22,Debit Card,Online,EMP934,0,1,Same Day,3,INR
ORD115416,12-06-2023,BR64,Germany,Hamburg,CUST8980,PROD565,Mobile,OnePlus 11,Dell,3,1866.7,0.18,0.18,5418.66,Debit Card,Online,EMP404,1,1,Express,3,EUR
ORD115417,25-01-2024,BR29,Germany,Berlin,CUST4962,PROD627,Tablet,Samsung Galaxy Tab,OnePlus,4,462.28,0.25,0.18,1636.47,Net Banking,Online,EMP437,1,0,Standard,9,USD
ORD115418,10-01-2023,BR16,USA,Chicago,CUST8296,PROD997,Laptop,Dell XPS 13,OnePlus,2,321.3,0.06,0.18,712.77,Credit Card,In-Store,EMP691,2,0,Same Day,1,INR
ORD115419,18-06-2024,BR42,India,Mumbai,CUST2075,PROD904,TV,Samsung QLED 50,Sony,3,443.58,0.29,0.18,1114.89,Cash,In-Store,EMP274,2,1,Express,2,USD
ORD115420,19-10-2023,BR48,USA,Chicago,CUST1709,PROD453,Tablet,Lenovo Tab P11,HP,4,1703.85,0.04,0.18,7720.49,Net Banking,Online,EMP929,1,1,Express,8,GBP
ORD115421,04-10-2023,BR23,USA,Dallas,CUST8414,PROD223,Tablet,Samsung Galaxy Tab,LG,5,1868.74,0.06,0.18,10364.03,Net Banking,Online,EMP308,1,1,Same Day,7,USD
ORD115422,08-12-2024,BR83,USA,Los Angeles,CUST8066,PROD798,Accessories,Wireless Mouse,HP,3,221.8,0.2,0.18,628.14,UPI,Online,EMP493,3,0,Standard,4,INR
ORD115423,21-05-2023,BR118,USA,New York,CUST5425,PROD629,Mobile,Samsung Galaxy S23,Samsung,2,138.62,0.06,0.18,307.51,UPI,In-Store,EMP622,1,1,Express,4,GBP
ORD115424,26-01-2024,BR48,India,Delhi,CUST3840,PROD672,Tablet,iPad Air,OnePlus,3,1603.06,0.19,0.18,4596.61,Debit Card,In-Store,EMP293,3,1,Standard,1,INR
ORD115425,24-05-2024,BR92,USA,New York,CUST5758,PROD321,Accessories,Wireless Mouse,Dell,2,687.04,0.23,0.18,1248.49,Cash,In-Store,EMP270,2,0,Standard,5,USD
ORD115426,04-04-2023,BR24,UK,Manchester,CUST3891,PROD769,Accessories,Keyboard,Sony,4,1814.1,0.17,0.18,7106.92,Debit Card,Online,EMP630,1,0,Same Day,3,EUR
ORD115427,15-09-2024,BR28,UK,London,CUST9898,PROD366,Mobile,Samsung Galaxy S23,Lenovo,2,827.5,0.24,0.18,1484.2,Debit Card,In-Store,EMP678,2,1,Same Day,8,AED
ORD115428,18-07-2024,BR59,India,Delhi,CUST2399,PROD234,Laptop,HP Spectre x360,LG,2,1121.3,0.08,0.18,2434.57,UPI,Online,EMP615,1,0,Same Day,6,INR
ORD115429,29-12-2023,BR103,Germany,Munich,CUST1495,PROD469,Tablet,Samsung Galaxy Tab,Apple,1,1848.52,0.21,0.18,1723.19,Net Banking,Online,EMP760,2,0,Standard,2,EUR
ORD115430,27-02-2024,BR101,USA,Los Angeles,CUST5832,PROD531,Mobile,iPhone 14,Dell,2,1185.3,0.07,0.18,2601.5,UPI,Online,EMP697,1,0,Express,6,USD
ORD115431,16-06-2024,BR72,USA,New York,CUST6954,PROD390,Tablet,Lenovo Tab P11,Lenovo,3,74.61,0.19,0.18,213.94,Credit Card,Online,EMP826,2,0,Same Day,4,GBP
ORD115432,08-09-2024,BR117,USA,New York,CUST2343,PROD614,Laptop,MacBook Air M2,Apple,5,334.81,0.29,0.18,1402.52,Net Banking,Online,EMP481,3,1,Standard,2,USD
ORD115433,10-08-2024,BR50,UK,Birmingham,CUST9480,PROD859,Accessories,Bluetooth Headphones,Samsung,2,932.61,0.18,0.18,1804.79,Credit Card,In-Store,EMP601,2,1,Express,10,EUR
ORD115434,20-09-2024,BR44,USA,Chicago,CUST6743,PROD502,Tablet,Samsung Galaxy Tab,Apple,5,60.74,0.12,0.18,315.36,Net Banking,Online,EMP998,2,1,Standard,10,EUR
ORD115435,16-08-2024,BR111,Germany,Hamburg,CUST5627,PROD180,TV,Sony Bravia 55,HP,4,877.56,0.16,0.18,3479.35,Cash,In-Store,EMP350,1,1,Same Day,5,GBP
ORD115436,07-06-2024,BR39,Germany,Munich,CUST2739,PROD691,TV,Sony Bravia 55,Sony,5,1330.89,0.25,0.18,5889.19,UPI,Online,EMP487,1,0,Same Day,6,AED
ORD115437,10-11-2024,BR71,USA,New York,CUST1259,PROD517,Accessories,Bluetooth Headphones,Dell,5,802.81,0.04,0.18,4547.12,Cash,In-Store,EMP603,1,1,Standard,1,GBP
ORD115438,15-05-2024,BR15,UK,Birmingham,CUST8207,PROD492,Laptop,HP Spectre x360,Dell,3,1887.8,0.19,0.18,5413.08,UPI,In-Store,EMP802,1,1,Express,1,INR
ORD115439,04-12-2023,BR42,UAE,Dubai,CUST9197,PROD576,Accessories,Bluetooth Headphones,Dell,1,488.26,0.06,0.18,541.58,UPI,In-Store,EMP543,3,1,Express,8,INR
ORD115440,11-09-2024,BR54,India,Delhi,CUST3052,PROD640,Accessories,Bluetooth Headphones,OnePlus,2,1105.08,0.14,0.18,2242.87,Debit Card,In-Store,EMP753,3,0,Express,3,AED
ORD115441,29-09-2024,BR48,UK,London,CUST6203,PROD523,Laptop,MacBook Air M2,LG,5,962.69,0.23,0.18,4373.5,Cash,In-Store,EMP521,1,1,Express,5,INR
ORD115442,25-04-2023,BR100,UK,Birmingham,CUST6332,PROD512,Accessories,Bluetooth Headphones,LG,1,1196.35,0.14,0.18,1214.06,UPI,In-Store,EMP777,0,0,Same Day,10,GBP
ORD115443,12-09-2023,BR55,Germany,Munich,CUST1387,PROD252,Laptop,Dell XPS 13,Lenovo,4,342.8,0.04,0.18,1553.3,Credit Card,In-Store,EMP959,3,1,Standard,7,INR
ORD115444,08-07-2024,BR55,UAE,Dubai,CUST9049,PROD858,Accessories,Wireless Mouse,Apple,1,102.81,0.05,0.18,115.25,Net Banking,In-Store,EMP511,1,0,Express,7,INR
ORD115445,13-06-2024,BR82,Germany,Berlin,CUST9215,PROD256,TV,Samsung QLED 50,Apple,2,1415.33,0.23,0.18,2571.94,UPI,In-Store,EMP998,3,0,Express,4,USD
ORD115446,07-08-2023,BR82,UAE,Abu Dhabi,CUST5135,PROD127,TV,LG OLED 48,OnePlus,2,1743.01,0.23,0.18,3167.4,Credit Card,In-Store,EMP820,1,1,Express,5,USD
ORD115447,25-06-2024,BR1,Germany,Munich,CUST1738,PROD667,TV,LG OLED 48,OnePlus,5,1810.49,0.11,0.18,9506.88,UPI,Online,EMP986,1,0,Same Day,6,USD
ORD115448,07-07-2024,BR76,Germany,Munich,CUST4282,PROD621,Laptop,HP Spectre x360,Lenovo,2,643.36,0.2,0.18,1214.66,Net Banking,Online,EMP599,3,1,Same Day,10,AED
ORD115449,18-05-2024,BR11,UAE,Abu Dhabi,CUST1840,PROD764,Accessories,Bluetooth Headphones,Sony,1,1567.77,0.08,0.18,1701.97,Debit Card,Online,EMP587,0,1,Express,2,EUR
ORD115450,20-02-2023,BR23,UK,Manchester,CUST5436,PROD867,Laptop,HP Spectre x360,Sony,4,236.35,0.18,0.18,914.77,Net Banking,In-Store,EMP383,2,1,Same Day,2,INR
ORD115451,11-09-2023,BR120,UAE,Dubai,CUST8160,PROD951,Accessories,Keyboard,Samsung,3,1322.68,0.09,0.18,4260.88,Credit Card,Online,EMP968,1,0,Standard,5,EUR
ORD115452,20-02-2023,BR84,Germany,Munich,CUST6266,PROD434,Accessories,Keyboard,Sony,4,710.16,0.04,0.18,3217.88,Debit Card,Online,EMP276,0,0,Same Day,7,USD
ORD115453,08-10-2024,BR16,UAE,Dubai,CUST6791,PROD511,Tablet,iPad Air,Sony,2,69.47,0.21,0.18,129.52,Debit Card,Online,EMP418,3,0,Standard,3,EUR
ORD115454,28-04-2024,BR71,India,Delhi,CUST1559,PROD545,Accessories,Wireless Mouse,LG,4,328.3,0.05,0.18,1472.1,Credit Card,In-Store,EMP532,3,1,Same Day,10,GBP
ORD115455,15-11-2024,BR5,UAE,Dubai,CUST1280,PROD341,Accessories,Bluetooth Headphones,Lenovo,4,1514.03,0.1,0.18,6431.6,Debit Card,In-Store,EMP566,1,0,Standard,3,GBP
ORD115456,15-05-2024,BR103,Germany,Munich,CUST6814,PROD450,Accessories,Wireless Mouse,Dell,3,1269.2,0.11,0.18,3998.74,Net Banking,In-Store,EMP551,2,1,Express,2,INR
ORD115457,08-12-2023,BR87,UAE,Abu Dhabi,CUST1373,PROD249,Tablet,Samsung Galaxy Tab,LG,4,431.67,0.24,0.18,1548.49,Credit Card,In-Store,EMP640,2,0,Express,6,INR
ORD115458,13-05-2024,BR1,USA,Los Angeles,CUST4033,PROD488,TV,Samsung QLED 50,Apple,2,1768.14,0.19,0.18,3379.98,Debit Card,Online,EMP276,1,0,Express,10,AED
ORD115459,24-06-2024,BR23,India,Mumbai,CUST5647,PROD768,TV,Samsung QLED 50,HP,3,1086.21,0.24,0.18,2922.34,UPI,Online,EMP734,0,0,Same Day,8,INR
ORD115460,20-07-2023,BR96,India,Pune,CUST9330,PROD385,Accessories,Wireless Mouse,Samsung,3,1497.65,0.21,0.18,4188.33,Net Banking,In-Store,EMP426,0,0,Same Day,8,INR
ORD115461,06-08-2023,BR65,Germany,Hamburg,CUST6988,PROD467,TV,Sony Bravia 55,Lenovo,3,1582.08,0.08,0.18,5152.52,Net Banking,In-Store,EMP718,0,1,Same Day,7,EUR
ORD115462,27-03-2023,BR61,Germany,Berlin,CUST8438,PROD803,Tablet,Samsung Galaxy Tab,LG,3,90.88,0.2,0.18,257.37,Credit Card,Online,EMP861,2,1,Standard,9,GBP
ORD115463,16-03-2023,BR17,UK,Manchester,CUST5573,PROD584,Mobile,OnePlus 11,LG,3,813.23,0.11,0.18,2562.16,Cash,Online,EMP693,2,1,Same Day,7,USD
ORD115464,09-09-2024,BR65,UK,Birmingham,CUST7054,PROD363,Tablet,iPad Air,Dell,2,77.58,0.02,0.18,179.43,UPI,In-Store,EMP706,0,0,Standard,10,GBP
ORD115465,01-02-2023,BR39,USA,Los Angeles,CUST7893,PROD219,Laptop,HP Spectre x360,HP,3,1239.64,0.12,0.18,3861.73,Cash,Online,EMP222,1,1,Express,10,GBP
ORD115466,15-05-2024,BR78,India,Mumbai,CUST8772,PROD788,Accessories,Keyboard,Sony,1,1446.97,0.17,0.18,1417.16,Net Banking,Online,EMP669,1,0,Standard,4,AED
ORD115467,27-01-2023,BR117,USA,Los Angeles,CUST9395,PROD751,Mobile,Samsung Galaxy S23,Sony,5,1391.37,0.04,0.18,7880.72,Cash,In-Store,EMP840,3,1,Same Day,7,GBP
ORD115468,30-12-2023,BR53,Germany,Munich,CUST4724,PROD596,TV,Samsung QLED 50,Dell,3,1596.49,0.24,0.18,4295.2,Net Banking,In-Store,EMP965,1,1,Express,6,USD
ORD115469,16-06-2024,BR25,UK,Manchester,CUST9627,PROD672,Accessories,Bluetooth Headphones,Samsung,3,958.19,0.11,0.18,3018.87,Debit Card,Online,EMP461,3,0,Express,3,USD
ORD115470,05-04-2023,BR27,Germany,Berlin,CUST8886,PROD535,Tablet,Samsung Galaxy Tab,Samsung,2,313.74,0.25,0.18,555.32,Credit Card,In-Store,EMP697,1,0,Same Day,9,AED
ORD115471,08-10-2024,BR102,UK,Manchester,CUST4932,PROD841,TV,Sony Bravia 55,Apple,4,1703.8,0.21,0.18,6353.13,Credit Card,Online,EMP915,0,0,Same Day,9,GBP
ORD115472,16-04-2023,BR90,India,Pune,CUST2542,PROD927,Mobile,OnePlus 11,Apple,1,1892.7,0.11,0.18,1987.71,Credit Card,Online,EMP945,3,0,Express,1,USD
ORD115473,29-12-2023,BR49,India,Mumbai,CUST3268,PROD344,Accessories,Keyboard,HP,3,1627.52,0.15,0.18,4897.21,Net Banking,Online,EMP876,2,0,Same Day,3,EUR
ORD115474,28-03-2023,BR9,UK,Manchester,CUST1539,PROD873,Laptop,HP Spectre x360,Sony,2,1142.16,0.08,0.18,2479.86,Credit Card,Online,EMP996,1,1,Same Day,1,INR
ORD115475,23-05-2023,BR97,Germany,Hamburg,CUST7926,PROD869,TV,LG OLED 48,Lenovo,3,1208.53,0.13,0.18,3722.03,Debit Card,In-Store,EMP435,2,0,Standard,5,EUR
ORD115476,26-08-2024,BR38,India,Mumbai,CUST3144,PROD393,Tablet,Lenovo Tab P11,Lenovo,1,1774.36,0.19,0.18,1695.93,Net Banking,In-Store,EMP229,0,0,Same Day,9,EUR
ORD115477,11-06-2024,BR21,Germany,Hamburg,CUST7007,PROD885,Laptop,Dell XPS 13,Sony,1,667.11,0.13,0.18,684.86,Cash,In-Store,EMP613,1,1,Standard,10,GBP
ORD115478,24-10-2023,BR4,Germany,Munich,CUST3913,PROD305,TV,LG OLED 48,Dell,5,131.57,0.08,0.18,714.16,Cash,In-Store,EMP757,1,1,Same Day,3,GBP
ORD115479,13-02-2024,BR87,USA,Dallas,CUST2428,PROD478,TV,Samsung QLED 50,Lenovo,4,1888.02,0.03,0.18,8644.11,UPI,Online,EMP299,1,1,Same Day,1,AED
ORD115480,26-02-2024,BR84,India,Mumbai,CUST6318,PROD943,TV,LG OLED 48,Sony,4,1247.53,0.05,0.18,5593.92,Cash,Online,EMP803,1,0,Standard,4,USD
ORD115481,15-10-2023,BR71,UK,Manchester,CUST3838,PROD192,Mobile,Samsung Galaxy S23,Dell,3,375.26,0.15,0.18,1129.16,Net Banking,Online,EMP741,2,0,Same Day,6,GBP
ORD115482,07-11-2024,BR77,Germany,Hamburg,CUST3666,PROD451,Accessories,Wireless Mouse,OnePlus,1,1509.51,0.2,0.18,1424.98,Cash,In-Store,EMP477,0,1,Standard,9,USD
ORD115483,10-10-2024,BR106,USA,Dallas,CUST4390,PROD862,Mobile,iPhone 14,Samsung,5,1047.45,0.15,0.18,5252.96,Net Banking,Online,EMP763,2,0,Standard,8,GBP
ORD115484,07-02-2023,BR13,Germany,Hamburg,CUST6184,PROD712,Mobile,Samsung Galaxy S23,Apple,3,203.94,0.13,0.18,628.09,Credit Card,In-Store,EMP902,3,0,Standard,6,EUR
ORD115485,13-01-2024,BR99,Germany,Hamburg,CUST7884,PROD647,Mobile,OnePlus 11,Samsung,3,1324.5,0.03,0.18,4548.07,Credit Card,Online,EMP391,1,0,Express,1,INR
ORD115486,10-05-2024,BR54,UAE,Dubai,CUST4984,PROD758,Mobile,OnePlus 11,Sony,3,762.12,0.12,0.18,2374.16,Debit Card,Online,EMP892,1,0,Same Day,9,GBP
ORD115487,18-12-2023,BR8,India,Bangalore,CUST8805,PROD222,Mobile,OnePlus 11,Lenovo,3,1632.8,0.01,0.18,5722.31,Debit Card,In-Store,EMP387,0,1,Express,6,INR
ORD115488,14-11-2023,BR113,UK,London,CUST1411,PROD869,Accessories,Wireless Mouse,HP,5,503.35,0.26,0.18,2197.63,Net Banking,In-Store,EMP757,0,0,Same Day,1,GBP
ORD115489,06-10-2023,BR85,USA,New York,CUST1237,PROD471,Laptop,Dell XPS 13,LG,1,789.48,0.03,0.18,903.64,UPI,In-Store,EMP673,3,0,Same Day,8,EUR
ORD115490,16-02-2023,BR96,Germany,Munich,CUST6889,PROD636,Laptop,HP Spectre x360,HP,3,751.19,0.23,0.18,2047.59,Debit Card,Online,EMP566,3,0,Express,7,EUR
ORD115491,08-05-2024,BR86,USA,Los Angeles,CUST5454,PROD328,Accessories,Wireless Mouse,Samsung,3,619.52,0.24,0.18,1666.76,UPI,Online,EMP889,3,1,Same Day,6,USD
ORD115492,11-11-2023,BR1,UAE,Dubai,CUST4759,PROD435,Laptop,HP Spectre x360,LG,2,259.12,0.14,0.18,525.91,UPI,Online,EMP805,0,1,Express,5,EUR
ORD115493,27-09-2023,BR73,UK,Manchester,CUST2296,PROD369,TV,Sony Bravia 55,Samsung,2,1744.67,0.23,0.18,3170.41,Net Banking,Online,EMP834,3,1,Express,5,INR
ORD115494,13-09-2023,BR45,UK,Birmingham,CUST2005,PROD294,Mobile,iPhone 14,Dell,5,1699.93,0.27,0.18,7321.6,UPI,In-Store,EMP312,0,0,Same Day,10,USD
ORD115495,06-05-2024,BR46,India,Mumbai,CUST7220,PROD351,Mobile,OnePlus 11,Lenovo,4,1413.71,0.16,0.18,5605.08,Cash,Online,EMP651,0,1,Same Day,2,INR
ORD115496,10-04-2023,BR46,UK,London,CUST6230,PROD677,Accessories,Bluetooth Headphones,OnePlus,4,1333.51,0.16,0.18,5287.1,Credit Card,In-Store,EMP691,0,0,Same Day,1,EUR
ORD115497,06-11-2023,BR83,UK,Manchester,CUST4890,PROD272,Tablet,iPad Air,Lenovo,4,633.03,0.22,0.18,2330.56,Debit Card,In-Store,EMP473,2,0,Express,7,INR
ORD115498,17-02-2023,BR1,UAE,Dubai,CUST2012,PROD879,Accessories,Bluetooth Headphones,Dell,3,204.99,0.18,0.18,595.04,Credit Card,Online,EMP879,0,1,Same Day,2,AED
ORD115499,03-09-2023,BR8,UAE,Dubai,CUST1616,PROD671,Mobile,OnePlus 11,Lenovo,3,1241.54,0.22,0.18,3428.14,Net Banking,Online,EMP977,0,0,Standard,2,INR
ORD115500,22-12-2024,BR108,India,Pune,CUST6902,PROD996,Laptop,Dell XPS 13,HP,5,615.1,0.21,0.18,2866.98,UPI,In-Store,EMP483,0,1,Express,7,EUR
ORD115501,27-01-2024,BR117,UK,Birmingham,CUST5386,PROD756,Mobile,OnePlus 11,Samsung,4,917.8,0.1,0.18,3898.81,Net Banking,Online,EMP785,2,0,Express,4,EUR
ORD115502,08-08-2024,BR7,India,Mumbai,CUST5810,PROD624,Tablet,Lenovo Tab P11,Dell,3,1238.09,0.04,0.18,4207.53,UPI,In-Store,EMP308,3,0,Standard,6,EUR
ORD115503,30-06-2024,BR8,Germany,Munich,CUST2805,PROD411,TV,LG OLED 48,Dell,1,1031.96,0.1,0.18,1095.94,UPI,In-Store,EMP745,2,1,Express,9,INR
ORD115504,14-12-2024,BR59,USA,Chicago,CUST9018,PROD869,Mobile,iPhone 14,Dell,5,397.75,0.18,0.18,1924.31,Net Banking,In-Store,EMP519,0,1,Same Day,4,EUR
ORD115505,28-03-2024,BR14,India,Mumbai,CUST7738,PROD589,Accessories,Bluetooth Headphones,OnePlus,1,1416.39,0.27,0.18,1220.08,Debit Card,Online,EMP293,2,1,Express,10,USD
ORD115506,19-12-2024,BR52,Germany,Munich,CUST6800,PROD850,Laptop,Dell XPS 13,LG,4,1103.82,0.12,0.18,4584.83,Credit Card,Online,EMP495,3,1,Express,2,EUR
ORD115507,19-07-2023,BR59,India,Bangalore,CUST5342,PROD881,Mobile,OnePlus 11,Samsung,2,1948.74,0.02,0.18,4507.05,UPI,Online,EMP306,1,1,Standard,3,INR
ORD115508,03-04-2023,BR29,Germany,Berlin,CUST1627,PROD746,Tablet,Lenovo Tab P11,OnePlus,5,930.53,0.01,0.18,5435.23,Cash,In-Store,EMP324,2,1,Same Day,9,EUR
ORD115509,04-04-2024,BR66,USA,Los Angeles,CUST9000,PROD498,Mobile,iPhone 14,Sony,1,1168.64,0.05,0.18,1310.05,Cash,In-Store,EMP355,1,0,Express,9,GBP
ORD115510,17-07-2023,BR62,USA,Dallas,CUST7319,PROD343,Laptop,Dell XPS 13,Sony,2,161.89,0.17,0.18,317.11,UPI,Online,EMP701,0,0,Same Day,10,GBP
ORD115511,28-10-2024,BR69,UAE,Dubai,CUST3419,PROD999,TV,Samsung QLED 50,Sony,2,1969.56,0.28,0.18,3346.68,Debit Card,In-Store,EMP632,2,0,Same Day,4,USD
ORD115512,11-03-2024,BR108,Germany,Munich,CUST2481,PROD445,Accessories,Keyboard,OnePlus,3,459.03,0.24,0.18,1234.97,Credit Card,Online,EMP202,3,0,Standard,8,GBP
ORD115513,29-11-2024,BR39,India,Pune,CUST4037,PROD715,Laptop,HP Spectre x360,OnePlus,1,179.99,0.16,0.18,178.41,Net Banking,In-Store,EMP719,3,0,Express,6,USD
ORD115514,17-01-2023,BR87,UAE,Dubai,CUST3733,PROD756,Mobile,OnePlus 11,HP,4,527.07,0.25,0.18,1865.83,UPI,In-Store,EMP431,0,0,Same Day,5,AED
ORD115515,25-07-2023,BR51,India,Pune,CUST1854,PROD178,Accessories,Keyboard,Lenovo,4,1495.14,0.22,0.18,5504.51,Debit Card,In-Store,EMP762,1,1,Standard,6,EUR
ORD115516,06-01-2023,BR65,USA,New York,CUST4073,PROD391,Laptop,Dell XPS 13,OnePlus,1,726.37,0.29,0.18,608.55,UPI,In-Store,EMP492,3,1,Standard,9,GBP
ORD115517,15-12-2024,BR43,UAE,Abu Dhabi,CUST6066,PROD641,TV,LG OLED 48,Samsung,1,665.81,0.29,0.18,557.82,Credit Card,Online,EMP552,0,0,Express,5,EUR
ORD115518,09-07-2023,BR116,USA,Los Angeles,CUST1116,PROD258,Tablet,iPad Air,Lenovo,3,1243.24,0.04,0.18,4225.03,Cash,In-Store,EMP322,2,0,Express,5,USD
ORD115519,04-04-2023,BR87,UK,Birmingham,CUST6052,PROD190,Accessories,Keyboard,Dell,3,1983.5,0.29,0.18,4985.33,Credit Card,In-Store,EMP626,3,1,Same Day,6,USD
ORD115520,06-05-2024,BR67,UAE,Dubai,CUST6997,PROD534,Accessories,Keyboard,OnePlus,1,793.53,0.06,0.18,880.18,Net Banking,Online,EMP815,3,1,Same Day,8,INR
ORD115521,25-02-2024,BR82,UK,Manchester,CUST5213,PROD391,Laptop,HP Spectre x360,Dell,5,1834.2,0.26,0.18,8008.12,UPI,In-Store,EMP569,1,0,Same Day,5,GBP
ORD115522,14-06-2023,BR56,USA,Chicago,CUST8468,PROD924,TV,Sony Bravia 55,LG,4,255.43,0.04,0.18,1157.4,Cash,Online,EMP395,0,0,Express,2,INR
ORD115523,07-02-2023,BR80,Germany,Hamburg,CUST8764,PROD835,Mobile,OnePlus 11,Lenovo,1,290.6,0.17,0.18,284.61,UPI,In-Store,EMP499,3,0,Same Day,10,EUR
ORD115524,23-10-2024,BR66,Germany,Munich,CUST4556,PROD436,TV,Sony Bravia 55,Lenovo,2,567.66,0.01,0.18,1326.28,Cash,In-Store,EMP205,1,1,Express,8,AED
ORD115525,13-11-2024,BR65,USA,Los Angeles,CUST4516,PROD273,Laptop,MacBook Air M2,Samsung,2,568.71,0.07,0.18,1248.2,Cash,In-Store,EMP441,3,1,Express,6,INR
ORD115526,29-09-2023,BR1,UK,London,CUST1872,PROD321,Mobile,OnePlus 11,Lenovo,4,1615.21,0.13,0.18,6632.7,Debit Card,Online,EMP757,1,0,Same Day,7,AED
ORD115527,22-08-2024,BR23,Germany,Berlin,CUST5035,PROD448,Mobile,OnePlus 11,Apple,5,1764.51,0.25,0.18,7807.96,Debit Card,In-Store,EMP612,0,0,Express,8,EUR
ORD115528,27-08-2023,BR67,UK,Manchester,CUST5577,PROD372,Accessories,Bluetooth Headphones,OnePlus,2,181.87,0.28,0.18,309.03,Debit Card,In-Store,EMP809,2,1,Standard,1,AED
ORD115529,15-05-2023,BR21,India,Mumbai,CUST8220,PROD648,Tablet,Lenovo Tab P11,Lenovo,1,91.83,0.07,0.18,100.77,Debit Card,In-Store,EMP468,1,1,Same Day,4,INR
ORD115530,15-11-2023,BR33,UAE,Dubai,CUST9483,PROD161,Mobile,iPhone 14,Apple,5,827.69,0.27,0.18,3564.86,UPI,Online,EMP255,0,0,Same Day,5,INR
ORD115531,13-01-2023,BR9,India,Pune,CUST2514,PROD941,Mobile,iPhone 14,Dell,4,437.36,0.29,0.18,1465.68,Credit Card,Online,EMP362,2,1,Same Day,2,USD
ORD115532,26-11-2024,BR117,UK,Birmingham,CUST9562,PROD647,Mobile,OnePlus 11,OnePlus,2,1323.26,0.28,0.18,2248.48,Cash,Online,EMP342,1,0,Same Day,8,AED
ORD115533,21-05-2024,BR94,India,Bangalore,CUST7792,PROD491,Mobile,iPhone 14,Dell,2,930.33,0.09,0.18,1997.98,Debit Card,Online,EMP924,3,1,Express,6,AED
ORD115534,18-11-2024,BR55,UAE,Dubai,CUST2674,PROD152,Tablet,Lenovo Tab P11,LG,2,1749.83,0.29,0.18,2932.02,UPI,In-Store,EMP653,2,0,Express,6,AED
ORD115535,12-06-2024,BR30,India,Delhi,CUST2679,PROD468,TV,Sony Bravia 55,OnePlus,4,1279.89,0.06,0.18,5678.62,UPI,Online,EMP817,0,1,Express,9,USD
ORD115536,25-08-2023,BR37,Germany,Hamburg,CUST5624,PROD132,Laptop,HP Spectre x360,LG,2,1875.46,0.05,0.18,4204.78,Net Banking,In-Store,EMP750,3,1,Same Day,3,AED
ORD115537,08-03-2023,BR12,India,Mumbai,CUST6266,PROD289,Laptop,Dell XPS 13,Apple,2,857.47,0.3,0.18,1416.54,Credit Card,In-Store,EMP859,3,1,Express,6,EUR
ORD115538,28-05-2024,BR6,UK,Birmingham,CUST7376,PROD234,Accessories,Bluetooth Headphones,Dell,5,358.17,0.27,0.18,1542.64,Cash,Online,EMP211,2,0,Express,3,AED
ORD115539,30-06-2023,BR2,Germany,Berlin,CUST5975,PROD110,Laptop,Dell XPS 13,Apple,3,349.33,0.11,0.18,1100.6,Net Banking,In-Store,EMP499,0,0,Standard,10,GBP
ORD115540,06-08-2024,BR74,Germany,Munich,CUST6224,PROD180,Tablet,iPad Air,Samsung,4,383.2,0.17,0.18,1501.22,Cash,Online,EMP647,2,0,Express,10,EUR
ORD115541,02-08-2024,BR95,USA,Los Angeles,CUST4519,PROD551,Mobile,Samsung Galaxy S23,Apple,5,906.51,0.15,0.18,4546.15,Cash,In-Store,EMP558,0,0,Standard,4,AED
ORD115542,11-11-2023,BR6,UK,Birmingham,CUST5233,PROD817,Tablet,Samsung Galaxy Tab,Lenovo,4,1693.14,0.11,0.18,7112.54,Cash,In-Store,EMP618,1,1,Same Day,2,AED
ORD115543,02-12-2024,BR49,UK,Manchester,CUST7158,PROD950,TV,LG OLED 48,Lenovo,2,1426.58,0.23,0.18,2592.38,Cash,In-Store,EMP256,2,0,Standard,7,GBP
ORD115544,26-10-2023,BR47,Germany,Berlin,CUST4102,PROD951,TV,LG OLED 48,Dell,2,123.24,0.19,0.18,235.59,Debit Card,In-Store,EMP560,2,1,Same Day,6,GBP
ORD115545,09-01-2023,BR114,UK,Birmingham,CUST8046,PROD905,Laptop,MacBook Air M2,Apple,2,1822.93,0.07,0.18,4000.97,Net Banking,Online,EMP369,1,0,Express,7,AED
ORD115546,01-01-2024,BR62,USA,Chicago,CUST1456,PROD647,Mobile,OnePlus 11,Sony,1,1933.7,0.07,0.18,2122.04,Cash,Online,EMP439,3,0,Same Day,2,AED
ORD115547,01-03-2023,BR14,Germany,Berlin,CUST1074,PROD382,Accessories,Wireless Mouse,Dell,5,145.74,0.12,0.18,756.68,Net Banking,In-Store,EMP991,3,1,Standard,5,GBP
ORD115548,15-09-2023,BR93,UK,Birmingham,CUST1016,PROD310,TV,LG OLED 48,LG,1,1674.23,0.14,0.18,1699.01,UPI,In-Store,EMP702,2,0,Standard,2,AED
ORD115549,19-06-2024,BR104,India,Delhi,CUST5429,PROD958,Laptop,Dell XPS 13,Lenovo,1,671.26,0.16,0.18,665.35,Cash,Online,EMP842,1,1,Same Day,5,USD
ORD115550,03-06-2024,BR46,India,Bangalore,CUST8618,PROD710,Laptop,Dell XPS 13,OnePlus,1,1424.28,0.18,0.18,1378.13,Debit Card,Online,EMP516,2,0,Express,2,EUR
ORD115551,04-12-2023,BR30,UK,Manchester,CUST7916,PROD552,Accessories,Keyboard,Apple,3,1956.19,0.26,0.18,5124.44,UPI,In-Store,EMP644,3,1,Same Day,1,EUR
ORD115552,23-01-2024,BR85,Germany,Munich,CUST6219,PROD281,TV,Samsung QLED 50,OnePlus,5,1383.41,0.13,0.18,7101.04,Credit Card,In-Store,EMP539,0,0,Same Day,1,AED
ORD115553,20-04-2024,BR20,USA,New York,CUST1185,PROD211,Laptop,MacBook Air M2,Samsung,1,743.43,0.12,0.18,771.98,Debit Card,Online,EMP594,1,0,Express,7,EUR
ORD115554,30-08-2023,BR82,UK,Manchester,CUST5785,PROD464,Mobile,OnePlus 11,LG,4,1614.76,0.09,0.18,6935.72,Debit Card,In-Store,EMP238,2,1,Same Day,5,GBP
ORD115555,26-03-2024,BR28,USA,New York,CUST7738,PROD159,Accessories,Bluetooth Headphones,OnePlus,2,924.07,0.23,0.18,1679.22,UPI,In-Store,EMP363,1,0,Standard,4,USD
ORD115556,08-12-2024,BR80,USA,Los Angeles,CUST1836,PROD245,Tablet,iPad Air,Lenovo,1,811.65,0.2,0.18,766.2,Cash,Online,EMP582,1,1,Same Day,3,EUR
ORD115557,20-05-2023,BR30,India,Delhi,CUST3590,PROD373,Mobile,iPhone 14,LG,4,946.33,0.26,0.18,3305.34,Debit Card,In-Store,EMP350,2,1,Express,2,EUR
ORD115558,27-02-2024,BR26,Germany,Hamburg,CUST7277,PROD145,Accessories,Keyboard,Apple,4,1018.81,0.29,0.18,3414.24,Credit Card,In-Store,EMP673,2,1,Same Day,4,USD
ORD115559,12-04-2023,BR100,USA,Los Angeles,CUST3775,PROD779,Mobile,Samsung Galaxy S23,Samsung,4,1161.58,0.2,0.18,4386.13,Debit Card,Online,EMP591,0,1,Same Day,5,EUR
ORD115560,30-09-2023,BR39,India,Delhi,CUST8913,PROD153,Laptop,Dell XPS 13,OnePlus,4,691.76,0.18,0.18,2677.39,UPI,In-Store,EMP639,0,1,Same Day,6,AED
ORD115561,15-07-2023,BR64,India,Mumbai,CUST3656,PROD920,Mobile,Samsung Galaxy S23,LG,2,1120.16,0.13,0.18,2299.91,Net Banking,Online,EMP270,2,1,Same Day,8,USD
ORD115562,17-05-2023,BR84,Germany,Munich,CUST3362,PROD801,Tablet,iPad Air,OnePlus,5,710.57,0.26,0.18,3102.35,Net Banking,In-Store,EMP770,0,0,Same Day,1,GBP
ORD115563,27-03-2023,BR70,India,Delhi,CUST6730,PROD175,Accessories,Keyboard,Lenovo,4,1095.11,0.24,0.18,3928.38,Debit Card,In-Store,EMP526,1,0,Same Day,2,USD
ORD115564,15-09-2024,BR120,UK,Birmingham,CUST7857,PROD236,Tablet,iPad Air,HP,2,1357.76,0.11,0.18,2851.84,UPI,In-Store,EMP841,0,0,Express,9,EUR
ORD115565,18-08-2024,BR100,UK,Birmingham,CUST8099,PROD157,Tablet,Samsung Galaxy Tab,OnePlus,3,1566.81,0.04,0.18,5324.65,Cash,Online,EMP967,1,0,Standard,3,AED
ORD115566,30-03-2024,BR11,UAE,Dubai,CUST9243,PROD798,Laptop,HP Spectre x360,HP,4,1308,0.08,0.18,5679.86,Debit Card,In-Store,EMP665,1,0,Express,3,AED
ORD115567,06-05-2023,BR82,UAE,Abu Dhabi,CUST7535,PROD366,TV,Samsung QLED 50,LG,5,1171.91,0.17,0.18,5738.84,Net Banking,Online,EMP473,2,1,Standard,5,EUR
ORD115568,22-04-2023,BR5,UK,Birmingham,CUST6751,PROD399,Mobile,OnePlus 11,Apple,2,711.12,0.25,0.18,1258.68,UPI,In-Store,EMP332,3,1,Same Day,4,AED
ORD115569,06-08-2024,BR99,UAE,Dubai,CUST9116,PROD724,Mobile,Samsung Galaxy S23,Lenovo,3,1568.73,0.16,0.18,4664.78,Net Banking,In-Store,EMP583,2,1,Express,2,INR
ORD115570,13-04-2023,BR69,UK,London,CUST8249,PROD176,Laptop,HP Spectre x360,Apple,3,674.26,0.14,0.18,2052.72,UPI,Online,EMP450,1,1,Express,7,AED
ORD115571,29-11-2024,BR76,India,Bangalore,CUST8020,PROD639,Mobile,Samsung Galaxy S23,Sony,1,971.15,0.19,0.18,928.23,Credit Card,Online,EMP255,2,1,Same Day,7,AED
ORD115572,18-10-2023,BR102,Germany,Munich,CUST8681,PROD413,Tablet,Lenovo Tab P11,LG,2,904.22,0.02,0.18,2091.28,Cash,Online,EMP667,0,1,Same Day,3,EUR
ORD115573,24-12-2024,BR52,UK,Manchester,CUST5021,PROD151,TV,LG OLED 48,OnePlus,4,1784.69,0.17,0.18,6991.7,Net Banking,Online,EMP898,2,0,Express,1,GBP
ORD115574,15-04-2024,BR82,USA,New York,CUST3416,PROD581,Laptop,HP Spectre x360,LG,3,1558.68,0.05,0.18,5241.84,Net Banking,Online,EMP659,1,0,Standard,7,INR
ORD115575,03-09-2023,BR55,India,Bangalore,CUST3467,PROD391,Tablet,iPad Air,LG,2,673.02,0.15,0.18,1350.08,Credit Card,Online,EMP438,3,1,Standard,2,GBP
ORD115576,05-12-2023,BR78,UK,London,CUST1550,PROD451,Mobile,OnePlus 11,LG,5,649.01,0.06,0.18,3599.41,Debit Card,Online,EMP466,2,0,Express,9,GBP
ORD115577,29-09-2024,BR42,USA,Chicago,CUST1372,PROD119,Mobile,OnePlus 11,LG,1,1714.57,0.16,0.18,1699.48,Net Banking,In-Store,EMP683,1,1,Same Day,1,AED
ORD115578,08-10-2023,BR112,UK,London,CUST8949,PROD968,TV,Samsung QLED 50,Sony,4,310.92,0.09,0.18,1335.46,Net Banking,Online,EMP528,1,1,Standard,8,AED
ORD115579,11-01-2024,BR112,UAE,Abu Dhabi,CUST5282,PROD580,Laptop,Dell XPS 13,LG,2,1413.84,0.05,0.18,3169.83,Cash,Online,EMP784,2,0,Standard,1,USD
ORD115580,09-01-2024,BR45,India,Delhi,CUST8801,PROD311,Tablet,Samsung Galaxy Tab,Apple,1,973.24,0.17,0.18,953.19,Net Banking,Online,EMP765,0,1,Standard,7,GBP
ORD115581,05-11-2023,BR68,Germany,Munich,CUST7845,PROD148,Accessories,Keyboard,Sony,2,410.42,0.24,0.18,736.13,Cash,In-Store,EMP890,1,1,Same Day,1,USD
ORD115582,19-02-2023,BR40,UK,London,CUST3239,PROD529,Tablet,iPad Air,Apple,4,542.12,0.18,0.18,2098.22,Cash,Online,EMP333,3,0,Standard,10,INR
ORD115583,04-08-2024,BR91,UAE,Dubai,CUST9261,PROD736,Laptop,MacBook Air M2,OnePlus,3,1210.59,0.04,0.18,4114.07,Debit Card,In-Store,EMP365,0,0,Standard,2,INR
ORD115584,31-07-2024,BR20,USA,New York,CUST6787,PROD739,Accessories,Keyboard,HP,5,1783.26,0.27,0.18,7680.5,Cash,In-Store,EMP346,2,0,Express,5,USD
ORD115585,15-01-2024,BR31,Germany,Berlin,CUST9581,PROD183,Tablet,iPad Air,OnePlus,3,180.55,0,0.18,639.15,Net Banking,In-Store,EMP425,2,1,Same Day,3,AED
ORD115586,12-11-2024,BR35,UAE,Dubai,CUST4967,PROD520,Tablet,Samsung Galaxy Tab,HP,3,425.99,0.1,0.18,1357.2,Cash,In-Store,EMP259,1,1,Express,3,INR
ORD115587,12-03-2023,BR33,UAE,Abu Dhabi,CUST7305,PROD940,Accessories,Wireless Mouse,Samsung,5,481.6,0.14,0.18,2443.64,Net Banking,Online,EMP814,3,1,Same Day,10,USD
ORD115588,13-05-2023,BR41,USA,Los Angeles,CUST4547,PROD573,Mobile,Samsung Galaxy S23,OnePlus,1,664.66,0.2,0.18,627.44,Net Banking,In-Store,EMP568,3,0,Standard,3,AED
ORD115589,25-07-2023,BR111,India,Bangalore,CUST2847,PROD386,Accessories,Bluetooth Headphones,HP,3,1405.08,0.25,0.18,3730.49,Debit Card,In-Store,EMP944,0,0,Standard,2,EUR
ORD115590,16-10-2023,BR55,UK,Manchester,CUST2227,PROD344,TV,LG OLED 48,Sony,4,1533.27,0.28,0.18,5210.66,Cash,Online,EMP421,1,0,Same Day,6,AED
ORD115591,18-07-2024,BR68,USA,Los Angeles,CUST7207,PROD418,Laptop,Dell XPS 13,Sony,1,1517.84,0.19,0.18,1450.75,UPI,In-Store,EMP937,1,1,Standard,9,EUR
ORD115592,18-07-2023,BR36,USA,Chicago,CUST8669,PROD782,TV,LG OLED 48,Apple,4,899.46,0.23,0.18,3269,Net Banking,Online,EMP934,2,1,Express,6,GBP
ORD115593,31-12-2024,BR39,UK,Birmingham,CUST3689,PROD115,Laptop,MacBook Air M2,OnePlus,3,1334.61,0.18,0.18,3874.11,Net Banking,Online,EMP695,1,1,Standard,2,GBP
ORD115594,28-08-2023,BR25,UK,London,CUST1193,PROD729,Mobile,OnePlus 11,HP,2,1703.49,0.14,0.18,3457.4,Net Banking,In-Store,EMP563,2,1,Express,4,EUR
ORD115595,30-11-2023,BR77,Germany,Hamburg,CUST2743,PROD658,TV,Sony Bravia 55,OnePlus,2,1775.71,0.18,0.18,3436.35,UPI,In-Store,EMP509,3,0,Standard,2,USD
ORD115596,01-03-2023,BR9,Germany,Hamburg,CUST1117,PROD455,Laptop,MacBook Air M2,Lenovo,5,1833.08,0.27,0.18,7895.08,Credit Card,Online,EMP965,1,1,Express,10,INR
ORD115597,13-06-2024,BR52,Germany,Munich,CUST2870,PROD680,Laptop,HP Spectre x360,OnePlus,1,1505.49,0.19,0.18,1438.95,Net Banking,In-Store,EMP855,2,1,Same Day,1,INR
ORD115598,15-06-2023,BR50,UK,Manchester,CUST6444,PROD102,Accessories,Wireless Mouse,Lenovo,3,406.77,0.21,0.18,1137.57,UPI,Online,EMP703,0,1,Express,2,GBP
ORD115599,16-02-2024,BR83,India,Pune,CUST6848,PROD490,Laptop,Dell XPS 13,Lenovo,3,835.69,0.13,0.18,2573.76,Credit Card,Online,EMP479,1,0,Same Day,9,INR
ORD115600,12-03-2023,BR26,India,Mumbai,CUST2313,PROD356,Mobile,iPhone 14,Apple,2,1585.17,0.22,0.18,2917.98,Net Banking,In-Store,EMP847,2,0,Same Day,6,EUR
ORD115601,30-08-2024,BR11,USA,Chicago,CUST2595,PROD865,TV,LG OLED 48,OnePlus,5,1760.57,0.19,0.18,8413.76,UPI,In-Store,EMP924,1,1,Express,1,USD
ORD115602,13-06-2023,BR42,UK,Manchester,CUST7561,PROD141,Tablet,Samsung Galaxy Tab,LG,3,127.53,0.06,0.18,424.37,Cash,In-Store,EMP467,1,1,Standard,4,GBP
ORD115603,08-10-2024,BR115,UK,London,CUST3643,PROD753,Laptop,MacBook Air M2,Samsung,2,483.18,0.26,0.18,843.83,Net Banking,In-Store,EMP366,2,0,Express,2,USD
ORD115604,29-09-2023,BR43,Germany,Munich,CUST8603,PROD937,Mobile,OnePlus 11,Dell,1,1832.16,0.22,0.18,1686.32,UPI,Online,EMP971,0,0,Same Day,8,USD
ORD115605,21-10-2023,BR104,Germany,Munich,CUST9624,PROD152,Laptop,Dell XPS 13,Samsung,4,793.74,0.12,0.18,3296.88,Cash,In-Store,EMP680,1,0,Standard,3,GBP
ORD115606,20-10-2024,BR1,India,Bangalore,CUST9429,PROD980,Accessories,Wireless Mouse,Sony,1,197.54,0.09,0.18,212.12,UPI,In-Store,EMP383,3,0,Standard,8,INR
ORD115607,08-08-2024,BR77,India,Mumbai,CUST6572,PROD945,Accessories,Bluetooth Headphones,LG,1,770.73,0.03,0.18,882.18,Net Banking,Online,EMP668,1,0,Express,6,EUR
ORD115608,20-10-2023,BR15,UK,Manchester,CUST3508,PROD918,TV,LG OLED 48,Samsung,1,667.16,0.19,0.18,637.67,Credit Card,In-Store,EMP538,2,0,Express,5,GBP
ORD115609,21-08-2024,BR42,USA,Dallas,CUST6180,PROD910,TV,Sony Bravia 55,OnePlus,2,412.27,0.26,0.18,719.99,UPI,In-Store,EMP691,3,1,Express,6,EUR
ORD115610,23-01-2024,BR25,UK,Birmingham,CUST2752,PROD397,Laptop,MacBook Air M2,Apple,2,1928.02,0.22,0.18,3549.1,UPI,Online,EMP990,3,1,Express,3,USD
ORD115611,10-11-2023,BR66,Germany,Hamburg,CUST8548,PROD852,Tablet,Samsung Galaxy Tab,Dell,2,250.11,0.19,0.18,478.11,Cash,Online,EMP967,1,0,Same Day,3,AED
ORD115612,07-12-2024,BR7,UK,London,CUST9584,PROD742,TV,Sony Bravia 55,Lenovo,1,1950.87,0.11,0.18,2048.8,Net Banking,Online,EMP371,2,1,Standard,1,USD
ORD115613,05-02-2023,BR100,India,Pune,CUST4109,PROD503,Laptop,Dell XPS 13,LG,2,1958.43,0.14,0.18,3974.83,Cash,Online,EMP364,3,1,Same Day,1,INR
ORD115614,04-04-2023,BR98,USA,Los Angeles,CUST8283,PROD238,Accessories,Wireless Mouse,LG,2,1215.05,0.13,0.18,2494.74,Credit Card,In-Store,EMP341,2,1,Standard,6,EUR
ORD115615,03-02-2024,BR99,India,Pune,CUST7091,PROD265,Accessories,Keyboard,LG,1,900.19,0.04,0.18,1019.74,Credit Card,Online,EMP710,3,0,Same Day,5,GBP
ORD115616,23-12-2023,BR115,India,Delhi,CUST5880,PROD301,Accessories,Keyboard,Samsung,3,691.6,0.29,0.18,1738.27,Debit Card,Online,EMP579,2,1,Standard,3,EUR
ORD115617,08-08-2024,BR38,USA,Dallas,CUST3148,PROD855,Laptop,HP Spectre x360,Lenovo,2,1393,0.08,0.18,3024.48,Net Banking,Online,EMP959,2,0,Express,7,GBP
ORD115618,16-04-2023,BR89,Germany,Munich,CUST9204,PROD906,Mobile,iPhone 14,OnePlus,2,989.89,0.13,0.18,2032.44,UPI,In-Store,EMP590,1,0,Standard,2,EUR
ORD115619,17-02-2023,BR67,UAE,Dubai,CUST2551,PROD924,Tablet,iPad Air,Dell,4,1047.28,0.17,0.18,4102.82,Cash,Online,EMP292,1,0,Standard,10,USD
ORD115620,05-11-2023,BR58,UAE,Abu Dhabi,CUST9400,PROD397,Accessories,Bluetooth Headphones,Lenovo,1,1347.37,0.05,0.18,1510.4,Credit Card,In-Store,EMP989,2,0,Express,9,GBP
ORD115621,20-05-2024,BR81,UAE,Abu Dhabi,CUST2740,PROD736,TV,Sony Bravia 55,OnePlus,5,352.92,0.17,0.18,1728.25,Cash,In-Store,EMP678,1,1,Standard,4,EUR
ORD115622,25-03-2024,BR76,India,Mumbai,CUST4818,PROD338,Accessories,Bluetooth Headphones,Samsung,4,1867.18,0.16,0.18,7403,Net Banking,In-Store,EMP244,1,1,Express,9,USD
ORD115623,17-05-2024,BR28,USA,Chicago,CUST9078,PROD224,Tablet,Lenovo Tab P11,LG,3,493.73,0.22,0.18,1363.29,UPI,Online,EMP628,3,0,Same Day,9,AED
ORD115624,22-05-2024,BR36,UK,Manchester,CUST2789,PROD833,Tablet,Samsung Galaxy Tab,HP,3,702.62,0.03,0.18,2412.66,UPI,In-Store,EMP275,0,1,Express,5,GBP
ORD115625,05-11-2024,BR90,Germany,Munich,CUST8344,PROD980,TV,LG OLED 48,Samsung,5,1661.63,0.17,0.18,8137,UPI,Online,EMP457,2,0,Express,6,INR
ORD115626,18-03-2023,BR57,UK,Birmingham,CUST6985,PROD453,Accessories,Keyboard,Sony,2,1664.76,0.22,0.18,3064.49,Net Banking,In-Store,EMP345,0,1,Standard,5,EUR
ORD115627,22-11-2024,BR73,UAE,Abu Dhabi,CUST7092,PROD224,Mobile,Samsung Galaxy S23,Lenovo,3,83.17,0.09,0.18,267.92,Credit Card,In-Store,EMP798,1,1,Express,3,GBP
ORD115628,20-01-2024,BR19,India,Delhi,CUST4522,PROD425,Accessories,Bluetooth Headphones,Apple,5,1781.59,0.03,0.18,10196.04,Debit Card,In-Store,EMP432,3,0,Same Day,9,INR
ORD115629,01-08-2023,BR52,UK,Birmingham,CUST2422,PROD894,TV,Sony Bravia 55,Sony,3,1182.88,0.2,0.18,3349.92,UPI,Online,EMP401,0,1,Express,3,USD
ORD115630,07-04-2023,BR50,UAE,Dubai,CUST9323,PROD657,Accessories,Keyboard,LG,3,262.84,0.08,0.18,856.02,UPI,Online,EMP418,0,0,Same Day,7,GBP
ORD115631,21-10-2023,BR100,USA,Dallas,CUST2572,PROD580,Tablet,iPad Air,Apple,1,590.08,0.1,0.18,626.66,Cash,Online,EMP616,1,0,Same Day,10,GBP
ORD115632,11-12-2023,BR77,Germany,Berlin,CUST6587,PROD456,Mobile,Samsung Galaxy S23,Apple,3,931.24,0.17,0.18,2736.17,Cash,Online,EMP578,3,0,Standard,3,AED
ORD115633,10-04-2024,BR39,Germany,Berlin,CUST5798,PROD689,Mobile,iPhone 14,LG,5,482.95,0.23,0.18,2194.04,Debit Card,Online,EMP945,1,1,Standard,7,INR
ORD115634,26-08-2024,BR19,Germany,Hamburg,CUST7985,PROD880,TV,LG OLED 48,Samsung,3,1399.88,0.04,0.18,4757.35,UPI,In-Store,EMP958,2,1,Standard,1,USD
ORD115635,13-05-2024,BR13,Germany,Hamburg,CUST4488,PROD940,Laptop,HP Spectre x360,Samsung,3,1176.51,0.07,0.18,3873.31,Net Banking,In-Store,EMP771,3,0,Express,2,GBP
ORD115636,29-11-2024,BR57,UK,Manchester,CUST7244,PROD880,Laptop,MacBook Air M2,Dell,1,306.84,0.27,0.18,264.31,Cash,In-Store,EMP581,3,1,Express,7,AED
ORD115637,15-06-2023,BR96,UAE,Dubai,CUST4652,PROD761,TV,Samsung QLED 50,Lenovo,3,1528.4,0.16,0.18,4544.85,Credit Card,In-Store,EMP208,3,0,Same Day,5,EUR
ORD115638,04-05-2024,BR87,India,Mumbai,CUST6677,PROD729,Mobile,iPhone 14,OnePlus,5,605.53,0.04,0.18,3429.72,Net Banking,In-Store,EMP746,3,0,Same Day,8,INR
ORD115639,02-07-2023,BR4,India,Bangalore,CUST8119,PROD806,Tablet,iPad Air,Dell,3,1942.25,0.1,0.18,6188.01,Debit Card,In-Store,EMP602,1,0,Express,3,GBP
ORD115640,14-11-2024,BR21,UAE,Abu Dhabi,CUST3381,PROD959,Mobile,iPhone 14,OnePlus,2,1486.5,0.19,0.18,2841.59,Cash,In-Store,EMP282,1,0,Standard,4,USD
ORD115641,05-04-2024,BR103,USA,New York,CUST9366,PROD149,TV,Sony Bravia 55,OnePlus,4,1644.99,0.29,0.18,5512.69,Net Banking,Online,EMP763,1,0,Same Day,9,INR
ORD115642,28-06-2023,BR39,UK,Manchester,CUST1658,PROD764,Tablet,iPad Air,Lenovo,3,1628.35,0.06,0.18,5418.5,Net Banking,In-Store,EMP574,0,0,Standard,9,GBP
ORD115643,07-12-2024,BR64,UK,London,CUST3743,PROD746,TV,LG OLED 48,Lenovo,3,128,0.02,0.18,444.06,Credit Card,In-Store,EMP303,3,0,Express,7,USD
ORD115644,12-12-2023,BR52,Germany,Hamburg,CUST8060,PROD408,TV,Samsung QLED 50,HP,4,642.89,0.02,0.18,2973.75,Net Banking,Online,EMP944,2,1,Standard,5,AED
ORD115645,07-02-2023,BR104,India,Pune,CUST1055,PROD642,TV,Samsung QLED 50,Sony,1,695.24,0.21,0.18,648.1,Credit Card,Online,EMP419,2,1,Express,7,USD
ORD115646,28-05-2024,BR29,UK,London,CUST7843,PROD705,TV,LG OLED 48,Sony,3,403.73,0.29,0.18,1014.73,UPI,In-Store,EMP940,1,1,Express,10,INR
ORD115647,16-05-2023,BR98,Germany,Munich,CUST6426,PROD645,Mobile,iPhone 14,Apple,3,74.32,0.17,0.18,218.37,Cash,Online,EMP311,2,1,Express,4,INR
ORD115648,28-04-2024,BR18,India,Mumbai,CUST9937,PROD317,Laptop,HP Spectre x360,Dell,2,524.32,0.18,0.18,1014.66,Credit Card,Online,EMP549,1,0,Standard,2,AED
ORD115649,07-02-2024,BR38,Germany,Berlin,CUST8399,PROD981,Laptop,Dell XPS 13,LG,3,1476.33,0.08,0.18,4808.11,Cash,Online,EMP620,0,1,Express,4,EUR
ORD115650,28-07-2024,BR104,Germany,Munich,CUST9981,PROD893,Mobile,OnePlus 11,Sony,1,1123.37,0.19,0.18,1073.72,Cash,In-Store,EMP376,0,0,Express,6,EUR
ORD115651,10-02-2023,BR51,India,Delhi,CUST7304,PROD866,Accessories,Wireless Mouse,HP,2,1213.89,0.14,0.18,2463.71,Debit Card,Online,EMP247,2,1,Express,7,USD
ORD115652,09-12-2024,BR120,Germany,Berlin,CUST9269,PROD117,Tablet,iPad Air,Samsung,1,726.47,0.1,0.18,771.51,UPI,Online,EMP296,2,0,Standard,3,AED
ORD115653,03-05-2023,BR51,UAE,Abu Dhabi,CUST8314,PROD842,Mobile,iPhone 14,Samsung,3,178.02,0.02,0.18,617.59,Net Banking,Online,EMP269,0,1,Same Day,8,GBP
ORD115654,03-05-2023,BR25,USA,Dallas,CUST9035,PROD107,Mobile,Samsung Galaxy S23,HP,1,496.47,0.17,0.18,486.24,Credit Card,Online,EMP694,2,0,Standard,4,GBP
ORD115655,25-09-2023,BR42,USA,Chicago,CUST6983,PROD227,Mobile,OnePlus 11,Sony,2,205.12,0.07,0.18,450.2,Credit Card,In-Store,EMP366,2,0,Same Day,10,GBP
ORD115656,17-05-2023,BR81,Germany,Berlin,CUST2647,PROD444,Laptop,Dell XPS 13,HP,1,1065.66,0.2,0.18,1005.98,Credit Card,Online,EMP593,3,0,Standard,10,INR
ORD115657,28-10-2024,BR34,UAE,Abu Dhabi,CUST5803,PROD374,Tablet,Lenovo Tab P11,Dell,3,215.25,0.28,0.18,548.63,Cash,In-Store,EMP797,0,0,Standard,5,EUR
ORD115658,11-07-2023,BR55,UAE,Dubai,CUST8068,PROD730,Accessories,Wireless Mouse,Apple,5,139.47,0.13,0.18,715.9,Credit Card,In-Store,EMP614,3,1,Express,1,EUR
ORD115659,18-05-2024,BR120,Germany,Hamburg,CUST6161,PROD177,Laptop,Dell XPS 13,Apple,5,1812.4,0.12,0.18,9409.98,Net Banking,In-Store,EMP732,0,1,Express,4,GBP
ORD115660,16-01-2023,BR92,UK,London,CUST2845,PROD451,Accessories,Wireless Mouse,Dell,5,529.21,0.14,0.18,2685.21,Net Banking,In-Store,EMP433,1,0,Standard,1,GBP
ORD115661,14-03-2023,BR97,USA,New York,CUST2977,PROD600,Tablet,Lenovo Tab P11,Dell,5,1849.31,0.06,0.18,10256.27,Cash,Online,EMP276,3,1,Standard,5,AED
ORD115662,27-07-2024,BR101,Germany,Berlin,CUST2318,PROD200,TV,Sony Bravia 55,LG,4,1460.87,0.15,0.18,5861.01,Credit Card,In-Store,EMP300,1,0,Express,2,USD
ORD115663,05-05-2023,BR27,USA,New York,CUST9283,PROD132,Tablet,Lenovo Tab P11,LG,2,880.64,0.01,0.18,2057.53,Debit Card,In-Store,EMP741,0,1,Standard,7,GBP
ORD115664,12-08-2023,BR2,USA,New York,CUST9174,PROD693,Accessories,Keyboard,Apple,4,1225.51,0.26,0.18,4280.46,Net Banking,Online,EMP592,2,1,Same Day,10,GBP
ORD115665,09-04-2023,BR7,USA,Chicago,CUST3940,PROD930,Accessories,Keyboard,OnePlus,5,887.8,0.02,0.18,5133.26,Credit Card,Online,EMP917,0,1,Same Day,4,AED
ORD115666,10-07-2024,BR30,India,Bangalore,CUST5975,PROD355,TV,LG OLED 48,OnePlus,3,1498.72,0.2,0.18,4244.38,Cash,Online,EMP559,2,0,Standard,3,AED
ORD115667,23-11-2024,BR57,UAE,Dubai,CUST2911,PROD104,TV,Samsung QLED 50,Samsung,1,1822.27,0.17,0.18,1784.73,Net Banking,In-Store,EMP321,3,1,Standard,6,GBP
ORD115668,14-03-2024,BR98,India,Mumbai,CUST1489,PROD844,Tablet,iPad Air,Samsung,3,1854.64,0.16,0.18,5514.96,Net Banking,In-Store,EMP714,1,0,Same Day,10,AED
ORD115669,18-08-2024,BR30,UAE,Abu Dhabi,CUST3950,PROD918,Laptop,MacBook Air M2,OnePlus,5,1166.62,0.21,0.18,5437.62,Cash,Online,EMP741,1,1,Same Day,4,USD
ORD115670,10-12-2023,BR48,Germany,Berlin,CUST5597,PROD889,Accessories,Bluetooth Headphones,Apple,3,638.62,0.15,0.18,1921.61,UPI,Online,EMP876,0,0,Standard,3,USD
ORD115671,27-03-2024,BR107,UAE,Dubai,CUST2895,PROD771,Tablet,iPad Air,Sony,2,223.01,0.09,0.18,478.94,Credit Card,In-Store,EMP438,3,0,Same Day,6,USD
ORD115672,22-03-2024,BR83,UK,Birmingham,CUST1770,PROD530,TV,Samsung QLED 50,Dell,1,1710.55,0.06,0.18,1897.34,UPI,Online,EMP979,2,0,Express,3,USD
ORD115673,25-04-2024,BR31,India,Bangalore,CUST8476,PROD530,Laptop,MacBook Air M2,Sony,4,1755.51,0.1,0.18,7457.41,UPI,In-Store,EMP473,0,0,Standard,5,GBP
ORD115674,02-07-2024,BR5,UK,Manchester,CUST4010,PROD978,TV,LG OLED 48,OnePlus,3,1257.76,0.03,0.18,4318.9,Net Banking,In-Store,EMP599,0,1,Standard,9,EUR
ORD115675,23-05-2024,BR114,Germany,Berlin,CUST3213,PROD703,Tablet,Lenovo Tab P11,OnePlus,5,376.29,0.2,0.18,1776.09,UPI,Online,EMP819,1,1,Express,8,AED
ORD115676,20-07-2023,BR68,India,Delhi,CUST2155,PROD745,TV,Samsung QLED 50,LG,4,690.85,0.01,0.18,3228.2,Credit Card,Online,EMP571,3,1,Standard,6,GBP
ORD115677,08-01-2023,BR48,UK,Birmingham,CUST8101,PROD485,TV,Sony Bravia 55,HP,4,1746.39,0.02,0.18,8078.1,UPI,Online,EMP333,2,0,Same Day,2,INR
ORD115678,02-07-2024,BR19,India,Bangalore,CUST3265,PROD402,Tablet,iPad Air,Apple,3,1505.43,0.29,0.18,3783.75,Cash,In-Store,EMP742,3,1,Standard,3,USD
ORD115679,18-03-2023,BR69,USA,Los Angeles,CUST4991,PROD919,Accessories,Bluetooth Headphones,HP,2,1824.54,0.27,0.18,3143.32,Cash,In-Store,EMP613,3,1,Standard,10,USD
ORD115680,18-06-2024,BR107,UAE,Dubai,CUST2218,PROD704,Laptop,Dell XPS 13,Samsung,3,1806.57,0.07,0.18,5947.59,Cash,In-Store,EMP377,0,1,Express,10,GBP
ORD115681,07-03-2023,BR4,India,Mumbai,CUST6105,PROD694,Accessories,Wireless Mouse,LG,3,703.95,0.19,0.18,2018.51,Cash,In-Store,EMP261,3,1,Standard,7,GBP
ORD115682,11-06-2024,BR18,USA,New York,CUST4524,PROD555,Accessories,Wireless Mouse,HP,5,1004.72,0.24,0.18,4505.16,UPI,Online,EMP720,2,0,Same Day,10,INR
ORD115683,28-08-2023,BR106,UK,London,CUST8455,PROD312,Tablet,Lenovo Tab P11,Lenovo,4,920.75,0.15,0.18,3694.05,UPI,In-Store,EMP519,3,0,Express,8,USD
ORD115684,22-03-2023,BR76,Germany,Berlin,CUST1671,PROD328,TV,Sony Bravia 55,Dell,5,1716.87,0.05,0.18,9623.06,Net Banking,In-Store,EMP884,0,0,Express,10,AED
ORD115685,01-02-2024,BR79,UAE,Dubai,CUST7143,PROD409,Tablet,Lenovo Tab P11,Sony,4,1616.01,0.2,0.18,6102.05,UPI,In-Store,EMP213,1,0,Express,10,AED
ORD115686,18-09-2023,BR37,UAE,Dubai,CUST5242,PROD113,Accessories,Wireless Mouse,LG,3,1471.29,0.18,0.18,4270.86,UPI,Online,EMP484,1,1,Same Day,6,EUR
ORD115687,07-09-2023,BR25,USA,Dallas,CUST7907,PROD362,Mobile,OnePlus 11,Apple,5,1301.68,0.02,0.18,7526.31,Net Banking,In-Store,EMP263,0,0,Same Day,10,AED
ORD115688,31-08-2024,BR110,UK,Manchester,CUST1320,PROD137,Laptop,MacBook Air M2,Sony,2,1240.9,0.13,0.18,2547.82,Debit Card,In-Store,EMP562,0,0,Express,6,AED
ORD115689,10-03-2023,BR93,UK,Birmingham,CUST1487,PROD512,Accessories,Bluetooth Headphones,Dell,1,1273.52,0.1,0.18,1352.48,Cash,Online,EMP969,3,0,Express,4,GBP
ORD115690,01-03-2024,BR13,Germany,Hamburg,CUST9343,PROD785,Mobile,OnePlus 11,Apple,2,975.23,0.22,0.18,1795.2,Debit Card,In-Store,EMP661,1,0,Same Day,9,GBP
ORD115691,12-07-2024,BR31,Germany,Munich,CUST3268,PROD729,Laptop,HP Spectre x360,Samsung,3,503.69,0.26,0.18,1319.47,Credit Card,Online,EMP483,3,0,Standard,9,EUR
ORD115692,14-06-2024,BR71,India,Delhi,CUST1471,PROD342,Tablet,Lenovo Tab P11,Lenovo,1,644.13,0.05,0.18,722.07,Debit Card,Online,EMP748,2,1,Standard,6,AED
ORD115693,27-11-2024,BR64,UAE,Abu Dhabi,CUST5961,PROD513,Tablet,iPad Air,Sony,3,406.83,0.25,0.18,1080.13,UPI,Online,EMP945,3,0,Express,5,GBP
ORD115694,01-10-2024,BR94,Germany,Hamburg,CUST7797,PROD559,Accessories,Keyboard,Dell,5,110.28,0.06,0.18,611.61,Debit Card,In-Store,EMP960,1,1,Standard,9,INR
ORD115695,01-11-2023,BR34,India,Mumbai,CUST8573,PROD789,Mobile,iPhone 14,OnePlus,1,1140.85,0.11,0.18,1198.12,Net Banking,In-Store,EMP886,1,1,Same Day,6,INR
ORD115696,03-09-2023,BR7,India,Mumbai,CUST2769,PROD963,Tablet,Samsung Galaxy Tab,OnePlus,3,561.38,0.07,0.18,1848.18,UPI,In-Store,EMP638,1,0,Standard,1,INR
ORD115697,20-12-2023,BR62,UK,Birmingham,CUST5623,PROD479,TV,Sony Bravia 55,Sony,3,622.31,0.01,0.18,2180.95,Net Banking,Online,EMP648,2,0,Express,10,GBP
ORD115698,28-11-2024,BR33,UAE,Dubai,CUST5929,PROD532,Mobile,Samsung Galaxy S23,Sony,5,1728.33,0.24,0.18,7749.83,UPI,Online,EMP969,0,1,Express,9,AED
ORD115699,26-03-2023,BR28,USA,Los Angeles,CUST2405,PROD867,Laptop,Dell XPS 13,Sony,1,490.08,0.06,0.18,543.6,Cash,In-Store,EMP472,2,1,Same Day,6,USD
ORD115700,30-05-2023,BR54,UK,Birmingham,CUST9149,PROD422,Tablet,Samsung Galaxy Tab,Apple,5,1721.09,0.05,0.18,9646.71,Cash,Online,EMP741,3,0,Express,5,AED
ORD115701,10-12-2023,BR75,UAE,Abu Dhabi,CUST6090,PROD752,TV,LG OLED 48,LG,4,1612.29,0.06,0.18,7153.41,Credit Card,Online,EMP296,0,1,Standard,6,AED
ORD115702,21-01-2024,BR45,UK,Birmingham,CUST1092,PROD267,Tablet,iPad Air,OnePlus,5,1629.9,0.11,0.18,8558.6,Credit Card,In-Store,EMP947,1,1,Express,9,USD
ORD115703,28-12-2024,BR87,UAE,Dubai,CUST2963,PROD605,TV,Sony Bravia 55,OnePlus,4,1644.93,0.05,0.18,7375.87,Cash,Online,EMP789,0,0,Express,10,AED
ORD115704,22-10-2024,BR96,UK,Manchester,CUST6030,PROD269,Laptop,HP Spectre x360,Sony,4,990.56,0.1,0.18,4207.9,Debit Card,In-Store,EMP656,0,0,Express,3,USD
ORD115705,17-01-2024,BR14,India,Delhi,CUST4032,PROD101,Accessories,Wireless Mouse,Apple,1,954.94,0.25,0.18,845.12,Net Banking,In-Store,EMP831,2,0,Standard,7,AED
ORD115706,21-04-2024,BR92,UK,Birmingham,CUST2380,PROD681,Mobile,iPhone 14,Apple,5,907.59,0.27,0.18,3908.99,Net Banking,In-Store,EMP637,1,1,Same Day,6,INR
ORD115707,05-11-2024,BR66,Germany,Berlin,CUST9421,PROD893,TV,Sony Bravia 55,OnePlus,5,546.84,0.12,0.18,2839.19,Cash,Online,EMP323,2,0,Standard,4,INR
ORD115708,07-03-2023,BR107,Germany,Hamburg,CUST2970,PROD186,TV,Samsung QLED 50,LG,3,911.23,0.01,0.18,3193.5,Credit Card,Online,EMP566,3,1,Express,5,USD
ORD115709,21-10-2024,BR43,UK,Manchester,CUST4128,PROD398,Mobile,OnePlus 11,Samsung,4,372.06,0.03,0.18,1703.44,Debit Card,In-Store,EMP868,2,0,Standard,4,AED
ORD115710,22-03-2024,BR116,India,Pune,CUST6722,PROD208,TV,Samsung QLED 50,OnePlus,4,620.62,0.11,0.18,2607.1,Cash,In-Store,EMP614,1,1,Express,10,INR
ORD115711,17-04-2023,BR89,India,Bangalore,CUST9797,PROD582,Accessories,Bluetooth Headphones,Dell,5,963.22,0.09,0.18,5171.53,Debit Card,Online,EMP694,2,0,Same Day,6,INR
ORD115712,31-07-2023,BR90,UAE,Abu Dhabi,CUST6936,PROD778,Mobile,iPhone 14,Apple,4,256.39,0.21,0.18,956.03,Net Banking,Online,EMP362,0,1,Express,10,AED
ORD115713,05-10-2023,BR21,UK,London,CUST3692,PROD229,Laptop,Dell XPS 13,LG,4,106.68,0.12,0.18,443.11,Credit Card,Online,EMP404,3,0,Standard,7,INR
ORD115714,13-06-2023,BR16,Germany,Munich,CUST6615,PROD116,Accessories,Wireless Mouse,Sony,4,1812.29,0.06,0.18,8040.77,Cash,In-Store,EMP201,2,0,Standard,5,GBP
ORD115715,28-04-2023,BR78,UK,Manchester,CUST1151,PROD424,Tablet,iPad Air,Sony,2,606.4,0.03,0.18,1388.17,Credit Card,Online,EMP485,1,1,Same Day,5,AED
ORD115716,02-06-2023,BR52,UK,London,CUST6986,PROD105,TV,LG OLED 48,OnePlus,5,56.11,0.29,0.18,235.04,Debit Card,In-Store,EMP712,3,0,Standard,10,EUR
ORD115717,10-09-2023,BR28,India,Pune,CUST2879,PROD117,Tablet,Lenovo Tab P11,Lenovo,4,1100.32,0.23,0.18,3999,UPI,Online,EMP829,2,1,Same Day,8,USD
ORD115718,28-06-2023,BR56,USA,New York,CUST3135,PROD683,Accessories,Bluetooth Headphones,HP,3,1864.06,0.15,0.18,5608.96,Debit Card,In-Store,EMP515,3,0,Standard,2,EUR
ORD115719,30-06-2023,BR88,USA,Los Angeles,CUST8639,PROD176,Mobile,OnePlus 11,Apple,3,1506.36,0,0.18,5332.51,Net Banking,Online,EMP295,1,0,Express,4,AED
ORD115720,16-05-2024,BR70,Germany,Munich,CUST5647,PROD627,TV,LG OLED 48,LG,5,715.39,0.11,0.18,3756.51,Net Banking,In-Store,EMP821,1,0,Standard,1,USD
ORD115721,03-12-2024,BR1,India,Delhi,CUST5462,PROD391,Mobile,Samsung Galaxy S23,OnePlus,2,196.65,0.07,0.18,431.61,Credit Card,In-Store,EMP494,2,0,Standard,1,INR
ORD115722,20-05-2023,BR61,UAE,Dubai,CUST8104,PROD831,Tablet,Samsung Galaxy Tab,Apple,1,1522.52,0.21,0.18,1419.29,Net Banking,Online,EMP258,3,0,Express,8,INR
ORD115723,30-04-2024,BR66,USA,Los Angeles,CUST3550,PROD696,Accessories,Wireless Mouse,Samsung,1,1629.44,0.01,0.18,1903.51,Debit Card,Online,EMP891,0,0,Same Day,7,GBP
ORD115724,06-05-2024,BR107,India,Pune,CUST7453,PROD259,Laptop,HP Spectre x360,Lenovo,1,643.41,0.24,0.18,577.01,Credit Card,In-Store,EMP966,2,1,Standard,9,INR
ORD115725,24-11-2023,BR47,Germany,Berlin,CUST8127,PROD956,Laptop,MacBook Air M2,Lenovo,4,722.75,0.18,0.18,2797.33,Net Banking,Online,EMP374,3,1,Same Day,3,USD
ORD115726,26-09-2024,BR68,UAE,Dubai,CUST1995,PROD275,Tablet,Samsung Galaxy Tab,LG,2,1969.86,0.2,0.18,3719.1,Credit Card,In-Store,EMP912,2,0,Standard,4,INR
ORD115727,13-12-2023,BR91,UK,London,CUST8886,PROD769,Mobile,iPhone 14,Sony,1,1981.77,0.04,0.18,2244.95,Net Banking,In-Store,EMP847,3,1,Same Day,2,INR
ORD115728,24-11-2024,BR105,India,Delhi,CUST4697,PROD701,Tablet,iPad Air,Apple,3,281.3,0.12,0.18,876.31,Debit Card,In-Store,EMP993,2,1,Express,7,GBP
ORD115729,26-03-2023,BR15,Germany,Berlin,CUST7238,PROD943,Tablet,Lenovo Tab P11,Dell,5,74.81,0.14,0.18,379.59,Net Banking,In-Store,EMP857,3,0,Express,9,EUR
ORD115730,14-08-2024,BR88,UK,Birmingham,CUST9240,PROD416,TV,Samsung QLED 50,HP,5,465.75,0.08,0.18,2528.09,Net Banking,Online,EMP559,2,1,Same Day,10,GBP
ORD115731,04-06-2023,BR56,UAE,Dubai,CUST8938,PROD424,Laptop,HP Spectre x360,HP,3,1373.55,0.24,0.18,3695.4,Debit Card,In-Store,EMP400,3,0,Same Day,9,USD
ORD115732,16-06-2023,BR43,Germany,Hamburg,CUST2363,PROD152,Laptop,MacBook Air M2,Dell,3,726.76,0.04,0.18,2469.82,UPI,Online,EMP531,0,0,Express,4,USD
ORD115733,12-12-2023,BR30,India,Pune,CUST8604,PROD907,Tablet,Lenovo Tab P11,HP,1,1751.28,0.25,0.18,1549.88,Debit Card,Online,EMP587,2,0,Express,7,AED
ORD115734,18-04-2024,BR118,USA,Los Angeles,CUST1400,PROD265,Accessories,Bluetooth Headphones,Dell,4,146.31,0.08,0.18,635.34,Debit Card,Online,EMP658,2,0,Same Day,1,AED
ORD115735,27-03-2023,BR115,UK,Birmingham,CUST9328,PROD948,Accessories,Wireless Mouse,HP,4,1376.07,0.01,0.18,6430.1,Cash,Online,EMP643,0,1,Same Day,9,EUR
ORD115736,18-11-2023,BR59,Germany,Hamburg,CUST1962,PROD172,Tablet,iPad Air,HP,2,1058.23,0.17,0.18,2072.86,Cash,Online,EMP905,0,0,Standard,1,USD
ORD115737,07-08-2023,BR1,USA,New York,CUST8269,PROD462,Tablet,Samsung Galaxy Tab,HP,4,1785.15,0.19,0.18,6824.99,Credit Card,Online,EMP517,2,1,Standard,3,GBP
ORD115738,09-08-2024,BR25,Germany,Hamburg,CUST3879,PROD253,TV,Sony Bravia 55,OnePlus,5,691.25,0.2,0.18,3262.7,Credit Card,In-Store,EMP360,0,1,Standard,8,INR
ORD115739,23-07-2024,BR60,UK,Birmingham,CUST4181,PROD502,Accessories,Wireless Mouse,HP,3,711.9,0.16,0.18,2116.91,Debit Card,Online,EMP609,3,0,Same Day,5,USD
ORD115740,10-04-2024,BR113,Germany,Hamburg,CUST8006,PROD697,Laptop,MacBook Air M2,Sony,1,1799.82,0.22,0.18,1656.55,Net Banking,In-Store,EMP258,1,1,Express,1,USD
ORD115741,23-12-2023,BR116,UAE,Dubai,CUST1050,PROD952,Accessories,Bluetooth Headphones,OnePlus,1,1781.28,0.25,0.18,1576.43,UPI,In-Store,EMP965,1,1,Express,8,GBP
ORD115742,26-08-2024,BR59,UAE,Dubai,CUST2461,PROD108,Laptop,MacBook Air M2,OnePlus,2,276.35,0.12,0.18,573.92,Debit Card,In-Store,EMP634,0,1,Express,5,USD
ORD115743,23-12-2024,BR3,India,Delhi,CUST7671,PROD384,TV,Samsung QLED 50,Samsung,5,1844.24,0.11,0.18,9684.1,Cash,In-Store,EMP780,0,1,Standard,9,AED
ORD115744,19-09-2023,BR6,UAE,Dubai,CUST5612,PROD992,Tablet,iPad Air,Sony,4,867.37,0.22,0.18,3193.31,Cash,Online,EMP613,1,0,Same Day,10,GBP
ORD115745,29-06-2023,BR14,Germany,Hamburg,CUST3069,PROD728,Accessories,Wireless Mouse,Samsung,5,545.24,0.25,0.18,2412.69,Credit Card,Online,EMP750,2,0,Express,1,USD
ORD115746,18-11-2024,BR28,USA,Dallas,CUST3392,PROD185,Mobile,Samsung Galaxy S23,HP,4,1766.63,0.19,0.18,6754.18,Credit Card,Online,EMP454,1,0,Standard,8,EUR
ORD115747,05-06-2024,BR33,India,Delhi,CUST1673,PROD762,TV,Samsung QLED 50,OnePlus,4,787.64,0.03,0.18,3606.13,Credit Card,In-Store,EMP753,2,1,Same Day,1,AED
ORD115748,10-06-2024,BR119,India,Pune,CUST3179,PROD462,Accessories,Bluetooth Headphones,Apple,3,931.37,0.16,0.18,2769.52,Credit Card,Online,EMP752,1,0,Express,7,USD
ORD115749,05-03-2024,BR94,UAE,Abu Dhabi,CUST3530,PROD434,Mobile,Samsung Galaxy S23,Sony,1,1085.36,0.02,0.18,1255.11,UPI,Online,EMP613,1,0,Express,6,INR
ORD115750,03-11-2023,BR36,USA,Chicago,CUST4325,PROD962,Mobile,Samsung Galaxy S23,LG,5,345.38,0.23,0.18,1569.06,Net Banking,In-Store,EMP517,2,1,Express,1,INR
ORD115751,15-11-2023,BR120,India,Bangalore,CUST4978,PROD862,Tablet,iPad Air,Samsung,2,1713.1,0.13,0.18,3517.34,Credit Card,Online,EMP748,0,1,Same Day,2,EUR
ORD115752,11-01-2023,BR26,UK,Manchester,CUST3867,PROD862,TV,LG OLED 48,Lenovo,3,962.82,0,0.18,3408.38,Cash,Online,EMP595,0,1,Express,1,EUR
ORD115753,06-07-2024,BR89,UK,London,CUST9943,PROD781,TV,LG OLED 48,Samsung,3,110.22,0.17,0.18,323.85,Net Banking,In-Store,EMP433,3,1,Same Day,1,GBP
ORD115754,29-06-2024,BR97,USA,Chicago,CUST3001,PROD530,Accessories,Wireless Mouse,HP,3,1583.96,0.21,0.18,4429.7,UPI,In-Store,EMP822,2,0,Standard,10,GBP
ORD115755,23-09-2024,BR71,UAE,Dubai,CUST6851,PROD234,Accessories,Wireless Mouse,Samsung,4,980.4,0.05,0.18,4396.11,UPI,In-Store,EMP725,1,1,Same Day,2,INR
ORD115756,01-01-2023,BR86,India,Mumbai,CUST6884,PROD199,Mobile,OnePlus 11,Sony,2,800.73,0.06,0.18,1776.34,Credit Card,Online,EMP795,1,1,Standard,6,GBP
ORD115757,29-05-2024,BR77,India,Pune,CUST1455,PROD332,Laptop,MacBook Air M2,Sony,5,642.42,0.03,0.18,3676.57,Credit Card,In-Store,EMP239,2,0,Express,6,INR
ORD115758,12-07-2024,BR96,UK,Manchester,CUST4650,PROD238,Tablet,iPad Air,OnePlus,1,1996.51,0.01,0.18,2332.32,Credit Card,Online,EMP728,0,0,Same Day,10,INR
ORD115759,25-04-2024,BR87,UK,Manchester,CUST6862,PROD683,TV,LG OLED 48,Dell,1,1072.78,0,0.18,1265.88,UPI,In-Store,EMP571,1,1,Express,2,EUR
ORD115760,08-02-2023,BR108,Germany,Hamburg,CUST9263,PROD246,TV,Samsung QLED 50,OnePlus,2,1645.83,0.16,0.18,3262.69,Debit Card,In-Store,EMP418,3,1,Express,2,GBP
ORD115761,28-03-2024,BR61,USA,Dallas,CUST1837,PROD395,Tablet,Lenovo Tab P11,Samsung,3,334.95,0.11,0.18,1055.29,Cash,Online,EMP497,0,1,Same Day,10,USD
ORD115762,03-02-2024,BR1,UK,London,CUST4016,PROD343,Mobile,Samsung Galaxy S23,OnePlus,3,1871.85,0.26,0.18,4903.5,Debit Card,Online,EMP728,1,0,Express,10,GBP
ORD115763,17-01-2024,BR8,UK,London,CUST7344,PROD976,Tablet,Lenovo Tab P11,Samsung,1,908.9,0.08,0.18,986.7,Credit Card,Online,EMP919,1,1,Express,2,EUR
ORD115764,25-08-2023,BR90,UK,London,CUST1606,PROD107,Tablet,iPad Air,HP,1,1018.98,0.17,0.18,997.99,UPI,Online,EMP318,1,0,Standard,2,AED
ORD115765,24-01-2024,BR1,India,Delhi,CUST9962,PROD742,Tablet,Samsung Galaxy Tab,Dell,2,1297.18,0.01,0.18,3030.73,Cash,Online,EMP416,0,1,Express,8,USD
ORD115766,22-09-2024,BR86,UAE,Abu Dhabi,CUST1883,PROD514,TV,Sony Bravia 55,Samsung,2,956.88,0.16,0.18,1896.92,Debit Card,Online,EMP455,0,0,Same Day,3,AED
ORD115767,15-08-2024,BR88,UK,Manchester,CUST9060,PROD583,Accessories,Keyboard,Lenovo,1,1027.07,0.1,0.18,1090.75,UPI,In-Store,EMP812,0,0,Standard,4,AED
ORD115768,23-11-2024,BR53,UK,Manchester,CUST6102,PROD203,TV,LG OLED 48,HP,1,645.43,0.26,0.18,563.59,UPI,Online,EMP724,0,0,Express,2,USD
ORD115769,01-11-2023,BR3,UK,Birmingham,CUST5918,PROD183,Accessories,Keyboard,OnePlus,4,950.06,0.15,0.18,3811.64,Cash,Online,EMP546,3,0,Express,8,GBP
ORD115770,21-10-2024,BR3,Germany,Berlin,CUST2182,PROD610,TV,Sony Bravia 55,Apple,3,1461.15,0.05,0.18,4913.85,Net Banking,In-Store,EMP742,1,0,Express,2,EUR
ORD115771,08-04-2024,BR50,Germany,Hamburg,CUST5300,PROD978,Laptop,HP Spectre x360,Dell,1,589.85,0.13,0.18,605.54,Net Banking,Online,EMP475,2,1,Standard,2,INR
ORD115772,17-07-2023,BR83,USA,New York,CUST7194,PROD128,TV,LG OLED 48,Sony,1,972.97,0.13,0.18,998.85,UPI,In-Store,EMP607,0,0,Standard,2,USD
ORD115773,05-09-2024,BR43,UAE,Abu Dhabi,CUST4405,PROD862,Laptop,Dell XPS 13,LG,1,503.87,0.27,0.18,434.03,Credit Card,Online,EMP793,0,1,Express,9,EUR
ORD115774,28-11-2023,BR106,UAE,Abu Dhabi,CUST1126,PROD593,Mobile,Samsung Galaxy S23,Apple,2,1081,0.22,0.18,1989.9,Cash,Online,EMP473,1,0,Express,6,USD
ORD115775,02-01-2023,BR65,Germany,Hamburg,CUST2230,PROD588,Mobile,Samsung Galaxy S23,Sony,4,1268.84,0.21,0.18,4731.25,Net Banking,Online,EMP775,2,0,Same Day,4,AED
ORD115776,30-12-2023,BR115,USA,New York,CUST4341,PROD642,Laptop,MacBook Air M2,OnePlus,4,1895.58,0.12,0.18,7873.48,UPI,Online,EMP997,3,1,Same Day,1,INR
ORD115777,20-08-2023,BR101,Germany,Munich,CUST8345,PROD541,TV,Samsung QLED 50,Lenovo,5,1101.65,0.16,0.18,5459.78,Credit Card,Online,EMP693,1,1,Standard,1,AED
ORD115778,07-11-2024,BR35,India,Bangalore,CUST1841,PROD334,TV,Samsung QLED 50,Dell,4,888.96,0.15,0.18,3566.51,Net Banking,Online,EMP789,0,1,Same Day,6,INR
ORD115779,11-07-2023,BR38,Germany,Berlin,CUST3489,PROD790,Laptop,Dell XPS 13,HP,2,1984.98,0.04,0.18,4497.17,Net Banking,Online,EMP751,2,0,Same Day,4,AED
ORD115780,26-10-2023,BR118,USA,Dallas,CUST4731,PROD409,Mobile,iPhone 14,Lenovo,3,1642.08,0.16,0.18,4882.89,Net Banking,In-Store,EMP557,3,1,Express,10,USD
ORD115781,11-04-2024,BR114,Germany,Berlin,CUST4539,PROD336,TV,LG OLED 48,HP,2,813.57,0.29,0.18,1363.22,Debit Card,Online,EMP901,1,0,Standard,6,GBP
ORD115782,23-06-2024,BR28,UAE,Abu Dhabi,CUST1874,PROD942,Accessories,Keyboard,OnePlus,3,838.57,0.27,0.18,2167.03,Debit Card,In-Store,EMP660,2,0,Same Day,4,INR
ORD115783,12-12-2024,BR110,Germany,Hamburg,CUST9642,PROD650,Laptop,MacBook Air M2,Samsung,3,718.89,0.05,0.18,2417.63,Debit Card,Online,EMP361,3,1,Same Day,7,AED
ORD115784,20-02-2023,BR66,USA,New York,CUST1807,PROD592,Tablet,iPad Air,Sony,1,461.04,0.21,0.18,429.78,Net Banking,Online,EMP556,1,0,Standard,4,GBP
ORD115785,19-04-2024,BR64,India,Pune,CUST5285,PROD674,Laptop,Dell XPS 13,Lenovo,2,199.09,0.2,0.18,375.88,Debit Card,In-Store,EMP914,0,0,Same Day,9,GBP
ORD115786,02-11-2023,BR78,India,Pune,CUST6686,PROD315,Accessories,Wireless Mouse,OnePlus,2,1959.55,0.28,0.18,3329.67,Cash,Online,EMP482,1,0,Express,7,INR
ORD115787,22-10-2024,BR2,UK,Manchester,CUST5558,PROD268,TV,Sony Bravia 55,LG,3,1186.96,0.06,0.18,3949.73,Debit Card,In-Store,EMP291,2,0,Express,7,AED
ORD115788,06-11-2024,BR104,Germany,Munich,CUST3005,PROD298,TV,LG OLED 48,HP,5,717.51,0.16,0.18,3555.98,Net Banking,In-Store,EMP721,0,0,Express,8,INR
ORD115789,02-06-2024,BR118,USA,New York,CUST6803,PROD693,Accessories,Keyboard,Lenovo,5,1996.48,0.28,0.18,8481.05,Debit Card,In-Store,EMP750,2,1,Express,5,EUR
ORD115790,29-01-2023,BR57,USA,New York,CUST3039,PROD865,TV,Samsung QLED 50,Dell,4,1965.41,0.15,0.18,7885.22,Net Banking,In-Store,EMP609,3,0,Express,7,USD
ORD115791,07-07-2023,BR118,India,Bangalore,CUST3735,PROD837,TV,Samsung QLED 50,Dell,4,1817.54,0.03,0.18,8321.43,UPI,Online,EMP260,2,1,Same Day,10,AED
ORD115792,19-02-2024,BR115,Germany,Munich,CUST3211,PROD482,Mobile,iPhone 14,Lenovo,1,199.32,0.21,0.18,185.81,UPI,Online,EMP692,3,0,Same Day,7,USD
ORD115793,16-11-2023,BR1,UAE,Dubai,CUST8183,PROD963,Tablet,iPad Air,HP,1,307.79,0.09,0.18,330.5,Debit Card,In-Store,EMP998,0,1,Express,7,GBP
ORD115794,30-12-2023,BR102,UK,Manchester,CUST7642,PROD222,Tablet,Lenovo Tab P11,LG,1,1559.16,0.14,0.18,1582.24,Net Banking,Online,EMP417,0,0,Express,5,AED
ORD115795,23-07-2024,BR52,USA,Los Angeles,CUST3750,PROD583,TV,Sony Bravia 55,Sony,2,1422.75,0.12,0.18,2954.77,Cash,In-Store,EMP566,2,1,Express,9,INR
ORD115796,05-02-2023,BR57,India,Mumbai,CUST5388,PROD709,Accessories,Bluetooth Headphones,Samsung,2,1308.4,0.13,0.18,2686.41,Debit Card,In-Store,EMP941,0,1,Standard,4,AED
ORD115797,01-04-2023,BR88,USA,Dallas,CUST7365,PROD866,Mobile,Samsung Galaxy S23,Lenovo,2,704.65,0.28,0.18,1197.34,Cash,In-Store,EMP857,2,1,Same Day,9,USD
ORD115798,11-02-2023,BR120,Germany,Berlin,CUST5382,PROD419,Accessories,Wireless Mouse,LG,4,950.66,0.07,0.18,4173.02,Cash,In-Store,EMP993,2,0,Standard,4,INR
ORD115799,11-10-2024,BR24,Germany,Hamburg,CUST5646,PROD214,Tablet,iPad Air,Lenovo,4,319.93,0.01,0.18,1494.97,Credit Card,Online,EMP848,2,1,Standard,7,GBP
ORD115800,25-02-2023,BR97,UAE,Abu Dhabi,CUST8816,PROD816,Mobile,Samsung Galaxy S23,Sony,1,74.52,0.27,0.18,64.19,Cash,Online,EMP706,0,0,Same Day,9,AED
ORD115801,30-06-2024,BR19,UAE,Abu Dhabi,CUST2288,PROD657,Mobile,Samsung Galaxy S23,LG,4,871.59,0.06,0.18,3867.07,Debit Card,In-Store,EMP718,0,0,Same Day,3,INR
ORD115802,15-03-2023,BR92,UK,Birmingham,CUST8897,PROD802,Accessories,Bluetooth Headphones,Samsung,2,1473.84,0.13,0.18,3026.09,Debit Card,In-Store,EMP264,1,0,Standard,8,GBP
ORD115803,24-02-2023,BR43,Germany,Munich,CUST4286,PROD104,TV,Samsung QLED 50,Dell,1,146.24,0.13,0.18,150.13,Credit Card,Online,EMP539,3,1,Standard,2,USD
ORD115804,03-04-2024,BR1,India,Delhi,CUST1721,PROD283,Accessories,Bluetooth Headphones,LG,2,992.32,0.16,0.18,1967.18,Credit Card,In-Store,EMP751,0,0,Same Day,9,INR
ORD115805,04-11-2023,BR12,UK,London,CUST5709,PROD413,Laptop,HP Spectre x360,HP,1,698.35,0.27,0.18,601.56,UPI,In-Store,EMP323,2,0,Same Day,7,AED
ORD115806,17-09-2023,BR62,Germany,Hamburg,CUST1362,PROD911,Tablet,iPad Air,HP,1,1845.88,0.13,0.18,1894.98,UPI,Online,EMP819,2,1,Standard,7,GBP
ORD115807,28-11-2024,BR67,USA,Los Angeles,CUST1005,PROD951,Mobile,iPhone 14,Lenovo,1,554.63,0.19,0.18,530.12,Net Banking,In-Store,EMP832,2,0,Same Day,3,GBP
ORD115808,11-04-2024,BR33,USA,Los Angeles,CUST7332,PROD104,TV,LG OLED 48,LG,3,609.9,0.04,0.18,2072.68,Net Banking,In-Store,EMP501,2,0,Same Day,10,EUR
ORD115809,27-09-2024,BR91,India,Pune,CUST9160,PROD249,TV,Sony Bravia 55,Apple,3,685.7,0.14,0.18,2087.55,Cash,In-Store,EMP349,3,0,Standard,4,AED
ORD115810,23-09-2023,BR97,USA,Los Angeles,CUST2494,PROD408,Accessories,Keyboard,LG,1,1913.15,0.13,0.18,1964.04,UPI,In-Store,EMP834,0,1,Same Day,3,GBP
ORD115811,26-10-2024,BR49,UK,London,CUST6146,PROD637,Tablet,iPad Air,Lenovo,2,1525.26,0.07,0.18,3347.64,Debit Card,In-Store,EMP532,2,0,Standard,1,USD
ORD115812,09-06-2023,BR90,USA,Los Angeles,CUST2846,PROD212,TV,Sony Bravia 55,HP,1,1563.29,0.25,0.18,1383.51,UPI,Online,EMP678,1,1,Same Day,8,USD
ORD115813,06-09-2024,BR41,UAE,Dubai,CUST8729,PROD484,Accessories,Keyboard,Lenovo,4,1493.48,0.05,0.18,6696.76,Net Banking,Online,EMP498,2,0,Express,7,AED
ORD115814,24-03-2024,BR34,India,Pune,CUST6821,PROD928,Accessories,Wireless Mouse,Apple,3,589.86,0.03,0.18,2025.46,Cash,Online,EMP262,3,0,Express,4,EUR
ORD115815,23-10-2024,BR55,Germany,Hamburg,CUST6405,PROD130,Mobile,iPhone 14,Dell,4,754.95,0.14,0.18,3064.49,Cash,Online,EMP371,1,1,Express,3,GBP
ORD115816,11-10-2023,BR108,Germany,Munich,CUST3991,PROD272,TV,Samsung QLED 50,Sony,1,1992.1,0.15,0.18,1998.08,Credit Card,In-Store,EMP451,2,0,Standard,10,AED
ORD115817,24-06-2023,BR110,Germany,Hamburg,CUST9083,PROD495,Laptop,MacBook Air M2,LG,5,1800.41,0.12,0.18,9347.73,Cash,Online,EMP208,0,1,Same Day,9,EUR
ORD115818,24-08-2023,BR119,UAE,Abu Dhabi,CUST3781,PROD753,Laptop,Dell XPS 13,Apple,1,128.57,0.16,0.18,127.44,UPI,In-Store,EMP869,1,1,Express,2,EUR
ORD115819,18-03-2023,BR22,UAE,Abu Dhabi,CUST5763,PROD251,Tablet,iPad Air,Samsung,2,911.61,0.02,0.18,2108.37,Credit Card,Online,EMP567,2,0,Same Day,2,AED
ORD115820,23-07-2023,BR14,India,Bangalore,CUST6910,PROD582,Laptop,MacBook Air M2,Sony,4,1106.69,0.1,0.18,4701.22,Net Banking,Online,EMP525,3,1,Standard,8,INR
ORD115821,23-03-2024,BR36,Germany,Munich,CUST5231,PROD669,Mobile,OnePlus 11,Sony,4,1614.16,0.1,0.18,6856.95,Credit Card,In-Store,EMP315,3,0,Standard,1,GBP
ORD115822,16-01-2023,BR44,India,Delhi,CUST3970,PROD980,TV,LG OLED 48,Dell,2,789.35,0.18,0.18,1527.55,Net Banking,In-Store,EMP871,0,1,Same Day,8,INR
ORD115823,04-01-2024,BR49,UAE,Abu Dhabi,CUST7654,PROD129,TV,Samsung QLED 50,Samsung,1,1955.48,0.11,0.18,2053.65,Net Banking,Online,EMP295,1,0,Express,2,GBP
ORD115824,28-11-2024,BR37,India,Mumbai,CUST9619,PROD302,Accessories,Bluetooth Headphones,Apple,4,1583.68,0.05,0.18,7101.22,Credit Card,In-Store,EMP594,2,0,Same Day,8,EUR
ORD115825,29-05-2023,BR25,UAE,Dubai,CUST5909,PROD366,TV,LG OLED 48,Lenovo,2,108.18,0.11,0.18,227.22,Debit Card,In-Store,EMP686,2,0,Standard,2,USD
ORD115826,02-11-2024,BR77,USA,New York,CUST8648,PROD630,Laptop,Dell XPS 13,Sony,5,1416.53,0.29,0.18,5933.84,UPI,In-Store,EMP681,2,0,Standard,8,USD
ORD115827,28-11-2024,BR86,UK,Birmingham,CUST4582,PROD511,Mobile,Samsung Galaxy S23,Apple,4,893.9,0.01,0.18,4177.02,Net Banking,In-Store,EMP528,3,1,Standard,10,EUR
ORD115828,18-11-2023,BR49,India,Bangalore,CUST7395,PROD929,Mobile,OnePlus 11,Lenovo,3,1848.85,0.26,0.18,4843.25,UPI,In-Store,EMP542,2,1,Standard,5,GBP
ORD115829,13-01-2024,BR4,UK,London,CUST4598,PROD448,Laptop,Dell XPS 13,Lenovo,1,1881.36,0.11,0.18,1975.8,Cash,In-Store,EMP896,3,1,Standard,4,EUR
ORD115830,10-04-2024,BR45,Germany,Munich,CUST1912,PROD783,Tablet,Lenovo Tab P11,Apple,3,72.75,0.09,0.18,234.36,UPI,In-Store,EMP473,2,1,Same Day,6,INR
ORD115831,03-09-2023,BR106,UK,Birmingham,CUST7577,PROD840,TV,Sony Bravia 55,HP,2,929.14,0.1,0.18,1973.49,Net Banking,In-Store,EMP636,3,0,Express,10,INR
ORD115832,13-09-2023,BR46,Germany,Berlin,CUST3715,PROD463,Tablet,iPad Air,Samsung,4,588.38,0.05,0.18,2638.3,Debit Card,In-Store,EMP963,1,0,Standard,9,EUR
ORD115833,19-04-2024,BR104,India,Pune,CUST8050,PROD267,Laptop,HP Spectre x360,Sony,5,547.23,0.13,0.18,2808.93,Debit Card,In-Store,EMP890,1,1,Standard,10,USD
ORD115834,07-02-2023,BR109,USA,Chicago,CUST6185,PROD812,TV,Samsung QLED 50,Sony,4,776.59,0.22,0.18,2859.09,UPI,Online,EMP447,2,0,Same Day,1,AED
ORD115835,01-03-2024,BR24,India,Delhi,CUST4008,PROD753,Tablet,Samsung Galaxy Tab,Lenovo,1,1417.06,0.19,0.18,1354.43,UPI,Online,EMP601,1,1,Express,5,GBP
ORD115836,22-04-2024,BR116,India,Bangalore,CUST6506,PROD425,TV,LG OLED 48,LG,2,1515.87,0.2,0.18,2861.96,UPI,Online,EMP319,2,0,Same Day,7,INR
ORD115837,10-11-2024,BR34,India,Mumbai,CUST4798,PROD151,Accessories,Wireless Mouse,Dell,3,1228.88,0.01,0.18,4306.73,Cash,Online,EMP737,0,0,Express,5,AED
ORD115838,20-08-2024,BR68,UK,Manchester,CUST8456,PROD921,TV,LG OLED 48,Dell,5,238.82,0.26,0.18,1042.69,UPI,In-Store,EMP420,1,1,Express,4,GBP
ORD115839,08-12-2024,BR9,UAE,Dubai,CUST4858,PROD666,Laptop,Dell XPS 13,Dell,3,1993.62,0.12,0.18,6210.53,Cash,In-Store,EMP397,1,1,Express,7,AED
ORD115840,18-08-2023,BR96,India,Mumbai,CUST2162,PROD296,Mobile,OnePlus 11,Samsung,1,1600.05,0.01,0.18,1869.18,UPI,In-Store,EMP485,1,0,Express,9,EUR
ORD115841,03-05-2023,BR80,UAE,Abu Dhabi,CUST2980,PROD745,Laptop,HP Spectre x360,OnePlus,2,202.15,0.14,0.18,410.28,Debit Card,In-Store,EMP563,2,0,Standard,1,AED
ORD115842,06-11-2024,BR87,Germany,Munich,CUST7277,PROD143,Laptop,HP Spectre x360,Dell,1,535.82,0.09,0.18,575.36,Credit Card,In-Store,EMP254,1,1,Same Day,4,EUR
ORD115843,11-01-2024,BR64,UAE,Dubai,CUST1093,PROD121,Laptop,HP Spectre x360,Apple,4,614.22,0.06,0.18,2725.17,UPI,Online,EMP951,1,1,Same Day,3,GBP
ORD115844,05-04-2024,BR19,Germany,Berlin,CUST5721,PROD137,TV,Sony Bravia 55,Dell,4,1214.05,0.12,0.18,5042.68,Cash,In-Store,EMP385,0,0,Same Day,10,INR
ORD115845,14-09-2024,BR110,USA,Chicago,CUST9364,PROD874,Accessories,Wireless Mouse,OnePlus,1,346.75,0,0.18,409.17,Credit Card,In-Store,EMP397,3,0,Same Day,3,EUR
ORD115846,14-06-2024,BR104,UAE,Abu Dhabi,CUST9840,PROD126,Mobile,Samsung Galaxy S23,Lenovo,1,184.34,0.14,0.18,187.07,UPI,Online,EMP235,3,1,Standard,1,EUR
ORD115847,17-03-2023,BR119,USA,New York,CUST5804,PROD942,Mobile,OnePlus 11,HP,5,861.97,0.08,0.18,4678.77,Net Banking,In-Store,EMP664,1,1,Same Day,9,EUR
ORD115848,01-05-2023,BR114,UK,Manchester,CUST9210,PROD348,Laptop,HP Spectre x360,Samsung,4,746.08,0.21,0.18,2781.98,Net Banking,In-Store,EMP905,1,1,Express,6,EUR
ORD115849,20-11-2024,BR48,Germany,Hamburg,CUST9297,PROD915,Tablet,Lenovo Tab P11,HP,1,896.55,0.12,0.18,930.98,Cash,Online,EMP885,3,0,Standard,4,AED
ORD115850,08-05-2023,BR86,UAE,Dubai,CUST5554,PROD989,Accessories,Keyboard,Dell,2,794.5,0.22,0.18,1462.52,Cash,In-Store,EMP274,2,1,Same Day,1,GBP
ORD115851,10-11-2024,BR63,USA,Chicago,CUST5397,PROD233,Mobile,iPhone 14,Lenovo,4,1227.41,0.24,0.18,4402.97,Credit Card,Online,EMP349,0,1,Express,2,USD
ORD115852,07-05-2023,BR51,UAE,Dubai,CUST6893,PROD584,TV,Samsung QLED 50,OnePlus,4,1684.13,0.1,0.18,7154.18,Credit Card,Online,EMP523,0,1,Same Day,9,AED
ORD115853,24-08-2024,BR109,UK,Manchester,CUST7225,PROD125,Laptop,MacBook Air M2,Dell,5,977.09,0.24,0.18,4381.27,Cash,In-Store,EMP349,1,0,Same Day,3,AED
ORD115854,26-09-2024,BR51,India,Pune,CUST6222,PROD360,TV,Sony Bravia 55,HP,1,305.55,0.02,0.18,353.34,Net Banking,Online,EMP384,1,1,Same Day,3,INR
ORD115855,23-12-2024,BR52,India,Bangalore,CUST5793,PROD242,Tablet,iPad Air,Lenovo,1,576.68,0.05,0.18,646.46,UPI,Online,EMP975,0,0,Express,3,GBP
ORD115856,22-04-2024,BR118,UK,Birmingham,CUST4477,PROD740,TV,Samsung QLED 50,HP,5,598.45,0.21,0.18,2789.38,UPI,Online,EMP948,1,0,Standard,2,INR
ORD115857,04-09-2023,BR44,Germany,Munich,CUST9604,PROD359,TV,LG OLED 48,Samsung,1,169.61,0.15,0.18,170.12,Net Banking,Online,EMP552,0,1,Express,8,GBP
ORD115858,06-11-2024,BR6,UAE,Abu Dhabi,CUST1370,PROD728,TV,Sony Bravia 55,Dell,2,368.42,0.17,0.18,721.66,Debit Card,Online,EMP443,1,1,Same Day,9,EUR
ORD115859,14-12-2023,BR44,UAE,Abu Dhabi,CUST9683,PROD603,TV,LG OLED 48,LG,5,1974.38,0.16,0.18,9785.03,Cash,Online,EMP450,1,0,Same Day,8,GBP
ORD115860,27-11-2023,BR29,USA,Los Angeles,CUST2667,PROD861,TV,Sony Bravia 55,OnePlus,2,819.71,0.19,0.18,1566.96,Debit Card,Online,EMP444,3,1,Standard,6,GBP
ORD115861,18-02-2023,BR63,UK,London,CUST2941,PROD803,Laptop,MacBook Air M2,Lenovo,1,1401.71,0.25,0.18,1240.51,Credit Card,Online,EMP464,2,0,Express,3,USD
ORD115862,27-02-2023,BR99,India,Pune,CUST7721,PROD325,TV,LG OLED 48,HP,2,1658.11,0.26,0.18,2895.72,UPI,Online,EMP770,0,0,Standard,9,INR
ORD115863,22-03-2024,BR99,UAE,Abu Dhabi,CUST2879,PROD168,Mobile,Samsung Galaxy S23,Sony,3,951.44,0.19,0.18,2728.16,Debit Card,Online,EMP973,3,0,Same Day,3,EUR
ORD115864,13-11-2023,BR11,India,Mumbai,CUST2802,PROD620,TV,LG OLED 48,LG,1,1387.7,0.06,0.18,1539.24,Debit Card,In-Store,EMP587,2,1,Express,9,EUR
ORD115865,28-01-2024,BR114,Germany,Hamburg,CUST5624,PROD479,Accessories,Keyboard,Sony,3,912.24,0.07,0.18,3003.28,Credit Card,Online,EMP731,3,0,Standard,3,INR
ORD115866,16-09-2024,BR110,UAE,Dubai,CUST2679,PROD310,Accessories,Wireless Mouse,Lenovo,2,1484.62,0.15,0.18,2978.15,UPI,In-Store,EMP224,1,0,Express,5,GBP
ORD115867,06-07-2024,BR77,USA,Chicago,CUST6744,PROD720,Accessories,Wireless Mouse,Sony,1,800.52,0.08,0.18,869.04,Net Banking,In-Store,EMP542,1,1,Same Day,8,EUR
ORD115868,17-02-2024,BR39,UAE,Dubai,CUST6346,PROD872,Laptop,HP Spectre x360,LG,4,124.13,0.05,0.18,556.6,UPI,Online,EMP945,3,0,Same Day,9,USD
ORD115869,30-07-2024,BR34,UAE,Abu Dhabi,CUST4191,PROD988,Accessories,Wireless Mouse,Apple,1,1749.74,0.29,0.18,1465.93,Cash,Online,EMP571,1,0,Express,1,USD
ORD115870,15-04-2023,BR33,UK,London,CUST5966,PROD439,Laptop,Dell XPS 13,Apple,2,1558.87,0.18,0.18,3016.73,UPI,In-Store,EMP578,1,0,Same Day,3,INR
ORD115871,26-09-2024,BR30,Germany,Hamburg,CUST5976,PROD108,Tablet,Lenovo Tab P11,LG,3,1254,0.24,0.18,3373.76,UPI,In-Store,EMP522,1,0,Express,10,EUR
ORD115872,06-09-2024,BR5,Germany,Berlin,CUST4161,PROD525,TV,Samsung QLED 50,Sony,1,280.05,0.12,0.18,290.8,Debit Card,Online,EMP975,1,1,Standard,2,INR
ORD115873,19-02-2023,BR113,USA,Chicago,CUST1166,PROD855,Tablet,Lenovo Tab P11,LG,5,686.97,0.07,0.18,3769.4,Credit Card,In-Store,EMP894,0,1,Standard,10,EUR
ORD115874,02-02-2024,BR67,Germany,Hamburg,CUST9152,PROD335,Laptop,MacBook Air M2,Lenovo,3,1359.15,0.13,0.18,4185.91,Debit Card,Online,EMP530,1,1,Standard,2,GBP
ORD115875,07-01-2023,BR93,India,Mumbai,CUST7888,PROD399,Laptop,MacBook Air M2,Samsung,5,1136.42,0.27,0.18,4894.56,UPI,In-Store,EMP523,1,0,Standard,9,EUR
ORD115876,23-03-2023,BR47,USA,Los Angeles,CUST1304,PROD169,Tablet,Lenovo Tab P11,Lenovo,1,501.52,0.24,0.18,449.76,UPI,Online,EMP445,0,0,Same Day,3,INR
ORD115877,02-10-2023,BR87,USA,New York,CUST8806,PROD699,TV,Samsung QLED 50,OnePlus,2,341.99,0.18,0.18,661.82,Cash,Online,EMP780,2,1,Same Day,8,EUR
ORD115878,21-06-2023,BR80,India,Bangalore,CUST3377,PROD145,Accessories,Bluetooth Headphones,OnePlus,4,431.33,0.09,0.18,1852.65,Cash,In-Store,EMP244,3,0,Express,9,EUR
ORD115879,10-12-2024,BR70,India,Bangalore,CUST1759,PROD478,Laptop,Dell XPS 13,HP,4,124.5,0.05,0.18,558.26,UPI,Online,EMP298,0,0,Standard,5,USD
ORD115880,29-10-2023,BR74,UK,Manchester,CUST4212,PROD862,Accessories,Wireless Mouse,Apple,5,405.2,0.01,0.18,2366.77,Net Banking,In-Store,EMP402,0,0,Express,6,GBP
ORD115881,12-12-2024,BR53,UK,London,CUST1188,PROD178,Mobile,iPhone 14,Sony,3,1874.67,0.21,0.18,5242.7,Credit Card,Online,EMP775,2,1,Express,4,USD
ORD115882,12-03-2024,BR48,UK,London,CUST1344,PROD799,Accessories,Bluetooth Headphones,HP,5,913.53,0.2,0.18,4311.86,Credit Card,In-Store,EMP424,3,0,Standard,8,INR
ORD115883,01-10-2023,BR11,Germany,Hamburg,CUST5545,PROD597,TV,LG OLED 48,OnePlus,1,1891.39,0.13,0.18,1941.7,Net Banking,Online,EMP595,1,1,Standard,8,AED
ORD115884,22-01-2024,BR22,UK,London,CUST9625,PROD701,Laptop,HP Spectre x360,OnePlus,2,1654.66,0.09,0.18,3553.55,Debit Card,In-Store,EMP521,1,1,Standard,5,AED
ORD115885,12-05-2023,BR37,India,Bangalore,CUST7294,PROD847,TV,LG OLED 48,OnePlus,4,654.8,0.17,0.18,2565.24,UPI,Online,EMP700,2,1,Standard,3,INR
ORD115886,12-05-2024,BR115,India,Bangalore,CUST1073,PROD833,Accessories,Wireless Mouse,Sony,3,65.29,0.16,0.18,194.15,UPI,In-Store,EMP369,1,0,Express,3,EUR
ORD115887,05-03-2024,BR21,UAE,Dubai,CUST7050,PROD517,Laptop,HP Spectre x360,LG,1,521.09,0.15,0.18,522.65,Credit Card,Online,EMP831,3,0,Same Day,9,USD
ORD115888,21-05-2024,BR81,UK,London,CUST8176,PROD442,Tablet,Samsung Galaxy Tab,Lenovo,4,1934.18,0.14,0.18,7851.22,Cash,Online,EMP667,1,1,Express,2,AED
ORD115889,04-06-2023,BR46,USA,Dallas,CUST7558,PROD169,TV,LG OLED 48,HP,3,1827.18,0.1,0.18,5821.4,Cash,In-Store,EMP786,0,1,Express,9,USD
ORD115890,10-03-2023,BR39,UK,Birmingham,CUST1372,PROD429,Tablet,Samsung Galaxy Tab,Apple,2,1263.1,0.26,0.18,2205.88,Debit Card,In-Store,EMP856,2,1,Express,10,EUR
ORD115891,29-06-2023,BR45,UAE,Dubai,CUST2213,PROD598,Mobile,iPhone 14,Dell,1,918.09,0.14,0.18,931.68,Cash,In-Store,EMP414,1,0,Same Day,5,INR
ORD115892,12-11-2023,BR117,Germany,Hamburg,CUST4467,PROD398,Laptop,Dell XPS 13,Apple,4,1892.64,0.11,0.18,7950.6,Cash,Online,EMP631,3,1,Express,5,AED
ORD115893,26-05-2024,BR92,India,Mumbai,CUST9934,PROD815,Laptop,MacBook Air M2,Samsung,4,456.64,0.15,0.18,1832.04,Debit Card,In-Store,EMP358,2,1,Express,10,AED
ORD115894,19-06-2023,BR115,Germany,Hamburg,CUST2518,PROD584,Laptop,Dell XPS 13,HP,2,1911.47,0.29,0.18,3202.86,UPI,In-Store,EMP710,2,0,Same Day,3,AED
ORD115895,03-07-2023,BR62,USA,Los Angeles,CUST9424,PROD267,TV,Samsung QLED 50,Apple,2,1004.14,0.06,0.18,2227.58,Net Banking,In-Store,EMP208,0,0,Express,10,EUR
ORD115896,26-09-2024,BR83,UK,Manchester,CUST5388,PROD574,Tablet,Samsung Galaxy Tab,LG,3,1447.27,0.12,0.18,4508.54,Credit Card,Online,EMP854,2,1,Standard,9,EUR
ORD115897,17-02-2024,BR14,UAE,Abu Dhabi,CUST1475,PROD569,TV,Sony Bravia 55,Lenovo,4,512.93,0.29,0.18,1718.93,Debit Card,In-Store,EMP546,3,1,Same Day,7,USD
ORD115898,21-12-2023,BR64,UAE,Dubai,CUST9552,PROD298,Tablet,Lenovo Tab P11,Samsung,4,249.59,0.19,0.18,954.23,Net Banking,In-Store,EMP899,3,1,Same Day,1,GBP
ORD115899,01-07-2024,BR77,Germany,Hamburg,CUST9340,PROD511,Tablet,iPad Air,Samsung,3,881.23,0.13,0.18,2714.01,UPI,In-Store,EMP583,1,1,Express,9,AED
ORD115900,06-07-2024,BR11,India,Delhi,CUST8598,PROD206,Accessories,Wireless Mouse,OnePlus,2,1183.54,0.07,0.18,2597.63,Net Banking,Online,EMP655,1,1,Same Day,1,USD
ORD115901,06-06-2023,BR111,India,Delhi,CUST7228,PROD423,TV,Sony Bravia 55,Dell,2,397.33,0.06,0.18,881.44,Cash,Online,EMP641,3,1,Express,6,GBP
ORD115902,22-10-2024,BR74,USA,Chicago,CUST2912,PROD638,Accessories,Wireless Mouse,Lenovo,2,1620.15,0.01,0.18,3785.32,UPI,Online,EMP871,3,1,Standard,6,INR
ORD115903,27-10-2024,BR20,Germany,Hamburg,CUST5073,PROD207,Accessories,Bluetooth Headphones,OnePlus,5,410.87,0.26,0.18,1793.86,Credit Card,In-Store,EMP614,2,1,Same Day,6,INR
ORD115904,19-04-2023,BR44,Germany,Berlin,CUST7634,PROD948,TV,Sony Bravia 55,Dell,1,1178.78,0.07,0.18,1293.59,Debit Card,In-Store,EMP978,3,1,Standard,4,USD
ORD115905,16-04-2024,BR113,UAE,Abu Dhabi,CUST1917,PROD864,Accessories,Bluetooth Headphones,LG,2,1606.83,0.12,0.18,3337.06,Net Banking,In-Store,EMP892,1,1,Same Day,6,GBP
ORD115906,21-06-2024,BR69,UK,Manchester,CUST8994,PROD866,Accessories,Bluetooth Headphones,Dell,5,451.87,0.08,0.18,2452.75,Debit Card,In-Store,EMP534,1,0,Standard,9,EUR
ORD115907,19-08-2024,BR58,India,Bangalore,CUST5926,PROD365,Accessories,Keyboard,Dell,2,1277.21,0.23,0.18,2320.95,UPI,Online,EMP533,2,1,Express,7,INR
ORD115908,23-02-2023,BR2,USA,New York,CUST8225,PROD893,Laptop,MacBook Air M2,Dell,4,1688.7,0.13,0.18,6934.48,Credit Card,Online,EMP434,2,0,Standard,3,INR
ORD115909,12-08-2023,BR103,UAE,Dubai,CUST3136,PROD217,Tablet,Samsung Galaxy Tab,OnePlus,1,831.42,0.27,0.18,716.19,Credit Card,In-Store,EMP387,1,0,Express,8,EUR
ORD115910,11-03-2023,BR79,UK,Birmingham,CUST8161,PROD552,Accessories,Bluetooth Headphones,HP,5,443.28,0.05,0.18,2484.58,Net Banking,Online,EMP264,0,1,Express,1,USD
ORD115911,25-08-2023,BR58,Germany,Munich,CUST9658,PROD818,Tablet,iPad Air,Sony,1,1692.1,0.06,0.18,1876.88,Net Banking,In-Store,EMP455,1,1,Standard,4,EUR
ORD115912,28-09-2023,BR80,India,Pune,CUST6556,PROD937,Laptop,Dell XPS 13,OnePlus,4,563.76,0.19,0.18,2155.37,Net Banking,In-Store,EMP209,0,0,Same Day,2,AED
ORD115913,18-04-2023,BR19,USA,Los Angeles,CUST8520,PROD205,Mobile,iPhone 14,OnePlus,1,220.56,0.04,0.18,249.85,Cash,Online,EMP331,1,0,Same Day,7,EUR
ORD115914,12-05-2024,BR28,UK,Manchester,CUST1804,PROD891,Accessories,Keyboard,LG,5,1670.66,0.11,0.18,8772.64,Net Banking,In-Store,EMP410,2,1,Express,1,EUR
ORD115915,23-07-2023,BR9,UAE,Dubai,CUST3542,PROD245,TV,Samsung QLED 50,Dell,1,213.39,0.14,0.18,216.55,Net Banking,Online,EMP842,3,0,Same Day,8,INR
ORD115916,27-04-2023,BR23,India,Delhi,CUST9298,PROD970,Tablet,Samsung Galaxy Tab,Samsung,2,1700,0,0.18,4012,Net Banking,In-Store,EMP481,1,1,Express,8,EUR
ORD115917,29-12-2024,BR115,UK,Manchester,CUST3972,PROD540,Mobile,Samsung Galaxy S23,LG,2,1208.42,0.04,0.18,2737.8,Net Banking,In-Store,EMP788,3,1,Standard,4,GBP
ORD115918,04-04-2023,BR81,USA,Chicago,CUST1129,PROD401,TV,Samsung QLED 50,Sony,4,1799.23,0.16,0.18,7133.59,Cash,In-Store,EMP590,1,1,Same Day,4,INR
ORD115919,23-02-2024,BR87,India,Bangalore,CUST7817,PROD642,Laptop,MacBook Air M2,OnePlus,4,1603.67,0.29,0.18,5374.22,UPI,In-Store,EMP642,2,0,Express,3,GBP
ORD115920,14-08-2023,BR15,UAE,Abu Dhabi,CUST2363,PROD165,Accessories,Wireless Mouse,LG,2,751.85,0.17,0.18,1472.72,Debit Card,Online,EMP412,3,1,Express,10,EUR
ORD115921,10-06-2024,BR107,UK,Birmingham,CUST3384,PROD724,Mobile,Samsung Galaxy S23,HP,1,258.34,0.24,0.18,231.68,Credit Card,In-Store,EMP426,3,1,Express,9,EUR
ORD115922,07-10-2024,BR20,India,Delhi,CUST2120,PROD383,Accessories,Wireless Mouse,Sony,2,1906.37,0.28,0.18,3239.3,Debit Card,In-Store,EMP865,1,1,Same Day,5,AED
ORD115923,01-04-2023,BR17,India,Bangalore,CUST7156,PROD813,Accessories,Wireless Mouse,Apple,1,1178.11,0.02,0.18,1362.37,Net Banking,In-Store,EMP498,1,0,Same Day,9,AED
ORD115924,01-08-2024,BR73,USA,New York,CUST2525,PROD924,TV,Sony Bravia 55,HP,3,1329.32,0.1,0.18,4235.21,Cash,In-Store,EMP905,3,0,Same Day,1,USD
ORD115925,08-07-2024,BR65,UK,Birmingham,CUST7541,PROD389,Tablet,iPad Air,Lenovo,1,379.99,0.13,0.18,390.1,Debit Card,In-Store,EMP768,2,0,Standard,7,AED
ORD115926,20-11-2024,BR102,USA,Dallas,CUST1304,PROD485,Tablet,Samsung Galaxy Tab,LG,1,793.27,0.21,0.18,739.49,Net Banking,Online,EMP509,1,1,Standard,7,AED
ORD115927,19-09-2023,BR72,UK,London,CUST7316,PROD443,Mobile,Samsung Galaxy S23,OnePlus,1,1443.41,0.04,0.18,1635.09,Debit Card,Online,EMP357,3,1,Express,1,EUR
ORD115928,14-08-2024,BR9,USA,Dallas,CUST9192,PROD908,Laptop,Dell XPS 13,OnePlus,4,283.93,0.1,0.18,1206.13,Cash,In-Store,EMP274,0,0,Standard,4,INR
ORD115929,17-06-2023,BR99,UK,London,CUST7852,PROD178,Accessories,Keyboard,Samsung,5,232.37,0.11,0.18,1220.17,Debit Card,Online,EMP877,2,0,Express,6,AED
ORD115930,11-11-2024,BR77,Germany,Munich,CUST7934,PROD812,Accessories,Wireless Mouse,Sony,3,159.18,0.19,0.18,456.43,Credit Card,Online,EMP512,2,0,Standard,7,USD
ORD115931,27-01-2023,BR71,USA,Dallas,CUST8487,PROD420,Tablet,iPad Air,Dell,2,201.58,0.17,0.18,394.85,UPI,In-Store,EMP266,0,1,Express,2,USD
ORD115932,13-05-2024,BR110,Germany,Munich,CUST3150,PROD830,Tablet,Samsung Galaxy Tab,Samsung,2,1670.06,0.05,0.18,3744.27,UPI,In-Store,EMP784,1,0,Express,3,AED
ORD115933,04-03-2024,BR120,UAE,Dubai,CUST2632,PROD919,TV,LG OLED 48,OnePlus,5,385.15,0.22,0.18,1772.46,Cash,Online,EMP322,2,0,Standard,2,USD
ORD115934,14-08-2024,BR71,UAE,Dubai,CUST5694,PROD506,Mobile,iPhone 14,HP,2,1297.95,0.3,0.18,2144.21,Net Banking,In-Store,EMP886,2,1,Same Day,3,AED
ORD115935,13-02-2023,BR107,Germany,Hamburg,CUST9275,PROD742,Accessories,Keyboard,Sony,3,624.9,0.18,0.18,1813.96,Net Banking,In-Store,EMP769,2,0,Same Day,7,EUR
ORD115936,03-08-2023,BR79,India,Bangalore,CUST7897,PROD985,TV,Samsung QLED 50,LG,4,1059.05,0.03,0.18,4848.75,Cash,Online,EMP341,2,0,Same Day,10,GBP
ORD115937,19-10-2023,BR42,UK,Manchester,CUST4395,PROD460,Accessories,Bluetooth Headphones,Sony,1,448.9,0.03,0.18,513.81,Net Banking,In-Store,EMP209,0,0,Express,8,AED
ORD115938,30-05-2023,BR63,USA,Dallas,CUST4224,PROD205,Mobile,OnePlus 11,Sony,5,635.42,0.11,0.18,3336.59,Cash,In-Store,EMP829,0,1,Express,8,USD
ORD115939,31-07-2024,BR90,Germany,Hamburg,CUST9129,PROD447,Mobile,iPhone 14,Lenovo,3,1016.61,0.07,0.18,3346.88,Net Banking,In-Store,EMP909,3,0,Express,7,INR
ORD115940,22-04-2023,BR100,UK,London,CUST2932,PROD484,Accessories,Keyboard,HP,2,1487.48,0.21,0.18,2773.26,Net Banking,In-Store,EMP483,1,0,Standard,2,GBP
ORD115941,22-06-2024,BR36,USA,Chicago,CUST6894,PROD138,Tablet,iPad Air,Samsung,4,908.49,0.25,0.18,3216.05,Debit Card,In-Store,EMP965,1,0,Express,3,GBP
ORD115942,28-05-2023,BR117,Germany,Berlin,CUST8309,PROD911,Mobile,Samsung Galaxy S23,Dell,5,1433.86,0.25,0.18,6344.83,Debit Card,In-Store,EMP289,0,1,Standard,2,GBP
ORD115943,21-02-2024,BR117,UK,London,CUST1515,PROD502,TV,LG OLED 48,OnePlus,4,58.58,0.16,0.18,232.26,Cash,In-Store,EMP679,2,0,Express,7,GBP
ORD115944,16-01-2024,BR93,UK,Manchester,CUST3743,PROD730,TV,Samsung QLED 50,Samsung,5,1627.06,0.01,0.18,9503.66,Cash,In-Store,EMP983,3,1,Standard,8,AED
ORD115945,09-01-2024,BR15,Germany,Berlin,CUST6323,PROD951,Mobile,Samsung Galaxy S23,Dell,4,1714.87,0.05,0.18,7689.48,Cash,Online,EMP988,0,1,Standard,1,GBP
ORD115946,25-07-2023,BR33,UAE,Dubai,CUST7173,PROD387,Mobile,Samsung Galaxy S23,Apple,5,1879.97,0.13,0.18,9649.89,UPI,In-Store,EMP408,1,0,Standard,9,EUR
ORD115947,15-11-2023,BR18,USA,Chicago,CUST4793,PROD502,Mobile,iPhone 14,Samsung,3,922.15,0.19,0.18,2644.17,UPI,Online,EMP324,0,1,Same Day,1,INR
ORD115948,18-12-2024,BR112,UAE,Dubai,CUST2200,PROD489,Laptop,HP Spectre x360,LG,4,231.76,0.17,0.18,907.94,Net Banking,Online,EMP554,2,1,Standard,10,EUR
ORD115949,19-04-2024,BR4,India,Delhi,CUST2048,PROD748,Mobile,OnePlus 11,Apple,3,959.83,0.06,0.18,3193.93,Debit Card,In-Store,EMP542,3,0,Same Day,6,AED
ORD115950,18-07-2023,BR45,USA,Los Angeles,CUST5767,PROD121,Laptop,Dell XPS 13,OnePlus,4,385.99,0.22,0.18,1421.06,UPI,In-Store,EMP971,2,1,Same Day,8,INR
ORD115951,31-01-2024,BR118,India,Pune,CUST8776,PROD503,Mobile,iPhone 14,Lenovo,1,294.56,0.07,0.18,323.25,Credit Card,Online,EMP613,1,1,Same Day,8,EUR
ORD115952,16-09-2023,BR16,UK,Manchester,CUST9039,PROD908,TV,LG OLED 48,Dell,4,1451.5,0.25,0.18,5138.31,Cash,In-Store,EMP281,3,1,Standard,7,USD
ORD115953,26-02-2024,BR94,UAE,Abu Dhabi,CUST4238,PROD787,Accessories,Bluetooth Headphones,Dell,2,1998.38,0.16,0.18,3961.59,Credit Card,Online,EMP758,1,0,Same Day,8,AED
ORD115954,23-07-2024,BR120,UK,Birmingham,CUST1987,PROD623,Tablet,Lenovo Tab P11,Apple,3,1320.88,0.02,0.18,4582.4,Cash,Online,EMP688,3,0,Same Day,9,GBP
ORD115955,12-08-2024,BR112,UAE,Dubai,CUST8597,PROD308,TV,LG OLED 48,Sony,2,1153.71,0.13,0.18,2368.8,Net Banking,In-Store,EMP997,2,1,Express,9,USD
ORD115956,27-07-2023,BR96,USA,Chicago,CUST2245,PROD515,Tablet,iPad Air,Lenovo,3,1602.5,0.13,0.18,4935.38,UPI,Online,EMP335,3,1,Standard,4,AED
ORD115957,05-07-2024,BR51,Germany,Munich,CUST8481,PROD824,Laptop,Dell XPS 13,Lenovo,5,1482.78,0,0.18,8748.4,UPI,Online,EMP213,3,0,Standard,1,AED
ORD115958,16-03-2024,BR83,India,Bangalore,CUST7213,PROD170,Laptop,Dell XPS 13,Apple,4,1389.43,0.06,0.18,6164.62,Net Banking,In-Store,EMP579,0,0,Standard,9,AED
ORD115959,02-02-2023,BR67,India,Bangalore,CUST4224,PROD257,Mobile,OnePlus 11,Sony,3,980.86,0.02,0.18,3402.8,Net Banking,Online,EMP821,1,0,Express,3,GBP
ORD115960,03-07-2023,BR34,Germany,Hamburg,CUST1115,PROD391,Laptop,Dell XPS 13,Dell,1,1670.13,0,0.18,1970.75,UPI,In-Store,EMP369,0,0,Standard,3,INR
ORD115961,25-08-2023,BR92,UK,Manchester,CUST5367,PROD271,Laptop,Dell XPS 13,Lenovo,5,635.94,0.13,0.18,3264.28,Cash,Online,EMP316,1,0,Express,1,INR
ORD115962,12-04-2024,BR103,UK,Birmingham,CUST7442,PROD613,Laptop,MacBook Air M2,Sony,5,1241.66,0.12,0.18,6446.7,UPI,In-Store,EMP860,0,1,Standard,6,EUR
ORD115963,03-10-2024,BR9,India,Bangalore,CUST5935,PROD784,TV,Samsung QLED 50,Apple,5,357.2,0.27,0.18,1538.46,Net Banking,Online,EMP713,0,1,Same Day,4,AED
ORD115964,25-03-2024,BR39,USA,Dallas,CUST4406,PROD404,Accessories,Wireless Mouse,Sony,5,383.08,0.09,0.18,2056.76,Cash,In-Store,EMP498,0,0,Standard,4,EUR
ORD115965,27-05-2024,BR40,USA,Dallas,CUST3515,PROD638,Accessories,Bluetooth Headphones,Sony,1,1651.38,0.21,0.18,1539.42,Credit Card,In-Store,EMP930,3,1,Express,10,GBP
ORD115966,12-07-2023,BR93,UAE,Abu Dhabi,CUST4327,PROD344,Laptop,Dell XPS 13,HP,3,730.23,0.22,0.18,2016.31,Cash,Online,EMP317,2,0,Express,9,GBP
ORD115967,01-08-2023,BR17,UK,Manchester,CUST6790,PROD861,Mobile,Samsung Galaxy S23,Apple,1,1884.16,0.17,0.18,1845.35,UPI,In-Store,EMP877,2,0,Express,2,GBP
ORD115968,17-12-2024,BR33,India,Delhi,CUST4273,PROD310,Tablet,iPad Air,Dell,3,238.69,0.02,0.18,828.06,UPI,In-Store,EMP695,2,1,Standard,4,INR
ORD115969,29-01-2023,BR28,India,Pune,CUST3252,PROD564,Tablet,Samsung Galaxy Tab,Dell,1,1657.25,0.06,0.18,1838.22,UPI,Online,EMP382,1,1,Express,8,INR
ORD115970,04-10-2023,BR113,UAE,Abu Dhabi,CUST5150,PROD652,Tablet,Lenovo Tab P11,HP,1,1696.48,0.12,0.18,1761.62,UPI,In-Store,EMP961,2,0,Standard,10,GBP
ORD115971,28-02-2023,BR68,UK,London,CUST7097,PROD583,Mobile,OnePlus 11,LG,2,1696.12,0,0.18,4002.84,Cash,Online,EMP677,3,1,Express,2,GBP
ORD115972,29-04-2024,BR12,UAE,Dubai,CUST3671,PROD715,Accessories,Bluetooth Headphones,LG,3,1697.14,0.25,0.18,4505.91,UPI,Online,EMP396,1,1,Standard,4,USD
ORD115973,14-04-2023,BR97,UK,London,CUST7045,PROD207,Accessories,Keyboard,HP,2,1678.73,0.18,0.18,3248.68,Credit Card,Online,EMP376,1,0,Express,3,EUR
ORD115974,05-04-2024,BR80,India,Pune,CUST7447,PROD706,Accessories,Bluetooth Headphones,Sony,1,266.53,0.11,0.18,279.91,UPI,In-Store,EMP497,1,1,Express,1,AED
ORD115975,26-07-2023,BR49,UAE,Dubai,CUST3343,PROD772,Laptop,Dell XPS 13,Sony,2,834.39,0.22,0.18,1535.95,Cash,In-Store,EMP466,0,1,Express,10,GBP
ORD115976,27-01-2024,BR3,Germany,Hamburg,CUST7130,PROD417,Laptop,MacBook Air M2,Sony,2,1038.12,0.04,0.18,2351.96,Credit Card,In-Store,EMP530,1,1,Same Day,5,EUR
ORD115977,04-04-2023,BR26,UAE,Abu Dhabi,CUST9297,PROD207,Tablet,iPad Air,HP,5,1095.12,0.14,0.18,5556.64,Cash,Online,EMP290,0,0,Standard,4,AED
ORD115978,23-07-2023,BR1,India,Mumbai,CUST1799,PROD459,Tablet,Lenovo Tab P11,Dell,5,1544.43,0.25,0.18,6834.1,Cash,In-Store,EMP239,2,1,Standard,3,USD
ORD115979,03-03-2024,BR5,UK,Birmingham,CUST7862,PROD951,TV,LG OLED 48,LG,3,1904.03,0.3,0.18,4718.19,Cash,Online,EMP453,2,1,Standard,1,AED
ORD115980,11-02-2024,BR101,UK,London,CUST4891,PROD146,TV,Samsung QLED 50,Sony,1,453.78,0.15,0.18,455.14,UPI,In-Store,EMP315,0,1,Standard,10,INR
ORD115981,12-04-2024,BR85,India,Delhi,CUST4495,PROD997,TV,Samsung QLED 50,Sony,1,1004.7,0.02,0.18,1161.84,Debit Card,Online,EMP908,0,1,Express,5,AED
ORD115982,19-02-2023,BR3,India,Pune,CUST8926,PROD504,Accessories,Wireless Mouse,LG,4,1852.58,0.27,0.18,6383.25,Cash,Online,EMP767,1,1,Same Day,9,INR
ORD115983,13-01-2024,BR22,Germany,Berlin,CUST3583,PROD194,Mobile,OnePlus 11,Sony,5,508.71,0.08,0.18,2761.28,Cash,Online,EMP381,3,0,Express,8,GBP
ORD115984,04-06-2023,BR103,Germany,Munich,CUST8128,PROD152,Accessories,Bluetooth Headphones,LG,1,543.84,0.15,0.18,545.47,Net Banking,In-Store,EMP307,2,0,Standard,3,GBP
ORD115985,02-01-2023,BR78,Germany,Munich,CUST2011,PROD639,Laptop,HP Spectre x360,Apple,5,726.99,0.27,0.18,3131.15,Credit Card,In-Store,EMP707,3,0,Express,1,INR
ORD115986,19-07-2023,BR30,USA,New York,CUST5938,PROD353,Laptop,MacBook Air M2,Apple,4,669.63,0.08,0.18,2907.8,Credit Card,In-Store,EMP655,0,1,Same Day,2,GBP
ORD115987,24-06-2024,BR10,Germany,Munich,CUST5129,PROD824,Laptop,Dell XPS 13,Sony,3,559.54,0,0.18,1980.77,Cash,In-Store,EMP998,3,1,Standard,7,USD
ORD115988,30-07-2024,BR25,India,Pune,CUST8852,PROD800,Laptop,MacBook Air M2,Sony,5,1125.38,0.12,0.18,5842.97,Net Banking,In-Store,EMP474,3,0,Standard,2,EUR
ORD115989,09-11-2023,BR93,UK,London,CUST1775,PROD231,TV,Sony Bravia 55,LG,2,169.48,0,0.18,399.97,Debit Card,In-Store,EMP576,1,1,Standard,10,AED
ORD115990,30-05-2023,BR17,UK,London,CUST3835,PROD384,Tablet,iPad Air,Apple,5,1118.12,0.06,0.18,6201.09,Cash,In-Store,EMP683,1,1,Express,8,GBP
ORD115991,05-01-2023,BR86,Germany,Munich,CUST8738,PROD622,TV,Samsung QLED 50,OnePlus,3,484.6,0.28,0.18,1235.15,Net Banking,Online,EMP586,0,1,Same Day,1,USD
ORD115992,18-04-2023,BR94,UK,Birmingham,CUST1731,PROD821,Tablet,iPad Air,HP,4,1044.17,0.27,0.18,3597.79,Debit Card,In-Store,EMP447,3,0,Standard,1,GBP
ORD115993,03-03-2023,BR16,India,Delhi,CUST9763,PROD134,Accessories,Bluetooth Headphones,OnePlus,4,596.54,0.04,0.18,2703.04,UPI,In-Store,EMP521,0,1,Same Day,8,EUR
ORD115994,11-12-2023,BR60,UAE,Dubai,CUST8952,PROD128,TV,Samsung QLED 50,LG,4,462.06,0.13,0.18,1897.4,Debit Card,Online,EMP970,3,1,Same Day,6,AED
ORD115995,12-02-2024,BR117,USA,Chicago,CUST9914,PROD240,Mobile,Samsung Galaxy S23,OnePlus,1,1530.58,0.22,0.18,1408.75,Net Banking,Online,EMP377,3,1,Standard,5,EUR
ORD115996,10-05-2023,BR1,Germany,Munich,CUST7858,PROD284,Tablet,Samsung Galaxy Tab,Samsung,5,1411.21,0.17,0.18,6910.7,UPI,Online,EMP659,2,0,Same Day,3,INR
ORD115997,01-10-2023,BR91,Germany,Hamburg,CUST6235,PROD244,Mobile,OnePlus 11,Dell,3,1912.53,0.01,0.18,6702.65,Cash,Online,EMP641,3,1,Same Day,10,AED
ORD115998,02-06-2024,BR118,USA,Dallas,CUST9486,PROD307,Mobile,OnePlus 11,LG,2,1299.38,0.27,0.18,2238.57,Cash,Online,EMP776,1,1,Same Day,9,INR
ORD115999,04-06-2024,BR84,India,Mumbai,CUST9595,PROD793,Mobile,Samsung Galaxy S23,OnePlus,1,747.77,0.18,0.18,723.54,Debit Card,Online,EMP399,2,0,Standard,6,GBP
ORD116000,24-11-2024,BR20,USA,New York,CUST1681,PROD247,Accessories,Wireless Mouse,Sony,5,834.6,0.09,0.18,4480.97,Debit Card,In-Store,EMP573,1,1,Same Day,1,AED
ORD116001,12-09-2023,BR28,India,Mumbai,CUST4048,PROD626,TV,Samsung QLED 50,Apple,3,640.71,0.26,0.18,1678.4,Debit Card,Online,EMP266,3,1,Standard,2,USD
ORD116002,02-10-2024,BR44,UAE,Abu Dhabi,CUST4360,PROD747,Mobile,OnePlus 11,OnePlus,3,338.41,0.3,0.18,838.58,UPI,Online,EMP923,1,0,Express,7,AED
ORD116003,05-07-2024,BR95,UK,Manchester,CUST5192,PROD617,Accessories,Wireless Mouse,Sony,5,1814.67,0.11,0.18,9528.83,Credit Card,In-Store,EMP871,2,0,Same Day,8,EUR
ORD116004,17-08-2024,BR10,Germany,Munich,CUST5474,PROD870,Accessories,Bluetooth Headphones,Sony,4,1346.3,0.05,0.18,6036.81,Credit Card,In-Store,EMP588,2,1,Same Day,1,USD
ORD116005,06-05-2023,BR81,India,Mumbai,CUST2921,PROD102,TV,Sony Bravia 55,Apple,5,2000,0.27,0.18,8614,Debit Card,In-Store,EMP259,0,0,Standard,10,USD
ORD116006,15-06-2023,BR17,India,Bangalore,CUST3313,PROD583,Mobile,OnePlus 11,OnePlus,1,872.12,0.13,0.18,895.32,UPI,In-Store,EMP778,2,1,Same Day,4,EUR
ORD116007,10-12-2024,BR68,India,Pune,CUST3927,PROD868,Mobile,iPhone 14,OnePlus,1,720.81,0.16,0.18,714.47,Cash,Online,EMP897,3,1,Express,1,USD
ORD116008,27-06-2024,BR68,India,Pune,CUST9661,PROD567,Tablet,Samsung Galaxy Tab,Lenovo,1,1841.66,0.21,0.18,1716.8,UPI,In-Store,EMP487,2,0,Same Day,5,INR
ORD116009,24-10-2024,BR108,UAE,Dubai,CUST7654,PROD748,Tablet,Lenovo Tab P11,HP,2,1526.07,0.01,0.18,3565.51,Net Banking,Online,EMP827,0,0,Same Day,3,GBP
ORD116010,24-10-2024,BR92,USA,Dallas,CUST7403,PROD982,Laptop,HP Spectre x360,Apple,1,1802.94,0.17,0.18,1765.8,Debit Card,In-Store,EMP569,3,1,Standard,4,GBP
ORD116011,19-10-2023,BR1,UK,Manchester,CUST2435,PROD968,Mobile,OnePlus 11,LG,3,741.39,0.16,0.18,2204.6,Net Banking,In-Store,EMP377,3,0,Standard,10,GBP
ORD116012,12-03-2023,BR37,UAE,Dubai,CUST1561,PROD451,Accessories,Wireless Mouse,Dell,2,822.72,0.11,0.18,1728.04,Debit Card,In-Store,EMP692,0,0,Express,1,AED
ORD116013,29-04-2024,BR45,UAE,Dubai,CUST2349,PROD464,Tablet,iPad Air,Lenovo,1,1461.36,0.14,0.18,1482.99,Net Banking,In-Store,EMP511,2,1,Same Day,7,GBP
ORD116014,25-05-2023,BR79,UAE,Dubai,CUST9161,PROD993,Accessories,Wireless Mouse,HP,1,163.58,0.05,0.18,183.37,Debit Card,Online,EMP687,2,0,Standard,1,AED
ORD116015,10-11-2024,BR111,UAE,Dubai,CUST2894,PROD599,Tablet,Lenovo Tab P11,Dell,4,273.42,0.09,0.18,1174.39,Cash,In-Store,EMP914,1,0,Standard,7,USD
ORD116016,23-01-2024,BR40,USA,New York,CUST9368,PROD367,Mobile,iPhone 14,Apple,4,1405.85,0.05,0.18,6303.83,UPI,In-Store,EMP660,2,1,Standard,7,EUR
ORD116017,19-11-2024,BR85,Germany,Hamburg,CUST4315,PROD676,Mobile,iPhone 14,Dell,4,827.62,0.27,0.18,2851.65,Credit Card,In-Store,EMP310,2,1,Express,4,USD
ORD116018,22-05-2024,BR105,UK,Manchester,CUST5281,PROD423,Accessories,Wireless Mouse,Lenovo,2,279.74,0.13,0.18,574.36,Cash,Online,EMP298,3,1,Express,1,AED
ORD116019,24-02-2024,BR23,India,Bangalore,CUST6069,PROD167,Laptop,Dell XPS 13,Apple,4,533.98,0.21,0.18,1991.1,Credit Card,In-Store,EMP842,3,1,Express,10,GBP
ORD116020,19-05-2024,BR65,UAE,Abu Dhabi,CUST4089,PROD566,Accessories,Wireless Mouse,Dell,2,933.56,0.28,0.18,1586.31,UPI,Online,EMP714,2,1,Standard,4,EUR
ORD116021,16-12-2024,BR52,India,Pune,CUST4151,PROD131,Laptop,Dell XPS 13,Samsung,2,1547.48,0.3,0.18,2556.44,Cash,In-Store,EMP891,0,1,Same Day,9,INR
ORD116022,02-03-2024,BR37,India,Pune,CUST1626,PROD748,Mobile,OnePlus 11,Samsung,1,204.29,0.24,0.18,183.21,Credit Card,In-Store,EMP577,1,1,Express,3,EUR
ORD116023,06-04-2023,BR71,UK,Manchester,CUST9518,PROD848,TV,LG OLED 48,Dell,3,1826.82,0.29,0.18,4591.53,Cash,In-Store,EMP487,3,1,Standard,4,USD
ORD116024,07-01-2024,BR66,USA,Chicago,CUST5785,PROD544,Laptop,Dell XPS 13,Lenovo,1,1415.31,0.24,0.18,1269.25,Cash,Online,EMP999,3,0,Standard,3,AED
ORD116025,26-09-2023,BR46,Germany,Hamburg,CUST7181,PROD660,Accessories,Wireless Mouse,Samsung,4,1329.06,0.28,0.18,4516.68,Cash,In-Store,EMP436,1,0,Standard,9,USD
ORD116026,19-08-2023,BR32,India,Delhi,CUST5407,PROD563,Tablet,Samsung Galaxy Tab,OnePlus,1,660.75,0.25,0.18,584.76,Cash,In-Store,EMP347,3,1,Express,10,EUR
ORD116027,24-08-2023,BR110,UAE,Dubai,CUST6958,PROD746,Accessories,Wireless Mouse,Lenovo,1,490.86,0.16,0.18,486.54,Debit Card,Online,EMP777,3,1,Standard,3,AED
ORD116028,20-06-2024,BR64,UK,Manchester,CUST8424,PROD344,Tablet,Lenovo Tab P11,Dell,4,697.29,0.14,0.18,2830.44,Cash,In-Store,EMP460,0,1,Same Day,9,EUR
ORD116029,05-09-2024,BR67,USA,Dallas,CUST7406,PROD133,Accessories,Keyboard,Dell,4,269.25,0.22,0.18,991.27,UPI,Online,EMP672,3,1,Same Day,9,GBP
ORD116030,01-05-2023,BR28,India,Mumbai,CUST2875,PROD590,Laptop,MacBook Air M2,HP,5,778.1,0.27,0.18,3351.28,UPI,In-Store,EMP337,2,0,Same Day,10,EUR
ORD116031,14-01-2024,BR72,India,Bangalore,CUST3268,PROD129,TV,Sony Bravia 55,Dell,4,1911.5,0.09,0.18,8210.27,UPI,In-Store,EMP554,3,1,Standard,7,GBP
ORD116032,19-05-2023,BR62,Germany,Munich,CUST8915,PROD810,TV,LG OLED 48,HP,5,776.23,0.15,0.18,3892.79,Net Banking,Online,EMP880,2,1,Standard,7,INR
ORD116033,18-02-2024,BR107,Germany,Munich,CUST8400,PROD902,Mobile,iPhone 14,Dell,3,1705.23,0.18,0.18,4949.94,Cash,Online,EMP685,3,0,Standard,8,INR
ORD116034,19-01-2024,BR35,Germany,Berlin,CUST7834,PROD435,TV,Samsung QLED 50,Dell,4,1834.11,0.02,0.18,8483.86,Cash,In-Store,EMP531,0,0,Standard,10,EUR
ORD116035,28-07-2024,BR76,UK,Manchester,CUST8510,PROD847,TV,Samsung QLED 50,Sony,2,1791.42,0.22,0.18,3297.65,Cash,Online,EMP891,3,0,Same Day,4,AED
ORD116036,09-12-2023,BR34,USA,Chicago,CUST1609,PROD594,Laptop,HP Spectre x360,Sony,3,1079.58,0.01,0.18,3783.5,Net Banking,Online,EMP410,1,1,Same Day,9,EUR
ORD116037,24-12-2024,BR46,UK,Manchester,CUST4093,PROD797,Tablet,Samsung Galaxy Tab,Sony,3,1721.97,0.17,0.18,5059.49,Credit Card,Online,EMP649,0,1,Same Day,9,USD
ORD116038,23-07-2023,BR81,Germany,Munich,CUST8738,PROD903,Accessories,Bluetooth Headphones,HP,4,1930.26,0.11,0.18,8108.64,Net Banking,Online,EMP941,0,0,Same Day,6,USD
ORD116039,25-05-2023,BR100,UAE,Dubai,CUST4357,PROD525,Tablet,Samsung Galaxy Tab,Apple,4,199.29,0.09,0.18,855.99,Net Banking,Online,EMP304,2,0,Standard,2,EUR
ORD116040,11-08-2023,BR72,India,Delhi,CUST3197,PROD121,Tablet,iPad Air,Dell,3,297.91,0.2,0.18,843.68,Debit Card,In-Store,EMP790,0,1,Express,8,INR
ORD116041,23-05-2023,BR19,India,Pune,CUST6476,PROD350,Laptop,Dell XPS 13,Apple,5,1897.4,0.04,0.18,10746.87,Cash,Online,EMP610,1,0,Express,5,AED
ORD116042,02-01-2023,BR99,India,Pune,CUST7588,PROD839,Tablet,Samsung Galaxy Tab,Apple,4,749.63,0.23,0.18,2724.46,UPI,In-Store,EMP442,1,1,Same Day,5,AED
ORD116043,14-06-2024,BR47,USA,Dallas,CUST6720,PROD978,Mobile,OnePlus 11,Samsung,2,501.85,0.01,0.18,1172.52,Net Banking,In-Store,EMP325,1,0,Express,6,AED
ORD116044,19-07-2023,BR85,Germany,Munich,CUST4967,PROD669,Mobile,OnePlus 11,LG,1,1251.94,0.04,0.18,1418.2,Credit Card,Online,EMP802,0,1,Standard,4,AED
ORD116045,18-08-2023,BR75,UAE,Dubai,CUST6846,PROD807,Tablet,iPad Air,Dell,5,92.04,0.14,0.18,467.01,Cash,In-Store,EMP603,0,0,Standard,8,INR
ORD116046,13-03-2023,BR25,India,Pune,CUST5842,PROD187,Mobile,OnePlus 11,LG,4,304.44,0.04,0.18,1379.48,Debit Card,Online,EMP833,3,1,Standard,3,EUR
ORD116047,16-08-2024,BR78,UK,London,CUST9064,PROD465,Tablet,Samsung Galaxy Tab,HP,4,994.93,0.05,0.18,4461.27,UPI,Online,EMP739,3,0,Express,5,GBP
ORD116048,22-05-2023,BR16,India,Bangalore,CUST1588,PROD681,TV,Sony Bravia 55,LG,2,273.38,0.19,0.18,522.59,Cash,Online,EMP942,1,1,Same Day,5,AED
ORD116049,31-01-2023,BR116,Germany,Munich,CUST8158,PROD757,Mobile,iPhone 14,Lenovo,5,139.06,0.11,0.18,730.2,UPI,Online,EMP461,0,0,Standard,10,USD
ORD116050,11-03-2024,BR82,UAE,Abu Dhabi,CUST5210,PROD754,Tablet,iPad Air,Apple,1,1596.03,0.23,0.18,1450.15,Debit Card,In-Store,EMP308,1,0,Standard,2,GBP
ORD116051,28-04-2023,BR109,UAE,Abu Dhabi,CUST7648,PROD961,Tablet,iPad Air,OnePlus,1,1682.26,0.11,0.18,1766.71,UPI,Online,EMP394,1,1,Standard,8,INR
ORD116052,31-10-2023,BR63,UAE,Dubai,CUST2432,PROD265,Laptop,MacBook Air M2,Sony,4,771.72,0.25,0.18,2731.89,Net Banking,Online,EMP968,1,0,Standard,3,USD
ORD116053,30-01-2023,BR29,UAE,Abu Dhabi,CUST6572,PROD779,Tablet,Samsung Galaxy Tab,Samsung,1,442.91,0.08,0.18,480.82,Net Banking,Online,EMP834,2,1,Standard,10,AED
ORD116054,22-12-2024,BR41,India,Delhi,CUST9063,PROD771,Tablet,iPad Air,LG,3,1277.97,0.12,0.18,3981.13,Cash,Online,EMP483,0,1,Standard,8,EUR
ORD116055,17-05-2023,BR31,UAE,Dubai,CUST7043,PROD704,Tablet,Samsung Galaxy Tab,HP,3,232.13,0.29,0.18,583.44,UPI,Online,EMP612,1,0,Same Day,5,USD
ORD116056,18-07-2023,BR39,USA,Los Angeles,CUST1410,PROD720,Laptop,Dell XPS 13,Sony,1,418.09,0.23,0.18,379.88,Net Banking,In-Store,EMP875,2,0,Standard,8,GBP
ORD116057,15-03-2023,BR63,Germany,Hamburg,CUST8387,PROD673,TV,LG OLED 48,Samsung,3,1396.55,0.06,0.18,4647.16,Debit Card,Online,EMP999,3,1,Standard,10,EUR
ORD116058,23-05-2024,BR78,UK,Birmingham,CUST1973,PROD655,Laptop,MacBook Air M2,Dell,5,1250.85,0.03,0.18,7158.61,UPI,In-Store,EMP294,0,0,Same Day,2,GBP
ORD116059,06-04-2023,BR92,India,Bangalore,CUST1669,PROD157,TV,Samsung QLED 50,LG,2,1632.24,0.11,0.18,3428.36,UPI,In-Store,EMP437,2,1,Standard,7,AED
ORD116060,13-02-2024,BR87,Germany,Berlin,CUST2302,PROD928,Tablet,Samsung Galaxy Tab,OnePlus,1,1511.51,0.1,0.18,1605.22,Debit Card,In-Store,EMP813,0,1,Same Day,9,INR
ORD116061,17-10-2023,BR18,India,Pune,CUST4112,PROD597,Tablet,Lenovo Tab P11,Apple,1,1821.6,0.09,0.18,1956.03,Credit Card,In-Store,EMP896,0,1,Same Day,7,INR
ORD116062,05-07-2023,BR81,USA,Chicago,CUST5694,PROD657,TV,Samsung QLED 50,Sony,4,591.04,0.02,0.18,2733.91,UPI,In-Store,EMP740,2,1,Same Day,6,GBP
ORD116063,19-11-2024,BR32,Germany,Munich,CUST9224,PROD884,Tablet,Samsung Galaxy Tab,Samsung,3,990.04,0.2,0.18,2803.79,UPI,Online,EMP870,1,0,Standard,3,AED
ORD116064,01-12-2023,BR106,India,Pune,CUST5967,PROD728,Mobile,OnePlus 11,Lenovo,4,765.23,0.28,0.18,2600.56,Net Banking,In-Store,EMP946,1,0,Standard,10,INR
ORD116065,05-06-2024,BR83,USA,Chicago,CUST2826,PROD645,Mobile,iPhone 14,Dell,3,507.73,0.02,0.18,1761.42,UPI,In-Store,EMP663,3,1,Standard,6,INR
ORD116066,09-06-2023,BR67,UK,London,CUST5763,PROD823,Laptop,HP Spectre x360,Samsung,2,814.09,0,0.18,1921.25,Credit Card,Online,EMP910,0,1,Same Day,3,EUR
ORD116067,05-08-2024,BR6,UAE,Abu Dhabi,CUST6891,PROD193,Laptop,Dell XPS 13,HP,1,386.98,0.21,0.18,360.74,Cash,Online,EMP820,2,1,Same Day,4,INR
ORD116068,21-07-2023,BR112,India,Mumbai,CUST1965,PROD807,TV,Sony Bravia 55,Lenovo,4,608.26,0.08,0.18,2641.31,Credit Card,In-Store,EMP894,0,0,Express,9,INR
ORD116069,22-12-2023,BR34,UAE,Abu Dhabi,CUST6961,PROD352,Tablet,Samsung Galaxy Tab,OnePlus,1,577.57,0.09,0.18,620.19,Debit Card,In-Store,EMP304,0,1,Same Day,6,AED
ORD116070,09-11-2023,BR23,India,Bangalore,CUST9218,PROD133,Mobile,Samsung Galaxy S23,HP,1,1182.66,0.01,0.18,1381.58,UPI,Online,EMP677,0,1,Same Day,8,USD
ORD116071,27-02-2023,BR91,USA,Dallas,CUST4270,PROD653,TV,Samsung QLED 50,OnePlus,3,856.53,0.01,0.18,3001.8,UPI,Online,EMP349,2,1,Express,2,USD
ORD116072,16-03-2024,BR55,India,Pune,CUST8454,PROD689,Tablet,Lenovo Tab P11,LG,4,598.33,0.08,0.18,2598.19,Credit Card,Online,EMP726,2,1,Standard,1,USD
ORD116073,21-08-2024,BR48,Germany,Berlin,CUST8849,PROD608,Tablet,Samsung Galaxy Tab,Dell,1,430.69,0.26,0.18,376.08,Credit Card,Online,EMP428,1,1,Same Day,2,EUR
ORD116074,20-09-2023,BR50,USA,Los Angeles,CUST7347,PROD132,Tablet,iPad Air,OnePlus,5,1116.51,0.02,0.18,6455.66,Debit Card,In-Store,EMP943,1,1,Standard,1,USD
ORD116075,09-04-2024,BR116,Germany,Hamburg,CUST9906,PROD415,TV,Sony Bravia 55,Samsung,5,1581.43,0.12,0.18,8210.78,Credit Card,Online,EMP795,1,1,Express,4,GBP
ORD116076,08-01-2023,BR21,USA,New York,CUST9572,PROD246,Laptop,MacBook Air M2,Sony,4,1682.39,0.16,0.18,6670.34,UPI,Online,EMP623,1,0,Same Day,2,AED
ORD116077,17-06-2024,BR48,India,Delhi,CUST6058,PROD803,Tablet,Lenovo Tab P11,HP,4,222.98,0.26,0.18,778.82,Debit Card,Online,EMP366,0,0,Express,5,EUR
ORD116078,27-10-2023,BR109,Germany,Munich,CUST4474,PROD236,Mobile,iPhone 14,Apple,2,1266.11,0.14,0.18,2569.7,UPI,Online,EMP874,2,1,Same Day,10,GBP
ORD116079,25-02-2023,BR119,Germany,Munich,CUST9970,PROD164,Tablet,Samsung Galaxy Tab,Samsung,1,1185.98,0.14,0.18,1203.53,UPI,Online,EMP442,2,0,Express,1,EUR
ORD116080,11-08-2024,BR67,USA,Chicago,CUST3208,PROD207,Laptop,MacBook Air M2,Lenovo,5,1299.74,0.19,0.18,6211.46,Debit Card,In-Store,EMP378,1,0,Standard,3,AED
ORD116081,17-03-2024,BR21,UK,Birmingham,CUST4151,PROD888,Laptop,Dell XPS 13,LG,5,474.38,0.11,0.18,2490.97,UPI,Online,EMP689,2,1,Standard,2,AED
ORD116082,25-09-2023,BR66,India,Mumbai,CUST6630,PROD512,Laptop,Dell XPS 13,LG,3,881.26,0.15,0.18,2651.71,UPI,Online,EMP784,0,0,Standard,7,GBP
ORD116083,09-07-2023,BR10,Germany,Munich,CUST1129,PROD994,Tablet,Lenovo Tab P11,Sony,1,565.52,0.27,0.18,487.14,UPI,Online,EMP743,0,0,Same Day,3,AED
ORD116084,27-09-2024,BR54,UAE,Abu Dhabi,CUST3276,PROD629,TV,Sony Bravia 55,Apple,3,272.72,0.2,0.18,772.34,UPI,Online,EMP653,3,1,Same Day,7,AED
ORD116085,21-06-2024,BR10,USA,Los Angeles,CUST2101,PROD297,Accessories,Wireless Mouse,Samsung,5,1655.93,0.15,0.18,8304.49,UPI,Online,EMP288,1,1,Same Day,3,GBP
ORD116086,17-10-2024,BR61,USA,Dallas,CUST7512,PROD963,Tablet,Lenovo Tab P11,Sony,3,535.19,0.18,0.18,1553.55,Debit Card,Online,EMP256,3,0,Standard,8,INR
ORD116087,28-08-2024,BR52,Germany,Hamburg,CUST6237,PROD591,Mobile,Samsung Galaxy S23,LG,2,311.62,0.28,0.18,529.5,UPI,In-Store,EMP519,1,1,Same Day,1,GBP
ORD116088,26-09-2024,BR24,UAE,Abu Dhabi,CUST6059,PROD896,Tablet,iPad Air,Sony,3,109.51,0.08,0.18,356.65,Debit Card,Online,EMP724,1,1,Same Day,4,EUR
ORD116089,28-07-2023,BR27,USA,Los Angeles,CUST9296,PROD823,Accessories,Wireless Mouse,Samsung,3,1838.88,0.02,0.18,6379.44,UPI,Online,EMP283,3,0,Express,5,EUR
ORD116090,24-06-2024,BR86,UK,Birmingham,CUST9190,PROD191,Accessories,Keyboard,HP,1,892.7,0.1,0.18,948.05,UPI,In-Store,EMP483,3,0,Express,7,AED
ORD116091,26-11-2024,BR94,USA,Dallas,CUST1939,PROD193,Laptop,HP Spectre x360,OnePlus,1,291.41,0.16,0.18,288.85,Cash,In-Store,EMP605,3,1,Standard,8,USD
ORD116092,27-04-2023,BR94,UAE,Abu Dhabi,CUST8132,PROD148,Tablet,Lenovo Tab P11,Samsung,1,493.8,0.18,0.18,477.8,Cash,Online,EMP546,3,1,Standard,6,AED
ORD116093,28-08-2024,BR73,India,Pune,CUST6048,PROD655,Accessories,Bluetooth Headphones,Apple,5,1075.04,0.19,0.18,5137.62,Debit Card,In-Store,EMP787,2,0,Standard,9,EUR
ORD116094,20-08-2023,BR56,USA,Dallas,CUST5705,PROD516,Laptop,Dell XPS 13,Samsung,2,700.7,0.22,0.18,1289.85,Debit Card,Online,EMP538,3,0,Standard,3,INR
ORD116095,02-08-2024,BR69,Germany,Berlin,CUST1248,PROD553,Accessories,Keyboard,LG,1,1857.83,0.22,0.18,1709.95,Credit Card,Online,EMP769,3,1,Express,8,USD
ORD116096,15-12-2024,BR70,UK,Manchester,CUST2915,PROD183,Mobile,iPhone 14,HP,4,391.29,0.14,0.18,1588.32,Cash,In-Store,EMP438,1,0,Same Day,5,AED
ORD116097,07-11-2023,BR54,UAE,Dubai,CUST9023,PROD410,Mobile,iPhone 14,Samsung,3,353.29,0.17,0.18,1038.04,Cash,Online,EMP529,2,1,Same Day,10,INR
ORD116098,20-11-2024,BR20,UAE,Dubai,CUST9258,PROD633,TV,Sony Bravia 55,HP,3,845.34,0.3,0.18,2094.75,Credit Card,Online,EMP576,3,0,Standard,8,USD
ORD116099,12-06-2023,BR68,UAE,Dubai,CUST8234,PROD913,TV,Sony Bravia 55,Samsung,1,1714,0.16,0.18,1698.92,UPI,In-Store,EMP990,2,1,Same Day,2,EUR
ORD116100,08-04-2023,BR59,USA,New York,CUST6251,PROD345,Accessories,Bluetooth Headphones,Lenovo,4,582.74,0.12,0.18,2420.47,Debit Card,In-Store,EMP626,2,1,Express,5,AED
ORD116101,04-07-2024,BR29,India,Pune,CUST5011,PROD134,Mobile,Samsung Galaxy S23,OnePlus,4,642.33,0.26,0.18,2243.53,Debit Card,Online,EMP670,3,1,Same Day,1,USD
ORD116102,11-05-2024,BR94,Germany,Hamburg,CUST8156,PROD892,Mobile,OnePlus 11,Sony,4,969.48,0.19,0.18,3706.52,Debit Card,Online,EMP830,0,1,Express,8,GBP
ORD116103,02-01-2023,BR80,Germany,Munich,CUST4949,PROD817,Mobile,Samsung Galaxy S23,Apple,2,317.61,0.24,0.18,569.67,UPI,Online,EMP624,1,1,Same Day,6,USD
ORD116104,04-09-2023,BR51,Germany,Munich,CUST7159,PROD947,Laptop,HP Spectre x360,Sony,3,1909.57,0.04,0.18,6489.48,Cash,Online,EMP558,0,0,Express,4,INR
ORD116105,31-08-2023,BR26,India,Delhi,CUST2025,PROD872,Laptop,MacBook Air M2,Lenovo,1,401.75,0.15,0.18,402.96,Cash,In-Store,EMP554,2,0,Same Day,3,INR
ORD116106,05-05-2023,BR3,USA,Chicago,CUST3188,PROD775,Tablet,iPad Air,Sony,1,1467.86,0.01,0.18,1714.75,UPI,Online,EMP910,2,0,Standard,4,EUR
ORD116107,12-12-2023,BR50,UAE,Dubai,CUST9073,PROD900,Laptop,MacBook Air M2,Lenovo,4,557.76,0.21,0.18,2079.78,Debit Card,Online,EMP685,2,1,Express,4,AED
ORD116108,28-12-2024,BR37,India,Mumbai,CUST8358,PROD540,Tablet,Samsung Galaxy Tab,LG,4,1509.21,0.18,0.18,5841.25,Net Banking,Online,EMP522,3,1,Same Day,6,EUR
ORD116109,23-01-2024,BR104,Germany,Munich,CUST1147,PROD460,TV,Sony Bravia 55,OnePlus,2,1644.27,0.23,0.18,2987.97,Credit Card,Online,EMP696,3,0,Standard,3,GBP
ORD116110,10-11-2024,BR72,Germany,Berlin,CUST5172,PROD864,Laptop,MacBook Air M2,Dell,2,1029.57,0.01,0.18,2405.49,Net Banking,Online,EMP308,0,1,Same Day,7,EUR
ORD116111,18-01-2024,BR34,UAE,Abu Dhabi,CUST2172,PROD893,Laptop,HP Spectre x360,Samsung,4,982.34,0.06,0.18,4358.45,UPI,In-Store,EMP985,2,1,Express,9,GBP
ORD116112,05-12-2023,BR113,UAE,Dubai,CUST4088,PROD171,Accessories,Bluetooth Headphones,LG,5,1631.93,0.04,0.18,9243.25,Credit Card,Online,EMP549,2,1,Standard,1,GBP
ORD116113,10-11-2024,BR90,USA,Dallas,CUST3879,PROD574,Accessories,Bluetooth Headphones,Samsung,2,167.88,0.16,0.18,332.81,Credit Card,Online,EMP931,0,0,Same Day,7,EUR
ORD116114,13-10-2024,BR31,Germany,Munich,CUST4305,PROD292,Laptop,MacBook Air M2,Sony,3,1672.32,0.09,0.18,5387.21,Debit Card,In-Store,EMP643,0,1,Same Day,5,AED
ORD116115,19-09-2024,BR6,UAE,Abu Dhabi,CUST6472,PROD869,Laptop,Dell XPS 13,Samsung,4,1713.57,0.26,0.18,5985.16,Credit Card,In-Store,EMP470,2,1,Express,7,USD
ORD116116,22-05-2023,BR94,UAE,Dubai,CUST4744,PROD954,Mobile,OnePlus 11,HP,3,85.68,0.26,0.18,224.45,UPI,In-Store,EMP590,2,1,Standard,5,INR
ORD116117,03-09-2023,BR32,Germany,Munich,CUST7400,PROD707,TV,Samsung QLED 50,Sony,2,1216.76,0.14,0.18,2469.54,Credit Card,In-Store,EMP649,2,1,Express,8,AED
ORD116118,08-12-2023,BR79,UK,Birmingham,CUST3529,PROD162,Accessories,Bluetooth Headphones,LG,4,1082.61,0.18,0.18,4190.13,Credit Card,In-Store,EMP768,2,0,Same Day,8,USD
ORD116119,18-12-2023,BR51,Germany,Hamburg,CUST8267,PROD381,Mobile,Samsung Galaxy S23,OnePlus,4,446.82,0.19,0.18,1708.28,Net Banking,In-Store,EMP254,3,0,Express,8,INR
ORD116120,03-04-2024,BR79,India,Mumbai,CUST2348,PROD614,TV,LG OLED 48,Sony,2,1429.35,0.01,0.18,3339.53,UPI,In-Store,EMP959,3,1,Standard,5,USD
ORD116121,04-11-2024,BR96,Germany,Berlin,CUST9541,PROD547,Mobile,Samsung Galaxy S23,HP,2,418.81,0.05,0.18,938.97,Net Banking,In-Store,EMP500,1,0,Same Day,5,INR
ORD116122,28-05-2024,BR94,USA,Dallas,CUST8459,PROD524,Laptop,HP Spectre x360,Samsung,3,1446.7,0.23,0.18,3943.41,Debit Card,In-Store,EMP619,2,0,Express,3,GBP
ORD116123,17-02-2023,BR21,India,Bangalore,CUST8633,PROD141,Laptop,Dell XPS 13,Sony,1,504.17,0.24,0.18,452.14,UPI,Online,EMP787,1,1,Express,2,AED
ORD116124,16-05-2024,BR15,UK,London,CUST2950,PROD671,TV,LG OLED 48,OnePlus,1,1684.66,0.08,0.18,1828.87,Net Banking,Online,EMP219,1,0,Standard,3,GBP
ORD116125,05-08-2023,BR13,USA,New York,CUST1080,PROD503,TV,Samsung QLED 50,OnePlus,4,1685.14,0.08,0.18,7317.55,Debit Card,In-Store,EMP847,1,0,Express,3,USD
ORD116126,25-06-2023,BR30,Germany,Hamburg,CUST5756,PROD549,Laptop,MacBook Air M2,Sony,2,1420.75,0.03,0.18,3252.38,Debit Card,Online,EMP212,2,1,Standard,2,AED
ORD116127,13-04-2024,BR29,Germany,Berlin,CUST9589,PROD950,Laptop,Dell XPS 13,Lenovo,5,1446.35,0.25,0.18,6400.1,UPI,Online,EMP534,3,0,Same Day,9,GBP
ORD116128,20-12-2024,BR91,USA,New York,CUST5094,PROD306,Tablet,iPad Air,Lenovo,5,1133.32,0.23,0.18,5148.67,Credit Card,Online,EMP498,1,0,Express,5,AED
ORD116129,03-02-2023,BR9,UAE,Abu Dhabi,CUST3788,PROD460,TV,LG OLED 48,Sony,2,1209.19,0.19,0.18,2311.49,Debit Card,Online,EMP849,1,0,Standard,6,EUR
ORD116130,08-08-2024,BR92,USA,Chicago,CUST9098,PROD503,TV,LG OLED 48,Sony,3,230.98,0.28,0.18,588.72,Cash,In-Store,EMP819,3,0,Same Day,5,EUR
ORD116131,23-06-2024,BR28,Germany,Munich,CUST6675,PROD835,Laptop,HP Spectre x360,Apple,3,1219.47,0.17,0.18,3583.05,Net Banking,Online,EMP567,1,0,Same Day,9,INR
ORD116132,20-02-2024,BR101,UAE,Dubai,CUST9045,PROD263,Tablet,Lenovo Tab P11,OnePlus,2,450.48,0.12,0.18,935.56,Cash,In-Store,EMP897,2,0,Same Day,9,AED
ORD116133,24-01-2024,BR12,Germany,Berlin,CUST7965,PROD930,Accessories,Wireless Mouse,OnePlus,4,1789.5,0.19,0.18,6841.62,Debit Card,In-Store,EMP598,0,1,Same Day,9,AED
ORD116134,25-06-2023,BR71,USA,New York,CUST1406,PROD689,Mobile,OnePlus 11,Dell,3,1420.88,0.11,0.18,4476.62,Net Banking,Online,EMP337,2,0,Same Day,2,USD
ORD116135,06-06-2023,BR95,USA,Dallas,CUST7139,PROD589,Tablet,Samsung Galaxy Tab,Samsung,3,1021.95,0.13,0.18,3147.4,UPI,In-Store,EMP436,1,1,Express,7,AED
ORD116136,19-03-2023,BR42,USA,New York,CUST2962,PROD816,TV,Samsung QLED 50,OnePlus,4,1686.68,0.04,0.18,7642.68,Credit Card,Online,EMP397,3,1,Express,2,INR
ORD116137,09-10-2023,BR21,Germany,Munich,CUST9325,PROD130,Mobile,Samsung Galaxy S23,Apple,2,1132.24,0.04,0.18,2565.2,Cash,Online,EMP203,2,0,Same Day,5,AED
ORD116138,01-10-2023,BR63,UAE,Abu Dhabi,CUST9720,PROD861,TV,Sony Bravia 55,Apple,4,785.69,0,0.18,3708.46,Cash,Online,EMP208,0,1,Express,5,USD
ORD116139,13-10-2023,BR43,India,Pune,CUST5191,PROD751,Mobile,iPhone 14,HP,2,564.34,0.03,0.18,1291.89,Net Banking,Online,EMP558,3,0,Express,5,AED
ORD116140,14-08-2024,BR111,Germany,Berlin,CUST5177,PROD265,Mobile,iPhone 14,OnePlus,5,1013.7,0.18,0.18,4904.28,UPI,Online,EMP208,0,1,Same Day,4,USD
ORD116141,30-11-2023,BR98,UK,London,CUST6873,PROD643,Tablet,Samsung Galaxy Tab,OnePlus,4,154.09,0.27,0.18,530.93,UPI,In-Store,EMP923,1,1,Same Day,4,USD
ORD116142,16-08-2023,BR82,USA,Dallas,CUST2390,PROD202,TV,Samsung QLED 50,Sony,2,1774.6,0.24,0.18,3182.92,Debit Card,In-Store,EMP689,2,0,Express,8,EUR
ORD116143,23-09-2023,BR52,UAE,Abu Dhabi,CUST1355,PROD480,Mobile,iPhone 14,Sony,3,566.24,0.25,0.18,1503.37,UPI,In-Store,EMP561,0,0,Express,1,USD
ORD116144,04-04-2023,BR116,India,Mumbai,CUST6468,PROD251,Mobile,iPhone 14,Samsung,1,53.72,0.01,0.18,62.76,UPI,In-Store,EMP348,0,1,Express,6,EUR
ORD116145,11-08-2023,BR88,India,Mumbai,CUST6097,PROD885,TV,Samsung QLED 50,Lenovo,1,481.56,0.27,0.18,414.82,Net Banking,Online,EMP370,1,1,Same Day,1,USD
ORD116146,11-10-2023,BR85,UK,Birmingham,CUST2384,PROD883,Mobile,iPhone 14,Apple,2,874.68,0.03,0.18,2002.32,Cash,In-Store,EMP329,3,0,Express,3,AED
ORD116147,01-03-2024,BR15,India,Bangalore,CUST5798,PROD531,Mobile,OnePlus 11,Samsung,5,1203.2,0.12,0.18,6247.01,Debit Card,In-Store,EMP444,3,0,Same Day,10,GBP
ORD116148,24-03-2023,BR41,India,Mumbai,CUST5645,PROD583,Mobile,iPhone 14,Dell,2,1910.19,0.24,0.18,3426.12,Cash,In-Store,EMP823,0,1,Standard,8,AED
ORD116149,30-03-2023,BR12,USA,Los Angeles,CUST6960,PROD357,Accessories,Keyboard,Lenovo,5,1587.25,0.1,0.18,8428.3,UPI,Online,EMP537,1,1,Same Day,10,EUR
ORD116150,07-12-2023,BR20,USA,Chicago,CUST5143,PROD822,Mobile,Samsung Galaxy S23,LG,3,1662.55,0.23,0.18,4531.78,UPI,In-Store,EMP373,1,0,Standard,1,AED
ORD116151,15-07-2023,BR19,Germany,Munich,CUST2350,PROD435,Accessories,Keyboard,Dell,4,1437.66,0.2,0.18,5428.6,Net Banking,In-Store,EMP330,3,0,Same Day,1,AED
ORD116152,15-03-2024,BR61,India,Mumbai,CUST1961,PROD509,Mobile,OnePlus 11,Sony,3,1899.79,0.14,0.18,5783.72,UPI,In-Store,EMP789,0,0,Same Day,1,EUR
ORD116153,02-09-2024,BR3,USA,Dallas,CUST3772,PROD421,Accessories,Bluetooth Headphones,LG,1,1577.59,0.3,0.18,1303.09,UPI,Online,EMP668,0,0,Express,8,USD
ORD116154,13-07-2023,BR56,UAE,Abu Dhabi,CUST5864,PROD845,TV,LG OLED 48,Sony,4,631.71,0.07,0.18,2772.95,UPI,In-Store,EMP327,3,0,Standard,8,AED
ORD116155,14-04-2024,BR36,USA,Chicago,CUST9714,PROD928,Mobile,Samsung Galaxy S23,Samsung,3,126,0.08,0.18,410.36,UPI,Online,EMP998,2,1,Express,8,EUR
ORD116156,05-03-2024,BR101,UK,London,CUST2624,PROD245,TV,Samsung QLED 50,OnePlus,5,1971.01,0.27,0.18,8489.14,Cash,Online,EMP783,0,1,Same Day,4,INR
ORD116157,16-11-2023,BR98,Germany,Munich,CUST9583,PROD657,Mobile,Samsung Galaxy S23,Sony,2,1485.9,0.29,0.18,2489.77,Net Banking,Online,EMP755,1,1,Express,8,USD
ORD116158,29-06-2023,BR109,UK,London,CUST4872,PROD924,Accessories,Bluetooth Headphones,LG,1,944.99,0.22,0.18,869.77,Net Banking,Online,EMP553,3,1,Express,5,USD
ORD116159,01-08-2024,BR109,Germany,Berlin,CUST1183,PROD751,Laptop,Dell XPS 13,Sony,2,1247.07,0.02,0.18,2884.22,Cash,In-Store,EMP832,1,1,Same Day,4,USD
ORD116160,14-12-2023,BR72,India,Mumbai,CUST6304,PROD386,Tablet,Lenovo Tab P11,Sony,4,1945.5,0.12,0.18,8080.83,Net Banking,Online,EMP714,1,1,Same Day,4,GBP
ORD116161,24-05-2023,BR120,India,Pune,CUST3619,PROD396,Laptop,MacBook Air M2,Dell,4,783.49,0.02,0.18,3624.11,Cash,In-Store,EMP331,1,0,Express,6,INR
ORD116162,17-09-2023,BR10,India,Pune,CUST8946,PROD301,Tablet,Samsung Galaxy Tab,OnePlus,5,1078.06,0.25,0.18,4770.42,Debit Card,Online,EMP837,2,1,Same Day,1,AED
ORD116163,17-03-2024,BR110,USA,Dallas,CUST9801,PROD975,Tablet,Lenovo Tab P11,Sony,2,291.66,0.18,0.18,564.42,Net Banking,In-Store,EMP846,3,1,Standard,4,INR
ORD116164,06-06-2023,BR59,Germany,Berlin,CUST9996,PROD971,Laptop,Dell XPS 13,HP,2,1199.75,0.16,0.18,2378.38,Net Banking,In-Store,EMP346,0,0,Same Day,4,INR
ORD116165,11-12-2023,BR24,UAE,Dubai,CUST8390,PROD884,Laptop,Dell XPS 13,HP,3,313.71,0.01,0.18,1099.43,Cash,In-Store,EMP893,3,1,Standard,3,AED
ORD116166,09-04-2024,BR98,USA,Los Angeles,CUST4286,PROD260,Laptop,HP Spectre x360,Sony,5,1378.32,0.01,0.18,8050.77,Net Banking,Online,EMP490,1,0,Same Day,1,EUR
ORD116167,15-08-2024,BR116,USA,New York,CUST6677,PROD920,Tablet,Samsung Galaxy Tab,Samsung,1,813.71,0.1,0.18,864.16,Credit Card,Online,EMP502,0,1,Standard,5,AED
ORD116168,24-05-2024,BR109,India,Pune,CUST7163,PROD690,Accessories,Keyboard,Sony,2,896.13,0.16,0.18,1776.49,Debit Card,In-Store,EMP949,0,1,Standard,2,USD
ORD116169,23-04-2024,BR72,UAE,Dubai,CUST6283,PROD637,Tablet,iPad Air,Sony,5,58.92,0.21,0.18,274.63,Cash,Online,EMP307,1,0,Standard,2,GBP
ORD116170,18-07-2024,BR94,Germany,Hamburg,CUST9299,PROD813,Laptop,MacBook Air M2,Dell,2,825.88,0.16,0.18,1637.22,Debit Card,In-Store,EMP909,1,0,Standard,10,AED
ORD116171,27-08-2024,BR75,India,Bangalore,CUST8083,PROD640,Accessories,Wireless Mouse,Samsung,1,1297.18,0.2,0.18,1224.54,Debit Card,Online,EMP752,3,1,Standard,7,GBP
ORD116172,17-03-2024,BR71,USA,New York,CUST8496,PROD594,Mobile,OnePlus 11,Apple,2,1040.41,0.1,0.18,2209.83,Cash,Online,EMP738,1,1,Same Day,10,USD
ORD116173,27-12-2023,BR55,India,Pune,CUST2007,PROD958,TV,LG OLED 48,Samsung,4,216.26,0.02,0.18,1000.33,Credit Card,Online,EMP855,0,1,Standard,7,GBP
ORD116174,30-11-2023,BR95,UAE,Abu Dhabi,CUST3859,PROD265,Mobile,OnePlus 11,Dell,4,1593.68,0.09,0.18,6845.17,Debit Card,Online,EMP843,2,0,Standard,6,EUR
ORD116175,24-01-2024,BR84,Germany,Berlin,CUST7987,PROD611,Tablet,Samsung Galaxy Tab,HP,5,1179.19,0.15,0.18,5913.64,UPI,Online,EMP489,3,1,Same Day,7,EUR
ORD116176,11-05-2023,BR103,India,Delhi,CUST4634,PROD504,Accessories,Bluetooth Headphones,Apple,4,1068.48,0.04,0.18,4841.5,Net Banking,Online,EMP411,1,0,Same Day,3,AED
ORD116177,02-05-2023,BR96,UAE,Dubai,CUST9658,PROD645,Laptop,MacBook Air M2,Lenovo,3,1485.59,0.1,0.18,4733.09,Credit Card,Online,EMP314,0,0,Standard,5,EUR
ORD116178,14-12-2024,BR91,Germany,Munich,CUST1708,PROD213,Laptop,Dell XPS 13,Sony,3,748.89,0.1,0.18,2385.96,Cash,In-Store,EMP490,3,1,Same Day,4,GBP
ORD116179,08-07-2024,BR24,USA,Chicago,CUST5989,PROD706,Tablet,Lenovo Tab P11,Apple,5,609.68,0.1,0.18,3237.4,Net Banking,In-Store,EMP594,2,1,Same Day,1,EUR
ORD116180,25-10-2024,BR32,UK,Birmingham,CUST6256,PROD305,Mobile,Samsung Galaxy S23,LG,1,1361.46,0.17,0.18,1333.41,Cash,Online,EMP939,2,0,Same Day,2,INR
ORD116181,16-05-2023,BR104,India,Pune,CUST4368,PROD402,TV,Sony Bravia 55,Samsung,4,388.02,0.23,0.18,1410.22,UPI,In-Store,EMP594,2,1,Express,7,INR
ORD116182,10-01-2024,BR103,India,Mumbai,CUST3528,PROD369,Accessories,Wireless Mouse,Dell,4,1681.84,0.14,0.18,6826.92,UPI,In-Store,EMP470,3,0,Express,1,GBP
ORD116183,10-02-2024,BR76,USA,Dallas,CUST4400,PROD188,TV,Samsung QLED 50,HP,1,1938.48,0.1,0.18,2058.67,UPI,In-Store,EMP291,1,0,Express,8,USD
ORD116184,24-02-2024,BR90,India,Bangalore,CUST4106,PROD204,Mobile,Samsung Galaxy S23,OnePlus,2,1987.42,0.23,0.18,3611.54,Debit Card,Online,EMP782,2,1,Express,8,INR
ORD116185,07-04-2023,BR15,UAE,Abu Dhabi,CUST3674,PROD570,TV,Samsung QLED 50,LG,5,1994.99,0.15,0.18,10004.87,UPI,In-Store,EMP478,3,1,Standard,4,EUR
ORD116186,28-01-2024,BR38,UK,Birmingham,CUST8400,PROD239,Tablet,Lenovo Tab P11,Sony,5,304.29,0.05,0.18,1705.55,UPI,Online,EMP869,0,1,Same Day,1,INR
ORD116187,15-08-2023,BR43,UK,Birmingham,CUST1627,PROD364,Mobile,OnePlus 11,Dell,1,564.35,0.13,0.18,579.36,Credit Card,Online,EMP292,2,1,Standard,6,USD
ORD116188,14-10-2024,BR42,India,Delhi,CUST9341,PROD449,Accessories,Wireless Mouse,Sony,1,1733.6,0.27,0.18,1493.32,UPI,Online,EMP415,1,0,Standard,1,EUR
ORD116189,08-09-2023,BR30,UAE,Dubai,CUST4949,PROD815,Mobile,Samsung Galaxy S23,Samsung,3,1631.28,0.24,0.18,4388.8,Credit Card,In-Store,EMP367,1,0,Express,4,USD
ORD116190,25-10-2023,BR94,UAE,Abu Dhabi,CUST5205,PROD365,TV,LG OLED 48,Dell,2,1781.63,0.01,0.18,4162.6,Cash,Online,EMP929,2,1,Express,9,GBP
ORD116191,01-12-2024,BR49,India,Bangalore,CUST6921,PROD348,TV,LG OLED 48,Sony,4,1108.82,0.28,0.18,3768.21,Net Banking,Online,EMP228,2,1,Standard,2,USD
ORD116192,11-08-2023,BR73,India,Pune,CUST2861,PROD347,Laptop,Dell XPS 13,Dell,2,1364.84,0.07,0.18,2995.55,Debit Card,In-Store,EMP541,1,1,Express,5,EUR
ORD116193,02-12-2023,BR92,India,Pune,CUST9951,PROD463,Mobile,Samsung Galaxy S23,Dell,2,1025.93,0.29,0.18,1719.05,UPI,In-Store,EMP906,0,0,Standard,6,EUR
ORD116194,28-05-2024,BR30,UK,London,CUST7401,PROD744,TV,LG OLED 48,OnePlus,3,1741.86,0.08,0.18,5672.89,Cash,Online,EMP769,1,0,Express,7,INR
ORD116195,04-09-2023,BR120,USA,Dallas,CUST2013,PROD235,Tablet,Samsung Galaxy Tab,Lenovo,3,75.56,0.23,0.18,205.96,Cash,Online,EMP853,3,1,Same Day,8,USD
ORD116196,25-06-2023,BR92,USA,Dallas,CUST1246,PROD897,Accessories,Bluetooth Headphones,Apple,5,393.75,0.12,0.18,2044.35,Credit Card,Online,EMP901,0,1,Same Day,9,USD
ORD116197,06-01-2024,BR41,UAE,Dubai,CUST7186,PROD485,Laptop,MacBook Air M2,Dell,2,1235.14,0.27,0.18,2127.9,Net Banking,In-Store,EMP342,2,1,Express,10,AED
ORD116198,09-08-2023,BR94,Germany,Hamburg,CUST4739,PROD425,TV,Samsung QLED 50,Samsung,3,1784.45,0.21,0.18,4990.39,Credit Card,Online,EMP334,3,0,Same Day,3,USD
ORD116199,17-05-2023,BR93,UK,Manchester,CUST8198,PROD833,Laptop,Dell XPS 13,OnePlus,5,1713.97,0.28,0.18,7280.94,Net Banking,In-Store,EMP956,2,0,Express,10,INR
ORD116200,03-02-2024,BR15,Germany,Munich,CUST6980,PROD464,TV,LG OLED 48,Sony,4,959.03,0.28,0.18,3259.17,Credit Card,In-Store,EMP891,0,1,Same Day,6,EUR
ORD116201,19-08-2024,BR22,UK,London,CUST6109,PROD300,Mobile,OnePlus 11,Dell,1,1772.96,0.11,0.18,1861.96,Credit Card,Online,EMP888,3,0,Express,4,INR
ORD116202,07-09-2023,BR55,India,Bangalore,CUST4456,PROD794,Accessories,Wireless Mouse,Lenovo,5,1112.2,0.22,0.18,5118.34,Credit Card,Online,EMP858,3,0,Express,10,AED
ORD116203,18-04-2023,BR3,Germany,Hamburg,CUST7401,PROD843,Tablet,Lenovo Tab P11,OnePlus,1,1520.45,0.01,0.18,1776.19,Net Banking,In-Store,EMP435,3,0,Standard,9,AED
ORD116204,04-10-2023,BR52,UK,London,CUST4750,PROD949,Mobile,Samsung Galaxy S23,Apple,4,1894.12,0.11,0.18,7956.82,Credit Card,In-Store,EMP528,1,1,Express,2,AED
ORD116205,05-05-2023,BR4,USA,Dallas,CUST5206,PROD427,TV,Sony Bravia 55,Lenovo,2,168.55,0.15,0.18,338.11,Debit Card,Online,EMP822,0,0,Standard,4,INR
ORD116206,02-07-2023,BR68,UAE,Dubai,CUST2702,PROD956,Tablet,Samsung Galaxy Tab,OnePlus,5,1065.2,0.17,0.18,5216.28,Debit Card,In-Store,EMP936,0,1,Standard,3,AED
ORD116207,21-09-2023,BR9,India,Pune,CUST4204,PROD482,Mobile,iPhone 14,Dell,4,515.53,0.13,0.18,2116.97,UPI,Online,EMP410,2,0,Standard,1,GBP
ORD116208,24-09-2023,BR82,India,Pune,CUST1521,PROD116,TV,Sony Bravia 55,HP,5,333.95,0.16,0.18,1655.06,Net Banking,Online,EMP439,0,1,Same Day,5,USD
ORD116209,23-03-2023,BR105,UK,Birmingham,CUST6261,PROD174,Accessories,Wireless Mouse,Apple,3,1989.06,0.13,0.18,6125.91,Net Banking,In-Store,EMP330,2,1,Same Day,10,AED
ORD116210,26-04-2024,BR86,Germany,Berlin,CUST7809,PROD938,Tablet,Samsung Galaxy Tab,Lenovo,3,1466.34,0.21,0.18,4100.77,Credit Card,Online,EMP531,1,0,Express,9,USD
ORD116211,21-08-2023,BR24,Germany,Munich,CUST8109,PROD438,Tablet,Lenovo Tab P11,OnePlus,4,933.82,0.19,0.18,3570.18,Cash,In-Store,EMP507,1,1,Same Day,8,AED
ORD116212,04-01-2023,BR69,USA,New York,CUST9126,PROD612,Mobile,Samsung Galaxy S23,Sony,3,1210.96,0.27,0.18,3129.36,UPI,In-Store,EMP292,0,0,Standard,8,INR
ORD116213,27-02-2024,BR86,USA,Los Angeles,CUST5222,PROD743,Laptop,MacBook Air M2,Samsung,3,1873.26,0.22,0.18,5172.45,UPI,Online,EMP249,3,1,Express,8,GBP
ORD116214,02-02-2024,BR4,UK,Manchester,CUST2888,PROD460,Mobile,Samsung Galaxy S23,Lenovo,1,1310.87,0.21,0.18,1221.99,Net Banking,Online,EMP979,1,1,Standard,7,USD
ORD116215,14-11-2023,BR37,India,Pune,CUST1100,PROD386,Mobile,Samsung Galaxy S23,Sony,3,1000.35,0.05,0.18,3364.18,Debit Card,In-Store,EMP612,3,1,Standard,5,GBP
ORD116216,10-12-2024,BR70,UAE,Abu Dhabi,CUST8410,PROD489,Accessories,Bluetooth Headphones,Sony,1,1356.63,0.23,0.18,1232.63,UPI,Online,EMP369,3,0,Express,8,INR
ORD116217,08-07-2023,BR21,India,Pune,CUST2764,PROD612,Accessories,Wireless Mouse,Sony,1,684.82,0.22,0.18,630.31,Cash,In-Store,EMP248,0,0,Same Day,1,INR
ORD116218,21-04-2023,BR26,Germany,Munich,CUST9805,PROD759,Mobile,OnePlus 11,OnePlus,2,1306.6,0.16,0.18,2590.2,Credit Card,Online,EMP783,2,0,Same Day,10,GBP
ORD116219,07-10-2023,BR105,Germany,Munich,CUST8008,PROD144,Laptop,Dell XPS 13,Samsung,5,1823.2,0.24,0.18,8175.23,Net Banking,In-Store,EMP771,0,0,Express,1,AED
ORD116220,09-02-2023,BR110,UK,Birmingham,CUST4239,PROD930,Accessories,Wireless Mouse,Sony,4,1756.58,0.06,0.18,7793.59,Cash,In-Store,EMP993,1,1,Standard,10,EUR
ORD116221,28-07-2023,BR59,India,Bangalore,CUST7531,PROD121,TV,LG OLED 48,Lenovo,2,1193.62,0.02,0.18,2760.6,UPI,In-Store,EMP771,2,1,Express,6,INR
ORD116222,23-04-2023,BR50,USA,New York,CUST8726,PROD126,Mobile,iPhone 14,Dell,5,1164.68,0.21,0.18,5428.57,UPI,Online,EMP565,0,0,Express,5,AED
ORD116223,13-04-2023,BR80,UAE,Abu Dhabi,CUST6863,PROD219,Accessories,Wireless Mouse,LG,5,1315.68,0.15,0.18,6598.14,Debit Card,In-Store,EMP781,2,0,Standard,8,GBP
ORD116224,11-09-2023,BR46,India,Delhi,CUST1144,PROD502,Accessories,Keyboard,Samsung,2,1786.77,0.1,0.18,3795.1,Cash,Online,EMP418,2,0,Express,10,INR
ORD116225,07-07-2024,BR23,Germany,Munich,CUST9301,PROD316,Tablet,Lenovo Tab P11,Samsung,4,1766.93,0.23,0.18,6421.73,Debit Card,In-Store,EMP925,3,1,Express,4,AED
ORD116226,15-08-2023,BR76,Germany,Berlin,CUST6793,PROD659,Laptop,Dell XPS 13,Lenovo,4,1595.53,0.16,0.18,6325.96,Net Banking,Online,EMP852,2,0,Express,3,AED
ORD116227,05-01-2023,BR78,UAE,Abu Dhabi,CUST9298,PROD843,Accessories,Keyboard,Apple,2,280.96,0.07,0.18,616.65,Debit Card,In-Store,EMP354,3,1,Express,3,GBP
ORD116228,06-05-2024,BR32,Germany,Berlin,CUST5492,PROD178,Tablet,iPad Air,Sony,1,155.6,0.03,0.18,178.1,Credit Card,In-Store,EMP946,2,1,Express,2,GBP
ORD116229,08-06-2024,BR77,USA,Chicago,CUST3122,PROD537,Accessories,Keyboard,Samsung,2,857.73,0.1,0.18,1821.82,Net Banking,Online,EMP257,0,0,Standard,8,EUR
ORD116230,20-07-2023,BR86,India,Pune,CUST7873,PROD287,Mobile,iPhone 14,Apple,4,1290.01,0.08,0.18,5601.74,Debit Card,In-Store,EMP610,1,1,Standard,4,USD
ORD116231,26-03-2023,BR49,UAE,Abu Dhabi,CUST3982,PROD955,TV,Samsung QLED 50,HP,2,79.23,0.16,0.18,157.07,Cash,Online,EMP350,1,1,Express,10,GBP
ORD116232,02-10-2023,BR104,USA,Los Angeles,CUST8966,PROD314,TV,LG OLED 48,Dell,3,1626.02,0.21,0.18,4547.33,Credit Card,Online,EMP279,1,0,Express,6,AED
ORD116233,30-01-2023,BR54,UAE,Abu Dhabi,CUST6264,PROD574,Accessories,Bluetooth Headphones,LG,1,307.07,0.21,0.18,286.25,UPI,In-Store,EMP514,1,1,Express,5,AED
ORD116234,26-07-2024,BR105,USA,New York,CUST7053,PROD119,Accessories,Bluetooth Headphones,Dell,5,138.76,0.02,0.18,802.31,Net Banking,In-Store,EMP696,3,0,Standard,1,USD
ORD116235,28-07-2024,BR111,USA,Chicago,CUST9714,PROD129,TV,Samsung QLED 50,Sony,5,1594.23,0.24,0.18,7148.53,Credit Card,Online,EMP265,3,0,Express,5,USD
ORD116236,13-03-2023,BR107,UK,Birmingham,CUST8226,PROD198,TV,Samsung QLED 50,LG,2,1519.56,0.03,0.18,3478.58,Credit Card,In-Store,EMP291,1,1,Same Day,1,INR
ORD116237,12-06-2024,BR6,UAE,Dubai,CUST4927,PROD695,Mobile,iPhone 14,Lenovo,5,1631.85,0.1,0.18,8665.12,Net Banking,In-Store,EMP925,2,0,Standard,7,EUR
ORD116238,23-07-2024,BR52,UK,Birmingham,CUST6769,PROD324,Tablet,iPad Air,Sony,4,393.5,0.04,0.18,1783.03,Cash,Online,EMP213,0,0,Standard,6,GBP
ORD116239,01-01-2024,BR70,UK,Manchester,CUST5729,PROD867,TV,Samsung QLED 50,Lenovo,5,303.91,0.18,0.18,1470.32,Net Banking,Online,EMP737,2,1,Standard,8,USD
ORD116240,18-01-2023,BR111,UAE,Abu Dhabi,CUST7668,PROD698,Mobile,OnePlus 11,Sony,3,245.32,0.02,0.18,851.06,Cash,In-Store,EMP255,3,0,Same Day,8,AED
ORD116241,04-07-2023,BR23,UAE,Dubai,CUST7837,PROD130,Accessories,Wireless Mouse,OnePlus,4,972.39,0.08,0.18,4222.51,UPI,In-Store,EMP782,2,0,Express,10,USD
ORD116242,24-07-2023,BR92,India,Pune,CUST3846,PROD904,Mobile,iPhone 14,Lenovo,2,448.22,0.24,0.18,803.93,Cash,In-Store,EMP992,3,0,Standard,10,USD
ORD116243,10-03-2023,BR30,UK,Birmingham,CUST5372,PROD307,Mobile,OnePlus 11,LG,1,596.57,0.02,0.18,689.87,Debit Card,Online,EMP598,2,0,Express,3,EUR
ORD116244,31-03-2023,BR47,India,Pune,CUST7744,PROD441,Laptop,MacBook Air M2,Apple,5,1538.6,0.13,0.18,7897.63,Cash,In-Store,EMP288,3,0,Express,5,EUR
ORD116245,11-05-2023,BR86,UK,London,CUST5864,PROD717,Laptop,HP Spectre x360,HP,1,1293.86,0.25,0.18,1145.07,Debit Card,Online,EMP272,3,1,Express,1,INR
ORD116246,27-09-2023,BR51,India,Bangalore,CUST3473,PROD739,Laptop,Dell XPS 13,Samsung,2,1648.53,0.03,0.18,3773.81,Cash,Online,EMP958,3,1,Express,2,GBP
ORD116247,26-12-2024,BR99,USA,Dallas,CUST8657,PROD822,Mobile,Samsung Galaxy S23,Lenovo,3,1045.83,0.26,0.18,2739.66,UPI,Online,EMP632,2,0,Standard,9,INR
ORD116248,25-02-2024,BR8,UK,Birmingham,CUST3990,PROD485,Tablet,iPad Air,Lenovo,4,686.07,0.03,0.18,3141.1,UPI,Online,EMP499,3,1,Standard,3,AED
ORD116249,24-09-2024,BR27,UK,London,CUST6344,PROD301,Mobile,OnePlus 11,Sony,4,1396.08,0.22,0.18,5139.81,Credit Card,Online,EMP571,2,0,Express,9,AED
ORD116250,13-11-2023,BR103,UAE,Dubai,CUST5969,PROD769,Laptop,Dell XPS 13,LG,1,1137.7,0.09,0.18,1221.66,Credit Card,In-Store,EMP786,3,1,Standard,8,INR
ORD116251,27-07-2024,BR8,UK,Manchester,CUST7864,PROD533,Accessories,Keyboard,HP,1,1211.5,0.25,0.18,1072.18,Credit Card,Online,EMP522,3,0,Same Day,8,USD
ORD116252,04-07-2024,BR23,UAE,Abu Dhabi,CUST6515,PROD211,Laptop,MacBook Air M2,Lenovo,2,1448.11,0.03,0.18,3315.01,Debit Card,Online,EMP436,2,1,Same Day,7,GBP
ORD116253,23-11-2024,BR54,UK,Birmingham,CUST3688,PROD717,Tablet,iPad Air,Samsung,1,1540.92,0.27,0.18,1327.35,UPI,In-Store,EMP578,2,1,Same Day,1,USD
ORD116254,07-08-2023,BR84,UAE,Abu Dhabi,CUST4073,PROD256,Tablet,Samsung Galaxy Tab,Samsung,4,474.57,0.21,0.18,1769.58,Cash,Online,EMP224,2,1,Express,9,GBP
ORD116255,26-03-2023,BR77,UAE,Dubai,CUST4829,PROD219,Mobile,Samsung Galaxy S23,Lenovo,5,1833.06,0.04,0.18,10382.45,Debit Card,Online,EMP982,1,0,Express,3,GBP
ORD116256,10-11-2024,BR52,UK,London,CUST4533,PROD640,Accessories,Bluetooth Headphones,Samsung,1,1347.59,0.03,0.18,1542.45,Net Banking,In-Store,EMP200,1,1,Standard,5,INR
ORD116257,25-06-2024,BR54,UAE,Dubai,CUST7295,PROD527,Accessories,Bluetooth Headphones,Sony,2,1138.26,0.03,0.18,2605.7,Credit Card,In-Store,EMP202,1,0,Standard,8,AED
ORD116258,23-03-2023,BR28,USA,Los Angeles,CUST9574,PROD445,Laptop,HP Spectre x360,HP,1,1408.48,0.03,0.18,1612.15,Credit Card,Online,EMP422,2,1,Express,10,GBP
ORD116259,11-07-2023,BR90,India,Pune,CUST5898,PROD470,Laptop,HP Spectre x360,OnePlus,2,648.31,0.09,0.18,1392.31,Cash,In-Store,EMP687,2,1,Same Day,8,GBP
ORD116260,13-09-2023,BR88,UAE,Dubai,CUST1401,PROD667,Mobile,iPhone 14,OnePlus,2,581.27,0.27,0.18,1001.41,Net Banking,In-Store,EMP452,1,1,Standard,4,GBP
ORD116261,26-08-2023,BR56,Germany,Hamburg,CUST1753,PROD623,Accessories,Wireless Mouse,LG,3,906.31,0.23,0.18,2470.42,Credit Card,Online,EMP927,0,1,Standard,10,GBP
ORD116262,14-01-2024,BR33,India,Mumbai,CUST2856,PROD520,Tablet,iPad Air,Dell,3,705.67,0.04,0.18,2398.15,UPI,In-Store,EMP319,0,1,Standard,1,USD
ORD116263,29-04-2023,BR103,UAE,Abu Dhabi,CUST8750,PROD998,Laptop,HP Spectre x360,Apple,5,1477.7,0.2,0.18,6974.74,Net Banking,In-Store,EMP870,1,1,Same Day,4,GBP
ORD116264,09-01-2023,BR47,UK,Birmingham,CUST4167,PROD761,TV,Sony Bravia 55,Dell,3,707.12,0.3,0.18,1752.24,Debit Card,Online,EMP808,2,0,Express,10,INR
ORD116265,23-02-2024,BR49,USA,Chicago,CUST3944,PROD173,Accessories,Keyboard,Lenovo,2,281.9,0.09,0.18,605.41,UPI,Online,EMP610,0,0,Same Day,3,EUR
ORD116266,17-02-2024,BR112,Germany,Hamburg,CUST7238,PROD912,Mobile,Samsung Galaxy S23,HP,4,1435.79,0.04,0.18,6505.85,Cash,In-Store,EMP676,3,0,Express,7,USD
ORD116267,10-07-2024,BR45,India,Pune,CUST4775,PROD950,Laptop,MacBook Air M2,Apple,1,722.36,0.11,0.18,758.62,Credit Card,In-Store,EMP243,3,0,Standard,1,AED
ORD116268,07-07-2023,BR21,Germany,Munich,CUST1335,PROD703,Accessories,Wireless Mouse,HP,1,1569.31,0.18,0.18,1518.46,Cash,In-Store,EMP816,0,0,Standard,4,GBP
ORD116269,10-10-2023,BR52,Germany,Hamburg,CUST2710,PROD529,Accessories,Bluetooth Headphones,Sony,5,501.95,0.2,0.18,2369.2,Net Banking,Online,EMP826,3,1,Express,7,AED
ORD116270,11-05-2023,BR85,UAE,Dubai,CUST1152,PROD176,Laptop,HP Spectre x360,Apple,1,1008.29,0.17,0.18,987.52,Debit Card,In-Store,EMP320,0,0,Same Day,7,GBP
ORD116271,02-08-2023,BR2,UK,Birmingham,CUST3785,PROD387,Mobile,iPhone 14,LG,2,119.69,0.04,0.18,271.17,UPI,In-Store,EMP551,3,0,Same Day,10,INR
ORD116272,23-01-2024,BR13,UK,London,CUST4385,PROD381,Tablet,Samsung Galaxy Tab,Samsung,4,1607.27,0.12,0.18,6675.96,Net Banking,In-Store,EMP204,2,0,Standard,9,EUR
ORD116273,01-12-2023,BR64,USA,New York,CUST5337,PROD291,Tablet,Lenovo Tab P11,OnePlus,2,1685.94,0.12,0.18,3501.36,Cash,Online,EMP227,0,0,Same Day,8,AED
ORD116274,21-12-2023,BR37,UAE,Dubai,CUST7922,PROD676,TV,Samsung QLED 50,Lenovo,5,1513.7,0.23,0.18,6876.74,Debit Card,Online,EMP471,1,0,Express,1,INR
ORD116275,17-11-2023,BR16,UK,Manchester,CUST3997,PROD937,Laptop,HP Spectre x360,Lenovo,5,672.32,0.05,0.18,3768.35,Net Banking,In-Store,EMP823,3,1,Express,1,EUR
ORD116276,07-04-2024,BR48,Germany,Munich,CUST7472,PROD479,Laptop,Dell XPS 13,OnePlus,5,1106,0.27,0.18,4763.54,Credit Card,In-Store,EMP857,3,1,Standard,1,GBP
ORD116277,12-02-2023,BR120,USA,Dallas,CUST1920,PROD454,TV,Sony Bravia 55,HP,4,742.48,0.01,0.18,3469.46,UPI,Online,EMP437,3,0,Same Day,2,USD
ORD116278,30-09-2023,BR65,USA,Los Angeles,CUST2899,PROD160,Tablet,Samsung Galaxy Tab,Samsung,4,365.5,0.04,0.18,1656.15,Cash,Online,EMP772,1,1,Express,5,USD
ORD116279,21-07-2023,BR52,UAE,Dubai,CUST9023,PROD131,Mobile,OnePlus 11,Apple,4,209.48,0.26,0.18,731.67,Cash,Online,EMP286,3,1,Standard,2,EUR
ORD116280,30-09-2023,BR15,UK,Manchester,CUST6533,PROD492,Accessories,Keyboard,Apple,1,896.33,0.14,0.18,909.6,Debit Card,In-Store,EMP406,0,1,Express,6,EUR
ORD116281,18-10-2023,BR1,India,Bangalore,CUST3393,PROD321,Laptop,Dell XPS 13,OnePlus,1,300.5,0.27,0.18,258.85,Cash,In-Store,EMP318,3,0,Standard,8,EUR
ORD116282,04-05-2023,BR28,India,Bangalore,CUST4916,PROD227,TV,Sony Bravia 55,HP,4,663.43,0.24,0.18,2379.86,UPI,In-Store,EMP700,3,0,Standard,7,EUR
ORD116283,03-03-2023,BR109,India,Pune,CUST7448,PROD903,Accessories,Wireless Mouse,Samsung,2,1332.95,0.02,0.18,3082.85,UPI,In-Store,EMP211,2,1,Express,3,EUR
ORD116284,15-07-2023,BR64,USA,New York,CUST9899,PROD942,Mobile,Samsung Galaxy S23,Lenovo,1,1139.36,0.23,0.18,1035.22,Net Banking,Online,EMP245,1,0,Same Day,2,AED
ORD116285,09-02-2024,BR10,USA,New York,CUST3018,PROD483,Accessories,Wireless Mouse,LG,2,1435.62,0.19,0.18,2744.33,Debit Card,In-Store,EMP552,3,1,Same Day,3,USD
ORD116286,14-02-2023,BR97,India,Pune,CUST5252,PROD890,Accessories,Bluetooth Headphones,Lenovo,2,1990.98,0.14,0.18,4040.89,Net Banking,Online,EMP876,1,0,Standard,5,GBP
ORD116287,10-08-2024,BR62,UAE,Dubai,CUST1439,PROD127,Tablet,iPad Air,Sony,1,1770.24,0.25,0.18,1566.66,Credit Card,Online,EMP562,2,0,Same Day,6,AED
ORD116288,07-04-2024,BR32,UAE,Dubai,CUST5401,PROD807,Accessories,Wireless Mouse,Sony,4,1007.87,0.15,0.18,4043.57,Net Banking,Online,EMP955,0,0,Same Day,3,GBP
ORD116289,25-12-2023,BR67,UK,London,CUST4391,PROD999,Accessories,Keyboard,Sony,4,849.12,0.01,0.18,3967.77,Debit Card,Online,EMP957,1,0,Standard,4,AED
ORD116290,28-08-2024,BR22,Germany,Hamburg,CUST8202,PROD303,Tablet,iPad Air,LG,4,574.78,0.24,0.18,2061.85,Net Banking,Online,EMP681,3,0,Same Day,3,INR
ORD116291,02-06-2023,BR111,UAE,Abu Dhabi,CUST3886,PROD890,Tablet,Samsung Galaxy Tab,Dell,4,175.7,0.25,0.18,621.98,UPI,Online,EMP482,0,0,Same Day,8,USD
ORD116292,10-11-2023,BR54,UAE,Abu Dhabi,CUST1461,PROD166,Tablet,Lenovo Tab P11,OnePlus,1,1162.15,0.2,0.18,1097.07,Cash,In-Store,EMP328,1,0,Express,10,INR
ORD116293,14-10-2024,BR12,UK,London,CUST9815,PROD497,Tablet,Samsung Galaxy Tab,Dell,4,207.26,0.25,0.18,733.7,Debit Card,Online,EMP265,3,0,Same Day,1,INR
ORD116294,10-12-2024,BR102,UAE,Dubai,CUST1912,PROD967,TV,Sony Bravia 55,Dell,2,1514.26,0.29,0.18,2537.29,Debit Card,In-Store,EMP506,0,0,Standard,4,INR
ORD116295,17-03-2023,BR93,USA,Los Angeles,CUST8611,PROD524,Mobile,iPhone 14,OnePlus,1,747.8,0.23,0.18,679.45,Cash,In-Store,EMP395,2,0,Standard,3,INR
ORD116296,23-06-2023,BR94,UAE,Abu Dhabi,CUST6337,PROD521,Mobile,OnePlus 11,Sony,4,79.03,0.28,0.18,268.58,Cash,Online,EMP203,3,0,Same Day,9,USD
ORD116297,05-11-2023,BR118,Germany,Berlin,CUST1722,PROD214,Tablet,iPad Air,HP,1,512.1,0.21,0.18,477.38,Cash,Online,EMP359,1,1,Express,6,INR
ORD116298,24-11-2023,BR98,Germany,Berlin,CUST8597,PROD820,Laptop,MacBook Air M2,LG,4,1896.31,0.05,0.18,8503.05,UPI,In-Store,EMP753,1,1,Same Day,3,USD
ORD116299,01-06-2024,BR23,USA,Chicago,CUST6249,PROD503,Accessories,Keyboard,Dell,4,1184.18,0.07,0.18,5198.08,UPI,In-Store,EMP946,1,1,Same Day,4,USD
ORD116300,03-06-2024,BR8,UAE,Dubai,CUST2780,PROD682,Accessories,Wireless Mouse,HP,4,355.78,0.11,0.18,1494.56,Net Banking,In-Store,EMP820,1,1,Same Day,10,EUR
ORD116301,11-02-2024,BR109,USA,Los Angeles,CUST3787,PROD611,Mobile,iPhone 14,Apple,1,361.35,0,0.18,426.39,UPI,Online,EMP856,2,0,Express,8,EUR
ORD116302,06-01-2023,BR69,USA,Chicago,CUST4887,PROD495,Laptop,MacBook Air M2,LG,3,879.04,0.17,0.18,2582.8,Net Banking,In-Store,EMP216,1,1,Standard,4,GBP
ORD116303,25-11-2023,BR77,UK,Birmingham,CUST5571,PROD421,Accessories,Wireless Mouse,Dell,1,954.94,0.16,0.18,946.54,Net Banking,In-Store,EMP691,3,1,Express,5,EUR
ORD116304,11-07-2023,BR70,USA,New York,CUST9275,PROD394,Tablet,iPad Air,Apple,2,953.51,0.09,0.18,2047.76,Net Banking,Online,EMP487,2,1,Standard,1,GBP
ORD116305,29-04-2024,BR13,UK,London,CUST5429,PROD843,Accessories,Keyboard,Sony,1,142.24,0.03,0.18,162.81,Net Banking,In-Store,EMP378,1,1,Standard,7,AED
ORD116306,10-06-2023,BR8,USA,Dallas,CUST2845,PROD842,TV,Sony Bravia 55,OnePlus,3,1046.5,0.22,0.18,2889.6,Credit Card,In-Store,EMP265,0,0,Standard,10,INR
ORD116307,07-10-2023,BR14,USA,Los Angeles,CUST2451,PROD458,Tablet,Lenovo Tab P11,Sony,3,302.28,0.3,0.18,749.05,UPI,Online,EMP794,0,1,Same Day,2,EUR
ORD116308,13-09-2023,BR30,USA,Los Angeles,CUST4916,PROD190,Mobile,iPhone 14,Lenovo,1,1353.99,0.26,0.18,1182.3,Credit Card,Online,EMP482,2,0,Express,8,GBP
ORD116309,10-06-2023,BR3,USA,New York,CUST2870,PROD938,Accessories,Bluetooth Headphones,Dell,3,932.32,0.17,0.18,2739.34,Debit Card,Online,EMP261,0,1,Standard,4,USD
ORD116310,28-04-2023,BR62,UK,London,CUST7409,PROD618,Tablet,Samsung Galaxy Tab,HP,1,642.44,0.3,0.18,530.66,Debit Card,Online,EMP686,1,1,Standard,10,EUR
ORD116311,25-03-2024,BR42,UAE,Abu Dhabi,CUST7692,PROD906,Tablet,Lenovo Tab P11,Samsung,4,1059.51,0.23,0.18,3850.68,Net Banking,Online,EMP658,1,1,Same Day,7,EUR
ORD116312,10-08-2024,BR96,UAE,Abu Dhabi,CUST4872,PROD291,TV,Sony Bravia 55,Apple,3,796,0.17,0.18,2338.81,Cash,Online,EMP595,1,0,Express,10,EUR
ORD116313,15-12-2024,BR120,UAE,Dubai,CUST5486,PROD851,TV,Sony Bravia 55,Lenovo,2,1376.59,0.2,0.18,2599,Cash,In-Store,EMP511,0,0,Same Day,6,AED
ORD116314,30-05-2024,BR81,UAE,Dubai,CUST7623,PROD425,Tablet,Lenovo Tab P11,LG,2,982.65,0.19,0.18,1878.43,Debit Card,Online,EMP528,1,1,Express,3,AED
ORD116315,07-09-2023,BR10,Germany,Hamburg,CUST8886,PROD113,Laptop,HP Spectre x360,Samsung,5,993.08,0.2,0.18,4687.34,Net Banking,Online,EMP206,0,0,Same Day,8,USD
ORD116316,04-12-2023,BR109,UAE,Abu Dhabi,CUST9881,PROD744,Laptop,MacBook Air M2,LG,3,522.46,0.25,0.18,1387.13,Net Banking,In-Store,EMP726,2,1,Standard,3,GBP
ORD116317,31-10-2024,BR16,India,Delhi,CUST9838,PROD407,Mobile,Samsung Galaxy S23,HP,2,554.07,0.29,0.18,928.4,Debit Card,In-Store,EMP553,3,0,Same Day,7,AED
ORD116318,05-02-2024,BR71,USA,New York,CUST2911,PROD459,TV,Sony Bravia 55,Lenovo,2,1741.21,0.1,0.18,3698.33,Cash,In-Store,EMP801,1,0,Standard,8,INR
ORD116319,09-03-2023,BR71,India,Bangalore,CUST9951,PROD774,Tablet,Samsung Galaxy Tab,Dell,4,651.83,0.24,0.18,2338.24,UPI,In-Store,EMP776,1,0,Standard,7,USD
ORD116320,27-08-2023,BR111,USA,Los Angeles,CUST9099,PROD436,TV,Samsung QLED 50,LG,2,744.27,0.09,0.18,1598.39,Cash,Online,EMP353,2,0,Standard,6,GBP
ORD116321,26-11-2024,BR93,USA,New York,CUST2056,PROD116,Tablet,Lenovo Tab P11,OnePlus,1,1436.54,0.26,0.18,1254.39,Cash,Online,EMP263,0,0,Same Day,4,USD
ORD116322,09-11-2024,BR87,India,Mumbai,CUST5813,PROD784,Accessories,Bluetooth Headphones,OnePlus,1,1427.8,0.1,0.18,1516.32,UPI,In-Store,EMP951,2,0,Express,10,GBP
ORD116323,27-08-2024,BR24,Germany,Berlin,CUST6122,PROD408,Mobile,Samsung Galaxy S23,Apple,3,1445.43,0.19,0.18,4144.63,Credit Card,In-Store,EMP581,0,1,Express,8,USD
ORD116324,04-12-2024,BR66,India,Bangalore,CUST8934,PROD231,Accessories,Keyboard,OnePlus,2,205.59,0.21,0.18,383.3,Debit Card,Online,EMP342,1,0,Express,2,AED
ORD116325,01-09-2024,BR42,UAE,Dubai,CUST6219,PROD277,Laptop,HP Spectre x360,LG,3,405.21,0.13,0.18,1247.97,Net Banking,Online,EMP323,1,1,Express,8,EUR
ORD116326,28-03-2023,BR13,Germany,Hamburg,CUST1832,PROD649,Tablet,Lenovo Tab P11,HP,3,1748.59,0.03,0.18,6004.31,Debit Card,In-Store,EMP403,2,1,Standard,2,EUR
ORD116327,23-04-2024,BR38,UAE,Dubai,CUST1334,PROD430,Tablet,iPad Air,HP,5,1652.58,0.1,0.18,8775.2,Cash,Online,EMP746,0,1,Same Day,4,USD
ORD116328,22-10-2024,BR57,India,Mumbai,CUST8637,PROD897,Accessories,Bluetooth Headphones,HP,2,236.12,0.04,0.18,534.95,Cash,Online,EMP597,2,0,Standard,9,INR
ORD116329,03-11-2024,BR86,UK,London,CUST5831,PROD620,Tablet,Samsung Galaxy Tab,Dell,1,591.12,0.27,0.18,509.19,Debit Card,Online,EMP895,3,0,Standard,3,USD
ORD116330,04-02-2024,BR12,Germany,Munich,CUST6893,PROD813,TV,Samsung QLED 50,HP,1,1251.28,0.13,0.18,1284.56,UPI,Online,EMP465,0,0,Standard,10,INR
ORD116331,02-12-2023,BR104,USA,Chicago,CUST4963,PROD475,Laptop,MacBook Air M2,Sony,1,824.62,0.18,0.18,797.9,Credit Card,Online,EMP689,1,1,Same Day,8,GBP
ORD116332,19-01-2024,BR39,India,Mumbai,CUST4502,PROD359,Tablet,Lenovo Tab P11,LG,4,1001.56,0.09,0.18,4301.9,Net Banking,In-Store,EMP684,1,0,Standard,10,AED
ORD116333,18-03-2024,BR18,USA,Chicago,CUST3238,PROD968,Mobile,OnePlus 11,OnePlus,1,1842.28,0.07,0.18,2021.72,UPI,Online,EMP587,3,1,Same Day,9,USD
ORD116334,28-12-2023,BR17,UK,London,CUST8394,PROD905,Accessories,Wireless Mouse,Apple,2,1981.42,0.17,0.18,3881.21,Debit Card,Online,EMP660,0,1,Express,4,AED
ORD116335,15-02-2023,BR86,UK,Manchester,CUST6612,PROD803,Tablet,Lenovo Tab P11,Samsung,3,1275.3,0.23,0.18,3476.21,Net Banking,In-Store,EMP610,3,0,Express,1,AED
ORD116336,21-10-2023,BR109,Germany,Munich,CUST8182,PROD357,TV,Samsung QLED 50,LG,2,298.08,0.15,0.18,597.95,Credit Card,In-Store,EMP402,1,0,Standard,5,AED
ORD116337,26-09-2024,BR89,India,Pune,CUST3118,PROD627,Mobile,Samsung Galaxy S23,Dell,3,469.18,0.03,0.18,1611.07,Credit Card,Online,EMP820,0,1,Same Day,5,EUR
ORD116338,26-04-2023,BR84,UAE,Dubai,CUST9444,PROD575,TV,LG OLED 48,OnePlus,1,526.63,0.01,0.18,615.21,Net Banking,In-Store,EMP539,0,0,Standard,2,AED
ORD116339,04-09-2023,BR31,UAE,Abu Dhabi,CUST4464,PROD217,Tablet,Samsung Galaxy Tab,OnePlus,2,884.04,0.05,0.18,1982.02,Debit Card,Online,EMP752,2,1,Express,7,INR
ORD116340,13-06-2023,BR39,UAE,Abu Dhabi,CUST4521,PROD360,TV,LG OLED 48,OnePlus,1,930.08,0.3,0.18,768.25,UPI,In-Store,EMP625,1,0,Express,3,USD
ORD116341,05-10-2024,BR61,UK,London,CUST1130,PROD865,TV,LG OLED 48,Dell,2,881.34,0.27,0.18,1518.37,Net Banking,In-Store,EMP947,1,0,Same Day,7,INR
ORD116342,22-06-2024,BR4,Germany,Berlin,CUST4839,PROD315,Mobile,Samsung Galaxy S23,Dell,1,807.15,0.19,0.18,771.47,Credit Card,In-Store,EMP943,0,0,Standard,6,EUR
ORD116343,31-05-2023,BR59,UK,Birmingham,CUST7805,PROD704,Laptop,Dell XPS 13,Dell,4,974.95,0.05,0.18,4371.68,Debit Card,In-Store,EMP460,2,0,Same Day,6,USD
ORD116344,25-03-2023,BR70,Germany,Munich,CUST2099,PROD839,TV,Sony Bravia 55,Dell,2,1628.16,0.12,0.18,3381.36,Debit Card,In-Store,EMP921,2,0,Express,6,AED
ORD116345,21-06-2024,BR65,UAE,Dubai,CUST9692,PROD418,Tablet,Lenovo Tab P11,Dell,1,1955.14,0.04,0.18,2214.78,Debit Card,Online,EMP399,2,1,Standard,9,AED
ORD116346,19-10-2024,BR14,UK,Birmingham,CUST8371,PROD804,Accessories,Wireless Mouse,HP,4,607.27,0.3,0.18,2006.42,UPI,In-Store,EMP508,1,0,Same Day,10,EUR
ORD116347,05-09-2024,BR26,USA,Los Angeles,CUST4944,PROD318,Laptop,HP Spectre x360,Sony,3,613.85,0.27,0.18,1586.31,UPI,In-Store,EMP226,0,1,Standard,5,EUR
ORD116348,07-07-2023,BR47,Germany,Munich,CUST3372,PROD222,TV,LG OLED 48,LG,4,1145.16,0.02,0.18,5297.05,Cash,In-Store,EMP980,1,0,Same Day,6,USD
ORD116349,18-05-2024,BR77,Germany,Munich,CUST5735,PROD587,Tablet,Samsung Galaxy Tab,LG,5,1716.97,0.01,0.18,10028.82,UPI,Online,EMP314,1,0,Standard,4,INR
ORD116350,24-12-2024,BR19,UAE,Dubai,CUST4850,PROD756,Laptop,HP Spectre x360,Sony,2,333.33,0.15,0.18,668.66,Debit Card,In-Store,EMP715,1,1,Express,5,INR
ORD116351,03-11-2023,BR88,UK,Manchester,CUST1221,PROD957,Accessories,Wireless Mouse,LG,3,1617.91,0.04,0.18,5498.31,Cash,In-Store,EMP432,0,1,Express,7,INR
ORD116352,15-11-2023,BR104,UAE,Dubai,CUST4169,PROD651,Tablet,Lenovo Tab P11,Apple,3,227.38,0.14,0.18,692.24,Net Banking,In-Store,EMP392,0,1,Express,9,AED
ORD116353,13-08-2023,BR15,India,Pune,CUST3969,PROD621,Mobile,iPhone 14,Lenovo,2,1550.64,0.1,0.18,3293.56,UPI,In-Store,EMP342,3,0,Standard,6,AED
ORD116354,24-11-2024,BR59,UAE,Dubai,CUST8069,PROD700,Laptop,MacBook Air M2,Samsung,5,734.45,0.19,0.18,3509.94,Cash,In-Store,EMP256,3,1,Same Day,1,EUR
ORD116355,29-12-2023,BR16,UAE,Abu Dhabi,CUST7742,PROD243,Tablet,Lenovo Tab P11,Sony,4,216.67,0.13,0.18,889.73,Cash,In-Store,EMP210,1,1,Express,6,EUR
ORD116356,16-12-2024,BR7,USA,New York,CUST4018,PROD438,TV,LG OLED 48,OnePlus,3,1324.75,0.17,0.18,3892.38,Net Banking,In-Store,EMP324,1,0,Same Day,1,EUR
ORD116357,30-04-2024,BR75,USA,Los Angeles,CUST2129,PROD438,Tablet,Lenovo Tab P11,Samsung,3,308.2,0.13,0.18,949.19,UPI,In-Store,EMP579,1,0,Express,8,AED
ORD116358,24-04-2023,BR9,UK,Manchester,CUST6443,PROD675,Mobile,iPhone 14,LG,5,1904.26,0.14,0.18,9662.22,Credit Card,In-Store,EMP565,2,1,Standard,2,EUR
ORD116359,26-12-2023,BR11,India,Mumbai,CUST1711,PROD603,Tablet,Samsung Galaxy Tab,LG,4,992.05,0.01,0.18,4635.65,Credit Card,Online,EMP429,0,0,Same Day,4,INR
ORD116360,02-04-2024,BR108,India,Mumbai,CUST5217,PROD305,Laptop,Dell XPS 13,Lenovo,1,1244.75,0.26,0.18,1086.92,UPI,Online,EMP941,1,0,Standard,2,USD
ORD116361,12-06-2024,BR106,USA,Chicago,CUST2829,PROD910,TV,LG OLED 48,Dell,3,1564.99,0.02,0.18,5429.26,Net Banking,Online,EMP611,0,0,Express,2,INR
ORD116362,25-12-2024,BR58,Germany,Munich,CUST9280,PROD886,TV,Sony Bravia 55,OnePlus,1,1862.53,0.05,0.18,2087.9,Credit Card,In-Store,EMP589,0,1,Express,8,INR
ORD116363,02-03-2024,BR7,India,Bangalore,CUST6370,PROD820,Laptop,MacBook Air M2,Apple,4,854.07,0.19,0.18,3265.28,Debit Card,Online,EMP299,0,0,Same Day,5,AED
ORD116364,23-08-2023,BR120,UK,London,CUST8833,PROD388,Mobile,Samsung Galaxy S23,Sony,5,306.83,0.1,0.18,1629.27,Credit Card,In-Store,EMP762,1,0,Same Day,7,USD
ORD116365,15-09-2023,BR101,USA,Los Angeles,CUST2318,PROD329,TV,Samsung QLED 50,Samsung,4,1531.96,0.08,0.18,6652.38,Credit Card,In-Store,EMP250,1,1,Express,3,AED
ORD116366,19-08-2023,BR81,India,Delhi,CUST5105,PROD594,Tablet,Lenovo Tab P11,HP,4,1593.15,0.15,0.18,6391.72,Debit Card,In-Store,EMP454,1,0,Express,9,INR
ORD116367,15-10-2024,BR17,India,Pune,CUST1196,PROD337,Tablet,Lenovo Tab P11,OnePlus,1,1194.15,0.21,0.18,1113.19,Cash,Online,EMP772,0,1,Standard,3,AED
ORD116368,28-05-2023,BR60,India,Mumbai,CUST5671,PROD710,Mobile,Samsung Galaxy S23,Sony,2,980.98,0.01,0.18,2291.96,Credit Card,In-Store,EMP908,1,1,Same Day,10,AED
ORD116369,10-12-2024,BR36,USA,Chicago,CUST5577,PROD499,Tablet,Lenovo Tab P11,HP,3,679.65,0.09,0.18,2189.42,UPI,In-Store,EMP752,0,1,Standard,2,INR
ORD116370,17-12-2023,BR50,India,Bangalore,CUST5661,PROD163,Laptop,Dell XPS 13,Samsung,4,1307.66,0.16,0.18,5184.61,Credit Card,In-Store,EMP506,0,1,Standard,3,AED
ORD116371,11-11-2023,BR53,Germany,Hamburg,CUST3043,PROD102,Mobile,Samsung Galaxy S23,Lenovo,1,1200.8,0.2,0.18,1133.56,Cash,Online,EMP273,2,0,Same Day,5,AED
ORD116372,03-09-2023,BR43,UAE,Abu Dhabi,CUST7043,PROD633,Mobile,Samsung Galaxy S23,HP,1,1479.74,0.15,0.18,1484.18,Net Banking,Online,EMP638,2,0,Express,3,INR
ORD116373,15-03-2023,BR120,UK,Manchester,CUST2194,PROD383,TV,Sony Bravia 55,Lenovo,2,833.34,0.05,0.18,1868.35,UPI,Online,EMP934,2,0,Standard,4,INR
ORD116374,23-06-2023,BR86,Germany,Munich,CUST6711,PROD502,Accessories,Wireless Mouse,Dell,5,1771.21,0.25,0.18,7837.6,Net Banking,Online,EMP759,3,1,Express,3,EUR
ORD116375,23-01-2023,BR107,UAE,Dubai,CUST4749,PROD569,TV,LG OLED 48,Dell,5,283.8,0.03,0.18,1624.19,Debit Card,In-Store,EMP375,3,1,Express,4,GBP
ORD116376,24-10-2024,BR31,India,Pune,CUST9646,PROD614,Mobile,OnePlus 11,LG,3,62.11,0.22,0.18,171.5,Credit Card,Online,EMP285,0,1,Same Day,6,AED
ORD116377,06-10-2024,BR110,USA,Los Angeles,CUST5810,PROD608,Accessories,Keyboard,Dell,5,988.71,0.14,0.18,5016.71,Debit Card,In-Store,EMP302,3,1,Express,3,GBP
ORD116378,06-06-2023,BR91,India,Bangalore,CUST8881,PROD418,Accessories,Wireless Mouse,Samsung,3,1923.09,0.24,0.18,5173.88,Debit Card,Online,EMP534,3,0,Same Day,7,GBP
ORD116379,25-05-2024,BR20,India,Pune,CUST1611,PROD311,Mobile,iPhone 14,OnePlus,3,714.96,0.05,0.18,2404.41,Debit Card,In-Store,EMP774,2,0,Same Day,3,INR
ORD116380,14-04-2023,BR65,USA,Los Angeles,CUST8028,PROD919,Accessories,Bluetooth Headphones,LG,4,127.06,0.15,0.18,509.76,Debit Card,In-Store,EMP586,0,1,Standard,7,GBP
ORD116381,26-02-2024,BR33,USA,Dallas,CUST5166,PROD166,TV,Samsung QLED 50,Sony,4,1493.92,0.3,0.18,4935.91,Credit Card,In-Store,EMP684,3,0,Same Day,9,GBP
ORD116382,22-02-2023,BR42,Germany,Munich,CUST6374,PROD499,Mobile,iPhone 14,Sony,1,1067.75,0.21,0.18,995.36,Credit Card,Online,EMP353,3,1,Standard,9,AED
ORD116383,26-09-2024,BR28,USA,Chicago,CUST2169,PROD462,TV,LG OLED 48,Dell,2,1039.63,0.09,0.18,2232.71,Net Banking,Online,EMP553,0,1,Same Day,1,USD
ORD116384,22-08-2024,BR67,UK,Birmingham,CUST3780,PROD682,Tablet,Samsung Galaxy Tab,LG,1,578.3,0.11,0.18,607.33,Credit Card,In-Store,EMP337,3,0,Express,1,AED
ORD116385,07-06-2024,BR40,India,Mumbai,CUST5880,PROD642,TV,Sony Bravia 55,HP,2,1286.26,0.21,0.18,2398.1,Net Banking,Online,EMP636,1,0,Standard,6,USD
ORD116386,27-11-2024,BR88,UK,Birmingham,CUST6397,PROD563,Laptop,MacBook Air M2,LG,4,1038.76,0.14,0.18,4216.53,Cash,Online,EMP407,1,1,Express,7,GBP
ORD116387,17-10-2024,BR25,India,Bangalore,CUST9451,PROD137,Accessories,Wireless Mouse,OnePlus,1,1197.21,0.25,0.18,1059.53,Cash,In-Store,EMP288,1,0,Standard,2,INR
ORD116388,04-01-2024,BR50,UK,London,CUST9397,PROD965,Laptop,HP Spectre x360,HP,5,164.23,0.18,0.18,794.54,Credit Card,Online,EMP628,1,0,Standard,3,AED
ORD116389,31-05-2023,BR91,Germany,Munich,CUST1117,PROD925,Laptop,Dell XPS 13,HP,3,450.56,0.02,0.18,1563.08,Net Banking,In-Store,EMP464,1,1,Standard,3,EUR
ORD116390,22-01-2023,BR109,India,Bangalore,CUST9445,PROD976,Mobile,OnePlus 11,LG,1,1830.69,0.18,0.18,1771.38,Cash,In-Store,EMP573,2,0,Same Day,2,INR
ORD116391,22-10-2024,BR102,Germany,Berlin,CUST1453,PROD552,TV,Sony Bravia 55,Apple,4,930.67,0.03,0.18,4260.98,UPI,In-Store,EMP841,0,1,Same Day,2,AED
ORD116392,06-02-2024,BR67,UK,London,CUST5633,PROD920,Accessories,Wireless Mouse,Dell,4,466.02,0.09,0.18,2001.65,Net Banking,Online,EMP229,3,1,Express,6,USD
ORD116393,27-01-2023,BR8,USA,New York,CUST7134,PROD232,Mobile,iPhone 14,Apple,1,986.78,0.08,0.18,1071.25,Credit Card,In-Store,EMP744,0,0,Express,1,USD
ORD116394,31-10-2023,BR77,USA,New York,CUST3082,PROD308,Tablet,Lenovo Tab P11,Lenovo,4,1470.99,0.03,0.18,6734.78,UPI,Online,EMP931,3,1,Express,5,INR
ORD116395,15-07-2023,BR23,UK,London,CUST9720,PROD530,Accessories,Bluetooth Headphones,OnePlus,3,1327.1,0,0.18,4697.93,UPI,Online,EMP969,2,0,Standard,5,AED
ORD116396,20-10-2024,BR72,UK,Manchester,CUST1298,PROD738,Mobile,OnePlus 11,OnePlus,3,1153.11,0.05,0.18,3877.91,Debit Card,Online,EMP382,0,1,Express,7,EUR
ORD116397,02-09-2024,BR56,USA,Los Angeles,CUST2379,PROD274,Tablet,Samsung Galaxy Tab,HP,4,146.56,0.1,0.18,622.59,Debit Card,Online,EMP927,1,1,Express,2,EUR
ORD116398,22-05-2024,BR115,India,Mumbai,CUST1758,PROD348,TV,Sony Bravia 55,Apple,1,1191.78,0.19,0.18,1139.1,Cash,Online,EMP899,0,1,Same Day,4,USD
ORD116399,27-02-2024,BR63,USA,New York,CUST6068,PROD759,Tablet,Lenovo Tab P11,Samsung,4,139.57,0.03,0.18,639.01,Debit Card,In-Store,EMP469,1,0,Standard,4,AED
ORD116400,19-03-2023,BR101,India,Mumbai,CUST6021,PROD527,Laptop,HP Spectre x360,HP,5,114.76,0.25,0.18,507.81,Cash,In-Store,EMP713,3,1,Express,4,AED
ORD116401,25-11-2024,BR31,USA,Dallas,CUST5800,PROD506,Accessories,Wireless Mouse,Dell,1,201.45,0.02,0.18,232.96,Cash,In-Store,EMP869,3,1,Standard,10,GBP
ORD116402,26-08-2024,BR1,Germany,Munich,CUST9878,PROD170,Accessories,Keyboard,Sony,1,525.36,0.16,0.18,520.74,Cash,In-Store,EMP576,2,1,Express,1,USD
ORD116403,01-10-2023,BR34,UK,Manchester,CUST6009,PROD187,TV,LG OLED 48,HP,5,1784.07,0.05,0.18,9999.71,Debit Card,Online,EMP837,2,0,Express,4,USD
ORD116404,14-05-2023,BR21,UAE,Dubai,CUST9237,PROD706,Tablet,Samsung Galaxy Tab,Lenovo,4,1259.72,0,0.18,5945.88,Cash,In-Store,EMP499,2,1,Same Day,8,USD
ORD116405,01-10-2024,BR46,UK,London,CUST4387,PROD746,Tablet,Samsung Galaxy Tab,Lenovo,4,336.16,0.25,0.18,1190.01,Debit Card,In-Store,EMP770,0,0,Same Day,7,AED
ORD116406,18-07-2023,BR96,USA,Chicago,CUST3460,PROD200,Tablet,Samsung Galaxy Tab,LG,3,129.07,0.25,0.18,342.68,Debit Card,In-Store,EMP260,2,0,Standard,5,EUR
ORD116407,02-12-2024,BR92,USA,New York,CUST4996,PROD526,TV,Samsung QLED 50,Sony,3,1987.48,0.21,0.18,5558.19,Credit Card,In-Store,EMP344,0,0,Same Day,10,GBP
ORD116408,21-09-2023,BR107,UAE,Abu Dhabi,CUST3085,PROD317,Tablet,Lenovo Tab P11,LG,5,496.42,0.02,0.18,2870.3,UPI,Online,EMP786,2,0,Standard,7,USD
ORD116409,27-09-2023,BR32,UK,Birmingham,CUST2573,PROD576,Tablet,iPad Air,Lenovo,1,807.44,0.21,0.18,752.7,Credit Card,In-Store,EMP550,3,1,Same Day,8,EUR
ORD116410,23-08-2024,BR77,India,Pune,CUST9371,PROD242,TV,LG OLED 48,Sony,1,700.59,0.04,0.18,793.63,Debit Card,Online,EMP544,3,0,Express,10,INR
ORD116411,29-08-2024,BR102,India,Pune,CUST3377,PROD280,TV,Sony Bravia 55,OnePlus,2,224.88,0.07,0.18,493.57,Cash,Online,EMP570,1,1,Express,6,EUR
ORD116412,22-01-2024,BR7,India,Pune,CUST1624,PROD853,TV,Samsung QLED 50,OnePlus,4,1021.86,0.29,0.18,3424.46,UPI,In-Store,EMP913,1,0,Express,3,INR
ORD116413,18-01-2023,BR55,Germany,Berlin,CUST8829,PROD959,Accessories,Keyboard,Dell,3,937.29,0.01,0.18,3284.83,Credit Card,In-Store,EMP472,3,0,Express,1,INR
ORD116414,04-05-2024,BR65,UAE,Abu Dhabi,CUST8068,PROD758,Accessories,Bluetooth Headphones,Sony,5,1948.25,0.14,0.18,9885.42,Debit Card,In-Store,EMP285,2,1,Same Day,10,USD
ORD116415,25-06-2023,BR36,Germany,Berlin,CUST2516,PROD997,Mobile,Samsung Galaxy S23,Lenovo,4,1476.34,0.13,0.18,6062.44,Credit Card,In-Store,EMP404,0,0,Standard,1,USD
ORD116416,13-03-2024,BR119,India,Bangalore,CUST1776,PROD737,Accessories,Wireless Mouse,Sony,1,1499.87,0.18,0.18,1451.27,UPI,Online,EMP868,2,1,Express,7,USD
ORD116417,25-12-2023,BR107,UAE,Abu Dhabi,CUST4808,PROD647,TV,LG OLED 48,LG,3,1500.31,0.12,0.18,4673.77,Net Banking,In-Store,EMP701,3,1,Same Day,8,GBP
ORD116418,27-07-2023,BR37,India,Mumbai,CUST4540,PROD875,Mobile,Samsung Galaxy S23,Lenovo,4,982.08,0.08,0.18,4264.58,Debit Card,Online,EMP821,2,1,Standard,9,INR
ORD116419,19-04-2024,BR35,Germany,Munich,CUST4592,PROD753,Mobile,Samsung Galaxy S23,HP,4,214.68,0.23,0.18,780.23,UPI,Online,EMP784,0,1,Standard,7,INR
ORD116420,28-11-2024,BR8,Germany,Munich,CUST5911,PROD824,Accessories,Wireless Mouse,Samsung,3,728.17,0.05,0.18,2448.84,Debit Card,In-Store,EMP545,2,1,Express,10,INR
ORD116421,06-06-2023,BR108,USA,New York,CUST7346,PROD425,TV,Samsung QLED 50,HP,2,733.7,0.07,0.18,1610.32,Net Banking,Online,EMP998,0,1,Express,10,INR
ORD116422,12-02-2024,BR41,UK,London,CUST4178,PROD778,Laptop,Dell XPS 13,LG,2,1253.47,0.24,0.18,2248.22,Debit Card,Online,EMP449,3,1,Same Day,1,GBP
ORD116423,30-05-2023,BR107,UK,Manchester,CUST9719,PROD985,Accessories,Wireless Mouse,LG,3,957,0.25,0.18,2540.84,UPI,Online,EMP311,1,0,Same Day,7,INR
ORD116424,26-03-2024,BR99,UAE,Abu Dhabi,CUST8004,PROD991,Tablet,Samsung Galaxy Tab,Lenovo,2,331.28,0.24,0.18,594.18,UPI,In-Store,EMP203,0,0,Same Day,1,EUR
ORD116425,22-07-2023,BR31,Germany,Berlin,CUST9661,PROD662,Accessories,Wireless Mouse,Sony,2,447.55,0.09,0.18,961.16,Cash,Online,EMP218,3,0,Same Day,9,GBP
ORD116426,19-04-2023,BR90,Germany,Hamburg,CUST8705,PROD937,TV,Samsung QLED 50,OnePlus,5,474.11,0.29,0.18,1986.05,Debit Card,Online,EMP594,1,0,Standard,5,INR
ORD116427,12-12-2023,BR52,UK,Birmingham,CUST7703,PROD935,TV,LG OLED 48,LG,5,1177.6,0.21,0.18,5488.79,Net Banking,Online,EMP980,0,1,Same Day,2,AED
ORD116428,15-09-2023,BR120,India,Mumbai,CUST4474,PROD825,Accessories,Wireless Mouse,Sony,5,179.11,0.14,0.18,908.8,Credit Card,In-Store,EMP920,2,1,Standard,7,INR
ORD116429,10-07-2023,BR118,Germany,Munich,CUST9304,PROD612,TV,Sony Bravia 55,Apple,1,693.96,0.11,0.18,728.8,Debit Card,In-Store,EMP941,0,0,Same Day,4,GBP
ORD116430,18-12-2023,BR59,India,Mumbai,CUST3913,PROD105,TV,Samsung QLED 50,Samsung,3,770.66,0.03,0.18,2646.29,Credit Card,In-Store,EMP890,0,0,Same Day,3,EUR
ORD116431,12-12-2023,BR63,India,Pune,CUST1090,PROD534,Laptop,Dell XPS 13,Dell,2,1092.5,0.04,0.18,2475.17,UPI,Online,EMP416,0,0,Express,6,EUR
ORD116432,05-08-2023,BR64,UK,Manchester,CUST9718,PROD527,TV,Sony Bravia 55,OnePlus,3,1882.89,0.26,0.18,4932.42,UPI,In-Store,EMP580,0,0,Express,3,AED
ORD116433,25-01-2024,BR3,UAE,Abu Dhabi,CUST1750,PROD780,Accessories,Keyboard,Dell,5,1445.2,0.11,0.18,7588.75,Cash,Online,EMP993,1,1,Same Day,6,GBP
ORD116434,31-12-2023,BR113,India,Bangalore,CUST9217,PROD988,Mobile,iPhone 14,OnePlus,2,896.71,0.15,0.18,1798.8,UPI,Online,EMP533,3,0,Same Day,9,EUR
ORD116435,12-10-2023,BR22,USA,Dallas,CUST9066,PROD919,TV,Samsung QLED 50,Samsung,2,712.01,0.04,0.18,1613.13,Net Banking,Online,EMP504,1,0,Express,10,USD
ORD116436,09-07-2024,BR98,UAE,Abu Dhabi,CUST3095,PROD451,TV,LG OLED 48,LG,2,1260.21,0.13,0.18,2587.46,Debit Card,Online,EMP411,3,1,Standard,9,USD
ORD116437,18-04-2024,BR63,India,Mumbai,CUST1775,PROD514,TV,Sony Bravia 55,Sony,3,1069.33,0.18,0.18,3104.05,Cash,In-Store,EMP499,3,0,Standard,6,USD
ORD116438,22-01-2024,BR12,UAE,Dubai,CUST5662,PROD945,Mobile,iPhone 14,Samsung,1,924.14,0.09,0.18,992.34,Credit Card,Online,EMP661,3,0,Standard,6,GBP
ORD116439,06-11-2023,BR63,UK,Birmingham,CUST9967,PROD727,TV,Samsung QLED 50,Samsung,1,1419.39,0.11,0.18,1490.64,Cash,Online,EMP744,2,1,Express,8,USD
ORD116440,18-06-2023,BR51,India,Delhi,CUST6196,PROD516,Accessories,Wireless Mouse,Samsung,3,1884.01,0.08,0.18,6135.84,Net Banking,In-Store,EMP860,0,0,Express,9,USD
ORD116441,25-09-2023,BR83,UK,Manchester,CUST8576,PROD380,Mobile,iPhone 14,OnePlus,4,1697.93,0.27,0.18,5850.39,Credit Card,In-Store,EMP259,1,0,Express,5,AED
ORD116442,12-10-2024,BR108,USA,Dallas,CUST7404,PROD159,Tablet,Samsung Galaxy Tab,HP,1,1506.14,0.18,0.18,1457.34,Net Banking,Online,EMP300,3,1,Express,7,INR
ORD116443,30-01-2023,BR14,UAE,Dubai,CUST9789,PROD545,Mobile,Samsung Galaxy S23,HP,1,1360.53,0,0.18,1605.43,Credit Card,In-Store,EMP361,1,1,Same Day,4,AED
ORD116444,04-04-2024,BR38,UK,Birmingham,CUST7795,PROD246,Mobile,OnePlus 11,HP,5,232.19,0.18,0.18,1123.34,Net Banking,Online,EMP476,0,0,Same Day,4,INR
ORD116445,02-10-2023,BR51,Germany,Berlin,CUST3725,PROD362,Tablet,Samsung Galaxy Tab,Samsung,4,929.56,0.25,0.18,3290.64,Cash,In-Store,EMP641,1,0,Same Day,1,INR
ORD116446,28-10-2023,BR57,UK,Birmingham,CUST2354,PROD727,Tablet,Samsung Galaxy Tab,Apple,4,1300.14,0.16,0.18,5154.8,Net Banking,Online,EMP334,2,0,Express,8,INR
ORD116447,12-06-2023,BR2,Germany,Hamburg,CUST9537,PROD910,Laptop,Dell XPS 13,Samsung,4,272.19,0.19,0.18,1040.64,Net Banking,Online,EMP462,3,0,Standard,6,AED
ORD116448,09-12-2024,BR75,UAE,Abu Dhabi,CUST3269,PROD660,TV,Samsung QLED 50,OnePlus,5,494.75,0.11,0.18,2597.93,Debit Card,In-Store,EMP557,3,1,Same Day,3,AED
ORD116449,16-10-2023,BR46,UK,Manchester,CUST8613,PROD950,Tablet,Lenovo Tab P11,Samsung,5,560.41,0.27,0.18,2413.69,Cash,In-Store,EMP304,2,0,Express,8,GBP
ORD116450,25-03-2024,BR7,India,Pune,CUST2034,PROD230,Tablet,Lenovo Tab P11,OnePlus,4,444.73,0.11,0.18,1868.22,Cash,Online,EMP219,2,0,Express,3,EUR
ORD116451,08-11-2024,BR82,UK,Birmingham,CUST6222,PROD939,Accessories,Wireless Mouse,HP,3,1339.15,0.23,0.18,3650.26,Credit Card,Online,EMP714,2,0,Standard,7,INR
ORD116452,02-04-2023,BR6,UAE,Abu Dhabi,CUST2813,PROD563,Mobile,OnePlus 11,Dell,2,771.63,0.1,0.18,1638.94,UPI,In-Store,EMP411,3,0,Same Day,7,GBP
ORD116453,10-01-2023,BR50,Germany,Berlin,CUST6661,PROD576,Tablet,Lenovo Tab P11,OnePlus,1,502.1,0.15,0.18,503.61,Net Banking,Online,EMP294,2,0,Standard,5,AED
ORD116454,22-08-2023,BR44,UK,Birmingham,CUST8629,PROD574,Tablet,iPad Air,Samsung,5,441.9,0.21,0.18,2059.7,Credit Card,Online,EMP738,3,1,Express,6,EUR
ORD116455,30-11-2023,BR68,Germany,Berlin,CUST7899,PROD416,TV,Sony Bravia 55,HP,1,1816.49,0.26,0.18,1586.16,Debit Card,In-Store,EMP355,1,0,Standard,4,AED
ORD116456,17-11-2023,BR34,USA,Dallas,CUST1196,PROD387,Mobile,OnePlus 11,OnePlus,3,1119.51,0.09,0.18,3606.39,UPI,Online,EMP984,3,1,Standard,4,INR
ORD116457,26-03-2023,BR22,India,Mumbai,CUST8689,PROD822,Mobile,OnePlus 11,Lenovo,3,699.39,0.18,0.18,2030.19,UPI,Online,EMP655,0,0,Standard,10,AED
ORD116458,20-06-2023,BR11,Germany,Munich,CUST6129,PROD980,Laptop,MacBook Air M2,Sony,3,299.23,0.04,0.18,1016.9,Credit Card,In-Store,EMP786,1,0,Express,6,EUR
ORD116459,27-01-2023,BR2,USA,Dallas,CUST9747,PROD579,Mobile,OnePlus 11,Samsung,5,975.03,0.06,0.18,5407.52,Cash,In-Store,EMP300,1,1,Same Day,2,GBP
ORD116460,13-11-2023,BR28,Germany,Hamburg,CUST5152,PROD100,Laptop,Dell XPS 13,LG,1,118.35,0.27,0.18,101.95,Credit Card,Online,EMP372,0,0,Express,9,AED
ORD116461,03-05-2023,BR47,UK,Manchester,CUST1284,PROD641,Laptop,HP Spectre x360,Lenovo,1,1660.17,0.17,0.18,1625.97,Credit Card,In-Store,EMP610,3,1,Express,2,GBP
ORD116462,10-12-2024,BR51,UK,Manchester,CUST2123,PROD626,Accessories,Keyboard,Sony,1,1885.4,0.17,0.18,1846.56,UPI,In-Store,EMP806,1,0,Same Day,1,GBP
ORD116463,12-08-2024,BR14,UAE,Dubai,CUST7174,PROD180,Laptop,Dell XPS 13,Lenovo,4,1395.8,0.19,0.18,5336.42,Debit Card,In-Store,EMP665,2,1,Same Day,5,EUR
ORD116464,16-02-2024,BR103,USA,New York,CUST1919,PROD356,Mobile,Samsung Galaxy S23,Lenovo,3,1034.09,0.16,0.18,3074.97,UPI,In-Store,EMP863,2,1,Standard,5,GBP
ORD116465,10-04-2023,BR94,USA,New York,CUST9006,PROD646,Tablet,iPad Air,OnePlus,1,1360.33,0.23,0.18,1236,UPI,In-Store,EMP827,0,0,Express,2,USD
ORD116466,22-05-2023,BR69,UAE,Abu Dhabi,CUST9876,PROD912,Accessories,Keyboard,LG,2,425.14,0.08,0.18,923.06,Cash,In-Store,EMP427,1,0,Express,4,USD
ORD116467,02-02-2023,BR116,USA,New York,CUST2566,PROD464,Mobile,iPhone 14,Dell,3,1637.46,0.22,0.18,4521.35,Cash,In-Store,EMP918,3,1,Express,4,AED
ORD116468,20-07-2024,BR13,Germany,Berlin,CUST8244,PROD216,Mobile,Samsung Galaxy S23,Apple,2,131.46,0.14,0.18,266.81,UPI,Online,EMP427,2,1,Same Day,7,GBP
ORD116469,22-04-2024,BR16,UK,Manchester,CUST1080,PROD740,Mobile,Samsung Galaxy S23,LG,1,704.65,0.24,0.18,631.93,Debit Card,In-Store,EMP425,3,1,Express,1,EUR
ORD116470,24-01-2023,BR15,Germany,Hamburg,CUST1702,PROD443,Laptop,HP Spectre x360,Sony,4,191.8,0.17,0.18,751.4,Cash,Online,EMP760,1,0,Express,1,AED
ORD116471,06-06-2024,BR18,UK,Birmingham,CUST3896,PROD801,Accessories,Wireless Mouse,Dell,3,1723.79,0.05,0.18,5797.11,Credit Card,Online,EMP260,3,1,Standard,5,AED
ORD116472,19-06-2023,BR22,UAE,Dubai,CUST3427,PROD598,Laptop,HP Spectre x360,HP,5,1634.13,0.09,0.18,8773.64,UPI,In-Store,EMP850,3,0,Standard,9,AED
ORD116473,21-08-2024,BR74,UK,London,CUST1403,PROD149,Laptop,HP Spectre x360,Samsung,3,535.65,0.28,0.18,1365.26,Net Banking,In-Store,EMP752,3,0,Standard,3,INR
ORD116474,03-04-2023,BR94,USA,New York,CUST7331,PROD301,TV,Samsung QLED 50,Lenovo,5,989.03,0.15,0.18,4959.99,UPI,In-Store,EMP591,1,1,Same Day,9,USD
ORD116475,29-02-2024,BR28,USA,New York,CUST2463,PROD421,Laptop,MacBook Air M2,Sony,2,119.61,0.2,0.18,225.82,Cash,Online,EMP337,2,0,Same Day,3,AED
ORD116476,31-01-2023,BR5,UAE,Dubai,CUST4443,PROD643,TV,Samsung QLED 50,LG,2,1545.11,0.21,0.18,2880.7,Credit Card,Online,EMP961,1,0,Same Day,8,USD
ORD116477,24-05-2023,BR16,Germany,Munich,CUST1919,PROD601,Mobile,Samsung Galaxy S23,LG,5,700.01,0.2,0.18,3304.05,Cash,In-Store,EMP474,3,0,Standard,2,USD
ORD116478,01-11-2024,BR63,India,Mumbai,CUST8413,PROD173,Accessories,Bluetooth Headphones,OnePlus,1,1051.31,0.08,0.18,1141.3,Debit Card,In-Store,EMP662,3,0,Same Day,8,USD
ORD116479,21-09-2024,BR22,Germany,Berlin,CUST8215,PROD304,Laptop,HP Spectre x360,Samsung,3,673.6,0.09,0.18,2169.94,Cash,Online,EMP765,2,0,Same Day,10,AED
ORD116480,24-08-2023,BR106,USA,Los Angeles,CUST1154,PROD717,Accessories,Bluetooth Headphones,LG,1,1940.82,0.23,0.18,1763.43,Net Banking,Online,EMP459,3,1,Standard,7,USD
ORD116481,23-03-2023,BR69,Germany,Munich,CUST8677,PROD887,Laptop,Dell XPS 13,LG,2,1285.8,0.14,0.18,2609.66,Cash,Online,EMP908,3,1,Same Day,6,INR
ORD116482,19-09-2023,BR48,Germany,Munich,CUST9030,PROD722,Mobile,Samsung Galaxy S23,Apple,1,595.45,0.24,0.18,534,Cash,Online,EMP639,0,0,Standard,7,EUR
ORD116483,30-09-2023,BR88,India,Bangalore,CUST8640,PROD900,Mobile,OnePlus 11,Samsung,2,1058.23,0.07,0.18,2322.6,Net Banking,Online,EMP593,2,0,Express,10,USD
ORD116484,05-02-2024,BR50,India,Mumbai,CUST3569,PROD913,Laptop,MacBook Air M2,Apple,2,1169.97,0.1,0.18,2485.02,Net Banking,In-Store,EMP796,3,0,Express,10,AED
ORD116485,27-08-2023,BR82,Germany,Munich,CUST7033,PROD872,Laptop,Dell XPS 13,LG,5,570.88,0.23,0.18,2593.51,Debit Card,In-Store,EMP904,1,0,Express,3,INR
ORD116486,16-06-2023,BR98,USA,Dallas,CUST9086,PROD402,Accessories,Bluetooth Headphones,OnePlus,1,1180.83,0.09,0.18,1267.98,Cash,Online,EMP752,2,0,Express,8,EUR
ORD116487,08-09-2023,BR103,USA,Dallas,CUST5321,PROD326,Accessories,Wireless Mouse,Sony,1,728.44,0.22,0.18,670.46,UPI,Online,EMP278,1,1,Standard,8,GBP
ORD116488,01-12-2023,BR82,UAE,Dubai,CUST3208,PROD598,Mobile,iPhone 14,Samsung,5,1509.09,0.25,0.18,6677.72,Cash,In-Store,EMP641,0,0,Standard,7,INR
ORD116489,08-08-2023,BR74,UAE,Abu Dhabi,CUST8727,PROD846,Laptop,MacBook Air M2,Sony,2,1166.66,0.05,0.18,2615.65,Debit Card,In-Store,EMP420,3,1,Standard,4,AED
ORD116490,04-04-2024,BR22,UAE,Abu Dhabi,CUST5994,PROD170,Mobile,OnePlus 11,Apple,5,1391.92,0.17,0.18,6816.23,Cash,In-Store,EMP488,0,0,Standard,3,GBP
ORD116491,07-06-2023,BR74,UAE,Abu Dhabi,CUST5135,PROD722,Tablet,Samsung Galaxy Tab,OnePlus,3,1059.88,0.07,0.18,3489.34,Debit Card,In-Store,EMP324,3,1,Express,4,USD
ORD116492,19-12-2024,BR9,UAE,Abu Dhabi,CUST6095,PROD636,Mobile,Samsung Galaxy S23,HP,1,668.33,0.24,0.18,599.36,Debit Card,Online,EMP805,2,1,Standard,5,USD
ORD116493,11-05-2023,BR27,UK,Manchester,CUST1763,PROD623,Mobile,OnePlus 11,Lenovo,5,734.39,0.2,0.18,3466.32,Net Banking,Online,EMP636,1,1,Standard,5,EUR
ORD116494,11-02-2023,BR73,USA,New York,CUST9453,PROD751,Accessories,Wireless Mouse,Lenovo,4,483.52,0.14,0.18,1962.7,UPI,Online,EMP255,1,1,Same Day,9,AED
ORD116495,27-12-2023,BR82,UAE,Dubai,CUST4885,PROD477,TV,LG OLED 48,Dell,1,1036.12,0.06,0.18,1149.26,Debit Card,Online,EMP848,0,0,Standard,8,GBP
ORD116496,23-12-2024,BR58,UK,Birmingham,CUST7721,PROD407,Mobile,Samsung Galaxy S23,Dell,3,726.67,0.24,0.18,1955.03,Cash,In-Store,EMP447,3,1,Same Day,7,AED
ORD116497,30-12-2024,BR78,Germany,Hamburg,CUST9475,PROD125,TV,Samsung QLED 50,HP,4,432.31,0.03,0.18,1979.29,Net Banking,In-Store,EMP634,1,0,Same Day,5,GBP
ORD116498,08-09-2023,BR87,USA,New York,CUST6079,PROD942,Mobile,iPhone 14,Dell,1,1673.83,0.19,0.18,1599.85,Cash,In-Store,EMP552,1,1,Same Day,4,USD
ORD116499,19-12-2024,BR64,Germany,Hamburg,CUST8396,PROD685,TV,Samsung QLED 50,Samsung,4,1715.21,0.23,0.18,6233.76,Net Banking,In-Store,EMP966,2,0,Express,6,AED
ORD116500,21-12-2024,BR37,USA,Dallas,CUST5427,PROD540,Tablet,iPad Air,Lenovo,3,83.05,0.05,0.18,279.3,Net Banking,Online,EMP838,0,1,Standard,9,GBP
ORD116501,18-07-2023,BR50,USA,Los Angeles,CUST8595,PROD147,Tablet,iPad Air,Dell,1,1599.02,0.21,0.18,1490.61,Net Banking,Online,EMP585,2,1,Express,1,GBP
ORD116502,10-03-2024,BR5,India,Pune,CUST7321,PROD344,Mobile,OnePlus 11,Samsung,3,152.63,0.17,0.18,448.46,UPI,Online,EMP443,1,1,Standard,10,AED
ORD116503,04-04-2023,BR69,USA,Los Angeles,CUST4579,PROD687,Mobile,OnePlus 11,Sony,5,1468.07,0.17,0.18,7189.14,Net Banking,Online,EMP812,1,0,Standard,5,INR
ORD116504,29-07-2024,BR96,India,Mumbai,CUST8378,PROD667,Accessories,Wireless Mouse,Sony,2,565.74,0.08,0.18,1228.33,Debit Card,In-Store,EMP657,0,1,Standard,2,GBP
ORD116505,23-12-2023,BR68,India,Mumbai,CUST6944,PROD468,Mobile,Samsung Galaxy S23,LG,2,1569.17,0.22,0.18,2888.53,Net Banking,In-Store,EMP359,3,0,Standard,5,AED
ORD116506,11-12-2023,BR116,UAE,Dubai,CUST6188,PROD603,Accessories,Bluetooth Headphones,Dell,4,1306.98,0.27,0.18,4503.33,Credit Card,In-Store,EMP557,1,1,Standard,7,GBP
ORD116507,08-11-2023,BR8,UAE,Abu Dhabi,CUST6527,PROD476,Tablet,Lenovo Tab P11,Apple,2,1863.08,0.03,0.18,4264.96,Credit Card,Online,EMP669,2,1,Same Day,4,USD
ORD116508,11-03-2023,BR105,UAE,Abu Dhabi,CUST6846,PROD894,Tablet,Samsung Galaxy Tab,OnePlus,2,790.32,0.11,0.18,1659.99,Cash,Online,EMP610,0,1,Same Day,4,GBP
ORD116509,03-03-2023,BR93,Germany,Munich,CUST3260,PROD241,Tablet,Lenovo Tab P11,Dell,1,1552.61,0.27,0.18,1337.42,Debit Card,In-Store,EMP252,1,0,Express,6,GBP
ORD116510,18-02-2024,BR74,Germany,Berlin,CUST7616,PROD490,Mobile,Samsung Galaxy S23,HP,1,1427.56,0.29,0.18,1196.01,Credit Card,Online,EMP253,1,1,Same Day,7,GBP
ORD116511,26-03-2023,BR30,India,Delhi,CUST9213,PROD436,Laptop,HP Spectre x360,LG,5,1882.06,0.13,0.18,9660.61,Cash,Online,EMP825,0,1,Standard,7,EUR
ORD116512,03-08-2024,BR102,Germany,Berlin,CUST2343,PROD594,Mobile,OnePlus 11,HP,5,821.79,0.01,0.18,4800.08,Cash,Online,EMP478,0,1,Same Day,9,USD
ORD116513,08-07-2024,BR95,USA,Chicago,CUST9243,PROD537,TV,Samsung QLED 50,Samsung,3,1545.97,0.09,0.18,4980.19,UPI,In-Store,EMP223,1,0,Standard,2,EUR
ORD116514,23-04-2024,BR62,UK,London,CUST9109,PROD885,Accessories,Keyboard,Apple,4,276.19,0.02,0.18,1277.54,Credit Card,Online,EMP832,1,0,Standard,4,GBP
ORD116515,13-06-2024,BR99,UAE,Abu Dhabi,CUST9836,PROD191,Laptop,Dell XPS 13,Samsung,4,1561.63,0.07,0.18,6854.93,Debit Card,Online,EMP361,0,1,Same Day,4,GBP
ORD116516,23-11-2023,BR6,UAE,Abu Dhabi,CUST7220,PROD721,Tablet,Lenovo Tab P11,Sony,1,97.21,0.18,0.18,94.06,Net Banking,In-Store,EMP451,1,1,Express,1,AED
ORD116517,14-06-2024,BR108,UAE,Abu Dhabi,CUST1536,PROD582,Tablet,iPad Air,Apple,1,1513.02,0.05,0.18,1696.1,Credit Card,Online,EMP545,3,1,Same Day,5,INR
ORD116518,23-05-2023,BR10,UAE,Dubai,CUST4543,PROD767,Laptop,HP Spectre x360,Apple,4,315.33,0.3,0.18,1041.85,Debit Card,Online,EMP332,2,1,Standard,5,INR
ORD116519,27-11-2024,BR102,India,Delhi,CUST6482,PROD596,Accessories,Keyboard,Apple,3,1927.97,0.08,0.18,6279.01,Credit Card,Online,EMP670,2,1,Same Day,3,USD
ORD116520,23-01-2023,BR107,India,Mumbai,CUST6994,PROD817,TV,Samsung QLED 50,Lenovo,4,1440.41,0.17,0.18,5642.95,Cash,Online,EMP579,3,1,Standard,5,INR
ORD116521,01-08-2024,BR65,USA,Dallas,CUST9388,PROD829,TV,Sony Bravia 55,Apple,4,353.21,0.03,0.18,1617.14,Debit Card,Online,EMP870,0,1,Standard,2,GBP
ORD116522,27-06-2024,BR60,UAE,Dubai,CUST4840,PROD315,Accessories,Bluetooth Headphones,Dell,1,164.73,0.29,0.18,138.01,Cash,Online,EMP744,1,1,Standard,8,GBP
ORD116523,31-01-2024,BR68,Germany,Munich,CUST6434,PROD708,TV,LG OLED 48,LG,2,220.2,0.27,0.18,379.36,Cash,In-Store,EMP560,2,0,Express,3,GBP
ORD116524,29-09-2023,BR49,USA,Chicago,CUST7391,PROD136,Accessories,Keyboard,Dell,3,1405.12,0.23,0.18,3830.08,Cash,Online,EMP858,2,0,Same Day,5,AED
ORD116525,05-12-2023,BR74,Germany,Hamburg,CUST4651,PROD999,Mobile,iPhone 14,OnePlus,2,1922.9,0.09,0.18,4129.62,Credit Card,Online,EMP876,1,1,Express,1,EUR
ORD116526,04-07-2023,BR1,India,Bangalore,CUST7399,PROD897,Laptop,Dell XPS 13,Apple,4,926.31,0.05,0.18,4153.57,Net Banking,In-Store,EMP281,3,1,Express,4,GBP
ORD116527,02-05-2023,BR55,India,Delhi,CUST3776,PROD565,Mobile,OnePlus 11,Lenovo,2,1019.79,0.29,0.18,1708.76,Debit Card,In-Store,EMP897,2,0,Standard,1,INR
ORD116528,06-05-2023,BR62,UAE,Abu Dhabi,CUST9124,PROD372,Tablet,Samsung Galaxy Tab,Apple,2,702.35,0.22,0.18,1292.89,Credit Card,In-Store,EMP270,3,0,Same Day,1,EUR
ORD116529,14-07-2023,BR61,UAE,Dubai,CUST6633,PROD950,Laptop,MacBook Air M2,HP,3,1634.02,0.26,0.18,4280.48,Debit Card,In-Store,EMP446,0,0,Express,7,AED
ORD116530,03-09-2024,BR21,India,Mumbai,CUST6174,PROD185,Tablet,iPad Air,Apple,1,60.15,0.14,0.18,61.04,Debit Card,Online,EMP547,0,0,Standard,9,INR
ORD116531,14-07-2024,BR40,India,Pune,CUST2579,PROD338,Laptop,HP Spectre x360,Sony,4,1375.35,0.11,0.18,5777.57,Cash,Online,EMP964,0,1,Standard,10,AED
ORD116532,20-05-2023,BR39,UK,London,CUST3248,PROD385,Laptop,MacBook Air M2,Apple,1,167.98,0.12,0.18,174.43,Debit Card,Online,EMP492,1,1,Same Day,4,AED
ORD116533,14-02-2024,BR5,UK,Manchester,CUST9407,PROD234,TV,LG OLED 48,OnePlus,3,1339.09,0.21,0.18,3744.9,Credit Card,Online,EMP466,0,0,Express,7,USD
ORD116534,25-08-2024,BR63,UAE,Abu Dhabi,CUST8379,PROD564,TV,LG OLED 48,HP,4,180.63,0.01,0.18,844.05,UPI,In-Store,EMP715,0,1,Standard,3,EUR
ORD116535,20-03-2024,BR103,India,Bangalore,CUST3851,PROD299,Accessories,Keyboard,HP,1,711,0.08,0.18,771.86,UPI,In-Store,EMP502,2,0,Express,8,GBP
ORD116536,07-03-2023,BR81,UK,Birmingham,CUST6317,PROD638,Tablet,Lenovo Tab P11,Lenovo,5,798.84,0.26,0.18,3487.74,Credit Card,Online,EMP505,1,1,Standard,8,USD
ORD116537,15-12-2023,BR39,UK,Birmingham,CUST5940,PROD202,TV,Samsung QLED 50,Sony,3,1636.09,0.13,0.18,5038.83,Debit Card,In-Store,EMP407,1,1,Standard,8,GBP
ORD116538,17-06-2023,BR87,UAE,Dubai,CUST7214,PROD196,TV,LG OLED 48,OnePlus,1,1273.5,0.27,0.18,1096.99,UPI,Online,EMP593,3,0,Standard,1,USD
ORD116539,09-06-2023,BR95,USA,Los Angeles,CUST2124,PROD949,Accessories,Bluetooth Headphones,Sony,5,1601.03,0.1,0.18,8501.47,Debit Card,In-Store,EMP746,3,0,Express,10,AED
ORD116540,12-07-2024,BR34,India,Mumbai,CUST1974,PROD886,TV,LG OLED 48,Samsung,5,1799.44,0.08,0.18,9767.36,UPI,Online,EMP347,2,1,Express,7,INR
ORD116541,09-09-2024,BR78,India,Mumbai,CUST4917,PROD668,Tablet,Samsung Galaxy Tab,Lenovo,1,606.49,0.19,0.18,579.68,Credit Card,In-Store,EMP587,2,1,Express,9,AED
ORD116542,06-07-2024,BR120,UAE,Dubai,CUST4681,PROD240,Mobile,OnePlus 11,LG,2,323.26,0.05,0.18,724.75,Debit Card,Online,EMP340,0,1,Standard,3,INR
ORD116543,06-03-2024,BR60,USA,Chicago,CUST7777,PROD400,Accessories,Wireless Mouse,Lenovo,2,361.2,0.02,0.18,835.38,UPI,Online,EMP926,0,1,Standard,7,EUR
ORD116544,28-12-2023,BR40,India,Bangalore,CUST1582,PROD657,Mobile,iPhone 14,OnePlus,3,1440.5,0.12,0.18,4487.45,Credit Card,Online,EMP670,3,1,Standard,7,GBP
ORD116545,27-04-2023,BR53,Germany,Hamburg,CUST1988,PROD944,Accessories,Wireless Mouse,Sony,4,168.22,0.05,0.18,754.3,Cash,In-Store,EMP747,0,0,Express,9,GBP
ORD116546,16-04-2024,BR3,UK,London,CUST9372,PROD421,TV,Sony Bravia 55,Samsung,4,722.87,0.08,0.18,3138.99,Cash,In-Store,EMP393,2,1,Express,9,INR
ORD116547,19-12-2024,BR28,India,Delhi,CUST5574,PROD748,Mobile,Samsung Galaxy S23,Lenovo,5,832.94,0.2,0.18,3931.48,Credit Card,In-Store,EMP887,1,1,Same Day,10,GBP
ORD116548,01-10-2023,BR70,India,Mumbai,CUST3102,PROD824,Mobile,OnePlus 11,Lenovo,2,553.76,0.2,0.18,1045.5,Net Banking,Online,EMP592,1,1,Same Day,8,EUR
ORD116549,27-01-2024,BR63,USA,New York,CUST8752,PROD695,Mobile,Samsung Galaxy S23,Apple,2,676.15,0.03,0.18,1547.84,Net Banking,Online,EMP533,2,1,Standard,7,AED
ORD116550,16-03-2024,BR40,USA,Los Angeles,CUST8854,PROD576,Tablet,Lenovo Tab P11,Lenovo,1,386.11,0.19,0.18,369.04,Cash,Online,EMP649,2,1,Express,2,GBP
ORD116551,01-01-2023,BR19,UAE,Dubai,CUST6429,PROD145,Laptop,HP Spectre x360,OnePlus,3,1247.73,0.23,0.18,3401.06,Cash,Online,EMP644,2,1,Express,3,INR
ORD116552,08-10-2024,BR100,Germany,Berlin,CUST8570,PROD261,TV,Sony Bravia 55,Samsung,2,162.06,0.22,0.18,298.32,Debit Card,In-Store,EMP502,2,0,Standard,7,GBP
ORD116553,19-02-2023,BR49,India,Bangalore,CUST7133,PROD266,Laptop,Dell XPS 13,Sony,1,1770.14,0.13,0.18,1817.23,Debit Card,Online,EMP563,3,1,Same Day,5,GBP
ORD116554,04-01-2023,BR117,Germany,Berlin,CUST6288,PROD332,Laptop,HP Spectre x360,LG,4,250.47,0.19,0.18,957.6,Cash,In-Store,EMP330,2,0,Same Day,3,USD
ORD116555,23-07-2024,BR10,UAE,Abu Dhabi,CUST8453,PROD115,Accessories,Bluetooth Headphones,Lenovo,4,1280.6,0.15,0.18,5137.77,Net Banking,In-Store,EMP716,0,1,Same Day,4,GBP
ORD116556,22-10-2023,BR114,USA,New York,CUST2072,PROD897,Accessories,Wireless Mouse,LG,1,1734.46,0.05,0.18,1944.33,UPI,In-Store,EMP912,2,0,Same Day,5,GBP
ORD116557,28-04-2023,BR61,India,Pune,CUST6769,PROD961,TV,Sony Bravia 55,OnePlus,4,58.8,0.29,0.18,197.05,Cash,In-Store,EMP201,2,0,Express,5,GBP
ORD116558,09-04-2024,BR114,UAE,Dubai,CUST5920,PROD761,Tablet,Lenovo Tab P11,LG,3,1233.07,0.09,0.18,3972.21,Cash,In-Store,EMP318,2,1,Express,10,INR
ORD116559,15-03-2024,BR101,India,Mumbai,CUST8001,PROD629,TV,Sony Bravia 55,Apple,2,194.06,0.06,0.18,430.5,Credit Card,In-Store,EMP816,1,0,Express,2,GBP
ORD116560,15-03-2023,BR65,UK,London,CUST5484,PROD826,TV,LG OLED 48,HP,5,1514.91,0.1,0.18,8044.17,Credit Card,In-Store,EMP687,2,0,Standard,5,AED
ORD116561,20-08-2023,BR76,India,Delhi,CUST6592,PROD731,Mobile,Samsung Galaxy S23,Sony,2,774.72,0.22,0.18,1426.1,Cash,In-Store,EMP295,2,0,Same Day,9,EUR
ORD116562,14-04-2024,BR59,UAE,Abu Dhabi,CUST3010,PROD243,Accessories,Keyboard,OnePlus,2,539.19,0.02,0.18,1247.04,Credit Card,In-Store,EMP649,2,1,Standard,1,AED
ORD116563,29-08-2024,BR40,Germany,Hamburg,CUST9887,PROD324,Laptop,HP Spectre x360,LG,3,1577.44,0.03,0.18,5416.61,UPI,Online,EMP706,3,0,Standard,8,INR
ORD116564,21-04-2023,BR118,USA,New York,CUST7587,PROD354,Mobile,Samsung Galaxy S23,Samsung,3,1749.01,0.08,0.18,5696.18,Net Banking,Online,EMP906,0,0,Express,3,EUR
ORD116565,13-03-2024,BR47,UAE,Abu Dhabi,CUST9325,PROD323,Tablet,iPad Air,HP,4,158.83,0.04,0.18,719.69,Credit Card,Online,EMP911,1,1,Same Day,6,GBP
ORD116566,01-02-2024,BR114,India,Mumbai,CUST2840,PROD965,Laptop,MacBook Air M2,Lenovo,2,1807.49,0.02,0.18,4180.36,Cash,Online,EMP872,3,0,Standard,6,GBP
ORD116567,30-09-2023,BR43,India,Mumbai,CUST8141,PROD434,TV,Samsung QLED 50,Sony,2,1752.49,0.22,0.18,3225.98,Cash,Online,EMP610,2,1,Express,2,USD
ORD116568,27-07-2024,BR73,Germany,Munich,CUST6158,PROD588,Accessories,Wireless Mouse,Lenovo,3,561.83,0.15,0.18,1690.55,Cash,Online,EMP607,1,1,Same Day,3,AED
ORD116569,20-03-2024,BR9,USA,Los Angeles,CUST9408,PROD938,TV,Sony Bravia 55,Lenovo,1,1820.17,0.2,0.18,1718.24,Credit Card,In-Store,EMP395,0,0,Standard,3,INR
ORD116570,19-05-2024,BR75,UK,Manchester,CUST1699,PROD225,Mobile,iPhone 14,Apple,1,109.26,0.07,0.18,119.9,Cash,Online,EMP593,2,1,Express,7,AED
ORD116571,31-03-2023,BR40,UAE,Dubai,CUST4536,PROD224,TV,Sony Bravia 55,LG,5,1783.9,0.09,0.18,9577.76,Credit Card,Online,EMP918,2,0,Standard,4,INR
ORD116572,23-08-2023,BR27,India,Pune,CUST8408,PROD382,Laptop,HP Spectre x360,Samsung,4,1483.43,0.01,0.18,6931.77,Credit Card,In-Store,EMP735,1,1,Same Day,8,USD
ORD116573,05-06-2024,BR34,USA,Los Angeles,CUST3062,PROD339,Accessories,Keyboard,HP,5,645.33,0.11,0.18,3388.63,Cash,In-Store,EMP459,1,1,Same Day,4,EUR
ORD116574,27-11-2024,BR70,Germany,Hamburg,CUST7605,PROD919,Mobile,iPhone 14,HP,3,1241.74,0.12,0.18,3868.27,Cash,In-Store,EMP817,3,0,Same Day,4,GBP
ORD116575,29-12-2023,BR37,Germany,Berlin,CUST7056,PROD970,Laptop,MacBook Air M2,LG,1,1966.52,0.22,0.18,1809.99,UPI,Online,EMP681,2,0,Same Day,8,INR
ORD116576,30-11-2024,BR92,UK,Manchester,CUST7220,PROD808,TV,LG OLED 48,Samsung,2,1074.91,0.01,0.18,2511.42,Debit Card,In-Store,EMP564,0,0,Same Day,9,USD
ORD116577,30-10-2023,BR99,UAE,Dubai,CUST5364,PROD194,Tablet,Lenovo Tab P11,Samsung,1,1441.25,0.24,0.18,1292.51,Credit Card,In-Store,EMP415,1,0,Standard,5,AED
ORD116578,02-09-2023,BR95,Germany,Munich,CUST9723,PROD547,Mobile,iPhone 14,Dell,3,1387.64,0.23,0.18,3782.43,UPI,In-Store,EMP457,0,0,Express,5,GBP
ORD116579,15-05-2023,BR117,UAE,Dubai,CUST4973,PROD345,Tablet,Lenovo Tab P11,Lenovo,4,1296.48,0.08,0.18,5629.83,UPI,Online,EMP850,0,0,Standard,10,AED
ORD116580,03-08-2023,BR83,USA,New York,CUST4885,PROD692,Tablet,iPad Air,Samsung,4,1297.16,0,0.18,6122.6,Debit Card,In-Store,EMP783,1,1,Express,8,AED
ORD116581,17-05-2023,BR46,UAE,Dubai,CUST3701,PROD195,Laptop,HP Spectre x360,LG,2,871.05,0.15,0.18,1747.33,Debit Card,In-Store,EMP325,3,0,Express,4,AED
ORD116582,13-12-2023,BR77,India,Mumbai,CUST9128,PROD847,TV,LG OLED 48,Lenovo,4,634.84,0,0.18,2996.44,Credit Card,In-Store,EMP631,3,0,Same Day,7,GBP
ORD116583,05-07-2024,BR16,UAE,Abu Dhabi,CUST6555,PROD413,Tablet,Samsung Galaxy Tab,LG,1,1608.9,0.06,0.18,1784.59,Cash,Online,EMP471,0,0,Same Day,2,AED
ORD116584,08-03-2023,BR89,UAE,Abu Dhabi,CUST6431,PROD341,Accessories,Bluetooth Headphones,Sony,5,1262.26,0.22,0.18,5808.92,Debit Card,In-Store,EMP952,1,1,Standard,4,INR
ORD116585,23-04-2024,BR46,USA,New York,CUST6116,PROD557,Accessories,Bluetooth Headphones,Apple,4,840.05,0.04,0.18,3806.43,Debit Card,In-Store,EMP281,1,0,Standard,10,INR
ORD116586,20-02-2023,BR117,USA,Los Angeles,CUST3619,PROD620,Mobile,iPhone 14,OnePlus,3,145.06,0.23,0.18,395.4,UPI,Online,EMP881,0,0,Express,1,AED
ORD116587,14-08-2023,BR112,UK,Birmingham,CUST9151,PROD841,Tablet,iPad Air,Sony,2,1565.14,0.3,0.18,2585.61,Cash,In-Store,EMP733,0,1,Express,9,INR
ORD116588,12-04-2023,BR77,UK,Manchester,CUST3003,PROD397,Accessories,Bluetooth Headphones,OnePlus,4,1828.26,0.06,0.18,8111.62,Debit Card,Online,EMP372,0,1,Express,2,GBP
ORD116589,15-12-2023,BR52,USA,Chicago,CUST6393,PROD827,Laptop,MacBook Air M2,Samsung,1,300.03,0.13,0.18,308.01,Debit Card,Online,EMP573,0,0,Same Day,5,AED
ORD116590,29-04-2024,BR1,UAE,Abu Dhabi,CUST5063,PROD483,TV,Sony Bravia 55,HP,2,1997.72,0.29,0.18,3347.38,Credit Card,Online,EMP329,3,0,Same Day,9,AED
ORD116591,12-03-2023,BR3,USA,Chicago,CUST7079,PROD890,TV,Samsung QLED 50,LG,1,902.77,0.09,0.18,969.39,Net Banking,Online,EMP766,0,0,Standard,5,AED
ORD116592,18-03-2023,BR49,UAE,Abu Dhabi,CUST1799,PROD118,Mobile,OnePlus 11,LG,5,1067.39,0.23,0.18,4849.15,Net Banking,In-Store,EMP867,3,1,Standard,3,INR
ORD116593,21-06-2023,BR91,USA,Dallas,CUST7639,PROD950,Tablet,iPad Air,Apple,2,400.48,0.01,0.18,935.68,UPI,Online,EMP301,2,0,Express,10,USD
ORD116594,12-02-2024,BR89,UK,Birmingham,CUST7027,PROD129,Mobile,iPhone 14,Dell,4,968.92,0.09,0.18,4161.71,Debit Card,Online,EMP852,2,0,Same Day,9,AED
ORD116595,14-12-2024,BR36,UAE,Abu Dhabi,CUST8271,PROD106,Mobile,iPhone 14,LG,3,979.43,0.1,0.18,3120.46,UPI,Online,EMP911,3,0,Standard,4,AED
ORD116596,04-12-2024,BR43,India,Mumbai,CUST1230,PROD702,Accessories,Bluetooth Headphones,HP,3,1994.78,0.28,0.18,5084.3,Credit Card,Online,EMP575,0,0,Express,2,AED
ORD116597,06-05-2023,BR80,USA,New York,CUST4110,PROD724,Mobile,iPhone 14,Samsung,2,1132.03,0.05,0.18,2538.01,Debit Card,In-Store,EMP351,2,1,Same Day,9,USD
ORD116598,07-12-2023,BR69,USA,Chicago,CUST5236,PROD390,TV,Sony Bravia 55,HP,4,727.3,0.12,0.18,3020.91,Credit Card,Online,EMP380,2,1,Express,1,AED
ORD116599,20-07-2023,BR60,India,Delhi,CUST3713,PROD498,Laptop,Dell XPS 13,LG,4,535.39,0.02,0.18,2476.5,Credit Card,In-Store,EMP328,3,1,Express,1,GBP
ORD116600,28-06-2023,BR29,USA,Chicago,CUST4033,PROD187,Accessories,Keyboard,Samsung,5,1349.36,0.1,0.18,7165.1,UPI,Online,EMP712,1,0,Standard,10,EUR
ORD116601,04-01-2024,BR67,India,Bangalore,CUST6172,PROD353,Laptop,MacBook Air M2,Apple,1,275.77,0.09,0.18,296.12,Cash,In-Store,EMP668,2,0,Standard,7,AED
ORD116602,29-03-2023,BR84,USA,Dallas,CUST2996,PROD309,Laptop,HP Spectre x360,Apple,1,670.38,0.09,0.18,719.85,Net Banking,In-Store,EMP345,3,0,Express,3,USD
ORD116603,15-11-2023,BR110,India,Pune,CUST4628,PROD684,Mobile,iPhone 14,Samsung,1,632.65,0.06,0.18,701.74,UPI,Online,EMP637,2,0,Express,8,EUR
ORD116604,17-07-2023,BR8,UAE,Abu Dhabi,CUST5714,PROD374,TV,Sony Bravia 55,Dell,3,1042.06,0.29,0.18,2619.11,Net Banking,In-Store,EMP407,0,0,Same Day,5,USD
ORD116605,08-11-2024,BR62,India,Delhi,CUST5137,PROD235,Accessories,Wireless Mouse,Dell,4,275.85,0.13,0.18,1132.75,Net Banking,In-Store,EMP709,0,1,Same Day,4,AED
ORD116606,31-05-2024,BR14,USA,Chicago,CUST5198,PROD226,Accessories,Wireless Mouse,OnePlus,2,538.62,0.07,0.18,1182.16,Credit Card,Online,EMP552,1,1,Standard,2,EUR
ORD116607,13-08-2023,BR62,USA,New York,CUST9131,PROD625,Tablet,Lenovo Tab P11,LG,4,1359.2,0.21,0.18,5068.18,Net Banking,Online,EMP801,0,1,Standard,10,EUR
ORD116608,07-09-2023,BR98,UAE,Dubai,CUST8717,PROD957,TV,Sony Bravia 55,Sony,5,1551.18,0.11,0.18,8145.25,Debit Card,In-Store,EMP663,2,1,Standard,10,USD
ORD116609,21-03-2024,BR58,UAE,Dubai,CUST5536,PROD746,Tablet,iPad Air,Samsung,1,1998.85,0.11,0.18,2099.19,Net Banking,Online,EMP728,0,1,Same Day,4,AED
ORD116610,26-07-2024,BR111,India,Bangalore,CUST6058,PROD454,Mobile,OnePlus 11,HP,3,1844.26,0.22,0.18,5092.37,Debit Card,Online,EMP662,1,1,Express,3,AED
ORD116611,04-05-2023,BR111,USA,Dallas,CUST3959,PROD827,Accessories,Bluetooth Headphones,Dell,3,1833.71,0.16,0.18,5452.72,UPI,Online,EMP771,0,0,Same Day,2,GBP
ORD116612,04-06-2023,BR35,UK,Birmingham,CUST7206,PROD505,Laptop,Dell XPS 13,LG,1,1310.74,0.26,0.18,1144.54,Credit Card,Online,EMP640,1,1,Standard,2,AED
ORD116613,14-05-2024,BR48,UAE,Abu Dhabi,CUST8622,PROD702,Laptop,Dell XPS 13,OnePlus,5,407.83,0.07,0.18,2237.76,UPI,Online,EMP742,2,1,Same Day,4,AED
ORD116614,20-04-2024,BR92,UK,Manchester,CUST9124,PROD720,Mobile,iPhone 14,Dell,2,1719.12,0.07,0.18,3773.12,UPI,In-Store,EMP301,1,1,Standard,7,USD
ORD116615,24-07-2023,BR20,USA,Dallas,CUST5243,PROD752,Mobile,Samsung Galaxy S23,Apple,5,935.54,0,0.18,5519.69,Net Banking,Online,EMP439,0,0,Express,4,USD
ORD116616,25-10-2023,BR120,USA,Los Angeles,CUST4319,PROD836,Accessories,Bluetooth Headphones,Lenovo,3,397.19,0.04,0.18,1349.81,Cash,Online,EMP553,1,0,Same Day,6,INR
ORD116617,24-12-2023,BR111,USA,Dallas,CUST3466,PROD954,Mobile,Samsung Galaxy S23,Lenovo,3,1319.52,0.08,0.18,4297.41,Cash,In-Store,EMP557,0,1,Same Day,7,AED
ORD116618,11-04-2024,BR22,UK,London,CUST7613,PROD644,Mobile,OnePlus 11,Sony,1,146.03,0.23,0.18,132.68,Credit Card,In-Store,EMP526,1,0,Same Day,5,USD
ORD116619,10-04-2024,BR114,Germany,Munich,CUST2448,PROD151,Mobile,iPhone 14,HP,2,1064.97,0.3,0.18,1759.33,Net Banking,In-Store,EMP564,2,1,Same Day,8,GBP
ORD116620,23-05-2023,BR38,UAE,Abu Dhabi,CUST4608,PROD519,Mobile,Samsung Galaxy S23,Dell,4,81.78,0.11,0.18,343.54,Cash,Online,EMP848,1,1,Express,10,EUR
ORD116621,25-04-2023,BR117,India,Bangalore,CUST5685,PROD393,TV,Sony Bravia 55,Sony,1,427.6,0.23,0.18,388.52,Net Banking,In-Store,EMP585,0,1,Standard,2,GBP
ORD116622,18-03-2024,BR21,UK,Birmingham,CUST2014,PROD643,TV,Samsung QLED 50,OnePlus,3,1082.74,0.01,0.18,3794.57,Cash,Online,EMP281,1,1,Express,5,AED
ORD116623,05-02-2024,BR80,India,Pune,CUST1098,PROD605,Mobile,OnePlus 11,Samsung,2,1209.21,0.06,0.18,2682.51,Debit Card,In-Store,EMP716,2,0,Same Day,10,EUR
ORD116624,26-06-2024,BR45,UK,Birmingham,CUST7621,PROD308,Tablet,Lenovo Tab P11,LG,5,163.51,0.07,0.18,897.18,UPI,In-Store,EMP750,2,0,Standard,6,USD
ORD116625,08-07-2023,BR120,UAE,Abu Dhabi,CUST1008,PROD927,Mobile,iPhone 14,Apple,3,428.55,0.28,0.18,1092.29,Credit Card,In-Store,EMP463,0,0,Same Day,9,GBP
ORD116626,14-04-2024,BR95,UAE,Abu Dhabi,CUST7432,PROD183,Mobile,OnePlus 11,Sony,4,1996.13,0.16,0.18,7914.26,Credit Card,Online,EMP771,0,1,Express,4,AED
ORD116627,10-03-2024,BR98,UAE,Dubai,CUST2632,PROD605,Accessories,Keyboard,Lenovo,3,1211.96,0.16,0.18,3603.88,Cash,In-Store,EMP299,0,1,Express,9,EUR
ORD116628,27-01-2024,BR22,UAE,Abu Dhabi,CUST3848,PROD950,Tablet,Samsung Galaxy Tab,LG,2,1332.72,0.26,0.18,2327.46,Cash,In-Store,EMP922,2,1,Same Day,10,AED
ORD116629,01-08-2023,BR57,UAE,Abu Dhabi,CUST4364,PROD815,Accessories,Bluetooth Headphones,Dell,2,363.69,0.06,0.18,806.81,Cash,In-Store,EMP289,2,1,Express,7,AED
ORD116630,14-03-2024,BR38,Germany,Hamburg,CUST9340,PROD160,Mobile,OnePlus 11,Lenovo,4,653.1,0.26,0.18,2281.15,Cash,In-Store,EMP977,1,0,Standard,4,GBP
ORD116631,03-12-2023,BR26,USA,New York,CUST1861,PROD461,TV,Samsung QLED 50,Apple,3,686.41,0.26,0.18,1798.12,Net Banking,In-Store,EMP977,0,0,Standard,6,INR
ORD116632,17-10-2024,BR15,UK,Manchester,CUST6035,PROD611,Laptop,HP Spectre x360,Lenovo,5,1363.09,0.23,0.18,6192.52,Net Banking,In-Store,EMP489,1,1,Same Day,6,INR
ORD116633,16-12-2023,BR65,UK,London,CUST9680,PROD599,Accessories,Keyboard,Apple,1,522.29,0.02,0.18,603.98,Debit Card,In-Store,EMP278,2,0,Standard,3,INR
ORD116634,20-09-2023,BR27,USA,Dallas,CUST5705,PROD323,Tablet,Lenovo Tab P11,Samsung,2,757.32,0.01,0.18,1769.4,Debit Card,Online,EMP817,0,0,Same Day,2,EUR
ORD116635,15-04-2023,BR92,UK,Manchester,CUST2747,PROD126,Tablet,Lenovo Tab P11,Dell,4,1555.83,0.14,0.18,6315.43,Credit Card,In-Store,EMP227,2,0,Express,10,USD
ORD116636,25-07-2024,BR75,USA,New York,CUST3761,PROD616,Tablet,Samsung Galaxy Tab,LG,3,941.05,0.15,0.18,2831.62,Debit Card,In-Store,EMP854,3,1,Express,7,USD
ORD116637,27-06-2024,BR86,USA,New York,CUST8678,PROD382,Mobile,Samsung Galaxy S23,OnePlus,5,1389.14,0.04,0.18,7868.09,Debit Card,Online,EMP618,3,0,Express,5,USD
ORD116638,15-11-2024,BR52,India,Mumbai,CUST5306,PROD383,Mobile,iPhone 14,Lenovo,4,1662.66,0.25,0.18,5885.82,Debit Card,In-Store,EMP687,1,0,Express,6,AED
ORD116639,29-06-2023,BR7,UK,Manchester,CUST2926,PROD543,TV,Sony Bravia 55,Apple,1,1468.16,0.01,0.18,1715.1,UPI,Online,EMP545,3,0,Express,1,AED
ORD116640,11-03-2023,BR55,UK,Birmingham,CUST6201,PROD165,Accessories,Bluetooth Headphones,Apple,4,1624.91,0.01,0.18,7592.88,Net Banking,In-Store,EMP353,1,1,Standard,8,USD
ORD116641,12-10-2024,BR40,UK,London,CUST6177,PROD752,Tablet,Lenovo Tab P11,OnePlus,4,1854.27,0.15,0.18,7439.33,Net Banking,Online,EMP790,3,0,Standard,5,GBP
ORD116642,03-08-2024,BR90,UK,London,CUST7989,PROD796,Laptop,Dell XPS 13,Samsung,4,1303.78,0.19,0.18,4984.61,UPI,In-Store,EMP690,1,0,Express,3,AED
ORD116643,01-02-2023,BR40,Germany,Munich,CUST9197,PROD385,Tablet,iPad Air,LG,1,863.88,0.16,0.18,856.28,Cash,Online,EMP262,1,1,Standard,2,AED
ORD116644,18-08-2023,BR9,Germany,Hamburg,CUST3733,PROD120,Accessories,Wireless Mouse,OnePlus,3,524.57,0.25,0.18,1392.73,Net Banking,Online,EMP924,2,0,Same Day,3,GBP
ORD116645,12-09-2024,BR109,Germany,Munich,CUST8807,PROD157,Accessories,Bluetooth Headphones,Apple,2,1410.14,0.04,0.18,3194.81,Debit Card,Online,EMP920,0,0,Standard,2,AED
ORD116646,20-06-2023,BR37,India,Pune,CUST2009,PROD612,Tablet,Samsung Galaxy Tab,HP,1,370.89,0.12,0.18,385.13,UPI,In-Store,EMP440,3,0,Express,4,AED
ORD116647,17-06-2024,BR107,India,Bangalore,CUST8287,PROD580,Laptop,HP Spectre x360,LG,3,1676.03,0.06,0.18,5577.16,Net Banking,In-Store,EMP420,2,0,Same Day,1,AED
ORD116648,19-01-2024,BR75,India,Pune,CUST9003,PROD506,Mobile,iPhone 14,LG,4,1594.86,0.13,0.18,6549.13,UPI,Online,EMP711,0,0,Same Day,8,GBP
ORD116649,29-12-2023,BR16,UK,Manchester,CUST3705,PROD208,Laptop,MacBook Air M2,Samsung,2,754.44,0.13,0.18,1549.02,UPI,Online,EMP649,0,1,Same Day,3,USD
ORD116650,23-12-2023,BR93,Germany,Berlin,CUST6415,PROD762,Laptop,MacBook Air M2,Samsung,4,373.11,0.13,0.18,1532.14,Credit Card,In-Store,EMP735,3,0,Standard,10,EUR
ORD116651,10-02-2024,BR33,USA,Chicago,CUST5035,PROD649,Mobile,iPhone 14,Samsung,4,685.94,0.08,0.18,2978.63,UPI,In-Store,EMP783,2,1,Same Day,9,INR
ORD116652,22-03-2024,BR101,India,Mumbai,CUST5338,PROD147,Accessories,Keyboard,Samsung,3,1935.12,0.3,0.18,4795.23,Credit Card,Online,EMP485,2,0,Same Day,8,USD
ORD116653,29-09-2023,BR56,Germany,Hamburg,CUST7551,PROD750,Accessories,Keyboard,Samsung,4,1400.45,0.27,0.18,4825.39,Credit Card,Online,EMP651,1,1,Express,9,USD
ORD116654,31-10-2023,BR3,USA,New York,CUST6343,PROD288,Mobile,Samsung Galaxy S23,Sony,3,652.67,0.07,0.18,2148.72,UPI,Online,EMP973,3,1,Express,4,EUR
ORD116655,20-05-2023,BR33,India,Mumbai,CUST3595,PROD518,Accessories,Wireless Mouse,Samsung,2,254.26,0.06,0.18,564.05,Net Banking,In-Store,EMP385,3,0,Same Day,5,USD
ORD116656,13-12-2023,BR48,UK,London,CUST3339,PROD715,TV,Sony Bravia 55,HP,3,1296.53,0.07,0.18,4268.44,Credit Card,In-Store,EMP610,0,1,Same Day,3,INR
ORD116657,16-06-2024,BR55,Germany,Munich,CUST3589,PROD125,Laptop,HP Spectre x360,Sony,2,1226.32,0.22,0.18,2257.41,UPI,Online,EMP322,0,0,Express,6,GBP
ORD116658,28-02-2024,BR94,UAE,Dubai,CUST1743,PROD339,TV,Samsung QLED 50,Samsung,4,1341.39,0.1,0.18,5698.22,Debit Card,Online,EMP468,0,1,Same Day,3,AED
ORD116659,08-12-2023,BR72,Germany,Berlin,CUST9817,PROD434,Accessories,Bluetooth Headphones,Dell,3,687.79,0.22,0.18,1899.13,Credit Card,In-Store,EMP813,1,0,Same Day,1,GBP
ORD116660,24-08-2024,BR86,UAE,Abu Dhabi,CUST7430,PROD756,Tablet,Samsung Galaxy Tab,Apple,1,1501.28,0.17,0.18,1470.35,Net Banking,Online,EMP413,3,1,Express,2,AED
ORD116661,20-12-2024,BR104,India,Mumbai,CUST7465,PROD773,Accessories,Keyboard,Apple,1,281.56,0.13,0.18,289.05,Credit Card,In-Store,EMP793,2,1,Standard,9,AED
ORD116662,03-08-2023,BR92,Germany,Munich,CUST4789,PROD757,TV,Samsung QLED 50,Samsung,5,1980.71,0.27,0.18,8530.92,Credit Card,Online,EMP529,1,0,Same Day,6,INR
ORD116663,19-12-2023,BR40,USA,Dallas,CUST7190,PROD108,Tablet,iPad Air,Samsung,1,1289,0.09,0.18,1384.13,Cash,In-Store,EMP305,3,1,Same Day,8,USD
ORD116664,07-01-2024,BR108,UK,Birmingham,CUST6325,PROD582,TV,Sony Bravia 55,Apple,4,72.88,0.28,0.18,247.68,Cash,Online,EMP947,1,1,Express,10,GBP
ORD116665,11-10-2024,BR72,Germany,Hamburg,CUST2566,PROD780,Accessories,Wireless Mouse,HP,3,357.07,0.19,0.18,1023.86,Net Banking,Online,EMP477,0,0,Same Day,4,GBP
ORD116666,03-04-2023,BR28,USA,New York,CUST8267,PROD822,Laptop,HP Spectre x360,Samsung,2,733.12,0.09,0.18,1574.45,UPI,In-Store,EMP439,3,0,Express,5,USD
ORD116667,22-11-2024,BR11,Germany,Berlin,CUST2575,PROD700,Tablet,Lenovo Tab P11,LG,4,199.23,0.27,0.18,686.47,Credit Card,Online,EMP398,1,0,Standard,7,GBP
ORD116668,21-12-2023,BR54,UAE,Dubai,CUST8898,PROD908,Laptop,Dell XPS 13,OnePlus,4,1895.51,0.23,0.18,6889.04,UPI,Online,EMP259,1,0,Express,10,INR
ORD116669,22-11-2023,BR63,UAE,Abu Dhabi,CUST1876,PROD887,Accessories,Keyboard,LG,2,272.79,0.18,0.18,527.9,Net Banking,In-Store,EMP660,1,0,Standard,8,INR
ORD116670,02-08-2024,BR16,UK,Manchester,CUST1374,PROD720,Tablet,iPad Air,Samsung,1,1088.23,0.25,0.18,963.08,Cash,Online,EMP829,1,1,Same Day,4,AED
ORD116671,29-07-2023,BR72,Germany,Hamburg,CUST1492,PROD166,Accessories,Bluetooth Headphones,OnePlus,5,262.32,0.04,0.18,1485.78,Cash,In-Store,EMP837,1,1,Standard,3,AED
ORD116672,22-05-2023,BR69,India,Pune,CUST8152,PROD538,Laptop,Dell XPS 13,HP,4,86.06,0,0.18,406.2,Net Banking,In-Store,EMP702,0,0,Express,2,GBP
ORD116673,12-10-2024,BR104,Germany,Munich,CUST2718,PROD211,Mobile,OnePlus 11,OnePlus,4,524.67,0.16,0.18,2080.21,Cash,Online,EMP501,3,1,Standard,4,GBP
ORD116674,12-12-2024,BR64,UK,Manchester,CUST8520,PROD245,Accessories,Keyboard,LG,3,1331.13,0.1,0.18,4240.98,Net Banking,In-Store,EMP211,3,1,Same Day,3,EUR
ORD116675,23-10-2024,BR38,USA,Chicago,CUST6641,PROD963,TV,LG OLED 48,Lenovo,5,1371.32,0.19,0.18,6553.54,Cash,Online,EMP460,2,1,Standard,2,GBP
ORD116676,05-08-2023,BR42,UAE,Abu Dhabi,CUST9129,PROD712,Laptop,MacBook Air M2,LG,3,1526.31,0.1,0.18,4862.82,Credit Card,In-Store,EMP937,0,1,Express,3,AED
ORD116677,25-11-2024,BR117,USA,New York,CUST8509,PROD639,Accessories,Wireless Mouse,Samsung,1,491.21,0.26,0.18,428.92,Cash,In-Store,EMP909,1,0,Express,8,USD
ORD116678,03-01-2024,BR34,India,Delhi,CUST5529,PROD910,Tablet,Lenovo Tab P11,OnePlus,2,1499.34,0.12,0.18,3113.83,Cash,In-Store,EMP821,2,1,Express,9,EUR
ORD116679,03-01-2024,BR97,USA,Dallas,CUST3302,PROD437,Accessories,Wireless Mouse,Sony,1,789.06,0.02,0.18,912.47,Net Banking,Online,EMP974,3,1,Standard,10,GBP
ORD116680,11-11-2023,BR94,UAE,Dubai,CUST4639,PROD106,Tablet,Lenovo Tab P11,Apple,3,261.53,0.15,0.18,786.94,Net Banking,In-Store,EMP775,2,1,Standard,6,AED
ORD116681,15-10-2023,BR106,USA,Dallas,CUST9225,PROD373,Tablet,iPad Air,OnePlus,5,779.45,0.04,0.18,4414.8,Debit Card,Online,EMP492,3,0,Standard,4,USD
ORD116682,24-07-2023,BR44,UAE,Dubai,CUST8065,PROD306,Accessories,Keyboard,Apple,3,1402.13,0.28,0.18,3573.75,Debit Card,Online,EMP757,0,0,Express,2,AED
ORD116683,02-11-2023,BR18,UK,Birmingham,CUST2491,PROD657,Laptop,MacBook Air M2,Apple,3,1398.46,0.18,0.18,4059.45,Cash,Online,EMP262,0,1,Standard,7,USD
ORD116684,22-03-2023,BR7,USA,New York,CUST8821,PROD163,Laptop,HP Spectre x360,OnePlus,5,156.77,0.03,0.18,897.19,Credit Card,In-Store,EMP966,3,0,Express,7,INR
ORD116685,02-07-2023,BR13,UAE,Abu Dhabi,CUST2116,PROD753,Tablet,iPad Air,Samsung,3,1286.43,0.29,0.18,3233.31,UPI,In-Store,EMP965,1,0,Express,8,USD
ORD116686,27-05-2023,BR82,UK,London,CUST3015,PROD601,Accessories,Keyboard,Apple,3,286.12,0.07,0.18,941.96,UPI,Online,EMP205,1,0,Express,2,USD
ORD116687,14-05-2023,BR25,UAE,Dubai,CUST3172,PROD715,Mobile,iPhone 14,HP,2,1285.97,0.12,0.18,2670.7,UPI,In-Store,EMP930,0,0,Same Day,8,INR
ORD116688,09-03-2023,BR34,UK,Birmingham,CUST8408,PROD353,Tablet,Samsung Galaxy Tab,LG,4,474.69,0.09,0.18,2038.89,Debit Card,In-Store,EMP248,0,0,Same Day,4,INR
ORD116689,22-08-2024,BR107,UAE,Dubai,CUST7252,PROD960,Tablet,iPad Air,HP,3,280.74,0.05,0.18,944.13,Debit Card,Online,EMP963,3,1,Express,4,AED
ORD116690,18-06-2023,BR43,UK,Manchester,CUST5576,PROD799,Accessories,Bluetooth Headphones,Samsung,5,279.61,0.19,0.18,1336.26,Debit Card,In-Store,EMP428,0,1,Express,7,INR
ORD116691,24-03-2023,BR50,UAE,Abu Dhabi,CUST5109,PROD245,TV,Samsung QLED 50,HP,5,765.66,0.15,0.18,3839.78,Debit Card,Online,EMP672,0,0,Express,3,GBP
ORD116692,24-12-2024,BR27,USA,Dallas,CUST7252,PROD495,TV,LG OLED 48,Apple,2,694.13,0.25,0.18,1228.61,Net Banking,Online,EMP350,1,0,Same Day,1,INR
ORD116693,02-11-2024,BR75,India,Mumbai,CUST8128,PROD116,TV,Samsung QLED 50,HP,1,839.18,0.02,0.18,970.43,Net Banking,Online,EMP544,0,0,Standard,8,INR
ORD116694,19-06-2023,BR18,USA,Chicago,CUST1047,PROD541,Mobile,iPhone 14,LG,1,1316.96,0.01,0.18,1538.47,Cash,Online,EMP650,1,0,Standard,1,USD
ORD116695,20-11-2024,BR75,UAE,Dubai,CUST7444,PROD586,Mobile,Samsung Galaxy S23,Apple,3,709.34,0.21,0.18,1983.74,UPI,Online,EMP373,1,1,Express,2,EUR
ORD116696,20-05-2023,BR59,UAE,Dubai,CUST8160,PROD957,TV,LG OLED 48,HP,4,254.18,0.28,0.18,863.81,Net Banking,Online,EMP760,0,0,Same Day,6,EUR
ORD116697,20-10-2024,BR19,Germany,Munich,CUST5692,PROD872,Tablet,Lenovo Tab P11,Apple,5,1451.87,0.21,0.18,6767.17,UPI,In-Store,EMP687,0,0,Same Day,6,EUR
ORD116698,06-11-2023,BR94,UK,London,CUST2461,PROD261,Mobile,iPhone 14,LG,1,731.55,0.12,0.18,759.64,Net Banking,In-Store,EMP591,0,1,Standard,3,INR
ORD116699,16-05-2023,BR47,USA,New York,CUST9305,PROD598,Laptop,HP Spectre x360,OnePlus,2,831.49,0.04,0.18,1883.82,Credit Card,Online,EMP987,3,1,Same Day,7,USD
ORD116700,23-06-2023,BR12,UAE,Abu Dhabi,CUST2002,PROD455,Mobile,Samsung Galaxy S23,Lenovo,4,905.38,0.21,0.18,3375.98,Credit Card,Online,EMP433,0,1,Express,1,AED
ORD116701,31-12-2024,BR100,USA,Chicago,CUST3913,PROD858,Tablet,iPad Air,Sony,5,1733.3,0.21,0.18,8078.91,Net Banking,Online,EMP738,1,1,Same Day,9,INR
ORD116702,03-02-2023,BR12,UAE,Dubai,CUST8701,PROD841,Accessories,Keyboard,LG,2,1212.59,0.05,0.18,2718.63,UPI,Online,EMP608,2,0,Same Day,8,INR
ORD116703,20-03-2023,BR80,UK,Manchester,CUST6969,PROD717,Mobile,OnePlus 11,Dell,3,1119.69,0.09,0.18,3606.97,UPI,Online,EMP976,0,0,Express,3,AED
ORD116704,05-03-2024,BR50,UAE,Abu Dhabi,CUST6519,PROD761,Accessories,Bluetooth Headphones,Lenovo,3,1656.21,0.28,0.18,4221.35,UPI,Online,EMP273,2,0,Standard,3,USD
ORD116705,09-08-2023,BR11,Germany,Berlin,CUST4414,PROD914,TV,Samsung QLED 50,Lenovo,4,1919.48,0.29,0.18,6432.56,Cash,In-Store,EMP699,2,1,Standard,1,GBP
ORD116706,15-12-2023,BR51,India,Delhi,CUST4703,PROD677,Laptop,MacBook Air M2,Sony,5,1688.81,0.16,0.18,8369.74,Cash,Online,EMP850,3,1,Standard,5,USD
ORD116707,04-10-2024,BR26,UAE,Dubai,CUST2213,PROD238,Accessories,Bluetooth Headphones,OnePlus,1,1813.6,0.27,0.18,1562.24,UPI,Online,EMP925,0,0,Same Day,7,INR
ORD116708,11-06-2023,BR100,Germany,Berlin,CUST4254,PROD496,Laptop,MacBook Air M2,Apple,4,868.33,0.02,0.18,4016.55,Net Banking,Online,EMP996,2,1,Standard,2,USD
ORD116709,01-07-2024,BR35,USA,Chicago,CUST1276,PROD475,Laptop,Dell XPS 13,Apple,1,1503.56,0.23,0.18,1366.13,Debit Card,Online,EMP745,2,1,Express,2,USD
ORD116710,08-07-2023,BR34,UK,Birmingham,CUST8124,PROD180,TV,LG OLED 48,OnePlus,2,723.73,0.12,0.18,1503.04,UPI,In-Store,EMP366,1,1,Same Day,9,EUR
ORD116711,23-05-2023,BR95,UK,Birmingham,CUST9198,PROD472,Tablet,iPad Air,Sony,3,1710.08,0.3,0.18,4237.58,Debit Card,In-Store,EMP893,3,0,Express,7,INR
ORD116712,14-04-2024,BR24,UK,London,CUST8523,PROD415,Mobile,Samsung Galaxy S23,Apple,2,938.26,0.17,0.18,1837.86,Net Banking,In-Store,EMP848,3,1,Same Day,10,AED
ORD116713,25-02-2023,BR58,UK,London,CUST4461,PROD270,Accessories,Bluetooth Headphones,HP,3,668.85,0,0.18,2367.73,Cash,In-Store,EMP234,0,1,Standard,1,AED
ORD116714,23-06-2024,BR6,Germany,Munich,CUST6355,PROD127,Accessories,Bluetooth Headphones,Samsung,5,1146.91,0.01,0.18,6699.1,Debit Card,Online,EMP605,1,1,Standard,4,INR
ORD116715,09-12-2023,BR22,Germany,Berlin,CUST9721,PROD447,TV,Samsung QLED 50,Apple,1,187.16,0.29,0.18,156.8,Debit Card,In-Store,EMP215,3,1,Standard,9,EUR
ORD116716,30-05-2024,BR31,USA,Dallas,CUST7355,PROD829,Accessories,Wireless Mouse,Sony,1,685.46,0.19,0.18,655.16,Cash,In-Store,EMP727,2,0,Same Day,9,GBP
ORD116717,25-10-2023,BR67,USA,Chicago,CUST1942,PROD624,Accessories,Keyboard,LG,3,643.07,0.07,0.18,2117.12,Credit Card,Online,EMP209,0,1,Express,4,INR
ORD116718,11-10-2023,BR85,UAE,Dubai,CUST7097,PROD884,Accessories,Wireless Mouse,Lenovo,5,1419.57,0.16,0.18,7035.39,Debit Card,Online,EMP472,1,1,Express,5,EUR
ORD116719,24-01-2023,BR90,UAE,Abu Dhabi,CUST5812,PROD377,Tablet,Samsung Galaxy Tab,OnePlus,3,1000.5,0.16,0.18,2975.09,UPI,In-Store,EMP831,3,0,Express,2,AED
ORD116720,01-02-2024,BR86,UAE,Dubai,CUST3049,PROD966,TV,Samsung QLED 50,LG,5,1997.75,0.21,0.18,9311.51,Credit Card,Online,EMP264,3,1,Standard,7,INR
ORD116721,17-07-2024,BR33,UK,Manchester,CUST1587,PROD476,Tablet,Samsung Galaxy Tab,LG,3,1419.24,0.17,0.18,4170.01,Debit Card,Online,EMP873,1,1,Same Day,5,USD
ORD116722,03-09-2023,BR42,USA,Chicago,CUST8580,PROD603,Laptop,MacBook Air M2,Dell,3,562.64,0.11,0.18,1772.65,Credit Card,Online,EMP820,0,0,Same Day,1,EUR
ORD116723,26-02-2024,BR42,UAE,Dubai,CUST4334,PROD858,Mobile,Samsung Galaxy S23,Dell,2,760.19,0.15,0.18,1524.94,Net Banking,Online,EMP396,1,0,Express,3,EUR
ORD116724,18-03-2023,BR50,UAE,Dubai,CUST3395,PROD505,Accessories,Wireless Mouse,HP,2,879.45,0.1,0.18,1867.95,UPI,In-Store,EMP436,3,1,Express,6,AED
ORD116725,18-03-2023,BR17,USA,Chicago,CUST8681,PROD304,Mobile,iPhone 14,Sony,1,1006.46,0.2,0.18,950.1,Debit Card,In-Store,EMP365,2,1,Standard,1,USD
ORD116726,29-04-2023,BR60,UAE,Dubai,CUST4881,PROD470,Accessories,Keyboard,Dell,4,1600.16,0.24,0.18,5740.09,Net Banking,In-Store,EMP223,3,0,Express,10,USD
ORD116727,28-12-2024,BR97,USA,New York,CUST1753,PROD495,Mobile,OnePlus 11,Samsung,2,360.35,0.1,0.18,765.38,Debit Card,In-Store,EMP371,0,1,Express,9,EUR
ORD116728,21-10-2024,BR56,UK,Manchester,CUST2299,PROD340,Mobile,Samsung Galaxy S23,Apple,5,481.68,0.18,0.18,2330.37,Net Banking,In-Store,EMP496,0,1,Same Day,3,USD
ORD116729,02-05-2023,BR54,UAE,Dubai,CUST4903,PROD727,TV,LG OLED 48,Lenovo,3,1480.35,0.29,0.18,3720.71,Net Banking,Online,EMP707,1,1,Same Day,4,EUR
ORD116730,18-04-2024,BR67,Germany,Munich,CUST7597,PROD407,TV,Samsung QLED 50,Samsung,3,126,0.23,0.18,343.45,UPI,In-Store,EMP329,2,0,Standard,9,USD
ORD116731,10-04-2024,BR29,UAE,Abu Dhabi,CUST2082,PROD553,TV,LG OLED 48,LG,2,782.82,0.18,0.18,1514.91,Net Banking,In-Store,EMP228,3,1,Express,6,USD
ORD116732,27-03-2023,BR50,UK,London,CUST4120,PROD566,Tablet,Lenovo Tab P11,LG,4,761.6,0.13,0.18,3127.43,UPI,Online,EMP447,3,0,Same Day,10,EUR
ORD116733,02-10-2024,BR117,USA,Los Angeles,CUST3188,PROD888,Laptop,Dell XPS 13,OnePlus,2,1747.17,0.02,0.18,4040.85,UPI,Online,EMP867,3,0,Standard,6,EUR
ORD116734,12-09-2024,BR94,UAE,Dubai,CUST9549,PROD473,Mobile,iPhone 14,LG,3,458.87,0.25,0.18,1218.3,Debit Card,In-Store,EMP741,2,0,Same Day,2,EUR
ORD116735,07-05-2024,BR6,USA,Los Angeles,CUST7744,PROD643,Tablet,Samsung Galaxy Tab,Sony,3,1737.27,0.1,0.18,5534.94,Net Banking,Online,EMP955,0,1,Standard,3,USD
ORD116736,29-07-2023,BR48,Germany,Hamburg,CUST6907,PROD118,Tablet,iPad Air,LG,1,1449.37,0.17,0.18,1419.51,UPI,In-Store,EMP423,0,0,Express,2,EUR
ORD116737,13-12-2023,BR33,Germany,Berlin,CUST3873,PROD267,TV,Sony Bravia 55,HP,4,1153.82,0.08,0.18,5010.35,Debit Card,Online,EMP315,1,1,Express,4,EUR
ORD116738,21-11-2024,BR35,India,Pune,CUST5500,PROD238,Mobile,Samsung Galaxy S23,Lenovo,4,1585.94,0.19,0.18,6063.37,Debit Card,In-Store,EMP628,0,0,Express,5,EUR
ORD116739,16-11-2023,BR78,Germany,Munich,CUST8044,PROD799,TV,Samsung QLED 50,Samsung,5,1276.53,0.07,0.18,7004.32,Cash,Online,EMP214,2,1,Same Day,9,AED
ORD116740,12-09-2023,BR81,India,Pune,CUST5307,PROD977,Accessories,Wireless Mouse,HP,5,1169.09,0.22,0.18,5380.15,Cash,In-Store,EMP975,0,1,Same Day,8,AED
ORD116741,01-11-2024,BR103,UAE,Dubai,CUST9214,PROD534,Accessories,Wireless Mouse,Sony,4,1972.29,0.17,0.18,7726.64,Credit Card,Online,EMP624,2,0,Express,5,USD
ORD116742,01-08-2023,BR105,UK,London,CUST2202,PROD543,TV,LG OLED 48,Lenovo,1,1645.79,0.3,0.18,1359.42,Credit Card,Online,EMP387,3,1,Same Day,9,AED
ORD116743,09-03-2024,BR55,India,Mumbai,CUST5174,PROD317,Accessories,Wireless Mouse,Samsung,5,1814.79,0.12,0.18,9422.39,Debit Card,In-Store,EMP637,3,0,Express,4,USD
ORD116744,01-08-2023,BR34,USA,Chicago,CUST2221,PROD573,Tablet,Samsung Galaxy Tab,HP,1,1006,0.23,0.18,914.05,Net Banking,In-Store,EMP276,0,1,Standard,7,AED
ORD116745,03-04-2024,BR15,UAE,Abu Dhabi,CUST5056,PROD222,Accessories,Wireless Mouse,Samsung,4,1630.24,0.12,0.18,6771.36,Credit Card,Online,EMP261,3,0,Express,10,EUR
ORD116746,08-09-2024,BR1,India,Mumbai,CUST3079,PROD766,Tablet,Samsung Galaxy Tab,LG,5,470.52,0.12,0.18,2442.94,Credit Card,Online,EMP959,3,1,Express,1,USD
ORD116747,25-03-2024,BR41,Germany,Berlin,CUST6014,PROD172,TV,LG OLED 48,HP,3,1245.99,0.26,0.18,3264,UPI,Online,EMP569,1,1,Standard,8,GBP
ORD116748,04-04-2024,BR75,India,Mumbai,CUST9380,PROD436,Mobile,iPhone 14,Dell,4,365.69,0.26,0.18,1277.28,Debit Card,In-Store,EMP869,2,0,Same Day,2,GBP
ORD116749,06-07-2023,BR5,Germany,Hamburg,CUST1596,PROD189,TV,LG OLED 48,Samsung,2,1052.84,0.18,0.18,2037.46,Cash,In-Store,EMP580,2,0,Standard,10,EUR
ORD116750,14-12-2023,BR30,UK,London,CUST7362,PROD577,Mobile,Samsung Galaxy S23,OnePlus,1,211.04,0.12,0.18,219.14,Net Banking,Online,EMP591,3,1,Standard,8,USD
ORD116751,09-02-2024,BR107,UK,Manchester,CUST5718,PROD711,TV,Samsung QLED 50,HP,4,1808.12,0.01,0.18,8448.98,Debit Card,In-Store,EMP832,1,1,Same Day,3,EUR
ORD116752,18-03-2023,BR12,UK,Manchester,CUST6774,PROD936,Mobile,iPhone 14,Apple,1,502.45,0.21,0.18,468.38,Credit Card,In-Store,EMP324,1,0,Same Day,10,EUR
ORD116753,25-09-2024,BR48,USA,Chicago,CUST6399,PROD616,Accessories,Bluetooth Headphones,Samsung,2,144.98,0.14,0.18,294.25,UPI,Online,EMP646,1,0,Same Day,8,GBP
ORD116754,17-03-2024,BR55,UK,Birmingham,CUST6977,PROD910,Accessories,Bluetooth Headphones,Sony,1,72.11,0.15,0.18,72.33,Debit Card,In-Store,EMP529,0,1,Same Day,1,USD
ORD116755,23-06-2024,BR76,UAE,Abu Dhabi,CUST5749,PROD921,TV,LG OLED 48,Apple,2,752.31,0.09,0.18,1615.66,UPI,Online,EMP211,1,1,Same Day,8,GBP
ORD116756,27-11-2023,BR51,India,Bangalore,CUST1388,PROD870,Accessories,Bluetooth Headphones,Sony,3,954.25,0.06,0.18,3175.36,Debit Card,In-Store,EMP781,1,1,Standard,1,GBP
ORD116757,25-04-2024,BR96,UK,Birmingham,CUST6887,PROD903,TV,LG OLED 48,HP,4,1739.51,0.16,0.18,6896.81,Debit Card,In-Store,EMP271,2,0,Standard,7,GBP
ORD116758,28-09-2024,BR88,Germany,Berlin,CUST5248,PROD381,Tablet,Samsung Galaxy Tab,LG,2,1592.65,0.15,0.18,3194.86,UPI,Online,EMP296,1,1,Express,7,AED
ORD116759,09-01-2024,BR20,UK,Manchester,CUST9424,PROD422,TV,LG OLED 48,Apple,1,396.77,0.2,0.18,374.55,UPI,Online,EMP464,3,0,Standard,6,EUR
ORD116760,03-06-2024,BR117,UAE,Abu Dhabi,CUST6788,PROD200,Tablet,Lenovo Tab P11,HP,4,1485.76,0.09,0.18,6381.64,Debit Card,In-Store,EMP277,2,0,Express,7,INR
ORD116761,26-04-2024,BR100,USA,New York,CUST5747,PROD677,Tablet,Lenovo Tab P11,OnePlus,2,1411.67,0.17,0.18,2765.18,Credit Card,In-Store,EMP498,0,0,Same Day,1,INR
ORD116762,22-11-2024,BR65,UK,Manchester,CUST6459,PROD676,Tablet,iPad Air,HP,5,1520.33,0.12,0.18,7893.55,Cash,In-Store,EMP201,1,0,Standard,5,AED
ORD116763,29-11-2024,BR34,USA,Chicago,CUST3231,PROD381,Accessories,Keyboard,LG,5,1518.54,0.04,0.18,8601.01,Cash,Online,EMP535,0,1,Same Day,6,AED
ORD116764,12-05-2023,BR116,USA,Chicago,CUST7690,PROD296,Tablet,Lenovo Tab P11,Sony,2,1498.7,0.16,0.18,2971.02,Credit Card,In-Store,EMP725,2,0,Standard,4,INR
ORD116765,08-06-2024,BR96,Germany,Hamburg,CUST5190,PROD636,Mobile,OnePlus 11,Samsung,5,1881.48,0.07,0.18,10323.68,Debit Card,Online,EMP532,0,0,Standard,5,GBP
ORD116766,14-02-2023,BR77,Germany,Hamburg,CUST2888,PROD282,Accessories,Bluetooth Headphones,Dell,4,1582.63,0.07,0.18,6947.11,UPI,In-Store,EMP204,1,0,Standard,2,AED
ORD116767,20-03-2024,BR49,USA,Dallas,CUST9739,PROD346,Accessories,Bluetooth Headphones,Samsung,4,1935.04,0.13,0.18,7946.05,Debit Card,Online,EMP616,1,1,Express,3,INR
ORD116768,19-05-2023,BR49,USA,Chicago,CUST6905,PROD972,Tablet,Lenovo Tab P11,Apple,2,691.11,0.26,0.18,1206.95,Debit Card,In-Store,EMP267,0,1,Standard,9,EUR
ORD116769,14-04-2023,BR52,India,Bangalore,CUST2642,PROD388,Laptop,Dell XPS 13,Apple,2,1175.51,0.26,0.18,2052.91,Credit Card,In-Store,EMP435,1,0,Standard,9,EUR
ORD116770,21-04-2023,BR36,India,Mumbai,CUST3049,PROD745,Tablet,Lenovo Tab P11,Sony,5,1587,0.25,0.18,7022.48,Credit Card,Online,EMP417,3,0,Same Day,3,GBP
ORD116771,30-09-2023,BR28,India,Pune,CUST7047,PROD485,Accessories,Bluetooth Headphones,Apple,1,702.88,0.23,0.18,638.64,Net Banking,In-Store,EMP763,0,1,Same Day,2,GBP
ORD116772,26-09-2023,BR91,Germany,Hamburg,CUST4176,PROD681,Accessories,Wireless Mouse,Apple,1,1340.19,0.07,0.18,1470.72,UPI,Online,EMP810,2,1,Standard,1,USD
ORD116773,27-10-2023,BR5,USA,New York,CUST4136,PROD159,TV,Samsung QLED 50,Apple,2,1652.57,0.28,0.18,2808.05,UPI,Online,EMP509,1,0,Same Day,3,USD
ORD116774,19-09-2024,BR47,India,Pune,CUST7123,PROD128,TV,Samsung QLED 50,Apple,4,61.47,0.03,0.18,281.43,UPI,Online,EMP855,1,0,Standard,10,INR
ORD116775,26-10-2024,BR10,India,Bangalore,CUST5027,PROD740,TV,Samsung QLED 50,Samsung,3,1554.24,0.24,0.18,4181.53,Credit Card,Online,EMP249,2,0,Same Day,3,INR
ORD116776,03-08-2024,BR66,UK,London,CUST2859,PROD630,Accessories,Bluetooth Headphones,Apple,3,1239.08,0.1,0.18,3947.71,Credit Card,In-Store,EMP993,3,1,Standard,6,EUR
ORD116777,28-08-2024,BR45,UAE,Abu Dhabi,CUST2638,PROD987,Laptop,Dell XPS 13,Dell,3,1874.79,0.23,0.18,5110.3,UPI,In-Store,EMP973,3,1,Express,2,AED
ORD116778,11-04-2023,BR4,India,Mumbai,CUST5486,PROD415,Tablet,Lenovo Tab P11,LG,4,1633.65,0.21,0.18,6091.55,Debit Card,Online,EMP727,3,0,Same Day,2,GBP
ORD116779,12-06-2024,BR117,UK,London,CUST5390,PROD679,Mobile,OnePlus 11,LG,1,487.56,0.2,0.18,460.26,Cash,In-Store,EMP560,0,1,Express,1,USD
ORD116780,08-02-2023,BR93,UAE,Abu Dhabi,CUST2755,PROD609,Mobile,iPhone 14,Dell,2,1152.74,0.13,0.18,2366.81,UPI,Online,EMP378,0,0,Standard,7,EUR
ORD116781,17-01-2023,BR78,UAE,Dubai,CUST3613,PROD327,Tablet,iPad Air,Dell,1,217.63,0.03,0.18,249.1,Credit Card,In-Store,EMP527,0,1,Standard,5,USD
ORD116782,19-06-2024,BR97,USA,Dallas,CUST9303,PROD562,TV,Samsung QLED 50,Apple,2,1573.04,0.07,0.18,3452.51,Net Banking,In-Store,EMP684,2,1,Express,7,EUR
ORD116783,20-09-2023,BR107,UAE,Abu Dhabi,CUST7020,PROD473,Tablet,Samsung Galaxy Tab,LG,5,1003.41,0.09,0.18,5387.31,UPI,In-Store,EMP667,1,0,Standard,8,EUR
ORD116784,05-08-2024,BR119,UK,Birmingham,CUST2070,PROD916,Tablet,Samsung Galaxy Tab,Lenovo,5,1556.73,0.05,0.18,8725.47,Cash,In-Store,EMP215,0,0,Standard,5,AED
ORD116785,23-01-2023,BR29,USA,Los Angeles,CUST4795,PROD460,Accessories,Keyboard,Dell,1,1976.26,0.08,0.18,2145.43,Net Banking,In-Store,EMP591,3,1,Standard,4,GBP
ORD116786,05-09-2024,BR86,India,Bangalore,CUST8114,PROD656,Tablet,Samsung Galaxy Tab,Dell,3,757.31,0.2,0.18,2144.7,UPI,Online,EMP265,1,0,Same Day,5,INR
ORD116787,26-06-2024,BR78,India,Pune,CUST3365,PROD670,Tablet,Lenovo Tab P11,OnePlus,2,382.8,0.12,0.18,795,Debit Card,In-Store,EMP672,1,1,Standard,3,AED
ORD116788,20-12-2024,BR67,UK,Manchester,CUST9767,PROD524,Accessories,Bluetooth Headphones,Apple,1,1316.06,0.09,0.18,1413.19,Net Banking,In-Store,EMP433,2,0,Standard,6,INR
ORD116789,31-12-2023,BR103,Germany,Munich,CUST9583,PROD310,Laptop,Dell XPS 13,Lenovo,2,869.46,0.01,0.18,2031.41,Debit Card,Online,EMP276,1,0,Standard,10,GBP
ORD116790,16-07-2024,BR118,Germany,Berlin,CUST6513,PROD930,TV,Samsung QLED 50,Sony,5,206.37,0.05,0.18,1156.7,Debit Card,In-Store,EMP386,0,1,Standard,10,AED
ORD116791,13-07-2023,BR40,UK,London,CUST2933,PROD112,Tablet,iPad Air,Apple,2,734.3,0.08,0.18,1594.31,Net Banking,Online,EMP428,2,1,Express,10,AED
ORD116792,29-09-2024,BR108,UAE,Abu Dhabi,CUST5655,PROD658,Mobile,OnePlus 11,Sony,4,1175.54,0.29,0.18,3939.47,Debit Card,Online,EMP444,1,1,Same Day,9,EUR
ORD116793,15-08-2024,BR99,UAE,Abu Dhabi,CUST5737,PROD662,Tablet,iPad Air,Sony,4,604.68,0.22,0.18,2226.19,Debit Card,Online,EMP296,2,0,Same Day,3,EUR
ORD116794,08-10-2024,BR9,USA,Los Angeles,CUST3067,PROD156,TV,Sony Bravia 55,Sony,5,691.38,0.25,0.18,3059.36,UPI,In-Store,EMP246,0,1,Express,8,AED
ORD116795,06-06-2023,BR7,Germany,Berlin,CUST7695,PROD710,TV,Samsung QLED 50,Lenovo,3,1499.57,0.11,0.18,4724.55,Credit Card,Online,EMP691,1,1,Express,5,INR
ORD116796,13-06-2023,BR101,UAE,Abu Dhabi,CUST7469,PROD955,Accessories,Bluetooth Headphones,Sony,2,319.91,0.28,0.18,543.59,Net Banking,Online,EMP521,2,1,Express,9,GBP
ORD116797,21-08-2024,BR46,UAE,Dubai,CUST9572,PROD496,Tablet,Samsung Galaxy Tab,Sony,1,923.6,0.22,0.18,850.08,Net Banking,In-Store,EMP356,0,1,Standard,1,GBP
ORD116798,22-05-2023,BR18,UK,Birmingham,CUST6556,PROD407,Tablet,Lenovo Tab P11,Lenovo,2,796.74,0.07,0.18,1748.68,Credit Card,In-Store,EMP555,3,1,Express,5,USD
ORD116799,07-06-2023,BR28,UK,London,CUST3792,PROD336,Mobile,Samsung Galaxy S23,HP,3,1715.01,0.3,0.18,4249.79,Cash,In-Store,EMP704,2,0,Same Day,1,GBP
ORD116800,13-01-2024,BR116,Germany,Hamburg,CUST4082,PROD219,Accessories,Wireless Mouse,Sony,3,435.82,0.15,0.18,1311.38,Debit Card,Online,EMP564,3,0,Express,8,USD
ORD116801,10-11-2023,BR100,India,Delhi,CUST4457,PROD396,Laptop,HP Spectre x360,LG,4,1474.87,0.25,0.18,5221.04,Credit Card,In-Store,EMP923,2,0,Standard,8,AED
ORD116802,21-06-2023,BR59,UAE,Dubai,CUST6153,PROD929,Laptop,Dell XPS 13,Dell,5,1239.53,0.12,0.18,6435.64,Net Banking,In-Store,EMP613,0,0,Same Day,6,INR
ORD116803,03-01-2023,BR26,India,Delhi,CUST5951,PROD860,Mobile,Samsung Galaxy S23,HP,4,1093.41,0.29,0.18,3664.24,Net Banking,In-Store,EMP324,0,0,Express,3,INR
ORD116804,25-11-2023,BR112,UAE,Dubai,CUST1434,PROD967,TV,LG OLED 48,Sony,4,936.12,0.17,0.18,3667.34,Net Banking,In-Store,EMP611,0,0,Same Day,6,USD
ORD116805,03-07-2024,BR12,India,Pune,CUST2963,PROD879,TV,Sony Bravia 55,Samsung,3,1523.72,0.28,0.18,3883.66,Debit Card,Online,EMP583,2,0,Same Day,2,USD
ORD116806,16-02-2023,BR12,UK,London,CUST8029,PROD688,Accessories,Wireless Mouse,Apple,2,159.87,0.22,0.18,294.29,Net Banking,Online,EMP923,3,1,Express,10,EUR
ORD116807,01-07-2023,BR23,UAE,Abu Dhabi,CUST8722,PROD218,Mobile,Samsung Galaxy S23,Apple,2,1241.84,0.06,0.18,2754.9,UPI,Online,EMP668,3,1,Standard,5,GBP
ORD116808,01-02-2024,BR47,USA,Los Angeles,CUST2823,PROD379,TV,LG OLED 48,Sony,5,1840.76,0.06,0.18,10208.85,Debit Card,In-Store,EMP853,2,0,Same Day,7,AED
ORD116809,20-03-2023,BR53,UK,Birmingham,CUST5583,PROD935,Tablet,iPad Air,HP,1,871.65,0.23,0.18,791.98,Cash,In-Store,EMP362,2,0,Express,6,INR
ORD116810,05-06-2024,BR108,Germany,Berlin,CUST6443,PROD258,Tablet,iPad Air,HP,5,1210.8,0.1,0.18,6429.35,Credit Card,In-Store,EMP381,3,0,Standard,7,GBP
ORD116811,31-01-2023,BR96,USA,Los Angeles,CUST1085,PROD467,Mobile,iPhone 14,Samsung,5,1925.33,0.15,0.18,9655.53,Cash,Online,EMP341,0,0,Express,8,AED
ORD116812,05-01-2024,BR55,USA,Los Angeles,CUST2896,PROD487,Laptop,MacBook Air M2,Apple,1,542.13,0.16,0.18,537.36,UPI,In-Store,EMP941,1,1,Express,8,INR
ORD116813,23-11-2023,BR77,UAE,Dubai,CUST8279,PROD962,Laptop,Dell XPS 13,Sony,2,1030.07,0.19,0.18,1969.08,Debit Card,Online,EMP354,0,1,Express,9,USD
ORD116814,14-12-2023,BR90,UK,Birmingham,CUST2780,PROD956,Mobile,OnePlus 11,Samsung,3,818.42,0.28,0.18,2085.99,Credit Card,In-Store,EMP945,1,0,Standard,2,GBP
ORD116815,08-12-2023,BR81,UAE,Dubai,CUST4652,PROD136,Mobile,Samsung Galaxy S23,Apple,4,503.04,0.19,0.18,1923.22,Credit Card,In-Store,EMP248,1,1,Standard,5,GBP
ORD116816,15-11-2024,BR57,UK,London,CUST1850,PROD619,Laptop,Dell XPS 13,Dell,5,1826.05,0.08,0.18,9911.8,Debit Card,Online,EMP919,0,1,Standard,7,USD
ORD116817,04-02-2024,BR56,India,Delhi,CUST9144,PROD382,Accessories,Bluetooth Headphones,Lenovo,2,1052.21,0.13,0.18,2160.4,UPI,Online,EMP871,3,0,Same Day,5,INR
ORD116818,04-12-2024,BR105,Germany,Munich,CUST2671,PROD719,TV,Sony Bravia 55,Apple,5,1562.78,0.1,0.18,8298.36,Debit Card,In-Store,EMP499,0,0,Express,4,AED
ORD116819,09-03-2023,BR46,UAE,Abu Dhabi,CUST5404,PROD972,Accessories,Keyboard,OnePlus,1,945.54,0.14,0.18,959.53,Credit Card,Online,EMP402,1,1,Standard,3,GBP
ORD116820,18-04-2024,BR74,UK,Birmingham,CUST8681,PROD306,Mobile,Samsung Galaxy S23,Lenovo,2,1891,0.09,0.18,4061.11,Net Banking,In-Store,EMP313,1,0,Same Day,4,EUR
ORD116821,11-05-2024,BR24,UAE,Abu Dhabi,CUST7782,PROD152,Laptop,MacBook Air M2,LG,3,1000.13,0.02,0.18,3469.65,UPI,Online,EMP509,2,1,Express,2,AED
ORD116822,06-09-2024,BR76,Germany,Berlin,CUST5969,PROD776,Accessories,Keyboard,Dell,4,261.71,0.1,0.18,1111.74,Credit Card,Online,EMP963,0,0,Express,1,EUR
ORD116823,26-02-2024,BR63,Germany,Munich,CUST9593,PROD518,Tablet,iPad Air,Sony,1,271.88,0.3,0.18,224.57,Credit Card,In-Store,EMP238,2,0,Same Day,4,USD
ORD116824,19-08-2024,BR119,USA,New York,CUST2934,PROD896,Mobile,iPhone 14,LG,4,1187.36,0.17,0.18,4651.6,UPI,In-Store,EMP756,3,0,Standard,9,EUR
ORD116825,24-12-2023,BR85,UAE,Abu Dhabi,CUST7289,PROD631,Tablet,Samsung Galaxy Tab,HP,1,172.69,0.01,0.18,201.74,Credit Card,Online,EMP629,1,1,Same Day,7,INR
ORD116826,20-05-2024,BR76,USA,New York,CUST1004,PROD251,Tablet,iPad Air,Sony,5,579.81,0.08,0.18,3147.21,Net Banking,Online,EMP631,1,0,Standard,5,INR
ORD116827,24-11-2024,BR73,UK,London,CUST9096,PROD411,Accessories,Keyboard,Samsung,2,218.72,0,0.18,516.18,Cash,Online,EMP583,0,1,Express,10,INR
ORD116828,09-02-2024,BR86,UK,Manchester,CUST8155,PROD642,Laptop,Dell XPS 13,Sony,5,1060.74,0.25,0.18,4693.77,Credit Card,Online,EMP356,3,1,Standard,10,USD
ORD116829,08-06-2023,BR58,UK,Birmingham,CUST1393,PROD558,Accessories,Bluetooth Headphones,LG,2,1915.49,0.13,0.18,3932.88,Net Banking,Online,EMP280,1,1,Same Day,6,AED
ORD116830,30-06-2024,BR117,Germany,Munich,CUST5999,PROD958,TV,LG OLED 48,LG,4,1266.49,0.05,0.18,5678.94,UPI,In-Store,EMP619,1,0,Same Day,8,USD
ORD116831,14-11-2024,BR27,UK,Birmingham,CUST4202,PROD201,TV,Samsung QLED 50,OnePlus,1,653.46,0.03,0.18,747.95,Credit Card,Online,EMP761,0,0,Express,2,USD
ORD116832,24-11-2024,BR112,Germany,Munich,CUST5755,PROD969,Laptop,MacBook Air M2,OnePlus,3,148.47,0.15,0.18,446.75,Net Banking,Online,EMP953,2,0,Express,6,INR
ORD116833,29-05-2024,BR11,India,Pune,CUST6106,PROD618,Mobile,OnePlus 11,LG,2,1260.47,0.04,0.18,2855.72,Net Banking,Online,EMP436,1,1,Same Day,6,GBP
ORD116834,21-10-2023,BR82,UK,Manchester,CUST9038,PROD926,Laptop,Dell XPS 13,Lenovo,1,1975.34,0.15,0.18,1981.27,UPI,In-Store,EMP544,2,1,Express,9,AED
ORD116835,09-12-2024,BR80,Germany,Munich,CUST2731,PROD501,Laptop,HP Spectre x360,HP,1,52.43,0.06,0.18,58.16,Debit Card,Online,EMP404,2,0,Same Day,9,USD
ORD116836,18-05-2024,BR79,India,Mumbai,CUST1996,PROD895,Tablet,iPad Air,Lenovo,5,1763.42,0.07,0.18,9675.89,Debit Card,In-Store,EMP286,0,1,Express,4,EUR
ORD116837,02-07-2024,BR23,UK,Manchester,CUST6292,PROD883,TV,Sony Bravia 55,HP,3,774.2,0.21,0.18,2165.13,Cash,In-Store,EMP748,1,0,Standard,7,USD
ORD116838,07-12-2023,BR20,UK,London,CUST7799,PROD156,Tablet,Lenovo Tab P11,Sony,1,493.58,0.27,0.18,425.17,Net Banking,Online,EMP592,3,1,Express,5,EUR
ORD116839,21-07-2024,BR8,Germany,Munich,CUST6498,PROD837,Mobile,iPhone 14,Samsung,5,1180.42,0.12,0.18,6128.74,UPI,Online,EMP224,2,0,Same Day,8,USD
ORD116840,17-04-2024,BR42,India,Mumbai,CUST4582,PROD154,Accessories,Bluetooth Headphones,Apple,5,1035.31,0,0.18,6108.33,Debit Card,Online,EMP469,1,0,Express,7,INR
ORD116841,16-02-2024,BR40,Germany,Berlin,CUST1068,PROD336,Tablet,Samsung Galaxy Tab,Apple,1,1622.66,0.09,0.18,1742.41,Debit Card,Online,EMP981,2,1,Express,4,EUR
ORD116842,31-03-2024,BR32,Germany,Hamburg,CUST5694,PROD817,Tablet,Lenovo Tab P11,Apple,3,574.39,0.2,0.18,1626.67,Credit Card,Online,EMP329,2,1,Same Day,7,GBP
ORD116843,23-05-2024,BR96,UAE,Abu Dhabi,CUST9416,PROD395,Mobile,iPhone 14,Lenovo,2,1716.48,0.15,0.18,3443.26,Net Banking,In-Store,EMP758,2,1,Express,9,GBP
ORD116844,16-04-2024,BR34,USA,New York,CUST1198,PROD702,Tablet,Samsung Galaxy Tab,HP,5,1515.42,0.19,0.18,7242.19,Net Banking,Online,EMP204,2,1,Same Day,5,AED
ORD116845,08-02-2023,BR36,UK,Manchester,CUST3443,PROD471,Mobile,iPhone 14,Lenovo,3,1641.01,0.05,0.18,5518.72,Debit Card,Online,EMP462,0,0,Same Day,3,EUR
ORD116846,11-06-2024,BR40,Germany,Berlin,CUST5442,PROD493,TV,Samsung QLED 50,Apple,1,912.14,0.07,0.18,1000.98,Cash,Online,EMP942,0,1,Express,10,EUR
ORD116847,12-09-2024,BR119,USA,Dallas,CUST2628,PROD300,Mobile,iPhone 14,Sony,3,1247.97,0.01,0.18,4373.64,Net Banking,Online,EMP385,0,0,Express,4,EUR
ORD116848,30-06-2023,BR39,India,Delhi,CUST9384,PROD147,TV,Sony Bravia 55,Samsung,4,268.74,0.03,0.18,1230.4,Credit Card,In-Store,EMP879,1,1,Standard,8,USD
ORD116849,14-10-2023,BR118,UK,Birmingham,CUST8900,PROD418,TV,LG OLED 48,Sony,5,1830.89,0.19,0.18,8749.82,UPI,Online,EMP674,2,1,Same Day,10,GBP
ORD116850,01-01-2023,BR4,UAE,Abu Dhabi,CUST6749,PROD951,Laptop,Dell XPS 13,HP,1,1957.9,0.18,0.18,1894.46,Cash,Online,EMP895,2,0,Same Day,2,AED
ORD116851,16-11-2024,BR101,Germany,Munich,CUST4772,PROD988,Laptop,HP Spectre x360,Sony,1,287.29,0.27,0.18,247.47,Net Banking,In-Store,EMP871,3,1,Same Day,7,USD
ORD116852,16-07-2023,BR76,USA,Chicago,CUST2528,PROD229,Accessories,Wireless Mouse,Lenovo,1,1079.36,0.07,0.18,1184.49,Cash,Online,EMP997,1,1,Standard,4,INR
ORD116853,27-05-2023,BR118,USA,Los Angeles,CUST1838,PROD280,Accessories,Bluetooth Headphones,LG,3,1539.09,0.08,0.18,5012.51,Net Banking,Online,EMP486,0,1,Standard,5,GBP
ORD116854,06-08-2024,BR1,USA,Dallas,CUST2260,PROD544,Accessories,Wireless Mouse,Apple,1,1846.88,0.28,0.18,1569.11,Debit Card,Online,EMP778,3,1,Express,4,EUR
ORD116855,25-09-2023,BR24,UK,Birmingham,CUST5107,PROD691,Mobile,OnePlus 11,HP,4,974.12,0.24,0.18,3494.36,Cash,In-Store,EMP662,2,0,Express,5,GBP
ORD116856,28-01-2023,BR90,India,Delhi,CUST1969,PROD276,Mobile,iPhone 14,Samsung,3,852.85,0.19,0.18,2445.46,Debit Card,In-Store,EMP863,1,1,Express,3,GBP
ORD116857,12-06-2024,BR110,Germany,Berlin,CUST3310,PROD144,Accessories,Keyboard,Samsung,2,60.11,0.22,0.18,110.65,Debit Card,Online,EMP718,3,0,Express,10,USD
ORD116858,18-07-2023,BR107,Germany,Munich,CUST9887,PROD134,Accessories,Bluetooth Headphones,Samsung,2,1425.68,0.19,0.18,2725.33,Credit Card,In-Store,EMP306,1,0,Same Day,4,AED
ORD116859,29-06-2023,BR25,UK,Manchester,CUST3353,PROD276,Laptop,MacBook Air M2,Samsung,3,313.2,0,0.18,1108.73,Cash,In-Store,EMP559,2,1,Express,9,EUR
ORD116860,23-02-2023,BR100,UK,Manchester,CUST4461,PROD298,TV,LG OLED 48,OnePlus,3,1796.42,0.2,0.18,5087.46,Net Banking,In-Store,EMP743,2,1,Standard,4,AED
ORD116861,23-08-2024,BR3,India,Pune,CUST9171,PROD120,Accessories,Bluetooth Headphones,LG,5,886.43,0.28,0.18,3765.55,Net Banking,Online,EMP239,1,0,Standard,1,INR
ORD116862,18-07-2023,BR112,India,Mumbai,CUST5106,PROD500,Accessories,Keyboard,HP,3,206.89,0.05,0.18,695.77,Net Banking,In-Store,EMP794,1,1,Express,2,EUR
ORD116863,03-03-2023,BR69,UK,Manchester,CUST4867,PROD971,Tablet,iPad Air,Lenovo,5,1116.85,0.14,0.18,5666.9,UPI,In-Store,EMP683,2,0,Standard,6,INR
ORD116864,15-08-2023,BR26,UAE,Dubai,CUST9017,PROD137,Laptop,MacBook Air M2,Samsung,1,534.57,0.16,0.18,529.87,Credit Card,In-Store,EMP345,1,1,Standard,1,INR
ORD116865,30-11-2023,BR24,Germany,Munich,CUST9452,PROD992,TV,Samsung QLED 50,Dell,1,1362.47,0.05,0.18,1527.33,Net Banking,In-Store,EMP980,0,0,Same Day,2,USD
ORD116866,17-07-2023,BR112,UK,Manchester,CUST6259,PROD158,Accessories,Bluetooth Headphones,Apple,3,263.9,0.14,0.18,803.42,Debit Card,Online,EMP905,0,1,Same Day,4,AED
ORD116867,07-07-2024,BR14,India,Delhi,CUST5505,PROD247,Mobile,Samsung Galaxy S23,Samsung,2,590.81,0.14,0.18,1199.11,Debit Card,In-Store,EMP257,3,1,Same Day,6,EUR
ORD116868,25-06-2024,BR105,UK,Birmingham,CUST1870,PROD591,Accessories,Wireless Mouse,OnePlus,2,1124.07,0.1,0.18,2387.52,Debit Card,In-Store,EMP964,3,1,Standard,6,EUR
ORD116869,01-08-2024,BR117,India,Delhi,CUST5776,PROD454,Mobile,OnePlus 11,OnePlus,2,625.05,0.21,0.18,1165.34,UPI,In-Store,EMP658,3,0,Standard,6,AED
ORD116870,16-03-2023,BR31,USA,New York,CUST4665,PROD827,TV,LG OLED 48,Lenovo,1,85.19,0.26,0.18,74.39,Debit Card,Online,EMP771,0,0,Standard,9,AED
ORD116871,04-09-2024,BR108,UAE,Abu Dhabi,CUST6996,PROD597,TV,LG OLED 48,Dell,3,1002.06,0.22,0.18,2766.89,Net Banking,Online,EMP340,0,0,Standard,8,GBP
ORD116872,14-06-2024,BR46,UAE,Dubai,CUST2678,PROD990,Mobile,iPhone 14,Apple,1,1605.48,0.13,0.18,1648.19,Cash,Online,EMP873,1,1,Standard,9,GBP
ORD116873,11-05-2024,BR116,USA,Los Angeles,CUST5955,PROD908,Accessories,Keyboard,Apple,1,729.55,0.26,0.18,637.04,UPI,In-Store,EMP867,0,1,Standard,3,USD
ORD116874,09-11-2024,BR65,USA,Dallas,CUST4214,PROD599,Accessories,Keyboard,OnePlus,2,403.79,0.11,0.18,848.12,Debit Card,In-Store,EMP768,3,0,Same Day,3,USD
ORD116875,09-09-2024,BR50,UAE,Dubai,CUST6588,PROD453,Accessories,Bluetooth Headphones,OnePlus,2,287.86,0.29,0.18,482.34,Net Banking,In-Store,EMP291,1,0,Same Day,7,AED
ORD116876,23-02-2023,BR10,USA,Dallas,CUST1945,PROD782,TV,LG OLED 48,LG,1,1195.48,0.05,0.18,1340.13,Credit Card,Online,EMP318,1,0,Same Day,7,AED
ORD116877,10-08-2024,BR96,UK,Birmingham,CUST5554,PROD357,TV,Samsung QLED 50,Samsung,1,208.29,0.07,0.18,228.58,Cash,Online,EMP536,1,0,Standard,1,GBP
ORD116878,28-12-2024,BR58,Germany,Berlin,CUST9239,PROD856,Tablet,Samsung Galaxy Tab,HP,4,575.8,0.23,0.18,2092.69,Debit Card,In-Store,EMP852,1,1,Express,6,INR
ORD116879,09-08-2024,BR107,UK,London,CUST4083,PROD462,Tablet,iPad Air,Apple,4,1790.99,0.05,0.18,8030.8,Debit Card,In-Store,EMP305,2,1,Standard,6,AED
ORD116880,09-04-2024,BR74,Germany,Hamburg,CUST2172,PROD741,Mobile,iPhone 14,Lenovo,2,201.68,0.13,0.18,414.09,Credit Card,In-Store,EMP227,1,0,Express,4,EUR
ORD116881,28-03-2023,BR21,UAE,Dubai,CUST8455,PROD236,Laptop,Dell XPS 13,LG,1,1700.29,0.2,0.18,1605.07,Net Banking,Online,EMP665,0,1,Same Day,3,EUR
ORD116882,07-11-2024,BR84,India,Delhi,CUST7111,PROD477,TV,Samsung QLED 50,Sony,3,1713.36,0.06,0.18,5701.38,Debit Card,In-Store,EMP530,1,1,Same Day,1,INR
ORD116883,04-04-2024,BR22,India,Pune,CUST6819,PROD639,Mobile,iPhone 14,Samsung,5,782.04,0.02,0.18,4521.76,Debit Card,Online,EMP380,1,1,Same Day,10,USD
ORD116884,21-02-2024,BR37,Germany,Munich,CUST9904,PROD719,Laptop,HP Spectre x360,Dell,5,1773.49,0.02,0.18,10254.32,Debit Card,In-Store,EMP936,2,1,Standard,10,INR
ORD116885,03-08-2023,BR67,UAE,Dubai,CUST6112,PROD721,Accessories,Keyboard,Samsung,5,383.01,0.13,0.18,1965.99,Cash,Online,EMP563,3,0,Standard,8,USD
ORD116886,27-01-2023,BR37,USA,Chicago,CUST5523,PROD793,TV,Samsung QLED 50,Apple,4,191.11,0.18,0.18,739.67,Debit Card,Online,EMP892,1,0,Same Day,1,GBP
ORD116887,12-07-2023,BR58,UK,London,CUST8769,PROD292,Laptop,MacBook Air M2,OnePlus,2,1343.6,0.06,0.18,2980.64,Cash,In-Store,EMP464,1,0,Express,7,USD
ORD116888,14-06-2023,BR64,Germany,Munich,CUST3636,PROD874,Accessories,Bluetooth Headphones,LG,5,988.54,0.19,0.18,4724.23,Cash,Online,EMP515,3,1,Standard,9,USD
ORD116889,02-06-2023,BR89,India,Pune,CUST4710,PROD311,Mobile,Samsung Galaxy S23,Apple,3,1443.03,0.25,0.18,3831.24,Credit Card,Online,EMP737,0,1,Express,2,USD
ORD116890,01-08-2023,BR6,UK,Birmingham,CUST7470,PROD546,Laptop,HP Spectre x360,Apple,1,405.15,0.19,0.18,387.24,UPI,Online,EMP754,0,1,Express,9,EUR
ORD116891,09-07-2024,BR33,India,Pune,CUST1135,PROD157,Mobile,Samsung Galaxy S23,HP,1,523.11,0.04,0.18,592.58,Net Banking,Online,EMP730,0,1,Same Day,8,INR
ORD116892,14-03-2023,BR92,India,Pune,CUST1246,PROD508,Accessories,Wireless Mouse,Apple,2,746.87,0.15,0.18,1498.22,Cash,Online,EMP765,1,1,Express,3,GBP
ORD116893,27-02-2023,BR65,India,Pune,CUST3267,PROD118,Accessories,Bluetooth Headphones,Samsung,2,703.73,0.01,0.18,1644.19,Credit Card,In-Store,EMP411,3,0,Express,3,INR
ORD116894,06-08-2023,BR39,USA,New York,CUST3169,PROD176,Mobile,Samsung Galaxy S23,HP,1,1330.49,0.04,0.18,1507.18,Debit Card,Online,EMP697,3,1,Express,10,AED
ORD116895,02-01-2023,BR23,UAE,Dubai,CUST2048,PROD277,Accessories,Wireless Mouse,Apple,3,809.75,0.01,0.18,2837.85,UPI,In-Store,EMP342,3,1,Standard,2,EUR
ORD116896,16-11-2024,BR6,Germany,Berlin,CUST7968,PROD411,Tablet,Lenovo Tab P11,Dell,4,1732.08,0.06,0.18,7684.89,Credit Card,In-Store,EMP704,1,1,Standard,2,EUR
ORD116897,29-08-2023,BR65,USA,Los Angeles,CUST4837,PROD903,TV,LG OLED 48,OnePlus,2,248.96,0.13,0.18,511.16,Credit Card,In-Store,EMP762,0,0,Standard,4,INR
ORD116898,16-04-2023,BR74,USA,Chicago,CUST8770,PROD751,Tablet,iPad Air,Dell,1,759.7,0.21,0.18,708.19,Credit Card,In-Store,EMP773,0,1,Standard,3,AED
ORD116899,17-07-2024,BR72,Germany,Munich,CUST3205,PROD285,Tablet,Samsung Galaxy Tab,Apple,4,1491.44,0.06,0.18,6617.22,Net Banking,Online,EMP414,3,0,Express,10,INR
ORD116900,24-01-2024,BR75,UAE,Abu Dhabi,CUST1488,PROD438,Mobile,OnePlus 11,OnePlus,1,112.25,0.08,0.18,121.86,UPI,Online,EMP299,1,1,Express,6,EUR
ORD116901,08-05-2023,BR60,India,Mumbai,CUST1459,PROD906,TV,Samsung QLED 50,LG,1,861.27,0.14,0.18,874.02,Cash,Online,EMP386,1,1,Same Day,3,AED
ORD116902,27-07-2023,BR4,India,Pune,CUST2779,PROD737,Mobile,iPhone 14,Samsung,3,978.57,0.02,0.18,3394.86,Cash,Online,EMP806,1,1,Same Day,7,EUR
ORD116903,16-09-2023,BR43,Germany,Munich,CUST1851,PROD798,Laptop,HP Spectre x360,Dell,5,1804.76,0,0.18,10648.08,UPI,In-Store,EMP287,3,1,Express,6,GBP
ORD116904,29-01-2023,BR54,UAE,Dubai,CUST8090,PROD557,Laptop,HP Spectre x360,Samsung,4,435.72,0,0.18,2056.6,Net Banking,Online,EMP787,0,1,Same Day,4,EUR
ORD116905,17-12-2023,BR1,UAE,Abu Dhabi,CUST9888,PROD585,TV,LG OLED 48,HP,3,244.85,0.24,0.18,658.74,Credit Card,Online,EMP695,0,1,Express,4,AED
ORD116906,21-10-2024,BR22,USA,Los Angeles,CUST1452,PROD573,Accessories,Keyboard,HP,4,1101.81,0.01,0.18,5148.54,Credit Card,Online,EMP989,2,1,Express,5,GBP
ORD116907,11-09-2023,BR79,Germany,Hamburg,CUST2145,PROD814,Laptop,Dell XPS 13,LG,1,927.13,0.11,0.18,973.67,Debit Card,Online,EMP621,3,1,Standard,7,EUR
ORD116908,18-07-2023,BR24,UAE,Dubai,CUST8540,PROD398,Tablet,Lenovo Tab P11,OnePlus,1,1140.87,0.07,0.18,1251.99,UPI,Online,EMP687,3,1,Same Day,8,INR
ORD116909,09-12-2024,BR35,Germany,Hamburg,CUST3684,PROD301,Tablet,Lenovo Tab P11,Apple,2,571.55,0.29,0.18,957.69,Debit Card,Online,EMP718,2,0,Same Day,9,INR
ORD116910,02-09-2024,BR48,UK,Manchester,CUST6044,PROD698,Accessories,Bluetooth Headphones,Sony,3,1378.13,0.05,0.18,4634.65,Net Banking,In-Store,EMP293,0,0,Same Day,10,EUR
ORD116911,28-11-2024,BR108,Germany,Hamburg,CUST7469,PROD771,Tablet,iPad Air,OnePlus,5,1164.39,0.13,0.18,5976.81,Net Banking,In-Store,EMP381,3,0,Standard,6,INR
ORD116912,25-11-2023,BR102,USA,New York,CUST7001,PROD422,Tablet,Samsung Galaxy Tab,Sony,3,927.17,0.08,0.18,3019.61,Credit Card,Online,EMP438,3,0,Standard,10,USD
ORD116913,02-06-2023,BR56,India,Delhi,CUST2692,PROD811,Laptop,HP Spectre x360,Samsung,4,928.05,0.22,0.18,3416.71,Cash,Online,EMP956,3,0,Express,9,INR
ORD116914,25-06-2023,BR26,Germany,Hamburg,CUST3390,PROD593,Mobile,iPhone 14,Dell,1,774.29,0.14,0.18,785.75,Debit Card,Online,EMP341,1,1,Standard,4,EUR
ORD116915,20-06-2024,BR90,USA,Los Angeles,CUST2162,PROD104,Mobile,iPhone 14,LG,1,1921.64,0.18,0.18,1859.38,Debit Card,Online,EMP769,2,1,Standard,2,INR
ORD116916,19-10-2023,BR13,UK,Manchester,CUST3686,PROD938,Laptop,HP Spectre x360,Samsung,5,1005.62,0.08,0.18,5458.51,UPI,In-Store,EMP320,3,0,Express,10,AED
ORD116917,15-12-2023,BR110,UK,London,CUST6806,PROD682,Laptop,Dell XPS 13,Sony,5,1765.39,0.14,0.18,8957.59,Net Banking,Online,EMP523,3,1,Express,9,GBP
ORD116918,18-08-2024,BR59,USA,Chicago,CUST9647,PROD231,Accessories,Bluetooth Headphones,OnePlus,5,1373.28,0.11,0.18,7211.09,Debit Card,In-Store,EMP768,0,0,Standard,7,GBP
ORD116919,11-11-2023,BR119,India,Bangalore,CUST6212,PROD465,TV,Sony Bravia 55,Sony,2,128.75,0.06,0.18,285.62,Cash,In-Store,EMP505,1,0,Standard,9,INR
ORD116920,28-01-2023,BR54,Germany,Munich,CUST3760,PROD423,Accessories,Wireless Mouse,Samsung,3,263.98,0.07,0.18,869.07,Credit Card,Online,EMP821,3,0,Express,3,AED
ORD116921,07-10-2024,BR52,UK,Birmingham,CUST4204,PROD602,TV,LG OLED 48,Apple,2,249.94,0.13,0.18,513.18,Net Banking,Online,EMP235,0,1,Same Day,10,EUR
ORD116922,02-03-2023,BR104,UAE,Dubai,CUST4079,PROD948,TV,LG OLED 48,HP,1,377.24,0.04,0.18,427.34,Net Banking,Online,EMP907,3,0,Express,9,AED
ORD116923,26-04-2024,BR52,USA,Chicago,CUST4911,PROD919,Laptop,Dell XPS 13,Apple,2,1466.63,0.05,0.18,3288.18,Credit Card,Online,EMP825,0,1,Express,7,AED
ORD116924,29-06-2024,BR13,USA,Dallas,CUST3377,PROD534,TV,Samsung QLED 50,Sony,2,1147.68,0.23,0.18,2085.56,Debit Card,Online,EMP683,1,1,Express,7,USD
ORD116925,15-10-2023,BR110,USA,Chicago,CUST4163,PROD983,TV,LG OLED 48,Sony,4,1771.48,0.07,0.18,7776.09,UPI,In-Store,EMP604,3,1,Same Day,3,GBP
ORD116926,03-10-2024,BR103,Germany,Hamburg,CUST2234,PROD978,TV,Sony Bravia 55,OnePlus,5,1439.4,0.14,0.18,7303.52,UPI,In-Store,EMP726,0,1,Same Day,1,EUR
ORD116927,13-01-2023,BR49,UAE,Dubai,CUST8643,PROD299,Tablet,Lenovo Tab P11,Samsung,1,1257.99,0.07,0.18,1380.52,UPI,Online,EMP610,2,0,Same Day,10,USD
ORD116928,24-12-2023,BR106,India,Bangalore,CUST9254,PROD845,TV,LG OLED 48,Samsung,4,332.11,0.26,0.18,1159.99,Credit Card,In-Store,EMP874,1,0,Standard,3,EUR
ORD116929,04-08-2023,BR13,Germany,Berlin,CUST1604,PROD478,TV,Samsung QLED 50,Apple,1,787.16,0.02,0.18,910.27,Net Banking,Online,EMP496,0,0,Express,10,GBP
ORD116930,22-12-2023,BR15,UK,Birmingham,CUST8395,PROD547,Mobile,iPhone 14,OnePlus,5,586.45,0.1,0.18,3114.05,Cash,Online,EMP588,1,0,Same Day,8,AED
ORD116931,31-07-2024,BR117,India,Mumbai,CUST4724,PROD929,TV,LG OLED 48,Apple,1,657.66,0.01,0.18,768.28,Credit Card,Online,EMP438,2,1,Express,3,EUR
ORD116932,20-08-2024,BR52,India,Pune,CUST3973,PROD814,Accessories,Bluetooth Headphones,Samsung,1,462.16,0.25,0.18,409.01,Cash,In-Store,EMP428,2,1,Same Day,7,AED
ORD116933,04-12-2024,BR28,UK,Birmingham,CUST8995,PROD563,TV,Samsung QLED 50,Sony,4,1048.77,0.15,0.18,4207.67,Net Banking,In-Store,EMP758,3,1,Standard,4,INR
ORD116934,20-03-2024,BR75,UK,London,CUST3804,PROD250,TV,Samsung QLED 50,Sony,2,940.85,0.14,0.18,1909.55,Net Banking,In-Store,EMP264,1,1,Standard,4,AED
ORD116935,02-12-2023,BR68,UAE,Abu Dhabi,CUST4151,PROD274,TV,Sony Bravia 55,OnePlus,5,445.5,0.18,0.18,2155.33,Credit Card,Online,EMP876,2,0,Same Day,3,USD
ORD116936,13-04-2023,BR18,USA,Los Angeles,CUST7548,PROD726,Accessories,Bluetooth Headphones,Samsung,4,1217.69,0.07,0.18,5345.17,Credit Card,In-Store,EMP884,2,1,Express,9,GBP
ORD116937,07-10-2024,BR90,USA,Chicago,CUST1127,PROD127,TV,Sony Bravia 55,Samsung,5,1152.13,0.17,0.18,5641.98,Credit Card,In-Store,EMP303,0,1,Express,9,EUR
ORD116938,12-04-2024,BR63,USA,Chicago,CUST4697,PROD134,Tablet,Lenovo Tab P11,LG,3,116.19,0.06,0.18,386.63,Credit Card,Online,EMP604,1,0,Standard,4,EUR
ORD116939,01-05-2024,BR63,Germany,Berlin,CUST5694,PROD472,Tablet,Lenovo Tab P11,Samsung,3,1010.96,0.04,0.18,3435.65,Credit Card,Online,EMP473,3,1,Same Day,4,GBP
ORD116940,18-01-2024,BR83,USA,Dallas,CUST8080,PROD325,Mobile,OnePlus 11,HP,3,1656.86,0.15,0.18,4985.49,Cash,Online,EMP560,3,0,Standard,6,USD
ORD116941,10-01-2024,BR37,Germany,Munich,CUST4710,PROD543,Laptop,HP Spectre x360,Samsung,3,201.92,0.09,0.18,650.47,Net Banking,Online,EMP330,0,1,Express,7,EUR
ORD116942,12-07-2023,BR67,UAE,Abu Dhabi,CUST9680,PROD912,Mobile,Samsung Galaxy S23,HP,5,153.92,0.23,0.18,699.26,Net Banking,Online,EMP821,2,1,Same Day,5,USD
ORD116943,15-08-2024,BR71,UK,London,CUST6648,PROD773,TV,LG OLED 48,Sony,5,1207.39,0.06,0.18,6696.18,Debit Card,Online,EMP384,3,1,Same Day,10,INR
ORD116944,28-05-2023,BR59,India,Bangalore,CUST4353,PROD979,Accessories,Bluetooth Headphones,OnePlus,1,906.36,0.03,0.18,1037.42,UPI,In-Store,EMP328,0,1,Express,2,USD
ORD116945,09-10-2023,BR67,UAE,Dubai,CUST2703,PROD633,TV,LG OLED 48,Samsung,3,1145.8,0.06,0.18,3812.76,Cash,Online,EMP828,0,1,Same Day,7,AED
ORD116946,02-02-2023,BR30,India,Pune,CUST4331,PROD105,Mobile,iPhone 14,Samsung,1,533.11,0.27,0.18,459.22,Cash,Online,EMP407,3,0,Express,10,GBP
ORD116947,12-09-2024,BR92,Germany,Berlin,CUST4769,PROD625,Laptop,Dell XPS 13,HP,4,50.25,0.18,0.18,194.49,UPI,In-Store,EMP945,3,1,Express,4,GBP
ORD116948,05-04-2024,BR113,UAE,Abu Dhabi,CUST3955,PROD204,Mobile,OnePlus 11,Lenovo,3,1888.47,0.04,0.18,6417.78,Net Banking,Online,EMP738,1,1,Standard,2,AED
ORD116949,18-03-2024,BR78,Germany,Munich,CUST6107,PROD414,Mobile,iPhone 14,Dell,1,1631.2,0.07,0.18,1790.08,Cash,Online,EMP571,3,1,Standard,4,AED
ORD116950,01-11-2024,BR73,India,Delhi,CUST4306,PROD366,Mobile,Samsung Galaxy S23,LG,2,1969.47,0.12,0.18,4090.2,Debit Card,In-Store,EMP671,1,0,Same Day,8,INR
ORD116951,06-11-2023,BR89,Germany,Hamburg,CUST4633,PROD231,Mobile,OnePlus 11,OnePlus,2,85.06,0.01,0.18,198.73,Debit Card,In-Store,EMP278,3,0,Standard,5,INR
ORD116952,22-01-2024,BR91,UAE,Dubai,CUST7660,PROD585,Accessories,Keyboard,HP,3,1867.46,0.06,0.18,6214.16,Cash,Online,EMP403,1,1,Same Day,6,GBP
ORD116953,21-03-2024,BR120,India,Pune,CUST8793,PROD475,Laptop,HP Spectre x360,HP,2,1857.8,0.12,0.18,3858.28,Cash,In-Store,EMP756,2,0,Express,8,USD
ORD116954,01-12-2024,BR23,UAE,Abu Dhabi,CUST3582,PROD520,TV,Samsung QLED 50,LG,4,1581.75,0.18,0.18,6122.01,Cash,In-Store,EMP955,0,1,Express,9,INR
ORD116955,23-07-2024,BR98,USA,Los Angeles,CUST7409,PROD575,Tablet,iPad Air,Samsung,4,1468.46,0.25,0.18,5198.35,Debit Card,In-Store,EMP627,1,1,Standard,1,EUR
ORD116956,27-07-2024,BR5,UAE,Dubai,CUST1977,PROD507,Tablet,iPad Air,Sony,4,1656.89,0.1,0.18,7038.47,Net Banking,In-Store,EMP822,2,1,Standard,5,USD
ORD116957,19-07-2023,BR17,Germany,Hamburg,CUST7996,PROD784,Tablet,iPad Air,LG,2,1901.17,0.05,0.18,4262.42,Cash,In-Store,EMP842,3,0,Express,4,USD
ORD116958,30-06-2024,BR53,USA,Los Angeles,CUST1614,PROD585,Tablet,iPad Air,LG,5,1295.5,0.06,0.18,7184.84,Credit Card,Online,EMP524,0,1,Same Day,7,INR
ORD116959,05-06-2024,BR116,UAE,Abu Dhabi,CUST5401,PROD874,Laptop,MacBook Air M2,LG,2,1514.12,0.26,0.18,2644.26,Credit Card,Online,EMP300,0,1,Express,10,AED
ORD116960,11-06-2024,BR110,USA,Los Angeles,CUST3310,PROD861,TV,LG OLED 48,Apple,1,1176.8,0.06,0.18,1305.31,Cash,In-Store,EMP747,3,1,Express,2,USD
ORD116961,30-01-2024,BR77,USA,Dallas,CUST9385,PROD306,Laptop,Dell XPS 13,Sony,5,776.11,0.09,0.18,4166.93,Credit Card,Online,EMP574,3,0,Standard,9,AED
ORD116962,01-03-2024,BR25,UAE,Abu Dhabi,CUST8374,PROD424,Mobile,Samsung Galaxy S23,Dell,5,206.74,0.07,0.18,1134.38,Debit Card,Online,EMP682,1,0,Same Day,6,GBP
ORD116963,04-09-2024,BR82,Germany,Hamburg,CUST4449,PROD520,Laptop,HP Spectre x360,Lenovo,4,1518.6,0.04,0.18,6881.08,UPI,Online,EMP342,3,1,Same Day,7,EUR
ORD116964,15-02-2023,BR72,UK,Manchester,CUST6519,PROD204,Laptop,MacBook Air M2,Apple,4,1113.11,0.07,0.18,4886.11,Debit Card,In-Store,EMP536,3,0,Same Day,2,USD
ORD116965,26-10-2024,BR107,UK,London,CUST5310,PROD942,Laptop,HP Spectre x360,Apple,4,955.42,0.04,0.18,4329.2,Credit Card,Online,EMP840,0,1,Same Day,3,INR
ORD116966,29-05-2024,BR113,UAE,Abu Dhabi,CUST8805,PROD443,Tablet,iPad Air,LG,1,283.09,0.04,0.18,320.68,Cash,Online,EMP545,3,1,Same Day,9,INR
ORD116967,25-02-2023,BR40,USA,New York,CUST9580,PROD359,Laptop,HP Spectre x360,HP,2,1294.62,0,0.18,3055.3,Cash,Online,EMP647,3,1,Standard,3,USD
ORD116968,21-01-2023,BR51,UAE,Abu Dhabi,CUST3005,PROD367,Tablet,Lenovo Tab P11,OnePlus,4,270.09,0.02,0.18,1249.33,Cash,Online,EMP899,2,1,Same Day,2,GBP
ORD116969,18-06-2023,BR101,UAE,Dubai,CUST1854,PROD747,Accessories,Wireless Mouse,LG,3,131.64,0.09,0.18,424.07,UPI,Online,EMP825,3,1,Standard,9,EUR
ORD116970,14-06-2024,BR94,USA,Chicago,CUST6976,PROD923,Tablet,Lenovo Tab P11,HP,4,1507.15,0.18,0.18,5833.27,Debit Card,In-Store,EMP598,0,1,Express,9,INR
ORD116971,27-01-2024,BR26,India,Delhi,CUST8990,PROD458,Mobile,Samsung Galaxy S23,HP,3,1156.33,0.26,0.18,3029.12,Cash,In-Store,EMP812,2,0,Same Day,1,INR
ORD116972,29-11-2024,BR64,USA,New York,CUST1272,PROD762,TV,LG OLED 48,Samsung,4,840.31,0.1,0.18,3569.64,Credit Card,Online,EMP734,0,0,Express,3,AED
ORD116973,06-06-2023,BR64,USA,Dallas,CUST8784,PROD345,Mobile,Samsung Galaxy S23,Samsung,3,1878.27,0.19,0.18,5385.75,Cash,In-Store,EMP967,1,0,Same Day,6,INR
ORD116974,26-10-2024,BR111,UAE,Dubai,CUST4725,PROD296,Mobile,Samsung Galaxy S23,Dell,5,1506.51,0.12,0.18,7821.8,Cash,Online,EMP956,2,1,Same Day,4,GBP
ORD116975,25-02-2023,BR2,UAE,Abu Dhabi,CUST7654,PROD244,Laptop,MacBook Air M2,Samsung,1,87.61,0.09,0.18,94.08,Cash,Online,EMP847,1,1,Standard,1,EUR
ORD116976,30-12-2024,BR101,India,Delhi,CUST5939,PROD757,Accessories,Keyboard,HP,5,304.93,0.27,0.18,1313.33,Net Banking,In-Store,EMP356,2,1,Standard,8,GBP
ORD116977,21-10-2023,BR114,USA,New York,CUST9773,PROD213,TV,LG OLED 48,LG,2,830.04,0.25,0.18,1469.17,Cash,Online,EMP871,2,0,Standard,6,GBP
ORD116978,14-12-2024,BR80,India,Pune,CUST9794,PROD846,Accessories,Bluetooth Headphones,Samsung,5,1688.83,0.29,0.18,7074.51,Cash,In-Store,EMP866,3,0,Express,8,AED
ORD116979,19-05-2024,BR68,UAE,Dubai,CUST1528,PROD708,Tablet,Samsung Galaxy Tab,Apple,4,1613.3,0.11,0.18,6777.15,Cash,In-Store,EMP944,1,1,Same Day,4,USD
ORD116980,24-05-2023,BR102,India,Pune,CUST2223,PROD731,Laptop,Dell XPS 13,Sony,1,929.13,0.02,0.18,1074.45,Cash,In-Store,EMP713,3,0,Standard,4,AED
ORD116981,17-08-2023,BR119,India,Delhi,CUST4715,PROD485,Laptop,HP Spectre x360,LG,3,914.75,0.13,0.18,2817.25,Credit Card,Online,EMP545,1,1,Standard,6,INR
ORD116982,26-08-2024,BR62,India,Pune,CUST8585,PROD811,TV,LG OLED 48,Samsung,4,799.51,0.05,0.18,3585,Net Banking,Online,EMP898,3,1,Standard,3,USD
ORD116983,06-07-2024,BR83,UK,Birmingham,CUST6635,PROD670,TV,Sony Bravia 55,Samsung,5,1711.27,0.11,0.18,8985.88,UPI,Online,EMP633,0,0,Standard,2,AED
ORD116984,04-03-2023,BR106,UAE,Dubai,CUST7289,PROD452,Accessories,Keyboard,LG,5,254.43,0.24,0.18,1140.86,Credit Card,Online,EMP924,2,0,Standard,10,EUR
ORD116985,12-06-2023,BR57,USA,Los Angeles,CUST1664,PROD978,Tablet,Lenovo Tab P11,OnePlus,3,1443.67,0.01,0.18,5059.49,Cash,In-Store,EMP619,3,1,Express,1,GBP
ORD116986,23-01-2023,BR22,UK,London,CUST7671,PROD446,TV,LG OLED 48,Apple,5,1959.53,0.03,0.18,11214.39,UPI,In-Store,EMP995,0,1,Standard,9,GBP
ORD116987,04-12-2023,BR108,USA,New York,CUST5118,PROD105,Mobile,OnePlus 11,LG,2,620.87,0.04,0.18,1406.64,Net Banking,In-Store,EMP606,2,0,Same Day,9,INR
ORD116988,11-11-2023,BR77,India,Mumbai,CUST2451,PROD545,Tablet,iPad Air,Sony,4,1444.74,0.14,0.18,5864.49,UPI,In-Store,EMP538,0,0,Standard,6,AED
ORD116989,11-08-2023,BR34,UK,London,CUST8059,PROD660,TV,Samsung QLED 50,HP,2,1678.61,0.1,0.18,3565.37,Net Banking,Online,EMP588,2,1,Express,4,INR
ORD116990,01-05-2023,BR27,UAE,Dubai,CUST6324,PROD847,TV,Sony Bravia 55,Sony,1,1062.58,0.08,0.18,1153.54,UPI,Online,EMP979,2,0,Express,6,EUR
ORD116991,19-11-2023,BR106,India,Mumbai,CUST7152,PROD881,Tablet,Samsung Galaxy Tab,Dell,2,1775.95,0.1,0.18,3772.12,Credit Card,Online,EMP273,2,1,Express,6,EUR
ORD116992,30-03-2024,BR76,Germany,Hamburg,CUST1623,PROD718,TV,LG OLED 48,LG,3,567.92,0.09,0.18,1829.5,Credit Card,In-Store,EMP841,0,1,Express,7,USD
ORD116993,25-05-2024,BR100,USA,New York,CUST7417,PROD755,Tablet,iPad Air,Apple,4,263.88,0.14,0.18,1071.14,Cash,Online,EMP793,1,1,Express,3,EUR
ORD116994,09-07-2023,BR49,UAE,Abu Dhabi,CUST9974,PROD520,Accessories,Wireless Mouse,Sony,1,1652.77,0.1,0.18,1755.24,Cash,In-Store,EMP880,3,0,Express,3,GBP
ORD116995,26-12-2024,BR93,India,Bangalore,CUST5055,PROD233,Tablet,Lenovo Tab P11,Apple,2,198.99,0.02,0.18,460.22,Cash,In-Store,EMP890,2,1,Express,7,GBP
ORD116996,09-03-2024,BR78,Germany,Munich,CUST7152,PROD421,Mobile,Samsung Galaxy S23,LG,5,62.94,0.14,0.18,319.36,Credit Card,In-Store,EMP617,1,0,Same Day,9,GBP
ORD116997,27-12-2023,BR49,Germany,Berlin,CUST8870,PROD837,Accessories,Keyboard,Lenovo,4,143.91,0.29,0.18,482.27,Cash,Online,EMP658,3,1,Express,7,AED
ORD116998,28-07-2024,BR120,Germany,Hamburg,CUST6456,PROD369,Laptop,Dell XPS 13,Lenovo,2,536.03,0.2,0.18,1012.02,Net Banking,Online,EMP377,2,1,Standard,6,INR
ORD116999,11-07-2024,BR45,UK,London,CUST7719,PROD350,TV,LG OLED 48,Dell,5,413.28,0.26,0.18,1804.38,Cash,Online,EMP736,3,0,Express,10,USD
ORD117000,05-09-2024,BR57,UK,Birmingham,CUST4821,PROD701,Accessories,Wireless Mouse,Dell,1,1457.29,0.14,0.18,1478.86,Debit Card,In-Store,EMP702,2,0,Standard,3,EUR
ORD117001,01-10-2023,BR7,USA,New York,CUST1926,PROD519,Accessories,Wireless Mouse,Sony,2,719.46,0.17,0.18,1409.28,Net Banking,Online,EMP320,3,0,Standard,1,AED
ORD117002,23-07-2024,BR19,UAE,Abu Dhabi,CUST8734,PROD767,Tablet,Samsung Galaxy Tab,HP,5,1704.94,0.17,0.18,8349.09,Debit Card,Online,EMP396,0,0,Express,7,GBP
ORD117003,24-05-2024,BR77,Germany,Munich,CUST9208,PROD109,Mobile,Samsung Galaxy S23,Dell,1,1992.97,0.1,0.18,2116.53,Cash,Online,EMP336,1,0,Express,5,AED
ORD117004,07-08-2023,BR76,UK,Birmingham,CUST4221,PROD170,Laptop,Dell XPS 13,HP,1,691.18,0.28,0.18,587.23,Cash,Online,EMP521,3,0,Express,6,USD
ORD117005,22-10-2024,BR98,Germany,Berlin,CUST5838,PROD196,Laptop,Dell XPS 13,Apple,1,1069.71,0.13,0.18,1098.16,Net Banking,Online,EMP764,1,0,Same Day,4,EUR
ORD117006,05-12-2024,BR49,UK,Birmingham,CUST4932,PROD780,Accessories,Keyboard,Apple,2,1412.48,0.3,0.18,2333.42,Credit Card,In-Store,EMP770,1,0,Standard,4,EUR
ORD117007,18-01-2023,BR69,UAE,Dubai,CUST4914,PROD369,Laptop,MacBook Air M2,OnePlus,4,1807.36,0.11,0.18,7592.36,Credit Card,Online,EMP493,3,1,Standard,5,GBP
ORD117008,13-10-2024,BR78,India,Mumbai,CUST1920,PROD819,Tablet,iPad Air,OnePlus,1,1223.34,0.23,0.18,1111.53,Debit Card,Online,EMP372,3,1,Express,1,INR
ORD117009,09-02-2023,BR25,UK,Manchester,CUST5038,PROD527,TV,Sony Bravia 55,Dell,4,703.93,0.28,0.18,2392.24,Net Banking,In-Store,EMP858,0,1,Express,10,INR
ORD117010,09-06-2024,BR77,USA,Dallas,CUST2281,PROD525,Tablet,iPad Air,Sony,5,411.98,0.21,0.18,1920.24,Net Banking,Online,EMP414,0,1,Same Day,7,INR
ORD117011,25-12-2024,BR27,Germany,Munich,CUST5757,PROD947,Laptop,Dell XPS 13,Apple,4,1171.09,0.11,0.18,4919.51,UPI,In-Store,EMP681,0,1,Same Day,7,USD
ORD117012,06-03-2023,BR54,UAE,Abu Dhabi,CUST2094,PROD624,Tablet,Lenovo Tab P11,HP,3,1548.65,0.04,0.18,5262.93,Cash,Online,EMP693,3,1,Same Day,9,EUR
ORD117013,05-08-2023,BR108,UK,London,CUST7206,PROD292,TV,LG OLED 48,Samsung,1,782.82,0.18,0.18,757.46,UPI,In-Store,EMP659,2,1,Express,7,GBP
ORD117014,12-11-2024,BR27,Germany,Hamburg,CUST6026,PROD617,Laptop,MacBook Air M2,LG,5,62.99,0.13,0.18,323.33,Net Banking,In-Store,EMP276,3,1,Same Day,3,GBP
ORD117015,08-12-2024,BR106,UAE,Dubai,CUST2391,PROD474,Accessories,Wireless Mouse,Sony,4,1115.74,0,0.18,5266.29,Debit Card,Online,EMP695,0,1,Same Day,7,GBP
ORD117016,08-04-2024,BR110,India,Mumbai,CUST4620,PROD587,Accessories,Bluetooth Headphones,Sony,3,577.48,0.23,0.18,1574.09,Credit Card,Online,EMP751,0,1,Standard,4,AED
ORD117017,02-03-2023,BR109,USA,Dallas,CUST1021,PROD566,Laptop,MacBook Air M2,Apple,2,1057.44,0.26,0.18,1846.71,Cash,Online,EMP617,0,0,Express,2,USD
ORD117018,01-08-2024,BR100,India,Mumbai,CUST6352,PROD805,Tablet,iPad Air,Sony,3,1992.58,0.11,0.18,6277.82,Net Banking,In-Store,EMP361,2,1,Standard,4,GBP
ORD117019,24-12-2024,BR100,India,Bangalore,CUST8265,PROD208,TV,Sony Bravia 55,HP,1,1802.15,0.15,0.18,1807.56,Debit Card,In-Store,EMP550,0,1,Express,7,EUR
ORD117020,05-04-2024,BR119,Germany,Munich,CUST3222,PROD954,Accessories,Keyboard,Lenovo,3,1519.59,0.2,0.18,4303.48,Credit Card,Online,EMP796,1,1,Express,9,USD
ORD117021,30-01-2023,BR79,Germany,Munich,CUST6113,PROD555,Accessories,Wireless Mouse,Samsung,3,969.85,0.19,0.18,2780.95,Net Banking,In-Store,EMP553,1,1,Standard,1,USD
ORD117022,21-02-2024,BR55,Germany,Munich,CUST1340,PROD350,Accessories,Keyboard,Lenovo,1,1773.67,0.16,0.18,1758.06,Debit Card,Online,EMP453,1,0,Express,1,INR
ORD117023,18-08-2024,BR12,UK,London,CUST9822,PROD336,Laptop,MacBook Air M2,LG,5,1891.22,0.27,0.18,8145.48,Debit Card,In-Store,EMP582,1,0,Same Day,3,AED
ORD117024,13-12-2023,BR7,UAE,Abu Dhabi,CUST1912,PROD393,Tablet,Samsung Galaxy Tab,Lenovo,4,589.62,0.27,0.18,2031.59,Credit Card,Online,EMP567,0,1,Standard,10,GBP
ORD117025,08-06-2023,BR21,Germany,Berlin,CUST7375,PROD355,Mobile,Samsung Galaxy S23,OnePlus,3,1708.91,0.14,0.18,5202.61,Cash,Online,EMP580,1,0,Same Day,7,AED
ORD117026,14-10-2023,BR119,India,Bangalore,CUST8069,PROD925,Tablet,iPad Air,Samsung,2,511.24,0,0.18,1206.53,Debit Card,Online,EMP272,1,0,Same Day,5,AED
ORD117027,06-06-2023,BR43,UK,Birmingham,CUST5274,PROD550,Tablet,Samsung Galaxy Tab,Samsung,2,1497.45,0.23,0.18,2721.17,Debit Card,Online,EMP252,1,0,Same Day,9,USD
ORD117028,10-06-2023,BR42,USA,New York,CUST1701,PROD192,Accessories,Bluetooth Headphones,Apple,5,1278.68,0.09,0.18,6865.23,Debit Card,In-Store,EMP313,1,1,Standard,1,EUR
ORD117029,28-10-2024,BR81,India,Bangalore,CUST1619,PROD633,TV,LG OLED 48,OnePlus,4,1495.17,0.1,0.18,6351.48,Net Banking,In-Store,EMP461,3,0,Same Day,1,EUR
ORD117030,12-04-2023,BR118,UK,London,CUST4797,PROD440,Laptop,HP Spectre x360,Dell,5,1474.69,0.27,0.18,6351.49,UPI,Online,EMP911,1,0,Express,6,EUR
ORD117031,09-11-2024,BR63,UAE,Dubai,CUST5817,PROD584,Mobile,OnePlus 11,Sony,3,1036.02,0.2,0.18,2934.01,Cash,In-Store,EMP683,3,1,Express,4,GBP
ORD117032,04-12-2024,BR65,Germany,Berlin,CUST2063,PROD267,Laptop,MacBook Air M2,Samsung,2,1015.05,0.16,0.18,2012.24,UPI,In-Store,EMP406,0,0,Same Day,3,EUR
ORD117033,02-08-2024,BR49,USA,Los Angeles,CUST3944,PROD977,TV,LG OLED 48,LG,3,1832.09,0.17,0.18,5383.05,Cash,Online,EMP423,0,0,Express,4,AED
ORD117034,18-07-2024,BR66,Germany,Munich,CUST7535,PROD858,Accessories,Bluetooth Headphones,Apple,2,715.77,0.27,0.18,1233.13,Cash,In-Store,EMP983,0,0,Express,8,USD
ORD117035,08-09-2024,BR37,UK,Birmingham,CUST3705,PROD840,Accessories,Keyboard,HP,3,1789.64,0.13,0.18,5511.73,Debit Card,In-Store,EMP450,1,0,Same Day,7,INR
ORD117036,24-10-2023,BR82,UAE,Dubai,CUST1555,PROD423,Tablet,Samsung Galaxy Tab,Dell,1,1438.07,0.02,0.18,1662.98,Credit Card,Online,EMP588,3,1,Same Day,2,AED
ORD117037,22-09-2023,BR68,UAE,Dubai,CUST6011,PROD433,Mobile,iPhone 14,LG,2,840.36,0,0.18,1983.25,Net Banking,In-Store,EMP967,0,0,Standard,2,EUR
ORD117038,05-08-2023,BR118,UAE,Dubai,CUST5340,PROD694,Tablet,iPad Air,Lenovo,3,136.9,0.18,0.18,397.39,UPI,Online,EMP772,2,1,Standard,3,EUR
ORD117039,27-01-2024,BR68,UAE,Abu Dhabi,CUST9342,PROD532,Accessories,Keyboard,Apple,3,588.09,0.2,0.18,1665.47,Cash,In-Store,EMP245,2,0,Same Day,10,EUR
ORD117040,09-02-2024,BR89,Germany,Hamburg,CUST2531,PROD536,Mobile,iPhone 14,Dell,4,1982.28,0.25,0.18,7017.27,UPI,In-Store,EMP877,3,1,Standard,3,GBP
ORD117041,15-04-2024,BR45,USA,New York,CUST5394,PROD893,Laptop,MacBook Air M2,HP,1,995.75,0.01,0.18,1163.24,Credit Card,In-Store,EMP681,0,1,Express,5,GBP
ORD117042,02-01-2023,BR5,Germany,Berlin,CUST6196,PROD829,Mobile,Samsung Galaxy S23,HP,1,1427.67,0.05,0.18,1600.42,Debit Card,Online,EMP735,2,0,Express,1,USD
ORD117043,13-04-2024,BR1,UAE,Dubai,CUST8447,PROD376,Mobile,OnePlus 11,Apple,3,933.5,0.18,0.18,2709.76,UPI,Online,EMP709,1,1,Same Day,9,GBP
ORD117044,25-07-2023,BR45,Germany,Hamburg,CUST5523,PROD665,Accessories,Bluetooth Headphones,Samsung,3,165.73,0.16,0.18,492.81,UPI,In-Store,EMP939,0,0,Express,4,AED
ORD117045,12-10-2024,BR26,UAE,Abu Dhabi,CUST5438,PROD854,Mobile,iPhone 14,HP,5,1339.81,0.23,0.18,6086.76,Cash,In-Store,EMP200,0,0,Express,7,INR
ORD117046,09-07-2024,BR60,USA,Dallas,CUST5361,PROD198,TV,LG OLED 48,Samsung,2,1389.07,0.01,0.18,3245.42,Net Banking,Online,EMP301,0,0,Same Day,2,AED
ORD117047,19-02-2024,BR108,USA,Los Angeles,CUST5298,PROD337,Tablet,Lenovo Tab P11,Dell,1,1167.96,0.24,0.18,1047.43,Debit Card,In-Store,EMP472,2,0,Same Day,9,INR
ORD117048,07-08-2024,BR55,Germany,Berlin,CUST5270,PROD917,TV,LG OLED 48,HP,3,760.2,0.1,0.18,2422,Debit Card,In-Store,EMP782,0,1,Same Day,7,GBP
ORD117049,28-04-2024,BR7,India,Delhi,CUST7162,PROD819,TV,Samsung QLED 50,HP,2,296.52,0.08,0.18,643.8,Cash,Online,EMP681,2,0,Standard,3,GBP
ORD117050,15-05-2023,BR19,USA,Dallas,CUST6015,PROD386,Mobile,Samsung Galaxy S23,Sony,4,1309.76,0.08,0.18,5687.5,UPI,Online,EMP887,3,0,Standard,6,USD
ORD117051,04-06-2024,BR93,Germany,Hamburg,CUST2004,PROD867,Laptop,HP Spectre x360,Lenovo,2,1019.88,0.24,0.18,1829.26,Debit Card,Online,EMP941,1,1,Same Day,5,AED
ORD117052,11-04-2023,BR42,UAE,Dubai,CUST2524,PROD969,Tablet,Samsung Galaxy Tab,OnePlus,4,647.58,0.04,0.18,2934.31,Credit Card,Online,EMP286,3,0,Same Day,7,INR
ORD117053,15-07-2024,BR85,Germany,Munich,CUST1156,PROD515,Accessories,Bluetooth Headphones,Lenovo,1,75.88,0.23,0.18,68.94,UPI,Online,EMP345,0,0,Express,8,EUR
ORD117054,30-04-2023,BR60,USA,Chicago,CUST6681,PROD475,Laptop,HP Spectre x360,Dell,4,1284.79,0.26,0.18,4487.51,Cash,In-Store,EMP525,3,0,Express,10,GBP
ORD117055,11-07-2024,BR56,UAE,Abu Dhabi,CUST9317,PROD454,Mobile,Samsung Galaxy S23,Apple,3,81.45,0.03,0.18,279.68,Debit Card,Online,EMP329,3,0,Standard,3,INR
ORD117056,15-10-2023,BR107,UK,Birmingham,CUST2825,PROD443,TV,Samsung QLED 50,OnePlus,1,1513.92,0.21,0.18,1411.28,Net Banking,In-Store,EMP266,3,1,Standard,2,USD
ORD117057,16-05-2023,BR71,Germany,Berlin,CUST1807,PROD214,Laptop,Dell XPS 13,Sony,4,1638.87,0.03,0.18,7503.4,UPI,In-Store,EMP641,3,1,Standard,10,USD
ORD117058,07-08-2024,BR76,USA,Los Angeles,CUST7073,PROD675,Accessories,Keyboard,Dell,3,217.27,0.17,0.18,638.38,Credit Card,Online,EMP366,3,1,Express,8,EUR
ORD117059,15-11-2023,BR85,Germany,Munich,CUST9747,PROD492,Laptop,Dell XPS 13,LG,3,983.86,0.13,0.18,3030.09,Net Banking,In-Store,EMP754,3,1,Standard,6,INR
ORD117060,18-05-2024,BR30,India,Delhi,CUST5980,PROD667,Laptop,Dell XPS 13,HP,3,641.16,0.27,0.18,1656.89,Credit Card,Online,EMP791,1,0,Standard,5,INR
ORD117061,08-12-2024,BR49,UK,Manchester,CUST3001,PROD681,Tablet,Lenovo Tab P11,HP,2,972.59,0,0.18,2295.31,Credit Card,Online,EMP216,0,1,Standard,8,INR
ORD117062,30-07-2023,BR65,India,Bangalore,CUST5291,PROD548,Mobile,OnePlus 11,Sony,5,1334.73,0.25,0.18,5906.18,Debit Card,In-Store,EMP247,2,0,Same Day,1,AED
ORD117063,15-11-2023,BR78,USA,New York,CUST4388,PROD917,Accessories,Keyboard,Samsung,5,1948.04,0.29,0.18,8160.34,Credit Card,In-Store,EMP770,0,0,Standard,10,USD
ORD117064,16-09-2024,BR64,USA,Los Angeles,CUST4199,PROD444,Tablet,Samsung Galaxy Tab,Dell,5,1154.39,0.12,0.18,5993.59,Credit Card,Online,EMP912,2,0,Standard,10,USD
ORD117065,29-01-2023,BR52,UAE,Abu Dhabi,CUST6281,PROD171,Mobile,iPhone 14,HP,1,462.93,0.2,0.18,437.01,Cash,Online,EMP570,0,1,Standard,8,AED
ORD117066,06-08-2023,BR100,UAE,Dubai,CUST2516,PROD997,Laptop,MacBook Air M2,Dell,4,1723.37,0.23,0.18,6263.42,UPI,In-Store,EMP476,3,1,Express,4,USD
ORD117067,13-06-2024,BR27,USA,Chicago,CUST8215,PROD713,Accessories,Bluetooth Headphones,Samsung,1,1796.55,0.22,0.18,1653.54,Debit Card,In-Store,EMP664,2,0,Same Day,5,INR
ORD117068,28-09-2024,BR84,Germany,Munich,CUST5631,PROD216,TV,LG OLED 48,OnePlus,5,1519.97,0.12,0.18,7891.68,Cash,Online,EMP475,1,0,Standard,4,INR
ORD117069,27-04-2024,BR33,India,Mumbai,CUST9358,PROD176,Laptop,MacBook Air M2,OnePlus,3,84.74,0.25,0.18,224.98,Net Banking,In-Store,EMP708,0,0,Same Day,8,INR
ORD117070,13-06-2024,BR40,USA,New York,CUST9981,PROD627,Laptop,HP Spectre x360,LG,2,279.45,0.15,0.18,560.58,Debit Card,Online,EMP604,2,0,Standard,5,EUR
ORD117071,27-05-2023,BR100,UAE,Dubai,CUST1526,PROD547,TV,Samsung QLED 50,Dell,5,1824.77,0.1,0.18,9689.53,Credit Card,In-Store,EMP736,0,1,Same Day,5,AED
ORD117072,24-05-2023,BR92,India,Mumbai,CUST9987,PROD635,Accessories,Wireless Mouse,Dell,3,783.54,0.07,0.18,2579.57,Cash,In-Store,EMP421,1,0,Standard,7,AED
ORD117073,16-03-2024,BR92,India,Bangalore,CUST1075,PROD719,TV,Sony Bravia 55,Dell,5,352.25,0.25,0.18,1558.71,UPI,In-Store,EMP406,3,1,Express,1,AED
ORD117074,11-09-2024,BR51,UAE,Dubai,CUST4049,PROD566,Tablet,iPad Air,Apple,4,1026.11,0.1,0.18,4358.92,Credit Card,In-Store,EMP988,2,1,Standard,6,EUR
ORD117075,11-04-2024,BR88,UAE,Dubai,CUST3798,PROD789,Accessories,Keyboard,HP,4,1132.53,0.02,0.18,5238.63,Credit Card,In-Store,EMP753,3,1,Standard,1,INR
ORD117076,15-01-2024,BR2,USA,Los Angeles,CUST2005,PROD310,TV,Samsung QLED 50,OnePlus,3,1750.39,0.23,0.18,4771.21,Credit Card,Online,EMP899,2,1,Express,5,USD
ORD117077,10-03-2024,BR28,Germany,Munich,CUST9136,PROD889,Tablet,iPad Air,Dell,2,1611.62,0.09,0.18,3461.12,UPI,Online,EMP733,2,1,Standard,1,INR
ORD117078,18-12-2023,BR49,USA,Los Angeles,CUST8131,PROD372,Tablet,Lenovo Tab P11,HP,4,1663.55,0.08,0.18,7223.8,UPI,Online,EMP798,1,1,Standard,8,USD
ORD117079,18-08-2024,BR6,Germany,Munich,CUST8594,PROD788,Tablet,iPad Air,Sony,4,322.45,0.19,0.18,1232.79,UPI,In-Store,EMP996,0,0,Standard,10,AED
ORD117080,26-04-2023,BR22,UK,Manchester,CUST3402,PROD460,Tablet,Lenovo Tab P11,Lenovo,3,1664.54,0.1,0.18,5303.22,Credit Card,In-Store,EMP221,2,1,Standard,9,EUR
ORD117081,19-04-2024,BR58,India,Delhi,CUST7439,PROD388,Tablet,Samsung Galaxy Tab,LG,4,490.51,0.24,0.18,1759.56,Debit Card,Online,EMP276,1,0,Standard,3,GBP
ORD117082,08-04-2024,BR60,UAE,Abu Dhabi,CUST8151,PROD411,Tablet,iPad Air,OnePlus,1,986.95,0.16,0.18,978.26,Credit Card,Online,EMP243,0,1,Express,3,INR
ORD117083,20-12-2023,BR77,UK,London,CUST4924,PROD163,TV,LG OLED 48,Sony,4,1380.65,0.11,0.18,5799.83,UPI,In-Store,EMP213,0,1,Same Day,9,EUR
ORD117084,19-02-2024,BR14,USA,Dallas,CUST6158,PROD433,TV,LG OLED 48,Lenovo,4,393.57,0.03,0.18,1801.92,UPI,Online,EMP856,3,1,Standard,1,EUR
ORD117085,09-10-2023,BR42,India,Bangalore,CUST5271,PROD239,Mobile,iPhone 14,HP,1,923.95,0.29,0.18,774.09,Net Banking,Online,EMP253,0,0,Standard,5,USD
ORD117086,02-10-2024,BR50,USA,New York,CUST3370,PROD561,TV,Sony Bravia 55,OnePlus,1,1336.14,0.19,0.18,1277.08,UPI,Online,EMP869,3,0,Same Day,9,AED
ORD117087,26-03-2024,BR51,USA,Dallas,CUST3033,PROD476,Accessories,Wireless Mouse,Dell,4,157.44,0.15,0.18,631.65,Cash,Online,EMP767,0,1,Same Day,4,GBP
ORD117088,11-01-2024,BR4,India,Delhi,CUST7936,PROD534,Tablet,Lenovo Tab P11,Lenovo,1,825.77,0.2,0.18,779.53,Debit Card,In-Store,EMP844,0,1,Same Day,10,INR
ORD117089,16-05-2024,BR65,UK,London,CUST5900,PROD857,Tablet,Lenovo Tab P11,Dell,5,1873.6,0.09,0.18,10059.36,Credit Card,Online,EMP616,2,0,Same Day,4,AED
ORD117090,14-03-2024,BR40,UK,London,CUST7092,PROD851,Mobile,Samsung Galaxy S23,Apple,5,615.32,0.23,0.18,2795.4,UPI,In-Store,EMP357,3,1,Same Day,4,EUR
ORD117091,11-03-2023,BR67,UAE,Abu Dhabi,CUST8633,PROD701,Laptop,HP Spectre x360,HP,1,1745.55,0.11,0.18,1833.18,Net Banking,In-Store,EMP862,1,0,Standard,1,AED
ORD117092,26-04-2024,BR36,Germany,Munich,CUST8315,PROD469,Accessories,Wireless Mouse,HP,3,1261.61,0.3,0.18,3126.27,Debit Card,Online,EMP226,1,0,Same Day,10,GBP
ORD117093,28-12-2024,BR6,India,Pune,CUST2389,PROD752,Accessories,Bluetooth Headphones,Sony,5,1050.61,0.17,0.18,5144.84,UPI,In-Store,EMP334,2,0,Standard,1,USD
ORD117094,15-10-2023,BR95,UAE,Abu Dhabi,CUST6616,PROD201,Mobile,OnePlus 11,OnePlus,2,815.31,0.1,0.18,1731.72,Credit Card,Online,EMP458,0,0,Express,7,AED
ORD117095,15-12-2024,BR47,UK,Birmingham,CUST6582,PROD654,TV,Sony Bravia 55,LG,1,730.4,0.25,0.18,646.4,Credit Card,In-Store,EMP449,1,1,Standard,7,INR
ORD117096,07-04-2023,BR51,USA,New York,CUST8404,PROD196,TV,Sony Bravia 55,Samsung,2,1325.9,0.19,0.18,2534.59,Cash,In-Store,EMP444,0,0,Same Day,3,INR
ORD117097,31-07-2024,BR107,UAE,Dubai,CUST2621,PROD925,Tablet,Samsung Galaxy Tab,Dell,2,441.06,0.09,0.18,947.22,Net Banking,In-Store,EMP224,3,0,Same Day,1,AED
ORD117098,12-08-2024,BR46,USA,Los Angeles,CUST5273,PROD714,Accessories,Keyboard,Apple,4,512.55,0.27,0.18,1766.04,Cash,Online,EMP335,3,0,Standard,1,GBP
ORD117099,03-07-2024,BR103,Germany,Hamburg,CUST3361,PROD243,Accessories,Bluetooth Headphones,Dell,1,1559.69,0.09,0.18,1674.8,Debit Card,In-Store,EMP252,3,0,Standard,4,INR
ORD117100,27-11-2023,BR13,UAE,Dubai,CUST6087,PROD473,Mobile,iPhone 14,Sony,3,1500.71,0.23,0.18,4090.64,Debit Card,Online,EMP338,3,1,Same Day,2,GBP
ORD117101,18-06-2024,BR77,USA,Los Angeles,CUST3930,PROD725,TV,Samsung QLED 50,LG,2,1896.16,0.13,0.18,3893.2,Cash,In-Store,EMP343,2,0,Same Day,1,GBP
ORD117102,08-07-2023,BR104,Germany,Berlin,CUST6756,PROD276,Tablet,iPad Air,Dell,3,855.18,0.25,0.18,2270.5,Debit Card,Online,EMP433,1,1,Express,7,USD
ORD117103,02-01-2024,BR65,India,Pune,CUST1336,PROD352,TV,Sony Bravia 55,LG,3,1223.98,0.14,0.18,3726.28,UPI,In-Store,EMP592,1,1,Same Day,7,AED
ORD117104,17-10-2023,BR49,UK,Birmingham,CUST3367,PROD471,Accessories,Wireless Mouse,Lenovo,4,594.89,0.12,0.18,2470.94,UPI,In-Store,EMP777,3,0,Standard,9,GBP
ORD117105,20-02-2023,BR33,USA,Chicago,CUST3769,PROD460,TV,Samsung QLED 50,HP,4,1318.38,0.03,0.18,6036.07,Debit Card,Online,EMP518,3,0,Standard,8,USD
ORD117106,09-04-2023,BR74,India,Mumbai,CUST3069,PROD663,Laptop,MacBook Air M2,Samsung,4,1096.54,0.24,0.18,3933.51,Credit Card,In-Store,EMP943,1,0,Express,3,EUR
ORD117107,28-10-2024,BR57,India,Pune,CUST9040,PROD126,TV,Samsung QLED 50,OnePlus,4,433.91,0.11,0.18,1822.77,UPI,In-Store,EMP928,3,1,Standard,8,GBP
ORD117108,12-02-2024,BR93,Germany,Hamburg,CUST7648,PROD705,Tablet,Lenovo Tab P11,Dell,3,1769.15,0.24,0.18,4759.72,UPI,Online,EMP513,0,1,Express,5,GBP
ORD117109,18-01-2024,BR104,USA,Chicago,CUST5108,PROD743,Laptop,HP Spectre x360,HP,2,1779.02,0,0.18,4198.49,Cash,In-Store,EMP682,0,0,Same Day,10,GBP
ORD117110,26-12-2024,BR9,USA,Chicago,CUST8121,PROD996,TV,Samsung QLED 50,Apple,2,154.1,0.21,0.18,287.3,Net Banking,In-Store,EMP535,1,0,Standard,3,GBP
ORD117111,30-09-2023,BR2,USA,Chicago,CUST6816,PROD819,Tablet,iPad Air,Apple,1,1828.39,0.02,0.18,2114.35,Net Banking,In-Store,EMP803,3,0,Standard,9,GBP
ORD117112,09-09-2024,BR104,UAE,Dubai,CUST9340,PROD717,Mobile,iPhone 14,Apple,2,404.09,0.23,0.18,734.31,Net Banking,In-Store,EMP613,0,0,Same Day,4,AED
ORD117113,18-12-2023,BR35,USA,New York,CUST2537,PROD657,TV,Samsung QLED 50,Sony,3,511.87,0.12,0.18,1594.58,UPI,In-Store,EMP498,3,0,Express,1,GBP
ORD117114,18-09-2024,BR100,UAE,Dubai,CUST5706,PROD624,TV,Samsung QLED 50,Apple,4,1124.2,0.03,0.18,5147.04,Net Banking,In-Store,EMP492,0,1,Express,8,USD
ORD117115,23-11-2024,BR76,India,Pune,CUST9271,PROD218,Tablet,Samsung Galaxy Tab,Sony,2,1995.3,0.16,0.18,3955.48,Net Banking,In-Store,EMP487,0,1,Express,4,GBP
ORD117116,26-07-2023,BR29,Germany,Berlin,CUST5302,PROD556,Laptop,Dell XPS 13,Dell,3,1097.59,0.24,0.18,2952.96,Cash,Online,EMP673,3,0,Standard,6,EUR
ORD117117,04-07-2024,BR47,USA,Dallas,CUST6319,PROD742,TV,Sony Bravia 55,Lenovo,5,1428.28,0.17,0.18,6994.29,Net Banking,In-Store,EMP636,2,0,Same Day,2,AED
ORD117118,21-05-2023,BR43,USA,Los Angeles,CUST4434,PROD594,Laptop,MacBook Air M2,Dell,3,828.58,0.06,0.18,2757.18,UPI,Online,EMP390,0,1,Standard,2,USD
ORD117119,29-10-2024,BR75,UAE,Dubai,CUST7558,PROD125,Laptop,HP Spectre x360,HP,3,901.56,0.15,0.18,2712.79,Net Banking,In-Store,EMP416,0,0,Same Day,6,INR
ORD117120,04-05-2023,BR102,India,Bangalore,CUST7538,PROD197,Accessories,Keyboard,LG,1,1730.71,0.12,0.18,1797.17,Net Banking,Online,EMP804,3,0,Express,10,EUR
ORD117121,05-07-2024,BR51,USA,New York,CUST9470,PROD619,TV,Samsung QLED 50,Sony,2,295.87,0.06,0.18,656.36,Net Banking,In-Store,EMP427,0,0,Standard,7,INR
ORD117122,19-05-2024,BR26,UAE,Dubai,CUST9961,PROD338,Tablet,Lenovo Tab P11,OnePlus,3,1255.94,0,0.18,4446.03,Cash,In-Store,EMP221,1,1,Express,4,GBP
ORD117123,11-10-2024,BR103,Germany,Munich,CUST2289,PROD333,Laptop,Dell XPS 13,OnePlus,1,1394.31,0.21,0.18,1299.78,Net Banking,In-Store,EMP288,1,0,Same Day,9,INR
ORD117124,16-09-2023,BR109,India,Bangalore,CUST9993,PROD583,Accessories,Keyboard,Samsung,4,201.87,0.18,0.18,781.32,Credit Card,Online,EMP829,3,1,Standard,9,USD
ORD117125,11-09-2024,BR91,India,Bangalore,CUST1013,PROD460,Accessories,Bluetooth Headphones,HP,4,658.85,0.22,0.18,2425.62,Cash,Online,EMP759,2,1,Standard,9,EUR
ORD117126,05-03-2023,BR81,USA,Los Angeles,CUST8225,PROD813,Laptop,MacBook Air M2,Dell,4,1746.1,0.05,0.18,7829.51,UPI,Online,EMP260,1,0,Same Day,4,GBP
ORD117127,01-07-2023,BR96,USA,Chicago,CUST3188,PROD743,Laptop,HP Spectre x360,Lenovo,4,1475.95,0.16,0.18,5851.85,Credit Card,Online,EMP642,1,1,Same Day,5,EUR
ORD117128,05-05-2024,BR1,UAE,Abu Dhabi,CUST5883,PROD917,TV,Sony Bravia 55,Apple,3,1161.08,0.05,0.18,3904.71,Cash,Online,EMP736,2,1,Standard,10,EUR
ORD117129,02-04-2023,BR27,Germany,Berlin,CUST1126,PROD977,Mobile,OnePlus 11,Apple,2,190.37,0.06,0.18,422.32,Debit Card,In-Store,EMP489,3,0,Express,3,USD
ORD117130,08-10-2024,BR56,UAE,Abu Dhabi,CUST7382,PROD137,Tablet,Lenovo Tab P11,HP,2,618.74,0.07,0.18,1358.01,Cash,In-Store,EMP532,3,0,Express,4,USD
ORD117131,25-08-2023,BR12,UAE,Dubai,CUST7529,PROD454,Laptop,Dell XPS 13,Samsung,5,828.09,0.23,0.18,3762.01,Net Banking,In-Store,EMP861,0,0,Same Day,6,EUR
ORD117132,09-04-2024,BR44,Germany,Munich,CUST2046,PROD279,TV,LG OLED 48,Apple,5,425.89,0.28,0.18,1809.18,Credit Card,In-Store,EMP514,2,0,Express,4,AED
ORD117133,06-07-2023,BR102,UAE,Abu Dhabi,CUST8412,PROD145,Tablet,Samsung Galaxy Tab,OnePlus,5,338.59,0.28,0.18,1438.33,Net Banking,Online,EMP655,0,0,Express,1,AED
ORD117134,12-09-2023,BR102,Germany,Berlin,CUST9162,PROD884,Tablet,Samsung Galaxy Tab,Samsung,2,351.11,0.29,0.18,588.32,UPI,In-Store,EMP390,3,0,Express,5,INR
ORD117135,20-12-2023,BR14,Germany,Hamburg,CUST2407,PROD607,Tablet,Lenovo Tab P11,Lenovo,2,1333.95,0.27,0.18,2298.13,Debit Card,Online,EMP687,3,1,Express,9,EUR
ORD117136,24-09-2024,BR8,Germany,Berlin,CUST5373,PROD770,TV,Sony Bravia 55,HP,4,1052.28,0.28,0.18,3576.07,Cash,In-Store,EMP462,3,0,Same Day,1,AED
ORD117137,14-10-2023,BR31,USA,Chicago,CUST8803,PROD506,Laptop,HP Spectre x360,Dell,3,482.61,0.25,0.18,1281.33,Cash,In-Store,EMP881,0,0,Express,1,GBP
ORD117138,05-03-2023,BR97,Germany,Hamburg,CUST2361,PROD523,TV,Sony Bravia 55,Lenovo,2,587.92,0.09,0.18,1262.62,Net Banking,Online,EMP317,2,0,Express,9,AED
ORD117139,28-05-2024,BR3,USA,Dallas,CUST3336,PROD973,TV,Sony Bravia 55,OnePlus,4,808.82,0.22,0.18,2977.75,Cash,In-Store,EMP416,0,0,Same Day,6,AED
ORD117140,14-02-2023,BR57,UK,London,CUST6046,PROD815,Tablet,iPad Air,Samsung,3,1162.55,0.11,0.18,3662.73,UPI,In-Store,EMP537,0,1,Standard,8,GBP
ORD117141,27-06-2024,BR100,USA,New York,CUST3320,PROD968,Accessories,Bluetooth Headphones,LG,5,292.92,0.02,0.18,1693.66,UPI,Online,EMP316,0,1,Same Day,5,EUR
ORD117142,05-11-2023,BR103,Germany,Munich,CUST9958,PROD190,TV,Sony Bravia 55,HP,3,1870.6,0.07,0.18,6158.39,Debit Card,In-Store,EMP936,2,1,Standard,10,EUR
ORD117143,01-01-2023,BR10,India,Mumbai,CUST4181,PROD222,TV,Samsung QLED 50,HP,3,1414.34,0.23,0.18,3855.21,Debit Card,In-Store,EMP549,1,1,Same Day,2,EUR
ORD117144,23-09-2023,BR47,India,Mumbai,CUST8694,PROD475,Tablet,Lenovo Tab P11,HP,5,1775.96,0.19,0.18,8487.31,Cash,Online,EMP992,0,0,Standard,9,INR
ORD117145,22-04-2024,BR61,UK,Birmingham,CUST9955,PROD539,Tablet,Lenovo Tab P11,LG,5,485.66,0.05,0.18,2722.12,Debit Card,In-Store,EMP741,2,0,Express,1,AED
ORD117146,09-08-2024,BR19,India,Bangalore,CUST1872,PROD684,Laptop,MacBook Air M2,Apple,3,139.54,0.21,0.18,390.24,UPI,Online,EMP269,2,0,Same Day,6,GBP
ORD117147,20-02-2024,BR43,Germany,Berlin,CUST3314,PROD600,Laptop,MacBook Air M2,Sony,3,1933.75,0.02,0.18,6708.57,UPI,Online,EMP775,3,0,Standard,2,AED
ORD117148,07-10-2024,BR82,USA,New York,CUST7576,PROD702,Tablet,Samsung Galaxy Tab,Lenovo,4,1861,0.16,0.18,7378.49,Debit Card,Online,EMP654,1,0,Express,6,AED
ORD117149,03-10-2023,BR83,UAE,Abu Dhabi,CUST6700,PROD129,Tablet,Samsung Galaxy Tab,Samsung,2,634.29,0.02,0.18,1466.99,Credit Card,In-Store,EMP640,3,0,Standard,10,USD
ORD117150,26-03-2023,BR57,India,Pune,CUST4710,PROD758,Accessories,Keyboard,HP,5,1493.04,0.1,0.18,7928.04,UPI,Online,EMP278,1,1,Standard,6,INR
ORD117151,19-01-2023,BR18,India,Mumbai,CUST4391,PROD737,TV,LG OLED 48,Dell,2,1962.7,0.22,0.18,3612.94,Debit Card,In-Store,EMP498,2,1,Same Day,8,GBP
ORD117152,22-07-2023,BR73,USA,New York,CUST2999,PROD616,TV,LG OLED 48,Dell,5,1366.75,0.14,0.18,6934.89,UPI,Online,EMP482,1,1,Express,3,INR
ORD117153,28-09-2023,BR4,UK,London,CUST2366,PROD160,TV,Sony Bravia 55,Lenovo,1,1209.1,0.19,0.18,1155.66,Credit Card,Online,EMP360,2,0,Standard,3,INR
ORD117154,02-10-2023,BR44,UAE,Dubai,CUST8050,PROD284,Accessories,Keyboard,HP,2,1875.54,0.3,0.18,3098.39,Cash,In-Store,EMP978,1,1,Express,10,AED
ORD117155,27-10-2024,BR33,India,Bangalore,CUST2503,PROD703,Laptop,HP Spectre x360,Lenovo,5,447.16,0.18,0.18,2163.36,Net Banking,Online,EMP347,3,1,Standard,4,AED
ORD117156,02-01-2023,BR96,USA,Los Angeles,CUST4201,PROD800,Tablet,Samsung Galaxy Tab,Sony,2,1867.65,0.15,0.18,3746.51,Net Banking,In-Store,EMP686,3,1,Express,6,GBP
ORD117157,29-10-2024,BR110,India,Mumbai,CUST1551,PROD381,Laptop,Dell XPS 13,Samsung,1,63.67,0.22,0.18,58.6,Credit Card,Online,EMP284,1,1,Same Day,6,GBP
ORD117158,22-06-2023,BR104,USA,New York,CUST3979,PROD459,Mobile,OnePlus 11,Sony,1,1444.97,0.29,0.18,1210.6,Net Banking,Online,EMP788,1,1,Standard,5,INR
ORD117159,29-04-2024,BR39,UK,London,CUST9736,PROD331,Accessories,Keyboard,Samsung,1,891.82,0.28,0.18,757.69,Debit Card,Online,EMP329,0,1,Express,9,EUR
ORD117160,08-09-2024,BR114,UAE,Dubai,CUST3633,PROD868,Mobile,iPhone 14,OnePlus,4,877.01,0.08,0.18,3808.33,Cash,In-Store,EMP837,1,0,Same Day,8,AED
ORD117161,26-09-2023,BR59,UAE,Dubai,CUST8129,PROD403,Tablet,Lenovo Tab P11,Apple,5,1891.59,0.17,0.18,9263.12,Debit Card,Online,EMP760,0,1,Express,5,USD
ORD117162,01-04-2023,BR36,UAE,Dubai,CUST6978,PROD251,Tablet,Samsung Galaxy Tab,HP,2,147.03,0.08,0.18,319.23,Credit Card,Online,EMP606,3,0,Express,6,EUR
ORD117163,21-11-2024,BR98,UK,Manchester,CUST5686,PROD842,Mobile,OnePlus 11,OnePlus,5,795.65,0.24,0.18,3567.69,Credit Card,In-Store,EMP313,0,1,Standard,9,GBP
ORD117164,04-02-2024,BR109,USA,Chicago,CUST2010,PROD725,Accessories,Keyboard,Dell,5,1484.26,0.24,0.18,6655.42,Credit Card,Online,EMP532,0,1,Express,8,USD
ORD117165,16-03-2023,BR53,UAE,Abu Dhabi,CUST2351,PROD220,Tablet,iPad Air,Lenovo,3,915.52,0.07,0.18,3014.07,Cash,Online,EMP296,1,1,Same Day,3,USD
ORD117166,13-11-2023,BR4,UAE,Dubai,CUST1239,PROD597,Laptop,HP Spectre x360,HP,3,1402.57,0.27,0.18,3624.52,Credit Card,Online,EMP367,3,1,Express,2,INR
ORD117167,07-03-2023,BR17,UK,Manchester,CUST9547,PROD825,Tablet,Lenovo Tab P11,HP,5,1539.66,0.15,0.18,7721.39,Debit Card,In-Store,EMP825,0,0,Standard,10,INR
ORD117168,12-09-2023,BR107,UAE,Dubai,CUST8277,PROD237,Mobile,OnePlus 11,Sony,2,1860.56,0.25,0.18,3293.19,Net Banking,In-Store,EMP444,2,0,Express,3,USD
ORD117169,22-01-2024,BR38,Germany,Hamburg,CUST2222,PROD764,Mobile,OnePlus 11,Dell,2,846.19,0.15,0.18,1697.46,Net Banking,In-Store,EMP688,3,0,Same Day,3,EUR
ORD117170,12-12-2024,BR21,UK,Birmingham,CUST6852,PROD451,Mobile,Samsung Galaxy S23,OnePlus,4,709.5,0.21,0.18,2645.58,Cash,In-Store,EMP402,0,0,Express,3,USD
ORD117171,07-04-2023,BR64,UK,Birmingham,CUST9860,PROD447,Tablet,Lenovo Tab P11,Apple,3,1457.44,0.12,0.18,4540.22,Cash,In-Store,EMP307,1,1,Same Day,8,EUR
ORD117172,04-06-2024,BR101,UK,London,CUST4829,PROD636,TV,Sony Bravia 55,HP,1,1581.55,0.14,0.18,1604.96,Debit Card,In-Store,EMP674,0,0,Standard,1,GBP
ORD117173,12-04-2023,BR9,USA,Los Angeles,CUST8292,PROD934,Laptop,MacBook Air M2,OnePlus,5,92.63,0.28,0.18,393.49,Debit Card,Online,EMP628,0,1,Same Day,3,GBP
ORD117174,14-12-2023,BR95,UK,London,CUST5148,PROD769,TV,Samsung QLED 50,Samsung,2,524.51,0.2,0.18,990.27,Net Banking,Online,EMP342,0,1,Express,2,AED
ORD117175,29-12-2024,BR48,India,Mumbai,CUST9677,PROD763,Mobile,iPhone 14,Lenovo,1,67.88,0.15,0.18,68.08,UPI,In-Store,EMP859,1,1,Standard,7,AED
ORD117176,11-04-2024,BR47,India,Pune,CUST6985,PROD380,Laptop,MacBook Air M2,LG,5,1502.48,0.12,0.18,7800.88,Cash,In-Store,EMP984,3,1,Express,8,AED
ORD117177,01-02-2024,BR34,Germany,Munich,CUST4864,PROD811,TV,Samsung QLED 50,Sony,3,157.01,0.23,0.18,427.98,Credit Card,Online,EMP482,3,0,Same Day,4,EUR
ORD117178,18-03-2024,BR68,UAE,Abu Dhabi,CUST2210,PROD697,TV,Sony Bravia 55,Lenovo,1,272.9,0.19,0.18,260.84,UPI,In-Store,EMP724,1,0,Standard,3,AED
ORD117179,28-06-2024,BR5,UK,Manchester,CUST1568,PROD997,Tablet,iPad Air,Samsung,5,1783.65,0.29,0.18,7471.71,Credit Card,In-Store,EMP428,3,1,Same Day,7,AED
ORD117180,30-04-2023,BR72,India,Mumbai,CUST5551,PROD930,Tablet,iPad Air,Samsung,2,809.53,0.17,0.18,1585.71,Credit Card,In-Store,EMP206,3,0,Express,6,AED
ORD117181,23-09-2024,BR97,USA,Los Angeles,CUST3619,PROD414,Laptop,HP Spectre x360,Sony,3,1117.41,0.21,0.18,3124.95,Credit Card,Online,EMP950,0,1,Standard,7,GBP
ORD117182,06-01-2023,BR5,Germany,Hamburg,CUST6767,PROD874,Laptop,HP Spectre x360,OnePlus,2,1838.16,0.12,0.18,3817.49,Cash,In-Store,EMP973,0,1,Standard,9,INR
ORD117183,19-12-2024,BR16,UAE,Dubai,CUST4727,PROD355,Laptop,Dell XPS 13,LG,3,846.42,0.22,0.18,2337.13,Net Banking,In-Store,EMP976,2,1,Standard,3,GBP
ORD117184,22-01-2024,BR17,USA,Los Angeles,CUST1624,PROD651,TV,Samsung QLED 50,Dell,1,1909.88,0.11,0.18,2005.76,Credit Card,In-Store,EMP588,2,0,Same Day,10,USD
ORD117185,30-06-2024,BR49,USA,Chicago,CUST2825,PROD206,Mobile,iPhone 14,Samsung,1,1512.1,0.29,0.18,1266.84,UPI,In-Store,EMP873,1,1,Standard,1,INR
ORD117186,18-11-2024,BR103,UK,Birmingham,CUST9138,PROD674,Laptop,HP Spectre x360,LG,1,588.11,0.28,0.18,499.66,Cash,In-Store,EMP416,1,1,Standard,7,GBP
ORD117187,08-04-2023,BR7,UAE,Dubai,CUST1239,PROD134,TV,Sony Bravia 55,Apple,2,1426.24,0.25,0.18,2524.44,Cash,Online,EMP703,1,0,Standard,4,GBP
ORD117188,25-10-2024,BR112,USA,Chicago,CUST3774,PROD912,Mobile,OnePlus 11,Samsung,4,1803.03,0.2,0.18,6808.24,Net Banking,In-Store,EMP289,2,0,Same Day,2,EUR
ORD117189,21-10-2023,BR45,UAE,Abu Dhabi,CUST9079,PROD831,TV,LG OLED 48,Sony,4,663.92,0.29,0.18,2224.93,Net Banking,Online,EMP220,3,1,Express,1,INR
ORD117190,29-10-2024,BR97,India,Delhi,CUST8936,PROD383,Laptop,Dell XPS 13,LG,3,714.47,0.24,0.18,1922.21,Cash,Online,EMP492,2,1,Same Day,7,AED
ORD117191,03-05-2023,BR68,UK,London,CUST8184,PROD798,TV,LG OLED 48,Samsung,4,412.98,0.15,0.18,1656.88,Credit Card,In-Store,EMP970,2,0,Same Day,2,EUR
ORD117192,04-01-2023,BR55,Germany,Munich,CUST6509,PROD314,TV,LG OLED 48,Sony,2,1976.21,0.09,0.18,4244.11,Cash,Online,EMP886,0,1,Same Day,10,USD
ORD117193,24-10-2023,BR2,India,Mumbai,CUST7350,PROD141,Laptop,Dell XPS 13,Samsung,1,598.78,0.15,0.18,600.58,Credit Card,Online,EMP698,0,0,Same Day,3,AED
ORD117194,19-01-2024,BR10,USA,New York,CUST6654,PROD847,TV,Sony Bravia 55,Dell,2,332.24,0.22,0.18,611.59,Cash,Online,EMP754,3,1,Express,7,GBP
ORD117195,17-07-2023,BR27,UAE,Dubai,CUST4699,PROD905,Mobile,iPhone 14,Dell,2,1856.27,0.24,0.18,3329.41,Credit Card,In-Store,EMP596,1,1,Express,1,AED
ORD117196,04-04-2023,BR41,UK,Manchester,CUST4898,PROD674,Mobile,OnePlus 11,HP,3,123.31,0,0.18,436.52,Debit Card,In-Store,EMP496,0,1,Express,3,AED
ORD117197,26-12-2023,BR60,Germany,Munich,CUST5380,PROD886,Accessories,Wireless Mouse,Samsung,4,404.79,0.28,0.18,1375.64,UPI,In-Store,EMP887,3,1,Standard,7,AED
ORD117198,31-05-2024,BR19,India,Bangalore,CUST7520,PROD520,TV,Samsung QLED 50,OnePlus,4,1317.06,0.16,0.18,5221.88,Credit Card,In-Store,EMP422,1,1,Same Day,6,USD
ORD117199,30-08-2024,BR78,USA,Chicago,CUST1216,PROD910,TV,Sony Bravia 55,Dell,1,514.3,0.06,0.18,570.46,Net Banking,In-Store,EMP920,3,1,Standard,4,EUR
ORD117200,06-05-2024,BR92,Germany,Munich,CUST6309,PROD534,Accessories,Keyboard,OnePlus,3,571.2,0.27,0.18,1476.1,Debit Card,Online,EMP578,3,0,Standard,5,AED
ORD117201,25-07-2023,BR100,India,Mumbai,CUST7919,PROD121,TV,Sony Bravia 55,Dell,1,250.56,0.16,0.18,248.36,Net Banking,Online,EMP414,0,1,Standard,7,GBP
ORD117202,15-02-2023,BR33,UK,Manchester,CUST6608,PROD246,Tablet,Samsung Galaxy Tab,Samsung,2,1295.07,0.18,0.18,2506.22,UPI,Online,EMP398,1,0,Same Day,10,GBP
ORD117203,26-01-2023,BR11,UAE,Abu Dhabi,CUST2504,PROD448,Tablet,iPad Air,Apple,4,1155.01,0.09,0.18,4961,UPI,In-Store,EMP973,3,1,Same Day,5,GBP
ORD117204,03-06-2023,BR96,UAE,Abu Dhabi,CUST1872,PROD410,Tablet,Samsung Galaxy Tab,LG,2,351.46,0.16,0.18,696.73,Debit Card,In-Store,EMP902,3,0,Express,8,GBP
ORD117205,23-12-2024,BR19,Germany,Munich,CUST4175,PROD250,TV,LG OLED 48,LG,1,294.19,0.01,0.18,343.67,UPI,Online,EMP668,3,0,Express,2,GBP
ORD117206,28-08-2024,BR95,USA,New York,CUST9203,PROD191,Accessories,Wireless Mouse,OnePlus,2,640.32,0.04,0.18,1450.71,UPI,Online,EMP227,0,1,Standard,3,USD
ORD117207,27-07-2023,BR103,India,Bangalore,CUST5199,PROD397,TV,Sony Bravia 55,Lenovo,5,383.18,0.23,0.18,1740.79,Credit Card,Online,EMP934,0,1,Express,10,GBP
ORD117208,28-05-2024,BR14,UAE,Abu Dhabi,CUST6474,PROD127,Mobile,OnePlus 11,HP,4,1334.11,0.07,0.18,5856.21,Debit Card,In-Store,EMP404,0,0,Same Day,2,USD
ORD117209,20-12-2023,BR13,USA,Dallas,CUST2752,PROD557,Laptop,HP Spectre x360,Dell,3,1066.71,0.24,0.18,2869.88,Cash,In-Store,EMP517,2,1,Express,10,AED
ORD117210,08-09-2024,BR120,UK,London,CUST7372,PROD773,Tablet,Samsung Galaxy Tab,Dell,1,1430.63,0.2,0.18,1350.51,Cash,In-Store,EMP641,0,1,Same Day,8,USD
ORD117211,13-10-2023,BR87,Germany,Berlin,CUST3108,PROD658,Tablet,iPad Air,OnePlus,5,1785.57,0.11,0.18,9376.03,Credit Card,In-Store,EMP953,1,0,Express,5,EUR
ORD117212,07-12-2024,BR58,UAE,Dubai,CUST5373,PROD182,TV,Sony Bravia 55,LG,1,1565.28,0.3,0.18,1292.92,Cash,Online,EMP784,2,1,Express,8,USD
ORD117213,09-09-2023,BR88,UAE,Dubai,CUST4914,PROD482,Laptop,MacBook Air M2,Lenovo,1,1355.52,0.18,0.18,1311.6,Cash,In-Store,EMP746,3,1,Same Day,6,AED
ORD117214,18-02-2024,BR6,India,Bangalore,CUST5863,PROD896,Accessories,Wireless Mouse,LG,1,619.52,0.16,0.18,614.07,Cash,Online,EMP550,0,0,Express,8,USD
ORD117215,08-05-2023,BR97,USA,New York,CUST4822,PROD796,Tablet,Samsung Galaxy Tab,HP,3,549.36,0.09,0.18,1769.71,Credit Card,In-Store,EMP971,3,1,Express,3,GBP
ORD117216,10-08-2023,BR20,Germany,Hamburg,CUST1452,PROD429,Accessories,Keyboard,OnePlus,3,129.16,0.3,0.18,320.06,UPI,Online,EMP645,2,0,Express,2,INR
ORD117217,09-04-2024,BR105,India,Pune,CUST5960,PROD403,Accessories,Wireless Mouse,Sony,5,1534.26,0.26,0.18,6698.58,Cash,Online,EMP630,0,0,Express,2,USD
ORD117218,08-11-2024,BR23,India,Mumbai,CUST3272,PROD897,TV,Samsung QLED 50,Lenovo,4,147.32,0.19,0.18,563.23,Debit Card,Online,EMP310,1,0,Express,6,INR
ORD117219,01-03-2023,BR11,UK,London,CUST3623,PROD594,Mobile,iPhone 14,Samsung,2,388.1,0.26,0.18,677.78,UPI,In-Store,EMP967,2,0,Standard,2,EUR
ORD117220,10-10-2023,BR48,UAE,Abu Dhabi,CUST9485,PROD945,Laptop,Dell XPS 13,Lenovo,2,1424.02,0.04,0.18,3226.26,UPI,In-Store,EMP894,3,0,Standard,2,INR
ORD117221,04-10-2024,BR116,UK,London,CUST7519,PROD493,TV,Sony Bravia 55,OnePlus,2,59.54,0.1,0.18,126.46,Net Banking,In-Store,EMP715,3,0,Express,3,GBP
ORD117222,09-07-2024,BR14,UK,Manchester,CUST1180,PROD994,Tablet,Samsung Galaxy Tab,HP,2,747.27,0.1,0.18,1587.2,Cash,In-Store,EMP295,3,0,Express,7,EUR
ORD117223,19-10-2023,BR13,USA,Dallas,CUST7167,PROD753,Mobile,OnePlus 11,LG,2,719.52,0.14,0.18,1460.34,Credit Card,In-Store,EMP391,0,0,Standard,3,USD
ORD117224,08-10-2024,BR53,India,Bangalore,CUST1550,PROD157,Mobile,iPhone 14,OnePlus,4,108.81,0.13,0.18,446.82,Cash,In-Store,EMP269,0,0,Same Day,10,EUR
ORD117225,09-07-2024,BR53,USA,Los Angeles,CUST7845,PROD182,Tablet,Lenovo Tab P11,HP,5,1746.53,0.15,0.18,8758.85,Cash,Online,EMP305,0,1,Same Day,3,EUR
ORD117226,01-12-2023,BR42,UAE,Abu Dhabi,CUST3867,PROD599,Tablet,Samsung Galaxy Tab,Dell,5,1813.72,0.12,0.18,9416.83,Debit Card,Online,EMP332,3,0,Express,8,INR
ORD117227,01-01-2023,BR20,USA,New York,CUST4758,PROD563,Tablet,Lenovo Tab P11,LG,1,1501.44,0.3,0.18,1240.19,Cash,Online,EMP498,2,0,Same Day,1,AED
ORD117228,16-06-2024,BR36,Germany,Munich,CUST6987,PROD167,Laptop,MacBook Air M2,Samsung,2,1081.47,0,0.18,2552.27,Cash,In-Store,EMP343,3,0,Express,9,AED
ORD117229,24-01-2023,BR23,USA,Dallas,CUST1764,PROD874,TV,Samsung QLED 50,Sony,3,944.16,0.15,0.18,2840.98,Cash,Online,EMP257,2,0,Same Day,3,USD
ORD117230,27-08-2023,BR59,India,Mumbai,CUST5664,PROD102,Tablet,iPad Air,Sony,1,553.29,0.02,0.18,639.82,UPI,In-Store,EMP707,3,1,Express,9,INR
ORD117231,16-09-2024,BR72,India,Delhi,CUST1650,PROD646,Accessories,Bluetooth Headphones,Samsung,2,829.65,0.08,0.18,1801.34,Cash,In-Store,EMP680,1,0,Same Day,6,USD
ORD117232,24-03-2024,BR9,UK,London,CUST5861,PROD106,Accessories,Wireless Mouse,HP,4,450.46,0.2,0.18,1700.94,Net Banking,In-Store,EMP809,1,0,Express,5,AED
ORD117233,14-12-2024,BR5,UAE,Dubai,CUST4365,PROD913,Tablet,Lenovo Tab P11,Dell,5,1002.07,0.3,0.18,4138.55,Debit Card,In-Store,EMP407,2,0,Same Day,3,GBP
ORD117234,04-03-2023,BR97,India,Delhi,CUST6743,PROD463,Mobile,OnePlus 11,Sony,4,1958.56,0.13,0.18,8042.63,Cash,In-Store,EMP956,1,1,Standard,2,AED
ORD117235,25-03-2024,BR105,UAE,Abu Dhabi,CUST8361,PROD219,Mobile,iPhone 14,HP,2,1879.07,0.14,0.18,3813.76,Cash,Online,EMP252,0,0,Standard,3,GBP
ORD117236,05-03-2024,BR5,UK,Birmingham,CUST2294,PROD887,Tablet,iPad Air,Apple,3,492.13,0.29,0.18,1236.92,Credit Card,In-Store,EMP739,1,1,Standard,5,AED
ORD117237,30-09-2024,BR93,UAE,Dubai,CUST5864,PROD801,Tablet,iPad Air,HP,4,169.49,0.18,0.18,655.99,Debit Card,In-Store,EMP809,1,0,Same Day,9,USD
ORD117238,06-02-2023,BR1,India,Pune,CUST7862,PROD564,Laptop,Dell XPS 13,Dell,5,341.17,0.25,0.18,1509.68,Net Banking,In-Store,EMP369,2,1,Express,9,USD
ORD117239,19-06-2024,BR80,UAE,Abu Dhabi,CUST6013,PROD548,Mobile,iPhone 14,OnePlus,3,336.09,0.12,0.18,1046.99,Credit Card,Online,EMP309,1,1,Standard,2,GBP
ORD117240,03-04-2024,BR93,USA,Los Angeles,CUST8024,PROD437,Mobile,iPhone 14,HP,5,1981.37,0.07,0.18,10871.78,UPI,Online,EMP631,3,0,Same Day,5,AED
ORD117241,04-11-2024,BR95,USA,Dallas,CUST5197,PROD517,Laptop,HP Spectre x360,Lenovo,1,1130.26,0.16,0.18,1120.31,Net Banking,In-Store,EMP884,2,1,Express,8,EUR
ORD117242,17-04-2023,BR32,UK,Manchester,CUST4371,PROD544,Tablet,Lenovo Tab P11,Samsung,4,338.89,0.13,0.18,1391.62,Credit Card,In-Store,EMP429,1,0,Same Day,2,USD
ORD117243,16-06-2024,BR118,India,Delhi,CUST8260,PROD584,TV,LG OLED 48,Apple,4,1080.12,0.08,0.18,4690.31,Credit Card,Online,EMP842,1,1,Standard,2,USD
ORD117244,27-06-2023,BR113,UK,Birmingham,CUST6460,PROD552,Mobile,iPhone 14,Dell,4,451.87,0.1,0.18,1919.54,Net Banking,In-Store,EMP340,3,0,Standard,8,USD
ORD117245,10-10-2024,BR3,UK,Manchester,CUST4509,PROD717,Mobile,iPhone 14,LG,3,1573.94,0.02,0.18,5460.31,Debit Card,Online,EMP361,3,1,Same Day,9,AED
ORD117246,03-06-2024,BR75,India,Pune,CUST6798,PROD653,Mobile,OnePlus 11,Dell,5,615.04,0.05,0.18,3447.3,Credit Card,In-Store,EMP398,1,1,Express,8,USD
ORD117247,02-03-2024,BR113,India,Mumbai,CUST8649,PROD931,Accessories,Bluetooth Headphones,HP,5,1514.35,0.16,0.18,7505.12,Net Banking,In-Store,EMP693,1,0,Same Day,9,GBP
ORD117248,25-07-2023,BR80,UAE,Dubai,CUST3538,PROD277,Mobile,OnePlus 11,Dell,5,1764.92,0.22,0.18,8122.16,UPI,Online,EMP536,1,0,Standard,2,INR
ORD117249,15-12-2024,BR97,UK,Birmingham,CUST8102,PROD568,TV,Sony Bravia 55,Dell,2,880.11,0.11,0.18,1848.58,Debit Card,In-Store,EMP483,0,1,Same Day,2,USD
ORD117250,04-07-2024,BR67,UK,Manchester,CUST1046,PROD806,Laptop,MacBook Air M2,LG,5,1299.59,0.05,0.18,7284.2,UPI,Online,EMP891,0,0,Express,6,EUR
ORD117251,12-08-2024,BR40,USA,Dallas,CUST3547,PROD296,Laptop,MacBook Air M2,Samsung,2,191.85,0.02,0.18,443.71,UPI,In-Store,EMP750,2,1,Standard,3,AED
ORD117252,25-08-2023,BR69,USA,New York,CUST2232,PROD476,TV,Sony Bravia 55,Lenovo,4,895.13,0.23,0.18,3253.26,Net Banking,In-Store,EMP641,1,1,Same Day,8,USD
ORD117253,07-11-2023,BR40,USA,Dallas,CUST6443,PROD547,Mobile,Samsung Galaxy S23,Samsung,5,748.35,0.21,0.18,3488.06,Net Banking,In-Store,EMP403,3,0,Express,9,INR
ORD117254,07-09-2024,BR102,Germany,Munich,CUST2845,PROD325,TV,LG OLED 48,LG,2,1805.97,0.29,0.18,3026.08,Net Banking,Online,EMP597,3,0,Same Day,2,GBP
ORD117255,24-09-2023,BR107,India,Delhi,CUST9450,PROD345,Tablet,Lenovo Tab P11,Lenovo,5,1672.86,0.03,0.18,9573.78,Net Banking,In-Store,EMP260,2,0,Same Day,2,GBP
ORD117256,12-10-2023,BR48,India,Mumbai,CUST9545,PROD102,Accessories,Keyboard,HP,1,1474.38,0.04,0.18,1670.18,Credit Card,Online,EMP895,1,1,Standard,3,EUR
ORD117257,26-03-2024,BR43,Germany,Hamburg,CUST1114,PROD529,Accessories,Keyboard,LG,2,1634.99,0.07,0.18,3588.48,Net Banking,Online,EMP750,0,1,Express,6,GBP
ORD117258,15-10-2024,BR96,India,Mumbai,CUST4054,PROD288,TV,Sony Bravia 55,Dell,3,959.88,0.22,0.18,2650.42,Debit Card,Online,EMP223,0,1,Standard,2,USD
ORD117259,18-08-2023,BR92,India,Pune,CUST5215,PROD658,Laptop,MacBook Air M2,HP,3,1175.49,0.25,0.18,3120.93,Cash,In-Store,EMP541,2,1,Same Day,3,USD
ORD117260,24-06-2023,BR109,UAE,Dubai,CUST2147,PROD300,Mobile,iPhone 14,Samsung,4,1359.2,0.22,0.18,5004.03,Debit Card,In-Store,EMP782,1,1,Same Day,6,USD
ORD117261,16-09-2024,BR18,UK,Manchester,CUST7857,PROD687,Tablet,Lenovo Tab P11,Sony,5,337.86,0.28,0.18,1435.23,Debit Card,Online,EMP754,2,0,Standard,8,GBP
ORD117262,05-10-2023,BR37,UK,London,CUST8348,PROD626,Accessories,Wireless Mouse,Apple,2,336.78,0.28,0.18,572.26,Cash,In-Store,EMP390,2,0,Express,6,EUR
ORD117263,20-01-2023,BR83,UK,Birmingham,CUST5468,PROD578,Tablet,iPad Air,Apple,1,1582.02,0.15,0.18,1586.77,Cash,In-Store,EMP670,2,1,Standard,3,AED
ORD117264,06-01-2024,BR60,Germany,Berlin,CUST1521,PROD400,TV,Sony Bravia 55,Apple,5,1743.53,0.25,0.18,7715.12,Cash,In-Store,EMP521,0,0,Standard,8,AED
ORD117265,21-07-2024,BR87,Germany,Munich,CUST7358,PROD549,Mobile,iPhone 14,Lenovo,5,368.99,0.22,0.18,1698.09,Credit Card,Online,EMP848,2,1,Express,1,INR
ORD117266,07-07-2023,BR9,Germany,Munich,CUST9398,PROD117,Tablet,iPad Air,Samsung,1,215.24,0.28,0.18,182.87,Credit Card,Online,EMP566,0,1,Same Day,3,USD
ORD117267,20-10-2024,BR28,Germany,Hamburg,CUST9965,PROD856,Tablet,Samsung Galaxy Tab,OnePlus,5,513.52,0.01,0.18,2999.47,UPI,In-Store,EMP721,2,1,Standard,1,USD
ORD117268,16-06-2023,BR90,UAE,Dubai,CUST7156,PROD602,TV,Sony Bravia 55,Dell,1,1921.37,0.29,0.18,1609.72,Cash,In-Store,EMP236,2,1,Same Day,10,EUR
ORD117269,15-03-2023,BR74,UK,Manchester,CUST6049,PROD441,Laptop,MacBook Air M2,HP,4,1863.39,0.22,0.18,6860.26,Debit Card,Online,EMP599,0,0,Standard,6,USD
ORD117270,19-10-2023,BR10,UAE,Dubai,CUST6047,PROD450,Mobile,iPhone 14,Samsung,3,317.47,0.16,0.18,944.03,Debit Card,In-Store,EMP896,1,0,Express,6,INR
ORD117271,12-04-2024,BR14,USA,Dallas,CUST7142,PROD440,Mobile,iPhone 14,OnePlus,1,97.43,0.25,0.18,86.23,Credit Card,In-Store,EMP365,2,0,Same Day,7,USD
ORD117272,20-06-2023,BR82,USA,New York,CUST3284,PROD927,Accessories,Wireless Mouse,Sony,4,229.68,0.1,0.18,975.68,UPI,Online,EMP299,2,1,Express,1,GBP
ORD117273,02-09-2023,BR5,UK,London,CUST8295,PROD422,Laptop,MacBook Air M2,LG,3,1005.85,0.27,0.18,2599.32,Credit Card,In-Store,EMP420,1,0,Standard,1,AED
ORD117274,12-04-2024,BR42,USA,Los Angeles,CUST4432,PROD628,TV,LG OLED 48,Apple,5,407.88,0.08,0.18,2213.97,Cash,In-Store,EMP897,2,0,Same Day,6,GBP
ORD117275,03-01-2024,BR64,Germany,Berlin,CUST1171,PROD420,Accessories,Keyboard,Dell,1,1115.47,0.22,0.18,1026.68,Net Banking,Online,EMP673,3,0,Standard,5,INR
ORD117276,18-11-2024,BR63,Germany,Hamburg,CUST7641,PROD955,Accessories,Bluetooth Headphones,Lenovo,2,635.5,0.04,0.18,1439.79,Net Banking,Online,EMP976,0,1,Express,8,AED
ORD117277,04-03-2023,BR120,UAE,Abu Dhabi,CUST3174,PROD161,Mobile,iPhone 14,Dell,3,830.07,0.29,0.18,2086.3,Net Banking,Online,EMP431,3,1,Standard,1,USD
ORD117278,27-01-2024,BR4,UAE,Dubai,CUST2666,PROD117,Laptop,MacBook Air M2,LG,4,257.88,0.12,0.18,1071.13,Cash,Online,EMP993,3,1,Express,6,USD
ORD117279,01-06-2024,BR58,India,Mumbai,CUST7083,PROD478,Tablet,iPad Air,LG,2,1097.03,0.08,0.18,2381.87,Credit Card,In-Store,EMP281,1,1,Standard,3,AED
ORD117280,27-03-2023,BR76,UK,Manchester,CUST4175,PROD250,Mobile,Samsung Galaxy S23,OnePlus,5,1812.26,0.02,0.18,10478.49,Cash,In-Store,EMP379,2,1,Express,2,EUR
ORD117281,24-01-2024,BR116,UK,London,CUST4280,PROD655,TV,Sony Bravia 55,Apple,5,112.06,0.07,0.18,614.87,Cash,In-Store,EMP777,0,1,Express,5,INR
ORD117282,27-05-2023,BR10,UK,London,CUST5043,PROD334,Mobile,Samsung Galaxy S23,Apple,5,1284.88,0.25,0.18,5685.59,UPI,Online,EMP926,3,1,Express,9,INR
ORD117283,24-08-2024,BR6,India,Delhi,CUST3707,PROD323,Tablet,Samsung Galaxy Tab,Sony,5,961.22,0.27,0.18,4139.97,Cash,Online,EMP417,0,1,Express,2,GBP
ORD117284,02-11-2023,BR96,UK,Birmingham,CUST2127,PROD323,TV,Samsung QLED 50,Dell,4,741.91,0.2,0.18,2801.45,Net Banking,In-Store,EMP552,1,1,Express,8,GBP
ORD117285,17-03-2023,BR99,Germany,Munich,CUST6824,PROD836,Laptop,MacBook Air M2,Dell,1,1138.03,0.15,0.18,1141.44,Cash,In-Store,EMP990,0,0,Same Day,1,USD
ORD117286,19-06-2023,BR96,Germany,Munich,CUST7100,PROD757,Tablet,Lenovo Tab P11,LG,3,505.96,0.3,0.18,1253.77,Credit Card,In-Store,EMP821,0,1,Standard,7,USD
ORD117287,16-04-2023,BR85,India,Delhi,CUST7585,PROD443,Mobile,iPhone 14,HP,5,1895.3,0.09,0.18,10175.87,Credit Card,Online,EMP966,1,1,Express,9,USD
ORD117288,19-03-2024,BR102,USA,Chicago,CUST8154,PROD257,Mobile,iPhone 14,Apple,3,608.48,0.26,0.18,1593.97,Debit Card,In-Store,EMP793,0,1,Standard,9,GBP
ORD117289,04-10-2024,BR37,Germany,Hamburg,CUST7705,PROD386,Tablet,Lenovo Tab P11,HP,3,1651.56,0.11,0.18,5203.4,Credit Card,Online,EMP556,3,1,Same Day,10,INR
ORD117290,28-03-2023,BR43,Germany,Hamburg,CUST7149,PROD792,Laptop,Dell XPS 13,HP,2,1006.98,0.16,0.18,1996.24,Debit Card,Online,EMP371,1,1,Same Day,4,INR
ORD117291,12-03-2024,BR104,UK,Manchester,CUST4614,PROD524,Tablet,iPad Air,OnePlus,5,833.85,0.06,0.18,4624.53,Debit Card,In-Store,EMP302,1,1,Same Day,10,USD
ORD117292,13-04-2024,BR89,Germany,Hamburg,CUST2724,PROD482,TV,LG OLED 48,Samsung,2,112.71,0.15,0.18,226.1,Cash,In-Store,EMP688,1,0,Standard,2,GBP
ORD117293,28-07-2024,BR24,UK,London,CUST7648,PROD156,Tablet,iPad Air,Apple,5,1510.83,0.23,0.18,6863.7,UPI,Online,EMP305,3,0,Standard,5,USD
ORD117294,08-02-2023,BR13,India,Mumbai,CUST9875,PROD158,Mobile,Samsung Galaxy S23,LG,1,1263.65,0.18,0.18,1222.71,Credit Card,In-Store,EMP839,3,0,Standard,10,GBP
ORD117295,20-04-2023,BR78,UAE,Abu Dhabi,CUST8253,PROD247,Accessories,Keyboard,Samsung,4,1489.52,0.19,0.18,5694.73,Cash,In-Store,EMP893,3,0,Express,3,USD
ORD117296,25-05-2024,BR51,Germany,Munich,CUST8237,PROD611,Mobile,OnePlus 11,Lenovo,3,1571.07,0.26,0.18,4115.57,Credit Card,In-Store,EMP441,1,0,Standard,8,USD
ORD117297,05-08-2024,BR73,UAE,Abu Dhabi,CUST5201,PROD551,Laptop,HP Spectre x360,HP,1,1587.48,0.25,0.18,1404.92,Cash,In-Store,EMP297,2,0,Standard,1,AED
ORD117298,20-11-2024,BR19,Germany,Hamburg,CUST7470,PROD738,Mobile,iPhone 14,Dell,1,866.3,0.16,0.18,858.68,Credit Card,Online,EMP529,3,1,Express,7,USD
ORD117299,30-01-2024,BR87,UAE,Dubai,CUST6033,PROD983,Laptop,HP Spectre x360,Lenovo,5,1433.34,0.21,0.18,6680.8,UPI,Online,EMP891,0,1,Express,10,GBP
ORD117300,06-06-2023,BR108,USA,Los Angeles,CUST2601,PROD724,Accessories,Wireless Mouse,Dell,5,571.17,0.02,0.18,3302.5,UPI,In-Store,EMP597,2,0,Express,8,GBP
ORD117301,11-03-2023,BR34,UK,London,CUST2800,PROD702,TV,Samsung QLED 50,Lenovo,5,1044.33,0.22,0.18,4806.01,Debit Card,In-Store,EMP834,2,0,Standard,5,AED
ORD117302,07-07-2024,BR36,UAE,Dubai,CUST9432,PROD986,TV,LG OLED 48,Lenovo,3,250.56,0.18,0.18,727.33,Credit Card,Online,EMP571,1,0,Express,9,EUR
ORD117303,22-02-2024,BR35,UK,London,CUST7014,PROD601,Accessories,Wireless Mouse,Sony,1,1426.19,0.12,0.18,1480.96,Net Banking,Online,EMP573,3,1,Same Day,10,USD
ORD117304,22-05-2024,BR36,USA,Los Angeles,CUST2386,PROD767,TV,LG OLED 48,Dell,1,422.34,0.25,0.18,373.77,Debit Card,In-Store,EMP538,1,0,Same Day,10,USD
ORD117305,10-06-2024,BR46,Germany,Berlin,CUST3499,PROD504,Tablet,Samsung Galaxy Tab,Samsung,1,1570.71,0.2,0.18,1482.75,Net Banking,In-Store,EMP668,2,0,Express,2,GBP
ORD117306,19-04-2024,BR113,USA,Dallas,CUST8086,PROD965,Tablet,iPad Air,Sony,4,1117.64,0.11,0.18,4694.98,UPI,Online,EMP299,2,1,Express,6,EUR
ORD117307,14-06-2023,BR27,UAE,Abu Dhabi,CUST2125,PROD269,TV,LG OLED 48,HP,1,1050.65,0.11,0.18,1103.39,Net Banking,In-Store,EMP560,3,1,Standard,10,EUR
ORD117308,26-01-2023,BR97,USA,Dallas,CUST9756,PROD981,TV,Sony Bravia 55,Lenovo,1,1008.18,0.09,0.18,1082.58,Net Banking,In-Store,EMP750,3,1,Same Day,6,GBP
ORD117309,25-01-2023,BR17,UAE,Abu Dhabi,CUST5460,PROD195,Mobile,iPhone 14,Lenovo,3,1836.43,0.22,0.18,5070.75,UPI,In-Store,EMP296,1,0,Standard,4,AED
ORD117310,13-10-2023,BR66,Germany,Munich,CUST5710,PROD330,Tablet,iPad Air,LG,2,466.4,0.14,0.18,946.61,Debit Card,In-Store,EMP392,1,0,Express,6,AED
ORD117311,06-03-2023,BR61,UK,Birmingham,CUST7643,PROD240,TV,LG OLED 48,Dell,5,897.13,0.01,0.18,5240.14,Cash,In-Store,EMP203,1,0,Same Day,10,USD
ORD117312,10-01-2023,BR105,Germany,Munich,CUST4358,PROD473,TV,Sony Bravia 55,HP,4,1919.35,0.06,0.18,8515.77,Debit Card,Online,EMP240,1,1,Standard,3,USD
ORD117313,06-01-2024,BR95,UK,London,CUST6902,PROD113,Accessories,Keyboard,LG,3,629.55,0.23,0.18,1716.03,Debit Card,In-Store,EMP337,1,0,Same Day,9,AED
ORD117314,10-10-2024,BR60,Germany,Hamburg,CUST9393,PROD133,Tablet,Lenovo Tab P11,LG,5,536.25,0.17,0.18,2626.02,Debit Card,In-Store,EMP878,2,0,Standard,7,GBP
ORD117315,29-01-2024,BR83,India,Pune,CUST2306,PROD347,Laptop,HP Spectre x360,HP,5,710.17,0.09,0.18,3812.9,Cash,In-Store,EMP544,3,0,Standard,3,INR
ORD117316,06-06-2024,BR23,India,Mumbai,CUST6201,PROD564,Laptop,HP Spectre x360,LG,3,730.11,0.02,0.18,2532.9,UPI,Online,EMP897,0,1,Express,5,INR
ORD117317,16-07-2024,BR5,India,Mumbai,CUST7179,PROD615,Laptop,MacBook Air M2,Dell,3,910.43,0.25,0.18,2417.19,Debit Card,In-Store,EMP329,2,1,Same Day,5,AED
ORD117318,26-09-2024,BR66,UK,Birmingham,CUST2635,PROD176,TV,Sony Bravia 55,Lenovo,4,984.4,0.28,0.18,3345.38,Credit Card,In-Store,EMP503,1,1,Same Day,4,GBP
ORD117319,06-07-2024,BR118,India,Delhi,CUST6671,PROD910,Accessories,Wireless Mouse,Apple,3,601.96,0.06,0.18,2003.08,Net Banking,In-Store,EMP963,1,1,Same Day,3,INR
ORD117320,15-09-2024,BR118,UAE,Dubai,CUST1289,PROD279,Accessories,Keyboard,Dell,5,1155.85,0.18,0.18,5592,Net Banking,In-Store,EMP670,3,0,Express,6,AED
ORD117321,09-08-2023,BR85,USA,New York,CUST5930,PROD233,TV,Samsung QLED 50,Samsung,3,1973.93,0.08,0.18,6428.7,UPI,In-Store,EMP963,0,0,Standard,8,AED
ORD117322,07-05-2023,BR66,UK,London,CUST7471,PROD509,Laptop,Dell XPS 13,LG,2,1968.3,0,0.18,4645.19,UPI,In-Store,EMP212,2,0,Standard,1,INR
ORD117323,14-02-2024,BR46,Germany,Munich,CUST5569,PROD909,Tablet,iPad Air,Apple,5,1708.79,0.29,0.18,7158.12,UPI,In-Store,EMP392,1,0,Same Day,9,INR
ORD117324,29-05-2023,BR113,India,Delhi,CUST2115,PROD126,TV,LG OLED 48,LG,4,878.77,0.14,0.18,3567.1,Cash,Online,EMP769,3,0,Standard,1,INR
ORD117325,13-08-2023,BR44,India,Delhi,CUST6990,PROD738,TV,LG OLED 48,OnePlus,5,1974.17,0.02,0.18,11414.65,UPI,Online,EMP657,1,0,Same Day,4,USD
ORD117326,25-09-2023,BR20,UAE,Abu Dhabi,CUST2960,PROD246,Mobile,iPhone 14,LG,3,490.98,0.24,0.18,1320.93,Credit Card,In-Store,EMP358,0,1,Standard,5,USD
ORD117327,24-02-2024,BR94,UAE,Dubai,CUST8207,PROD866,Laptop,Dell XPS 13,Dell,1,879.34,0.22,0.18,809.34,Cash,Online,EMP864,1,1,Express,3,USD
ORD117328,11-02-2024,BR2,USA,Dallas,CUST9715,PROD886,Laptop,Dell XPS 13,LG,5,1705,0.28,0.18,7242.84,Credit Card,Online,EMP466,2,0,Same Day,9,GBP
ORD117329,31-08-2024,BR24,India,Mumbai,CUST2410,PROD974,Tablet,Lenovo Tab P11,HP,5,654.42,0,0.18,3861.08,Debit Card,In-Store,EMP683,1,1,Express,9,INR
ORD117330,26-02-2023,BR105,Germany,Hamburg,CUST4733,PROD658,Mobile,OnePlus 11,Sony,2,1685.25,0.26,0.18,2943.12,Credit Card,In-Store,EMP802,2,0,Standard,6,GBP
ORD117331,04-03-2024,BR118,UK,Birmingham,CUST4460,PROD168,Accessories,Bluetooth Headphones,Dell,4,1418.92,0.24,0.18,5089.95,Net Banking,Online,EMP788,0,0,Same Day,3,GBP
ORD117332,09-12-2024,BR72,UK,Manchester,CUST4158,PROD226,Laptop,Dell XPS 13,OnePlus,2,1480.05,0.16,0.18,2934.05,Debit Card,Online,EMP537,0,1,Standard,10,USD
ORD117333,03-11-2024,BR32,UAE,Abu Dhabi,CUST3122,PROD807,Accessories,Keyboard,LG,5,423.75,0.1,0.18,2250.11,Credit Card,Online,EMP387,0,1,Standard,9,AED
ORD117334,24-06-2023,BR71,India,Bangalore,CUST3516,PROD804,Mobile,iPhone 14,Samsung,2,1378.41,0.03,0.18,3155.46,UPI,In-Store,EMP718,3,1,Standard,10,GBP
ORD117335,03-12-2024,BR12,UAE,Dubai,CUST9277,PROD958,Accessories,Bluetooth Headphones,Lenovo,1,1491.77,0.29,0.18,1249.8,Debit Card,Online,EMP813,3,1,Express,4,INR
ORD117336,31-10-2023,BR45,India,Pune,CUST7430,PROD623,TV,Samsung QLED 50,Apple,5,1390.09,0.01,0.18,8119.52,UPI,Online,EMP622,0,0,Same Day,1,AED
ORD117337,14-04-2024,BR113,UAE,Dubai,CUST4853,PROD176,Tablet,Lenovo Tab P11,Sony,5,444.33,0.12,0.18,2306.96,Net Banking,Online,EMP389,1,0,Express,8,EUR
ORD117338,26-11-2024,BR93,Germany,Berlin,CUST2174,PROD568,Mobile,OnePlus 11,Samsung,1,1033.84,0.27,0.18,890.55,UPI,In-Store,EMP668,2,1,Same Day,2,EUR
ORD117339,23-10-2024,BR91,UAE,Dubai,CUST5024,PROD884,Accessories,Wireless Mouse,Samsung,4,1722.57,0.19,0.18,6585.73,Net Banking,Online,EMP933,0,0,Same Day,7,EUR
ORD117340,18-01-2024,BR14,UAE,Abu Dhabi,CUST7700,PROD199,Laptop,HP Spectre x360,LG,3,1978.2,0.15,0.18,5952.4,Credit Card,In-Store,EMP901,0,0,Standard,6,AED
ORD117341,07-12-2023,BR89,Germany,Munich,CUST6759,PROD307,TV,Samsung QLED 50,Lenovo,3,409.57,0,0.18,1449.88,Cash,Online,EMP578,3,1,Standard,1,INR
ORD117342,07-06-2024,BR43,India,Pune,CUST8172,PROD125,TV,Sony Bravia 55,Apple,5,112.42,0.28,0.18,477.56,Credit Card,Online,EMP609,1,1,Same Day,2,EUR
ORD117343,05-07-2024,BR77,UK,Birmingham,CUST8982,PROD776,Laptop,MacBook Air M2,HP,2,1605.48,0.18,0.18,3106.92,Cash,In-Store,EMP212,0,1,Express,10,INR
ORD117344,05-12-2024,BR119,UAE,Dubai,CUST9408,PROD630,Tablet,Samsung Galaxy Tab,LG,3,1808.97,0.24,0.18,4866.85,Credit Card,Online,EMP215,2,1,Express,1,GBP
ORD117345,22-09-2023,BR47,UK,Birmingham,CUST1730,PROD686,Laptop,Dell XPS 13,Sony,2,1818.44,0.29,0.18,3046.98,UPI,Online,EMP994,2,1,Standard,1,INR
ORD117346,14-03-2023,BR7,Germany,Berlin,CUST6530,PROD202,Tablet,Samsung Galaxy Tab,Lenovo,3,1035.12,0.15,0.18,3114.68,Cash,In-Store,EMP428,1,0,Express,3,USD
ORD117347,24-12-2024,BR35,Germany,Munich,CUST1017,PROD724,Mobile,iPhone 14,Lenovo,3,1130.85,0.16,0.18,3362.7,Cash,Online,EMP449,1,1,Same Day,3,USD
ORD117348,02-06-2024,BR113,Germany,Munich,CUST5718,PROD430,Mobile,Samsung Galaxy S23,Dell,2,1230.43,0.11,0.18,2584.4,Net Banking,In-Store,EMP721,2,1,Standard,7,USD
ORD117349,22-08-2023,BR109,India,Bangalore,CUST9292,PROD447,Tablet,Samsung Galaxy Tab,Samsung,3,1020.67,0.15,0.18,3071.2,Credit Card,Online,EMP211,0,0,Same Day,1,INR
ORD117350,08-01-2023,BR70,India,Bangalore,CUST8529,PROD139,TV,LG OLED 48,Dell,3,773.81,0.29,0.18,1944.89,Cash,Online,EMP315,0,0,Standard,1,INR
ORD117351,08-10-2024,BR76,UK,Manchester,CUST4610,PROD389,Laptop,MacBook Air M2,Lenovo,3,1760.31,0.03,0.18,6044.55,Net Banking,In-Store,EMP601,0,1,Same Day,3,USD
ORD117352,13-06-2024,BR120,UAE,Dubai,CUST6183,PROD696,Laptop,Dell XPS 13,Sony,4,1303.03,0.22,0.18,4797.24,Net Banking,In-Store,EMP978,1,1,Standard,6,EUR
ORD117353,23-10-2024,BR108,USA,Chicago,CUST2133,PROD301,Accessories,Keyboard,HP,4,1450.03,0.17,0.18,5680.64,UPI,In-Store,EMP687,2,1,Standard,2,INR
ORD117354,18-07-2023,BR96,Germany,Berlin,CUST9885,PROD948,Laptop,HP Spectre x360,Sony,5,1703.57,0.18,0.18,8241.87,UPI,In-Store,EMP999,2,0,Same Day,9,GBP
ORD117355,03-02-2024,BR100,Germany,Hamburg,CUST6435,PROD440,Tablet,iPad Air,Lenovo,1,600.7,0.04,0.18,680.47,Credit Card,In-Store,EMP304,3,1,Express,10,USD
ORD117356,08-03-2023,BR106,Germany,Hamburg,CUST9858,PROD872,TV,Samsung QLED 50,Apple,3,1985.75,0.15,0.18,5975.12,Cash,Online,EMP524,0,1,Standard,8,EUR
ORD117357,30-12-2024,BR3,UK,Manchester,CUST1141,PROD417,Tablet,Samsung Galaxy Tab,Apple,4,1730.43,0.02,0.18,8004.28,UPI,In-Store,EMP554,1,0,Standard,10,INR
ORD117358,19-10-2023,BR83,UAE,Dubai,CUST8923,PROD950,Laptop,HP Spectre x360,Dell,3,1540.26,0.24,0.18,4143.92,Net Banking,Online,EMP456,0,0,Standard,6,USD
ORD117359,20-02-2023,BR97,Germany,Munich,CUST2674,PROD876,TV,Samsung QLED 50,Apple,3,1975.81,0.14,0.18,6015.16,Debit Card,Online,EMP914,2,0,Express,10,GBP
ORD117360,04-10-2024,BR8,UAE,Dubai,CUST2642,PROD872,TV,LG OLED 48,HP,1,1837.68,0.24,0.18,1648.03,Credit Card,In-Store,EMP705,1,0,Express,9,USD
ORD117361,21-01-2023,BR51,India,Delhi,CUST2564,PROD654,TV,Sony Bravia 55,Dell,3,602.21,0.02,0.18,2089.19,Credit Card,Online,EMP204,3,0,Express,1,INR
ORD117362,19-06-2023,BR33,UAE,Dubai,CUST4554,PROD318,Accessories,Keyboard,Samsung,1,1263.54,0.25,0.18,1118.23,Cash,In-Store,EMP851,0,1,Express,6,INR
ORD117363,06-06-2024,BR95,India,Mumbai,CUST5746,PROD131,Mobile,OnePlus 11,Samsung,1,1642.95,0.05,0.18,1841.75,Debit Card,In-Store,EMP892,2,1,Same Day,10,INR
ORD117364,02-04-2024,BR10,UAE,Dubai,CUST1039,PROD637,TV,Samsung QLED 50,Lenovo,1,1074.67,0.14,0.18,1090.58,UPI,Online,EMP572,0,0,Standard,9,USD
ORD117365,08-01-2024,BR27,India,Mumbai,CUST3118,PROD228,Mobile,iPhone 14,Dell,5,1381.35,0.13,0.18,7090.47,Net Banking,Online,EMP328,1,0,Express,5,INR
ORD117366,04-05-2024,BR120,UAE,Abu Dhabi,CUST3803,PROD703,TV,Sony Bravia 55,Samsung,4,748,0.27,0.18,2577.31,UPI,Online,EMP312,0,1,Same Day,7,GBP
ORD117367,13-06-2023,BR78,UK,Manchester,CUST9587,PROD315,Mobile,OnePlus 11,Samsung,3,1566.4,0.12,0.18,4879.65,Debit Card,Online,EMP987,3,1,Express,10,AED
ORD117368,08-07-2024,BR9,USA,New York,CUST1184,PROD969,Tablet,iPad Air,LG,4,561.25,0.28,0.18,1907.35,Credit Card,In-Store,EMP967,0,1,Standard,10,AED
ORD117369,29-01-2023,BR9,Germany,Hamburg,CUST6293,PROD146,TV,Samsung QLED 50,OnePlus,4,1361.22,0.2,0.18,5139.97,UPI,Online,EMP296,3,0,Standard,2,INR
ORD117370,15-10-2023,BR24,UAE,Dubai,CUST8527,PROD221,Mobile,iPhone 14,LG,5,1870.3,0.07,0.18,10262.34,Credit Card,Online,EMP278,0,1,Express,7,USD
ORD117371,10-07-2023,BR85,Germany,Berlin,CUST2208,PROD267,Laptop,MacBook Air M2,OnePlus,3,1263.31,0.05,0.18,4248.51,Cash,Online,EMP200,1,1,Standard,7,USD
ORD117372,11-10-2024,BR53,USA,Dallas,CUST4815,PROD935,TV,Samsung QLED 50,Apple,4,192.6,0.1,0.18,818.16,Cash,Online,EMP314,3,0,Express,3,GBP
ORD117373,05-09-2024,BR58,UAE,Abu Dhabi,CUST6249,PROD497,Mobile,iPhone 14,HP,4,414.96,0.17,0.18,1625.65,Cash,In-Store,EMP823,2,0,Express,1,USD
ORD117374,13-04-2023,BR59,UK,Birmingham,CUST1218,PROD104,Laptop,Dell XPS 13,HP,3,224,0.16,0.18,666.09,UPI,In-Store,EMP574,0,0,Standard,10,EUR
ORD117375,02-02-2023,BR14,Germany,Hamburg,CUST1120,PROD652,Mobile,Samsung Galaxy S23,Dell,1,1703.69,0.14,0.18,1728.9,Debit Card,In-Store,EMP768,1,1,Same Day,3,EUR
ORD117376,26-08-2023,BR13,India,Pune,CUST3164,PROD463,Mobile,OnePlus 11,OnePlus,4,1447.85,0.1,0.18,6150.47,UPI,Online,EMP572,0,1,Same Day,2,GBP
ORD117377,21-10-2023,BR18,UAE,Dubai,CUST1812,PROD324,Tablet,Lenovo Tab P11,OnePlus,3,1104.2,0.09,0.18,3557.07,UPI,Online,EMP914,2,0,Express,4,USD
ORD117378,31-12-2024,BR96,India,Pune,CUST5832,PROD587,Laptop,HP Spectre x360,Dell,4,345.9,0.09,0.18,1485.71,Debit Card,Online,EMP956,2,0,Same Day,1,USD
ORD117379,04-09-2024,BR25,USA,New York,CUST8430,PROD909,Accessories,Bluetooth Headphones,Samsung,4,1214.43,0.07,0.18,5330.86,Debit Card,In-Store,EMP467,3,0,Express,6,USD
ORD117380,16-12-2024,BR34,UAE,Abu Dhabi,CUST8062,PROD710,TV,LG OLED 48,Samsung,1,1498.84,0.13,0.18,1538.71,Cash,Online,EMP695,2,0,Standard,6,INR
ORD117381,16-11-2024,BR24,Germany,Hamburg,CUST8418,PROD320,TV,Samsung QLED 50,HP,2,1739.09,0.16,0.18,3447.57,Debit Card,Online,EMP701,1,0,Express,6,EUR
ORD117382,29-04-2023,BR88,UAE,Dubai,CUST2239,PROD172,Accessories,Bluetooth Headphones,Sony,5,889.59,0.11,0.18,4671.24,Credit Card,In-Store,EMP548,1,0,Standard,6,INR
ORD117383,11-12-2024,BR17,Germany,Berlin,CUST4665,PROD482,Accessories,Keyboard,OnePlus,5,1513.95,0.21,0.18,7056.52,Credit Card,Online,EMP641,1,0,Same Day,4,USD
ORD117384,11-09-2024,BR36,UAE,Dubai,CUST5075,PROD678,Tablet,Lenovo Tab P11,Apple,3,1655.36,0.24,0.18,4453.58,Debit Card,Online,EMP232,0,0,Standard,7,AED
ORD117385,29-08-2024,BR21,Germany,Munich,CUST9451,PROD276,Accessories,Wireless Mouse,LG,2,1589.02,0.19,0.18,3037.57,UPI,In-Store,EMP332,0,1,Express,3,USD
ORD117386,06-09-2024,BR101,Germany,Munich,CUST4035,PROD931,Tablet,iPad Air,Lenovo,5,542.63,0.22,0.18,2497.18,Debit Card,Online,EMP513,2,0,Standard,10,AED
ORD117387,18-07-2023,BR113,UK,Manchester,CUST2805,PROD490,Accessories,Wireless Mouse,Apple,2,1862.3,0.15,0.18,3735.77,UPI,In-Store,EMP507,2,0,Same Day,1,USD
ORD117388,15-07-2024,BR101,USA,New York,CUST2330,PROD115,Laptop,HP Spectre x360,OnePlus,4,1078.84,0.22,0.18,3971.86,Debit Card,In-Store,EMP619,1,0,Standard,9,EUR
ORD117389,25-07-2024,BR117,UAE,Dubai,CUST3466,PROD839,Tablet,Samsung Galaxy Tab,LG,2,1820.67,0.29,0.18,3050.71,Cash,Online,EMP612,1,0,Standard,2,AED
ORD117390,13-06-2024,BR68,India,Mumbai,CUST2961,PROD566,TV,Samsung QLED 50,Samsung,2,1310.69,0.22,0.18,2412.72,Cash,In-Store,EMP851,3,0,Same Day,10,GBP
ORD117391,26-02-2023,BR89,India,Mumbai,CUST7134,PROD626,Laptop,HP Spectre x360,OnePlus,4,284.98,0.26,0.18,995.38,Debit Card,Online,EMP699,1,0,Express,7,USD
ORD117392,27-06-2024,BR9,UK,Birmingham,CUST2242,PROD629,Mobile,iPhone 14,LG,1,260.64,0.08,0.18,282.95,Debit Card,In-Store,EMP605,0,1,Express,2,EUR
ORD117393,10-03-2024,BR56,UK,Birmingham,CUST6583,PROD141,Mobile,Samsung Galaxy S23,Dell,4,650.06,0.28,0.18,2209.16,Net Banking,In-Store,EMP917,2,0,Same Day,9,INR
ORD117394,28-07-2024,BR109,UK,Birmingham,CUST9173,PROD313,Laptop,Dell XPS 13,Apple,2,257.72,0.04,0.18,583.89,UPI,Online,EMP325,2,1,Same Day,10,INR
ORD117395,17-11-2023,BR74,India,Bangalore,CUST1698,PROD873,Tablet,Lenovo Tab P11,OnePlus,1,666.71,0.21,0.18,621.51,UPI,In-Store,EMP236,3,1,Standard,6,INR
ORD117396,22-03-2023,BR86,Germany,Berlin,CUST8501,PROD899,Mobile,iPhone 14,Apple,5,1867.92,0.28,0.18,7934.92,Credit Card,Online,EMP974,1,1,Same Day,3,GBP
ORD117397,04-11-2024,BR85,UAE,Dubai,CUST3023,PROD967,Tablet,iPad Air,Lenovo,5,784.09,0.18,0.18,3793.43,Cash,In-Store,EMP763,2,1,Same Day,10,INR
ORD117398,16-12-2023,BR8,USA,Dallas,CUST8637,PROD550,TV,Samsung QLED 50,LG,4,1216.82,0.18,0.18,4709.58,Net Banking,Online,EMP480,1,1,Standard,8,AED
ORD117399,07-04-2023,BR5,UK,Birmingham,CUST4606,PROD367,TV,Sony Bravia 55,HP,3,1932.78,0.03,0.18,6636.78,Cash,In-Store,EMP602,0,1,Express,4,INR
ORD117400,25-06-2024,BR31,USA,Los Angeles,CUST7956,PROD674,Mobile,Samsung Galaxy S23,Lenovo,3,1074.83,0.19,0.18,3081.97,Debit Card,In-Store,EMP288,1,0,Same Day,8,AED
ORD117401,21-04-2023,BR112,UK,Birmingham,CUST8173,PROD563,Accessories,Wireless Mouse,Dell,1,1195.51,0.19,0.18,1142.67,Credit Card,Online,EMP919,0,0,Standard,6,EUR
ORD117402,20-03-2023,BR38,India,Bangalore,CUST3948,PROD959,TV,LG OLED 48,Samsung,1,1468.11,0.04,0.18,1663.08,Cash,Online,EMP540,0,1,Express,8,INR
ORD117403,07-04-2024,BR40,USA,New York,CUST7228,PROD349,Mobile,Samsung Galaxy S23,LG,5,384.92,0.08,0.18,2089.35,Debit Card,In-Store,EMP726,0,1,Express,8,EUR
ORD117404,13-02-2023,BR3,Germany,Berlin,CUST4476,PROD982,Accessories,Bluetooth Headphones,Sony,4,1779.85,0.12,0.18,7392.78,Net Banking,In-Store,EMP988,3,0,Express,6,AED
ORD117405,30-06-2023,BR15,USA,Chicago,CUST8503,PROD565,TV,Sony Bravia 55,OnePlus,3,144.32,0.1,0.18,459.8,Credit Card,In-Store,EMP970,2,0,Express,9,GBP
ORD117406,26-07-2024,BR60,Germany,Hamburg,CUST9509,PROD537,TV,Samsung QLED 50,Lenovo,5,103.22,0.03,0.18,590.73,UPI,In-Store,EMP537,2,0,Standard,4,EUR
ORD117407,18-03-2024,BR89,USA,New York,CUST8803,PROD275,Tablet,Lenovo Tab P11,LG,4,782.36,0.14,0.18,3175.76,Debit Card,In-Store,EMP451,0,1,Same Day,1,USD
ORD117408,17-02-2023,BR15,UK,Birmingham,CUST1386,PROD827,Laptop,MacBook Air M2,Samsung,2,328.45,0.27,0.18,565.85,Credit Card,In-Store,EMP661,2,0,Same Day,8,GBP
ORD117409,08-02-2023,BR2,India,Mumbai,CUST3632,PROD978,Accessories,Keyboard,Sony,3,1097.3,0.18,0.18,3185.24,Credit Card,Online,EMP755,1,1,Same Day,7,AED
ORD117410,20-04-2023,BR43,UAE,Dubai,CUST5770,PROD964,Accessories,Wireless Mouse,Sony,1,650.14,0.27,0.18,560.03,Cash,In-Store,EMP698,2,1,Express,10,EUR
ORD117411,05-12-2024,BR53,UK,Manchester,CUST5415,PROD683,TV,Sony Bravia 55,Lenovo,4,587.69,0.25,0.18,2080.42,UPI,Online,EMP644,1,0,Standard,7,AED
ORD117412,10-09-2023,BR100,Germany,Berlin,CUST8248,PROD251,Laptop,Dell XPS 13,LG,2,1930.71,0.29,0.18,3235.1,Cash,In-Store,EMP312,2,1,Standard,4,AED
ORD117413,16-10-2023,BR35,UK,London,CUST3070,PROD595,TV,Samsung QLED 50,Apple,4,1891.17,0.15,0.18,7587.37,Credit Card,In-Store,EMP365,2,0,Express,9,EUR
ORD117414,03-03-2024,BR107,USA,Dallas,CUST5905,PROD347,Accessories,Bluetooth Headphones,Lenovo,5,775.47,0.27,0.18,3339.95,Cash,Online,EMP323,2,1,Same Day,3,USD
ORD117415,19-03-2024,BR5,Germany,Munich,CUST8919,PROD948,Accessories,Wireless Mouse,OnePlus,1,573.6,0.09,0.18,615.93,UPI,Online,EMP371,2,0,Express,3,AED
ORD117416,25-11-2023,BR41,India,Pune,CUST1950,PROD589,Accessories,Bluetooth Headphones,OnePlus,4,1267.75,0.07,0.18,5564.92,Debit Card,Online,EMP914,2,1,Express,5,GBP
ORD117417,11-01-2024,BR85,USA,Dallas,CUST8703,PROD295,Tablet,Samsung Galaxy Tab,Samsung,1,76.77,0,0.18,90.59,Cash,In-Store,EMP826,2,0,Standard,10,INR
ORD117418,21-08-2023,BR20,USA,Dallas,CUST5072,PROD486,Tablet,Samsung Galaxy Tab,Apple,1,688.09,0.05,0.18,771.35,Net Banking,In-Store,EMP475,0,0,Same Day,10,EUR
ORD117419,08-03-2024,BR68,UAE,Dubai,CUST2149,PROD151,TV,Sony Bravia 55,Dell,2,1263.02,0.03,0.18,2891.31,Credit Card,Online,EMP608,0,0,Same Day,10,USD
ORD117420,29-07-2023,BR103,UAE,Abu Dhabi,CUST4253,PROD342,Tablet,iPad Air,LG,5,187.73,0.05,0.18,1052.23,Debit Card,Online,EMP846,0,1,Same Day,4,AED
ORD117421,23-02-2023,BR13,USA,Los Angeles,CUST2683,PROD969,Tablet,Lenovo Tab P11,Dell,3,171.72,0.1,0.18,547.1,Debit Card,In-Store,EMP845,1,0,Express,8,INR
ORD117422,19-02-2023,BR102,USA,Chicago,CUST5258,PROD835,Laptop,HP Spectre x360,LG,2,790.01,0.21,0.18,1472.89,UPI,In-Store,EMP810,2,0,Standard,7,GBP
ORD117423,05-06-2023,BR2,UAE,Dubai,CUST8198,PROD974,Laptop,HP Spectre x360,OnePlus,2,769.79,0.04,0.18,1744.04,Cash,In-Store,EMP606,3,0,Same Day,10,USD
ORD117424,16-05-2023,BR100,UAE,Abu Dhabi,CUST2429,PROD758,TV,LG OLED 48,Lenovo,2,413.23,0.18,0.18,799.68,Credit Card,Online,EMP411,0,0,Same Day,1,EUR
ORD117425,18-02-2024,BR75,UK,London,CUST1074,PROD605,Accessories,Wireless Mouse,LG,1,1773.38,0.19,0.18,1695,Cash,In-Store,EMP392,3,0,Same Day,2,GBP
ORD117426,06-08-2023,BR120,UAE,Dubai,CUST3514,PROD627,Mobile,Samsung Galaxy S23,Dell,5,1958.7,0.28,0.18,8320.56,Credit Card,In-Store,EMP346,1,0,Express,3,GBP
ORD117427,05-02-2023,BR58,UAE,Abu Dhabi,CUST1319,PROD447,Tablet,Lenovo Tab P11,Dell,1,207.18,0.1,0.18,220.03,Net Banking,Online,EMP994,1,1,Express,4,AED
ORD117428,21-06-2024,BR5,UAE,Dubai,CUST3387,PROD761,Accessories,Bluetooth Headphones,Dell,5,1317.14,0,0.18,7771.13,Net Banking,In-Store,EMP226,2,0,Standard,9,USD
ORD117429,26-11-2024,BR38,USA,Los Angeles,CUST4040,PROD412,TV,Sony Bravia 55,Lenovo,4,1211.73,0.06,0.18,5376.2,Net Banking,In-Store,EMP939,1,1,Standard,4,EUR
ORD117430,02-01-2024,BR101,India,Mumbai,CUST1302,PROD273,TV,LG OLED 48,Apple,4,227.3,0.01,0.18,1062.13,Cash,Online,EMP724,3,1,Express,4,EUR
ORD117431,05-02-2023,BR56,UK,London,CUST8724,PROD434,Mobile,Samsung Galaxy S23,HP,4,1991.09,0.23,0.18,7236.42,Debit Card,In-Store,EMP540,3,1,Standard,7,GBP
ORD117432,29-12-2023,BR38,India,Delhi,CUST5571,PROD825,TV,LG OLED 48,Sony,3,829.16,0.14,0.18,2524.29,Cash,Online,EMP316,1,0,Standard,1,GBP
ORD117433,03-10-2023,BR110,Germany,Berlin,CUST1638,PROD669,Tablet,Samsung Galaxy Tab,Apple,1,69.43,0.02,0.18,80.29,Cash,In-Store,EMP908,2,1,Same Day,2,GBP
ORD117434,06-04-2023,BR103,India,Pune,CUST6218,PROD493,Laptop,Dell XPS 13,Lenovo,2,1199.96,0.13,0.18,2463.76,Cash,Online,EMP741,0,0,Standard,4,GBP
ORD117435,23-12-2024,BR13,UK,London,CUST6576,PROD635,TV,Sony Bravia 55,OnePlus,5,1392.68,0.27,0.18,5998.27,Cash,Online,EMP266,0,1,Standard,2,AED
ORD117436,15-07-2024,BR30,India,Delhi,CUST4899,PROD339,Mobile,OnePlus 11,LG,4,1280.04,0.26,0.18,4470.92,UPI,Online,EMP384,0,1,Same Day,3,AED
ORD117437,05-01-2023,BR88,USA,Dallas,CUST8528,PROD320,Mobile,iPhone 14,OnePlus,4,1162.27,0.05,0.18,5211.62,Cash,Online,EMP249,0,0,Same Day,8,USD
ORD117438,21-11-2024,BR2,USA,Los Angeles,CUST4735,PROD574,Laptop,Dell XPS 13,LG,5,1969.91,0.11,0.18,10344,Credit Card,Online,EMP429,0,0,Express,2,AED
ORD117439,18-01-2024,BR69,UAE,Dubai,CUST8055,PROD412,Tablet,Lenovo Tab P11,HP,4,752.85,0.13,0.18,3091.5,Credit Card,Online,EMP487,0,1,Same Day,5,GBP
ORD117440,14-08-2024,BR57,Germany,Berlin,CUST2683,PROD198,Accessories,Wireless Mouse,Apple,3,250.97,0.28,0.18,639.67,Cash,Online,EMP341,0,0,Same Day,8,AED
ORD117441,03-01-2024,BR88,Germany,Munich,CUST1620,PROD228,Laptop,MacBook Air M2,OnePlus,2,650.14,0.06,0.18,1442.27,Debit Card,In-Store,EMP869,1,0,Express,10,GBP
ORD117442,04-05-2024,BR112,Germany,Munich,CUST1852,PROD653,TV,LG OLED 48,Sony,3,1541.09,0.26,0.18,4037.04,UPI,In-Store,EMP958,1,0,Standard,1,INR
ORD117443,12-07-2024,BR118,India,Delhi,CUST4193,PROD259,Accessories,Wireless Mouse,Samsung,3,875.08,0.16,0.18,2602.14,Credit Card,In-Store,EMP884,3,0,Standard,7,USD
ORD117444,16-06-2024,BR70,India,Delhi,CUST6099,PROD897,Laptop,MacBook Air M2,Apple,4,983.63,0.08,0.18,4271.31,Net Banking,In-Store,EMP414,1,1,Express,5,EUR
ORD117445,28-03-2024,BR7,UK,Birmingham,CUST4695,PROD825,Mobile,iPhone 14,Samsung,3,1878.66,0.01,0.18,6583.95,Credit Card,Online,EMP326,2,0,Same Day,1,AED
ORD117446,17-03-2024,BR87,Germany,Munich,CUST2474,PROD174,Mobile,OnePlus 11,Sony,2,1764.34,0.09,0.18,3789.1,UPI,Online,EMP423,0,0,Express,8,EUR
ORD117447,15-04-2023,BR50,Germany,Berlin,CUST4906,PROD677,Mobile,iPhone 14,Lenovo,5,1306.43,0.1,0.18,6937.14,Cash,Online,EMP617,1,0,Standard,1,INR
ORD117448,04-12-2023,BR108,Germany,Berlin,CUST5990,PROD819,Mobile,iPhone 14,Dell,3,1435.68,0.03,0.18,4929.84,Cash,In-Store,EMP754,2,1,Express,10,AED
ORD117449,30-03-2023,BR67,UAE,Dubai,CUST7775,PROD693,Laptop,HP Spectre x360,Dell,1,1746.53,0.19,0.18,1669.33,UPI,Online,EMP467,1,0,Same Day,8,GBP
ORD117450,04-11-2024,BR51,India,Bangalore,CUST3290,PROD406,TV,Sony Bravia 55,Lenovo,2,779.66,0.17,0.18,1527.2,Debit Card,In-Store,EMP735,1,0,Express,6,INR
ORD117451,10-12-2024,BR13,UAE,Dubai,CUST4481,PROD763,Accessories,Wireless Mouse,Samsung,2,717.99,0.1,0.18,1525.01,Debit Card,Online,EMP859,2,0,Same Day,10,AED
ORD117452,09-12-2024,BR98,Germany,Munich,CUST7668,PROD758,TV,LG OLED 48,Lenovo,1,1121.36,0.27,0.18,965.94,Cash,Online,EMP466,2,1,Standard,4,GBP
ORD117453,13-07-2023,BR48,UAE,Dubai,CUST4643,PROD724,Accessories,Bluetooth Headphones,Sony,5,58.05,0.05,0.18,325.37,Credit Card,Online,EMP507,3,1,Express,8,INR
ORD117454,03-05-2024,BR74,Germany,Berlin,CUST7129,PROD425,Tablet,Lenovo Tab P11,Samsung,3,1209.44,0.02,0.18,4195.79,UPI,In-Store,EMP278,1,1,Same Day,8,USD
ORD117455,12-08-2024,BR16,USA,Los Angeles,CUST5015,PROD961,TV,Sony Bravia 55,LG,4,1319.1,0.27,0.18,4545.09,Debit Card,Online,EMP775,0,1,Express,2,AED
ORD117456,26-02-2023,BR73,UK,Manchester,CUST4655,PROD660,Accessories,Keyboard,Lenovo,3,952.02,0.02,0.18,3302.75,Net Banking,Online,EMP407,0,0,Express,3,INR
ORD117457,26-06-2023,BR82,UK,London,CUST3484,PROD632,Laptop,MacBook Air M2,OnePlus,1,1705.73,0.17,0.18,1670.59,Debit Card,In-Store,EMP512,3,0,Standard,5,EUR
ORD117458,27-04-2023,BR3,Germany,Hamburg,CUST9936,PROD553,TV,Samsung QLED 50,Lenovo,2,1135.86,0.11,0.18,2385.76,Cash,In-Store,EMP773,3,1,Same Day,4,INR
ORD117459,03-04-2024,BR5,UAE,Abu Dhabi,CUST2012,PROD469,Laptop,Dell XPS 13,Apple,2,1208.61,0.16,0.18,2395.95,Credit Card,In-Store,EMP459,2,1,Same Day,1,GBP
ORD117460,27-09-2023,BR80,USA,Dallas,CUST5153,PROD529,TV,Samsung QLED 50,Sony,5,380.76,0.11,0.18,1999.37,Debit Card,In-Store,EMP562,1,1,Same Day,3,GBP
ORD117461,15-08-2024,BR38,India,Mumbai,CUST2362,PROD413,Accessories,Bluetooth Headphones,Apple,2,1463.03,0.01,0.18,3418.22,Credit Card,Online,EMP406,3,1,Express,9,AED
ORD117462,23-03-2023,BR112,USA,Los Angeles,CUST4578,PROD506,Accessories,Bluetooth Headphones,Dell,5,412.77,0.06,0.18,2289.22,Debit Card,Online,EMP946,2,1,Express,8,AED
ORD117463,21-07-2024,BR108,Germany,Hamburg,CUST1958,PROD107,Mobile,Samsung Galaxy S23,Apple,2,1298.81,0.2,0.18,2452.15,Net Banking,In-Store,EMP385,0,1,Same Day,4,INR
ORD117464,20-01-2024,BR30,USA,Los Angeles,CUST1147,PROD295,Laptop,MacBook Air M2,Apple,5,835.09,0.09,0.18,4483.6,UPI,Online,EMP496,1,1,Same Day,10,INR
ORD117465,26-05-2024,BR95,UK,London,CUST1231,PROD247,Tablet,Samsung Galaxy Tab,Dell,4,139.94,0.08,0.18,607.68,UPI,Online,EMP439,1,0,Standard,1,INR
ORD117466,03-09-2024,BR101,India,Delhi,CUST5431,PROD683,Laptop,HP Spectre x360,Apple,4,590.3,0.26,0.18,2061.8,Credit Card,Online,EMP543,2,1,Standard,10,EUR
ORD117467,15-12-2023,BR60,UAE,Dubai,CUST7241,PROD633,Accessories,Bluetooth Headphones,HP,1,1284.69,0.18,0.18,1243.07,Credit Card,In-Store,EMP841,2,1,Standard,5,AED
ORD117468,20-04-2023,BR103,UAE,Abu Dhabi,CUST4919,PROD171,Tablet,Samsung Galaxy Tab,Samsung,1,1878.6,0.11,0.18,1972.91,Cash,Online,EMP419,2,1,Express,1,INR
ORD117469,07-04-2024,BR43,UK,Birmingham,CUST7705,PROD137,Tablet,Samsung Galaxy Tab,Lenovo,3,935.16,0.27,0.18,2416.64,UPI,Online,EMP743,1,1,Express,5,USD
ORD117470,27-03-2023,BR82,UK,Birmingham,CUST9784,PROD503,Accessories,Wireless Mouse,Apple,3,458.2,0.07,0.18,1508.49,Net Banking,In-Store,EMP752,0,1,Express,9,AED
ORD117471,25-10-2024,BR66,UK,Manchester,CUST6514,PROD130,Laptop,MacBook Air M2,Samsung,1,857.28,0.17,0.18,839.62,Credit Card,In-Store,EMP653,3,1,Express,5,INR
ORD117472,07-07-2023,BR68,USA,Los Angeles,CUST3185,PROD760,TV,LG OLED 48,Dell,5,1718.78,0.08,0.18,9329.54,UPI,Online,EMP257,1,1,Standard,5,AED
ORD117473,28-06-2024,BR33,UK,Manchester,CUST5893,PROD624,Laptop,MacBook Air M2,Lenovo,1,1047.16,0.13,0.18,1075.01,UPI,Online,EMP819,1,0,Standard,10,GBP
ORD117474,07-08-2023,BR65,Germany,Munich,CUST4032,PROD133,Accessories,Bluetooth Headphones,OnePlus,3,1328.23,0.15,0.18,3996.64,Net Banking,In-Store,EMP531,3,0,Standard,2,USD
ORD117475,28-08-2023,BR54,India,Delhi,CUST5439,PROD343,Tablet,iPad Air,Apple,5,992.07,0.19,0.18,4741.1,UPI,Online,EMP480,1,1,Standard,8,GBP
ORD117476,25-10-2024,BR102,India,Bangalore,CUST2396,PROD594,Mobile,OnePlus 11,OnePlus,5,229.58,0.01,0.18,1340.98,Debit Card,In-Store,EMP729,1,0,Standard,3,AED
ORD117477,29-07-2023,BR26,UAE,Abu Dhabi,CUST7238,PROD132,TV,Sony Bravia 55,HP,4,1717.76,0.18,0.18,6648.42,Debit Card,Online,EMP776,1,1,Standard,7,INR
ORD117478,14-01-2023,BR78,UK,Manchester,CUST6475,PROD934,TV,Sony Bravia 55,Apple,2,1798.77,0.24,0.18,3226.27,Cash,In-Store,EMP467,3,0,Express,7,EUR
ORD117479,07-05-2024,BR46,USA,Dallas,CUST3092,PROD695,Mobile,OnePlus 11,HP,5,640.61,0.02,0.18,3704.01,UPI,Online,EMP601,1,0,Express,7,USD
ORD117480,05-01-2023,BR118,Germany,Munich,CUST8328,PROD464,Accessories,Bluetooth Headphones,Sony,2,492.67,0.22,0.18,906.91,UPI,In-Store,EMP661,0,1,Same Day,8,EUR
ORD117481,03-12-2023,BR118,USA,Chicago,CUST5590,PROD444,TV,LG OLED 48,Samsung,3,1205.24,0.23,0.18,3285.24,Debit Card,In-Store,EMP787,1,1,Standard,5,GBP
ORD117482,24-06-2023,BR68,UAE,Abu Dhabi,CUST6953,PROD422,TV,Sony Bravia 55,Sony,2,656.49,0.03,0.18,1502.84,Cash,In-Store,EMP760,2,0,Standard,8,AED
ORD117483,23-04-2023,BR33,USA,Chicago,CUST2742,PROD758,Laptop,MacBook Air M2,Sony,1,1432.55,0.09,0.18,1538.27,Debit Card,Online,EMP926,2,0,Express,7,USD
ORD117484,13-01-2023,BR101,Germany,Berlin,CUST7702,PROD872,Mobile,iPhone 14,Lenovo,5,1845.26,0.18,0.18,8927.37,UPI,In-Store,EMP715,2,1,Same Day,7,GBP
ORD117485,18-09-2023,BR92,Germany,Munich,CUST6890,PROD842,TV,Samsung QLED 50,Lenovo,5,683.76,0.12,0.18,3550.08,UPI,Online,EMP658,3,0,Express,5,GBP
ORD117486,13-02-2023,BR94,India,Pune,CUST3558,PROD328,TV,LG OLED 48,Lenovo,1,856.92,0.29,0.18,717.93,UPI,In-Store,EMP252,2,1,Same Day,6,INR
ORD117487,25-12-2024,BR25,USA,Dallas,CUST9240,PROD381,Accessories,Wireless Mouse,Apple,5,1620.78,0.24,0.18,7267.58,Debit Card,Online,EMP315,0,1,Same Day,9,EUR
ORD117488,23-10-2024,BR41,UAE,Abu Dhabi,CUST1898,PROD300,Laptop,HP Spectre x360,Dell,5,1393.22,0.13,0.18,7151.4,Cash,Online,EMP912,0,1,Same Day,10,EUR
ORD117489,16-03-2023,BR63,UAE,Dubai,CUST2774,PROD620,Mobile,OnePlus 11,Sony,5,266.72,0.26,0.18,1164.5,Debit Card,Online,EMP750,3,0,Same Day,9,AED
ORD117490,23-10-2024,BR96,India,Mumbai,CUST5138,PROD511,TV,Sony Bravia 55,Lenovo,4,477.65,0.23,0.18,1735.97,Credit Card,Online,EMP461,3,1,Standard,6,GBP
ORD117491,19-09-2024,BR120,India,Bangalore,CUST9907,PROD590,TV,Samsung QLED 50,Dell,5,172.51,0.28,0.18,732.82,Debit Card,Online,EMP446,2,0,Standard,9,USD
ORD117492,05-03-2024,BR66,UK,London,CUST7450,PROD993,Accessories,Wireless Mouse,Sony,5,721.67,0.01,0.18,4215.27,Credit Card,Online,EMP340,3,0,Same Day,1,AED
ORD117493,02-03-2024,BR111,UK,London,CUST8300,PROD421,Laptop,Dell XPS 13,OnePlus,4,1595.34,0.17,0.18,6249.9,Debit Card,Online,EMP758,1,1,Express,3,INR
ORD117494,12-12-2024,BR85,India,Delhi,CUST8172,PROD564,Accessories,Wireless Mouse,Dell,2,94.62,0.17,0.18,185.34,Debit Card,Online,EMP558,1,1,Same Day,4,GBP
ORD117495,23-06-2024,BR66,UK,Birmingham,CUST8255,PROD598,Laptop,HP Spectre x360,LG,5,1530.27,0.15,0.18,7674.3,Cash,Online,EMP919,1,0,Standard,5,GBP
ORD117496,29-04-2023,BR120,India,Bangalore,CUST8732,PROD621,Accessories,Keyboard,Samsung,4,778.8,0.29,0.18,2609.91,Net Banking,In-Store,EMP669,0,1,Same Day,1,EUR
ORD117497,26-07-2023,BR85,UK,London,CUST9097,PROD346,Mobile,Samsung Galaxy S23,HP,1,892.39,0.09,0.18,958.25,UPI,Online,EMP938,2,0,Express,10,GBP
ORD117498,31-12-2024,BR5,USA,New York,CUST8031,PROD405,Laptop,HP Spectre x360,OnePlus,5,664.06,0.17,0.18,3251.9,Cash,Online,EMP730,1,0,Same Day,3,INR
ORD117499,05-10-2024,BR41,USA,Dallas,CUST3395,PROD255,Accessories,Bluetooth Headphones,LG,5,1898.07,0.3,0.18,7839.03,Credit Card,In-Store,EMP809,1,0,Same Day,10,USD
ORD117500,25-10-2024,BR83,UAE,Abu Dhabi,CUST6744,PROD530,Laptop,Dell XPS 13,Apple,2,1477.86,0.01,0.18,3452.87,Debit Card,Online,EMP909,1,1,Same Day,7,AED
ORD117501,06-10-2024,BR65,India,Mumbai,CUST6042,PROD916,TV,Sony Bravia 55,LG,1,225.96,0.16,0.18,223.97,Cash,In-Store,EMP567,0,1,Express,6,EUR
ORD117502,28-10-2023,BR92,USA,New York,CUST9237,PROD115,Accessories,Keyboard,Sony,3,343.84,0.11,0.18,1083.3,Credit Card,In-Store,EMP743,3,0,Same Day,2,EUR
ORD117503,15-05-2024,BR57,UAE,Dubai,CUST5078,PROD253,TV,Sony Bravia 55,Samsung,1,1995.1,0.28,0.18,1695.04,Credit Card,Online,EMP793,0,0,Express,6,GBP
ORD117504,13-09-2024,BR94,UK,Manchester,CUST9020,PROD847,Mobile,iPhone 14,Samsung,3,1217.74,0.04,0.18,4138.37,Net Banking,In-Store,EMP557,2,1,Same Day,7,GBP
ORD117505,20-11-2023,BR17,UAE,Dubai,CUST7731,PROD765,TV,Samsung QLED 50,Apple,3,683.36,0.08,0.18,2225.57,UPI,Online,EMP457,1,1,Express,3,INR
ORD117506,23-09-2023,BR104,UAE,Abu Dhabi,CUST3703,PROD861,Accessories,Keyboard,Apple,2,103.53,0.18,0.18,200.35,Credit Card,Online,EMP417,3,0,Standard,7,AED
ORD117507,03-04-2024,BR115,Germany,Berlin,CUST4215,PROD444,Mobile,iPhone 14,Lenovo,2,1968.38,0.05,0.18,4413.11,UPI,Online,EMP603,1,0,Same Day,4,INR
ORD117508,05-10-2024,BR61,UAE,Abu Dhabi,CUST7366,PROD980,TV,Sony Bravia 55,OnePlus,3,1518.24,0.14,0.18,4622.13,Net Banking,In-Store,EMP740,2,1,Standard,4,INR
ORD117509,18-08-2024,BR55,India,Mumbai,CUST1318,PROD925,Tablet,Lenovo Tab P11,HP,2,1415.72,0.2,0.18,2672.88,Cash,In-Store,EMP355,3,0,Express,5,USD
ORD117510,14-12-2024,BR29,UK,Birmingham,CUST3307,PROD517,Accessories,Wireless Mouse,Sony,3,411.57,0.27,0.18,1063.58,Credit Card,In-Store,EMP895,2,0,Same Day,4,GBP
ORD117511,05-02-2024,BR7,UK,London,CUST5884,PROD599,Mobile,Samsung Galaxy S23,Sony,1,124.22,0.02,0.18,143.65,Debit Card,Online,EMP429,3,0,Standard,4,AED
ORD117512,24-09-2024,BR5,UK,London,CUST5487,PROD835,Mobile,iPhone 14,Samsung,3,1725.07,0.1,0.18,5496.07,Debit Card,In-Store,EMP958,1,0,Express,5,GBP
ORD117513,09-06-2023,BR29,UK,Manchester,CUST8770,PROD431,Laptop,Dell XPS 13,Dell,3,350.42,0.25,0.18,930.37,Debit Card,Online,EMP535,2,1,Express,6,GBP
ORD117514,02-01-2023,BR52,USA,Los Angeles,CUST7013,PROD281,Accessories,Bluetooth Headphones,Samsung,3,1494.43,0.01,0.18,5237.38,Debit Card,Online,EMP359,2,1,Express,5,INR
ORD117515,22-04-2024,BR94,India,Mumbai,CUST7287,PROD852,TV,Sony Bravia 55,Samsung,4,878.26,0.15,0.18,3523.58,Cash,Online,EMP473,0,1,Express,10,GBP
ORD117516,13-11-2023,BR98,India,Pune,CUST2577,PROD620,Mobile,iPhone 14,LG,3,1104.75,0.19,0.18,3167.76,Cash,Online,EMP964,3,0,Standard,8,INR
ORD117517,04-05-2024,BR81,UAE,Abu Dhabi,CUST7519,PROD491,TV,LG OLED 48,Lenovo,2,1968.78,0.02,0.18,4553.39,UPI,In-Store,EMP685,2,0,Express,5,USD
ORD117518,21-07-2024,BR34,USA,Dallas,CUST7004,PROD281,Laptop,HP Spectre x360,HP,3,800.09,0.13,0.18,2464.12,Cash,Online,EMP860,1,0,Standard,4,AED
ORD117519,13-11-2024,BR68,USA,Chicago,CUST2288,PROD554,Accessories,Keyboard,Apple,5,1900.62,0.21,0.18,8858.79,Cash,In-Store,EMP610,1,0,Same Day,4,AED
ORD117520,29-04-2024,BR109,USA,Dallas,CUST3565,PROD763,TV,Samsung QLED 50,Lenovo,1,1577.68,0.1,0.18,1675.5,Cash,In-Store,EMP296,1,1,Same Day,1,GBP
ORD117521,28-09-2023,BR67,India,Pune,CUST6948,PROD224,Tablet,Lenovo Tab P11,OnePlus,3,1875.9,0.21,0.18,5246.14,Net Banking,Online,EMP486,3,1,Standard,8,INR
ORD117522,09-07-2024,BR101,UK,Birmingham,CUST1321,PROD770,Accessories,Wireless Mouse,Samsung,3,254.98,0.25,0.18,676.97,Cash,Online,EMP430,1,0,Express,3,GBP
ORD117523,12-02-2024,BR72,Germany,Munich,CUST4416,PROD372,TV,Sony Bravia 55,Apple,5,1898.07,0.29,0.18,7951.02,Cash,In-Store,EMP238,3,1,Same Day,5,EUR
ORD117524,25-03-2024,BR72,India,Pune,CUST8475,PROD780,Accessories,Wireless Mouse,LG,2,1609.02,0.17,0.18,3151.75,Debit Card,In-Store,EMP417,2,1,Express,2,AED
ORD117525,06-09-2023,BR91,Germany,Munich,CUST9665,PROD174,Accessories,Bluetooth Headphones,HP,3,1221.32,0.05,0.18,4107.3,UPI,Online,EMP624,3,1,Express,7,INR
ORD117526,06-07-2023,BR13,UK,Manchester,CUST2893,PROD671,TV,Samsung QLED 50,LG,2,523.57,0.05,0.18,1173.84,Net Banking,Online,EMP663,2,0,Express,1,USD
ORD117527,05-12-2024,BR107,Germany,Hamburg,CUST1422,PROD171,Accessories,Keyboard,Dell,1,1214.8,0.09,0.18,1304.45,Credit Card,In-Store,EMP779,0,0,Standard,7,GBP
ORD117528,15-02-2023,BR23,India,Delhi,CUST7001,PROD829,Accessories,Keyboard,Sony,3,1181.43,0.12,0.18,3680.39,UPI,In-Store,EMP208,0,1,Standard,10,EUR
ORD117529,17-04-2023,BR111,Germany,Berlin,CUST5167,PROD168,Laptop,MacBook Air M2,OnePlus,2,1498.97,0.16,0.18,2971.56,Cash,Online,EMP339,1,0,Standard,3,EUR
ORD117530,26-08-2023,BR37,India,Bangalore,CUST4496,PROD197,Accessories,Bluetooth Headphones,LG,1,1343.9,0.18,0.18,1300.36,Net Banking,Online,EMP214,1,1,Express,3,INR
ORD117531,03-05-2024,BR33,UK,London,CUST7739,PROD757,Tablet,Samsung Galaxy Tab,LG,2,1395.8,0.21,0.18,2602.33,Debit Card,In-Store,EMP387,0,0,Same Day,4,USD
ORD117532,08-11-2023,BR113,USA,Chicago,CUST1689,PROD183,Tablet,Samsung Galaxy Tab,Sony,1,240.06,0.24,0.18,215.29,Credit Card,In-Store,EMP866,2,0,Standard,2,USD
ORD117533,15-07-2023,BR69,UK,Manchester,CUST3898,PROD961,Mobile,OnePlus 11,HP,2,86.92,0.07,0.18,190.77,UPI,In-Store,EMP253,1,0,Standard,1,EUR
ORD117534,16-04-2024,BR77,USA,Chicago,CUST4906,PROD146,Tablet,iPad Air,Samsung,1,1315.53,0.27,0.18,1133.2,UPI,In-Store,EMP893,2,0,Standard,5,USD
ORD117535,10-02-2024,BR107,UAE,Dubai,CUST8410,PROD635,Accessories,Wireless Mouse,Sony,1,769.03,0.02,0.18,889.31,UPI,Online,EMP474,0,1,Same Day,2,USD
ORD117536,06-10-2024,BR50,UAE,Abu Dhabi,CUST4108,PROD239,Tablet,iPad Air,Dell,3,83.13,0.3,0.18,206,Debit Card,Online,EMP202,0,1,Express,9,INR
ORD117537,04-06-2023,BR29,UAE,Abu Dhabi,CUST1592,PROD614,Mobile,OnePlus 11,Lenovo,3,1375.13,0.26,0.18,3602.29,Net Banking,In-Store,EMP430,3,1,Express,6,USD
ORD117538,03-01-2023,BR101,India,Mumbai,CUST1530,PROD761,Laptop,Dell XPS 13,Lenovo,3,484.8,0.02,0.18,1681.87,Credit Card,Online,EMP342,0,1,Standard,1,USD
ORD117539,14-03-2023,BR98,Germany,Munich,CUST8025,PROD198,Mobile,iPhone 14,Samsung,2,1593.52,0.02,0.18,3685.49,Credit Card,Online,EMP738,3,1,Standard,7,USD
ORD117540,19-01-2024,BR26,UAE,Dubai,CUST5190,PROD499,Laptop,Dell XPS 13,Lenovo,3,819.07,0.04,0.18,2783.53,UPI,In-Store,EMP777,3,1,Standard,3,EUR
ORD117541,05-09-2024,BR55,UAE,Abu Dhabi,CUST3800,PROD296,Mobile,Samsung Galaxy S23,Samsung,1,1538.21,0.18,0.18,1488.37,Credit Card,In-Store,EMP429,3,0,Same Day,9,USD
ORD117542,14-04-2024,BR35,UK,Manchester,CUST1519,PROD290,TV,Samsung QLED 50,Sony,4,152.14,0.18,0.18,588.84,Cash,Online,EMP515,3,1,Express,1,EUR
ORD117543,15-02-2024,BR72,India,Bangalore,CUST8870,PROD930,Mobile,iPhone 14,Sony,4,881.82,0.3,0.18,2913.53,Net Banking,In-Store,EMP511,1,1,Express,3,EUR
ORD117544,01-12-2024,BR115,UAE,Abu Dhabi,CUST7708,PROD171,Tablet,iPad Air,HP,4,630.99,0.3,0.18,2084.79,Debit Card,Online,EMP649,2,0,Express,8,GBP
ORD117545,22-06-2024,BR74,India,Mumbai,CUST9199,PROD110,Laptop,MacBook Air M2,Apple,4,1478.76,0.12,0.18,6142.18,Net Banking,Online,EMP471,1,0,Standard,8,USD
ORD117546,17-01-2023,BR110,UAE,Dubai,CUST5586,PROD805,Mobile,iPhone 14,Samsung,5,809.61,0.27,0.18,3486.99,UPI,Online,EMP639,3,1,Standard,4,EUR
ORD117547,20-10-2023,BR107,UK,Birmingham,CUST8715,PROD429,TV,Sony Bravia 55,LG,2,692.4,0.28,0.18,1176.53,Net Banking,In-Store,EMP861,3,1,Express,9,INR
ORD117548,29-06-2023,BR8,USA,Dallas,CUST1260,PROD651,TV,Sony Bravia 55,Samsung,3,882.58,0.11,0.18,2780.66,Credit Card,Online,EMP498,0,0,Express,2,GBP
ORD117549,13-04-2023,BR16,Germany,Munich,CUST3792,PROD377,Laptop,HP Spectre x360,Apple,4,1260.3,0.22,0.18,4639.92,Credit Card,In-Store,EMP652,0,1,Same Day,9,GBP
ORD117550,30-08-2024,BR119,India,Bangalore,CUST5206,PROD322,Accessories,Wireless Mouse,HP,4,921.44,0.09,0.18,3957.77,Credit Card,Online,EMP995,1,1,Standard,3,USD
ORD117551,28-03-2023,BR4,India,Pune,CUST9590,PROD614,Mobile,Samsung Galaxy S23,LG,1,494.52,0.2,0.18,466.83,Credit Card,Online,EMP695,0,1,Express,3,AED
ORD117552,20-03-2024,BR86,Germany,Berlin,CUST2395,PROD200,Mobile,iPhone 14,Apple,5,791.64,0.05,0.18,4437.14,UPI,In-Store,EMP719,2,1,Standard,10,INR
ORD117553,27-12-2023,BR107,Germany,Berlin,CUST4170,PROD748,Accessories,Bluetooth Headphones,Apple,1,77.74,0.17,0.18,76.14,Debit Card,Online,EMP505,0,0,Standard,1,INR
ORD117554,17-09-2024,BR86,UAE,Dubai,CUST9662,PROD599,Mobile,OnePlus 11,Lenovo,5,1360.76,0.19,0.18,6503.07,Debit Card,Online,EMP946,3,0,Standard,9,GBP
ORD117555,05-04-2023,BR37,UK,Manchester,CUST6447,PROD775,Accessories,Wireless Mouse,Lenovo,3,1842.38,0.16,0.18,5478.5,UPI,Online,EMP229,0,1,Same Day,6,GBP
ORD117556,10-12-2024,BR7,USA,Dallas,CUST8605,PROD889,Accessories,Bluetooth Headphones,Dell,2,1964.97,0.08,0.18,4266.34,UPI,In-Store,EMP960,0,0,Standard,7,USD
ORD117557,22-10-2024,BR8,India,Bangalore,CUST4759,PROD161,TV,Samsung QLED 50,LG,5,1764.05,0.12,0.18,9158.95,Debit Card,In-Store,EMP341,3,1,Same Day,10,AED
ORD117558,24-04-2024,BR65,India,Delhi,CUST9714,PROD865,Laptop,MacBook Air M2,OnePlus,3,882,0.2,0.18,2497.82,Cash,In-Store,EMP275,1,1,Same Day,4,USD
ORD117559,14-11-2024,BR76,India,Mumbai,CUST6923,PROD184,TV,LG OLED 48,LG,5,1328.34,0.19,0.18,6348.14,Cash,Online,EMP908,3,1,Standard,3,AED
ORD117560,29-07-2023,BR2,Germany,Munich,CUST8545,PROD686,Laptop,Dell XPS 13,Samsung,3,1556.59,0.22,0.18,4298.06,UPI,In-Store,EMP326,2,1,Express,3,USD
ORD117561,13-01-2023,BR33,UAE,Abu Dhabi,CUST6293,PROD782,TV,Samsung QLED 50,Sony,2,1509.98,0.18,0.18,2922.11,Cash,Online,EMP411,2,1,Standard,2,EUR
ORD117562,07-12-2023,BR1,USA,New York,CUST6500,PROD273,Mobile,Samsung Galaxy S23,HP,1,539.29,0.28,0.18,458.18,Debit Card,In-Store,EMP375,1,1,Standard,4,AED
ORD117563,31-12-2023,BR33,UAE,Abu Dhabi,CUST6851,PROD111,Tablet,Lenovo Tab P11,Sony,1,222.53,0.18,0.18,215.32,Cash,Online,EMP366,0,0,Express,9,GBP
ORD117564,13-11-2024,BR56,USA,Chicago,CUST1333,PROD468,Laptop,HP Spectre x360,Sony,5,405.96,0.13,0.18,2083.79,Credit Card,Online,EMP967,3,1,Standard,2,GBP
ORD117565,30-08-2024,BR112,UK,Birmingham,CUST8398,PROD549,Accessories,Keyboard,LG,3,925.77,0.08,0.18,3015.05,Net Banking,Online,EMP268,2,1,Same Day,10,USD
ORD117566,28-09-2023,BR39,UK,London,CUST5417,PROD390,Accessories,Wireless Mouse,Apple,2,1460.06,0.08,0.18,3170.08,Credit Card,Online,EMP779,3,0,Express,5,GBP
ORD117567,07-10-2024,BR96,India,Delhi,CUST9077,PROD914,Tablet,Samsung Galaxy Tab,Sony,4,1958.55,0.21,0.18,7303.04,Net Banking,Online,EMP989,0,0,Express,9,GBP
ORD117568,18-03-2024,BR81,UK,Birmingham,CUST6759,PROD935,Tablet,Lenovo Tab P11,Sony,2,1686.01,0.15,0.18,3382.14,Debit Card,Online,EMP204,1,0,Express,3,USD
ORD117569,03-03-2023,BR90,Germany,Berlin,CUST4329,PROD271,Laptop,Dell XPS 13,Samsung,2,1122.75,0.09,0.18,2411.22,Debit Card,In-Store,EMP604,2,1,Same Day,5,USD
ORD117570,19-06-2023,BR45,Germany,Hamburg,CUST2653,PROD468,Tablet,Lenovo Tab P11,Dell,3,433.95,0.18,0.18,1259.67,Net Banking,Online,EMP332,1,0,Express,5,EUR
ORD117571,03-07-2024,BR5,Germany,Munich,CUST7975,PROD970,Accessories,Keyboard,OnePlus,1,1487.96,0.01,0.18,1738.23,Cash,Online,EMP753,2,0,Express,8,USD
ORD117572,11-04-2023,BR29,Germany,Munich,CUST2266,PROD497,TV,Samsung QLED 50,Apple,5,416.26,0.1,0.18,2210.34,Credit Card,Online,EMP675,0,1,Same Day,2,EUR
ORD117573,10-08-2024,BR40,USA,New York,CUST6189,PROD172,TV,Sony Bravia 55,HP,4,1539.51,0.15,0.18,6176.51,UPI,In-Store,EMP273,3,1,Standard,8,GBP
ORD117574,17-11-2023,BR17,Germany,Berlin,CUST2331,PROD240,Mobile,OnePlus 11,Lenovo,3,846.47,0.08,0.18,2756.78,UPI,In-Store,EMP659,0,0,Same Day,9,INR
ORD117575,25-10-2024,BR95,UAE,Dubai,CUST7068,PROD211,Accessories,Wireless Mouse,Sony,3,1256.87,0.07,0.18,4137.87,Credit Card,In-Store,EMP537,3,0,Express,4,GBP
ORD117576,03-04-2023,BR52,India,Delhi,CUST8661,PROD172,TV,Samsung QLED 50,LG,4,689.67,0.21,0.18,2571.64,Debit Card,In-Store,EMP559,3,1,Express,5,EUR
ORD117577,13-12-2023,BR7,UK,London,CUST5409,PROD275,Tablet,Lenovo Tab P11,LG,3,377.4,0.19,0.18,1082.16,Debit Card,In-Store,EMP510,2,1,Same Day,8,AED
ORD117578,14-01-2024,BR88,UAE,Dubai,CUST1029,PROD991,Laptop,Dell XPS 13,LG,3,911.8,0.21,0.18,2549.94,UPI,Online,EMP841,1,0,Express,8,USD
ORD117579,17-04-2023,BR17,Germany,Berlin,CUST1753,PROD888,Accessories,Bluetooth Headphones,LG,2,1837.13,0.04,0.18,4162.2,Debit Card,Online,EMP955,3,1,Same Day,8,USD
ORD117580,14-02-2024,BR118,Germany,Hamburg,CUST7615,PROD614,Tablet,Samsung Galaxy Tab,LG,5,349.15,0.11,0.18,1833.39,Cash,In-Store,EMP771,1,0,Same Day,10,AED
ORD117581,10-03-2023,BR82,UK,Birmingham,CUST3677,PROD214,Laptop,MacBook Air M2,OnePlus,4,432.47,0.07,0.18,1898.37,Credit Card,Online,EMP557,1,1,Same Day,8,USD
ORD117582,07-08-2024,BR81,India,Delhi,CUST7197,PROD236,TV,Sony Bravia 55,Lenovo,1,1440.55,0.08,0.18,1563.86,Cash,In-Store,EMP758,2,0,Same Day,1,USD
ORD117583,08-04-2024,BR24,Germany,Berlin,CUST3900,PROD728,TV,Samsung QLED 50,Lenovo,4,1055.41,0.23,0.18,3835.78,UPI,In-Store,EMP281,0,0,Same Day,1,USD
ORD117584,05-01-2023,BR86,UK,Manchester,CUST2077,PROD298,Accessories,Keyboard,Sony,5,1577.18,0.03,0.18,9026.2,Debit Card,In-Store,EMP440,1,1,Express,4,USD
ORD117585,20-06-2024,BR71,UAE,Abu Dhabi,CUST7504,PROD878,Mobile,OnePlus 11,LG,4,694.87,0.21,0.18,2591.03,Cash,In-Store,EMP303,3,0,Standard,4,EUR
ORD117586,07-09-2023,BR4,Germany,Hamburg,CUST9878,PROD219,TV,LG OLED 48,OnePlus,5,1894.32,0.3,0.18,7823.54,Credit Card,Online,EMP642,2,0,Same Day,10,EUR
ORD117587,17-04-2024,BR34,USA,Chicago,CUST9037,PROD626,Mobile,iPhone 14,Samsung,3,1905.09,0.15,0.18,5732.42,Cash,In-Store,EMP654,1,0,Same Day,6,AED
ORD117588,03-05-2024,BR86,UAE,Dubai,CUST9249,PROD240,Laptop,Dell XPS 13,Samsung,3,1612.42,0.02,0.18,5593.81,Credit Card,In-Store,EMP414,1,1,Express,1,AED
ORD117589,10-12-2023,BR107,India,Mumbai,CUST1563,PROD234,Mobile,iPhone 14,Sony,2,892.04,0.27,0.18,1536.81,Net Banking,Online,EMP498,1,0,Express,8,AED
ORD117590,04-10-2024,BR110,India,Bangalore,CUST4670,PROD801,Accessories,Keyboard,Sony,3,1942.9,0.22,0.18,5364.74,Debit Card,Online,EMP241,0,0,Standard,4,AED
ORD117591,11-10-2024,BR20,India,Mumbai,CUST2105,PROD254,Mobile,iPhone 14,Apple,4,220.65,0.26,0.18,770.69,Cash,In-Store,EMP316,0,0,Standard,2,EUR
ORD117592,08-04-2023,BR28,India,Bangalore,CUST2384,PROD554,Mobile,Samsung Galaxy S23,LG,1,1805.22,0.26,0.18,1576.32,Cash,In-Store,EMP718,0,0,Standard,5,AED
ORD117593,13-09-2024,BR70,USA,Los Angeles,CUST7305,PROD259,TV,Sony Bravia 55,Lenovo,3,899.22,0.07,0.18,2960.41,Net Banking,In-Store,EMP723,2,0,Express,2,INR
ORD117594,19-11-2024,BR24,UK,Birmingham,CUST5855,PROD153,Tablet,Samsung Galaxy Tab,Lenovo,2,1338.96,0.07,0.18,2938.75,Cash,Online,EMP405,1,0,Express,2,GBP
ORD117595,20-05-2024,BR118,UAE,Abu Dhabi,CUST8252,PROD713,Tablet,Samsung Galaxy Tab,Samsung,4,1280.42,0.3,0.18,4230.51,Cash,Online,EMP432,3,1,Standard,6,AED
ORD117596,02-02-2023,BR97,USA,Los Angeles,CUST4957,PROD471,Laptop,MacBook Air M2,Dell,3,408.56,0.08,0.18,1330.6,Net Banking,Online,EMP286,1,0,Express,8,EUR
ORD117597,11-08-2024,BR116,UAE,Abu Dhabi,CUST7633,PROD621,Laptop,HP Spectre x360,HP,4,1851.4,0.09,0.18,7952.13,UPI,In-Store,EMP271,0,1,Express,8,USD
ORD117598,26-05-2024,BR54,UK,London,CUST8954,PROD533,TV,Samsung QLED 50,HP,5,612.59,0.21,0.18,2855.28,Cash,In-Store,EMP716,1,1,Standard,10,AED
ORD117599,21-02-2024,BR45,UK,Birmingham,CUST3944,PROD363,Tablet,Lenovo Tab P11,Sony,4,1028.38,0.1,0.18,4368.56,UPI,Online,EMP828,0,1,Express,2,EUR
ORD117600,22-04-2024,BR23,Germany,Munich,CUST3533,PROD386,Tablet,iPad Air,OnePlus,3,924.89,0.1,0.18,2946.7,Cash,In-Store,EMP407,1,0,Same Day,5,AED
ORD117601,12-04-2024,BR56,UAE,Abu Dhabi,CUST5373,PROD292,Tablet,Samsung Galaxy Tab,Samsung,3,707.07,0.08,0.18,2302.79,UPI,Online,EMP226,2,1,Express,10,USD
ORD117602,09-10-2024,BR95,USA,New York,CUST4419,PROD687,TV,Samsung QLED 50,Dell,3,1138.51,0.19,0.18,3264.56,Debit Card,Online,EMP559,2,0,Standard,5,USD
ORD117603,04-04-2023,BR31,UK,London,CUST2125,PROD241,Mobile,OnePlus 11,Lenovo,3,1660.53,0.01,0.18,5819.49,UPI,In-Store,EMP754,2,0,Same Day,6,INR
ORD117604,23-12-2024,BR75,UAE,Abu Dhabi,CUST7818,PROD782,TV,LG OLED 48,LG,1,1010.76,0.02,0.18,1168.84,Debit Card,Online,EMP336,3,1,Express,8,AED
ORD117605,19-08-2023,BR8,UAE,Abu Dhabi,CUST9691,PROD224,Laptop,HP Spectre x360,Apple,1,1562.75,0.07,0.18,1714.96,Credit Card,In-Store,EMP777,3,1,Express,4,GBP
ORD117606,27-02-2024,BR32,India,Bangalore,CUST7968,PROD186,Accessories,Keyboard,LG,1,1191.34,0.21,0.18,1110.57,Debit Card,Online,EMP981,2,1,Express,8,AED
ORD117607,27-11-2024,BR58,USA,Chicago,CUST7541,PROD604,Tablet,iPad Air,HP,2,452.05,0.21,0.18,842.8,Debit Card,In-Store,EMP507,1,1,Same Day,7,AED
ORD117608,13-08-2024,BR86,USA,Chicago,CUST7327,PROD492,Mobile,iPhone 14,HP,2,1688.84,0.09,0.18,3626.95,UPI,Online,EMP428,0,1,Standard,6,INR
ORD117609,30-05-2023,BR105,USA,Chicago,CUST6938,PROD756,Accessories,Bluetooth Headphones,Samsung,3,605.3,0.22,0.18,1671.35,Net Banking,In-Store,EMP995,3,1,Standard,8,USD
ORD117610,02-05-2024,BR36,UK,Manchester,CUST5533,PROD944,Accessories,Bluetooth Headphones,Sony,3,1317.69,0.27,0.18,3405.17,Cash,Online,EMP529,1,0,Express,10,GBP
ORD117611,24-07-2023,BR78,India,Bangalore,CUST9740,PROD278,Tablet,Samsung Galaxy Tab,HP,2,865.25,0.18,0.18,1674.43,Cash,Online,EMP284,0,1,Standard,2,INR
ORD117612,05-03-2024,BR112,USA,Chicago,CUST1315,PROD573,Tablet,iPad Air,Lenovo,2,1928.78,0.09,0.18,4142.25,Cash,Online,EMP640,3,1,Same Day,10,EUR
ORD117613,01-03-2024,BR105,India,Mumbai,CUST2118,PROD271,Accessories,Bluetooth Headphones,LG,5,1976.79,0.16,0.18,9796.97,Debit Card,Online,EMP593,1,1,Standard,10,USD
ORD117614,30-10-2023,BR97,UK,Birmingham,CUST7065,PROD244,Laptop,HP Spectre x360,Lenovo,4,1073.2,0.08,0.18,4660.26,UPI,In-Store,EMP608,0,0,Express,7,USD
ORD117615,16-10-2023,BR59,UK,Birmingham,CUST5006,PROD701,Tablet,Lenovo Tab P11,HP,1,247.37,0.15,0.18,248.11,Net Banking,Online,EMP259,2,0,Same Day,8,AED
ORD117616,20-11-2023,BR79,Germany,Hamburg,CUST4021,PROD401,Laptop,HP Spectre x360,LG,1,1108.41,0.09,0.18,1190.21,Credit Card,In-Store,EMP816,2,0,Same Day,10,INR
ORD117617,25-12-2024,BR109,UK,London,CUST9664,PROD703,TV,LG OLED 48,OnePlus,4,1082.93,0.19,0.18,4140.26,UPI,Online,EMP938,3,0,Standard,2,USD
ORD117618,21-12-2024,BR28,Germany,Berlin,CUST7696,PROD225,Mobile,OnePlus 11,Lenovo,4,885.12,0.16,0.18,3509.32,Credit Card,Online,EMP448,1,0,Express,7,USD
ORD117619,24-09-2024,BR82,Germany,Munich,CUST2057,PROD916,Tablet,Lenovo Tab P11,Samsung,5,1999.87,0.26,0.18,8731.43,Debit Card,Online,EMP248,3,0,Same Day,8,GBP
ORD117620,20-03-2024,BR66,Germany,Munich,CUST3868,PROD626,Laptop,Dell XPS 13,HP,3,1629.09,0.29,0.18,4094.55,Net Banking,Online,EMP760,0,1,Express,1,EUR
ORD117621,02-12-2024,BR57,India,Pune,CUST8193,PROD416,Mobile,OnePlus 11,Lenovo,3,1049.7,0.23,0.18,2861.27,UPI,Online,EMP487,0,1,Standard,9,AED
ORD117622,31-05-2024,BR98,UK,London,CUST8845,PROD132,Tablet,iPad Air,HP,5,639.9,0.28,0.18,2718.3,Credit Card,In-Store,EMP470,0,1,Same Day,6,USD
ORD117623,27-02-2023,BR66,Germany,Munich,CUST2209,PROD575,Tablet,Samsung Galaxy Tab,OnePlus,2,498.69,0.25,0.18,882.68,Net Banking,In-Store,EMP716,0,1,Express,2,AED
ORD117624,25-08-2024,BR98,UAE,Dubai,CUST9952,PROD940,Tablet,Samsung Galaxy Tab,Lenovo,4,618.93,0.01,0.18,2892.14,Cash,In-Store,EMP950,0,1,Standard,5,INR
ORD117625,02-04-2023,BR98,India,Delhi,CUST4547,PROD619,Mobile,OnePlus 11,Lenovo,1,1175.26,0.1,0.18,1248.13,Credit Card,In-Store,EMP758,3,0,Express,1,EUR
ORD117626,18-08-2024,BR27,UK,London,CUST2378,PROD468,TV,Sony Bravia 55,HP,3,1564.99,0.03,0.18,5373.86,Credit Card,In-Store,EMP925,1,0,Express,10,INR
ORD117627,07-11-2023,BR69,Germany,Hamburg,CUST4424,PROD463,Accessories,Bluetooth Headphones,Apple,3,1406.59,0.06,0.18,4680.57,Cash,Online,EMP481,0,0,Express,8,EUR
ORD117628,31-01-2023,BR109,USA,Dallas,CUST8825,PROD774,Laptop,MacBook Air M2,Dell,2,783.15,0.17,0.18,1534.03,Cash,Online,EMP653,3,0,Standard,8,AED
ORD117629,26-06-2023,BR97,UAE,Dubai,CUST8982,PROD562,Tablet,Lenovo Tab P11,Samsung,2,545.89,0.22,0.18,1004.87,Cash,In-Store,EMP868,0,1,Standard,8,INR
ORD117630,22-05-2024,BR100,UK,Birmingham,CUST5440,PROD580,TV,Samsung QLED 50,Lenovo,4,227.95,0.07,0.18,1000.61,Debit Card,In-Store,EMP749,3,0,Same Day,8,USD
ORD117631,10-11-2024,BR47,India,Bangalore,CUST3138,PROD550,Laptop,MacBook Air M2,LG,4,509.32,0.16,0.18,2019.35,UPI,Online,EMP288,3,0,Same Day,9,GBP
ORD117632,27-03-2023,BR115,UAE,Abu Dhabi,CUST3487,PROD386,Tablet,Samsung Galaxy Tab,Apple,3,1650.4,0.04,0.18,5608.72,Debit Card,Online,EMP487,2,0,Standard,7,USD
ORD117633,01-10-2023,BR78,UK,London,CUST4836,PROD297,Laptop,MacBook Air M2,HP,5,702.79,0.26,0.18,3068.38,Cash,Online,EMP342,2,1,Standard,8,INR
ORD117634,20-06-2023,BR64,USA,Los Angeles,CUST1978,PROD132,TV,Sony Bravia 55,Samsung,4,499.01,0.24,0.18,1790.05,Credit Card,In-Store,EMP510,0,1,Standard,10,EUR
ORD117635,14-02-2024,BR69,Germany,Berlin,CUST5931,PROD737,Laptop,Dell XPS 13,OnePlus,4,1825.38,0.02,0.18,8443.48,UPI,Online,EMP491,3,1,Standard,9,EUR
ORD117636,16-08-2024,BR1,India,Bangalore,CUST4620,PROD704,Mobile,iPhone 14,HP,1,197.38,0.06,0.18,218.93,UPI,Online,EMP601,1,0,Express,10,GBP
ORD117637,23-09-2023,BR38,India,Mumbai,CUST8604,PROD973,Mobile,OnePlus 11,OnePlus,3,783.6,0.26,0.18,2052.72,Debit Card,In-Store,EMP357,3,1,Same Day,8,GBP
ORD117638,24-01-2024,BR120,UAE,Abu Dhabi,CUST5903,PROD154,Laptop,HP Spectre x360,HP,4,1427.55,0.14,0.18,5794.71,Net Banking,In-Store,EMP441,1,1,Express,5,INR
ORD117639,14-11-2024,BR6,Germany,Berlin,CUST5597,PROD371,Laptop,Dell XPS 13,Sony,5,1394.58,0.19,0.18,6664.7,Net Banking,Online,EMP906,3,1,Standard,7,AED
ORD117640,26-12-2023,BR45,Germany,Hamburg,CUST8505,PROD583,Tablet,Lenovo Tab P11,LG,3,1553.66,0.1,0.18,4949.96,Debit Card,Online,EMP211,1,0,Same Day,2,EUR
ORD117641,25-04-2023,BR3,USA,Chicago,CUST2277,PROD612,Laptop,Dell XPS 13,HP,2,1575.75,0.13,0.18,3235.33,UPI,In-Store,EMP255,3,1,Express,1,GBP
ORD117642,05-03-2024,BR2,Germany,Munich,CUST2320,PROD382,Tablet,Lenovo Tab P11,Sony,5,1777.8,0.03,0.18,10174.35,Cash,Online,EMP614,1,1,Standard,3,GBP
ORD117643,13-10-2024,BR84,India,Mumbai,CUST1788,PROD405,Tablet,iPad Air,Sony,3,1777.29,0.07,0.18,5851.19,Credit Card,Online,EMP766,2,0,Standard,6,INR
ORD117644,21-11-2024,BR44,USA,Los Angeles,CUST2958,PROD462,TV,Samsung QLED 50,OnePlus,3,274.93,0.1,0.18,875.93,Net Banking,In-Store,EMP259,3,0,Same Day,1,AED
ORD117645,12-11-2023,BR19,USA,New York,CUST8480,PROD771,TV,Samsung QLED 50,Apple,4,503.71,0.06,0.18,2234.86,Debit Card,In-Store,EMP960,1,1,Same Day,1,EUR
ORD117646,27-10-2023,BR55,India,Mumbai,CUST4959,PROD173,Tablet,iPad Air,HP,3,1974.33,0.19,0.18,5661.19,Cash,In-Store,EMP638,0,0,Express,3,AED
ORD117647,30-03-2023,BR32,Germany,Hamburg,CUST4752,PROD567,TV,Samsung QLED 50,Apple,5,1288.31,0.19,0.18,6156.83,Cash,In-Store,EMP598,2,0,Standard,2,USD
ORD117648,09-07-2024,BR28,Germany,Hamburg,CUST4764,PROD331,Mobile,Samsung Galaxy S23,Dell,5,1741.12,0.18,0.18,8423.54,Cash,Online,EMP877,2,0,Express,5,AED
ORD117649,20-12-2023,BR99,UAE,Abu Dhabi,CUST4074,PROD841,Laptop,Dell XPS 13,HP,5,727.76,0.28,0.18,3091.52,Credit Card,Online,EMP490,2,1,Express,6,USD
ORD117650,25-08-2024,BR81,Germany,Berlin,CUST8962,PROD280,Tablet,Lenovo Tab P11,OnePlus,3,1555.42,0.2,0.18,4404.95,Credit Card,In-Store,EMP533,3,0,Express,5,AED
ORD117651,27-02-2023,BR61,USA,Los Angeles,CUST5379,PROD775,Tablet,Samsung Galaxy Tab,LG,5,1794.25,0.04,0.18,10162.63,Net Banking,Online,EMP614,0,0,Express,5,EUR
ORD117652,06-11-2023,BR52,USA,Dallas,CUST9444,PROD667,Tablet,iPad Air,OnePlus,2,396.76,0.09,0.18,852.08,Debit Card,Online,EMP830,0,0,Same Day,1,USD
ORD117653,24-12-2023,BR100,UAE,Dubai,CUST2199,PROD229,Laptop,Dell XPS 13,OnePlus,3,61.51,0.2,0.18,174.2,Debit Card,In-Store,EMP489,1,0,Express,3,GBP
ORD117654,27-10-2024,BR1,USA,Chicago,CUST7317,PROD973,TV,Sony Bravia 55,Samsung,4,1384.46,0.29,0.18,4639.6,Net Banking,In-Store,EMP775,1,1,Same Day,2,AED
ORD117655,06-07-2024,BR74,India,Mumbai,CUST4419,PROD706,Laptop,Dell XPS 13,LG,4,1562.75,0.22,0.18,5753.42,Debit Card,Online,EMP275,2,1,Standard,5,USD
ORD117656,15-08-2024,BR97,UAE,Dubai,CUST8740,PROD250,Mobile,OnePlus 11,LG,3,1957.47,0.1,0.18,6236.5,UPI,Online,EMP632,0,0,Standard,3,USD
ORD117657,17-11-2023,BR90,Germany,Hamburg,CUST4129,PROD535,Tablet,Samsung Galaxy Tab,LG,4,660.24,0.16,0.18,2617.72,Credit Card,Online,EMP961,2,0,Same Day,8,EUR
ORD117658,30-03-2023,BR22,India,Bangalore,CUST4527,PROD521,Tablet,Samsung Galaxy Tab,HP,3,1553.5,0.22,0.18,4289.52,Cash,Online,EMP747,1,0,Standard,5,AED
ORD117659,06-11-2023,BR107,UK,London,CUST6552,PROD684,Accessories,Wireless Mouse,HP,2,1959.73,0.17,0.18,3838.72,Credit Card,In-Store,EMP254,0,0,Same Day,4,EUR
ORD117660,30-03-2024,BR18,USA,Chicago,CUST3620,PROD522,Mobile,Samsung Galaxy S23,Sony,5,1197.26,0.15,0.18,6004.26,UPI,In-Store,EMP205,1,1,Express,3,EUR
ORD117661,26-11-2024,BR71,Germany,Berlin,CUST3718,PROD263,Mobile,Samsung Galaxy S23,LG,4,889.42,0.03,0.18,4072.12,Cash,Online,EMP893,1,1,Express,5,INR
ORD117662,01-03-2024,BR32,UAE,Abu Dhabi,CUST9264,PROD336,TV,Sony Bravia 55,Samsung,1,464.58,0.29,0.18,389.23,Credit Card,Online,EMP602,1,0,Express,7,INR
ORD117663,18-10-2023,BR18,India,Delhi,CUST6081,PROD874,Accessories,Bluetooth Headphones,Sony,2,1004.4,0.25,0.18,1777.79,UPI,Online,EMP913,2,0,Standard,4,USD
ORD117664,11-08-2023,BR42,UAE,Dubai,CUST4456,PROD636,TV,Sony Bravia 55,Sony,2,1807.35,0.17,0.18,3540.24,Net Banking,Online,EMP581,2,0,Standard,1,EUR
ORD117665,24-02-2024,BR11,USA,Los Angeles,CUST5313,PROD691,Mobile,OnePlus 11,OnePlus,2,457.8,0.22,0.18,842.72,Debit Card,Online,EMP932,2,1,Express,2,EUR
ORD117666,23-10-2023,BR13,UAE,Abu Dhabi,CUST9072,PROD648,TV,LG OLED 48,Samsung,1,1053.87,0.05,0.18,1181.39,Cash,In-Store,EMP795,0,0,Standard,10,USD
ORD117667,13-04-2023,BR32,UK,Manchester,CUST4237,PROD929,TV,Sony Bravia 55,Lenovo,1,1836.88,0.24,0.18,1647.31,Cash,Online,EMP238,1,0,Express,1,AED
ORD117668,07-09-2023,BR22,Germany,Hamburg,CUST1659,PROD572,Tablet,iPad Air,Lenovo,2,1770.78,0.03,0.18,4053.67,Debit Card,Online,EMP915,3,0,Express,5,EUR
ORD117669,14-11-2024,BR90,UAE,Abu Dhabi,CUST3983,PROD597,Mobile,Samsung Galaxy S23,OnePlus,5,1401.66,0.13,0.18,7194.72,Credit Card,In-Store,EMP750,1,0,Express,10,USD
ORD117670,13-06-2023,BR101,USA,Los Angeles,CUST8668,PROD755,Accessories,Keyboard,OnePlus,2,1461.32,0.1,0.18,3103.84,Credit Card,In-Store,EMP602,1,0,Same Day,1,GBP
ORD117671,18-05-2023,BR96,UK,Manchester,CUST3730,PROD802,Tablet,Lenovo Tab P11,Samsung,4,1681.56,0.04,0.18,7619.48,UPI,Online,EMP540,1,1,Express,10,AED
ORD117672,15-06-2024,BR13,Germany,Berlin,CUST6074,PROD408,Accessories,Bluetooth Headphones,HP,2,654.95,0.04,0.18,1483.85,Credit Card,Online,EMP477,0,0,Same Day,2,AED
ORD117673,08-03-2024,BR94,India,Mumbai,CUST8974,PROD856,Tablet,iPad Air,LG,3,1007.79,0.14,0.18,3068.12,Cash,Online,EMP760,0,1,Standard,9,INR
ORD117674,17-11-2023,BR86,Germany,Hamburg,CUST8156,PROD299,Tablet,iPad Air,Sony,4,1533.19,0.17,0.18,6006.43,UPI,In-Store,EMP279,2,1,Same Day,3,AED
ORD117675,17-11-2024,BR71,USA,Chicago,CUST3935,PROD170,Accessories,Wireless Mouse,LG,2,1523.77,0.02,0.18,3524.18,Cash,Online,EMP522,0,1,Express,2,GBP
ORD117676,06-11-2024,BR93,Germany,Berlin,CUST8020,PROD855,TV,LG OLED 48,Lenovo,5,283.69,0.09,0.18,1523.13,Credit Card,Online,EMP328,0,0,Express,2,EUR
ORD117677,31-10-2024,BR63,USA,Los Angeles,CUST8534,PROD343,Laptop,Dell XPS 13,OnePlus,3,337.67,0.11,0.18,1063.86,Net Banking,In-Store,EMP368,0,0,Express,7,USD
ORD117678,17-01-2024,BR34,Germany,Hamburg,CUST3960,PROD817,Mobile,OnePlus 11,Dell,5,1479.87,0.11,0.18,7770.8,Cash,Online,EMP880,3,1,Standard,1,USD
ORD117679,17-04-2024,BR110,Germany,Berlin,CUST8813,PROD744,Tablet,Lenovo Tab P11,HP,1,1194.09,0.05,0.18,1338.57,UPI,Online,EMP332,1,1,Standard,9,EUR
ORD117680,10-07-2023,BR71,India,Pune,CUST4735,PROD132,Accessories,Wireless Mouse,Samsung,3,1279.52,0.22,0.18,3533.01,Credit Card,Online,EMP407,2,1,Same Day,9,INR
ORD117681,22-10-2024,BR29,UK,Birmingham,CUST8696,PROD822,TV,Samsung QLED 50,HP,5,1170.77,0.07,0.18,6424.01,Cash,In-Store,EMP302,1,1,Standard,2,USD
ORD117682,01-10-2024,BR86,UAE,Abu Dhabi,CUST7991,PROD204,Mobile,iPhone 14,OnePlus,4,1024.15,0.05,0.18,4592.29,Debit Card,In-Store,EMP717,3,0,Standard,10,EUR
ORD117683,04-09-2024,BR78,Germany,Munich,CUST1334,PROD951,Laptop,MacBook Air M2,Sony,1,1965.51,0.14,0.18,1994.6,Debit Card,Online,EMP924,1,0,Express,9,GBP
ORD117684,06-08-2023,BR78,UK,Birmingham,CUST7709,PROD858,Tablet,Lenovo Tab P11,HP,1,224.45,0.22,0.18,206.58,UPI,Online,EMP785,2,0,Standard,9,USD
ORD117685,16-01-2024,BR81,UAE,Abu Dhabi,CUST7428,PROD227,TV,LG OLED 48,Lenovo,3,316.22,0.11,0.18,996.28,Cash,Online,EMP505,2,1,Express,4,INR
ORD117686,27-09-2023,BR69,USA,Los Angeles,CUST4884,PROD912,Laptop,Dell XPS 13,Dell,4,436.86,0.18,0.18,1690.82,Credit Card,Online,EMP650,1,1,Standard,1,INR
ORD117687,09-12-2023,BR70,Germany,Hamburg,CUST7209,PROD284,TV,LG OLED 48,Apple,1,1269.78,0.28,0.18,1078.81,Credit Card,Online,EMP242,0,0,Express,4,AED
ORD117688,18-08-2023,BR60,UAE,Abu Dhabi,CUST1864,PROD217,Laptop,HP Spectre x360,Dell,1,99.22,0.24,0.18,88.98,Cash,In-Store,EMP619,3,0,Standard,10,GBP
ORD117689,29-01-2024,BR111,Germany,Berlin,CUST6398,PROD904,Mobile,OnePlus 11,OnePlus,2,310.38,0.25,0.18,549.37,Debit Card,Online,EMP238,0,0,Standard,10,EUR
ORD117690,23-12-2023,BR32,UK,London,CUST4621,PROD890,Mobile,Samsung Galaxy S23,HP,3,1660.9,0.07,0.18,5468.01,Credit Card,In-Store,EMP904,1,0,Standard,3,EUR
ORD117691,26-06-2023,BR25,India,Delhi,CUST5140,PROD400,Mobile,iPhone 14,Lenovo,2,1541.47,0.19,0.18,2946.67,Cash,Online,EMP657,0,1,Express,10,INR
ORD117692,27-02-2023,BR25,India,Bangalore,CUST3671,PROD939,Accessories,Bluetooth Headphones,Dell,1,1748.19,0.21,0.18,1629.66,Net Banking,Online,EMP279,0,1,Standard,1,AED
ORD117693,05-10-2024,BR95,USA,Dallas,CUST7968,PROD628,Mobile,Samsung Galaxy S23,Sony,1,1874.53,0.14,0.18,1902.27,Debit Card,Online,EMP456,3,0,Same Day,9,GBP
ORD117694,30-06-2023,BR9,UK,London,CUST9846,PROD618,Mobile,iPhone 14,HP,3,1176.56,0.05,0.18,3956.77,Debit Card,In-Store,EMP583,2,1,Express,8,GBP
ORD117695,15-08-2023,BR52,UAE,Abu Dhabi,CUST8665,PROD331,Laptop,Dell XPS 13,Apple,1,1762.75,0.1,0.18,1872.04,Debit Card,In-Store,EMP862,1,1,Standard,10,INR
ORD117696,14-09-2024,BR39,UK,Manchester,CUST2349,PROD501,TV,Sony Bravia 55,Lenovo,2,150.8,0.24,0.18,270.47,Cash,Online,EMP440,3,1,Same Day,2,INR
ORD117697,10-03-2023,BR91,Germany,Munich,CUST9522,PROD399,Tablet,iPad Air,Lenovo,5,984.16,0.15,0.18,4935.56,Debit Card,Online,EMP288,3,0,Standard,4,INR
ORD117698,16-10-2024,BR66,India,Bangalore,CUST8126,PROD545,Accessories,Wireless Mouse,Sony,3,950.39,0.29,0.18,2388.71,Net Banking,Online,EMP777,0,0,Same Day,4,GBP
ORD117699,02-07-2024,BR30,Germany,Hamburg,CUST3239,PROD453,Mobile,iPhone 14,Apple,2,1541.78,0.3,0.18,2547.02,Credit Card,Online,EMP243,1,1,Standard,4,INR
ORD117700,26-04-2023,BR59,UAE,Abu Dhabi,CUST8059,PROD378,Mobile,Samsung Galaxy S23,Samsung,3,1807.03,0.23,0.18,4925.6,Cash,In-Store,EMP495,1,1,Same Day,6,USD
ORD117701,23-10-2023,BR76,UAE,Abu Dhabi,CUST8774,PROD386,TV,LG OLED 48,HP,1,181.11,0.02,0.18,209.44,Debit Card,In-Store,EMP314,1,0,Express,7,AED
ORD117702,19-12-2024,BR113,USA,Chicago,CUST5508,PROD118,Mobile,Samsung Galaxy S23,Dell,4,590.12,0.14,0.18,2395.42,Net Banking,In-Store,EMP965,2,1,Express,1,EUR
ORD117703,30-09-2024,BR30,India,Pune,CUST1925,PROD257,Mobile,OnePlus 11,HP,2,541.72,0.06,0.18,1201.75,Debit Card,Online,EMP822,3,1,Same Day,5,USD
ORD117704,22-12-2023,BR97,UAE,Abu Dhabi,CUST1656,PROD883,Mobile,Samsung Galaxy S23,Samsung,3,238.94,0.02,0.18,828.93,Cash,In-Store,EMP336,3,0,Express,5,INR
ORD117705,17-02-2023,BR113,UAE,Abu Dhabi,CUST7883,PROD765,Tablet,iPad Air,HP,2,1000.18,0.18,0.18,1935.55,Net Banking,Online,EMP846,1,0,Express,7,AED
ORD117706,10-05-2024,BR7,UK,Manchester,CUST3830,PROD858,TV,LG OLED 48,HP,1,1294.32,0.18,0.18,1252.38,Cash,In-Store,EMP534,2,0,Same Day,8,AED
ORD117707,25-11-2024,BR50,Germany,Hamburg,CUST8606,PROD908,Laptop,MacBook Air M2,OnePlus,2,212.81,0.03,0.18,487.16,Credit Card,In-Store,EMP651,2,1,Same Day,9,EUR
ORD117708,05-06-2023,BR39,UAE,Dubai,CUST9133,PROD789,TV,LG OLED 48,Sony,4,932.66,0.06,0.18,4138.03,Cash,In-Store,EMP368,2,0,Standard,7,USD
ORD117709,19-02-2023,BR44,Germany,Munich,CUST6672,PROD623,Accessories,Wireless Mouse,Sony,3,398.98,0.13,0.18,1228.78,Debit Card,Online,EMP883,1,0,Same Day,2,USD
ORD117710,03-04-2024,BR116,Germany,Berlin,CUST6131,PROD317,Tablet,Samsung Galaxy Tab,LG,1,889.92,0.04,0.18,1008.1,Debit Card,In-Store,EMP532,2,0,Same Day,6,AED
ORD117711,31-03-2023,BR75,USA,New York,CUST2378,PROD165,Mobile,OnePlus 11,OnePlus,3,1723.14,0.17,0.18,5062.93,Net Banking,Online,EMP418,2,0,Standard,10,AED
ORD117712,22-06-2024,BR74,UK,Manchester,CUST8424,PROD569,Laptop,MacBook Air M2,Sony,5,647.18,0.16,0.18,3207.42,Debit Card,Online,EMP900,3,0,Same Day,5,USD
ORD117713,30-07-2024,BR94,USA,Los Angeles,CUST4996,PROD192,Laptop,Dell XPS 13,LG,5,391.42,0.11,0.18,2055.35,UPI,Online,EMP518,1,1,Standard,6,USD
ORD117714,20-07-2024,BR53,Germany,Munich,CUST8551,PROD409,Mobile,iPhone 14,LG,1,1861.86,0.19,0.18,1779.57,Debit Card,Online,EMP561,1,1,Same Day,10,USD
ORD117715,03-04-2023,BR120,USA,New York,CUST8251,PROD725,Laptop,HP Spectre x360,Lenovo,1,902.73,0.07,0.18,990.66,Net Banking,In-Store,EMP224,0,0,Standard,9,USD
ORD117716,27-12-2023,BR41,UK,London,CUST3364,PROD496,Mobile,OnePlus 11,Samsung,5,1243.91,0.27,0.18,5357.52,Debit Card,Online,EMP614,1,0,Same Day,6,GBP
ORD117717,28-09-2023,BR67,India,Bangalore,CUST5235,PROD225,Laptop,Dell XPS 13,Sony,5,1406.88,0.11,0.18,7387.53,UPI,Online,EMP969,0,1,Same Day,5,EUR
ORD117718,15-06-2024,BR18,UK,London,CUST8252,PROD275,Tablet,Samsung Galaxy Tab,Sony,5,1657.76,0.08,0.18,8998.32,Cash,Online,EMP781,0,1,Express,6,GBP
ORD117719,22-08-2024,BR100,Germany,Munich,CUST9687,PROD825,TV,LG OLED 48,Apple,5,206.71,0.06,0.18,1146.41,Debit Card,In-Store,EMP618,0,0,Standard,2,USD
ORD117720,26-05-2024,BR70,Germany,Hamburg,CUST4098,PROD622,Accessories,Bluetooth Headphones,Samsung,4,1104.47,0.06,0.18,4900.31,Net Banking,Online,EMP239,2,0,Same Day,8,GBP
ORD117721,05-11-2023,BR71,UAE,Dubai,CUST2255,PROD864,Tablet,Samsung Galaxy Tab,HP,1,1054.02,0.27,0.18,907.93,Debit Card,Online,EMP372,2,1,Same Day,1,USD
ORD117722,09-12-2023,BR35,USA,Dallas,CUST3980,PROD716,TV,Samsung QLED 50,LG,4,1180.07,0.03,0.18,5402.83,Cash,In-Store,EMP846,3,1,Standard,10,EUR
ORD117723,22-01-2023,BR38,UAE,Abu Dhabi,CUST5403,PROD654,Laptop,Dell XPS 13,Dell,3,1154.09,0.03,0.18,3962.91,UPI,In-Store,EMP410,2,1,Standard,6,AED
ORD117724,31-01-2023,BR32,India,Bangalore,CUST5359,PROD162,TV,Sony Bravia 55,Lenovo,5,1255.48,0.01,0.18,7333.26,UPI,In-Store,EMP408,1,0,Same Day,5,GBP
ORD117725,23-08-2023,BR104,UAE,Dubai,CUST2245,PROD674,Laptop,HP Spectre x360,OnePlus,1,185.06,0.3,0.18,152.86,Debit Card,Online,EMP740,1,1,Same Day,1,INR
ORD117726,09-05-2024,BR35,UAE,Abu Dhabi,CUST2941,PROD189,TV,Sony Bravia 55,Lenovo,2,1826.46,0.25,0.18,3232.83,Cash,In-Store,EMP421,1,1,Same Day,3,GBP
ORD117727,02-06-2023,BR95,UAE,Dubai,CUST1924,PROD170,Tablet,Lenovo Tab P11,Dell,3,1856.36,0.09,0.18,5980.08,UPI,In-Store,EMP404,3,0,Express,2,AED
ORD117728,08-02-2023,BR28,USA,New York,CUST5667,PROD164,Accessories,Keyboard,Apple,1,1877.04,0.26,0.18,1639.03,Net Banking,In-Store,EMP854,3,0,Express,10,USD
ORD117729,22-10-2023,BR7,UAE,Dubai,CUST6986,PROD400,TV,Sony Bravia 55,HP,3,1839.07,0.2,0.18,5208.25,Net Banking,Online,EMP801,0,1,Same Day,9,GBP
ORD117730,27-10-2023,BR93,Germany,Berlin,CUST6508,PROD634,TV,LG OLED 48,HP,1,1387.24,0.03,0.18,1587.83,Debit Card,In-Store,EMP894,0,1,Standard,7,USD
ORD117731,14-12-2024,BR97,UK,London,CUST4183,PROD863,Laptop,Dell XPS 13,Samsung,2,497.34,0.13,0.18,1021.14,Net Banking,Online,EMP253,2,0,Express,6,EUR
ORD117732,29-12-2023,BR68,UAE,Dubai,CUST1914,PROD976,TV,LG OLED 48,Sony,4,335.04,0.09,0.18,1439.06,Net Banking,In-Store,EMP348,0,1,Express,1,EUR
ORD117733,01-11-2024,BR1,Germany,Munich,CUST1438,PROD950,Accessories,Keyboard,Dell,1,330.76,0,0.18,390.3,UPI,Online,EMP894,1,1,Standard,10,GBP
ORD117734,20-12-2024,BR35,Germany,Munich,CUST9828,PROD581,Tablet,Lenovo Tab P11,Lenovo,4,1857.56,0.16,0.18,7364.85,Debit Card,Online,EMP784,0,0,Standard,2,GBP
ORD117735,31-08-2023,BR109,UAE,Dubai,CUST3686,PROD324,Accessories,Keyboard,Lenovo,2,1728.15,0.05,0.18,3874.51,Cash,In-Store,EMP489,2,1,Standard,2,AED
ORD117736,29-07-2023,BR67,USA,Chicago,CUST9185,PROD106,Tablet,iPad Air,Apple,5,313.65,0.19,0.18,1498.93,Cash,Online,EMP248,1,0,Same Day,9,INR
ORD117737,23-10-2023,BR24,UAE,Abu Dhabi,CUST4777,PROD416,TV,Sony Bravia 55,Dell,4,1675.13,0.25,0.18,5929.96,Cash,Online,EMP491,2,0,Same Day,8,EUR
ORD117738,01-01-2024,BR3,UK,Birmingham,CUST5354,PROD663,Mobile,Samsung Galaxy S23,Samsung,2,419.33,0.07,0.18,920.35,Credit Card,Online,EMP984,2,1,Express,9,EUR
ORD117739,28-01-2024,BR76,UAE,Dubai,CUST5635,PROD897,Mobile,iPhone 14,Apple,2,529.6,0.11,0.18,1112.37,Net Banking,In-Store,EMP530,3,0,Express,5,USD
ORD117740,06-08-2024,BR6,Germany,Berlin,CUST4013,PROD935,Laptop,HP Spectre x360,Samsung,1,982.96,0.02,0.18,1136.69,Net Banking,Online,EMP214,0,1,Express,10,AED
ORD117741,11-12-2024,BR18,UK,Manchester,CUST1112,PROD334,Mobile,iPhone 14,OnePlus,5,666.44,0.17,0.18,3263.56,Cash,Online,EMP558,2,1,Express,5,INR
ORD117742,22-11-2024,BR7,Germany,Munich,CUST8635,PROD617,Tablet,iPad Air,Dell,1,1330.32,0.16,0.18,1318.61,Net Banking,Online,EMP948,3,0,Express,6,INR
ORD117743,07-09-2023,BR101,India,Bangalore,CUST7154,PROD236,TV,Sony Bravia 55,HP,1,939.43,0.18,0.18,908.99,Net Banking,In-Store,EMP827,1,0,Standard,3,EUR
ORD117744,21-10-2024,BR39,UAE,Dubai,CUST3743,PROD852,Laptop,Dell XPS 13,HP,3,482.03,0.16,0.18,1433.36,Debit Card,Online,EMP455,2,1,Standard,1,USD
ORD117745,02-08-2024,BR55,UK,London,CUST5453,PROD927,Mobile,Samsung Galaxy S23,OnePlus,1,739.28,0.08,0.18,802.56,Net Banking,In-Store,EMP753,3,0,Express,9,GBP
ORD117746,22-05-2023,BR58,India,Pune,CUST3316,PROD280,Tablet,iPad Air,LG,5,1769.54,0.04,0.18,10022.67,Net Banking,Online,EMP459,2,0,Standard,9,INR
ORD117747,21-10-2024,BR108,UAE,Abu Dhabi,CUST8774,PROD889,TV,Sony Bravia 55,Dell,4,1240.09,0.17,0.18,4858.18,UPI,Online,EMP692,2,0,Standard,1,EUR
ORD117748,28-09-2023,BR71,UAE,Dubai,CUST7878,PROD113,Tablet,Lenovo Tab P11,LG,1,1806.85,0.3,0.18,1492.46,Credit Card,In-Store,EMP703,2,1,Express,2,AED
ORD117749,26-12-2024,BR105,UAE,Dubai,CUST8792,PROD631,Tablet,Lenovo Tab P11,Dell,4,1153.25,0.02,0.18,5334.47,Cash,Online,EMP549,1,0,Express,10,EUR
ORD117750,09-08-2023,BR58,India,Mumbai,CUST5753,PROD742,TV,Sony Bravia 55,LG,5,1949.64,0.17,0.18,9547.39,Net Banking,Online,EMP398,0,1,Same Day,4,GBP
ORD117751,03-08-2023,BR9,USA,Dallas,CUST8981,PROD277,Tablet,Lenovo Tab P11,Dell,2,1372.16,0.12,0.18,2849.7,Credit Card,Online,EMP844,3,1,Standard,5,EUR
ORD117752,24-02-2023,BR20,USA,Los Angeles,CUST4821,PROD859,TV,Sony Bravia 55,HP,3,1890.89,0.22,0.18,5221.13,Debit Card,Online,EMP349,1,0,Standard,9,INR
ORD117753,26-06-2023,BR16,UK,Manchester,CUST4401,PROD471,Mobile,iPhone 14,HP,2,1549.82,0.09,0.18,3328.39,UPI,In-Store,EMP898,2,0,Same Day,7,GBP
ORD117754,25-11-2024,BR16,India,Bangalore,CUST2147,PROD491,Mobile,iPhone 14,Lenovo,4,734.33,0.27,0.18,2530.21,Debit Card,Online,EMP275,1,0,Same Day,3,INR
ORD117755,26-03-2024,BR91,UAE,Abu Dhabi,CUST7321,PROD475,Mobile,OnePlus 11,LG,1,1590.69,0.15,0.18,1595.46,Debit Card,Online,EMP746,0,1,Standard,4,USD
ORD117756,25-10-2023,BR84,UAE,Dubai,CUST7628,PROD620,TV,Sony Bravia 55,OnePlus,2,1805.55,0.23,0.18,3281.05,Credit Card,Online,EMP430,1,1,Same Day,8,AED
ORD117757,29-09-2024,BR11,Germany,Berlin,CUST4820,PROD490,Laptop,MacBook Air M2,Samsung,4,1380.76,0.22,0.18,5083.41,Debit Card,In-Store,EMP887,3,1,Standard,5,USD
ORD117758,09-08-2023,BR52,UAE,Dubai,CUST5380,PROD795,Tablet,Samsung Galaxy Tab,OnePlus,5,745.77,0.07,0.18,4092.04,Debit Card,In-Store,EMP481,2,1,Standard,5,INR
ORD117759,04-11-2024,BR11,India,Bangalore,CUST8934,PROD632,TV,LG OLED 48,Dell,3,465.61,0.04,0.18,1582.33,Net Banking,In-Store,EMP536,0,1,Same Day,1,AED
ORD117760,04-11-2023,BR84,UAE,Abu Dhabi,CUST3807,PROD650,Laptop,Dell XPS 13,Apple,1,150.68,0.15,0.18,151.13,Debit Card,Online,EMP663,1,1,Same Day,6,INR
ORD117761,01-12-2023,BR29,UK,London,CUST5479,PROD616,Laptop,MacBook Air M2,OnePlus,4,663.28,0.13,0.18,2723.69,Net Banking,In-Store,EMP306,1,1,Same Day,10,EUR
ORD117762,21-03-2024,BR60,UK,Birmingham,CUST3574,PROD209,Tablet,Lenovo Tab P11,Apple,2,1068.84,0.24,0.18,1917.07,Credit Card,Online,EMP930,2,1,Same Day,5,EUR
ORD117763,22-10-2023,BR119,Germany,Berlin,CUST1971,PROD208,Laptop,MacBook Air M2,Dell,3,1348.75,0.11,0.18,4249.37,UPI,In-Store,EMP839,2,1,Same Day,3,INR
ORD117764,21-01-2023,BR15,Germany,Munich,CUST4869,PROD304,Mobile,OnePlus 11,Dell,1,488.51,0.23,0.18,443.86,Cash,In-Store,EMP385,3,0,Express,2,USD
ORD117765,20-01-2024,BR12,Germany,Munich,CUST6765,PROD852,Laptop,Dell XPS 13,Sony,3,882.6,0.27,0.18,2280.81,Net Banking,Online,EMP446,0,0,Same Day,1,INR
ORD117766,10-05-2023,BR111,UK,London,CUST9365,PROD460,Tablet,Lenovo Tab P11,Sony,4,1855.7,0.22,0.18,6831.95,Cash,In-Store,EMP655,0,0,Express,8,INR
ORD117767,17-05-2024,BR31,UAE,Dubai,CUST2515,PROD956,Mobile,iPhone 14,Sony,5,56.85,0.12,0.18,295.17,Credit Card,In-Store,EMP893,1,1,Standard,3,AED
ORD117768,30-03-2024,BR74,Germany,Hamburg,CUST7500,PROD133,Mobile,iPhone 14,Apple,1,1075.02,0.14,0.18,1090.93,Cash,In-Store,EMP492,3,1,Standard,6,GBP
ORD117769,25-07-2024,BR74,USA,Chicago,CUST4406,PROD703,Laptop,MacBook Air M2,OnePlus,3,307.45,0.17,0.18,903.35,Cash,In-Store,EMP669,2,0,Same Day,9,AED
ORD117770,19-02-2024,BR73,Germany,Munich,CUST7700,PROD476,TV,Sony Bravia 55,OnePlus,3,179.83,0.02,0.18,623.87,Credit Card,In-Store,EMP999,1,0,Standard,9,GBP
ORD117771,07-10-2024,BR87,USA,Chicago,CUST6218,PROD999,TV,LG OLED 48,OnePlus,5,1742.45,0.14,0.18,8841.19,Net Banking,In-Store,EMP522,1,1,Express,1,INR
ORD117772,22-07-2023,BR48,India,Bangalore,CUST5934,PROD760,Laptop,Dell XPS 13,OnePlus,5,1010.15,0.17,0.18,4946.7,Cash,In-Store,EMP385,2,0,Standard,1,USD
ORD117773,09-06-2024,BR50,UAE,Dubai,CUST3815,PROD827,Accessories,Keyboard,LG,4,1449.62,0.16,0.18,5747.45,Credit Card,In-Store,EMP662,1,0,Express,4,INR
ORD117774,18-01-2024,BR10,USA,Los Angeles,CUST3187,PROD132,Tablet,Samsung Galaxy Tab,Samsung,3,1593.58,0.11,0.18,5020.73,Net Banking,In-Store,EMP277,2,1,Express,4,USD
ORD117775,21-08-2024,BR45,UAE,Abu Dhabi,CUST9418,PROD929,Accessories,Wireless Mouse,HP,5,1421.1,0.28,0.18,6036.83,Debit Card,In-Store,EMP645,0,0,Express,8,INR
ORD117776,30-05-2024,BR77,India,Bangalore,CUST9838,PROD558,TV,Sony Bravia 55,LG,5,1703.57,0.05,0.18,9548.51,UPI,In-Store,EMP770,0,0,Express,9,GBP
ORD117777,17-08-2024,BR22,UAE,Abu Dhabi,CUST7308,PROD918,TV,Sony Bravia 55,Sony,1,1543.86,0.03,0.18,1767.1,Cash,In-Store,EMP654,3,1,Same Day,8,GBP
ORD117778,02-04-2024,BR74,India,Delhi,CUST4185,PROD614,Laptop,MacBook Air M2,Samsung,2,1452.29,0.04,0.18,3290.31,Debit Card,Online,EMP797,3,1,Standard,2,EUR
ORD117779,06-06-2024,BR92,Germany,Berlin,CUST1681,PROD531,TV,LG OLED 48,Dell,3,1959.24,0.24,0.18,5271.14,UPI,In-Store,EMP436,0,1,Express,8,EUR
ORD117780,11-10-2024,BR62,Germany,Berlin,CUST9198,PROD677,Tablet,iPad Air,LG,5,174.88,0.17,0.18,856.39,Credit Card,In-Store,EMP381,1,1,Standard,7,EUR
ORD117781,22-02-2024,BR14,India,Pune,CUST8328,PROD269,Accessories,Wireless Mouse,Samsung,4,148.98,0.23,0.18,541.45,Debit Card,Online,EMP413,2,0,Standard,1,AED
ORD117782,15-04-2024,BR15,Germany,Hamburg,CUST3931,PROD732,Mobile,OnePlus 11,LG,1,1990.06,0.04,0.18,2254.34,Credit Card,Online,EMP339,0,1,Standard,2,GBP
ORD117783,07-03-2024,BR7,UAE,Abu Dhabi,CUST6449,PROD702,Accessories,Keyboard,HP,1,221.77,0.04,0.18,251.22,Net Banking,Online,EMP373,1,1,Standard,5,USD
ORD117784,24-06-2023,BR43,Germany,Hamburg,CUST4570,PROD347,TV,LG OLED 48,Lenovo,3,1442.7,0.09,0.18,4647.51,Debit Card,Online,EMP681,3,1,Same Day,8,GBP
ORD117785,01-02-2024,BR19,UAE,Abu Dhabi,CUST8537,PROD890,Laptop,MacBook Air M2,Lenovo,2,1641.01,0.03,0.18,3756.6,Credit Card,Online,EMP610,3,0,Same Day,10,EUR
ORD117786,03-01-2024,BR61,UK,London,CUST2166,PROD440,TV,Samsung QLED 50,Samsung,3,332.58,0.23,0.18,906.55,Cash,In-Store,EMP812,0,0,Standard,10,AED
ORD117787,20-11-2024,BR98,USA,Los Angeles,CUST3110,PROD537,TV,Samsung QLED 50,Dell,4,855.47,0.09,0.18,3674.41,Cash,Online,EMP971,3,0,Same Day,9,INR
ORD117788,24-12-2024,BR48,UAE,Dubai,CUST7627,PROD974,Accessories,Keyboard,Sony,1,746.76,0.25,0.18,660.88,Credit Card,In-Store,EMP316,2,1,Standard,7,EUR
ORD117789,02-07-2024,BR32,UK,London,CUST1774,PROD189,Mobile,OnePlus 11,LG,5,1510.95,0.14,0.18,7666.56,UPI,Online,EMP875,3,0,Express,4,GBP
ORD117790,31-08-2024,BR115,UAE,Abu Dhabi,CUST1566,PROD232,Tablet,Samsung Galaxy Tab,OnePlus,3,469.02,0.26,0.18,1228.64,Credit Card,Online,EMP857,2,1,Standard,3,AED
ORD117791,12-04-2023,BR111,India,Mumbai,CUST9422,PROD404,TV,LG OLED 48,Samsung,4,137.11,0.03,0.18,627.74,UPI,In-Store,EMP241,3,0,Express,2,USD
ORD117792,19-10-2023,BR116,UAE,Dubai,CUST2453,PROD519,Mobile,Samsung Galaxy S23,Sony,4,1255.62,0.29,0.18,4207.83,Cash,Online,EMP895,2,0,Express,4,EUR
ORD117793,11-10-2023,BR24,USA,Los Angeles,CUST6075,PROD862,TV,Samsung QLED 50,Lenovo,5,680.65,0.16,0.18,3373.3,Credit Card,Online,EMP889,3,0,Same Day,3,EUR
ORD117794,01-09-2024,BR55,USA,New York,CUST4729,PROD248,Tablet,iPad Air,Dell,3,582.76,0.2,0.18,1650.38,Cash,Online,EMP418,3,1,Standard,4,AED
ORD117795,26-05-2023,BR54,UK,Manchester,CUST5503,PROD522,Mobile,OnePlus 11,Samsung,3,1730.6,0.29,0.18,4349.69,Credit Card,In-Store,EMP309,2,1,Standard,4,USD
ORD117796,01-02-2024,BR22,India,Delhi,CUST8236,PROD327,Laptop,MacBook Air M2,Sony,5,1133.7,0.18,0.18,5484.84,Credit Card,Online,EMP714,2,1,Standard,4,EUR
ORD117797,20-07-2023,BR66,UAE,Dubai,CUST8838,PROD357,Accessories,Bluetooth Headphones,OnePlus,1,88.3,0.22,0.18,81.27,Cash,Online,EMP743,0,0,Same Day,5,INR
ORD117798,13-07-2023,BR50,UAE,Abu Dhabi,CUST1491,PROD344,Accessories,Bluetooth Headphones,Samsung,3,1242.13,0.24,0.18,3341.83,Debit Card,In-Store,EMP894,2,0,Express,7,EUR
ORD117799,29-01-2023,BR95,USA,Chicago,CUST8426,PROD856,Tablet,iPad Air,Apple,1,1997.59,0.08,0.18,2168.58,Net Banking,In-Store,EMP340,3,1,Express,4,AED
ORD117800,21-06-2023,BR63,UAE,Abu Dhabi,CUST2281,PROD877,Mobile,Samsung Galaxy S23,Lenovo,5,425.9,0.22,0.18,1959.99,Net Banking,Online,EMP661,2,0,Same Day,3,EUR
ORD117801,27-04-2023,BR18,Germany,Munich,CUST3096,PROD776,Mobile,OnePlus 11,Samsung,1,809.15,0.05,0.18,907.06,Credit Card,In-Store,EMP744,1,0,Same Day,9,GBP
ORD117802,08-07-2024,BR28,India,Pune,CUST1498,PROD903,Accessories,Bluetooth Headphones,Sony,5,1732.18,0,0.18,10219.86,Debit Card,In-Store,EMP614,1,1,Express,5,INR
ORD117803,24-04-2023,BR27,UAE,Dubai,CUST2233,PROD920,TV,Samsung QLED 50,Samsung,1,605.93,0.03,0.18,693.55,Cash,Online,EMP889,2,0,Same Day,8,USD
ORD117804,13-08-2024,BR3,USA,New York,CUST1670,PROD889,Tablet,Samsung Galaxy Tab,Sony,5,1606.13,0.28,0.18,6822.84,Debit Card,In-Store,EMP235,2,0,Standard,1,GBP
ORD117805,21-08-2024,BR96,Germany,Hamburg,CUST6461,PROD442,TV,Samsung QLED 50,HP,1,1885.6,0.07,0.18,2069.26,UPI,Online,EMP681,3,0,Express,5,AED
ORD117806,29-12-2023,BR13,India,Delhi,CUST1762,PROD311,Accessories,Wireless Mouse,OnePlus,2,60.82,0.09,0.18,130.62,Credit Card,In-Store,EMP654,0,0,Standard,3,AED
ORD117807,13-08-2023,BR80,USA,Chicago,CUST5924,PROD263,Mobile,iPhone 14,OnePlus,3,692.56,0.13,0.18,2132.95,Credit Card,In-Store,EMP386,2,0,Standard,9,AED
ORD117808,10-12-2023,BR18,USA,Dallas,CUST5533,PROD840,Tablet,iPad Air,OnePlus,4,1395.34,0.21,0.18,5202.94,Debit Card,Online,EMP856,2,1,Express,10,EUR
ORD117809,08-11-2023,BR89,India,Bangalore,CUST9591,PROD631,Tablet,iPad Air,Lenovo,4,68.2,0.03,0.18,312.25,Debit Card,Online,EMP741,0,0,Same Day,9,USD
ORD117810,24-09-2023,BR54,USA,Chicago,CUST4919,PROD355,TV,Sony Bravia 55,HP,5,1992.29,0.2,0.18,9403.61,Net Banking,In-Store,EMP299,0,1,Same Day,2,GBP
ORD117811,29-10-2023,BR17,India,Bangalore,CUST3679,PROD220,Tablet,iPad Air,Samsung,3,1712.98,0.29,0.18,4305.4,Net Banking,In-Store,EMP506,1,1,Standard,10,GBP
ORD117812,19-02-2024,BR14,India,Mumbai,CUST6440,PROD548,Accessories,Wireless Mouse,Dell,3,1196.99,0.16,0.18,3559.37,Debit Card,In-Store,EMP721,2,0,Same Day,8,USD
ORD117813,20-05-2023,BR33,Germany,Hamburg,CUST6243,PROD987,Accessories,Keyboard,Dell,5,1638.65,0.2,0.18,7734.43,Net Banking,Online,EMP821,1,1,Express,6,AED
ORD117814,19-12-2023,BR91,USA,Dallas,CUST7720,PROD408,Laptop,MacBook Air M2,HP,2,577.09,0.12,0.18,1198.5,UPI,In-Store,EMP253,2,1,Express,9,AED
ORD117815,07-07-2024,BR24,USA,Chicago,CUST3914,PROD283,Accessories,Wireless Mouse,Samsung,1,533.51,0.17,0.18,522.52,Net Banking,Online,EMP698,2,1,Standard,8,EUR
ORD117816,10-04-2023,BR119,UAE,Dubai,CUST2815,PROD229,Accessories,Keyboard,Lenovo,4,491.09,0.2,0.18,1854.36,Net Banking,In-Store,EMP397,3,0,Same Day,10,INR
ORD117817,20-08-2023,BR62,India,Delhi,CUST3190,PROD353,Laptop,Dell XPS 13,HP,5,1218.9,0.24,0.18,5465.55,Net Banking,In-Store,EMP589,2,1,Express,5,GBP
ORD117818,21-01-2024,BR77,UK,London,CUST1001,PROD761,Accessories,Bluetooth Headphones,OnePlus,5,1902.32,0.24,0.18,8530,Cash,Online,EMP923,0,0,Same Day,3,EUR
ORD117819,22-04-2023,BR90,UAE,Dubai,CUST9443,PROD132,Tablet,iPad Air,Sony,4,1626.13,0.14,0.18,6600.79,Cash,In-Store,EMP952,3,1,Express,5,EUR
ORD117820,11-02-2023,BR70,USA,Dallas,CUST1117,PROD114,Mobile,iPhone 14,Lenovo,3,1088.76,0.04,0.18,3700.04,UPI,Online,EMP481,3,1,Same Day,6,EUR
ORD117821,24-09-2024,BR47,UAE,Dubai,CUST1959,PROD606,Tablet,Lenovo Tab P11,Sony,2,1218.01,0.21,0.18,2270.86,Cash,In-Store,EMP236,0,1,Express,6,USD
ORD117822,11-01-2024,BR103,USA,Dallas,CUST4509,PROD411,Mobile,OnePlus 11,OnePlus,1,1891.93,0.22,0.18,1741.33,Net Banking,In-Store,EMP607,0,0,Express,6,INR
ORD117823,10-12-2024,BR20,Germany,Berlin,CUST6511,PROD392,Laptop,MacBook Air M2,OnePlus,5,1196.75,0.23,0.18,5436.84,Credit Card,Online,EMP717,0,1,Same Day,6,EUR
ORD117824,04-09-2024,BR49,Germany,Hamburg,CUST6548,PROD284,Tablet,iPad Air,Samsung,1,407.85,0.29,0.18,341.7,Net Banking,In-Store,EMP754,0,1,Express,8,EUR
ORD117825,04-06-2023,BR74,USA,Dallas,CUST4411,PROD854,Laptop,Dell XPS 13,Apple,1,1077.41,0.08,0.18,1169.64,UPI,Online,EMP221,2,1,Same Day,1,INR
ORD117826,03-11-2024,BR105,UAE,Dubai,CUST7072,PROD596,Mobile,OnePlus 11,Sony,1,1659.12,0.22,0.18,1527.05,Credit Card,Online,EMP613,3,1,Same Day,7,GBP
ORD117827,28-08-2023,BR99,UK,Manchester,CUST6232,PROD360,Laptop,Dell XPS 13,Samsung,4,1913.52,0.04,0.18,8670.54,Cash,Online,EMP356,0,0,Standard,2,GBP
ORD117828,17-09-2024,BR50,USA,New York,CUST2243,PROD872,Mobile,iPhone 14,OnePlus,2,1922.24,0.17,0.18,3765.28,Cash,Online,EMP468,3,0,Standard,9,GBP
ORD117829,20-09-2024,BR106,UK,Birmingham,CUST7632,PROD809,Laptop,HP Spectre x360,HP,5,1223.22,0.01,0.18,7144.83,UPI,Online,EMP759,2,0,Same Day,7,USD
ORD117830,08-08-2023,BR56,USA,Chicago,CUST8413,PROD155,Accessories,Wireless Mouse,Lenovo,2,917.92,0.19,0.18,1754.7,UPI,In-Store,EMP999,2,0,Standard,6,GBP
ORD117831,12-05-2024,BR61,UK,London,CUST7042,PROD351,Tablet,Lenovo Tab P11,LG,3,1754.67,0.18,0.18,5093.46,Cash,Online,EMP541,1,1,Express,4,GBP
ORD117832,22-05-2024,BR75,UK,Birmingham,CUST2995,PROD768,Accessories,Wireless Mouse,LG,1,553.5,0.27,0.18,476.78,Cash,In-Store,EMP909,2,1,Express,7,USD
ORD117833,06-03-2023,BR76,UAE,Dubai,CUST5729,PROD589,Accessories,Keyboard,HP,2,838.52,0.08,0.18,1820.59,Net Banking,Online,EMP288,3,1,Standard,9,USD
ORD117834,17-03-2023,BR75,UAE,Abu Dhabi,CUST1079,PROD283,Tablet,iPad Air,Lenovo,1,1183.75,0.03,0.18,1354.92,Net Banking,In-Store,EMP839,0,0,Express,2,GBP
ORD117835,20-02-2024,BR82,India,Bangalore,CUST9110,PROD950,TV,Samsung QLED 50,OnePlus,3,1221.01,0.25,0.18,3241.78,Credit Card,In-Store,EMP455,3,0,Express,4,EUR
ORD117836,20-05-2024,BR52,USA,New York,CUST4571,PROD613,TV,Samsung QLED 50,HP,3,269.4,0.05,0.18,905.99,Cash,In-Store,EMP482,2,0,Express,6,GBP
ORD117837,19-11-2023,BR95,India,Mumbai,CUST4921,PROD279,Mobile,Samsung Galaxy S23,Apple,5,323.42,0.07,0.18,1774.61,Cash,Online,EMP943,0,1,Express,5,USD
ORD117838,17-12-2024,BR45,Germany,Munich,CUST5774,PROD726,Accessories,Keyboard,LG,5,689.73,0.04,0.18,3906.63,UPI,In-Store,EMP725,2,0,Express,3,INR
ORD117839,04-04-2024,BR61,UAE,Abu Dhabi,CUST4080,PROD391,Accessories,Bluetooth Headphones,Lenovo,4,538.88,0.23,0.18,1958.51,Net Banking,In-Store,EMP587,2,1,Express,9,USD
ORD117840,11-12-2023,BR105,USA,Chicago,CUST5362,PROD969,TV,LG OLED 48,Sony,2,313.36,0.27,0.18,539.86,Net Banking,In-Store,EMP846,3,0,Express,1,AED
ORD117841,27-02-2024,BR16,USA,Dallas,CUST8564,PROD173,TV,Sony Bravia 55,OnePlus,2,1652.75,0.06,0.18,3666.46,UPI,Online,EMP507,2,1,Same Day,8,EUR
ORD117842,27-05-2023,BR90,UK,London,CUST4946,PROD637,TV,Samsung QLED 50,Dell,1,1087.82,0.14,0.18,1103.92,Net Banking,Online,EMP724,0,0,Same Day,9,EUR
ORD117843,15-02-2023,BR59,USA,New York,CUST4689,PROD136,Laptop,MacBook Air M2,Dell,2,1703.56,0.24,0.18,3055.51,Cash,In-Store,EMP494,0,0,Same Day,1,USD
ORD117844,08-10-2024,BR35,Germany,Berlin,CUST3547,PROD409,Tablet,Samsung Galaxy Tab,Samsung,2,349.69,0.17,0.18,684.97,UPI,In-Store,EMP816,0,0,Express,4,GBP
ORD117845,16-07-2024,BR56,India,Delhi,CUST7996,PROD251,Mobile,OnePlus 11,Samsung,4,1463.87,0.29,0.18,4905.72,Debit Card,In-Store,EMP416,2,0,Standard,4,GBP
ORD117846,08-11-2024,BR19,UK,Manchester,CUST7065,PROD602,Accessories,Keyboard,Samsung,3,409.64,0.06,0.18,1363.12,Net Banking,Online,EMP475,3,1,Same Day,3,EUR
ORD117847,24-08-2024,BR43,UAE,Abu Dhabi,CUST5873,PROD678,TV,LG OLED 48,Sony,4,1204.64,0.1,0.18,5117.31,Debit Card,Online,EMP746,3,0,Express,5,INR
ORD117848,07-12-2023,BR37,Germany,Hamburg,CUST9491,PROD329,TV,LG OLED 48,HP,3,501.89,0.03,0.18,1723.39,Credit Card,In-Store,EMP555,0,0,Same Day,6,GBP
ORD117849,11-04-2024,BR33,India,Pune,CUST5938,PROD305,Tablet,Samsung Galaxy Tab,Lenovo,5,500.51,0.1,0.18,2657.71,Debit Card,Online,EMP251,0,0,Same Day,2,INR
ORD117850,26-11-2024,BR37,UK,Manchester,CUST7818,PROD116,Mobile,OnePlus 11,Lenovo,5,294.93,0.06,0.18,1635.68,Debit Card,In-Store,EMP864,1,1,Express,3,EUR
ORD117851,16-10-2024,BR25,USA,New York,CUST9896,PROD642,Mobile,Samsung Galaxy S23,Apple,4,182.13,0.24,0.18,653.34,UPI,Online,EMP250,0,1,Same Day,6,EUR
ORD117852,11-12-2023,BR96,UAE,Abu Dhabi,CUST7249,PROD889,Tablet,Samsung Galaxy Tab,Apple,4,292.82,0.29,0.18,981.3,Credit Card,Online,EMP894,1,1,Express,1,AED
ORD117853,07-12-2024,BR27,Germany,Munich,CUST9791,PROD135,TV,Samsung QLED 50,Lenovo,2,1935.76,0.25,0.18,3426.3,UPI,Online,EMP868,0,0,Same Day,7,INR
ORD117854,22-06-2023,BR76,UAE,Abu Dhabi,CUST8039,PROD536,Mobile,Samsung Galaxy S23,Samsung,3,1776.83,0.06,0.18,5912.58,Debit Card,In-Store,EMP857,1,0,Express,5,USD
ORD117855,15-03-2023,BR105,USA,Chicago,CUST5112,PROD556,TV,Samsung QLED 50,Sony,1,150.76,0.27,0.18,129.86,Debit Card,Online,EMP511,2,0,Standard,4,INR
ORD117856,04-12-2023,BR5,USA,Los Angeles,CUST8236,PROD744,Accessories,Keyboard,Samsung,5,332.7,0.3,0.18,1374.05,Cash,Online,EMP416,0,1,Same Day,9,GBP
ORD117857,07-12-2023,BR85,USA,Chicago,CUST1663,PROD734,Mobile,OnePlus 11,Samsung,3,1196.53,0.27,0.18,3092.07,Debit Card,In-Store,EMP997,3,0,Express,10,INR
ORD117858,14-05-2023,BR46,UK,Birmingham,CUST2803,PROD209,Accessories,Wireless Mouse,LG,1,1307.96,0.18,0.18,1265.58,UPI,In-Store,EMP384,2,0,Standard,7,USD
ORD117859,29-09-2024,BR110,UAE,Abu Dhabi,CUST2058,PROD750,Mobile,OnePlus 11,LG,5,79.14,0.15,0.18,396.89,UPI,Online,EMP421,3,0,Express,9,USD
ORD117860,09-07-2023,BR1,UAE,Abu Dhabi,CUST5628,PROD227,Tablet,iPad Air,Lenovo,1,50.18,0.05,0.18,56.25,Credit Card,Online,EMP504,3,1,Standard,6,INR
ORD117861,22-07-2024,BR15,USA,Dallas,CUST4410,PROD372,Accessories,Keyboard,HP,1,1024.43,0.27,0.18,882.44,UPI,Online,EMP351,2,1,Standard,6,AED
ORD117862,16-11-2024,BR7,UAE,Dubai,CUST1826,PROD519,Tablet,iPad Air,Lenovo,4,909.22,0.07,0.18,3991.11,Net Banking,Online,EMP979,3,0,Express,10,EUR
ORD117863,07-10-2023,BR53,Germany,Hamburg,CUST7812,PROD373,Laptop,HP Spectre x360,HP,3,578.36,0.19,0.18,1658.39,UPI,Online,EMP775,2,1,Same Day,2,INR
ORD117864,09-01-2024,BR101,UAE,Abu Dhabi,CUST7912,PROD269,Mobile,iPhone 14,LG,2,659.35,0.07,0.18,1447.14,UPI,In-Store,EMP801,1,0,Same Day,5,USD
ORD117865,08-10-2024,BR27,UK,Manchester,CUST8852,PROD427,Mobile,Samsung Galaxy S23,HP,3,1438.15,0.09,0.18,4632.86,Net Banking,In-Store,EMP931,1,0,Standard,4,USD
ORD117866,26-04-2023,BR90,UAE,Dubai,CUST1281,PROD993,Laptop,Dell XPS 13,OnePlus,3,1550.68,0.05,0.18,5214.94,Debit Card,In-Store,EMP694,1,0,Express,4,INR
ORD117867,14-03-2023,BR59,Germany,Hamburg,CUST2234,PROD272,Tablet,iPad Air,OnePlus,2,1383.85,0.25,0.18,2449.41,Cash,In-Store,EMP219,1,0,Same Day,7,AED
ORD117868,26-09-2023,BR27,Germany,Munich,CUST7387,PROD989,Laptop,Dell XPS 13,Apple,3,1551.32,0.05,0.18,5217.09,Cash,In-Store,EMP418,3,1,Same Day,2,AED
ORD117869,27-04-2024,BR37,Germany,Munich,CUST6748,PROD598,Mobile,Samsung Galaxy S23,HP,4,937.31,0.22,0.18,3450.8,Debit Card,In-Store,EMP360,2,0,Standard,5,AED
ORD117870,13-06-2024,BR65,India,Pune,CUST6027,PROD749,Laptop,HP Spectre x360,Samsung,1,591.65,0.09,0.18,635.31,Cash,Online,EMP783,0,1,Standard,8,AED
ORD117871,14-08-2024,BR65,USA,New York,CUST4137,PROD497,Mobile,Samsung Galaxy S23,HP,2,321.86,0.09,0.18,691.23,Debit Card,Online,EMP567,2,0,Same Day,3,AED
ORD117872,16-10-2023,BR107,USA,New York,CUST2229,PROD758,TV,Sony Bravia 55,OnePlus,5,1013.63,0.09,0.18,5442.18,UPI,In-Store,EMP728,3,0,Standard,7,INR
ORD117873,11-05-2024,BR71,UAE,Dubai,CUST1177,PROD816,Mobile,Samsung Galaxy S23,LG,1,663.94,0.04,0.18,752.11,Net Banking,In-Store,EMP553,0,0,Standard,3,INR
ORD117874,31-12-2023,BR75,UAE,Abu Dhabi,CUST9455,PROD548,Mobile,Samsung Galaxy S23,Sony,3,1926.87,0.05,0.18,6480.06,Cash,In-Store,EMP839,2,0,Same Day,5,INR
ORD117875,30-05-2023,BR15,Germany,Munich,CUST1070,PROD241,Tablet,Samsung Galaxy Tab,Dell,2,1975.1,0.09,0.18,4241.72,Credit Card,Online,EMP530,2,1,Express,7,AED
ORD117876,10-05-2023,BR53,India,Delhi,CUST1683,PROD348,Laptop,Dell XPS 13,Sony,4,1011.04,0.01,0.18,4724.39,Debit Card,In-Store,EMP809,3,0,Standard,1,USD
ORD117877,25-09-2024,BR71,USA,Los Angeles,CUST8332,PROD944,Laptop,MacBook Air M2,LG,2,702.89,0.15,0.18,1410,Debit Card,Online,EMP950,2,1,Express,2,EUR
ORD117878,02-06-2023,BR99,UK,Manchester,CUST6469,PROD634,Tablet,iPad Air,OnePlus,2,1750.49,0.25,0.18,3098.37,Debit Card,In-Store,EMP797,2,0,Express,8,GBP
ORD117879,23-02-2023,BR27,Germany,Munich,CUST4054,PROD310,Laptop,Dell XPS 13,Lenovo,5,1098.7,0.21,0.18,5121.04,Cash,In-Store,EMP451,2,1,Standard,2,AED
ORD117880,05-07-2024,BR102,India,Bangalore,CUST8776,PROD145,TV,LG OLED 48,LG,5,212,0.24,0.18,950.61,UPI,Online,EMP415,0,1,Express,9,INR
ORD117881,18-11-2023,BR119,USA,New York,CUST2794,PROD398,Mobile,iPhone 14,Sony,1,108.78,0.27,0.18,93.7,Net Banking,Online,EMP219,2,1,Same Day,10,INR
ORD117882,21-12-2024,BR48,UK,London,CUST1053,PROD643,Accessories,Wireless Mouse,Dell,5,1401.93,0.1,0.18,7444.25,Cash,Online,EMP383,0,0,Standard,9,USD
ORD117883,14-11-2023,BR77,USA,Chicago,CUST2982,PROD145,Laptop,MacBook Air M2,Apple,4,562.12,0.29,0.18,1883.78,Debit Card,In-Store,EMP522,0,1,Same Day,1,INR
ORD117884,20-10-2023,BR27,UK,Birmingham,CUST7967,PROD352,Laptop,HP Spectre x360,LG,1,1502.04,0.3,0.18,1240.69,Debit Card,Online,EMP551,3,0,Express,5,EUR
ORD117885,02-03-2024,BR49,Germany,Berlin,CUST1385,PROD135,Mobile,iPhone 14,Samsung,2,1373.55,0.17,0.18,2690.51,Debit Card,Online,EMP360,2,0,Same Day,9,INR
ORD117886,15-10-2024,BR42,UK,Birmingham,CUST8511,PROD349,Mobile,Samsung Galaxy S23,Samsung,4,901.67,0.09,0.18,3872.85,Debit Card,Online,EMP954,1,1,Same Day,8,USD
ORD117887,03-04-2024,BR104,Germany,Munich,CUST8606,PROD893,Accessories,Wireless Mouse,LG,3,1421.69,0.07,0.18,4680.49,Credit Card,In-Store,EMP876,0,1,Same Day,9,AED
ORD117888,06-02-2024,BR115,UK,Manchester,CUST7359,PROD624,Laptop,MacBook Air M2,OnePlus,3,610.3,0.3,0.18,1512.32,Cash,Online,EMP989,3,1,Standard,10,GBP
ORD117889,18-02-2024,BR78,UAE,Dubai,CUST1529,PROD451,Accessories,Keyboard,Sony,2,375.35,0.01,0.18,876.97,Debit Card,Online,EMP560,0,1,Same Day,9,AED
ORD117890,12-07-2024,BR38,USA,Los Angeles,CUST1114,PROD754,Laptop,MacBook Air M2,LG,4,1114.92,0.22,0.18,4104.69,UPI,In-Store,EMP526,3,1,Express,7,USD
ORD117891,15-11-2023,BR29,Germany,Berlin,CUST9974,PROD903,Mobile,OnePlus 11,HP,4,682.74,0.05,0.18,3061.41,Cash,Online,EMP679,0,1,Standard,2,GBP
ORD117892,01-08-2023,BR76,UK,Manchester,CUST4558,PROD657,TV,Samsung QLED 50,OnePlus,4,252.03,0.28,0.18,856.5,Debit Card,Online,EMP637,2,1,Same Day,8,EUR
ORD117893,12-10-2024,BR112,UAE,Abu Dhabi,CUST3016,PROD865,TV,Sony Bravia 55,OnePlus,3,138.78,0.02,0.18,481.46,Credit Card,In-Store,EMP567,1,0,Standard,7,GBP
ORD117894,21-11-2023,BR11,UK,London,CUST8290,PROD517,Tablet,iPad Air,Dell,1,1985.28,0.27,0.18,1710.12,UPI,Online,EMP427,1,1,Express,8,USD
ORD117895,29-10-2024,BR14,India,Delhi,CUST9693,PROD218,Laptop,Dell XPS 13,Sony,5,1087.15,0.25,0.18,4810.64,Credit Card,In-Store,EMP577,1,0,Standard,1,GBP
ORD117896,04-06-2023,BR40,UAE,Dubai,CUST5644,PROD733,TV,LG OLED 48,LG,1,54.59,0.28,0.18,46.38,UPI,In-Store,EMP473,0,1,Standard,9,EUR
ORD117897,04-05-2024,BR94,UAE,Dubai,CUST2934,PROD792,Accessories,Keyboard,Samsung,5,1131.99,0.24,0.18,5075.84,UPI,In-Store,EMP382,1,1,Same Day,8,GBP
ORD117898,22-06-2024,BR71,UK,Birmingham,CUST6913,PROD473,Tablet,iPad Air,Lenovo,4,1199.63,0.01,0.18,5605.63,Credit Card,In-Store,EMP388,0,1,Standard,1,GBP
ORD117899,29-09-2023,BR110,Germany,Berlin,CUST9250,PROD215,Laptop,HP Spectre x360,HP,2,1919.47,0.11,0.18,4031.65,UPI,Online,EMP378,0,0,Same Day,9,EUR
ORD117900,20-10-2023,BR51,UK,London,CUST6093,PROD620,Tablet,Lenovo Tab P11,Sony,1,1712.64,0.1,0.18,1818.82,Cash,In-Store,EMP298,0,1,Express,7,USD
ORD117901,28-08-2024,BR96,UK,Manchester,CUST3136,PROD672,Tablet,Samsung Galaxy Tab,LG,5,862.75,0.06,0.18,4784.81,UPI,In-Store,EMP563,2,0,Same Day,7,USD
ORD117902,19-06-2023,BR73,USA,New York,CUST8797,PROD414,Tablet,Lenovo Tab P11,HP,1,268.6,0.1,0.18,285.25,Debit Card,In-Store,EMP381,2,0,Same Day,1,EUR
ORD117903,11-05-2023,BR40,USA,Chicago,CUST3752,PROD310,Laptop,MacBook Air M2,Dell,2,111.71,0.12,0.18,232,Credit Card,Online,EMP939,0,1,Express,6,INR
ORD117904,20-12-2024,BR79,India,Mumbai,CUST9818,PROD221,Mobile,Samsung Galaxy S23,LG,1,1023.87,0.03,0.18,1171.92,Cash,In-Store,EMP858,0,1,Express,9,USD
ORD117905,18-12-2023,BR5,India,Mumbai,CUST7000,PROD930,Mobile,Samsung Galaxy S23,Apple,2,1222.89,0.15,0.18,2453.12,Net Banking,Online,EMP666,3,0,Express,8,INR
ORD117906,01-01-2024,BR26,Germany,Munich,CUST7317,PROD286,Tablet,Samsung Galaxy Tab,Dell,3,951.52,0.19,0.18,2728.39,Credit Card,Online,EMP508,0,1,Standard,4,GBP
ORD117907,14-02-2023,BR46,USA,Dallas,CUST2989,PROD786,Mobile,OnePlus 11,OnePlus,3,474.9,0.25,0.18,1260.86,Credit Card,In-Store,EMP540,3,1,Express,6,EUR
ORD117908,24-01-2024,BR88,USA,Dallas,CUST4862,PROD486,TV,LG OLED 48,Lenovo,3,655.55,0.2,0.18,1856.52,Net Banking,In-Store,EMP891,3,0,Express,5,USD
ORD117909,22-10-2024,BR115,UK,London,CUST4561,PROD498,Tablet,Samsung Galaxy Tab,Sony,1,1112.26,0.09,0.18,1194.34,UPI,Online,EMP690,2,1,Express,1,USD
ORD117910,22-02-2024,BR17,India,Mumbai,CUST1283,PROD217,TV,LG OLED 48,Samsung,3,1937.96,0.16,0.18,5762.72,UPI,Online,EMP873,2,0,Express,10,GBP
ORD117911,17-02-2024,BR8,India,Delhi,CUST3313,PROD992,Tablet,iPad Air,Dell,2,1819.18,0.09,0.18,3906.87,Net Banking,Online,EMP775,2,0,Same Day,2,USD
ORD117912,30-05-2023,BR64,India,Bangalore,CUST1589,PROD750,Laptop,HP Spectre x360,LG,4,1637.69,0.1,0.18,6956.91,Cash,In-Store,EMP668,1,1,Standard,5,EUR
ORD117913,29-02-2024,BR18,UAE,Abu Dhabi,CUST2658,PROD683,TV,Sony Bravia 55,LG,2,669.31,0.05,0.18,1500.59,Cash,In-Store,EMP725,3,1,Same Day,1,AED
ORD117914,01-04-2024,BR100,Germany,Munich,CUST6356,PROD790,TV,Samsung QLED 50,HP,5,96.69,0.2,0.18,456.38,Credit Card,In-Store,EMP815,3,1,Express,2,GBP
ORD117915,23-05-2024,BR43,USA,Dallas,CUST3431,PROD926,Tablet,Samsung Galaxy Tab,Lenovo,1,1819.72,0.05,0.18,2039.91,Credit Card,Online,EMP205,0,0,Same Day,5,INR
ORD117916,21-10-2023,BR109,UK,London,CUST5612,PROD858,Laptop,MacBook Air M2,Apple,1,1020.21,0.21,0.18,951.04,Net Banking,In-Store,EMP797,0,1,Same Day,4,AED
ORD117917,13-09-2024,BR99,India,Pune,CUST7494,PROD795,TV,Samsung QLED 50,OnePlus,1,205.9,0.06,0.18,228.38,Net Banking,Online,EMP263,1,0,Same Day,5,USD
ORD117918,10-06-2023,BR58,USA,Los Angeles,CUST3512,PROD629,Tablet,Samsung Galaxy Tab,OnePlus,4,727.65,0.03,0.18,3331.47,Credit Card,In-Store,EMP878,2,0,Same Day,2,AED
ORD117919,16-08-2024,BR48,UK,London,CUST2553,PROD143,TV,Sony Bravia 55,LG,5,1903.26,0.1,0.18,10106.31,UPI,Online,EMP725,2,0,Standard,4,INR
ORD117920,22-07-2023,BR116,UAE,Dubai,CUST7936,PROD499,Laptop,Dell XPS 13,OnePlus,2,1083.29,0.03,0.18,2479.87,Debit Card,In-Store,EMP376,1,1,Express,1,EUR
ORD117921,15-02-2023,BR110,India,Delhi,CUST4953,PROD102,Accessories,Bluetooth Headphones,Samsung,3,603.39,0.25,0.18,1602,UPI,In-Store,EMP350,1,0,Same Day,9,INR
ORD117922,25-01-2023,BR75,UAE,Dubai,CUST5606,PROD465,TV,Samsung QLED 50,Apple,2,470.61,0.19,0.18,899.62,Net Banking,Online,EMP786,3,1,Same Day,8,INR
ORD117923,03-03-2023,BR65,UAE,Abu Dhabi,CUST6659,PROD906,Mobile,OnePlus 11,Lenovo,4,1471.43,0.2,0.18,5556.12,Debit Card,In-Store,EMP806,2,0,Standard,1,EUR
ORD117924,10-01-2023,BR45,UAE,Abu Dhabi,CUST4542,PROD760,Laptop,Dell XPS 13,Samsung,5,1758.37,0.13,0.18,9025.71,UPI,Online,EMP538,3,0,Express,9,USD
ORD117925,05-11-2023,BR109,USA,New York,CUST5894,PROD195,TV,Sony Bravia 55,OnePlus,4,1827.57,0.1,0.18,7763.52,Net Banking,In-Store,EMP414,0,1,Same Day,1,GBP
ORD117926,21-12-2023,BR71,UAE,Abu Dhabi,CUST1644,PROD985,Laptop,Dell XPS 13,Samsung,4,779.9,0.05,0.18,3497.07,Net Banking,In-Store,EMP812,3,0,Same Day,6,INR
ORD117927,31-03-2023,BR50,India,Pune,CUST5624,PROD820,Laptop,MacBook Air M2,HP,4,1207.07,0.16,0.18,4785.79,Debit Card,In-Store,EMP676,1,0,Same Day,3,EUR
ORD117928,09-03-2023,BR84,Germany,Berlin,CUST8082,PROD432,Accessories,Bluetooth Headphones,Apple,1,1935.25,0.27,0.18,1667.02,Net Banking,In-Store,EMP520,1,1,Standard,9,AED
ORD117929,02-11-2023,BR23,UK,Manchester,CUST8494,PROD998,Accessories,Wireless Mouse,Samsung,3,1378.55,0.06,0.18,4587.26,Credit Card,Online,EMP885,2,0,Same Day,7,USD
ORD117930,23-01-2024,BR68,Germany,Munich,CUST4308,PROD398,Tablet,iPad Air,Sony,4,1697.37,0.15,0.18,6809.85,UPI,Online,EMP246,3,0,Standard,5,INR
ORD117931,03-11-2023,BR89,Germany,Hamburg,CUST6203,PROD608,TV,LG OLED 48,HP,5,1570.91,0.2,0.18,7414.7,Cash,Online,EMP619,0,0,Express,9,EUR
ORD117932,21-08-2023,BR109,India,Pune,CUST2916,PROD657,Tablet,iPad Air,Lenovo,2,501.04,0.29,0.18,839.54,Debit Card,In-Store,EMP870,1,1,Same Day,9,GBP
ORD117933,09-02-2023,BR67,UK,London,CUST2347,PROD411,TV,Samsung QLED 50,Lenovo,3,1350.68,0.04,0.18,4590.15,Cash,In-Store,EMP682,1,0,Express,3,AED
ORD117934,11-11-2023,BR35,UAE,Dubai,CUST5600,PROD645,Accessories,Keyboard,Sony,2,1196.17,0.21,0.18,2230.14,Net Banking,In-Store,EMP861,3,0,Express,3,INR
ORD117935,22-09-2024,BR37,UAE,Dubai,CUST9293,PROD541,TV,LG OLED 48,HP,2,1254.07,0.29,0.18,2101.32,UPI,In-Store,EMP248,0,0,Express,7,USD
ORD117936,24-06-2023,BR44,USA,Los Angeles,CUST4269,PROD824,TV,Sony Bravia 55,Sony,2,1402.39,0.02,0.18,3243.45,UPI,In-Store,EMP916,3,0,Express,5,AED
ORD117937,23-04-2023,BR84,India,Mumbai,CUST8559,PROD684,Tablet,Samsung Galaxy Tab,Sony,4,845.42,0.04,0.18,3830.77,Credit Card,Online,EMP864,1,1,Express,5,USD
ORD117938,04-07-2023,BR95,UK,London,CUST8153,PROD182,Laptop,Dell XPS 13,Dell,3,1055.39,0.09,0.18,3399.83,Credit Card,Online,EMP449,2,1,Same Day,1,INR
ORD117939,03-04-2023,BR9,Germany,Hamburg,CUST5801,PROD596,Laptop,Dell XPS 13,OnePlus,3,1162.09,0.12,0.18,3620.14,Net Banking,In-Store,EMP785,2,1,Standard,7,INR
ORD117940,12-05-2023,BR85,Germany,Munich,CUST5904,PROD488,Mobile,iPhone 14,Samsung,3,643.28,0.21,0.18,1799,Net Banking,In-Store,EMP800,3,1,Express,6,USD
ORD117941,01-04-2023,BR14,UAE,Abu Dhabi,CUST6499,PROD135,Accessories,Keyboard,Dell,1,163.65,0.17,0.18,160.28,UPI,Online,EMP841,2,0,Same Day,8,USD
ORD117942,26-05-2023,BR100,UK,Birmingham,CUST3922,PROD452,Tablet,Samsung Galaxy Tab,Apple,3,780.32,0.09,0.18,2513.72,Credit Card,In-Store,EMP625,0,0,Standard,10,AED
ORD117943,11-01-2023,BR73,UK,Manchester,CUST1032,PROD186,Mobile,iPhone 14,Apple,3,368.73,0.02,0.18,1279.2,Cash,Online,EMP462,2,0,Express,7,GBP
ORD117944,15-09-2024,BR73,India,Delhi,CUST6344,PROD876,Accessories,Keyboard,HP,4,747.57,0.01,0.18,3493.25,UPI,In-Store,EMP865,0,0,Standard,3,GBP
ORD117945,13-07-2024,BR3,UK,Manchester,CUST3171,PROD540,Mobile,Samsung Galaxy S23,Dell,3,597.28,0.16,0.18,1776.07,UPI,Online,EMP275,2,0,Same Day,6,INR
ORD117946,25-01-2024,BR75,India,Pune,CUST1892,PROD455,Tablet,Lenovo Tab P11,Samsung,2,1722.07,0.1,0.18,3657.68,Debit Card,Online,EMP240,3,1,Express,10,INR
ORD117947,07-12-2023,BR109,Germany,Munich,CUST2138,PROD545,Accessories,Keyboard,Lenovo,3,1702.49,0.25,0.18,4520.11,Cash,Online,EMP564,3,1,Same Day,4,EUR
ORD117948,17-04-2024,BR8,India,Bangalore,CUST7624,PROD554,Mobile,Samsung Galaxy S23,Sony,4,1072.58,0.23,0.18,3898.18,Cash,Online,EMP227,3,0,Same Day,3,AED
ORD117949,25-07-2024,BR48,USA,Chicago,CUST8639,PROD875,Accessories,Bluetooth Headphones,Dell,2,1457.01,0.08,0.18,3163.46,Cash,Online,EMP818,0,0,Express,4,INR
ORD117950,23-03-2023,BR41,India,Delhi,CUST4703,PROD527,Accessories,Wireless Mouse,Dell,2,61.49,0.23,0.18,111.74,Cash,In-Store,EMP897,1,0,Express,2,GBP
ORD117951,23-05-2024,BR27,USA,Los Angeles,CUST4790,PROD524,Laptop,HP Spectre x360,Apple,2,245.16,0.24,0.18,439.72,Cash,Online,EMP382,0,0,Same Day,6,AED
ORD117952,27-08-2024,BR31,UK,Manchester,CUST8294,PROD818,Laptop,Dell XPS 13,OnePlus,3,696.98,0.17,0.18,2047.87,Cash,Online,EMP479,1,0,Standard,10,AED
ORD117953,07-04-2024,BR38,India,Delhi,CUST7252,PROD841,Mobile,iPhone 14,Lenovo,4,1349.63,0.12,0.18,5605.82,Debit Card,In-Store,EMP768,1,1,Express,9,GBP
ORD117954,11-08-2023,BR27,Germany,Hamburg,CUST3612,PROD631,Laptop,HP Spectre x360,HP,1,1084.35,0.25,0.18,959.65,UPI,Online,EMP753,2,1,Same Day,4,USD
ORD117955,23-11-2023,BR67,UK,London,CUST5487,PROD469,Laptop,HP Spectre x360,Sony,4,294.36,0.19,0.18,1125.4,Cash,In-Store,EMP496,2,0,Express,1,USD
ORD117956,22-04-2023,BR116,UAE,Abu Dhabi,CUST3340,PROD525,Tablet,Samsung Galaxy Tab,LG,2,1381.89,0.02,0.18,3196.04,UPI,In-Store,EMP315,1,1,Same Day,8,AED
ORD117957,30-06-2024,BR115,UAE,Dubai,CUST9620,PROD828,TV,LG OLED 48,HP,2,110.94,0,0.18,261.82,Cash,In-Store,EMP841,3,0,Standard,6,INR
ORD117958,14-11-2024,BR114,USA,Chicago,CUST9341,PROD397,Tablet,iPad Air,Samsung,2,1061.87,0.1,0.18,2255.41,Debit Card,In-Store,EMP660,3,1,Express,7,INR
ORD117959,03-07-2024,BR96,India,Pune,CUST7432,PROD945,Tablet,iPad Air,Lenovo,3,690,0.25,0.18,1831.95,Credit Card,In-Store,EMP309,2,1,Same Day,5,GBP
ORD117960,18-08-2023,BR85,UAE,Abu Dhabi,CUST9928,PROD520,Laptop,HP Spectre x360,LG,2,1345.6,0.13,0.18,2762.79,Credit Card,Online,EMP552,0,0,Same Day,9,USD
ORD117961,22-11-2024,BR105,USA,Dallas,CUST5683,PROD492,TV,Sony Bravia 55,Sony,1,1531.36,0.3,0.18,1264.9,Credit Card,Online,EMP880,1,0,Standard,7,EUR
ORD117962,06-01-2023,BR115,UAE,Abu Dhabi,CUST4273,PROD384,Tablet,Lenovo Tab P11,Samsung,3,203.63,0.17,0.18,598.31,Credit Card,Online,EMP357,1,1,Standard,5,GBP
ORD117963,08-06-2024,BR41,UK,London,CUST8510,PROD518,Laptop,Dell XPS 13,Apple,5,1605.91,0.04,0.18,9095.87,Credit Card,In-Store,EMP607,0,0,Standard,4,GBP
ORD117964,25-07-2024,BR112,UK,Manchester,CUST2938,PROD496,Laptop,Dell XPS 13,Dell,1,1891.4,0.14,0.18,1919.39,Cash,In-Store,EMP315,1,1,Express,1,AED
ORD117965,10-08-2023,BR14,UK,Manchester,CUST8732,PROD545,Tablet,Lenovo Tab P11,LG,3,1098,0.1,0.18,3498.23,Net Banking,In-Store,EMP497,2,0,Express,4,EUR
ORD117966,27-03-2023,BR10,India,Bangalore,CUST5128,PROD732,Laptop,HP Spectre x360,LG,1,544.83,0.04,0.18,617.18,Cash,In-Store,EMP946,3,1,Same Day,2,INR
ORD117967,09-08-2024,BR33,USA,Dallas,CUST1680,PROD697,Mobile,iPhone 14,Lenovo,3,65.11,0.05,0.18,218.96,Cash,Online,EMP665,2,1,Same Day,4,GBP
ORD117968,28-12-2023,BR40,Germany,Berlin,CUST3246,PROD753,TV,LG OLED 48,HP,5,1823.85,0.27,0.18,7855.32,Cash,Online,EMP884,3,0,Standard,6,AED
ORD117969,22-07-2024,BR110,USA,Los Angeles,CUST1549,PROD397,TV,Sony Bravia 55,Apple,1,89.44,0.18,0.18,86.54,Net Banking,Online,EMP646,0,0,Same Day,10,USD
ORD117970,21-10-2024,BR43,USA,New York,CUST5738,PROD854,Laptop,MacBook Air M2,Sony,5,301.57,0.09,0.18,1619.13,UPI,Online,EMP743,3,0,Express,6,GBP
ORD117971,14-09-2023,BR60,UAE,Abu Dhabi,CUST7371,PROD469,Accessories,Keyboard,Samsung,4,1290.49,0.13,0.18,5299.27,Cash,Online,EMP878,1,1,Standard,10,AED
ORD117972,27-10-2024,BR53,UK,Manchester,CUST5534,PROD114,Laptop,MacBook Air M2,Apple,2,1560.41,0.03,0.18,3572.09,UPI,In-Store,EMP434,3,1,Standard,3,EUR
ORD117973,03-05-2023,BR49,UK,London,CUST5011,PROD509,Mobile,OnePlus 11,Apple,2,1342.17,0.16,0.18,2660.72,Cash,Online,EMP626,3,0,Same Day,5,INR
ORD117974,31-12-2023,BR98,India,Bangalore,CUST3833,PROD965,TV,LG OLED 48,OnePlus,4,1322.11,0.13,0.18,5429.11,Cash,Online,EMP223,0,1,Standard,6,AED
ORD117975,13-09-2024,BR90,USA,Dallas,CUST2316,PROD847,TV,LG OLED 48,Samsung,2,695.57,0.21,0.18,1296.82,Net Banking,In-Store,EMP251,2,1,Standard,6,EUR
ORD117976,29-10-2023,BR99,Germany,Munich,CUST6664,PROD418,Mobile,OnePlus 11,Dell,4,792.44,0,0.18,3740.32,UPI,Online,EMP510,3,0,Express,10,INR
ORD117977,12-03-2023,BR65,UAE,Dubai,CUST3129,PROD331,Tablet,Samsung Galaxy Tab,Lenovo,1,68.15,0.21,0.18,63.53,Cash,Online,EMP584,0,0,Express,9,AED
ORD117978,09-04-2023,BR108,USA,New York,CUST6971,PROD716,Tablet,iPad Air,Dell,4,1520.16,0.02,0.18,7031.65,Cash,Online,EMP563,2,0,Express,1,EUR
ORD117979,27-05-2023,BR76,UAE,Abu Dhabi,CUST1521,PROD979,TV,Sony Bravia 55,Dell,5,1152.81,0.13,0.18,5917.37,Credit Card,In-Store,EMP232,2,0,Same Day,5,USD
ORD117980,10-04-2024,BR118,USA,Dallas,CUST5331,PROD278,Accessories,Keyboard,HP,1,335.3,0.13,0.18,344.22,Debit Card,Online,EMP279,3,1,Standard,2,USD
ORD117981,17-08-2023,BR92,USA,Los Angeles,CUST5170,PROD399,TV,LG OLED 48,LG,2,342.73,0.28,0.18,582.37,Cash,In-Store,EMP706,0,1,Same Day,2,GBP
ORD117982,16-01-2024,BR96,UAE,Abu Dhabi,CUST7515,PROD532,Accessories,Wireless Mouse,Dell,5,239.79,0.28,0.18,1018.63,Net Banking,In-Store,EMP855,1,1,Express,2,GBP
ORD117983,11-08-2023,BR101,Germany,Berlin,CUST2408,PROD345,Mobile,Samsung Galaxy S23,Samsung,2,1373.49,0.26,0.18,2398.66,Credit Card,Online,EMP566,0,1,Same Day,9,INR
ORD117984,31-07-2024,BR86,USA,Dallas,CUST7809,PROD680,Accessories,Bluetooth Headphones,Sony,1,1454.33,0.27,0.18,1252.76,Credit Card,Online,EMP722,2,0,Same Day,6,AED
ORD117985,05-03-2024,BR86,Germany,Berlin,CUST1443,PROD428,Mobile,Samsung Galaxy S23,OnePlus,2,1830.99,0.29,0.18,3068.01,Credit Card,Online,EMP922,2,1,Same Day,4,USD
ORD117986,30-04-2023,BR99,UK,Manchester,CUST2397,PROD282,Mobile,OnePlus 11,OnePlus,1,844.27,0.02,0.18,976.31,Credit Card,In-Store,EMP611,0,0,Standard,5,USD
ORD117987,20-11-2024,BR2,UK,Birmingham,CUST6536,PROD497,Laptop,Dell XPS 13,OnePlus,2,237.96,0.08,0.18,516.66,Cash,In-Store,EMP924,3,0,Express,8,USD
ORD117988,28-04-2024,BR40,Germany,Hamburg,CUST8638,PROD456,Accessories,Wireless Mouse,Dell,5,334.9,0.22,0.18,1541.21,Credit Card,Online,EMP722,2,0,Standard,2,AED
ORD117989,29-11-2023,BR18,Germany,Berlin,CUST7610,PROD876,Laptop,MacBook Air M2,HP,2,1970.35,0.21,0.18,3673.52,Cash,Online,EMP919,2,0,Standard,10,GBP
ORD117990,17-01-2024,BR112,UK,Birmingham,CUST2046,PROD229,Accessories,Keyboard,Lenovo,3,210.61,0.28,0.18,536.8,Net Banking,In-Store,EMP435,2,1,Express,4,INR
ORD117991,04-05-2023,BR3,UK,Manchester,CUST9365,PROD507,Tablet,Samsung Galaxy Tab,Sony,2,373.83,0.23,0.18,679.32,UPI,Online,EMP260,2,1,Express,1,AED
ORD117992,25-06-2024,BR90,UK,Manchester,CUST5129,PROD116,Mobile,OnePlus 11,Lenovo,5,286.21,0.08,0.18,1553.55,Debit Card,In-Store,EMP787,2,0,Standard,7,GBP
ORD117993,24-07-2024,BR36,UK,Manchester,CUST2942,PROD543,Accessories,Bluetooth Headphones,HP,4,1703.23,0.3,0.18,5627.47,UPI,In-Store,EMP858,1,0,Express,2,GBP
ORD117994,12-05-2024,BR65,India,Bangalore,CUST9800,PROD630,Tablet,iPad Air,Lenovo,4,992.21,0.06,0.18,4402.24,Credit Card,Online,EMP317,0,1,Same Day,7,EUR
ORD117995,11-05-2024,BR118,UK,Manchester,CUST7540,PROD894,Mobile,iPhone 14,Lenovo,2,1194.82,0.26,0.18,2086.63,Credit Card,Online,EMP430,3,0,Same Day,6,EUR
ORD117996,02-06-2023,BR91,India,Mumbai,CUST9515,PROD380,TV,LG OLED 48,Lenovo,2,1928.05,0.03,0.18,4413.69,Debit Card,Online,EMP674,3,1,Same Day,6,USD
ORD117997,16-01-2024,BR74,USA,Dallas,CUST4506,PROD388,Accessories,Bluetooth Headphones,OnePlus,3,1212.06,0.16,0.18,3604.18,Cash,Online,EMP636,0,0,Same Day,8,AED
ORD117998,08-08-2024,BR57,UAE,Abu Dhabi,CUST5598,PROD498,TV,LG OLED 48,Dell,3,250.5,0.19,0.18,718.28,Credit Card,Online,EMP709,3,0,Express,1,INR
ORD117999,04-07-2024,BR110,India,Pune,CUST1497,PROD495,Accessories,Wireless Mouse,HP,5,616.35,0.29,0.18,2581.89,Net Banking,Online,EMP515,0,0,Same Day,10,EUR
ORD118000,21-09-2024,BR40,India,Delhi,CUST8699,PROD315,TV,LG OLED 48,Dell,1,719.88,0.24,0.18,645.59,Net Banking,In-Store,EMP987,3,0,Same Day,7,USD
ORD118001,15-03-2023,BR108,India,Mumbai,CUST7217,PROD922,TV,Samsung QLED 50,Sony,2,213.5,0.26,0.18,372.86,Debit Card,Online,EMP954,2,0,Express,2,EUR
ORD118002,13-05-2024,BR62,UK,Birmingham,CUST4306,PROD218,Accessories,Keyboard,Apple,4,1232.7,0.1,0.18,5236.51,UPI,Online,EMP530,2,1,Same Day,9,GBP
ORD118003,10-09-2023,BR99,Germany,Munich,CUST8829,PROD983,TV,Sony Bravia 55,Lenovo,2,372.15,0.28,0.18,632.36,Credit Card,In-Store,EMP735,3,1,Standard,2,USD
ORD118004,06-10-2024,BR9,India,Bangalore,CUST7759,PROD121,Laptop,MacBook Air M2,Lenovo,4,1277.24,0.25,0.18,4521.43,UPI,Online,EMP856,1,1,Standard,3,GBP
ORD118005,04-09-2023,BR36,Germany,Hamburg,CUST6691,PROD396,Accessories,Keyboard,HP,2,63.16,0.17,0.18,123.72,Credit Card,In-Store,EMP963,1,1,Express,5,GBP
ORD118006,28-09-2023,BR48,UAE,Dubai,CUST3124,PROD136,TV,Sony Bravia 55,Sony,4,921.86,0.05,0.18,4133.62,Credit Card,Online,EMP980,2,0,Same Day,10,USD
ORD118007,29-11-2023,BR82,Germany,Munich,CUST6298,PROD200,Accessories,Keyboard,HP,4,510.26,0.02,0.18,2360.26,Cash,In-Store,EMP749,1,1,Same Day,6,EUR
ORD118008,16-06-2024,BR13,Germany,Berlin,CUST6499,PROD121,Laptop,HP Spectre x360,Dell,1,531.23,0.24,0.18,476.41,Cash,Online,EMP855,2,1,Standard,8,INR
ORD118009,19-05-2023,BR64,USA,Chicago,CUST1883,PROD816,Tablet,Samsung Galaxy Tab,HP,5,1073.5,0.02,0.18,6206.98,UPI,In-Store,EMP582,2,0,Standard,6,GBP
ORD118010,09-04-2024,BR89,USA,Dallas,CUST6914,PROD918,Mobile,OnePlus 11,Sony,5,1141.47,0.02,0.18,6599.98,Net Banking,In-Store,EMP885,3,0,Express,9,AED
ORD118011,15-02-2024,BR68,UK,Manchester,CUST9110,PROD843,Tablet,Samsung Galaxy Tab,HP,3,402.72,0.18,0.18,1169.02,Net Banking,In-Store,EMP410,1,0,Standard,4,INR
ORD118012,22-09-2024,BR50,USA,Chicago,CUST4888,PROD183,Accessories,Keyboard,HP,4,1206.9,0.09,0.18,5183.88,Cash,In-Store,EMP738,1,1,Same Day,1,GBP
ORD118013,14-10-2024,BR6,UK,Manchester,CUST6420,PROD126,Accessories,Bluetooth Headphones,Dell,4,1398.24,0.13,0.18,5741.73,Debit Card,In-Store,EMP509,2,0,Same Day,10,EUR
ORD118014,02-10-2024,BR7,USA,Chicago,CUST5295,PROD646,Tablet,Samsung Galaxy Tab,Sony,5,1835.09,0.19,0.18,8769.9,Cash,In-Store,EMP957,0,1,Same Day,4,GBP
ORD118015,29-08-2023,BR77,UAE,Dubai,CUST1158,PROD103,Tablet,Lenovo Tab P11,Lenovo,5,1236.06,0.28,0.18,5250.78,Credit Card,Online,EMP432,1,0,Express,6,INR
ORD118016,11-06-2023,BR93,India,Delhi,CUST1026,PROD746,Mobile,iPhone 14,Samsung,5,1752.97,0.26,0.18,7653.47,Cash,In-Store,EMP613,0,1,Standard,9,USD
ORD118017,21-01-2024,BR28,USA,New York,CUST7806,PROD387,Laptop,Dell XPS 13,Dell,3,58.96,0.23,0.18,160.71,Net Banking,In-Store,EMP931,1,1,Standard,5,GBP
ORD118018,15-06-2024,BR6,UK,Birmingham,CUST6171,PROD705,TV,Samsung QLED 50,Lenovo,3,1304.11,0.21,0.18,3647.07,Cash,In-Store,EMP344,1,0,Standard,6,AED
ORD118019,02-09-2024,BR1,India,Bangalore,CUST6540,PROD126,Mobile,OnePlus 11,Lenovo,5,1019.98,0.18,0.18,4934.66,Credit Card,Online,EMP324,0,1,Standard,6,AED
ORD118020,03-03-2023,BR105,UK,Manchester,CUST2691,PROD845,Mobile,OnePlus 11,Sony,2,1019.55,0.2,0.18,1924.91,Credit Card,In-Store,EMP748,1,0,Same Day,3,AED
ORD118021,22-02-2023,BR57,UK,Birmingham,CUST2674,PROD518,Mobile,Samsung Galaxy S23,Samsung,2,511.6,0.12,0.18,1062.49,Credit Card,In-Store,EMP376,0,0,Express,8,EUR
ORD118022,28-11-2023,BR54,UK,London,CUST4662,PROD796,Accessories,Keyboard,Lenovo,2,1506.2,0.28,0.18,2559.34,Cash,In-Store,EMP580,1,0,Express,10,USD
ORD118023,15-04-2024,BR94,India,Delhi,CUST1214,PROD850,TV,LG OLED 48,LG,1,1957.88,0.11,0.18,2056.17,Debit Card,Online,EMP552,0,0,Standard,6,AED
ORD118024,04-04-2024,BR94,UK,Manchester,CUST1237,PROD480,Laptop,Dell XPS 13,HP,1,601.3,0.18,0.18,581.82,Debit Card,In-Store,EMP631,1,1,Express,2,EUR
ORD118025,12-08-2023,BR98,UAE,Dubai,CUST7158,PROD294,TV,Samsung QLED 50,LG,3,1721.84,0.17,0.18,5059.11,Cash,In-Store,EMP420,0,1,Express,4,GBP
ORD118026,11-06-2023,BR10,India,Delhi,CUST4311,PROD132,Tablet,iPad Air,OnePlus,1,1174.8,0.22,0.18,1081.29,UPI,Online,EMP497,1,1,Standard,4,EUR
ORD118027,02-11-2023,BR18,UK,Birmingham,CUST5132,PROD576,TV,Samsung QLED 50,OnePlus,2,1068.52,0.19,0.18,2042.58,Credit Card,Online,EMP873,0,1,Standard,7,EUR
ORD118028,24-12-2023,BR107,UAE,Abu Dhabi,CUST6422,PROD410,Mobile,iPhone 14,LG,5,124.03,0.11,0.18,651.28,Debit Card,In-Store,EMP286,0,1,Standard,5,GBP
ORD118029,23-08-2024,BR117,Germany,Munich,CUST4295,PROD259,Laptop,HP Spectre x360,LG,4,1225.63,0.18,0.18,4743.68,Cash,In-Store,EMP379,0,0,Same Day,1,USD
ORD118030,10-05-2024,BR84,UAE,Dubai,CUST7895,PROD341,Laptop,HP Spectre x360,OnePlus,1,185.34,0.18,0.18,179.33,Debit Card,Online,EMP768,2,1,Standard,1,GBP
ORD118031,08-01-2023,BR85,India,Delhi,CUST2494,PROD472,TV,Sony Bravia 55,LG,5,1827.03,0.18,0.18,8839.17,Credit Card,Online,EMP503,1,1,Express,10,GBP
ORD118032,05-06-2023,BR81,UAE,Dubai,CUST6830,PROD201,TV,LG OLED 48,OnePlus,4,969.55,0.25,0.18,3432.21,Cash,Online,EMP660,3,0,Same Day,2,AED
ORD118033,09-06-2024,BR35,India,Bangalore,CUST8685,PROD377,TV,Samsung QLED 50,Apple,2,211.04,0.1,0.18,448.25,Cash,In-Store,EMP818,1,0,Express,4,AED
ORD118034,07-12-2024,BR73,India,Delhi,CUST5267,PROD629,TV,LG OLED 48,LG,5,866.69,0.03,0.18,4960.07,Cash,Online,EMP536,3,1,Express,8,INR
ORD118035,26-09-2024,BR59,India,Bangalore,CUST9178,PROD511,Accessories,Keyboard,Sony,5,183.41,0.02,0.18,1060.48,Cash,Online,EMP950,0,0,Same Day,5,EUR
ORD118036,11-08-2023,BR82,USA,Chicago,CUST8300,PROD685,TV,LG OLED 48,HP,1,259.11,0.13,0.18,266,UPI,In-Store,EMP478,2,0,Standard,3,GBP
ORD118037,30-04-2024,BR44,UK,London,CUST2084,PROD558,TV,LG OLED 48,Lenovo,2,1078.95,0,0.18,2546.32,Cash,In-Store,EMP487,2,0,Same Day,2,GBP
ORD118038,15-04-2023,BR44,UAE,Abu Dhabi,CUST7593,PROD748,Accessories,Wireless Mouse,Dell,5,1915.13,0.02,0.18,11073.28,UPI,Online,EMP232,0,0,Express,10,AED
ORD118039,21-06-2023,BR45,India,Pune,CUST5027,PROD662,Accessories,Wireless Mouse,HP,3,380.19,0.16,0.18,1130.53,Credit Card,In-Store,EMP491,3,1,Express,6,EUR
ORD118040,03-02-2024,BR22,Germany,Berlin,CUST3572,PROD734,Mobile,OnePlus 11,Lenovo,3,763.9,0.21,0.18,2136.32,Debit Card,In-Store,EMP640,0,0,Express,4,INR
ORD118041,03-05-2023,BR88,India,Bangalore,CUST3433,PROD894,Accessories,Wireless Mouse,Sony,5,1946.17,0.12,0.18,10104.51,Cash,Online,EMP586,2,1,Same Day,2,EUR
ORD118042,16-09-2024,BR33,UK,Manchester,CUST3028,PROD575,Tablet,Lenovo Tab P11,Sony,2,453.27,0.23,0.18,823.68,UPI,In-Store,EMP899,1,0,Express,9,EUR
ORD118043,06-07-2024,BR85,UAE,Dubai,CUST8939,PROD899,Accessories,Wireless Mouse,Apple,1,1404.66,0.14,0.18,1425.45,Debit Card,Online,EMP787,0,1,Same Day,5,AED
ORD118044,25-09-2024,BR113,Germany,Munich,CUST9766,PROD259,TV,Sony Bravia 55,Samsung,3,235.14,0.25,0.18,624.3,UPI,Online,EMP502,0,0,Standard,8,INR
ORD118045,10-01-2024,BR67,UAE,Abu Dhabi,CUST1938,PROD894,Accessories,Bluetooth Headphones,Samsung,2,328.67,0.24,0.18,589.5,Debit Card,Online,EMP791,1,0,Same Day,1,AED
ORD118046,23-08-2024,BR33,USA,Chicago,CUST3967,PROD429,Accessories,Keyboard,Dell,4,181.73,0.22,0.18,669.06,UPI,Online,EMP953,3,1,Express,1,INR
ORD118047,25-11-2023,BR111,UK,Manchester,CUST1010,PROD603,Tablet,Lenovo Tab P11,Dell,5,380.62,0.06,0.18,2110.92,Net Banking,In-Store,EMP483,0,1,Express,9,USD
ORD118048,29-05-2024,BR24,Germany,Munich,CUST3484,PROD432,Laptop,HP Spectre x360,HP,1,1625.42,0.13,0.18,1668.66,Credit Card,In-Store,EMP693,2,1,Same Day,6,INR
ORD118049,20-08-2023,BR85,USA,Chicago,CUST7537,PROD669,Tablet,iPad Air,Lenovo,5,245.29,0.17,0.18,1201.19,Net Banking,In-Store,EMP773,0,0,Same Day,1,EUR
ORD118050,08-07-2024,BR79,USA,New York,CUST3099,PROD917,Accessories,Bluetooth Headphones,Lenovo,3,1033.91,0.04,0.18,3513.64,Debit Card,Online,EMP931,1,0,Express,1,GBP
ORD118051,07-11-2023,BR62,India,Bangalore,CUST3932,PROD555,Tablet,Lenovo Tab P11,Dell,4,1336.41,0,0.18,6307.86,Credit Card,Online,EMP362,1,0,Standard,1,AED
ORD118052,06-11-2023,BR84,UAE,Abu Dhabi,CUST4103,PROD617,TV,Sony Bravia 55,Dell,5,1387.3,0.21,0.18,6466.21,Debit Card,Online,EMP847,2,0,Same Day,5,AED
ORD118053,09-06-2023,BR97,Germany,Hamburg,CUST6594,PROD721,Accessories,Wireless Mouse,Dell,4,701.87,0.07,0.18,3080.93,Net Banking,Online,EMP739,1,1,Standard,1,AED
ORD118054,04-06-2024,BR70,UK,London,CUST2620,PROD252,Mobile,Samsung Galaxy S23,OnePlus,5,960.82,0.28,0.18,4081.56,Cash,Online,EMP771,1,0,Same Day,2,GBP
ORD118055,17-03-2023,BR73,USA,Dallas,CUST3529,PROD658,Accessories,Bluetooth Headphones,HP,3,460.98,0.18,0.18,1338.13,Debit Card,Online,EMP398,0,1,Express,1,USD
ORD118056,01-06-2023,BR96,USA,Chicago,CUST7904,PROD396,Mobile,OnePlus 11,LG,1,1970.75,0.2,0.18,1860.39,Debit Card,In-Store,EMP291,2,1,Express,7,GBP
ORD118057,03-04-2023,BR45,UK,London,CUST3108,PROD814,Mobile,iPhone 14,Sony,3,552.1,0.19,0.18,1583.09,Net Banking,In-Store,EMP483,1,0,Same Day,7,AED
ORD118058,29-10-2024,BR17,Germany,Berlin,CUST3827,PROD565,Tablet,Lenovo Tab P11,OnePlus,1,216.12,0.22,0.18,198.92,Debit Card,Online,EMP606,3,0,Express,10,GBP
ORD118059,30-04-2023,BR100,UAE,Abu Dhabi,CUST1960,PROD895,TV,Samsung QLED 50,Sony,4,95.15,0.21,0.18,354.8,UPI,Online,EMP748,2,1,Express,4,USD
ORD118060,10-07-2024,BR118,India,Pune,CUST3621,PROD494,Laptop,Dell XPS 13,Sony,3,1803.12,0.27,0.18,4659.62,Cash,In-Store,EMP886,1,0,Standard,9,INR
ORD118061,31-05-2024,BR13,Germany,Berlin,CUST2586,PROD185,Laptop,MacBook Air M2,Samsung,2,210.81,0.14,0.18,427.86,Credit Card,In-Store,EMP488,1,1,Express,10,EUR
ORD118062,11-07-2024,BR55,USA,Chicago,CUST3762,PROD207,Tablet,Samsung Galaxy Tab,Apple,1,1096.53,0.03,0.18,1255.09,Debit Card,Online,EMP419,1,0,Express,1,INR
ORD118063,08-08-2023,BR89,UAE,Dubai,CUST5728,PROD180,Laptop,MacBook Air M2,LG,5,1907.55,0.09,0.18,10241.64,Net Banking,In-Store,EMP561,0,1,Same Day,5,USD
ORD118064,16-02-2024,BR54,USA,New York,CUST4587,PROD276,TV,Sony Bravia 55,Sony,4,1013.12,0.15,0.18,4064.64,Credit Card,In-Store,EMP851,0,0,Same Day,6,USD
ORD118065,09-08-2023,BR37,India,Delhi,CUST7893,PROD205,TV,Sony Bravia 55,Apple,2,1974.42,0.04,0.18,4473.25,UPI,In-Store,EMP917,1,0,Standard,6,GBP
ORD118066,16-04-2024,BR46,USA,Los Angeles,CUST1125,PROD897,Accessories,Wireless Mouse,Dell,1,1772.86,0.04,0.18,2008.3,Debit Card,In-Store,EMP650,0,0,Standard,7,GBP
ORD118067,02-01-2023,BR36,India,Pune,CUST5249,PROD885,Laptop,MacBook Air M2,Sony,5,769.93,0.22,0.18,3543.22,UPI,Online,EMP630,2,1,Express,10,EUR
ORD118068,13-08-2023,BR30,UAE,Dubai,CUST1829,PROD232,Laptop,Dell XPS 13,Apple,4,686.25,0.14,0.18,2785.63,Net Banking,Online,EMP562,2,1,Same Day,1,GBP
ORD118069,19-12-2023,BR51,Germany,Berlin,CUST1719,PROD524,Laptop,Dell XPS 13,Lenovo,2,289.35,0.22,0.18,532.64,Net Banking,In-Store,EMP997,2,1,Same Day,6,GBP
ORD118070,01-01-2023,BR25,UAE,Dubai,CUST8671,PROD708,Tablet,iPad Air,Samsung,3,476.88,0.23,0.18,1299.88,Credit Card,In-Store,EMP975,1,1,Same Day,7,INR
ORD118071,19-02-2024,BR65,Germany,Hamburg,CUST1274,PROD817,Laptop,HP Spectre x360,Sony,2,640.78,0.2,0.18,1209.79,Debit Card,Online,EMP903,3,0,Standard,10,INR
ORD118072,18-09-2023,BR111,UAE,Abu Dhabi,CUST5841,PROD624,Laptop,MacBook Air M2,Dell,4,1087.03,0.09,0.18,4669.01,Net Banking,In-Store,EMP320,3,0,Standard,5,AED
ORD118073,30-08-2023,BR41,Germany,Hamburg,CUST4604,PROD680,Mobile,OnePlus 11,Lenovo,3,954.44,0.04,0.18,3243.57,Credit Card,In-Store,EMP809,0,1,Standard,8,GBP
ORD118074,25-07-2023,BR49,UK,Manchester,CUST6793,PROD137,Accessories,Bluetooth Headphones,Sony,2,1948.88,0.2,0.18,3679.49,Credit Card,In-Store,EMP872,1,0,Standard,2,USD
ORD118075,17-01-2023,BR44,Germany,Munich,CUST6955,PROD527,Mobile,iPhone 14,Dell,1,732.06,0.08,0.18,794.72,Cash,Online,EMP658,1,1,Same Day,4,EUR
ORD118076,26-04-2023,BR63,Germany,Hamburg,CUST8000,PROD392,TV,Samsung QLED 50,Apple,5,560.02,0.24,0.18,2511.13,Cash,In-Store,EMP611,3,1,Same Day,6,GBP
ORD118077,17-04-2023,BR47,USA,Chicago,CUST1661,PROD492,Accessories,Wireless Mouse,LG,4,1820.79,0.22,0.18,6703.42,UPI,In-Store,EMP593,1,1,Express,2,EUR
ORD118078,27-07-2023,BR32,India,Pune,CUST2046,PROD409,Laptop,Dell XPS 13,Lenovo,5,1814.45,0.19,0.18,8671.26,UPI,In-Store,EMP897,1,1,Express,1,GBP
ORD118079,15-11-2023,BR66,Germany,Hamburg,CUST5629,PROD722,Mobile,OnePlus 11,OnePlus,5,1393.85,0.3,0.18,5756.6,UPI,In-Store,EMP730,3,1,Same Day,9,AED
ORD118080,23-05-2024,BR30,USA,Chicago,CUST8083,PROD296,Accessories,Bluetooth Headphones,OnePlus,5,621.44,0.18,0.18,3006.53,Cash,In-Store,EMP336,1,1,Standard,5,INR
ORD118081,29-05-2023,BR49,UK,Birmingham,CUST9903,PROD453,Tablet,iPad Air,Lenovo,1,806.48,0.04,0.18,913.58,UPI,Online,EMP789,2,1,Express,7,INR
ORD118082,27-06-2023,BR103,USA,Chicago,CUST7738,PROD328,Accessories,Bluetooth Headphones,Apple,4,1722.1,0.3,0.18,5689.82,Net Banking,In-Store,EMP399,0,0,Express,7,EUR
ORD118083,20-12-2023,BR29,USA,Dallas,CUST7793,PROD577,Mobile,iPhone 14,Dell,1,1711.15,0.01,0.18,1998.97,Credit Card,In-Store,EMP983,3,0,Standard,9,AED
ORD118084,28-03-2024,BR104,India,Bangalore,CUST6621,PROD136,TV,Samsung QLED 50,Sony,5,880.29,0.19,0.18,4206.91,Net Banking,In-Store,EMP336,3,0,Same Day,8,INR
ORD118085,19-12-2023,BR74,USA,New York,CUST9528,PROD201,TV,Samsung QLED 50,LG,4,1487.28,0.24,0.18,5335.17,Net Banking,In-Store,EMP769,3,1,Express,7,INR
ORD118086,16-09-2024,BR57,India,Pune,CUST3894,PROD949,Accessories,Wireless Mouse,HP,2,1676.69,0.02,0.18,3877.85,Cash,In-Store,EMP697,3,1,Standard,7,AED
ORD118087,30-04-2024,BR33,India,Delhi,CUST3094,PROD334,Laptop,MacBook Air M2,Apple,2,529.35,0.12,0.18,1099.35,Cash,Online,EMP977,3,1,Express,5,GBP
ORD118088,10-09-2024,BR93,Germany,Hamburg,CUST9553,PROD249,Accessories,Bluetooth Headphones,Apple,3,1966.78,0.08,0.18,6405.41,Cash,In-Store,EMP202,0,0,Standard,5,GBP
ORD118089,25-02-2024,BR65,UK,Birmingham,CUST5365,PROD651,TV,LG OLED 48,HP,5,879.19,0.05,0.18,4927.86,Cash,Online,EMP801,0,0,Standard,1,USD
ORD118090,01-03-2024,BR23,Germany,Hamburg,CUST4332,PROD386,Accessories,Wireless Mouse,HP,2,1389.61,0.22,0.18,2557.99,Credit Card,Online,EMP508,0,1,Standard,4,AED
ORD118091,25-08-2023,BR92,USA,Los Angeles,CUST2940,PROD310,Mobile,OnePlus 11,Apple,3,1127.65,0.19,0.18,3233.42,Cash,Online,EMP521,1,1,Express,10,INR
ORD118092,26-03-2024,BR89,India,Mumbai,CUST7471,PROD770,Accessories,Wireless Mouse,Dell,3,412.03,0.22,0.18,1137.7,Cash,Online,EMP657,2,1,Standard,1,GBP
ORD118093,22-02-2023,BR116,UAE,Abu Dhabi,CUST1856,PROD860,Mobile,iPhone 14,Apple,3,1450.98,0.09,0.18,4674.19,UPI,In-Store,EMP270,3,0,Same Day,10,USD
ORD118094,22-12-2023,BR71,UAE,Dubai,CUST4144,PROD743,Accessories,Bluetooth Headphones,LG,1,1327.61,0.18,0.18,1284.6,Credit Card,Online,EMP423,1,0,Express,10,GBP
ORD118095,18-11-2023,BR100,USA,New York,CUST2378,PROD346,Laptop,MacBook Air M2,HP,1,1958.58,0.15,0.18,1964.46,Debit Card,In-Store,EMP420,1,0,Same Day,8,GBP
ORD118096,08-04-2024,BR81,Germany,Hamburg,CUST3481,PROD339,TV,Sony Bravia 55,Dell,3,662.52,0.11,0.18,2087.34,Credit Card,Online,EMP698,1,1,Express,4,AED
ORD118097,20-11-2024,BR94,UAE,Abu Dhabi,CUST5372,PROD596,Mobile,iPhone 14,Lenovo,5,1820.16,0.12,0.18,9450.27,Cash,In-Store,EMP720,1,0,Same Day,6,EUR
ORD118098,26-02-2024,BR78,Germany,Hamburg,CUST4782,PROD429,TV,LG OLED 48,Lenovo,4,1410.18,0.09,0.18,6057.01,UPI,In-Store,EMP612,2,0,Same Day,9,USD
ORD118099,25-02-2023,BR71,USA,Chicago,CUST1182,PROD662,Laptop,Dell XPS 13,LG,2,982.25,0.09,0.18,2109.48,Credit Card,Online,EMP903,1,1,Express,4,USD
ORD118100,02-07-2023,BR48,Germany,Hamburg,CUST6413,PROD680,Laptop,HP Spectre x360,Samsung,4,266.63,0.24,0.18,956.46,Net Banking,In-Store,EMP427,0,0,Express,2,INR
ORD118101,25-01-2024,BR11,Germany,Munich,CUST4167,PROD356,TV,Sony Bravia 55,Lenovo,5,1279.71,0.13,0.18,6568.75,Credit Card,Online,EMP223,2,0,Standard,10,INR
ORD118102,24-06-2023,BR30,India,Delhi,CUST4015,PROD659,Mobile,OnePlus 11,HP,4,1788.43,0.23,0.18,6499.87,Net Banking,In-Store,EMP682,1,0,Standard,4,EUR
ORD118103,05-10-2023,BR21,India,Mumbai,CUST9617,PROD193,Accessories,Bluetooth Headphones,OnePlus,1,652.16,0.23,0.18,592.55,Net Banking,In-Store,EMP444,3,0,Same Day,3,GBP
ORD118104,25-03-2024,BR90,UAE,Abu Dhabi,CUST6288,PROD623,Mobile,Samsung Galaxy S23,Lenovo,3,1218.54,0.07,0.18,4011.68,Credit Card,Online,EMP259,3,0,Standard,8,GBP
ORD118105,27-10-2023,BR7,India,Delhi,CUST5119,PROD496,Tablet,Lenovo Tab P11,Sony,1,288.14,0.07,0.18,316.2,Cash,Online,EMP554,1,0,Express,7,EUR
ORD118106,05-05-2023,BR102,UK,Birmingham,CUST2055,PROD993,TV,LG OLED 48,Lenovo,4,1984.61,0.11,0.18,8336.95,Debit Card,In-Store,EMP687,3,1,Standard,5,USD
ORD118107,02-05-2024,BR60,Germany,Munich,CUST2915,PROD541,TV,Sony Bravia 55,OnePlus,4,1531.04,0.2,0.18,5781.21,Cash,Online,EMP278,3,0,Standard,3,AED
ORD118108,21-01-2024,BR116,Germany,Berlin,CUST7050,PROD293,Mobile,OnePlus 11,Apple,4,424.8,0.19,0.18,1624.1,Credit Card,Online,EMP305,0,1,Same Day,1,USD
ORD118109,22-05-2024,BR69,India,Delhi,CUST8536,PROD472,Laptop,Dell XPS 13,Samsung,1,1513.52,0.17,0.18,1482.34,Debit Card,Online,EMP488,0,0,Same Day,7,EUR
ORD118110,06-05-2024,BR100,USA,Dallas,CUST7844,PROD131,Tablet,Samsung Galaxy Tab,Lenovo,5,883.99,0.18,0.18,4276.74,Debit Card,Online,EMP239,1,1,Standard,7,EUR
ORD118111,13-06-2023,BR37,UK,London,CUST8162,PROD838,Tablet,iPad Air,Lenovo,3,64.15,0.01,0.18,224.82,Debit Card,Online,EMP319,0,0,Standard,7,GBP
ORD118112,16-11-2023,BR83,UK,Birmingham,CUST5754,PROD836,TV,LG OLED 48,Lenovo,5,1622.34,0.16,0.18,8040.32,UPI,Online,EMP839,0,1,Standard,4,AED
ORD118113,29-01-2023,BR97,Germany,Munich,CUST4148,PROD516,Mobile,Samsung Galaxy S23,Samsung,2,1011.73,0.05,0.18,2268.3,Debit Card,Online,EMP433,1,0,Same Day,3,AED
ORD118114,03-08-2024,BR79,India,Bangalore,CUST9058,PROD952,Tablet,iPad Air,Lenovo,2,1586.67,0.18,0.18,3070.52,UPI,Online,EMP463,3,0,Same Day,1,USD
ORD118115,01-11-2024,BR21,UK,Birmingham,CUST6482,PROD441,Laptop,MacBook Air M2,Sony,3,1455.12,0.16,0.18,4326.94,Debit Card,In-Store,EMP405,1,1,Express,4,INR
ORD118116,18-06-2024,BR74,USA,Los Angeles,CUST3432,PROD298,TV,Samsung QLED 50,Lenovo,1,50,0.14,0.18,50.74,Net Banking,Online,EMP570,1,1,Same Day,8,AED
ORD118117,11-12-2024,BR109,UAE,Dubai,CUST7810,PROD159,Tablet,iPad Air,Samsung,5,361.03,0.25,0.18,1597.56,Net Banking,In-Store,EMP654,2,1,Express,1,INR
ORD118118,28-06-2024,BR72,UK,Manchester,CUST2122,PROD403,Accessories,Wireless Mouse,LG,3,493.75,0.14,0.18,1503.17,Credit Card,In-Store,EMP302,2,0,Express,10,INR
ORD118119,03-05-2024,BR30,UK,London,CUST5248,PROD958,Tablet,Samsung Galaxy Tab,HP,3,1868.89,0.26,0.18,4895.74,Debit Card,Online,EMP256,1,1,Standard,2,EUR
ORD118120,15-01-2023,BR17,Germany,Hamburg,CUST7025,PROD908,Laptop,HP Spectre x360,LG,4,1886.46,0.19,0.18,7212.31,Credit Card,Online,EMP475,0,0,Same Day,10,INR
ORD118121,19-03-2024,BR119,Germany,Munich,CUST7232,PROD664,Accessories,Wireless Mouse,HP,3,1264.03,0.03,0.18,4340.43,UPI,Online,EMP894,3,1,Standard,3,EUR
ORD118122,26-07-2023,BR14,USA,Los Angeles,CUST4926,PROD122,Mobile,OnePlus 11,Lenovo,1,543.1,0.17,0.18,531.91,UPI,In-Store,EMP757,2,0,Express,6,INR
ORD118123,05-01-2023,BR25,Germany,Hamburg,CUST1465,PROD584,Accessories,Keyboard,Dell,4,221.77,0.18,0.18,858.34,Credit Card,In-Store,EMP613,1,0,Express,7,AED
ORD118124,14-11-2024,BR35,India,Delhi,CUST9563,PROD781,Accessories,Keyboard,LG,5,674.13,0.26,0.18,2943.25,Cash,Online,EMP251,1,1,Standard,1,EUR
ORD118125,03-08-2024,BR3,Germany,Munich,CUST2708,PROD990,Tablet,Lenovo Tab P11,Lenovo,3,104.47,0.22,0.18,288.46,Debit Card,Online,EMP552,1,0,Standard,9,EUR
ORD118126,06-11-2024,BR59,USA,Dallas,CUST5403,PROD719,Laptop,HP Spectre x360,Lenovo,3,1850.83,0.2,0.18,5241.55,Net Banking,In-Store,EMP415,0,0,Same Day,2,USD
ORD118127,07-11-2024,BR120,USA,Chicago,CUST7131,PROD809,Mobile,OnePlus 11,Samsung,4,523.55,0.17,0.18,2051.06,Net Banking,In-Store,EMP496,0,0,Same Day,5,INR
ORD118128,12-06-2024,BR60,UK,Manchester,CUST1109,PROD670,Tablet,Samsung Galaxy Tab,Dell,5,1703.27,0.06,0.18,9446.34,Credit Card,In-Store,EMP294,2,1,Same Day,3,USD
ORD118129,29-09-2024,BR27,UAE,Dubai,CUST3639,PROD792,Accessories,Bluetooth Headphones,Samsung,2,810.61,0.16,0.18,1606.95,UPI,In-Store,EMP715,2,0,Express,6,EUR
ORD118130,17-07-2024,BR95,Germany,Hamburg,CUST5512,PROD774,TV,LG OLED 48,Apple,5,415.47,0.17,0.18,2034.56,Cash,Online,EMP250,3,0,Express,8,EUR
ORD118131,05-04-2023,BR30,India,Pune,CUST5702,PROD999,Mobile,Samsung Galaxy S23,Lenovo,3,1102.12,0.15,0.18,3316.28,Net Banking,In-Store,EMP698,2,0,Same Day,5,AED
ORD118132,20-06-2023,BR30,Germany,Hamburg,CUST9287,PROD890,Tablet,iPad Air,Apple,4,409.55,0.24,0.18,1469.14,Net Banking,In-Store,EMP452,0,1,Express,6,AED
ORD118133,24-08-2024,BR17,India,Pune,CUST1992,PROD189,Laptop,Dell XPS 13,Sony,1,904.4,0.08,0.18,981.82,Debit Card,Online,EMP856,0,0,Standard,3,AED
ORD118134,02-12-2023,BR102,India,Bangalore,CUST8483,PROD414,Tablet,Samsung Galaxy Tab,LG,1,1255.62,0.08,0.18,1363.1,Cash,In-Store,EMP338,0,0,Same Day,9,AED
ORD118135,25-11-2024,BR59,UK,London,CUST8097,PROD174,Tablet,Samsung Galaxy Tab,LG,3,1242.52,0.18,0.18,3606.79,Cash,Online,EMP574,0,1,Same Day,7,GBP
ORD118136,19-12-2023,BR30,India,Pune,CUST8845,PROD522,Mobile,Samsung Galaxy S23,Apple,2,1878.36,0.24,0.18,3369.03,Debit Card,Online,EMP532,3,0,Same Day,2,INR
ORD118137,07-01-2023,BR25,India,Bangalore,CUST4902,PROD611,Mobile,OnePlus 11,LG,4,1137.65,0.04,0.18,5154.92,Cash,In-Store,EMP685,3,1,Same Day,1,GBP
ORD118138,20-12-2023,BR85,UK,London,CUST8219,PROD372,Laptop,HP Spectre x360,Lenovo,5,136.41,0.06,0.18,756.53,UPI,In-Store,EMP769,3,0,Express,3,EUR
ORD118139,16-09-2023,BR45,UAE,Dubai,CUST1060,PROD193,Tablet,Samsung Galaxy Tab,HP,2,118.69,0.29,0.18,198.88,Cash,In-Store,EMP956,0,0,Same Day,10,AED
ORD118140,30-09-2023,BR5,UAE,Dubai,CUST6517,PROD892,Accessories,Bluetooth Headphones,Samsung,4,1021.15,0.07,0.18,4482.44,Credit Card,Online,EMP233,2,1,Standard,4,INR
ORD118141,14-12-2023,BR83,USA,Chicago,CUST5400,PROD230,Mobile,OnePlus 11,LG,4,1207.77,0.17,0.18,4731.56,Net Banking,Online,EMP589,0,0,Standard,9,AED
ORD118142,24-09-2024,BR51,UK,London,CUST8268,PROD258,Mobile,Samsung Galaxy S23,LG,3,1441.25,0.19,0.18,4132.64,Cash,Online,EMP588,1,1,Same Day,9,INR
ORD118143,09-02-2024,BR16,UAE,Abu Dhabi,CUST8598,PROD646,Tablet,Samsung Galaxy Tab,Lenovo,5,1003.19,0,0.18,5918.82,Cash,Online,EMP800,2,1,Same Day,3,USD
ORD118144,31-08-2023,BR24,Germany,Hamburg,CUST3504,PROD553,Accessories,Keyboard,Lenovo,1,967.48,0.29,0.18,810.55,Cash,In-Store,EMP463,2,1,Same Day,1,GBP
ORD118145,24-07-2023,BR44,UK,Birmingham,CUST1259,PROD757,Mobile,Samsung Galaxy S23,Apple,1,1077.38,0.21,0.18,1004.33,Cash,In-Store,EMP210,2,1,Express,4,EUR
ORD118146,06-05-2023,BR64,USA,Dallas,CUST9868,PROD118,Laptop,MacBook Air M2,HP,2,1681.92,0.17,0.18,3294.54,Credit Card,In-Store,EMP430,2,0,Express,8,USD
ORD118147,27-07-2023,BR7,UAE,Abu Dhabi,CUST6305,PROD918,Laptop,HP Spectre x360,OnePlus,3,1683.57,0.1,0.18,5363.85,Debit Card,In-Store,EMP994,2,0,Same Day,6,EUR
ORD118148,25-09-2023,BR18,UK,London,CUST8152,PROD853,Accessories,Wireless Mouse,Lenovo,3,1193.11,0.11,0.18,3759.01,Net Banking,Online,EMP909,2,1,Express,2,GBP
ORD118149,24-09-2023,BR37,UAE,Dubai,CUST7574,PROD475,TV,LG OLED 48,Sony,2,1250.13,0.07,0.18,2743.79,Debit Card,In-Store,EMP227,2,0,Same Day,5,AED
ORD118150,22-03-2023,BR59,India,Mumbai,CUST5938,PROD640,Laptop,Dell XPS 13,Apple,3,1263.8,0.05,0.18,4250.16,Cash,Online,EMP985,3,0,Express,5,GBP
ORD118151,04-12-2024,BR37,UK,London,CUST7262,PROD328,TV,LG OLED 48,LG,4,194.38,0.22,0.18,715.63,Net Banking,Online,EMP848,3,1,Same Day,6,INR
ORD118152,06-12-2023,BR25,India,Delhi,CUST8190,PROD592,TV,Sony Bravia 55,Sony,1,1234.91,0.02,0.18,1428.05,UPI,Online,EMP370,1,0,Same Day,3,EUR
ORD118153,11-02-2024,BR73,UK,London,CUST1119,PROD683,Laptop,MacBook Air M2,Dell,4,1626.53,0.05,0.18,7293.36,UPI,Online,EMP269,2,0,Standard,9,AED
ORD118154,12-10-2024,BR86,UK,London,CUST2949,PROD949,Tablet,iPad Air,Lenovo,2,1994.87,0.11,0.18,4190.02,Credit Card,In-Store,EMP823,3,1,Express,1,USD
ORD118155,31-05-2023,BR24,Germany,Munich,CUST6101,PROD914,Accessories,Keyboard,Lenovo,1,551.68,0.25,0.18,488.24,Credit Card,In-Store,EMP638,3,0,Standard,9,INR
ORD118156,29-10-2023,BR48,India,Pune,CUST4144,PROD332,Mobile,OnePlus 11,Sony,1,516.76,0.09,0.18,554.9,Debit Card,Online,EMP674,2,1,Express,2,AED
ORD118157,03-12-2023,BR79,Germany,Munich,CUST4336,PROD811,Mobile,Samsung Galaxy S23,LG,1,1323.98,0.19,0.18,1265.46,UPI,Online,EMP418,1,1,Same Day,9,AED
ORD118158,27-05-2024,BR83,USA,New York,CUST8100,PROD322,TV,Sony Bravia 55,Dell,2,1153.38,0.19,0.18,2204.8,UPI,Online,EMP645,0,1,Standard,3,USD
ORD118159,15-10-2023,BR79,USA,Chicago,CUST8201,PROD830,Mobile,iPhone 14,LG,4,237.81,0.14,0.18,965.32,UPI,In-Store,EMP606,1,1,Express,3,GBP
ORD118160,19-10-2023,BR69,UAE,Dubai,CUST4091,PROD446,Laptop,Dell XPS 13,Sony,3,1483.16,0.25,0.18,3937.79,Debit Card,In-Store,EMP631,2,0,Express,3,EUR
ORD118161,06-12-2024,BR106,USA,Dallas,CUST8635,PROD961,Mobile,Samsung Galaxy S23,Samsung,5,766,0.13,0.18,3931.88,Credit Card,Online,EMP439,2,1,Same Day,2,INR
ORD118162,08-03-2024,BR106,UK,Birmingham,CUST6786,PROD357,Tablet,Lenovo Tab P11,LG,2,742.19,0.02,0.18,1716.54,Credit Card,Online,EMP776,1,1,Express,3,GBP
ORD118163,03-10-2023,BR24,India,Bangalore,CUST5176,PROD323,Accessories,Wireless Mouse,LG,1,1185.18,0.06,0.18,1314.6,Credit Card,Online,EMP973,2,0,Express,5,EUR
ORD118164,10-03-2023,BR70,Germany,Berlin,CUST9843,PROD917,TV,Samsung QLED 50,Apple,2,1486.4,0.1,0.18,3157.11,Debit Card,Online,EMP961,0,1,Express,8,USD
ORD118165,06-05-2024,BR107,UAE,Abu Dhabi,CUST4175,PROD612,Accessories,Bluetooth Headphones,Samsung,3,1939.16,0.03,0.18,6658.69,Cash,In-Store,EMP857,1,0,Standard,3,USD
ORD118166,27-05-2024,BR27,UAE,Dubai,CUST7578,PROD206,Laptop,MacBook Air M2,OnePlus,4,789.6,0.03,0.18,3615.1,UPI,Online,EMP526,3,1,Standard,4,AED
ORD118167,13-10-2024,BR98,Germany,Hamburg,CUST4892,PROD342,Tablet,Samsung Galaxy Tab,Lenovo,4,251.76,0.05,0.18,1128.89,Debit Card,Online,EMP200,0,1,Same Day,3,GBP
ORD118168,07-12-2023,BR3,India,Mumbai,CUST7676,PROD102,Mobile,Samsung Galaxy S23,Apple,3,1527.13,0.03,0.18,5243.86,Credit Card,In-Store,EMP898,3,0,Express,5,EUR
ORD118169,24-09-2024,BR46,UAE,Abu Dhabi,CUST2473,PROD378,Mobile,iPhone 14,OnePlus,1,624.21,0.13,0.18,640.81,Net Banking,In-Store,EMP623,2,1,Same Day,9,GBP
ORD118170,03-10-2023,BR110,USA,Chicago,CUST2373,PROD502,Accessories,Keyboard,Samsung,3,1572.39,0.2,0.18,4453.01,Credit Card,In-Store,EMP950,1,0,Same Day,5,INR
ORD118171,18-05-2023,BR100,UK,Manchester,CUST6633,PROD868,Accessories,Wireless Mouse,Samsung,5,961.65,0.17,0.18,4709.2,Cash,In-Store,EMP976,0,1,Same Day,9,EUR
ORD118172,18-04-2023,BR31,Germany,Munich,CUST9303,PROD773,TV,Samsung QLED 50,Lenovo,3,1808.27,0.17,0.18,5313.06,Net Banking,Online,EMP271,0,1,Same Day,5,USD
ORD118173,25-02-2023,BR90,UK,London,CUST7794,PROD344,TV,Sony Bravia 55,Samsung,4,1123.72,0.12,0.18,4667.48,Net Banking,In-Store,EMP707,3,0,Same Day,5,EUR
ORD118174,07-06-2024,BR36,USA,Dallas,CUST5308,PROD218,TV,Samsung QLED 50,OnePlus,1,1203.2,0.04,0.18,1362.98,Debit Card,Online,EMP580,3,0,Standard,1,AED
ORD118175,29-04-2024,BR14,UK,London,CUST1444,PROD988,Laptop,Dell XPS 13,Sony,4,1659.53,0.17,0.18,6501.37,UPI,In-Store,EMP753,3,0,Standard,6,USD
ORD118176,27-07-2023,BR12,India,Delhi,CUST3996,PROD283,Tablet,iPad Air,LG,1,1369.07,0.27,0.18,1179.32,UPI,In-Store,EMP826,1,0,Same Day,8,INR
ORD118177,03-01-2023,BR50,UAE,Dubai,CUST3665,PROD666,Mobile,Samsung Galaxy S23,Samsung,4,1104.55,0.04,0.18,5004.94,Net Banking,Online,EMP299,3,0,Same Day,4,EUR
ORD118178,21-03-2023,BR91,India,Pune,CUST3984,PROD620,Mobile,OnePlus 11,Sony,4,934.8,0.13,0.18,3838.66,Credit Card,In-Store,EMP469,2,0,Express,8,GBP
ORD118179,11-08-2024,BR48,UAE,Dubai,CUST7174,PROD210,Accessories,Keyboard,Samsung,3,932.93,0.03,0.18,3203.5,Net Banking,Online,EMP388,2,0,Same Day,4,GBP
ORD118180,04-03-2024,BR81,India,Pune,CUST5141,PROD997,TV,Samsung QLED 50,Samsung,3,1350.87,0.09,0.18,4351.69,Debit Card,In-Store,EMP753,2,1,Express,2,GBP
ORD118181,29-02-2024,BR63,Germany,Berlin,CUST8615,PROD684,Tablet,Lenovo Tab P11,HP,4,1683.33,0.05,0.18,7548.05,UPI,In-Store,EMP602,2,0,Express,7,USD
ORD118182,03-04-2023,BR65,UK,London,CUST2139,PROD112,Laptop,MacBook Air M2,OnePlus,2,81.18,0,0.18,191.58,UPI,In-Store,EMP487,2,1,Express,6,INR
ORD118183,12-03-2023,BR70,UAE,Abu Dhabi,CUST7321,PROD678,Accessories,Bluetooth Headphones,LG,1,139.28,0.21,0.18,129.84,UPI,In-Store,EMP630,1,1,Standard,7,GBP
ORD118184,08-08-2024,BR39,USA,Dallas,CUST1171,PROD359,Mobile,iPhone 14,OnePlus,4,1561.18,0.04,0.18,7074.02,Credit Card,In-Store,EMP861,2,0,Same Day,4,USD
ORD118185,01-08-2023,BR114,USA,Dallas,CUST2059,PROD214,Accessories,Wireless Mouse,OnePlus,1,1278.85,0.23,0.18,1161.96,Credit Card,Online,EMP932,3,1,Same Day,4,USD
ORD118186,01-05-2023,BR67,Germany,Munich,CUST3252,PROD695,Laptop,Dell XPS 13,Samsung,2,231.24,0.23,0.18,420.21,Credit Card,In-Store,EMP773,3,1,Same Day,9,EUR
ORD118187,07-05-2024,BR84,UK,London,CUST7098,PROD474,Tablet,Lenovo Tab P11,HP,2,1518.97,0.23,0.18,2760.27,Net Banking,Online,EMP265,3,0,Same Day,4,USD
ORD118188,11-09-2024,BR37,USA,Los Angeles,CUST2657,PROD974,Laptop,MacBook Air M2,HP,4,1854.84,0.28,0.18,6303.49,Net Banking,Online,EMP441,3,1,Express,4,INR
ORD118189,12-06-2023,BR12,UAE,Abu Dhabi,CUST2861,PROD964,Accessories,Keyboard,LG,2,1713.23,0.14,0.18,3477.17,Credit Card,In-Store,EMP741,1,0,Same Day,6,USD
ORD118190,29-06-2024,BR40,Germany,Munich,CUST2771,PROD989,TV,Sony Bravia 55,LG,4,1871.13,0.16,0.18,7418.66,Cash,In-Store,EMP560,2,0,Express,6,EUR
ORD118191,17-09-2024,BR118,India,Mumbai,CUST8741,PROD812,Mobile,OnePlus 11,Dell,2,349.26,0.26,0.18,609.95,Debit Card,Online,EMP640,1,0,Express,7,USD
ORD118192,24-12-2023,BR88,UAE,Abu Dhabi,CUST1565,PROD830,TV,Samsung QLED 50,OnePlus,1,181.16,0.23,0.18,164.6,UPI,In-Store,EMP525,1,0,Same Day,4,GBP
ORD118193,10-03-2024,BR90,India,Mumbai,CUST1140,PROD124,TV,Sony Bravia 55,Sony,1,1613.25,0.03,0.18,1846.53,Net Banking,In-Store,EMP666,0,0,Express,3,USD
ORD118194,13-01-2024,BR108,UAE,Dubai,CUST6715,PROD876,TV,Sony Bravia 55,Dell,3,780.15,0.06,0.18,2596.03,UPI,Online,EMP812,2,0,Express,8,USD
ORD118195,07-08-2024,BR85,India,Bangalore,CUST9812,PROD101,Mobile,Samsung Galaxy S23,HP,5,1264.06,0.14,0.18,6413.84,Net Banking,In-Store,EMP291,1,0,Standard,1,AED
ORD118196,21-10-2024,BR86,USA,Dallas,CUST2105,PROD390,Laptop,Dell XPS 13,Apple,2,1822.95,0.13,0.18,3742.88,Net Banking,In-Store,EMP355,3,1,Standard,8,AED
ORD118197,28-09-2023,BR19,India,Mumbai,CUST5517,PROD711,Mobile,OnePlus 11,Dell,5,1934.11,0.08,0.18,10498.35,Credit Card,Online,EMP791,0,1,Same Day,6,AED
ORD118198,18-05-2024,BR113,USA,Dallas,CUST5863,PROD395,Laptop,Dell XPS 13,Apple,3,858.34,0.01,0.18,3008.14,Cash,In-Store,EMP496,0,0,Express,8,USD
ORD118199,18-01-2024,BR38,UAE,Abu Dhabi,CUST4494,PROD284,Mobile,Samsung Galaxy S23,Apple,1,1388.56,0.17,0.18,1359.96,Net Banking,Online,EMP822,0,0,Same Day,7,USD
ORD118200,02-02-2023,BR31,UAE,Abu Dhabi,CUST6038,PROD908,Mobile,iPhone 14,Dell,4,925.18,0.26,0.18,3231.47,UPI,In-Store,EMP506,2,1,Same Day,1,EUR
ORD118201,27-06-2023,BR22,India,Pune,CUST5500,PROD546,TV,Samsung QLED 50,LG,2,593.19,0.21,0.18,1105.94,UPI,In-Store,EMP445,3,0,Standard,2,AED
ORD118202,01-09-2024,BR16,India,Mumbai,CUST3466,PROD627,TV,Sony Bravia 55,Sony,3,675.22,0.3,0.18,1673.2,Cash,Online,EMP386,0,1,Standard,8,USD
ORD118203,30-04-2023,BR103,Germany,Hamburg,CUST3154,PROD152,Accessories,Bluetooth Headphones,OnePlus,1,167.42,0.1,0.18,177.8,Debit Card,Online,EMP287,3,0,Same Day,2,AED
ORD118204,04-06-2023,BR65,Germany,Munich,CUST6471,PROD940,Accessories,Keyboard,Dell,1,87.16,0.21,0.18,81.25,UPI,Online,EMP728,2,1,Standard,7,EUR
ORD118205,12-12-2024,BR68,UAE,Dubai,CUST8652,PROD138,Tablet,Samsung Galaxy Tab,Sony,2,639.14,0.22,0.18,1176.53,UPI,Online,EMP303,0,0,Standard,2,AED
ORD118206,06-03-2023,BR85,USA,Chicago,CUST5447,PROD955,Mobile,OnePlus 11,Dell,5,1478.73,0.11,0.18,7764.81,UPI,In-Store,EMP670,0,1,Express,1,GBP
ORD118207,23-04-2023,BR81,UK,Manchester,CUST3289,PROD363,TV,Samsung QLED 50,LG,4,1961.28,0.02,0.18,9072.1,UPI,Online,EMP774,0,0,Same Day,1,INR
ORD118208,13-01-2023,BR77,Germany,Munich,CUST7898,PROD988,Laptop,MacBook Air M2,Lenovo,3,1750.03,0.13,0.18,5389.74,UPI,In-Store,EMP575,2,0,Express,3,USD
ORD118209,01-09-2024,BR116,UK,Birmingham,CUST1364,PROD984,Tablet,Lenovo Tab P11,Apple,3,297.56,0.11,0.18,937.49,Cash,Online,EMP362,0,1,Same Day,6,AED
ORD118210,07-02-2024,BR49,UK,Manchester,CUST7215,PROD527,Accessories,Bluetooth Headphones,LG,3,1387.24,0.09,0.18,4468.85,Debit Card,In-Store,EMP843,1,1,Same Day,9,INR
ORD118211,11-07-2024,BR117,Germany,Berlin,CUST2811,PROD365,TV,LG OLED 48,Sony,3,161.22,0.28,0.18,410.92,Net Banking,In-Store,EMP686,2,1,Standard,3,GBP
ORD118212,09-08-2023,BR52,Germany,Munich,CUST2196,PROD593,Accessories,Wireless Mouse,Dell,2,1006.75,0.12,0.18,2090.82,UPI,In-Store,EMP428,3,1,Standard,10,INR
ORD118213,28-09-2024,BR96,Germany,Berlin,CUST5787,PROD926,Laptop,MacBook Air M2,Sony,2,498.37,0.15,0.18,999.73,Net Banking,Online,EMP254,3,0,Standard,7,EUR
ORD118214,24-11-2024,BR119,Germany,Berlin,CUST1395,PROD477,Tablet,Lenovo Tab P11,HP,4,428.14,0.01,0.18,2000.61,Cash,Online,EMP576,1,1,Express,2,AED
ORD118215,13-03-2023,BR4,India,Bangalore,CUST9289,PROD281,Mobile,Samsung Galaxy S23,LG,4,367.83,0.09,0.18,1579.9,Cash,Online,EMP842,1,1,Standard,2,GBP
ORD118216,19-04-2023,BR23,Germany,Berlin,CUST1988,PROD147,TV,Samsung QLED 50,OnePlus,2,1175.07,0.15,0.18,2357.19,Credit Card,In-Store,EMP747,1,0,Same Day,5,EUR
ORD118217,28-05-2024,BR40,USA,New York,CUST8609,PROD690,Tablet,Samsung Galaxy Tab,Apple,1,1282.54,0.03,0.18,1468,Credit Card,Online,EMP711,3,1,Standard,5,INR
ORD118218,16-10-2023,BR98,UK,Birmingham,CUST5614,PROD804,Accessories,Keyboard,OnePlus,1,1043.55,0.06,0.18,1157.51,Net Banking,In-Store,EMP943,3,0,Standard,9,AED
ORD118219,05-08-2024,BR95,UAE,Dubai,CUST9908,PROD641,Tablet,iPad Air,OnePlus,1,302.78,0.27,0.18,260.81,Debit Card,Online,EMP360,0,0,Express,3,GBP
ORD118220,25-03-2024,BR44,USA,Dallas,CUST8991,PROD714,Tablet,Lenovo Tab P11,Samsung,2,1882.72,0.28,0.18,3199.12,Cash,Online,EMP329,3,0,Express,8,GBP
ORD118221,11-07-2023,BR45,USA,New York,CUST9672,PROD463,Laptop,MacBook Air M2,HP,3,479.75,0.18,0.18,1392.62,Cash,In-Store,EMP783,2,0,Standard,6,USD
ORD118222,05-07-2024,BR92,Germany,Berlin,CUST4667,PROD115,Laptop,MacBook Air M2,Lenovo,5,812.59,0.09,0.18,4362.8,Cash,Online,EMP605,1,0,Express,6,USD
ORD118223,12-03-2023,BR116,UAE,Abu Dhabi,CUST9185,PROD800,Laptop,Dell XPS 13,Samsung,4,1661.92,0.11,0.18,6981.39,Net Banking,In-Store,EMP847,2,0,Same Day,3,EUR
ORD118224,28-09-2023,BR31,USA,New York,CUST5966,PROD618,Laptop,MacBook Air M2,LG,4,228.61,0.19,0.18,874.02,UPI,Online,EMP936,3,1,Same Day,4,EUR
ORD118225,03-07-2024,BR36,UK,London,CUST5074,PROD965,Accessories,Keyboard,Lenovo,3,219.31,0.26,0.18,574.5,Debit Card,Online,EMP815,1,0,Same Day,10,EUR
ORD118226,28-09-2024,BR119,Germany,Berlin,CUST9289,PROD394,TV,Samsung QLED 50,Samsung,3,1115.97,0.22,0.18,3081.42,UPI,In-Store,EMP421,3,1,Express,10,GBP
ORD118227,21-01-2023,BR63,UK,London,CUST1476,PROD582,TV,LG OLED 48,OnePlus,2,1889.76,0.06,0.18,4192.24,Net Banking,Online,EMP961,3,1,Standard,4,USD
ORD118228,12-09-2023,BR15,India,Pune,CUST9497,PROD630,TV,Samsung QLED 50,LG,1,964.32,0.02,0.18,1115.14,Debit Card,Online,EMP480,2,0,Express,9,EUR
ORD118229,06-12-2023,BR86,UAE,Dubai,CUST5181,PROD362,Accessories,Bluetooth Headphones,Sony,2,743.13,0.06,0.18,1648.56,Net Banking,In-Store,EMP358,2,0,Express,6,USD
ORD118230,03-12-2023,BR85,Germany,Munich,CUST6499,PROD509,Laptop,MacBook Air M2,Lenovo,4,825.26,0.19,0.18,3155.13,Credit Card,Online,EMP838,1,0,Express,7,GBP
ORD118231,25-07-2023,BR15,USA,Los Angeles,CUST4588,PROD628,TV,LG OLED 48,OnePlus,3,259.63,0.24,0.18,698.51,Net Banking,In-Store,EMP859,2,1,Express,7,INR
ORD118232,30-04-2023,BR28,UK,Manchester,CUST3126,PROD477,TV,Sony Bravia 55,Lenovo,4,249.2,0.24,0.18,893.93,Debit Card,In-Store,EMP229,0,0,Standard,1,AED
ORD118233,28-02-2023,BR51,USA,Chicago,CUST1299,PROD301,Tablet,Lenovo Tab P11,Sony,4,587.03,0.07,0.18,2576.83,Net Banking,In-Store,EMP691,2,0,Express,10,INR
ORD118234,09-04-2024,BR23,Germany,Berlin,CUST8431,PROD762,Laptop,HP Spectre x360,Dell,3,1679.71,0.28,0.18,4281.24,Credit Card,In-Store,EMP980,1,1,Same Day,4,EUR
ORD118235,13-03-2023,BR82,Germany,Munich,CUST5411,PROD129,TV,LG OLED 48,Sony,3,1639.79,0.24,0.18,4411.69,Net Banking,In-Store,EMP354,2,0,Same Day,10,AED
ORD118236,13-03-2023,BR32,USA,Chicago,CUST1564,PROD457,Mobile,Samsung Galaxy S23,Sony,4,564.26,0.03,0.18,2583.41,Debit Card,Online,EMP246,0,0,Express,9,INR
ORD118237,29-09-2023,BR1,India,Mumbai,CUST6312,PROD979,Accessories,Bluetooth Headphones,Dell,3,187.89,0.21,0.18,525.45,Net Banking,Online,EMP948,3,1,Same Day,6,AED
ORD118238,04-01-2023,BR28,UK,Birmingham,CUST3026,PROD340,TV,Samsung QLED 50,Sony,2,1760.72,0,0.18,4155.3,UPI,In-Store,EMP607,1,1,Same Day,1,USD
ORD118239,10-04-2024,BR39,India,Pune,CUST4567,PROD893,Tablet,Samsung Galaxy Tab,Lenovo,2,320.8,0.15,0.18,643.52,Debit Card,Online,EMP480,1,0,Express,2,GBP
ORD118240,06-12-2024,BR110,Germany,Berlin,CUST4671,PROD157,Accessories,Wireless Mouse,HP,2,1779.44,0.29,0.18,2981.63,Cash,Online,EMP550,0,1,Same Day,6,INR
ORD118241,24-01-2024,BR8,UAE,Abu Dhabi,CUST3810,PROD925,Tablet,Samsung Galaxy Tab,Samsung,4,820.34,0.13,0.18,3368.64,UPI,In-Store,EMP207,2,1,Standard,4,USD
ORD118242,28-07-2024,BR117,Germany,Hamburg,CUST9788,PROD221,TV,Sony Bravia 55,Lenovo,4,1564.18,0.2,0.18,5906.34,Cash,Online,EMP436,3,0,Standard,1,GBP
ORD118243,13-04-2023,BR84,UAE,Dubai,CUST9586,PROD980,Laptop,HP Spectre x360,Samsung,4,1507.11,0.02,0.18,6971.29,Credit Card,In-Store,EMP903,3,0,Same Day,7,AED
ORD118244,17-02-2023,BR71,UAE,Dubai,CUST9138,PROD574,Accessories,Keyboard,OnePlus,2,1593.24,0.11,0.18,3346.44,UPI,In-Store,EMP577,0,1,Same Day,2,INR
ORD118245,11-04-2023,BR49,Germany,Munich,CUST4347,PROD446,Tablet,Samsung Galaxy Tab,Samsung,5,137.54,0.12,0.18,714.11,Debit Card,In-Store,EMP590,2,1,Same Day,6,USD
ORD118246,27-01-2023,BR76,Germany,Berlin,CUST1452,PROD506,Mobile,iPhone 14,Samsung,2,1361.8,0.04,0.18,3085.29,UPI,In-Store,EMP697,0,1,Same Day,4,USD
ORD118247,15-02-2024,BR38,India,Bangalore,CUST7415,PROD466,Accessories,Keyboard,LG,4,642.39,0.07,0.18,2819.84,Cash,In-Store,EMP246,0,1,Express,1,GBP
ORD118248,21-01-2023,BR84,Germany,Hamburg,CUST4468,PROD799,Accessories,Bluetooth Headphones,Samsung,4,1473.07,0.3,0.18,4867.02,Credit Card,In-Store,EMP372,2,1,Same Day,5,INR
ORD118249,20-01-2024,BR86,India,Bangalore,CUST2451,PROD511,Accessories,Bluetooth Headphones,HP,3,181.45,0.1,0.18,578.1,Cash,In-Store,EMP793,2,0,Same Day,9,AED
ORD118250,26-08-2024,BR93,Germany,Hamburg,CUST5082,PROD548,Mobile,OnePlus 11,OnePlus,3,935.83,0.24,0.18,2517.76,Cash,Online,EMP575,0,0,Express,5,INR
ORD118251,19-07-2024,BR111,UAE,Abu Dhabi,CUST3584,PROD446,Tablet,Lenovo Tab P11,Samsung,2,227.6,0.28,0.18,386.74,UPI,In-Store,EMP864,2,0,Same Day,6,AED
ORD118252,14-05-2023,BR100,USA,Dallas,CUST7995,PROD505,Accessories,Bluetooth Headphones,Apple,1,900.24,0.26,0.18,786.09,Cash,Online,EMP855,1,1,Express,8,USD
ORD118253,21-03-2024,BR19,India,Mumbai,CUST9873,PROD232,TV,Sony Bravia 55,Dell,3,367.05,0.26,0.18,961.52,Credit Card,In-Store,EMP652,1,0,Same Day,10,GBP
ORD118254,06-12-2024,BR106,UK,Manchester,CUST3948,PROD383,Mobile,OnePlus 11,HP,1,651.84,0.11,0.18,684.56,Cash,Online,EMP885,0,0,Express,4,EUR
ORD118255,20-01-2023,BR17,Germany,Berlin,CUST6784,PROD460,Tablet,Samsung Galaxy Tab,Lenovo,1,503.53,0.15,0.18,505.04,Debit Card,Online,EMP554,3,1,Standard,9,INR
ORD118256,26-10-2023,BR93,Germany,Munich,CUST9935,PROD592,Tablet,iPad Air,HP,5,1296.7,0.27,0.18,5584.89,Credit Card,Online,EMP946,0,1,Express,10,USD
ORD118257,28-01-2024,BR108,India,Pune,CUST7700,PROD977,Mobile,iPhone 14,Sony,5,1333.13,0.11,0.18,7000.27,Debit Card,Online,EMP264,2,0,Express,2,EUR
ORD118258,23-09-2024,BR29,UK,London,CUST3324,PROD624,Tablet,iPad Air,Dell,4,1316.12,0.1,0.18,5590.88,Cash,Online,EMP768,0,0,Express,5,AED
ORD118259,13-03-2024,BR71,UK,London,CUST5617,PROD859,Mobile,iPhone 14,LG,3,1571.21,0.24,0.18,4227.18,Credit Card,In-Store,EMP916,3,1,Express,8,USD
ORD118260,22-02-2024,BR116,UK,Manchester,CUST8644,PROD393,Mobile,OnePlus 11,LG,1,814.47,0.23,0.18,740.03,Cash,In-Store,EMP490,1,1,Same Day,6,EUR
ORD118261,26-12-2023,BR118,UK,Birmingham,CUST2865,PROD520,Mobile,Samsung Galaxy S23,HP,3,1875.23,0.05,0.18,6306.4,Credit Card,Online,EMP968,2,0,Same Day,6,EUR
ORD118262,25-04-2024,BR69,India,Bangalore,CUST8380,PROD401,Mobile,Samsung Galaxy S23,OnePlus,2,417.43,0.2,0.18,788.11,Credit Card,In-Store,EMP716,2,0,Express,4,AED
ORD118263,24-05-2024,BR19,USA,Dallas,CUST9384,PROD270,Tablet,iPad Air,Samsung,2,881.52,0.12,0.18,1830.74,Credit Card,Online,EMP994,2,0,Express,8,GBP
ORD118264,14-08-2023,BR25,USA,Los Angeles,CUST1905,PROD711,TV,LG OLED 48,Sony,1,970.82,0.2,0.18,916.45,Credit Card,Online,EMP757,0,1,Standard,7,USD
ORD118265,09-05-2023,BR34,Germany,Munich,CUST6909,PROD408,Mobile,Samsung Galaxy S23,Dell,1,467.17,0.08,0.18,507.16,Debit Card,Online,EMP956,1,1,Express,10,AED
ORD118266,12-06-2024,BR98,India,Pune,CUST1862,PROD508,Mobile,iPhone 14,LG,2,1263.23,0.07,0.18,2772.54,Net Banking,In-Store,EMP543,1,1,Same Day,1,GBP
ORD118267,21-04-2023,BR14,USA,Dallas,CUST6741,PROD485,Accessories,Bluetooth Headphones,Lenovo,1,1273.88,0.02,0.18,1473.11,Net Banking,Online,EMP446,0,0,Express,5,EUR
ORD118268,25-11-2023,BR28,UAE,Dubai,CUST1332,PROD937,TV,Samsung QLED 50,Lenovo,2,1312.94,0.12,0.18,2726.71,Net Banking,Online,EMP244,1,0,Express,3,EUR
ORD118269,02-08-2024,BR38,USA,Chicago,CUST1131,PROD431,Mobile,OnePlus 11,Apple,4,257.8,0.1,0.18,1095.13,Cash,Online,EMP915,0,1,Express,4,GBP
ORD118270,30-03-2024,BR99,India,Bangalore,CUST8993,PROD334,TV,Sony Bravia 55,Lenovo,4,842.35,0.13,0.18,3459.03,Debit Card,Online,EMP300,1,1,Standard,6,AED
ORD118271,12-06-2023,BR52,USA,Dallas,CUST6843,PROD101,TV,Samsung QLED 50,Sony,3,1623.87,0.26,0.18,4253.89,Net Banking,In-Store,EMP828,2,1,Same Day,3,EUR
ORD118272,20-09-2023,BR81,Germany,Hamburg,CUST6208,PROD642,Laptop,MacBook Air M2,Sony,5,567.85,0.05,0.18,3182.8,Debit Card,In-Store,EMP839,0,0,Standard,2,USD
ORD118273,13-08-2024,BR78,UK,Birmingham,CUST4790,PROD218,Accessories,Bluetooth Headphones,Dell,5,1689.15,0.29,0.18,7075.85,Credit Card,In-Store,EMP306,3,0,Standard,7,GBP
ORD118274,10-06-2023,BR61,USA,Los Angeles,CUST5047,PROD670,Tablet,iPad Air,Sony,5,934.6,0.01,0.18,5459,Net Banking,In-Store,EMP741,3,0,Express,9,GBP
ORD118275,19-04-2024,BR93,India,Pune,CUST3444,PROD963,Laptop,MacBook Air M2,Apple,4,1291.56,0.19,0.18,4937.89,Debit Card,In-Store,EMP231,1,0,Same Day,2,GBP
ORD118276,10-02-2023,BR113,Germany,Hamburg,CUST1899,PROD905,Laptop,MacBook Air M2,Lenovo,4,1259.74,0.26,0.18,4400.02,UPI,Online,EMP724,0,1,Express,4,EUR
ORD118277,14-12-2023,BR2,Germany,Hamburg,CUST3041,PROD240,Accessories,Bluetooth Headphones,Sony,5,1699.18,0.17,0.18,8320.88,Cash,Online,EMP402,1,0,Express,5,INR
ORD118278,16-02-2024,BR97,Germany,Berlin,CUST2070,PROD378,TV,Sony Bravia 55,OnePlus,2,328.22,0.26,0.18,573.2,Credit Card,In-Store,EMP349,1,0,Express,3,GBP
ORD118279,09-07-2023,BR42,India,Mumbai,CUST3444,PROD552,Laptop,MacBook Air M2,Dell,1,1425.99,0.22,0.18,1312.48,Debit Card,Online,EMP708,2,0,Standard,3,USD
ORD118280,23-01-2023,BR98,UK,Manchester,CUST9714,PROD325,Accessories,Keyboard,Dell,5,1713.98,0.1,0.18,9101.23,Credit Card,Online,EMP927,2,0,Same Day,8,EUR
ORD118281,23-04-2024,BR120,USA,Dallas,CUST3932,PROD588,Laptop,HP Spectre x360,Apple,4,363.04,0.03,0.18,1662.14,Net Banking,In-Store,EMP580,3,1,Standard,7,GBP
ORD118282,27-06-2023,BR4,UK,Birmingham,CUST5669,PROD775,Mobile,OnePlus 11,Apple,1,636.29,0.21,0.18,593.15,Credit Card,In-Store,EMP390,0,0,Same Day,3,INR
ORD118283,10-10-2024,BR110,UAE,Abu Dhabi,CUST4303,PROD429,Laptop,HP Spectre x360,Lenovo,4,1439.71,0.16,0.18,5708.16,Debit Card,Online,EMP993,0,1,Same Day,4,USD
ORD118284,20-07-2024,BR42,UAE,Abu Dhabi,CUST6515,PROD822,Tablet,iPad Air,Lenovo,1,1628.89,0.22,0.18,1499.23,Net Banking,In-Store,EMP363,2,0,Same Day,6,GBP
ORD118285,26-07-2024,BR88,UAE,Dubai,CUST9112,PROD508,Accessories,Bluetooth Headphones,Apple,3,568.99,0.28,0.18,1450.24,Credit Card,In-Store,EMP958,1,1,Same Day,5,AED
ORD118286,08-03-2023,BR95,India,Delhi,CUST3994,PROD800,TV,LG OLED 48,Sony,5,1579.46,0.05,0.18,8852.87,Cash,Online,EMP692,3,1,Same Day,3,GBP
ORD118287,25-01-2023,BR94,USA,Los Angeles,CUST5080,PROD611,Mobile,iPhone 14,Lenovo,2,1033.29,0.11,0.18,2170.32,UPI,In-Store,EMP786,1,0,Standard,7,USD
ORD118288,03-10-2024,BR24,India,Bangalore,CUST2893,PROD375,Mobile,Samsung Galaxy S23,OnePlus,2,1900.69,0.06,0.18,4216.49,Debit Card,In-Store,EMP716,2,1,Express,3,EUR
ORD118289,17-09-2024,BR91,USA,Los Angeles,CUST7260,PROD496,Accessories,Keyboard,Lenovo,5,952.24,0.13,0.18,4887.85,Debit Card,In-Store,EMP907,3,1,Express,6,INR
ORD118290,21-10-2024,BR11,USA,Dallas,CUST1113,PROD978,Tablet,Samsung Galaxy Tab,Sony,1,698.89,0.24,0.18,626.76,Debit Card,Online,EMP665,3,0,Standard,6,GBP
ORD118291,15-03-2023,BR1,UK,Manchester,CUST7402,PROD687,Laptop,HP Spectre x360,LG,2,837.34,0.2,0.18,1580.9,Net Banking,Online,EMP791,1,0,Express,10,GBP
ORD118292,16-03-2024,BR66,India,Bangalore,CUST6543,PROD913,Mobile,Samsung Galaxy S23,Lenovo,1,708.45,0.28,0.18,601.9,Cash,In-Store,EMP340,3,1,Standard,3,USD
ORD118293,18-05-2024,BR71,India,Delhi,CUST6067,PROD425,TV,Sony Bravia 55,HP,1,1799.75,0.06,0.18,1996.28,Debit Card,Online,EMP952,0,0,Standard,5,USD
ORD118294,10-06-2023,BR92,Germany,Berlin,CUST8900,PROD838,Tablet,iPad Air,LG,3,1905.7,0.17,0.18,5599.33,Net Banking,In-Store,EMP370,3,1,Same Day,1,USD
ORD118295,27-04-2023,BR61,India,Bangalore,CUST8017,PROD398,TV,Samsung QLED 50,Dell,5,62.21,0.28,0.18,264.27,Debit Card,In-Store,EMP569,3,1,Express,7,EUR
ORD118296,11-12-2023,BR19,USA,Chicago,CUST7999,PROD159,Laptop,Dell XPS 13,Samsung,1,1444.6,0.08,0.18,1568.26,Credit Card,In-Store,EMP586,2,0,Express,8,USD
ORD118297,31-05-2024,BR87,UAE,Dubai,CUST5285,PROD319,Accessories,Bluetooth Headphones,Sony,1,1892.86,0.23,0.18,1719.85,Net Banking,Online,EMP592,0,0,Express,10,GBP
ORD118298,02-02-2024,BR83,UAE,Abu Dhabi,CUST2897,PROD812,TV,Sony Bravia 55,HP,2,556,0.03,0.18,1272.8,Cash,In-Store,EMP749,2,1,Express,8,AED
ORD118299,07-12-2024,BR74,USA,Dallas,CUST2585,PROD389,Laptop,HP Spectre x360,HP,3,1453.87,0.27,0.18,3757.09,Cash,In-Store,EMP975,1,0,Standard,4,GBP
ORD118300,04-02-2024,BR112,India,Delhi,CUST3162,PROD700,Laptop,MacBook Air M2,Dell,3,715.72,0.27,0.18,1849.56,Net Banking,In-Store,EMP587,3,0,Same Day,1,GBP
ORD118301,21-10-2024,BR35,UK,Manchester,CUST2295,PROD791,Tablet,Samsung Galaxy Tab,HP,5,751.43,0.27,0.18,3236.41,Credit Card,In-Store,EMP331,0,1,Same Day,10,GBP
ORD118302,30-08-2023,BR15,UK,London,CUST7629,PROD760,TV,Sony Bravia 55,LG,5,1001.76,0.19,0.18,4787.41,Credit Card,Online,EMP751,2,1,Express,2,INR
ORD118303,10-10-2024,BR11,UAE,Dubai,CUST8165,PROD914,Tablet,Samsung Galaxy Tab,Dell,1,971.93,0.29,0.18,814.28,Credit Card,In-Store,EMP802,2,0,Express,2,AED
ORD118304,20-10-2023,BR40,UK,Manchester,CUST1691,PROD722,Accessories,Wireless Mouse,OnePlus,2,486.62,0.08,0.18,1056.55,Net Banking,Online,EMP756,3,0,Express,6,AED
ORD118305,23-03-2023,BR5,UK,London,CUST5832,PROD606,TV,Samsung QLED 50,Lenovo,5,1794.47,0.07,0.18,9846.26,Cash,Online,EMP372,0,1,Standard,5,GBP
ORD118306,05-10-2023,BR118,USA,New York,CUST7956,PROD814,TV,Sony Bravia 55,LG,3,438.6,0.12,0.18,1366.33,Credit Card,Online,EMP614,1,1,Standard,7,USD
ORD118307,03-08-2023,BR40,UK,Manchester,CUST7528,PROD339,TV,Sony Bravia 55,Apple,1,1135.64,0.05,0.18,1273.05,Cash,In-Store,EMP414,3,1,Express,5,INR
ORD118308,22-08-2023,BR89,UAE,Dubai,CUST6806,PROD547,Laptop,MacBook Air M2,OnePlus,5,299.02,0.17,0.18,1464.3,Debit Card,Online,EMP810,0,1,Same Day,2,AED
ORD118309,11-05-2024,BR7,UAE,Abu Dhabi,CUST9698,PROD592,Laptop,MacBook Air M2,OnePlus,4,952.57,0.05,0.18,4271.32,Debit Card,In-Store,EMP707,2,1,Express,6,USD
ORD118310,19-04-2024,BR19,UK,Birmingham,CUST8259,PROD589,Tablet,Lenovo Tab P11,HP,5,1460.11,0.19,0.18,6977.87,Cash,Online,EMP241,0,0,Express,7,INR
ORD118311,18-08-2023,BR53,India,Bangalore,CUST6106,PROD402,TV,LG OLED 48,Samsung,4,1567.03,0.21,0.18,5843.14,Cash,Online,EMP584,1,1,Same Day,10,EUR
ORD118312,16-02-2023,BR57,UK,London,CUST8203,PROD403,Accessories,Keyboard,Samsung,5,225.16,0.19,0.18,1076.04,Cash,Online,EMP267,1,1,Same Day,1,AED
ORD118313,20-11-2023,BR103,Germany,Munich,CUST9871,PROD909,TV,LG OLED 48,Lenovo,3,55.5,0.02,0.18,192.54,Debit Card,Online,EMP778,3,1,Same Day,5,USD
ORD118314,18-11-2023,BR88,UAE,Dubai,CUST1439,PROD736,TV,Sony Bravia 55,Lenovo,1,1489.17,0.21,0.18,1388.2,UPI,Online,EMP892,2,0,Express,8,USD
ORD118315,05-03-2023,BR119,Germany,Munich,CUST9908,PROD119,Mobile,Samsung Galaxy S23,LG,2,1142.43,0.05,0.18,2561.33,Credit Card,Online,EMP248,3,0,Express,5,AED
ORD118316,13-04-2024,BR110,Germany,Munich,CUST1381,PROD603,TV,LG OLED 48,Dell,2,946.05,0.18,0.18,1830.8,Debit Card,In-Store,EMP720,2,0,Express,6,AED
ORD118317,29-09-2023,BR36,Germany,Hamburg,CUST9448,PROD304,TV,Sony Bravia 55,Lenovo,2,1078.96,0.21,0.18,2011.61,Debit Card,Online,EMP511,3,1,Same Day,5,INR
ORD118318,14-12-2024,BR93,UK,Manchester,CUST9715,PROD858,Laptop,HP Spectre x360,Sony,1,1909.86,0.29,0.18,1600.08,Net Banking,In-Store,EMP490,1,1,Express,4,EUR
ORD118319,21-06-2024,BR29,USA,Chicago,CUST9151,PROD869,TV,Samsung QLED 50,Samsung,4,198.17,0.27,0.18,682.81,Credit Card,In-Store,EMP335,0,0,Express,2,INR
ORD118320,21-12-2024,BR31,USA,New York,CUST4697,PROD451,Tablet,iPad Air,Sony,5,193.75,0.26,0.18,845.91,UPI,Online,EMP595,3,0,Standard,10,EUR
ORD118321,08-09-2023,BR105,USA,New York,CUST1239,PROD652,TV,Samsung QLED 50,Sony,1,1977.83,0.19,0.18,1890.41,Debit Card,In-Store,EMP461,2,1,Express,7,AED
ORD118322,07-10-2023,BR13,UK,London,CUST7720,PROD269,Mobile,iPhone 14,Apple,2,495.39,0.21,0.18,923.61,Cash,Online,EMP801,1,0,Standard,6,AED
ORD118323,04-01-2024,BR76,Germany,Munich,CUST5429,PROD533,Accessories,Keyboard,Apple,2,1976.33,0.09,0.18,4244.37,Net Banking,Online,EMP596,3,0,Same Day,4,USD
ORD118324,05-06-2024,BR100,UK,London,CUST5908,PROD890,Laptop,Dell XPS 13,LG,3,1288.25,0.07,0.18,4241.18,Debit Card,Online,EMP732,1,1,Same Day,1,AED
ORD118325,12-08-2024,BR107,Germany,Hamburg,CUST9862,PROD162,Accessories,Keyboard,Apple,1,1227.61,0.22,0.18,1129.89,Net Banking,Online,EMP646,1,0,Standard,1,GBP
ORD118326,19-08-2023,BR88,UAE,Dubai,CUST4459,PROD525,TV,Sony Bravia 55,Dell,4,994.81,0.13,0.18,4085.09,Credit Card,In-Store,EMP752,0,0,Standard,7,GBP
ORD118327,03-11-2023,BR7,Germany,Berlin,CUST4647,PROD177,TV,Samsung QLED 50,Dell,4,134.93,0.02,0.18,624.13,Credit Card,In-Store,EMP583,0,0,Same Day,10,USD
ORD118328,09-01-2023,BR15,USA,Chicago,CUST8723,PROD191,Accessories,Wireless Mouse,Sony,3,1352.54,0.22,0.18,3734.63,Credit Card,Online,EMP396,2,1,Express,2,GBP
ORD118329,12-03-2024,BR117,UK,Manchester,CUST2268,PROD235,Accessories,Bluetooth Headphones,Apple,1,1022.26,0.08,0.18,1109.77,Debit Card,In-Store,EMP494,3,1,Standard,10,INR
ORD118330,04-04-2024,BR117,USA,Los Angeles,CUST5855,PROD716,TV,Sony Bravia 55,HP,4,1449,0,0.18,6839.28,UPI,In-Store,EMP876,3,1,Same Day,4,INR
ORD118331,22-09-2023,BR102,UAE,Abu Dhabi,CUST4079,PROD919,Tablet,iPad Air,Apple,5,1701.78,0.1,0.18,9036.45,Debit Card,In-Store,EMP336,3,1,Express,3,GBP
ORD118332,23-03-2023,BR5,Germany,Berlin,CUST1423,PROD147,Tablet,Lenovo Tab P11,Apple,1,1671.58,0.12,0.18,1735.77,UPI,In-Store,EMP437,2,1,Standard,10,EUR
ORD118333,27-09-2024,BR45,UK,London,CUST8271,PROD223,Tablet,Lenovo Tab P11,Dell,4,1914.01,0.08,0.18,8311.4,Cash,In-Store,EMP223,1,0,Standard,7,INR
ORD118334,20-11-2023,BR89,Germany,Munich,CUST3583,PROD321,Tablet,iPad Air,HP,2,94.52,0.05,0.18,211.91,Credit Card,Online,EMP613,1,0,Express,2,USD
ORD118335,10-05-2023,BR37,Germany,Hamburg,CUST8902,PROD640,Laptop,Dell XPS 13,OnePlus,5,548.22,0.12,0.18,2846.36,Credit Card,In-Store,EMP742,3,1,Express,6,INR
ORD118336,23-02-2023,BR21,UK,Birmingham,CUST6132,PROD532,Tablet,Samsung Galaxy Tab,HP,2,643.24,0.09,0.18,1381.42,Debit Card,In-Store,EMP231,2,1,Express,5,GBP
ORD118337,19-12-2023,BR69,UAE,Abu Dhabi,CUST1733,PROD770,Laptop,Dell XPS 13,Sony,2,844.48,0.07,0.18,1853.46,UPI,In-Store,EMP857,3,1,Same Day,1,AED
ORD118338,02-11-2023,BR23,India,Delhi,CUST1909,PROD880,Laptop,HP Spectre x360,Lenovo,2,1754.09,0.11,0.18,3684.29,UPI,In-Store,EMP581,2,0,Same Day,10,USD
ORD118339,02-03-2023,BR42,UAE,Abu Dhabi,CUST2107,PROD868,Laptop,HP Spectre x360,Lenovo,4,1118.84,0.15,0.18,4488.79,Debit Card,Online,EMP689,0,0,Same Day,10,USD
ORD118340,18-09-2023,BR32,Germany,Hamburg,CUST5043,PROD213,Laptop,MacBook Air M2,LG,3,783.65,0.14,0.18,2385.74,Debit Card,Online,EMP774,0,0,Same Day,8,EUR
ORD118341,28-06-2024,BR4,UAE,Abu Dhabi,CUST2133,PROD565,TV,Sony Bravia 55,Apple,4,1940.05,0.07,0.18,8516.04,Cash,In-Store,EMP832,0,0,Same Day,2,USD
ORD118342,15-05-2023,BR6,UAE,Abu Dhabi,CUST9435,PROD854,Mobile,iPhone 14,Apple,4,459.81,0.15,0.18,1844.76,Cash,In-Store,EMP949,0,1,Express,8,GBP
ORD118343,22-12-2023,BR86,India,Bangalore,CUST9392,PROD567,TV,Sony Bravia 55,Lenovo,5,454.25,0.01,0.18,2653.27,Credit Card,In-Store,EMP838,2,1,Express,9,USD
ORD118344,21-12-2024,BR79,UAE,Abu Dhabi,CUST4715,PROD941,TV,LG OLED 48,HP,4,1738.83,0.02,0.18,8043.13,Credit Card,Online,EMP242,2,1,Same Day,7,INR
ORD118345,29-11-2024,BR36,Germany,Munich,CUST4914,PROD591,Accessories,Bluetooth Headphones,HP,1,1558.96,0.02,0.18,1802.78,Credit Card,In-Store,EMP706,2,0,Standard,10,GBP
ORD118346,18-06-2024,BR99,UAE,Abu Dhabi,CUST8978,PROD402,TV,Samsung QLED 50,LG,4,1250.23,0.04,0.18,5665.04,Debit Card,Online,EMP817,3,0,Same Day,1,INR
ORD118347,28-07-2023,BR110,UK,Birmingham,CUST3578,PROD877,Tablet,iPad Air,Sony,5,1558.73,0.04,0.18,8828.65,Credit Card,Online,EMP774,3,1,Standard,1,INR
ORD118348,27-03-2023,BR40,UAE,Abu Dhabi,CUST8168,PROD725,Tablet,Samsung Galaxy Tab,HP,4,1447.79,0.27,0.18,4988.51,Debit Card,In-Store,EMP852,2,0,Same Day,3,USD
ORD118349,28-01-2024,BR55,UK,Birmingham,CUST7926,PROD560,Laptop,HP Spectre x360,HP,1,1521.49,0.02,0.18,1759.45,UPI,In-Store,EMP379,0,1,Same Day,3,AED
ORD118350,18-01-2023,BR81,USA,Chicago,CUST5947,PROD142,Accessories,Bluetooth Headphones,Apple,5,395.84,0.12,0.18,2055.2,UPI,Online,EMP712,2,0,Same Day,5,USD
ORD118351,28-08-2023,BR21,Germany,Munich,CUST5343,PROD358,TV,Sony Bravia 55,Dell,1,1708.46,0.11,0.18,1794.22,Net Banking,Online,EMP795,3,0,Express,3,INR
ORD118352,21-01-2023,BR72,UAE,Abu Dhabi,CUST7823,PROD551,TV,LG OLED 48,HP,5,655.28,0.04,0.18,3711.51,Credit Card,In-Store,EMP807,1,0,Standard,9,INR
ORD118353,25-10-2024,BR50,USA,Los Angeles,CUST8543,PROD968,Mobile,OnePlus 11,LG,4,121.29,0.25,0.18,429.37,Cash,Online,EMP715,0,0,Standard,2,USD
ORD118354,09-01-2023,BR14,UK,Manchester,CUST3227,PROD471,Laptop,HP Spectre x360,Samsung,2,1858.07,0.16,0.18,3683.44,Cash,Online,EMP250,3,0,Same Day,1,USD
ORD118355,27-06-2024,BR12,Germany,Berlin,CUST1417,PROD319,Tablet,iPad Air,Sony,2,1168.88,0.26,0.18,2041.33,Net Banking,In-Store,EMP630,0,0,Standard,6,GBP
ORD118356,19-05-2023,BR72,Germany,Hamburg,CUST4376,PROD167,Tablet,Lenovo Tab P11,Dell,1,1963.58,0.2,0.18,1853.62,UPI,In-Store,EMP278,1,0,Express,2,AED
ORD118357,28-10-2024,BR23,USA,Chicago,CUST6697,PROD719,Tablet,Samsung Galaxy Tab,Apple,3,349.46,0.24,0.18,940.19,Net Banking,In-Store,EMP395,3,0,Express,1,GBP
ORD118358,17-10-2024,BR102,UK,Birmingham,CUST8798,PROD835,Mobile,Samsung Galaxy S23,Dell,1,550.32,0.15,0.18,551.97,Credit Card,In-Store,EMP471,3,1,Express,5,AED
ORD118359,29-04-2023,BR48,USA,Dallas,CUST4911,PROD598,Laptop,MacBook Air M2,HP,1,1043.84,0.03,0.18,1194.78,Debit Card,In-Store,EMP203,2,0,Express,5,AED
ORD118360,20-10-2024,BR43,UK,Birmingham,CUST7089,PROD357,Accessories,Keyboard,Lenovo,5,619.08,0.25,0.18,2739.43,Cash,In-Store,EMP774,2,0,Same Day,9,USD
ORD118361,14-02-2023,BR102,India,Bangalore,CUST3513,PROD692,Mobile,OnePlus 11,Apple,5,1831.25,0.09,0.18,9831.98,Credit Card,In-Store,EMP860,2,1,Express,4,AED
ORD118362,18-09-2023,BR34,UK,Manchester,CUST1011,PROD661,Tablet,iPad Air,OnePlus,5,1852.34,0.22,0.18,8524.47,Cash,Online,EMP840,0,1,Standard,2,USD
ORD118363,03-04-2024,BR33,USA,Dallas,CUST6980,PROD278,Laptop,MacBook Air M2,HP,2,1295.98,0.06,0.18,2875,UPI,In-Store,EMP307,1,0,Express,2,GBP
ORD118364,13-04-2024,BR102,Germany,Berlin,CUST1017,PROD719,Tablet,Lenovo Tab P11,LG,2,953.86,0.22,0.18,1755.87,Cash,In-Store,EMP244,3,1,Standard,3,EUR
ORD118365,04-02-2023,BR45,UK,Birmingham,CUST9247,PROD468,Mobile,iPhone 14,Samsung,1,1690.42,0.11,0.18,1775.28,Debit Card,In-Store,EMP926,2,0,Express,9,GBP
ORD118366,28-06-2023,BR32,India,Pune,CUST8291,PROD404,TV,LG OLED 48,Samsung,4,1820.69,0.25,0.18,6445.24,Debit Card,In-Store,EMP704,3,1,Express,9,INR
ORD118367,18-01-2024,BR55,USA,Dallas,CUST7505,PROD996,Accessories,Bluetooth Headphones,Sony,5,1779.93,0.16,0.18,8821.33,Debit Card,In-Store,EMP579,3,1,Express,6,USD
ORD118368,06-10-2024,BR110,UK,Manchester,CUST9010,PROD117,TV,Samsung QLED 50,OnePlus,4,976.56,0.29,0.18,3272.65,Cash,In-Store,EMP424,2,1,Standard,8,EUR
ORD118369,05-07-2023,BR86,India,Mumbai,CUST5184,PROD151,Accessories,Wireless Mouse,Lenovo,1,1977.6,0.03,0.18,2263.56,UPI,Online,EMP261,3,0,Same Day,7,EUR
ORD118370,09-09-2023,BR35,UAE,Abu Dhabi,CUST7794,PROD130,Mobile,OnePlus 11,HP,4,922.11,0.24,0.18,3307.79,Debit Card,Online,EMP754,0,0,Same Day,9,GBP
ORD118371,13-07-2024,BR83,UK,London,CUST3059,PROD443,Tablet,iPad Air,OnePlus,4,125.78,0.16,0.18,498.69,Cash,In-Store,EMP246,2,1,Express,6,EUR
ORD118372,17-12-2024,BR9,USA,Dallas,CUST5086,PROD947,Accessories,Wireless Mouse,Dell,1,390.18,0.1,0.18,414.37,Cash,Online,EMP712,1,0,Express,8,INR
ORD118373,16-05-2023,BR1,India,Bangalore,CUST4692,PROD623,Tablet,Samsung Galaxy Tab,Apple,4,548.36,0.23,0.18,1992.96,Net Banking,In-Store,EMP901,1,1,Same Day,3,EUR
ORD118374,18-07-2023,BR39,India,Bangalore,CUST8368,PROD830,TV,LG OLED 48,Apple,4,1663.35,0.25,0.18,5888.26,Credit Card,Online,EMP319,3,0,Express,1,GBP
ORD118375,11-03-2024,BR19,Germany,Berlin,CUST6404,PROD887,TV,Sony Bravia 55,Lenovo,3,1455.75,0.01,0.18,5101.82,Net Banking,In-Store,EMP366,3,0,Standard,5,INR
ORD118376,26-05-2024,BR39,UAE,Dubai,CUST2221,PROD454,TV,LG OLED 48,LG,4,69.21,0.03,0.18,316.87,Net Banking,In-Store,EMP661,0,1,Express,3,USD
ORD118377,28-11-2023,BR14,USA,New York,CUST9556,PROD631,TV,Sony Bravia 55,Lenovo,2,272.78,0.26,0.18,476.38,Debit Card,In-Store,EMP500,1,0,Express,1,INR
ORD118378,16-05-2024,BR4,USA,New York,CUST9319,PROD431,Laptop,Dell XPS 13,Dell,1,1574.6,0.01,0.18,1839.45,Debit Card,In-Store,EMP685,0,1,Express,6,INR
ORD118379,24-11-2024,BR85,Germany,Munich,CUST2095,PROD894,Laptop,HP Spectre x360,Samsung,3,415.66,0.01,0.18,1456.72,Debit Card,Online,EMP585,1,0,Same Day,1,EUR
ORD118380,27-02-2023,BR49,USA,Los Angeles,CUST2639,PROD495,Tablet,Samsung Galaxy Tab,Lenovo,4,595.14,0.11,0.18,2500.06,Credit Card,In-Store,EMP237,1,0,Standard,2,INR
ORD118381,15-11-2023,BR38,UAE,Abu Dhabi,CUST6314,PROD837,Tablet,iPad Air,Apple,5,478.78,0.25,0.18,2118.6,Net Banking,Online,EMP956,2,0,Express,6,INR
ORD118382,06-04-2024,BR52,India,Delhi,CUST2369,PROD266,Mobile,Samsung Galaxy S23,HP,4,1030.31,0.17,0.18,4036.34,Credit Card,In-Store,EMP460,3,0,Same Day,9,GBP
ORD118383,10-04-2023,BR49,UAE,Abu Dhabi,CUST8395,PROD844,TV,Sony Bravia 55,Dell,5,646.06,0.26,0.18,2820.7,Credit Card,Online,EMP262,2,0,Standard,10,GBP
ORD118384,28-05-2023,BR47,UK,Manchester,CUST5493,PROD418,TV,Samsung QLED 50,Sony,5,1511.92,0.2,0.18,7136.26,Debit Card,Online,EMP972,2,1,Same Day,9,AED
ORD118385,05-05-2023,BR47,India,Mumbai,CUST3006,PROD405,TV,Sony Bravia 55,HP,4,1083.13,0.01,0.18,5061.25,Credit Card,In-Store,EMP673,0,0,Standard,3,USD
ORD118386,18-05-2024,BR23,UAE,Abu Dhabi,CUST8135,PROD197,Tablet,iPad Air,HP,5,532.46,0.26,0.18,2324.72,Debit Card,Online,EMP951,2,0,Standard,1,USD
ORD118387,09-06-2024,BR98,UAE,Dubai,CUST9350,PROD521,Tablet,iPad Air,Apple,4,1198.79,0.25,0.18,4243.72,Debit Card,Online,EMP798,0,0,Standard,9,EUR
ORD118388,16-05-2024,BR90,UK,Birmingham,CUST4718,PROD835,Accessories,Bluetooth Headphones,Apple,1,1584.64,0.22,0.18,1458.5,UPI,Online,EMP968,1,0,Same Day,7,INR
ORD118389,29-03-2023,BR27,USA,Los Angeles,CUST4885,PROD377,Tablet,Samsung Galaxy Tab,HP,3,1420.74,0.19,0.18,4073.83,Cash,In-Store,EMP832,1,0,Standard,10,GBP
ORD118390,28-10-2024,BR119,India,Delhi,CUST9434,PROD183,Mobile,iPhone 14,OnePlus,4,496.07,0.22,0.18,1826.33,Net Banking,Online,EMP788,0,0,Standard,9,GBP
ORD118391,13-02-2024,BR4,Germany,Munich,CUST8856,PROD948,Laptop,HP Spectre x360,Apple,1,637.83,0.13,0.18,654.8,Debit Card,Online,EMP478,0,0,Same Day,10,GBP
ORD118392,10-03-2024,BR104,UAE,Abu Dhabi,CUST1342,PROD572,TV,Samsung QLED 50,Sony,4,1408.9,0.17,0.18,5519.51,Net Banking,In-Store,EMP980,2,0,Express,2,AED
ORD118393,23-09-2023,BR51,UK,Birmingham,CUST6763,PROD254,Laptop,HP Spectre x360,Dell,1,868.49,0.15,0.18,871.1,UPI,Online,EMP907,2,0,Same Day,3,INR
ORD118394,14-08-2023,BR21,Germany,Berlin,CUST5392,PROD412,Laptop,Dell XPS 13,Samsung,3,939.36,0.04,0.18,3192.32,Credit Card,Online,EMP940,1,0,Standard,7,AED
ORD118395,22-05-2023,BR40,USA,Los Angeles,CUST5854,PROD533,Mobile,Samsung Galaxy S23,Samsung,5,1828.37,0.27,0.18,7874.79,Debit Card,Online,EMP948,3,1,Standard,1,AED
ORD118396,22-01-2023,BR69,India,Mumbai,CUST9886,PROD458,Laptop,Dell XPS 13,HP,4,108.96,0.02,0.18,504.01,Credit Card,In-Store,EMP480,1,0,Express,3,USD
ORD118397,25-04-2024,BR112,Germany,Munich,CUST9491,PROD531,Accessories,Bluetooth Headphones,HP,5,470.94,0.11,0.18,2472.91,Net Banking,In-Store,EMP480,3,0,Same Day,2,USD
ORD118398,25-11-2024,BR94,USA,New York,CUST5156,PROD768,Accessories,Bluetooth Headphones,Apple,1,404.87,0.11,0.18,425.19,Cash,In-Store,EMP486,0,0,Standard,6,EUR
ORD118399,16-11-2024,BR16,Germany,Munich,CUST6211,PROD483,Mobile,OnePlus 11,HP,5,984.52,0.14,0.18,4995.45,Debit Card,Online,EMP995,0,1,Standard,7,EUR
ORD118400,17-08-2024,BR87,UK,London,CUST1981,PROD167,Tablet,Samsung Galaxy Tab,Sony,1,350.03,0.03,0.18,400.64,Credit Card,In-Store,EMP861,3,0,Same Day,1,GBP
ORD118401,01-04-2023,BR115,India,Mumbai,CUST6849,PROD383,Tablet,iPad Air,Dell,2,1626.14,0.13,0.18,3338.79,Debit Card,Online,EMP760,0,0,Standard,1,INR
ORD118402,24-12-2024,BR18,UAE,Abu Dhabi,CUST8314,PROD449,Tablet,Samsung Galaxy Tab,Samsung,4,1244.81,0.29,0.18,4171.61,UPI,In-Store,EMP733,3,0,Standard,6,USD
ORD118403,09-01-2024,BR65,USA,Los Angeles,CUST6440,PROD534,Mobile,Samsung Galaxy S23,LG,2,1621.93,0.18,0.18,3138.76,Credit Card,In-Store,EMP691,0,0,Express,9,EUR
ORD118404,24-10-2023,BR84,Germany,Hamburg,CUST1029,PROD776,TV,LG OLED 48,OnePlus,4,379.32,0.18,0.18,1468.12,Cash,In-Store,EMP576,2,1,Express,2,AED
ORD118405,04-03-2023,BR102,UAE,Dubai,CUST3755,PROD970,Accessories,Keyboard,Apple,3,1641.2,0.04,0.18,5577.45,Credit Card,Online,EMP423,1,1,Express,5,USD
ORD118406,28-07-2023,BR47,USA,New York,CUST6568,PROD811,TV,LG OLED 48,Lenovo,1,1389.25,0.05,0.18,1557.35,Credit Card,Online,EMP747,2,1,Express,2,EUR
ORD118407,06-01-2023,BR9,UAE,Abu Dhabi,CUST5802,PROD855,Accessories,Bluetooth Headphones,Apple,5,1253.92,0.05,0.18,7028.22,Cash,In-Store,EMP339,3,1,Same Day,10,USD
ORD118408,21-08-2024,BR44,UK,Birmingham,CUST6205,PROD294,Accessories,Bluetooth Headphones,Dell,5,1344.82,0.19,0.18,6426.89,Credit Card,Online,EMP281,1,0,Same Day,5,GBP
ORD118409,25-11-2023,BR119,India,Delhi,CUST2503,PROD477,Laptop,Dell XPS 13,Sony,3,166.06,0.14,0.18,505.55,Credit Card,In-Store,EMP660,2,0,Standard,1,INR
ORD118410,15-02-2023,BR29,UAE,Dubai,CUST1149,PROD598,TV,Samsung QLED 50,HP,1,1810.05,0.15,0.18,1815.48,UPI,In-Store,EMP647,0,0,Standard,7,GBP
ORD118411,30-08-2024,BR76,Germany,Hamburg,CUST9157,PROD591,Mobile,Samsung Galaxy S23,Dell,2,1516.4,0.29,0.18,2540.88,Debit Card,Online,EMP238,1,1,Same Day,7,INR
ORD118412,17-04-2024,BR8,Germany,Berlin,CUST5628,PROD189,Accessories,Bluetooth Headphones,Dell,3,1942.47,0.13,0.18,5982.42,Debit Card,Online,EMP201,2,1,Standard,3,AED
ORD118413,07-12-2024,BR68,UAE,Dubai,CUST3152,PROD133,TV,Sony Bravia 55,Dell,3,78.46,0.06,0.18,261.08,UPI,Online,EMP296,2,0,Standard,5,EUR
ORD118414,27-10-2023,BR25,UK,London,CUST5802,PROD942,Mobile,OnePlus 11,Samsung,5,361.05,0.25,0.18,1597.65,Net Banking,In-Store,EMP965,3,1,Same Day,5,GBP
ORD118415,10-11-2024,BR61,USA,Los Angeles,CUST3001,PROD234,Laptop,HP Spectre x360,Lenovo,3,1463.91,0.14,0.18,4456.73,UPI,Online,EMP934,1,1,Standard,2,EUR
ORD118416,14-06-2024,BR93,UAE,Dubai,CUST8722,PROD754,TV,Sony Bravia 55,Sony,5,782.56,0.19,0.18,3739.85,Credit Card,Online,EMP620,2,1,Standard,3,AED
ORD118417,27-12-2023,BR71,India,Mumbai,CUST9024,PROD185,Laptop,HP Spectre x360,Sony,3,1016.78,0.18,0.18,2951.51,Cash,Online,EMP769,0,0,Express,4,GBP
ORD118418,13-06-2023,BR15,UAE,Abu Dhabi,CUST8818,PROD758,Tablet,Lenovo Tab P11,Dell,4,112.72,0.11,0.18,473.51,UPI,Online,EMP404,3,0,Express,10,AED
ORD118419,06-03-2023,BR34,USA,Los Angeles,CUST2446,PROD662,Mobile,iPhone 14,Lenovo,5,1752.17,0.12,0.18,9097.27,Debit Card,In-Store,EMP701,2,1,Express,8,GBP
ORD118420,18-11-2024,BR79,Germany,Munich,CUST2612,PROD362,TV,Samsung QLED 50,HP,1,1244.9,0.07,0.18,1366.15,Net Banking,Online,EMP599,1,0,Same Day,5,USD
ORD118421,26-09-2023,BR111,USA,New York,CUST8307,PROD347,Mobile,iPhone 14,Sony,1,412.32,0,0.18,486.54,UPI,Online,EMP320,2,0,Express,2,EUR
ORD118422,29-04-2023,BR73,USA,Los Angeles,CUST8579,PROD738,Tablet,Lenovo Tab P11,Apple,2,77.61,0.25,0.18,137.37,Credit Card,In-Store,EMP909,0,0,Express,9,AED
ORD118423,03-11-2024,BR75,India,Delhi,CUST2714,PROD697,Laptop,MacBook Air M2,Apple,3,1659.82,0.15,0.18,4994.4,Credit Card,In-Store,EMP884,3,0,Standard,9,EUR
ORD118424,17-12-2024,BR107,Germany,Munich,CUST9305,PROD894,TV,LG OLED 48,OnePlus,3,523.82,0.19,0.18,1502,UPI,In-Store,EMP380,0,0,Express,1,EUR
ORD118425,03-11-2023,BR119,USA,Chicago,CUST8700,PROD756,Tablet,Samsung Galaxy Tab,OnePlus,5,523,0.05,0.18,2931.41,Net Banking,In-Store,EMP495,3,1,Standard,1,USD
ORD118426,08-02-2023,BR63,UK,Manchester,CUST6576,PROD427,Accessories,Wireless Mouse,LG,3,686.12,0.19,0.18,1967.38,Cash,Online,EMP470,1,0,Same Day,5,USD
ORD118427,19-08-2023,BR41,Germany,Berlin,CUST1085,PROD869,Tablet,Samsung Galaxy Tab,Apple,3,507.82,0.17,0.18,1492.08,Net Banking,In-Store,EMP261,1,0,Standard,7,AED
ORD118428,19-02-2024,BR4,Germany,Berlin,CUST1695,PROD183,Mobile,OnePlus 11,HP,4,1045.7,0.11,0.18,4392.78,Credit Card,Online,EMP661,2,0,Express,6,GBP
ORD118429,28-07-2024,BR26,UAE,Abu Dhabi,CUST6790,PROD625,Mobile,iPhone 14,HP,5,1656.06,0.06,0.18,9184.51,Cash,Online,EMP925,2,0,Standard,9,GBP
ORD118430,16-11-2023,BR21,USA,Los Angeles,CUST9653,PROD925,TV,Sony Bravia 55,Lenovo,2,940.66,0.14,0.18,1909.16,UPI,In-Store,EMP366,2,0,Express,4,GBP
ORD118431,10-04-2023,BR63,UK,London,CUST9151,PROD557,Laptop,Dell XPS 13,OnePlus,2,1868.38,0.22,0.18,3439.31,UPI,In-Store,EMP880,1,1,Express,10,USD
ORD118432,04-12-2024,BR52,Germany,Hamburg,CUST4597,PROD956,Tablet,iPad Air,Samsung,1,1338.34,0.03,0.18,1531.86,Cash,In-Store,EMP732,3,0,Express,2,EUR
ORD118433,16-03-2024,BR50,UK,Birmingham,CUST5121,PROD604,Laptop,Dell XPS 13,Apple,5,601.85,0.12,0.18,3124.81,Credit Card,Online,EMP468,3,1,Express,6,USD
ORD118434,05-07-2023,BR91,USA,Los Angeles,CUST1607,PROD177,Tablet,iPad Air,HP,3,209.15,0.08,0.18,681.16,UPI,In-Store,EMP223,1,1,Same Day,6,INR
ORD118435,01-06-2024,BR34,India,Bangalore,CUST5920,PROD962,Laptop,HP Spectre x360,Lenovo,1,1793.82,0.29,0.18,1502.86,Cash,In-Store,EMP382,0,0,Standard,7,INR
ORD118436,11-03-2023,BR35,UAE,Abu Dhabi,CUST8785,PROD802,Mobile,Samsung Galaxy S23,HP,2,163.22,0.05,0.18,365.94,Net Banking,In-Store,EMP776,0,1,Standard,2,GBP
ORD118437,09-09-2024,BR119,USA,Dallas,CUST2619,PROD658,Tablet,iPad Air,Lenovo,1,1755.1,0.08,0.18,1905.34,Debit Card,In-Store,EMP382,1,0,Standard,7,AED
ORD118438,09-08-2023,BR31,Germany,Munich,CUST8189,PROD317,Laptop,HP Spectre x360,Samsung,3,312.59,0.1,0.18,995.91,UPI,In-Store,EMP583,0,1,Express,2,EUR
ORD118439,16-03-2024,BR67,UK,London,CUST6303,PROD560,TV,LG OLED 48,Sony,3,1203.46,0.08,0.18,3919.43,Net Banking,In-Store,EMP358,3,1,Same Day,3,EUR
ORD118440,13-11-2023,BR98,UK,Birmingham,CUST9122,PROD570,Accessories,Keyboard,Apple,3,1466.55,0.26,0.18,3841.77,Cash,Online,EMP314,1,0,Express,6,USD
ORD118441,20-12-2024,BR112,UAE,Dubai,CUST6270,PROD908,TV,Samsung QLED 50,Sony,1,1932.48,0.05,0.18,2166.31,UPI,Online,EMP510,2,0,Same Day,6,INR
ORD118442,23-05-2023,BR110,UK,Manchester,CUST4111,PROD828,Laptop,Dell XPS 13,Samsung,4,544.91,0.27,0.18,1877.54,Net Banking,Online,EMP384,1,1,Same Day,9,AED
ORD118443,22-12-2024,BR34,India,Bangalore,CUST1307,PROD182,TV,LG OLED 48,HP,5,172.06,0.23,0.18,781.67,Credit Card,In-Store,EMP264,3,1,Same Day,2,EUR
ORD118444,12-04-2023,BR48,Germany,Munich,CUST6000,PROD476,TV,Sony Bravia 55,OnePlus,4,935.79,0.01,0.18,4372.76,Credit Card,Online,EMP721,3,0,Standard,4,GBP
ORD118445,02-07-2023,BR2,UAE,Abu Dhabi,CUST9246,PROD376,Tablet,Samsung Galaxy Tab,Lenovo,1,814.18,0.21,0.18,758.98,UPI,Online,EMP615,2,1,Standard,3,USD
ORD118446,28-05-2024,BR55,India,Mumbai,CUST2454,PROD933,Tablet,Samsung Galaxy Tab,OnePlus,4,811.82,0.24,0.18,2912.16,Cash,In-Store,EMP297,0,1,Same Day,10,EUR
ORD118447,30-12-2023,BR98,USA,Chicago,CUST1814,PROD708,Mobile,iPhone 14,Dell,5,1577.43,0,0.18,9306.84,Cash,Online,EMP694,2,0,Same Day,7,AED
ORD118448,24-03-2024,BR55,India,Pune,CUST2448,PROD165,Laptop,MacBook Air M2,Apple,4,1652.66,0.18,0.18,6396.46,Debit Card,Online,EMP412,2,0,Same Day,3,GBP
ORD118449,17-01-2024,BR34,Germany,Hamburg,CUST2835,PROD135,Accessories,Wireless Mouse,OnePlus,2,474.91,0.28,0.18,806.97,UPI,Online,EMP762,3,1,Same Day,5,INR
ORD118450,19-08-2024,BR46,UK,Birmingham,CUST2178,PROD246,TV,LG OLED 48,Apple,2,234.33,0.22,0.18,431.35,Net Banking,Online,EMP311,2,0,Same Day,6,INR
ORD118451,26-01-2024,BR5,UK,Birmingham,CUST6848,PROD626,Mobile,OnePlus 11,HP,1,1451.22,0.24,0.18,1301.45,Credit Card,Online,EMP818,1,1,Standard,5,USD
ORD118452,14-10-2023,BR63,UAE,Abu Dhabi,CUST8161,PROD409,Mobile,OnePlus 11,OnePlus,2,1707.74,0.24,0.18,3063,Debit Card,In-Store,EMP423,2,0,Same Day,7,INR
ORD118453,25-07-2024,BR51,UAE,Dubai,CUST3081,PROD377,Tablet,Lenovo Tab P11,Sony,4,644.01,0.04,0.18,2918.14,Cash,In-Store,EMP629,1,0,Standard,9,GBP
ORD118454,11-09-2023,BR23,UK,Birmingham,CUST7109,PROD699,Tablet,Samsung Galaxy Tab,Lenovo,4,1152.77,0.06,0.18,5114.61,Credit Card,In-Store,EMP755,1,0,Express,8,USD
ORD118455,30-03-2024,BR111,Germany,Munich,CUST9854,PROD644,Tablet,Lenovo Tab P11,LG,4,1990.63,0.21,0.18,7422.66,UPI,Online,EMP853,2,1,Standard,7,USD
ORD118456,26-11-2024,BR100,USA,Dallas,CUST2051,PROD460,Mobile,Samsung Galaxy S23,HP,4,1732.68,0.17,0.18,6787.95,Credit Card,Online,EMP349,2,1,Express,1,INR
ORD118457,21-04-2024,BR89,India,Bangalore,CUST9784,PROD528,Accessories,Keyboard,Lenovo,5,1869.62,0.19,0.18,8934.91,Cash,Online,EMP482,1,0,Same Day,6,USD
ORD118458,30-12-2024,BR2,Germany,Hamburg,CUST3643,PROD275,Accessories,Keyboard,Sony,1,264.16,0.1,0.18,280.54,Credit Card,In-Store,EMP985,1,1,Express,8,AED
ORD118459,22-05-2023,BR75,India,Bangalore,CUST6566,PROD740,Mobile,iPhone 14,Samsung,2,1999.08,0.18,0.18,3868.62,UPI,Online,EMP276,0,0,Express,4,EUR
ORD118460,01-11-2024,BR82,UAE,Abu Dhabi,CUST7916,PROD378,Mobile,iPhone 14,HP,3,796.61,0.23,0.18,2171.4,Cash,Online,EMP474,2,0,Express,1,USD
ORD118461,23-11-2023,BR101,UK,Birmingham,CUST4015,PROD894,Accessories,Keyboard,Lenovo,1,1507.38,0.21,0.18,1405.18,Debit Card,Online,EMP425,0,1,Same Day,5,USD
ORD118462,22-11-2023,BR21,UK,Manchester,CUST9715,PROD277,Laptop,Dell XPS 13,Lenovo,4,1236.22,0.16,0.18,4901.37,Credit Card,Online,EMP572,3,0,Same Day,2,GBP
ORD118463,11-09-2023,BR61,India,Pune,CUST3054,PROD438,TV,LG OLED 48,Dell,5,1886.26,0.17,0.18,9237.02,Credit Card,In-Store,EMP492,3,0,Standard,4,GBP
ORD118464,27-12-2024,BR17,USA,Dallas,CUST6695,PROD837,Laptop,Dell XPS 13,OnePlus,4,1117.19,0.23,0.18,4060.32,Credit Card,In-Store,EMP862,3,0,Express,10,AED
ORD118465,14-08-2024,BR94,UK,London,CUST9570,PROD475,TV,Samsung QLED 50,LG,5,1458.87,0.29,0.18,6111.21,Net Banking,In-Store,EMP442,2,1,Same Day,3,AED
ORD118466,07-01-2024,BR104,India,Mumbai,CUST9803,PROD617,Tablet,iPad Air,OnePlus,3,1969.74,0.12,0.18,6136.13,Credit Card,In-Store,EMP533,0,0,Standard,1,AED
ORD118467,12-03-2024,BR93,UK,London,CUST9097,PROD808,Laptop,MacBook Air M2,Lenovo,3,1363.73,0.11,0.18,4296.57,Credit Card,Online,EMP348,1,1,Standard,1,GBP
ORD118468,08-07-2023,BR25,UK,London,CUST7940,PROD594,TV,LG OLED 48,Samsung,4,1438.93,0.08,0.18,6248.41,Cash,Online,EMP412,0,1,Standard,4,USD
ORD118469,26-09-2023,BR82,India,Delhi,CUST6194,PROD621,Tablet,Samsung Galaxy Tab,OnePlus,5,1931.28,0.15,0.18,9685.37,Cash,In-Store,EMP634,1,1,Same Day,10,AED
ORD118470,15-11-2024,BR87,India,Bangalore,CUST4181,PROD579,Tablet,Samsung Galaxy Tab,OnePlus,4,1399.73,0.3,0.18,4624.71,Net Banking,Online,EMP780,3,1,Express,3,EUR
ORD118471,22-02-2024,BR35,Germany,Berlin,CUST6295,PROD537,Laptop,MacBook Air M2,Samsung,2,541.48,0.12,0.18,1124.55,Debit Card,Online,EMP337,0,1,Standard,10,EUR
ORD118472,20-06-2024,BR34,USA,Chicago,CUST7904,PROD900,Accessories,Wireless Mouse,Lenovo,3,1892.76,0.12,0.18,5896.33,Debit Card,Online,EMP408,3,0,Standard,10,AED
ORD118473,11-11-2023,BR48,UAE,Abu Dhabi,CUST5259,PROD685,Accessories,Keyboard,Apple,5,1934,0.18,0.18,9356.69,UPI,Online,EMP982,3,0,Express,5,USD
ORD118474,28-09-2024,BR114,UK,London,CUST2744,PROD395,Tablet,iPad Air,Samsung,3,149.22,0.27,0.18,385.61,UPI,Online,EMP565,2,0,Standard,5,GBP
ORD118475,03-09-2024,BR106,India,Delhi,CUST1978,PROD981,Tablet,Lenovo Tab P11,Sony,3,1655.01,0.05,0.18,5565.8,Credit Card,In-Store,EMP705,1,1,Express,5,USD
ORD118476,19-12-2023,BR76,USA,New York,CUST5261,PROD241,TV,Samsung QLED 50,Apple,5,579.52,0.14,0.18,2940.48,Debit Card,In-Store,EMP580,0,0,Same Day,1,INR
ORD118477,26-12-2023,BR111,India,Mumbai,CUST5229,PROD521,Accessories,Wireless Mouse,LG,5,533.14,0.08,0.18,2893.88,UPI,Online,EMP831,2,0,Standard,7,AED
ORD118478,22-11-2023,BR17,UAE,Abu Dhabi,CUST3363,PROD243,Tablet,Lenovo Tab P11,HP,2,757.37,0.02,0.18,1751.65,Net Banking,Online,EMP376,3,1,Express,5,EUR
ORD118479,11-11-2023,BR2,Germany,Hamburg,CUST8538,PROD416,Mobile,iPhone 14,Dell,2,1780.7,0.21,0.18,3319.94,Cash,In-Store,EMP272,2,1,Express,8,USD
ORD118480,07-02-2024,BR79,Germany,Munich,CUST3527,PROD999,TV,Sony Bravia 55,LG,1,1791.38,0.11,0.18,1881.31,Net Banking,In-Store,EMP501,2,0,Standard,6,USD
ORD118481,24-04-2023,BR103,India,Mumbai,CUST3363,PROD662,Mobile,iPhone 14,OnePlus,5,1754.17,0.13,0.18,9004.15,Credit Card,Online,EMP647,2,1,Express,8,AED
ORD118482,17-12-2023,BR108,India,Delhi,CUST1234,PROD506,Mobile,Samsung Galaxy S23,OnePlus,2,854.81,0.08,0.18,1855.96,Cash,Online,EMP834,3,0,Express,2,INR
ORD118483,17-03-2023,BR83,India,Pune,CUST9064,PROD354,Accessories,Bluetooth Headphones,LG,2,1718.07,0.05,0.18,3851.91,Debit Card,Online,EMP833,1,1,Same Day,3,INR
ORD118484,11-12-2023,BR46,USA,Dallas,CUST9308,PROD497,Tablet,Lenovo Tab P11,HP,4,1428.09,0.12,0.18,5931.71,Cash,In-Store,EMP476,1,1,Standard,4,AED
ORD118485,08-06-2024,BR93,India,Delhi,CUST5298,PROD599,Accessories,Keyboard,Samsung,3,914.36,0.04,0.18,3107.36,Net Banking,Online,EMP868,3,0,Standard,8,USD
ORD118486,03-01-2023,BR27,UAE,Abu Dhabi,CUST1573,PROD551,Tablet,Lenovo Tab P11,Sony,4,1298.71,0.1,0.18,5516.92,Cash,In-Store,EMP949,0,0,Same Day,7,AED
ORD118487,09-09-2023,BR70,Germany,Hamburg,CUST8235,PROD863,Laptop,Dell XPS 13,Apple,2,1215.22,0.15,0.18,2437.73,Debit Card,In-Store,EMP899,2,1,Express,9,INR
ORD118488,02-11-2024,BR46,UAE,Dubai,CUST3231,PROD569,Laptop,Dell XPS 13,Lenovo,5,393.17,0.17,0.18,1925.35,Credit Card,Online,EMP913,3,1,Standard,10,USD
ORD118489,21-03-2024,BR97,India,Pune,CUST5064,PROD435,Accessories,Keyboard,Apple,3,1241.58,0,0.18,4395.19,Debit Card,Online,EMP968,0,0,Standard,4,EUR
ORD118490,15-07-2024,BR11,Germany,Berlin,CUST5887,PROD367,Accessories,Wireless Mouse,Sony,3,1128.76,0.08,0.18,3676.15,Credit Card,In-Store,EMP421,0,0,Same Day,5,GBP
ORD118491,31-08-2024,BR43,UAE,Dubai,CUST6712,PROD984,Tablet,iPad Air,Dell,2,559.38,0.22,0.18,1029.71,UPI,Online,EMP417,3,0,Standard,10,USD
ORD118492,17-12-2024,BR2,Germany,Munich,CUST7930,PROD837,Mobile,iPhone 14,HP,4,1433,0.27,0.18,4937.54,UPI,In-Store,EMP514,0,1,Same Day,3,GBP
ORD118493,09-06-2024,BR25,Germany,Munich,CUST7176,PROD885,TV,Sony Bravia 55,Samsung,1,243.87,0.29,0.18,204.31,UPI,Online,EMP321,1,0,Express,1,USD
ORD118494,11-01-2024,BR65,Germany,Hamburg,CUST6467,PROD667,Tablet,Samsung Galaxy Tab,Apple,4,662.29,0.05,0.18,2969.71,UPI,Online,EMP883,0,0,Express,9,GBP
ORD118495,20-11-2023,BR64,USA,Chicago,CUST7481,PROD835,Accessories,Keyboard,Lenovo,3,696.48,0.18,0.18,2021.74,Cash,In-Store,EMP221,2,1,Same Day,2,AED
ORD118496,12-12-2024,BR117,Germany,Berlin,CUST4368,PROD153,TV,LG OLED 48,OnePlus,4,171.55,0.12,0.18,712.55,Debit Card,In-Store,EMP381,0,1,Standard,10,USD
ORD118497,04-09-2024,BR101,UK,Birmingham,CUST7753,PROD622,TV,Samsung QLED 50,Apple,4,1233.11,0.11,0.18,5180.05,UPI,Online,EMP239,2,0,Same Day,1,EUR
ORD118498,29-06-2023,BR44,UK,London,CUST8335,PROD287,Accessories,Keyboard,Sony,5,1488.89,0.15,0.18,7466.78,Cash,In-Store,EMP266,3,0,Standard,3,EUR
ORD118499,30-06-2024,BR56,UK,Manchester,CUST7912,PROD518,TV,Samsung QLED 50,Samsung,3,587.83,0.05,0.18,1976.87,UPI,In-Store,EMP961,0,1,Standard,2,USD
ORD118500,14-02-2024,BR79,UK,Manchester,CUST8586,PROD194,TV,Sony Bravia 55,HP,3,1061.92,0.25,0.18,2819.4,Debit Card,In-Store,EMP227,0,1,Standard,2,USD
ORD118501,26-07-2024,BR93,USA,Chicago,CUST1221,PROD818,Accessories,Keyboard,Dell,2,1653.47,0.05,0.18,3707.08,Credit Card,Online,EMP495,0,0,Standard,2,GBP
ORD118502,14-12-2024,BR87,Germany,Munich,CUST1177,PROD251,Accessories,Keyboard,Sony,5,1556.35,0.18,0.18,7529.62,Credit Card,In-Store,EMP854,0,0,Express,6,INR
ORD118503,24-02-2023,BR6,USA,Dallas,CUST8915,PROD338,Accessories,Wireless Mouse,LG,2,1645.59,0.12,0.18,3417.56,Debit Card,Online,EMP515,3,1,Express,4,INR
ORD118504,02-08-2023,BR45,UK,Birmingham,CUST2081,PROD100,Laptop,Dell XPS 13,Sony,3,955.18,0.04,0.18,3246.08,Cash,In-Store,EMP395,2,1,Same Day,7,INR
ORD118505,30-10-2023,BR36,Germany,Munich,CUST4090,PROD735,Accessories,Keyboard,Apple,3,727.51,0.15,0.18,2189.08,UPI,Online,EMP959,1,0,Same Day,3,USD
ORD118506,13-05-2024,BR77,Germany,Munich,CUST6065,PROD488,Tablet,iPad Air,Lenovo,3,1245.36,0.21,0.18,3482.77,UPI,In-Store,EMP291,0,0,Standard,8,AED
ORD118507,25-09-2024,BR12,UK,Birmingham,CUST8174,PROD530,Mobile,Samsung Galaxy S23,Lenovo,5,1104.88,0.03,0.18,6323.23,Cash,In-Store,EMP753,1,0,Standard,2,INR
ORD118508,13-03-2024,BR7,India,Delhi,CUST4268,PROD188,Tablet,Samsung Galaxy Tab,LG,4,294.98,0.18,0.18,1141.69,Credit Card,In-Store,EMP717,2,0,Standard,1,USD
ORD118509,27-03-2024,BR47,UAE,Dubai,CUST1280,PROD727,TV,Samsung QLED 50,OnePlus,2,1786.16,0.2,0.18,3372.27,Credit Card,Online,EMP236,3,1,Express,3,EUR
ORD118510,06-05-2023,BR72,Germany,Hamburg,CUST4808,PROD360,Accessories,Keyboard,HP,1,1024.72,0.01,0.18,1197.08,Debit Card,In-Store,EMP430,2,1,Standard,6,GBP
ORD118511,25-10-2023,BR39,UAE,Abu Dhabi,CUST2261,PROD170,TV,Samsung QLED 50,Apple,4,97.98,0.05,0.18,439.34,Net Banking,Online,EMP910,3,0,Same Day,5,INR
ORD118512,16-09-2023,BR66,USA,New York,CUST9849,PROD739,TV,Sony Bravia 55,Samsung,4,255.41,0.16,0.18,1012.65,Debit Card,Online,EMP376,1,1,Express,7,AED
ORD118513,01-07-2023,BR57,UK,Manchester,CUST7223,PROD579,Mobile,OnePlus 11,Samsung,5,397.45,0.03,0.18,2274.61,Credit Card,Online,EMP846,1,1,Same Day,10,AED
ORD118514,10-11-2024,BR107,UK,Birmingham,CUST7128,PROD657,Accessories,Keyboard,Samsung,2,589.13,0.06,0.18,1306.93,Cash,Online,EMP424,3,0,Same Day,4,USD
ORD118515,03-10-2024,BR41,UK,Manchester,CUST5396,PROD676,TV,Samsung QLED 50,HP,5,1725.22,0.19,0.18,8244.83,UPI,Online,EMP820,0,1,Same Day,8,INR
ORD118516,30-01-2023,BR49,USA,Chicago,CUST4153,PROD704,Accessories,Keyboard,Dell,1,1691.61,0.24,0.18,1517.04,Debit Card,Online,EMP879,2,1,Same Day,6,INR
ORD118517,03-12-2024,BR71,UAE,Abu Dhabi,CUST2602,PROD228,Tablet,Lenovo Tab P11,Samsung,4,1652.13,0.12,0.18,6862.29,Net Banking,Online,EMP688,3,1,Standard,4,AED
ORD118518,02-12-2023,BR66,Germany,Hamburg,CUST6078,PROD190,Laptop,HP Spectre x360,Dell,4,257.26,0.17,0.18,1007.84,Credit Card,In-Store,EMP577,2,0,Same Day,4,AED
ORD118519,31-10-2024,BR78,UAE,Abu Dhabi,CUST4180,PROD959,Laptop,HP Spectre x360,Apple,5,796.62,0.18,0.18,3854.05,Debit Card,Online,EMP679,2,0,Standard,9,EUR
ORD118520,05-12-2024,BR86,UAE,Abu Dhabi,CUST7810,PROD890,Tablet,Lenovo Tab P11,Apple,1,235.71,0.26,0.18,205.82,Net Banking,Online,EMP814,1,0,Same Day,2,GBP
ORD118521,07-07-2024,BR16,USA,Chicago,CUST9384,PROD968,TV,Sony Bravia 55,Dell,1,1410.47,0.22,0.18,1298.2,Net Banking,In-Store,EMP318,3,1,Express,2,AED
ORD118522,29-02-2024,BR110,UAE,Abu Dhabi,CUST6131,PROD601,Accessories,Bluetooth Headphones,Samsung,1,127.81,0.15,0.18,128.19,UPI,Online,EMP353,2,1,Standard,4,USD
ORD118523,01-02-2023,BR49,UAE,Abu Dhabi,CUST5094,PROD639,Tablet,Lenovo Tab P11,HP,5,109.73,0.21,0.18,511.45,Debit Card,In-Store,EMP566,0,0,Same Day,5,GBP
ORD118524,28-06-2024,BR68,UAE,Abu Dhabi,CUST4322,PROD465,Laptop,Dell XPS 13,LG,5,1834.87,0.12,0.18,9526.65,UPI,Online,EMP639,0,0,Same Day,9,EUR
ORD118525,22-09-2024,BR80,UK,Manchester,CUST6468,PROD863,Laptop,Dell XPS 13,Sony,5,1267.07,0.04,0.18,7176.68,Credit Card,Online,EMP963,3,0,Same Day,1,INR
ORD118526,18-06-2024,BR46,India,Pune,CUST7556,PROD727,Tablet,Lenovo Tab P11,Apple,4,1702.84,0.25,0.18,6028.05,UPI,In-Store,EMP396,1,0,Standard,4,EUR
ORD118527,25-09-2023,BR56,Germany,Berlin,CUST9357,PROD709,Mobile,iPhone 14,OnePlus,5,361.36,0.09,0.18,1940.14,UPI,In-Store,EMP959,1,0,Same Day,10,INR
ORD118528,24-11-2023,BR100,USA,Dallas,CUST9597,PROD123,Tablet,Samsung Galaxy Tab,Samsung,5,1507.9,0.06,0.18,8362.81,Debit Card,In-Store,EMP822,0,1,Same Day,4,INR
ORD118529,06-05-2023,BR32,India,Pune,CUST7960,PROD441,TV,LG OLED 48,HP,2,1681.2,0.23,0.18,3055.08,UPI,Online,EMP257,2,0,Standard,9,GBP
ORD118530,24-12-2024,BR40,UAE,Dubai,CUST6943,PROD757,TV,LG OLED 48,HP,5,346.97,0.1,0.18,1842.41,UPI,Online,EMP543,2,0,Express,4,INR
ORD118531,02-11-2023,BR33,UK,Birmingham,CUST1603,PROD469,Mobile,OnePlus 11,Sony,1,1355.6,0.19,0.18,1295.68,Credit Card,Online,EMP824,0,1,Same Day,4,USD
ORD118532,06-08-2024,BR111,UAE,Dubai,CUST7556,PROD783,TV,Samsung QLED 50,Apple,1,463.11,0.27,0.18,398.92,Debit Card,In-Store,EMP605,0,0,Same Day,5,INR
ORD118533,08-12-2023,BR49,UK,Birmingham,CUST7454,PROD586,Mobile,iPhone 14,Dell,3,1250.39,0.09,0.18,4028.01,Cash,Online,EMP313,0,0,Same Day,10,INR
ORD118534,06-09-2023,BR109,India,Delhi,CUST7197,PROD532,Mobile,OnePlus 11,Samsung,2,1145.52,0.07,0.18,2514.19,Cash,In-Store,EMP416,3,1,Express,5,AED
ORD118535,08-09-2024,BR113,UAE,Dubai,CUST6737,PROD464,Accessories,Wireless Mouse,Apple,3,313.07,0.17,0.18,919.86,Debit Card,Online,EMP687,1,1,Same Day,6,EUR
ORD118536,30-10-2024,BR77,UAE,Abu Dhabi,CUST3639,PROD433,Mobile,OnePlus 11,LG,5,439.25,0.06,0.18,2436.08,Credit Card,In-Store,EMP818,0,0,Standard,3,EUR
ORD118537,21-06-2024,BR34,UK,London,CUST6130,PROD804,TV,LG OLED 48,Sony,1,1789.74,0.18,0.18,1731.75,Debit Card,Online,EMP654,3,0,Same Day,9,USD
ORD118538,05-04-2024,BR50,UAE,Dubai,CUST5417,PROD695,Accessories,Wireless Mouse,Dell,4,280.5,0.25,0.18,992.97,Net Banking,Online,EMP205,1,1,Standard,6,INR
ORD118539,16-01-2024,BR68,Germany,Munich,CUST8909,PROD166,Mobile,Samsung Galaxy S23,Sony,2,1759.91,0.17,0.18,3447.31,Debit Card,Online,EMP572,0,1,Same Day,5,INR
ORD118540,09-08-2023,BR29,Germany,Berlin,CUST7951,PROD825,Accessories,Keyboard,Samsung,1,134.22,0.08,0.18,145.71,Credit Card,In-Store,EMP824,1,0,Express,4,AED
ORD118541,10-08-2023,BR84,UK,Birmingham,CUST2585,PROD343,Tablet,iPad Air,LG,1,654.8,0.16,0.18,649.04,Credit Card,In-Store,EMP881,1,0,Same Day,6,EUR
ORD118542,12-04-2023,BR77,UK,Manchester,CUST1517,PROD163,Accessories,Bluetooth Headphones,Samsung,2,1002.76,0.09,0.18,2153.53,Debit Card,In-Store,EMP466,3,1,Standard,1,GBP
ORD118543,13-06-2024,BR48,UK,Birmingham,CUST3221,PROD645,TV,Samsung QLED 50,OnePlus,2,379.5,0.09,0.18,815.01,Debit Card,In-Store,EMP399,3,1,Same Day,6,GBP
ORD118544,08-06-2023,BR52,UAE,Dubai,CUST8068,PROD547,Tablet,iPad Air,LG,3,1767,0.22,0.18,4879.04,Credit Card,Online,EMP664,3,1,Same Day,7,USD
ORD118545,14-01-2024,BR10,India,Mumbai,CUST9923,PROD103,Accessories,Keyboard,Sony,1,1243.61,0.17,0.18,1217.99,UPI,In-Store,EMP304,1,0,Same Day,3,USD
ORD118546,03-02-2024,BR15,UK,Manchester,CUST5632,PROD536,TV,Samsung QLED 50,Apple,1,1186.78,0.23,0.18,1078.31,Net Banking,In-Store,EMP337,3,1,Same Day,8,AED
ORD118547,30-05-2023,BR8,UK,Birmingham,CUST4777,PROD436,Accessories,Bluetooth Headphones,HP,1,313.44,0.14,0.18,318.08,Cash,Online,EMP569,2,0,Express,2,EUR
ORD118548,28-10-2024,BR40,UK,London,CUST6256,PROD266,Accessories,Bluetooth Headphones,Sony,3,184.79,0.23,0.18,503.7,UPI,In-Store,EMP482,1,1,Express,5,INR
ORD118549,18-06-2023,BR108,India,Bangalore,CUST1337,PROD550,Tablet,Samsung Galaxy Tab,Sony,1,1467.25,0.18,0.18,1419.71,Net Banking,In-Store,EMP561,0,1,Standard,7,EUR
ORD118550,02-08-2024,BR66,UK,London,CUST8017,PROD776,Mobile,Samsung Galaxy S23,HP,2,1248.08,0.23,0.18,2268.01,Cash,Online,EMP804,1,1,Same Day,8,EUR
ORD118551,27-08-2024,BR117,USA,Chicago,CUST3430,PROD982,Laptop,Dell XPS 13,LG,1,1065.66,0.03,0.18,1219.75,Credit Card,In-Store,EMP903,3,1,Standard,6,USD
ORD118552,05-11-2024,BR88,USA,Los Angeles,CUST2280,PROD701,Laptop,Dell XPS 13,LG,1,1295.22,0.27,0.18,1115.7,Debit Card,Online,EMP932,1,0,Same Day,10,EUR
ORD118553,05-12-2023,BR24,UAE,Dubai,CUST7542,PROD820,Mobile,iPhone 14,LG,4,1827.95,0.23,0.18,6643.5,Credit Card,Online,EMP360,2,0,Standard,10,USD
ORD118554,20-07-2024,BR99,UAE,Abu Dhabi,CUST2430,PROD397,Laptop,HP Spectre x360,Dell,3,1602.74,0.08,0.18,5219.8,UPI,Online,EMP526,3,1,Same Day,5,USD
ORD118555,23-06-2024,BR10,UK,London,CUST6074,PROD598,Accessories,Bluetooth Headphones,Samsung,2,120.61,0.12,0.18,250.48,Credit Card,In-Store,EMP806,2,0,Same Day,9,USD
ORD118556,10-06-2023,BR102,USA,Los Angeles,CUST9181,PROD734,Laptop,HP Spectre x360,Dell,1,982.91,0.15,0.18,985.86,Credit Card,Online,EMP377,1,1,Express,6,INR
ORD118557,26-05-2024,BR61,UAE,Dubai,CUST6662,PROD624,Tablet,iPad Air,Lenovo,5,1904.02,0.06,0.18,10559.69,Debit Card,In-Store,EMP547,3,0,Same Day,5,USD
ORD118558,08-10-2023,BR80,UAE,Dubai,CUST7677,PROD210,Mobile,OnePlus 11,Sony,4,1636.25,0.29,0.18,5483.4,Debit Card,In-Store,EMP625,0,1,Standard,10,EUR
ORD118559,05-04-2023,BR98,India,Delhi,CUST5204,PROD664,Laptop,Dell XPS 13,Samsung,5,694.33,0.15,0.18,3482.06,Net Banking,In-Store,EMP322,2,0,Express,7,EUR
ORD118560,27-03-2023,BR48,USA,Los Angeles,CUST6551,PROD784,Accessories,Bluetooth Headphones,Samsung,3,460.75,0.1,0.18,1467.95,Cash,Online,EMP860,3,1,Standard,7,EUR
ORD118561,18-11-2023,BR25,India,Delhi,CUST7716,PROD485,Accessories,Keyboard,LG,5,1683.21,0.01,0.18,9831.63,Cash,In-Store,EMP575,2,1,Standard,2,INR
ORD118562,01-05-2024,BR110,UAE,Abu Dhabi,CUST1281,PROD734,Accessories,Keyboard,Apple,2,1032.32,0.1,0.18,2192.65,Debit Card,Online,EMP364,0,1,Same Day,2,USD
ORD118563,14-09-2023,BR81,USA,New York,CUST2105,PROD294,Tablet,Lenovo Tab P11,Apple,2,331.65,0.17,0.18,649.64,Debit Card,In-Store,EMP519,3,1,Express,7,GBP
ORD118564,01-08-2023,BR29,UAE,Dubai,CUST6825,PROD374,Mobile,OnePlus 11,Apple,3,546.55,0.03,0.18,1876.74,UPI,In-Store,EMP962,0,1,Express,10,INR
ORD118565,20-02-2023,BR26,India,Bangalore,CUST6556,PROD312,Tablet,Samsung Galaxy Tab,OnePlus,3,399.9,0.23,0.18,1090.05,Debit Card,Online,EMP704,2,1,Standard,9,AED
ORD118566,08-01-2024,BR118,USA,Dallas,CUST2400,PROD563,Laptop,HP Spectre x360,LG,2,1250.61,0.27,0.18,2154.55,UPI,In-Store,EMP779,3,0,Express,5,EUR
ORD118567,11-03-2024,BR19,India,Delhi,CUST3169,PROD971,Tablet,Samsung Galaxy Tab,OnePlus,5,911.16,0.18,0.18,4408.19,UPI,In-Store,EMP736,1,1,Standard,9,AED
ORD118568,22-06-2024,BR65,USA,Chicago,CUST9988,PROD976,Accessories,Keyboard,Sony,1,229.79,0.07,0.18,252.17,Cash,In-Store,EMP570,2,1,Standard,9,USD
ORD118569,26-01-2023,BR95,UK,London,CUST4472,PROD726,Mobile,OnePlus 11,OnePlus,3,966.97,0.08,0.18,3149.23,Net Banking,Online,EMP536,0,1,Express,7,INR
ORD118570,23-07-2023,BR78,USA,Dallas,CUST3362,PROD107,Tablet,Lenovo Tab P11,Samsung,4,392.2,0.05,0.18,1758.62,Net Banking,Online,EMP809,2,1,Standard,10,INR
ORD118571,24-04-2024,BR18,USA,Dallas,CUST2831,PROD147,Tablet,Samsung Galaxy Tab,OnePlus,2,1651.84,0.04,0.18,3742.41,Net Banking,In-Store,EMP529,3,1,Standard,9,AED
ORD118572,18-02-2023,BR30,Germany,Munich,CUST8319,PROD434,TV,LG OLED 48,Samsung,1,181.89,0.11,0.18,191.02,Cash,Online,EMP210,2,0,Standard,1,EUR
ORD118573,03-10-2024,BR21,India,Delhi,CUST3672,PROD260,Tablet,Lenovo Tab P11,Apple,4,867.34,0.07,0.18,3807.28,Credit Card,Online,EMP234,3,0,Same Day,1,EUR
ORD118574,05-05-2023,BR18,UAE,Dubai,CUST4589,PROD758,Tablet,iPad Air,Dell,4,1919.75,0.14,0.18,7792.65,Credit Card,In-Store,EMP723,0,0,Express,5,EUR
ORD118575,10-04-2024,BR21,India,Pune,CUST3693,PROD780,Laptop,MacBook Air M2,LG,5,1111.54,0.02,0.18,6426.92,Credit Card,In-Store,EMP350,2,0,Same Day,6,EUR
ORD118576,29-07-2024,BR17,USA,New York,CUST8895,PROD265,Mobile,OnePlus 11,Apple,5,655.26,0.28,0.18,2783.54,Debit Card,Online,EMP713,2,0,Standard,10,EUR
ORD118577,15-06-2024,BR47,Germany,Hamburg,CUST1473,PROD677,Mobile,OnePlus 11,HP,1,1262.68,0.07,0.18,1385.67,Net Banking,In-Store,EMP639,0,1,Same Day,1,EUR
ORD118578,03-12-2024,BR25,UAE,Abu Dhabi,CUST5270,PROD187,Mobile,OnePlus 11,HP,5,380.79,0.28,0.18,1617.6,Credit Card,In-Store,EMP851,0,0,Same Day,7,GBP
ORD118579,13-03-2024,BR12,UK,Manchester,CUST3321,PROD970,Mobile,Samsung Galaxy S23,Apple,5,1571.68,0.09,0.18,8438.35,Debit Card,In-Store,EMP768,1,0,Standard,5,INR
ORD118580,10-01-2024,BR85,UK,London,CUST5784,PROD215,Mobile,iPhone 14,Sony,2,707.52,0.17,0.18,1385.89,Debit Card,In-Store,EMP605,3,1,Standard,9,USD
ORD118581,13-09-2024,BR38,USA,Chicago,CUST7856,PROD207,Tablet,Samsung Galaxy Tab,OnePlus,4,111.77,0.23,0.18,406.22,UPI,In-Store,EMP796,1,0,Standard,6,AED
ORD118582,22-02-2023,BR111,Germany,Munich,CUST3258,PROD135,Tablet,Samsung Galaxy Tab,Sony,5,1461.37,0.16,0.18,7242.55,UPI,Online,EMP724,1,1,Standard,5,EUR
ORD118583,15-05-2023,BR16,USA,Los Angeles,CUST6676,PROD320,Laptop,Dell XPS 13,HP,4,1389.01,0.03,0.18,6359.44,Credit Card,Online,EMP482,3,0,Standard,4,INR
ORD118584,10-06-2023,BR37,Germany,Hamburg,CUST6326,PROD728,TV,Sony Bravia 55,HP,1,468.43,0.28,0.18,397.98,UPI,In-Store,EMP703,0,1,Same Day,1,AED
ORD118585,07-01-2024,BR43,UK,London,CUST1648,PROD969,TV,Samsung QLED 50,Dell,5,338.36,0.19,0.18,1617.02,Credit Card,Online,EMP709,1,1,Same Day,8,AED
ORD118586,07-12-2024,BR73,India,Pune,CUST6654,PROD743,Tablet,Samsung Galaxy Tab,Sony,5,929.49,0.19,0.18,4442.03,Cash,In-Store,EMP907,1,0,Same Day,7,AED
ORD118587,01-04-2023,BR30,USA,New York,CUST6973,PROD825,TV,LG OLED 48,Dell,2,1580.46,0.06,0.18,3506.09,Debit Card,Online,EMP717,2,1,Standard,3,USD
ORD118588,22-12-2024,BR1,UAE,Dubai,CUST9654,PROD893,Tablet,Lenovo Tab P11,Dell,2,627.68,0.04,0.18,1422.07,Debit Card,Online,EMP743,3,1,Same Day,4,GBP
ORD118589,04-11-2023,BR27,UAE,Abu Dhabi,CUST5466,PROD966,Accessories,Wireless Mouse,Samsung,1,1163.77,0.22,0.18,1071.13,Debit Card,In-Store,EMP833,1,1,Standard,6,USD
ORD118590,23-06-2023,BR17,Germany,Munich,CUST5062,PROD684,Tablet,Lenovo Tab P11,Sony,1,512.57,0.06,0.18,568.54,UPI,Online,EMP603,0,0,Express,4,USD
ORD118591,07-10-2024,BR83,USA,Dallas,CUST4961,PROD361,TV,LG OLED 48,Lenovo,5,742.97,0.1,0.18,3945.17,Net Banking,Online,EMP348,1,1,Standard,1,GBP
ORD118592,12-09-2024,BR105,India,Delhi,CUST6565,PROD772,Accessories,Bluetooth Headphones,Samsung,3,1097.06,0.15,0.18,3301.05,Debit Card,Online,EMP557,3,1,Standard,4,GBP
ORD118593,02-04-2023,BR2,USA,Dallas,CUST7297,PROD532,Mobile,iPhone 14,Sony,1,482.46,0.29,0.18,404.2,UPI,Online,EMP853,2,1,Same Day,8,INR
ORD118594,07-04-2023,BR73,UAE,Abu Dhabi,CUST2879,PROD851,Laptop,Dell XPS 13,HP,5,729.87,0.23,0.18,3315.8,Net Banking,Online,EMP215,3,1,Express,7,GBP
ORD118595,04-02-2024,BR96,UK,Birmingham,CUST8868,PROD685,TV,Sony Bravia 55,Apple,4,731.74,0.03,0.18,3350.2,Net Banking,Online,EMP438,3,0,Standard,1,INR
ORD118596,11-02-2023,BR53,UK,Birmingham,CUST6988,PROD422,Mobile,OnePlus 11,Sony,5,1655.65,0.16,0.18,8205.4,Credit Card,Online,EMP990,1,0,Standard,4,AED
ORD118597,05-01-2024,BR23,UK,Manchester,CUST7536,PROD955,Accessories,Keyboard,Apple,3,87.04,0.09,0.18,280.39,Net Banking,In-Store,EMP706,3,1,Same Day,6,INR
ORD118598,15-12-2023,BR71,UK,Birmingham,CUST8709,PROD844,TV,Sony Bravia 55,Lenovo,5,619.64,0.17,0.18,3034.38,Credit Card,In-Store,EMP980,3,1,Express,9,AED
ORD118599,19-03-2024,BR63,UK,Manchester,CUST9939,PROD865,Mobile,iPhone 14,Sony,4,279.28,0.21,0.18,1041.38,Cash,In-Store,EMP413,3,1,Standard,5,GBP
ORD118600,07-04-2023,BR89,India,Bangalore,CUST9811,PROD736,TV,Samsung QLED 50,Sony,5,1001.11,0.27,0.18,4311.78,Debit Card,Online,EMP887,2,1,Same Day,8,USD
ORD118601,19-02-2024,BR13,USA,Chicago,CUST7632,PROD456,Laptop,Dell XPS 13,Samsung,5,1138.55,0.12,0.18,5911.35,Debit Card,Online,EMP472,0,0,Standard,1,AED
ORD118602,10-12-2023,BR109,UK,Birmingham,CUST7365,PROD164,Accessories,Keyboard,LG,4,678.34,0.2,0.18,2561.41,Debit Card,In-Store,EMP566,2,0,Same Day,4,INR
ORD118603,23-04-2024,BR36,UK,Birmingham,CUST1583,PROD770,Laptop,Dell XPS 13,Lenovo,5,766.5,0.03,0.18,4386.68,UPI,Online,EMP305,0,1,Standard,5,USD
ORD118604,25-02-2023,BR62,India,Mumbai,CUST7250,PROD821,TV,Samsung QLED 50,Samsung,1,668.83,0.15,0.18,670.84,Cash,Online,EMP675,0,1,Express,6,AED
ORD118605,22-09-2023,BR19,UAE,Abu Dhabi,CUST7971,PROD296,Laptop,HP Spectre x360,Sony,4,1491.62,0.05,0.18,6688.42,Cash,In-Store,EMP926,3,1,Same Day,8,GBP
ORD118606,04-04-2023,BR111,USA,New York,CUST6330,PROD623,Mobile,iPhone 14,LG,4,1828.12,0.08,0.18,7938.43,Debit Card,In-Store,EMP361,3,1,Same Day,4,AED
ORD118607,18-12-2024,BR108,USA,Los Angeles,CUST5109,PROD923,Laptop,MacBook Air M2,HP,5,1153.95,0.16,0.18,5718.98,Credit Card,In-Store,EMP506,3,1,Standard,6,USD
ORD118608,18-07-2024,BR65,USA,Dallas,CUST3147,PROD683,Laptop,Dell XPS 13,Apple,1,886.2,0.22,0.18,815.66,Net Banking,In-Store,EMP532,2,1,Same Day,6,AED
ORD118609,20-01-2024,BR3,UAE,Dubai,CUST2650,PROD816,TV,LG OLED 48,Lenovo,5,560.57,0.16,0.18,2778.18,UPI,In-Store,EMP314,3,1,Same Day,5,INR
ORD118610,21-12-2024,BR8,USA,Dallas,CUST1940,PROD256,Laptop,MacBook Air M2,Sony,2,851.64,0.1,0.18,1808.88,Credit Card,Online,EMP598,0,0,Same Day,9,EUR
ORD118611,29-03-2023,BR120,USA,Chicago,CUST8089,PROD101,Tablet,Samsung Galaxy Tab,LG,3,296.77,0.25,0.18,787.92,UPI,In-Store,EMP567,3,1,Standard,2,USD
ORD118612,06-05-2023,BR111,UAE,Abu Dhabi,CUST6066,PROD436,Laptop,Dell XPS 13,Apple,5,906.77,0.13,0.18,4654.45,Cash,In-Store,EMP800,1,0,Same Day,4,GBP
ORD118613,26-05-2024,BR42,UK,Manchester,CUST3466,PROD758,Tablet,Samsung Galaxy Tab,Dell,4,84.04,0.08,0.18,364.94,Debit Card,Online,EMP448,2,1,Express,4,INR
ORD118614,04-10-2023,BR37,Germany,Munich,CUST4841,PROD215,Accessories,Wireless Mouse,Lenovo,3,570.29,0.19,0.18,1635.25,Cash,In-Store,EMP647,1,1,Express,4,USD
ORD118615,15-12-2024,BR41,UK,London,CUST6350,PROD692,Accessories,Bluetooth Headphones,Apple,5,921.14,0.29,0.18,3858.66,Debit Card,Online,EMP508,3,1,Standard,2,AED
ORD118616,13-10-2023,BR76,USA,Los Angeles,CUST2801,PROD646,Laptop,Dell XPS 13,Sony,5,666.07,0,0.18,3929.81,UPI,Online,EMP835,0,0,Standard,6,AED
ORD118617,19-03-2023,BR54,Germany,Hamburg,CUST2546,PROD497,Mobile,Samsung Galaxy S23,Lenovo,5,799.78,0.1,0.18,4246.83,Credit Card,In-Store,EMP836,2,0,Same Day,1,GBP
ORD118618,08-08-2024,BR22,UK,Manchester,CUST4057,PROD663,Mobile,Samsung Galaxy S23,Lenovo,3,1831.89,0.22,0.18,5058.21,UPI,Online,EMP224,3,1,Same Day,6,EUR
ORD118619,11-12-2024,BR99,Germany,Hamburg,CUST5222,PROD414,Accessories,Bluetooth Headphones,Apple,4,1555.47,0,0.18,7341.82,Credit Card,Online,EMP603,3,1,Standard,6,USD
ORD118620,23-05-2024,BR18,UK,Manchester,CUST2316,PROD220,Laptop,HP Spectre x360,LG,3,510.06,0.25,0.18,1354.21,Net Banking,Online,EMP219,0,0,Standard,6,AED
ORD118621,11-01-2024,BR66,UK,London,CUST7434,PROD904,TV,Samsung QLED 50,LG,3,61.54,0.2,0.18,174.28,Cash,Online,EMP815,1,0,Express,4,GBP
ORD118622,04-07-2023,BR96,UK,London,CUST9384,PROD802,Tablet,Samsung Galaxy Tab,Samsung,3,1655.53,0.12,0.18,5157.31,UPI,Online,EMP305,0,0,Standard,4,USD
ORD118623,10-02-2023,BR96,Germany,Berlin,CUST2609,PROD293,Mobile,OnePlus 11,Samsung,2,1796.81,0.24,0.18,3222.76,Cash,Online,EMP999,0,0,Express,7,AED
ORD118624,08-09-2024,BR94,UK,Manchester,CUST6269,PROD987,Accessories,Keyboard,HP,2,1610.01,0.12,0.18,3343.67,UPI,Online,EMP991,2,0,Same Day,7,EUR
ORD118625,29-01-2024,BR19,Germany,Hamburg,CUST4095,PROD215,Accessories,Wireless Mouse,OnePlus,4,589.45,0.26,0.18,2058.83,UPI,Online,EMP940,1,0,Same Day,5,AED
ORD118626,28-05-2024,BR16,India,Pune,CUST5556,PROD344,Tablet,Lenovo Tab P11,Dell,2,287.26,0.06,0.18,637.26,Net Banking,In-Store,EMP973,0,1,Same Day,9,GBP
ORD118627,21-08-2023,BR116,UK,Birmingham,CUST6218,PROD766,Tablet,iPad Air,HP,4,998.75,0.02,0.18,4619.82,Debit Card,In-Store,EMP332,2,0,Standard,9,INR
ORD118628,07-01-2023,BR81,India,Pune,CUST2060,PROD786,Tablet,Samsung Galaxy Tab,Dell,4,657.39,0.11,0.18,2761.56,Credit Card,Online,EMP619,0,0,Standard,4,AED
ORD118629,31-05-2024,BR43,UAE,Dubai,CUST5472,PROD148,Laptop,Dell XPS 13,Dell,1,1338.41,0.16,0.18,1326.63,Debit Card,Online,EMP369,1,1,Standard,4,USD
ORD118630,11-05-2023,BR10,India,Mumbai,CUST3045,PROD664,Mobile,OnePlus 11,LG,3,708.7,0.29,0.18,1781.25,UPI,In-Store,EMP589,0,1,Express,10,USD
ORD118631,22-12-2024,BR5,India,Bangalore,CUST4654,PROD582,TV,Samsung QLED 50,Sony,4,878.33,0.28,0.18,2984.92,Net Banking,Online,EMP617,1,1,Standard,5,EUR
ORD118632,19-05-2023,BR42,UK,London,CUST4955,PROD718,Mobile,OnePlus 11,Sony,5,722.81,0.13,0.18,3710.18,Cash,Online,EMP597,2,0,Standard,4,INR
ORD118633,31-01-2023,BR70,UAE,Abu Dhabi,CUST9009,PROD354,Mobile,iPhone 14,Dell,5,1417.12,0.13,0.18,7274.08,Debit Card,Online,EMP390,0,1,Standard,8,USD
ORD118634,28-11-2023,BR15,UAE,Abu Dhabi,CUST2008,PROD493,TV,Sony Bravia 55,Samsung,2,778.8,0.18,0.18,1507.13,Credit Card,In-Store,EMP965,0,0,Standard,2,INR
ORD118635,06-06-2024,BR25,Germany,Berlin,CUST6708,PROD325,Laptop,MacBook Air M2,Lenovo,1,1860.17,0.14,0.18,1887.7,Debit Card,In-Store,EMP733,1,0,Express,8,INR
ORD118636,01-05-2024,BR103,USA,Dallas,CUST7242,PROD503,Laptop,MacBook Air M2,Lenovo,1,1431.29,0.09,0.18,1536.92,Debit Card,Online,EMP572,2,0,Same Day,3,AED
ORD118637,11-06-2023,BR109,Germany,Hamburg,CUST2939,PROD485,Tablet,iPad Air,OnePlus,1,641.97,0.11,0.18,674.2,UPI,In-Store,EMP640,1,0,Same Day,7,EUR
ORD118638,15-07-2023,BR95,Germany,Berlin,CUST2213,PROD614,Tablet,Samsung Galaxy Tab,Samsung,3,1488.1,0.28,0.18,3792.87,Cash,Online,EMP450,0,1,Express,1,AED
ORD118639,15-03-2023,BR97,UAE,Dubai,CUST1474,PROD980,Accessories,Keyboard,Sony,2,1364.84,0.2,0.18,2576.82,Cash,Online,EMP477,1,1,Standard,4,EUR
ORD118640,13-09-2024,BR5,UAE,Abu Dhabi,CUST2158,PROD719,Accessories,Wireless Mouse,Lenovo,5,1043.82,0.24,0.18,4680.49,UPI,Online,EMP710,1,1,Express,2,EUR
ORD118641,11-09-2024,BR87,USA,Chicago,CUST3558,PROD572,Laptop,HP Spectre x360,Dell,2,429.45,0.04,0.18,972.96,Credit Card,Online,EMP447,1,1,Standard,6,USD
ORD118642,28-07-2023,BR48,India,Delhi,CUST6863,PROD662,TV,Samsung QLED 50,LG,5,419.87,0.27,0.18,1808.38,Debit Card,Online,EMP395,0,0,Standard,4,GBP
ORD118643,24-04-2024,BR114,Germany,Berlin,CUST2475,PROD670,TV,Samsung QLED 50,Samsung,1,860.95,0.28,0.18,731.46,UPI,In-Store,EMP523,3,1,Standard,4,INR
ORD118644,04-03-2023,BR18,UK,Birmingham,CUST7120,PROD728,Laptop,MacBook Air M2,LG,4,178.37,0.1,0.18,757.72,Debit Card,In-Store,EMP833,2,0,Express,7,GBP
ORD118645,21-02-2023,BR43,Germany,Berlin,CUST4311,PROD377,TV,Samsung QLED 50,OnePlus,5,1113.18,0.15,0.18,5582.6,UPI,Online,EMP979,2,0,Standard,3,AED
ORD118646,27-05-2023,BR19,UK,Manchester,CUST6430,PROD962,Laptop,MacBook Air M2,Sony,3,153.17,0.1,0.18,488,Credit Card,In-Store,EMP926,1,0,Express,7,INR
ORD118647,11-06-2024,BR109,USA,New York,CUST6880,PROD668,TV,Sony Bravia 55,Sony,4,700.52,0.01,0.18,3273.39,Net Banking,In-Store,EMP744,1,1,Express,10,GBP
ORD118648,01-08-2024,BR4,India,Delhi,CUST8584,PROD666,Mobile,iPhone 14,HP,1,1483.41,0.2,0.18,1400.34,Debit Card,In-Store,EMP706,2,1,Same Day,1,GBP
ORD118649,12-02-2024,BR6,India,Pune,CUST1514,PROD417,Accessories,Keyboard,Samsung,3,1472.52,0.17,0.18,4326.56,Net Banking,In-Store,EMP239,1,1,Standard,7,AED
ORD118650,15-08-2024,BR81,USA,Los Angeles,CUST9243,PROD784,Laptop,Dell XPS 13,Dell,5,1814.85,0.16,0.18,8994.4,Debit Card,Online,EMP569,0,1,Express,5,AED
ORD118651,06-02-2023,BR56,UAE,Dubai,CUST2874,PROD520,Tablet,iPad Air,LG,5,1698.75,0.05,0.18,9521.49,UPI,Online,EMP605,3,0,Same Day,6,USD
ORD118652,13-05-2024,BR39,UK,Birmingham,CUST4334,PROD578,Mobile,OnePlus 11,Dell,1,1493,0.14,0.18,1515.1,Cash,Online,EMP367,0,0,Standard,9,INR
ORD118653,15-03-2023,BR35,UK,Birmingham,CUST7826,PROD570,Accessories,Keyboard,Apple,3,1618.64,0.12,0.18,5042.39,Debit Card,In-Store,EMP506,1,0,Express,10,AED
ORD118654,16-09-2023,BR69,Germany,Hamburg,CUST1133,PROD703,TV,Samsung QLED 50,Dell,2,1987.14,0.28,0.18,3376.55,Cash,Online,EMP592,3,1,Express,1,EUR
ORD118655,21-12-2023,BR56,India,Bangalore,CUST1971,PROD309,TV,Sony Bravia 55,Dell,4,203.27,0.29,0.18,681.2,UPI,In-Store,EMP289,1,0,Standard,8,AED
ORD118656,16-10-2024,BR81,USA,Dallas,CUST4097,PROD487,Mobile,iPhone 14,LG,3,196.05,0.15,0.18,589.91,Cash,Online,EMP725,3,0,Same Day,7,AED
ORD118657,04-05-2023,BR105,UAE,Abu Dhabi,CUST3815,PROD751,TV,Samsung QLED 50,Lenovo,4,1238.11,0.23,0.18,4499.79,Credit Card,In-Store,EMP558,0,1,Same Day,8,USD
ORD118658,28-01-2023,BR103,UK,Manchester,CUST9862,PROD101,Laptop,HP Spectre x360,Lenovo,5,1125.62,0.27,0.18,4848.05,Cash,In-Store,EMP650,1,0,Same Day,8,USD
ORD118659,27-03-2024,BR40,UK,London,CUST7575,PROD435,TV,Sony Bravia 55,OnePlus,5,1872.99,0.08,0.18,10166.59,Credit Card,Online,EMP895,0,0,Standard,3,USD
ORD118660,06-07-2023,BR105,India,Mumbai,CUST2872,PROD313,Laptop,Dell XPS 13,Samsung,2,124.11,0.18,0.18,240.18,Credit Card,In-Store,EMP470,2,1,Standard,9,GBP
ORD118661,25-06-2024,BR74,USA,Los Angeles,CUST2639,PROD902,Accessories,Bluetooth Headphones,Apple,1,1119.42,0.09,0.18,1202.03,Cash,In-Store,EMP754,2,1,Express,6,GBP
ORD118662,14-04-2023,BR64,UAE,Dubai,CUST1951,PROD932,Accessories,Bluetooth Headphones,Apple,5,1011.6,0.06,0.18,5610.33,Credit Card,In-Store,EMP291,2,1,Same Day,6,EUR
ORD118663,09-04-2024,BR20,UAE,Abu Dhabi,CUST5970,PROD508,Mobile,iPhone 14,Sony,2,252.01,0.14,0.18,511.48,Debit Card,Online,EMP493,2,1,Express,8,USD
ORD118664,28-03-2023,BR110,USA,New York,CUST4413,PROD132,Accessories,Wireless Mouse,OnePlus,3,1294.01,0.27,0.18,3343.98,Debit Card,Online,EMP648,1,1,Same Day,5,EUR
ORD118665,15-03-2024,BR97,USA,New York,CUST4879,PROD453,Mobile,iPhone 14,OnePlus,1,1933.63,0.21,0.18,1802.53,Debit Card,In-Store,EMP599,0,1,Express,4,GBP
ORD118666,08-12-2023,BR70,USA,Los Angeles,CUST9552,PROD805,TV,LG OLED 48,Samsung,1,1978.5,0.08,0.18,2147.86,Cash,Online,EMP832,0,0,Express,4,AED
ORD118667,10-09-2023,BR101,Germany,Berlin,CUST8670,PROD978,Mobile,iPhone 14,Dell,1,729.52,0.1,0.18,774.75,Credit Card,Online,EMP722,1,0,Same Day,7,AED
ORD118668,09-02-2024,BR31,UK,Birmingham,CUST9329,PROD562,TV,Samsung QLED 50,Apple,4,1353.57,0.24,0.18,4855.53,Net Banking,In-Store,EMP384,2,0,Express,10,AED
ORD118669,09-01-2024,BR106,Germany,Berlin,CUST7969,PROD918,TV,LG OLED 48,OnePlus,4,120.62,0.09,0.18,518.09,Credit Card,Online,EMP789,3,1,Standard,2,INR
ORD118670,16-09-2023,BR107,UAE,Dubai,CUST1004,PROD850,Accessories,Wireless Mouse,OnePlus,4,869.34,0.2,0.18,3282.63,Net Banking,Online,EMP544,1,0,Express,1,INR
ORD118671,21-12-2023,BR65,UK,Manchester,CUST6150,PROD882,Accessories,Keyboard,HP,1,1867.96,0.18,0.18,1807.44,Debit Card,In-Store,EMP722,2,1,Standard,5,AED
ORD118672,02-02-2024,BR43,UK,London,CUST3142,PROD751,TV,Samsung QLED 50,LG,3,1890.97,0.08,0.18,6158.51,UPI,In-Store,EMP973,3,1,Express,7,USD
ORD118673,19-09-2023,BR3,India,Pune,CUST9753,PROD182,Laptop,MacBook Air M2,LG,2,752.81,0.15,0.18,1510.14,Net Banking,In-Store,EMP932,2,1,Standard,9,GBP
ORD118674,28-10-2024,BR1,UK,Manchester,CUST7544,PROD837,Laptop,MacBook Air M2,Sony,5,1144.79,0.21,0.18,5335.87,Net Banking,Online,EMP269,1,0,Standard,9,EUR
ORD118675,20-09-2024,BR92,USA,Dallas,CUST9912,PROD543,Laptop,Dell XPS 13,Dell,1,631.61,0.24,0.18,566.43,Cash,In-Store,EMP924,3,0,Same Day,7,EUR
ORD118676,12-09-2024,BR69,Germany,Hamburg,CUST8079,PROD822,TV,Sony Bravia 55,OnePlus,5,785.07,0.22,0.18,3612.89,Debit Card,In-Store,EMP423,0,0,Same Day,2,AED
ORD118677,14-01-2024,BR52,India,Bangalore,CUST2963,PROD583,TV,Samsung QLED 50,LG,5,283.75,0.07,0.18,1556.94,Net Banking,In-Store,EMP355,1,1,Same Day,10,USD
ORD118678,13-07-2023,BR73,USA,Los Angeles,CUST7016,PROD254,Accessories,Bluetooth Headphones,LG,4,677.03,0.09,0.18,2907.98,UPI,In-Store,EMP358,2,1,Standard,4,INR
ORD118679,21-09-2024,BR73,USA,Los Angeles,CUST4147,PROD402,TV,Samsung QLED 50,Apple,2,796.8,0.03,0.18,1824.03,Net Banking,In-Store,EMP815,2,1,Same Day,1,USD
ORD118680,05-10-2024,BR22,Germany,Munich,CUST5498,PROD315,Accessories,Keyboard,Lenovo,2,914.17,0.07,0.18,2006.42,Net Banking,In-Store,EMP835,2,1,Express,4,AED
ORD118681,21-08-2024,BR73,UK,Manchester,CUST6358,PROD781,TV,Samsung QLED 50,Dell,5,1202.4,0.11,0.18,6313.8,Debit Card,In-Store,EMP270,1,1,Express,2,USD
ORD118682,30-11-2024,BR87,Germany,Munich,CUST8723,PROD775,Tablet,Lenovo Tab P11,Samsung,2,1711.61,0.23,0.18,3110.34,Cash,In-Store,EMP369,2,1,Standard,6,GBP
ORD118683,03-06-2023,BR75,UAE,Dubai,CUST7275,PROD644,Mobile,Samsung Galaxy S23,Lenovo,1,871.56,0.16,0.18,863.89,Cash,In-Store,EMP973,3,1,Express,2,EUR
ORD118684,06-06-2024,BR91,Germany,Munich,CUST6831,PROD685,Tablet,iPad Air,Sony,4,801.2,0.14,0.18,3252.23,Net Banking,Online,EMP988,1,1,Same Day,4,USD
ORD118685,30-09-2023,BR10,India,Mumbai,CUST7626,PROD333,Laptop,MacBook Air M2,Lenovo,2,1348.89,0.19,0.18,2578.54,Cash,Online,EMP848,1,1,Express,2,USD
ORD118686,23-09-2023,BR6,UAE,Dubai,CUST8158,PROD147,Accessories,Bluetooth Headphones,OnePlus,3,1418.55,0.15,0.18,4268.42,Credit Card,In-Store,EMP517,1,0,Standard,9,INR
ORD118687,27-08-2024,BR81,India,Delhi,CUST3173,PROD107,Tablet,Lenovo Tab P11,LG,5,632.36,0.3,0.18,2611.65,UPI,In-Store,EMP583,0,1,Express,4,EUR
ORD118688,17-04-2024,BR107,Germany,Hamburg,CUST9924,PROD483,Accessories,Keyboard,HP,1,1692.93,0.05,0.18,1897.77,Debit Card,In-Store,EMP954,3,0,Standard,3,INR
ORD118689,07-08-2024,BR71,Germany,Berlin,CUST9891,PROD625,Tablet,iPad Air,LG,1,1094.09,0.14,0.18,1110.28,Credit Card,In-Store,EMP864,3,1,Express,1,INR
ORD118690,17-04-2023,BR118,India,Pune,CUST8651,PROD671,Laptop,Dell XPS 13,Dell,4,88.4,0.25,0.18,312.94,Credit Card,In-Store,EMP885,3,0,Express,2,USD
ORD118691,02-03-2024,BR119,Germany,Munich,CUST4352,PROD458,Tablet,Samsung Galaxy Tab,Dell,5,1448.34,0.06,0.18,8032.49,Credit Card,Online,EMP977,1,1,Standard,1,GBP
ORD118692,06-12-2023,BR73,UAE,Abu Dhabi,CUST8628,PROD729,Accessories,Keyboard,Apple,2,1033.43,0.21,0.18,1926.73,UPI,In-Store,EMP634,3,1,Standard,3,AED
ORD118693,06-12-2024,BR91,UK,Manchester,CUST1922,PROD138,TV,Sony Bravia 55,LG,1,1885.9,0.2,0.18,1780.29,Cash,Online,EMP402,2,0,Same Day,9,GBP
ORD118694,15-03-2023,BR102,UK,Birmingham,CUST5390,PROD195,Laptop,HP Spectre x360,HP,5,1211.34,0.29,0.18,5074.3,Cash,In-Store,EMP562,2,1,Express,2,AED
ORD118695,09-08-2024,BR64,India,Mumbai,CUST2168,PROD352,Laptop,Dell XPS 13,HP,2,1700.66,0.21,0.18,3170.71,UPI,In-Store,EMP302,3,0,Express,2,EUR
ORD118696,08-10-2023,BR96,UK,Birmingham,CUST2925,PROD106,Tablet,Lenovo Tab P11,OnePlus,2,1982.8,0.03,0.18,4539.03,Debit Card,In-Store,EMP706,2,0,Same Day,6,EUR
ORD118697,22-06-2024,BR26,UAE,Abu Dhabi,CUST3119,PROD631,TV,Sony Bravia 55,Apple,2,1740.62,0.04,0.18,3943.55,Credit Card,In-Store,EMP205,1,0,Same Day,9,EUR
ORD118698,13-05-2023,BR73,UK,London,CUST7637,PROD605,Mobile,Samsung Galaxy S23,HP,1,847.93,0.3,0.18,700.39,UPI,In-Store,EMP585,0,0,Express,6,GBP
ORD118699,08-09-2023,BR97,India,Pune,CUST7007,PROD935,Mobile,iPhone 14,Apple,4,1372.44,0,0.18,6477.92,Credit Card,Online,EMP535,3,1,Express,7,EUR
ORD118700,10-10-2023,BR90,UAE,Dubai,CUST7554,PROD546,TV,Sony Bravia 55,OnePlus,4,1925.2,0.16,0.18,7633.03,UPI,In-Store,EMP264,1,0,Express,8,INR
ORD118701,09-06-2024,BR98,UAE,Dubai,CUST8748,PROD900,TV,LG OLED 48,OnePlus,4,1936.26,0.03,0.18,8864.97,UPI,Online,EMP673,0,0,Express,8,USD
ORD118702,15-02-2023,BR85,Germany,Berlin,CUST9494,PROD695,Laptop,Dell XPS 13,Dell,5,617.07,0.09,0.18,3313.05,Cash,Online,EMP378,2,1,Standard,4,EUR
ORD118703,14-05-2023,BR25,UAE,Abu Dhabi,CUST8537,PROD604,Laptop,HP Spectre x360,HP,1,1328.6,0.28,0.18,1128.78,Cash,Online,EMP774,1,1,Same Day,4,EUR
ORD118704,12-01-2023,BR87,USA,Chicago,CUST7510,PROD388,Mobile,iPhone 14,Sony,3,1130.05,0.3,0.18,2800.26,UPI,Online,EMP745,3,1,Same Day,6,AED
ORD118705,01-12-2024,BR72,UK,Birmingham,CUST7476,PROD989,Accessories,Bluetooth Headphones,Sony,4,974.24,0.29,0.18,3264.87,Cash,In-Store,EMP289,1,1,Express,4,AED
ORD118706,16-07-2024,BR36,UAE,Dubai,CUST1710,PROD386,Tablet,iPad Air,Apple,1,1991.2,0.26,0.18,1738.72,UPI,In-Store,EMP569,3,1,Express,6,INR
ORD118707,14-04-2024,BR7,UK,Birmingham,CUST3479,PROD604,Accessories,Bluetooth Headphones,LG,5,521.33,0.02,0.18,3014.33,Net Banking,In-Store,EMP470,3,0,Standard,2,USD
ORD118708,08-05-2024,BR38,UK,Birmingham,CUST7882,PROD454,Accessories,Keyboard,HP,4,201.43,0.06,0.18,893.7,Cash,Online,EMP500,1,1,Standard,8,GBP
ORD118709,13-08-2024,BR51,India,Bangalore,CUST5489,PROD879,Laptop,Dell XPS 13,LG,2,1890.69,0.02,0.18,4372.79,Cash,In-Store,EMP314,1,1,Express,2,AED
ORD118710,22-09-2023,BR3,USA,Los Angeles,CUST3739,PROD163,Tablet,iPad Air,Sony,5,1445.8,0.3,0.18,5971.15,Debit Card,In-Store,EMP422,0,0,Same Day,1,AED
ORD118711,19-08-2024,BR103,USA,New York,CUST7434,PROD158,Mobile,Samsung Galaxy S23,Lenovo,4,1310.71,0.09,0.18,5629.76,Credit Card,In-Store,EMP360,0,0,Standard,4,EUR
ORD118712,09-09-2023,BR44,India,Mumbai,CUST7461,PROD400,TV,Sony Bravia 55,Dell,4,1154.95,0.02,0.18,5342.34,UPI,Online,EMP644,3,0,Standard,10,USD
ORD118713,12-12-2023,BR15,USA,Dallas,CUST2025,PROD481,Mobile,Samsung Galaxy S23,OnePlus,4,607.49,0.29,0.18,2035.82,Cash,Online,EMP396,3,1,Standard,6,AED
ORD118714,07-02-2023,BR3,UK,London,CUST8091,PROD816,Accessories,Keyboard,Dell,1,1891.33,0.19,0.18,1807.73,Net Banking,Online,EMP359,3,1,Express,9,INR
ORD118715,26-07-2024,BR14,Germany,Berlin,CUST1442,PROD253,TV,Sony Bravia 55,OnePlus,3,883.56,0.02,0.18,3065.25,UPI,Online,EMP934,0,1,Standard,9,USD
ORD118716,05-01-2024,BR38,USA,Los Angeles,CUST7238,PROD946,Tablet,Samsung Galaxy Tab,Sony,2,1504.97,0.08,0.18,3267.59,Net Banking,In-Store,EMP731,1,0,Same Day,8,USD
ORD118717,23-02-2023,BR15,Germany,Berlin,CUST1105,PROD660,Tablet,Samsung Galaxy Tab,Dell,3,612.66,0.28,0.18,1561.55,Cash,Online,EMP904,0,0,Express,3,EUR
ORD118718,03-06-2023,BR58,USA,Dallas,CUST9729,PROD639,Laptop,MacBook Air M2,HP,4,1646.82,0,0.18,7772.99,Debit Card,Online,EMP798,1,0,Same Day,8,AED
ORD118719,16-12-2024,BR109,Germany,Hamburg,CUST5616,PROD644,Accessories,Wireless Mouse,HP,2,1278.75,0.28,0.18,2172.85,Credit Card,In-Store,EMP218,3,1,Standard,3,GBP
ORD118720,16-01-2023,BR101,USA,Chicago,CUST5069,PROD796,Accessories,Keyboard,Samsung,3,761.06,0.22,0.18,2101.44,Net Banking,Online,EMP981,3,1,Same Day,7,GBP
ORD118721,21-08-2024,BR76,UK,Birmingham,CUST3733,PROD371,Accessories,Keyboard,Sony,3,780.34,0.24,0.18,2099.43,Credit Card,In-Store,EMP963,1,1,Express,9,AED
ORD118722,06-11-2023,BR18,India,Bangalore,CUST4384,PROD564,Accessories,Bluetooth Headphones,Sony,2,1558.13,0.02,0.18,3603.64,Cash,In-Store,EMP411,1,1,Standard,6,AED
ORD118723,03-07-2023,BR57,UK,Manchester,CUST9022,PROD138,Mobile,OnePlus 11,Sony,3,458.2,0.22,0.18,1265.18,Debit Card,In-Store,EMP592,2,0,Express,6,USD
ORD118724,12-09-2024,BR37,UAE,Dubai,CUST1342,PROD511,Accessories,Bluetooth Headphones,Dell,5,747.74,0.29,0.18,3132.28,Debit Card,In-Store,EMP519,2,1,Express,10,GBP
ORD118725,19-10-2023,BR60,UAE,Dubai,CUST3836,PROD691,Tablet,Samsung Galaxy Tab,Lenovo,2,1945.13,0.1,0.18,4131.46,Cash,Online,EMP995,2,0,Standard,4,USD
ORD118726,03-10-2023,BR52,Germany,Hamburg,CUST4135,PROD631,TV,Sony Bravia 55,HP,1,557.35,0.02,0.18,644.52,UPI,Online,EMP384,1,0,Express,4,EUR
ORD118727,22-10-2023,BR70,India,Delhi,CUST4881,PROD926,Laptop,Dell XPS 13,Sony,3,1525.25,0.03,0.18,5237.4,UPI,Online,EMP542,0,1,Express,7,INR
ORD118728,10-01-2024,BR16,UAE,Abu Dhabi,CUST6179,PROD707,Mobile,iPhone 14,Lenovo,2,1823.33,0.25,0.18,3227.29,Cash,Online,EMP392,2,0,Same Day,8,USD
ORD118729,13-02-2023,BR114,USA,Los Angeles,CUST2288,PROD993,Mobile,Samsung Galaxy S23,Sony,2,301.07,0.16,0.18,596.84,Cash,Online,EMP402,0,0,Express,5,AED
ORD118730,04-07-2023,BR56,UK,Manchester,CUST4837,PROD471,Accessories,Bluetooth Headphones,LG,2,174.13,0.16,0.18,345.2,Debit Card,In-Store,EMP449,1,0,Express,1,GBP
ORD118731,10-05-2024,BR106,USA,Chicago,CUST8890,PROD461,Mobile,Samsung Galaxy S23,Lenovo,3,615.93,0.22,0.18,1700.71,Cash,Online,EMP390,2,0,Express,2,EUR
ORD118732,22-05-2023,BR46,UK,Birmingham,CUST1839,PROD551,Accessories,Keyboard,Samsung,1,1344.64,0.26,0.18,1174.14,UPI,Online,EMP314,1,1,Standard,5,EUR
ORD118733,22-02-2024,BR52,Germany,Munich,CUST4404,PROD761,Mobile,Samsung Galaxy S23,Sony,1,920.65,0.05,0.18,1032.05,Debit Card,In-Store,EMP468,0,0,Express,2,INR
ORD118734,06-02-2023,BR94,UAE,Abu Dhabi,CUST7418,PROD290,Laptop,MacBook Air M2,LG,1,1687.47,0.17,0.18,1652.71,UPI,In-Store,EMP345,0,0,Same Day,7,AED
ORD118735,14-06-2024,BR8,UAE,Abu Dhabi,CUST9060,PROD789,Tablet,Samsung Galaxy Tab,Sony,4,1453.81,0.18,0.18,5626.83,Debit Card,In-Store,EMP521,3,1,Express,3,USD
ORD118736,19-04-2023,BR61,UAE,Dubai,CUST6856,PROD360,Accessories,Bluetooth Headphones,Apple,3,453.43,0.14,0.18,1380.42,UPI,Online,EMP859,2,1,Standard,1,EUR
ORD118737,16-11-2024,BR99,USA,Dallas,CUST4933,PROD235,Laptop,Dell XPS 13,Lenovo,2,801.39,0.04,0.18,1815.63,UPI,Online,EMP439,3,1,Same Day,5,EUR
ORD118738,08-12-2023,BR102,USA,Los Angeles,CUST6513,PROD954,Mobile,OnePlus 11,LG,1,894.26,0.14,0.18,907.5,Cash,Online,EMP462,3,1,Same Day,2,GBP
ORD118739,27-09-2024,BR20,India,Pune,CUST2596,PROD945,Accessories,Bluetooth Headphones,Sony,3,662.39,0.12,0.18,2063.48,Credit Card,Online,EMP992,3,0,Same Day,7,USD
ORD118740,24-09-2023,BR13,Germany,Berlin,CUST9924,PROD315,Accessories,Keyboard,Samsung,3,129.04,0.22,0.18,356.31,Net Banking,Online,EMP996,0,1,Same Day,7,USD
ORD118741,10-01-2023,BR72,India,Bangalore,CUST7150,PROD455,TV,LG OLED 48,Sony,3,880.68,0.22,0.18,2431.73,Debit Card,Online,EMP917,3,0,Same Day,9,GBP
ORD118742,12-10-2024,BR116,UK,Manchester,CUST2236,PROD380,Laptop,HP Spectre x360,Lenovo,1,556.95,0.21,0.18,519.19,Credit Card,In-Store,EMP312,1,0,Standard,7,USD
ORD118743,31-10-2024,BR112,USA,New York,CUST4165,PROD513,Accessories,Bluetooth Headphones,OnePlus,1,838,0.11,0.18,880.07,UPI,In-Store,EMP326,3,1,Express,8,AED
ORD118744,03-12-2024,BR26,USA,New York,CUST2892,PROD728,Mobile,OnePlus 11,Apple,2,418.05,0.2,0.18,789.28,Credit Card,Online,EMP463,2,0,Same Day,3,EUR
ORD118745,06-08-2023,BR51,UAE,Abu Dhabi,CUST9147,PROD135,TV,LG OLED 48,Sony,1,725.78,0.02,0.18,839.29,UPI,Online,EMP586,2,0,Standard,6,EUR
ORD118746,10-12-2023,BR92,Germany,Berlin,CUST7259,PROD810,Accessories,Wireless Mouse,LG,5,1547.2,0.09,0.18,8306.92,Credit Card,In-Store,EMP625,0,0,Standard,10,EUR
ORD118747,11-05-2023,BR11,Germany,Berlin,CUST3899,PROD226,Mobile,Samsung Galaxy S23,LG,5,330.32,0.02,0.18,1909.91,Credit Card,In-Store,EMP282,1,1,Same Day,5,EUR
ORD118748,10-04-2024,BR93,USA,New York,CUST7854,PROD431,Accessories,Bluetooth Headphones,Sony,3,1515.47,0.16,0.18,4506.4,Credit Card,In-Store,EMP613,3,0,Same Day,10,GBP
ORD118749,28-09-2023,BR38,USA,Chicago,CUST4622,PROD382,Laptop,HP Spectre x360,LG,5,1724.07,0,0.18,10172.01,UPI,Online,EMP840,1,1,Express,5,AED
ORD118750,22-10-2024,BR35,India,Bangalore,CUST4833,PROD446,TV,LG OLED 48,Samsung,2,532.83,0.12,0.18,1106.58,Credit Card,Online,EMP872,1,1,Express,10,USD
ORD118751,22-03-2023,BR52,Germany,Berlin,CUST8324,PROD933,Accessories,Wireless Mouse,Apple,5,1601.58,0.11,0.18,8409.9,Cash,Online,EMP757,1,1,Standard,7,USD
ORD118752,02-09-2024,BR43,Germany,Munich,CUST5687,PROD852,Accessories,Keyboard,Lenovo,5,1046.12,0.24,0.18,4690.8,UPI,In-Store,EMP860,2,0,Same Day,8,USD
ORD118753,22-07-2024,BR120,UK,Manchester,CUST8307,PROD541,TV,Sony Bravia 55,Dell,2,384.39,0.07,0.18,843.66,Net Banking,In-Store,EMP468,0,1,Same Day,9,INR
ORD118754,28-08-2024,BR68,Germany,Hamburg,CUST5014,PROD208,Accessories,Bluetooth Headphones,Dell,2,1178.8,0.06,0.18,2615.05,Credit Card,Online,EMP270,3,0,Standard,6,GBP
ORD118755,12-01-2023,BR52,UK,Birmingham,CUST2876,PROD604,Mobile,iPhone 14,LG,4,1398.94,0.12,0.18,5810.64,Credit Card,Online,EMP499,3,0,Same Day,7,INR
ORD118756,17-12-2024,BR61,UK,Birmingham,CUST9616,PROD836,Mobile,iPhone 14,HP,1,1260.65,0.13,0.18,1294.18,Cash,In-Store,EMP255,0,0,Standard,3,AED
ORD118757,10-09-2024,BR31,UK,Birmingham,CUST5506,PROD939,Tablet,iPad Air,Dell,3,1595.17,0.01,0.18,5590.43,Cash,In-Store,EMP209,3,0,Same Day,2,GBP
ORD118758,26-12-2024,BR111,Germany,Hamburg,CUST9896,PROD763,TV,Samsung QLED 50,OnePlus,2,1090.9,0.09,0.18,2342.82,UPI,Online,EMP732,2,1,Standard,8,AED
ORD118759,14-02-2024,BR52,UAE,Abu Dhabi,CUST5255,PROD974,TV,Sony Bravia 55,OnePlus,5,860.18,0.26,0.18,3755.55,UPI,In-Store,EMP534,3,0,Standard,2,EUR
ORD118760,18-11-2023,BR76,India,Delhi,CUST8093,PROD906,Tablet,Samsung Galaxy Tab,Dell,1,1973.91,0.02,0.18,2282.63,Credit Card,In-Store,EMP495,1,0,Standard,7,GBP
ORD118761,22-05-2024,BR11,Germany,Hamburg,CUST9307,PROD326,TV,Samsung QLED 50,Lenovo,3,1313.11,0.26,0.18,3439.82,Net Banking,Online,EMP920,1,0,Same Day,7,GBP
ORD118762,23-01-2024,BR64,India,Pune,CUST7566,PROD608,Accessories,Keyboard,LG,5,946.18,0.18,0.18,4577.62,Debit Card,Online,EMP983,1,0,Same Day,7,GBP
ORD118763,02-05-2024,BR104,UK,Manchester,CUST7378,PROD581,Tablet,Lenovo Tab P11,Dell,3,900.37,0.08,0.18,2932.33,Credit Card,In-Store,EMP593,2,0,Express,7,USD
ORD118764,14-06-2023,BR104,USA,Los Angeles,CUST1468,PROD780,Laptop,MacBook Air M2,OnePlus,5,1305.54,0.08,0.18,7086.47,Cash,In-Store,EMP715,2,0,Express,3,GBP
ORD118765,16-06-2024,BR38,India,Pune,CUST6606,PROD986,TV,Samsung QLED 50,Sony,5,354.63,0.05,0.18,1987.7,Cash,Online,EMP511,2,0,Same Day,5,EUR
ORD118766,12-04-2023,BR26,USA,Los Angeles,CUST7921,PROD172,TV,Samsung QLED 50,Dell,1,1021.86,0.29,0.18,856.11,Credit Card,In-Store,EMP918,0,0,Express,5,AED
ORD118767,29-02-2024,BR22,UAE,Dubai,CUST7473,PROD297,Laptop,HP Spectre x360,OnePlus,5,708.62,0.18,0.18,3428.3,UPI,In-Store,EMP625,3,0,Express,3,EUR
ORD118768,27-06-2024,BR102,Germany,Munich,CUST2174,PROD698,Laptop,Dell XPS 13,Samsung,3,1637.45,0.22,0.18,4521.33,Credit Card,In-Store,EMP599,2,1,Same Day,5,GBP
ORD118769,07-02-2024,BR110,UK,Birmingham,CUST5660,PROD775,Accessories,Keyboard,LG,3,266.39,0.19,0.18,763.85,UPI,Online,EMP355,1,0,Same Day,2,EUR
ORD118770,22-10-2023,BR105,Germany,Berlin,CUST3091,PROD698,Tablet,iPad Air,Sony,5,399.12,0.05,0.18,2237.07,Debit Card,Online,EMP319,1,1,Express,9,USD
ORD118771,19-08-2023,BR83,Germany,Munich,CUST8001,PROD312,Tablet,iPad Air,Samsung,1,670.72,0.12,0.18,696.48,Net Banking,Online,EMP849,0,1,Same Day,9,GBP
ORD118772,09-05-2023,BR44,India,Delhi,CUST2774,PROD528,Laptop,Dell XPS 13,Sony,3,467.97,0.08,0.18,1524.08,Net Banking,In-Store,EMP281,3,0,Standard,1,USD
ORD118773,26-07-2023,BR33,UAE,Dubai,CUST8537,PROD954,Tablet,Samsung Galaxy Tab,LG,5,268.39,0.24,0.18,1203.46,UPI,Online,EMP596,0,1,Same Day,3,AED
ORD118774,04-11-2024,BR93,India,Pune,CUST2270,PROD155,Laptop,MacBook Air M2,Sony,1,123.61,0.09,0.18,132.73,Debit Card,Online,EMP355,3,0,Express,3,EUR
ORD118775,18-07-2023,BR37,USA,Los Angeles,CUST5703,PROD140,TV,Sony Bravia 55,HP,3,712.19,0.07,0.18,2344.67,Credit Card,In-Store,EMP692,1,0,Standard,3,USD
ORD118776,12-11-2024,BR111,USA,Los Angeles,CUST1876,PROD131,Laptop,Dell XPS 13,Sony,5,1700.28,0.05,0.18,9530.07,Debit Card,In-Store,EMP616,1,1,Standard,5,INR
ORD118777,24-02-2023,BR51,UK,Manchester,CUST7714,PROD873,Accessories,Keyboard,OnePlus,3,406.07,0.15,0.18,1221.86,UPI,In-Store,EMP966,2,1,Standard,6,AED
ORD118778,07-08-2024,BR113,USA,New York,CUST1504,PROD950,TV,Samsung QLED 50,Dell,1,1668.47,0.11,0.18,1752.23,Credit Card,Online,EMP280,2,0,Same Day,8,INR
ORD118779,28-09-2023,BR92,Germany,Hamburg,CUST4650,PROD352,Mobile,Samsung Galaxy S23,Samsung,1,1810.13,0.03,0.18,2071.87,Debit Card,In-Store,EMP732,3,0,Standard,10,INR
ORD118780,29-10-2024,BR8,USA,New York,CUST9736,PROD752,Tablet,Lenovo Tab P11,LG,2,913.48,0.04,0.18,2069.58,Net Banking,In-Store,EMP350,2,0,Standard,5,EUR
ORD118781,25-03-2024,BR112,Germany,Berlin,CUST4321,PROD918,Tablet,Samsung Galaxy Tab,LG,4,562.76,0.04,0.18,2549.98,Debit Card,Online,EMP398,2,1,Express,5,EUR
ORD118782,02-02-2024,BR90,India,Delhi,CUST7063,PROD145,TV,Sony Bravia 55,OnePlus,2,1666.95,0.04,0.18,3776.64,Net Banking,Online,EMP211,0,0,Express,10,EUR
ORD118783,30-05-2023,BR109,USA,Chicago,CUST8692,PROD664,Accessories,Bluetooth Headphones,Samsung,1,238.99,0.12,0.18,248.17,UPI,Online,EMP666,0,1,Express,3,AED
ORD118784,08-05-2024,BR82,UK,London,CUST3961,PROD573,TV,Sony Bravia 55,OnePlus,5,1086.77,0.15,0.18,5450.15,UPI,Online,EMP433,3,0,Express,6,INR
ORD118785,03-12-2023,BR98,UK,Manchester,CUST2138,PROD306,Tablet,iPad Air,LG,5,1320.63,0.07,0.18,7246.3,UPI,In-Store,EMP876,1,1,Express,10,USD
ORD118786,19-07-2023,BR59,USA,Dallas,CUST5715,PROD320,Tablet,Samsung Galaxy Tab,Samsung,2,1309.91,0.28,0.18,2225.8,Net Banking,Online,EMP342,1,0,Express,6,GBP
ORD118787,23-09-2023,BR53,India,Mumbai,CUST1740,PROD995,TV,LG OLED 48,Apple,1,757.11,0.27,0.18,652.17,Net Banking,Online,EMP838,2,1,Standard,2,EUR
ORD118788,15-09-2023,BR63,UAE,Abu Dhabi,CUST4059,PROD307,Mobile,iPhone 14,Dell,3,975.02,0.2,0.18,2761.26,Net Banking,In-Store,EMP658,1,0,Same Day,4,AED
ORD118789,15-07-2024,BR39,UK,Manchester,CUST7596,PROD548,TV,LG OLED 48,Sony,4,1896.69,0.27,0.18,6535.24,Credit Card,Online,EMP276,3,0,Same Day,4,USD
ORD118790,02-08-2024,BR6,UK,Manchester,CUST7848,PROD595,Tablet,iPad Air,Sony,5,1131.73,0.2,0.18,5341.77,UPI,In-Store,EMP778,1,1,Standard,1,EUR
ORD118791,23-10-2024,BR24,UK,London,CUST1590,PROD860,Laptop,MacBook Air M2,Lenovo,3,1264.11,0.27,0.18,3266.71,Net Banking,In-Store,EMP664,1,0,Express,6,USD
ORD118792,04-10-2023,BR72,India,Pune,CUST2614,PROD261,Accessories,Wireless Mouse,Apple,2,419.4,0.06,0.18,930.4,Cash,In-Store,EMP973,3,1,Same Day,6,EUR
ORD118793,16-07-2024,BR24,UK,London,CUST4922,PROD570,Laptop,MacBook Air M2,Dell,3,420.05,0.22,0.18,1159.84,UPI,In-Store,EMP686,3,0,Same Day,2,EUR
ORD118794,17-08-2023,BR57,UAE,Dubai,CUST2970,PROD455,Tablet,Samsung Galaxy Tab,Apple,4,1621.05,0.11,0.18,6809.71,Cash,In-Store,EMP841,3,1,Express,2,EUR
ORD118795,30-09-2023,BR103,Germany,Munich,CUST7855,PROD514,Laptop,MacBook Air M2,HP,4,358.92,0.06,0.18,1592.46,Net Banking,In-Store,EMP757,1,1,Standard,1,AED
ORD118796,18-06-2023,BR110,UK,Birmingham,CUST6005,PROD478,Tablet,iPad Air,LG,2,700.59,0.2,0.18,1322.71,Cash,Online,EMP298,1,1,Standard,1,USD
ORD118797,25-04-2023,BR119,UAE,Abu Dhabi,CUST8764,PROD127,Tablet,iPad Air,OnePlus,2,720.89,0.15,0.18,1446.11,Cash,Online,EMP812,0,0,Same Day,5,EUR
ORD118798,31-08-2024,BR83,UAE,Dubai,CUST8746,PROD245,Laptop,HP Spectre x360,HP,3,467.2,0.12,0.18,1455.42,UPI,Online,EMP718,1,1,Standard,5,INR
ORD118799,04-06-2023,BR2,Germany,Hamburg,CUST4072,PROD835,Laptop,HP Spectre x360,Lenovo,1,992.03,0.3,0.18,819.42,Debit Card,In-Store,EMP723,0,1,Standard,8,USD
ORD118800,15-04-2023,BR33,UK,Birmingham,CUST8010,PROD439,TV,Samsung QLED 50,OnePlus,4,191.66,0.12,0.18,796.08,Credit Card,Online,EMP544,3,0,Express,1,AED
ORD118801,15-09-2024,BR12,USA,Dallas,CUST4485,PROD612,TV,Sony Bravia 55,Sony,1,1696.3,0.28,0.18,1441.18,UPI,Online,EMP373,2,1,Express,2,USD
ORD118802,19-05-2024,BR74,Germany,Munich,CUST2616,PROD365,TV,LG OLED 48,Apple,5,493.55,0.01,0.18,2882.83,UPI,In-Store,EMP739,3,0,Same Day,9,INR
ORD118803,28-04-2024,BR114,India,Mumbai,CUST1043,PROD720,Tablet,Lenovo Tab P11,Lenovo,3,1031.93,0.12,0.18,3214.67,UPI,Online,EMP947,3,0,Same Day,5,USD
ORD118804,07-02-2023,BR20,UK,Manchester,CUST4895,PROD976,Accessories,Bluetooth Headphones,HP,5,979.59,0.3,0.18,4045.71,Net Banking,In-Store,EMP300,2,1,Same Day,3,USD
ORD118805,04-06-2024,BR115,USA,Dallas,CUST1105,PROD259,Laptop,HP Spectre x360,HP,3,1684.4,0.04,0.18,5724.26,UPI,Online,EMP706,1,0,Same Day,10,EUR
ORD118806,11-10-2024,BR14,India,Delhi,CUST4648,PROD524,Accessories,Keyboard,LG,5,142.42,0.05,0.18,798.26,Net Banking,In-Store,EMP483,2,0,Same Day,9,EUR
ORD118807,08-09-2024,BR2,India,Bangalore,CUST5543,PROD700,Tablet,iPad Air,Apple,3,1870.83,0.24,0.18,5033.28,Debit Card,In-Store,EMP698,1,0,Express,1,EUR
ORD118808,22-12-2023,BR102,USA,New York,CUST1177,PROD706,Accessories,Keyboard,LG,1,1723.16,0.12,0.18,1789.33,UPI,Online,EMP923,3,1,Express,4,INR
ORD118809,20-05-2023,BR93,Germany,Berlin,CUST9554,PROD283,Mobile,OnePlus 11,Samsung,2,1538.27,0.13,0.18,3158.38,Cash,Online,EMP622,1,1,Standard,1,AED
ORD118810,02-06-2024,BR62,UAE,Dubai,CUST3851,PROD773,Tablet,Lenovo Tab P11,HP,5,710.01,0.3,0.18,2932.34,Cash,In-Store,EMP602,0,1,Same Day,5,GBP
ORD118811,29-12-2024,BR96,India,Pune,CUST4044,PROD418,Mobile,OnePlus 11,Lenovo,2,1521.64,0.24,0.18,2729.21,UPI,In-Store,EMP286,2,0,Standard,8,AED
ORD118812,24-01-2023,BR86,UAE,Abu Dhabi,CUST9433,PROD672,Mobile,OnePlus 11,Apple,1,941.85,0.05,0.18,1055.81,Debit Card,In-Store,EMP764,3,0,Express,8,AED
ORD118813,11-02-2023,BR101,India,Delhi,CUST8932,PROD282,TV,LG OLED 48,Sony,5,354.54,0.19,0.18,1694.35,UPI,In-Store,EMP450,3,0,Express,10,AED
ORD118814,25-01-2024,BR86,UAE,Dubai,CUST4990,PROD131,TV,Samsung QLED 50,Lenovo,2,1332.02,0.23,0.18,2420.55,Credit Card,Online,EMP977,1,1,Express,8,INR
ORD118815,30-06-2024,BR28,UAE,Abu Dhabi,CUST6178,PROD491,Mobile,iPhone 14,HP,2,62.4,0.05,0.18,139.9,Credit Card,Online,EMP379,2,0,Same Day,6,INR
ORD118816,18-01-2024,BR92,India,Delhi,CUST5572,PROD980,TV,LG OLED 48,Apple,3,1285.73,0.22,0.18,3550.16,Net Banking,Online,EMP712,3,1,Standard,6,USD
ORD118817,05-12-2024,BR107,Germany,Munich,CUST4484,PROD984,TV,LG OLED 48,Sony,1,1334.47,0.21,0.18,1243.99,Cash,Online,EMP259,0,0,Express,5,INR
ORD118818,01-10-2024,BR98,UAE,Dubai,CUST7237,PROD748,Laptop,HP Spectre x360,LG,3,364.54,0.16,0.18,1084,Cash,Online,EMP940,1,1,Standard,4,AED
ORD118819,23-07-2023,BR19,UK,Manchester,CUST6697,PROD295,Tablet,Lenovo Tab P11,Sony,4,999.08,0.17,0.18,3914,Cash,In-Store,EMP894,1,1,Same Day,6,USD
ORD118820,03-11-2024,BR108,UK,Birmingham,CUST5946,PROD567,Laptop,HP Spectre x360,LG,3,1161.94,0.02,0.18,4031,Credit Card,In-Store,EMP405,1,0,Same Day,8,USD
ORD118821,08-03-2023,BR16,Germany,Berlin,CUST1306,PROD762,Laptop,HP Spectre x360,HP,3,1613.94,0.11,0.18,5084.88,Net Banking,Online,EMP474,2,0,Express,6,USD
ORD118822,06-09-2024,BR57,USA,Dallas,CUST1078,PROD447,Tablet,Lenovo Tab P11,Sony,2,609.46,0.26,0.18,1064.36,Cash,Online,EMP320,0,0,Same Day,8,INR
ORD118823,02-07-2024,BR10,India,Delhi,CUST4658,PROD203,Tablet,Lenovo Tab P11,Samsung,5,670.41,0.11,0.18,3520.32,Credit Card,Online,EMP700,2,0,Standard,6,INR
ORD118824,21-09-2024,BR23,India,Bangalore,CUST2518,PROD956,Mobile,Samsung Galaxy S23,OnePlus,2,821.92,0.18,0.18,1590.58,UPI,In-Store,EMP385,1,1,Same Day,8,EUR
ORD118825,26-01-2023,BR3,USA,Los Angeles,CUST8437,PROD419,Accessories,Bluetooth Headphones,Apple,5,123.67,0.02,0.18,715.06,Cash,In-Store,EMP634,2,0,Same Day,5,GBP
ORD118826,16-05-2024,BR75,UK,Birmingham,CUST1178,PROD491,TV,LG OLED 48,OnePlus,2,66.52,0.16,0.18,131.87,Cash,In-Store,EMP339,0,0,Standard,9,INR
ORD118827,13-01-2024,BR46,USA,Los Angeles,CUST8356,PROD180,Accessories,Bluetooth Headphones,Sony,3,1075.27,0.01,0.18,3768.39,Cash,In-Store,EMP571,3,1,Same Day,9,INR
ORD118828,29-06-2023,BR66,UK,Manchester,CUST1127,PROD367,Mobile,iPhone 14,OnePlus,3,768.27,0.17,0.18,2257.33,Net Banking,Online,EMP244,1,0,Express,4,USD
ORD118829,14-08-2024,BR104,Germany,Hamburg,CUST1646,PROD202,TV,LG OLED 48,Lenovo,5,1214.48,0.11,0.18,6377.23,Net Banking,Online,EMP887,3,0,Express,3,INR
ORD118830,14-09-2023,BR40,UK,Birmingham,CUST9933,PROD413,TV,Samsung QLED 50,Apple,2,394.42,0.24,0.18,707.43,Cash,Online,EMP543,2,1,Express,10,INR
ORD118831,28-01-2023,BR101,USA,Los Angeles,CUST4659,PROD251,Accessories,Bluetooth Headphones,Dell,2,919.48,0.02,0.18,2126.57,Cash,In-Store,EMP378,3,0,Express,4,GBP
ORD118832,12-02-2023,BR59,UK,Birmingham,CUST6340,PROD264,Mobile,OnePlus 11,Dell,1,1466.89,0.02,0.18,1696.31,Credit Card,Online,EMP476,0,1,Standard,1,EUR
ORD118833,05-04-2024,BR46,USA,Los Angeles,CUST2138,PROD255,TV,Samsung QLED 50,Lenovo,5,987.94,0.09,0.18,5304.25,Debit Card,Online,EMP923,3,1,Standard,3,EUR
ORD118834,11-08-2023,BR54,India,Pune,CUST5485,PROD741,Tablet,iPad Air,LG,1,644.02,0.3,0.18,531.96,Debit Card,In-Store,EMP858,0,1,Same Day,10,INR
ORD118835,14-03-2024,BR38,USA,Los Angeles,CUST7593,PROD122,Accessories,Bluetooth Headphones,Dell,1,642.97,0.23,0.18,584.2,UPI,Online,EMP930,0,1,Express,8,AED
ORD118836,31-08-2023,BR47,Germany,Hamburg,CUST5026,PROD949,TV,LG OLED 48,Lenovo,4,1703.88,0.18,0.18,6594.7,Cash,In-Store,EMP358,2,0,Express,10,USD
ORD118837,10-03-2023,BR69,UAE,Dubai,CUST8550,PROD574,Tablet,Lenovo Tab P11,Dell,2,1957.59,0.25,0.18,3464.93,UPI,In-Store,EMP841,2,1,Same Day,6,EUR
ORD118838,28-10-2024,BR59,Germany,Hamburg,CUST7129,PROD866,Accessories,Keyboard,Lenovo,1,1140.36,0.14,0.18,1157.24,Credit Card,Online,EMP446,2,0,Same Day,9,GBP
ORD118839,27-01-2024,BR90,India,Mumbai,CUST6267,PROD907,Tablet,Samsung Galaxy Tab,LG,1,1085.24,0.2,0.18,1024.47,Credit Card,Online,EMP854,0,0,Same Day,1,EUR
ORD118840,05-12-2023,BR34,India,Pune,CUST8845,PROD195,Tablet,iPad Air,Samsung,3,1391.1,0.18,0.18,4038.09,Credit Card,Online,EMP247,1,0,Standard,5,INR
ORD118841,09-06-2024,BR41,Germany,Berlin,CUST2500,PROD300,TV,Samsung QLED 50,Dell,5,389.55,0.29,0.18,1631.82,Debit Card,In-Store,EMP476,0,1,Standard,3,AED
ORD118842,01-11-2024,BR95,Germany,Hamburg,CUST3234,PROD454,Tablet,Samsung Galaxy Tab,OnePlus,5,363.38,0.12,0.18,1886.67,UPI,In-Store,EMP572,3,1,Express,1,AED
ORD118843,22-07-2023,BR112,USA,Dallas,CUST3446,PROD847,Laptop,HP Spectre x360,Sony,1,787.54,0.16,0.18,780.61,Debit Card,Online,EMP526,2,0,Express,10,USD
ORD118844,08-09-2023,BR85,India,Bangalore,CUST5500,PROD763,TV,LG OLED 48,LG,2,1428.44,0.17,0.18,2798.03,Cash,Online,EMP914,1,0,Express,10,USD
ORD118845,13-07-2023,BR24,USA,Chicago,CUST5989,PROD981,TV,Samsung QLED 50,HP,2,1702.76,0.28,0.18,2893.33,Net Banking,In-Store,EMP233,1,1,Express,4,INR
ORD118846,04-06-2024,BR64,India,Bangalore,CUST7968,PROD976,Tablet,iPad Air,Sony,3,436.05,0.18,0.18,1265.77,Debit Card,In-Store,EMP579,1,1,Standard,4,USD
ORD118847,01-03-2023,BR51,UAE,Abu Dhabi,CUST3953,PROD713,Laptop,Dell XPS 13,Samsung,4,1476.95,0.14,0.18,5995.24,Net Banking,Online,EMP374,3,0,Standard,9,GBP
ORD118848,07-12-2023,BR78,USA,New York,CUST8824,PROD539,Accessories,Wireless Mouse,Sony,1,453.89,0.28,0.18,385.62,UPI,In-Store,EMP740,1,1,Standard,10,INR
ORD118849,04-04-2024,BR62,UK,London,CUST3939,PROD417,Mobile,iPhone 14,Dell,3,1605.86,0.27,0.18,4149.86,Debit Card,In-Store,EMP667,3,0,Express,3,GBP
ORD118850,17-08-2023,BR86,Germany,Berlin,CUST6118,PROD969,Tablet,Samsung Galaxy Tab,Dell,2,1194.67,0.2,0.18,2255.54,Credit Card,Online,EMP427,1,0,Express,9,USD
ORD118851,14-10-2024,BR113,Germany,Berlin,CUST1358,PROD127,Mobile,iPhone 14,HP,1,726.2,0.25,0.18,642.69,UPI,Online,EMP238,2,0,Express,6,USD
ORD118852,13-01-2024,BR40,USA,Chicago,CUST8030,PROD401,Tablet,iPad Air,HP,4,1593.28,0.16,0.18,6317.04,Credit Card,Online,EMP654,2,1,Standard,10,USD
ORD118853,12-07-2023,BR39,India,Delhi,CUST5097,PROD428,Laptop,HP Spectre x360,HP,5,1624.15,0.19,0.18,7761.81,Credit Card,Online,EMP755,2,0,Standard,10,GBP
ORD118854,31-08-2023,BR64,USA,New York,CUST9924,PROD564,TV,Samsung QLED 50,Dell,1,1745.58,0.24,0.18,1565.44,Credit Card,Online,EMP668,0,0,Express,1,INR
ORD118855,24-04-2024,BR12,USA,Dallas,CUST9907,PROD844,TV,LG OLED 48,Samsung,5,1977.49,0.02,0.18,11433.85,Debit Card,Online,EMP797,1,0,Standard,2,INR
ORD118856,22-05-2023,BR108,UAE,Dubai,CUST8172,PROD732,Laptop,HP Spectre x360,Lenovo,1,1498.75,0.28,0.18,1273.34,UPI,In-Store,EMP884,2,0,Same Day,9,EUR
ORD118857,25-07-2024,BR86,UK,London,CUST8912,PROD958,Accessories,Keyboard,LG,3,1895.38,0.01,0.18,6642.55,UPI,Online,EMP669,2,1,Same Day,1,INR
ORD118858,13-10-2023,BR57,Germany,Berlin,CUST1152,PROD459,TV,Samsung QLED 50,Sony,2,1299.56,0.12,0.18,2698.93,UPI,Online,EMP216,3,0,Same Day,6,INR
ORD118859,23-07-2024,BR73,UK,Birmingham,CUST7047,PROD425,Accessories,Bluetooth Headphones,Sony,4,320.2,0.07,0.18,1405.55,Credit Card,Online,EMP421,0,0,Standard,1,GBP
ORD118860,06-04-2024,BR12,India,Pune,CUST4261,PROD234,Mobile,iPhone 14,Sony,5,418.44,0.19,0.18,1999.72,Cash,In-Store,EMP935,3,1,Express,8,EUR
ORD118861,17-10-2023,BR24,India,Delhi,CUST5653,PROD787,Mobile,iPhone 14,Dell,2,135.43,0.17,0.18,265.28,Net Banking,Online,EMP263,0,1,Standard,6,AED
ORD118862,01-11-2024,BR52,Germany,Berlin,CUST5920,PROD305,Mobile,iPhone 14,Apple,1,1254.43,0.08,0.18,1361.81,Cash,In-Store,EMP798,0,1,Standard,7,GBP
ORD118863,26-04-2023,BR8,UK,Manchester,CUST8258,PROD929,TV,Samsung QLED 50,Samsung,5,1240.04,0.23,0.18,5633.5,Credit Card,Online,EMP405,2,1,Express,2,GBP
ORD118864,22-12-2024,BR43,Germany,Berlin,CUST2909,PROD372,Mobile,OnePlus 11,Dell,3,1157.24,0.11,0.18,3646,Credit Card,Online,EMP750,1,1,Same Day,3,GBP
ORD118865,29-09-2023,BR70,UK,Manchester,CUST3388,PROD833,TV,Sony Bravia 55,Lenovo,5,1516.14,0.15,0.18,7603.44,Debit Card,In-Store,EMP961,2,0,Standard,10,USD
ORD118866,09-08-2024,BR20,UK,London,CUST7238,PROD430,Laptop,Dell XPS 13,Apple,2,1698.25,0.29,0.18,2845.59,Net Banking,In-Store,EMP315,0,1,Standard,5,GBP
ORD118867,23-05-2024,BR36,UAE,Abu Dhabi,CUST2657,PROD588,Accessories,Wireless Mouse,OnePlus,4,1557,0.06,0.18,6908.1,Credit Card,In-Store,EMP666,0,0,Same Day,6,AED
ORD118868,28-09-2023,BR46,India,Pune,CUST5639,PROD821,Accessories,Wireless Mouse,LG,1,855.13,0.01,0.18,998.96,Debit Card,In-Store,EMP462,0,0,Express,1,GBP
ORD118869,04-12-2023,BR38,UK,London,CUST4260,PROD307,Mobile,OnePlus 11,Dell,1,118.67,0.27,0.18,102.22,Debit Card,Online,EMP339,1,0,Express,8,GBP
ORD118870,26-03-2024,BR70,Germany,Munich,CUST6012,PROD895,Accessories,Bluetooth Headphones,Lenovo,1,1057.83,0.15,0.18,1061,Net Banking,In-Store,EMP946,1,1,Standard,10,AED
ORD118871,26-02-2024,BR98,Germany,Berlin,CUST3654,PROD905,Laptop,MacBook Air M2,HP,1,819.24,0.01,0.18,957.04,Net Banking,Online,EMP739,2,0,Same Day,6,AED
ORD118872,21-09-2024,BR2,USA,Dallas,CUST7395,PROD916,Accessories,Bluetooth Headphones,HP,2,1353.52,0.18,0.18,2619.33,Credit Card,Online,EMP986,0,1,Standard,2,EUR
ORD118873,05-06-2023,BR91,UAE,Dubai,CUST9661,PROD843,TV,Sony Bravia 55,Dell,5,1287.28,0.27,0.18,5544.31,Credit Card,In-Store,EMP706,0,1,Express,8,AED
ORD118874,24-04-2024,BR46,UK,Manchester,CUST5730,PROD738,Mobile,Samsung Galaxy S23,Samsung,5,1319.67,0.04,0.18,7474.61,Credit Card,Online,EMP479,3,1,Same Day,8,USD
ORD118875,18-03-2024,BR24,USA,New York,CUST5063,PROD424,Mobile,Samsung Galaxy S23,OnePlus,3,240.98,0.02,0.18,836.01,Debit Card,In-Store,EMP275,2,0,Standard,9,USD
ORD118876,17-01-2023,BR72,Germany,Hamburg,CUST7109,PROD422,TV,LG OLED 48,Apple,4,485.69,0.19,0.18,1856.89,Cash,Online,EMP707,1,1,Same Day,9,EUR
ORD118877,22-10-2023,BR40,India,Pune,CUST3521,PROD185,Tablet,Lenovo Tab P11,HP,3,1202.49,0.09,0.18,3873.7,UPI,In-Store,EMP363,3,1,Express,3,USD
ORD118878,24-06-2024,BR80,India,Mumbai,CUST8358,PROD534,TV,Sony Bravia 55,Apple,1,520.71,0.15,0.18,522.27,Debit Card,In-Store,EMP250,0,1,Standard,6,EUR
ORD118879,05-12-2023,BR8,USA,Dallas,CUST6128,PROD678,Accessories,Bluetooth Headphones,Lenovo,4,376.01,0.19,0.18,1437.56,Cash,Online,EMP473,1,0,Express,4,INR
ORD118880,15-05-2023,BR75,Germany,Munich,CUST9147,PROD500,Mobile,Samsung Galaxy S23,Sony,2,902.36,0.11,0.18,1895.32,Cash,Online,EMP894,2,0,Express,8,EUR
ORD118881,07-11-2024,BR37,India,Pune,CUST5740,PROD282,Accessories,Keyboard,Samsung,5,290.19,0.16,0.18,1438.18,UPI,In-Store,EMP290,3,1,Same Day,9,AED
ORD118882,12-09-2024,BR10,India,Mumbai,CUST6526,PROD646,Tablet,iPad Air,Dell,5,1496.18,0.01,0.18,8739.19,Debit Card,Online,EMP788,3,1,Standard,4,USD
ORD118883,30-07-2024,BR35,UK,Manchester,CUST8216,PROD923,Tablet,Samsung Galaxy Tab,Apple,3,850.97,0.13,0.18,2620.82,Credit Card,Online,EMP705,2,1,Express,8,USD
ORD118884,31-12-2024,BR105,UAE,Dubai,CUST1027,PROD471,TV,LG OLED 48,Lenovo,1,781.17,0.07,0.18,857.26,Net Banking,In-Store,EMP873,1,0,Same Day,5,EUR
ORD118885,15-10-2023,BR94,Germany,Berlin,CUST4548,PROD466,Mobile,iPhone 14,Sony,4,955.66,0.13,0.18,3924.32,Net Banking,In-Store,EMP340,1,0,Express,7,EUR
ORD118886,29-02-2024,BR44,USA,Chicago,CUST6613,PROD747,Tablet,Samsung Galaxy Tab,OnePlus,2,181.02,0.07,0.18,397.3,Cash,Online,EMP372,1,0,Same Day,8,AED
ORD118887,19-01-2024,BR50,USA,Dallas,CUST2121,PROD519,Accessories,Keyboard,LG,2,1047.55,0.01,0.18,2447.5,UPI,Online,EMP711,1,0,Standard,1,USD
ORD118888,23-11-2024,BR74,UK,Manchester,CUST9519,PROD654,Mobile,Samsung Galaxy S23,Lenovo,4,500.72,0.22,0.18,1843.45,UPI,Online,EMP475,1,1,Standard,3,INR
ORD118889,08-01-2024,BR69,USA,New York,CUST7362,PROD136,Mobile,OnePlus 11,Samsung,1,432.76,0.2,0.18,408.53,UPI,Online,EMP877,2,0,Same Day,5,GBP
ORD118890,13-01-2024,BR119,USA,Los Angeles,CUST9693,PROD616,Tablet,iPad Air,Lenovo,1,1796.94,0.29,0.18,1505.48,UPI,Online,EMP977,1,0,Express,6,EUR
ORD118891,23-04-2024,BR25,Germany,Berlin,CUST5651,PROD980,Laptop,HP Spectre x360,LG,3,1778.88,0.29,0.18,4471.04,Net Banking,Online,EMP410,1,1,Same Day,9,GBP
ORD118892,28-11-2024,BR91,USA,Los Angeles,CUST3060,PROD683,TV,LG OLED 48,Lenovo,4,807.82,0.24,0.18,2897.81,Debit Card,Online,EMP492,0,0,Same Day,3,GBP
ORD118893,21-01-2023,BR77,Germany,Berlin,CUST4279,PROD988,Mobile,Samsung Galaxy S23,Dell,4,687.53,0.29,0.18,2304.05,Debit Card,In-Store,EMP487,1,0,Same Day,9,AED
ORD118894,08-08-2023,BR16,India,Mumbai,CUST6175,PROD367,Tablet,iPad Air,Sony,3,1404.53,0.1,0.18,4474.83,Net Banking,In-Store,EMP301,2,0,Express,2,AED
ORD118895,22-09-2023,BR109,USA,Los Angeles,CUST9928,PROD637,Tablet,iPad Air,Sony,2,307.62,0.06,0.18,682.42,Cash,In-Store,EMP565,1,0,Express,4,GBP
ORD118896,28-02-2024,BR89,USA,Dallas,CUST1676,PROD868,Accessories,Bluetooth Headphones,Sony,2,1335.75,0.07,0.18,2931.7,Cash,Online,EMP255,1,0,Standard,5,EUR
ORD118897,06-02-2024,BR53,UAE,Abu Dhabi,CUST4697,PROD129,Accessories,Bluetooth Headphones,Sony,5,1563.1,0.06,0.18,8668.95,UPI,Online,EMP243,0,0,Standard,2,EUR
ORD118898,19-06-2024,BR4,UK,London,CUST1930,PROD848,TV,LG OLED 48,HP,1,1431.97,0.09,0.18,1537.65,Credit Card,Online,EMP923,1,1,Same Day,6,EUR
ORD118899,13-04-2024,BR109,UK,Birmingham,CUST3154,PROD259,Tablet,Samsung Galaxy Tab,Apple,3,1001.58,0.17,0.18,2942.84,Cash,In-Store,EMP726,1,1,Standard,8,USD
ORD118900,10-02-2023,BR44,UK,Manchester,CUST9200,PROD260,Tablet,Lenovo Tab P11,Apple,5,127.49,0.13,0.18,654.41,Cash,Online,EMP358,1,1,Same Day,2,GBP
ORD118901,27-04-2023,BR15,USA,Dallas,CUST7117,PROD302,Mobile,iPhone 14,Samsung,3,1442.54,0.13,0.18,4442.73,Credit Card,In-Store,EMP601,3,0,Same Day,9,EUR
ORD118902,21-07-2023,BR12,USA,Dallas,CUST2458,PROD985,TV,Samsung QLED 50,LG,5,110.78,0.07,0.18,607.85,Debit Card,In-Store,EMP859,0,0,Standard,2,AED
ORD118903,12-05-2024,BR77,UK,Birmingham,CUST6631,PROD357,Tablet,iPad Air,Dell,2,53.98,0.19,0.18,103.19,Net Banking,Online,EMP685,2,1,Express,8,AED
ORD118904,17-05-2023,BR21,USA,Dallas,CUST2095,PROD860,Laptop,Dell XPS 13,OnePlus,3,1467.74,0.19,0.18,4208.6,UPI,In-Store,EMP463,3,0,Standard,6,EUR
ORD118905,12-03-2024,BR43,UK,Birmingham,CUST1461,PROD675,TV,LG OLED 48,Sony,3,1456.98,0.07,0.18,4796.67,Credit Card,In-Store,EMP886,0,0,Express,6,USD
ORD118906,07-11-2023,BR42,Germany,Berlin,CUST2235,PROD674,Laptop,Dell XPS 13,OnePlus,2,251.22,0.18,0.18,486.16,Cash,Online,EMP285,0,1,Standard,2,INR
ORD118907,29-08-2024,BR65,USA,New York,CUST2629,PROD585,Tablet,iPad Air,Apple,1,1354.52,0.21,0.18,1262.68,Net Banking,In-Store,EMP395,2,0,Express,2,GBP
ORD118908,22-06-2023,BR52,UK,Manchester,CUST4777,PROD578,Laptop,HP Spectre x360,Samsung,2,1733.31,0.07,0.18,3804.27,Net Banking,Online,EMP522,3,0,Express,9,USD
ORD118909,26-03-2023,BR27,USA,Chicago,CUST2056,PROD827,Laptop,HP Spectre x360,Sony,4,713.77,0.21,0.18,2661.51,Cash,Online,EMP919,3,1,Standard,10,INR
ORD118910,03-01-2023,BR8,UAE,Dubai,CUST4936,PROD192,Laptop,HP Spectre x360,LG,1,180.16,0.27,0.18,155.19,UPI,In-Store,EMP270,2,0,Standard,6,EUR
ORD118911,27-08-2024,BR74,USA,Los Angeles,CUST8116,PROD676,Accessories,Keyboard,HP,5,708.3,0.27,0.18,3050.65,Debit Card,Online,EMP877,2,0,Standard,3,INR
ORD118912,01-06-2023,BR8,USA,New York,CUST1080,PROD370,TV,Sony Bravia 55,Apple,5,1962.11,0.11,0.18,10303.04,Cash,In-Store,EMP755,0,1,Same Day,5,GBP
ORD118913,24-02-2023,BR103,India,Delhi,CUST1069,PROD896,Mobile,OnePlus 11,Samsung,3,140.61,0.24,0.18,378.3,Cash,Online,EMP388,2,1,Express,2,INR
ORD118914,11-06-2024,BR3,UAE,Dubai,CUST1207,PROD325,Tablet,Samsung Galaxy Tab,Apple,4,963.25,0.21,0.18,3591.77,Net Banking,Online,EMP885,2,0,Express,5,GBP
ORD118915,08-08-2024,BR2,UK,London,CUST3225,PROD279,Accessories,Bluetooth Headphones,Dell,3,950.97,0.21,0.18,2659.48,Cash,In-Store,EMP650,3,1,Same Day,6,USD
ORD118916,28-02-2023,BR90,UAE,Dubai,CUST6083,PROD767,Tablet,Samsung Galaxy Tab,Samsung,1,234.08,0.01,0.18,273.45,Cash,In-Store,EMP528,2,0,Same Day,1,INR
ORD118917,11-11-2023,BR55,USA,Chicago,CUST6091,PROD970,Mobile,iPhone 14,Sony,3,152.35,0.11,0.18,479.99,UPI,Online,EMP298,2,1,Standard,4,USD
ORD118918,19-11-2023,BR35,Germany,Hamburg,CUST8255,PROD326,TV,LG OLED 48,LG,3,1162.71,0.16,0.18,3457.43,Debit Card,In-Store,EMP839,1,1,Same Day,6,USD
ORD118919,24-10-2024,BR36,India,Delhi,CUST3559,PROD178,Tablet,iPad Air,Dell,1,186.36,0.17,0.18,182.52,Net Banking,Online,EMP634,3,1,Express,4,AED
ORD118920,13-07-2024,BR56,Germany,Berlin,CUST9342,PROD647,Accessories,Keyboard,LG,2,1223.7,0.27,0.18,2108.19,Credit Card,Online,EMP648,2,0,Express,7,INR
ORD118921,07-11-2024,BR109,UK,Manchester,CUST1335,PROD917,Mobile,iPhone 14,Lenovo,2,1833.84,0.02,0.18,4241.31,Credit Card,Online,EMP440,0,1,Same Day,7,EUR
ORD118922,11-04-2023,BR23,Germany,Munich,CUST8803,PROD568,Tablet,Samsung Galaxy Tab,HP,2,1680.11,0.28,0.18,2854.84,Cash,Online,EMP369,0,0,Same Day,6,INR
ORD118923,09-04-2023,BR74,UAE,Dubai,CUST3445,PROD854,TV,LG OLED 48,Lenovo,3,1510.64,0.11,0.18,4759.42,UPI,Online,EMP819,1,1,Standard,1,INR
ORD118924,08-02-2024,BR24,India,Bangalore,CUST4991,PROD449,Laptop,HP Spectre x360,OnePlus,1,1846.71,0.1,0.18,1961.21,Net Banking,In-Store,EMP645,0,0,Same Day,6,GBP
ORD118925,22-11-2024,BR60,USA,Dallas,CUST8688,PROD654,TV,LG OLED 48,LG,1,330.91,0.2,0.18,312.38,Net Banking,Online,EMP701,3,1,Same Day,7,USD
ORD118926,29-03-2024,BR14,India,Delhi,CUST8677,PROD421,TV,Sony Bravia 55,Samsung,4,461.96,0.07,0.18,2027.82,Credit Card,In-Store,EMP831,0,1,Same Day,5,GBP
ORD118927,14-11-2024,BR49,UK,Manchester,CUST6639,PROD665,Mobile,Samsung Galaxy S23,Apple,3,1270.16,0.13,0.18,3911.84,UPI,In-Store,EMP970,3,0,Same Day,6,AED
ORD118928,02-12-2023,BR29,UAE,Dubai,CUST7950,PROD779,Tablet,iPad Air,Dell,2,1510.36,0.13,0.18,3101.07,Net Banking,In-Store,EMP961,0,1,Same Day,4,INR
ORD118929,23-09-2024,BR118,USA,Dallas,CUST3480,PROD555,Accessories,Wireless Mouse,Apple,2,1240.12,0.2,0.18,2341.35,UPI,In-Store,EMP751,0,0,Standard,7,INR
ORD118930,05-03-2024,BR62,UAE,Dubai,CUST8875,PROD857,Laptop,Dell XPS 13,OnePlus,2,1570.03,0.05,0.18,3520.01,Cash,In-Store,EMP601,1,1,Express,5,INR
ORD118931,19-07-2024,BR80,UAE,Dubai,CUST3827,PROD682,Accessories,Bluetooth Headphones,Dell,4,1373.83,0.24,0.18,4928.2,Credit Card,Online,EMP556,1,0,Same Day,8,AED
ORD118932,21-10-2024,BR27,USA,Chicago,CUST4840,PROD390,Accessories,Bluetooth Headphones,OnePlus,3,320.39,0.19,0.18,918.69,UPI,In-Store,EMP933,3,0,Express,10,INR
ORD118933,26-05-2023,BR8,India,Bangalore,CUST1799,PROD346,Mobile,iPhone 14,HP,1,1121.56,0.27,0.18,966.11,Net Banking,In-Store,EMP280,0,0,Express,1,GBP
ORD118934,17-03-2023,BR22,India,Mumbai,CUST1192,PROD163,TV,LG OLED 48,Samsung,2,1043.09,0.13,0.18,2141.67,Credit Card,Online,EMP696,3,1,Standard,8,EUR
ORD118935,25-03-2024,BR25,UAE,Dubai,CUST2405,PROD265,Laptop,Dell XPS 13,OnePlus,2,469.13,0.05,0.18,1051.79,Net Banking,In-Store,EMP599,2,1,Express,8,GBP
ORD118936,05-03-2024,BR93,USA,Los Angeles,CUST2817,PROD921,TV,Sony Bravia 55,Sony,1,113.62,0.1,0.18,120.66,Credit Card,Online,EMP551,3,1,Express,6,AED
ORD118937,01-12-2023,BR91,UK,Manchester,CUST7070,PROD346,Accessories,Wireless Mouse,Samsung,3,826.8,0.29,0.18,2078.08,Cash,Online,EMP918,1,0,Same Day,1,USD
ORD118938,14-07-2023,BR78,USA,Los Angeles,CUST5697,PROD811,Laptop,HP Spectre x360,Dell,1,1315.2,0.06,0.18,1458.82,Debit Card,Online,EMP753,1,1,Standard,10,EUR
ORD118939,15-02-2023,BR119,USA,Dallas,CUST9826,PROD999,Tablet,Lenovo Tab P11,Lenovo,3,1415.89,0.17,0.18,4160.17,UPI,In-Store,EMP946,2,0,Same Day,1,GBP
ORD118940,28-07-2024,BR71,UAE,Dubai,CUST7797,PROD767,Accessories,Bluetooth Headphones,LG,5,1862.13,0.22,0.18,8569.52,Credit Card,In-Store,EMP835,3,0,Express,2,EUR
ORD118941,08-08-2023,BR112,UAE,Abu Dhabi,CUST5538,PROD868,TV,LG OLED 48,Lenovo,5,1353.98,0.21,0.18,6310.9,Debit Card,Online,EMP788,0,0,Express,10,INR
ORD118942,17-08-2023,BR103,UAE,Dubai,CUST8875,PROD481,Laptop,Dell XPS 13,LG,5,1930.05,0.06,0.18,10704.06,Cash,In-Store,EMP437,0,0,Standard,7,GBP
ORD118943,06-08-2024,BR49,India,Pune,CUST4711,PROD650,Tablet,Samsung Galaxy Tab,Sony,5,1466.43,0.3,0.18,6056.36,Debit Card,In-Store,EMP777,0,0,Express,7,EUR
ORD118944,22-09-2024,BR56,India,Pune,CUST8643,PROD224,Accessories,Bluetooth Headphones,Apple,1,1231.62,0.17,0.18,1206.25,Debit Card,In-Store,EMP464,0,0,Express,7,EUR
ORD118945,24-04-2024,BR64,UAE,Abu Dhabi,CUST4318,PROD713,Mobile,iPhone 14,Sony,2,1922.69,0.16,0.18,3811.54,UPI,Online,EMP962,2,0,Same Day,5,GBP
ORD118946,26-01-2023,BR102,USA,Los Angeles,CUST5801,PROD186,Accessories,Wireless Mouse,Apple,4,329.09,0.28,0.18,1118.38,UPI,Online,EMP619,1,1,Standard,8,AED
ORD118947,11-02-2023,BR21,India,Mumbai,CUST2162,PROD976,Accessories,Keyboard,Samsung,5,222.1,0.28,0.18,943.48,UPI,Online,EMP802,2,1,Standard,1,AED
ORD118948,12-11-2023,BR66,USA,Los Angeles,CUST6782,PROD326,TV,LG OLED 48,Dell,1,1061.31,0.01,0.18,1239.82,Cash,In-Store,EMP866,0,1,Same Day,2,EUR
ORD118949,08-10-2023,BR101,UK,London,CUST9520,PROD638,Tablet,iPad Air,Apple,5,411.65,0.03,0.18,2355.87,Debit Card,Online,EMP956,1,1,Same Day,8,GBP
ORD118950,16-07-2023,BR59,India,Mumbai,CUST2139,PROD997,Tablet,Samsung Galaxy Tab,Samsung,1,1500.75,0.12,0.18,1558.38,Credit Card,Online,EMP613,2,0,Express,8,EUR
ORD118951,12-01-2023,BR102,Germany,Munich,CUST8022,PROD985,TV,Samsung QLED 50,Lenovo,1,901.85,0.21,0.18,840.7,Net Banking,Online,EMP634,0,1,Standard,3,INR
ORD118952,09-10-2023,BR16,USA,Chicago,CUST6669,PROD202,Laptop,HP Spectre x360,Apple,4,186.14,0.04,0.18,843.44,Credit Card,Online,EMP772,0,1,Standard,7,AED
ORD118953,26-09-2024,BR21,UAE,Abu Dhabi,CUST9799,PROD912,Laptop,Dell XPS 13,Sony,2,1701.42,0.23,0.18,3091.82,UPI,Online,EMP280,0,0,Express,1,EUR
ORD118954,23-08-2023,BR2,Germany,Berlin,CUST7715,PROD853,Tablet,Samsung Galaxy Tab,LG,5,731.18,0.19,0.18,3494.31,UPI,In-Store,EMP568,0,1,Express,5,INR
ORD118955,03-07-2024,BR111,USA,Dallas,CUST6028,PROD149,Laptop,HP Spectre x360,OnePlus,3,912.92,0.03,0.18,3134.78,UPI,Online,EMP622,2,1,Standard,2,EUR
ORD118956,03-04-2023,BR24,UK,London,CUST9649,PROD902,TV,LG OLED 48,HP,5,346.26,0.02,0.18,2002.08,Net Banking,Online,EMP950,0,1,Same Day,2,AED
ORD118957,05-11-2024,BR45,India,Pune,CUST4176,PROD883,Tablet,Lenovo Tab P11,HP,5,502.07,0.04,0.18,2843.72,UPI,Online,EMP643,1,0,Standard,1,AED
ORD118958,07-02-2024,BR35,UAE,Dubai,CUST8421,PROD971,TV,LG OLED 48,LG,1,332.8,0.04,0.18,377,UPI,In-Store,EMP976,0,1,Express,10,INR
ORD118959,22-06-2024,BR30,Germany,Berlin,CUST1742,PROD687,Tablet,Samsung Galaxy Tab,Lenovo,3,382.35,0.23,0.18,1042.21,Net Banking,In-Store,EMP892,1,1,Express,8,GBP
ORD118960,11-11-2023,BR108,Germany,Hamburg,CUST3217,PROD799,Mobile,OnePlus 11,HP,4,789.16,0.2,0.18,2979.87,Credit Card,Online,EMP721,1,0,Standard,8,INR
ORD118961,19-12-2023,BR51,Germany,Berlin,CUST4407,PROD723,Laptop,MacBook Air M2,Lenovo,3,370.96,0.3,0.18,919.24,Cash,Online,EMP425,3,0,Express,1,GBP
ORD118962,20-12-2024,BR5,UAE,Abu Dhabi,CUST9953,PROD658,TV,Samsung QLED 50,Lenovo,2,845.75,0.23,0.18,1536.9,Cash,Online,EMP969,2,1,Same Day,2,EUR
ORD118963,12-02-2024,BR85,USA,Dallas,CUST9885,PROD118,Tablet,Lenovo Tab P11,Lenovo,2,1472.92,0.26,0.18,2572.31,Debit Card,Online,EMP566,1,1,Standard,2,GBP
ORD118964,28-06-2024,BR38,UAE,Abu Dhabi,CUST7282,PROD780,Tablet,Lenovo Tab P11,Sony,4,166.27,0.24,0.18,596.44,Credit Card,In-Store,EMP850,1,1,Same Day,1,USD
ORD118965,18-01-2023,BR17,India,Delhi,CUST2845,PROD185,Mobile,OnePlus 11,LG,3,288.27,0.3,0.18,714.33,Credit Card,In-Store,EMP772,1,0,Express,8,AED
ORD118966,11-09-2024,BR84,UK,Birmingham,CUST7928,PROD454,Tablet,Lenovo Tab P11,Lenovo,5,506.81,0.16,0.18,2511.75,UPI,In-Store,EMP464,2,0,Express,3,USD
ORD118967,17-12-2023,BR56,UK,Manchester,CUST5824,PROD257,Accessories,Bluetooth Headphones,Sony,4,1836.14,0.18,0.18,7106.6,Credit Card,Online,EMP809,0,1,Express,4,USD
ORD118968,16-01-2024,BR22,India,Mumbai,CUST7608,PROD867,Laptop,MacBook Air M2,Lenovo,1,827.73,0.18,0.18,800.91,UPI,In-Store,EMP203,2,0,Same Day,1,EUR
ORD118969,17-11-2024,BR15,UK,London,CUST9222,PROD683,Laptop,HP Spectre x360,Lenovo,4,1651.02,0.26,0.18,5766.68,Credit Card,Online,EMP902,0,1,Express,5,GBP
ORD118970,04-04-2024,BR115,USA,Los Angeles,CUST8722,PROD626,Laptop,Dell XPS 13,OnePlus,5,1837.56,0.25,0.18,8131.2,Debit Card,Online,EMP483,1,1,Express,8,GBP
ORD118971,27-09-2023,BR61,Germany,Berlin,CUST7559,PROD105,Laptop,MacBook Air M2,Dell,3,1270.98,0.16,0.18,3779.39,Credit Card,Online,EMP306,2,1,Same Day,7,USD
ORD118972,01-10-2024,BR2,UAE,Abu Dhabi,CUST1699,PROD144,Mobile,OnePlus 11,Samsung,4,1347.67,0.01,0.18,6297.39,Net Banking,In-Store,EMP208,1,0,Express,6,GBP
ORD118973,14-04-2023,BR48,USA,New York,CUST4356,PROD195,Accessories,Bluetooth Headphones,LG,4,1068.12,0.09,0.18,4587.79,Debit Card,Online,EMP593,0,1,Express,6,GBP
ORD118974,07-05-2024,BR58,UK,London,CUST4513,PROD811,Tablet,Samsung Galaxy Tab,Apple,5,1640.78,0.26,0.18,7163.65,Cash,Online,EMP886,2,0,Standard,9,INR
ORD118975,20-11-2024,BR34,UK,Manchester,CUST1927,PROD632,Tablet,Lenovo Tab P11,OnePlus,1,1058.6,0.02,0.18,1224.17,Debit Card,In-Store,EMP833,2,0,Express,9,GBP
ORD118976,04-02-2024,BR35,UK,London,CUST7411,PROD397,Laptop,MacBook Air M2,Sony,4,1304.02,0.16,0.18,5170.18,Net Banking,Online,EMP307,0,0,Express,10,AED
ORD118977,24-12-2023,BR29,Germany,Hamburg,CUST1232,PROD401,Accessories,Wireless Mouse,Apple,5,122.69,0.24,0.18,550.14,UPI,Online,EMP583,1,0,Express,5,INR
ORD118978,14-09-2023,BR117,UK,Birmingham,CUST6882,PROD738,Laptop,MacBook Air M2,Samsung,5,216,0.21,0.18,1006.78,UPI,Online,EMP442,0,1,Same Day,5,AED
ORD118979,07-12-2023,BR61,Germany,Munich,CUST8104,PROD463,TV,LG OLED 48,Dell,5,1177.02,0.07,0.18,6458.31,Net Banking,In-Store,EMP254,0,0,Standard,2,INR
ORD118980,12-03-2023,BR42,Germany,Hamburg,CUST2618,PROD468,TV,Samsung QLED 50,Lenovo,4,1883.54,0.21,0.18,7023.34,Net Banking,Online,EMP989,0,0,Same Day,3,INR
ORD118981,23-10-2023,BR111,India,Delhi,CUST5882,PROD857,Laptop,MacBook Air M2,Samsung,4,1248.07,0.21,0.18,4653.8,UPI,Online,EMP374,0,1,Same Day,3,EUR
ORD118982,11-09-2023,BR92,UAE,Dubai,CUST7526,PROD336,Mobile,iPhone 14,HP,3,1737.87,0.2,0.18,4921.65,Credit Card,Online,EMP852,1,0,Same Day,3,INR
ORD118983,10-05-2024,BR83,UAE,Dubai,CUST6888,PROD234,Mobile,iPhone 14,Lenovo,2,132.39,0.08,0.18,287.45,Net Banking,In-Store,EMP495,2,0,Same Day,6,EUR
ORD118984,21-09-2024,BR93,UAE,Abu Dhabi,CUST7599,PROD368,Accessories,Keyboard,Samsung,4,717.39,0.06,0.18,3182.92,Debit Card,In-Store,EMP328,3,0,Standard,2,USD
ORD118985,01-08-2023,BR100,Germany,Berlin,CUST5533,PROD638,Mobile,OnePlus 11,Samsung,5,694.2,0.14,0.18,3522.37,Credit Card,Online,EMP582,3,0,Same Day,3,USD
ORD118986,23-10-2024,BR68,USA,Los Angeles,CUST6438,PROD725,TV,Sony Bravia 55,HP,5,301.81,0.23,0.18,1371.12,Debit Card,Online,EMP304,2,1,Standard,10,GBP
ORD118987,19-04-2023,BR84,USA,Chicago,CUST2385,PROD470,Accessories,Wireless Mouse,LG,1,1581.96,0.16,0.18,1568.04,Net Banking,Online,EMP882,2,0,Express,5,AED
ORD118988,28-11-2023,BR72,USA,Chicago,CUST4534,PROD981,Laptop,HP Spectre x360,LG,4,1066.19,0.21,0.18,3975.61,Debit Card,In-Store,EMP928,1,1,Same Day,4,USD
ORD118989,01-05-2024,BR106,Germany,Berlin,CUST5098,PROD571,Laptop,HP Spectre x360,LG,3,1579.69,0.16,0.18,4697.37,Debit Card,In-Store,EMP286,0,0,Express,8,GBP
ORD118990,06-11-2023,BR71,UAE,Dubai,CUST4366,PROD226,Accessories,Keyboard,HP,2,1676.89,0,0.18,3957.46,Net Banking,Online,EMP448,2,0,Express,7,GBP
ORD118991,23-10-2024,BR87,USA,Dallas,CUST7331,PROD903,Laptop,Dell XPS 13,Lenovo,2,67.61,0.28,0.18,114.88,UPI,Online,EMP836,2,1,Same Day,8,EUR
ORD118992,18-12-2024,BR6,USA,Los Angeles,CUST5683,PROD337,Tablet,Lenovo Tab P11,Sony,3,1855.18,0.01,0.18,6501.66,Cash,In-Store,EMP785,3,0,Express,4,INR
ORD118993,27-11-2024,BR105,USA,Los Angeles,CUST2008,PROD622,Mobile,Samsung Galaxy S23,Sony,4,586.11,0.13,0.18,2406.8,Net Banking,In-Store,EMP680,1,1,Standard,10,AED
ORD118994,24-02-2024,BR109,India,Mumbai,CUST5046,PROD124,Tablet,iPad Air,Samsung,4,1672.9,0.16,0.18,6632.71,Cash,Online,EMP386,3,1,Express,4,INR
ORD118995,13-06-2024,BR9,UAE,Dubai,CUST4067,PROD138,Accessories,Bluetooth Headphones,HP,4,273.91,0.05,0.18,1228.21,Cash,In-Store,EMP281,2,0,Express,7,INR
ORD118996,03-08-2024,BR117,India,Bangalore,CUST2344,PROD773,Mobile,Samsung Galaxy S23,Sony,2,1543.92,0.27,0.18,2659.87,Credit Card,Online,EMP692,1,0,Same Day,5,GBP
ORD118997,31-08-2023,BR93,USA,Los Angeles,CUST3002,PROD248,Accessories,Bluetooth Headphones,LG,5,542.85,0.18,0.18,2626.31,Credit Card,In-Store,EMP983,3,0,Same Day,10,INR
ORD118998,25-09-2023,BR32,Germany,Munich,CUST7192,PROD852,Accessories,Bluetooth Headphones,Sony,3,883.4,0.24,0.18,2376.7,Cash,Online,EMP270,2,0,Same Day,9,GBP
ORD118999,14-06-2023,BR55,India,Bangalore,CUST4996,PROD967,Accessories,Wireless Mouse,Sony,5,134.56,0.14,0.18,682.76,Debit Card,Online,EMP412,3,1,Express,4,INR
ORD119000,10-08-2023,BR95,India,Pune,CUST6896,PROD824,Tablet,iPad Air,HP,1,1226.61,0.23,0.18,1114.5,UPI,Online,EMP322,1,0,Standard,1,AED
ORD119001,26-06-2024,BR100,UAE,Dubai,CUST1905,PROD811,TV,Sony Bravia 55,Sony,2,350.09,0.13,0.18,718.8,Debit Card,Online,EMP344,0,1,Express,10,AED
ORD119002,04-01-2023,BR101,UAE,Dubai,CUST2927,PROD600,Mobile,Samsung Galaxy S23,LG,4,1242.27,0.23,0.18,4514.91,Credit Card,Online,EMP947,2,1,Standard,6,GBP
ORD119003,23-01-2024,BR44,India,Pune,CUST7973,PROD524,Mobile,OnePlus 11,HP,3,1026.6,0.04,0.18,3488.8,Debit Card,Online,EMP817,2,1,Same Day,1,EUR
ORD119004,18-12-2023,BR55,India,Bangalore,CUST1510,PROD187,Laptop,Dell XPS 13,Lenovo,1,1615.95,0.29,0.18,1353.84,Cash,Online,EMP739,0,0,Express,9,USD
ORD119005,15-06-2024,BR105,UAE,Dubai,CUST3644,PROD351,Mobile,Samsung Galaxy S23,Dell,4,739.48,0.03,0.18,3385.64,Credit Card,Online,EMP470,2,0,Same Day,3,USD
ORD119006,17-02-2023,BR109,India,Pune,CUST1255,PROD529,Tablet,Lenovo Tab P11,Lenovo,2,1520.26,0.16,0.18,3013.76,Debit Card,In-Store,EMP243,3,0,Standard,1,GBP
ORD119007,26-04-2024,BR11,UAE,Abu Dhabi,CUST9869,PROD254,Accessories,Wireless Mouse,Apple,3,1511.99,0.2,0.18,4281.96,UPI,Online,EMP887,2,0,Express,5,USD
ORD119008,02-12-2023,BR44,Germany,Munich,CUST5464,PROD955,TV,Samsung QLED 50,LG,4,596.25,0.1,0.18,2532.87,Net Banking,In-Store,EMP454,2,0,Same Day,7,INR
ORD119009,19-12-2023,BR113,UK,Birmingham,CUST5495,PROD356,Mobile,OnePlus 11,Samsung,1,1576.49,0.1,0.18,1674.23,Debit Card,Online,EMP587,2,0,Standard,4,GBP
ORD119010,19-06-2024,BR52,USA,Los Angeles,CUST2806,PROD116,Mobile,Samsung Galaxy S23,Sony,5,550.56,0.27,0.18,2371.26,Net Banking,Online,EMP318,1,0,Same Day,10,INR
ORD119011,28-07-2024,BR104,UK,Birmingham,CUST7152,PROD715,Mobile,iPhone 14,Apple,4,1650.57,0.01,0.18,7712.78,UPI,Online,EMP530,3,1,Standard,4,USD
ORD119012,17-07-2024,BR106,USA,Los Angeles,CUST2720,PROD930,Mobile,OnePlus 11,Sony,1,1069.1,0.06,0.18,1185.85,Cash,Online,EMP746,3,1,Standard,1,USD
ORD119013,20-03-2023,BR68,India,Bangalore,CUST4497,PROD221,Mobile,OnePlus 11,Apple,2,987.76,0,0.18,2331.11,UPI,Online,EMP749,3,0,Standard,10,INR
ORD119014,30-10-2023,BR34,Germany,Hamburg,CUST1858,PROD392,Mobile,iPhone 14,Dell,1,1196.62,0.06,0.18,1327.29,Credit Card,In-Store,EMP834,0,1,Express,2,AED
ORD119015,02-11-2024,BR92,India,Mumbai,CUST1483,PROD470,TV,LG OLED 48,Sony,4,947.08,0.08,0.18,4112.6,Credit Card,In-Store,EMP321,1,0,Same Day,9,USD
ORD119016,19-11-2023,BR15,USA,Los Angeles,CUST4698,PROD721,Mobile,Samsung Galaxy S23,Samsung,3,641.39,0.21,0.18,1793.71,Debit Card,Online,EMP256,3,1,Same Day,2,GBP
ORD119017,04-11-2024,BR21,UK,Manchester,CUST7736,PROD979,Accessories,Wireless Mouse,LG,1,850.37,0.16,0.18,842.89,Net Banking,Online,EMP331,3,1,Standard,9,AED
ORD119018,06-04-2024,BR47,UAE,Dubai,CUST4099,PROD678,Mobile,OnePlus 11,Apple,5,1465.3,0,0.18,8645.27,Cash,Online,EMP461,0,0,Standard,1,GBP
ORD119019,28-01-2023,BR38,UK,Manchester,CUST5910,PROD602,Accessories,Keyboard,Apple,4,1977.88,0.15,0.18,7935.25,Cash,Online,EMP380,3,1,Standard,3,EUR
ORD119020,16-02-2023,BR6,UAE,Abu Dhabi,CUST5861,PROD915,Mobile,iPhone 14,OnePlus,1,1184.26,0.19,0.18,1131.92,Debit Card,In-Store,EMP965,3,0,Standard,10,GBP
ORD119021,29-06-2024,BR110,India,Bangalore,CUST9830,PROD728,Mobile,iPhone 14,OnePlus,1,1403.11,0.11,0.18,1473.55,UPI,In-Store,EMP720,1,1,Express,9,EUR
ORD119022,09-01-2024,BR93,USA,Los Angeles,CUST2665,PROD187,Tablet,iPad Air,Dell,1,112.51,0.09,0.18,120.81,Credit Card,Online,EMP876,2,0,Express,6,EUR
ORD119023,12-03-2024,BR112,India,Pune,CUST8794,PROD460,Accessories,Keyboard,Lenovo,4,243.72,0.2,0.18,920.29,UPI,Online,EMP812,2,1,Express,3,INR
ORD119024,04-09-2024,BR1,USA,New York,CUST3524,PROD310,TV,Sony Bravia 55,Apple,2,74.61,0.2,0.18,140.86,Credit Card,Online,EMP626,0,0,Express,3,INR
ORD119025,04-09-2024,BR75,UAE,Dubai,CUST2004,PROD522,TV,Sony Bravia 55,HP,5,536.87,0.02,0.18,3104.18,Debit Card,Online,EMP478,0,0,Standard,7,USD
ORD119026,21-12-2024,BR94,UK,Manchester,CUST8503,PROD170,TV,Sony Bravia 55,Sony,1,1982.43,0.09,0.18,2128.73,Net Banking,Online,EMP695,3,1,Express,9,INR
ORD119027,30-07-2023,BR37,USA,New York,CUST7391,PROD736,Mobile,Samsung Galaxy S23,OnePlus,4,1988.04,0.22,0.18,7319.17,Debit Card,Online,EMP359,0,0,Express,8,USD
ORD119028,15-05-2023,BR114,UK,Birmingham,CUST4718,PROD525,Laptop,Dell XPS 13,OnePlus,4,1875.18,0.25,0.18,6638.14,Net Banking,Online,EMP477,0,1,Same Day,3,USD
ORD119029,23-05-2024,BR106,UK,Birmingham,CUST8317,PROD893,Mobile,OnePlus 11,LG,3,1503.64,0.25,0.18,3992.16,Cash,Online,EMP810,3,1,Standard,5,GBP
ORD119030,11-06-2024,BR45,USA,Chicago,CUST2345,PROD627,Accessories,Bluetooth Headphones,Apple,2,299.62,0.09,0.18,643.46,Net Banking,Online,EMP935,3,0,Same Day,3,AED
ORD119031,15-06-2024,BR22,Germany,Hamburg,CUST2902,PROD949,Tablet,Lenovo Tab P11,Sony,1,1207.77,0.2,0.18,1140.13,Credit Card,In-Store,EMP839,0,0,Same Day,7,INR
ORD119032,13-10-2024,BR24,USA,New York,CUST7499,PROD209,Accessories,Bluetooth Headphones,Samsung,4,861.19,0.23,0.18,3129.91,Net Banking,Online,EMP379,2,0,Same Day,8,AED
ORD119033,27-01-2023,BR58,UK,London,CUST9361,PROD899,Accessories,Wireless Mouse,Lenovo,1,330.63,0.14,0.18,335.52,UPI,Online,EMP215,0,1,Same Day,5,AED
ORD119034,12-12-2024,BR73,India,Mumbai,CUST2190,PROD947,Laptop,MacBook Air M2,Lenovo,1,1656.56,0.05,0.18,1857,UPI,Online,EMP212,0,1,Express,3,GBP
ORD119035,17-09-2024,BR35,UK,London,CUST5183,PROD106,Tablet,iPad Air,OnePlus,4,198.18,0.03,0.18,907.35,UPI,Online,EMP612,2,0,Same Day,8,GBP
ORD119036,03-10-2023,BR58,UK,Birmingham,CUST4206,PROD841,Laptop,HP Spectre x360,Apple,3,81.07,0.14,0.18,246.81,Credit Card,In-Store,EMP636,2,0,Express,1,INR
ORD119037,03-04-2024,BR90,Germany,Berlin,CUST4914,PROD610,Accessories,Keyboard,OnePlus,5,1676.81,0.17,0.18,8211.34,Cash,In-Store,EMP925,0,0,Express,5,GBP
ORD119038,02-07-2024,BR65,UAE,Dubai,CUST4360,PROD837,Tablet,Lenovo Tab P11,OnePlus,2,1577.92,0.11,0.18,3314.26,UPI,Online,EMP882,0,0,Express,4,USD
ORD119039,04-12-2024,BR62,USA,Dallas,CUST3436,PROD611,Laptop,HP Spectre x360,Samsung,5,100.33,0.22,0.18,461.72,Debit Card,Online,EMP269,0,1,Express,6,USD
ORD119040,28-03-2024,BR23,UAE,Dubai,CUST2139,PROD367,TV,Samsung QLED 50,Samsung,3,352.12,0.16,0.18,1047.06,Net Banking,In-Store,EMP293,0,0,Express,5,EUR
ORD119041,02-11-2024,BR70,USA,Chicago,CUST2170,PROD909,Tablet,Samsung Galaxy Tab,Dell,3,1144.52,0.15,0.18,3443.86,Cash,Online,EMP787,1,1,Standard,8,EUR
ORD119042,15-11-2023,BR72,India,Delhi,CUST6755,PROD523,Laptop,Dell XPS 13,Lenovo,2,1539.24,0.12,0.18,3196.69,UPI,Online,EMP850,1,0,Same Day,6,EUR
ORD119043,31-12-2024,BR114,Germany,Berlin,CUST3756,PROD361,Laptop,Dell XPS 13,Apple,1,1351.61,0.16,0.18,1339.72,Credit Card,In-Store,EMP652,1,1,Express,2,INR
ORD119044,09-08-2023,BR32,UK,Birmingham,CUST7957,PROD458,Laptop,HP Spectre x360,Sony,3,852.1,0.1,0.18,2714.79,UPI,In-Store,EMP349,2,1,Same Day,8,AED
ORD119045,26-08-2023,BR43,Germany,Hamburg,CUST3536,PROD862,Laptop,HP Spectre x360,Sony,4,1169.88,0.19,0.18,4472.69,UPI,In-Store,EMP489,3,1,Same Day,6,GBP
ORD119046,27-08-2023,BR6,UK,London,CUST9759,PROD786,Tablet,iPad Air,OnePlus,4,578.07,0.11,0.18,2428.36,Net Banking,Online,EMP938,3,1,Express,2,INR
ORD119047,18-03-2024,BR92,Germany,Munich,CUST6652,PROD423,Laptop,Dell XPS 13,Apple,4,742.19,0,0.18,3503.14,Cash,In-Store,EMP275,3,0,Same Day,1,USD
ORD119048,10-08-2023,BR6,India,Mumbai,CUST5050,PROD509,TV,LG OLED 48,LG,1,1720.1,0.24,0.18,1542.59,Debit Card,Online,EMP947,2,0,Express,2,GBP
ORD119049,25-06-2024,BR93,UAE,Abu Dhabi,CUST8024,PROD929,TV,Sony Bravia 55,Apple,1,924.24,0.03,0.18,1057.89,UPI,Online,EMP761,0,0,Express,7,USD
ORD119050,23-07-2023,BR45,Germany,Munich,CUST3734,PROD162,Tablet,Samsung Galaxy Tab,Dell,2,297.47,0.18,0.18,575.66,UPI,Online,EMP828,3,1,Express,9,INR
ORD119051,04-07-2024,BR58,UK,Birmingham,CUST5641,PROD708,Mobile,Samsung Galaxy S23,Samsung,2,623.27,0.3,0.18,1029.64,Credit Card,In-Store,EMP390,3,0,Express,3,GBP
ORD119052,10-03-2024,BR86,USA,Dallas,CUST8957,PROD125,TV,Samsung QLED 50,OnePlus,4,499.95,0.05,0.18,2241.78,Cash,Online,EMP238,1,1,Same Day,8,USD
ORD119053,26-01-2024,BR117,India,Delhi,CUST4011,PROD610,Laptop,HP Spectre x360,Dell,2,1555.12,0,0.18,3670.08,UPI,In-Store,EMP910,1,1,Express,8,INR
ORD119054,10-10-2024,BR5,UK,Birmingham,CUST3846,PROD343,Tablet,iPad Air,LG,3,897.6,0.08,0.18,2923.3,Credit Card,Online,EMP232,2,0,Same Day,7,EUR
ORD119055,26-06-2024,BR100,UK,London,CUST6109,PROD246,Accessories,Keyboard,HP,3,702.92,0.05,0.18,2363.92,Cash,In-Store,EMP377,2,0,Same Day,10,AED
ORD119056,26-10-2023,BR2,UK,Birmingham,CUST7024,PROD500,Tablet,Lenovo Tab P11,HP,1,427.8,0.03,0.18,489.66,UPI,Online,EMP328,3,0,Standard,7,INR
ORD119057,02-10-2023,BR86,Germany,Berlin,CUST5983,PROD117,Accessories,Keyboard,Sony,2,1280.59,0.01,0.18,2991.97,UPI,Online,EMP297,0,0,Standard,1,INR
ORD119058,05-06-2023,BR119,India,Delhi,CUST9988,PROD973,Mobile,iPhone 14,Apple,5,181.33,0.1,0.18,962.86,Debit Card,In-Store,EMP300,0,0,Express,3,USD
ORD119059,29-11-2023,BR12,UK,Birmingham,CUST7484,PROD204,TV,LG OLED 48,LG,2,556.3,0.19,0.18,1063.42,Credit Card,In-Store,EMP860,0,1,Express,10,INR
ORD119060,04-12-2024,BR49,UK,London,CUST6362,PROD740,TV,Sony Bravia 55,Apple,1,621.44,0.04,0.18,703.97,Net Banking,Online,EMP964,2,0,Express,8,INR
ORD119061,17-04-2023,BR59,USA,Dallas,CUST5693,PROD806,Accessories,Keyboard,HP,4,985.69,0.11,0.18,4140.69,Debit Card,In-Store,EMP724,3,1,Same Day,10,INR
ORD119062,03-12-2023,BR95,USA,Dallas,CUST1494,PROD502,Tablet,Samsung Galaxy Tab,Samsung,5,1688.57,0.2,0.18,7970.05,Credit Card,In-Store,EMP415,1,1,Express,8,GBP
ORD119063,02-10-2024,BR33,UAE,Dubai,CUST7211,PROD950,TV,LG OLED 48,Dell,4,1184.14,0.05,0.18,5309.68,Debit Card,Online,EMP873,1,0,Standard,2,GBP
ORD119064,04-08-2023,BR107,UK,Manchester,CUST3688,PROD925,Laptop,Dell XPS 13,Apple,5,1834.67,0.21,0.18,8551.4,Debit Card,Online,EMP376,2,0,Same Day,5,EUR
ORD119065,12-01-2024,BR8,UK,London,CUST8208,PROD249,Tablet,iPad Air,Apple,3,1134.41,0.28,0.18,2891.38,Debit Card,Online,EMP279,3,0,Standard,7,EUR
ORD119066,18-05-2024,BR28,Germany,Berlin,CUST2196,PROD701,Tablet,Samsung Galaxy Tab,Sony,5,1251.27,0.19,0.18,5979.82,Cash,Online,EMP444,1,0,Express,7,GBP
ORD119067,20-08-2023,BR85,India,Bangalore,CUST7019,PROD670,Tablet,Samsung Galaxy Tab,Dell,1,621.47,0.23,0.18,564.67,Net Banking,Online,EMP855,1,0,Same Day,2,EUR
ORD119068,01-04-2024,BR32,UK,Birmingham,CUST8190,PROD168,TV,LG OLED 48,Sony,5,1367.69,0.04,0.18,7746.6,UPI,Online,EMP781,2,0,Express,3,GBP
ORD119069,22-12-2023,BR94,USA,Los Angeles,CUST3204,PROD416,Mobile,Samsung Galaxy S23,Dell,5,1320.57,0.25,0.18,5843.52,Credit Card,In-Store,EMP413,3,1,Express,1,AED
ORD119070,28-11-2023,BR38,Germany,Berlin,CUST8182,PROD141,TV,Samsung QLED 50,LG,5,431.8,0.25,0.18,1910.71,Debit Card,In-Store,EMP833,2,0,Standard,6,AED
ORD119071,20-11-2023,BR80,Germany,Munich,CUST9797,PROD781,Laptop,HP Spectre x360,Lenovo,4,1209.43,0.23,0.18,4395.55,UPI,Online,EMP214,1,1,Standard,9,GBP
ORD119072,28-05-2023,BR80,Germany,Munich,CUST7664,PROD113,Laptop,Dell XPS 13,Samsung,5,1682.35,0.19,0.18,8039.95,Credit Card,Online,EMP356,3,1,Express,9,GBP
ORD119073,17-04-2023,BR80,UAE,Abu Dhabi,CUST8422,PROD429,Accessories,Bluetooth Headphones,Samsung,3,584.74,0.13,0.18,1800.88,Debit Card,Online,EMP607,0,0,Express,8,EUR
ORD119074,06-02-2023,BR66,India,Delhi,CUST1914,PROD511,Accessories,Wireless Mouse,LG,1,150.18,0.03,0.18,171.9,Credit Card,Online,EMP594,2,1,Same Day,1,EUR
ORD119075,27-12-2024,BR106,India,Delhi,CUST4181,PROD731,Mobile,OnePlus 11,Lenovo,2,1923.35,0.23,0.18,3495.11,UPI,In-Store,EMP301,1,1,Standard,8,USD
ORD119076,26-03-2023,BR61,Germany,Hamburg,CUST8728,PROD295,Mobile,iPhone 14,Samsung,3,1138.48,0.23,0.18,3103.27,Debit Card,In-Store,EMP265,1,1,Standard,1,GBP
ORD119077,15-07-2024,BR68,India,Bangalore,CUST4654,PROD738,Tablet,iPad Air,Sony,1,1887.39,0.12,0.18,1959.87,Debit Card,Online,EMP943,0,0,Express,7,EUR
ORD119078,15-01-2023,BR60,Germany,Munich,CUST9947,PROD301,Tablet,Samsung Galaxy Tab,Apple,4,1655.41,0.28,0.18,5625.75,Net Banking,Online,EMP906,1,0,Same Day,8,INR
ORD119079,19-08-2023,BR43,India,Bangalore,CUST7508,PROD807,Laptop,Dell XPS 13,Apple,3,931.45,0.06,0.18,3099.49,Debit Card,In-Store,EMP637,2,1,Standard,1,INR
ORD119080,16-11-2023,BR8,Germany,Hamburg,CUST7061,PROD972,Accessories,Bluetooth Headphones,LG,4,167.08,0.04,0.18,757.07,Cash,In-Store,EMP791,3,0,Same Day,6,INR
ORD119081,22-05-2024,BR97,UK,Birmingham,CUST1391,PROD908,Accessories,Wireless Mouse,Apple,2,660.47,0.11,0.18,1387.25,Debit Card,In-Store,EMP832,0,0,Express,4,AED
ORD119082,07-06-2024,BR39,UK,Manchester,CUST6307,PROD797,Mobile,OnePlus 11,Dell,2,796.72,0.21,0.18,1485.4,Debit Card,In-Store,EMP880,2,0,Same Day,10,AED
ORD119083,18-01-2023,BR84,India,Mumbai,CUST6046,PROD341,Laptop,MacBook Air M2,Samsung,3,1845.84,0.22,0.18,5096.73,Net Banking,Online,EMP716,3,0,Express,2,EUR
ORD119084,19-10-2023,BR22,UAE,Abu Dhabi,CUST6156,PROD324,TV,Sony Bravia 55,LG,1,1813.96,0.04,0.18,2054.85,Net Banking,Online,EMP380,2,0,Same Day,10,INR
ORD119085,04-06-2023,BR103,USA,Los Angeles,CUST7567,PROD911,Tablet,Samsung Galaxy Tab,Sony,3,1736.51,0.27,0.18,4487.49,UPI,Online,EMP994,1,0,Express,8,INR
ORD119086,06-11-2023,BR23,Germany,Munich,CUST7842,PROD997,Mobile,OnePlus 11,Sony,2,1255.61,0.1,0.18,2666.92,Cash,In-Store,EMP388,0,1,Same Day,4,AED
ORD119087,13-03-2024,BR55,India,Delhi,CUST9945,PROD163,Mobile,OnePlus 11,HP,4,1022.02,0.21,0.18,3810.91,UPI,Online,EMP492,2,0,Same Day,3,AED
ORD119088,24-09-2023,BR105,India,Mumbai,CUST7642,PROD994,Laptop,HP Spectre x360,OnePlus,2,1015.92,0.01,0.18,2373.6,Cash,In-Store,EMP957,2,0,Standard,9,EUR
ORD119089,12-09-2024,BR6,Germany,Hamburg,CUST4772,PROD851,Tablet,Samsung Galaxy Tab,Lenovo,2,1799.18,0.29,0.18,3014.71,Cash,Online,EMP364,1,1,Same Day,3,AED
ORD119090,09-03-2024,BR10,Germany,Munich,CUST1572,PROD957,TV,Sony Bravia 55,Dell,1,297.29,0.14,0.18,301.69,Debit Card,In-Store,EMP425,0,1,Standard,7,AED
ORD119091,07-09-2023,BR18,USA,New York,CUST2343,PROD424,TV,Samsung QLED 50,Dell,4,106.22,0.17,0.18,416.13,Cash,Online,EMP435,0,0,Standard,9,AED
ORD119092,30-01-2024,BR65,UK,London,CUST8402,PROD421,Laptop,Dell XPS 13,HP,4,1034.47,0.17,0.18,4052.64,Debit Card,In-Store,EMP830,3,0,Same Day,10,INR
ORD119093,31-07-2024,BR93,Germany,Berlin,CUST8663,PROD647,Tablet,Samsung Galaxy Tab,Sony,2,1313.59,0.25,0.18,2325.05,UPI,In-Store,EMP954,0,1,Express,1,GBP
ORD119094,23-12-2023,BR17,UAE,Abu Dhabi,CUST7652,PROD736,Laptop,HP Spectre x360,HP,1,1622.97,0.03,0.18,1857.65,Credit Card,Online,EMP472,0,1,Standard,4,EUR
ORD119095,05-11-2024,BR20,Germany,Munich,CUST9188,PROD144,TV,Samsung QLED 50,Dell,4,582.18,0.18,0.18,2253.27,Credit Card,Online,EMP700,3,0,Express,4,AED
ORD119096,15-10-2024,BR43,UK,London,CUST9013,PROD990,Laptop,Dell XPS 13,Apple,5,801.82,0.28,0.18,3406.13,Net Banking,In-Store,EMP334,3,1,Same Day,8,AED
ORD119097,13-11-2024,BR115,Germany,Berlin,CUST9860,PROD698,Accessories,Wireless Mouse,LG,1,1485.07,0.09,0.18,1594.67,Debit Card,In-Store,EMP289,2,0,Express,9,EUR
ORD119098,13-09-2023,BR42,India,Mumbai,CUST9154,PROD369,Mobile,iPhone 14,Apple,5,672.04,0.15,0.18,3370.28,Cash,In-Store,EMP573,2,0,Standard,5,EUR
ORD119099,11-10-2024,BR114,India,Delhi,CUST2626,PROD718,Accessories,Keyboard,LG,2,1816.67,0.19,0.18,3472.75,Net Banking,In-Store,EMP799,3,0,Standard,1,AED
ORD119100,01-07-2024,BR73,UK,Manchester,CUST7260,PROD299,TV,Samsung QLED 50,Sony,1,1752.65,0.12,0.18,1819.95,Debit Card,Online,EMP639,3,0,Express,10,AED
ORD119101,07-04-2024,BR76,USA,Dallas,CUST1646,PROD876,TV,LG OLED 48,Dell,5,1694.91,0.14,0.18,8599.97,Credit Card,In-Store,EMP611,0,0,Standard,5,GBP
ORD119102,01-06-2024,BR106,India,Mumbai,CUST9659,PROD953,Accessories,Keyboard,Sony,5,846.86,0.04,0.18,4796.62,Net Banking,Online,EMP554,2,0,Same Day,2,AED
ORD119103,24-05-2024,BR48,USA,Dallas,CUST8178,PROD313,Accessories,Keyboard,Dell,1,610.77,0.07,0.18,670.26,Credit Card,Online,EMP329,0,1,Express,2,EUR
ORD119104,24-04-2023,BR33,India,Mumbai,CUST4135,PROD911,Mobile,Samsung Galaxy S23,Apple,1,919.02,0.08,0.18,997.69,Credit Card,In-Store,EMP561,2,1,Express,1,GBP
ORD119105,08-04-2023,BR85,UAE,Abu Dhabi,CUST6490,PROD790,Laptop,HP Spectre x360,OnePlus,5,1802.84,0.04,0.18,10211.29,Cash,In-Store,EMP409,1,0,Same Day,3,USD
ORD119106,07-06-2024,BR99,USA,Los Angeles,CUST2010,PROD370,Mobile,iPhone 14,Lenovo,4,1082.83,0.19,0.18,4139.88,UPI,In-Store,EMP203,1,1,Express,2,AED
ORD119107,15-12-2023,BR21,India,Mumbai,CUST5827,PROD701,Accessories,Wireless Mouse,OnePlus,2,1789.62,0.29,0.18,2998.69,Debit Card,Online,EMP974,1,1,Standard,2,EUR
ORD119108,23-12-2023,BR65,USA,New York,CUST4697,PROD927,Tablet,iPad Air,LG,2,789,0.01,0.18,1843.42,UPI,Online,EMP443,2,0,Same Day,8,INR
ORD119109,23-01-2024,BR104,India,Mumbai,CUST6495,PROD130,Laptop,Dell XPS 13,Apple,3,435.75,0.08,0.18,1419.15,Credit Card,Online,EMP913,1,0,Standard,5,GBP
ORD119110,11-06-2024,BR27,USA,Dallas,CUST1335,PROD178,TV,LG OLED 48,HP,1,1080.71,0.22,0.18,994.69,Credit Card,Online,EMP771,1,0,Same Day,4,INR
ORD119111,23-12-2024,BR39,UK,Birmingham,CUST9530,PROD515,TV,LG OLED 48,Samsung,3,1249.75,0.09,0.18,4025.94,Cash,Online,EMP976,1,0,Same Day,3,GBP
ORD119112,06-11-2023,BR111,USA,Los Angeles,CUST9825,PROD966,Laptop,Dell XPS 13,OnePlus,3,848.1,0.14,0.18,2581.96,Net Banking,In-Store,EMP700,2,0,Standard,1,USD
ORD119113,12-07-2023,BR107,Germany,Munich,CUST6535,PROD925,TV,Samsung QLED 50,OnePlus,4,379.77,0.25,0.18,1344.39,Credit Card,Online,EMP394,0,1,Standard,9,EUR
ORD119114,04-06-2024,BR54,UAE,Abu Dhabi,CUST4494,PROD965,Accessories,Bluetooth Headphones,LG,1,1585.25,0.11,0.18,1664.83,UPI,In-Store,EMP735,0,1,Standard,9,USD
ORD119115,04-04-2023,BR5,UAE,Abu Dhabi,CUST7345,PROD805,Laptop,HP Spectre x360,Apple,5,537.16,0.15,0.18,2693.86,Credit Card,In-Store,EMP309,0,0,Standard,3,EUR
ORD119116,13-10-2023,BR50,Germany,Hamburg,CUST1164,PROD808,Tablet,Samsung Galaxy Tab,Sony,4,1000.99,0.23,0.18,3638,Debit Card,In-Store,EMP758,0,0,Standard,4,USD
ORD119117,04-04-2024,BR18,USA,New York,CUST6077,PROD673,Tablet,Samsung Galaxy Tab,Lenovo,5,145.43,0.12,0.18,755.07,Net Banking,In-Store,EMP374,2,1,Express,8,USD
ORD119118,27-12-2024,BR37,UK,London,CUST9104,PROD855,Laptop,Dell XPS 13,LG,1,912.19,0.16,0.18,904.16,Credit Card,In-Store,EMP897,2,1,Same Day,1,GBP
ORD119119,05-06-2023,BR52,India,Delhi,CUST2053,PROD321,TV,LG OLED 48,Lenovo,5,1533.15,0.06,0.18,8502.85,Net Banking,In-Store,EMP253,1,0,Standard,8,USD
ORD119120,18-12-2023,BR93,UK,Birmingham,CUST4647,PROD886,TV,LG OLED 48,Lenovo,1,1715.74,0.18,0.18,1660.15,Debit Card,In-Store,EMP548,0,1,Same Day,4,USD
ORD119121,03-01-2023,BR48,UAE,Dubai,CUST7614,PROD909,Accessories,Keyboard,LG,3,876.85,0.27,0.18,2265.96,UPI,In-Store,EMP656,2,0,Express,6,EUR
ORD119122,06-03-2024,BR88,UK,London,CUST2118,PROD574,Tablet,iPad Air,LG,1,432.5,0.1,0.18,459.31,Net Banking,In-Store,EMP536,3,0,Same Day,9,USD
ORD119123,17-12-2023,BR2,Germany,Munich,CUST2414,PROD869,Laptop,HP Spectre x360,LG,1,1281.49,0.28,0.18,1088.75,UPI,In-Store,EMP406,3,0,Standard,10,AED
ORD119124,27-12-2023,BR4,India,Mumbai,CUST1025,PROD436,Tablet,Lenovo Tab P11,HP,2,639.27,0.27,0.18,1101.33,Net Banking,In-Store,EMP651,3,0,Standard,2,EUR
ORD119125,16-04-2024,BR90,India,Mumbai,CUST6255,PROD501,Tablet,iPad Air,HP,1,1622.36,0.26,0.18,1416.64,Debit Card,In-Store,EMP508,0,1,Standard,4,INR
ORD119126,28-04-2024,BR18,UAE,Dubai,CUST4051,PROD634,Mobile,iPhone 14,Lenovo,5,1475.24,0.05,0.18,8268.72,Net Banking,Online,EMP557,2,1,Standard,9,EUR
ORD119127,27-03-2024,BR58,India,Bangalore,CUST3638,PROD694,Mobile,OnePlus 11,Samsung,3,1489.93,0.24,0.18,4008.51,UPI,In-Store,EMP766,2,1,Standard,7,GBP
ORD119128,27-05-2024,BR66,India,Delhi,CUST3238,PROD887,Laptop,HP Spectre x360,OnePlus,2,761.56,0.15,0.18,1527.69,Credit Card,Online,EMP439,1,0,Express,1,EUR
ORD119129,30-06-2024,BR89,India,Mumbai,CUST6717,PROD886,Accessories,Keyboard,LG,2,1078.82,0.24,0.18,1934.97,Credit Card,In-Store,EMP885,2,0,Express,6,EUR
ORD119130,09-08-2024,BR61,USA,Chicago,CUST8124,PROD551,TV,Sony Bravia 55,HP,2,1188.43,0.06,0.18,2636.41,Cash,Online,EMP290,2,1,Same Day,3,AED
ORD119131,02-08-2024,BR119,USA,Dallas,CUST5245,PROD596,Accessories,Wireless Mouse,OnePlus,1,765.76,0.22,0.18,704.81,UPI,Online,EMP543,0,0,Same Day,4,GBP
ORD119132,15-05-2023,BR68,India,Delhi,CUST3410,PROD990,TV,Sony Bravia 55,OnePlus,4,729.94,0.19,0.18,2790.71,UPI,Online,EMP550,0,0,Standard,8,AED
ORD119133,30-12-2023,BR110,USA,Chicago,CUST5090,PROD248,Accessories,Wireless Mouse,Samsung,1,1681.69,0.02,0.18,1944.71,UPI,In-Store,EMP808,0,0,Same Day,6,EUR
ORD119134,29-04-2024,BR69,UK,Manchester,CUST6299,PROD375,Mobile,iPhone 14,Lenovo,1,1435.63,0.2,0.18,1355.23,Debit Card,In-Store,EMP787,3,1,Same Day,6,GBP
ORD119135,02-09-2023,BR97,Germany,Hamburg,CUST4001,PROD831,Mobile,Samsung Galaxy S23,Dell,4,671.07,0.1,0.18,2850.71,UPI,In-Store,EMP702,2,1,Standard,3,EUR
ORD119136,23-08-2024,BR53,Germany,Hamburg,CUST6597,PROD401,Tablet,Samsung Galaxy Tab,Apple,4,1519,0.2,0.18,5735.74,Debit Card,Online,EMP727,2,1,Express,6,USD
ORD119137,16-10-2024,BR98,Germany,Hamburg,CUST6700,PROD933,Tablet,Samsung Galaxy Tab,HP,5,613.15,0.08,0.18,3328.18,Credit Card,In-Store,EMP316,2,1,Express,6,EUR
ORD119138,10-06-2023,BR96,USA,Los Angeles,CUST6691,PROD861,Mobile,OnePlus 11,Samsung,4,952.31,0.05,0.18,4270.16,Debit Card,In-Store,EMP592,1,1,Standard,3,USD
ORD119139,25-09-2024,BR75,Germany,Hamburg,CUST8522,PROD187,TV,LG OLED 48,OnePlus,3,239.67,0.25,0.18,636.32,Credit Card,Online,EMP212,3,1,Standard,8,GBP
ORD119140,03-05-2023,BR108,USA,Chicago,CUST7878,PROD966,Mobile,Samsung Galaxy S23,Samsung,2,1865.68,0.23,0.18,3390.31,UPI,Online,EMP969,3,1,Standard,1,INR
ORD119141,25-11-2023,BR108,USA,New York,CUST4488,PROD958,TV,LG OLED 48,LG,2,1008.82,0.06,0.18,2237.97,Cash,Online,EMP988,0,0,Express,8,INR
ORD119142,04-04-2023,BR5,India,Pune,CUST1317,PROD785,Mobile,OnePlus 11,HP,1,559.45,0.11,0.18,587.53,Net Banking,In-Store,EMP590,3,0,Standard,2,EUR
ORD119143,29-04-2024,BR57,USA,Dallas,CUST8999,PROD362,Laptop,MacBook Air M2,OnePlus,4,870.58,0.19,0.18,3328.4,Net Banking,In-Store,EMP474,2,0,Same Day,2,EUR
ORD119144,15-04-2023,BR7,India,Pune,CUST1748,PROD965,Laptop,Dell XPS 13,Lenovo,1,1472.42,0.28,0.18,1250.97,Net Banking,In-Store,EMP590,0,1,Same Day,5,USD
ORD119145,31-10-2023,BR55,Germany,Munich,CUST4638,PROD287,Mobile,Samsung Galaxy S23,Samsung,3,1695.59,0.06,0.18,5642.25,Credit Card,In-Store,EMP510,2,1,Standard,8,AED
ORD119146,25-11-2024,BR66,USA,Chicago,CUST7046,PROD413,TV,Samsung QLED 50,Samsung,5,234.66,0.12,0.18,1218.35,UPI,In-Store,EMP697,0,0,Standard,5,INR
ORD119147,07-12-2024,BR27,USA,Chicago,CUST9327,PROD245,Accessories,Wireless Mouse,HP,5,68.57,0.21,0.18,319.6,UPI,Online,EMP783,1,1,Same Day,5,EUR
ORD119148,28-09-2024,BR115,India,Mumbai,CUST3873,PROD172,TV,Sony Bravia 55,Apple,1,1662.08,0.03,0.18,1902.42,Credit Card,Online,EMP752,0,1,Same Day,9,USD
ORD119149,29-06-2024,BR1,UAE,Abu Dhabi,CUST6052,PROD755,Tablet,Samsung Galaxy Tab,Lenovo,5,1471.87,0.29,0.18,6165.66,Cash,Online,EMP959,3,0,Standard,6,AED
ORD119150,23-03-2023,BR109,Germany,Munich,CUST1146,PROD246,TV,Sony Bravia 55,Lenovo,2,820.99,0.19,0.18,1569.4,Net Banking,In-Store,EMP579,3,1,Express,9,INR
ORD119151,01-12-2023,BR70,USA,Chicago,CUST8920,PROD463,Laptop,MacBook Air M2,Dell,3,62.92,0.21,0.18,175.96,UPI,In-Store,EMP856,2,0,Express,10,USD
ORD119152,30-04-2024,BR50,India,Mumbai,CUST8784,PROD921,Tablet,Lenovo Tab P11,Apple,4,1146.01,0.24,0.18,4110.97,Debit Card,Online,EMP515,1,1,Standard,4,GBP
ORD119153,29-07-2024,BR105,USA,Los Angeles,CUST6267,PROD483,Laptop,HP Spectre x360,OnePlus,3,1554.2,0.25,0.18,4126.4,Net Banking,Online,EMP527,0,1,Standard,6,USD
ORD119154,16-05-2023,BR58,UK,Manchester,CUST7246,PROD398,TV,Sony Bravia 55,LG,1,1498.02,0.17,0.18,1467.16,Credit Card,In-Store,EMP713,3,0,Express,7,INR
ORD119155,10-02-2023,BR83,India,Pune,CUST1714,PROD967,Laptop,MacBook Air M2,Dell,3,271.88,0.11,0.18,856.59,Debit Card,Online,EMP863,3,0,Standard,10,USD
ORD119156,07-04-2023,BR74,UK,London,CUST2822,PROD641,Laptop,Dell XPS 13,Apple,1,615.47,0.03,0.18,704.47,Cash,In-Store,EMP675,3,0,Same Day,9,EUR
ORD119157,16-10-2023,BR96,UAE,Dubai,CUST1668,PROD206,Accessories,Wireless Mouse,HP,4,621.93,0.11,0.18,2612.6,Credit Card,Online,EMP207,2,0,Express,5,AED
ORD119158,08-12-2024,BR89,Germany,Berlin,CUST6384,PROD812,Tablet,iPad Air,HP,3,882.76,0.27,0.18,2281.23,Debit Card,In-Store,EMP751,2,0,Same Day,6,USD
ORD119159,12-06-2023,BR25,Germany,Hamburg,CUST1653,PROD844,Tablet,Lenovo Tab P11,Dell,3,1101.22,0.23,0.18,3001.71,UPI,In-Store,EMP622,2,0,Same Day,2,USD
ORD119160,29-09-2024,BR44,UK,Manchester,CUST6502,PROD660,Tablet,Samsung Galaxy Tab,Sony,1,170.87,0.19,0.18,163.32,Cash,In-Store,EMP782,0,1,Standard,3,EUR
ORD119161,15-06-2024,BR16,USA,New York,CUST6440,PROD159,TV,Sony Bravia 55,Sony,3,113.05,0.02,0.18,392.19,Credit Card,In-Store,EMP529,1,0,Express,10,EUR
ORD119162,20-09-2023,BR20,Germany,Hamburg,CUST3692,PROD926,Tablet,iPad Air,OnePlus,4,520.92,0.09,0.18,2237.46,UPI,In-Store,EMP717,0,1,Same Day,4,GBP
ORD119163,03-04-2023,BR34,India,Bangalore,CUST8294,PROD661,TV,LG OLED 48,Apple,3,527.79,0.11,0.18,1662.86,Credit Card,In-Store,EMP508,2,0,Same Day,6,AED
ORD119164,16-10-2024,BR90,India,Pune,CUST3761,PROD464,Accessories,Bluetooth Headphones,OnePlus,1,428.01,0.24,0.18,383.84,Debit Card,In-Store,EMP998,2,1,Same Day,2,GBP
ORD119165,02-02-2023,BR103,UK,London,CUST1494,PROD731,Tablet,iPad Air,Dell,5,706.64,0.07,0.18,3877.33,Debit Card,In-Store,EMP485,0,1,Same Day,1,USD
ORD119166,19-02-2024,BR34,India,Pune,CUST8474,PROD796,Laptop,MacBook Air M2,Samsung,2,496.6,0.19,0.18,949.3,UPI,Online,EMP380,3,0,Standard,6,GBP
ORD119167,27-07-2023,BR66,India,Mumbai,CUST7086,PROD721,Laptop,MacBook Air M2,OnePlus,1,1699.65,0.13,0.18,1744.86,Credit Card,Online,EMP762,3,1,Same Day,6,AED
ORD119168,31-07-2024,BR30,USA,Los Angeles,CUST1488,PROD808,Laptop,MacBook Air M2,Samsung,5,1303.79,0.28,0.18,5538.5,Debit Card,Online,EMP662,3,1,Express,9,USD
ORD119169,18-09-2024,BR10,India,Mumbai,CUST2095,PROD337,Accessories,Bluetooth Headphones,Samsung,2,1503.52,0.27,0.18,2590.26,Net Banking,Online,EMP342,1,0,Express,2,USD
ORD119170,19-04-2024,BR84,UAE,Abu Dhabi,CUST6354,PROD174,Mobile,Samsung Galaxy S23,Apple,3,1302.44,0.18,0.18,3780.72,UPI,In-Store,EMP446,0,0,Standard,10,INR
ORD119171,30-09-2024,BR82,Germany,Munich,CUST6380,PROD295,Accessories,Wireless Mouse,OnePlus,3,1017.73,0.01,0.18,3566.74,UPI,Online,EMP611,1,0,Express,8,INR
ORD119172,14-10-2024,BR112,USA,New York,CUST1140,PROD478,TV,Sony Bravia 55,Sony,2,680.94,0.27,0.18,1173.12,Debit Card,In-Store,EMP705,1,0,Standard,6,USD
ORD119173,12-04-2023,BR43,UAE,Dubai,CUST6195,PROD384,Accessories,Keyboard,Lenovo,4,1299.94,0.3,0.18,4295,Debit Card,In-Store,EMP880,1,0,Same Day,1,INR
ORD119174,02-08-2023,BR105,Germany,Hamburg,CUST7183,PROD572,TV,Sony Bravia 55,HP,4,1503.26,0.06,0.18,6669.66,Debit Card,Online,EMP363,2,1,Same Day,8,INR
ORD119175,31-01-2023,BR9,UAE,Dubai,CUST2221,PROD600,Tablet,Samsung Galaxy Tab,Dell,5,982.87,0.02,0.18,5682.95,Credit Card,In-Store,EMP832,2,1,Express,6,INR
ORD119176,17-07-2023,BR17,UK,Manchester,CUST3011,PROD337,Laptop,MacBook Air M2,Dell,5,1305.59,0.04,0.18,7394.86,Cash,Online,EMP330,2,1,Same Day,8,INR
ORD119177,01-06-2023,BR71,USA,New York,CUST7952,PROD270,Accessories,Wireless Mouse,HP,5,1536.07,0.06,0.18,8519.04,Debit Card,Online,EMP958,2,1,Standard,2,USD
ORD119178,10-10-2023,BR9,Germany,Munich,CUST4546,PROD666,Tablet,iPad Air,Sony,2,956.96,0.18,0.18,1851.91,UPI,In-Store,EMP956,0,1,Same Day,9,INR
ORD119179,29-08-2024,BR58,India,Bangalore,CUST5653,PROD314,Laptop,MacBook Air M2,Dell,5,637.24,0.06,0.18,3534.13,Net Banking,Online,EMP939,1,1,Same Day,8,GBP
ORD119180,10-06-2023,BR19,UK,London,CUST4135,PROD884,Mobile,Samsung Galaxy S23,Lenovo,2,1223.65,0.12,0.18,2541.28,Debit Card,Online,EMP406,0,1,Standard,8,AED
ORD119181,07-12-2024,BR95,UK,London,CUST4630,PROD315,Accessories,Keyboard,Apple,5,1554.25,0.11,0.18,8161.37,Net Banking,In-Store,EMP491,2,0,Same Day,7,GBP
ORD119182,24-11-2024,BR18,UAE,Dubai,CUST3943,PROD883,Accessories,Wireless Mouse,Apple,4,496.05,0.12,0.18,2060.39,UPI,Online,EMP827,1,1,Standard,3,AED
ORD119183,03-09-2023,BR61,UAE,Dubai,CUST8651,PROD661,Mobile,OnePlus 11,Samsung,3,756.56,0.2,0.18,2142.58,Credit Card,Online,EMP896,0,1,Express,7,AED
ORD119184,12-10-2023,BR67,USA,Dallas,CUST7084,PROD853,Mobile,iPhone 14,Dell,1,1683.15,0.12,0.18,1747.78,Net Banking,Online,EMP657,3,0,Same Day,5,GBP
ORD119185,24-05-2023,BR84,UK,London,CUST2186,PROD802,Mobile,iPhone 14,Samsung,3,69.13,0.1,0.18,220.25,Credit Card,In-Store,EMP820,2,0,Standard,10,GBP
ORD119186,27-04-2023,BR61,UAE,Abu Dhabi,CUST6392,PROD204,Tablet,iPad Air,HP,1,682.64,0.01,0.18,797.46,Debit Card,In-Store,EMP654,0,0,Standard,4,AED
ORD119187,19-08-2023,BR52,India,Mumbai,CUST4056,PROD926,Tablet,iPad Air,Dell,4,1214.69,0.07,0.18,5332,Debit Card,In-Store,EMP993,3,1,Express,4,USD
ORD119188,31-08-2023,BR18,India,Delhi,CUST6116,PROD792,TV,LG OLED 48,HP,2,955.55,0,0.18,2255.1,UPI,In-Store,EMP760,0,0,Express,7,GBP
ORD119189,28-04-2024,BR113,UK,London,CUST7461,PROD944,Accessories,Wireless Mouse,OnePlus,2,689.9,0.26,0.18,1204.84,Cash,In-Store,EMP305,1,0,Standard,9,EUR
ORD119190,22-11-2023,BR94,USA,Los Angeles,CUST2562,PROD753,Laptop,HP Spectre x360,HP,4,1506.98,0.18,0.18,5832.62,Net Banking,In-Store,EMP316,0,1,Standard,10,USD
ORD119191,14-10-2023,BR88,UAE,Dubai,CUST7684,PROD319,Accessories,Keyboard,HP,2,944.09,0.1,0.18,2005.25,Net Banking,In-Store,EMP801,2,0,Standard,1,GBP
ORD119192,25-05-2023,BR95,India,Mumbai,CUST4845,PROD695,Accessories,Wireless Mouse,OnePlus,1,1142.76,0.05,0.18,1281.03,Net Banking,Online,EMP321,1,1,Express,9,GBP
ORD119193,02-07-2024,BR80,Germany,Munich,CUST8856,PROD430,Accessories,Keyboard,OnePlus,5,371.35,0.13,0.18,1906.14,Credit Card,In-Store,EMP707,1,0,Express,2,INR
ORD119194,20-02-2023,BR76,UAE,Abu Dhabi,CUST1629,PROD633,TV,LG OLED 48,Sony,3,1539.56,0.04,0.18,5232.04,Net Banking,In-Store,EMP329,1,1,Express,2,AED
ORD119195,14-08-2024,BR76,UAE,Dubai,CUST7117,PROD377,Mobile,Samsung Galaxy S23,Dell,1,627.05,0.07,0.18,688.12,Debit Card,In-Store,EMP760,2,1,Express,5,GBP
ORD119196,14-09-2024,BR3,UK,Manchester,CUST4592,PROD213,Accessories,Wireless Mouse,HP,4,709.59,0.02,0.18,3282.28,UPI,In-Store,EMP480,3,1,Same Day,4,GBP
ORD119197,04-01-2024,BR106,UAE,Abu Dhabi,CUST7324,PROD165,TV,LG OLED 48,LG,1,965.11,0.25,0.18,854.12,Debit Card,In-Store,EMP876,1,1,Standard,2,AED
ORD119198,15-07-2023,BR60,USA,Chicago,CUST3128,PROD863,TV,Sony Bravia 55,Sony,5,1447.12,0.03,0.18,8281.87,Credit Card,Online,EMP487,0,1,Same Day,3,GBP
ORD119199,03-11-2023,BR55,India,Bangalore,CUST5190,PROD821,Laptop,HP Spectre x360,Sony,5,149.68,0.27,0.18,644.67,Net Banking,In-Store,EMP559,2,1,Standard,5,GBP
ORD119200,31-07-2024,BR36,Germany,Berlin,CUST9185,PROD148,Accessories,Keyboard,Sony,2,666.18,0.14,0.18,1352.08,Credit Card,Online,EMP350,0,0,Express,3,INR
ORD119201,25-09-2024,BR114,UAE,Abu Dhabi,CUST6779,PROD738,Mobile,Samsung Galaxy S23,HP,3,1517.2,0.1,0.18,4833.8,Net Banking,Online,EMP329,0,0,Same Day,7,EUR
ORD119202,25-01-2024,BR20,UAE,Dubai,CUST7743,PROD640,Tablet,iPad Air,Lenovo,5,767.19,0.18,0.18,3711.67,Debit Card,Online,EMP388,0,1,Standard,5,GBP
ORD119203,05-10-2024,BR38,USA,Dallas,CUST8507,PROD460,Accessories,Wireless Mouse,LG,5,1827.04,0.11,0.18,9593.79,Debit Card,In-Store,EMP215,0,0,Same Day,2,USD
ORD119204,19-11-2024,BR83,UK,London,CUST6120,PROD781,Mobile,OnePlus 11,Samsung,4,1301.24,0.18,0.18,5036.32,Net Banking,In-Store,EMP632,0,0,Standard,9,GBP
ORD119205,16-03-2023,BR50,USA,Los Angeles,CUST8157,PROD959,Tablet,iPad Air,Dell,3,437.27,0.28,0.18,1114.51,UPI,In-Store,EMP823,3,1,Standard,4,GBP
ORD119206,19-12-2023,BR49,UK,Manchester,CUST9253,PROD870,Accessories,Keyboard,Samsung,1,1353.12,0.24,0.18,1213.48,Debit Card,In-Store,EMP710,1,1,Standard,4,GBP
ORD119207,22-08-2024,BR8,UAE,Abu Dhabi,CUST5817,PROD959,TV,Samsung QLED 50,Apple,2,209.32,0.04,0.18,474.24,Debit Card,In-Store,EMP762,2,0,Standard,1,INR
ORD119208,16-10-2024,BR106,USA,Chicago,CUST4543,PROD987,TV,Sony Bravia 55,Sony,1,703.9,0.03,0.18,805.68,Debit Card,Online,EMP957,1,1,Express,3,USD
ORD119209,03-06-2023,BR38,USA,New York,CUST1504,PROD170,Tablet,Lenovo Tab P11,Lenovo,4,176.49,0.11,0.18,741.4,Debit Card,Online,EMP472,0,0,Same Day,5,AED
ORD119210,18-04-2023,BR65,Germany,Berlin,CUST2952,PROD745,Laptop,MacBook Air M2,Lenovo,4,1682.69,0.24,0.18,6036.15,Cash,Online,EMP548,3,0,Express,3,AED
ORD119211,03-08-2023,BR5,Germany,Munich,CUST9549,PROD267,Accessories,Bluetooth Headphones,Apple,1,405.63,0.27,0.18,349.41,Debit Card,In-Store,EMP989,0,1,Same Day,5,AED
ORD119212,23-09-2024,BR42,UAE,Dubai,CUST3655,PROD800,Laptop,HP Spectre x360,Dell,4,1925.74,0,0.18,9089.49,Debit Card,In-Store,EMP579,3,0,Same Day,1,GBP
ORD119213,10-03-2024,BR69,Germany,Berlin,CUST7624,PROD702,Tablet,Lenovo Tab P11,HP,2,71.47,0.27,0.18,123.13,Cash,Online,EMP276,0,0,Express,8,INR
ORD119214,09-11-2024,BR96,UAE,Abu Dhabi,CUST8590,PROD318,Mobile,Samsung Galaxy S23,OnePlus,1,976.5,0.11,0.18,1025.52,UPI,Online,EMP523,1,0,Standard,10,EUR
ORD119215,27-05-2024,BR93,UK,Birmingham,CUST3074,PROD253,TV,Samsung QLED 50,Samsung,4,238.72,0.28,0.18,811.27,Net Banking,In-Store,EMP686,1,0,Standard,3,USD
ORD119216,06-08-2024,BR69,Germany,Munich,CUST5347,PROD583,Accessories,Wireless Mouse,LG,4,882.91,0.08,0.18,3833.95,Cash,In-Store,EMP242,0,1,Standard,4,USD
ORD119217,12-10-2023,BR100,India,Delhi,CUST3467,PROD825,Mobile,OnePlus 11,Sony,3,1507.86,0.1,0.18,4804.04,Credit Card,In-Store,EMP940,0,0,Standard,3,AED
ORD119218,23-09-2023,BR24,USA,Chicago,CUST3387,PROD564,Laptop,Dell XPS 13,Dell,1,1681.03,0.23,0.18,1527.38,Cash,In-Store,EMP760,3,0,Standard,1,USD
ORD119219,13-06-2024,BR34,UAE,Abu Dhabi,CUST2094,PROD366,Mobile,iPhone 14,HP,1,331.25,0.05,0.18,371.33,Credit Card,Online,EMP400,0,1,Same Day,5,AED
ORD119220,14-04-2024,BR66,UAE,Dubai,CUST5994,PROD759,Accessories,Keyboard,Dell,1,648.97,0.26,0.18,566.68,Credit Card,Online,EMP280,1,0,Standard,10,INR
ORD119221,19-11-2024,BR83,India,Pune,CUST4320,PROD966,Accessories,Bluetooth Headphones,Lenovo,2,460.06,0.23,0.18,836.02,Credit Card,In-Store,EMP348,1,0,Same Day,2,USD
ORD119222,13-03-2023,BR93,India,Delhi,CUST9178,PROD940,Laptop,HP Spectre x360,Apple,4,412.93,0.11,0.18,1734.64,Credit Card,In-Store,EMP242,1,0,Same Day,6,USD
ORD119223,29-12-2024,BR68,India,Delhi,CUST6571,PROD973,Laptop,HP Spectre x360,Samsung,1,518.62,0.22,0.18,477.34,Debit Card,In-Store,EMP982,3,0,Express,2,AED
ORD119224,23-04-2023,BR21,USA,New York,CUST6912,PROD696,TV,Samsung QLED 50,Samsung,5,786.31,0.16,0.18,3896.95,Credit Card,Online,EMP771,0,0,Express,4,AED
ORD119225,07-04-2024,BR26,USA,New York,CUST9170,PROD414,TV,Sony Bravia 55,Sony,3,1662.45,0.23,0.18,4531.51,Debit Card,Online,EMP914,1,1,Same Day,3,AED
ORD119226,17-02-2023,BR34,USA,Los Angeles,CUST5250,PROD935,Tablet,Samsung Galaxy Tab,Apple,3,1769.79,0.17,0.18,5200,Cash,Online,EMP497,0,1,Standard,9,USD
ORD119227,04-05-2023,BR71,Germany,Munich,CUST7283,PROD248,Mobile,Samsung Galaxy S23,Sony,1,130.54,0.19,0.18,124.77,UPI,In-Store,EMP873,2,1,Standard,10,INR
ORD119228,05-05-2024,BR107,India,Delhi,CUST1079,PROD818,Mobile,OnePlus 11,OnePlus,4,1707.84,0.18,0.18,6610.02,Credit Card,In-Store,EMP450,3,0,Express,3,EUR
ORD119229,06-05-2024,BR72,India,Delhi,CUST5426,PROD815,Laptop,HP Spectre x360,LG,5,609.09,0.1,0.18,3234.27,UPI,In-Store,EMP725,2,1,Express,1,GBP
ORD119230,20-06-2023,BR68,UAE,Dubai,CUST3951,PROD255,Laptop,Dell XPS 13,Dell,5,896.63,0.03,0.18,5131.41,Net Banking,Online,EMP624,0,1,Standard,3,AED
ORD119231,24-08-2023,BR95,Germany,Berlin,CUST9595,PROD252,Laptop,HP Spectre x360,LG,4,1740.3,0.16,0.18,6899.94,Cash,Online,EMP607,2,1,Standard,9,INR
ORD119232,17-12-2024,BR68,UK,Manchester,CUST6115,PROD741,TV,Sony Bravia 55,Samsung,5,1559.09,0.08,0.18,8462.74,Net Banking,In-Store,EMP373,2,0,Same Day,2,AED
ORD119233,26-11-2024,BR46,UK,Manchester,CUST8431,PROD694,Laptop,Dell XPS 13,OnePlus,4,440.51,0.09,0.18,1892.08,UPI,In-Store,EMP682,3,0,Express,1,USD
ORD119234,07-06-2024,BR31,USA,New York,CUST6227,PROD749,Laptop,MacBook Air M2,Apple,5,1779.01,0.18,0.18,8606.85,Credit Card,In-Store,EMP205,3,1,Standard,4,INR
ORD119235,23-01-2024,BR118,Germany,Munich,CUST2248,PROD395,Mobile,Samsung Galaxy S23,OnePlus,2,1745.95,0.13,0.18,3584.78,UPI,In-Store,EMP323,1,0,Standard,9,GBP
ORD119236,07-07-2024,BR108,USA,Los Angeles,CUST5883,PROD733,TV,Sony Bravia 55,Apple,3,1885.53,0.23,0.18,5139.58,Debit Card,Online,EMP842,2,1,Same Day,10,USD
ORD119237,01-03-2024,BR73,UAE,Dubai,CUST8544,PROD508,Accessories,Wireless Mouse,OnePlus,3,1744.4,0.17,0.18,5125.4,UPI,In-Store,EMP817,3,1,Standard,6,GBP
ORD119238,04-08-2024,BR88,UAE,Dubai,CUST5338,PROD609,Tablet,iPad Air,LG,4,144.93,0.28,0.18,492.53,Cash,In-Store,EMP728,2,0,Same Day,9,EUR
ORD119239,05-07-2023,BR62,India,Delhi,CUST7646,PROD868,Mobile,OnePlus 11,Samsung,2,371.04,0.1,0.18,788.09,Credit Card,In-Store,EMP824,1,0,Same Day,10,AED
ORD119240,21-01-2024,BR62,India,Delhi,CUST8004,PROD241,Accessories,Wireless Mouse,Sony,5,1842.99,0.01,0.18,10764.9,Credit Card,Online,EMP751,3,0,Express,5,USD
ORD119241,14-03-2024,BR2,USA,New York,CUST1700,PROD813,Laptop,HP Spectre x360,Lenovo,4,1501.1,0.21,0.18,5597.3,Net Banking,In-Store,EMP776,2,1,Same Day,3,EUR
ORD119242,25-04-2024,BR7,USA,Los Angeles,CUST6259,PROD734,Accessories,Bluetooth Headphones,Dell,1,1849.47,0.12,0.18,1920.49,Debit Card,In-Store,EMP551,3,0,Same Day,3,INR
ORD119243,07-12-2023,BR42,India,Bangalore,CUST8587,PROD815,TV,Sony Bravia 55,LG,4,634.24,0.22,0.18,2335.02,Credit Card,In-Store,EMP475,1,0,Express,8,AED
ORD119244,31-03-2023,BR93,UK,Manchester,CUST5018,PROD376,Laptop,HP Spectre x360,LG,1,1962.93,0.25,0.18,1737.19,Credit Card,In-Store,EMP984,0,1,Standard,7,INR
ORD119245,21-10-2023,BR104,India,Mumbai,CUST5199,PROD810,TV,Samsung QLED 50,Sony,3,1746.23,0.02,0.18,6058.02,Net Banking,In-Store,EMP430,0,0,Same Day,4,AED
ORD119246,24-10-2023,BR11,India,Bangalore,CUST1892,PROD454,Laptop,HP Spectre x360,Lenovo,2,1219.69,0.29,0.18,2043.71,Credit Card,Online,EMP968,1,0,Same Day,1,USD
ORD119247,11-11-2023,BR82,Germany,Munich,CUST3495,PROD198,Accessories,Bluetooth Headphones,Dell,4,1314.09,0.09,0.18,5644.28,UPI,Online,EMP617,2,1,Standard,10,GBP
ORD119248,30-04-2023,BR96,Germany,Hamburg,CUST1935,PROD346,Accessories,Wireless Mouse,Lenovo,4,1506.65,0.05,0.18,6755.82,Credit Card,In-Store,EMP466,2,1,Express,4,GBP
ORD119249,23-08-2024,BR80,USA,Los Angeles,CUST7522,PROD622,Mobile,OnePlus 11,Apple,4,1465.63,0.3,0.18,4842.44,Cash,In-Store,EMP274,2,1,Express,6,GBP
ORD119250,22-12-2023,BR80,USA,New York,CUST2874,PROD813,Mobile,iPhone 14,Apple,3,1541.48,0.01,0.18,5402.27,Debit Card,In-Store,EMP748,2,0,Express,9,GBP
ORD119251,27-02-2023,BR94,USA,Chicago,CUST1760,PROD477,Mobile,iPhone 14,Sony,3,523.76,0.04,0.18,1779.95,Net Banking,Online,EMP344,2,0,Express,2,INR
ORD119252,12-08-2024,BR2,UK,Birmingham,CUST8315,PROD214,Accessories,Bluetooth Headphones,Apple,3,933.91,0.27,0.18,2413.41,Debit Card,Online,EMP847,1,1,Same Day,6,EUR
ORD119253,15-10-2024,BR3,India,Pune,CUST4015,PROD124,Mobile,iPhone 14,Sony,1,170,0.03,0.18,194.58,UPI,In-Store,EMP469,1,0,Standard,6,INR
ORD119254,13-06-2023,BR113,UAE,Abu Dhabi,CUST6359,PROD291,Laptop,Dell XPS 13,Sony,4,1243.91,0.12,0.18,5166.7,UPI,In-Store,EMP692,1,0,Express,10,AED
ORD119255,21-02-2023,BR6,Germany,Hamburg,CUST6276,PROD169,Laptop,Dell XPS 13,OnePlus,1,1740.87,0.05,0.18,1951.52,Cash,In-Store,EMP740,0,1,Same Day,3,GBP
ORD119256,14-01-2024,BR116,Germany,Berlin,CUST2930,PROD170,Tablet,Samsung Galaxy Tab,OnePlus,3,171.15,0.01,0.18,599.81,UPI,In-Store,EMP448,2,0,Express,8,GBP
ORD119257,29-01-2023,BR41,UAE,Abu Dhabi,CUST8830,PROD428,Accessories,Wireless Mouse,LG,3,75.27,0,0.18,266.46,Debit Card,In-Store,EMP696,1,1,Express,7,EUR
ORD119258,28-01-2024,BR17,India,Pune,CUST8195,PROD393,Tablet,Lenovo Tab P11,Apple,5,1044.57,0.12,0.18,5423.41,Credit Card,In-Store,EMP369,3,0,Standard,4,GBP
ORD119259,07-07-2023,BR50,USA,Los Angeles,CUST8832,PROD814,Laptop,Dell XPS 13,OnePlus,2,1331.3,0.25,0.18,2356.4,Credit Card,Online,EMP431,0,0,Express,2,USD
ORD119260,25-01-2024,BR10,UAE,Dubai,CUST9575,PROD356,Accessories,Wireless Mouse,HP,1,1095.19,0.24,0.18,982.17,Net Banking,Online,EMP685,0,1,Same Day,6,INR
ORD119261,02-01-2024,BR46,USA,Los Angeles,CUST6250,PROD826,Laptop,HP Spectre x360,Samsung,3,1504.8,0.29,0.18,3782.16,Cash,In-Store,EMP504,0,1,Standard,4,AED
ORD119262,01-12-2023,BR116,USA,Dallas,CUST1153,PROD677,TV,Samsung QLED 50,Sony,5,988.05,0.16,0.18,4896.78,Debit Card,Online,EMP722,2,0,Express,5,USD
ORD119263,15-06-2023,BR47,UAE,Dubai,CUST2156,PROD959,Accessories,Wireless Mouse,OnePlus,1,130.57,0.07,0.18,143.29,UPI,Online,EMP452,1,0,Same Day,9,GBP
ORD119264,26-03-2024,BR11,Germany,Munich,CUST4168,PROD330,Tablet,Lenovo Tab P11,HP,4,1032.5,0.19,0.18,3947.45,Net Banking,In-Store,EMP407,2,0,Same Day,2,EUR
ORD119265,16-03-2023,BR45,UAE,Abu Dhabi,CUST3337,PROD716,Laptop,HP Spectre x360,HP,1,1883.53,0.01,0.18,2200.34,Credit Card,Online,EMP854,2,0,Express,4,AED
ORD119266,25-11-2023,BR12,India,Pune,CUST2865,PROD443,TV,LG OLED 48,Sony,4,379.71,0.25,0.18,1344.17,Credit Card,Online,EMP467,3,1,Express,7,USD
ORD119267,19-07-2023,BR37,USA,New York,CUST7219,PROD378,Tablet,Samsung Galaxy Tab,HP,4,1677.47,0.15,0.18,6730.01,Cash,Online,EMP305,2,1,Standard,2,AED
ORD119268,15-04-2024,BR101,Germany,Berlin,CUST7504,PROD146,TV,Samsung QLED 50,OnePlus,1,465.78,0.02,0.18,538.63,Net Banking,In-Store,EMP546,3,0,Same Day,3,GBP
ORD119269,02-02-2023,BR71,Germany,Munich,CUST8990,PROD309,Tablet,Lenovo Tab P11,Samsung,3,446.58,0.2,0.18,1264.71,Credit Card,Online,EMP357,2,0,Standard,4,INR
ORD119270,26-02-2023,BR52,Germany,Hamburg,CUST4546,PROD611,Accessories,Bluetooth Headphones,OnePlus,3,64.11,0.06,0.18,213.33,UPI,In-Store,EMP573,1,1,Same Day,7,EUR
ORD119271,11-04-2023,BR43,Germany,Hamburg,CUST1685,PROD662,Tablet,Samsung Galaxy Tab,Dell,4,1181.66,0.26,0.18,4127.3,Net Banking,Online,EMP461,1,0,Express,4,AED
ORD119272,09-01-2023,BR58,UAE,Dubai,CUST1042,PROD237,Laptop,MacBook Air M2,Lenovo,5,1936.57,0.28,0.18,8226.55,Cash,In-Store,EMP906,0,0,Same Day,1,AED
ORD119273,02-07-2024,BR56,Germany,Munich,CUST3795,PROD864,TV,LG OLED 48,Apple,3,1517.61,0.29,0.18,3814.36,Net Banking,Online,EMP561,0,0,Same Day,3,INR
ORD119274,19-05-2023,BR53,USA,New York,CUST5039,PROD458,Accessories,Keyboard,Dell,2,1224.49,0.05,0.18,2745.31,UPI,In-Store,EMP945,2,0,Same Day,4,INR
ORD119275,18-01-2024,BR100,USA,New York,CUST7501,PROD234,Tablet,Samsung Galaxy Tab,Samsung,1,322.77,0.2,0.18,304.69,Cash,Online,EMP455,1,1,Express,4,AED
ORD119276,18-02-2024,BR82,Germany,Berlin,CUST4834,PROD590,Mobile,OnePlus 11,OnePlus,1,1896.39,0.05,0.18,2125.85,Cash,In-Store,EMP728,3,0,Same Day,7,USD
ORD119277,28-10-2023,BR28,UK,Birmingham,CUST1492,PROD485,Tablet,Lenovo Tab P11,LG,4,779.64,0.24,0.18,2796.72,Debit Card,Online,EMP947,1,0,Same Day,5,EUR
ORD119278,22-03-2024,BR87,Germany,Berlin,CUST5207,PROD405,Laptop,MacBook Air M2,Sony,5,1585.96,0.25,0.18,7017.87,Debit Card,Online,EMP310,1,1,Same Day,4,EUR
ORD119279,16-04-2023,BR65,USA,Dallas,CUST6005,PROD234,Tablet,Lenovo Tab P11,Lenovo,5,1955.18,0.22,0.18,8997.74,Debit Card,In-Store,EMP259,3,0,Express,4,GBP
ORD119280,26-01-2023,BR52,USA,Los Angeles,CUST1445,PROD753,Tablet,iPad Air,Samsung,2,291.5,0.19,0.18,557.23,Cash,Online,EMP511,2,1,Same Day,3,GBP
ORD119281,08-06-2024,BR29,Germany,Munich,CUST1827,PROD624,TV,Sony Bravia 55,Lenovo,1,1804.06,0.16,0.18,1788.18,Cash,Online,EMP358,3,1,Same Day,7,USD
ORD119282,21-08-2023,BR1,UAE,Dubai,CUST4747,PROD970,TV,Sony Bravia 55,Sony,2,663.65,0.1,0.18,1409.59,Debit Card,Online,EMP262,2,0,Express,10,USD
ORD119283,25-07-2023,BR61,Germany,Berlin,CUST7123,PROD395,Accessories,Wireless Mouse,Samsung,5,265.17,0.26,0.18,1157.73,Cash,Online,EMP361,3,1,Express,6,AED
ORD119284,03-09-2023,BR5,Germany,Munich,CUST6691,PROD961,Laptop,Dell XPS 13,Sony,2,773.51,0.28,0.18,1314.35,UPI,Online,EMP996,3,0,Same Day,5,INR
ORD119285,11-07-2024,BR7,USA,Los Angeles,CUST9580,PROD925,Accessories,Wireless Mouse,Dell,1,593.4,0.24,0.18,532.16,Cash,Online,EMP496,0,0,Express,2,AED
ORD119286,20-07-2024,BR92,UK,Birmingham,CUST8959,PROD886,TV,Sony Bravia 55,OnePlus,3,666.34,0.12,0.18,2075.78,Credit Card,Online,EMP799,3,1,Standard,1,USD
ORD119287,04-02-2024,BR44,UK,Manchester,CUST8659,PROD858,Accessories,Bluetooth Headphones,HP,5,154.03,0.15,0.18,772.46,Cash,In-Store,EMP403,3,1,Standard,5,INR
ORD119288,20-03-2023,BR34,UK,London,CUST1582,PROD638,Tablet,Samsung Galaxy Tab,HP,1,921.2,0,0.18,1087.02,Debit Card,In-Store,EMP621,0,1,Same Day,3,USD
ORD119289,02-12-2024,BR82,USA,Los Angeles,CUST2656,PROD540,Mobile,iPhone 14,LG,3,895.59,0.13,0.18,2758.24,Cash,In-Store,EMP882,3,1,Express,10,USD
ORD119290,26-04-2023,BR120,USA,Los Angeles,CUST1232,PROD520,Laptop,MacBook Air M2,Lenovo,3,1875.24,0,0.18,6638.35,Net Banking,In-Store,EMP867,2,1,Express,10,AED
ORD119291,30-10-2023,BR44,India,Pune,CUST5879,PROD292,Tablet,iPad Air,OnePlus,1,1876.82,0.2,0.18,1771.72,Cash,In-Store,EMP591,1,0,Standard,6,GBP
ORD119292,24-08-2024,BR102,USA,New York,CUST5694,PROD732,Accessories,Bluetooth Headphones,HP,2,1427.04,0.2,0.18,2694.25,UPI,In-Store,EMP950,0,1,Express,3,EUR
ORD119293,17-06-2023,BR70,UAE,Dubai,CUST8392,PROD196,Laptop,HP Spectre x360,OnePlus,3,1896.35,0.24,0.18,5101.94,Debit Card,In-Store,EMP374,0,0,Same Day,7,EUR
ORD119294,04-07-2024,BR53,Germany,Berlin,CUST8203,PROD717,TV,Samsung QLED 50,Dell,2,1005.02,0.25,0.18,1778.89,Net Banking,Online,EMP904,1,1,Same Day,9,AED
ORD119295,27-08-2023,BR84,India,Bangalore,CUST1617,PROD974,Accessories,Wireless Mouse,Samsung,5,1715.55,0.01,0.18,10020.53,UPI,Online,EMP219,1,1,Express,1,USD
ORD119296,06-06-2024,BR5,USA,Los Angeles,CUST8555,PROD486,Accessories,Wireless Mouse,Lenovo,2,201.21,0.16,0.18,398.88,UPI,Online,EMP395,2,0,Express,5,GBP
ORD119297,27-12-2024,BR5,Germany,Munich,CUST8751,PROD560,Tablet,iPad Air,Sony,2,935.97,0.24,0.18,1678.76,UPI,In-Store,EMP200,2,1,Same Day,7,GBP
ORD119298,06-11-2023,BR82,USA,Dallas,CUST8614,PROD914,Mobile,Samsung Galaxy S23,OnePlus,2,1451.74,0.1,0.18,3083.5,Cash,In-Store,EMP791,3,1,Standard,9,AED
ORD119299,03-08-2023,BR43,Germany,Hamburg,CUST4382,PROD391,Laptop,Dell XPS 13,Dell,1,535.95,0.05,0.18,600.8,Cash,Online,EMP917,1,1,Same Day,1,AED
ORD119300,29-09-2024,BR18,Germany,Berlin,CUST3347,PROD537,Laptop,MacBook Air M2,Dell,3,384.58,0.21,0.18,1075.52,Net Banking,Online,EMP668,2,1,Same Day,5,EUR
ORD119301,27-11-2023,BR17,USA,New York,CUST5290,PROD729,Mobile,Samsung Galaxy S23,OnePlus,5,507.83,0.16,0.18,2516.81,UPI,In-Store,EMP881,3,1,Express,5,USD
ORD119302,19-06-2023,BR75,UK,Birmingham,CUST9549,PROD319,Laptop,MacBook Air M2,Sony,4,311.17,0.16,0.18,1233.73,UPI,In-Store,EMP414,1,1,Same Day,8,USD
ORD119303,09-11-2024,BR3,USA,Dallas,CUST8251,PROD236,Tablet,Samsung Galaxy Tab,HP,1,1696.28,0.12,0.18,1761.42,UPI,In-Store,EMP836,2,0,Same Day,8,INR
ORD119304,21-06-2023,BR62,India,Pune,CUST6105,PROD958,Accessories,Keyboard,OnePlus,4,1746.2,0.22,0.18,6428.81,Net Banking,Online,EMP283,2,1,Express,3,GBP
ORD119305,29-01-2024,BR44,UAE,Dubai,CUST3720,PROD197,Laptop,HP Spectre x360,OnePlus,4,163.69,0.02,0.18,757.16,UPI,In-Store,EMP303,1,1,Same Day,9,GBP
ORD119306,03-11-2023,BR97,USA,Chicago,CUST1968,PROD534,TV,LG OLED 48,Apple,5,1733.41,0.24,0.18,7772.61,Credit Card,Online,EMP201,0,1,Express,8,GBP
ORD119307,26-07-2024,BR7,India,Pune,CUST4270,PROD771,Laptop,Dell XPS 13,Apple,4,687.49,0.24,0.18,2466.16,UPI,In-Store,EMP627,1,0,Same Day,1,EUR
ORD119308,07-03-2023,BR60,Germany,Munich,CUST2488,PROD819,Accessories,Bluetooth Headphones,Sony,2,785.83,0.14,0.18,1594.92,Net Banking,In-Store,EMP202,0,0,Same Day,7,EUR
ORD119309,24-08-2024,BR64,India,Bangalore,CUST9124,PROD219,Accessories,Bluetooth Headphones,HP,3,90.09,0.14,0.18,274.27,Net Banking,Online,EMP273,0,1,Same Day,7,GBP
ORD119310,12-02-2023,BR56,Germany,Munich,CUST7833,PROD829,TV,LG OLED 48,HP,2,1607.9,0.05,0.18,3604.91,Cash,In-Store,EMP753,3,1,Express,10,EUR
ORD119311,06-06-2023,BR84,Germany,Berlin,CUST9495,PROD409,Tablet,iPad Air,Lenovo,2,590.3,0.03,0.18,1351.31,UPI,Online,EMP417,0,1,Express,4,EUR
ORD119312,03-09-2023,BR86,UAE,Abu Dhabi,CUST5782,PROD191,Laptop,Dell XPS 13,HP,4,480.12,0.02,0.18,2220.84,Debit Card,In-Store,EMP284,0,0,Standard,3,INR
ORD119313,05-07-2023,BR47,India,Delhi,CUST2952,PROD215,Laptop,MacBook Air M2,LG,5,1847.75,0.15,0.18,9266.47,Credit Card,Online,EMP821,1,0,Express,2,GBP
ORD119314,05-08-2024,BR46,India,Bangalore,CUST9303,PROD327,TV,LG OLED 48,Dell,3,458.91,0.27,0.18,1185.92,Cash,Online,EMP280,0,0,Same Day,5,GBP
ORD119315,06-05-2023,BR109,Germany,Hamburg,CUST8809,PROD831,Tablet,iPad Air,Lenovo,1,682.66,0.13,0.18,700.82,UPI,Online,EMP549,1,0,Standard,3,AED
ORD119316,21-09-2024,BR29,Germany,Berlin,CUST2862,PROD560,Accessories,Wireless Mouse,Lenovo,2,478.91,0.06,0.18,1062.41,Cash,In-Store,EMP609,0,0,Express,1,AED
ORD119317,27-02-2023,BR35,UAE,Dubai,CUST4148,PROD621,TV,LG OLED 48,Dell,2,1001.46,0.17,0.18,1961.66,Credit Card,Online,EMP600,3,1,Express,6,AED
ORD119318,23-09-2024,BR91,USA,New York,CUST9495,PROD534,Accessories,Bluetooth Headphones,Lenovo,4,1473,0.19,0.18,5631.57,UPI,Online,EMP281,1,0,Standard,6,AED
ORD119319,22-10-2023,BR29,UAE,Abu Dhabi,CUST8643,PROD645,Accessories,Keyboard,Samsung,3,1702.79,0.05,0.18,5726.48,Credit Card,Online,EMP400,3,0,Standard,6,GBP
ORD119320,18-10-2024,BR87,India,Bangalore,CUST5275,PROD723,TV,LG OLED 48,Samsung,5,549.14,0.14,0.18,2786.34,UPI,In-Store,EMP750,3,1,Express,9,INR
ORD119321,03-05-2024,BR48,USA,Los Angeles,CUST5486,PROD762,Accessories,Bluetooth Headphones,Dell,2,698.28,0.05,0.18,1565.54,Cash,In-Store,EMP424,1,0,Express,3,USD
ORD119322,07-02-2023,BR27,USA,Chicago,CUST8405,PROD471,Mobile,iPhone 14,HP,2,633.59,0.29,0.18,1061.64,Credit Card,In-Store,EMP607,2,0,Standard,6,USD
ORD119323,20-09-2024,BR61,India,Delhi,CUST1414,PROD324,Laptop,HP Spectre x360,Apple,4,722.54,0.14,0.18,2932.93,Debit Card,In-Store,EMP509,0,1,Express,1,INR
ORD119324,20-05-2024,BR86,India,Pune,CUST8806,PROD647,Accessories,Wireless Mouse,OnePlus,2,348.39,0.1,0.18,739.98,Debit Card,Online,EMP734,2,1,Same Day,3,EUR
ORD119325,31-10-2023,BR55,UK,Manchester,CUST9713,PROD278,Tablet,Lenovo Tab P11,Dell,2,1964.03,0.23,0.18,3569.04,UPI,In-Store,EMP395,3,1,Same Day,4,INR
ORD119326,22-07-2023,BR37,UAE,Abu Dhabi,CUST3537,PROD502,Mobile,Samsung Galaxy S23,Lenovo,3,1495.36,0.28,0.18,3811.37,UPI,Online,EMP593,3,0,Express,4,GBP
ORD119327,05-08-2023,BR6,India,Pune,CUST6935,PROD892,TV,LG OLED 48,Sony,5,1437.6,0.19,0.18,6870.29,Cash,In-Store,EMP513,3,0,Standard,10,EUR
ORD119328,11-01-2024,BR53,Germany,Berlin,CUST6756,PROD629,TV,Samsung QLED 50,Sony,3,941.63,0.25,0.18,2500.03,Credit Card,Online,EMP788,3,0,Express,10,INR
ORD119329,16-12-2024,BR39,USA,New York,CUST2425,PROD661,Laptop,Dell XPS 13,Dell,3,80.61,0.1,0.18,256.82,Debit Card,Online,EMP722,0,1,Same Day,5,AED
ORD119330,03-10-2024,BR67,USA,Dallas,CUST2734,PROD209,TV,Samsung QLED 50,HP,1,1696.95,0.19,0.18,1621.94,Credit Card,In-Store,EMP238,1,0,Express,7,USD
ORD119331,07-08-2023,BR39,UK,Birmingham,CUST6098,PROD263,Laptop,Dell XPS 13,Apple,4,1176,0.2,0.18,4440.58,Debit Card,In-Store,EMP200,1,1,Standard,10,EUR
ORD119332,11-09-2024,BR47,UK,Manchester,CUST7363,PROD901,Laptop,Dell XPS 13,Samsung,3,1883.88,0.04,0.18,6402.18,Cash,In-Store,EMP598,2,1,Same Day,8,INR
ORD119333,20-06-2024,BR54,UK,London,CUST6494,PROD234,TV,LG OLED 48,Dell,1,520.7,0.07,0.18,571.42,UPI,In-Store,EMP820,2,1,Same Day,10,USD
ORD119334,24-03-2023,BR38,UAE,Abu Dhabi,CUST7740,PROD260,TV,Sony Bravia 55,Samsung,5,58.94,0.16,0.18,292.11,UPI,Online,EMP844,1,1,Same Day,1,AED
ORD119335,27-07-2023,BR57,Germany,Munich,CUST9259,PROD930,Laptop,Dell XPS 13,LG,2,518.31,0.19,0.18,990.8,Debit Card,In-Store,EMP406,2,1,Express,10,GBP
ORD119336,21-06-2024,BR23,UAE,Abu Dhabi,CUST7631,PROD326,Tablet,iPad Air,Samsung,4,1603.38,0.17,0.18,6281.4,Cash,Online,EMP727,2,0,Express,7,AED
ORD119337,11-02-2023,BR63,UAE,Dubai,CUST9058,PROD427,Accessories,Bluetooth Headphones,LG,5,1790.65,0.04,0.18,10142.24,UPI,In-Store,EMP544,0,1,Standard,6,USD
ORD119338,12-09-2024,BR32,India,Bangalore,CUST4908,PROD339,Mobile,iPhone 14,Dell,5,225.66,0.07,0.18,1238.2,Cash,Online,EMP425,1,0,Standard,7,EUR
ORD119339,16-12-2023,BR89,UK,Manchester,CUST5605,PROD549,TV,Sony Bravia 55,Dell,3,1341.18,0.26,0.18,3513.36,Debit Card,Online,EMP306,0,1,Same Day,6,GBP
ORD119340,13-09-2023,BR105,Germany,Berlin,CUST8241,PROD886,Tablet,iPad Air,Samsung,5,1305.01,0.01,0.18,7622.56,Cash,In-Store,EMP385,0,0,Standard,7,USD
ORD119341,15-04-2023,BR26,UK,Manchester,CUST8384,PROD712,Accessories,Keyboard,LG,5,297.12,0.1,0.18,1577.71,Debit Card,Online,EMP373,3,0,Same Day,4,INR
ORD119342,17-03-2023,BR103,USA,Dallas,CUST4791,PROD930,TV,Samsung QLED 50,HP,4,230.78,0.09,0.18,991.25,Net Banking,In-Store,EMP234,1,0,Standard,8,EUR
ORD119343,12-02-2023,BR5,Germany,Munich,CUST4833,PROD919,Laptop,Dell XPS 13,Lenovo,5,918.06,0.18,0.18,4441.57,Net Banking,Online,EMP478,2,0,Express,4,EUR
ORD119344,15-12-2023,BR115,UK,Birmingham,CUST6546,PROD365,TV,LG OLED 48,Apple,4,489.21,0.17,0.18,1916.53,Credit Card,Online,EMP464,1,1,Same Day,2,INR
ORD119345,10-10-2023,BR81,India,Pune,CUST2746,PROD454,Tablet,iPad Air,OnePlus,1,1137,0.02,0.18,1314.83,Cash,In-Store,EMP372,1,0,Express,9,AED
ORD119346,05-04-2023,BR72,Germany,Hamburg,CUST3991,PROD725,Mobile,OnePlus 11,Sony,5,1383.38,0.19,0.18,6611.17,Cash,In-Store,EMP422,0,1,Same Day,5,USD
ORD119347,28-06-2024,BR15,India,Mumbai,CUST9530,PROD916,Laptop,Dell XPS 13,Sony,1,1893.89,0.01,0.18,2212.44,Cash,In-Store,EMP725,0,1,Same Day,9,USD
ORD119348,29-07-2023,BR106,USA,Dallas,CUST9348,PROD328,Mobile,Samsung Galaxy S23,Apple,2,1473.52,0.21,0.18,2747.23,Credit Card,In-Store,EMP971,3,1,Standard,2,GBP
ORD119349,08-01-2024,BR50,India,Mumbai,CUST6733,PROD478,Accessories,Bluetooth Headphones,Apple,3,1613.47,0.07,0.18,5311.87,Net Banking,Online,EMP808,1,1,Standard,10,AED
ORD119350,05-09-2023,BR92,Germany,Munich,CUST4536,PROD588,Tablet,Samsung Galaxy Tab,Dell,2,1585.25,0.02,0.18,3666.37,UPI,In-Store,EMP855,2,0,Express,9,AED
ORD119351,05-11-2023,BR69,USA,Dallas,CUST1543,PROD226,Mobile,Samsung Galaxy S23,Apple,1,1865.12,0.11,0.18,1958.75,Credit Card,In-Store,EMP841,0,1,Same Day,4,INR
ORD119352,18-02-2024,BR66,India,Delhi,CUST5563,PROD296,TV,LG OLED 48,OnePlus,2,1009.63,0.02,0.18,2335.07,UPI,Online,EMP970,1,0,Standard,10,EUR
ORD119353,08-01-2024,BR79,Germany,Hamburg,CUST5508,PROD969,Mobile,Samsung Galaxy S23,Sony,2,1214.34,0.08,0.18,2636.58,Credit Card,Online,EMP728,0,0,Standard,10,USD
ORD119354,03-11-2024,BR100,USA,Dallas,CUST2621,PROD397,Mobile,iPhone 14,HP,3,1315.62,0.26,0.18,3446.4,Credit Card,In-Store,EMP820,3,1,Same Day,2,INR
ORD119355,10-03-2023,BR72,UK,London,CUST3781,PROD130,Laptop,Dell XPS 13,HP,4,373.06,0.1,0.18,1584.76,Credit Card,Online,EMP522,1,0,Standard,2,USD
ORD119356,02-03-2023,BR4,UAE,Abu Dhabi,CUST7101,PROD278,Tablet,Lenovo Tab P11,HP,4,868.82,0.22,0.18,3198.65,Net Banking,Online,EMP660,1,1,Same Day,10,USD
ORD119357,02-06-2024,BR61,UK,Birmingham,CUST9453,PROD983,Tablet,Samsung Galaxy Tab,Apple,2,675.7,0.05,0.18,1514.92,Net Banking,Online,EMP683,3,1,Same Day,10,GBP
ORD119358,22-06-2023,BR33,Germany,Hamburg,CUST7661,PROD972,Mobile,OnePlus 11,OnePlus,3,1440.96,0.05,0.18,4845.95,Cash,In-Store,EMP808,0,1,Same Day,6,INR
ORD119359,15-05-2023,BR105,USA,Dallas,CUST4085,PROD522,Mobile,OnePlus 11,OnePlus,1,1304.63,0.12,0.18,1354.73,Net Banking,In-Store,EMP994,1,1,Same Day,7,AED
ORD119360,27-01-2023,BR23,Germany,Hamburg,CUST3597,PROD510,Mobile,iPhone 14,Lenovo,4,1047.68,0.26,0.18,3659.34,Credit Card,In-Store,EMP789,3,0,Standard,10,AED
ORD119361,19-12-2023,BR38,India,Pune,CUST9238,PROD786,Mobile,OnePlus 11,OnePlus,2,1028.84,0.05,0.18,2306.66,Debit Card,Online,EMP353,2,0,Express,4,GBP
ORD119362,15-04-2024,BR78,India,Bangalore,CUST1335,PROD507,Mobile,Samsung Galaxy S23,Apple,2,271.56,0.26,0.18,474.25,Cash,In-Store,EMP537,1,1,Standard,3,USD
ORD119363,07-05-2024,BR120,Germany,Munich,CUST9116,PROD173,Mobile,OnePlus 11,OnePlus,2,1270.58,0.04,0.18,2878.63,Net Banking,In-Store,EMP341,1,0,Same Day,6,AED
ORD119364,28-05-2023,BR7,Germany,Hamburg,CUST8078,PROD894,Accessories,Bluetooth Headphones,OnePlus,1,51.94,0.21,0.18,48.42,Debit Card,Online,EMP246,2,0,Standard,7,EUR
ORD119365,05-12-2024,BR67,USA,Dallas,CUST5023,PROD487,Accessories,Wireless Mouse,LG,4,1222.59,0.24,0.18,4385.67,Debit Card,Online,EMP665,3,1,Express,5,GBP
ORD119366,15-12-2023,BR51,UK,Birmingham,CUST6264,PROD431,TV,Sony Bravia 55,OnePlus,4,1335.12,0.28,0.18,4537.27,Cash,In-Store,EMP254,0,1,Same Day,3,INR
ORD119367,09-12-2024,BR39,Germany,Berlin,CUST9931,PROD494,Tablet,Lenovo Tab P11,HP,1,764.21,0.27,0.18,658.29,Cash,Online,EMP659,2,1,Standard,5,AED
ORD119368,20-11-2024,BR105,UK,London,CUST4272,PROD600,Mobile,iPhone 14,Samsung,4,584.31,0.22,0.18,2151.2,Cash,In-Store,EMP442,2,0,Same Day,9,USD
ORD119369,02-03-2024,BR23,Germany,Munich,CUST4430,PROD838,Laptop,HP Spectre x360,LG,5,1549.99,0.09,0.18,8321.9,Cash,In-Store,EMP532,2,1,Standard,5,EUR
ORD119370,10-03-2024,BR36,UK,London,CUST2507,PROD331,Mobile,iPhone 14,HP,4,1022.52,0.07,0.18,4488.45,Cash,Online,EMP564,3,0,Standard,6,USD
ORD119371,07-03-2024,BR45,UK,Manchester,CUST1766,PROD785,Laptop,Dell XPS 13,Lenovo,3,594.5,0.11,0.18,1873.03,Debit Card,Online,EMP918,3,0,Standard,1,USD
ORD119372,08-03-2023,BR95,USA,Los Angeles,CUST5609,PROD549,TV,LG OLED 48,LG,3,1835.71,0.15,0.18,5523.65,Credit Card,In-Store,EMP356,1,0,Standard,4,EUR
ORD119373,26-08-2023,BR55,Germany,Hamburg,CUST8151,PROD558,Accessories,Bluetooth Headphones,OnePlus,4,789.43,0.24,0.18,2831.84,Credit Card,Online,EMP663,3,0,Standard,1,USD
ORD119374,21-04-2023,BR29,India,Delhi,CUST5567,PROD464,Mobile,iPhone 14,LG,3,634.3,0.28,0.18,1616.7,UPI,In-Store,EMP834,3,1,Express,9,AED
ORD119375,13-03-2023,BR114,UAE,Dubai,CUST4804,PROD583,Accessories,Bluetooth Headphones,HP,3,823.01,0.2,0.18,2330.76,Cash,In-Store,EMP543,2,0,Express,4,USD
ORD119376,04-12-2023,BR91,Germany,Hamburg,CUST7724,PROD864,Tablet,Samsung Galaxy Tab,Lenovo,2,384.95,0.1,0.18,817.63,Credit Card,Online,EMP682,3,0,Standard,9,EUR
ORD119377,28-07-2024,BR45,USA,Dallas,CUST2365,PROD251,Mobile,iPhone 14,Sony,3,608.8,0.18,0.18,1767.22,UPI,Online,EMP585,1,1,Standard,1,GBP
ORD119378,17-06-2024,BR41,India,Pune,CUST8486,PROD644,TV,LG OLED 48,OnePlus,3,201.2,0.2,0.18,569.8,Debit Card,Online,EMP859,3,0,Express,1,GBP
ORD119379,12-07-2023,BR114,Germany,Berlin,CUST3441,PROD788,Mobile,iPhone 14,LG,2,1564.89,0.2,0.18,2954.51,Net Banking,Online,EMP889,2,0,Standard,4,USD
ORD119380,18-08-2023,BR84,Germany,Berlin,CUST9574,PROD535,Laptop,MacBook Air M2,OnePlus,2,199.25,0.08,0.18,432.61,Net Banking,Online,EMP728,1,0,Standard,7,INR
ORD119381,06-10-2023,BR53,USA,New York,CUST4254,PROD372,Mobile,OnePlus 11,Samsung,3,494.75,0.23,0.18,1348.59,Net Banking,In-Store,EMP951,1,1,Standard,1,USD
ORD119382,14-07-2024,BR84,UK,Manchester,CUST3918,PROD956,TV,LG OLED 48,HP,5,514.69,0.17,0.18,2520.44,Net Banking,In-Store,EMP747,3,0,Standard,2,EUR
ORD119383,09-03-2024,BR111,Germany,Berlin,CUST4832,PROD228,Laptop,MacBook Air M2,Samsung,4,844.89,0.15,0.18,3389.7,Credit Card,In-Store,EMP956,0,0,Same Day,5,AED
ORD119384,25-03-2024,BR62,UAE,Abu Dhabi,CUST1052,PROD895,Accessories,Wireless Mouse,Apple,4,910.36,0.2,0.18,3437.52,Net Banking,Online,EMP226,1,1,Express,3,AED
ORD119385,08-09-2024,BR34,UK,Birmingham,CUST7865,PROD934,Accessories,Keyboard,HP,1,329.8,0.21,0.18,307.44,Net Banking,In-Store,EMP692,1,0,Express,5,GBP
ORD119386,15-12-2023,BR6,India,Delhi,CUST1211,PROD589,Mobile,Samsung Galaxy S23,LG,3,547.06,0.22,0.18,1510.54,Net Banking,Online,EMP808,1,1,Same Day,6,GBP
ORD119387,10-05-2023,BR10,Germany,Hamburg,CUST4536,PROD453,Mobile,OnePlus 11,Apple,1,1198.1,0.28,0.18,1017.91,Credit Card,Online,EMP694,1,0,Express,7,EUR
ORD119388,30-08-2024,BR8,India,Delhi,CUST4357,PROD323,Accessories,Wireless Mouse,Dell,4,1817.83,0.24,0.18,6520.92,Net Banking,Online,EMP961,0,1,Express,4,INR
ORD119389,10-06-2024,BR34,USA,Chicago,CUST3368,PROD637,Laptop,MacBook Air M2,OnePlus,3,1122.1,0.1,0.18,3575.01,UPI,Online,EMP451,0,1,Standard,7,AED
ORD119390,15-03-2024,BR36,USA,Los Angeles,CUST8327,PROD901,Accessories,Bluetooth Headphones,LG,2,1029.35,0.21,0.18,1919.12,Net Banking,In-Store,EMP259,0,0,Standard,6,AED
ORD119391,05-12-2024,BR41,UK,Manchester,CUST7954,PROD192,Accessories,Keyboard,Dell,2,1527.04,0.2,0.18,2883.05,UPI,Online,EMP342,0,1,Express,8,GBP
ORD119392,12-02-2024,BR6,UK,Manchester,CUST3281,PROD730,Laptop,MacBook Air M2,HP,4,1394.95,0.19,0.18,5333.17,UPI,Online,EMP783,0,1,Same Day,10,EUR
ORD119393,18-04-2024,BR88,India,Mumbai,CUST9378,PROD396,Tablet,Samsung Galaxy Tab,HP,2,745.62,0.15,0.18,1495.71,Net Banking,Online,EMP839,1,0,Standard,8,USD
ORD119394,05-06-2024,BR57,USA,Chicago,CUST5873,PROD830,Laptop,MacBook Air M2,Samsung,2,558.24,0.29,0.18,935.39,Debit Card,In-Store,EMP653,1,1,Same Day,8,INR
ORD119395,20-02-2023,BR59,UK,London,CUST9850,PROD765,Accessories,Wireless Mouse,Dell,3,931.07,0.03,0.18,3197.11,Debit Card,Online,EMP219,3,0,Standard,6,USD
ORD119396,02-06-2023,BR82,India,Pune,CUST2694,PROD785,Tablet,Lenovo Tab P11,Sony,5,717.49,0.12,0.18,3725.21,Cash,In-Store,EMP288,1,1,Standard,6,INR
ORD119397,23-11-2023,BR54,USA,New York,CUST4077,PROD689,TV,LG OLED 48,HP,2,1388.45,0.18,0.18,2686.93,Net Banking,In-Store,EMP987,0,0,Same Day,2,GBP
ORD119398,27-12-2023,BR52,UK,London,CUST2838,PROD861,Accessories,Wireless Mouse,Lenovo,2,1949.32,0.08,0.18,4232.36,UPI,In-Store,EMP525,2,0,Express,4,USD
ORD119399,19-04-2023,BR80,UAE,Dubai,CUST3140,PROD127,Accessories,Wireless Mouse,Dell,3,1276.67,0.21,0.18,3570.34,Net Banking,In-Store,EMP329,0,1,Standard,7,AED
ORD119400,22-03-2023,BR82,India,Mumbai,CUST7745,PROD922,Accessories,Wireless Mouse,Apple,3,1589.11,0.22,0.18,4387.85,Debit Card,In-Store,EMP936,3,1,Express,3,INR
ORD119401,03-12-2024,BR33,UAE,Dubai,CUST5861,PROD127,Tablet,Lenovo Tab P11,Lenovo,5,511.14,0.02,0.18,2955.41,Net Banking,In-Store,EMP602,0,0,Same Day,3,GBP
ORD119402,17-06-2023,BR76,USA,New York,CUST2710,PROD239,Accessories,Bluetooth Headphones,LG,2,1829.74,0.02,0.18,4231.82,Cash,In-Store,EMP665,2,1,Standard,9,EUR
ORD119403,30-09-2023,BR91,UAE,Abu Dhabi,CUST2018,PROD247,Laptop,HP Spectre x360,Samsung,5,1997.65,0.1,0.18,10607.52,Debit Card,Online,EMP448,3,1,Express,2,AED
ORD119404,08-11-2023,BR114,UK,London,CUST6767,PROD629,Tablet,iPad Air,Samsung,4,563.84,0.23,0.18,2049.22,Net Banking,In-Store,EMP306,2,1,Same Day,2,AED
ORD119405,04-12-2024,BR106,UK,Birmingham,CUST5319,PROD741,Tablet,Samsung Galaxy Tab,HP,5,1115.94,0.03,0.18,6386.52,Credit Card,In-Store,EMP636,0,0,Same Day,3,USD
ORD119406,09-01-2024,BR58,Germany,Hamburg,CUST3633,PROD804,Accessories,Bluetooth Headphones,OnePlus,2,151.02,0.1,0.18,320.77,Debit Card,In-Store,EMP266,2,0,Standard,4,EUR
ORD119407,21-08-2024,BR87,India,Mumbai,CUST5238,PROD983,Mobile,iPhone 14,OnePlus,5,55.67,0.13,0.18,285.75,Debit Card,In-Store,EMP967,0,0,Standard,7,USD
ORD119408,03-09-2023,BR88,India,Bangalore,CUST9483,PROD811,Accessories,Keyboard,Sony,2,1537.64,0.26,0.18,2685.33,Credit Card,Online,EMP326,1,1,Express,1,GBP
ORD119409,26-01-2024,BR72,India,Pune,CUST3391,PROD286,Laptop,MacBook Air M2,Samsung,5,772.78,0.08,0.18,4194.65,Credit Card,In-Store,EMP690,3,1,Standard,10,INR
ORD119410,07-07-2024,BR72,Germany,Hamburg,CUST5966,PROD613,Accessories,Keyboard,HP,5,712.41,0.16,0.18,3530.7,Debit Card,Online,EMP436,1,0,Same Day,10,USD
ORD119411,19-02-2023,BR64,Germany,Munich,CUST5009,PROD691,TV,Sony Bravia 55,Sony,4,1421.25,0.3,0.18,4695.81,UPI,Online,EMP471,3,1,Express,5,GBP
ORD119412,16-11-2024,BR86,India,Bangalore,CUST2320,PROD750,Laptop,MacBook Air M2,OnePlus,1,1434.73,0.24,0.18,1286.67,Debit Card,In-Store,EMP522,2,0,Standard,10,GBP
ORD119413,14-03-2024,BR103,Germany,Berlin,CUST9435,PROD365,Tablet,iPad Air,Sony,3,279.18,0.15,0.18,840.05,Credit Card,In-Store,EMP317,2,1,Express,9,USD
ORD119414,08-12-2024,BR25,Germany,Munich,CUST2348,PROD800,Accessories,Keyboard,Dell,5,1952.71,0.18,0.18,9447.21,Debit Card,Online,EMP750,0,0,Standard,1,AED
ORD119415,11-09-2023,BR37,UAE,Dubai,CUST4142,PROD689,Laptop,MacBook Air M2,LG,3,685.39,0.03,0.18,2353.49,Cash,In-Store,EMP949,0,1,Same Day,7,USD
ORD119416,07-10-2023,BR35,USA,New York,CUST2214,PROD944,TV,Samsung QLED 50,Apple,3,1989.71,0.21,0.18,5564.42,Cash,In-Store,EMP663,3,1,Same Day,10,EUR
ORD119417,27-12-2023,BR116,UAE,Dubai,CUST8968,PROD572,Laptop,MacBook Air M2,Samsung,2,1224.58,0.04,0.18,2774.41,Debit Card,Online,EMP299,2,1,Express,9,AED
ORD119418,19-02-2023,BR48,UK,Manchester,CUST1944,PROD978,Accessories,Keyboard,Samsung,5,1626.65,0.27,0.18,7005.98,Credit Card,Online,EMP764,1,1,Express,2,EUR
ORD119419,12-04-2024,BR20,India,Bangalore,CUST9523,PROD383,Laptop,HP Spectre x360,Samsung,3,1049.15,0.25,0.18,2785.49,UPI,In-Store,EMP315,1,1,Express,2,GBP
ORD119420,19-01-2023,BR86,UK,Birmingham,CUST6853,PROD140,TV,Samsung QLED 50,Sony,3,1556.28,0.18,0.18,4517.57,Debit Card,In-Store,EMP796,0,0,Standard,9,EUR
ORD119421,04-03-2023,BR120,Germany,Hamburg,CUST1817,PROD483,TV,Samsung QLED 50,Lenovo,4,1100.7,0.29,0.18,3688.67,Credit Card,Online,EMP478,0,1,Standard,4,INR
ORD119422,09-04-2023,BR108,UAE,Abu Dhabi,CUST7383,PROD909,TV,Samsung QLED 50,Sony,1,1884.12,0.29,0.18,1578.52,Net Banking,Online,EMP668,0,0,Standard,9,INR
ORD119423,04-07-2024,BR24,Germany,Hamburg,CUST5987,PROD789,Mobile,iPhone 14,Dell,5,1723.36,0.01,0.18,10066.15,Credit Card,Online,EMP670,0,1,Same Day,8,AED
ORD119424,29-02-2024,BR84,USA,Chicago,CUST5214,PROD402,Mobile,iPhone 14,LG,4,1481.15,0.2,0.18,5592.82,Debit Card,Online,EMP276,2,1,Same Day,6,GBP
ORD119425,22-04-2024,BR72,UK,Birmingham,CUST8036,PROD547,TV,Samsung QLED 50,Apple,5,1874.1,0.28,0.18,7961.18,Cash,In-Store,EMP427,0,1,Express,2,INR
ORD119426,26-10-2024,BR77,UK,Manchester,CUST4719,PROD207,Mobile,OnePlus 11,HP,2,759.31,0.18,0.18,1469.42,UPI,Online,EMP410,3,0,Express,1,INR
ORD119427,25-01-2023,BR29,Germany,Munich,CUST5444,PROD628,Accessories,Wireless Mouse,Lenovo,3,465.44,0.26,0.18,1219.27,Cash,In-Store,EMP707,0,0,Same Day,7,EUR
ORD119428,12-01-2024,BR112,India,Pune,CUST8513,PROD222,Tablet,iPad Air,Samsung,1,531.19,0.12,0.18,551.59,UPI,In-Store,EMP318,3,0,Same Day,2,USD
ORD119429,07-09-2024,BR61,India,Mumbai,CUST3273,PROD426,TV,Sony Bravia 55,OnePlus,1,1371.22,0.02,0.18,1585.68,UPI,In-Store,EMP645,3,0,Express,2,EUR
ORD119430,05-03-2024,BR83,Germany,Hamburg,CUST6581,PROD418,Tablet,Samsung Galaxy Tab,OnePlus,2,1823.35,0.2,0.18,3442.48,UPI,In-Store,EMP273,2,0,Standard,4,INR
ORD119431,07-12-2023,BR78,Germany,Hamburg,CUST3244,PROD721,Tablet,Lenovo Tab P11,Sony,4,1042.7,0.26,0.18,3641.94,Cash,Online,EMP874,2,1,Same Day,3,AED
ORD119432,20-09-2024,BR80,UAE,Abu Dhabi,CUST9737,PROD607,Accessories,Keyboard,LG,5,1211.15,0.03,0.18,6931.41,Credit Card,Online,EMP494,0,0,Express,3,INR
ORD119433,17-02-2024,BR111,USA,Los Angeles,CUST7369,PROD613,Accessories,Wireless Mouse,LG,2,1746.49,0.24,0.18,3132.5,Debit Card,In-Store,EMP737,0,0,Express,5,INR
ORD119434,19-12-2023,BR56,India,Pune,CUST3571,PROD706,Laptop,Dell XPS 13,Lenovo,2,94.84,0.11,0.18,199.2,UPI,In-Store,EMP866,2,1,Same Day,4,GBP
ORD119435,22-07-2024,BR15,India,Delhi,CUST8758,PROD607,Mobile,Samsung Galaxy S23,Sony,2,170.95,0.15,0.18,342.93,Cash,In-Store,EMP913,1,1,Same Day,10,INR
ORD119436,29-08-2023,BR101,UAE,Abu Dhabi,CUST6299,PROD113,Tablet,iPad Air,Lenovo,5,1304.94,0.25,0.18,5774.36,Credit Card,In-Store,EMP517,0,0,Express,3,INR
ORD119437,16-03-2023,BR49,Germany,Hamburg,CUST9769,PROD765,Tablet,iPad Air,Sony,2,1934.47,0.02,0.18,4474.04,Debit Card,Online,EMP838,3,0,Express,1,INR
ORD119438,30-11-2024,BR32,India,Bangalore,CUST2405,PROD696,Accessories,Bluetooth Headphones,Sony,2,821.67,0.09,0.18,1764.62,UPI,Online,EMP693,2,0,Standard,4,USD
ORD119439,26-09-2023,BR30,Germany,Munich,CUST6042,PROD217,Tablet,Samsung Galaxy Tab,Apple,2,1825.68,0.02,0.18,4222.43,Credit Card,Online,EMP642,1,1,Express,8,AED
ORD119440,12-07-2024,BR120,India,Bangalore,CUST3622,PROD463,Accessories,Bluetooth Headphones,Sony,4,1247.05,0.09,0.18,5356.33,Credit Card,In-Store,EMP878,1,0,Standard,6,EUR
ORD119441,05-09-2023,BR119,Germany,Berlin,CUST9058,PROD268,Mobile,Samsung Galaxy S23,Samsung,2,1822.11,0.07,0.18,3999.17,Debit Card,Online,EMP935,2,0,Express,2,INR
ORD119442,18-08-2023,BR84,USA,Chicago,CUST5810,PROD372,Laptop,MacBook Air M2,Samsung,1,444.16,0.21,0.18,414.05,Debit Card,Online,EMP675,1,1,Same Day,5,INR
ORD119443,01-10-2023,BR13,UK,London,CUST9296,PROD322,Accessories,Bluetooth Headphones,Apple,4,1568.14,0.24,0.18,5625.23,Credit Card,Online,EMP216,0,1,Express,7,GBP
ORD119444,02-11-2024,BR90,India,Delhi,CUST8636,PROD394,Laptop,Dell XPS 13,Samsung,5,241.47,0.03,0.18,1381.93,Credit Card,In-Store,EMP802,0,1,Same Day,5,GBP
ORD119445,16-01-2023,BR59,UAE,Dubai,CUST8089,PROD445,Laptop,HP Spectre x360,Apple,4,1161.42,0.19,0.18,4440.34,Cash,In-Store,EMP972,2,1,Standard,3,AED
ORD119446,17-10-2023,BR66,Germany,Hamburg,CUST3402,PROD656,Laptop,HP Spectre x360,LG,3,1906.05,0.18,0.18,5532.88,Net Banking,In-Store,EMP774,3,0,Standard,9,GBP
ORD119447,24-11-2024,BR21,India,Mumbai,CUST9672,PROD103,Laptop,Dell XPS 13,Apple,2,1135.34,0.17,0.18,2223.9,Net Banking,In-Store,EMP347,2,0,Standard,5,GBP
ORD119448,12-10-2023,BR1,UAE,Dubai,CUST2264,PROD108,Accessories,Bluetooth Headphones,Samsung,2,1968.36,0.3,0.18,3251.73,Credit Card,In-Store,EMP504,3,0,Express,9,GBP
ORD119449,20-10-2024,BR113,UAE,Abu Dhabi,CUST6918,PROD797,Laptop,MacBook Air M2,Dell,1,1901.08,0.24,0.18,1704.89,Credit Card,In-Store,EMP246,0,1,Same Day,1,EUR
ORD119450,04-02-2024,BR90,UK,London,CUST2589,PROD656,Mobile,Samsung Galaxy S23,OnePlus,5,493,0.16,0.18,2443.31,Cash,In-Store,EMP285,1,0,Standard,7,USD
ORD119451,03-03-2023,BR106,UK,Birmingham,CUST8071,PROD176,Accessories,Keyboard,Sony,3,1060.43,0.16,0.18,3153.29,Credit Card,In-Store,EMP975,2,0,Standard,4,USD
ORD119452,30-05-2023,BR25,UAE,Abu Dhabi,CUST3328,PROD155,Mobile,iPhone 14,Lenovo,3,1079.93,0.16,0.18,3211.28,Debit Card,Online,EMP799,3,1,Express,1,USD
ORD119453,04-07-2023,BR120,India,Mumbai,CUST2954,PROD466,TV,LG OLED 48,OnePlus,4,1814.79,0.17,0.18,7109.62,Net Banking,Online,EMP686,3,0,Express,8,INR
ORD119454,19-01-2024,BR93,USA,Los Angeles,CUST6508,PROD399,TV,Samsung QLED 50,Sony,4,690.73,0.09,0.18,2966.82,Credit Card,In-Store,EMP779,2,0,Same Day,2,GBP
ORD119455,11-06-2023,BR8,USA,Los Angeles,CUST3259,PROD464,Mobile,Samsung Galaxy S23,OnePlus,3,648.78,0.01,0.18,2273.71,Net Banking,Online,EMP984,3,0,Express,1,USD
ORD119456,09-12-2024,BR49,USA,Chicago,CUST3091,PROD242,Laptop,HP Spectre x360,Lenovo,4,434.07,0.29,0.18,1454.66,Net Banking,In-Store,EMP521,2,1,Same Day,8,GBP
ORD119457,24-10-2024,BR81,USA,Chicago,CUST9944,PROD907,Mobile,Samsung Galaxy S23,OnePlus,4,1458.46,0.27,0.18,5025.27,Credit Card,In-Store,EMP579,1,1,Express,3,GBP
ORD119458,28-07-2023,BR107,UK,Manchester,CUST4414,PROD183,Laptop,HP Spectre x360,Samsung,3,1780.16,0.12,0.18,5545.55,UPI,Online,EMP889,3,1,Standard,10,AED
ORD119459,26-11-2024,BR58,India,Mumbai,CUST6055,PROD952,Accessories,Bluetooth Headphones,Dell,5,1736.71,0.28,0.18,7377.54,Net Banking,In-Store,EMP662,2,0,Express,10,GBP
ORD119460,07-12-2023,BR76,India,Mumbai,CUST4979,PROD963,Tablet,Lenovo Tab P11,Dell,2,126.19,0.19,0.18,241.22,Cash,In-Store,EMP833,3,1,Same Day,2,GBP
ORD119461,07-03-2023,BR1,UAE,Dubai,CUST7040,PROD432,Tablet,Lenovo Tab P11,Apple,3,1973.29,0.28,0.18,5029.52,UPI,Online,EMP577,0,0,Standard,4,USD
ORD119462,21-10-2024,BR35,UAE,Abu Dhabi,CUST8739,PROD482,TV,Sony Bravia 55,Sony,3,858.2,0.17,0.18,2521.56,Net Banking,In-Store,EMP656,2,1,Express,5,AED
ORD119463,28-07-2023,BR58,USA,New York,CUST5463,PROD123,TV,LG OLED 48,Sony,5,908.23,0.08,0.18,4929.87,Net Banking,Online,EMP348,2,1,Express,7,INR
ORD119464,08-11-2023,BR84,India,Mumbai,CUST2262,PROD823,TV,Samsung QLED 50,HP,3,379.93,0.11,0.18,1197.01,Debit Card,In-Store,EMP455,1,1,Standard,9,AED
ORD119465,27-10-2024,BR47,UAE,Dubai,CUST3169,PROD499,Accessories,Bluetooth Headphones,Sony,3,1960.36,0.08,0.18,6384.5,Net Banking,In-Store,EMP992,0,1,Express,3,GBP
ORD119466,04-02-2023,BR26,India,Mumbai,CUST6130,PROD175,Tablet,Lenovo Tab P11,HP,4,314.68,0.2,0.18,1188.23,UPI,Online,EMP359,3,0,Standard,4,AED
ORD119467,26-05-2023,BR115,UAE,Abu Dhabi,CUST7936,PROD336,Mobile,iPhone 14,Apple,4,1759.49,0.01,0.18,8221.74,Debit Card,In-Store,EMP987,1,1,Same Day,9,GBP
ORD119468,20-02-2023,BR71,UK,Birmingham,CUST5410,PROD435,Mobile,iPhone 14,Apple,5,351.87,0.11,0.18,1847.67,Credit Card,In-Store,EMP434,0,0,Same Day,2,EUR
ORD119469,26-03-2023,BR55,Germany,Berlin,CUST3617,PROD747,Tablet,Lenovo Tab P11,HP,3,1527.76,0.21,0.18,4272.53,Credit Card,In-Store,EMP939,3,1,Standard,1,EUR
ORD119470,10-12-2023,BR113,USA,Dallas,CUST5594,PROD724,Tablet,Samsung Galaxy Tab,Samsung,2,643.2,0.2,0.18,1214.36,Credit Card,Online,EMP255,2,0,Same Day,6,USD
ORD119471,08-01-2023,BR3,UAE,Abu Dhabi,CUST2225,PROD245,Laptop,HP Spectre x360,Samsung,5,462.32,0.27,0.18,1991.21,Cash,In-Store,EMP275,0,1,Standard,10,AED
ORD119472,25-03-2024,BR62,UAE,Dubai,CUST5121,PROD389,Tablet,Samsung Galaxy Tab,LG,3,1374.45,0.12,0.18,4281.69,Net Banking,Online,EMP607,2,1,Same Day,1,GBP
ORD119473,03-08-2024,BR88,Germany,Munich,CUST7298,PROD982,Accessories,Wireless Mouse,Sony,2,518.45,0.22,0.18,954.36,Credit Card,In-Store,EMP234,2,1,Express,10,AED
ORD119474,10-05-2023,BR76,Germany,Munich,CUST8707,PROD483,TV,Samsung QLED 50,LG,1,1300.38,0.03,0.18,1488.41,Net Banking,In-Store,EMP657,1,1,Express,5,GBP
ORD119475,16-11-2024,BR103,Germany,Berlin,CUST9829,PROD487,Accessories,Keyboard,Apple,5,1789.46,0.26,0.18,7812.78,Cash,In-Store,EMP801,2,1,Express,3,USD
ORD119476,29-05-2024,BR64,UAE,Dubai,CUST5401,PROD369,Mobile,iPhone 14,Sony,4,736.19,0.19,0.18,2814.6,Cash,Online,EMP704,0,0,Express,10,INR
ORD119477,17-02-2024,BR106,India,Mumbai,CUST2120,PROD873,Accessories,Bluetooth Headphones,HP,5,1341.19,0.08,0.18,7279.98,Debit Card,In-Store,EMP661,3,1,Express,10,GBP
ORD119478,08-03-2024,BR40,Germany,Berlin,CUST3244,PROD544,Accessories,Bluetooth Headphones,Dell,3,206.69,0.24,0.18,556.08,UPI,Online,EMP906,1,1,Express,6,GBP
ORD119479,27-06-2023,BR99,UAE,Dubai,CUST1973,PROD412,Accessories,Wireless Mouse,Samsung,2,96.88,0.3,0.18,160.05,Cash,Online,EMP229,1,0,Standard,7,USD
ORD119480,11-06-2024,BR102,USA,Chicago,CUST4335,PROD818,Mobile,iPhone 14,Lenovo,2,525.54,0.07,0.18,1153.46,Debit Card,In-Store,EMP505,1,0,Express,9,USD
ORD119481,06-02-2024,BR80,USA,Dallas,CUST5381,PROD582,Laptop,Dell XPS 13,Sony,3,88.5,0.25,0.18,234.97,Net Banking,In-Store,EMP761,2,1,Standard,2,GBP
ORD119482,11-09-2024,BR101,Germany,Berlin,CUST2872,PROD692,Mobile,OnePlus 11,Apple,3,948.5,0.25,0.18,2518.27,Credit Card,Online,EMP364,0,0,Same Day,6,EUR
ORD119483,30-11-2024,BR102,USA,Chicago,CUST8211,PROD962,Mobile,iPhone 14,Apple,5,1139.08,0.23,0.18,5174.84,Debit Card,In-Store,EMP653,0,1,Express,10,GBP
ORD119484,09-04-2023,BR94,India,Delhi,CUST9461,PROD731,Mobile,OnePlus 11,LG,5,1959.35,0.09,0.18,10519.75,UPI,In-Store,EMP215,0,0,Standard,6,USD
ORD119485,26-01-2024,BR62,India,Pune,CUST2816,PROD973,Tablet,Lenovo Tab P11,Dell,4,989.77,0.07,0.18,4344.69,Credit Card,Online,EMP409,1,0,Same Day,4,EUR
ORD119486,20-08-2024,BR6,UAE,Abu Dhabi,CUST4105,PROD281,TV,LG OLED 48,Apple,5,962.23,0.04,0.18,5450.07,UPI,In-Store,EMP202,2,1,Express,5,INR
ORD119487,26-08-2023,BR66,USA,New York,CUST7271,PROD468,Tablet,Samsung Galaxy Tab,Lenovo,1,532.48,0.14,0.18,540.36,Cash,Online,EMP594,1,1,Standard,3,INR
ORD119488,12-01-2023,BR85,USA,Chicago,CUST9928,PROD196,Tablet,Samsung Galaxy Tab,OnePlus,2,1800.87,0.27,0.18,3102.54,Debit Card,Online,EMP434,0,1,Standard,1,GBP
ORD119489,29-02-2024,BR74,Germany,Munich,CUST7958,PROD693,TV,Samsung QLED 50,Apple,4,1524.36,0.15,0.18,6115.73,Credit Card,In-Store,EMP612,2,1,Express,2,EUR
ORD119490,08-10-2024,BR7,USA,Los Angeles,CUST4600,PROD107,Tablet,Samsung Galaxy Tab,Sony,4,282.01,0.19,0.18,1078.18,Cash,In-Store,EMP564,3,0,Same Day,4,USD
ORD119491,25-06-2023,BR33,UK,Birmingham,CUST8061,PROD341,Mobile,Samsung Galaxy S23,Lenovo,5,680.58,0.01,0.18,3975.27,Cash,Online,EMP508,1,0,Standard,4,EUR
ORD119492,16-12-2024,BR102,UK,London,CUST1707,PROD161,Accessories,Bluetooth Headphones,Lenovo,4,946.59,0.04,0.18,4289.19,Net Banking,In-Store,EMP780,2,1,Same Day,5,USD
ORD119493,08-05-2023,BR34,India,Mumbai,CUST3280,PROD320,TV,LG OLED 48,LG,4,96.09,0.18,0.18,371.91,Credit Card,Online,EMP859,2,1,Standard,2,USD
ORD119494,06-11-2024,BR73,India,Delhi,CUST2419,PROD786,Laptop,HP Spectre x360,Apple,5,1076.08,0.14,0.18,5460.03,Credit Card,Online,EMP575,0,1,Express,4,GBP
ORD119495,29-08-2024,BR42,Germany,Munich,CUST2790,PROD548,Accessories,Keyboard,HP,3,95.34,0.27,0.18,246.38,Debit Card,In-Store,EMP894,0,1,Same Day,4,GBP
ORD119496,26-07-2024,BR103,UK,Birmingham,CUST2333,PROD950,Accessories,Wireless Mouse,LG,5,1578.32,0.09,0.18,8474,Credit Card,Online,EMP992,0,0,Same Day,2,AED
ORD119497,28-10-2024,BR114,UK,Manchester,CUST5328,PROD575,Mobile,Samsung Galaxy S23,OnePlus,1,961.06,0.13,0.18,986.62,Cash,Online,EMP416,3,1,Standard,4,INR
ORD119498,20-10-2024,BR83,India,Mumbai,CUST2941,PROD782,TV,LG OLED 48,Lenovo,4,1883.65,0.09,0.18,8090.65,Debit Card,Online,EMP317,2,0,Express,4,USD
ORD119499,07-02-2023,BR112,UK,London,CUST8664,PROD321,Mobile,iPhone 14,Lenovo,3,899.16,0.17,0.18,2641.91,Cash,Online,EMP543,0,0,Express,6,INR
ORD119500,19-12-2024,BR110,Germany,Munich,CUST3059,PROD524,Mobile,iPhone 14,Dell,2,64.04,0.29,0.18,107.31,Cash,Online,EMP673,0,0,Standard,1,USD
ORD119501,25-04-2024,BR25,Germany,Hamburg,CUST2595,PROD446,Laptop,HP Spectre x360,Samsung,2,351.66,0.26,0.18,614.14,Cash,Online,EMP476,1,0,Express,7,USD
ORD119502,23-03-2023,BR99,UK,Manchester,CUST2856,PROD274,Accessories,Bluetooth Headphones,Lenovo,1,1958.94,0.1,0.18,2080.39,Debit Card,Online,EMP874,2,1,Express,1,USD
ORD119503,24-02-2024,BR48,Germany,Munich,CUST6776,PROD608,Mobile,Samsung Galaxy S23,Dell,1,862.25,0.12,0.18,895.36,Net Banking,Online,EMP635,2,0,Express,8,AED
ORD119504,27-04-2023,BR14,Germany,Hamburg,CUST4152,PROD610,TV,LG OLED 48,Apple,5,1800.99,0.24,0.18,8075.64,Cash,In-Store,EMP604,0,1,Same Day,4,EUR
ORD119505,04-07-2023,BR93,UAE,Dubai,CUST4390,PROD118,TV,LG OLED 48,Samsung,2,750.96,0.16,0.18,1488.7,UPI,In-Store,EMP581,2,1,Standard,5,INR
ORD119506,13-08-2023,BR79,Germany,Berlin,CUST1469,PROD486,Accessories,Keyboard,Sony,4,243.76,0.03,0.18,1116.03,Cash,Online,EMP531,0,1,Same Day,4,AED
ORD119507,01-06-2024,BR56,USA,Dallas,CUST3771,PROD900,Laptop,HP Spectre x360,Lenovo,5,726.78,0.03,0.18,4159.36,Net Banking,Online,EMP277,2,0,Same Day,5,EUR
ORD119508,16-05-2024,BR106,Germany,Berlin,CUST3413,PROD278,Laptop,MacBook Air M2,Apple,1,661.75,0.09,0.18,710.59,UPI,Online,EMP940,3,1,Same Day,1,GBP
ORD119509,18-03-2023,BR11,India,Delhi,CUST2247,PROD160,TV,Sony Bravia 55,OnePlus,2,964.86,0.03,0.18,2208.76,UPI,Online,EMP218,0,1,Standard,6,GBP
ORD119510,15-08-2024,BR84,UK,Manchester,CUST3192,PROD777,Laptop,MacBook Air M2,Sony,5,1581.49,0.18,0.18,7651.25,Cash,In-Store,EMP327,2,0,Express,3,EUR
ORD119511,14-12-2024,BR108,USA,Chicago,CUST3658,PROD896,Laptop,Dell XPS 13,Apple,2,1291.17,0.12,0.18,2681.5,Credit Card,In-Store,EMP674,1,1,Express,2,AED
ORD119512,20-07-2024,BR83,UAE,Abu Dhabi,CUST6515,PROD220,TV,LG OLED 48,HP,1,1757.54,0.12,0.18,1825.03,UPI,Online,EMP794,2,0,Express,1,AED
ORD119513,07-03-2023,BR59,USA,New York,CUST4496,PROD718,Mobile,Samsung Galaxy S23,HP,2,231.87,0,0.18,547.21,UPI,In-Store,EMP714,1,0,Standard,6,GBP
ORD119514,26-11-2024,BR7,USA,New York,CUST8090,PROD248,Laptop,Dell XPS 13,Lenovo,5,800.16,0.16,0.18,3965.59,Cash,In-Store,EMP264,3,0,Standard,5,USD
ORD119515,14-11-2024,BR80,UAE,Dubai,CUST4950,PROD814,Laptop,MacBook Air M2,LG,4,619.23,0.26,0.18,2162.85,Credit Card,Online,EMP693,0,0,Same Day,8,AED
ORD119516,16-03-2023,BR4,Germany,Berlin,CUST4892,PROD112,Accessories,Keyboard,Samsung,5,316.05,0.22,0.18,1454.46,Net Banking,In-Store,EMP523,1,1,Express,2,INR
ORD119517,16-09-2024,BR116,UAE,Dubai,CUST2275,PROD538,Tablet,iPad Air,HP,1,1062.44,0.06,0.18,1178.46,Credit Card,Online,EMP968,2,0,Express,3,USD
ORD119518,11-09-2023,BR6,India,Pune,CUST7545,PROD936,Tablet,iPad Air,Apple,2,591.47,0.02,0.18,1367.95,Cash,In-Store,EMP445,0,1,Standard,3,AED
ORD119519,01-02-2024,BR41,Germany,Munich,CUST9348,PROD747,Laptop,Dell XPS 13,LG,4,1887.26,0.03,0.18,8640.63,UPI,Online,EMP317,1,1,Standard,4,AED
ORD119520,24-06-2024,BR24,UAE,Dubai,CUST3718,PROD559,TV,LG OLED 48,Samsung,3,278.49,0.12,0.18,867.55,Net Banking,Online,EMP534,1,1,Express,3,GBP
ORD119521,02-04-2023,BR78,UAE,Abu Dhabi,CUST6797,PROD927,TV,LG OLED 48,LG,3,1935.67,0.3,0.18,4796.59,Net Banking,In-Store,EMP535,2,0,Same Day,6,EUR
ORD119522,05-06-2024,BR24,UK,Birmingham,CUST5515,PROD775,Accessories,Keyboard,Lenovo,5,1517.62,0.16,0.18,7521.32,Credit Card,Online,EMP409,1,1,Standard,3,EUR
ORD119523,25-09-2024,BR56,UK,Birmingham,CUST4534,PROD436,Mobile,Samsung Galaxy S23,OnePlus,1,1689.19,0.28,0.18,1435.14,Debit Card,In-Store,EMP439,1,1,Express,6,AED
ORD119524,14-07-2023,BR60,India,Pune,CUST2838,PROD244,TV,Samsung QLED 50,LG,5,763.23,0.06,0.18,4232.87,Cash,In-Store,EMP694,2,1,Same Day,2,USD
ORD119525,26-11-2023,BR73,Germany,Hamburg,CUST4887,PROD657,TV,Sony Bravia 55,Samsung,1,1892.76,0.27,0.18,1630.42,Debit Card,Online,EMP781,1,0,Express,1,GBP
ORD119526,16-09-2024,BR99,India,Mumbai,CUST2955,PROD521,Tablet,iPad Air,OnePlus,1,518.52,0.14,0.18,526.19,Cash,Online,EMP943,1,0,Standard,7,EUR
ORD119527,19-07-2024,BR32,Germany,Berlin,CUST9944,PROD729,Tablet,iPad Air,Apple,5,1803.58,0.13,0.18,9257.78,Cash,Online,EMP846,0,1,Standard,9,INR
ORD119528,04-08-2024,BR83,India,Mumbai,CUST4108,PROD182,Laptop,Dell XPS 13,OnePlus,2,985.95,0.23,0.18,1791.67,UPI,In-Store,EMP938,3,0,Same Day,4,INR
ORD119529,15-10-2023,BR54,USA,Los Angeles,CUST9012,PROD659,Laptop,MacBook Air M2,HP,5,831.14,0.13,0.18,4266.24,Credit Card,Online,EMP801,2,0,Express,6,AED
ORD119530,16-10-2023,BR32,Germany,Berlin,CUST9537,PROD850,Tablet,iPad Air,Sony,5,129.13,0.02,0.18,746.63,Net Banking,In-Store,EMP979,0,1,Same Day,1,USD
ORD119531,19-11-2024,BR49,UAE,Abu Dhabi,CUST9623,PROD714,Tablet,Samsung Galaxy Tab,Dell,3,1219.35,0.13,0.18,3755.35,UPI,In-Store,EMP632,1,1,Same Day,7,AED
ORD119532,19-03-2023,BR14,Germany,Hamburg,CUST7595,PROD261,TV,LG OLED 48,Samsung,1,414.83,0.02,0.18,479.71,Debit Card,Online,EMP577,2,1,Same Day,10,INR
ORD119533,15-08-2024,BR76,UK,Manchester,CUST6977,PROD164,TV,Sony Bravia 55,Sony,4,1409.64,0.16,0.18,5588.94,Credit Card,In-Store,EMP783,1,0,Same Day,7,GBP
ORD119534,19-11-2024,BR76,UK,Manchester,CUST1198,PROD174,TV,Sony Bravia 55,Lenovo,1,1334.87,0.15,0.18,1338.87,Credit Card,In-Store,EMP600,2,1,Standard,2,GBP
ORD119535,26-09-2023,BR16,USA,Los Angeles,CUST3106,PROD459,Accessories,Wireless Mouse,Samsung,5,170.65,0.09,0.18,916.22,UPI,Online,EMP678,1,0,Standard,3,GBP
ORD119536,02-11-2024,BR24,UAE,Dubai,CUST9348,PROD774,Laptop,HP Spectre x360,Dell,4,1289.83,0.28,0.18,4383.36,Net Banking,In-Store,EMP326,0,1,Express,1,EUR
ORD119537,08-07-2024,BR52,India,Mumbai,CUST5857,PROD707,Tablet,Samsung Galaxy Tab,OnePlus,1,230.9,0.19,0.18,220.69,Debit Card,Online,EMP699,1,0,Express,5,USD
ORD119538,04-09-2023,BR37,Germany,Munich,CUST4517,PROD450,TV,Sony Bravia 55,OnePlus,1,587.48,0.2,0.18,554.58,UPI,Online,EMP952,1,0,Express,6,GBP
ORD119539,08-11-2024,BR16,India,Delhi,CUST7311,PROD801,Accessories,Keyboard,Samsung,2,507.93,0.07,0.18,1114.8,Debit Card,In-Store,EMP286,2,1,Standard,2,USD
ORD119540,14-03-2024,BR56,USA,Chicago,CUST5453,PROD552,Tablet,Lenovo Tab P11,Sony,4,1159.18,0.02,0.18,5361.9,Credit Card,Online,EMP968,2,0,Express,6,EUR
ORD119541,09-12-2023,BR63,India,Pune,CUST3832,PROD454,TV,LG OLED 48,Dell,4,145.7,0.25,0.18,515.78,Cash,Online,EMP708,0,1,Same Day,2,USD
ORD119542,20-11-2023,BR75,UK,Birmingham,CUST2489,PROD866,Laptop,HP Spectre x360,Apple,1,400.28,0,0.18,472.33,UPI,In-Store,EMP721,2,0,Express,10,USD
ORD119543,30-12-2023,BR44,UK,London,CUST8441,PROD327,Tablet,Lenovo Tab P11,OnePlus,4,1539.17,0.12,0.18,6393.1,Cash,Online,EMP742,0,0,Express,1,GBP
ORD119544,20-07-2024,BR85,UK,Birmingham,CUST2877,PROD556,Tablet,Lenovo Tab P11,Sony,4,1990.83,0.08,0.18,8644.98,Credit Card,In-Store,EMP662,1,0,Express,6,EUR
ORD119545,16-05-2023,BR5,India,Pune,CUST7201,PROD718,Tablet,iPad Air,Lenovo,4,676.46,0.17,0.18,2650.1,Net Banking,In-Store,EMP384,0,0,Express,1,EUR
ORD119546,04-03-2024,BR45,UK,London,CUST8682,PROD901,Mobile,iPhone 14,LG,2,273.44,0.14,0.18,554.97,Cash,Online,EMP980,2,0,Same Day,1,AED
ORD119547,02-05-2023,BR86,UK,London,CUST7977,PROD657,Accessories,Bluetooth Headphones,Lenovo,3,477.73,0.07,0.18,1572.78,UPI,In-Store,EMP846,3,0,Standard,9,EUR
ORD119548,30-12-2024,BR82,Germany,Hamburg,CUST5485,PROD516,Laptop,Dell XPS 13,Dell,5,1242.16,0.01,0.18,7255.46,Cash,In-Store,EMP832,3,1,Same Day,7,USD
ORD119549,28-10-2024,BR48,UK,Manchester,CUST2734,PROD819,Mobile,Samsung Galaxy S23,HP,4,625.24,0.15,0.18,2508.46,UPI,In-Store,EMP702,3,1,Same Day,6,AED
ORD119550,18-11-2023,BR69,India,Delhi,CUST6379,PROD668,TV,Samsung QLED 50,Samsung,3,252.16,0.09,0.18,812.31,UPI,Online,EMP901,1,0,Express,4,GBP
ORD119551,04-05-2023,BR113,UK,London,CUST1717,PROD587,TV,LG OLED 48,HP,2,769.48,0.24,0.18,1380.14,Net Banking,Online,EMP605,3,1,Same Day,9,USD
ORD119552,01-10-2023,BR45,UAE,Abu Dhabi,CUST1583,PROD175,TV,Sony Bravia 55,HP,2,142.03,0.29,0.18,237.99,Net Banking,Online,EMP817,3,1,Express,3,EUR
ORD119553,02-04-2023,BR52,UK,London,CUST8098,PROD424,Tablet,iPad Air,HP,1,910.49,0.15,0.18,913.22,UPI,Online,EMP454,2,0,Express,10,AED
ORD119554,14-12-2023,BR24,Germany,Munich,CUST4537,PROD476,Laptop,HP Spectre x360,Dell,2,807.72,0.14,0.18,1639.35,Net Banking,In-Store,EMP607,3,1,Express,1,EUR
ORD119555,18-08-2023,BR116,UK,London,CUST9431,PROD542,Accessories,Wireless Mouse,Apple,4,100.75,0.04,0.18,456.52,Net Banking,In-Store,EMP785,1,1,Standard,8,INR
ORD119556,08-11-2024,BR70,UK,Birmingham,CUST8767,PROD442,TV,Sony Bravia 55,Samsung,2,968.61,0.19,0.18,1851.59,Cash,Online,EMP535,1,1,Standard,9,USD
ORD119557,12-04-2024,BR1,UAE,Abu Dhabi,CUST4042,PROD933,TV,LG OLED 48,Dell,3,1378.58,0.02,0.18,4782.57,Cash,Online,EMP280,3,0,Same Day,10,INR
ORD119558,20-07-2023,BR56,India,Mumbai,CUST3295,PROD888,TV,Samsung QLED 50,Lenovo,1,346.37,0.04,0.18,392.37,Net Banking,In-Store,EMP945,2,0,Standard,7,AED
ORD119559,24-02-2023,BR33,UK,Manchester,CUST3249,PROD882,TV,Sony Bravia 55,HP,2,106.47,0.19,0.18,203.53,Cash,In-Store,EMP885,1,0,Same Day,10,USD
ORD119560,15-12-2024,BR109,UAE,Dubai,CUST7345,PROD970,Mobile,OnePlus 11,Lenovo,3,409.12,0.29,0.18,1028.28,Net Banking,In-Store,EMP488,3,0,Express,7,EUR
ORD119561,19-06-2023,BR87,Germany,Hamburg,CUST1072,PROD459,Accessories,Bluetooth Headphones,Apple,1,1206.52,0.18,0.18,1167.43,Cash,Online,EMP863,3,0,Standard,10,INR
ORD119562,24-07-2023,BR17,India,Pune,CUST4321,PROD441,Mobile,iPhone 14,HP,2,507.91,0.12,0.18,1054.83,UPI,In-Store,EMP538,3,1,Same Day,9,INR
ORD119563,23-12-2023,BR108,India,Mumbai,CUST5707,PROD226,Accessories,Keyboard,Apple,3,724.57,0.12,0.18,2257.18,Credit Card,In-Store,EMP974,1,1,Same Day,6,AED
ORD119564,08-09-2024,BR100,India,Mumbai,CUST2495,PROD707,TV,Samsung QLED 50,HP,3,1916.86,0.22,0.18,5292.83,Credit Card,Online,EMP886,2,1,Same Day,5,INR
ORD119565,10-03-2024,BR80,Germany,Hamburg,CUST7057,PROD707,TV,Sony Bravia 55,LG,5,621.2,0.05,0.18,3481.83,Cash,Online,EMP549,1,1,Same Day,4,USD
ORD119566,06-11-2024,BR37,Germany,Munich,CUST1219,PROD837,Accessories,Keyboard,HP,1,607.59,0.17,0.18,595.07,Cash,In-Store,EMP383,1,0,Express,8,INR
ORD119567,07-08-2023,BR26,India,Mumbai,CUST6945,PROD543,Tablet,Samsung Galaxy Tab,OnePlus,4,552.24,0.01,0.18,2580.51,UPI,In-Store,EMP924,1,1,Same Day,4,USD
ORD119568,23-04-2024,BR24,USA,Chicago,CUST5162,PROD717,Accessories,Bluetooth Headphones,OnePlus,3,1357.5,0.01,0.18,4757.49,Net Banking,Online,EMP378,3,0,Express,2,INR
ORD119569,04-12-2023,BR98,UK,Birmingham,CUST1030,PROD123,Laptop,HP Spectre x360,HP,5,319.05,0.12,0.18,1656.51,Cash,Online,EMP211,2,0,Same Day,3,INR
ORD119570,28-06-2024,BR67,UAE,Dubai,CUST8707,PROD438,Laptop,Dell XPS 13,Sony,5,1077.86,0.23,0.18,4896.72,Debit Card,In-Store,EMP844,0,1,Express,9,INR
ORD119571,21-07-2024,BR81,UAE,Dubai,CUST6690,PROD894,Tablet,iPad Air,HP,4,1049.71,0.24,0.18,3765.52,Cash,Online,EMP226,1,0,Standard,10,AED
ORD119572,27-10-2023,BR43,Germany,Berlin,CUST7121,PROD497,Accessories,Keyboard,LG,1,1475.1,0.03,0.18,1688.4,Credit Card,In-Store,EMP925,3,1,Express,5,GBP
ORD119573,08-06-2024,BR37,Germany,Hamburg,CUST9401,PROD777,Laptop,Dell XPS 13,Sony,5,590.47,0.29,0.18,2473.48,Debit Card,In-Store,EMP804,3,1,Standard,8,INR
ORD119574,24-08-2023,BR30,Germany,Munich,CUST5796,PROD927,TV,Sony Bravia 55,OnePlus,1,1082.39,0.19,0.18,1034.55,Credit Card,Online,EMP320,1,0,Express,10,EUR
ORD119575,13-12-2023,BR59,UAE,Dubai,CUST4561,PROD580,TV,Sony Bravia 55,LG,2,1624.26,0.17,0.18,3181.6,Net Banking,Online,EMP756,0,0,Same Day,6,USD
ORD119576,27-04-2024,BR51,UAE,Abu Dhabi,CUST8126,PROD867,Mobile,Samsung Galaxy S23,Lenovo,4,371.18,0.11,0.18,1559.25,Cash,In-Store,EMP314,3,0,Express,5,INR
ORD119577,28-09-2024,BR91,India,Bangalore,CUST8829,PROD703,Tablet,Lenovo Tab P11,Apple,1,276.93,0.27,0.18,238.55,Net Banking,In-Store,EMP470,0,0,Same Day,10,USD
ORD119578,22-05-2024,BR89,UK,Manchester,CUST6957,PROD209,Mobile,iPhone 14,Apple,3,1195.92,0.11,0.18,3767.87,Debit Card,Online,EMP710,1,1,Same Day,5,AED
ORD119579,14-06-2024,BR89,UK,Manchester,CUST5719,PROD205,Laptop,Dell XPS 13,Lenovo,5,875.82,0.16,0.18,4340.56,Cash,In-Store,EMP633,2,0,Standard,10,INR
ORD119580,21-03-2023,BR6,Germany,Munich,CUST3040,PROD750,Mobile,iPhone 14,Samsung,4,1616.41,0.26,0.18,5645.8,Net Banking,In-Store,EMP651,0,1,Express,2,GBP
ORD119581,23-09-2024,BR49,India,Bangalore,CUST1863,PROD182,Tablet,Lenovo Tab P11,HP,5,373.68,0.28,0.18,1587.39,Credit Card,Online,EMP437,1,0,Same Day,9,EUR
ORD119582,21-12-2024,BR34,UAE,Abu Dhabi,CUST7358,PROD457,Laptop,HP Spectre x360,Dell,3,1158.26,0.11,0.18,3649.21,Net Banking,Online,EMP361,1,1,Express,2,USD
ORD119583,17-08-2024,BR59,UK,Birmingham,CUST9585,PROD793,Mobile,Samsung Galaxy S23,HP,2,219.38,0.12,0.18,455.61,Credit Card,Online,EMP401,2,0,Same Day,10,AED
ORD119584,02-08-2023,BR55,UK,Birmingham,CUST5188,PROD843,Mobile,iPhone 14,LG,1,1309.42,0.07,0.18,1436.96,Credit Card,In-Store,EMP888,1,0,Same Day,1,EUR
ORD119585,19-11-2023,BR44,India,Mumbai,CUST4576,PROD113,Accessories,Bluetooth Headphones,OnePlus,4,1766.37,0.24,0.18,6336.32,Net Banking,Online,EMP826,2,0,Express,1,AED
ORD119586,11-01-2024,BR95,Germany,Berlin,CUST3226,PROD521,Mobile,OnePlus 11,OnePlus,1,480.84,0.14,0.18,487.96,Net Banking,Online,EMP379,3,0,Same Day,6,EUR
ORD119587,06-10-2024,BR91,USA,Dallas,CUST6930,PROD883,Mobile,iPhone 14,Lenovo,1,1314.18,0.25,0.18,1163.05,Net Banking,Online,EMP579,0,1,Express,10,GBP
ORD119588,22-08-2024,BR64,India,Pune,CUST4387,PROD977,Tablet,Samsung Galaxy Tab,OnePlus,1,1324.77,0.15,0.18,1328.74,Debit Card,In-Store,EMP689,0,0,Same Day,5,AED
ORD119589,25-06-2024,BR33,Germany,Munich,CUST1117,PROD263,TV,Sony Bravia 55,Sony,3,1576.13,0.11,0.18,4965.76,UPI,In-Store,EMP756,0,1,Same Day,8,INR
ORD119590,11-01-2023,BR84,India,Mumbai,CUST5054,PROD807,Accessories,Wireless Mouse,LG,4,831.18,0.28,0.18,2824.68,UPI,In-Store,EMP374,2,1,Express,6,GBP
ORD119591,25-08-2024,BR45,USA,Chicago,CUST4870,PROD344,Accessories,Keyboard,Dell,2,645.99,0.27,0.18,1112.91,Debit Card,In-Store,EMP206,2,0,Same Day,4,EUR
ORD119592,17-05-2023,BR56,UAE,Dubai,CUST6125,PROD608,TV,Sony Bravia 55,Lenovo,1,335.68,0.17,0.18,328.76,Net Banking,In-Store,EMP844,3,0,Same Day,2,GBP
ORD119593,12-09-2024,BR48,USA,New York,CUST2722,PROD762,Accessories,Bluetooth Headphones,HP,3,1457.38,0.25,0.18,3869.34,Cash,In-Store,EMP498,3,0,Standard,3,INR
ORD119594,31-08-2023,BR51,Germany,Munich,CUST6493,PROD108,TV,LG OLED 48,Sony,1,1902.15,0.21,0.18,1773.18,Debit Card,In-Store,EMP975,2,0,Same Day,3,INR
ORD119595,28-12-2024,BR100,UAE,Abu Dhabi,CUST9578,PROD136,Accessories,Keyboard,Sony,5,609.84,0.1,0.18,3238.25,Cash,In-Store,EMP390,3,1,Standard,7,INR
ORD119596,11-08-2023,BR102,Germany,Munich,CUST6643,PROD154,TV,LG OLED 48,Lenovo,4,1435.21,0.12,0.18,5961.29,Debit Card,In-Store,EMP255,1,0,Express,7,USD
ORD119597,22-10-2024,BR33,USA,Dallas,CUST8458,PROD549,Mobile,iPhone 14,Lenovo,1,958.85,0.11,0.18,1006.98,Net Banking,Online,EMP227,2,1,Express,7,USD
ORD119598,12-01-2023,BR26,India,Mumbai,CUST3762,PROD719,Tablet,Samsung Galaxy Tab,HP,4,857.45,0.03,0.18,3925.75,Debit Card,Online,EMP397,2,0,Express,10,USD
ORD119599,20-01-2024,BR87,Germany,Hamburg,CUST8237,PROD353,Tablet,iPad Air,OnePlus,5,1604.34,0.26,0.18,7004.55,Debit Card,Online,EMP969,0,0,Same Day,10,EUR
ORD119600,03-06-2024,BR36,UK,London,CUST5320,PROD220,Tablet,Lenovo Tab P11,HP,1,771.64,0.02,0.18,892.32,Net Banking,Online,EMP876,3,1,Same Day,10,EUR
ORD119601,02-07-2024,BR41,UAE,Dubai,CUST1985,PROD483,Tablet,iPad Air,Samsung,5,188.56,0.28,0.18,801,Net Banking,Online,EMP217,2,0,Express,4,GBP
ORD119602,02-09-2023,BR58,USA,Chicago,CUST4770,PROD884,Accessories,Keyboard,LG,2,860.68,0.21,0.18,1604.65,Net Banking,In-Store,EMP327,0,0,Express,10,AED
ORD119603,29-12-2024,BR61,UAE,Dubai,CUST8927,PROD268,Accessories,Bluetooth Headphones,Samsung,1,429.87,0.25,0.18,380.43,UPI,Online,EMP748,3,1,Express,4,USD
ORD119604,22-08-2024,BR59,UAE,Abu Dhabi,CUST7448,PROD794,Mobile,OnePlus 11,LG,3,305.34,0.12,0.18,951.2,Net Banking,In-Store,EMP881,1,1,Express,3,EUR
ORD119605,06-08-2024,BR86,UAE,Abu Dhabi,CUST1919,PROD192,Tablet,iPad Air,Sony,3,1060.64,0.22,0.18,2928.64,Cash,In-Store,EMP993,1,0,Express,10,GBP
ORD119606,07-03-2023,BR38,UK,London,CUST1658,PROD954,Laptop,HP Spectre x360,Dell,1,1033.29,0.29,0.18,865.69,Net Banking,In-Store,EMP486,3,1,Express,6,EUR
ORD119607,30-10-2024,BR107,Germany,Munich,CUST4928,PROD749,Mobile,iPhone 14,OnePlus,4,1221.44,0.01,0.18,5707.54,Credit Card,In-Store,EMP341,3,1,Standard,5,EUR
ORD119608,14-01-2024,BR29,India,Pune,CUST2143,PROD425,Laptop,HP Spectre x360,HP,5,1835.36,0.27,0.18,7904.9,Cash,Online,EMP325,2,0,Standard,7,AED
ORD119609,01-08-2024,BR52,India,Bangalore,CUST9672,PROD120,Mobile,iPhone 14,OnePlus,1,688.41,0.25,0.18,609.24,Net Banking,Online,EMP460,1,1,Same Day,10,USD
ORD119610,28-12-2024,BR116,UK,Manchester,CUST5464,PROD737,Mobile,OnePlus 11,Lenovo,1,1287.89,0.19,0.18,1230.97,UPI,Online,EMP629,2,0,Standard,7,EUR
ORD119611,09-04-2023,BR89,UK,Manchester,CUST2023,PROD624,Accessories,Bluetooth Headphones,Lenovo,1,1378.94,0.2,0.18,1301.72,Debit Card,In-Store,EMP445,3,1,Standard,5,AED
ORD119612,06-12-2024,BR14,Germany,Munich,CUST8773,PROD932,TV,LG OLED 48,OnePlus,1,798.21,0.19,0.18,762.93,Net Banking,Online,EMP553,1,0,Standard,2,EUR
ORD119613,16-06-2023,BR52,UK,Manchester,CUST2238,PROD631,Laptop,Dell XPS 13,Apple,1,130.13,0.04,0.18,147.41,Credit Card,Online,EMP751,2,0,Standard,1,INR
ORD119614,05-06-2023,BR73,UAE,Dubai,CUST4869,PROD606,Laptop,HP Spectre x360,Samsung,2,1413.22,0.12,0.18,2934.98,Credit Card,Online,EMP978,1,1,Express,3,EUR
ORD119615,26-12-2023,BR42,India,Delhi,CUST1797,PROD345,Accessories,Keyboard,Lenovo,3,162.36,0.01,0.18,569.01,Credit Card,Online,EMP764,2,0,Standard,10,GBP
ORD119616,27-12-2024,BR46,India,Mumbai,CUST8184,PROD378,Tablet,Samsung Galaxy Tab,Lenovo,4,1919.01,0.18,0.18,7427.34,UPI,In-Store,EMP591,1,1,Express,5,AED
ORD119617,22-06-2024,BR11,India,Delhi,CUST2765,PROD181,Tablet,Lenovo Tab P11,HP,4,1628.48,0.2,0.18,6149.14,Credit Card,In-Store,EMP476,0,1,Same Day,6,AED
ORD119618,17-12-2024,BR15,Germany,Hamburg,CUST8971,PROD532,TV,Samsung QLED 50,HP,5,262.52,0.26,0.18,1146.16,Credit Card,Online,EMP711,0,1,Express,8,EUR
ORD119619,14-02-2024,BR32,Germany,Munich,CUST9426,PROD968,TV,Samsung QLED 50,OnePlus,1,713.25,0.24,0.18,639.64,Cash,Online,EMP763,1,0,Express,9,INR
ORD119620,16-04-2024,BR53,UK,Manchester,CUST6951,PROD388,Laptop,Dell XPS 13,HP,4,711.66,0.1,0.18,3023.13,Credit Card,In-Store,EMP490,0,0,Standard,8,USD
ORD119621,03-12-2023,BR81,UAE,Dubai,CUST2986,PROD499,Tablet,iPad Air,Samsung,4,1416.13,0.26,0.18,4946.26,Cash,Online,EMP767,0,1,Standard,5,EUR
ORD119622,15-12-2023,BR17,USA,Chicago,CUST5760,PROD836,Mobile,OnePlus 11,Sony,4,566.01,0.15,0.18,2270.83,Credit Card,In-Store,EMP704,2,1,Express,1,AED
ORD119623,26-06-2024,BR28,UAE,Abu Dhabi,CUST9354,PROD843,Tablet,iPad Air,LG,3,345.36,0.23,0.18,941.38,Debit Card,Online,EMP659,3,0,Same Day,6,INR
ORD119624,20-02-2023,BR114,India,Mumbai,CUST1039,PROD874,Tablet,iPad Air,Samsung,4,781.55,0.17,0.18,3061.8,Credit Card,Online,EMP844,3,1,Express,5,INR
ORD119625,27-05-2023,BR76,UK,Manchester,CUST8821,PROD636,TV,Sony Bravia 55,Dell,1,331.39,0.1,0.18,351.94,Debit Card,Online,EMP843,1,1,Same Day,5,EUR
ORD119626,27-04-2023,BR6,UK,London,CUST6976,PROD735,TV,LG OLED 48,Apple,1,1010.21,0.07,0.18,1108.6,Net Banking,In-Store,EMP727,1,1,Same Day,9,USD
ORD119627,21-02-2023,BR118,Germany,Berlin,CUST4273,PROD257,TV,LG OLED 48,Apple,3,864.78,0.08,0.18,2816.42,Credit Card,Online,EMP693,3,0,Standard,10,AED
ORD119628,06-03-2023,BR80,Germany,Hamburg,CUST2820,PROD914,Mobile,iPhone 14,HP,1,226.03,0.14,0.18,229.38,Cash,Online,EMP511,2,0,Same Day,4,GBP
ORD119629,13-11-2023,BR4,USA,Dallas,CUST9169,PROD404,Accessories,Wireless Mouse,Samsung,1,782.17,0.03,0.18,895.27,Debit Card,Online,EMP550,1,0,Same Day,7,EUR
ORD119630,12-01-2024,BR73,UK,Manchester,CUST6991,PROD238,Accessories,Bluetooth Headphones,Dell,1,323.32,0.11,0.18,339.55,Credit Card,Online,EMP302,2,0,Same Day,9,GBP
ORD119631,20-05-2023,BR22,Germany,Hamburg,CUST6530,PROD162,Mobile,iPhone 14,Sony,5,405.19,0.2,0.18,1912.5,Net Banking,In-Store,EMP822,2,0,Same Day,1,AED
ORD119632,21-02-2023,BR6,Germany,Hamburg,CUST8160,PROD794,Laptop,MacBook Air M2,Lenovo,1,1905.72,0.29,0.18,1596.61,Debit Card,In-Store,EMP600,0,0,Standard,2,AED
ORD119633,26-09-2023,BR46,USA,Dallas,CUST5561,PROD830,Tablet,Lenovo Tab P11,HP,4,986.65,0.14,0.18,4005.01,Cash,Online,EMP498,1,1,Express,4,GBP
ORD119634,05-06-2023,BR72,Germany,Munich,CUST9991,PROD977,Laptop,Dell XPS 13,LG,4,1841.41,0.1,0.18,7822.31,Debit Card,In-Store,EMP779,1,0,Express,4,USD
ORD119635,21-02-2023,BR84,UAE,Abu Dhabi,CUST5648,PROD365,TV,Samsung QLED 50,Apple,1,81.55,0.19,0.18,77.95,Net Banking,Online,EMP400,1,1,Standard,1,USD
ORD119636,04-09-2024,BR42,India,Mumbai,CUST7324,PROD947,Accessories,Bluetooth Headphones,Apple,5,373.69,0.19,0.18,1785.86,Credit Card,Online,EMP749,0,0,Standard,10,USD
ORD119637,16-12-2024,BR91,UAE,Dubai,CUST3576,PROD460,Tablet,iPad Air,Lenovo,1,182.76,0.07,0.18,200.56,UPI,Online,EMP399,3,0,Standard,6,INR
ORD119638,11-12-2023,BR61,UAE,Abu Dhabi,CUST9863,PROD372,TV,LG OLED 48,HP,2,929.79,0.24,0.18,1667.67,UPI,Online,EMP945,2,0,Express,1,AED
ORD119639,19-04-2023,BR58,UK,Birmingham,CUST2718,PROD548,Tablet,Samsung Galaxy Tab,HP,4,953.82,0.21,0.18,3556.6,Credit Card,In-Store,EMP271,0,1,Express,9,GBP
ORD119640,11-06-2023,BR100,India,Bangalore,CUST1864,PROD614,TV,LG OLED 48,OnePlus,2,940.42,0.24,0.18,1686.74,Net Banking,In-Store,EMP918,2,1,Standard,9,INR
ORD119641,25-07-2024,BR94,India,Delhi,CUST9369,PROD218,TV,LG OLED 48,Samsung,2,255.15,0.08,0.18,553.98,Debit Card,In-Store,EMP768,2,0,Same Day,2,EUR
ORD119642,11-02-2024,BR45,UK,London,CUST9429,PROD864,TV,Samsung QLED 50,Apple,5,899.23,0.25,0.18,3979.09,Net Banking,In-Store,EMP920,3,1,Express,5,AED
ORD119643,29-03-2023,BR93,UAE,Abu Dhabi,CUST1785,PROD702,TV,Samsung QLED 50,Dell,5,1706.44,0.12,0.18,8859.84,Net Banking,In-Store,EMP777,1,0,Same Day,10,EUR
ORD119644,02-10-2023,BR118,UK,London,CUST3130,PROD854,Laptop,HP Spectre x360,LG,2,1548.57,0.1,0.18,3289.16,Net Banking,In-Store,EMP710,1,0,Express,4,AED
ORD119645,03-10-2024,BR57,USA,New York,CUST7952,PROD786,Mobile,OnePlus 11,OnePlus,1,1425.15,0.08,0.18,1547.14,Debit Card,In-Store,EMP406,0,1,Standard,7,EUR
ORD119646,05-12-2023,BR114,India,Mumbai,CUST9425,PROD635,Tablet,iPad Air,Sony,4,191.78,0.28,0.18,651.75,Debit Card,Online,EMP568,1,1,Same Day,3,INR
ORD119647,03-12-2023,BR112,UK,London,CUST6623,PROD231,Tablet,iPad Air,OnePlus,3,983.37,0.08,0.18,3202.64,Net Banking,Online,EMP310,0,0,Same Day,6,INR
ORD119648,02-03-2024,BR63,Germany,Munich,CUST8716,PROD896,Laptop,HP Spectre x360,Apple,2,1694.93,0.09,0.18,3640.03,Cash,In-Store,EMP883,3,1,Express,2,AED
ORD119649,06-02-2024,BR71,USA,Chicago,CUST6125,PROD945,Mobile,OnePlus 11,Apple,1,1610.19,0.1,0.18,1710.02,UPI,Online,EMP563,1,1,Express,9,AED
ORD119650,19-06-2023,BR86,India,Delhi,CUST7063,PROD467,Accessories,Bluetooth Headphones,Apple,2,1408.02,0.24,0.18,2525.42,Debit Card,Online,EMP975,2,1,Express,5,EUR
ORD119651,21-08-2023,BR62,UK,London,CUST6899,PROD251,Laptop,Dell XPS 13,HP,2,965.72,0.17,0.18,1891.65,Cash,In-Store,EMP344,0,1,Standard,7,GBP
ORD119652,10-03-2024,BR71,UAE,Abu Dhabi,CUST4838,PROD271,Accessories,Bluetooth Headphones,Samsung,2,1380.94,0.29,0.18,2313.9,Credit Card,Online,EMP952,1,0,Standard,10,GBP
ORD119653,21-04-2023,BR5,USA,New York,CUST6938,PROD540,Accessories,Bluetooth Headphones,Sony,1,1669.11,0.25,0.18,1477.16,Debit Card,In-Store,EMP317,0,1,Standard,4,INR
ORD119654,27-07-2024,BR90,UAE,Dubai,CUST5490,PROD635,TV,LG OLED 48,Samsung,2,1476.9,0.16,0.18,2927.81,Debit Card,In-Store,EMP241,2,1,Express,2,USD
ORD119655,22-02-2023,BR69,Germany,Munich,CUST5462,PROD490,Accessories,Bluetooth Headphones,OnePlus,5,118.61,0.11,0.18,622.82,UPI,In-Store,EMP882,0,0,Standard,8,AED
ORD119656,31-01-2023,BR38,UK,Birmingham,CUST7306,PROD109,Tablet,Lenovo Tab P11,Lenovo,3,1395.48,0.21,0.18,3902.6,UPI,Online,EMP583,0,1,Standard,1,AED
ORD119657,06-10-2024,BR50,UAE,Dubai,CUST2872,PROD370,Mobile,iPhone 14,Apple,4,1672.27,0.09,0.18,7182.73,UPI,Online,EMP924,1,0,Standard,9,EUR
ORD119658,07-10-2023,BR5,India,Delhi,CUST8141,PROD163,Tablet,iPad Air,Apple,2,553.62,0.1,0.18,1175.89,Cash,Online,EMP761,0,0,Standard,6,INR
ORD119659,19-01-2023,BR100,USA,Los Angeles,CUST3066,PROD490,Accessories,Bluetooth Headphones,Lenovo,3,224.38,0.08,0.18,730.76,Debit Card,In-Store,EMP620,2,0,Standard,10,EUR
ORD119660,09-03-2023,BR13,USA,New York,CUST6175,PROD926,Laptop,MacBook Air M2,OnePlus,5,1799.09,0.09,0.18,9659.31,UPI,Online,EMP231,2,1,Express,5,USD
ORD119661,03-10-2024,BR94,UK,Manchester,CUST8721,PROD170,Accessories,Wireless Mouse,Sony,2,276.64,0.1,0.18,587.58,Cash,In-Store,EMP337,3,0,Standard,4,AED
ORD119662,29-06-2024,BR108,UK,London,CUST1615,PROD221,Mobile,Samsung Galaxy S23,Samsung,4,1712.65,0.25,0.18,6062.78,Credit Card,In-Store,EMP613,3,1,Standard,7,INR
ORD119663,18-05-2023,BR43,USA,Los Angeles,CUST5076,PROD347,Laptop,HP Spectre x360,Lenovo,1,602.03,0.25,0.18,532.8,Debit Card,Online,EMP666,1,0,Express,4,INR
ORD119664,15-06-2024,BR10,UK,Birmingham,CUST7188,PROD706,Tablet,Samsung Galaxy Tab,Sony,3,1447.45,0.01,0.18,5072.73,Debit Card,Online,EMP289,2,1,Express,5,USD
ORD119665,13-08-2023,BR66,UK,London,CUST8808,PROD654,Laptop,HP Spectre x360,OnePlus,2,190.72,0.12,0.18,396.09,Net Banking,Online,EMP274,3,0,Same Day,5,INR
ORD119666,12-10-2024,BR43,India,Pune,CUST8391,PROD812,Mobile,Samsung Galaxy S23,Apple,3,1890.91,0.02,0.18,6559.94,Debit Card,Online,EMP910,2,0,Express,7,USD
ORD119667,16-04-2024,BR23,USA,Chicago,CUST3000,PROD359,TV,LG OLED 48,Sony,3,1198.8,0.04,0.18,4074,Debit Card,In-Store,EMP848,0,0,Same Day,1,AED
ORD119668,22-03-2024,BR120,UAE,Abu Dhabi,CUST9245,PROD800,Tablet,Samsung Galaxy Tab,Apple,5,1096.49,0.25,0.18,4851.97,UPI,In-Store,EMP937,1,1,Same Day,4,AED
ORD119669,29-10-2024,BR60,Germany,Hamburg,CUST8764,PROD799,Accessories,Keyboard,Lenovo,3,1688.76,0.03,0.18,5798.86,Credit Card,In-Store,EMP465,1,1,Express,5,INR
ORD119670,19-04-2023,BR37,India,Pune,CUST8813,PROD375,TV,Samsung QLED 50,HP,5,852.75,0.24,0.18,3823.73,Credit Card,In-Store,EMP245,3,1,Same Day,10,GBP
ORD119671,03-05-2024,BR111,UK,Manchester,CUST3499,PROD398,TV,Sony Bravia 55,HP,2,528.7,0.16,0.18,1048.09,Credit Card,Online,EMP511,0,1,Standard,1,USD
ORD119672,29-01-2023,BR114,India,Pune,CUST2058,PROD304,Mobile,Samsung Galaxy S23,LG,3,287.95,0.29,0.18,723.73,Debit Card,Online,EMP379,2,1,Express,8,EUR
ORD119673,10-10-2023,BR22,UK,Manchester,CUST4910,PROD724,Accessories,Wireless Mouse,Dell,3,164,0.04,0.18,557.34,Cash,Online,EMP201,1,1,Express,5,USD
ORD119674,08-04-2024,BR48,India,Mumbai,CUST9601,PROD875,Tablet,Lenovo Tab P11,OnePlus,3,1147.24,0.07,0.18,3776.94,Debit Card,In-Store,EMP326,1,0,Express,8,GBP
ORD119675,12-06-2023,BR14,UAE,Abu Dhabi,CUST9089,PROD945,Mobile,iPhone 14,Dell,2,960.08,0.05,0.18,2152.5,Credit Card,In-Store,EMP562,3,0,Express,8,USD
ORD119676,14-03-2023,BR62,UAE,Dubai,CUST2095,PROD252,Laptop,Dell XPS 13,OnePlus,4,205.45,0.14,0.18,833.96,Credit Card,In-Store,EMP708,2,1,Same Day,1,USD
ORD119677,14-08-2023,BR83,USA,Dallas,CUST2457,PROD328,Laptop,Dell XPS 13,Sony,1,1024.04,0.08,0.18,1111.7,Cash,In-Store,EMP893,3,1,Same Day,2,GBP
ORD119678,05-12-2024,BR40,India,Pune,CUST7646,PROD377,Mobile,OnePlus 11,Lenovo,3,1093.32,0.27,0.18,2825.36,Net Banking,Online,EMP257,0,1,Standard,8,GBP
ORD119679,03-08-2024,BR25,UAE,Abu Dhabi,CUST8301,PROD473,Tablet,Lenovo Tab P11,Sony,1,1464.85,0.22,0.18,1348.25,Cash,Online,EMP989,3,0,Express,3,GBP
ORD119680,28-12-2023,BR95,Germany,Hamburg,CUST6460,PROD348,Mobile,Samsung Galaxy S23,OnePlus,2,861.62,0.08,0.18,1870.75,Credit Card,In-Store,EMP770,2,0,Standard,2,INR
ORD119681,09-08-2023,BR26,USA,Chicago,CUST6586,PROD615,Laptop,HP Spectre x360,Samsung,2,432.35,0.29,0.18,724.45,Cash,Online,EMP843,2,0,Standard,5,INR
ORD119682,13-12-2023,BR78,UK,Birmingham,CUST2816,PROD276,Tablet,iPad Air,Lenovo,4,1719.45,0.05,0.18,7710.01,Credit Card,Online,EMP674,3,1,Standard,4,EUR
ORD119683,19-01-2023,BR32,India,Bangalore,CUST6185,PROD236,Tablet,Samsung Galaxy Tab,LG,4,613.74,0.1,0.18,2607.17,Credit Card,Online,EMP609,3,0,Standard,5,GBP
ORD119684,08-02-2023,BR9,UK,London,CUST5421,PROD114,Accessories,Bluetooth Headphones,Sony,4,1068.2,0.23,0.18,3882.27,UPI,In-Store,EMP722,1,0,Same Day,5,AED
ORD119685,04-12-2024,BR118,UAE,Dubai,CUST7198,PROD283,Tablet,iPad Air,Sony,2,148.58,0.17,0.18,291.04,Cash,In-Store,EMP582,0,0,Express,3,EUR
ORD119686,12-01-2023,BR87,Germany,Munich,CUST6660,PROD502,Laptop,MacBook Air M2,Lenovo,1,1397.06,0.21,0.18,1302.34,Cash,In-Store,EMP289,2,0,Same Day,9,GBP
ORD119687,28-08-2023,BR101,India,Mumbai,CUST9653,PROD658,TV,Sony Bravia 55,HP,4,386.78,0.24,0.18,1387.46,Debit Card,In-Store,EMP771,2,0,Express,3,GBP
ORD119688,09-09-2023,BR3,India,Pune,CUST8915,PROD198,Laptop,Dell XPS 13,Sony,2,1793.63,0.12,0.18,3725.01,Credit Card,In-Store,EMP392,0,0,Same Day,10,EUR
ORD119689,29-10-2024,BR31,Germany,Hamburg,CUST7010,PROD505,Laptop,HP Spectre x360,Dell,5,1315.18,0.22,0.18,6052.46,Credit Card,Online,EMP952,2,1,Same Day,8,INR
ORD119690,10-12-2024,BR64,UAE,Abu Dhabi,CUST3116,PROD402,Tablet,iPad Air,Samsung,4,889.07,0.05,0.18,3986.59,Cash,Online,EMP826,0,0,Same Day,10,INR
ORD119691,27-11-2024,BR18,USA,Dallas,CUST4333,PROD394,Accessories,Wireless Mouse,Sony,2,329.21,0.21,0.18,613.78,UPI,In-Store,EMP975,2,1,Same Day,1,AED
ORD119692,20-12-2024,BR18,Germany,Hamburg,CUST4444,PROD467,Laptop,Dell XPS 13,Lenovo,5,839.55,0.13,0.18,4309.41,Net Banking,Online,EMP654,1,1,Same Day,2,INR
ORD119693,18-10-2024,BR29,USA,Chicago,CUST8204,PROD845,Laptop,MacBook Air M2,Sony,5,625.2,0.17,0.18,3061.6,Credit Card,Online,EMP448,1,0,Express,5,EUR
ORD119694,28-02-2023,BR108,Germany,Berlin,CUST9695,PROD101,Tablet,Lenovo Tab P11,Dell,1,1455.54,0.09,0.18,1562.96,Debit Card,In-Store,EMP740,0,0,Express,8,AED
ORD119695,01-05-2023,BR2,UAE,Dubai,CUST1030,PROD543,TV,Samsung QLED 50,OnePlus,3,1195.57,0.06,0.18,3978.38,Net Banking,In-Store,EMP777,2,1,Standard,2,GBP
ORD119696,14-05-2023,BR62,UAE,Dubai,CUST4735,PROD716,Mobile,OnePlus 11,Apple,3,341.99,0.24,0.18,920.09,Cash,Online,EMP412,2,0,Standard,5,USD
ORD119697,13-08-2024,BR28,UAE,Abu Dhabi,CUST4708,PROD298,Mobile,iPhone 14,HP,3,1364.79,0.18,0.18,3961.71,Credit Card,In-Store,EMP500,2,0,Express,9,EUR
ORD119698,04-09-2024,BR99,Germany,Hamburg,CUST8076,PROD951,Laptop,HP Spectre x360,Apple,1,1891.87,0.15,0.18,1897.55,Credit Card,In-Store,EMP871,2,1,Same Day,6,AED
ORD119699,12-01-2023,BR45,Germany,Munich,CUST1227,PROD873,TV,Sony Bravia 55,Samsung,3,1955.64,0.09,0.18,6299.9,Net Banking,Online,EMP526,2,1,Standard,2,AED
ORD119700,01-11-2023,BR54,India,Mumbai,CUST7835,PROD465,Laptop,Dell XPS 13,Lenovo,4,249.94,0.12,0.18,1038.15,Debit Card,In-Store,EMP330,3,0,Same Day,5,USD
ORD119701,29-11-2023,BR55,USA,Los Angeles,CUST9032,PROD617,Laptop,HP Spectre x360,OnePlus,3,1517,0.22,0.18,4188.74,Net Banking,Online,EMP552,1,1,Express,4,USD
ORD119702,22-04-2024,BR10,Germany,Berlin,CUST3108,PROD779,Tablet,Lenovo Tab P11,Dell,1,1362.25,0.11,0.18,1430.63,Cash,Online,EMP255,0,0,Standard,1,USD
ORD119703,16-08-2023,BR92,USA,New York,CUST2707,PROD192,Laptop,MacBook Air M2,Samsung,3,561.33,0.21,0.18,1569.82,Cash,In-Store,EMP231,3,1,Standard,5,EUR
ORD119704,01-03-2023,BR78,UAE,Dubai,CUST1193,PROD743,Mobile,iPhone 14,HP,4,1422.94,0.3,0.18,4701.39,Debit Card,In-Store,EMP417,3,1,Standard,6,INR
ORD119705,12-05-2024,BR21,UK,Manchester,CUST4628,PROD244,Tablet,iPad Air,Sony,1,1901.11,0.18,0.18,1839.51,UPI,In-Store,EMP737,0,0,Standard,5,INR
ORD119706,23-08-2023,BR16,UAE,Abu Dhabi,CUST1819,PROD872,Tablet,iPad Air,HP,2,940.51,0.02,0.18,2175.21,Cash,In-Store,EMP355,0,1,Standard,3,EUR
ORD119707,25-10-2024,BR119,UAE,Abu Dhabi,CUST1341,PROD860,Accessories,Keyboard,Sony,1,1443.05,0.16,0.18,1430.35,Credit Card,Online,EMP467,3,1,Same Day,10,AED
ORD119708,30-10-2023,BR78,Germany,Hamburg,CUST7217,PROD108,Accessories,Keyboard,OnePlus,1,1304.34,0.2,0.18,1231.3,Credit Card,Online,EMP318,3,1,Express,2,AED
ORD119709,18-02-2024,BR8,India,Bangalore,CUST4798,PROD916,Laptop,MacBook Air M2,Lenovo,4,125.8,0.16,0.18,498.77,Debit Card,Online,EMP743,1,0,Standard,10,GBP
ORD119710,28-09-2023,BR50,UAE,Dubai,CUST8571,PROD701,TV,LG OLED 48,Lenovo,3,378.83,0.28,0.18,965.56,Cash,In-Store,EMP561,2,1,Standard,1,AED
ORD119711,16-02-2023,BR27,UK,Birmingham,CUST4837,PROD273,Accessories,Wireless Mouse,OnePlus,4,655.45,0.29,0.18,2196.54,UPI,In-Store,EMP410,3,1,Same Day,5,EUR
ORD119712,15-05-2023,BR95,UAE,Dubai,CUST2919,PROD687,Laptop,Dell XPS 13,Sony,5,862.02,0.3,0.18,3560.14,Credit Card,In-Store,EMP577,0,0,Same Day,4,AED
ORD119713,21-12-2024,BR99,UAE,Abu Dhabi,CUST1121,PROD985,TV,LG OLED 48,Dell,4,773.94,0.12,0.18,3214.64,Credit Card,Online,EMP925,0,1,Same Day,3,GBP
ORD119714,18-03-2024,BR86,UAE,Abu Dhabi,CUST1333,PROD754,Laptop,MacBook Air M2,Sony,2,1782.06,0.29,0.18,2986.02,Credit Card,Online,EMP832,2,0,Express,3,EUR
ORD119715,03-04-2023,BR116,USA,Los Angeles,CUST7478,PROD830,Mobile,iPhone 14,Apple,4,1123.54,0.17,0.18,4401.58,Net Banking,In-Store,EMP906,1,1,Standard,9,USD
ORD119716,14-07-2024,BR90,UAE,Abu Dhabi,CUST2197,PROD325,Accessories,Bluetooth Headphones,LG,3,1703.52,0.07,0.18,5608.33,Cash,Online,EMP843,1,0,Standard,1,GBP
ORD119717,08-06-2023,BR93,UK,London,CUST7741,PROD354,Laptop,Dell XPS 13,Samsung,5,1778.75,0.05,0.18,9969.89,Debit Card,In-Store,EMP534,2,1,Express,7,AED
ORD119718,11-05-2023,BR21,India,Mumbai,CUST2795,PROD290,Tablet,Samsung Galaxy Tab,LG,3,403.88,0.29,0.18,1015.11,Debit Card,Online,EMP338,0,1,Same Day,5,GBP
ORD119719,13-03-2024,BR115,USA,New York,CUST6843,PROD697,Laptop,HP Spectre x360,Apple,5,1920.43,0.29,0.18,8044.68,Credit Card,Online,EMP622,2,1,Same Day,7,AED
ORD119720,15-10-2023,BR20,UAE,Dubai,CUST6210,PROD696,TV,Samsung QLED 50,Sony,4,486.82,0.16,0.18,1930.14,Cash,In-Store,EMP353,2,1,Standard,7,AED
ORD119721,01-05-2024,BR7,Germany,Hamburg,CUST6341,PROD937,TV,LG OLED 48,Dell,3,1004.02,0.02,0.18,3483.15,UPI,In-Store,EMP797,0,0,Express,9,EUR
ORD119722,16-08-2023,BR36,UAE,Dubai,CUST3923,PROD411,Tablet,Samsung Galaxy Tab,Samsung,2,82.16,0.3,0.18,135.73,Debit Card,Online,EMP510,3,0,Standard,2,INR
ORD119723,07-02-2024,BR71,USA,Chicago,CUST9712,PROD686,Accessories,Wireless Mouse,Apple,3,1112.14,0.05,0.18,3740.13,UPI,In-Store,EMP731,1,0,Same Day,9,AED
ORD119724,24-12-2023,BR8,Germany,Munich,CUST2865,PROD899,Accessories,Wireless Mouse,Apple,2,175.36,0.01,0.18,409.71,Cash,Online,EMP401,0,0,Same Day,5,AED
ORD119725,01-03-2023,BR60,Germany,Hamburg,CUST6920,PROD799,Accessories,Keyboard,Samsung,1,734.18,0.07,0.18,805.69,Cash,Online,EMP642,1,0,Express,8,INR
ORD119726,13-04-2024,BR26,UAE,Abu Dhabi,CUST9158,PROD658,TV,Samsung QLED 50,OnePlus,4,951.48,0.12,0.18,3952.07,Credit Card,In-Store,EMP574,1,0,Same Day,1,INR
ORD119727,10-03-2023,BR94,India,Mumbai,CUST3881,PROD566,Tablet,Samsung Galaxy Tab,Sony,5,1198.34,0.16,0.18,5938.97,UPI,In-Store,EMP612,1,1,Express,4,USD
ORD119728,19-03-2024,BR47,India,Bangalore,CUST2655,PROD569,Mobile,iPhone 14,Apple,5,1316.5,0.22,0.18,6058.53,Credit Card,Online,EMP679,2,0,Standard,5,GBP
ORD119729,03-05-2024,BR32,UK,London,CUST7497,PROD881,Mobile,iPhone 14,Sony,4,1635.98,0.23,0.18,5945.81,Debit Card,Online,EMP536,1,0,Same Day,3,GBP
ORD119730,05-10-2024,BR72,USA,Dallas,CUST7913,PROD156,Laptop,HP Spectre x360,LG,5,1276.48,0.02,0.18,7380.61,Credit Card,In-Store,EMP901,0,0,Express,7,AED
ORD119731,12-09-2024,BR10,USA,Dallas,CUST3593,PROD295,Laptop,Dell XPS 13,Samsung,5,455.07,0.03,0.18,2604.37,Cash,In-Store,EMP491,0,0,Same Day,3,GBP
ORD119732,18-12-2024,BR37,Germany,Hamburg,CUST4809,PROD548,Mobile,Samsung Galaxy S23,Samsung,5,1229.28,0.03,0.18,7035.17,Cash,In-Store,EMP995,0,0,Standard,1,INR
ORD119733,03-09-2023,BR52,UK,London,CUST4390,PROD207,Tablet,iPad Air,Samsung,2,871.99,0.06,0.18,1934.42,Credit Card,In-Store,EMP380,0,1,Same Day,4,GBP
ORD119734,24-05-2023,BR66,Germany,Berlin,CUST1118,PROD315,Tablet,Samsung Galaxy Tab,Lenovo,3,273.82,0.1,0.18,872.39,Debit Card,Online,EMP311,1,0,Express,10,INR
ORD119735,18-07-2023,BR82,UK,London,CUST8404,PROD778,Laptop,MacBook Air M2,OnePlus,4,754.48,0.28,0.18,2564.02,Debit Card,In-Store,EMP716,2,1,Standard,8,USD
ORD119736,05-02-2023,BR33,UK,Manchester,CUST9609,PROD535,Accessories,Keyboard,Dell,5,1398.69,0.08,0.18,7592.09,UPI,Online,EMP238,0,1,Standard,1,USD
ORD119737,16-01-2023,BR41,USA,Dallas,CUST2357,PROD605,Laptop,HP Spectre x360,Apple,2,1169.31,0.13,0.18,2400.83,UPI,In-Store,EMP587,0,0,Same Day,4,EUR
ORD119738,07-04-2023,BR63,USA,Los Angeles,CUST7613,PROD388,TV,LG OLED 48,Sony,5,1337.93,0.06,0.18,7420.16,UPI,Online,EMP518,2,1,Same Day,7,INR
ORD119739,11-04-2024,BR60,UAE,Dubai,CUST6691,PROD138,Mobile,OnePlus 11,HP,1,1877.48,0.14,0.18,1905.27,Credit Card,Online,EMP671,1,1,Standard,3,GBP
ORD119740,30-10-2023,BR95,UAE,Abu Dhabi,CUST4654,PROD113,Tablet,Samsung Galaxy Tab,Dell,1,715.21,0.2,0.18,675.16,Debit Card,Online,EMP476,0,1,Standard,8,INR
ORD119741,28-12-2024,BR32,USA,New York,CUST3380,PROD252,Accessories,Keyboard,Dell,5,1264.75,0.07,0.18,6939.68,UPI,In-Store,EMP319,1,0,Express,1,INR
ORD119742,31-03-2024,BR11,USA,Chicago,CUST4621,PROD514,Mobile,iPhone 14,Sony,2,110.15,0.18,0.18,213.16,UPI,In-Store,EMP513,3,0,Standard,10,GBP
ORD119743,06-04-2023,BR68,India,Bangalore,CUST5713,PROD554,Tablet,Lenovo Tab P11,Sony,2,824.51,0.18,0.18,1595.59,Net Banking,Online,EMP438,2,1,Standard,9,INR
ORD119744,15-03-2024,BR89,UK,Manchester,CUST9943,PROD884,Accessories,Wireless Mouse,Dell,1,795.37,0.13,0.18,816.53,Cash,In-Store,EMP395,1,0,Same Day,10,INR
ORD119745,05-12-2023,BR43,UAE,Dubai,CUST7137,PROD621,TV,LG OLED 48,Lenovo,3,1523.58,0.22,0.18,4206.91,Cash,In-Store,EMP412,0,0,Express,4,USD
ORD119746,19-02-2024,BR33,India,Mumbai,CUST5589,PROD840,Mobile,iPhone 14,Apple,5,57.76,0.19,0.18,276.04,Credit Card,Online,EMP411,0,1,Express,4,EUR
ORD119747,03-11-2024,BR25,UAE,Dubai,CUST5188,PROD468,Laptop,HP Spectre x360,Apple,2,372.9,0.29,0.18,624.83,Credit Card,Online,EMP828,0,1,Standard,4,INR
ORD119748,25-05-2024,BR22,UK,London,CUST7954,PROD393,Laptop,MacBook Air M2,HP,1,588.65,0.14,0.18,597.36,Cash,In-Store,EMP827,2,0,Standard,4,AED
ORD119749,09-02-2023,BR36,Germany,Berlin,CUST6225,PROD425,TV,LG OLED 48,Sony,1,1346.03,0.03,0.18,1540.67,Debit Card,In-Store,EMP883,1,0,Express,5,EUR
ORD119750,24-05-2024,BR16,UK,Birmingham,CUST5776,PROD868,Accessories,Bluetooth Headphones,Dell,1,1856.65,0.17,0.18,1818.4,Debit Card,Online,EMP868,1,1,Express,10,INR
ORD119751,05-04-2024,BR54,UAE,Abu Dhabi,CUST3704,PROD237,Mobile,Samsung Galaxy S23,OnePlus,1,996.63,0.29,0.18,834.98,Debit Card,Online,EMP958,1,0,Standard,7,USD
ORD119752,13-11-2023,BR98,UAE,Abu Dhabi,CUST7610,PROD907,Accessories,Wireless Mouse,HP,5,284.33,0.09,0.18,1526.57,Credit Card,In-Store,EMP556,2,1,Standard,1,INR
ORD119753,11-04-2024,BR119,UAE,Dubai,CUST6509,PROD469,TV,LG OLED 48,HP,5,1781.31,0.19,0.18,8512.88,UPI,Online,EMP202,3,0,Same Day,1,AED
ORD119754,03-09-2023,BR27,USA,New York,CUST2454,PROD405,TV,Samsung QLED 50,Lenovo,4,1935.34,0.14,0.18,7855.93,UPI,In-Store,EMP448,1,0,Same Day,10,INR
ORD119755,07-07-2023,BR90,UAE,Abu Dhabi,CUST4174,PROD144,Tablet,iPad Air,Sony,5,655.67,0.17,0.18,3210.82,Cash,In-Store,EMP420,0,0,Express,3,GBP
ORD119756,11-10-2023,BR55,USA,Dallas,CUST3999,PROD471,TV,LG OLED 48,Apple,2,1175.42,0.2,0.18,2219.19,Cash,In-Store,EMP534,0,1,Express,5,EUR
ORD119757,18-05-2023,BR85,India,Pune,CUST5685,PROD265,Mobile,iPhone 14,Apple,1,1528.09,0.02,0.18,1767.08,Cash,In-Store,EMP388,0,1,Standard,10,EUR
ORD119758,15-04-2024,BR71,Germany,Berlin,CUST2910,PROD669,Mobile,Samsung Galaxy S23,LG,1,384.81,0.06,0.18,426.83,Credit Card,Online,EMP402,2,0,Standard,7,GBP
ORD119759,28-11-2024,BR25,Germany,Berlin,CUST3591,PROD383,Accessories,Wireless Mouse,LG,4,780.05,0.13,0.18,3203.2,UPI,Online,EMP347,3,1,Standard,9,GBP
ORD119760,16-04-2024,BR23,India,Mumbai,CUST9528,PROD714,Mobile,iPhone 14,Apple,5,1444.14,0.01,0.18,8435.22,UPI,In-Store,EMP205,1,0,Express,8,USD
ORD119761,14-06-2023,BR57,USA,Chicago,CUST8005,PROD863,Tablet,Lenovo Tab P11,Dell,1,73.93,0.24,0.18,66.3,Net Banking,In-Store,EMP605,0,0,Express,9,USD
ORD119762,21-04-2024,BR104,Germany,Berlin,CUST9874,PROD965,Accessories,Wireless Mouse,LG,1,687.43,0.03,0.18,786.83,UPI,Online,EMP523,2,0,Express,3,AED
ORD119763,28-11-2024,BR23,India,Delhi,CUST5442,PROD770,Laptop,MacBook Air M2,Samsung,1,1427.26,0.3,0.18,1178.92,Cash,In-Store,EMP218,1,1,Standard,1,USD
ORD119764,17-01-2024,BR60,USA,Chicago,CUST5608,PROD557,TV,Sony Bravia 55,LG,3,1368.92,0.22,0.18,3779.86,Net Banking,Online,EMP302,1,1,Standard,7,AED
ORD119765,23-11-2024,BR45,Germany,Berlin,CUST5943,PROD450,Tablet,Samsung Galaxy Tab,Lenovo,2,1778.32,0.08,0.18,3861.09,Net Banking,In-Store,EMP551,3,0,Standard,4,EUR
ORD119766,05-02-2024,BR75,Germany,Munich,CUST6919,PROD743,Mobile,iPhone 14,HP,2,1380.97,0.14,0.18,2802.82,Credit Card,Online,EMP782,1,0,Express,6,EUR
ORD119767,23-01-2024,BR58,India,Bangalore,CUST4235,PROD587,Tablet,iPad Air,OnePlus,3,1265.31,0.01,0.18,4434.41,UPI,In-Store,EMP813,2,0,Same Day,9,USD
ORD119768,16-12-2024,BR107,UK,Birmingham,CUST4643,PROD946,Accessories,Keyboard,Apple,2,1386.07,0.05,0.18,3107.57,Credit Card,In-Store,EMP217,3,1,Standard,8,INR
ORD119769,07-06-2023,BR38,India,Pune,CUST9954,PROD537,Mobile,iPhone 14,HP,1,1923.43,0.3,0.18,1588.75,Net Banking,Online,EMP684,1,1,Standard,3,EUR
ORD119770,24-07-2023,BR24,UK,Manchester,CUST5687,PROD998,Tablet,iPad Air,HP,4,185.07,0.09,0.18,794.91,Credit Card,Online,EMP741,0,1,Standard,10,GBP
ORD119771,04-04-2024,BR63,UK,London,CUST7934,PROD314,Mobile,Samsung Galaxy S23,HP,2,1450.34,0.02,0.18,3354.35,Credit Card,Online,EMP991,3,0,Same Day,5,GBP
ORD119772,19-02-2023,BR62,India,Bangalore,CUST6368,PROD986,Laptop,HP Spectre x360,OnePlus,3,1741.89,0.03,0.18,5981.3,Debit Card,In-Store,EMP828,1,1,Standard,10,INR
ORD119773,17-11-2023,BR111,India,Mumbai,CUST2597,PROD649,TV,LG OLED 48,HP,3,1945.28,0.25,0.18,5164.72,Debit Card,In-Store,EMP821,0,0,Same Day,4,EUR
ORD119774,26-07-2024,BR51,UAE,Dubai,CUST6654,PROD896,Accessories,Keyboard,OnePlus,3,1798.27,0.23,0.18,4901.72,Net Banking,Online,EMP781,1,1,Same Day,10,AED
ORD119775,28-03-2024,BR33,UAE,Dubai,CUST9858,PROD329,Mobile,OnePlus 11,Samsung,3,1120.79,0.12,0.18,3491.49,UPI,In-Store,EMP385,1,0,Standard,1,INR
ORD119776,17-06-2024,BR54,India,Pune,CUST8465,PROD499,Tablet,Samsung Galaxy Tab,Lenovo,4,1966.61,0.04,0.18,8911.1,Cash,Online,EMP728,0,1,Same Day,6,EUR
ORD119777,07-10-2024,BR84,UAE,Dubai,CUST7998,PROD329,Mobile,Samsung Galaxy S23,Apple,4,823.92,0.23,0.18,2994.45,Net Banking,In-Store,EMP696,0,1,Standard,7,EUR
ORD119778,29-11-2024,BR49,USA,Los Angeles,CUST9913,PROD137,Mobile,Samsung Galaxy S23,OnePlus,4,485.65,0.08,0.18,2108.89,Credit Card,Online,EMP967,3,0,Same Day,1,INR
ORD119779,05-07-2023,BR101,USA,Chicago,CUST8702,PROD315,Tablet,iPad Air,Samsung,5,271.21,0.05,0.18,1520.13,Net Banking,In-Store,EMP316,0,0,Express,6,GBP
ORD119780,02-05-2023,BR61,UAE,Abu Dhabi,CUST4504,PROD741,Laptop,MacBook Air M2,HP,3,512.45,0.3,0.18,1269.85,Net Banking,In-Store,EMP701,0,1,Same Day,9,USD
ORD119781,03-09-2023,BR84,UK,London,CUST4881,PROD883,Accessories,Wireless Mouse,LG,4,1223.43,0.18,0.18,4735.16,UPI,Online,EMP854,2,1,Express,10,INR
ORD119782,16-10-2023,BR10,UAE,Dubai,CUST2350,PROD411,Tablet,Samsung Galaxy Tab,Apple,5,274.9,0.03,0.18,1573.25,Credit Card,In-Store,EMP596,3,1,Express,3,GBP
ORD119783,04-10-2024,BR118,UK,London,CUST7731,PROD805,Mobile,iPhone 14,Dell,1,572.44,0.16,0.18,567.4,UPI,In-Store,EMP399,3,1,Express,7,AED
ORD119784,19-12-2024,BR107,UAE,Abu Dhabi,CUST8437,PROD148,Laptop,MacBook Air M2,OnePlus,1,1549.79,0.07,0.18,1700.74,UPI,Online,EMP954,1,0,Same Day,9,AED
ORD119785,12-05-2024,BR23,UK,Manchester,CUST7958,PROD807,Mobile,iPhone 14,OnePlus,3,1399.53,0.19,0.18,4013.01,Net Banking,Online,EMP872,3,1,Express,4,INR
ORD119786,11-09-2023,BR102,UK,London,CUST1339,PROD843,Mobile,Samsung Galaxy S23,Sony,4,1177.9,0.02,0.18,5448.49,Credit Card,In-Store,EMP217,1,0,Same Day,9,GBP
ORD119787,07-07-2023,BR44,Germany,Hamburg,CUST2135,PROD551,Tablet,Samsung Galaxy Tab,Dell,4,315.2,0.19,0.18,1205.07,Cash,In-Store,EMP623,3,0,Standard,1,AED
ORD119788,26-09-2023,BR9,USA,Dallas,CUST8902,PROD724,Laptop,HP Spectre x360,Sony,2,507.13,0.17,0.18,993.37,UPI,Online,EMP268,3,0,Same Day,5,INR
ORD119789,25-12-2024,BR60,UAE,Dubai,CUST7757,PROD562,Mobile,OnePlus 11,OnePlus,5,343.21,0.11,0.18,1802.2,Net Banking,In-Store,EMP924,2,0,Express,1,AED
ORD119790,20-07-2023,BR112,UAE,Dubai,CUST7612,PROD374,TV,Samsung QLED 50,LG,3,1088.16,0.23,0.18,2966.11,Credit Card,Online,EMP242,3,0,Express,4,USD
ORD119791,15-09-2023,BR24,USA,Dallas,CUST7047,PROD846,Tablet,Lenovo Tab P11,OnePlus,1,1544.9,0.19,0.18,1476.62,Credit Card,In-Store,EMP398,0,0,Standard,7,INR
ORD119792,04-05-2024,BR6,India,Delhi,CUST9187,PROD108,Tablet,Samsung Galaxy Tab,Dell,5,1198.57,0.25,0.18,5303.67,Cash,In-Store,EMP307,2,1,Same Day,2,EUR
ORD119793,13-02-2024,BR7,USA,Dallas,CUST5916,PROD873,TV,Sony Bravia 55,OnePlus,5,1281.82,0.11,0.18,6730.84,Credit Card,Online,EMP658,1,1,Standard,10,INR
ORD119794,03-11-2023,BR96,Germany,Munich,CUST6080,PROD912,Mobile,OnePlus 11,HP,4,1373.73,0.11,0.18,5770.76,UPI,In-Store,EMP675,3,1,Same Day,10,USD
ORD119795,26-03-2023,BR25,UAE,Abu Dhabi,CUST1173,PROD101,Mobile,OnePlus 11,Samsung,3,1711.26,0.12,0.18,5330.92,Cash,Online,EMP765,3,1,Standard,3,INR
ORD119796,13-02-2023,BR2,UAE,Dubai,CUST9740,PROD190,Accessories,Keyboard,Dell,4,1022.13,0.13,0.18,4197.27,Cash,Online,EMP538,2,0,Express,5,INR
ORD119797,30-12-2024,BR89,UAE,Abu Dhabi,CUST5187,PROD533,TV,LG OLED 48,LG,1,350.74,0.21,0.18,326.96,Debit Card,Online,EMP500,0,1,Express,6,INR
ORD119798,17-10-2024,BR61,UAE,Dubai,CUST6261,PROD639,TV,Samsung QLED 50,Apple,2,788.66,0.27,0.18,1358.7,UPI,In-Store,EMP358,0,1,Same Day,1,EUR
ORD119799,19-10-2023,BR81,USA,Los Angeles,CUST6970,PROD415,TV,Sony Bravia 55,Samsung,1,161.92,0.06,0.18,179.6,Cash,In-Store,EMP898,3,1,Express,4,EUR
ORD119800,11-06-2024,BR117,UAE,Abu Dhabi,CUST3322,PROD313,TV,Samsung QLED 50,LG,4,1588.45,0.24,0.18,5698.09,Debit Card,In-Store,EMP295,1,1,Same Day,4,INR
ORD119801,24-12-2024,BR58,UK,Manchester,CUST9123,PROD195,Accessories,Bluetooth Headphones,Sony,5,462.65,0.05,0.18,2593.15,Cash,In-Store,EMP270,2,0,Same Day,6,USD
ORD119802,20-10-2024,BR48,USA,Los Angeles,CUST6121,PROD204,Laptop,HP Spectre x360,Lenovo,3,1794.25,0.03,0.18,6161.1,Debit Card,In-Store,EMP244,1,0,Standard,7,INR
ORD119803,04-05-2024,BR76,India,Pune,CUST7058,PROD898,Laptop,HP Spectre x360,Sony,2,312.91,0.14,0.18,635.08,Net Banking,Online,EMP663,2,0,Express,3,GBP
ORD119804,04-07-2023,BR111,India,Bangalore,CUST4430,PROD265,TV,Sony Bravia 55,LG,2,284.84,0.15,0.18,571.39,Net Banking,Online,EMP235,0,0,Same Day,9,EUR
ORD119805,05-10-2024,BR47,USA,Los Angeles,CUST3582,PROD979,Laptop,Dell XPS 13,Apple,5,1353.96,0.08,0.18,7349.29,Debit Card,Online,EMP455,0,1,Standard,7,USD
ORD119806,25-06-2024,BR69,USA,Chicago,CUST3828,PROD746,Tablet,Lenovo Tab P11,OnePlus,3,1574.35,0.23,0.18,4291.36,Net Banking,In-Store,EMP807,1,0,Same Day,1,INR
ORD119807,07-02-2024,BR32,UAE,Abu Dhabi,CUST4352,PROD994,Laptop,Dell XPS 13,Samsung,1,917.65,0.11,0.18,963.72,Net Banking,Online,EMP382,3,1,Standard,10,EUR
ORD119808,30-08-2023,BR43,UK,Manchester,CUST9264,PROD323,Mobile,OnePlus 11,HP,5,1556.39,0.23,0.18,7070.68,Credit Card,Online,EMP650,2,1,Same Day,1,AED
ORD119809,26-09-2024,BR5,UAE,Abu Dhabi,CUST5981,PROD606,Laptop,HP Spectre x360,Apple,1,585.44,0.16,0.18,580.29,Credit Card,In-Store,EMP259,0,0,Same Day,9,INR
ORD119810,13-12-2024,BR8,Germany,Munich,CUST8561,PROD603,Tablet,Lenovo Tab P11,HP,1,1066.02,0.02,0.18,1232.75,Cash,In-Store,EMP888,0,1,Express,1,AED
ORD119811,03-12-2023,BR22,Germany,Berlin,CUST3604,PROD644,Mobile,Samsung Galaxy S23,LG,4,1559.58,0.22,0.18,5741.75,Debit Card,In-Store,EMP663,1,0,Standard,3,GBP
ORD119812,17-10-2024,BR47,USA,Dallas,CUST4238,PROD422,Laptop,MacBook Air M2,HP,5,604.57,0.06,0.18,3352.95,UPI,Online,EMP396,0,0,Express,1,INR
ORD119813,07-02-2023,BR14,India,Mumbai,CUST1560,PROD700,Mobile,iPhone 14,Sony,1,1677.94,0.07,0.18,1841.37,Cash,Online,EMP669,3,1,Express,6,USD
ORD119814,11-03-2023,BR36,USA,Chicago,CUST3587,PROD267,TV,Samsung QLED 50,OnePlus,5,1979.14,0.18,0.18,9575.08,Credit Card,Online,EMP237,2,1,Same Day,6,USD
ORD119815,25-01-2023,BR52,India,Pune,CUST8820,PROD743,Accessories,Keyboard,OnePlus,2,1063.49,0.21,0.18,1982.77,Credit Card,In-Store,EMP494,2,0,Express,3,EUR
ORD119816,16-11-2023,BR70,Germany,Hamburg,CUST9105,PROD976,Laptop,HP Spectre x360,Samsung,5,1312.3,0.1,0.18,6968.31,Net Banking,Online,EMP431,0,0,Express,10,USD
ORD119817,31-12-2024,BR67,Germany,Hamburg,CUST4207,PROD196,Laptop,MacBook Air M2,Sony,1,1177.26,0.21,0.18,1097.44,Cash,In-Store,EMP774,1,1,Same Day,2,EUR
ORD119818,23-05-2023,BR48,Germany,Munich,CUST4273,PROD594,Laptop,HP Spectre x360,OnePlus,4,1632.12,0.12,0.18,6779.17,Credit Card,In-Store,EMP752,1,1,Standard,6,EUR
ORD119819,23-10-2024,BR52,UK,Birmingham,CUST1835,PROD164,Laptop,MacBook Air M2,Sony,5,876.21,0.18,0.18,4239.1,Debit Card,In-Store,EMP222,1,0,Same Day,2,EUR
ORD119820,05-07-2023,BR71,Germany,Hamburg,CUST1827,PROD483,TV,Sony Bravia 55,Samsung,4,1216.04,0.13,0.18,4993.55,Net Banking,Online,EMP410,3,0,Express,9,GBP
ORD119821,22-11-2024,BR30,UAE,Abu Dhabi,CUST1482,PROD717,TV,LG OLED 48,OnePlus,1,738.14,0.3,0.18,609.7,Net Banking,Online,EMP761,3,0,Standard,4,AED
ORD119822,12-11-2024,BR55,UK,Birmingham,CUST2787,PROD541,Tablet,Samsung Galaxy Tab,LG,1,1422.45,0.13,0.18,1460.29,Net Banking,In-Store,EMP641,0,1,Same Day,6,USD
ORD119823,08-11-2024,BR44,Germany,Hamburg,CUST2532,PROD400,Tablet,Lenovo Tab P11,Sony,3,300.94,0.26,0.18,788.34,Debit Card,Online,EMP336,0,1,Same Day,4,AED
ORD119824,14-07-2023,BR13,USA,Los Angeles,CUST2184,PROD152,Tablet,iPad Air,Apple,4,967.87,0.3,0.18,3197.84,Net Banking,In-Store,EMP526,1,1,Same Day,4,EUR
ORD119825,27-05-2023,BR85,UAE,Dubai,CUST2532,PROD325,Laptop,Dell XPS 13,OnePlus,2,1771.48,0.28,0.18,3010.1,Debit Card,In-Store,EMP353,1,1,Standard,10,EUR
ORD119826,14-09-2024,BR91,UAE,Dubai,CUST5348,PROD443,Mobile,OnePlus 11,HP,4,1075.57,0.16,0.18,4264.42,Net Banking,Online,EMP492,3,0,Express,8,USD
ORD119827,07-12-2024,BR96,USA,Chicago,CUST7820,PROD231,TV,LG OLED 48,Samsung,3,272.2,0.2,0.18,770.87,UPI,In-Store,EMP358,0,1,Standard,3,AED
ORD119828,07-09-2023,BR22,UK,Manchester,CUST5227,PROD376,TV,Samsung QLED 50,OnePlus,2,448.38,0.18,0.18,867.7,UPI,Online,EMP773,0,1,Same Day,4,INR
ORD119829,29-10-2024,BR33,USA,New York,CUST4293,PROD208,Tablet,iPad Air,Samsung,5,556.6,0.27,0.18,2397.28,Credit Card,In-Store,EMP988,1,0,Express,1,INR
ORD119830,01-10-2024,BR50,Germany,Hamburg,CUST1396,PROD114,Tablet,Lenovo Tab P11,Apple,3,568.64,0.01,0.18,1992.86,Debit Card,Online,EMP654,2,0,Express,8,AED
ORD119831,22-03-2024,BR96,UK,Manchester,CUST8717,PROD435,Accessories,Keyboard,Samsung,4,957.57,0.07,0.18,4203.35,UPI,In-Store,EMP403,1,0,Standard,3,EUR
ORD119832,29-01-2024,BR96,UAE,Abu Dhabi,CUST9959,PROD487,Laptop,MacBook Air M2,Sony,4,659.17,0.24,0.18,2364.57,Credit Card,In-Store,EMP336,2,0,Standard,6,AED
ORD119833,05-05-2023,BR8,USA,New York,CUST7503,PROD608,TV,LG OLED 48,Dell,3,193.42,0.1,0.18,616.24,Net Banking,Online,EMP270,2,1,Standard,6,AED
ORD119834,22-10-2023,BR37,USA,Los Angeles,CUST7186,PROD523,Laptop,Dell XPS 13,HP,3,1288.26,0.03,0.18,4423.63,Net Banking,In-Store,EMP605,3,0,Same Day,8,USD
ORD119835,03-02-2023,BR28,Germany,Hamburg,CUST4407,PROD481,TV,LG OLED 48,Dell,5,1760.83,0.05,0.18,9869.45,Cash,Online,EMP330,2,1,Same Day,1,USD
ORD119836,24-05-2023,BR117,Germany,Berlin,CUST8230,PROD969,Tablet,Lenovo Tab P11,Dell,5,1872.01,0.05,0.18,10492.62,Credit Card,Online,EMP384,3,1,Same Day,6,INR
ORD119837,31-05-2023,BR13,Germany,Berlin,CUST8514,PROD659,Laptop,HP Spectre x360,OnePlus,1,374.63,0.15,0.18,375.75,Credit Card,In-Store,EMP861,0,0,Same Day,1,USD
ORD119838,06-08-2023,BR34,UK,Manchester,CUST2549,PROD967,Tablet,Lenovo Tab P11,Apple,2,349.95,0.16,0.18,693.74,UPI,In-Store,EMP485,0,1,Same Day,1,GBP
ORD119839,03-12-2023,BR43,Germany,Hamburg,CUST5932,PROD536,Laptop,Dell XPS 13,OnePlus,3,515.59,0.13,0.18,1587.91,UPI,In-Store,EMP826,0,0,Same Day,3,INR
ORD119840,05-12-2024,BR17,UAE,Dubai,CUST1527,PROD458,Accessories,Bluetooth Headphones,Apple,2,1213.24,0.07,0.18,2662.82,Credit Card,In-Store,EMP574,0,0,Same Day,10,EUR
ORD119841,22-11-2023,BR115,India,Delhi,CUST3611,PROD703,Mobile,OnePlus 11,LG,2,1784.22,0.23,0.18,3242.28,UPI,In-Store,EMP251,1,0,Standard,6,EUR
ORD119842,18-01-2024,BR104,USA,Los Angeles,CUST5967,PROD479,Laptop,MacBook Air M2,Lenovo,4,1834.59,0.24,0.18,6581.04,Debit Card,In-Store,EMP704,0,1,Express,4,EUR
ORD119843,07-03-2024,BR6,UAE,Abu Dhabi,CUST5405,PROD898,Laptop,HP Spectre x360,Lenovo,3,1749.75,0.29,0.18,4397.82,Cash,Online,EMP637,1,0,Standard,7,INR
ORD119844,07-05-2024,BR91,USA,New York,CUST1240,PROD484,Laptop,MacBook Air M2,HP,3,1208.34,0,0.18,4277.52,Credit Card,Online,EMP665,3,0,Express,1,AED
ORD119845,10-05-2023,BR83,Germany,Munich,CUST7468,PROD328,Laptop,Dell XPS 13,OnePlus,5,1395.91,0.3,0.18,5765.11,Debit Card,In-Store,EMP979,1,0,Standard,8,INR
ORD119846,09-04-2023,BR83,USA,New York,CUST2830,PROD984,Laptop,HP Spectre x360,LG,2,110.16,0.21,0.18,205.38,Cash,In-Store,EMP847,3,0,Same Day,4,EUR
ORD119847,30-03-2024,BR10,India,Delhi,CUST3191,PROD714,TV,Sony Bravia 55,Sony,2,1579.98,0.12,0.18,3281.3,Cash,Online,EMP686,0,0,Standard,2,INR
ORD119848,03-11-2023,BR18,UAE,Dubai,CUST2352,PROD888,TV,Samsung QLED 50,Dell,3,1833.16,0.27,0.18,4737.25,Debit Card,In-Store,EMP910,2,1,Standard,8,GBP
ORD119849,12-11-2023,BR5,India,Delhi,CUST9862,PROD724,Accessories,Keyboard,Lenovo,1,398.29,0.16,0.18,394.79,UPI,In-Store,EMP568,0,1,Express,8,GBP
ORD119850,22-05-2023,BR113,USA,New York,CUST3483,PROD384,Accessories,Keyboard,Lenovo,2,628.53,0,0.18,1483.33,UPI,In-Store,EMP599,3,0,Same Day,3,GBP
ORD119851,01-11-2024,BR93,Germany,Hamburg,CUST3546,PROD675,Accessories,Bluetooth Headphones,Apple,4,1943.38,0.26,0.18,6787.84,Net Banking,In-Store,EMP705,0,0,Standard,8,GBP
ORD119852,01-01-2023,BR88,USA,New York,CUST5063,PROD514,Accessories,Bluetooth Headphones,HP,3,1935.95,0.28,0.18,4934.35,UPI,Online,EMP617,0,1,Express,7,INR
ORD119853,03-04-2024,BR104,Germany,Munich,CUST6784,PROD980,Accessories,Bluetooth Headphones,Apple,5,523.23,0.2,0.18,2469.65,UPI,In-Store,EMP414,1,0,Standard,7,AED
ORD119854,02-02-2024,BR100,UAE,Abu Dhabi,CUST3483,PROD749,TV,Sony Bravia 55,LG,1,1850.15,0.18,0.18,1790.21,Cash,Online,EMP854,1,0,Same Day,3,EUR
ORD119855,28-03-2024,BR37,UK,Manchester,CUST8901,PROD457,Mobile,iPhone 14,LG,3,1410.11,0.19,0.18,4043.35,Debit Card,Online,EMP568,2,1,Express,9,USD
ORD119856,13-03-2024,BR15,UAE,Abu Dhabi,CUST2998,PROD859,Laptop,MacBook Air M2,LG,4,1658.3,0.07,0.18,7279.27,Net Banking,In-Store,EMP218,0,1,Express,7,AED
ORD119857,27-06-2024,BR3,USA,Dallas,CUST9975,PROD733,Tablet,Samsung Galaxy Tab,LG,2,442.72,0.21,0.18,825.41,Credit Card,In-Store,EMP254,2,1,Express,6,INR
ORD119858,21-01-2023,BR115,USA,Dallas,CUST3655,PROD189,Accessories,Wireless Mouse,Sony,4,1312.67,0.19,0.18,5018.6,Credit Card,Online,EMP344,3,1,Standard,2,INR
ORD119859,16-06-2024,BR31,USA,Los Angeles,CUST3642,PROD151,Mobile,Samsung Galaxy S23,OnePlus,1,449.27,0.15,0.18,450.62,Credit Card,In-Store,EMP651,2,1,Express,10,AED
ORD119860,11-05-2024,BR116,USA,New York,CUST6907,PROD391,Mobile,Samsung Galaxy S23,Lenovo,2,1801.72,0.22,0.18,3316.61,Cash,Online,EMP989,1,1,Express,10,AED
ORD119861,26-09-2024,BR22,USA,Los Angeles,CUST4729,PROD873,Tablet,Lenovo Tab P11,HP,3,1795.82,0.24,0.18,4831.47,Debit Card,In-Store,EMP300,3,1,Standard,3,GBP
ORD119862,01-07-2024,BR98,Germany,Hamburg,CUST3709,PROD266,Laptop,Dell XPS 13,LG,3,57.5,0.27,0.18,148.59,Net Banking,In-Store,EMP716,1,0,Express,3,EUR
ORD119863,16-10-2024,BR35,Germany,Munich,CUST6245,PROD327,Laptop,MacBook Air M2,Apple,4,1019.24,0.12,0.18,4233.52,UPI,In-Store,EMP249,0,0,Express,8,INR
ORD119864,06-04-2024,BR87,UAE,Abu Dhabi,CUST4313,PROD736,Laptop,Dell XPS 13,Lenovo,3,506.92,0.03,0.18,1740.66,Credit Card,In-Store,EMP972,1,0,Express,10,GBP
ORD119865,23-03-2023,BR86,Germany,Berlin,CUST6067,PROD266,Accessories,Bluetooth Headphones,Sony,3,1561.81,0.3,0.18,3870.17,Cash,In-Store,EMP250,3,1,Same Day,3,INR
ORD119866,30-10-2024,BR41,USA,Chicago,CUST8087,PROD766,Tablet,Lenovo Tab P11,HP,1,469.11,0.16,0.18,464.98,Cash,In-Store,EMP532,2,0,Same Day,10,INR
ORD119867,15-08-2023,BR4,Germany,Munich,CUST2538,PROD321,Tablet,iPad Air,Samsung,1,656.73,0.14,0.18,666.45,UPI,Online,EMP778,1,0,Same Day,4,INR
ORD119868,11-02-2024,BR7,UAE,Abu Dhabi,CUST1371,PROD992,Mobile,iPhone 14,Lenovo,4,1070.75,0.01,0.18,5003.4,Credit Card,Online,EMP930,0,0,Standard,1,INR
ORD119869,05-11-2023,BR115,USA,New York,CUST1399,PROD289,Mobile,OnePlus 11,Lenovo,1,1054.79,0.29,0.18,883.7,Net Banking,In-Store,EMP642,1,1,Express,5,USD
ORD119870,07-04-2023,BR80,India,Mumbai,CUST5692,PROD872,Mobile,OnePlus 11,Sony,4,1504.79,0.08,0.18,6534.4,UPI,Online,EMP544,3,1,Same Day,6,INR
ORD119871,26-08-2023,BR19,India,Pune,CUST4283,PROD745,Tablet,Samsung Galaxy Tab,Dell,1,1765.37,0.3,0.18,1458.2,Credit Card,Online,EMP674,1,0,Same Day,10,GBP
ORD119872,30-10-2023,BR79,India,Delhi,CUST5237,PROD994,Mobile,iPhone 14,HP,2,1668.55,0.08,0.18,3622.76,Debit Card,Online,EMP257,1,0,Same Day,8,USD
ORD119873,29-10-2024,BR51,UAE,Dubai,CUST4143,PROD820,Laptop,HP Spectre x360,Sony,4,1075.91,0.01,0.18,5027.51,Cash,In-Store,EMP765,3,1,Express,9,GBP
ORD119874,08-02-2024,BR23,India,Mumbai,CUST8034,PROD629,Tablet,iPad Air,OnePlus,2,341.82,0.08,0.18,742.16,Cash,Online,EMP941,0,0,Express,5,INR
ORD119875,24-10-2023,BR16,USA,New York,CUST4845,PROD467,Mobile,iPhone 14,OnePlus,5,318.02,0.25,0.18,1407.24,Net Banking,Online,EMP773,3,1,Express,7,GBP
ORD119876,20-09-2023,BR119,UK,London,CUST7723,PROD573,Laptop,MacBook Air M2,Dell,5,869.71,0.02,0.18,5028.66,Net Banking,In-Store,EMP951,2,1,Standard,4,INR
ORD119877,21-03-2023,BR88,Germany,Hamburg,CUST5423,PROD832,TV,Samsung QLED 50,Dell,2,124.67,0.13,0.18,255.97,Net Banking,In-Store,EMP581,0,1,Express,1,INR
ORD119878,07-03-2024,BR76,Germany,Hamburg,CUST6704,PROD321,TV,Samsung QLED 50,HP,3,440.43,0.03,0.18,1512.35,UPI,Online,EMP861,2,0,Express,2,USD
ORD119879,14-01-2024,BR16,UK,Manchester,CUST4195,PROD871,Mobile,OnePlus 11,OnePlus,1,1969.24,0.11,0.18,2068.1,UPI,Online,EMP259,3,1,Express,4,USD
ORD119880,24-07-2024,BR40,UAE,Abu Dhabi,CUST6267,PROD307,Tablet,Lenovo Tab P11,LG,4,856.12,0.25,0.18,3030.66,Cash,In-Store,EMP351,3,1,Express,1,INR
ORD119881,19-05-2024,BR114,UK,Manchester,CUST3705,PROD700,Mobile,OnePlus 11,Sony,4,645.3,0.24,0.18,2314.82,Cash,Online,EMP257,2,1,Express,4,GBP
ORD119882,31-08-2023,BR20,UAE,Abu Dhabi,CUST8770,PROD402,Accessories,Wireless Mouse,OnePlus,5,1159.64,0.02,0.18,6705.04,Net Banking,Online,EMP782,2,0,Standard,5,AED
ORD119883,03-11-2024,BR45,India,Delhi,CUST2039,PROD620,Mobile,iPhone 14,OnePlus,4,1358.02,0.17,0.18,5320.18,Cash,Online,EMP296,1,0,Same Day,4,INR
ORD119884,11-10-2023,BR46,UAE,Dubai,CUST5959,PROD750,Laptop,HP Spectre x360,HP,5,1765.9,0,0.18,10418.81,UPI,Online,EMP999,2,1,Standard,6,AED
ORD119885,04-02-2024,BR21,Germany,Berlin,CUST8105,PROD501,Tablet,Samsung Galaxy Tab,OnePlus,4,1705.36,0.06,0.18,7566.34,Cash,In-Store,EMP611,3,0,Standard,1,INR
ORD119886,11-08-2024,BR66,UAE,Abu Dhabi,CUST1519,PROD269,TV,Samsung QLED 50,OnePlus,3,359.03,0.09,0.18,1156.58,Cash,Online,EMP530,2,0,Express,5,AED
ORD119887,15-02-2023,BR43,Germany,Munich,CUST9200,PROD343,Tablet,Lenovo Tab P11,Apple,4,518.44,0.02,0.18,2398.1,Credit Card,Online,EMP391,3,1,Express,6,GBP
ORD119888,02-02-2024,BR75,India,Bangalore,CUST4237,PROD980,TV,LG OLED 48,LG,2,1679.81,0.06,0.18,3726.49,Net Banking,In-Store,EMP736,3,1,Express,3,GBP
ORD119889,30-06-2024,BR84,Germany,Munich,CUST9850,PROD571,Laptop,Dell XPS 13,Samsung,1,308.56,0.16,0.18,305.84,Net Banking,Online,EMP710,0,1,Standard,4,GBP
ORD119890,25-09-2023,BR78,UK,Birmingham,CUST2207,PROD457,Laptop,HP Spectre x360,LG,4,1608.57,0.1,0.18,6833.21,Net Banking,In-Store,EMP727,3,1,Standard,3,USD
ORD119891,26-04-2024,BR33,UK,Birmingham,CUST4200,PROD411,Mobile,iPhone 14,Lenovo,3,1489.33,0.06,0.18,4955.89,Cash,Online,EMP613,0,1,Express,5,INR
ORD119892,03-10-2023,BR16,Germany,Munich,CUST1268,PROD288,Mobile,iPhone 14,OnePlus,5,757.92,0.04,0.18,4292.86,Debit Card,Online,EMP984,2,1,Express,9,AED
ORD119893,29-10-2023,BR64,UK,Manchester,CUST4725,PROD911,Accessories,Bluetooth Headphones,Lenovo,3,1308.47,0.22,0.18,3612.95,Net Banking,Online,EMP435,1,1,Express,9,EUR
ORD119894,13-09-2023,BR101,Germany,Munich,CUST8096,PROD266,Tablet,iPad Air,Lenovo,3,840.21,0.11,0.18,2647.17,UPI,Online,EMP349,2,1,Same Day,9,INR
ORD119895,01-10-2023,BR90,UK,Birmingham,CUST1679,PROD917,Tablet,Lenovo Tab P11,Lenovo,4,1490.91,0.11,0.18,6263.01,Cash,In-Store,EMP608,2,0,Express,10,USD
ORD119896,26-10-2023,BR21,UAE,Dubai,CUST5154,PROD103,Tablet,Samsung Galaxy Tab,Sony,5,1353.69,0.24,0.18,6069.95,Debit Card,Online,EMP815,1,0,Express,7,AED
ORD119897,16-10-2023,BR106,UK,Birmingham,CUST6661,PROD838,Laptop,MacBook Air M2,HP,3,664.52,0.24,0.18,1787.82,Cash,Online,EMP772,1,0,Same Day,10,INR
ORD119898,13-06-2024,BR71,India,Bangalore,CUST7142,PROD857,Accessories,Bluetooth Headphones,LG,3,1066.94,0.03,0.18,3663.66,Debit Card,Online,EMP895,1,0,Express,8,USD
ORD119899,04-07-2024,BR75,UK,London,CUST7632,PROD498,Laptop,Dell XPS 13,Sony,5,331.73,0.07,0.18,1820.2,Credit Card,In-Store,EMP964,2,1,Same Day,5,AED
ORD119900,21-09-2023,BR45,India,Mumbai,CUST8260,PROD689,Tablet,Lenovo Tab P11,Apple,2,1464.4,0.29,0.18,2453.75,Credit Card,In-Store,EMP915,3,1,Express,6,AED
ORD119901,24-10-2023,BR9,UK,Birmingham,CUST6562,PROD905,Mobile,Samsung Galaxy S23,Sony,2,1547.26,0.03,0.18,3541.99,UPI,Online,EMP512,1,0,Standard,6,AED
ORD119902,15-12-2023,BR70,UAE,Abu Dhabi,CUST7537,PROD267,TV,Sony Bravia 55,OnePlus,2,552.51,0.26,0.18,964.9,Net Banking,Online,EMP573,3,0,Same Day,10,GBP
ORD119903,15-02-2024,BR47,Germany,Hamburg,CUST9355,PROD223,Laptop,HP Spectre x360,OnePlus,2,1260.98,0.05,0.18,2827.12,Debit Card,Online,EMP596,2,0,Express,2,USD
ORD119904,12-04-2024,BR118,USA,Los Angeles,CUST6743,PROD491,Accessories,Bluetooth Headphones,Lenovo,3,317.48,0.08,0.18,1033.97,Debit Card,In-Store,EMP813,2,0,Standard,2,EUR
ORD119905,15-05-2024,BR63,UK,Birmingham,CUST8246,PROD802,Laptop,MacBook Air M2,OnePlus,2,1318.53,0.14,0.18,2676.09,Credit Card,Online,EMP777,1,0,Same Day,9,USD
ORD119906,10-08-2023,BR94,Germany,Munich,CUST1579,PROD271,Mobile,Samsung Galaxy S23,Samsung,3,1932.27,0.14,0.18,5882.6,UPI,Online,EMP400,0,0,Standard,1,USD
ORD119907,11-02-2024,BR49,UK,London,CUST8060,PROD408,Laptop,HP Spectre x360,LG,3,1806.29,0.23,0.18,4923.59,Cash,Online,EMP544,2,0,Standard,2,USD
ORD119908,27-07-2023,BR53,UAE,Abu Dhabi,CUST9527,PROD227,Tablet,Samsung Galaxy Tab,LG,3,1912.84,0.02,0.18,6636.02,Cash,In-Store,EMP406,0,0,Standard,4,EUR
ORD119909,24-06-2023,BR114,Germany,Hamburg,CUST9651,PROD394,Mobile,Samsung Galaxy S23,Apple,4,1596.28,0.23,0.18,5801.52,UPI,Online,EMP545,1,1,Standard,4,INR
ORD119910,23-05-2023,BR17,India,Mumbai,CUST2825,PROD650,TV,Sony Bravia 55,Sony,1,191.6,0.23,0.18,174.09,Debit Card,In-Store,EMP343,3,1,Express,4,GBP
ORD119911,23-06-2023,BR27,USA,Dallas,CUST4766,PROD817,Mobile,OnePlus 11,Sony,2,1292.17,0.1,0.18,2744.57,Cash,In-Store,EMP883,0,1,Express,7,GBP
ORD119912,08-01-2024,BR44,Germany,Munich,CUST6064,PROD138,Laptop,MacBook Air M2,OnePlus,1,744.29,0.2,0.18,702.61,Net Banking,Online,EMP926,0,1,Standard,10,EUR
ORD119913,14-10-2024,BR31,India,Pune,CUST2649,PROD559,TV,Samsung QLED 50,Samsung,4,674.04,0.28,0.18,2290.66,Credit Card,In-Store,EMP584,0,0,Standard,10,GBP
ORD119914,10-11-2024,BR62,USA,Chicago,CUST8520,PROD336,Tablet,iPad Air,LG,1,1371.5,0.03,0.18,1569.82,Credit Card,In-Store,EMP709,1,0,Standard,9,EUR
ORD119915,02-03-2024,BR20,UAE,Dubai,CUST9815,PROD565,TV,Sony Bravia 55,HP,3,678.42,0.01,0.18,2377.59,UPI,In-Store,EMP309,2,1,Standard,2,EUR
ORD119916,16-12-2023,BR29,UK,Manchester,CUST2357,PROD953,Mobile,iPhone 14,Apple,3,265.01,0.06,0.18,881.85,Credit Card,Online,EMP567,3,0,Standard,6,GBP
ORD119917,17-08-2024,BR53,UK,Manchester,CUST6377,PROD767,Accessories,Keyboard,HP,1,1196.45,0.23,0.18,1087.09,Credit Card,Online,EMP366,2,0,Same Day,10,USD
ORD119918,30-04-2024,BR36,Germany,Berlin,CUST7395,PROD422,Tablet,iPad Air,Dell,5,1707.19,0.25,0.18,7554.32,Credit Card,In-Store,EMP989,0,1,Express,6,EUR
ORD119919,04-05-2023,BR93,UAE,Abu Dhabi,CUST7773,PROD493,Laptop,Dell XPS 13,Lenovo,2,1930.58,0.03,0.18,4419.48,Net Banking,In-Store,EMP721,2,1,Same Day,10,GBP
ORD119920,27-06-2024,BR110,Germany,Berlin,CUST5735,PROD778,Mobile,OnePlus 11,HP,4,940.44,0.29,0.18,3151.6,Debit Card,Online,EMP637,0,1,Standard,8,INR
ORD119921,05-03-2024,BR70,Germany,Munich,CUST8954,PROD912,Laptop,Dell XPS 13,Sony,2,750,0.01,0.18,1752.3,Debit Card,In-Store,EMP274,0,1,Express,3,INR
ORD119922,02-11-2023,BR1,USA,New York,CUST7210,PROD891,Tablet,iPad Air,Samsung,3,1266.06,0.17,0.18,3719.94,Debit Card,In-Store,EMP797,0,1,Standard,8,USD
ORD119923,09-10-2024,BR9,UAE,Abu Dhabi,CUST6117,PROD330,TV,Samsung QLED 50,OnePlus,3,1858.19,0.26,0.18,4867.71,Cash,In-Store,EMP675,0,0,Same Day,3,AED
ORD119924,26-12-2024,BR21,UK,London,CUST4691,PROD813,Tablet,Lenovo Tab P11,Sony,1,752.83,0.07,0.18,826.16,Net Banking,In-Store,EMP801,3,1,Express,10,AED
ORD119925,26-02-2023,BR107,UK,Birmingham,CUST4848,PROD973,Accessories,Keyboard,HP,5,771.92,0.25,0.18,3415.75,Cash,Online,EMP542,3,0,Standard,2,USD
ORD119926,18-01-2024,BR33,UK,Birmingham,CUST1410,PROD809,Mobile,iPhone 14,Apple,3,655.65,0.19,0.18,1880.01,UPI,Online,EMP847,3,1,Express,2,GBP
ORD119927,20-11-2023,BR72,UK,London,CUST3224,PROD831,Tablet,Lenovo Tab P11,Apple,4,1518.23,0.15,0.18,6091.14,Cash,Online,EMP507,0,1,Express,1,EUR
ORD119928,31-03-2023,BR18,India,Pune,CUST9863,PROD609,Tablet,Samsung Galaxy Tab,HP,3,1458.36,0.13,0.18,4491.46,Net Banking,Online,EMP411,1,1,Express,1,USD
ORD119929,01-01-2024,BR37,India,Mumbai,CUST6607,PROD485,Laptop,MacBook Air M2,Lenovo,5,1180.92,0.12,0.18,6131.34,Net Banking,In-Store,EMP284,1,0,Standard,5,AED
ORD119930,29-08-2023,BR68,UAE,Dubai,CUST8723,PROD238,Tablet,iPad Air,Apple,2,429.68,0.19,0.18,821.38,Cash,Online,EMP424,1,0,Standard,5,AED
ORD119931,14-07-2024,BR10,India,Pune,CUST6683,PROD754,Tablet,Samsung Galaxy Tab,LG,3,1926.7,0.24,0.18,5183.59,Credit Card,Online,EMP764,1,1,Same Day,8,USD
ORD119932,15-03-2023,BR93,UK,Manchester,CUST7417,PROD278,Tablet,iPad Air,HP,5,884.12,0.21,0.18,4120.88,Net Banking,Online,EMP710,0,1,Express,1,INR
ORD119933,29-12-2024,BR35,UK,Manchester,CUST5196,PROD191,Laptop,MacBook Air M2,HP,4,367.05,0.22,0.18,1351.33,Cash,Online,EMP632,2,1,Express,3,EUR
ORD119934,31-12-2024,BR77,UK,London,CUST3558,PROD554,TV,Sony Bravia 55,Lenovo,2,1930.98,0.26,0.18,3372.26,Cash,In-Store,EMP512,1,0,Standard,3,AED
ORD119935,06-09-2023,BR115,USA,New York,CUST8296,PROD188,Tablet,Samsung Galaxy Tab,HP,1,634.01,0.11,0.18,665.84,Net Banking,Online,EMP609,3,0,Standard,10,USD
ORD119936,25-04-2023,BR13,USA,Dallas,CUST2476,PROD265,TV,Sony Bravia 55,Lenovo,5,645.82,0.18,0.18,3124.48,Credit Card,Online,EMP901,2,0,Express,6,USD
ORD119937,10-06-2024,BR39,UK,Birmingham,CUST9897,PROD568,Accessories,Wireless Mouse,Sony,4,112.98,0.13,0.18,463.94,Cash,In-Store,EMP211,1,0,Same Day,2,INR
ORD119938,16-02-2023,BR61,USA,New York,CUST6960,PROD957,Tablet,Samsung Galaxy Tab,HP,2,1666.42,0.01,0.18,3893.42,Credit Card,Online,EMP517,3,1,Express,1,INR
ORD119939,22-02-2024,BR4,UAE,Dubai,CUST7303,PROD411,Mobile,Samsung Galaxy S23,Sony,2,1384.17,0.25,0.18,2449.98,UPI,Online,EMP971,3,1,Standard,8,AED
ORD119940,25-01-2024,BR102,UAE,Dubai,CUST8900,PROD306,Laptop,MacBook Air M2,Dell,5,580.83,0.05,0.18,3255.55,Cash,In-Store,EMP267,2,1,Express,7,GBP
ORD119941,12-10-2023,BR48,UK,Manchester,CUST7550,PROD272,Mobile,iPhone 14,Samsung,1,1559.46,0.25,0.18,1380.12,Cash,Online,EMP684,2,1,Same Day,6,GBP
ORD119942,10-05-2023,BR33,UK,Birmingham,CUST2079,PROD719,Laptop,HP Spectre x360,Sony,5,724.47,0.17,0.18,3547.73,Credit Card,In-Store,EMP358,1,0,Express,7,GBP
ORD119943,30-06-2024,BR112,Germany,Hamburg,CUST9703,PROD648,Laptop,MacBook Air M2,HP,4,1805.46,0.02,0.18,8351.34,Net Banking,In-Store,EMP744,3,1,Standard,8,USD
ORD119944,15-12-2023,BR58,UAE,Dubai,CUST9641,PROD308,Accessories,Wireless Mouse,LG,3,1242.33,0.21,0.18,3474.3,Net Banking,In-Store,EMP587,0,1,Standard,1,GBP
ORD119945,24-11-2024,BR30,India,Bangalore,CUST7159,PROD804,Mobile,Samsung Galaxy S23,Samsung,5,1508.18,0.29,0.18,6317.77,Credit Card,In-Store,EMP973,0,1,Express,2,EUR
ORD119946,20-10-2023,BR32,USA,Chicago,CUST6127,PROD683,Mobile,OnePlus 11,Sony,5,1820.44,0.18,0.18,8807.29,UPI,Online,EMP822,0,0,Standard,7,INR
ORD119947,31-12-2024,BR8,UK,Birmingham,CUST5591,PROD531,Mobile,iPhone 14,Apple,2,1817.68,0.16,0.18,3603.37,Cash,In-Store,EMP562,3,0,Express,2,USD
ORD119948,13-02-2023,BR111,UAE,Abu Dhabi,CUST8679,PROD111,Accessories,Bluetooth Headphones,Lenovo,1,1082.66,0.28,0.18,919.83,Cash,Online,EMP702,0,0,Standard,3,EUR
ORD119949,12-05-2024,BR115,India,Delhi,CUST4096,PROD982,Accessories,Bluetooth Headphones,Apple,3,640.7,0.23,0.18,1746.42,Cash,In-Store,EMP670,2,1,Express,3,INR
ORD119950,19-11-2024,BR54,India,Delhi,CUST8992,PROD398,Accessories,Bluetooth Headphones,Lenovo,4,1797.71,0.02,0.18,8315.49,Debit Card,Online,EMP582,2,1,Express,6,EUR
ORD119951,07-07-2024,BR37,Germany,Hamburg,CUST5048,PROD851,Tablet,Lenovo Tab P11,Lenovo,3,1023.62,0.28,0.18,2609,Cash,In-Store,EMP530,2,1,Same Day,3,GBP
ORD119952,31-03-2023,BR17,UAE,Dubai,CUST9321,PROD770,TV,Samsung QLED 50,Dell,2,1552.01,0.21,0.18,2893.57,Credit Card,In-Store,EMP515,2,0,Standard,7,EUR
ORD119953,29-05-2023,BR54,Germany,Hamburg,CUST1501,PROD430,TV,Samsung QLED 50,Lenovo,1,976.59,0.1,0.18,1037.14,Credit Card,In-Store,EMP980,2,0,Same Day,2,EUR
ORD119954,18-02-2023,BR90,UK,London,CUST5070,PROD727,Mobile,iPhone 14,LG,4,1023.87,0.1,0.18,4349.4,Cash,Online,EMP361,1,1,Same Day,7,EUR
ORD119955,13-01-2023,BR79,India,Delhi,CUST7760,PROD792,Accessories,Wireless Mouse,Lenovo,3,993.94,0.18,0.18,2885.21,Cash,Online,EMP875,2,0,Express,6,GBP
ORD119956,12-11-2023,BR83,UAE,Abu Dhabi,CUST9232,PROD231,Laptop,HP Spectre x360,OnePlus,4,1649.66,0.09,0.18,7085.62,Debit Card,Online,EMP921,3,0,Express,8,EUR
ORD119957,15-05-2023,BR68,Germany,Munich,CUST6588,PROD967,TV,Sony Bravia 55,Lenovo,3,859.39,0.27,0.18,2220.84,Debit Card,Online,EMP487,2,0,Express,2,AED
ORD119958,19-11-2024,BR117,USA,Dallas,CUST8204,PROD575,Laptop,MacBook Air M2,Lenovo,3,999.56,0.12,0.18,3113.83,Credit Card,In-Store,EMP584,3,0,Express,5,AED
ORD119959,19-09-2024,BR12,Germany,Munich,CUST5611,PROD471,Tablet,iPad Air,Lenovo,4,830.11,0.01,0.18,3878.94,Credit Card,In-Store,EMP289,1,0,Same Day,2,INR
ORD119960,16-02-2024,BR73,USA,New York,CUST1155,PROD320,Tablet,Lenovo Tab P11,LG,3,467.13,0.14,0.18,1422.13,Debit Card,Online,EMP209,1,0,Express,10,GBP
ORD119961,19-08-2024,BR110,USA,Los Angeles,CUST1227,PROD178,Accessories,Wireless Mouse,Sony,4,1091.19,0.09,0.18,4686.88,Debit Card,Online,EMP689,3,0,Express,3,INR
ORD119962,28-10-2023,BR23,India,Mumbai,CUST8207,PROD968,Accessories,Keyboard,LG,3,1547.37,0.26,0.18,4053.49,Debit Card,Online,EMP438,3,1,Same Day,3,INR
ORD119963,27-06-2023,BR64,UAE,Abu Dhabi,CUST5415,PROD219,Accessories,Bluetooth Headphones,Lenovo,3,122.47,0.13,0.18,377.18,UPI,Online,EMP519,1,0,Standard,9,EUR
ORD119964,24-10-2023,BR100,UK,Manchester,CUST8319,PROD679,Laptop,HP Spectre x360,Sony,4,1470.64,0.11,0.18,6177.86,Debit Card,In-Store,EMP237,1,0,Express,5,EUR
ORD119965,19-12-2023,BR62,India,Bangalore,CUST7614,PROD219,Accessories,Bluetooth Headphones,Dell,3,1677.03,0.17,0.18,4927.45,Debit Card,Online,EMP777,0,0,Same Day,9,EUR
ORD119966,26-05-2024,BR19,India,Bangalore,CUST6662,PROD453,Tablet,Lenovo Tab P11,Dell,3,330.74,0.16,0.18,983.49,Credit Card,Online,EMP423,0,0,Express,4,AED
ORD119967,01-11-2023,BR46,USA,Chicago,CUST3621,PROD265,Tablet,Lenovo Tab P11,Apple,4,1794.48,0.11,0.18,7538.25,UPI,Online,EMP312,0,0,Express,6,EUR
ORD119968,01-07-2024,BR6,India,Delhi,CUST3201,PROD277,Accessories,Bluetooth Headphones,Sony,5,1696.3,0.26,0.18,7406.05,Credit Card,Online,EMP269,3,0,Standard,9,EUR
ORD119969,26-08-2024,BR40,UK,Birmingham,CUST9224,PROD955,Tablet,Samsung Galaxy Tab,Dell,1,1074.94,0.24,0.18,964.01,Net Banking,Online,EMP981,2,0,Express,7,EUR
ORD119970,30-04-2023,BR61,USA,New York,CUST5468,PROD143,Mobile,OnePlus 11,HP,3,1646.54,0.13,0.18,5071.01,Net Banking,In-Store,EMP672,3,0,Same Day,1,EUR
ORD119971,10-12-2023,BR49,India,Pune,CUST2348,PROD293,Mobile,Samsung Galaxy S23,Apple,3,1647.01,0.17,0.18,4839.24,Credit Card,Online,EMP973,1,1,Same Day,10,INR
ORD119972,27-02-2024,BR89,India,Bangalore,CUST8450,PROD282,Accessories,Bluetooth Headphones,Dell,2,1127.26,0.15,0.18,2261.28,Cash,In-Store,EMP400,1,0,Same Day,4,EUR
ORD119973,09-05-2023,BR53,USA,New York,CUST6114,PROD389,Accessories,Keyboard,Samsung,1,306.85,0.02,0.18,354.84,Cash,Online,EMP430,0,1,Express,8,EUR
ORD119974,26-06-2023,BR109,USA,Dallas,CUST2892,PROD340,Accessories,Bluetooth Headphones,HP,5,1102.5,0.3,0.18,4553.32,Net Banking,In-Store,EMP448,2,1,Express,3,GBP
ORD119975,24-11-2024,BR63,UK,Birmingham,CUST1101,PROD261,Tablet,iPad Air,Samsung,5,1605.84,0.22,0.18,7390.08,UPI,In-Store,EMP588,0,1,Standard,7,INR
ORD119976,20-05-2024,BR75,Germany,Munich,CUST1941,PROD636,TV,LG OLED 48,LG,5,1476.91,0.2,0.18,6971.02,Credit Card,Online,EMP244,3,0,Same Day,5,GBP
ORD119977,03-07-2024,BR56,India,Mumbai,CUST6364,PROD656,TV,Samsung QLED 50,Samsung,5,688,0.21,0.18,3206.77,Credit Card,Online,EMP362,0,0,Express,3,INR
ORD119978,11-10-2024,BR25,UK,Birmingham,CUST4604,PROD673,TV,LG OLED 48,Lenovo,2,1585,0.06,0.18,3516.16,Credit Card,Online,EMP255,3,1,Express,6,EUR
ORD119979,08-05-2024,BR73,Germany,Berlin,CUST8505,PROD867,TV,LG OLED 48,Apple,4,1013.65,0.05,0.18,4545.21,Debit Card,In-Store,EMP614,3,1,Same Day,2,AED
ORD119980,18-12-2023,BR17,Germany,Munich,CUST3562,PROD659,TV,Samsung QLED 50,OnePlus,3,280.06,0.3,0.18,693.99,UPI,Online,EMP484,1,1,Standard,3,GBP
ORD119981,17-05-2024,BR44,Germany,Hamburg,CUST5012,PROD537,Laptop,MacBook Air M2,Sony,4,898.92,0.29,0.18,3012.46,UPI,In-Store,EMP419,2,1,Standard,6,GBP
ORD119982,19-06-2023,BR91,USA,New York,CUST3537,PROD952,Mobile,Samsung Galaxy S23,Lenovo,2,373.58,0.22,0.18,687.69,Cash,Online,EMP785,0,1,Express,5,USD
ORD119983,07-01-2024,BR54,UK,London,CUST3424,PROD248,Accessories,Wireless Mouse,Apple,3,1155.11,0.14,0.18,3516.62,Cash,Online,EMP783,3,1,Express,7,GBP
ORD119984,20-06-2024,BR58,USA,Chicago,CUST8813,PROD810,Mobile,OnePlus 11,LG,1,857.1,0.25,0.18,758.53,Cash,Online,EMP856,3,0,Standard,3,EUR
ORD119985,05-09-2023,BR12,UK,London,CUST8641,PROD454,Tablet,Lenovo Tab P11,Samsung,3,1495.05,0.01,0.18,5239.55,Cash,Online,EMP944,2,1,Same Day,5,USD
ORD119986,15-12-2023,BR120,UAE,Dubai,CUST4718,PROD279,Laptop,MacBook Air M2,Sony,5,712.17,0.04,0.18,4033.73,UPI,In-Store,EMP308,3,1,Standard,4,USD
ORD119987,15-02-2024,BR15,Germany,Hamburg,CUST3470,PROD520,Tablet,iPad Air,OnePlus,2,459.39,0.22,0.18,845.65,Credit Card,In-Store,EMP957,3,1,Express,4,GBP
ORD119988,19-01-2023,BR7,Germany,Berlin,CUST1060,PROD699,Tablet,Lenovo Tab P11,HP,4,547.68,0.22,0.18,2016.34,Cash,In-Store,EMP597,2,0,Standard,3,AED
ORD119989,26-03-2024,BR62,India,Bangalore,CUST5205,PROD288,TV,Samsung QLED 50,Apple,2,300.18,0.18,0.18,580.91,Credit Card,In-Store,EMP810,3,1,Express,8,GBP
ORD119990,03-12-2024,BR22,UK,Birmingham,CUST9249,PROD348,Accessories,Bluetooth Headphones,Samsung,2,1157.71,0.18,0.18,2240.4,Cash,In-Store,EMP434,3,0,Express,7,USD
ORD119991,10-04-2024,BR3,UK,Manchester,CUST1118,PROD216,Mobile,OnePlus 11,Sony,4,1500.84,0.04,0.18,6800.61,Debit Card,In-Store,EMP355,1,0,Standard,6,USD
ORD119992,27-06-2024,BR99,UK,London,CUST3844,PROD353,TV,LG OLED 48,OnePlus,2,1102.33,0.19,0.18,2107.21,UPI,In-Store,EMP592,3,1,Express,3,USD
ORD119993,11-09-2023,BR83,USA,Los Angeles,CUST5147,PROD700,Tablet,Lenovo Tab P11,LG,5,753.81,0.1,0.18,4002.73,Debit Card,In-Store,EMP262,0,1,Express,8,GBP
ORD119994,22-04-2023,BR99,USA,Los Angeles,CUST9594,PROD834,Mobile,Samsung Galaxy S23,Lenovo,2,1340.94,0.05,0.18,3006.39,UPI,Online,EMP819,2,0,Standard,4,AED
ORD119995,12-11-2023,BR92,USA,Chicago,CUST9823,PROD379,Mobile,iPhone 14,LG,3,496.44,0.17,0.18,1458.64,Net Banking,In-Store,EMP655,3,0,Standard,10,AED
ORD119996,15-07-2023,BR41,India,Pune,CUST2865,PROD807,Mobile,iPhone 14,Dell,1,1408.73,0.29,0.18,1180.23,Debit Card,In-Store,EMP895,1,0,Express,2,USD
ORD119997,30-12-2023,BR32,UAE,Abu Dhabi,CUST4497,PROD407,Tablet,Samsung Galaxy Tab,Sony,1,192.55,0.22,0.18,177.22,UPI,In-Store,EMP651,1,0,Express,1,EUR
ORD119998,06-06-2023,BR96,Germany,Hamburg,CUST1690,PROD979,TV,Samsung QLED 50,OnePlus,1,1303.08,0.15,0.18,1306.99,Debit Card,In-Store,EMP885,1,0,Standard,4,EUR
ORD119999,26-02-2024,BR77,USA,Chicago,CUST5484,PROD493,Laptop,HP Spectre x360,OnePlus,3,222.48,0.3,0.18,551.31,Credit Card,Online,EMP908,0,0,Express,1,EUR
ORD120000,12-05-2024,BR104,UAE,Abu Dhabi,CUST3651,PROD438,Tablet,Samsung Galaxy Tab,Lenovo,4,353.9,0.28,0.18,1202.69,Credit Card,In-Store,EMP998,0,1,Express,10,EUR
