OrderID,OrderDate,BranchID,Country,City,CustomerID,ProductID,ProductCategory,ProductName,Brand,Quantity,UnitPrice,DiscountRate,TaxRate,TotalAmount,PaymentMethod,SalesChannel,EmployeeID,WarrantyYears,ReturnFlag,ShipmentMode,DeliveryDays,Currency
ORD110001,09-01-2024,BR28,Germany,Hamburg,CUST1147,PROD644,Accessories,Wireless Mouse,Apple,4,159.6,0.29,0.18,534.85,UPI,In-Store,EMP817,0,1,Same Day,6,EUR
ORD110002,08-06-2023,BR16,UAE,Dubai,CUST2374,PROD492,TV,LG OLED 48,Lenovo,2,84.33,0.12,0.18,175.14,Cash,Online,EMP343,1,1,Same Day,2,EUR
ORD110003,20-11-2023,BR67,UK,Birmingham,CUST9004,PROD154,TV,LG OLED 48,Lenovo,5,632.7,0.24,0.18,2837.03,Cash,Online,EMP642,0,0,Same Day,3,GBP
ORD110004,30-04-2024,BR108,USA,New York,CUST7679,PROD205,Tablet,Lenovo Tab P11,Lenovo,5,126.25,0.22,0.18,581,Cash,Online,EMP522,0,0,Express,4,EUR
ORD110005,27-06-2023,BR12,India,Mumbai,CUST8483,PROD782,Accessories,Wireless Mouse,LG,4,273.68,0.24,0.18,981.74,Cash,Online,EMP888,3,1,Same Day,3,USD
ORD110006,03-06-2023,BR5,Germany,Berlin,CUST3305,PROD487,Tablet,Samsung Galaxy Tab,Sony,4,679.34,0.28,0.18,2308.67,UPI,Online,EMP509,0,0,Standard,6,USD
ORD110007,15-09-2024,BR116,USA,Dallas,CUST7221,PROD414,Tablet,Lenovo Tab P11,OnePlus,1,239.08,0.15,0.18,239.8,Debit Card,Online,EMP568,3,0,Express,7,AED
ORD110008,09-10-2023,BR67,UK,Manchester,CUST2505,PROD198,Mobile,OnePlus 11,Sony,1,1850.22,0.13,0.18,1899.44,Cash,Online,EMP223,0,0,Express,9,AED
ORD110009,12-08-2024,BR111,UAE,Dubai,CUST1583,PROD447,TV,Samsung QLED 50,Sony,4,1942.55,0.26,0.18,6784.94,Cash,Online,EMP399,0,1,Express,1,AED
ORD110010,26-01-2024,BR23,UAE,Abu Dhabi,CUST7775,PROD879,TV,Samsung QLED 50,LG,5,119.66,0.14,0.18,607.15,Credit Card,In-Store,EMP381,0,1,Standard,6,GBP
ORD110011,18-06-2024,BR62,India,Bangalore,CUST3906,PROD709,Tablet,Lenovo Tab P11,Dell,2,1733.04,0.23,0.18,3149.28,Net Banking,In-Store,EMP468,1,1,Same Day,5,INR
ORD110012,25-05-2024,BR6,Germany,Berlin,CUST9463,PROD447,Mobile,Samsung Galaxy S23,Lenovo,5,360.52,0.28,0.18,1531.49,Net Banking,In-Store,EMP563,2,0,Standard,9,INR
ORD110013,19-02-2024,BR22,USA,Los Angeles,CUST4408,PROD273,Mobile,OnePlus 11,HP,5,1974.24,0.21,0.18,9201.93,UPI,In-Store,EMP347,0,1,Express,4,AED
ORD110014,29-11-2023,BR70,UK,Manchester,CUST3329,PROD178,Accessories,Wireless Mouse,Apple,2,1660.28,0.13,0.18,3408.89,Credit Card,In-Store,EMP669,3,0,Express,7,GBP
ORD110015,11-11-2023,BR2,USA,Dallas,CUST2429,PROD475,Laptop,HP Spectre x360,HP,4,1700.37,0.22,0.18,6260.08,Net Banking,In-Store,EMP373,2,1,Standard,2,GBP
ORD110016,16-11-2024,BR91,Germany,Berlin,CUST9337,PROD800,Tablet,Lenovo Tab P11,OnePlus,4,993.5,0.1,0.18,4220.39,Debit Card,In-Store,EMP714,1,0,Same Day,1,INR
ORD110017,03-07-2024,BR23,UAE,Abu Dhabi,CUST1449,PROD824,Accessories,Bluetooth Headphones,Dell,4,875.87,0.24,0.18,3141.92,Debit Card,In-Store,EMP345,2,1,Standard,10,USD
ORD110018,10-03-2024,BR3,India,Bangalore,CUST2768,PROD121,TV,LG OLED 48,Apple,3,1903.56,0.22,0.18,5256.11,Net Banking,Online,EMP272,3,0,Same Day,1,USD
ORD110019,11-03-2024,BR54,USA,New York,CUST7267,PROD511,Laptop,MacBook Air M2,Lenovo,4,144.89,0.11,0.18,608.65,UPI,In-Store,EMP345,2,1,Express,3,GBP
ORD110020,18-07-2023,BR81,UAE,Dubai,CUST1565,PROD224,Mobile,iPhone 14,Lenovo,3,1203.44,0.15,0.18,3621.15,UPI,In-Store,EMP634,1,0,Standard,5,INR
ORD110021,11-04-2023,BR70,UAE,Abu Dhabi,CUST1021,PROD383,Mobile,OnePlus 11,OnePlus,1,1540.89,0.03,0.18,1763.7,Net Banking,In-Store,EMP814,1,0,Express,10,INR
ORD110022,06-10-2024,BR112,India,Pune,CUST1577,PROD482,Mobile,iPhone 14,Sony,1,944.62,0.15,0.18,947.45,Debit Card,In-Store,EMP628,1,1,Same Day,7,INR
ORD110023,08-06-2024,BR76,Germany,Berlin,CUST1044,PROD430,TV,LG OLED 48,HP,2,1689.45,0.16,0.18,3349.17,Debit Card,Online,EMP372,2,0,Standard,2,GBP
ORD110024,04-07-2024,BR18,USA,Dallas,CUST4318,PROD406,Accessories,Bluetooth Headphones,Apple,4,612.82,0.09,0.18,2632.18,Credit Card,In-Store,EMP654,0,1,Express,6,USD
ORD110025,24-01-2023,BR34,Germany,Hamburg,CUST8800,PROD100,TV,Samsung QLED 50,Sony,5,1174.42,0.12,0.18,6097.59,UPI,Online,EMP778,0,0,Standard,2,EUR
ORD110026,26-09-2023,BR60,Germany,Munich,CUST9279,PROD850,Laptop,MacBook Air M2,OnePlus,1,1763.06,0.22,0.18,1622.72,Debit Card,In-Store,EMP354,0,0,Express,1,INR
ORD110027,20-06-2023,BR45,Germany,Munich,CUST2099,PROD264,Laptop,Dell XPS 13,OnePlus,1,803.17,0.17,0.18,786.62,Cash,In-Store,EMP427,2,0,Standard,10,INR
ORD110028,09-11-2024,BR84,UK,Birmingham,CUST8804,PROD472,Laptop,MacBook Air M2,Dell,3,1232.87,0.19,0.18,3535.13,Cash,Online,EMP779,1,1,Same Day,3,GBP
ORD110029,24-01-2023,BR16,Germany,Berlin,CUST4942,PROD311,TV,Samsung QLED 50,LG,1,418.89,0.1,0.18,444.86,Net Banking,Online,EMP708,0,0,Same Day,8,INR
ORD110030,01-08-2023,BR99,UK,London,CUST9141,PROD303,Accessories,Wireless Mouse,Lenovo,4,564.11,0.06,0.18,2502.84,UPI,Online,EMP575,2,1,Express,4,AED
ORD110031,24-07-2023,BR7,USA,Chicago,CUST4110,PROD447,Mobile,Samsung Galaxy S23,OnePlus,2,1861.99,0.19,0.18,3559.38,Credit Card,In-Store,EMP546,2,0,Same Day,5,AED
ORD110032,22-01-2023,BR86,UK,London,CUST2209,PROD980,TV,Sony Bravia 55,HP,4,399.77,0.25,0.18,1415.19,Credit Card,In-Store,EMP526,1,1,Express,5,AED
ORD110033,13-04-2023,BR51,USA,Los Angeles,CUST4100,PROD238,TV,Samsung QLED 50,Dell,5,352.01,0.03,0.18,2014.55,Debit Card,In-Store,EMP580,2,0,Express,5,USD
ORD110034,10-11-2023,BR5,USA,Los Angeles,CUST3638,PROD163,Accessories,Wireless Mouse,Sony,4,1398.34,0.19,0.18,5346.13,Debit Card,In-Store,EMP299,1,1,Express,2,INR
ORD110035,17-01-2023,BR64,Germany,Munich,CUST9513,PROD899,Accessories,Bluetooth Headphones,HP,1,62.39,0.25,0.18,55.22,Net Banking,In-Store,EMP323,1,0,Express,1,GBP
ORD110036,16-10-2024,BR38,India,Pune,CUST6259,PROD117,Mobile,Samsung Galaxy S23,Dell,3,1440.49,0.1,0.18,4589.4,Credit Card,Online,EMP771,2,0,Same Day,3,USD
ORD110037,07-04-2023,BR52,UK,London,CUST8496,PROD595,TV,LG OLED 48,OnePlus,5,1086.86,0.13,0.18,5578.85,UPI,Online,EMP458,3,0,Same Day,3,EUR
ORD110038,07-06-2024,BR62,India,Pune,CUST9066,PROD458,Mobile,OnePlus 11,OnePlus,3,1217.55,0.01,0.18,4267.03,UPI,In-Store,EMP282,3,0,Standard,2,USD
ORD110039,05-07-2023,BR66,UAE,Dubai,CUST8523,PROD436,Accessories,Bluetooth Headphones,Samsung,4,964.5,0.29,0.18,3232.23,Credit Card,In-Store,EMP350,2,1,Standard,2,AED
ORD110040,16-01-2023,BR119,India,Mumbai,CUST9859,PROD373,TV,Samsung QLED 50,Samsung,5,1940.4,0.14,0.18,9845.59,Credit Card,Online,EMP207,3,1,Standard,5,INR
ORD110041,15-12-2024,BR17,UAE,Abu Dhabi,CUST7580,PROD182,Accessories,Bluetooth Headphones,LG,3,1745.34,0.3,0.18,4324.95,Debit Card,In-Store,EMP799,3,1,Express,4,USD
ORD110042,17-03-2024,BR44,UK,Birmingham,CUST6707,PROD457,Tablet,iPad Air,Apple,1,1452.93,0.15,0.18,1457.29,Debit Card,Online,EMP673,2,0,Standard,4,INR
ORD110043,08-07-2024,BR40,India,Pune,CUST1570,PROD289,Laptop,Dell XPS 13,OnePlus,5,64.4,0.15,0.18,322.97,Credit Card,Online,EMP887,0,0,Same Day,10,EUR
ORD110044,24-10-2023,BR66,UK,Manchester,CUST2151,PROD726,Laptop,HP Spectre x360,Sony,2,940.41,0.09,0.18,2019.62,Cash,Online,EMP921,2,1,Express,3,USD
ORD110045,23-01-2023,BR63,UAE,Dubai,CUST9204,PROD774,Mobile,Samsung Galaxy S23,LG,3,1343.56,0.13,0.18,4137.9,UPI,Online,EMP871,0,0,Standard,4,INR
ORD110046,08-09-2023,BR27,USA,Dallas,CUST4439,PROD880,Mobile,iPhone 14,Samsung,2,1132.16,0.19,0.18,2164.24,UPI,In-Store,EMP812,2,0,Same Day,8,AED
ORD110047,24-01-2024,BR49,USA,New York,CUST4218,PROD383,TV,LG OLED 48,Apple,1,221.85,0.01,0.18,259.17,Credit Card,Online,EMP845,1,0,Express,8,AED
ORD110048,11-11-2024,BR19,Germany,Munich,CUST3610,PROD120,Accessories,Bluetooth Headphones,LG,5,1618.04,0.05,0.18,9069.11,Credit Card,Online,EMP914,2,1,Standard,9,INR
ORD110049,24-10-2023,BR12,UK,Manchester,CUST8922,PROD112,Accessories,Wireless Mouse,OnePlus,5,1523.69,0.21,0.18,7101.92,Cash,In-Store,EMP998,2,0,Same Day,10,INR
ORD110050,02-01-2023,BR50,USA,Chicago,CUST3992,PROD490,Accessories,Bluetooth Headphones,HP,2,848.86,0.15,0.18,1702.81,UPI,Online,EMP643,3,0,Same Day,4,USD
ORD110051,15-01-2023,BR4,UK,Manchester,CUST6004,PROD936,TV,LG OLED 48,Sony,1,1237.53,0.15,0.18,1241.24,UPI,Online,EMP235,3,0,Standard,6,AED
ORD110052,02-11-2024,BR109,Germany,Hamburg,CUST4524,PROD283,TV,Sony Bravia 55,Lenovo,3,508.67,0.1,0.18,1620.62,Cash,In-Store,EMP370,3,1,Same Day,9,USD
ORD110053,25-03-2024,BR119,India,Bangalore,CUST3082,PROD421,Mobile,OnePlus 11,Sony,4,1783.57,0.23,0.18,6482.21,Net Banking,In-Store,EMP821,3,1,Same Day,6,AED
ORD110054,19-08-2024,BR46,USA,Los Angeles,CUST1100,PROD185,Laptop,MacBook Air M2,Sony,5,1131.51,0.29,0.18,4739.9,Credit Card,In-Store,EMP359,0,0,Same Day,8,AED
ORD110055,03-07-2024,BR64,UAE,Dubai,CUST3941,PROD797,Accessories,Keyboard,Lenovo,1,309,0.16,0.18,306.28,Net Banking,In-Store,EMP838,3,1,Express,10,USD
ORD110056,14-04-2023,BR77,Germany,Hamburg,CUST6164,PROD274,Mobile,OnePlus 11,HP,5,1921.74,0.22,0.18,8843.85,UPI,In-Store,EMP341,0,1,Express,6,INR
ORD110057,03-02-2023,BR66,India,Delhi,CUST3361,PROD727,Accessories,Wireless Mouse,OnePlus,5,816,0.11,0.18,4284.82,Debit Card,Online,EMP383,1,0,Same Day,2,INR
ORD110058,26-11-2023,BR37,USA,Los Angeles,CUST5170,PROD619,Mobile,Samsung Galaxy S23,Samsung,5,1396.34,0.25,0.18,6178.8,UPI,Online,EMP432,2,1,Same Day,4,AED
ORD110059,07-04-2023,BR32,USA,New York,CUST4155,PROD320,TV,LG OLED 48,Lenovo,5,1228.38,0.09,0.18,6595.17,Cash,Online,EMP428,3,0,Standard,4,INR
ORD110060,12-10-2023,BR29,UAE,Dubai,CUST1783,PROD667,Accessories,Wireless Mouse,Dell,4,997.03,0.27,0.18,3435.37,Net Banking,Online,EMP807,0,0,Express,5,AED
ORD110061,19-06-2024,BR37,Germany,Munich,CUST4464,PROD464,Laptop,MacBook Air M2,OnePlus,3,608.03,0.08,0.18,1980.23,Credit Card,In-Store,EMP218,1,0,Same Day,1,GBP
ORD110062,08-03-2023,BR13,Germany,Munich,CUST1978,PROD769,Tablet,Lenovo Tab P11,Lenovo,4,145.12,0.04,0.18,657.57,Debit Card,Online,EMP900,2,0,Same Day,5,GBP
ORD110063,17-08-2024,BR99,USA,Dallas,CUST2380,PROD615,Tablet,iPad Air,Apple,3,774.13,0.15,0.18,2329.36,Debit Card,Online,EMP413,2,0,Express,1,USD
ORD110064,11-04-2023,BR39,Germany,Munich,CUST9377,PROD270,Tablet,iPad Air,Lenovo,5,1862.18,0.25,0.18,8240.15,Debit Card,Online,EMP462,3,1,Same Day,5,EUR
ORD110065,13-05-2023,BR13,India,Mumbai,CUST4746,PROD432,Mobile,Samsung Galaxy S23,LG,4,691.01,0.2,0.18,2609.25,Credit Card,Online,EMP886,3,1,Standard,9,AED
ORD110066,19-04-2024,BR116,USA,New York,CUST3788,PROD495,Tablet,iPad Air,Dell,5,1025.03,0.25,0.18,4535.76,Net Banking,Online,EMP836,2,1,Standard,7,AED
ORD110067,16-07-2024,BR48,India,Bangalore,CUST9089,PROD863,Accessories,Keyboard,Lenovo,3,920.82,0.19,0.18,2640.36,Cash,Online,EMP958,0,0,Standard,5,GBP
ORD110068,20-11-2024,BR31,Germany,Hamburg,CUST7261,PROD429,Laptop,Dell XPS 13,Apple,5,1287.34,0.13,0.18,6607.92,Net Banking,In-Store,EMP718,3,1,Standard,7,USD
ORD110069,05-07-2023,BR17,Germany,Hamburg,CUST8940,PROD605,Mobile,OnePlus 11,Apple,5,814.1,0.26,0.18,3554.36,Credit Card,Online,EMP997,2,0,Standard,10,INR
ORD110070,23-09-2023,BR97,Germany,Munich,CUST2343,PROD794,Mobile,Samsung Galaxy S23,HP,4,1367.27,0.01,0.18,6388.98,UPI,Online,EMP969,0,1,Standard,5,USD
ORD110071,15-09-2024,BR36,UK,London,CUST6969,PROD926,Tablet,Lenovo Tab P11,HP,5,70.26,0.15,0.18,352.35,Credit Card,In-Store,EMP443,3,0,Express,4,USD
ORD110072,06-01-2024,BR16,UAE,Abu Dhabi,CUST5566,PROD530,Mobile,OnePlus 11,Sony,5,371.91,0.05,0.18,2084.56,UPI,Online,EMP887,1,0,Express,9,INR
ORD110073,26-05-2024,BR43,USA,Dallas,CUST6478,PROD137,TV,Samsung QLED 50,OnePlus,2,1833.55,0,0.18,4327.18,UPI,In-Store,EMP724,0,0,Express,6,USD
ORD110074,20-06-2023,BR99,UK,Birmingham,CUST2392,PROD275,TV,Sony Bravia 55,Apple,2,1244.82,0.25,0.18,2203.33,UPI,In-Store,EMP430,0,1,Express,4,USD
ORD110075,20-02-2024,BR87,UAE,Dubai,CUST9278,PROD632,TV,Samsung QLED 50,Apple,4,1189.67,0.01,0.18,5559.09,Net Banking,In-Store,EMP738,1,0,Express,4,AED
ORD110076,17-02-2024,BR27,USA,Chicago,CUST8744,PROD155,TV,Sony Bravia 55,HP,5,995.23,0.23,0.18,4521.33,UPI,Online,EMP792,2,1,Express,4,AED
ORD110077,20-09-2023,BR13,India,Pune,CUST2823,PROD689,Mobile,Samsung Galaxy S23,Lenovo,5,367.33,0.19,0.18,1755.47,Net Banking,Online,EMP622,2,1,Standard,6,USD
ORD110078,28-06-2023,BR69,India,Mumbai,CUST3105,PROD425,Accessories,Bluetooth Headphones,Lenovo,3,1938.5,0.26,0.18,5078.09,UPI,In-Store,EMP853,0,0,Standard,5,INR
ORD110079,27-12-2024,BR43,India,Bangalore,CUST4447,PROD614,Accessories,Wireless Mouse,Sony,5,1903.49,0.09,0.18,10219.84,Debit Card,Online,EMP774,1,0,Standard,9,GBP
ORD110080,19-05-2024,BR76,UAE,Abu Dhabi,CUST3805,PROD307,Tablet,Lenovo Tab P11,OnePlus,4,909.51,0.18,0.18,3520.17,Credit Card,In-Store,EMP817,2,1,Same Day,5,GBP
ORD110081,19-11-2023,BR20,Germany,Hamburg,CUST4995,PROD302,Tablet,Lenovo Tab P11,OnePlus,2,1589.28,0.02,0.18,3675.69,Net Banking,In-Store,EMP733,0,1,Standard,7,GBP
ORD110082,10-02-2023,BR18,UK,Manchester,CUST4897,PROD604,Mobile,Samsung Galaxy S23,LG,1,1994.03,0.15,0.18,2000.01,Cash,In-Store,EMP829,3,1,Standard,4,AED
ORD110083,18-10-2024,BR23,Germany,Munich,CUST7219,PROD837,Mobile,OnePlus 11,Dell,4,390.54,0.19,0.18,1493.11,Debit Card,In-Store,EMP332,2,0,Same Day,10,GBP
ORD110084,16-04-2023,BR99,India,Mumbai,CUST5101,PROD847,Accessories,Bluetooth Headphones,Sony,2,941.74,0.02,0.18,2178.06,Cash,Online,EMP448,2,1,Same Day,2,AED
ORD110085,22-09-2023,BR62,India,Pune,CUST9423,PROD806,Accessories,Keyboard,Lenovo,1,128.05,0.12,0.18,132.97,Debit Card,In-Store,EMP466,3,1,Express,5,AED
ORD110086,24-06-2023,BR29,India,Delhi,CUST6965,PROD764,TV,Sony Bravia 55,Apple,5,619.74,0,0.18,3656.47,UPI,In-Store,EMP805,2,0,Standard,3,AED
ORD110087,16-11-2024,BR17,UAE,Abu Dhabi,CUST9239,PROD909,TV,Samsung QLED 50,HP,4,1036.23,0.24,0.18,3717.16,UPI,Online,EMP879,3,1,Express,1,AED
ORD110088,04-12-2023,BR53,Germany,Munich,CUST1546,PROD853,Tablet,Samsung Galaxy Tab,HP,4,628.45,0.19,0.18,2402.69,Credit Card,Online,EMP750,1,0,Same Day,6,EUR
ORD110089,23-11-2024,BR64,UAE,Abu Dhabi,CUST9813,PROD687,Laptop,MacBook Air M2,Dell,1,1793.41,0.03,0.18,2052.74,Cash,In-Store,EMP797,0,1,Express,1,INR
ORD110090,17-03-2023,BR87,India,Pune,CUST7349,PROD334,TV,Sony Bravia 55,Dell,2,101.5,0.26,0.18,177.26,Cash,Online,EMP949,2,1,Express,5,AED
ORD110091,23-03-2024,BR88,UK,Birmingham,CUST1060,PROD176,Tablet,Samsung Galaxy Tab,LG,4,751.9,0.22,0.18,2768.2,UPI,Online,EMP378,2,1,Same Day,8,USD
ORD110092,08-04-2024,BR79,India,Bangalore,CUST4948,PROD514,Accessories,Bluetooth Headphones,OnePlus,2,815.62,0.21,0.18,1520.64,Credit Card,In-Store,EMP565,0,1,Express,7,AED
ORD110093,15-02-2023,BR34,USA,Los Angeles,CUST1364,PROD810,Laptop,HP Spectre x360,Apple,2,1820.62,0.16,0.18,3609.2,Cash,In-Store,EMP543,2,0,Same Day,5,AED
ORD110094,20-10-2023,BR111,UAE,Dubai,CUST2646,PROD344,Accessories,Keyboard,Apple,3,646.44,0.28,0.18,1647.65,UPI,In-Store,EMP620,3,1,Same Day,2,INR
ORD110095,28-11-2024,BR34,UK,Manchester,CUST2916,PROD553,Accessories,Bluetooth Headphones,LG,2,1764.39,0.11,0.18,3705.92,Credit Card,Online,EMP242,0,0,Express,2,USD
ORD110096,31-01-2024,BR37,India,Delhi,CUST4813,PROD389,Tablet,iPad Air,Apple,5,326.12,0.26,0.18,1423.84,Credit Card,In-Store,EMP266,1,1,Same Day,6,INR
ORD110097,17-09-2023,BR120,UK,Birmingham,CUST7001,PROD363,Laptop,Dell XPS 13,Sony,2,1999.58,0.24,0.18,3586.45,Net Banking,Online,EMP310,0,0,Standard,4,USD
ORD110098,18-01-2024,BR73,Germany,Berlin,CUST7281,PROD642,Accessories,Bluetooth Headphones,OnePlus,3,1109.82,0.1,0.18,3535.89,Credit Card,Online,EMP818,2,1,Express,3,INR
ORD110099,11-07-2024,BR80,UAE,Abu Dhabi,CUST3944,PROD743,Mobile,Samsung Galaxy S23,Dell,1,1558.98,0.25,0.18,1379.7,Net Banking,In-Store,EMP928,0,1,Standard,9,USD
ORD110100,28-11-2024,BR41,India,Bangalore,CUST8778,PROD898,Mobile,Samsung Galaxy S23,Apple,1,1907.47,0.17,0.18,1868.18,Credit Card,Online,EMP586,0,0,Express,3,USD
ORD110101,13-01-2024,BR38,Germany,Hamburg,CUST9960,PROD576,Tablet,Samsung Galaxy Tab,Samsung,3,437.9,0.16,0.18,1302.14,Debit Card,In-Store,EMP524,3,1,Standard,9,USD
ORD110102,25-09-2024,BR86,Germany,Hamburg,CUST8624,PROD865,Accessories,Bluetooth Headphones,LG,4,400.92,0.29,0.18,1343.56,Net Banking,Online,EMP926,2,1,Express,4,USD
ORD110103,05-02-2024,BR96,Germany,Berlin,CUST1507,PROD996,Laptop,Dell XPS 13,LG,1,77.25,0.05,0.18,86.6,UPI,In-Store,EMP741,2,1,Same Day,9,EUR
ORD110104,20-05-2024,BR113,UK,Birmingham,CUST3570,PROD209,Laptop,HP Spectre x360,Apple,3,825.53,0.11,0.18,2600.91,Debit Card,Online,EMP922,0,0,Express,9,INR
ORD110105,18-03-2023,BR76,Germany,Berlin,CUST8645,PROD562,Laptop,MacBook Air M2,Samsung,3,167.56,0.01,0.18,587.23,Debit Card,Online,EMP235,2,0,Same Day,5,INR
ORD110106,28-11-2023,BR78,USA,Chicago,CUST6334,PROD277,Mobile,iPhone 14,Sony,2,504.39,0.25,0.18,892.77,UPI,In-Store,EMP557,2,1,Same Day,1,GBP
ORD110107,17-07-2024,BR90,USA,Chicago,CUST3336,PROD214,Laptop,MacBook Air M2,Samsung,1,1249.51,0.04,0.18,1415.44,UPI,Online,EMP703,2,0,Standard,8,USD
ORD110108,06-02-2023,BR105,UAE,Abu Dhabi,CUST6111,PROD935,Laptop,HP Spectre x360,Apple,2,1750,0.1,0.18,3717,UPI,In-Store,EMP983,3,0,Same Day,8,GBP
ORD110109,27-12-2024,BR65,India,Bangalore,CUST2993,PROD906,Tablet,Lenovo Tab P11,Sony,1,1613.53,0,0.18,1903.97,Debit Card,In-Store,EMP340,2,0,Standard,5,AED
ORD110110,27-01-2023,BR112,Germany,Munich,CUST1256,PROD467,Accessories,Keyboard,Lenovo,1,519.64,0.06,0.18,576.38,Net Banking,Online,EMP592,3,1,Express,8,EUR
ORD110111,01-04-2024,BR63,Germany,Berlin,CUST3703,PROD485,Accessories,Keyboard,Apple,2,1662.01,0.21,0.18,3098.65,Net Banking,Online,EMP341,3,1,Same Day,3,GBP
ORD110112,03-02-2024,BR26,UK,Birmingham,CUST9717,PROD454,Laptop,Dell XPS 13,Apple,2,321.13,0.08,0.18,697.24,UPI,In-Store,EMP553,3,0,Express,3,EUR
ORD110113,31-05-2023,BR59,USA,Chicago,CUST8349,PROD979,Mobile,OnePlus 11,OnePlus,4,389.56,0.16,0.18,1544.53,Credit Card,In-Store,EMP739,2,0,Same Day,5,EUR
ORD110114,23-07-2024,BR39,UK,Manchester,CUST1827,PROD791,Laptop,MacBook Air M2,Lenovo,4,286.04,0.14,0.18,1161.09,Debit Card,Online,EMP622,0,0,Same Day,5,USD
ORD110115,14-09-2023,BR14,USA,Chicago,CUST2313,PROD912,Accessories,Wireless Mouse,Sony,5,662.66,0.07,0.18,3636.02,UPI,In-Store,EMP335,1,1,Standard,6,USD
ORD110116,29-12-2024,BR47,Germany,Hamburg,CUST9867,PROD454,Laptop,HP Spectre x360,Sony,2,1680.24,0.14,0.18,3410.22,Net Banking,In-Store,EMP823,1,0,Same Day,7,GBP
ORD110117,05-03-2023,BR58,UAE,Dubai,CUST4352,PROD803,TV,Samsung QLED 50,Dell,5,1593.35,0.07,0.18,8742.71,Net Banking,Online,EMP714,2,0,Express,1,EUR
ORD110118,09-05-2023,BR86,India,Bangalore,CUST6944,PROD651,Laptop,HP Spectre x360,Apple,4,1601.55,0.25,0.18,5669.49,UPI,In-Store,EMP673,0,0,Same Day,6,INR
ORD110119,02-07-2023,BR89,USA,Los Angeles,CUST1067,PROD729,Tablet,Lenovo Tab P11,HP,3,922.09,0.21,0.18,2578.72,Credit Card,In-Store,EMP875,0,0,Same Day,6,GBP
ORD110120,29-06-2023,BR59,UK,Manchester,CUST4264,PROD670,Tablet,Lenovo Tab P11,Samsung,2,1270.48,0.01,0.18,2968.35,Debit Card,In-Store,EMP772,3,1,Express,9,USD
ORD110121,21-03-2023,BR105,India,Bangalore,CUST8930,PROD680,Laptop,Dell XPS 13,Apple,5,1133.29,0.15,0.18,5683.45,Cash,Online,EMP406,3,1,Standard,7,USD
ORD110122,08-08-2024,BR119,Germany,Munich,CUST8541,PROD775,Tablet,Samsung Galaxy Tab,LG,2,1244.32,0.17,0.18,2437.37,Debit Card,In-Store,EMP908,3,0,Express,7,INR
ORD110123,31-03-2024,BR89,USA,Los Angeles,CUST7188,PROD732,TV,Sony Bravia 55,Lenovo,5,1987.05,0.26,0.18,8675.46,Debit Card,In-Store,EMP974,0,1,Same Day,6,INR
ORD110124,12-10-2024,BR17,Germany,Munich,CUST1907,PROD626,Tablet,Samsung Galaxy Tab,OnePlus,2,1049.18,0.09,0.18,2253.22,Debit Card,In-Store,EMP856,2,1,Same Day,10,AED
ORD110125,21-11-2024,BR27,India,Delhi,CUST1814,PROD115,Tablet,Samsung Galaxy Tab,Sony,4,685.94,0.3,0.18,2266.35,Cash,Online,EMP580,1,1,Same Day,8,USD
ORD110126,20-06-2024,BR112,India,Bangalore,CUST2738,PROD847,TV,LG OLED 48,LG,5,590.45,0.09,0.18,3170.13,Debit Card,Online,EMP239,3,0,Express,9,AED
ORD110127,20-04-2024,BR54,UAE,Dubai,CUST6802,PROD817,Mobile,Samsung Galaxy S23,Samsung,5,166.92,0.27,0.18,718.92,Debit Card,In-Store,EMP548,0,0,Express,6,USD
ORD110128,08-01-2023,BR64,India,Bangalore,CUST9427,PROD300,Tablet,Samsung Galaxy Tab,OnePlus,5,1831.06,0.17,0.18,8966.7,UPI,In-Store,EMP774,1,1,Express,6,USD
ORD110129,02-11-2024,BR4,Germany,Munich,CUST8623,PROD407,TV,Sony Bravia 55,LG,4,1024.06,0.04,0.18,4640.22,UPI,In-Store,EMP640,1,1,Express,4,GBP
ORD110130,10-10-2024,BR23,USA,Dallas,CUST7545,PROD760,Mobile,OnePlus 11,Samsung,1,1299.85,0.27,0.18,1119.69,Net Banking,In-Store,EMP461,3,1,Same Day,4,AED
ORD110131,18-12-2023,BR34,India,Delhi,CUST4645,PROD728,Laptop,MacBook Air M2,OnePlus,4,1180.21,0.17,0.18,4623.59,UPI,Online,EMP601,2,1,Express,1,USD
ORD110132,02-11-2023,BR111,UAE,Abu Dhabi,CUST8313,PROD275,Tablet,Lenovo Tab P11,Lenovo,5,972.54,0.23,0.18,4418.25,Credit Card,In-Store,EMP423,2,0,Standard,5,INR
ORD110133,11-12-2023,BR39,UAE,Dubai,CUST9035,PROD116,Accessories,Wireless Mouse,OnePlus,3,896.29,0.17,0.18,2633.48,Net Banking,In-Store,EMP377,0,0,Same Day,5,EUR
ORD110134,23-10-2024,BR20,UK,Manchester,CUST2694,PROD948,Accessories,Bluetooth Headphones,HP,5,238.51,0.14,0.18,1210.2,Cash,In-Store,EMP633,1,1,Standard,5,EUR
ORD110135,02-10-2023,BR41,UK,Manchester,CUST7570,PROD574,TV,Sony Bravia 55,Dell,5,1123.7,0.28,0.18,4773.48,Debit Card,In-Store,EMP573,1,1,Express,1,GBP
ORD110136,09-05-2024,BR113,Germany,Berlin,CUST6022,PROD497,Mobile,OnePlus 11,Sony,4,316.02,0.15,0.18,1267.87,Cash,Online,EMP458,2,0,Express,1,EUR
ORD110137,10-06-2024,BR105,USA,Los Angeles,CUST3135,PROD402,Tablet,iPad Air,Samsung,5,944.8,0.19,0.18,4515.2,UPI,In-Store,EMP360,1,0,Express,7,AED
ORD110138,20-01-2023,BR93,UK,Birmingham,CUST3029,PROD334,Tablet,Samsung Galaxy Tab,Samsung,2,658.13,0.22,0.18,1211.49,UPI,Online,EMP787,3,0,Express,9,GBP
ORD110139,20-11-2024,BR44,USA,Chicago,CUST1904,PROD577,TV,Samsung QLED 50,Lenovo,3,533.4,0.1,0.18,1699.41,UPI,In-Store,EMP889,1,1,Express,4,INR
ORD110140,27-02-2024,BR104,UK,Manchester,CUST7137,PROD926,Mobile,OnePlus 11,LG,4,1973.6,0.09,0.18,8477.01,Net Banking,Online,EMP721,0,0,Same Day,8,GBP
ORD110141,18-02-2024,BR78,USA,Los Angeles,CUST8029,PROD770,TV,LG OLED 48,Dell,5,325.17,0.09,0.18,1745.84,Cash,In-Store,EMP464,2,1,Standard,1,AED
ORD110142,14-10-2023,BR53,UAE,Dubai,CUST9204,PROD824,Accessories,Wireless Mouse,Apple,1,1520.74,0,0.18,1794.47,Net Banking,In-Store,EMP450,1,1,Express,10,EUR
ORD110143,26-12-2023,BR110,USA,Los Angeles,CUST8676,PROD319,TV,Samsung QLED 50,Dell,2,606.41,0.06,0.18,1345.26,Credit Card,In-Store,EMP677,1,1,Same Day,3,AED
ORD110144,06-10-2023,BR17,USA,Los Angeles,CUST1450,PROD647,TV,Sony Bravia 55,Dell,3,1885.9,0.09,0.18,6075.24,Credit Card,Online,EMP830,0,1,Same Day,6,INR
ORD110145,08-12-2024,BR71,UAE,Abu Dhabi,CUST9631,PROD293,Tablet,iPad Air,HP,2,963.67,0.1,0.18,2046.84,Debit Card,Online,EMP477,1,0,Same Day,10,AED
ORD110146,07-03-2024,BR6,USA,Dallas,CUST1795,PROD459,Mobile,iPhone 14,LG,1,125.71,0.01,0.18,146.85,UPI,In-Store,EMP613,3,1,Standard,7,EUR
ORD110147,24-05-2024,BR91,UAE,Dubai,CUST5277,PROD259,Accessories,Keyboard,Sony,1,1358.33,0.1,0.18,1442.55,UPI,In-Store,EMP854,1,0,Same Day,1,EUR
ORD110148,17-03-2023,BR52,UK,Manchester,CUST3842,PROD941,TV,Sony Bravia 55,Sony,4,1417.91,0.08,0.18,6157.13,Credit Card,Online,EMP759,2,1,Same Day,7,GBP
ORD110149,23-02-2024,BR51,India,Pune,CUST5303,PROD222,Tablet,iPad Air,Apple,4,1610.05,0.08,0.18,6991.48,UPI,In-Store,EMP287,1,0,Same Day,5,INR
ORD110150,01-09-2023,BR102,India,Mumbai,CUST3147,PROD758,Accessories,Keyboard,Apple,1,315.9,0.23,0.18,287.03,UPI,In-Store,EMP575,1,0,Express,2,AED
ORD110151,07-01-2024,BR103,India,Mumbai,CUST4663,PROD446,Accessories,Keyboard,OnePlus,2,1866.4,0.01,0.18,4360.66,Debit Card,In-Store,EMP806,0,0,Same Day,9,AED
ORD110152,23-09-2024,BR3,UAE,Abu Dhabi,CUST1470,PROD598,Accessories,Wireless Mouse,HP,3,1516.32,0.01,0.18,5314.1,Net Banking,In-Store,EMP663,3,1,Same Day,3,AED
ORD110153,10-02-2023,BR106,India,Bangalore,CUST2283,PROD683,TV,Samsung QLED 50,Dell,2,1021.75,0.09,0.18,2194.31,Credit Card,In-Store,EMP289,1,0,Express,3,INR
ORD110154,24-07-2024,BR24,Germany,Berlin,CUST7931,PROD270,Tablet,iPad Air,OnePlus,2,354.41,0.05,0.18,794.59,Credit Card,Online,EMP794,2,0,Standard,1,USD
ORD110155,31-01-2023,BR60,UK,Birmingham,CUST9370,PROD511,TV,Sony Bravia 55,Apple,4,1024.15,0.24,0.18,3673.83,Debit Card,In-Store,EMP362,0,1,Standard,1,USD
ORD110156,01-05-2024,BR77,UK,Birmingham,CUST5194,PROD794,TV,Sony Bravia 55,Lenovo,5,195.37,0.18,0.18,945.2,Cash,Online,EMP268,2,0,Same Day,4,GBP
ORD110157,25-05-2023,BR54,UAE,Dubai,CUST4287,PROD384,Laptop,HP Spectre x360,Sony,5,436.02,0.05,0.18,2443.89,Net Banking,Online,EMP403,0,1,Express,7,AED
ORD110158,29-11-2023,BR52,UAE,Abu Dhabi,CUST2032,PROD958,TV,LG OLED 48,Sony,5,1099.81,0.24,0.18,4931.55,Cash,In-Store,EMP724,0,0,Standard,3,EUR
ORD110159,17-08-2024,BR98,India,Pune,CUST8430,PROD513,Accessories,Wireless Mouse,OnePlus,1,1205.71,0.15,0.18,1209.33,UPI,Online,EMP542,0,1,Express,6,INR
ORD110160,11-08-2024,BR115,Germany,Hamburg,CUST4300,PROD404,Tablet,iPad Air,Lenovo,5,1149.87,0.19,0.18,5495.23,UPI,In-Store,EMP283,0,1,Same Day,2,EUR
ORD110161,20-10-2023,BR18,UK,London,CUST2131,PROD647,TV,Sony Bravia 55,OnePlus,3,921.14,0.06,0.18,3065.19,Cash,In-Store,EMP479,1,0,Standard,4,INR
ORD110162,25-11-2023,BR43,UK,Manchester,CUST5865,PROD202,TV,Sony Bravia 55,Dell,3,511.31,0.26,0.18,1339.43,Cash,In-Store,EMP247,0,0,Same Day,3,EUR
ORD110163,30-06-2023,BR71,USA,Chicago,CUST6500,PROD999,Tablet,iPad Air,OnePlus,3,364.72,0.18,0.18,1058.71,UPI,Online,EMP895,2,1,Express,1,AED
ORD110164,24-02-2023,BR104,UAE,Dubai,CUST2926,PROD982,Mobile,OnePlus 11,Apple,5,804.83,0.15,0.18,4036.22,Cash,In-Store,EMP543,1,1,Express,5,USD
ORD110165,18-05-2024,BR88,India,Pune,CUST3185,PROD676,Tablet,Lenovo Tab P11,Lenovo,3,429.55,0.12,0.18,1338.13,Net Banking,Online,EMP947,0,1,Same Day,2,GBP
ORD110166,10-10-2023,BR83,UAE,Abu Dhabi,CUST6109,PROD166,Accessories,Keyboard,Apple,3,673.08,0.25,0.18,1787.03,Cash,Online,EMP850,0,1,Standard,1,EUR
ORD110167,06-02-2024,BR8,USA,Dallas,CUST6489,PROD472,Accessories,Keyboard,HP,2,1655.05,0.18,0.18,3202.85,Cash,Online,EMP221,3,1,Same Day,1,AED
ORD110168,30-09-2023,BR106,USA,Chicago,CUST6210,PROD156,Tablet,Lenovo Tab P11,Apple,2,1909.32,0.3,0.18,3154.2,Credit Card,In-Store,EMP600,3,0,Standard,4,AED
ORD110169,21-03-2024,BR14,UK,Birmingham,CUST6819,PROD381,TV,Sony Bravia 55,Dell,3,253.76,0.13,0.18,781.53,Debit Card,Online,EMP268,3,1,Express,5,EUR
ORD110170,02-05-2023,BR86,India,Pune,CUST1185,PROD519,Tablet,Samsung Galaxy Tab,Lenovo,4,445.04,0.22,0.18,1638.46,Credit Card,In-Store,EMP826,3,1,Same Day,9,EUR
ORD110171,02-11-2023,BR13,Germany,Berlin,CUST5382,PROD239,Laptop,Dell XPS 13,Apple,4,1372.71,0.26,0.18,4794.6,UPI,Online,EMP547,0,0,Standard,1,INR
ORD110172,12-11-2024,BR5,UAE,Abu Dhabi,CUST6339,PROD536,TV,LG OLED 48,HP,3,234.55,0.26,0.18,614.43,Net Banking,Online,EMP500,2,0,Standard,7,EUR
ORD110173,19-05-2023,BR55,UK,Birmingham,CUST8377,PROD963,Laptop,MacBook Air M2,Lenovo,4,1186.46,0.18,0.18,4592.07,Debit Card,In-Store,EMP747,2,1,Same Day,7,EUR
ORD110174,18-03-2023,BR99,India,Pune,CUST6448,PROD480,TV,Samsung QLED 50,HP,3,715.16,0.16,0.18,2126.6,UPI,In-Store,EMP588,2,1,Same Day,2,USD
ORD110175,13-11-2023,BR65,UK,Manchester,CUST8631,PROD640,Tablet,Samsung Galaxy Tab,LG,2,1980.29,0.03,0.18,4533.28,Cash,Online,EMP985,1,1,Express,10,EUR
ORD110176,26-05-2024,BR92,USA,New York,CUST6264,PROD719,Mobile,Samsung Galaxy S23,LG,1,1044.22,0.24,0.18,936.46,Credit Card,In-Store,EMP836,2,0,Express,8,GBP
ORD110177,20-11-2023,BR14,USA,Dallas,CUST8231,PROD106,TV,Sony Bravia 55,Lenovo,1,910.4,0.07,0.18,999.07,Debit Card,Online,EMP875,1,0,Same Day,5,GBP
ORD110178,15-01-2023,BR44,USA,Dallas,CUST8953,PROD814,TV,Sony Bravia 55,Dell,2,1828.45,0.01,0.18,4271.99,Debit Card,In-Store,EMP931,0,0,Same Day,4,GBP
ORD110179,09-09-2023,BR22,USA,Los Angeles,CUST8714,PROD775,TV,LG OLED 48,OnePlus,5,687.28,0.14,0.18,3487.26,Credit Card,Online,EMP460,1,1,Express,9,INR
ORD110180,01-08-2024,BR16,USA,Los Angeles,CUST4383,PROD272,Mobile,Samsung Galaxy S23,OnePlus,5,60.5,0.22,0.18,278.42,Net Banking,Online,EMP666,1,1,Standard,2,USD
ORD110181,27-09-2024,BR22,UK,London,CUST1575,PROD681,Tablet,Lenovo Tab P11,Lenovo,1,759.58,0.15,0.18,761.86,Credit Card,In-Store,EMP711,1,0,Express,8,EUR
ORD110182,11-02-2024,BR21,India,Pune,CUST2522,PROD547,Mobile,OnePlus 11,Samsung,4,1696.98,0.24,0.18,6087.41,Net Banking,In-Store,EMP635,1,0,Same Day,8,USD
ORD110183,19-06-2023,BR37,UK,Birmingham,CUST1218,PROD685,TV,Samsung QLED 50,Lenovo,2,1732.16,0.13,0.18,3556.47,Net Banking,Online,EMP326,1,1,Express,8,GBP
ORD110184,02-08-2023,BR10,UK,Manchester,CUST9501,PROD905,Mobile,OnePlus 11,Apple,3,523.98,0.28,0.18,1335.52,Net Banking,In-Store,EMP521,2,0,Standard,2,INR
ORD110185,19-10-2024,BR96,USA,Chicago,CUST1801,PROD275,Accessories,Wireless Mouse,HP,5,1254.56,0.3,0.18,5181.33,Net Banking,Online,EMP854,2,0,Same Day,10,USD
ORD110186,07-12-2024,BR11,UK,Birmingham,CUST6426,PROD134,Mobile,Samsung Galaxy S23,Apple,4,775.5,0.28,0.18,2635.46,Cash,In-Store,EMP261,2,1,Same Day,1,INR
ORD110187,28-09-2024,BR72,USA,New York,CUST8233,PROD182,Accessories,Wireless Mouse,Sony,5,563.13,0.3,0.18,2325.73,Net Banking,In-Store,EMP778,3,0,Standard,9,EUR
ORD110188,02-02-2023,BR93,UK,Manchester,CUST7086,PROD264,Mobile,OnePlus 11,Apple,4,68.41,0.02,0.18,316.44,Net Banking,In-Store,EMP718,1,0,Express,8,AED
ORD110189,03-02-2023,BR117,UAE,Dubai,CUST1741,PROD815,Accessories,Wireless Mouse,Apple,4,1270.8,0.03,0.18,5818.23,UPI,In-Store,EMP907,1,0,Standard,4,AED
ORD110190,05-10-2024,BR78,India,Bangalore,CUST3898,PROD285,TV,Sony Bravia 55,Lenovo,3,770.48,0.29,0.18,1936.52,Credit Card,In-Store,EMP417,0,0,Standard,4,GBP
ORD110191,03-04-2023,BR115,India,Bangalore,CUST9596,PROD630,Mobile,iPhone 14,Lenovo,2,924.35,0.15,0.18,1854.25,Debit Card,In-Store,EMP364,0,1,Same Day,2,AED
ORD110192,07-12-2024,BR21,UAE,Dubai,CUST4078,PROD947,Tablet,iPad Air,Apple,1,1198.86,0.25,0.18,1060.99,Cash,Online,EMP881,1,1,Same Day,8,USD
ORD110193,01-11-2024,BR93,India,Mumbai,CUST4665,PROD173,TV,Sony Bravia 55,Dell,2,667,0.16,0.18,1322.26,Net Banking,In-Store,EMP633,0,0,Standard,7,USD
ORD110194,14-10-2023,BR64,Germany,Munich,CUST4269,PROD382,Laptop,Dell XPS 13,Apple,1,1179.78,0.16,0.18,1169.4,Net Banking,In-Store,EMP583,2,1,Express,8,AED
ORD110195,20-12-2024,BR108,UAE,Abu Dhabi,CUST8280,PROD472,Laptop,MacBook Air M2,OnePlus,4,81.83,0.25,0.18,289.68,Debit Card,Online,EMP645,0,0,Express,7,USD
ORD110196,12-07-2024,BR37,UK,London,CUST3421,PROD617,Tablet,Lenovo Tab P11,HP,5,966.51,0.02,0.18,5588.36,UPI,In-Store,EMP818,0,1,Express,10,INR
ORD110197,14-12-2023,BR92,USA,Los Angeles,CUST6753,PROD834,Accessories,Keyboard,OnePlus,3,1720.32,0.26,0.18,4506.55,Net Banking,Online,EMP341,1,0,Standard,2,INR
ORD110198,01-01-2023,BR6,Germany,Munich,CUST3780,PROD525,Tablet,Lenovo Tab P11,Apple,2,868.29,0.01,0.18,2028.67,Debit Card,In-Store,EMP406,3,1,Express,6,GBP
ORD110199,13-09-2024,BR22,UK,Birmingham,CUST2649,PROD657,Tablet,Lenovo Tab P11,LG,1,1449.72,0.21,0.18,1351.43,Net Banking,In-Store,EMP983,1,0,Same Day,5,USD
ORD110200,24-07-2023,BR5,India,Delhi,CUST6699,PROD156,Mobile,iPhone 14,Sony,3,1590.29,0.11,0.18,5010.37,UPI,Online,EMP673,3,0,Same Day,5,USD
ORD110201,25-10-2024,BR11,UAE,Abu Dhabi,CUST1276,PROD164,Accessories,Keyboard,Samsung,2,701.23,0.11,0.18,1472.86,Credit Card,In-Store,EMP650,1,1,Express,4,AED
ORD110202,03-02-2024,BR6,Germany,Munich,CUST4174,PROD300,Accessories,Keyboard,Lenovo,5,327.22,0.26,0.18,1428.64,Credit Card,In-Store,EMP700,1,1,Same Day,3,AED
ORD110203,01-04-2023,BR71,UAE,Dubai,CUST4443,PROD593,Accessories,Keyboard,Dell,2,1026.25,0.09,0.18,2203.97,Cash,Online,EMP793,0,1,Express,2,USD
ORD110204,06-09-2024,BR58,UK,Birmingham,CUST3144,PROD681,Mobile,iPhone 14,HP,5,775.59,0.22,0.18,3569.27,Cash,In-Store,EMP270,3,0,Express,5,EUR
ORD110205,20-10-2024,BR120,Germany,Hamburg,CUST7884,PROD978,Tablet,Samsung Galaxy Tab,Apple,3,1545.04,0.24,0.18,4156.78,Net Banking,Online,EMP586,0,0,Standard,6,EUR
ORD110206,13-01-2023,BR9,Germany,Hamburg,CUST2562,PROD216,Tablet,iPad Air,Apple,1,897.43,0.27,0.18,773.05,Cash,In-Store,EMP360,3,1,Same Day,4,AED
ORD110207,27-11-2023,BR7,India,Delhi,CUST1158,PROD133,TV,LG OLED 48,HP,4,1828.65,0.28,0.18,6214.48,UPI,In-Store,EMP661,0,0,Standard,1,EUR
ORD110208,30-05-2023,BR73,India,Mumbai,CUST5302,PROD899,TV,LG OLED 48,Sony,2,478.39,0.1,0.18,1016.1,Net Banking,Online,EMP613,1,0,Same Day,9,USD
ORD110209,02-03-2024,BR60,UK,Birmingham,CUST1373,PROD760,Mobile,OnePlus 11,Lenovo,1,302.3,0.15,0.18,303.21,UPI,In-Store,EMP305,3,0,Same Day,7,EUR
ORD110210,09-06-2023,BR52,Germany,Berlin,CUST2159,PROD909,TV,LG OLED 48,HP,1,1471.07,0.28,0.18,1249.82,Cash,In-Store,EMP665,2,1,Standard,5,EUR
ORD110211,06-08-2024,BR19,UAE,Abu Dhabi,CUST1748,PROD200,TV,LG OLED 48,HP,2,1507.45,0.19,0.18,2881.64,Cash,Online,EMP885,2,1,Standard,2,EUR
ORD110212,25-08-2024,BR14,UAE,Dubai,CUST6251,PROD189,Mobile,Samsung Galaxy S23,Samsung,4,1831.05,0.14,0.18,7432.6,Credit Card,Online,EMP503,3,1,Express,2,USD
ORD110213,10-07-2023,BR66,Germany,Hamburg,CUST1215,PROD595,Laptop,Dell XPS 13,HP,3,1012.05,0.13,0.18,3116.91,Net Banking,Online,EMP976,2,1,Express,9,GBP
ORD110214,29-10-2023,BR13,India,Bangalore,CUST9929,PROD169,Mobile,OnePlus 11,OnePlus,3,737.89,0.17,0.18,2168.07,UPI,Online,EMP811,1,1,Same Day,8,GBP
ORD110215,27-09-2024,BR71,USA,Chicago,CUST2337,PROD360,Laptop,MacBook Air M2,OnePlus,1,540.81,0.01,0.18,631.77,UPI,In-Store,EMP252,2,0,Standard,4,INR
ORD110216,21-04-2024,BR99,India,Mumbai,CUST1697,PROD614,Laptop,HP Spectre x360,OnePlus,5,1258.77,0.07,0.18,6906.87,Cash,Online,EMP379,3,0,Same Day,6,USD
ORD110217,10-12-2024,BR74,India,Pune,CUST3572,PROD370,Accessories,Bluetooth Headphones,Lenovo,2,114.96,0.21,0.18,214.33,Debit Card,Online,EMP444,0,1,Same Day,1,GBP
ORD110218,19-06-2024,BR29,India,Mumbai,CUST9618,PROD571,Accessories,Wireless Mouse,Samsung,1,1943.02,0.27,0.18,1673.72,UPI,Online,EMP823,2,1,Standard,8,GBP
ORD110219,31-05-2024,BR38,UAE,Abu Dhabi,CUST5801,PROD930,Mobile,iPhone 14,Sony,4,325,0,0.18,1534,Credit Card,In-Store,EMP377,2,0,Standard,7,INR
ORD110220,25-02-2023,BR4,Germany,Hamburg,CUST3237,PROD319,Accessories,Keyboard,Sony,3,127.83,0.16,0.18,380.12,UPI,Online,EMP484,1,1,Express,4,GBP
ORD110221,09-07-2024,BR41,UK,Birmingham,CUST8346,PROD441,Accessories,Keyboard,Sony,4,1685.46,0.07,0.18,7398.5,Cash,In-Store,EMP326,3,1,Standard,4,INR
ORD110222,21-12-2023,BR70,UAE,Abu Dhabi,CUST7204,PROD588,Accessories,Wireless Mouse,HP,3,1775.37,0.21,0.18,4965,Credit Card,In-Store,EMP663,2,1,Standard,2,EUR
ORD110223,15-07-2024,BR22,India,Pune,CUST1166,PROD250,Mobile,Samsung Galaxy S23,HP,1,1364.05,0.04,0.18,1545.2,Cash,Online,EMP265,3,1,Same Day,7,INR
ORD110224,23-04-2024,BR25,India,Delhi,CUST4666,PROD511,Accessories,Wireless Mouse,HP,5,1272.86,0.06,0.18,7059.28,Debit Card,Online,EMP500,2,1,Express,7,INR
ORD110225,31-08-2023,BR39,UK,Manchester,CUST4978,PROD978,TV,Sony Bravia 55,Apple,1,1595.52,0.15,0.18,1600.31,Cash,In-Store,EMP894,0,1,Same Day,8,USD
ORD110226,30-09-2024,BR68,India,Delhi,CUST7737,PROD920,Accessories,Wireless Mouse,Sony,1,428.45,0.27,0.18,369.07,Debit Card,Online,EMP520,2,0,Standard,5,AED
ORD110227,09-03-2023,BR84,Germany,Munich,CUST4144,PROD665,Laptop,MacBook Air M2,Lenovo,5,475.34,0.05,0.18,2664.28,Net Banking,Online,EMP747,3,0,Standard,1,EUR
ORD110228,04-07-2024,BR2,UK,Birmingham,CUST4588,PROD226,Laptop,MacBook Air M2,HP,2,266.47,0.18,0.18,515.67,Net Banking,In-Store,EMP698,1,1,Express,3,EUR
ORD110229,04-03-2024,BR64,USA,Los Angeles,CUST9939,PROD385,Laptop,HP Spectre x360,Sony,4,909.75,0.16,0.18,3606.98,Credit Card,Online,EMP868,1,1,Standard,8,AED
ORD110230,13-03-2024,BR59,India,Delhi,CUST5913,PROD788,Tablet,Lenovo Tab P11,Dell,3,417.31,0.19,0.18,1196.59,Cash,In-Store,EMP939,3,1,Standard,7,AED
ORD110231,13-05-2024,BR89,USA,Chicago,CUST9641,PROD310,TV,Samsung QLED 50,OnePlus,2,848.38,0.07,0.18,1862.02,Credit Card,Online,EMP848,3,1,Same Day,10,INR
ORD110232,09-03-2024,BR38,India,Delhi,CUST1081,PROD528,Tablet,iPad Air,Apple,1,1147.41,0.06,0.18,1272.71,UPI,In-Store,EMP854,3,0,Standard,2,INR
ORD110233,13-01-2024,BR65,Germany,Hamburg,CUST4981,PROD230,Tablet,Samsung Galaxy Tab,HP,5,1481.68,0.14,0.18,7518.04,Debit Card,In-Store,EMP409,1,0,Same Day,1,EUR
ORD110234,04-06-2024,BR86,UAE,Dubai,CUST1872,PROD615,TV,Sony Bravia 55,Lenovo,2,910.42,0.13,0.18,1869.27,Credit Card,Online,EMP563,1,0,Same Day,5,INR
ORD110235,16-08-2024,BR120,India,Mumbai,CUST8772,PROD822,Mobile,OnePlus 11,HP,5,169.95,0.21,0.18,792.14,Credit Card,In-Store,EMP324,1,1,Express,6,INR
ORD110236,25-09-2023,BR17,USA,Los Angeles,CUST6039,PROD118,Mobile,Samsung Galaxy S23,Samsung,4,596.12,0.21,0.18,2222.81,Credit Card,In-Store,EMP318,2,1,Express,8,AED
ORD110237,01-04-2024,BR57,UK,Birmingham,CUST9088,PROD789,Accessories,Bluetooth Headphones,Dell,4,658.59,0.26,0.18,2300.32,UPI,In-Store,EMP986,1,1,Standard,8,INR
ORD110238,27-09-2024,BR80,UK,Manchester,CUST2626,PROD427,Accessories,Keyboard,Samsung,2,567.42,0.06,0.18,1258.76,Credit Card,In-Store,EMP206,3,1,Standard,10,EUR
ORD110239,18-12-2023,BR25,Germany,Hamburg,CUST4383,PROD959,TV,Samsung QLED 50,Dell,3,1682.31,0.26,0.18,4406.98,UPI,Online,EMP547,2,0,Express,9,AED
ORD110240,15-09-2023,BR109,UAE,Dubai,CUST2658,PROD949,Laptop,MacBook Air M2,Dell,2,685.92,0.02,0.18,1586.4,Debit Card,In-Store,EMP859,0,0,Same Day,5,AED
ORD110241,20-09-2024,BR94,UAE,Dubai,CUST5452,PROD709,Tablet,Samsung Galaxy Tab,Sony,5,693.82,0.18,0.18,3356.7,Cash,In-Store,EMP864,2,0,Standard,9,AED
ORD110242,07-06-2024,BR61,India,Pune,CUST2258,PROD919,Tablet,Samsung Galaxy Tab,Sony,5,1324.88,0.06,0.18,7347.78,UPI,Online,EMP633,1,0,Express,5,EUR
ORD110243,31-05-2024,BR31,Germany,Munich,CUST6156,PROD571,Mobile,Samsung Galaxy S23,Apple,4,594.46,0.24,0.18,2132.45,Debit Card,In-Store,EMP851,0,1,Standard,9,INR
ORD110244,18-03-2023,BR96,UAE,Abu Dhabi,CUST1863,PROD666,Laptop,Dell XPS 13,LG,1,1649.56,0.24,0.18,1479.33,Cash,Online,EMP992,3,0,Same Day,9,EUR
ORD110245,23-07-2023,BR113,Germany,Hamburg,CUST4070,PROD981,Tablet,Lenovo Tab P11,Apple,3,589.67,0.25,0.18,1565.57,Net Banking,In-Store,EMP982,3,1,Express,6,INR
ORD110246,19-06-2023,BR19,USA,Chicago,CUST4094,PROD102,Accessories,Wireless Mouse,LG,1,1841.27,0.28,0.18,1564.34,Debit Card,In-Store,EMP324,1,1,Standard,8,AED
ORD110247,25-05-2023,BR13,India,Delhi,CUST1249,PROD162,TV,Sony Bravia 55,HP,4,1494.29,0.24,0.18,5360.32,Credit Card,Online,EMP951,2,1,Express,6,GBP
ORD110248,31-07-2024,BR89,UK,Manchester,CUST9908,PROD952,Laptop,Dell XPS 13,HP,3,1527.33,0.01,0.18,5352.68,Net Banking,Online,EMP223,1,1,Standard,8,USD
ORD110249,16-04-2024,BR111,Germany,Munich,CUST1966,PROD150,Accessories,Keyboard,Dell,4,372.59,0.21,0.18,1389.31,Debit Card,Online,EMP307,3,0,Same Day,7,EUR
ORD110250,23-08-2023,BR119,India,Pune,CUST2318,PROD920,Laptop,Dell XPS 13,Apple,4,1804.64,0.14,0.18,7325.39,UPI,In-Store,EMP833,3,1,Standard,5,INR
ORD110251,15-11-2024,BR63,USA,Dallas,CUST4476,PROD333,Laptop,Dell XPS 13,HP,1,989.05,0.05,0.18,1108.73,Cash,Online,EMP224,1,1,Standard,1,GBP
ORD110252,15-06-2024,BR58,UK,Manchester,CUST1192,PROD692,Tablet,Lenovo Tab P11,Apple,5,555.52,0.04,0.18,3146.47,Cash,Online,EMP742,1,0,Express,2,INR
ORD110253,22-04-2024,BR75,USA,Los Angeles,CUST5302,PROD906,Laptop,Dell XPS 13,LG,5,391.51,0.06,0.18,2171.31,Credit Card,Online,EMP661,0,0,Standard,3,AED
ORD110254,31-01-2023,BR112,USA,New York,CUST8434,PROD538,Accessories,Keyboard,Dell,1,1284.1,0.16,0.18,1272.8,Debit Card,Online,EMP298,2,0,Express,7,GBP
ORD110255,24-06-2024,BR80,UAE,Abu Dhabi,CUST7899,PROD602,Accessories,Keyboard,OnePlus,3,1409.71,0.15,0.18,4241.82,Cash,Online,EMP311,1,0,Same Day,8,GBP
ORD110256,09-01-2023,BR97,India,Pune,CUST1827,PROD338,TV,Samsung QLED 50,LG,4,1956.69,0.03,0.18,8958.51,Debit Card,In-Store,EMP306,0,1,Standard,2,GBP
ORD110257,22-02-2024,BR92,UAE,Dubai,CUST8176,PROD779,Tablet,Samsung Galaxy Tab,LG,3,1499.57,0.25,0.18,3981.36,Debit Card,Online,EMP877,2,1,Standard,6,EUR
ORD110258,06-11-2024,BR59,UAE,Abu Dhabi,CUST9575,PROD348,TV,Sony Bravia 55,Apple,5,1436.77,0.19,0.18,6866.32,Credit Card,Online,EMP868,1,0,Express,9,EUR
ORD110259,03-02-2024,BR12,UAE,Abu Dhabi,CUST9725,PROD730,TV,Samsung QLED 50,Samsung,3,87.53,0.04,0.18,297.46,UPI,In-Store,EMP287,2,0,Express,5,EUR
ORD110260,09-06-2024,BR104,Germany,Berlin,CUST7720,PROD850,Tablet,Lenovo Tab P11,Apple,2,1912.69,0.24,0.18,3430.6,Cash,Online,EMP426,3,0,Express,3,GBP
ORD110261,03-02-2023,BR108,USA,Chicago,CUST4674,PROD579,Laptop,HP Spectre x360,Samsung,5,382.37,0.16,0.18,1895.03,Cash,Online,EMP551,2,0,Same Day,7,GBP
ORD110262,04-09-2024,BR92,UAE,Abu Dhabi,CUST3064,PROD161,Laptop,Dell XPS 13,LG,5,1287.87,0.1,0.18,6838.59,Credit Card,In-Store,EMP401,1,0,Express,5,EUR
ORD110263,29-07-2023,BR116,USA,Chicago,CUST1898,PROD948,Accessories,Wireless Mouse,Lenovo,4,304,0.07,0.18,1334.44,Cash,Online,EMP640,3,0,Standard,1,AED
ORD110264,15-06-2024,BR18,Germany,Hamburg,CUST7643,PROD242,Laptop,Dell XPS 13,Dell,3,1061.95,0.24,0.18,2857.07,Cash,Online,EMP931,3,1,Same Day,6,EUR
ORD110265,10-03-2024,BR22,Germany,Munich,CUST3378,PROD908,Accessories,Keyboard,Dell,5,522.64,0.16,0.18,2590.2,UPI,In-Store,EMP881,2,0,Same Day,4,EUR
ORD110266,13-12-2024,BR87,UK,Manchester,CUST4135,PROD808,Accessories,Bluetooth Headphones,HP,1,388.76,0.25,0.18,344.05,Debit Card,Online,EMP558,0,0,Express,4,GBP
ORD110267,18-10-2023,BR58,UAE,Dubai,CUST1295,PROD817,Laptop,Dell XPS 13,Sony,1,1795.21,0.24,0.18,1609.94,Debit Card,In-Store,EMP551,1,0,Express,6,USD
ORD110268,15-03-2023,BR67,Germany,Munich,CUST9175,PROD676,TV,Sony Bravia 55,Dell,1,673.06,0.18,0.18,651.25,Cash,Online,EMP414,3,0,Same Day,1,USD
ORD110269,30-01-2024,BR11,USA,Dallas,CUST8716,PROD216,Mobile,iPhone 14,Lenovo,4,1731.77,0.1,0.18,7356.56,Cash,In-Store,EMP204,1,1,Standard,2,GBP
ORD110270,13-03-2024,BR41,India,Mumbai,CUST6636,PROD309,TV,LG OLED 48,Dell,1,1025.85,0.24,0.18,919.98,Cash,In-Store,EMP578,1,1,Standard,4,EUR
ORD110271,06-03-2024,BR14,India,Bangalore,CUST8176,PROD398,Mobile,Samsung Galaxy S23,Samsung,5,193.38,0.21,0.18,901.34,Debit Card,Online,EMP744,3,0,Standard,3,AED
ORD110272,19-06-2023,BR79,UK,Manchester,CUST4425,PROD143,TV,Sony Bravia 55,Dell,3,810.52,0.03,0.18,2783.16,Cash,Online,EMP633,3,1,Express,6,USD
ORD110273,25-06-2023,BR91,UAE,Dubai,CUST7546,PROD818,Laptop,Dell XPS 13,Lenovo,5,1945.67,0.29,0.18,8150.41,Net Banking,In-Store,EMP639,2,0,Express,4,EUR
ORD110274,01-11-2024,BR15,USA,Dallas,CUST5483,PROD527,Accessories,Keyboard,OnePlus,4,1941.59,0.08,0.18,8431.16,UPI,Online,EMP811,2,1,Express,4,INR
ORD110275,08-08-2023,BR89,India,Delhi,CUST4711,PROD257,Laptop,HP Spectre x360,Sony,3,1543.72,0.3,0.18,3825.34,Debit Card,In-Store,EMP329,0,0,Standard,10,USD
ORD110276,24-02-2023,BR45,USA,New York,CUST9261,PROD281,Mobile,Samsung Galaxy S23,LG,3,1937.87,0.15,0.18,5831.05,Debit Card,In-Store,EMP647,1,1,Standard,10,GBP
ORD110277,10-05-2024,BR89,USA,Dallas,CUST7040,PROD724,Tablet,Samsung Galaxy Tab,Dell,2,822.23,0,0.18,1940.46,UPI,In-Store,EMP426,0,0,Standard,8,EUR
ORD110278,16-11-2023,BR26,Germany,Hamburg,CUST9261,PROD404,Mobile,OnePlus 11,Lenovo,2,1464.84,0.07,0.18,3215.03,Net Banking,Online,EMP891,3,1,Express,9,INR
ORD110279,09-06-2024,BR35,India,Pune,CUST2193,PROD321,Tablet,Lenovo Tab P11,Dell,3,70.28,0.26,0.18,184.11,Debit Card,In-Store,EMP324,2,0,Standard,5,USD
ORD110280,23-09-2023,BR76,USA,Dallas,CUST8459,PROD826,TV,Sony Bravia 55,Apple,5,593.06,0.14,0.18,3009.19,UPI,In-Store,EMP783,1,1,Standard,10,INR
ORD110281,08-04-2023,BR57,India,Delhi,CUST7521,PROD600,Laptop,HP Spectre x360,Sony,2,1610.49,0.25,0.18,2850.57,Net Banking,Online,EMP338,3,1,Express,1,AED
ORD110282,15-02-2024,BR56,UK,Birmingham,CUST4187,PROD293,Mobile,iPhone 14,Dell,5,344.45,0.13,0.18,1768.06,Cash,In-Store,EMP906,2,1,Same Day,4,USD
ORD110283,11-03-2024,BR87,Germany,Berlin,CUST4209,PROD609,Laptop,MacBook Air M2,Sony,2,193.37,0.2,0.18,365.08,Credit Card,Online,EMP640,0,0,Express,1,INR
ORD110284,01-10-2023,BR112,UAE,Abu Dhabi,CUST8028,PROD165,Accessories,Bluetooth Headphones,Sony,1,381.39,0.07,0.18,418.54,Credit Card,In-Store,EMP338,1,0,Express,3,EUR
ORD110285,13-02-2023,BR102,USA,Chicago,CUST3216,PROD707,Laptop,MacBook Air M2,LG,4,364.68,0.26,0.18,1273.75,Credit Card,In-Store,EMP761,1,1,Same Day,6,AED
ORD110286,23-09-2023,BR66,India,Delhi,CUST7157,PROD166,Accessories,Keyboard,OnePlus,4,458.92,0.18,0.18,1776.2,Cash,In-Store,EMP245,1,0,Express,3,AED
ORD110287,26-12-2023,BR71,Germany,Berlin,CUST6639,PROD420,Accessories,Wireless Mouse,Lenovo,5,938.01,0.03,0.18,5368.23,Net Banking,Online,EMP790,2,0,Express,2,EUR
ORD110288,09-02-2023,BR113,UAE,Dubai,CUST8164,PROD841,Accessories,Bluetooth Headphones,Apple,2,1625.91,0.21,0.18,3031.35,UPI,In-Store,EMP506,3,1,Express,5,AED
ORD110289,23-03-2024,BR59,UK,London,CUST9993,PROD230,TV,LG OLED 48,Dell,4,858.78,0.23,0.18,3121.15,Net Banking,In-Store,EMP376,1,0,Express,3,INR
ORD110290,11-10-2024,BR107,India,Mumbai,CUST2628,PROD811,Accessories,Bluetooth Headphones,LG,1,679.52,0.18,0.18,657.5,Debit Card,Online,EMP776,2,1,Standard,5,EUR
ORD110291,11-09-2024,BR92,Germany,Berlin,CUST6943,PROD394,Laptop,HP Spectre x360,Sony,4,1010.16,0.14,0.18,4100.44,UPI,In-Store,EMP368,3,0,Same Day,6,INR
ORD110292,16-03-2024,BR81,UK,Birmingham,CUST1999,PROD302,TV,Sony Bravia 55,HP,2,1954.36,0.21,0.18,3643.71,UPI,Online,EMP735,0,0,Same Day,6,INR
ORD110293,12-01-2024,BR53,USA,New York,CUST2187,PROD425,Accessories,Wireless Mouse,Lenovo,4,925.98,0.06,0.18,4108.39,UPI,Online,EMP839,1,1,Same Day,8,AED
ORD110294,13-06-2024,BR4,UK,Manchester,CUST1873,PROD797,Mobile,Samsung Galaxy S23,OnePlus,5,1834.49,0.09,0.18,9849.38,Cash,In-Store,EMP919,2,1,Same Day,4,INR
ORD110295,28-12-2024,BR100,USA,Dallas,CUST6692,PROD413,Laptop,HP Spectre x360,LG,1,563.11,0.06,0.18,624.6,Debit Card,In-Store,EMP828,1,1,Standard,6,INR
ORD110296,30-11-2023,BR91,India,Pune,CUST1760,PROD233,TV,LG OLED 48,OnePlus,3,1690.45,0.07,0.18,5565.3,UPI,Online,EMP952,1,1,Express,6,EUR
ORD110297,09-02-2023,BR35,UAE,Dubai,CUST4097,PROD683,Mobile,OnePlus 11,Samsung,3,845.78,0.17,0.18,2485.07,UPI,Online,EMP918,2,1,Express,8,INR
ORD110298,07-07-2023,BR8,Germany,Berlin,CUST6312,PROD880,Laptop,Dell XPS 13,OnePlus,5,152.04,0.25,0.18,672.78,Cash,In-Store,EMP635,3,1,Express,10,AED
ORD110299,03-05-2024,BR106,UK,London,CUST5357,PROD865,Tablet,Lenovo Tab P11,HP,1,608.09,0.16,0.18,602.74,UPI,In-Store,EMP770,0,0,Standard,1,USD
ORD110300,06-05-2023,BR51,Germany,Munich,CUST2651,PROD710,Laptop,MacBook Air M2,OnePlus,3,53.45,0.11,0.18,168.4,Credit Card,Online,EMP702,3,1,Same Day,10,INR
ORD110301,16-01-2023,BR26,Germany,Berlin,CUST6724,PROD689,Tablet,Lenovo Tab P11,OnePlus,2,749.97,0.01,0.18,1752.23,UPI,Online,EMP556,1,0,Standard,5,USD
ORD110302,16-02-2023,BR116,UAE,Dubai,CUST6845,PROD859,Tablet,iPad Air,Sony,1,1648.68,0.15,0.18,1653.63,Debit Card,In-Store,EMP245,1,1,Same Day,2,EUR
ORD110303,19-03-2024,BR112,USA,New York,CUST1430,PROD511,Accessories,Wireless Mouse,Dell,1,1031.74,0.16,0.18,1022.66,Cash,In-Store,EMP707,2,1,Express,5,EUR
ORD110304,18-11-2023,BR7,Germany,Hamburg,CUST4784,PROD509,Laptop,MacBook Air M2,Dell,5,1116.55,0.18,0.18,5401.87,UPI,In-Store,EMP288,1,1,Express,4,GBP
ORD110305,27-12-2024,BR32,Germany,Berlin,CUST1245,PROD460,Mobile,Samsung Galaxy S23,Dell,3,1381.43,0.18,0.18,4010.02,Cash,In-Store,EMP961,2,0,Same Day,5,EUR
ORD110306,07-05-2024,BR97,UAE,Abu Dhabi,CUST5427,PROD938,Laptop,HP Spectre x360,Samsung,5,199,0,0.18,1174.1,UPI,Online,EMP218,3,1,Express,8,INR
ORD110307,10-04-2024,BR107,USA,Los Angeles,CUST3665,PROD673,Tablet,iPad Air,LG,2,685.58,0.07,0.18,1504.71,Net Banking,Online,EMP205,0,0,Express,2,EUR
ORD110308,10-11-2024,BR6,USA,Dallas,CUST2869,PROD699,Accessories,Keyboard,Apple,4,889.16,0.28,0.18,3021.72,UPI,In-Store,EMP899,2,1,Standard,8,INR
ORD110309,28-10-2024,BR13,UAE,Abu Dhabi,CUST6208,PROD555,Accessories,Keyboard,Samsung,2,1646.78,0.21,0.18,3070.26,Debit Card,In-Store,EMP928,3,0,Same Day,5,EUR
ORD110310,13-10-2024,BR78,India,Pune,CUST9100,PROD957,Mobile,Samsung Galaxy S23,OnePlus,4,1398.4,0.19,0.18,5346.36,Debit Card,Online,EMP477,2,1,Same Day,4,EUR
ORD110311,21-03-2023,BR53,UAE,Dubai,CUST9763,PROD729,Mobile,iPhone 14,LG,4,824.85,0.2,0.18,3114.63,Net Banking,Online,EMP615,1,0,Express,6,GBP
ORD110312,19-02-2023,BR55,UAE,Abu Dhabi,CUST6764,PROD809,TV,LG OLED 48,Sony,3,1124.34,0.26,0.18,2945.32,UPI,Online,EMP358,3,0,Express,1,USD
ORD110313,28-04-2024,BR72,USA,Dallas,CUST9904,PROD743,Laptop,HP Spectre x360,Lenovo,4,1514.23,0.05,0.18,6789.81,Credit Card,Online,EMP336,1,0,Standard,2,EUR
ORD110314,29-12-2024,BR42,USA,Los Angeles,CUST8858,PROD787,Accessories,Bluetooth Headphones,Sony,3,1424.07,0.24,0.18,3831.32,Credit Card,Online,EMP454,2,0,Express,3,USD
ORD110315,30-09-2024,BR39,UAE,Abu Dhabi,CUST2632,PROD289,Tablet,Lenovo Tab P11,Dell,3,994.1,0.27,0.18,2568.95,UPI,Online,EMP813,1,1,Same Day,2,AED
ORD110316,18-11-2023,BR64,USA,Dallas,CUST6804,PROD496,Accessories,Wireless Mouse,Samsung,5,1764.59,0.01,0.18,10306.97,UPI,Online,EMP768,0,1,Express,5,AED
ORD110317,02-09-2024,BR44,India,Delhi,CUST4548,PROD384,Tablet,Lenovo Tab P11,Lenovo,4,649.16,0.08,0.18,2818.91,Net Banking,In-Store,EMP671,1,1,Standard,9,INR
ORD110318,21-06-2024,BR76,India,Pune,CUST4957,PROD416,Laptop,HP Spectre x360,Lenovo,5,1029.96,0.13,0.18,5286.78,UPI,In-Store,EMP407,2,0,Same Day,10,GBP
ORD110319,27-11-2024,BR89,USA,Los Angeles,CUST3291,PROD105,Tablet,Samsung Galaxy Tab,Dell,4,1321.64,0.01,0.18,6175.76,UPI,In-Store,EMP387,1,1,Standard,8,INR
ORD110320,03-10-2023,BR47,Germany,Berlin,CUST1680,PROD162,Laptop,HP Spectre x360,OnePlus,1,194.73,0.27,0.18,167.74,UPI,In-Store,EMP993,1,1,Same Day,8,USD
ORD110321,05-09-2024,BR47,UAE,Abu Dhabi,CUST3453,PROD431,Laptop,MacBook Air M2,Apple,2,1179.37,0.14,0.18,2393.65,UPI,Online,EMP437,1,1,Express,6,GBP
ORD110322,18-12-2023,BR38,Germany,Hamburg,CUST5891,PROD103,Laptop,MacBook Air M2,Samsung,2,1311.31,0,0.18,3094.69,Credit Card,Online,EMP545,0,1,Express,10,AED
ORD110323,27-04-2024,BR2,UAE,Abu Dhabi,CUST2509,PROD361,Laptop,MacBook Air M2,Sony,3,732.42,0.25,0.18,1944.58,Net Banking,In-Store,EMP779,3,1,Same Day,5,EUR
ORD110324,19-09-2023,BR84,Germany,Hamburg,CUST1199,PROD799,Accessories,Bluetooth Headphones,Dell,2,208.78,0.14,0.18,423.74,Credit Card,Online,EMP652,1,0,Standard,4,USD
ORD110325,14-06-2023,BR98,Germany,Berlin,CUST2534,PROD697,Mobile,Samsung Galaxy S23,Samsung,4,1998.98,0.29,0.18,6698.98,UPI,Online,EMP280,0,0,Same Day,2,EUR
ORD110326,23-12-2024,BR107,USA,Chicago,CUST1344,PROD713,Accessories,Keyboard,LG,4,1930.41,0.1,0.18,8200.38,Debit Card,In-Store,EMP610,3,1,Standard,2,INR
ORD110327,06-09-2024,BR14,Germany,Hamburg,CUST4978,PROD829,Laptop,MacBook Air M2,Lenovo,2,1498.03,0.06,0.18,3323.23,UPI,Online,EMP363,2,0,Standard,7,INR
ORD110328,17-06-2023,BR20,Germany,Munich,CUST9600,PROD724,Mobile,Samsung Galaxy S23,Dell,1,1285.59,0.14,0.18,1304.62,Credit Card,Online,EMP452,3,1,Same Day,7,EUR
ORD110329,01-01-2023,BR21,UK,Birmingham,CUST1211,PROD564,Accessories,Bluetooth Headphones,Sony,4,1916.11,0.28,0.18,6511.71,UPI,In-Store,EMP585,3,1,Same Day,1,INR
ORD110330,30-09-2023,BR40,Germany,Berlin,CUST7770,PROD138,Tablet,Lenovo Tab P11,Samsung,3,1621.41,0.1,0.18,5165.81,UPI,Online,EMP881,3,0,Standard,7,AED
ORD110331,30-05-2023,BR69,UAE,Abu Dhabi,CUST5748,PROD736,Mobile,Samsung Galaxy S23,LG,2,709.64,0.29,0.18,1189.07,Net Banking,Online,EMP304,3,0,Standard,10,USD
ORD110332,05-06-2024,BR101,India,Mumbai,CUST5191,PROD315,Tablet,Lenovo Tab P11,HP,3,1502.59,0.02,0.18,5212.79,Net Banking,Online,EMP239,0,1,Standard,9,GBP
ORD110333,13-02-2023,BR98,India,Pune,CUST4576,PROD487,TV,Sony Bravia 55,Apple,1,1304.75,0.23,0.18,1185.5,Cash,In-Store,EMP216,3,0,Standard,7,USD
ORD110334,23-04-2024,BR69,UAE,Abu Dhabi,CUST9909,PROD367,Accessories,Bluetooth Headphones,LG,3,1838.55,0.24,0.18,4946.43,UPI,Online,EMP696,0,0,Same Day,1,AED
ORD110335,20-02-2024,BR119,Germany,Munich,CUST1094,PROD473,Tablet,iPad Air,Apple,3,802.27,0.1,0.18,2556.03,Debit Card,In-Store,EMP446,2,0,Express,5,USD
ORD110336,08-09-2023,BR61,India,Bangalore,CUST8087,PROD591,Accessories,Keyboard,Sony,3,405.95,0.1,0.18,1293.36,Debit Card,Online,EMP517,3,0,Same Day,3,GBP
ORD110337,14-01-2023,BR110,USA,Dallas,CUST5997,PROD802,Accessories,Keyboard,Apple,1,258.16,0.16,0.18,255.89,Net Banking,Online,EMP248,3,1,Standard,5,USD
ORD110338,18-05-2024,BR94,USA,New York,CUST7750,PROD623,Accessories,Wireless Mouse,Dell,4,765.53,0.05,0.18,3432.64,Cash,Online,EMP356,3,1,Same Day,5,USD
ORD110339,26-06-2023,BR2,UK,Manchester,CUST3208,PROD294,Laptop,HP Spectre x360,Samsung,2,666.96,0.17,0.18,1306.44,Credit Card,Online,EMP640,3,0,Same Day,3,INR
ORD110340,05-07-2023,BR66,UK,Birmingham,CUST9277,PROD764,Laptop,HP Spectre x360,Samsung,2,529.2,0.04,0.18,1198.96,Cash,Online,EMP500,3,1,Same Day,3,GBP
ORD110341,25-05-2023,BR119,USA,Los Angeles,CUST5835,PROD584,Accessories,Bluetooth Headphones,Lenovo,3,1962.39,0.05,0.18,6599.52,Cash,In-Store,EMP967,1,0,Express,9,INR
ORD110342,11-07-2023,BR104,UK,London,CUST7901,PROD324,Tablet,iPad Air,OnePlus,3,1465.7,0.03,0.18,5032.92,Cash,In-Store,EMP457,0,1,Express,9,GBP
ORD110343,26-07-2024,BR113,UAE,Dubai,CUST7985,PROD153,Accessories,Wireless Mouse,Sony,1,407.56,0.24,0.18,365.5,Credit Card,Online,EMP693,3,0,Standard,8,AED
ORD110344,12-09-2024,BR108,Germany,Hamburg,CUST7637,PROD627,TV,Samsung QLED 50,Sony,3,1172.89,0.17,0.18,3446.19,Debit Card,Online,EMP507,2,1,Standard,2,INR
ORD110345,19-01-2023,BR85,UAE,Dubai,CUST7770,PROD295,Mobile,OnePlus 11,Apple,4,824.82,0.29,0.18,2764.14,UPI,Online,EMP741,3,1,Same Day,8,AED
ORD110346,29-02-2024,BR57,India,Mumbai,CUST8606,PROD941,TV,Samsung QLED 50,Apple,2,1721.63,0.11,0.18,3616.11,Cash,In-Store,EMP270,3,0,Same Day,3,GBP
ORD110347,15-03-2023,BR53,USA,Dallas,CUST2686,PROD602,Accessories,Wireless Mouse,Dell,1,1816.74,0.17,0.18,1779.32,Credit Card,Online,EMP681,0,1,Standard,6,EUR
ORD110348,12-07-2024,BR57,UK,Birmingham,CUST4120,PROD312,TV,Samsung QLED 50,OnePlus,5,1413.31,0.11,0.18,7421.29,UPI,Online,EMP406,3,1,Same Day,4,USD
ORD110349,18-03-2024,BR23,Germany,Berlin,CUST5246,PROD911,Accessories,Wireless Mouse,Samsung,2,1984.18,0.14,0.18,4027.09,Debit Card,In-Store,EMP466,3,1,Express,6,AED
ORD110350,12-09-2024,BR86,Germany,Hamburg,CUST8748,PROD834,Tablet,Lenovo Tab P11,Dell,3,1998.49,0.03,0.18,6862.41,UPI,In-Store,EMP948,3,0,Standard,1,EUR
ORD110351,02-06-2024,BR71,Germany,Hamburg,CUST5311,PROD228,Laptop,MacBook Air M2,Sony,5,782.87,0.14,0.18,3972.28,Credit Card,In-Store,EMP481,0,0,Express,2,GBP
ORD110352,23-04-2024,BR113,Germany,Berlin,CUST8497,PROD176,Tablet,Samsung Galaxy Tab,LG,1,1097.24,0.17,0.18,1074.64,Debit Card,In-Store,EMP216,1,1,Same Day,9,GBP
ORD110353,11-08-2023,BR8,India,Pune,CUST6983,PROD613,Mobile,iPhone 14,HP,4,274.01,0.11,0.18,1151.06,Cash,Online,EMP686,2,1,Express,3,GBP
ORD110354,05-11-2023,BR70,UK,Birmingham,CUST9492,PROD923,Laptop,HP Spectre x360,Dell,3,1103.89,0.23,0.18,3008.98,Credit Card,In-Store,EMP969,0,0,Express,7,INR
ORD110355,30-04-2023,BR12,USA,New York,CUST2870,PROD161,Mobile,OnePlus 11,Dell,5,1062.33,0.11,0.18,5578.29,Credit Card,Online,EMP939,2,1,Standard,2,INR
ORD110356,25-05-2023,BR22,UAE,Abu Dhabi,CUST6460,PROD360,TV,LG OLED 48,OnePlus,1,249.16,0.25,0.18,220.51,Cash,In-Store,EMP434,2,1,Standard,6,GBP
ORD110357,03-09-2024,BR13,UAE,Abu Dhabi,CUST1812,PROD105,TV,Sony Bravia 55,Sony,1,720.1,0.08,0.18,781.74,Cash,Online,EMP790,0,0,Express,6,GBP
ORD110358,01-09-2023,BR9,UAE,Abu Dhabi,CUST3092,PROD772,Mobile,Samsung Galaxy S23,Lenovo,1,1653.75,0.1,0.18,1756.28,Debit Card,In-Store,EMP302,1,0,Express,5,INR
ORD110359,14-10-2024,BR46,UAE,Dubai,CUST6838,PROD195,Mobile,Samsung Galaxy S23,Dell,1,55.03,0.29,0.18,46.1,Net Banking,In-Store,EMP538,1,1,Standard,9,AED
ORD110360,20-07-2023,BR39,UK,Manchester,CUST4513,PROD610,Mobile,OnePlus 11,Dell,4,1849.32,0.18,0.18,7157.61,UPI,In-Store,EMP595,3,1,Express,2,USD
ORD110361,13-06-2024,BR94,UK,Birmingham,CUST7434,PROD928,Tablet,Samsung Galaxy Tab,Lenovo,3,1005.6,0.08,0.18,3275.04,Debit Card,In-Store,EMP266,3,1,Same Day,7,INR
ORD110362,06-04-2023,BR91,UK,London,CUST7503,PROD585,Laptop,Dell XPS 13,Samsung,5,739.98,0,0.18,4365.88,UPI,In-Store,EMP363,2,0,Standard,2,INR
ORD110363,30-04-2024,BR8,Germany,Hamburg,CUST7620,PROD393,Mobile,Samsung Galaxy S23,Samsung,4,999.79,0.03,0.18,4577.44,Debit Card,In-Store,EMP255,0,1,Standard,1,INR
ORD110364,24-09-2024,BR49,UK,London,CUST4201,PROD188,Mobile,iPhone 14,LG,5,1892.35,0.25,0.18,8373.65,Cash,In-Store,EMP368,0,0,Express,3,INR
ORD110365,08-04-2024,BR74,UK,Manchester,CUST5998,PROD654,Laptop,MacBook Air M2,OnePlus,5,148.4,0.05,0.18,831.78,Debit Card,In-Store,EMP913,1,1,Same Day,4,USD
ORD110366,12-01-2023,BR34,USA,Chicago,CUST1870,PROD132,TV,Sony Bravia 55,HP,5,1453.5,0.02,0.18,8404.14,UPI,In-Store,EMP641,0,0,Express,6,EUR
ORD110367,11-08-2024,BR53,USA,Los Angeles,CUST1543,PROD148,Mobile,iPhone 14,Sony,1,1970.08,0.28,0.18,1673.78,UPI,In-Store,EMP455,1,0,Standard,9,USD
ORD110368,07-04-2024,BR56,UAE,Dubai,CUST2272,PROD892,Tablet,iPad Air,Lenovo,5,351.84,0.14,0.18,1785.24,UPI,In-Store,EMP635,0,0,Express,4,AED
ORD110369,12-07-2023,BR43,USA,Dallas,CUST8555,PROD659,Laptop,HP Spectre x360,Lenovo,1,379.26,0.28,0.18,322.22,Net Banking,In-Store,EMP644,0,0,Same Day,3,AED
ORD110370,28-11-2024,BR97,UK,Birmingham,CUST2483,PROD927,Laptop,MacBook Air M2,LG,4,1189.5,0.23,0.18,4323.12,UPI,In-Store,EMP875,0,1,Standard,3,EUR
ORD110371,22-04-2023,BR58,USA,New York,CUST7114,PROD949,TV,Sony Bravia 55,Sony,1,352.1,0.28,0.18,299.14,Credit Card,In-Store,EMP207,0,1,Standard,2,USD
ORD110372,02-05-2023,BR79,UAE,Abu Dhabi,CUST4166,PROD165,Tablet,Samsung Galaxy Tab,Samsung,3,454.45,0.13,0.18,1399.62,Credit Card,Online,EMP380,2,0,Standard,4,GBP
ORD110373,05-10-2023,BR24,India,Bangalore,CUST5676,PROD535,Accessories,Keyboard,LG,3,502.24,0.01,0.18,1760.15,UPI,Online,EMP351,0,1,Express,7,EUR
ORD110374,03-03-2023,BR104,UK,London,CUST4724,PROD782,Accessories,Bluetooth Headphones,Sony,1,1916.77,0.26,0.18,1673.72,Debit Card,Online,EMP903,3,1,Standard,9,AED
ORD110375,08-08-2023,BR107,UK,Manchester,CUST1427,PROD347,Tablet,Samsung Galaxy Tab,Apple,5,1100.03,0.08,0.18,5970.96,Cash,In-Store,EMP282,2,0,Same Day,4,GBP
ORD110376,17-12-2024,BR62,UK,London,CUST8589,PROD252,Mobile,iPhone 14,LG,5,1077.19,0.29,0.18,4512.35,Cash,Online,EMP915,3,0,Express,4,AED
ORD110377,21-06-2023,BR42,India,Pune,CUST2491,PROD336,Tablet,iPad Air,Lenovo,4,1890.95,0.15,0.18,7586.49,Net Banking,Online,EMP652,0,0,Standard,7,INR
ORD110378,13-03-2023,BR87,USA,Dallas,CUST6700,PROD351,TV,Samsung QLED 50,Samsung,3,65.71,0.24,0.18,176.79,Cash,In-Store,EMP610,3,0,Standard,9,GBP
ORD110379,31-12-2024,BR60,UAE,Dubai,CUST4573,PROD425,Tablet,iPad Air,Lenovo,5,946.97,0.03,0.18,5419.51,Cash,Online,EMP413,1,1,Same Day,8,EUR
ORD110380,26-12-2024,BR84,UK,Birmingham,CUST6523,PROD757,Accessories,Bluetooth Headphones,Dell,5,1240.01,0.22,0.18,5706.53,Net Banking,In-Store,EMP748,3,0,Same Day,8,EUR
ORD110381,01-08-2024,BR37,Germany,Hamburg,CUST4532,PROD703,Tablet,iPad Air,HP,1,1676.9,0.05,0.18,1879.8,Credit Card,In-Store,EMP712,2,0,Standard,9,INR
ORD110382,12-10-2023,BR98,Germany,Berlin,CUST8822,PROD369,Laptop,HP Spectre x360,Apple,3,216.8,0.28,0.18,552.58,UPI,Online,EMP808,2,1,Standard,6,GBP
ORD110383,28-02-2023,BR9,India,Delhi,CUST1545,PROD271,Accessories,Keyboard,Dell,4,1173.33,0.19,0.18,4485.88,Credit Card,Online,EMP641,0,0,Same Day,10,USD
ORD110384,04-08-2023,BR10,USA,Los Angeles,CUST8414,PROD895,Accessories,Bluetooth Headphones,Apple,2,889.36,0.2,0.18,1679.11,Credit Card,In-Store,EMP972,0,1,Standard,1,USD
ORD110385,25-03-2024,BR106,Germany,Munich,CUST4111,PROD499,Mobile,OnePlus 11,Sony,4,752.98,0.06,0.18,3340.82,Credit Card,Online,EMP369,3,0,Standard,10,EUR
ORD110386,12-10-2024,BR115,UAE,Abu Dhabi,CUST5944,PROD318,Accessories,Keyboard,HP,5,1685.93,0.24,0.18,7559.71,UPI,Online,EMP852,0,0,Express,3,GBP
ORD110387,14-10-2024,BR60,UAE,Abu Dhabi,CUST9594,PROD626,Accessories,Wireless Mouse,Lenovo,2,1944.89,0.02,0.18,4498.14,Net Banking,In-Store,EMP791,0,1,Standard,4,USD
ORD110388,21-01-2024,BR19,India,Bangalore,CUST4474,PROD555,Laptop,HP Spectre x360,OnePlus,3,1533.69,0.11,0.18,4832.04,UPI,In-Store,EMP358,0,0,Same Day,5,USD
ORD110389,19-02-2024,BR84,UAE,Abu Dhabi,CUST7514,PROD548,Accessories,Wireless Mouse,Lenovo,3,1676.89,0.11,0.18,5283.21,UPI,In-Store,EMP394,0,1,Standard,9,INR
ORD110390,14-12-2023,BR87,UAE,Dubai,CUST4189,PROD454,Accessories,Wireless Mouse,Dell,2,208.7,0.19,0.18,398.95,Cash,In-Store,EMP263,2,0,Same Day,7,INR
ORD110391,04-10-2024,BR104,UAE,Abu Dhabi,CUST9631,PROD182,TV,Samsung QLED 50,Dell,1,1614.49,0.12,0.18,1676.49,Net Banking,In-Store,EMP361,2,0,Express,6,EUR
ORD110392,14-06-2023,BR77,UAE,Abu Dhabi,CUST8412,PROD163,TV,Samsung QLED 50,Lenovo,2,238.51,0.12,0.18,495.34,Debit Card,In-Store,EMP772,3,1,Same Day,1,GBP
ORD110393,18-08-2023,BR119,UAE,Abu Dhabi,CUST4983,PROD743,Laptop,Dell XPS 13,Sony,3,300.54,0.15,0.18,904.32,Net Banking,In-Store,EMP259,1,0,Express,7,USD
ORD110394,25-03-2023,BR65,Germany,Hamburg,CUST3894,PROD639,TV,Sony Bravia 55,OnePlus,4,249.49,0.21,0.18,930.3,Credit Card,Online,EMP635,0,1,Same Day,10,EUR
ORD110395,10-03-2023,BR17,India,Pune,CUST2252,PROD863,Laptop,MacBook Air M2,HP,5,1146.14,0.07,0.18,6288.87,Cash,Online,EMP218,1,1,Standard,8,USD
ORD110396,11-06-2024,BR84,India,Delhi,CUST1877,PROD426,TV,LG OLED 48,HP,3,1933.32,0.03,0.18,6638.63,Cash,Online,EMP343,0,1,Same Day,1,EUR
ORD110397,18-07-2024,BR1,UK,Manchester,CUST8361,PROD523,Accessories,Wireless Mouse,Sony,2,1701.29,0.2,0.18,3212.04,Cash,Online,EMP298,3,1,Express,6,INR
ORD110398,17-12-2024,BR103,Germany,Munich,CUST3444,PROD332,Mobile,OnePlus 11,Apple,2,1525.69,0.07,0.18,3348.58,Net Banking,Online,EMP351,3,1,Standard,10,AED
ORD110399,07-11-2024,BR86,India,Pune,CUST5907,PROD310,Tablet,Lenovo Tab P11,Samsung,3,1926.17,0.08,0.18,6273.15,Cash,Online,EMP953,1,1,Express,10,GBP
ORD110400,28-05-2023,BR5,Germany,Berlin,CUST7810,PROD203,Accessories,Wireless Mouse,Samsung,3,1734.75,0.22,0.18,4789.99,Debit Card,Online,EMP930,2,1,Same Day,4,GBP
ORD110401,15-07-2023,BR48,UAE,Abu Dhabi,CUST5849,PROD823,Tablet,Lenovo Tab P11,OnePlus,1,584.22,0.04,0.18,661.8,UPI,In-Store,EMP524,0,0,Same Day,7,EUR
ORD110402,07-06-2023,BR48,India,Delhi,CUST2489,PROD446,Accessories,Bluetooth Headphones,Sony,3,984.72,0.04,0.18,3346.47,Cash,Online,EMP590,3,0,Same Day,10,GBP
ORD110403,04-01-2023,BR55,India,Delhi,CUST5884,PROD493,Tablet,iPad Air,Apple,5,832.45,0.03,0.18,4764.11,UPI,In-Store,EMP386,0,0,Express,7,USD
ORD110404,17-12-2024,BR56,Germany,Munich,CUST5857,PROD624,Mobile,OnePlus 11,Dell,3,1707.78,0.09,0.18,5501.44,Cash,Online,EMP399,3,0,Standard,5,GBP
ORD110405,10-10-2023,BR104,UK,Manchester,CUST3611,PROD473,Accessories,Keyboard,Lenovo,3,1268.95,0.27,0.18,3279.22,Credit Card,Online,EMP319,1,0,Same Day,9,GBP
ORD110406,06-12-2023,BR32,UK,Manchester,CUST3450,PROD961,Tablet,iPad Air,Samsung,3,562.5,0.2,0.18,1593,Cash,Online,EMP374,1,1,Standard,5,AED
ORD110407,07-07-2023,BR65,Germany,Berlin,CUST4114,PROD578,Accessories,Keyboard,Apple,4,1442.87,0.01,0.18,6742.24,Cash,Online,EMP228,1,0,Express,5,GBP
ORD110408,18-12-2023,BR21,UK,Birmingham,CUST3703,PROD391,Laptop,Dell XPS 13,Dell,3,1993.95,0.04,0.18,6776.24,Credit Card,Online,EMP545,0,1,Same Day,9,EUR
ORD110409,05-07-2024,BR47,UK,London,CUST9514,PROD763,Mobile,iPhone 14,OnePlus,4,560,0.15,0.18,2246.72,Cash,In-Store,EMP773,2,0,Same Day,2,INR
ORD110410,13-08-2024,BR52,India,Bangalore,CUST3574,PROD184,Laptop,Dell XPS 13,OnePlus,2,993.49,0.3,0.18,1641.25,Net Banking,In-Store,EMP210,0,1,Standard,1,USD
ORD110411,27-03-2023,BR55,UK,London,CUST4742,PROD102,Mobile,Samsung Galaxy S23,Lenovo,1,1323.43,0.21,0.18,1233.7,Credit Card,In-Store,EMP233,3,1,Express,6,INR
ORD110412,22-04-2023,BR114,India,Delhi,CUST3589,PROD802,Laptop,MacBook Air M2,Lenovo,2,1412.73,0.17,0.18,2767.26,Credit Card,Online,EMP466,3,1,Standard,2,INR
ORD110413,30-07-2024,BR65,India,Pune,CUST9404,PROD775,Laptop,HP Spectre x360,Samsung,3,730.99,0.17,0.18,2147.79,UPI,Online,EMP962,0,1,Express,9,USD
ORD110414,12-02-2024,BR34,UK,Birmingham,CUST8382,PROD600,Accessories,Bluetooth Headphones,Sony,4,759.04,0.1,0.18,3224.4,Debit Card,In-Store,EMP811,1,1,Express,5,EUR
ORD110415,19-07-2024,BR73,Germany,Hamburg,CUST5369,PROD233,Mobile,Samsung Galaxy S23,Sony,1,479.46,0.28,0.18,407.35,Debit Card,In-Store,EMP825,0,0,Same Day,8,INR
ORD110416,07-12-2024,BR25,UK,Manchester,CUST7971,PROD369,Accessories,Bluetooth Headphones,Sony,4,1755.37,0.11,0.18,7373.96,Cash,Online,EMP279,2,1,Same Day,1,GBP
ORD110417,29-08-2024,BR39,USA,New York,CUST8458,PROD114,Accessories,Bluetooth Headphones,LG,3,51.65,0.25,0.18,137.13,Cash,Online,EMP226,1,1,Standard,1,INR
ORD110418,05-07-2023,BR94,Germany,Berlin,CUST6985,PROD396,TV,Sony Bravia 55,Apple,5,1180.39,0.18,0.18,5710.73,Credit Card,Online,EMP392,2,0,Same Day,9,USD
ORD110419,27-03-2023,BR51,India,Bangalore,CUST9548,PROD546,Mobile,Samsung Galaxy S23,Sony,1,653,0.15,0.18,654.96,Debit Card,In-Store,EMP896,0,1,Same Day,2,USD
ORD110420,30-04-2023,BR105,USA,New York,CUST5942,PROD355,TV,Sony Bravia 55,Lenovo,5,547.31,0.2,0.18,2583.3,Net Banking,Online,EMP836,0,1,Express,5,USD
ORD110421,05-06-2024,BR31,Germany,Munich,CUST4093,PROD281,Laptop,MacBook Air M2,OnePlus,3,1691.03,0.15,0.18,5088.31,Credit Card,Online,EMP377,1,1,Standard,5,INR
ORD110422,17-03-2023,BR62,UAE,Abu Dhabi,CUST3604,PROD652,Mobile,iPhone 14,Dell,3,745,0.04,0.18,2531.81,Debit Card,In-Store,EMP585,0,0,Express,1,GBP
ORD110423,30-11-2024,BR13,India,Mumbai,CUST8659,PROD656,TV,LG OLED 48,OnePlus,2,303.66,0.2,0.18,573.31,Cash,In-Store,EMP444,0,0,Standard,2,USD
ORD110424,19-10-2024,BR41,Germany,Munich,CUST1561,PROD596,Accessories,Keyboard,Lenovo,4,1951.54,0.01,0.18,9119.16,Debit Card,Online,EMP767,0,0,Same Day,2,GBP
ORD110425,17-05-2024,BR54,USA,New York,CUST7742,PROD885,Accessories,Wireless Mouse,Lenovo,4,511.09,0.01,0.18,2388.22,Net Banking,Online,EMP674,3,1,Standard,1,INR
ORD110426,15-11-2024,BR102,USA,Los Angeles,CUST5926,PROD613,Tablet,iPad Air,LG,2,1533.56,0.23,0.18,2786.79,Credit Card,Online,EMP650,1,1,Same Day,8,AED
ORD110427,15-09-2023,BR6,UK,London,CUST3084,PROD848,TV,Sony Bravia 55,Lenovo,2,846.89,0.26,0.18,1479.01,Net Banking,In-Store,EMP594,0,0,Same Day,5,EUR
ORD110428,23-06-2024,BR19,USA,Chicago,CUST1600,PROD408,Accessories,Wireless Mouse,OnePlus,1,552.47,0.07,0.18,606.28,UPI,In-Store,EMP466,3,0,Standard,7,EUR
ORD110429,22-10-2024,BR83,India,Pune,CUST9435,PROD360,Mobile,Samsung Galaxy S23,HP,3,363.21,0.27,0.18,938.61,Cash,Online,EMP409,2,1,Standard,3,INR
ORD110430,06-12-2024,BR22,UAE,Dubai,CUST1602,PROD966,Laptop,Dell XPS 13,OnePlus,2,1008.5,0.25,0.18,1785.05,Debit Card,Online,EMP698,3,0,Standard,8,INR
ORD110431,29-01-2024,BR80,USA,Chicago,CUST3162,PROD206,Tablet,Samsung Galaxy Tab,LG,3,335.51,0.14,0.18,1021.43,Net Banking,In-Store,EMP955,3,0,Standard,3,GBP
ORD110432,26-12-2024,BR22,UAE,Dubai,CUST5012,PROD714,Tablet,Samsung Galaxy Tab,LG,1,900.22,0.08,0.18,977.28,Net Banking,Online,EMP519,3,1,Same Day,2,AED
ORD110433,07-03-2024,BR10,USA,New York,CUST3238,PROD317,Mobile,Samsung Galaxy S23,Dell,3,1648.3,0.19,0.18,4726.34,Cash,Online,EMP832,0,1,Express,8,INR
ORD110434,26-12-2023,BR39,Germany,Munich,CUST4117,PROD786,Tablet,Samsung Galaxy Tab,Dell,3,1092.28,0.07,0.18,3596,Net Banking,In-Store,EMP602,2,1,Same Day,6,GBP
ORD110435,24-05-2023,BR39,UK,Birmingham,CUST3177,PROD380,Mobile,iPhone 14,Dell,2,566.22,0.04,0.18,1282.83,Net Banking,In-Store,EMP953,1,1,Express,1,EUR
ORD110436,08-10-2024,BR26,UK,Manchester,CUST8466,PROD102,Laptop,HP Spectre x360,OnePlus,5,354.15,0.03,0.18,2026.8,Debit Card,In-Store,EMP437,0,1,Express,1,USD
ORD110437,29-07-2023,BR87,Germany,Berlin,CUST2417,PROD485,Tablet,iPad Air,Lenovo,3,861.2,0.01,0.18,3018.16,Credit Card,Online,EMP600,0,0,Express,4,AED
ORD110438,20-06-2023,BR39,UAE,Dubai,CUST4076,PROD648,TV,Sony Bravia 55,LG,2,64.67,0.28,0.18,109.89,Cash,Online,EMP312,3,0,Express,4,INR
ORD110439,30-05-2024,BR54,UK,London,CUST6697,PROD772,TV,LG OLED 48,Samsung,5,1693.75,0.04,0.18,9593.4,Net Banking,In-Store,EMP306,0,1,Express,8,EUR
ORD110440,01-07-2023,BR120,India,Delhi,CUST1041,PROD320,Laptop,HP Spectre x360,Lenovo,3,1772.37,0.16,0.18,5270.32,UPI,Online,EMP397,2,1,Express,6,EUR
ORD110441,05-06-2023,BR107,India,Bangalore,CUST1925,PROD947,Accessories,Wireless Mouse,HP,3,1939.21,0.02,0.18,6727.51,Cash,Online,EMP438,0,0,Standard,5,GBP
ORD110442,11-01-2023,BR112,UAE,Dubai,CUST2454,PROD679,TV,LG OLED 48,LG,2,1435.77,0.29,0.18,2405.78,Credit Card,In-Store,EMP942,1,1,Express,6,EUR
ORD110443,23-03-2023,BR81,Germany,Hamburg,CUST8993,PROD734,Laptop,MacBook Air M2,HP,4,1120.97,0.24,0.18,4021.14,Debit Card,Online,EMP828,0,1,Standard,7,EUR
ORD110444,25-07-2024,BR38,UAE,Abu Dhabi,CUST7533,PROD147,Mobile,Samsung Galaxy S23,LG,2,1751.04,0.21,0.18,3264.64,Debit Card,In-Store,EMP838,1,0,Express,9,EUR
ORD110445,05-09-2024,BR48,UK,Manchester,CUST1166,PROD419,Tablet,Lenovo Tab P11,Apple,4,740.87,0.14,0.18,3007.34,UPI,In-Store,EMP244,2,0,Same Day,5,AED
ORD110446,24-11-2024,BR64,UAE,Abu Dhabi,CUST3148,PROD768,Laptop,MacBook Air M2,Samsung,2,1462.03,0.03,0.18,3346.88,Credit Card,In-Store,EMP308,3,0,Same Day,2,AED
ORD110447,10-02-2024,BR108,Germany,Munich,CUST7319,PROD422,Laptop,MacBook Air M2,Sony,4,207.92,0.3,0.18,686.97,UPI,In-Store,EMP575,0,1,Express,5,AED
ORD110448,27-06-2024,BR103,UAE,Dubai,CUST2998,PROD210,Accessories,Keyboard,LG,1,1969.36,0.21,0.18,1835.84,Debit Card,In-Store,EMP627,1,1,Standard,5,EUR
ORD110449,04-10-2023,BR120,India,Bangalore,CUST4598,PROD736,TV,Sony Bravia 55,Lenovo,5,601.77,0.04,0.18,3408.43,Credit Card,Online,EMP473,0,0,Standard,2,GBP
ORD110450,30-09-2024,BR61,USA,Chicago,CUST4936,PROD982,Mobile,iPhone 14,LG,4,1005.38,0.25,0.18,3559.05,Cash,In-Store,EMP392,3,0,Express,7,USD
ORD110451,19-09-2023,BR62,UK,Birmingham,CUST1517,PROD824,Laptop,MacBook Air M2,OnePlus,3,1538.82,0.08,0.18,5011.63,Credit Card,In-Store,EMP629,2,0,Express,9,INR
ORD110452,23-07-2024,BR110,India,Delhi,CUST6834,PROD913,TV,Sony Bravia 55,OnePlus,3,800.77,0.08,0.18,2607.95,Cash,Online,EMP735,0,1,Express,2,GBP
ORD110453,10-08-2023,BR11,UK,Birmingham,CUST4601,PROD218,Accessories,Bluetooth Headphones,HP,1,526.17,0.21,0.18,490.5,Cash,In-Store,EMP388,2,1,Express,8,EUR
ORD110454,28-06-2024,BR8,UK,Birmingham,CUST4476,PROD852,Mobile,iPhone 14,Lenovo,2,1858.61,0.2,0.18,3509.06,Net Banking,Online,EMP701,3,1,Express,9,GBP
ORD110455,22-04-2024,BR60,UK,London,CUST1753,PROD805,TV,Sony Bravia 55,HP,3,1356.19,0.22,0.18,3744.71,Net Banking,Online,EMP379,2,1,Standard,9,INR
ORD110456,03-11-2023,BR58,Germany,Munich,CUST2410,PROD414,Mobile,iPhone 14,LG,4,357.75,0.17,0.18,1401.52,UPI,In-Store,EMP628,1,1,Standard,8,GBP
ORD110457,21-02-2024,BR26,India,Bangalore,CUST3906,PROD862,Accessories,Wireless Mouse,HP,2,577.92,0.25,0.18,1022.92,Credit Card,Online,EMP801,1,0,Standard,5,GBP
ORD110458,10-10-2023,BR99,UK,Manchester,CUST1287,PROD829,Mobile,OnePlus 11,Lenovo,3,1772.56,0.27,0.18,4580.65,UPI,In-Store,EMP487,1,1,Express,7,AED
ORD110459,25-09-2024,BR17,India,Mumbai,CUST2865,PROD207,Accessories,Keyboard,Samsung,5,1899.92,0.08,0.18,10312.77,UPI,In-Store,EMP810,2,0,Standard,6,EUR
ORD110460,23-12-2023,BR34,UK,Birmingham,CUST2343,PROD775,Mobile,OnePlus 11,LG,4,291.62,0.03,0.18,1335.15,Cash,In-Store,EMP667,1,1,Express,10,USD
ORD110461,23-06-2024,BR8,USA,Dallas,CUST5486,PROD142,Tablet,Samsung Galaxy Tab,Dell,4,224.37,0.13,0.18,921.35,UPI,Online,EMP852,3,1,Express,5,EUR
ORD110462,10-06-2024,BR71,India,Mumbai,CUST8374,PROD767,Laptop,HP Spectre x360,Dell,4,248.37,0.12,0.18,1031.63,Debit Card,In-Store,EMP738,2,0,Same Day,9,INR
ORD110463,19-07-2023,BR65,UK,Manchester,CUST4661,PROD762,Tablet,Samsung Galaxy Tab,LG,3,1975.59,0.02,0.18,6853.72,Debit Card,Online,EMP912,2,0,Express,4,AED
ORD110464,02-10-2023,BR51,UK,London,CUST1149,PROD676,TV,Sony Bravia 55,Samsung,3,979.52,0.09,0.18,3155.43,Net Banking,Online,EMP812,3,0,Standard,1,EUR
ORD110465,01-04-2024,BR93,India,Pune,CUST7586,PROD415,Tablet,Samsung Galaxy Tab,Apple,4,1506.68,0.23,0.18,5475.88,Cash,In-Store,EMP693,2,1,Standard,9,AED
ORD110466,13-12-2023,BR26,UK,London,CUST8164,PROD704,Tablet,Lenovo Tab P11,Samsung,1,916.16,0.18,0.18,886.48,UPI,Online,EMP662,1,1,Standard,5,INR
ORD110467,22-11-2024,BR5,UAE,Abu Dhabi,CUST9614,PROD846,Tablet,Samsung Galaxy Tab,Dell,3,1598.55,0.24,0.18,4300.74,Debit Card,In-Store,EMP523,3,0,Express,1,INR
ORD110468,21-07-2023,BR8,UK,London,CUST5773,PROD980,Laptop,MacBook Air M2,Sony,5,1929.72,0.03,0.18,11043.79,Cash,In-Store,EMP293,0,1,Express,6,USD
ORD110469,23-12-2024,BR57,USA,Los Angeles,CUST1669,PROD775,TV,Samsung QLED 50,Apple,1,292.99,0.12,0.18,304.24,Debit Card,Online,EMP625,0,1,Same Day,9,AED
ORD110470,22-10-2023,BR33,Germany,Berlin,CUST7672,PROD540,Laptop,Dell XPS 13,Sony,4,1627.5,0.08,0.18,7067.26,Debit Card,Online,EMP322,0,1,Express,6,EUR
ORD110471,05-05-2024,BR46,Germany,Berlin,CUST2496,PROD112,Mobile,iPhone 14,OnePlus,1,1717.95,0.12,0.18,1783.92,UPI,Online,EMP517,2,1,Same Day,9,INR
ORD110472,21-03-2023,BR56,UK,Birmingham,CUST4827,PROD290,TV,Samsung QLED 50,OnePlus,3,756.77,0.01,0.18,2652.18,Credit Card,In-Store,EMP227,2,0,Express,7,USD
ORD110473,20-04-2023,BR96,Germany,Berlin,CUST7284,PROD541,Laptop,HP Spectre x360,Lenovo,1,1201.43,0.19,0.18,1148.33,Debit Card,Online,EMP371,3,0,Express,10,USD
ORD110474,24-07-2024,BR8,India,Mumbai,CUST5697,PROD827,Accessories,Keyboard,LG,1,956.78,0.04,0.18,1083.84,Net Banking,In-Store,EMP625,1,0,Express,9,EUR
ORD110475,10-10-2023,BR22,India,Delhi,CUST1767,PROD438,Accessories,Keyboard,Samsung,4,1032.38,0.14,0.18,4190.64,Net Banking,In-Store,EMP863,3,0,Express,1,GBP
ORD110476,19-01-2023,BR43,UAE,Dubai,CUST5771,PROD703,Accessories,Keyboard,Apple,5,148.54,0.29,0.18,622.23,Debit Card,In-Store,EMP284,2,0,Express,3,AED
ORD110477,21-09-2023,BR72,UK,London,CUST3706,PROD671,Accessories,Wireless Mouse,Samsung,4,1086.35,0.01,0.18,5076.3,UPI,Online,EMP284,3,1,Same Day,6,GBP
ORD110478,05-12-2024,BR29,UK,Manchester,CUST2335,PROD886,TV,Samsung QLED 50,LG,2,1713.01,0.18,0.18,3315.02,Net Banking,Online,EMP427,3,1,Standard,2,USD
ORD110479,04-04-2023,BR24,Germany,Berlin,CUST7615,PROD177,Accessories,Wireless Mouse,HP,2,1366.94,0.09,0.18,2935.64,Cash,Online,EMP537,2,1,Same Day,6,GBP
ORD110480,07-03-2024,BR112,UAE,Abu Dhabi,CUST6829,PROD108,TV,LG OLED 48,HP,1,843.43,0.19,0.18,806.15,Credit Card,In-Store,EMP630,1,0,Standard,8,USD
ORD110481,04-11-2023,BR96,UK,Birmingham,CUST5961,PROD939,Laptop,MacBook Air M2,OnePlus,5,1980.55,0.22,0.18,9114.49,Debit Card,In-Store,EMP408,2,0,Express,1,INR
ORD110482,01-11-2023,BR99,UK,Birmingham,CUST5023,PROD505,Tablet,Lenovo Tab P11,Apple,3,1842.78,0.25,0.18,4892.58,Credit Card,Online,EMP887,1,1,Standard,10,EUR
ORD110483,27-10-2024,BR67,India,Pune,CUST4837,PROD482,TV,Sony Bravia 55,Lenovo,2,747.03,0.27,0.18,1286.98,Credit Card,In-Store,EMP414,1,0,Express,9,USD
ORD110484,26-05-2024,BR63,UAE,Abu Dhabi,CUST8227,PROD940,Laptop,MacBook Air M2,HP,1,762.04,0.22,0.18,701.38,UPI,Online,EMP516,3,0,Same Day,8,INR
ORD110485,27-09-2024,BR38,India,Pune,CUST1685,PROD638,Mobile,OnePlus 11,Sony,2,1692.93,0.11,0.18,3555.83,Net Banking,Online,EMP874,3,1,Same Day,3,INR
ORD110486,26-09-2024,BR5,India,Mumbai,CUST6901,PROD934,Laptop,HP Spectre x360,Sony,3,479.04,0.18,0.18,1390.56,UPI,Online,EMP271,0,1,Standard,2,USD
ORD110487,02-03-2023,BR93,USA,Chicago,CUST1629,PROD665,Laptop,Dell XPS 13,Lenovo,4,1801.31,0.09,0.18,7736.99,Net Banking,Online,EMP363,3,0,Standard,1,AED
ORD110488,24-04-2024,BR36,Germany,Berlin,CUST9899,PROD350,Mobile,iPhone 14,Dell,5,1228.27,0.23,0.18,5580.03,Credit Card,Online,EMP568,3,0,Standard,8,GBP
ORD110489,27-12-2024,BR75,UK,Birmingham,CUST8981,PROD806,TV,Samsung QLED 50,OnePlus,1,1785.72,0.24,0.18,1601.43,Debit Card,In-Store,EMP499,3,1,Express,2,AED
ORD110490,13-08-2023,BR116,USA,Chicago,CUST1529,PROD184,TV,LG OLED 48,Lenovo,5,494.55,0.27,0.18,2130.03,UPI,Online,EMP479,1,0,Same Day,5,GBP
ORD110491,30-10-2024,BR1,Germany,Berlin,CUST8934,PROD966,TV,Samsung QLED 50,HP,1,857.34,0.03,0.18,981.31,Cash,In-Store,EMP834,3,0,Same Day,8,INR
ORD110492,23-01-2024,BR21,India,Mumbai,CUST8137,PROD908,Mobile,iPhone 14,OnePlus,1,1642.56,0.01,0.18,1918.84,Credit Card,In-Store,EMP712,1,0,Standard,6,INR
ORD110493,11-01-2024,BR100,UAE,Dubai,CUST9088,PROD476,Laptop,HP Spectre x360,OnePlus,1,149.56,0.03,0.18,171.19,UPI,In-Store,EMP428,0,0,Same Day,9,USD
ORD110494,05-03-2024,BR5,Germany,Munich,CUST7873,PROD828,Accessories,Keyboard,HP,2,1587.93,0.25,0.18,2810.64,Credit Card,In-Store,EMP436,3,1,Express,3,INR
ORD110495,24-01-2023,BR19,Germany,Hamburg,CUST4576,PROD146,Mobile,OnePlus 11,Lenovo,5,1128.24,0.11,0.18,5924.39,Cash,Online,EMP906,1,1,Standard,6,GBP
ORD110496,12-01-2024,BR21,Germany,Hamburg,CUST9130,PROD717,Mobile,iPhone 14,Lenovo,1,252.61,0.14,0.18,256.35,UPI,In-Store,EMP350,1,0,Standard,1,INR
ORD110497,11-01-2024,BR15,UK,Birmingham,CUST5136,PROD231,TV,Sony Bravia 55,Samsung,1,1351.63,0.05,0.18,1515.18,Cash,Online,EMP367,1,0,Same Day,5,INR
ORD110498,19-06-2024,BR29,Germany,Berlin,CUST1682,PROD519,TV,LG OLED 48,Sony,2,534.62,0.18,0.18,1034.6,Cash,Online,EMP892,1,0,Standard,1,USD
ORD110499,21-02-2024,BR17,India,Pune,CUST7462,PROD964,Mobile,iPhone 14,Lenovo,4,1558.4,0.2,0.18,5884.52,Credit Card,In-Store,EMP968,1,0,Same Day,9,GBP
ORD110500,20-06-2024,BR16,Germany,Berlin,CUST6370,PROD477,Laptop,MacBook Air M2,HP,2,1635.53,0.13,0.18,3358.07,Net Banking,Online,EMP964,1,1,Express,6,AED
ORD110501,31-01-2023,BR112,UK,Manchester,CUST6757,PROD241,Laptop,Dell XPS 13,Samsung,4,872.09,0.08,0.18,3786.96,Cash,In-Store,EMP267,1,1,Express,1,INR
ORD110502,01-07-2023,BR24,UAE,Dubai,CUST8671,PROD637,Accessories,Wireless Mouse,Sony,1,412.83,0.15,0.18,414.07,Debit Card,Online,EMP639,1,1,Same Day,5,USD
ORD110503,06-04-2024,BR74,UAE,Dubai,CUST3283,PROD133,Tablet,Lenovo Tab P11,Samsung,5,1591.82,0.11,0.18,8358.65,Debit Card,Online,EMP404,0,1,Express,2,AED
ORD110504,01-10-2023,BR65,USA,Los Angeles,CUST8057,PROD332,Mobile,OnePlus 11,Apple,4,1869.3,0.22,0.18,6882.01,Cash,Online,EMP757,2,0,Express,4,INR
ORD110505,27-09-2023,BR27,USA,Los Angeles,CUST3534,PROD392,Tablet,Lenovo Tab P11,OnePlus,1,149.5,0.06,0.18,165.83,Cash,In-Store,EMP657,0,0,Standard,7,EUR
ORD110506,04-06-2023,BR16,Germany,Berlin,CUST3319,PROD313,TV,Samsung QLED 50,Dell,4,1713.36,0.15,0.18,6874,Credit Card,Online,EMP983,2,1,Same Day,2,AED
ORD110507,06-04-2023,BR63,UAE,Dubai,CUST2282,PROD166,Laptop,HP Spectre x360,Dell,4,833.53,0.05,0.18,3737.55,UPI,In-Store,EMP515,0,0,Standard,4,USD
ORD110508,10-11-2023,BR57,Germany,Munich,CUST8830,PROD914,Tablet,Samsung Galaxy Tab,LG,1,1292.38,0.27,0.18,1113.26,Debit Card,Online,EMP324,2,1,Standard,7,INR
ORD110509,29-10-2024,BR90,USA,New York,CUST1529,PROD533,Tablet,iPad Air,LG,1,772.19,0.22,0.18,710.72,Cash,In-Store,EMP367,1,1,Standard,8,GBP
ORD110510,13-04-2023,BR78,Germany,Berlin,CUST1635,PROD769,Accessories,Keyboard,Dell,4,187.37,0.24,0.18,672.13,Credit Card,Online,EMP658,3,1,Standard,3,EUR
ORD110511,23-06-2024,BR14,UK,London,CUST2874,PROD520,Mobile,iPhone 14,Dell,1,691.09,0.14,0.18,701.32,Debit Card,In-Store,EMP323,0,1,Same Day,4,GBP
ORD110512,04-01-2024,BR29,USA,Los Angeles,CUST4975,PROD958,TV,LG OLED 48,Dell,1,1109.68,0.04,0.18,1257.05,Credit Card,In-Store,EMP226,2,1,Same Day,2,USD
ORD110513,05-03-2024,BR5,Germany,Hamburg,CUST3978,PROD513,Accessories,Wireless Mouse,Samsung,3,1518.89,0.29,0.18,3817.58,UPI,Online,EMP429,2,1,Express,5,AED
ORD110514,22-11-2024,BR120,USA,New York,CUST2346,PROD218,Mobile,OnePlus 11,LG,3,277.61,0.06,0.18,923.78,Debit Card,In-Store,EMP554,3,1,Express,10,INR
ORD110515,20-04-2023,BR13,UAE,Dubai,CUST8352,PROD161,TV,LG OLED 48,Lenovo,5,716.94,0.21,0.18,3341.66,Credit Card,Online,EMP507,0,1,Same Day,8,EUR
ORD110516,05-09-2023,BR85,India,Pune,CUST2525,PROD367,Laptop,Dell XPS 13,Apple,5,536.75,0.18,0.18,2596.8,UPI,Online,EMP229,1,0,Standard,5,USD
ORD110517,07-08-2024,BR13,India,Delhi,CUST1815,PROD454,Mobile,OnePlus 11,Lenovo,2,436.93,0.1,0.18,928.04,Net Banking,Online,EMP381,0,0,Same Day,1,AED
ORD110518,17-11-2024,BR85,India,Pune,CUST8794,PROD528,TV,Sony Bravia 55,OnePlus,3,1835.03,0.15,0.18,5521.61,UPI,Online,EMP503,1,1,Same Day,3,GBP
ORD110519,01-02-2024,BR78,UAE,Abu Dhabi,CUST8341,PROD181,Tablet,Lenovo Tab P11,Dell,2,1910.4,0.29,0.18,3201.07,Debit Card,Online,EMP410,3,1,Standard,8,GBP
ORD110520,22-02-2023,BR59,UAE,Dubai,CUST7014,PROD930,Tablet,Lenovo Tab P11,LG,3,105.36,0.08,0.18,343.14,Debit Card,Online,EMP249,3,0,Standard,3,EUR
ORD110521,25-12-2023,BR11,UAE,Abu Dhabi,CUST5347,PROD153,Tablet,Samsung Galaxy Tab,OnePlus,4,1958.77,0.27,0.18,6749.14,Cash,In-Store,EMP290,3,1,Standard,10,AED
ORD110522,07-09-2023,BR42,UK,Manchester,CUST6854,PROD145,Mobile,iPhone 14,Apple,2,826.46,0.18,0.18,1599.37,Debit Card,Online,EMP548,0,0,Standard,6,GBP
ORD110523,31-05-2023,BR32,UAE,Dubai,CUST3817,PROD694,Laptop,Dell XPS 13,Lenovo,3,702.39,0.18,0.18,2038.9,Net Banking,Online,EMP722,0,1,Standard,2,AED
ORD110524,08-12-2024,BR116,UAE,Abu Dhabi,CUST8000,PROD406,Laptop,Dell XPS 13,HP,5,518.84,0.02,0.18,2999.93,Net Banking,Online,EMP826,1,1,Same Day,4,USD
ORD110525,29-07-2023,BR21,UAE,Dubai,CUST3387,PROD424,Accessories,Wireless Mouse,LG,2,1188.02,0.15,0.18,2383.17,Net Banking,Online,EMP979,1,1,Standard,10,GBP
ORD110526,10-03-2024,BR100,UAE,Abu Dhabi,CUST3730,PROD273,Tablet,Samsung Galaxy Tab,OnePlus,1,494.25,0.25,0.18,437.41,Debit Card,In-Store,EMP438,0,1,Standard,4,EUR
ORD110527,09-09-2023,BR105,UAE,Dubai,CUST4351,PROD965,Tablet,Lenovo Tab P11,Samsung,2,1402.55,0.04,0.18,3177.62,Net Banking,In-Store,EMP924,2,0,Express,8,EUR
ORD110528,30-06-2024,BR107,USA,Dallas,CUST1172,PROD818,Mobile,Samsung Galaxy S23,Sony,1,921.54,0.13,0.18,946.05,Debit Card,Online,EMP480,2,1,Standard,3,AED
ORD110529,07-09-2023,BR52,UAE,Dubai,CUST4055,PROD876,Laptop,HP Spectre x360,Sony,3,849.29,0.04,0.18,2886.23,UPI,In-Store,EMP998,0,1,Express,10,AED
ORD110530,09-06-2023,BR51,UAE,Dubai,CUST7085,PROD493,Laptop,HP Spectre x360,HP,3,1787.61,0.18,0.18,5189.07,Cash,Online,EMP847,2,0,Same Day,2,AED
ORD110531,27-03-2024,BR33,UAE,Dubai,CUST1569,PROD249,Mobile,Samsung Galaxy S23,Apple,3,1014.26,0.1,0.18,3231.43,Credit Card,Online,EMP603,3,1,Express,6,INR
ORD110532,02-10-2023,BR88,Germany,Hamburg,CUST4192,PROD318,Laptop,MacBook Air M2,Samsung,4,582.55,0.28,0.18,1979.74,Credit Card,In-Store,EMP571,2,0,Same Day,7,USD
ORD110533,01-01-2024,BR36,UK,Birmingham,CUST1080,PROD648,Mobile,iPhone 14,OnePlus,1,1204.46,0.18,0.18,1165.44,UPI,Online,EMP590,2,1,Same Day,2,USD
ORD110534,16-01-2023,BR17,India,Delhi,CUST1172,PROD433,TV,Sony Bravia 55,Dell,5,1046.52,0.15,0.18,5248.3,UPI,Online,EMP310,3,1,Express,5,GBP
ORD110535,01-01-2024,BR33,UAE,Dubai,CUST1535,PROD736,TV,LG OLED 48,Apple,5,917.72,0.12,0.18,4764.8,Cash,Online,EMP458,1,0,Standard,9,GBP
ORD110536,25-08-2024,BR9,UK,Manchester,CUST4286,PROD856,Laptop,MacBook Air M2,Sony,4,107.79,0.06,0.18,478.24,UPI,Online,EMP730,3,1,Standard,4,USD
ORD110537,11-11-2023,BR55,UK,Manchester,CUST5202,PROD120,Tablet,Lenovo Tab P11,OnePlus,3,1706.51,0.26,0.18,4470.37,Net Banking,In-Store,EMP428,2,1,Express,1,AED
ORD110538,19-08-2023,BR62,UK,London,CUST4302,PROD645,Accessories,Keyboard,Sony,5,1229.75,0.21,0.18,5731.86,Net Banking,In-Store,EMP968,0,0,Express,6,INR
ORD110539,29-03-2024,BR16,Germany,Berlin,CUST9661,PROD980,Accessories,Wireless Mouse,Dell,4,133.28,0.19,0.18,509.56,Cash,In-Store,EMP202,2,1,Same Day,3,AED
ORD110540,19-02-2024,BR41,Germany,Munich,CUST8794,PROD401,Accessories,Wireless Mouse,Lenovo,5,1061.24,0.03,0.18,6073.48,Net Banking,Online,EMP832,3,1,Standard,9,USD
ORD110541,22-02-2024,BR3,India,Bangalore,CUST9897,PROD170,Tablet,Samsung Galaxy Tab,Lenovo,5,692.38,0.14,0.18,3513.14,UPI,Online,EMP378,2,1,Express,10,EUR
ORD110542,28-10-2023,BR18,Germany,Hamburg,CUST6704,PROD357,Tablet,Lenovo Tab P11,Samsung,1,1283.39,0.17,0.18,1256.95,Credit Card,Online,EMP202,2,1,Same Day,5,GBP
ORD110543,14-12-2023,BR63,Germany,Hamburg,CUST1974,PROD170,TV,Samsung QLED 50,Apple,1,506.24,0.25,0.18,448.02,Credit Card,Online,EMP560,1,1,Same Day,10,INR
ORD110544,30-05-2024,BR44,UK,London,CUST5108,PROD722,Tablet,Samsung Galaxy Tab,HP,3,1307.71,0.06,0.18,4351.54,Debit Card,In-Store,EMP420,3,1,Same Day,2,AED
ORD110545,05-07-2024,BR7,Germany,Hamburg,CUST2295,PROD924,Accessories,Keyboard,Sony,5,100.2,0.23,0.18,455.21,Cash,Online,EMP378,0,0,Same Day,5,GBP
ORD110546,25-07-2023,BR31,India,Mumbai,CUST2570,PROD387,TV,LG OLED 48,Sony,4,873.79,0.27,0.18,3010.73,Credit Card,Online,EMP326,1,0,Express,10,GBP
ORD110547,30-07-2023,BR9,UK,London,CUST5416,PROD282,Tablet,iPad Air,Apple,1,1941.32,0.21,0.18,1809.7,Cash,In-Store,EMP260,3,0,Standard,3,EUR
ORD110548,05-04-2024,BR81,UK,Manchester,CUST6018,PROD146,TV,LG OLED 48,Samsung,4,1554.4,0.1,0.18,6603.09,Debit Card,Online,EMP219,0,1,Standard,6,INR
ORD110549,07-03-2023,BR111,India,Bangalore,CUST8927,PROD422,TV,LG OLED 48,OnePlus,4,1167.83,0.25,0.18,4134.12,Credit Card,Online,EMP410,3,0,Standard,3,INR
ORD110550,09-11-2023,BR89,Germany,Berlin,CUST2328,PROD336,Tablet,Samsung Galaxy Tab,Samsung,4,1990.55,0.02,0.18,9207.49,Credit Card,In-Store,EMP987,3,1,Express,8,GBP
ORD110551,23-10-2023,BR57,UAE,Abu Dhabi,CUST3156,PROD275,Accessories,Keyboard,Apple,4,1230.82,0.29,0.18,4124.72,Debit Card,Online,EMP363,3,1,Same Day,5,AED
ORD110552,21-07-2023,BR106,India,Mumbai,CUST5979,PROD171,Laptop,Dell XPS 13,OnePlus,1,241.5,0.25,0.18,213.73,Debit Card,Online,EMP899,3,1,Standard,2,EUR
ORD110553,23-06-2024,BR21,UAE,Dubai,CUST1241,PROD181,Tablet,Samsung Galaxy Tab,Samsung,3,1562.67,0.05,0.18,5255.26,Credit Card,In-Store,EMP834,2,1,Same Day,1,GBP
ORD110554,14-01-2023,BR91,UK,London,CUST3354,PROD152,Mobile,Samsung Galaxy S23,Samsung,1,1045.04,0.27,0.18,900.2,UPI,In-Store,EMP492,3,1,Standard,5,AED
ORD110555,13-06-2023,BR31,USA,New York,CUST1435,PROD479,Accessories,Keyboard,Samsung,5,897.75,0.01,0.18,5243.76,UPI,In-Store,EMP704,2,1,Express,7,GBP
ORD110556,20-02-2023,BR86,UK,Birmingham,CUST6461,PROD377,Mobile,iPhone 14,Sony,5,455.93,0.12,0.18,2367.19,UPI,Online,EMP356,1,0,Standard,7,USD
ORD110557,22-07-2024,BR120,Germany,Munich,CUST5036,PROD539,Tablet,Lenovo Tab P11,HP,3,604.35,0.11,0.18,1904.07,Debit Card,Online,EMP431,2,0,Express,8,USD
ORD110558,20-05-2023,BR79,India,Delhi,CUST7651,PROD775,Mobile,OnePlus 11,HP,5,169,0.02,0.18,977.16,UPI,Online,EMP555,2,1,Standard,1,USD
ORD110559,03-09-2024,BR50,UK,Birmingham,CUST5871,PROD177,Laptop,HP Spectre x360,Dell,3,1720.87,0.24,0.18,4629.83,Net Banking,In-Store,EMP902,0,1,Standard,8,AED
ORD110560,26-07-2024,BR107,USA,Chicago,CUST7595,PROD549,Laptop,MacBook Air M2,HP,3,1231.99,0.15,0.18,3707.06,Net Banking,In-Store,EMP983,3,0,Express,5,GBP
ORD110561,17-07-2024,BR119,Germany,Berlin,CUST3883,PROD314,TV,Samsung QLED 50,Samsung,4,1259.28,0.22,0.18,4636.17,Net Banking,In-Store,EMP355,1,1,Standard,4,AED
ORD110562,09-11-2024,BR114,UK,Manchester,CUST5487,PROD851,Tablet,iPad Air,Apple,2,1020.41,0.17,0.18,1998.78,Credit Card,In-Store,EMP920,0,1,Same Day,10,AED
ORD110563,23-08-2024,BR109,India,Delhi,CUST5806,PROD725,Accessories,Bluetooth Headphones,Dell,4,421.99,0.03,0.18,1932.04,Credit Card,In-Store,EMP453,3,0,Same Day,4,AED
ORD110564,31-12-2023,BR46,UK,Birmingham,CUST6420,PROD322,Laptop,Dell XPS 13,Lenovo,2,1709.81,0.29,0.18,2864.96,Cash,Online,EMP386,3,0,Same Day,3,EUR
ORD110565,30-10-2023,BR65,India,Bangalore,CUST8792,PROD894,Laptop,MacBook Air M2,HP,1,1998.65,0.23,0.18,1815.97,Net Banking,In-Store,EMP931,0,0,Standard,7,EUR
ORD110566,11-10-2023,BR52,UK,Manchester,CUST3007,PROD687,Accessories,Bluetooth Headphones,Apple,4,625.47,0.3,0.18,2066.55,UPI,In-Store,EMP475,0,0,Express,6,USD
ORD110567,12-04-2023,BR89,Germany,Hamburg,CUST5931,PROD705,Mobile,OnePlus 11,Samsung,2,1960.71,0.12,0.18,4072,Cash,In-Store,EMP764,0,1,Express,1,INR
ORD110568,01-09-2023,BR23,India,Delhi,CUST5668,PROD306,Accessories,Wireless Mouse,Dell,5,1227.85,0.05,0.18,6882.1,UPI,Online,EMP380,2,1,Standard,3,INR
ORD110569,08-06-2023,BR55,UAE,Dubai,CUST5245,PROD104,TV,LG OLED 48,Samsung,1,1715.61,0.19,0.18,1639.78,Credit Card,Online,EMP823,1,1,Standard,10,USD
ORD110570,16-05-2023,BR46,UAE,Dubai,CUST3532,PROD772,Mobile,iPhone 14,LG,3,1433.48,0.29,0.18,3602.91,UPI,In-Store,EMP976,0,0,Express,2,GBP
ORD110571,03-03-2023,BR96,UK,Manchester,CUST4000,PROD853,Mobile,OnePlus 11,Lenovo,1,200.25,0.17,0.18,196.12,UPI,Online,EMP756,0,1,Standard,4,AED
ORD110572,10-03-2023,BR32,India,Mumbai,CUST1364,PROD442,TV,Samsung QLED 50,Sony,4,990.97,0.23,0.18,3601.58,UPI,In-Store,EMP446,1,1,Standard,9,INR
ORD110573,07-03-2023,BR14,USA,Chicago,CUST5233,PROD234,TV,LG OLED 48,Apple,5,791.37,0.29,0.18,3315.05,Net Banking,In-Store,EMP535,3,1,Standard,2,USD
ORD110574,23-09-2023,BR61,UAE,Dubai,CUST1217,PROD943,Mobile,OnePlus 11,HP,5,1903.13,0.2,0.18,8982.77,UPI,In-Store,EMP825,3,1,Standard,2,EUR
ORD110575,07-09-2024,BR77,Germany,Berlin,CUST6959,PROD293,Accessories,Wireless Mouse,Lenovo,1,1708.33,0.25,0.18,1511.87,Cash,Online,EMP868,2,0,Same Day,2,INR
ORD110576,19-10-2023,BR69,Germany,Berlin,CUST3668,PROD512,Tablet,Samsung Galaxy Tab,Dell,1,1348.16,0.08,0.18,1463.56,Net Banking,In-Store,EMP292,0,0,Same Day,3,AED
ORD110577,19-05-2024,BR35,India,Pune,CUST9192,PROD357,TV,Samsung QLED 50,HP,3,788.97,0.05,0.18,2653.31,UPI,Online,EMP402,0,1,Express,3,USD
ORD110578,29-07-2024,BR4,UAE,Dubai,CUST3129,PROD920,Mobile,Samsung Galaxy S23,Apple,3,1001.46,0.22,0.18,2765.23,Credit Card,Online,EMP897,0,1,Express,5,AED
ORD110579,26-06-2023,BR120,UK,Birmingham,CUST8575,PROD592,Accessories,Bluetooth Headphones,OnePlus,3,789.11,0.22,0.18,2178.89,UPI,In-Store,EMP492,2,1,Same Day,1,GBP
ORD110580,01-01-2023,BR83,USA,Dallas,CUST1060,PROD375,Accessories,Keyboard,Samsung,3,629.15,0.06,0.18,2093.56,Credit Card,Online,EMP812,3,1,Express,1,EUR
ORD110581,30-03-2023,BR68,USA,Los Angeles,CUST2275,PROD685,TV,LG OLED 48,LG,4,1108.93,0.27,0.18,3820.93,Debit Card,In-Store,EMP896,0,1,Same Day,2,EUR
ORD110582,23-06-2024,BR108,USA,Chicago,CUST8463,PROD758,TV,LG OLED 48,Lenovo,1,270.57,0.24,0.18,242.65,Debit Card,In-Store,EMP598,0,0,Express,9,USD
ORD110583,05-10-2023,BR45,USA,New York,CUST7465,PROD423,Mobile,OnePlus 11,Samsung,1,1407.93,0.03,0.18,1611.52,Cash,Online,EMP453,1,1,Same Day,6,GBP
ORD110584,09-08-2023,BR113,USA,New York,CUST3220,PROD699,Laptop,HP Spectre x360,HP,3,689.63,0.03,0.18,2368.05,Debit Card,Online,EMP644,3,0,Standard,2,INR
ORD110585,01-01-2023,BR63,India,Mumbai,CUST1735,PROD407,Laptop,HP Spectre x360,Lenovo,5,1942.28,0.07,0.18,10657.29,UPI,In-Store,EMP370,2,0,Same Day,9,AED
ORD110586,02-07-2024,BR10,UAE,Abu Dhabi,CUST1203,PROD871,Laptop,MacBook Air M2,HP,4,1556.48,0.25,0.18,5509.94,Debit Card,Online,EMP533,0,1,Same Day,1,USD
ORD110587,25-08-2023,BR61,UAE,Abu Dhabi,CUST4294,PROD555,TV,Sony Bravia 55,Sony,4,1146.54,0.28,0.18,3896.4,Credit Card,Online,EMP666,1,1,Standard,4,INR
ORD110588,20-05-2023,BR16,UAE,Abu Dhabi,CUST9607,PROD562,Laptop,Dell XPS 13,HP,1,1321.77,0.14,0.18,1341.33,Cash,In-Store,EMP570,2,1,Standard,8,GBP
ORD110589,22-09-2023,BR54,USA,Dallas,CUST5249,PROD923,Tablet,Lenovo Tab P11,Sony,5,1349.13,0.28,0.18,5731.1,Cash,In-Store,EMP403,2,0,Same Day,1,GBP
ORD110590,21-02-2024,BR15,UAE,Abu Dhabi,CUST7541,PROD620,Mobile,iPhone 14,Sony,2,914.78,0.01,0.18,2137.29,Cash,In-Store,EMP769,2,0,Same Day,1,GBP
ORD110591,15-03-2024,BR87,Germany,Berlin,CUST4862,PROD505,Laptop,Dell XPS 13,Apple,1,1821.56,0,0.18,2149.44,Net Banking,Online,EMP753,3,0,Same Day,5,GBP
ORD110592,18-06-2024,BR99,UAE,Abu Dhabi,CUST2984,PROD980,Accessories,Wireless Mouse,HP,3,540.61,0.18,0.18,1569.28,Net Banking,Online,EMP726,3,0,Express,6,INR
ORD110593,06-09-2024,BR70,Germany,Hamburg,CUST9009,PROD267,Mobile,OnePlus 11,OnePlus,3,1200.79,0.08,0.18,3910.73,Net Banking,Online,EMP776,0,0,Standard,5,AED
ORD110594,29-10-2024,BR32,Germany,Munich,CUST2407,PROD497,Accessories,Keyboard,Dell,5,1845.05,0.09,0.18,9906.07,Debit Card,Online,EMP239,1,0,Standard,1,USD
ORD110595,13-04-2024,BR74,USA,Los Angeles,CUST3745,PROD536,Accessories,Bluetooth Headphones,Lenovo,4,1904.43,0.29,0.18,6382.13,Cash,In-Store,EMP775,1,1,Express,3,GBP
ORD110596,04-09-2024,BR83,UAE,Abu Dhabi,CUST7367,PROD364,Laptop,MacBook Air M2,LG,2,1764.89,0.11,0.18,3706.97,Cash,Online,EMP866,0,0,Standard,5,GBP
ORD110597,08-07-2024,BR59,Germany,Hamburg,CUST5306,PROD678,TV,LG OLED 48,Apple,1,1288.7,0.23,0.18,1170.91,Net Banking,Online,EMP674,1,0,Express,2,GBP
ORD110598,17-06-2024,BR65,USA,Dallas,CUST8420,PROD306,Tablet,iPad Air,Samsung,2,1994.57,0.24,0.18,3577.46,UPI,Online,EMP221,3,1,Standard,7,EUR
ORD110599,16-08-2023,BR58,USA,New York,CUST9728,PROD908,TV,LG OLED 48,Sony,1,1640.73,0.18,0.18,1587.57,UPI,Online,EMP774,2,1,Express,8,AED
ORD110600,12-05-2023,BR2,UAE,Dubai,CUST9980,PROD780,Laptop,MacBook Air M2,OnePlus,3,1866.7,0.12,0.18,5815.14,Debit Card,In-Store,EMP203,3,0,Express,1,EUR
ORD110601,28-10-2023,BR31,UAE,Dubai,CUST5345,PROD200,Mobile,Samsung Galaxy S23,HP,5,1678.83,0.28,0.18,7131.67,UPI,In-Store,EMP309,2,1,Standard,5,EUR
ORD110602,16-10-2023,BR70,UK,London,CUST6741,PROD800,Laptop,HP Spectre x360,Apple,4,1507.74,0.12,0.18,6262.55,Net Banking,In-Store,EMP912,3,1,Express,5,INR
ORD110603,13-04-2024,BR10,India,Delhi,CUST4110,PROD718,Tablet,Samsung Galaxy Tab,OnePlus,1,581,0.08,0.18,630.73,UPI,In-Store,EMP889,1,1,Standard,3,AED
ORD110604,16-09-2023,BR28,USA,New York,CUST5361,PROD123,Tablet,iPad Air,OnePlus,5,1818.44,0.04,0.18,10299.64,Credit Card,Online,EMP643,0,0,Express,10,USD
ORD110605,13-08-2024,BR105,UK,Manchester,CUST4815,PROD861,Accessories,Keyboard,Dell,1,453.36,0.29,0.18,379.83,Cash,Online,EMP946,1,0,Standard,7,AED
ORD110606,29-08-2024,BR2,USA,New York,CUST6012,PROD434,Tablet,Samsung Galaxy Tab,Apple,4,186.66,0.24,0.18,669.59,UPI,In-Store,EMP659,3,0,Express,5,INR
ORD110607,25-03-2023,BR60,USA,Los Angeles,CUST7157,PROD774,Laptop,Dell XPS 13,Dell,3,871.36,0.05,0.18,2930.38,Credit Card,In-Store,EMP913,0,1,Same Day,3,EUR
ORD110608,14-02-2024,BR19,Germany,Hamburg,CUST6386,PROD451,Accessories,Bluetooth Headphones,Lenovo,4,420.08,0.22,0.18,1546.57,Cash,Online,EMP748,3,1,Express,8,INR
ORD110609,24-05-2023,BR104,India,Bangalore,CUST1474,PROD241,Accessories,Wireless Mouse,Dell,3,1893.75,0.06,0.18,6301.64,Cash,In-Store,EMP548,1,1,Same Day,8,USD
ORD110610,22-07-2023,BR85,India,Pune,CUST8596,PROD443,Tablet,Lenovo Tab P11,LG,4,1604.87,0.02,0.18,7423.49,Net Banking,Online,EMP266,1,1,Standard,9,EUR
ORD110611,06-03-2023,BR64,UAE,Abu Dhabi,CUST6921,PROD712,Laptop,MacBook Air M2,Samsung,5,1780.17,0,0.18,10503,Credit Card,Online,EMP441,3,0,Same Day,4,GBP
ORD110612,01-08-2023,BR97,UK,Birmingham,CUST1420,PROD562,Tablet,Samsung Galaxy Tab,Dell,5,1764.67,0.17,0.18,8641.59,Cash,Online,EMP271,3,0,Same Day,4,AED
ORD110613,08-01-2024,BR69,USA,Los Angeles,CUST1612,PROD939,Mobile,iPhone 14,LG,5,1615.69,0.29,0.18,6768.13,Net Banking,In-Store,EMP882,1,0,Same Day,10,AED
ORD110614,08-11-2023,BR117,UK,Birmingham,CUST3242,PROD866,Accessories,Wireless Mouse,Samsung,2,1101.33,0.04,0.18,2495.17,Debit Card,Online,EMP301,3,1,Express,5,AED
ORD110615,04-11-2024,BR74,UK,Manchester,CUST6965,PROD425,Accessories,Wireless Mouse,HP,2,1892.69,0.14,0.18,3841.4,Debit Card,Online,EMP379,1,0,Same Day,4,INR
ORD110616,29-02-2024,BR95,Germany,Munich,CUST3056,PROD271,Mobile,Samsung Galaxy S23,LG,3,1264.44,0.23,0.18,3446.61,Net Banking,Online,EMP386,1,0,Express,2,AED
ORD110617,08-07-2023,BR108,Germany,Berlin,CUST8517,PROD594,Accessories,Wireless Mouse,Lenovo,2,1804.04,0.14,0.18,3661.48,Cash,In-Store,EMP602,2,1,Same Day,4,GBP
ORD110618,08-08-2024,BR19,UAE,Abu Dhabi,CUST2829,PROD312,Laptop,Dell XPS 13,Dell,4,970.58,0.05,0.18,4352.08,Net Banking,In-Store,EMP343,0,0,Standard,3,USD
ORD110619,21-07-2024,BR72,UAE,Abu Dhabi,CUST9701,PROD448,Laptop,MacBook Air M2,HP,3,406.57,0.04,0.18,1381.69,UPI,In-Store,EMP250,0,1,Same Day,9,INR
ORD110620,05-01-2023,BR37,USA,New York,CUST2783,PROD182,Accessories,Wireless Mouse,Apple,4,1080,0.11,0.18,4536.86,Debit Card,In-Store,EMP710,0,1,Same Day,2,USD
ORD110621,02-05-2024,BR76,India,Bangalore,CUST8556,PROD784,Laptop,Dell XPS 13,OnePlus,2,980.81,0.25,0.18,1736.03,Debit Card,Online,EMP360,0,0,Express,4,GBP
ORD110622,10-05-2024,BR111,India,Mumbai,CUST4872,PROD690,Tablet,Samsung Galaxy Tab,Lenovo,5,71.15,0.08,0.18,386.2,Net Banking,In-Store,EMP252,0,0,Standard,7,EUR
ORD110623,18-11-2023,BR57,USA,Chicago,CUST6942,PROD502,Tablet,iPad Air,HP,2,477.09,0.19,0.18,912.01,Net Banking,In-Store,EMP837,0,0,Same Day,10,INR
ORD110624,22-10-2024,BR77,Germany,Berlin,CUST4681,PROD712,Accessories,Keyboard,Apple,2,644.25,0.1,0.18,1368.39,Credit Card,In-Store,EMP691,1,1,Standard,1,USD
ORD110625,05-03-2024,BR58,Germany,Berlin,CUST5088,PROD114,Accessories,Wireless Mouse,Samsung,1,1268.25,0.19,0.18,1212.19,Credit Card,In-Store,EMP727,2,0,Same Day,10,AED
ORD110626,28-12-2023,BR8,UAE,Abu Dhabi,CUST6430,PROD630,Mobile,Samsung Galaxy S23,Dell,4,1309.65,0.19,0.18,5007.05,Credit Card,In-Store,EMP302,0,0,Same Day,10,USD
ORD110627,22-08-2024,BR39,USA,Chicago,CUST9695,PROD697,Tablet,Lenovo Tab P11,Apple,3,1026.07,0.2,0.18,2905.83,Cash,In-Store,EMP473,3,0,Standard,7,INR
ORD110628,31-08-2024,BR12,UK,Birmingham,CUST5026,PROD882,TV,Sony Bravia 55,HP,5,931.23,0.29,0.18,3900.92,Debit Card,Online,EMP548,1,1,Express,8,GBP
ORD110629,15-05-2023,BR111,Germany,Hamburg,CUST8054,PROD615,TV,LG OLED 48,OnePlus,5,764.73,0.01,0.18,4466.79,Credit Card,Online,EMP481,3,1,Same Day,4,INR
ORD110630,10-10-2024,BR8,India,Delhi,CUST5072,PROD631,Accessories,Keyboard,Apple,5,1923.24,0.11,0.18,10098.93,Net Banking,In-Store,EMP526,2,0,Express,8,EUR
ORD110631,24-05-2023,BR89,Germany,Munich,CUST1887,PROD790,TV,Sony Bravia 55,OnePlus,1,300.52,0.27,0.18,258.87,Debit Card,Online,EMP552,1,1,Express,9,GBP
ORD110632,01-09-2023,BR14,UK,Birmingham,CUST2177,PROD984,Accessories,Wireless Mouse,Lenovo,3,88.39,0.21,0.18,247.19,Net Banking,Online,EMP554,0,1,Express,5,INR
ORD110633,06-10-2024,BR58,USA,New York,CUST8522,PROD683,Accessories,Bluetooth Headphones,Dell,4,854.99,0.21,0.18,3188.09,UPI,In-Store,EMP279,1,1,Standard,3,GBP
ORD110634,27-04-2023,BR33,Germany,Berlin,CUST9361,PROD475,Mobile,Samsung Galaxy S23,OnePlus,3,1919.82,0.07,0.18,6320.43,Net Banking,Online,EMP662,0,1,Express,4,INR
ORD110635,21-11-2024,BR41,USA,Los Angeles,CUST6036,PROD483,Mobile,Samsung Galaxy S23,Samsung,5,1033.72,0.25,0.18,4574.21,Debit Card,Online,EMP641,3,1,Standard,8,EUR
ORD110636,23-03-2023,BR8,India,Mumbai,CUST9959,PROD389,Tablet,iPad Air,OnePlus,1,1308.17,0.09,0.18,1404.71,UPI,Online,EMP487,0,0,Express,1,AED
ORD110637,22-05-2023,BR56,USA,New York,CUST1858,PROD107,Laptop,HP Spectre x360,Lenovo,2,1136.5,0.16,0.18,2253,Cash,In-Store,EMP820,1,0,Standard,1,GBP
ORD110638,08-03-2024,BR96,USA,Dallas,CUST8148,PROD703,TV,Sony Bravia 55,Samsung,5,469.53,0.12,0.18,2437.8,Cash,Online,EMP875,3,0,Standard,6,GBP
ORD110639,24-10-2024,BR4,UK,Birmingham,CUST6206,PROD113,Tablet,Lenovo Tab P11,Samsung,2,664.52,0.13,0.18,1364.39,Cash,Online,EMP902,0,0,Same Day,9,USD
ORD110640,14-01-2023,BR83,India,Pune,CUST5257,PROD949,Tablet,Samsung Galaxy Tab,HP,4,1515.62,0.26,0.18,5293.76,Net Banking,Online,EMP284,1,0,Express,3,AED
ORD110641,20-05-2023,BR120,USA,Chicago,CUST6506,PROD894,Accessories,Bluetooth Headphones,HP,5,1346.28,0.1,0.18,7148.75,Credit Card,In-Store,EMP450,2,1,Same Day,3,USD
ORD110642,05-10-2024,BR61,Germany,Berlin,CUST8423,PROD876,TV,Sony Bravia 55,Apple,4,1858.05,0.2,0.18,7016,Debit Card,In-Store,EMP576,1,0,Standard,2,INR
ORD110643,19-10-2024,BR61,Germany,Berlin,CUST9057,PROD454,Laptop,Dell XPS 13,Dell,3,772.54,0.13,0.18,2379.27,UPI,In-Store,EMP761,1,0,Express,7,USD
ORD110644,03-03-2023,BR90,USA,New York,CUST7368,PROD727,Tablet,Lenovo Tab P11,OnePlus,3,1144.53,0.13,0.18,3524.92,UPI,In-Store,EMP723,2,1,Same Day,4,GBP
ORD110645,03-12-2024,BR61,India,Mumbai,CUST4222,PROD292,Tablet,iPad Air,Sony,5,726.26,0.22,0.18,3342.25,Cash,Online,EMP633,1,0,Same Day,6,EUR
ORD110646,18-02-2023,BR11,USA,Chicago,CUST8281,PROD732,Laptop,MacBook Air M2,Apple,2,1484.11,0.18,0.18,2872.05,Credit Card,In-Store,EMP813,3,0,Express,9,INR
ORD110647,23-02-2023,BR47,India,Mumbai,CUST6870,PROD270,TV,LG OLED 48,Samsung,2,1117.17,0.03,0.18,2557.43,Net Banking,Online,EMP648,3,0,Same Day,6,INR
ORD110648,12-05-2024,BR112,USA,Dallas,CUST2554,PROD416,Tablet,Lenovo Tab P11,OnePlus,5,1466.96,0.11,0.18,7703.01,Cash,In-Store,EMP584,0,0,Standard,8,INR
ORD110649,14-09-2023,BR56,USA,Chicago,CUST6014,PROD110,Mobile,Samsung Galaxy S23,Sony,4,1979.82,0.26,0.18,6915.12,UPI,In-Store,EMP997,2,0,Express,7,GBP
ORD110650,07-05-2023,BR80,Germany,Hamburg,CUST6507,PROD668,Tablet,Lenovo Tab P11,Dell,3,197.93,0.29,0.18,497.48,Credit Card,Online,EMP367,2,0,Same Day,1,EUR
ORD110651,18-10-2024,BR31,Germany,Munich,CUST9890,PROD608,TV,Sony Bravia 55,OnePlus,3,60.18,0.15,0.18,181.08,UPI,In-Store,EMP674,3,0,Same Day,9,INR
ORD110652,28-06-2024,BR89,Germany,Hamburg,CUST6783,PROD161,Accessories,Bluetooth Headphones,HP,2,355.52,0.14,0.18,721.56,Cash,Online,EMP553,3,0,Express,2,EUR
ORD110653,20-08-2024,BR98,Germany,Munich,CUST6553,PROD815,Accessories,Keyboard,Dell,4,1482.01,0.17,0.18,5805.92,Debit Card,Online,EMP767,3,0,Standard,6,INR
ORD110654,21-09-2023,BR4,UAE,Abu Dhabi,CUST8384,PROD151,Accessories,Keyboard,OnePlus,2,930.67,0.03,0.18,2130.49,Credit Card,Online,EMP418,2,1,Same Day,3,USD
ORD110655,23-05-2024,BR37,UK,London,CUST3342,PROD310,Laptop,HP Spectre x360,LG,1,584.21,0.11,0.18,613.54,Debit Card,Online,EMP618,3,0,Same Day,4,INR
ORD110656,06-02-2023,BR2,UAE,Dubai,CUST8009,PROD304,Accessories,Keyboard,LG,3,1998.19,0.19,0.18,5729.61,Debit Card,Online,EMP986,3,1,Same Day,2,AED
ORD110657,15-04-2023,BR10,Germany,Berlin,CUST9672,PROD262,Accessories,Bluetooth Headphones,Dell,3,320.14,0.16,0.18,951.97,Debit Card,In-Store,EMP756,1,1,Express,9,AED
ORD110658,11-05-2024,BR57,USA,Los Angeles,CUST5313,PROD171,TV,Samsung QLED 50,OnePlus,4,564.11,0.18,0.18,2183.33,Debit Card,Online,EMP331,3,1,Express,3,EUR
ORD110659,15-06-2023,BR77,India,Pune,CUST4788,PROD377,Laptop,MacBook Air M2,Lenovo,3,1941.45,0.29,0.18,4879.64,UPI,Online,EMP848,0,1,Express,2,GBP
ORD110660,15-02-2024,BR103,USA,Dallas,CUST8704,PROD793,TV,Sony Bravia 55,Lenovo,3,839.34,0.25,0.18,2228.45,UPI,In-Store,EMP484,1,1,Express,3,INR
ORD110661,16-03-2023,BR96,UAE,Abu Dhabi,CUST8386,PROD430,TV,LG OLED 48,HP,2,1700.95,0.21,0.18,3171.25,Net Banking,In-Store,EMP296,0,1,Express,5,AED
ORD110662,27-03-2024,BR105,UK,Birmingham,CUST1595,PROD476,Mobile,iPhone 14,Dell,3,1077.39,0.19,0.18,3089.31,Credit Card,In-Store,EMP927,1,1,Express,2,GBP
ORD110663,31-08-2023,BR59,Germany,Hamburg,CUST2142,PROD992,Accessories,Keyboard,Lenovo,4,1039.85,0.28,0.18,3533.83,Net Banking,In-Store,EMP345,0,0,Express,4,EUR
ORD110664,27-03-2024,BR49,UK,Birmingham,CUST1433,PROD379,Accessories,Bluetooth Headphones,Samsung,1,1679.93,0.27,0.18,1447.09,Debit Card,In-Store,EMP489,1,0,Standard,8,EUR
ORD110665,17-06-2023,BR89,UK,London,CUST9626,PROD956,Mobile,OnePlus 11,OnePlus,2,488.15,0.19,0.18,933.15,Debit Card,Online,EMP644,0,1,Same Day,3,EUR
ORD110666,12-04-2023,BR1,USA,New York,CUST1688,PROD334,Mobile,iPhone 14,Sony,2,1338.02,0,0.18,3157.73,UPI,In-Store,EMP722,2,1,Same Day,6,AED
ORD110667,15-12-2024,BR79,USA,Dallas,CUST7294,PROD352,Accessories,Keyboard,Samsung,3,1093.59,0.21,0.18,3058.33,UPI,Online,EMP474,2,1,Standard,7,EUR
ORD110668,16-02-2024,BR76,UK,Manchester,CUST7246,PROD759,Accessories,Bluetooth Headphones,Lenovo,3,855.81,0.16,0.18,2544.84,Net Banking,In-Store,EMP664,2,0,Express,3,AED
ORD110669,27-04-2023,BR61,UAE,Abu Dhabi,CUST1978,PROD649,Mobile,OnePlus 11,Sony,3,668.18,0.23,0.18,1821.33,Net Banking,Online,EMP241,0,1,Same Day,7,AED
ORD110670,17-03-2024,BR54,Germany,Berlin,CUST1453,PROD798,Laptop,HP Spectre x360,Apple,1,1082.77,0.13,0.18,1111.57,Cash,Online,EMP469,0,0,Same Day,5,USD
ORD110671,25-08-2024,BR49,India,Pune,CUST7712,PROD441,Tablet,iPad Air,Lenovo,2,1912.61,0.23,0.18,3475.59,UPI,Online,EMP307,3,0,Same Day,8,EUR
ORD110672,17-07-2023,BR28,UK,London,CUST6984,PROD899,TV,Sony Bravia 55,Lenovo,3,228.23,0.03,0.18,783.7,Debit Card,In-Store,EMP337,1,1,Express,9,INR
ORD110673,19-12-2023,BR79,Germany,Munich,CUST3183,PROD914,Laptop,MacBook Air M2,Apple,5,602.69,0.04,0.18,3413.64,Debit Card,Online,EMP345,2,0,Same Day,9,AED
ORD110674,23-07-2024,BR79,India,Delhi,CUST6188,PROD406,Mobile,Samsung Galaxy S23,OnePlus,5,236.71,0.22,0.18,1089.34,Net Banking,Online,EMP871,3,0,Express,9,AED
ORD110675,12-08-2024,BR85,UK,London,CUST9989,PROD189,TV,Samsung QLED 50,Apple,5,398.69,0.18,0.18,1928.86,Net Banking,In-Store,EMP912,3,1,Express,3,AED
ORD110676,19-10-2023,BR106,Germany,Berlin,CUST2470,PROD398,Accessories,Keyboard,Apple,3,1858.53,0.11,0.18,5855.48,Credit Card,In-Store,EMP330,1,0,Express,9,INR
ORD110677,01-05-2024,BR22,Germany,Hamburg,CUST2952,PROD871,Accessories,Bluetooth Headphones,LG,3,1620.95,0.05,0.18,5451.25,Credit Card,In-Store,EMP217,2,1,Express,2,AED
ORD110678,14-12-2023,BR72,UK,Birmingham,CUST3328,PROD753,Mobile,iPhone 14,OnePlus,4,1153.57,0.23,0.18,4192.53,Debit Card,Online,EMP712,0,1,Standard,8,INR
ORD110679,15-10-2024,BR63,UK,Birmingham,CUST3692,PROD951,Accessories,Wireless Mouse,OnePlus,1,989.44,0.16,0.18,980.73,Debit Card,In-Store,EMP434,1,1,Standard,1,EUR
ORD110680,30-03-2023,BR17,UAE,Dubai,CUST5513,PROD486,Mobile,iPhone 14,Lenovo,3,1932.1,0.21,0.18,5403.31,Debit Card,Online,EMP228,2,0,Express,2,EUR
ORD110681,10-11-2024,BR55,USA,Dallas,CUST3294,PROD985,TV,LG OLED 48,HP,3,1500.45,0.24,0.18,4036.81,Debit Card,Online,EMP812,1,1,Standard,7,AED
ORD110682,16-08-2024,BR87,Germany,Munich,CUST6375,PROD210,TV,Samsung QLED 50,HP,3,123.08,0.27,0.18,318.06,Net Banking,In-Store,EMP846,2,1,Standard,4,GBP
ORD110683,17-02-2023,BR30,UAE,Dubai,CUST1927,PROD806,TV,Sony Bravia 55,Apple,4,244.79,0.25,0.18,866.56,Credit Card,In-Store,EMP677,0,1,Standard,5,INR
ORD110684,27-09-2023,BR119,UAE,Abu Dhabi,CUST6678,PROD365,Mobile,iPhone 14,Apple,1,1365.75,0.21,0.18,1273.15,Cash,Online,EMP684,2,1,Standard,2,EUR
ORD110685,14-04-2023,BR117,UK,Manchester,CUST1122,PROD818,Mobile,iPhone 14,Samsung,2,1752.85,0.12,0.18,3640.32,Cash,Online,EMP802,3,1,Express,9,EUR
ORD110686,21-05-2024,BR45,USA,New York,CUST4220,PROD490,Accessories,Keyboard,Apple,3,1339.71,0.23,0.18,3651.78,UPI,Online,EMP985,1,0,Express,10,USD
ORD110687,11-11-2024,BR105,USA,New York,CUST2143,PROD191,TV,Samsung QLED 50,LG,1,465.19,0.04,0.18,526.97,Net Banking,Online,EMP767,1,1,Same Day,8,AED
ORD110688,19-05-2024,BR76,USA,New York,CUST4644,PROD621,Accessories,Bluetooth Headphones,HP,2,1971.11,0.25,0.18,3488.86,Debit Card,In-Store,EMP750,2,0,Same Day,5,EUR
ORD110689,22-04-2023,BR3,Germany,Berlin,CUST7404,PROD928,Mobile,Samsung Galaxy S23,Dell,1,1010.48,0.05,0.18,1132.75,UPI,In-Store,EMP503,1,0,Same Day,6,AED
ORD110690,25-05-2024,BR78,USA,New York,CUST6612,PROD548,Tablet,Lenovo Tab P11,Samsung,1,499.47,0.18,0.18,483.29,Net Banking,Online,EMP860,0,1,Express,4,USD
ORD110691,09-01-2024,BR116,UK,Birmingham,CUST1826,PROD199,Tablet,iPad Air,Dell,3,313.18,0,0.18,1108.66,UPI,Online,EMP798,2,0,Standard,2,EUR
ORD110692,19-04-2023,BR24,India,Pune,CUST3317,PROD242,Mobile,OnePlus 11,Samsung,2,255.67,0.05,0.18,573.21,UPI,Online,EMP796,1,0,Same Day,6,GBP
ORD110693,25-08-2023,BR3,Germany,Munich,CUST9997,PROD485,Accessories,Wireless Mouse,Dell,3,705.28,0.27,0.18,1822.58,Credit Card,Online,EMP205,2,1,Same Day,5,EUR
ORD110694,14-01-2023,BR34,UAE,Abu Dhabi,CUST7727,PROD322,Accessories,Bluetooth Headphones,HP,5,220.48,0.23,0.18,1001.64,Credit Card,Online,EMP766,0,0,Same Day,6,GBP
ORD110695,26-10-2024,BR74,India,Bangalore,CUST9158,PROD833,Laptop,Dell XPS 13,Dell,2,1663.83,0.1,0.18,3533.97,Debit Card,Online,EMP654,3,1,Standard,6,INR
ORD110696,04-08-2024,BR113,UK,London,CUST8108,PROD868,Laptop,MacBook Air M2,Sony,1,1461.75,0.22,0.18,1345.39,Net Banking,In-Store,EMP297,3,0,Express,7,USD
ORD110697,16-08-2023,BR93,Germany,Munich,CUST1864,PROD891,Mobile,iPhone 14,LG,2,1757.72,0.13,0.18,3608.95,Cash,In-Store,EMP589,1,0,Same Day,6,USD
ORD110698,23-08-2024,BR65,UAE,Abu Dhabi,CUST5942,PROD969,TV,Sony Bravia 55,OnePlus,3,176.17,0.02,0.18,611.17,UPI,Online,EMP829,3,0,Express,2,INR
ORD110699,30-10-2023,BR79,USA,Los Angeles,CUST3615,PROD222,Mobile,iPhone 14,Lenovo,4,451.92,0.14,0.18,1834.43,Net Banking,In-Store,EMP556,0,1,Same Day,8,AED
ORD110700,11-10-2024,BR81,USA,Chicago,CUST2480,PROD990,Mobile,OnePlus 11,Sony,4,1918.34,0.13,0.18,7877.47,Debit Card,In-Store,EMP724,3,1,Express,8,AED
ORD110701,10-11-2024,BR24,India,Mumbai,CUST9102,PROD361,Laptop,HP Spectre x360,HP,4,1547.55,0.28,0.18,5259.19,Credit Card,Online,EMP505,3,0,Standard,1,GBP
ORD110702,07-01-2023,BR40,UAE,Dubai,CUST6684,PROD672,Tablet,Lenovo Tab P11,OnePlus,2,833.9,0.21,0.18,1554.72,Net Banking,In-Store,EMP915,3,1,Same Day,9,EUR
ORD110703,05-09-2023,BR119,USA,Los Angeles,CUST1617,PROD790,Mobile,iPhone 14,Apple,2,858.38,0.27,0.18,1478.82,Net Banking,In-Store,EMP612,0,1,Same Day,6,GBP
ORD110704,17-11-2024,BR105,Germany,Berlin,CUST8729,PROD683,Tablet,iPad Air,HP,3,1967.04,0.15,0.18,5918.82,UPI,Online,EMP356,2,1,Standard,10,INR
ORD110705,25-08-2024,BR26,Germany,Berlin,CUST1706,PROD690,Mobile,iPhone 14,LG,3,1887.74,0.16,0.18,5613.38,UPI,Online,EMP589,1,1,Same Day,2,INR
ORD110706,16-08-2024,BR71,USA,Los Angeles,CUST6392,PROD530,TV,Samsung QLED 50,HP,1,1362.7,0.17,0.18,1334.63,Credit Card,In-Store,EMP849,3,1,Express,6,INR
ORD110707,20-10-2024,BR1,USA,New York,CUST6794,PROD831,Laptop,MacBook Air M2,Lenovo,5,459.97,0.1,0.18,2442.44,Credit Card,Online,EMP254,2,0,Standard,1,AED
ORD110708,17-03-2024,BR110,Germany,Berlin,CUST4905,PROD524,Mobile,iPhone 14,Lenovo,4,1738.69,0.2,0.18,6565.29,Net Banking,In-Store,EMP709,2,1,Same Day,8,USD
ORD110709,21-07-2024,BR108,UAE,Abu Dhabi,CUST8956,PROD164,Laptop,HP Spectre x360,Lenovo,5,1614.43,0.28,0.18,6858.1,Cash,In-Store,EMP485,2,1,Standard,3,AED
ORD110710,08-09-2024,BR75,UAE,Abu Dhabi,CUST7232,PROD159,TV,LG OLED 48,Dell,3,877,0.13,0.18,2700.98,Net Banking,In-Store,EMP885,1,0,Express,10,AED
ORD110711,16-07-2024,BR59,India,Bangalore,CUST9454,PROD896,Tablet,Samsung Galaxy Tab,Samsung,3,1242.27,0.09,0.18,4001.85,Cash,Online,EMP460,2,1,Same Day,7,GBP
ORD110712,16-08-2024,BR103,India,Bangalore,CUST4135,PROD773,Tablet,Lenovo Tab P11,Apple,4,339.98,0.06,0.18,1508.42,UPI,Online,EMP814,0,0,Same Day,10,AED
ORD110713,07-10-2024,BR37,India,Delhi,CUST3850,PROD786,Tablet,iPad Air,HP,1,1625.44,0.21,0.18,1515.24,Credit Card,In-Store,EMP716,0,1,Same Day,2,GBP
ORD110714,20-09-2024,BR53,India,Mumbai,CUST2713,PROD868,Accessories,Wireless Mouse,Samsung,1,1066.52,0.21,0.18,994.21,Net Banking,In-Store,EMP874,3,1,Standard,10,AED
ORD110715,14-09-2024,BR38,Germany,Berlin,CUST9096,PROD930,Mobile,iPhone 14,Samsung,1,68.83,0.07,0.18,75.53,Cash,Online,EMP638,3,1,Standard,9,USD
ORD110716,14-03-2024,BR88,UAE,Abu Dhabi,CUST3056,PROD975,Accessories,Bluetooth Headphones,Lenovo,1,1617.33,0.17,0.18,1584.01,Credit Card,In-Store,EMP720,2,1,Express,1,INR
ORD110717,10-05-2023,BR68,UK,Manchester,CUST5742,PROD548,Tablet,Lenovo Tab P11,Apple,5,74.07,0.18,0.18,358.35,Net Banking,In-Store,EMP996,2,0,Express,3,EUR
ORD110718,26-05-2024,BR5,Germany,Berlin,CUST2100,PROD331,Accessories,Bluetooth Headphones,Lenovo,4,585.42,0.2,0.18,2210.55,Net Banking,In-Store,EMP832,2,1,Express,4,GBP
ORD110719,05-12-2023,BR53,India,Mumbai,CUST4819,PROD257,Tablet,iPad Air,Dell,3,754.85,0.09,0.18,2431.67,Net Banking,Online,EMP927,0,1,Standard,8,GBP
ORD110720,30-06-2024,BR27,Germany,Munich,CUST6623,PROD645,Mobile,iPhone 14,Sony,4,1561.01,0.07,0.18,6852.21,Credit Card,Online,EMP529,2,1,Same Day,2,USD
ORD110721,14-01-2023,BR113,USA,Los Angeles,CUST2355,PROD476,Accessories,Wireless Mouse,Sony,3,1294.98,0.27,0.18,3346.49,Credit Card,In-Store,EMP534,3,0,Standard,5,AED
ORD110722,13-02-2024,BR71,UK,Manchester,CUST4617,PROD170,Laptop,MacBook Air M2,Dell,3,1020.01,0.13,0.18,3141.43,Debit Card,Online,EMP775,0,1,Standard,9,AED
ORD110723,19-04-2023,BR62,UAE,Dubai,CUST3657,PROD164,TV,Samsung QLED 50,Lenovo,2,1645.57,0.28,0.18,2796.15,Debit Card,In-Store,EMP277,3,1,Express,4,GBP
ORD110724,11-01-2024,BR51,USA,Dallas,CUST3268,PROD230,Mobile,OnePlus 11,Dell,4,1908.32,0.27,0.18,6575.31,Debit Card,Online,EMP624,3,1,Same Day,3,EUR
ORD110725,12-02-2023,BR96,UAE,Abu Dhabi,CUST4000,PROD643,TV,LG OLED 48,LG,2,625.55,0.24,0.18,1121.99,Credit Card,Online,EMP466,0,0,Same Day,9,USD
ORD110726,07-12-2024,BR104,India,Bangalore,CUST7855,PROD605,TV,Sony Bravia 55,OnePlus,3,569.63,0.05,0.18,1915.67,Debit Card,Online,EMP543,3,1,Standard,1,AED
ORD110727,18-05-2023,BR119,India,Mumbai,CUST7312,PROD244,Mobile,iPhone 14,Samsung,5,410.68,0.06,0.18,2277.63,Net Banking,Online,EMP530,3,0,Standard,3,GBP
ORD110728,26-07-2023,BR9,Germany,Berlin,CUST4513,PROD526,Accessories,Bluetooth Headphones,Lenovo,4,1687.14,0.01,0.18,7883.67,Credit Card,In-Store,EMP276,1,1,Same Day,3,AED
ORD110729,25-05-2023,BR8,Germany,Munich,CUST4235,PROD188,TV,Samsung QLED 50,Sony,5,1995.62,0.28,0.18,8477.39,Debit Card,In-Store,EMP355,0,1,Same Day,3,AED
ORD110730,05-02-2023,BR22,India,Bangalore,CUST9920,PROD788,Mobile,OnePlus 11,Sony,4,954.17,0.02,0.18,4413.61,Net Banking,Online,EMP892,1,0,Same Day,5,GBP
ORD110731,12-12-2023,BR22,India,Bangalore,CUST5568,PROD888,Accessories,Wireless Mouse,Samsung,2,1742.76,0.14,0.18,3537.11,Cash,Online,EMP585,2,0,Express,10,USD
ORD110732,06-06-2023,BR74,UK,London,CUST6785,PROD279,Tablet,Samsung Galaxy Tab,Lenovo,2,807.45,0.26,0.18,1410.13,Cash,In-Store,EMP601,1,0,Same Day,6,GBP
ORD110733,04-09-2023,BR4,USA,Dallas,CUST6957,PROD567,Accessories,Bluetooth Headphones,Lenovo,2,911.92,0.11,0.18,1915.4,Net Banking,Online,EMP958,3,1,Standard,7,EUR
ORD110734,20-08-2024,BR30,USA,Los Angeles,CUST5969,PROD436,Mobile,OnePlus 11,HP,2,1657.4,0.25,0.18,2933.6,Credit Card,In-Store,EMP820,3,1,Express,10,AED
ORD110735,08-07-2023,BR40,India,Mumbai,CUST4973,PROD987,TV,Samsung QLED 50,Lenovo,3,1479.57,0,0.18,5237.68,Credit Card,In-Store,EMP982,3,1,Standard,9,AED
ORD110736,28-08-2024,BR118,UAE,Abu Dhabi,CUST9460,PROD578,Tablet,iPad Air,Apple,2,483.68,0.2,0.18,913.19,Net Banking,Online,EMP825,1,0,Same Day,6,GBP
ORD110737,09-07-2024,BR99,India,Delhi,CUST4588,PROD833,TV,LG OLED 48,OnePlus,2,153.92,0.29,0.18,257.91,Cash,In-Store,EMP230,2,1,Same Day,1,AED
ORD110738,21-10-2024,BR15,India,Pune,CUST2905,PROD430,Tablet,iPad Air,Sony,5,346.93,0.04,0.18,1965.01,Cash,Online,EMP606,2,1,Same Day,9,EUR
ORD110739,26-08-2024,BR12,USA,Los Angeles,CUST1037,PROD974,Tablet,Lenovo Tab P11,OnePlus,4,882.31,0.3,0.18,2915.15,Credit Card,In-Store,EMP576,1,1,Standard,6,EUR
ORD110740,04-01-2023,BR16,USA,New York,CUST8228,PROD386,TV,LG OLED 48,Sony,4,1696.48,0.06,0.18,7526.94,Debit Card,In-Store,EMP723,0,1,Same Day,8,EUR
ORD110741,06-09-2024,BR23,India,Pune,CUST9578,PROD993,Accessories,Wireless Mouse,OnePlus,2,1739.78,0.28,0.18,2956.23,Net Banking,Online,EMP975,2,1,Standard,9,EUR
ORD110742,16-06-2024,BR37,Germany,Munich,CUST7756,PROD318,Laptop,MacBook Air M2,OnePlus,1,999.42,0.25,0.18,884.49,Cash,Online,EMP979,3,0,Same Day,2,USD
ORD110743,09-07-2024,BR104,India,Pune,CUST9622,PROD360,Laptop,Dell XPS 13,HP,4,65.33,0.1,0.18,277.52,Credit Card,Online,EMP207,0,1,Standard,8,GBP
ORD110744,12-04-2024,BR6,UK,Birmingham,CUST5398,PROD841,TV,Sony Bravia 55,Lenovo,1,332.23,0.21,0.18,309.7,Cash,Online,EMP780,1,0,Same Day,7,INR
ORD110745,11-02-2024,BR7,Germany,Hamburg,CUST4870,PROD301,TV,Samsung QLED 50,Samsung,5,418.11,0.02,0.18,2417.51,Net Banking,In-Store,EMP589,2,1,Express,5,INR
ORD110746,28-01-2023,BR71,Germany,Berlin,CUST5462,PROD901,TV,Samsung QLED 50,Apple,3,190.1,0.1,0.18,605.66,Net Banking,Online,EMP229,2,1,Standard,9,EUR
ORD110747,02-11-2023,BR25,USA,Chicago,CUST5010,PROD479,Mobile,Samsung Galaxy S23,Samsung,5,142.63,0.22,0.18,656.38,Credit Card,In-Store,EMP678,0,0,Same Day,2,INR
ORD110748,23-09-2024,BR24,UK,Birmingham,CUST7476,PROD710,Laptop,HP Spectre x360,Sony,2,1968.24,0.12,0.18,4087.64,UPI,In-Store,EMP854,2,0,Express,8,INR
ORD110749,22-10-2023,BR14,USA,Chicago,CUST7080,PROD267,TV,Samsung QLED 50,Lenovo,2,1377.73,0.1,0.18,2926.3,Credit Card,Online,EMP496,1,1,Express,9,AED
ORD110750,23-09-2023,BR110,UAE,Dubai,CUST1433,PROD177,Mobile,OnePlus 11,OnePlus,5,829.52,0.04,0.18,4698.4,Debit Card,In-Store,EMP742,3,1,Express,10,GBP
ORD110751,25-06-2023,BR113,Germany,Berlin,CUST6914,PROD415,Tablet,Samsung Galaxy Tab,Dell,3,1537.37,0.18,0.18,4462.68,Cash,Online,EMP964,0,1,Same Day,7,GBP
ORD110752,05-12-2023,BR105,USA,Chicago,CUST9125,PROD909,Tablet,iPad Air,HP,5,1665.26,0.14,0.18,8449.53,Cash,Online,EMP390,3,1,Same Day,3,USD
ORD110753,29-07-2023,BR103,UAE,Dubai,CUST4181,PROD136,Laptop,Dell XPS 13,OnePlus,2,61.87,0.23,0.18,112.43,UPI,Online,EMP969,0,1,Same Day,7,EUR
ORD110754,15-10-2023,BR24,UAE,Dubai,CUST8376,PROD939,TV,Samsung QLED 50,Samsung,2,457.56,0.2,0.18,863.87,Cash,In-Store,EMP311,1,1,Same Day,8,EUR
ORD110755,15-06-2024,BR3,Germany,Hamburg,CUST1086,PROD393,Tablet,iPad Air,Sony,5,502.9,0.05,0.18,2818.75,UPI,Online,EMP428,0,1,Standard,10,USD
ORD110756,08-07-2023,BR73,UAE,Dubai,CUST9039,PROD219,TV,Samsung QLED 50,HP,5,119.73,0.25,0.18,529.81,Debit Card,In-Store,EMP587,2,0,Express,9,AED
ORD110757,24-07-2024,BR25,India,Mumbai,CUST9113,PROD257,Tablet,Samsung Galaxy Tab,Samsung,2,66.02,0.27,0.18,113.74,Cash,In-Store,EMP967,2,0,Same Day,4,USD
ORD110758,14-07-2023,BR41,Germany,Hamburg,CUST2526,PROD112,Laptop,MacBook Air M2,Apple,5,127.64,0.18,0.18,617.52,UPI,In-Store,EMP349,0,0,Standard,3,INR
ORD110759,16-02-2024,BR104,UAE,Abu Dhabi,CUST8479,PROD966,Tablet,iPad Air,LG,4,1264.47,0.24,0.18,4535.91,Cash,Online,EMP242,3,0,Standard,8,EUR
ORD110760,23-06-2024,BR77,Germany,Hamburg,CUST6431,PROD329,Tablet,Lenovo Tab P11,Apple,4,1028.3,0.14,0.18,4174.08,UPI,Online,EMP792,2,0,Standard,5,USD
ORD110761,11-06-2024,BR102,Germany,Berlin,CUST6724,PROD118,Tablet,Lenovo Tab P11,Sony,5,1228.48,0.16,0.18,6088.35,Credit Card,Online,EMP718,1,0,Express,5,USD
ORD110762,07-07-2024,BR1,India,Bangalore,CUST2895,PROD865,Tablet,Lenovo Tab P11,Samsung,1,1850.79,0.03,0.18,2118.41,Net Banking,In-Store,EMP394,3,1,Same Day,2,GBP
ORD110763,17-04-2023,BR25,USA,Los Angeles,CUST5330,PROD759,Mobile,iPhone 14,Apple,5,916.91,0.19,0.18,4381.91,UPI,In-Store,EMP299,2,0,Express,10,GBP
ORD110764,18-07-2024,BR91,UAE,Dubai,CUST9227,PROD473,Accessories,Bluetooth Headphones,Sony,4,1418.23,0.22,0.18,5221.36,UPI,Online,EMP445,0,0,Same Day,10,GBP
ORD110765,13-10-2023,BR19,UK,London,CUST6501,PROD706,Mobile,iPhone 14,Apple,4,1913.74,0.03,0.18,8761.87,Net Banking,Online,EMP570,2,0,Standard,4,AED
ORD110766,24-02-2023,BR100,Germany,Munich,CUST1611,PROD702,Mobile,iPhone 14,Samsung,5,1245.86,0.14,0.18,6321.49,UPI,In-Store,EMP600,0,0,Same Day,4,USD
ORD110767,15-06-2024,BR43,UAE,Dubai,CUST3929,PROD470,Accessories,Keyboard,Sony,5,1934.16,0.12,0.18,10042.16,Credit Card,Online,EMP354,0,1,Standard,9,EUR
ORD110768,10-09-2023,BR70,India,Delhi,CUST7453,PROD699,Accessories,Keyboard,Sony,4,941.9,0.2,0.18,3556.61,UPI,In-Store,EMP248,1,1,Standard,4,AED
ORD110769,15-04-2023,BR106,USA,Chicago,CUST2100,PROD573,Accessories,Bluetooth Headphones,HP,4,397.51,0.22,0.18,1463.47,UPI,In-Store,EMP352,2,1,Same Day,9,USD
ORD110770,25-03-2024,BR77,Germany,Berlin,CUST4777,PROD967,Accessories,Bluetooth Headphones,OnePlus,5,235.58,0.22,0.18,1084.14,Credit Card,Online,EMP991,3,1,Standard,3,INR
ORD110771,29-02-2024,BR81,Germany,Hamburg,CUST8326,PROD157,Accessories,Wireless Mouse,OnePlus,4,805.75,0.11,0.18,3384.79,Debit Card,In-Store,EMP794,1,1,Standard,4,EUR
ORD110772,26-03-2023,BR116,UK,Manchester,CUST2915,PROD541,Mobile,OnePlus 11,OnePlus,2,832.26,0.25,0.18,1473.1,UPI,In-Store,EMP623,2,1,Same Day,3,GBP
ORD110773,23-05-2024,BR81,Germany,Munich,CUST2703,PROD282,Mobile,OnePlus 11,LG,5,1780.84,0.12,0.18,9246.12,Cash,In-Store,EMP291,0,0,Same Day,5,GBP
ORD110774,18-09-2023,BR70,UAE,Abu Dhabi,CUST5646,PROD247,Mobile,OnePlus 11,Samsung,3,83.11,0.19,0.18,238.31,UPI,Online,EMP414,0,0,Standard,7,GBP
ORD110775,12-10-2024,BR1,USA,New York,CUST7299,PROD936,TV,Samsung QLED 50,Sony,4,852.14,0.09,0.18,3660.11,Net Banking,Online,EMP350,2,1,Standard,1,GBP
ORD110776,19-12-2024,BR58,Germany,Hamburg,CUST6238,PROD968,Tablet,iPad Air,OnePlus,2,179.76,0.08,0.18,390.29,Credit Card,In-Store,EMP934,0,0,Express,4,USD
ORD110777,31-12-2023,BR45,India,Bangalore,CUST6214,PROD380,Mobile,iPhone 14,LG,4,635.56,0.06,0.18,2819.85,Net Banking,Online,EMP801,2,1,Express,7,AED
ORD110778,24-12-2024,BR114,UK,Birmingham,CUST4887,PROD878,Accessories,Wireless Mouse,Apple,5,1046.22,0.1,0.18,5555.43,Debit Card,In-Store,EMP657,2,1,Standard,5,GBP
ORD110779,13-12-2024,BR22,UK,Birmingham,CUST9419,PROD402,Accessories,Keyboard,HP,3,1020.7,0.19,0.18,2926.76,UPI,In-Store,EMP416,2,1,Same Day,3,GBP
ORD110780,17-11-2023,BR78,UK,Manchester,CUST8685,PROD445,TV,Samsung QLED 50,LG,1,419.46,0.02,0.18,485.06,Debit Card,Online,EMP313,2,0,Standard,6,GBP
ORD110781,21-02-2023,BR36,UAE,Abu Dhabi,CUST7038,PROD468,Mobile,Samsung Galaxy S23,OnePlus,5,1292.23,0.09,0.18,6937.98,Credit Card,Online,EMP438,1,1,Same Day,5,GBP
ORD110782,24-05-2024,BR11,UAE,Abu Dhabi,CUST1012,PROD627,TV,Sony Bravia 55,HP,5,1313.81,0.2,0.18,6201.18,Net Banking,In-Store,EMP282,2,0,Same Day,3,EUR
ORD110783,02-09-2024,BR31,UK,London,CUST5140,PROD463,TV,Sony Bravia 55,Lenovo,3,1435.03,0.22,0.18,3962.4,Debit Card,In-Store,EMP556,0,1,Same Day,5,USD
ORD110784,06-09-2024,BR9,UAE,Dubai,CUST6965,PROD930,Mobile,Samsung Galaxy S23,Lenovo,1,724.04,0.13,0.18,743.3,Debit Card,Online,EMP302,2,1,Express,6,INR
ORD110785,25-09-2024,BR37,USA,New York,CUST6102,PROD692,Tablet,Lenovo Tab P11,Lenovo,2,1573.93,0.13,0.18,3231.59,Debit Card,In-Store,EMP929,3,0,Same Day,9,EUR
ORD110786,03-06-2023,BR10,UK,Birmingham,CUST1356,PROD423,Laptop,HP Spectre x360,Dell,2,1678.44,0.28,0.18,2852.01,Credit Card,Online,EMP743,3,0,Same Day,7,USD
ORD110787,11-09-2023,BR34,India,Bangalore,CUST9023,PROD292,Mobile,OnePlus 11,HP,5,1999.38,0.2,0.18,9437.07,UPI,Online,EMP922,1,1,Same Day,10,GBP
ORD110788,10-12-2023,BR106,UK,Manchester,CUST2864,PROD961,Tablet,Samsung Galaxy Tab,Dell,3,1578.86,0.07,0.18,5197.92,Credit Card,Online,EMP248,3,0,Express,8,INR
ORD110789,07-06-2023,BR44,India,Mumbai,CUST8916,PROD504,TV,LG OLED 48,HP,2,1923.49,0.12,0.18,3994.7,Debit Card,Online,EMP275,3,1,Same Day,8,GBP
ORD110790,25-09-2024,BR52,Germany,Munich,CUST3526,PROD133,Tablet,Lenovo Tab P11,Lenovo,5,1125.75,0.29,0.18,4715.77,Credit Card,In-Store,EMP781,0,1,Express,5,INR
ORD110791,14-11-2023,BR118,India,Bangalore,CUST4136,PROD657,Laptop,Dell XPS 13,Dell,1,520.48,0.28,0.18,442.2,Credit Card,Online,EMP502,0,1,Express,5,AED
ORD110792,29-06-2024,BR46,UAE,Abu Dhabi,CUST4697,PROD639,Laptop,Dell XPS 13,Samsung,3,703.72,0,0.18,2491.17,Credit Card,Online,EMP510,2,0,Standard,2,EUR
ORD110793,27-01-2023,BR17,UK,London,CUST2910,PROD316,Mobile,Samsung Galaxy S23,OnePlus,3,1928.11,0.15,0.18,5801.68,Net Banking,Online,EMP555,1,1,Express,9,AED
ORD110794,13-03-2024,BR80,UK,Manchester,CUST3416,PROD470,Tablet,iPad Air,Sony,1,596.38,0.04,0.18,675.58,Net Banking,In-Store,EMP620,3,1,Same Day,8,EUR
ORD110795,21-04-2024,BR99,India,Pune,CUST1446,PROD486,TV,Sony Bravia 55,Dell,5,787.92,0.13,0.18,4044.39,Credit Card,Online,EMP366,0,1,Standard,6,GBP
ORD110796,11-06-2023,BR26,Germany,Hamburg,CUST4769,PROD642,TV,Sony Bravia 55,Dell,2,1010.61,0.16,0.18,2003.43,Credit Card,Online,EMP626,2,1,Standard,8,GBP
ORD110797,24-11-2024,BR36,USA,Los Angeles,CUST4014,PROD785,Tablet,iPad Air,Apple,5,1316.16,0.27,0.18,5668.7,Cash,In-Store,EMP725,1,0,Express,5,GBP
ORD110798,20-02-2024,BR2,UK,Manchester,CUST4689,PROD830,Laptop,HP Spectre x360,HP,2,566.07,0.15,0.18,1135.54,Credit Card,Online,EMP406,0,0,Standard,8,AED
ORD110799,13-03-2023,BR116,India,Bangalore,CUST5775,PROD373,Tablet,Lenovo Tab P11,Sony,1,286.48,0.28,0.18,243.39,UPI,In-Store,EMP306,0,1,Express,6,GBP
ORD110800,31-08-2023,BR81,UK,Birmingham,CUST3384,PROD124,Laptop,MacBook Air M2,LG,1,916.85,0.03,0.18,1049.43,Cash,Online,EMP808,0,1,Same Day,1,EUR
ORD110801,25-09-2023,BR75,Germany,Munich,CUST9005,PROD650,Tablet,iPad Air,Apple,5,693.63,0.2,0.18,3273.93,Debit Card,Online,EMP548,1,0,Standard,7,USD
ORD110802,30-01-2023,BR24,UK,Manchester,CUST8169,PROD768,Laptop,MacBook Air M2,Dell,3,67,0.3,0.18,166.03,UPI,In-Store,EMP377,1,0,Express,9,EUR
ORD110803,06-06-2023,BR20,Germany,Berlin,CUST7982,PROD480,TV,LG OLED 48,OnePlus,4,194.84,0.13,0.18,800.09,UPI,In-Store,EMP488,2,0,Express,4,EUR
ORD110804,18-09-2024,BR14,UK,Birmingham,CUST2987,PROD875,Tablet,iPad Air,Dell,4,784.36,0.06,0.18,3480.05,Net Banking,In-Store,EMP458,0,1,Same Day,1,EUR
ORD110805,30-12-2024,BR38,India,Bangalore,CUST3095,PROD408,Laptop,Dell XPS 13,Lenovo,3,1958.49,0.26,0.18,5130.46,Net Banking,In-Store,EMP342,2,0,Standard,3,GBP
ORD110806,11-10-2024,BR114,India,Delhi,CUST8982,PROD794,Accessories,Keyboard,OnePlus,4,978.09,0.12,0.18,4062.59,Net Banking,Online,EMP642,0,1,Standard,8,AED
ORD110807,10-11-2024,BR30,USA,Chicago,CUST1040,PROD754,Tablet,Lenovo Tab P11,Apple,5,1731.83,0.08,0.18,9400.37,Cash,In-Store,EMP360,1,1,Standard,4,AED
ORD110808,20-05-2024,BR102,India,Delhi,CUST6415,PROD853,Accessories,Keyboard,HP,3,551.17,0.25,0.18,1463.36,Net Banking,In-Store,EMP710,3,1,Express,9,EUR
ORD110809,08-03-2024,BR9,UK,London,CUST3668,PROD699,Accessories,Keyboard,Dell,1,889.46,0.27,0.18,766.18,UPI,Online,EMP452,0,0,Same Day,9,USD
ORD110810,22-10-2023,BR22,UAE,Dubai,CUST6275,PROD361,Mobile,Samsung Galaxy S23,Dell,3,1051.49,0.1,0.18,3350.05,Credit Card,In-Store,EMP662,3,1,Express,7,EUR
ORD110811,20-05-2024,BR16,USA,Dallas,CUST4250,PROD944,Laptop,HP Spectre x360,HP,1,1623.87,0.18,0.18,1571.26,Net Banking,Online,EMP889,1,1,Standard,5,AED
ORD110812,23-12-2023,BR108,Germany,Munich,CUST6392,PROD306,Mobile,iPhone 14,HP,4,1911.53,0.03,0.18,8751.75,UPI,In-Store,EMP513,3,0,Same Day,8,INR
ORD110813,25-11-2024,BR113,UK,Manchester,CUST4232,PROD143,TV,LG OLED 48,Samsung,2,249.13,0.27,0.18,429.2,Net Banking,Online,EMP689,0,0,Express,8,EUR
ORD110814,19-01-2023,BR42,Germany,Berlin,CUST7542,PROD961,Accessories,Wireless Mouse,Lenovo,2,1732.51,0.07,0.18,3802.51,Net Banking,Online,EMP409,2,0,Same Day,7,EUR
ORD110815,16-12-2023,BR73,UK,London,CUST9945,PROD506,Accessories,Keyboard,OnePlus,5,319.29,0.18,0.18,1544.73,Cash,In-Store,EMP754,1,1,Same Day,6,GBP
ORD110816,07-12-2024,BR100,UK,Manchester,CUST3245,PROD928,Mobile,OnePlus 11,Samsung,5,1289.25,0.25,0.18,5704.93,Net Banking,Online,EMP782,0,0,Standard,9,GBP
ORD110817,31-12-2023,BR92,UK,London,CUST9326,PROD490,Tablet,iPad Air,Sony,4,1359.13,0.28,0.18,4618.87,Net Banking,In-Store,EMP210,3,0,Standard,9,AED
ORD110818,19-05-2024,BR56,UAE,Dubai,CUST7567,PROD791,Accessories,Keyboard,Sony,1,1273.4,0.11,0.18,1337.32,Credit Card,In-Store,EMP732,1,0,Standard,6,EUR
ORD110819,16-01-2023,BR18,USA,Chicago,CUST8092,PROD206,Laptop,MacBook Air M2,LG,4,1733.09,0.21,0.18,6462.35,UPI,In-Store,EMP388,1,0,Same Day,1,GBP
ORD110820,28-01-2024,BR114,UAE,Dubai,CUST9920,PROD610,Mobile,Samsung Galaxy S23,OnePlus,5,1042.19,0.28,0.18,4427.22,Cash,Online,EMP355,3,0,Same Day,2,USD
ORD110821,25-07-2024,BR32,Germany,Berlin,CUST7505,PROD820,TV,Samsung QLED 50,LG,2,766.82,0.26,0.18,1339.17,Credit Card,In-Store,EMP767,3,1,Standard,9,INR
ORD110822,19-10-2024,BR67,UAE,Abu Dhabi,CUST3072,PROD301,Laptop,HP Spectre x360,Sony,2,1374,0.01,0.18,3210.21,Net Banking,Online,EMP999,3,0,Standard,9,AED
ORD110823,15-06-2024,BR28,USA,Dallas,CUST1100,PROD223,Tablet,Lenovo Tab P11,OnePlus,2,616.59,0.02,0.18,1426.05,Net Banking,In-Store,EMP626,3,1,Same Day,4,USD
ORD110824,03-04-2024,BR116,Germany,Berlin,CUST4347,PROD889,Mobile,Samsung Galaxy S23,HP,3,647.54,0.23,0.18,1765.06,UPI,Online,EMP741,2,1,Express,3,GBP
ORD110825,03-09-2023,BR110,UAE,Dubai,CUST5341,PROD621,Accessories,Bluetooth Headphones,Sony,1,381.15,0.2,0.18,359.81,Credit Card,In-Store,EMP630,0,1,Express,3,EUR
ORD110826,08-08-2024,BR5,Germany,Berlin,CUST4231,PROD329,Laptop,Dell XPS 13,Apple,1,1974.7,0.03,0.18,2260.24,Credit Card,In-Store,EMP874,0,1,Express,6,USD
ORD110827,19-07-2024,BR35,UK,London,CUST6459,PROD374,Mobile,Samsung Galaxy S23,Dell,4,1400.59,0.15,0.18,5619.17,Net Banking,Online,EMP508,0,0,Same Day,7,GBP
ORD110828,19-06-2023,BR106,India,Pune,CUST6849,PROD485,Laptop,HP Spectre x360,LG,1,1033.11,0.18,0.18,999.64,Cash,Online,EMP401,2,1,Express,6,AED
ORD110829,27-11-2023,BR84,India,Mumbai,CUST2656,PROD122,Mobile,iPhone 14,Samsung,3,1015.72,0.17,0.18,2984.39,Debit Card,In-Store,EMP371,2,0,Standard,8,AED
ORD110830,02-05-2023,BR93,India,Pune,CUST1166,PROD147,TV,Sony Bravia 55,OnePlus,3,319.32,0.11,0.18,1006.05,Credit Card,In-Store,EMP382,0,1,Same Day,2,GBP
ORD110831,15-07-2024,BR108,USA,New York,CUST1586,PROD133,TV,LG OLED 48,Apple,5,862.2,0.24,0.18,3866.1,Cash,Online,EMP730,2,0,Standard,10,USD
ORD110832,29-08-2024,BR88,USA,New York,CUST1422,PROD288,Tablet,Samsung Galaxy Tab,Sony,5,1193.14,0.2,0.18,5631.62,UPI,In-Store,EMP884,1,0,Standard,1,USD
ORD110833,08-12-2024,BR7,India,Pune,CUST4701,PROD571,Mobile,Samsung Galaxy S23,OnePlus,4,963.43,0.19,0.18,3683.39,Cash,In-Store,EMP387,2,0,Same Day,7,INR
ORD110834,19-09-2023,BR45,UAE,Abu Dhabi,CUST6459,PROD412,Accessories,Keyboard,Dell,5,1735.01,0.25,0.18,7677.42,Net Banking,Online,EMP489,1,1,Express,9,GBP
ORD110835,11-12-2023,BR103,UAE,Dubai,CUST3357,PROD841,Accessories,Wireless Mouse,LG,5,493.62,0.13,0.18,2533.75,Debit Card,Online,EMP955,1,1,Standard,7,EUR
ORD110836,27-01-2023,BR10,UAE,Abu Dhabi,CUST7317,PROD344,TV,Sony Bravia 55,HP,2,558.11,0.06,0.18,1238.11,Debit Card,Online,EMP583,0,1,Same Day,3,AED
ORD110837,03-04-2024,BR52,USA,Los Angeles,CUST7621,PROD938,Accessories,Wireless Mouse,Lenovo,1,1764.77,0.24,0.18,1582.65,Net Banking,Online,EMP974,1,0,Same Day,3,EUR
ORD110838,10-08-2023,BR103,USA,Los Angeles,CUST8363,PROD849,Mobile,Samsung Galaxy S23,LG,4,679.22,0.19,0.18,2596.79,Net Banking,Online,EMP850,3,1,Same Day,8,GBP
ORD110839,06-08-2024,BR5,UAE,Dubai,CUST5430,PROD267,Mobile,Samsung Galaxy S23,Samsung,1,1212.37,0.23,0.18,1101.56,Cash,Online,EMP525,2,0,Express,7,EUR
ORD110840,26-04-2024,BR97,Germany,Munich,CUST4068,PROD231,Tablet,Lenovo Tab P11,Sony,3,999.33,0.1,0.18,3183.87,Net Banking,In-Store,EMP960,2,1,Express,8,INR
ORD110841,19-04-2024,BR82,Germany,Berlin,CUST6282,PROD850,Tablet,iPad Air,Sony,2,1219.58,0.09,0.18,2619.17,Cash,Online,EMP705,1,1,Express,1,USD
ORD110842,07-11-2023,BR37,UAE,Dubai,CUST9381,PROD291,Accessories,Wireless Mouse,LG,4,199.6,0.2,0.18,753.69,Debit Card,Online,EMP750,1,0,Same Day,7,USD
ORD110843,13-11-2024,BR13,USA,New York,CUST8536,PROD370,Tablet,iPad Air,LG,2,469.56,0.02,0.18,1086,Debit Card,In-Store,EMP940,2,0,Same Day,2,GBP
ORD110844,12-07-2023,BR26,Germany,Munich,CUST3447,PROD848,Mobile,iPhone 14,Dell,4,1280.91,0.14,0.18,5199.47,Credit Card,In-Store,EMP719,3,0,Standard,5,GBP
ORD110845,04-10-2024,BR99,UK,Manchester,CUST5976,PROD600,Accessories,Wireless Mouse,LG,1,1792.28,0.15,0.18,1797.66,Cash,Online,EMP389,1,1,Express,3,GBP
ORD110846,07-11-2023,BR63,India,Bangalore,CUST7127,PROD574,Mobile,Samsung Galaxy S23,Apple,2,1110.97,0.17,0.18,2176.17,Credit Card,In-Store,EMP833,2,1,Standard,7,USD
ORD110847,04-11-2023,BR75,USA,Dallas,CUST7999,PROD490,Mobile,Samsung Galaxy S23,Sony,3,728.82,0.16,0.18,2167.22,Credit Card,In-Store,EMP443,1,0,Express,1,AED
ORD110848,18-01-2023,BR101,UK,London,CUST7382,PROD273,Laptop,Dell XPS 13,Apple,5,1757.28,0.21,0.18,8190.68,Credit Card,In-Store,EMP461,0,0,Same Day,3,GBP
ORD110849,28-07-2024,BR13,India,Delhi,CUST2790,PROD624,TV,Sony Bravia 55,Lenovo,5,1104.45,0.13,0.18,5669.14,UPI,In-Store,EMP419,1,1,Express,9,USD
ORD110850,15-12-2024,BR53,UAE,Abu Dhabi,CUST8690,PROD960,TV,LG OLED 48,LG,5,1214.59,0.06,0.18,6736.12,UPI,In-Store,EMP292,3,0,Express,5,GBP
ORD110851,22-01-2024,BR67,UAE,Dubai,CUST2403,PROD482,Tablet,iPad Air,HP,5,1292.45,0.21,0.18,6024.11,Cash,In-Store,EMP690,1,0,Standard,5,EUR
ORD110852,23-08-2024,BR90,India,Mumbai,CUST8889,PROD858,Mobile,iPhone 14,Apple,5,1914.65,0.24,0.18,8585.29,Cash,Online,EMP473,1,0,Express,3,EUR
ORD110853,20-12-2024,BR98,Germany,Berlin,CUST7993,PROD114,Laptop,HP Spectre x360,Apple,3,643.47,0.1,0.18,2050.1,Debit Card,Online,EMP251,3,0,Express,6,INR
ORD110854,25-08-2023,BR62,USA,Chicago,CUST4494,PROD763,Tablet,Lenovo Tab P11,Sony,5,294.09,0.09,0.18,1578.97,Credit Card,In-Store,EMP744,1,1,Standard,10,EUR
ORD110855,20-06-2024,BR19,USA,New York,CUST1592,PROD688,Laptop,MacBook Air M2,Lenovo,5,904.15,0.07,0.18,4961.07,UPI,Online,EMP276,2,0,Express,7,INR
ORD110856,15-03-2023,BR30,Germany,Berlin,CUST1609,PROD172,Accessories,Wireless Mouse,Dell,5,1622.12,0.04,0.18,9187.69,Net Banking,In-Store,EMP487,1,0,Express,5,AED
ORD110857,04-07-2023,BR73,Germany,Hamburg,CUST2765,PROD226,Mobile,iPhone 14,HP,3,308.36,0,0.18,1091.59,Cash,Online,EMP926,1,0,Same Day,5,INR
ORD110858,21-08-2024,BR85,UK,Birmingham,CUST3964,PROD907,Laptop,Dell XPS 13,HP,3,1355.56,0.19,0.18,3886.93,UPI,In-Store,EMP622,0,1,Express,5,USD
ORD110859,31-08-2024,BR24,India,Delhi,CUST9628,PROD704,Tablet,Samsung Galaxy Tab,OnePlus,5,1879.75,0.1,0.18,9981.47,Net Banking,Online,EMP357,1,0,Same Day,3,AED
ORD110860,08-11-2024,BR19,UAE,Abu Dhabi,CUST6636,PROD993,Laptop,Dell XPS 13,Apple,4,727,0.24,0.18,2607.89,Credit Card,In-Store,EMP525,1,1,Standard,10,INR
ORD110861,12-11-2023,BR83,UAE,Abu Dhabi,CUST2965,PROD866,Mobile,Samsung Galaxy S23,Dell,1,415.73,0.22,0.18,382.64,UPI,In-Store,EMP237,0,0,Same Day,3,INR
ORD110862,14-11-2024,BR71,Germany,Munich,CUST6042,PROD984,Laptop,MacBook Air M2,Sony,4,1478.42,0.12,0.18,6140.77,UPI,Online,EMP500,2,0,Standard,8,INR
ORD110863,12-10-2023,BR14,India,Pune,CUST3787,PROD330,Laptop,HP Spectre x360,Samsung,1,705.37,0.3,0.18,582.64,Debit Card,Online,EMP947,3,1,Express,6,EUR
ORD110864,14-12-2023,BR65,Germany,Hamburg,CUST6414,PROD804,Laptop,MacBook Air M2,Sony,5,394.53,0.15,0.18,1978.57,Cash,In-Store,EMP737,2,0,Same Day,8,GBP
ORD110865,28-01-2024,BR50,UK,Manchester,CUST2512,PROD676,Laptop,Dell XPS 13,OnePlus,1,406.78,0.29,0.18,340.8,Credit Card,Online,EMP301,2,1,Same Day,4,EUR
ORD110866,28-11-2024,BR49,Germany,Hamburg,CUST5001,PROD841,Accessories,Bluetooth Headphones,LG,5,72.24,0.28,0.18,306.88,UPI,Online,EMP648,0,1,Standard,4,EUR
ORD110867,06-11-2024,BR107,Germany,Munich,CUST8461,PROD125,Laptop,HP Spectre x360,Samsung,1,1447.45,0.01,0.18,1690.91,Cash,In-Store,EMP708,3,1,Standard,5,EUR
ORD110868,02-05-2024,BR10,India,Mumbai,CUST9285,PROD304,Tablet,Samsung Galaxy Tab,Apple,5,1817.66,0.13,0.18,9330.05,Cash,Online,EMP691,0,1,Same Day,7,EUR
ORD110869,13-07-2024,BR14,USA,New York,CUST5252,PROD503,Mobile,iPhone 14,Samsung,5,1324.68,0.17,0.18,6486.96,UPI,Online,EMP973,3,1,Standard,5,GBP
ORD110870,14-10-2024,BR94,UAE,Abu Dhabi,CUST3207,PROD855,TV,Samsung QLED 50,LG,5,204.32,0.16,0.18,1012.61,Debit Card,Online,EMP847,2,0,Standard,2,USD
ORD110871,22-09-2023,BR61,UAE,Abu Dhabi,CUST3302,PROD838,Tablet,iPad Air,HP,2,1232.6,0.03,0.18,2821.67,Net Banking,In-Store,EMP523,1,0,Standard,8,INR
ORD110872,22-02-2023,BR65,USA,New York,CUST3250,PROD276,TV,Samsung QLED 50,Apple,3,718.43,0.08,0.18,2339.78,Net Banking,In-Store,EMP985,0,1,Standard,10,INR
ORD110873,09-12-2024,BR57,USA,New York,CUST5123,PROD160,Laptop,Dell XPS 13,Lenovo,2,956.2,0.02,0.18,2211.5,Cash,In-Store,EMP516,1,1,Standard,2,INR
ORD110874,18-10-2024,BR52,UK,London,CUST4822,PROD516,Tablet,Samsung Galaxy Tab,HP,1,237.49,0.26,0.18,207.38,UPI,Online,EMP516,1,1,Standard,10,GBP
ORD110875,29-09-2023,BR47,Germany,Hamburg,CUST5537,PROD543,TV,Sony Bravia 55,Samsung,5,88.99,0.08,0.18,483.04,UPI,Online,EMP720,2,1,Standard,6,INR
ORD110876,23-09-2023,BR72,UK,Manchester,CUST6182,PROD759,TV,Samsung QLED 50,Dell,5,748.66,0.18,0.18,3622.02,UPI,In-Store,EMP239,0,1,Same Day,2,EUR
ORD110877,27-06-2023,BR79,Germany,Munich,CUST2117,PROD132,Tablet,Lenovo Tab P11,Sony,5,896.35,0.04,0.18,5076.93,Credit Card,Online,EMP843,0,0,Express,8,GBP
ORD110878,09-06-2023,BR48,USA,Dallas,CUST4534,PROD667,Mobile,iPhone 14,Sony,3,947.59,0.16,0.18,2817.75,Credit Card,Online,EMP666,0,0,Express,3,GBP
ORD110879,18-08-2024,BR49,Germany,Hamburg,CUST3019,PROD896,Laptop,Dell XPS 13,Lenovo,4,1790.65,0.12,0.18,7437.64,Cash,In-Store,EMP553,1,1,Standard,4,EUR
ORD110880,14-09-2024,BR37,India,Mumbai,CUST5034,PROD829,Tablet,Lenovo Tab P11,Lenovo,3,1484.22,0.05,0.18,4991.43,Cash,In-Store,EMP359,0,1,Standard,4,USD
ORD110881,02-07-2023,BR4,UK,Manchester,CUST7287,PROD708,TV,Sony Bravia 55,Lenovo,3,725.33,0.28,0.18,1848.72,Debit Card,Online,EMP686,3,0,Express,2,INR
ORD110882,19-12-2023,BR114,Germany,Munich,CUST6570,PROD212,TV,LG OLED 48,Sony,3,855.33,0.05,0.18,2876.47,Credit Card,In-Store,EMP384,1,0,Express,1,GBP
ORD110883,30-07-2023,BR27,UAE,Dubai,CUST3695,PROD111,Mobile,iPhone 14,Sony,4,1523.41,0.05,0.18,6830.97,UPI,Online,EMP296,0,0,Standard,3,AED
ORD110884,10-03-2024,BR18,Germany,Hamburg,CUST5457,PROD619,Tablet,Samsung Galaxy Tab,Apple,5,179.19,0.15,0.18,898.64,Net Banking,In-Store,EMP812,2,1,Standard,4,USD
ORD110885,27-08-2023,BR113,UAE,Abu Dhabi,CUST6335,PROD813,Accessories,Wireless Mouse,Sony,4,1716.83,0.08,0.18,7455.16,Net Banking,In-Store,EMP763,2,0,Express,1,EUR
ORD110886,17-12-2024,BR41,UK,Manchester,CUST5503,PROD409,TV,Samsung QLED 50,Sony,2,1951.77,0.04,0.18,4421.93,Credit Card,In-Store,EMP520,3,0,Standard,1,INR
ORD110887,18-11-2024,BR25,USA,Chicago,CUST4469,PROD147,Laptop,HP Spectre x360,Apple,1,1501.8,0.16,0.18,1488.58,Credit Card,In-Store,EMP878,2,0,Express,6,INR
ORD110888,11-02-2024,BR110,Germany,Munich,CUST5613,PROD319,TV,LG OLED 48,HP,4,577.77,0.17,0.18,2263.47,UPI,In-Store,EMP765,0,0,Express,3,USD
ORD110889,28-08-2023,BR20,Germany,Berlin,CUST5524,PROD722,Mobile,iPhone 14,Samsung,1,1938.46,0.27,0.18,1669.79,Credit Card,Online,EMP473,1,1,Standard,1,AED
ORD110890,18-12-2024,BR57,UK,London,CUST7164,PROD822,Laptop,Dell XPS 13,Samsung,5,1410.45,0.03,0.18,8072.01,Credit Card,In-Store,EMP270,2,0,Same Day,8,INR
ORD110891,09-04-2023,BR13,USA,Los Angeles,CUST3243,PROD564,Laptop,MacBook Air M2,Lenovo,1,1399.06,0.16,0.18,1386.75,UPI,In-Store,EMP370,2,1,Express,3,INR
ORD110892,25-01-2023,BR43,Germany,Hamburg,CUST4400,PROD894,TV,Sony Bravia 55,Lenovo,5,629.18,0.07,0.18,3452.31,UPI,Online,EMP934,3,1,Standard,2,EUR
ORD110893,07-01-2024,BR34,USA,Chicago,CUST5044,PROD966,Mobile,Samsung Galaxy S23,Samsung,1,1013.18,0.13,0.18,1040.13,Cash,Online,EMP453,0,1,Same Day,4,GBP
ORD110894,23-06-2024,BR77,UAE,Dubai,CUST1084,PROD108,Laptop,Dell XPS 13,Dell,2,66.01,0.1,0.18,140.21,Net Banking,Online,EMP533,3,0,Standard,8,USD
ORD110895,29-09-2023,BR48,USA,Chicago,CUST6113,PROD881,Tablet,Lenovo Tab P11,Sony,1,1182.05,0.05,0.18,1325.08,Debit Card,In-Store,EMP568,1,1,Standard,8,USD
ORD110896,04-02-2023,BR65,India,Pune,CUST6505,PROD361,TV,Sony Bravia 55,Sony,1,1575.4,0.27,0.18,1357.05,Cash,In-Store,EMP984,1,0,Express,7,AED
ORD110897,26-12-2023,BR116,UAE,Dubai,CUST1064,PROD740,TV,Sony Bravia 55,Dell,3,1960.53,0.19,0.18,5621.62,Debit Card,Online,EMP539,3,1,Express,7,USD
ORD110898,22-09-2023,BR83,UK,London,CUST5524,PROD990,Accessories,Bluetooth Headphones,HP,1,376.75,0.3,0.18,311.2,Net Banking,Online,EMP644,2,1,Standard,10,USD
ORD110899,15-02-2023,BR91,UAE,Abu Dhabi,CUST5221,PROD972,TV,Samsung QLED 50,OnePlus,2,1941.52,0.28,0.18,3299.03,Debit Card,Online,EMP415,1,1,Same Day,4,INR
ORD110900,03-04-2023,BR32,Germany,Berlin,CUST4436,PROD533,Laptop,MacBook Air M2,OnePlus,3,914.86,0.09,0.18,2947.13,Debit Card,In-Store,EMP628,3,1,Express,5,EUR
ORD110901,17-08-2024,BR71,USA,Chicago,CUST8519,PROD421,Tablet,Lenovo Tab P11,LG,3,959.47,0.08,0.18,3124.8,Debit Card,In-Store,EMP202,3,0,Standard,2,USD
ORD110902,13-02-2024,BR4,India,Bangalore,CUST7444,PROD555,Laptop,MacBook Air M2,Lenovo,3,134.53,0.1,0.18,428.61,Net Banking,Online,EMP764,3,0,Express,9,AED
ORD110903,27-03-2024,BR61,UAE,Dubai,CUST7591,PROD642,Tablet,iPad Air,Dell,1,1582.24,0.28,0.18,1344.27,Debit Card,In-Store,EMP636,1,1,Same Day,10,USD
ORD110904,18-11-2023,BR39,USA,Los Angeles,CUST7011,PROD947,Mobile,iPhone 14,HP,1,1829.4,0.09,0.18,1964.41,Credit Card,In-Store,EMP712,2,0,Standard,3,AED
ORD110905,25-11-2024,BR52,India,Delhi,CUST3508,PROD685,Accessories,Bluetooth Headphones,Dell,3,866.4,0.14,0.18,2637.67,Cash,Online,EMP698,2,1,Express,7,AED
ORD110906,21-12-2024,BR61,UK,London,CUST8444,PROD920,TV,LG OLED 48,HP,1,1318.41,0.03,0.18,1509.05,Debit Card,In-Store,EMP436,1,1,Express,8,GBP
ORD110907,20-09-2023,BR35,Germany,Berlin,CUST6145,PROD167,Laptop,HP Spectre x360,Lenovo,3,1803.93,0.18,0.18,5236.45,UPI,Online,EMP347,2,1,Standard,3,AED
ORD110908,09-01-2024,BR72,UK,Birmingham,CUST7878,PROD212,TV,Samsung QLED 50,OnePlus,1,521.06,0.02,0.18,602.55,UPI,In-Store,EMP661,3,0,Standard,4,GBP
ORD110909,25-05-2023,BR98,UAE,Abu Dhabi,CUST2075,PROD989,Tablet,Lenovo Tab P11,Sony,5,480.51,0.12,0.18,2494.81,UPI,In-Store,EMP341,2,1,Same Day,8,AED
ORD110910,31-08-2023,BR18,India,Mumbai,CUST9095,PROD216,Tablet,Lenovo Tab P11,Apple,5,1645.12,0.11,0.18,8638.53,Credit Card,In-Store,EMP620,3,0,Same Day,5,INR
ORD110911,16-03-2024,BR29,UK,Birmingham,CUST5364,PROD115,Laptop,Dell XPS 13,Samsung,1,1789.53,0.12,0.18,1858.25,UPI,Online,EMP967,1,1,Standard,4,USD
ORD110912,01-12-2023,BR2,UAE,Abu Dhabi,CUST6442,PROD657,TV,Samsung QLED 50,Sony,4,844.44,0.06,0.18,3746.61,Debit Card,Online,EMP696,0,0,Express,9,INR
ORD110913,22-08-2023,BR69,Germany,Munich,CUST2378,PROD291,Mobile,iPhone 14,HP,4,476.23,0.28,0.18,1618.42,Net Banking,In-Store,EMP488,0,0,Express,10,INR
ORD110914,17-07-2023,BR5,India,Bangalore,CUST9578,PROD500,Mobile,OnePlus 11,HP,2,391.75,0.05,0.18,878.3,UPI,In-Store,EMP646,3,1,Standard,3,AED
ORD110915,06-12-2024,BR11,USA,Chicago,CUST3522,PROD904,Tablet,Lenovo Tab P11,HP,5,1795.15,0.03,0.18,10273.64,Net Banking,In-Store,EMP202,3,1,Express,7,EUR
ORD110916,11-04-2024,BR51,UK,Manchester,CUST8681,PROD175,TV,Samsung QLED 50,Samsung,2,396.38,0.21,0.18,739.01,Debit Card,Online,EMP995,1,1,Standard,9,AED
ORD110917,10-05-2023,BR41,USA,Dallas,CUST6667,PROD644,TV,LG OLED 48,Lenovo,4,1183.4,0.04,0.18,5362.22,Credit Card,Online,EMP584,2,1,Express,9,AED
ORD110918,17-06-2023,BR44,USA,Chicago,CUST7865,PROD443,Laptop,MacBook Air M2,Apple,4,1976.66,0.07,0.18,8676.75,Cash,Online,EMP561,0,0,Standard,10,USD
ORD110919,09-10-2024,BR60,UK,Manchester,CUST4650,PROD498,Laptop,Dell XPS 13,OnePlus,1,1179.61,0.01,0.18,1378.02,Credit Card,Online,EMP754,2,1,Same Day,2,GBP
ORD110920,01-10-2023,BR35,USA,Los Angeles,CUST4618,PROD710,Tablet,Samsung Galaxy Tab,Dell,4,1254.06,0.21,0.18,4676.14,Net Banking,Online,EMP692,1,0,Express,2,INR
ORD110921,08-02-2023,BR81,Germany,Hamburg,CUST3977,PROD531,TV,Sony Bravia 55,Lenovo,5,69.11,0.06,0.18,383.28,Debit Card,In-Store,EMP797,2,0,Standard,9,INR
ORD110922,28-11-2024,BR116,UAE,Dubai,CUST4854,PROD745,Laptop,HP Spectre x360,LG,2,93.75,0.18,0.18,181.43,Cash,Online,EMP681,0,0,Standard,7,GBP
ORD110923,26-10-2024,BR90,USA,Dallas,CUST9473,PROD779,Laptop,Dell XPS 13,LG,4,210.41,0.01,0.18,983.2,UPI,Online,EMP836,3,0,Same Day,5,GBP
ORD110924,08-07-2024,BR4,UK,London,CUST7348,PROD106,Laptop,HP Spectre x360,Samsung,4,487.37,0.03,0.18,2231.37,UPI,In-Store,EMP652,1,0,Standard,10,EUR
ORD110925,18-11-2024,BR58,USA,Dallas,CUST5173,PROD782,TV,LG OLED 48,LG,5,391.95,0.18,0.18,1896.25,Cash,Online,EMP298,0,0,Same Day,7,EUR
ORD110926,10-11-2023,BR27,UAE,Dubai,CUST1462,PROD558,TV,Sony Bravia 55,OnePlus,1,1874.26,0.06,0.18,2078.93,Credit Card,In-Store,EMP332,0,0,Express,3,USD
ORD110927,10-03-2024,BR71,Germany,Berlin,CUST8620,PROD818,Accessories,Wireless Mouse,Samsung,1,1381.72,0.06,0.18,1532.6,UPI,Online,EMP600,0,0,Same Day,9,USD
ORD110928,15-02-2023,BR23,India,Delhi,CUST3482,PROD266,Tablet,Lenovo Tab P11,OnePlus,4,1327.93,0.1,0.18,5641.05,Cash,In-Store,EMP677,2,0,Same Day,2,GBP
ORD110929,25-12-2023,BR33,Germany,Hamburg,CUST1777,PROD580,Mobile,Samsung Galaxy S23,Lenovo,5,937.87,0.14,0.18,4758.75,Net Banking,Online,EMP381,3,1,Standard,10,EUR
ORD110930,14-10-2024,BR68,USA,Dallas,CUST2678,PROD513,Accessories,Wireless Mouse,Sony,5,1807.8,0.17,0.18,8852.8,Debit Card,In-Store,EMP714,1,1,Standard,2,USD
ORD110931,08-07-2023,BR38,UK,Manchester,CUST4458,PROD685,TV,Sony Bravia 55,Apple,5,651.02,0.16,0.18,3226.46,Cash,In-Store,EMP760,2,0,Same Day,1,USD
ORD110932,29-03-2023,BR54,UK,Manchester,CUST6235,PROD542,Mobile,Samsung Galaxy S23,Samsung,1,1906.47,0.12,0.18,1979.68,Net Banking,In-Store,EMP793,3,1,Standard,8,EUR
ORD110933,20-02-2024,BR26,USA,Chicago,CUST9801,PROD821,Laptop,MacBook Air M2,OnePlus,4,1419.79,0.18,0.18,5495.16,Net Banking,Online,EMP359,2,0,Standard,10,USD
ORD110934,27-05-2023,BR10,USA,Los Angeles,CUST4140,PROD818,Mobile,Samsung Galaxy S23,Sony,1,1648,0.29,0.18,1380.69,Net Banking,Online,EMP795,1,0,Same Day,6,EUR
ORD110935,13-04-2024,BR7,USA,Dallas,CUST3775,PROD121,TV,Samsung QLED 50,Apple,3,1669.13,0.19,0.18,4786.06,UPI,Online,EMP623,0,1,Standard,7,GBP
ORD110936,24-01-2024,BR107,Germany,Berlin,CUST9979,PROD408,Tablet,Lenovo Tab P11,Sony,2,430.13,0.2,0.18,812.09,Net Banking,Online,EMP870,3,1,Standard,10,EUR
ORD110937,11-03-2024,BR6,India,Pune,CUST2731,PROD518,Tablet,Samsung Galaxy Tab,LG,5,71.66,0.01,0.18,418.57,Cash,Online,EMP539,2,0,Express,1,INR
ORD110938,15-03-2023,BR19,India,Mumbai,CUST3682,PROD716,Accessories,Bluetooth Headphones,LG,3,85.3,0.19,0.18,244.59,Debit Card,Online,EMP298,0,1,Same Day,5,GBP
ORD110939,18-06-2023,BR11,India,Pune,CUST7457,PROD178,Laptop,Dell XPS 13,Dell,4,541.28,0.05,0.18,2427.1,Net Banking,In-Store,EMP568,2,1,Same Day,8,AED
ORD110940,04-08-2023,BR87,UAE,Abu Dhabi,CUST8972,PROD306,Tablet,Lenovo Tab P11,Dell,5,1019.1,0.26,0.18,4449.39,Debit Card,Online,EMP416,1,0,Express,10,USD
ORD110941,12-08-2024,BR91,India,Pune,CUST1152,PROD825,Mobile,Samsung Galaxy S23,Lenovo,1,1422.74,0.09,0.18,1527.74,UPI,In-Store,EMP643,2,1,Same Day,6,AED
ORD110942,08-08-2024,BR86,UK,Birmingham,CUST5709,PROD705,Accessories,Keyboard,Samsung,5,1658.89,0.18,0.18,8025.71,Credit Card,Online,EMP870,3,0,Standard,10,AED
ORD110943,06-01-2024,BR111,India,Mumbai,CUST1386,PROD132,Tablet,Samsung Galaxy Tab,Samsung,2,1230.35,0.03,0.18,2816.52,Net Banking,Online,EMP838,0,1,Standard,3,INR
ORD110944,09-02-2024,BR30,Germany,Berlin,CUST5845,PROD488,TV,LG OLED 48,Samsung,4,936.64,0.13,0.18,3846.22,Net Banking,Online,EMP376,0,0,Express,3,INR
ORD110945,18-08-2024,BR87,India,Delhi,CUST5986,PROD834,Laptop,MacBook Air M2,LG,1,582.37,0.08,0.18,632.22,Cash,In-Store,EMP928,1,1,Standard,8,GBP
ORD110946,03-02-2023,BR15,UAE,Abu Dhabi,CUST6387,PROD427,Mobile,Samsung Galaxy S23,Apple,2,1074.5,0.08,0.18,2332.95,Net Banking,In-Store,EMP253,0,0,Same Day,3,USD
ORD110947,08-09-2024,BR26,UAE,Abu Dhabi,CUST4061,PROD210,Tablet,iPad Air,Sony,1,979.68,0.15,0.18,982.62,UPI,Online,EMP745,0,1,Standard,4,AED
ORD110948,13-07-2023,BR39,USA,Chicago,CUST8159,PROD818,Mobile,iPhone 14,Sony,1,1227.15,0.29,0.18,1028.11,Credit Card,In-Store,EMP970,0,1,Standard,7,EUR
ORD110949,17-11-2023,BR84,USA,New York,CUST3298,PROD166,TV,Sony Bravia 55,Samsung,2,554.64,0.04,0.18,1256.59,Cash,Online,EMP645,2,0,Express,10,AED
ORD110950,21-07-2023,BR55,UAE,Abu Dhabi,CUST8068,PROD351,Tablet,Samsung Galaxy Tab,Samsung,2,1905.11,0.07,0.18,4181.34,Debit Card,In-Store,EMP331,2,1,Express,5,EUR
ORD110951,10-05-2024,BR86,India,Mumbai,CUST6327,PROD532,Mobile,OnePlus 11,OnePlus,4,1648.89,0.2,0.18,6226.21,Cash,Online,EMP826,3,0,Express,6,GBP
ORD110952,28-03-2024,BR12,Germany,Hamburg,CUST7491,PROD394,Accessories,Keyboard,Dell,5,266.02,0.22,0.18,1224.22,Debit Card,Online,EMP809,2,1,Standard,1,EUR
ORD110953,23-06-2023,BR110,India,Delhi,CUST5374,PROD565,Laptop,MacBook Air M2,Samsung,1,722.78,0.1,0.18,767.59,Net Banking,Online,EMP279,1,1,Express,2,INR
ORD110954,14-07-2023,BR41,Germany,Berlin,CUST7635,PROD681,Accessories,Keyboard,Dell,2,701.66,0.22,0.18,1291.62,Debit Card,In-Store,EMP939,2,1,Same Day,1,GBP
ORD110955,27-09-2023,BR28,UAE,Dubai,CUST2128,PROD213,Mobile,OnePlus 11,Samsung,1,1512.93,0.11,0.18,1588.88,Net Banking,Online,EMP828,2,1,Express,1,INR
ORD110956,07-12-2023,BR27,UK,Manchester,CUST1873,PROD298,TV,Sony Bravia 55,HP,4,1244.19,0.03,0.18,5696.4,UPI,In-Store,EMP564,3,0,Express,7,AED
ORD110957,06-09-2024,BR87,UAE,Abu Dhabi,CUST2423,PROD779,Tablet,Samsung Galaxy Tab,HP,1,1267.1,0.13,0.18,1300.8,Credit Card,Online,EMP943,0,1,Express,9,INR
ORD110958,17-02-2024,BR58,UAE,Dubai,CUST4026,PROD848,Laptop,Dell XPS 13,Samsung,5,685.56,0.26,0.18,2993.15,Credit Card,In-Store,EMP658,0,0,Express,9,AED
ORD110959,28-07-2024,BR91,USA,Los Angeles,CUST1964,PROD679,Mobile,Samsung Galaxy S23,Sony,4,1138.69,0.21,0.18,4245.95,Debit Card,Online,EMP311,0,1,Standard,7,USD
ORD110960,14-05-2024,BR3,UK,Manchester,CUST6381,PROD321,Mobile,Samsung Galaxy S23,Samsung,2,694.66,0.23,0.18,1262.34,UPI,Online,EMP573,1,1,Standard,3,GBP
ORD110961,01-02-2024,BR87,USA,New York,CUST4410,PROD517,Mobile,iPhone 14,Dell,5,1229.6,0.2,0.18,5803.71,Debit Card,Online,EMP862,1,0,Express,8,GBP
ORD110962,13-06-2024,BR45,UK,Manchester,CUST6013,PROD175,Accessories,Wireless Mouse,Lenovo,5,956.06,0.27,0.18,4117.75,Net Banking,In-Store,EMP926,0,1,Standard,4,EUR
ORD110963,17-10-2023,BR39,Germany,Berlin,CUST7481,PROD512,Mobile,OnePlus 11,Sony,5,1909.3,0.13,0.18,9800.44,Cash,In-Store,EMP660,0,0,Same Day,7,AED
ORD110964,06-08-2023,BR85,India,Bangalore,CUST6946,PROD477,Tablet,Lenovo Tab P11,Samsung,2,645.26,0.2,0.18,1218.25,UPI,In-Store,EMP370,2,1,Same Day,4,GBP
ORD110965,19-06-2023,BR79,Germany,Munich,CUST5218,PROD175,Tablet,Lenovo Tab P11,Sony,3,1589.07,0.19,0.18,4556.5,Cash,In-Store,EMP951,2,0,Standard,5,GBP
ORD110966,11-08-2023,BR93,UK,London,CUST2104,PROD798,TV,Samsung QLED 50,Samsung,2,1995.01,0,0.18,4708.22,Debit Card,In-Store,EMP332,1,0,Standard,5,EUR
ORD110967,06-11-2023,BR105,UK,Birmingham,CUST6007,PROD579,Tablet,iPad Air,LG,5,58.33,0.09,0.18,313.17,UPI,In-Store,EMP351,3,0,Standard,7,USD
ORD110968,10-06-2024,BR72,Germany,Munich,CUST2682,PROD493,Tablet,iPad Air,OnePlus,2,470.18,0.04,0.18,1065.24,Credit Card,Online,EMP467,2,1,Express,1,GBP
ORD110969,26-11-2023,BR65,UK,Manchester,CUST7433,PROD729,Mobile,Samsung Galaxy S23,HP,5,94.88,0.2,0.18,447.83,UPI,In-Store,EMP285,0,0,Same Day,4,USD
ORD110970,27-08-2024,BR92,Germany,Hamburg,CUST4166,PROD523,Mobile,iPhone 14,LG,5,968.45,0.13,0.18,4971.05,Cash,In-Store,EMP845,3,1,Express,6,GBP
ORD110971,30-04-2023,BR19,Germany,Berlin,CUST3692,PROD169,Laptop,MacBook Air M2,LG,2,548.32,0.05,0.18,1229.33,Net Banking,Online,EMP435,2,0,Express,6,USD
ORD110972,11-01-2024,BR20,UK,London,CUST9536,PROD778,Tablet,iPad Air,Samsung,1,262.58,0.22,0.18,241.68,Cash,In-Store,EMP351,2,0,Express,2,AED
ORD110973,04-02-2024,BR25,UK,Birmingham,CUST4891,PROD264,Mobile,iPhone 14,OnePlus,2,1797,0.07,0.18,3944.06,Credit Card,Online,EMP735,0,1,Standard,10,EUR
ORD110974,04-08-2024,BR105,Germany,Munich,CUST1954,PROD317,Laptop,MacBook Air M2,Sony,5,1930.84,0.26,0.18,8430.05,UPI,In-Store,EMP616,0,1,Express,3,USD
ORD110975,04-03-2024,BR83,UK,London,CUST6534,PROD228,Mobile,Samsung Galaxy S23,Dell,4,239.67,0.02,0.18,1108.62,Credit Card,Online,EMP897,2,1,Express,6,INR
ORD110976,13-08-2024,BR37,USA,New York,CUST6536,PROD376,Laptop,Dell XPS 13,LG,4,1690.29,0.27,0.18,5824.06,Net Banking,Online,EMP883,1,0,Same Day,6,INR
ORD110977,19-03-2023,BR90,USA,New York,CUST9973,PROD973,Accessories,Bluetooth Headphones,Sony,1,1015.2,0.1,0.18,1078.14,Cash,Online,EMP441,3,1,Same Day,1,GBP
ORD110978,07-07-2023,BR57,Germany,Berlin,CUST6444,PROD729,Tablet,iPad Air,Dell,3,1386.79,0.17,0.18,4074.67,Debit Card,In-Store,EMP876,1,0,Same Day,9,GBP
ORD110979,20-04-2024,BR70,India,Pune,CUST9213,PROD938,TV,Samsung QLED 50,Dell,5,950.56,0.25,0.18,4206.23,Credit Card,In-Store,EMP877,0,1,Same Day,3,EUR
ORD110980,07-05-2023,BR50,Germany,Munich,CUST4040,PROD265,Mobile,OnePlus 11,Apple,3,1980.34,0.23,0.18,5398.01,Net Banking,Online,EMP220,1,1,Standard,9,AED
ORD110981,19-01-2023,BR57,USA,Dallas,CUST8089,PROD272,Mobile,OnePlus 11,Dell,3,89.49,0.24,0.18,240.76,Debit Card,In-Store,EMP784,1,0,Same Day,7,INR
ORD110982,14-11-2024,BR13,Germany,Berlin,CUST8864,PROD385,Accessories,Wireless Mouse,LG,4,736.89,0.19,0.18,2817.28,Net Banking,Online,EMP714,3,1,Standard,8,USD
ORD110983,25-04-2024,BR74,UK,Birmingham,CUST7019,PROD152,Mobile,OnePlus 11,Lenovo,3,1464.4,0.02,0.18,5080.3,UPI,Online,EMP845,3,1,Express,9,EUR
ORD110984,11-02-2024,BR85,Germany,Munich,CUST3460,PROD728,Mobile,iPhone 14,LG,3,892.27,0.16,0.18,2653.25,Net Banking,In-Store,EMP243,1,1,Same Day,3,INR
ORD110985,11-12-2024,BR73,Germany,Munich,CUST9336,PROD169,Accessories,Bluetooth Headphones,Apple,5,512.9,0.02,0.18,2965.59,Credit Card,Online,EMP817,0,1,Standard,9,INR
ORD110986,20-10-2024,BR104,India,Pune,CUST1362,PROD546,Tablet,Samsung Galaxy Tab,Dell,4,1047.86,0.15,0.18,4204.01,Credit Card,In-Store,EMP379,0,1,Standard,5,USD
ORD110987,17-11-2024,BR19,UK,London,CUST2401,PROD366,TV,LG OLED 48,OnePlus,4,1919.71,0.19,0.18,7339.44,Debit Card,Online,EMP665,0,0,Same Day,10,USD
ORD110988,14-01-2024,BR17,UK,London,CUST6367,PROD672,Tablet,Samsung Galaxy Tab,HP,5,1042.72,0.24,0.18,4675.56,UPI,In-Store,EMP630,2,1,Same Day,10,EUR
ORD110989,25-07-2023,BR53,UK,Manchester,CUST7913,PROD577,Mobile,Samsung Galaxy S23,OnePlus,3,1745.43,0.07,0.18,5746.3,Cash,In-Store,EMP499,1,0,Same Day,6,GBP
ORD110990,30-08-2023,BR42,Germany,Munich,CUST3029,PROD258,Laptop,HP Spectre x360,Lenovo,3,1760.71,0.13,0.18,5422.63,Credit Card,Online,EMP222,3,0,Same Day,7,EUR
ORD110991,11-05-2024,BR38,UK,Manchester,CUST1668,PROD109,TV,LG OLED 48,Dell,4,1638.42,0.11,0.18,6882.67,Net Banking,In-Store,EMP470,3,1,Express,7,INR
ORD110992,09-09-2023,BR68,India,Delhi,CUST8990,PROD207,Mobile,OnePlus 11,Sony,1,169.96,0.12,0.18,176.49,Credit Card,In-Store,EMP957,0,0,Same Day,7,INR
ORD110993,13-08-2024,BR30,India,Delhi,CUST5048,PROD635,TV,Samsung QLED 50,Samsung,1,1269.03,0.2,0.18,1197.96,Cash,In-Store,EMP539,0,1,Same Day,6,AED
ORD110994,17-01-2024,BR95,USA,Chicago,CUST2928,PROD621,Laptop,Dell XPS 13,Apple,5,691.53,0.13,0.18,3549.62,Net Banking,Online,EMP658,2,1,Same Day,1,GBP
ORD110995,25-02-2024,BR30,UK,Birmingham,CUST8885,PROD569,Laptop,Dell XPS 13,Lenovo,2,1750.09,0.02,0.18,4047.61,Debit Card,In-Store,EMP881,3,0,Standard,5,INR
ORD110996,31-01-2023,BR17,UAE,Dubai,CUST8296,PROD420,TV,Sony Bravia 55,Apple,4,1492.93,0.09,0.18,6412.43,UPI,Online,EMP558,3,1,Express,1,USD
ORD110997,21-07-2024,BR19,Germany,Hamburg,CUST2768,PROD462,Tablet,iPad Air,OnePlus,1,1294.1,0.25,0.18,1145.28,Net Banking,In-Store,EMP381,0,0,Express,1,EUR
ORD110998,04-02-2023,BR74,UK,Manchester,CUST2303,PROD557,Laptop,Dell XPS 13,Lenovo,2,1810.81,0.08,0.18,3931.63,UPI,In-Store,EMP897,1,0,Express,7,AED
ORD110999,22-09-2024,BR81,USA,Dallas,CUST3830,PROD110,Mobile,OnePlus 11,Samsung,1,645.59,0.13,0.18,662.76,UPI,In-Store,EMP776,3,0,Same Day,6,USD
ORD111000,10-10-2024,BR24,UK,Manchester,CUST9449,PROD242,Mobile,Samsung Galaxy S23,OnePlus,5,1897.71,0.16,0.18,9405.05,Cash,In-Store,EMP756,3,1,Express,9,INR
ORD111001,26-04-2024,BR13,UAE,Dubai,CUST6039,PROD841,Laptop,MacBook Air M2,Dell,5,1565.12,0.06,0.18,8680.16,Cash,In-Store,EMP984,3,1,Same Day,8,AED
ORD111002,21-05-2024,BR116,UAE,Dubai,CUST7208,PROD568,Accessories,Keyboard,Apple,2,1306.5,0.14,0.18,2651.67,UPI,Online,EMP405,0,1,Standard,5,USD
ORD111003,26-03-2024,BR3,USA,Dallas,CUST2565,PROD720,TV,Samsung QLED 50,HP,5,1264,0.14,0.18,6413.54,Net Banking,Online,EMP462,1,1,Standard,9,EUR
ORD111004,08-10-2023,BR118,India,Pune,CUST9517,PROD796,Laptop,HP Spectre x360,HP,1,1952.33,0.25,0.18,1727.81,Net Banking,Online,EMP441,2,0,Standard,7,AED
ORD111005,23-10-2024,BR30,Germany,Munich,CUST7215,PROD938,Laptop,HP Spectre x360,Sony,3,1347.4,0.1,0.18,4292.82,Cash,Online,EMP705,2,1,Same Day,5,INR
ORD111006,17-11-2023,BR77,UAE,Abu Dhabi,CUST4133,PROD665,Mobile,iPhone 14,Lenovo,2,1445.92,0.04,0.18,3275.88,UPI,Online,EMP261,3,0,Standard,4,AED
ORD111007,25-06-2023,BR48,India,Mumbai,CUST5529,PROD405,Tablet,iPad Air,Samsung,2,426.82,0.17,0.18,836.06,UPI,Online,EMP888,3,0,Standard,1,EUR
ORD111008,13-04-2023,BR103,UK,Birmingham,CUST1784,PROD992,Tablet,iPad Air,Lenovo,5,1878.03,0.29,0.18,7867.07,Credit Card,Online,EMP987,0,0,Standard,9,GBP
ORD111009,10-01-2023,BR19,USA,Dallas,CUST6636,PROD780,Tablet,iPad Air,Dell,1,377.81,0.01,0.18,441.36,Cash,Online,EMP453,0,1,Same Day,7,GBP
ORD111010,27-07-2024,BR60,UAE,Dubai,CUST2670,PROD568,Laptop,HP Spectre x360,Lenovo,4,1759.84,0.25,0.18,6229.83,Net Banking,Online,EMP633,2,0,Express,5,USD
ORD111011,13-12-2023,BR78,USA,Dallas,CUST4944,PROD893,Laptop,HP Spectre x360,Apple,2,1336.49,0.05,0.18,2996.41,Cash,Online,EMP566,3,0,Same Day,7,EUR
ORD111012,12-09-2023,BR88,UAE,Dubai,CUST8850,PROD695,Accessories,Wireless Mouse,Lenovo,1,1224.18,0.05,0.18,1372.31,Debit Card,Online,EMP384,2,1,Same Day,4,AED
ORD111013,06-02-2023,BR52,UK,London,CUST2670,PROD738,Accessories,Keyboard,Apple,5,1705.5,0.08,0.18,9257.45,Debit Card,In-Store,EMP257,3,0,Standard,2,INR
ORD111014,12-08-2023,BR96,USA,Los Angeles,CUST4153,PROD726,Tablet,Samsung Galaxy Tab,Samsung,2,1298.23,0.11,0.18,2726.8,Net Banking,In-Store,EMP870,0,0,Standard,6,USD
ORD111015,22-04-2024,BR5,UAE,Abu Dhabi,CUST5771,PROD949,Accessories,Wireless Mouse,OnePlus,3,856.81,0.01,0.18,3002.78,Debit Card,Online,EMP598,0,1,Express,6,USD
ORD111016,18-09-2024,BR110,India,Bangalore,CUST6642,PROD775,TV,LG OLED 48,Apple,1,1777.46,0.17,0.18,1740.84,Net Banking,Online,EMP406,3,0,Express,1,EUR
ORD111017,20-04-2024,BR90,USA,Chicago,CUST2820,PROD753,Mobile,iPhone 14,HP,3,1927.82,0.16,0.18,5732.57,Debit Card,In-Store,EMP629,3,0,Express,4,GBP
ORD111018,17-12-2023,BR18,USA,Chicago,CUST6899,PROD452,Accessories,Bluetooth Headphones,Sony,5,209.79,0.17,0.18,1027.34,Net Banking,In-Store,EMP677,1,1,Standard,7,USD
ORD111019,26-09-2024,BR16,UK,Birmingham,CUST9296,PROD936,Accessories,Keyboard,Apple,1,1467.85,0.19,0.18,1402.97,Cash,Online,EMP377,0,1,Standard,4,AED
ORD111020,07-10-2023,BR48,Germany,Berlin,CUST2101,PROD971,Mobile,Samsung Galaxy S23,LG,4,1970.31,0.1,0.18,8369.88,Cash,Online,EMP452,3,0,Same Day,1,EUR
ORD111021,28-08-2024,BR43,USA,Chicago,CUST7914,PROD328,Accessories,Bluetooth Headphones,Dell,5,80.63,0.19,0.18,385.33,Net Banking,In-Store,EMP827,2,0,Standard,1,EUR
ORD111022,04-04-2024,BR2,UK,London,CUST8977,PROD799,Accessories,Keyboard,OnePlus,1,1817.21,0.27,0.18,1565.34,Credit Card,In-Store,EMP746,3,0,Same Day,7,AED
ORD111023,05-09-2024,BR72,India,Bangalore,CUST3491,PROD469,Tablet,iPad Air,Dell,2,182.96,0.29,0.18,306.57,Net Banking,In-Store,EMP954,1,0,Express,10,AED
ORD111024,18-04-2024,BR33,India,Pune,CUST2093,PROD897,TV,Samsung QLED 50,OnePlus,3,827.05,0.12,0.18,2576.43,Net Banking,Online,EMP765,0,1,Same Day,8,USD
ORD111025,12-06-2024,BR105,India,Mumbai,CUST6785,PROD565,Mobile,OnePlus 11,LG,3,958.87,0.25,0.18,2545.8,UPI,Online,EMP262,1,0,Standard,2,AED
ORD111026,15-08-2023,BR110,UK,Manchester,CUST2589,PROD236,Accessories,Keyboard,Apple,3,1895.04,0.1,0.18,6037.6,Net Banking,Online,EMP505,1,1,Same Day,1,AED
ORD111027,06-02-2024,BR16,UK,Manchester,CUST1932,PROD925,Mobile,iPhone 14,Lenovo,4,741.77,0.22,0.18,2730.9,Credit Card,Online,EMP855,0,0,Express,3,GBP
ORD111028,18-09-2023,BR100,UAE,Dubai,CUST5210,PROD172,Accessories,Keyboard,HP,5,1133.78,0.29,0.18,4749.4,Cash,In-Store,EMP351,2,0,Same Day,6,INR
ORD111029,06-03-2024,BR107,UK,London,CUST9001,PROD250,Mobile,OnePlus 11,Samsung,3,1999.95,0.03,0.18,6867.43,Net Banking,Online,EMP316,3,0,Same Day,3,USD
ORD111030,13-11-2024,BR17,UAE,Abu Dhabi,CUST3579,PROD124,Mobile,Samsung Galaxy S23,Sony,3,162.9,0.2,0.18,461.33,Net Banking,Online,EMP761,3,0,Express,5,GBP
ORD111031,05-01-2023,BR49,UAE,Dubai,CUST1288,PROD611,TV,Samsung QLED 50,Lenovo,1,672.06,0.23,0.18,610.63,UPI,In-Store,EMP891,2,1,Same Day,9,GBP
ORD111032,12-04-2024,BR45,India,Bangalore,CUST7216,PROD510,TV,Samsung QLED 50,Samsung,3,1624.88,0.02,0.18,5637.03,Cash,Online,EMP500,1,1,Same Day,9,GBP
ORD111033,27-09-2024,BR112,Germany,Hamburg,CUST4607,PROD868,TV,Sony Bravia 55,Dell,1,286.99,0.13,0.18,294.62,Net Banking,Online,EMP343,1,0,Same Day,9,INR
ORD111034,25-12-2024,BR4,USA,Los Angeles,CUST4167,PROD525,Mobile,OnePlus 11,Lenovo,4,1891.58,0.16,0.18,7499.74,Debit Card,Online,EMP895,1,0,Express,5,GBP
ORD111035,20-09-2024,BR81,UK,London,CUST6879,PROD634,Laptop,Dell XPS 13,LG,5,1793.05,0.2,0.18,8463.2,Credit Card,Online,EMP566,1,0,Express,4,AED
ORD111036,05-10-2023,BR112,UAE,Abu Dhabi,CUST9164,PROD105,Accessories,Keyboard,Samsung,2,258.39,0.29,0.18,432.96,UPI,In-Store,EMP366,0,1,Same Day,9,GBP
ORD111037,30-09-2024,BR106,UAE,Dubai,CUST7359,PROD797,Laptop,HP Spectre x360,Sony,3,143.02,0.09,0.18,460.72,Net Banking,In-Store,EMP462,0,1,Same Day,7,INR
ORD111038,25-06-2024,BR108,USA,Chicago,CUST4100,PROD256,Tablet,iPad Air,Dell,1,957.29,0.14,0.18,971.46,Cash,Online,EMP479,0,0,Same Day,7,USD
ORD111039,19-04-2023,BR46,UAE,Abu Dhabi,CUST2341,PROD974,Tablet,iPad Air,Dell,2,1394.64,0.12,0.18,2896.39,Debit Card,Online,EMP905,1,0,Same Day,9,AED
ORD111040,29-07-2023,BR7,UK,Birmingham,CUST4565,PROD662,Mobile,Samsung Galaxy S23,Sony,2,1394.3,0.02,0.18,3224.74,UPI,Online,EMP606,3,0,Express,7,AED
ORD111041,28-11-2023,BR11,USA,Los Angeles,CUST5569,PROD665,Mobile,iPhone 14,LG,4,1511.14,0.1,0.18,6419.32,Debit Card,Online,EMP460,1,0,Express,2,EUR
ORD111042,13-01-2023,BR33,India,Mumbai,CUST7208,PROD702,Accessories,Keyboard,Lenovo,1,1458.3,0.12,0.18,1514.3,UPI,Online,EMP720,3,0,Express,1,EUR
ORD111043,14-08-2024,BR99,USA,Chicago,CUST5024,PROD192,TV,Samsung QLED 50,Dell,3,1138.66,0.21,0.18,3184.38,Debit Card,Online,EMP716,1,1,Standard,1,INR
ORD111044,15-12-2023,BR119,UK,Manchester,CUST4637,PROD690,Tablet,Samsung Galaxy Tab,Dell,4,188.4,0,0.18,889.25,Credit Card,Online,EMP435,3,0,Same Day,4,AED
ORD111045,23-11-2023,BR51,USA,Los Angeles,CUST9050,PROD835,Accessories,Keyboard,Dell,4,1439.53,0.11,0.18,6047.18,UPI,In-Store,EMP777,2,0,Standard,10,GBP
ORD111046,17-01-2024,BR1,India,Pune,CUST6339,PROD174,Tablet,Lenovo Tab P11,OnePlus,1,607.59,0.26,0.18,530.55,Cash,In-Store,EMP974,3,1,Express,6,INR
ORD111047,15-01-2024,BR7,Germany,Hamburg,CUST4215,PROD506,Mobile,OnePlus 11,LG,4,256.49,0.13,0.18,1053.25,Net Banking,In-Store,EMP764,3,1,Standard,3,USD
ORD111048,18-07-2024,BR57,India,Mumbai,CUST6471,PROD628,Accessories,Wireless Mouse,OnePlus,1,1496.06,0.07,0.18,1641.78,UPI,Online,EMP960,1,1,Express,2,USD
ORD111049,13-10-2023,BR82,UK,Birmingham,CUST3520,PROD180,Accessories,Wireless Mouse,Dell,3,1736.86,0.08,0.18,5656.61,Credit Card,Online,EMP281,1,0,Same Day,4,EUR
ORD111050,29-01-2023,BR36,USA,Los Angeles,CUST8495,PROD367,TV,Samsung QLED 50,Samsung,5,71.46,0.28,0.18,303.56,UPI,In-Store,EMP591,1,1,Standard,8,EUR
ORD111051,29-10-2023,BR103,USA,Los Angeles,CUST9298,PROD985,Tablet,Lenovo Tab P11,LG,3,972.57,0.13,0.18,2995.32,Debit Card,Online,EMP299,0,0,Same Day,9,USD
ORD111052,08-01-2024,BR35,Germany,Munich,CUST4336,PROD929,TV,LG OLED 48,HP,3,1854.69,0.03,0.18,6368.63,UPI,In-Store,EMP851,3,0,Standard,4,EUR
ORD111053,19-11-2023,BR61,India,Mumbai,CUST3970,PROD500,Tablet,Lenovo Tab P11,HP,3,1056.07,0.2,0.18,2990.79,Debit Card,Online,EMP549,3,1,Express,2,USD
ORD111054,30-06-2023,BR66,India,Delhi,CUST6184,PROD951,TV,Sony Bravia 55,Lenovo,1,176.95,0,0.18,208.8,Credit Card,In-Store,EMP717,2,0,Same Day,6,AED
ORD111055,02-04-2023,BR2,India,Delhi,CUST3206,PROD407,Accessories,Wireless Mouse,Apple,3,138.9,0.21,0.18,388.45,UPI,In-Store,EMP472,2,0,Same Day,3,AED
ORD111056,30-04-2024,BR30,USA,Chicago,CUST8962,PROD297,Mobile,Samsung Galaxy S23,Sony,5,378.07,0.13,0.18,1940.63,Net Banking,In-Store,EMP618,0,1,Same Day,10,GBP
ORD111057,24-03-2023,BR47,USA,New York,CUST1137,PROD941,TV,Samsung QLED 50,OnePlus,5,1328.99,0.03,0.18,7605.81,Debit Card,Online,EMP515,1,1,Same Day,5,USD
ORD111058,09-03-2023,BR8,Germany,Munich,CUST9454,PROD452,Tablet,Lenovo Tab P11,Dell,2,881.25,0.09,0.18,1892.57,Net Banking,In-Store,EMP863,3,0,Standard,2,EUR
ORD111059,17-10-2024,BR70,UK,Birmingham,CUST5204,PROD377,Accessories,Wireless Mouse,HP,1,610.38,0.11,0.18,641.02,Credit Card,Online,EMP851,3,1,Express,5,EUR
ORD111060,04-05-2023,BR80,USA,Chicago,CUST2065,PROD386,TV,Sony Bravia 55,LG,1,151.38,0.26,0.18,132.19,Debit Card,Online,EMP933,2,0,Standard,3,GBP
ORD111061,18-06-2023,BR50,UAE,Abu Dhabi,CUST7395,PROD801,Tablet,iPad Air,Sony,1,1130.44,0.14,0.18,1147.17,Debit Card,Online,EMP463,3,1,Standard,7,AED
ORD111062,22-12-2023,BR30,UK,Birmingham,CUST5283,PROD764,Tablet,iPad Air,LG,4,1857.88,0.12,0.18,7716.89,Credit Card,In-Store,EMP628,1,0,Same Day,5,USD
ORD111063,16-03-2024,BR91,India,Pune,CUST1216,PROD999,TV,Sony Bravia 55,HP,2,1156.69,0.01,0.18,2702.49,Debit Card,Online,EMP471,0,1,Express,8,EUR
ORD111064,25-07-2023,BR117,Germany,Munich,CUST8699,PROD921,Accessories,Keyboard,Apple,1,412.01,0.29,0.18,345.18,UPI,Online,EMP420,0,0,Express,8,INR
ORD111065,10-10-2024,BR33,UAE,Dubai,CUST7463,PROD332,TV,Sony Bravia 55,LG,4,1324.14,0,0.18,6249.94,Credit Card,In-Store,EMP780,2,0,Same Day,10,EUR
ORD111066,14-05-2024,BR69,India,Mumbai,CUST9365,PROD498,Tablet,Lenovo Tab P11,Samsung,5,1598.36,0.28,0.18,6789.83,Debit Card,In-Store,EMP958,2,0,Express,6,AED
ORD111067,02-02-2023,BR48,Germany,Hamburg,CUST2675,PROD474,TV,Samsung QLED 50,Dell,5,1683.48,0.01,0.18,9833.21,Cash,Online,EMP234,2,0,Express,8,AED
ORD111068,24-07-2024,BR92,UAE,Abu Dhabi,CUST5969,PROD685,Accessories,Wireless Mouse,Samsung,1,1001.33,0.27,0.18,862.55,Credit Card,In-Store,EMP924,0,0,Same Day,1,GBP
ORD111069,03-12-2023,BR26,Germany,Munich,CUST1100,PROD543,TV,LG OLED 48,OnePlus,1,1916.04,0.15,0.18,1921.79,Net Banking,In-Store,EMP286,2,1,Express,8,GBP
ORD111070,09-05-2023,BR12,Germany,Munich,CUST7298,PROD556,Mobile,OnePlus 11,Samsung,5,943.69,0.27,0.18,4064.47,Credit Card,Online,EMP579,3,1,Express,8,AED
ORD111071,07-07-2023,BR13,USA,Chicago,CUST5152,PROD220,Tablet,Lenovo Tab P11,Lenovo,1,412.91,0.12,0.18,428.77,Credit Card,In-Store,EMP723,2,1,Same Day,4,GBP
ORD111072,26-10-2024,BR31,Germany,Hamburg,CUST9751,PROD727,Accessories,Keyboard,HP,3,1454,0.28,0.18,3705.96,Debit Card,In-Store,EMP487,1,1,Standard,10,EUR
ORD111073,24-09-2023,BR113,UAE,Abu Dhabi,CUST7193,PROD294,TV,Sony Bravia 55,Sony,5,1810.67,0.1,0.18,9614.66,Cash,In-Store,EMP357,0,1,Express,6,INR
ORD111074,08-12-2023,BR91,UK,Manchester,CUST9784,PROD485,Accessories,Keyboard,Dell,4,1775.43,0.11,0.18,7458.23,UPI,In-Store,EMP316,2,1,Same Day,2,EUR
ORD111075,22-05-2024,BR70,UK,Birmingham,CUST6139,PROD172,Tablet,Samsung Galaxy Tab,Samsung,5,1257.35,0.06,0.18,6973.26,Cash,In-Store,EMP753,0,1,Express,7,AED
ORD111076,10-10-2024,BR54,Germany,Hamburg,CUST3645,PROD705,TV,Samsung QLED 50,Apple,3,1301.06,0.14,0.18,3960.95,UPI,In-Store,EMP532,1,1,Express,5,AED
ORD111077,18-10-2024,BR44,UK,London,CUST3819,PROD102,Accessories,Bluetooth Headphones,Sony,1,604.6,0.27,0.18,520.8,Net Banking,Online,EMP637,1,1,Standard,5,USD
ORD111078,25-10-2023,BR27,India,Mumbai,CUST3130,PROD799,Mobile,Samsung Galaxy S23,Samsung,3,980.51,0.17,0.18,2880.93,Cash,In-Store,EMP755,0,0,Same Day,3,AED
ORD111079,02-08-2023,BR78,USA,New York,CUST4249,PROD483,Accessories,Bluetooth Headphones,Sony,5,1211.37,0.01,0.18,7075.61,Cash,In-Store,EMP359,0,0,Same Day,6,INR
ORD111080,11-10-2023,BR77,Germany,Munich,CUST9028,PROD441,Laptop,Dell XPS 13,LG,3,355.36,0.13,0.18,1094.44,Credit Card,In-Store,EMP375,1,0,Same Day,7,INR
ORD111081,29-04-2023,BR113,UK,London,CUST9445,PROD710,Mobile,iPhone 14,Apple,3,134.42,0.23,0.18,366.4,UPI,In-Store,EMP887,1,1,Express,8,AED
ORD111082,22-03-2024,BR18,UAE,Abu Dhabi,CUST7697,PROD691,TV,LG OLED 48,Samsung,3,1990.19,0.06,0.18,6622.56,UPI,In-Store,EMP423,3,0,Standard,8,EUR
ORD111083,18-07-2023,BR24,UAE,Dubai,CUST9673,PROD495,Mobile,OnePlus 11,Apple,5,1412.63,0.03,0.18,8084.48,Debit Card,In-Store,EMP740,3,0,Standard,1,INR
ORD111084,07-08-2024,BR80,India,Pune,CUST3933,PROD490,TV,Samsung QLED 50,OnePlus,5,433.95,0.02,0.18,2509.1,Debit Card,Online,EMP989,1,0,Express,1,INR
ORD111085,14-06-2023,BR20,UK,Birmingham,CUST1024,PROD973,Laptop,HP Spectre x360,Sony,4,93.01,0.21,0.18,346.82,Net Banking,Online,EMP486,1,0,Same Day,7,AED
ORD111086,05-08-2023,BR4,India,Bangalore,CUST3386,PROD251,Mobile,Samsung Galaxy S23,OnePlus,3,737.42,0.24,0.18,1983.95,Cash,In-Store,EMP881,3,1,Standard,3,AED
ORD111087,28-03-2024,BR62,UAE,Abu Dhabi,CUST6293,PROD493,Tablet,Lenovo Tab P11,LG,4,1041.9,0.21,0.18,3885.04,Net Banking,Online,EMP543,2,0,Same Day,5,EUR
ORD111088,06-08-2024,BR63,India,Pune,CUST4457,PROD572,Laptop,Dell XPS 13,HP,3,1174.55,0,0.18,4157.91,Credit Card,In-Store,EMP310,1,1,Express,7,INR
ORD111089,07-03-2023,BR111,USA,Chicago,CUST2550,PROD535,Accessories,Keyboard,Sony,3,1770.63,0.18,0.18,5139.78,UPI,In-Store,EMP920,1,1,Express,5,EUR
ORD111090,11-06-2023,BR94,India,Mumbai,CUST2859,PROD454,Mobile,iPhone 14,Samsung,3,690.37,0.05,0.18,2321.71,UPI,In-Store,EMP722,3,1,Express,8,USD
ORD111091,20-02-2023,BR93,UAE,Abu Dhabi,CUST5706,PROD712,TV,Sony Bravia 55,Apple,1,1789.47,0.07,0.18,1963.76,Debit Card,Online,EMP330,2,1,Express,10,GBP
ORD111092,02-07-2024,BR67,Germany,Hamburg,CUST6040,PROD720,TV,Sony Bravia 55,HP,2,429.93,0.1,0.18,913.17,Credit Card,Online,EMP296,3,0,Express,8,USD
ORD111093,03-07-2023,BR37,UAE,Dubai,CUST9965,PROD323,Laptop,Dell XPS 13,HP,2,1117.61,0.06,0.18,2479.31,Credit Card,Online,EMP738,2,0,Standard,4,GBP
ORD111094,26-10-2024,BR114,India,Pune,CUST6611,PROD254,Laptop,MacBook Air M2,LG,5,402.63,0.22,0.18,1852.9,Cash,In-Store,EMP740,2,0,Same Day,1,GBP
ORD111095,29-08-2024,BR49,Germany,Munich,CUST5763,PROD834,TV,Sony Bravia 55,OnePlus,2,790.07,0.07,0.18,1734.05,Net Banking,In-Store,EMP473,0,0,Express,9,AED
ORD111096,21-11-2024,BR48,UAE,Dubai,CUST1596,PROD221,Tablet,Lenovo Tab P11,Apple,3,870.67,0.15,0.18,2619.85,Cash,In-Store,EMP442,2,1,Standard,2,INR
ORD111097,30-06-2023,BR90,USA,Dallas,CUST9693,PROD218,TV,LG OLED 48,Dell,4,1943.96,0.19,0.18,7432.15,Credit Card,Online,EMP742,3,0,Express,3,INR
ORD111098,17-06-2023,BR93,UAE,Dubai,CUST2310,PROD425,Accessories,Keyboard,LG,2,532.8,0.14,0.18,1081.37,Net Banking,Online,EMP484,0,1,Standard,4,USD
ORD111099,24-05-2024,BR12,UAE,Abu Dhabi,CUST2817,PROD600,TV,Samsung QLED 50,Dell,2,712.12,0.27,0.18,1226.84,Debit Card,Online,EMP556,1,1,Same Day,3,EUR
ORD111100,26-05-2023,BR96,Germany,Berlin,CUST4829,PROD529,Tablet,Samsung Galaxy Tab,Sony,3,1825.78,0.1,0.18,5816.94,Debit Card,Online,EMP371,1,1,Same Day,3,EUR
ORD111101,31-10-2023,BR105,India,Bangalore,CUST6008,PROD223,Mobile,iPhone 14,OnePlus,3,1235.5,0.27,0.18,3192.78,Cash,In-Store,EMP683,1,1,Standard,4,INR
ORD111102,21-08-2024,BR65,UAE,Dubai,CUST2550,PROD173,TV,Sony Bravia 55,Samsung,4,1949.9,0.14,0.18,7915.03,Net Banking,Online,EMP232,3,1,Same Day,8,AED
ORD111103,10-11-2023,BR49,USA,Los Angeles,CUST7298,PROD500,Mobile,iPhone 14,HP,4,891.09,0.2,0.18,3364.76,Net Banking,Online,EMP416,3,0,Same Day,10,AED
ORD111104,17-04-2023,BR118,India,Mumbai,CUST6230,PROD321,Laptop,MacBook Air M2,Sony,5,859.89,0.19,0.18,4109.41,Credit Card,In-Store,EMP239,2,0,Standard,3,AED
ORD111105,08-05-2023,BR17,Germany,Berlin,CUST7876,PROD606,TV,LG OLED 48,HP,5,1934.96,0.13,0.18,9932.15,Credit Card,In-Store,EMP793,2,0,Same Day,8,GBP
ORD111106,21-12-2024,BR92,USA,New York,CUST6129,PROD724,Laptop,HP Spectre x360,Sony,5,307.86,0.13,0.18,1580.25,Cash,Online,EMP972,2,0,Express,5,USD
ORD111107,14-01-2023,BR53,USA,Los Angeles,CUST9956,PROD296,Mobile,iPhone 14,OnePlus,3,1618.42,0.02,0.18,5614.62,UPI,In-Store,EMP400,0,0,Standard,10,AED
ORD111108,15-08-2023,BR60,Germany,Hamburg,CUST7445,PROD642,Laptop,HP Spectre x360,Dell,3,565.91,0.22,0.18,1562.59,Cash,In-Store,EMP364,2,1,Same Day,4,EUR
ORD111109,09-11-2023,BR57,Germany,Berlin,CUST5180,PROD820,Accessories,Wireless Mouse,OnePlus,4,1065.64,0.06,0.18,4728.03,UPI,In-Store,EMP371,3,0,Standard,2,USD
ORD111110,11-10-2023,BR116,Germany,Hamburg,CUST7093,PROD134,Accessories,Bluetooth Headphones,Sony,4,1250.81,0.26,0.18,4368.83,Debit Card,Online,EMP288,0,0,Express,5,AED
ORD111111,30-07-2024,BR59,India,Bangalore,CUST2131,PROD490,TV,LG OLED 48,Sony,1,1581,0.02,0.18,1828.27,Credit Card,In-Store,EMP996,1,0,Same Day,7,INR
ORD111112,27-12-2023,BR71,Germany,Hamburg,CUST1567,PROD321,Accessories,Keyboard,Sony,3,795.28,0.16,0.18,2364.84,Net Banking,Online,EMP991,0,1,Standard,9,USD
ORD111113,12-02-2023,BR59,UAE,Abu Dhabi,CUST6785,PROD329,Mobile,Samsung Galaxy S23,Lenovo,5,149.8,0,0.18,883.82,Net Banking,In-Store,EMP549,0,1,Standard,4,AED
ORD111114,21-08-2023,BR53,USA,Los Angeles,CUST5513,PROD854,Laptop,MacBook Air M2,HP,5,1249.3,0.09,0.18,6707.49,Cash,Online,EMP881,3,1,Standard,5,USD
ORD111115,30-11-2023,BR94,Germany,Berlin,CUST9896,PROD352,Mobile,iPhone 14,Apple,4,1380.06,0.17,0.18,5406.52,Credit Card,In-Store,EMP318,3,0,Express,6,INR
ORD111116,08-04-2024,BR82,UAE,Abu Dhabi,CUST4779,PROD216,Laptop,Dell XPS 13,Dell,1,545.41,0.23,0.18,495.56,Cash,Online,EMP581,1,1,Express,7,AED
ORD111117,28-01-2024,BR55,India,Pune,CUST9954,PROD982,TV,Samsung QLED 50,OnePlus,5,1724.25,0.28,0.18,7324.61,Credit Card,In-Store,EMP794,1,1,Standard,7,USD
ORD111118,28-02-2024,BR61,India,Bangalore,CUST2498,PROD981,Tablet,Samsung Galaxy Tab,Apple,3,1577.97,0.08,0.18,5139.13,UPI,Online,EMP902,1,0,Standard,4,EUR
ORD111119,26-04-2024,BR36,UK,Birmingham,CUST1376,PROD166,Accessories,Wireless Mouse,OnePlus,5,1841.25,0.04,0.18,10428.84,UPI,In-Store,EMP686,2,0,Express,9,INR
ORD111120,10-09-2023,BR73,UAE,Dubai,CUST9039,PROD404,Accessories,Bluetooth Headphones,Apple,4,1149.95,0.03,0.18,5264.93,Debit Card,Online,EMP954,0,0,Standard,2,GBP
ORD111121,16-02-2024,BR1,USA,Chicago,CUST9558,PROD618,Accessories,Wireless Mouse,OnePlus,5,78.14,0.19,0.18,373.43,Net Banking,In-Store,EMP586,0,0,Express,8,EUR
ORD111122,27-09-2024,BR79,USA,Dallas,CUST3255,PROD787,TV,LG OLED 48,Lenovo,2,263.47,0.14,0.18,534.74,UPI,In-Store,EMP660,1,0,Standard,9,GBP
ORD111123,27-09-2023,BR62,UAE,Abu Dhabi,CUST2298,PROD735,Tablet,iPad Air,Lenovo,3,1899.89,0.05,0.18,6389.33,UPI,In-Store,EMP224,1,0,Standard,10,USD
ORD111124,19-03-2024,BR67,Germany,Berlin,CUST5664,PROD312,TV,Samsung QLED 50,Lenovo,4,1104.09,0.13,0.18,4533.84,UPI,Online,EMP952,2,1,Standard,5,GBP
ORD111125,12-06-2023,BR32,India,Pune,CUST2450,PROD699,Mobile,iPhone 14,Lenovo,4,1000.1,0.17,0.18,3917.99,UPI,Online,EMP320,1,1,Same Day,7,USD
ORD111126,15-03-2023,BR17,India,Pune,CUST5511,PROD396,Tablet,iPad Air,HP,2,920.54,0.27,0.18,1585.91,Net Banking,In-Store,EMP382,2,0,Same Day,7,INR
ORD111127,14-06-2024,BR100,UK,Manchester,CUST1711,PROD495,Laptop,HP Spectre x360,HP,4,773.84,0.15,0.18,3104.65,Net Banking,Online,EMP822,0,0,Standard,4,INR
ORD111128,01-10-2024,BR76,UK,Manchester,CUST1794,PROD409,Laptop,HP Spectre x360,Dell,1,844.37,0.07,0.18,926.61,Debit Card,Online,EMP425,3,1,Same Day,6,INR
ORD111129,03-12-2023,BR84,UK,Birmingham,CUST4938,PROD490,Laptop,HP Spectre x360,Samsung,2,1553.24,0.05,0.18,3482.36,Net Banking,Online,EMP308,1,0,Standard,7,AED
ORD111130,11-10-2024,BR92,Germany,Berlin,CUST9493,PROD260,Accessories,Keyboard,LG,2,433.57,0.05,0.18,972.06,UPI,In-Store,EMP724,1,0,Same Day,2,EUR
ORD111131,10-09-2024,BR29,UAE,Abu Dhabi,CUST6541,PROD799,Mobile,OnePlus 11,Samsung,3,1307.01,0.03,0.18,4488.01,UPI,In-Store,EMP971,1,1,Standard,4,EUR
ORD111132,07-05-2024,BR57,UAE,Dubai,CUST1412,PROD150,Laptop,HP Spectre x360,HP,4,570.94,0.1,0.18,2425.35,Cash,Online,EMP957,2,1,Same Day,8,GBP
ORD111133,04-11-2024,BR74,USA,Chicago,CUST3965,PROD528,Laptop,HP Spectre x360,Lenovo,5,1384.53,0,0.18,8168.73,Debit Card,Online,EMP809,0,0,Standard,2,INR
ORD111134,10-10-2023,BR20,UAE,Abu Dhabi,CUST3364,PROD220,Mobile,Samsung Galaxy S23,LG,4,1810.25,0.18,0.18,7006.39,UPI,In-Store,EMP899,3,1,Same Day,9,EUR
ORD111135,07-03-2023,BR95,India,Mumbai,CUST5824,PROD449,Accessories,Wireless Mouse,LG,1,1741.5,0.01,0.18,2034.42,Credit Card,In-Store,EMP569,3,0,Express,5,USD
ORD111136,03-09-2024,BR63,UK,Manchester,CUST2995,PROD227,Mobile,Samsung Galaxy S23,Apple,3,759.17,0.25,0.18,2015.6,Debit Card,In-Store,EMP285,1,0,Express,9,USD
ORD111137,23-10-2024,BR56,UK,London,CUST7446,PROD666,Accessories,Wireless Mouse,Lenovo,2,217.59,0.01,0.18,508.38,UPI,Online,EMP840,1,0,Standard,3,EUR
ORD111138,22-01-2023,BR54,USA,Dallas,CUST2979,PROD623,Laptop,HP Spectre x360,LG,4,966.18,0.02,0.18,4469.16,Cash,Online,EMP797,2,1,Express,2,INR
ORD111139,31-05-2023,BR87,USA,Los Angeles,CUST8094,PROD574,Tablet,iPad Air,Sony,5,1637.19,0.26,0.18,7147.97,UPI,In-Store,EMP804,0,1,Standard,10,USD
ORD111140,22-06-2023,BR107,UAE,Abu Dhabi,CUST4320,PROD782,TV,Samsung QLED 50,LG,3,1598.4,0.09,0.18,5149.09,Debit Card,Online,EMP902,2,0,Express,7,USD
ORD111141,22-01-2024,BR37,USA,Chicago,CUST1883,PROD906,Tablet,Samsung Galaxy Tab,OnePlus,5,1224.94,0.26,0.18,5348.09,Net Banking,In-Store,EMP734,1,1,Same Day,1,USD
ORD111142,19-01-2024,BR6,Germany,Hamburg,CUST1919,PROD282,Mobile,iPhone 14,Dell,3,433.1,0.1,0.18,1379.86,Credit Card,Online,EMP700,3,0,Same Day,4,USD
ORD111143,18-09-2023,BR104,UAE,Dubai,CUST5767,PROD866,Accessories,Keyboard,Apple,3,452.73,0,0.18,1602.66,Credit Card,Online,EMP478,1,1,Same Day,1,GBP
ORD111144,01-09-2024,BR81,USA,New York,CUST6081,PROD571,Accessories,Keyboard,Apple,4,926.89,0.18,0.18,3587.44,Net Banking,Online,EMP210,3,1,Express,1,AED
ORD111145,14-03-2024,BR62,Germany,Berlin,CUST2534,PROD834,Laptop,Dell XPS 13,OnePlus,1,1551.36,0.26,0.18,1354.65,Debit Card,In-Store,EMP497,0,1,Standard,2,GBP
ORD111146,06-09-2023,BR23,UK,Manchester,CUST9659,PROD813,Accessories,Keyboard,HP,1,1200.26,0.05,0.18,1345.49,Debit Card,Online,EMP435,1,1,Standard,6,USD
ORD111147,25-04-2024,BR14,UAE,Dubai,CUST5558,PROD974,Tablet,iPad Air,OnePlus,1,333.59,0.23,0.18,303.1,Net Banking,Online,EMP261,2,1,Express,6,AED
ORD111148,16-07-2023,BR11,USA,Dallas,CUST1064,PROD770,Laptop,MacBook Air M2,Lenovo,3,154.03,0.17,0.18,452.57,UPI,Online,EMP708,3,0,Same Day,9,INR
ORD111149,30-03-2024,BR53,UAE,Dubai,CUST6253,PROD492,Tablet,Lenovo Tab P11,Sony,3,1966.41,0.17,0.18,5777.71,Credit Card,Online,EMP213,0,1,Standard,2,INR
ORD111150,11-06-2024,BR42,Germany,Munich,CUST7107,PROD172,Mobile,Samsung Galaxy S23,OnePlus,4,448.69,0.05,0.18,2011.93,Credit Card,In-Store,EMP397,2,1,Express,8,GBP
ORD111151,16-09-2024,BR73,Germany,Munich,CUST4871,PROD480,Accessories,Wireless Mouse,Lenovo,1,1253.75,0.21,0.18,1168.75,Net Banking,In-Store,EMP440,0,1,Same Day,6,AED
ORD111152,21-08-2023,BR26,UAE,Abu Dhabi,CUST9324,PROD844,TV,Sony Bravia 55,Dell,4,1670.2,0.1,0.18,7095.01,Net Banking,Online,EMP857,3,1,Express,4,USD
ORD111153,22-04-2024,BR30,USA,Chicago,CUST2559,PROD971,Mobile,iPhone 14,OnePlus,5,1364.75,0.2,0.18,6441.62,Net Banking,Online,EMP908,2,1,Standard,1,EUR
ORD111154,02-02-2023,BR31,Germany,Munich,CUST4717,PROD624,Mobile,OnePlus 11,Dell,4,1712.23,0.24,0.18,6142.11,Net Banking,Online,EMP778,2,1,Express,6,USD
ORD111155,19-03-2024,BR80,UAE,Dubai,CUST6386,PROD153,TV,Sony Bravia 55,LG,5,861.32,0.09,0.18,4624.43,Cash,In-Store,EMP785,3,0,Express,3,EUR
ORD111156,23-04-2023,BR46,Germany,Hamburg,CUST7490,PROD878,Laptop,Dell XPS 13,LG,1,1754.87,0.29,0.18,1470.23,Credit Card,Online,EMP459,3,0,Same Day,9,INR
ORD111157,21-09-2024,BR54,UAE,Dubai,CUST4409,PROD383,Tablet,Lenovo Tab P11,OnePlus,5,1192.16,0,0.18,7033.74,Credit Card,Online,EMP362,1,0,Express,5,GBP
ORD111158,04-11-2024,BR36,UK,Birmingham,CUST5644,PROD349,Tablet,Lenovo Tab P11,Samsung,3,340.94,0.3,0.18,844.85,Debit Card,Online,EMP591,0,1,Express,9,AED
ORD111159,03-12-2023,BR111,UAE,Abu Dhabi,CUST2569,PROD919,Mobile,OnePlus 11,Apple,4,434.26,0.18,0.18,1680.76,Cash,Online,EMP971,3,0,Express,3,USD
ORD111160,15-09-2023,BR108,UAE,Dubai,CUST3078,PROD342,TV,Samsung QLED 50,Lenovo,4,1802.89,0.05,0.18,8084.16,Net Banking,Online,EMP824,3,0,Standard,4,USD
ORD111161,21-02-2023,BR75,Germany,Munich,CUST2194,PROD323,Accessories,Wireless Mouse,OnePlus,5,1780.5,0.26,0.18,7773.66,Debit Card,In-Store,EMP791,2,0,Same Day,10,AED
ORD111162,10-01-2024,BR52,USA,New York,CUST7361,PROD285,Mobile,Samsung Galaxy S23,Samsung,1,589.84,0.3,0.18,487.21,UPI,Online,EMP632,2,1,Standard,2,INR
ORD111163,12-07-2023,BR58,Germany,Berlin,CUST6619,PROD925,Tablet,Samsung Galaxy Tab,HP,5,1568.35,0.16,0.18,7772.74,Net Banking,In-Store,EMP288,0,1,Standard,2,USD
ORD111164,19-05-2023,BR26,USA,New York,CUST9248,PROD191,Laptop,Dell XPS 13,Apple,1,1255.2,0.14,0.18,1273.78,Debit Card,In-Store,EMP861,0,0,Same Day,9,INR
ORD111165,15-06-2024,BR104,UAE,Abu Dhabi,CUST6063,PROD124,Laptop,HP Spectre x360,LG,4,876.8,0.18,0.18,3393.57,Cash,In-Store,EMP645,3,0,Same Day,4,GBP
ORD111166,14-12-2023,BR54,India,Pune,CUST4919,PROD905,Accessories,Keyboard,Sony,2,1908.77,0.14,0.18,3874.04,UPI,In-Store,EMP942,0,1,Express,5,USD
ORD111167,10-04-2023,BR23,UAE,Abu Dhabi,CUST2905,PROD777,Accessories,Bluetooth Headphones,LG,5,1980.85,0.18,0.18,9583.35,Cash,In-Store,EMP971,3,1,Standard,8,USD
ORD111168,14-03-2023,BR94,Germany,Munich,CUST7967,PROD615,TV,LG OLED 48,Lenovo,1,860.15,0.12,0.18,893.18,UPI,In-Store,EMP591,0,1,Same Day,6,AED
ORD111169,06-06-2024,BR22,India,Mumbai,CUST3048,PROD152,Mobile,OnePlus 11,OnePlus,3,1272.7,0.14,0.18,3874.61,Debit Card,Online,EMP426,1,1,Express,5,GBP
ORD111170,17-01-2023,BR32,Germany,Hamburg,CUST2020,PROD424,Accessories,Keyboard,OnePlus,2,450.19,0.24,0.18,807.46,Cash,In-Store,EMP860,3,0,Same Day,3,EUR
ORD111171,01-07-2023,BR54,Germany,Hamburg,CUST5671,PROD243,Laptop,Dell XPS 13,Dell,3,1003.65,0.16,0.18,2984.45,Cash,In-Store,EMP902,0,1,Express,2,GBP
ORD111172,28-04-2024,BR107,USA,Chicago,CUST8610,PROD218,TV,LG OLED 48,Samsung,2,1244.29,0.09,0.18,2672.24,UPI,Online,EMP428,1,1,Standard,6,EUR
ORD111173,20-10-2024,BR49,USA,Dallas,CUST4149,PROD813,Tablet,Lenovo Tab P11,OnePlus,2,1750.62,0.09,0.18,3759.63,UPI,Online,EMP441,2,1,Standard,4,AED
ORD111174,02-07-2023,BR28,India,Delhi,CUST8795,PROD142,Accessories,Keyboard,OnePlus,2,1677.14,0.07,0.18,3680.99,Cash,Online,EMP210,2,1,Same Day,1,GBP
ORD111175,15-08-2024,BR117,India,Bangalore,CUST3139,PROD852,Tablet,iPad Air,LG,4,1125.95,0.15,0.18,4517.31,Net Banking,In-Store,EMP836,3,0,Express,8,INR
ORD111176,28-12-2023,BR17,India,Bangalore,CUST4350,PROD600,Laptop,HP Spectre x360,Sony,2,345.25,0.17,0.18,676.28,Cash,Online,EMP467,3,1,Same Day,6,INR
ORD111177,29-10-2023,BR28,UK,Birmingham,CUST1980,PROD315,Tablet,Lenovo Tab P11,LG,2,360.02,0.23,0.18,654.23,Net Banking,Online,EMP276,1,1,Standard,2,USD
ORD111178,29-09-2023,BR91,UAE,Dubai,CUST2213,PROD522,Accessories,Bluetooth Headphones,Lenovo,5,1994.29,0.02,0.18,11530.98,Debit Card,Online,EMP628,3,1,Standard,8,INR
ORD111179,25-08-2024,BR8,Germany,Hamburg,CUST7937,PROD183,Accessories,Wireless Mouse,Dell,4,1209.9,0.15,0.18,4854.12,Net Banking,In-Store,EMP955,2,0,Same Day,2,GBP
ORD111180,17-10-2024,BR27,Germany,Hamburg,CUST8601,PROD486,TV,LG OLED 48,HP,1,594.7,0.17,0.18,582.45,Cash,In-Store,EMP769,0,1,Express,3,GBP
ORD111181,18-12-2023,BR72,India,Bangalore,CUST5339,PROD746,Tablet,iPad Air,Lenovo,3,1536.59,0.25,0.18,4079.65,Cash,In-Store,EMP440,0,0,Standard,6,EUR
ORD111182,18-11-2023,BR19,UK,Manchester,CUST5014,PROD504,Mobile,Samsung Galaxy S23,LG,4,220.93,0.05,0.18,990.65,Cash,Online,EMP469,1,1,Same Day,2,AED
ORD111183,19-11-2024,BR63,UAE,Abu Dhabi,CUST9213,PROD587,Laptop,HP Spectre x360,OnePlus,5,1135.32,0.26,0.18,4956.81,Credit Card,In-Store,EMP764,1,0,Express,10,AED
ORD111184,17-01-2024,BR105,UAE,Abu Dhabi,CUST1435,PROD385,Tablet,Lenovo Tab P11,Sony,5,1369.2,0.26,0.18,5977.93,Cash,Online,EMP393,3,0,Standard,1,INR
ORD111185,14-03-2023,BR26,Germany,Munich,CUST4782,PROD343,Laptop,HP Spectre x360,LG,3,787.4,0.2,0.18,2229.92,Net Banking,Online,EMP862,0,1,Standard,5,GBP
ORD111186,28-12-2023,BR17,UK,Birmingham,CUST6732,PROD492,Laptop,MacBook Air M2,Sony,1,1336.18,0.19,0.18,1277.12,UPI,In-Store,EMP524,3,1,Express,3,USD
ORD111187,15-08-2024,BR34,UAE,Dubai,CUST3817,PROD530,Laptop,MacBook Air M2,HP,3,236.88,0.22,0.18,654.07,Cash,In-Store,EMP513,2,1,Standard,10,EUR
ORD111188,13-03-2024,BR97,USA,New York,CUST6317,PROD369,Tablet,Lenovo Tab P11,LG,2,1853.02,0.07,0.18,4067.01,Debit Card,In-Store,EMP353,2,1,Standard,2,USD
ORD111189,01-06-2023,BR28,Germany,Hamburg,CUST2505,PROD531,TV,Sony Bravia 55,HP,2,1288.23,0.04,0.18,2918.61,Net Banking,Online,EMP739,3,0,Express,5,GBP
ORD111190,13-11-2023,BR78,USA,Dallas,CUST4974,PROD388,TV,LG OLED 48,Apple,5,1680.79,0.2,0.18,7933.33,Debit Card,Online,EMP815,3,1,Express,4,USD
ORD111191,25-07-2023,BR58,India,Bangalore,CUST9919,PROD641,Laptop,HP Spectre x360,LG,1,1875.91,0.3,0.18,1549.5,Cash,In-Store,EMP526,1,1,Standard,5,INR
ORD111192,05-06-2024,BR3,UK,Manchester,CUST8106,PROD502,Laptop,MacBook Air M2,Sony,4,1391.21,0.18,0.18,5384.54,Net Banking,In-Store,EMP631,2,1,Standard,5,GBP
ORD111193,27-07-2024,BR94,USA,Chicago,CUST9759,PROD929,Accessories,Bluetooth Headphones,OnePlus,2,288.15,0.12,0.18,598.43,UPI,Online,EMP391,1,1,Standard,4,INR
ORD111194,10-12-2024,BR99,UK,Manchester,CUST4489,PROD882,Mobile,Samsung Galaxy S23,Apple,2,564.65,0.12,0.18,1172.67,UPI,Online,EMP414,2,0,Standard,9,EUR
ORD111195,08-02-2024,BR81,USA,Dallas,CUST2884,PROD658,Accessories,Wireless Mouse,HP,4,582.48,0.2,0.18,2199.44,Cash,In-Store,EMP622,1,1,Express,10,AED
ORD111196,16-09-2024,BR1,UAE,Dubai,CUST7865,PROD494,TV,Sony Bravia 55,Sony,5,1478.18,0.13,0.18,7587.5,Credit Card,Online,EMP697,1,1,Standard,1,USD
ORD111197,10-03-2024,BR13,Germany,Hamburg,CUST2665,PROD543,Accessories,Bluetooth Headphones,HP,1,479.17,0.04,0.18,542.8,Credit Card,In-Store,EMP792,2,1,Same Day,7,AED
ORD111198,10-09-2024,BR80,USA,Dallas,CUST4209,PROD413,Tablet,Samsung Galaxy Tab,Apple,5,469.15,0.3,0.18,1937.59,Debit Card,In-Store,EMP276,0,1,Same Day,10,INR
ORD111199,06-08-2024,BR17,UAE,Abu Dhabi,CUST2523,PROD996,Laptop,Dell XPS 13,Samsung,3,812.92,0.06,0.18,2705.07,Credit Card,In-Store,EMP919,3,1,Express,6,AED
ORD111200,17-04-2023,BR63,UK,London,CUST9497,PROD133,Accessories,Wireless Mouse,HP,3,1576.02,0.04,0.18,5355.95,Debit Card,Online,EMP806,3,0,Standard,3,USD
ORD111201,24-06-2024,BR17,USA,Chicago,CUST8385,PROD603,TV,LG OLED 48,Lenovo,5,1574.91,0.06,0.18,8734.45,Net Banking,In-Store,EMP835,3,1,Same Day,7,AED
ORD111202,08-01-2023,BR77,Germany,Hamburg,CUST7758,PROD436,TV,LG OLED 48,HP,1,1151.26,0.12,0.18,1195.47,Debit Card,Online,EMP552,2,0,Same Day,10,INR
ORD111203,20-09-2023,BR20,USA,Chicago,CUST3491,PROD618,Accessories,Bluetooth Headphones,Lenovo,3,1859.58,0.22,0.18,5134.67,Cash,In-Store,EMP950,1,0,Same Day,1,INR
ORD111204,24-03-2023,BR15,Germany,Berlin,CUST8198,PROD244,Mobile,OnePlus 11,Apple,5,1852.02,0.15,0.18,9287.88,UPI,Online,EMP524,0,1,Express,5,AED
ORD111205,30-03-2024,BR7,UK,Manchester,CUST7910,PROD275,Laptop,HP Spectre x360,LG,5,1792.56,0.28,0.18,7614.79,Credit Card,In-Store,EMP201,1,1,Standard,5,EUR
ORD111206,17-02-2023,BR45,UAE,Dubai,CUST9635,PROD269,Tablet,iPad Air,LG,1,1379.08,0.26,0.18,1204.21,UPI,In-Store,EMP368,0,0,Express,5,EUR
ORD111207,03-06-2024,BR57,USA,Dallas,CUST4615,PROD305,Tablet,Lenovo Tab P11,Samsung,2,903.11,0.18,0.18,1747.7,Debit Card,Online,EMP928,2,0,Standard,8,GBP
ORD111208,25-04-2024,BR46,UK,Manchester,CUST2164,PROD486,Mobile,OnePlus 11,OnePlus,5,474.25,0.19,0.18,2266.44,Cash,Online,EMP837,1,1,Same Day,2,INR
ORD111209,29-10-2024,BR83,USA,New York,CUST6661,PROD382,Tablet,Samsung Galaxy Tab,OnePlus,1,1168.59,0.22,0.18,1075.57,UPI,Online,EMP880,2,1,Express,9,AED
ORD111210,21-10-2023,BR4,USA,New York,CUST9317,PROD886,Laptop,MacBook Air M2,Lenovo,1,1351.17,0.13,0.18,1387.11,Debit Card,In-Store,EMP847,3,0,Same Day,6,GBP
ORD111211,28-04-2024,BR69,UK,Birmingham,CUST3431,PROD333,Accessories,Bluetooth Headphones,Apple,3,331.46,0.07,0.18,1091.23,Debit Card,Online,EMP842,1,0,Standard,9,GBP
ORD111212,03-10-2023,BR81,UK,Birmingham,CUST6054,PROD594,Tablet,Lenovo Tab P11,OnePlus,2,1867.65,0.23,0.18,3393.89,Cash,Online,EMP727,2,0,Express,5,GBP
ORD111213,30-01-2023,BR104,UK,Birmingham,CUST5357,PROD597,Laptop,Dell XPS 13,Dell,2,379.95,0.16,0.18,753.21,UPI,Online,EMP333,0,1,Standard,7,AED
ORD111214,06-05-2024,BR41,USA,Los Angeles,CUST7722,PROD736,Accessories,Keyboard,OnePlus,1,233.17,0.2,0.18,220.11,Debit Card,In-Store,EMP631,3,1,Standard,7,EUR
ORD111215,20-06-2023,BR72,UAE,Abu Dhabi,CUST9656,PROD117,Accessories,Wireless Mouse,Dell,5,476.58,0.27,0.18,2052.63,Credit Card,Online,EMP237,3,0,Standard,1,EUR
ORD111216,05-03-2024,BR55,Germany,Munich,CUST5559,PROD738,Tablet,Samsung Galaxy Tab,LG,4,1351.49,0.12,0.18,5613.55,UPI,Online,EMP640,2,0,Standard,3,EUR
ORD111217,28-04-2024,BR76,India,Delhi,CUST4872,PROD679,Laptop,HP Spectre x360,Lenovo,1,1248.03,0.12,0.18,1295.95,Credit Card,In-Store,EMP492,3,0,Same Day,9,INR
ORD111218,19-02-2024,BR9,UAE,Abu Dhabi,CUST1925,PROD838,Accessories,Keyboard,HP,5,1977.88,0.01,0.18,11552.8,UPI,Online,EMP955,2,1,Same Day,2,USD
ORD111219,28-06-2023,BR92,UAE,Abu Dhabi,CUST9335,PROD803,Accessories,Keyboard,Samsung,4,1141.48,0.3,0.18,3771.45,Net Banking,Online,EMP444,2,0,Standard,10,USD
ORD111220,22-02-2024,BR99,UAE,Dubai,CUST5468,PROD241,TV,Samsung QLED 50,OnePlus,5,1493.86,0.04,0.18,8461.22,Net Banking,Online,EMP744,3,1,Standard,3,GBP
ORD111221,04-09-2023,BR33,USA,Chicago,CUST9458,PROD314,Tablet,Samsung Galaxy Tab,LG,5,701.1,0.06,0.18,3888.3,Debit Card,Online,EMP350,2,0,Standard,2,USD
ORD111222,15-04-2024,BR57,USA,Dallas,CUST4891,PROD122,Tablet,Samsung Galaxy Tab,Lenovo,2,103.76,0.14,0.18,210.59,Debit Card,Online,EMP216,3,1,Same Day,3,INR
ORD111223,17-08-2024,BR69,UAE,Dubai,CUST1041,PROD293,Mobile,iPhone 14,Dell,4,1728.83,0.18,0.18,6691.26,UPI,In-Store,EMP852,0,0,Express,4,GBP
ORD111224,22-02-2023,BR31,India,Pune,CUST1540,PROD575,Tablet,Lenovo Tab P11,Sony,5,782.1,0.08,0.18,4245.24,UPI,In-Store,EMP726,1,0,Standard,8,USD
ORD111225,19-09-2024,BR32,USA,New York,CUST4521,PROD145,TV,Sony Bravia 55,HP,3,123.94,0.25,0.18,329.06,Cash,In-Store,EMP689,1,1,Express,7,AED
ORD111226,12-05-2024,BR71,UAE,Dubai,CUST9437,PROD930,Laptop,HP Spectre x360,Samsung,1,1570.89,0.23,0.18,1427.31,Cash,In-Store,EMP550,3,0,Same Day,5,GBP
ORD111227,20-07-2024,BR16,USA,Dallas,CUST4713,PROD961,Accessories,Bluetooth Headphones,LG,5,1936.6,0.05,0.18,10854.64,UPI,Online,EMP660,3,0,Express,9,USD
ORD111228,18-01-2024,BR26,USA,Los Angeles,CUST4684,PROD277,Laptop,Dell XPS 13,Samsung,3,1938.63,0.09,0.18,6245.1,Net Banking,Online,EMP566,0,0,Standard,8,INR
ORD111229,31-05-2024,BR108,USA,Los Angeles,CUST8292,PROD142,Tablet,Lenovo Tab P11,Dell,3,427.59,0.21,0.18,1195.8,Cash,Online,EMP949,2,1,Standard,5,EUR
ORD111230,19-05-2023,BR85,Germany,Munich,CUST6023,PROD702,Mobile,iPhone 14,OnePlus,2,74.52,0.03,0.18,170.59,UPI,In-Store,EMP986,3,0,Same Day,6,USD
ORD111231,28-05-2024,BR50,UAE,Abu Dhabi,CUST3631,PROD325,Accessories,Wireless Mouse,Lenovo,2,591.16,0.12,0.18,1227.72,Cash,In-Store,EMP485,0,1,Standard,4,GBP
ORD111232,08-07-2023,BR97,USA,Dallas,CUST5013,PROD766,TV,Samsung QLED 50,HP,2,472.58,0.07,0.18,1037.22,Credit Card,Online,EMP238,1,1,Same Day,6,EUR
ORD111233,16-11-2024,BR35,UAE,Abu Dhabi,CUST5085,PROD834,Tablet,iPad Air,Apple,3,332.38,0.13,0.18,1023.66,Cash,In-Store,EMP202,3,1,Same Day,1,AED
ORD111234,29-02-2024,BR14,India,Mumbai,CUST3033,PROD461,Mobile,OnePlus 11,Lenovo,5,1965.81,0.09,0.18,10554.43,Net Banking,In-Store,EMP335,0,0,Same Day,4,USD
ORD111235,28-05-2023,BR64,UAE,Dubai,CUST5217,PROD385,TV,Samsung QLED 50,Lenovo,5,748.45,0.14,0.18,3797.64,Cash,In-Store,EMP997,1,1,Same Day,8,INR
ORD111236,22-07-2023,BR73,Germany,Hamburg,CUST7234,PROD385,Tablet,Samsung Galaxy Tab,Apple,3,1846.08,0.28,0.18,4705.29,Cash,Online,EMP468,2,1,Standard,1,INR
ORD111237,24-10-2024,BR71,UAE,Dubai,CUST8739,PROD157,TV,LG OLED 48,OnePlus,1,241.4,0.05,0.18,270.61,UPI,Online,EMP762,2,1,Same Day,7,INR
ORD111238,21-03-2023,BR113,UK,Manchester,CUST8951,PROD250,TV,Samsung QLED 50,Apple,4,589.95,0.14,0.18,2394.73,Credit Card,Online,EMP934,0,0,Express,2,USD
ORD111239,17-10-2023,BR61,UAE,Dubai,CUST7653,PROD271,Tablet,iPad Air,Dell,3,769.67,0.23,0.18,2097.97,Debit Card,Online,EMP860,0,1,Same Day,8,AED
ORD111240,19-01-2024,BR45,USA,Chicago,CUST2076,PROD422,Tablet,iPad Air,Dell,1,922.41,0.08,0.18,1001.37,UPI,In-Store,EMP681,0,0,Same Day,3,GBP
ORD111241,22-02-2024,BR56,Germany,Berlin,CUST8563,PROD417,Laptop,HP Spectre x360,Lenovo,4,755.03,0.04,0.18,3421.19,Net Banking,In-Store,EMP509,1,1,Same Day,1,GBP
ORD111242,28-06-2024,BR14,Germany,Munich,CUST4431,PROD479,Laptop,Dell XPS 13,HP,2,1916.15,0.08,0.18,4160.34,Debit Card,In-Store,EMP419,1,0,Same Day,4,INR
ORD111243,01-03-2024,BR97,Germany,Hamburg,CUST7676,PROD324,Tablet,Samsung Galaxy Tab,Apple,5,1303.27,0.12,0.18,6766.58,Cash,In-Store,EMP704,1,0,Standard,3,GBP
ORD111244,06-10-2023,BR104,UAE,Abu Dhabi,CUST9572,PROD256,Tablet,Lenovo Tab P11,LG,3,1537.58,0.24,0.18,4136.71,Cash,Online,EMP739,1,1,Same Day,1,INR
ORD111245,18-12-2023,BR91,Germany,Berlin,CUST7304,PROD335,TV,Sony Bravia 55,Sony,3,87.89,0.24,0.18,236.46,Cash,In-Store,EMP360,1,1,Same Day,2,GBP
ORD111246,13-03-2024,BR41,USA,Dallas,CUST2732,PROD845,Mobile,OnePlus 11,Apple,5,583.91,0.17,0.18,2859.41,Net Banking,In-Store,EMP427,0,1,Standard,5,INR
ORD111247,24-06-2024,BR14,Germany,Hamburg,CUST4060,PROD364,Mobile,Samsung Galaxy S23,HP,5,741.97,0.05,0.18,4158.74,UPI,In-Store,EMP680,1,1,Same Day,1,EUR
ORD111248,10-07-2023,BR28,UK,London,CUST8914,PROD130,Mobile,iPhone 14,LG,5,328.46,0.23,0.18,1492.19,Cash,Online,EMP389,3,1,Express,2,GBP
ORD111249,31-03-2024,BR20,UK,Manchester,CUST4904,PROD688,Tablet,iPad Air,HP,1,383.92,0.05,0.18,430.37,UPI,Online,EMP557,2,1,Same Day,10,INR
ORD111250,01-03-2023,BR24,Germany,Hamburg,CUST8316,PROD832,TV,Sony Bravia 55,Lenovo,4,453.69,0.27,0.18,1563.23,UPI,In-Store,EMP752,3,1,Standard,5,USD
ORD111251,11-06-2024,BR20,UK,London,CUST8863,PROD737,Accessories,Keyboard,Dell,4,449.55,0.18,0.18,1739.94,UPI,Online,EMP392,1,1,Same Day,9,GBP
ORD111252,04-10-2023,BR82,India,Delhi,CUST8393,PROD575,TV,LG OLED 48,LG,4,197.18,0.22,0.18,725.94,Credit Card,Online,EMP458,3,1,Express,5,AED
ORD111253,22-11-2023,BR77,UAE,Abu Dhabi,CUST9002,PROD579,Accessories,Keyboard,HP,1,1595.84,0.13,0.18,1638.29,UPI,In-Store,EMP454,2,0,Same Day,3,USD
ORD111254,10-06-2024,BR83,India,Delhi,CUST8293,PROD992,TV,Samsung QLED 50,Sony,4,1200.16,0.06,0.18,5324.87,Net Banking,In-Store,EMP567,0,1,Express,8,EUR
ORD111255,23-08-2023,BR48,USA,Chicago,CUST3022,PROD498,Mobile,iPhone 14,Lenovo,2,894.87,0.24,0.18,1605.04,Debit Card,Online,EMP388,2,1,Same Day,5,GBP
ORD111256,30-07-2024,BR57,USA,Dallas,CUST9247,PROD405,Laptop,MacBook Air M2,Dell,5,664.97,0.05,0.18,3727.16,Credit Card,Online,EMP239,3,0,Express,7,INR
ORD111257,09-09-2024,BR89,USA,Chicago,CUST1911,PROD327,Tablet,Lenovo Tab P11,HP,5,807.88,0.03,0.18,4623.5,Debit Card,Online,EMP609,1,0,Express,4,GBP
ORD111258,11-07-2024,BR77,UK,London,CUST9275,PROD144,Accessories,Bluetooth Headphones,OnePlus,1,1298.88,0.18,0.18,1256.8,Cash,In-Store,EMP683,3,0,Express,7,AED
ORD111259,22-07-2023,BR54,UAE,Dubai,CUST5305,PROD256,Tablet,Samsung Galaxy Tab,Samsung,1,1299.92,0.3,0.18,1073.73,Debit Card,Online,EMP917,1,0,Express,4,AED
ORD111260,20-05-2024,BR84,UK,London,CUST3323,PROD264,Mobile,Samsung Galaxy S23,OnePlus,5,976.26,0.09,0.18,5241.54,UPI,Online,EMP691,3,0,Express,3,INR
ORD111261,17-07-2023,BR91,UAE,Dubai,CUST6543,PROD827,Accessories,Keyboard,HP,1,597.78,0.24,0.18,536.09,Credit Card,Online,EMP948,2,1,Same Day,1,AED
ORD111262,16-01-2023,BR34,USA,Dallas,CUST2423,PROD948,Accessories,Bluetooth Headphones,OnePlus,3,228.62,0.19,0.18,655.54,Cash,Online,EMP565,3,1,Same Day,6,GBP
ORD111263,16-04-2023,BR98,Germany,Berlin,CUST7524,PROD605,Laptop,HP Spectre x360,HP,4,593.9,0.26,0.18,2074.37,Credit Card,In-Store,EMP624,3,1,Same Day,9,USD
ORD111264,02-10-2024,BR45,UK,Birmingham,CUST5819,PROD854,Mobile,iPhone 14,Sony,1,1628.17,0.2,0.18,1536.99,Credit Card,In-Store,EMP900,1,0,Express,2,INR
ORD111265,19-08-2023,BR16,UK,London,CUST9213,PROD344,Tablet,iPad Air,Sony,5,584.01,0.15,0.18,2928.81,Net Banking,In-Store,EMP215,2,1,Same Day,7,EUR
ORD111266,19-12-2024,BR103,UAE,Abu Dhabi,CUST9960,PROD133,Accessories,Keyboard,OnePlus,4,1972,0.04,0.18,8935.53,Cash,Online,EMP223,2,1,Express,10,GBP
ORD111267,31-12-2023,BR36,UK,London,CUST9934,PROD216,Tablet,iPad Air,HP,5,1213.19,0.17,0.18,5940.99,Credit Card,In-Store,EMP466,1,1,Same Day,10,USD
ORD111268,05-12-2024,BR18,India,Mumbai,CUST9409,PROD974,Tablet,Lenovo Tab P11,Apple,4,1692,0.2,0.18,6388.99,Credit Card,Online,EMP784,2,1,Express,5,INR
ORD111269,01-01-2024,BR78,USA,Los Angeles,CUST3686,PROD371,Laptop,HP Spectre x360,LG,2,1701.36,0.04,0.18,3854.6,Cash,Online,EMP777,0,1,Express,9,GBP
ORD111270,28-08-2023,BR93,UAE,Abu Dhabi,CUST9824,PROD874,TV,LG OLED 48,Lenovo,2,616.31,0.01,0.18,1439.95,Debit Card,Online,EMP486,3,1,Standard,7,USD
ORD111271,02-11-2024,BR20,India,Pune,CUST3502,PROD269,TV,LG OLED 48,LG,1,1247.93,0.24,0.18,1119.14,Net Banking,Online,EMP368,2,0,Express,2,AED
ORD111272,25-01-2023,BR58,USA,Chicago,CUST5017,PROD711,Mobile,iPhone 14,Apple,1,311.03,0.26,0.18,271.59,UPI,In-Store,EMP847,1,1,Same Day,3,USD
ORD111273,04-03-2023,BR26,Germany,Munich,CUST9094,PROD492,TV,Sony Bravia 55,Lenovo,4,195.36,0.05,0.18,875.99,Credit Card,Online,EMP747,1,0,Same Day,2,USD
ORD111274,21-12-2024,BR101,USA,Los Angeles,CUST8515,PROD929,Mobile,Samsung Galaxy S23,OnePlus,1,366.54,0.24,0.18,328.71,Net Banking,Online,EMP938,1,0,Standard,3,AED
ORD111275,16-08-2023,BR30,UAE,Dubai,CUST9930,PROD403,Accessories,Bluetooth Headphones,OnePlus,5,778.22,0.18,0.18,3765.03,Debit Card,In-Store,EMP732,1,1,Same Day,7,EUR
ORD111276,14-08-2023,BR91,USA,Chicago,CUST8582,PROD805,TV,Sony Bravia 55,Samsung,1,1645.98,0.22,0.18,1514.96,Net Banking,In-Store,EMP552,1,0,Same Day,2,GBP
ORD111277,30-07-2023,BR114,USA,Los Angeles,CUST3420,PROD237,TV,LG OLED 48,LG,5,1702.85,0.11,0.18,8941.67,Cash,Online,EMP798,2,1,Same Day,8,AED
ORD111278,25-05-2024,BR76,India,Delhi,CUST9567,PROD290,Mobile,iPhone 14,Lenovo,1,374.65,0.11,0.18,393.46,Debit Card,Online,EMP501,3,0,Same Day,1,GBP
ORD111279,15-02-2023,BR70,UK,Birmingham,CUST1075,PROD809,Tablet,Samsung Galaxy Tab,HP,3,896.36,0.05,0.18,3014.46,UPI,Online,EMP544,1,1,Standard,3,GBP
ORD111280,04-07-2023,BR113,UAE,Abu Dhabi,CUST2563,PROD112,Tablet,iPad Air,OnePlus,1,441.89,0.16,0.18,438,Credit Card,Online,EMP331,0,0,Express,3,USD
ORD111281,01-11-2024,BR56,Germany,Hamburg,CUST6283,PROD452,Mobile,Samsung Galaxy S23,Samsung,1,83.25,0.19,0.18,79.57,Cash,In-Store,EMP694,1,1,Standard,7,GBP
ORD111282,02-04-2023,BR104,USA,New York,CUST4676,PROD907,TV,LG OLED 48,OnePlus,5,113.87,0.21,0.18,530.75,Net Banking,In-Store,EMP636,0,1,Same Day,10,AED
ORD111283,16-09-2024,BR55,Germany,Hamburg,CUST8816,PROD192,TV,Samsung QLED 50,Apple,3,1505.97,0.23,0.18,4104.97,Net Banking,In-Store,EMP242,1,0,Same Day,5,USD
ORD111284,05-09-2024,BR24,Germany,Berlin,CUST4461,PROD756,Tablet,Samsung Galaxy Tab,Samsung,2,966.73,0.19,0.18,1848,Credit Card,In-Store,EMP887,0,1,Express,1,INR
ORD111285,11-04-2024,BR62,UK,Birmingham,CUST6390,PROD863,TV,LG OLED 48,Sony,5,594.09,0.17,0.18,2909.26,Debit Card,Online,EMP832,3,1,Standard,4,INR
ORD111286,08-07-2024,BR34,USA,Dallas,CUST6886,PROD860,Mobile,OnePlus 11,OnePlus,2,115.33,0.23,0.18,209.58,Cash,In-Store,EMP871,1,0,Express,1,GBP
ORD111287,13-10-2023,BR116,UAE,Abu Dhabi,CUST6440,PROD143,TV,LG OLED 48,LG,3,1507.14,0.09,0.18,4855.1,Debit Card,Online,EMP775,3,0,Same Day,9,INR
ORD111288,24-11-2024,BR97,UK,London,CUST9277,PROD244,Accessories,Wireless Mouse,OnePlus,4,941.42,0.08,0.18,4088.02,Credit Card,In-Store,EMP987,0,0,Express,10,INR
ORD111289,07-12-2024,BR44,India,Delhi,CUST9642,PROD986,Mobile,Samsung Galaxy S23,HP,2,415.39,0.19,0.18,794.06,Cash,Online,EMP635,1,0,Same Day,10,EUR
ORD111290,01-12-2023,BR43,UK,London,CUST6326,PROD902,TV,Sony Bravia 55,Lenovo,4,946.93,0.12,0.18,3933.17,Credit Card,In-Store,EMP451,0,1,Standard,6,EUR
ORD111291,28-10-2024,BR1,UK,Manchester,CUST9945,PROD785,TV,Samsung QLED 50,OnePlus,5,1283.64,0.28,0.18,5452.9,UPI,Online,EMP424,3,0,Same Day,9,AED
ORD111292,08-01-2023,BR9,India,Mumbai,CUST5715,PROD816,TV,Sony Bravia 55,LG,3,1334.54,0.26,0.18,3495.96,Cash,In-Store,EMP463,3,0,Express,2,INR
ORD111293,23-03-2023,BR43,Germany,Munich,CUST6894,PROD755,Tablet,Lenovo Tab P11,Apple,2,1170.97,0.29,0.18,1962.08,UPI,In-Store,EMP605,1,1,Express,6,USD
ORD111294,02-09-2023,BR83,Germany,Berlin,CUST7864,PROD151,Tablet,Lenovo Tab P11,HP,5,312.66,0.26,0.18,1365.07,UPI,Online,EMP762,2,0,Express,5,EUR
ORD111295,18-07-2023,BR18,UK,Birmingham,CUST3363,PROD347,Mobile,Samsung Galaxy S23,OnePlus,1,1697.33,0.15,0.18,1702.42,Debit Card,In-Store,EMP412,2,0,Express,4,USD
ORD111296,27-09-2023,BR105,India,Mumbai,CUST5886,PROD418,Accessories,Bluetooth Headphones,HP,1,1632.56,0.03,0.18,1868.63,UPI,In-Store,EMP850,1,0,Standard,6,AED
ORD111297,02-03-2023,BR115,USA,Los Angeles,CUST2056,PROD466,TV,Sony Bravia 55,OnePlus,2,1767.05,0.17,0.18,3461.3,UPI,In-Store,EMP583,3,1,Standard,7,GBP
ORD111298,08-11-2023,BR52,USA,Chicago,CUST2737,PROD329,TV,Samsung QLED 50,LG,1,217.15,0.1,0.18,230.61,UPI,In-Store,EMP572,0,0,Standard,7,USD
ORD111299,28-07-2023,BR37,India,Pune,CUST5255,PROD536,Accessories,Bluetooth Headphones,LG,3,148.65,0.09,0.18,478.86,Net Banking,In-Store,EMP810,0,0,Express,10,USD
ORD111300,14-12-2024,BR83,UAE,Dubai,CUST2217,PROD764,TV,LG OLED 48,Lenovo,1,1356.32,0.16,0.18,1344.38,Net Banking,In-Store,EMP654,0,1,Same Day,9,GBP
ORD111301,16-11-2023,BR41,India,Mumbai,CUST4068,PROD797,Laptop,Dell XPS 13,Sony,1,1578.22,0.09,0.18,1694.69,Net Banking,In-Store,EMP888,2,0,Express,2,AED
ORD111302,12-03-2024,BR32,UK,London,CUST2540,PROD815,Accessories,Bluetooth Headphones,Apple,5,648.47,0.11,0.18,3405.12,Net Banking,Online,EMP760,1,0,Same Day,3,GBP
ORD111303,22-06-2024,BR62,UK,Birmingham,CUST5017,PROD926,Accessories,Keyboard,Sony,3,1146.52,0.2,0.18,3246.94,UPI,In-Store,EMP645,3,1,Same Day,6,GBP
ORD111304,22-12-2023,BR81,USA,Chicago,CUST1592,PROD514,Tablet,iPad Air,Samsung,3,114.82,0.01,0.18,402.4,Debit Card,In-Store,EMP984,2,1,Express,1,AED
ORD111305,03-01-2023,BR42,Germany,Munich,CUST2714,PROD986,Mobile,iPhone 14,Sony,1,503.45,0.27,0.18,433.67,Credit Card,Online,EMP514,1,0,Same Day,1,USD
ORD111306,28-05-2023,BR110,USA,Dallas,CUST9012,PROD471,TV,Samsung QLED 50,Dell,2,164.54,0.13,0.18,337.83,UPI,In-Store,EMP426,0,0,Same Day,9,EUR
ORD111307,25-10-2024,BR72,UAE,Dubai,CUST8338,PROD752,Laptop,HP Spectre x360,HP,3,420.13,0.13,0.18,1293.92,Cash,Online,EMP767,0,1,Standard,2,INR
ORD111308,09-07-2023,BR107,India,Delhi,CUST1629,PROD900,TV,Sony Bravia 55,Apple,4,295.58,0.11,0.18,1241.67,Cash,Online,EMP900,2,0,Standard,9,GBP
ORD111309,01-11-2023,BR51,Germany,Berlin,CUST6748,PROD143,Mobile,OnePlus 11,OnePlus,3,393.82,0.14,0.18,1198.95,UPI,In-Store,EMP346,0,1,Same Day,9,EUR
ORD111310,18-08-2023,BR81,UK,Birmingham,CUST6442,PROD764,Tablet,iPad Air,Apple,5,401.49,0.04,0.18,2274.04,Cash,Online,EMP344,0,1,Express,4,USD
ORD111311,05-02-2023,BR79,Germany,Munich,CUST7701,PROD865,Accessories,Bluetooth Headphones,Dell,2,775.68,0.19,0.18,1482.79,Net Banking,In-Store,EMP459,2,1,Express,4,USD
ORD111312,01-03-2023,BR1,UAE,Dubai,CUST7826,PROD147,Laptop,Dell XPS 13,LG,3,949.78,0.28,0.18,2420.8,Debit Card,In-Store,EMP358,1,1,Same Day,6,AED
ORD111313,24-04-2023,BR43,UAE,Dubai,CUST5048,PROD593,TV,Samsung QLED 50,Sony,3,1472.11,0.06,0.18,4898.59,Net Banking,In-Store,EMP572,2,0,Express,3,INR
ORD111314,10-08-2023,BR18,USA,Los Angeles,CUST5411,PROD827,Tablet,Lenovo Tab P11,Sony,5,1376.43,0.19,0.18,6577.96,Debit Card,Online,EMP387,3,1,Express,6,EUR
ORD111315,15-02-2023,BR103,India,Bangalore,CUST6692,PROD153,Mobile,OnePlus 11,LG,1,782.88,0.03,0.18,896.08,Debit Card,In-Store,EMP518,2,0,Same Day,7,EUR
ORD111316,16-11-2024,BR39,UAE,Abu Dhabi,CUST7256,PROD751,TV,Samsung QLED 50,Dell,3,192.55,0.3,0.18,477.14,Debit Card,In-Store,EMP211,0,1,Same Day,9,USD
ORD111317,17-04-2023,BR55,USA,New York,CUST6860,PROD575,TV,Sony Bravia 55,OnePlus,4,68.08,0.28,0.18,231.36,Credit Card,Online,EMP422,0,1,Same Day,3,EUR
ORD111318,20-07-2023,BR105,UK,London,CUST5911,PROD287,Tablet,Lenovo Tab P11,LG,5,1786.53,0.18,0.18,8643.23,Cash,In-Store,EMP773,0,0,Same Day,2,GBP
ORD111319,05-10-2023,BR119,UAE,Abu Dhabi,CUST1188,PROD783,Mobile,iPhone 14,HP,5,476.15,0.25,0.18,2106.96,Cash,In-Store,EMP503,0,1,Standard,3,AED
ORD111320,17-04-2024,BR106,UAE,Dubai,CUST4126,PROD305,Tablet,Lenovo Tab P11,OnePlus,5,1840.74,0.2,0.18,8688.29,Net Banking,In-Store,EMP493,2,1,Express,4,EUR
ORD111321,23-12-2024,BR9,Germany,Munich,CUST5890,PROD356,Accessories,Bluetooth Headphones,Lenovo,5,393.71,0.11,0.18,2067.37,Debit Card,Online,EMP546,3,0,Same Day,10,USD
ORD111322,31-05-2024,BR20,UK,Manchester,CUST4851,PROD741,Accessories,Keyboard,Dell,4,1090.73,0.26,0.18,3809.7,Debit Card,In-Store,EMP436,1,0,Express,3,AED
ORD111323,26-11-2024,BR74,India,Pune,CUST3553,PROD930,Accessories,Bluetooth Headphones,Lenovo,3,865.66,0.2,0.18,2451.55,UPI,Online,EMP580,0,1,Standard,10,USD
ORD111324,29-07-2024,BR13,UK,Birmingham,CUST5833,PROD872,Laptop,MacBook Air M2,Lenovo,3,353.94,0.25,0.18,939.71,UPI,Online,EMP849,1,1,Express,7,GBP
ORD111325,24-02-2024,BR21,India,Delhi,CUST2518,PROD107,Mobile,iPhone 14,Lenovo,3,1137.38,0.2,0.18,3221.06,Net Banking,Online,EMP573,1,1,Express,5,EUR
ORD111326,11-11-2023,BR119,Germany,Munich,CUST4262,PROD510,Mobile,OnePlus 11,Samsung,2,1108.53,0.24,0.18,1988.26,Cash,Online,EMP442,3,0,Express,8,EUR
ORD111327,20-07-2023,BR102,UK,Manchester,CUST1528,PROD918,Tablet,Samsung Galaxy Tab,Sony,5,273.32,0.26,0.18,1193.32,Credit Card,In-Store,EMP242,2,1,Standard,1,INR
ORD111328,05-03-2023,BR75,India,Pune,CUST2911,PROD967,Accessories,Keyboard,Sony,1,229.18,0.07,0.18,251.5,Debit Card,Online,EMP263,2,1,Same Day,10,AED
ORD111329,14-01-2024,BR85,UK,Manchester,CUST1303,PROD990,TV,Samsung QLED 50,Apple,2,1126.91,0.12,0.18,2340.37,Debit Card,Online,EMP886,2,0,Standard,10,GBP
ORD111330,26-03-2023,BR43,UAE,Abu Dhabi,CUST1955,PROD470,Mobile,iPhone 14,HP,4,1751.95,0.04,0.18,7938.44,Cash,In-Store,EMP725,1,0,Same Day,7,INR
ORD111331,12-01-2024,BR80,UK,Manchester,CUST3147,PROD386,Mobile,Samsung Galaxy S23,Samsung,4,1298.61,0.02,0.18,6006.85,Debit Card,Online,EMP394,0,1,Standard,4,EUR
ORD111332,04-02-2023,BR117,Germany,Munich,CUST1990,PROD600,Laptop,HP Spectre x360,Sony,5,673.74,0.22,0.18,3100.55,Cash,In-Store,EMP324,3,0,Same Day,7,INR
ORD111333,13-11-2024,BR41,USA,Los Angeles,CUST2043,PROD328,Mobile,Samsung Galaxy S23,LG,3,1543.19,0.28,0.18,3933.28,Debit Card,In-Store,EMP582,0,0,Express,2,EUR
ORD111334,07-10-2024,BR2,Germany,Berlin,CUST8240,PROD257,TV,Sony Bravia 55,OnePlus,1,1389.62,0.17,0.18,1360.99,Credit Card,In-Store,EMP301,0,0,Express,2,AED
ORD111335,23-07-2024,BR91,UAE,Dubai,CUST3238,PROD302,TV,Sony Bravia 55,Lenovo,3,298.57,0.15,0.18,898.4,Debit Card,In-Store,EMP747,0,0,Express,1,EUR
ORD111336,12-02-2024,BR42,India,Delhi,CUST3692,PROD723,Mobile,iPhone 14,HP,1,1263.66,0.14,0.18,1282.36,Debit Card,Online,EMP982,1,1,Standard,4,EUR
ORD111337,10-05-2023,BR13,USA,Los Angeles,CUST2002,PROD195,TV,LG OLED 48,OnePlus,5,243.34,0.3,0.18,1004.99,UPI,In-Store,EMP478,1,0,Standard,4,USD
ORD111338,30-01-2023,BR20,India,Mumbai,CUST3463,PROD923,Accessories,Keyboard,Samsung,4,164.47,0.09,0.18,706.43,UPI,Online,EMP632,2,1,Same Day,4,AED
ORD111339,16-05-2023,BR3,Germany,Berlin,CUST3869,PROD592,TV,Sony Bravia 55,Sony,1,1860.87,0.19,0.18,1778.62,Debit Card,In-Store,EMP639,0,0,Express,9,AED
ORD111340,11-09-2024,BR38,UK,Birmingham,CUST6907,PROD482,TV,LG OLED 48,LG,5,208.13,0.02,0.18,1203.41,Credit Card,Online,EMP274,3,0,Same Day,9,AED
ORD111341,11-02-2023,BR3,USA,Los Angeles,CUST7055,PROD307,Tablet,Samsung Galaxy Tab,Apple,5,248.28,0.08,0.18,1347.66,Credit Card,In-Store,EMP560,3,1,Standard,6,USD
ORD111342,21-12-2023,BR103,UAE,Abu Dhabi,CUST6927,PROD165,TV,Samsung QLED 50,Samsung,5,330.77,0.17,0.18,1619.78,UPI,In-Store,EMP934,3,0,Express,9,AED
ORD111343,25-05-2024,BR5,Germany,Munich,CUST7688,PROD105,TV,LG OLED 48,Apple,5,1190.81,0.06,0.18,6604.23,Cash,Online,EMP574,3,1,Standard,4,USD
ORD111344,18-12-2024,BR48,USA,Chicago,CUST2893,PROD433,Laptop,MacBook Air M2,OnePlus,1,1044.83,0.13,0.18,1072.62,UPI,In-Store,EMP594,3,0,Standard,7,INR
ORD111345,13-03-2024,BR120,USA,Chicago,CUST1560,PROD461,Tablet,Samsung Galaxy Tab,Samsung,5,819.68,0.21,0.18,3820.53,Debit Card,In-Store,EMP456,3,0,Standard,3,EUR
ORD111346,29-07-2024,BR10,UK,Manchester,CUST1661,PROD461,Accessories,Wireless Mouse,Sony,1,846.04,0.29,0.18,708.81,Net Banking,Online,EMP400,2,0,Same Day,1,GBP
ORD111347,15-06-2024,BR28,India,Bangalore,CUST9363,PROD617,Tablet,Samsung Galaxy Tab,Samsung,2,1672,0.09,0.18,3590.79,Net Banking,In-Store,EMP337,0,0,Express,6,INR
ORD111348,15-07-2023,BR81,UAE,Dubai,CUST4774,PROD235,Mobile,OnePlus 11,Samsung,4,593.88,0.28,0.18,2018.24,Debit Card,Online,EMP611,3,1,Same Day,7,AED
ORD111349,08-07-2023,BR112,Germany,Munich,CUST3803,PROD691,Accessories,Wireless Mouse,Lenovo,5,245.68,0.21,0.18,1145.11,Credit Card,In-Store,EMP436,2,1,Express,5,EUR
ORD111350,04-01-2023,BR29,UK,Manchester,CUST1223,PROD371,Laptop,Dell XPS 13,Samsung,3,749.63,0.04,0.18,2547.54,UPI,In-Store,EMP217,2,0,Standard,4,GBP
ORD111351,26-07-2023,BR86,UK,Manchester,CUST1746,PROD914,Accessories,Keyboard,Samsung,3,278.89,0.08,0.18,908.29,Cash,Online,EMP356,0,1,Same Day,5,AED
ORD111352,29-06-2023,BR41,India,Pune,CUST6720,PROD637,Laptop,MacBook Air M2,Lenovo,3,541.37,0.12,0.18,1686.48,Net Banking,In-Store,EMP644,2,1,Same Day,7,GBP
ORD111353,25-10-2024,BR29,UK,Manchester,CUST7921,PROD175,Mobile,Samsung Galaxy S23,Sony,2,338.23,0.29,0.18,566.74,Cash,Online,EMP470,2,0,Express,9,GBP
ORD111354,09-09-2023,BR78,UAE,Dubai,CUST3488,PROD584,Accessories,Wireless Mouse,Samsung,5,380.39,0.06,0.18,2109.64,UPI,Online,EMP833,3,1,Standard,9,AED
ORD111355,13-04-2024,BR67,UAE,Abu Dhabi,CUST4804,PROD993,Laptop,Dell XPS 13,Lenovo,1,1929.9,0.26,0.18,1685.19,UPI,In-Store,EMP609,2,0,Standard,5,INR
ORD111356,05-04-2023,BR112,UAE,Dubai,CUST6883,PROD113,Mobile,iPhone 14,HP,3,135.4,0.04,0.18,460.14,UPI,Online,EMP333,1,0,Express,7,AED
ORD111357,20-07-2024,BR81,India,Bangalore,CUST7684,PROD592,Accessories,Keyboard,Sony,4,1602.52,0.15,0.18,6429.31,Credit Card,In-Store,EMP279,1,0,Same Day,7,EUR
ORD111358,25-12-2024,BR42,UK,London,CUST2218,PROD318,Accessories,Keyboard,LG,5,513.46,0.16,0.18,2544.71,Debit Card,Online,EMP928,3,0,Express,3,INR
ORD111359,10-01-2023,BR90,Germany,Hamburg,CUST3198,PROD381,Laptop,HP Spectre x360,OnePlus,4,1399.84,0.22,0.18,5153.65,Debit Card,In-Store,EMP492,0,1,Standard,10,GBP
ORD111360,25-11-2023,BR34,Germany,Hamburg,CUST7229,PROD611,TV,Sony Bravia 55,OnePlus,5,147.71,0.29,0.18,618.76,Credit Card,In-Store,EMP785,0,0,Same Day,10,AED
ORD111361,06-03-2024,BR25,India,Bangalore,CUST1528,PROD998,Tablet,Samsung Galaxy Tab,HP,4,592.49,0.08,0.18,2572.83,Credit Card,Online,EMP206,2,0,Express,2,AED
ORD111362,20-06-2024,BR8,Germany,Hamburg,CUST6414,PROD874,Tablet,Samsung Galaxy Tab,LG,4,572.29,0.02,0.18,2647.18,Credit Card,In-Store,EMP754,3,0,Same Day,6,INR
ORD111363,03-02-2024,BR17,India,Pune,CUST8698,PROD792,Tablet,Lenovo Tab P11,Lenovo,5,115.69,0.26,0.18,505.1,UPI,Online,EMP362,2,0,Express,2,AED
ORD111364,02-02-2023,BR20,Germany,Berlin,CUST9670,PROD701,Accessories,Bluetooth Headphones,Lenovo,3,435.3,0.13,0.18,1340.64,Credit Card,In-Store,EMP489,3,1,Standard,5,AED
ORD111365,21-12-2023,BR103,USA,Los Angeles,CUST7562,PROD972,Accessories,Keyboard,HP,1,489.32,0.2,0.18,461.92,UPI,Online,EMP499,3,0,Standard,3,USD
ORD111366,13-10-2024,BR40,Germany,Munich,CUST3082,PROD986,Tablet,Samsung Galaxy Tab,Sony,1,1449.38,0.29,0.18,1214.29,Debit Card,Online,EMP203,2,0,Express,3,AED
ORD111367,25-06-2024,BR66,India,Pune,CUST4103,PROD609,Laptop,MacBook Air M2,Sony,5,1244.53,0.23,0.18,5653.9,Debit Card,Online,EMP895,2,0,Express,2,INR
ORD111368,19-08-2024,BR77,UK,London,CUST6637,PROD681,Mobile,OnePlus 11,OnePlus,5,1358.69,0.08,0.18,7374.97,Net Banking,In-Store,EMP468,2,1,Standard,8,USD
ORD111369,29-11-2023,BR4,USA,Los Angeles,CUST2864,PROD606,Tablet,Samsung Galaxy Tab,OnePlus,3,978.11,0.14,0.18,2977.76,Net Banking,Online,EMP449,0,0,Express,7,EUR
ORD111370,23-06-2023,BR25,Germany,Berlin,CUST6687,PROD392,Tablet,Lenovo Tab P11,LG,5,823.69,0.06,0.18,4568.18,UPI,In-Store,EMP368,0,1,Express,6,USD
ORD111371,26-07-2023,BR31,UK,Birmingham,CUST3058,PROD350,TV,Samsung QLED 50,OnePlus,1,687.31,0.25,0.18,608.27,Credit Card,In-Store,EMP250,3,0,Express,4,EUR
ORD111372,13-05-2024,BR74,India,Delhi,CUST7238,PROD416,Mobile,Samsung Galaxy S23,OnePlus,5,1016.23,0,0.18,5995.76,Net Banking,In-Store,EMP937,2,0,Standard,4,AED
ORD111373,30-11-2023,BR11,India,Mumbai,CUST9369,PROD761,Tablet,iPad Air,Sony,4,353.3,0.12,0.18,1467.47,Debit Card,In-Store,EMP868,1,0,Standard,5,EUR
ORD111374,26-11-2023,BR117,UAE,Dubai,CUST7883,PROD157,Mobile,OnePlus 11,OnePlus,2,1018.39,0.13,0.18,2090.96,Net Banking,In-Store,EMP220,2,0,Standard,2,EUR
ORD111375,18-10-2024,BR39,UK,Birmingham,CUST8836,PROD429,TV,Sony Bravia 55,Lenovo,1,1640.33,0.27,0.18,1412.98,Debit Card,In-Store,EMP440,1,1,Standard,10,AED
ORD111376,13-06-2023,BR25,Germany,Hamburg,CUST1961,PROD220,Accessories,Wireless Mouse,Samsung,1,1376.92,0.15,0.18,1381.05,Net Banking,In-Store,EMP238,2,0,Standard,5,GBP
ORD111377,11-03-2024,BR79,UK,Manchester,CUST4067,PROD756,Laptop,HP Spectre x360,HP,2,238.6,0.09,0.18,512.42,Cash,Online,EMP371,3,1,Express,2,INR
ORD111378,06-07-2023,BR95,India,Pune,CUST8232,PROD634,Mobile,Samsung Galaxy S23,Samsung,5,949.51,0.08,0.18,5153.94,Cash,Online,EMP664,2,1,Standard,9,GBP
ORD111379,20-06-2023,BR71,UK,Birmingham,CUST5540,PROD900,Laptop,HP Spectre x360,Lenovo,3,306.87,0.16,0.18,912.51,UPI,Online,EMP579,1,1,Standard,9,AED
ORD111380,15-01-2024,BR50,USA,Chicago,CUST1395,PROD280,Accessories,Bluetooth Headphones,LG,1,338.44,0.21,0.18,315.49,Credit Card,Online,EMP302,0,0,Express,9,AED
ORD111381,21-03-2023,BR88,UK,London,CUST9184,PROD626,Tablet,Lenovo Tab P11,LG,3,262.02,0.08,0.18,853.35,Debit Card,Online,EMP390,2,0,Standard,6,USD
ORD111382,10-11-2024,BR116,UAE,Abu Dhabi,CUST9317,PROD397,TV,LG OLED 48,Dell,3,1715.61,0.2,0.18,4858.61,UPI,Online,EMP323,1,0,Express,1,AED
ORD111383,27-03-2023,BR66,Germany,Berlin,CUST4501,PROD661,Tablet,Samsung Galaxy Tab,OnePlus,2,194.19,0.1,0.18,412.46,UPI,In-Store,EMP740,3,0,Standard,5,EUR
ORD111384,06-06-2024,BR119,UK,London,CUST4953,PROD708,TV,LG OLED 48,Sony,4,427.54,0.25,0.18,1513.49,Credit Card,In-Store,EMP528,2,0,Same Day,9,EUR
ORD111385,22-01-2024,BR33,Germany,Munich,CUST5385,PROD854,Mobile,iPhone 14,Sony,1,800.97,0.14,0.18,812.82,Net Banking,Online,EMP394,2,1,Standard,7,INR
ORD111386,12-09-2023,BR87,UK,London,CUST8909,PROD719,TV,LG OLED 48,Apple,3,251.63,0.14,0.18,766.06,Net Banking,Online,EMP904,3,0,Express,2,INR
ORD111387,13-03-2024,BR79,USA,New York,CUST6433,PROD382,Accessories,Wireless Mouse,OnePlus,2,643.58,0.11,0.18,1351.78,Credit Card,Online,EMP613,2,0,Express,4,USD
ORD111388,13-11-2024,BR104,UK,London,CUST1499,PROD971,Tablet,Lenovo Tab P11,Samsung,5,607.15,0.11,0.18,3188.14,Credit Card,Online,EMP858,1,0,Same Day,5,GBP
ORD111389,02-03-2023,BR49,Germany,Hamburg,CUST5502,PROD643,Accessories,Bluetooth Headphones,Lenovo,1,1854.43,0.2,0.18,1750.58,Debit Card,Online,EMP261,3,1,Express,6,GBP
ORD111390,31-07-2024,BR14,Germany,Hamburg,CUST7948,PROD843,Laptop,Dell XPS 13,Sony,2,1482.83,0.24,0.18,2659.6,Net Banking,Online,EMP333,2,0,Express,6,INR
ORD111391,23-04-2024,BR105,USA,Dallas,CUST8388,PROD708,Laptop,MacBook Air M2,Sony,3,442.08,0.11,0.18,1392.82,Net Banking,In-Store,EMP353,2,0,Express,1,EUR
ORD111392,24-10-2024,BR35,UAE,Dubai,CUST5789,PROD287,Accessories,Bluetooth Headphones,Sony,2,784.95,0.01,0.18,1833.96,Cash,In-Store,EMP905,3,0,Express,10,AED
ORD111393,30-11-2023,BR2,USA,Los Angeles,CUST5986,PROD790,Mobile,Samsung Galaxy S23,Samsung,3,141.99,0.28,0.18,361.9,UPI,Online,EMP286,2,1,Same Day,10,GBP
ORD111394,16-10-2024,BR38,USA,Los Angeles,CUST4642,PROD469,TV,Sony Bravia 55,Samsung,1,264,0.17,0.18,258.56,Cash,Online,EMP284,0,1,Express,10,GBP
ORD111395,05-01-2023,BR61,UAE,Dubai,CUST2130,PROD514,Laptop,Dell XPS 13,Apple,5,434.59,0.08,0.18,2358.95,Cash,In-Store,EMP439,2,0,Same Day,10,EUR
ORD111396,01-08-2024,BR76,UAE,Abu Dhabi,CUST3371,PROD828,Tablet,iPad Air,Samsung,1,1652.6,0.04,0.18,1872.07,UPI,Online,EMP886,1,0,Standard,6,USD
ORD111397,19-06-2023,BR110,UAE,Abu Dhabi,CUST4183,PROD857,Mobile,Samsung Galaxy S23,Apple,4,1858.59,0.05,0.18,8333.92,Net Banking,In-Store,EMP500,2,1,Same Day,1,AED
ORD111398,31-10-2024,BR46,UK,Birmingham,CUST9956,PROD523,Mobile,Samsung Galaxy S23,LG,4,1911.53,0.3,0.18,6315.7,Debit Card,Online,EMP634,1,1,Same Day,4,INR
ORD111399,29-04-2023,BR8,UAE,Dubai,CUST5269,PROD891,Laptop,MacBook Air M2,Apple,4,127.69,0.05,0.18,572.56,UPI,In-Store,EMP930,1,0,Standard,9,USD
ORD111400,03-11-2024,BR3,UAE,Dubai,CUST6813,PROD878,Laptop,HP Spectre x360,OnePlus,3,153.63,0.23,0.18,418.76,Credit Card,Online,EMP262,2,0,Same Day,4,INR
ORD111401,14-09-2024,BR3,USA,Chicago,CUST7358,PROD268,Laptop,HP Spectre x360,HP,4,449.21,0.01,0.18,2099.07,UPI,In-Store,EMP723,3,1,Express,6,INR
ORD111402,16-02-2024,BR24,USA,Los Angeles,CUST8626,PROD123,Tablet,Samsung Galaxy Tab,Dell,3,1875.81,0.21,0.18,5245.89,Debit Card,Online,EMP819,0,1,Express,4,EUR
ORD111403,29-07-2024,BR23,Germany,Munich,CUST1648,PROD830,Accessories,Bluetooth Headphones,Samsung,2,1238.34,0.14,0.18,2513.33,Credit Card,Online,EMP923,0,1,Same Day,9,GBP
ORD111404,11-06-2024,BR33,UK,Manchester,CUST6868,PROD781,Laptop,HP Spectre x360,LG,1,1409.85,0.3,0.18,1164.54,UPI,Online,EMP239,2,0,Same Day,3,EUR
ORD111405,23-07-2023,BR67,USA,Los Angeles,CUST4953,PROD393,Laptop,MacBook Air M2,Sony,1,965.37,0.08,0.18,1048.01,Cash,In-Store,EMP514,0,0,Standard,3,EUR
ORD111406,17-12-2024,BR94,UAE,Dubai,CUST6745,PROD154,Tablet,Lenovo Tab P11,HP,4,982.55,0.25,0.18,3478.23,Cash,In-Store,EMP387,3,1,Express,9,INR
ORD111407,17-06-2023,BR105,USA,New York,CUST2036,PROD972,Laptop,HP Spectre x360,Apple,3,1677.48,0.23,0.18,4572.47,Debit Card,In-Store,EMP664,2,1,Express,6,EUR
ORD111408,27-08-2024,BR112,India,Delhi,CUST4146,PROD116,TV,LG OLED 48,Dell,3,1823.51,0.18,0.18,5293.28,Net Banking,Online,EMP954,0,0,Express,3,EUR
ORD111409,26-11-2023,BR96,UAE,Dubai,CUST7348,PROD193,Tablet,iPad Air,Lenovo,5,920.09,0.15,0.18,4614.25,Net Banking,Online,EMP381,2,1,Express,6,GBP
ORD111410,07-12-2023,BR65,Germany,Munich,CUST1500,PROD825,Tablet,iPad Air,LG,1,865.93,0.07,0.18,950.27,Cash,Online,EMP648,0,0,Same Day,5,USD
ORD111411,05-04-2023,BR18,India,Mumbai,CUST8797,PROD840,Laptop,HP Spectre x360,Sony,5,1403.29,0.16,0.18,6954.71,Cash,In-Store,EMP468,2,0,Standard,1,AED
ORD111412,09-02-2024,BR40,USA,Los Angeles,CUST9377,PROD822,Mobile,iPhone 14,LG,2,775.64,0.28,0.18,1317.97,Credit Card,Online,EMP667,2,1,Same Day,5,USD
ORD111413,31-01-2023,BR19,Germany,Berlin,CUST1042,PROD677,Mobile,iPhone 14,Dell,5,599.82,0.26,0.18,2618.81,Net Banking,Online,EMP880,1,0,Express,7,EUR
ORD111414,03-10-2024,BR33,USA,Los Angeles,CUST8342,PROD438,TV,Sony Bravia 55,Sony,1,1901.43,0.1,0.18,2019.32,Net Banking,In-Store,EMP898,2,0,Same Day,5,AED
ORD111415,14-01-2024,BR11,Germany,Berlin,CUST8195,PROD390,Mobile,iPhone 14,OnePlus,1,859.67,0.27,0.18,740.52,UPI,In-Store,EMP730,3,0,Express,6,AED
ORD111416,11-09-2024,BR53,USA,New York,CUST9797,PROD937,Mobile,OnePlus 11,Sony,2,94.17,0.26,0.18,164.46,Cash,Online,EMP541,0,0,Standard,3,AED
ORD111417,07-06-2024,BR107,UK,Manchester,CUST9150,PROD132,Laptop,Dell XPS 13,LG,2,1121.26,0.12,0.18,2328.63,UPI,Online,EMP818,3,1,Same Day,3,INR
ORD111418,12-11-2023,BR42,UK,Manchester,CUST3432,PROD686,Accessories,Wireless Mouse,Dell,5,523.96,0.27,0.18,2256.7,Net Banking,Online,EMP769,3,1,Express,9,USD
ORD111419,16-08-2024,BR27,India,Pune,CUST7546,PROD801,Accessories,Keyboard,OnePlus,2,1284.44,0.01,0.18,3000.97,Cash,In-Store,EMP231,3,1,Express,2,INR
ORD111420,22-06-2024,BR40,UAE,Abu Dhabi,CUST3646,PROD217,TV,Samsung QLED 50,Lenovo,1,500.24,0.04,0.18,566.67,Credit Card,In-Store,EMP890,3,0,Express,6,EUR
ORD111421,11-06-2023,BR23,UK,Birmingham,CUST8736,PROD246,Tablet,iPad Air,Sony,4,466.94,0.21,0.18,1741.13,Net Banking,Online,EMP782,0,1,Standard,10,GBP
ORD111422,30-06-2023,BR66,India,Mumbai,CUST2387,PROD413,Accessories,Bluetooth Headphones,Sony,1,1541,0.14,0.18,1563.81,Net Banking,Online,EMP863,3,1,Same Day,1,INR
ORD111423,04-05-2024,BR58,USA,Los Angeles,CUST6257,PROD863,Laptop,HP Spectre x360,Dell,1,1620.12,0.23,0.18,1472.04,Credit Card,In-Store,EMP517,3,0,Standard,9,EUR
ORD111424,22-09-2024,BR72,India,Bangalore,CUST2884,PROD608,Laptop,MacBook Air M2,HP,2,649.61,0.14,0.18,1318.45,Debit Card,Online,EMP761,2,0,Standard,3,AED
ORD111425,21-08-2023,BR15,UAE,Dubai,CUST8823,PROD147,Accessories,Bluetooth Headphones,HP,2,768.52,0.08,0.18,1668.61,Cash,Online,EMP703,2,1,Standard,5,USD
ORD111426,15-02-2024,BR44,India,Delhi,CUST7704,PROD558,TV,LG OLED 48,LG,3,253.29,0.09,0.18,815.95,Net Banking,Online,EMP409,1,1,Standard,4,USD
ORD111427,07-07-2024,BR85,Germany,Hamburg,CUST9802,PROD178,TV,Sony Bravia 55,Apple,5,1077.19,0.18,0.18,5211.45,Net Banking,Online,EMP437,3,1,Express,10,AED
ORD111428,13-09-2023,BR63,Germany,Hamburg,CUST7575,PROD239,Tablet,Samsung Galaxy Tab,Sony,3,481.92,0.16,0.18,1433.04,Net Banking,Online,EMP921,0,1,Standard,8,AED
ORD111429,15-10-2024,BR41,UK,London,CUST3204,PROD908,TV,Sony Bravia 55,Apple,1,1789.84,0.12,0.18,1858.57,Cash,In-Store,EMP547,1,0,Standard,7,USD
ORD111430,13-04-2024,BR104,UAE,Abu Dhabi,CUST8131,PROD291,Laptop,Dell XPS 13,LG,5,1227.62,0.06,0.18,6808.38,Debit Card,In-Store,EMP930,2,1,Same Day,8,USD
ORD111431,25-06-2024,BR76,UK,Birmingham,CUST8650,PROD702,Laptop,MacBook Air M2,Samsung,3,576.64,0.15,0.18,1735.11,Debit Card,Online,EMP734,3,1,Standard,3,EUR
ORD111432,22-02-2023,BR35,UK,London,CUST2577,PROD112,Accessories,Bluetooth Headphones,LG,5,1469.91,0,0.18,8672.47,Net Banking,In-Store,EMP965,2,1,Same Day,6,EUR
ORD111433,27-06-2023,BR59,UK,Birmingham,CUST9589,PROD163,Laptop,Dell XPS 13,Sony,3,437.61,0.06,0.18,1456.19,Credit Card,Online,EMP547,0,0,Standard,10,AED
ORD111434,07-11-2023,BR81,India,Pune,CUST9767,PROD684,Accessories,Wireless Mouse,Apple,5,1391.37,0.1,0.18,7388.17,Net Banking,In-Store,EMP855,2,1,Same Day,4,EUR
ORD111435,11-10-2023,BR87,UK,London,CUST2344,PROD488,Tablet,Samsung Galaxy Tab,HP,5,1757.41,0.26,0.18,7672.85,Credit Card,In-Store,EMP212,1,0,Express,1,GBP
ORD111436,07-06-2023,BR102,USA,Chicago,CUST8905,PROD556,Tablet,Samsung Galaxy Tab,Dell,3,1224.46,0.03,0.18,4204.55,Cash,Online,EMP988,1,1,Standard,10,AED
ORD111437,23-11-2023,BR9,India,Delhi,CUST2056,PROD605,TV,Samsung QLED 50,Apple,1,1927.47,0.18,0.18,1865.02,Net Banking,Online,EMP385,3,0,Standard,6,AED
ORD111438,04-11-2023,BR29,UAE,Dubai,CUST9750,PROD175,Accessories,Wireless Mouse,Apple,3,1137.66,0.19,0.18,3262.13,Cash,In-Store,EMP387,2,0,Standard,9,EUR
ORD111439,08-06-2023,BR87,Germany,Hamburg,CUST5002,PROD210,Mobile,Samsung Galaxy S23,Samsung,1,581.4,0.23,0.18,528.26,Debit Card,Online,EMP836,0,1,Express,3,EUR
ORD111440,21-05-2024,BR2,UAE,Abu Dhabi,CUST5463,PROD644,TV,LG OLED 48,HP,2,228.92,0.23,0.18,415.99,Cash,In-Store,EMP932,1,1,Express,2,INR
ORD111441,01-08-2023,BR45,UAE,Dubai,CUST1382,PROD252,Tablet,Lenovo Tab P11,Dell,2,1347.88,0.23,0.18,2449.37,Cash,In-Store,EMP902,1,1,Same Day,10,EUR
ORD111442,11-11-2023,BR21,USA,Los Angeles,CUST7749,PROD704,Laptop,HP Spectre x360,Lenovo,5,1803.57,0.29,0.18,7555.15,Debit Card,In-Store,EMP990,1,1,Express,5,EUR
ORD111443,23-10-2024,BR69,India,Pune,CUST5314,PROD680,Accessories,Bluetooth Headphones,LG,3,1733.66,0.14,0.18,5277.95,Debit Card,In-Store,EMP927,0,1,Express,1,GBP
ORD111444,18-06-2024,BR97,India,Pune,CUST1225,PROD827,Tablet,Lenovo Tab P11,Samsung,5,1442.36,0.16,0.18,7148.34,Net Banking,Online,EMP310,1,0,Same Day,2,USD
ORD111445,06-11-2023,BR87,USA,Dallas,CUST2834,PROD283,Tablet,Lenovo Tab P11,LG,1,1402.83,0.05,0.18,1572.57,Debit Card,Online,EMP526,1,1,Standard,5,USD
ORD111446,28-05-2024,BR53,India,Pune,CUST5703,PROD501,Laptop,Dell XPS 13,Apple,3,649.59,0.2,0.18,1839.64,UPI,In-Store,EMP636,0,1,Same Day,6,USD
ORD111447,13-02-2023,BR9,USA,Dallas,CUST2226,PROD663,Tablet,iPad Air,Samsung,4,530.16,0.23,0.18,1926.81,Net Banking,Online,EMP804,1,0,Standard,5,USD
ORD111448,15-05-2023,BR63,USA,Chicago,CUST1766,PROD631,Tablet,Lenovo Tab P11,Samsung,5,1622.67,0.29,0.18,6797.36,UPI,In-Store,EMP687,0,1,Standard,3,EUR
ORD111449,15-10-2023,BR26,UK,Birmingham,CUST7572,PROD169,Laptop,MacBook Air M2,Dell,5,1707.93,0.07,0.18,9371.41,Net Banking,Online,EMP289,0,1,Standard,6,INR
ORD111450,19-08-2023,BR5,USA,Los Angeles,CUST3834,PROD569,Mobile,OnePlus 11,Apple,3,229.91,0.07,0.18,756.91,Debit Card,In-Store,EMP885,2,1,Standard,1,AED
ORD111451,14-08-2023,BR74,UK,London,CUST6782,PROD533,Mobile,OnePlus 11,Dell,1,1081.07,0.3,0.18,892.96,Net Banking,In-Store,EMP702,2,1,Standard,1,INR
ORD111452,09-10-2024,BR41,UAE,Abu Dhabi,CUST6330,PROD206,Accessories,Bluetooth Headphones,Dell,4,496.29,0.07,0.18,2178.51,Debit Card,Online,EMP350,2,1,Same Day,10,USD
ORD111453,13-07-2023,BR84,USA,New York,CUST5143,PROD836,TV,LG OLED 48,LG,5,967.41,0.22,0.18,4452.02,Debit Card,In-Store,EMP221,2,1,Express,10,GBP
ORD111454,20-12-2024,BR117,Germany,Berlin,CUST5010,PROD744,TV,Samsung QLED 50,Sony,2,1628.23,0.25,0.18,2881.97,Debit Card,Online,EMP637,0,0,Standard,2,INR
ORD111455,26-11-2023,BR49,USA,Chicago,CUST9122,PROD228,Accessories,Wireless Mouse,Sony,2,265.06,0.09,0.18,569.24,Debit Card,In-Store,EMP902,2,0,Standard,9,AED
ORD111456,09-04-2024,BR79,Germany,Hamburg,CUST2474,PROD828,Tablet,iPad Air,Samsung,4,264.1,0.02,0.18,1221.62,Credit Card,In-Store,EMP329,1,1,Standard,6,USD
ORD111457,19-01-2023,BR88,UK,London,CUST9862,PROD319,Accessories,Keyboard,Apple,3,287.01,0.11,0.18,904.25,UPI,Online,EMP720,3,1,Express,9,INR
ORD111458,28-05-2023,BR79,USA,Los Angeles,CUST9970,PROD303,TV,LG OLED 48,Samsung,4,1900.83,0.22,0.18,6998.1,Debit Card,Online,EMP766,0,0,Same Day,3,EUR
ORD111459,01-05-2023,BR110,India,Delhi,CUST7067,PROD447,Tablet,iPad Air,Apple,4,103.08,0.17,0.18,403.83,Debit Card,Online,EMP459,3,1,Express,7,EUR
ORD111460,31-03-2023,BR62,Germany,Berlin,CUST4793,PROD689,TV,Sony Bravia 55,HP,1,1380.6,0.14,0.18,1401.03,Credit Card,Online,EMP237,3,0,Express,2,INR
ORD111461,21-12-2023,BR9,Germany,Hamburg,CUST4651,PROD721,Laptop,HP Spectre x360,HP,5,649.1,0.09,0.18,3485.02,Debit Card,In-Store,EMP830,1,0,Express,4,USD
ORD111462,03-07-2023,BR114,UAE,Abu Dhabi,CUST8982,PROD893,Tablet,iPad Air,OnePlus,3,1841.36,0.19,0.18,5279.92,Net Banking,Online,EMP325,2,0,Standard,2,USD
ORD111463,10-07-2024,BR49,UK,Birmingham,CUST1986,PROD222,Mobile,iPhone 14,Apple,2,1173.05,0.08,0.18,2546.93,Net Banking,In-Store,EMP773,2,1,Same Day,3,EUR
ORD111464,09-10-2023,BR56,UK,Manchester,CUST9159,PROD143,Accessories,Bluetooth Headphones,Sony,5,1612.47,0.14,0.18,8181.67,UPI,Online,EMP443,0,1,Same Day,10,USD
ORD111465,20-05-2024,BR73,UAE,Dubai,CUST2923,PROD481,Accessories,Bluetooth Headphones,Sony,2,1072.01,0.01,0.18,2504.64,Credit Card,Online,EMP272,0,0,Express,8,EUR
ORD111466,01-09-2023,BR112,USA,Chicago,CUST6755,PROD115,Accessories,Bluetooth Headphones,OnePlus,2,93.93,0.21,0.18,175.12,Net Banking,In-Store,EMP496,2,1,Express,1,USD
ORD111467,15-01-2024,BR95,UK,London,CUST3596,PROD713,Accessories,Keyboard,Samsung,5,284.21,0.28,0.18,1207.32,Cash,Online,EMP456,3,0,Same Day,1,GBP
ORD111468,28-07-2023,BR56,India,Bangalore,CUST4001,PROD642,Laptop,MacBook Air M2,Lenovo,1,1785.71,0.25,0.18,1580.35,Debit Card,Online,EMP459,0,0,Same Day,5,INR
ORD111469,14-08-2023,BR43,UK,Manchester,CUST8709,PROD694,Tablet,Samsung Galaxy Tab,OnePlus,3,918.5,0.06,0.18,3056.4,Net Banking,In-Store,EMP690,3,0,Same Day,6,INR
ORD111470,27-05-2023,BR16,UAE,Abu Dhabi,CUST1705,PROD455,Mobile,OnePlus 11,LG,2,533.17,0.24,0.18,956.29,Net Banking,Online,EMP798,1,0,Express,3,USD
ORD111471,15-08-2024,BR45,UAE,Abu Dhabi,CUST8021,PROD148,Tablet,Lenovo Tab P11,LG,5,1305.51,0.18,0.18,6316.06,Credit Card,Online,EMP804,2,1,Standard,4,INR
ORD111472,25-05-2023,BR82,UAE,Abu Dhabi,CUST7041,PROD509,TV,Sony Bravia 55,OnePlus,4,838.1,0.14,0.18,3402.02,Cash,Online,EMP408,1,1,Standard,1,USD
ORD111473,10-03-2024,BR108,USA,Los Angeles,CUST2657,PROD702,Accessories,Keyboard,Apple,2,845.54,0.17,0.18,1656.24,UPI,In-Store,EMP273,3,0,Express,5,EUR
ORD111474,13-03-2024,BR81,UAE,Dubai,CUST6450,PROD398,Mobile,Samsung Galaxy S23,LG,1,465.12,0.04,0.18,526.89,Cash,In-Store,EMP975,1,0,Standard,8,USD
ORD111475,04-04-2024,BR104,Germany,Hamburg,CUST3585,PROD324,Laptop,Dell XPS 13,Dell,5,685.98,0.27,0.18,2954.52,UPI,In-Store,EMP254,3,0,Express,4,GBP
ORD111476,10-01-2024,BR43,USA,Chicago,CUST6324,PROD588,Tablet,iPad Air,Dell,3,820.19,0.06,0.18,2729.26,Net Banking,In-Store,EMP578,0,0,Express,8,USD
ORD111477,09-11-2024,BR24,USA,Chicago,CUST9657,PROD385,Laptop,Dell XPS 13,Samsung,1,1969.36,0.22,0.18,1812.6,Cash,In-Store,EMP887,1,0,Standard,1,EUR
ORD111478,30-09-2023,BR31,Germany,Munich,CUST4520,PROD766,Tablet,Lenovo Tab P11,Lenovo,5,1633.2,0.14,0.18,8286.86,UPI,In-Store,EMP545,3,1,Same Day,7,INR
ORD111479,23-11-2023,BR40,UK,London,CUST2549,PROD216,TV,Sony Bravia 55,Dell,2,365.6,0.28,0.18,621.23,UPI,In-Store,EMP510,0,0,Same Day,10,GBP
ORD111480,13-06-2023,BR115,Germany,Berlin,CUST9870,PROD939,Accessories,Bluetooth Headphones,OnePlus,3,105.11,0.27,0.18,271.63,UPI,In-Store,EMP947,0,1,Express,6,GBP
ORD111481,24-10-2023,BR43,USA,New York,CUST2706,PROD525,TV,LG OLED 48,Samsung,4,1327.17,0.07,0.18,5825.75,Net Banking,Online,EMP853,3,0,Same Day,5,AED
ORD111482,04-04-2023,BR72,UAE,Abu Dhabi,CUST1193,PROD691,Mobile,iPhone 14,Sony,5,1140.92,0.11,0.18,5990.97,UPI,Online,EMP876,2,0,Express,6,EUR
ORD111483,12-06-2024,BR59,India,Pune,CUST8957,PROD815,TV,LG OLED 48,Samsung,4,480.55,0.1,0.18,2041.38,Cash,In-Store,EMP719,3,1,Standard,2,AED
ORD111484,19-08-2023,BR107,USA,New York,CUST9966,PROD533,Accessories,Bluetooth Headphones,OnePlus,2,272.88,0.19,0.18,521.64,Cash,In-Store,EMP529,0,0,Express,5,INR
ORD111485,18-11-2023,BR117,UAE,Abu Dhabi,CUST8811,PROD541,Laptop,HP Spectre x360,Sony,4,60.22,0.02,0.18,278.55,Cash,In-Store,EMP908,3,0,Standard,4,INR
ORD111486,08-11-2024,BR10,UAE,Abu Dhabi,CUST5374,PROD531,Tablet,Lenovo Tab P11,Lenovo,3,1477.19,0.06,0.18,4915.5,Credit Card,Online,EMP775,0,0,Express,6,INR
ORD111487,29-11-2023,BR71,UK,London,CUST3641,PROD936,Accessories,Keyboard,Dell,3,891.34,0.2,0.18,2524.27,Credit Card,Online,EMP695,3,0,Standard,8,AED
ORD111488,17-05-2024,BR42,USA,New York,CUST2032,PROD650,TV,LG OLED 48,Apple,1,1636.71,0.15,0.18,1641.62,Credit Card,Online,EMP844,0,0,Same Day,3,AED
ORD111489,18-11-2024,BR59,Germany,Berlin,CUST2248,PROD593,TV,LG OLED 48,Lenovo,3,232.15,0.24,0.18,624.58,Net Banking,Online,EMP219,1,1,Same Day,2,INR
ORD111490,19-01-2024,BR76,USA,Los Angeles,CUST2311,PROD659,Laptop,MacBook Air M2,Sony,4,1907.18,0.19,0.18,7291.53,Cash,In-Store,EMP853,3,0,Express,1,INR
ORD111491,15-02-2024,BR47,India,Bangalore,CUST7388,PROD773,Tablet,iPad Air,Sony,3,723.53,0.12,0.18,2253.94,Debit Card,Online,EMP651,3,1,Express,4,AED
ORD111492,22-11-2024,BR39,Germany,Hamburg,CUST6289,PROD691,TV,Sony Bravia 55,Dell,1,202.39,0.26,0.18,176.73,UPI,Online,EMP219,3,0,Same Day,4,GBP
ORD111493,29-05-2024,BR80,UK,Manchester,CUST9088,PROD616,Accessories,Keyboard,Lenovo,5,1496.11,0.05,0.18,8385.7,Credit Card,Online,EMP601,1,0,Same Day,5,INR
ORD111494,05-04-2023,BR39,UAE,Dubai,CUST5421,PROD214,Mobile,iPhone 14,Dell,3,1504.15,0.05,0.18,5058.46,Net Banking,In-Store,EMP810,2,1,Standard,5,INR
ORD111495,10-09-2023,BR66,USA,Chicago,CUST3581,PROD100,Tablet,iPad Air,Dell,2,925.81,0.06,0.18,2053.82,UPI,Online,EMP661,3,0,Express,3,USD
ORD111496,18-05-2023,BR14,UK,London,CUST4290,PROD160,Laptop,Dell XPS 13,Dell,4,331.89,0.18,0.18,1284.55,Credit Card,In-Store,EMP427,2,0,Same Day,5,GBP
ORD111497,11-11-2024,BR104,USA,Los Angeles,CUST4848,PROD842,Mobile,OnePlus 11,HP,5,278.81,0.06,0.18,1546.28,Cash,Online,EMP991,1,1,Same Day,9,INR
ORD111498,15-08-2023,BR118,Germany,Munich,CUST1846,PROD739,Tablet,Lenovo Tab P11,OnePlus,2,1723.19,0.23,0.18,3131.38,Credit Card,Online,EMP807,3,1,Standard,8,AED
ORD111499,19-12-2023,BR65,Germany,Hamburg,CUST7589,PROD230,Accessories,Bluetooth Headphones,LG,1,596.98,0.27,0.18,514.24,Credit Card,Online,EMP345,0,0,Express,7,GBP
ORD111500,27-02-2024,BR60,USA,Los Angeles,CUST4823,PROD778,TV,Samsung QLED 50,Lenovo,4,303.97,0.23,0.18,1104.75,Credit Card,In-Store,EMP896,1,0,Same Day,9,USD
ORD111501,03-03-2023,BR43,India,Mumbai,CUST6623,PROD836,TV,LG OLED 48,Dell,5,1771.05,0.27,0.18,7627.91,Cash,In-Store,EMP833,2,1,Standard,2,AED
ORD111502,15-03-2024,BR25,India,Pune,CUST3151,PROD355,Accessories,Keyboard,Lenovo,5,843.11,0.17,0.18,4128.71,Debit Card,In-Store,EMP710,2,1,Standard,7,INR
ORD111503,05-10-2024,BR11,UK,London,CUST8041,PROD556,TV,Samsung QLED 50,OnePlus,3,1835.12,0.23,0.18,5002.17,Credit Card,In-Store,EMP216,3,0,Same Day,8,USD
ORD111504,18-11-2024,BR85,India,Delhi,CUST2211,PROD480,Tablet,Lenovo Tab P11,HP,4,1990.82,0.04,0.18,9020.8,Cash,In-Store,EMP721,0,1,Express,9,GBP
ORD111505,10-03-2023,BR100,India,Pune,CUST7553,PROD446,Tablet,iPad Air,OnePlus,1,371.4,0.08,0.18,403.19,UPI,Online,EMP289,1,0,Same Day,2,AED
ORD111506,23-06-2023,BR100,Germany,Hamburg,CUST3132,PROD681,TV,Samsung QLED 50,LG,1,1835.89,0.15,0.18,1841.4,Debit Card,In-Store,EMP752,2,0,Same Day,6,GBP
ORD111507,17-02-2024,BR80,UAE,Dubai,CUST3402,PROD356,Tablet,Lenovo Tab P11,Samsung,5,1759.94,0,0.18,10383.65,Credit Card,In-Store,EMP487,3,1,Express,7,INR
ORD111508,10-09-2023,BR41,UK,Birmingham,CUST1108,PROD626,Laptop,HP Spectre x360,Dell,1,1976.48,0.09,0.18,2122.34,UPI,In-Store,EMP763,2,0,Same Day,3,INR
ORD111509,14-01-2023,BR11,India,Pune,CUST1364,PROD798,Accessories,Bluetooth Headphones,OnePlus,3,266.1,0.19,0.18,763.02,Net Banking,Online,EMP754,1,1,Same Day,3,USD
ORD111510,03-06-2024,BR85,India,Bangalore,CUST8085,PROD873,Laptop,HP Spectre x360,Dell,2,1460.6,0.02,0.18,3378.08,Net Banking,In-Store,EMP438,3,1,Express,6,USD
ORD111511,01-10-2024,BR82,UAE,Abu Dhabi,CUST1923,PROD625,Mobile,OnePlus 11,Samsung,5,1269.92,0.05,0.18,7117.9,Credit Card,In-Store,EMP800,0,0,Standard,6,AED
ORD111512,18-07-2024,BR58,UAE,Abu Dhabi,CUST5168,PROD803,Laptop,HP Spectre x360,Samsung,4,1739.85,0.1,0.18,7390.88,Net Banking,In-Store,EMP901,1,0,Standard,8,INR
ORD111513,01-10-2023,BR42,USA,New York,CUST1158,PROD168,Mobile,Samsung Galaxy S23,Sony,3,1943.8,0.21,0.18,5436.03,Net Banking,In-Store,EMP260,2,1,Express,6,EUR
ORD111514,17-06-2023,BR92,UK,London,CUST9363,PROD991,Accessories,Bluetooth Headphones,Dell,2,148.78,0.28,0.18,252.81,Cash,Online,EMP479,2,0,Same Day,6,INR
ORD111515,29-06-2024,BR78,UK,Birmingham,CUST8334,PROD634,Tablet,iPad Air,LG,5,1664.67,0.06,0.18,9232.26,Net Banking,In-Store,EMP413,0,1,Express,7,INR
ORD111516,14-09-2023,BR103,Germany,Hamburg,CUST8721,PROD975,Tablet,Samsung Galaxy Tab,Lenovo,1,764.98,0.26,0.18,667.98,Cash,Online,EMP636,1,1,Express,10,AED
ORD111517,28-10-2024,BR94,Germany,Hamburg,CUST4749,PROD102,Mobile,iPhone 14,Apple,4,1299.28,0.14,0.18,5274.04,Cash,In-Store,EMP730,1,0,Express,9,AED
ORD111518,29-05-2023,BR62,USA,Los Angeles,CUST5170,PROD968,TV,LG OLED 48,LG,5,1335.47,0.19,0.18,6382.21,Credit Card,Online,EMP605,3,1,Same Day,6,EUR
ORD111519,20-04-2023,BR38,UK,London,CUST8827,PROD436,Laptop,HP Spectre x360,Lenovo,1,250.06,0.29,0.18,209.5,Credit Card,Online,EMP700,2,1,Express,4,USD
ORD111520,25-01-2024,BR90,UAE,Abu Dhabi,CUST5217,PROD238,Mobile,Samsung Galaxy S23,LG,2,735.15,0.05,0.18,1648.21,Credit Card,In-Store,EMP706,3,0,Express,2,USD
ORD111521,02-01-2024,BR39,USA,Chicago,CUST8730,PROD443,Laptop,HP Spectre x360,LG,5,1949.71,0.1,0.18,10352.96,Debit Card,Online,EMP415,2,0,Same Day,7,GBP
ORD111522,07-06-2024,BR16,UAE,Dubai,CUST9712,PROD850,Laptop,Dell XPS 13,Sony,5,1285.92,0.09,0.18,6904.1,Net Banking,In-Store,EMP437,3,1,Same Day,4,EUR
ORD111523,27-04-2024,BR103,UAE,Abu Dhabi,CUST8484,PROD671,Mobile,iPhone 14,OnePlus,4,1229.28,0.17,0.18,4815.83,Cash,In-Store,EMP825,0,0,Standard,10,USD
ORD111524,25-01-2023,BR39,UAE,Dubai,CUST8627,PROD180,Tablet,iPad Air,OnePlus,3,1442.04,0.19,0.18,4134.91,Cash,Online,EMP210,1,1,Same Day,4,GBP
ORD111525,11-09-2023,BR5,USA,New York,CUST8353,PROD857,Laptop,MacBook Air M2,OnePlus,2,1099.16,0.28,0.18,1867.69,Net Banking,Online,EMP227,2,0,Standard,1,EUR
ORD111526,18-03-2023,BR103,UAE,Abu Dhabi,CUST5822,PROD295,Tablet,iPad Air,OnePlus,1,63.73,0.25,0.18,56.4,Net Banking,In-Store,EMP304,2,1,Express,2,AED
ORD111527,07-06-2024,BR71,UK,Manchester,CUST2252,PROD852,Accessories,Bluetooth Headphones,Sony,2,1659,0.24,0.18,2975.58,UPI,Online,EMP634,1,1,Express,8,EUR
ORD111528,27-11-2023,BR30,India,Delhi,CUST1248,PROD733,Laptop,Dell XPS 13,Samsung,1,798.75,0.25,0.18,706.89,Credit Card,In-Store,EMP225,3,0,Same Day,6,USD
ORD111529,01-09-2023,BR26,Germany,Hamburg,CUST7930,PROD962,Laptop,Dell XPS 13,LG,1,494.98,0.22,0.18,455.58,UPI,In-Store,EMP416,1,0,Same Day,5,INR
ORD111530,24-02-2024,BR105,India,Delhi,CUST5003,PROD210,Tablet,iPad Air,Sony,3,1594.2,0.12,0.18,4966.25,UPI,In-Store,EMP338,0,0,Same Day,9,GBP
ORD111531,29-11-2024,BR22,Germany,Munich,CUST7629,PROD361,Tablet,Lenovo Tab P11,Lenovo,3,843.75,0.13,0.18,2598.58,Net Banking,Online,EMP953,1,1,Express,7,USD
ORD111532,12-07-2024,BR50,UAE,Dubai,CUST8015,PROD547,Accessories,Wireless Mouse,OnePlus,1,880.09,0.11,0.18,924.27,UPI,Online,EMP724,2,1,Standard,4,GBP
ORD111533,29-12-2023,BR19,UAE,Dubai,CUST7474,PROD539,Accessories,Keyboard,HP,3,1056.07,0.27,0.18,2729.1,Debit Card,Online,EMP616,0,0,Express,10,INR
ORD111534,17-01-2024,BR44,Germany,Munich,CUST4214,PROD863,Mobile,iPhone 14,OnePlus,5,509.94,0.04,0.18,2888.3,Credit Card,In-Store,EMP916,1,1,Standard,9,AED
ORD111535,28-05-2024,BR35,UAE,Dubai,CUST3010,PROD667,Mobile,OnePlus 11,HP,2,1185.51,0.01,0.18,2769.83,UPI,Online,EMP738,1,0,Express,4,GBP
ORD111536,03-08-2024,BR82,UAE,Abu Dhabi,CUST6261,PROD641,Laptop,MacBook Air M2,LG,2,236.72,0.18,0.18,458.1,Cash,Online,EMP470,2,1,Same Day,4,INR
ORD111537,30-06-2023,BR25,India,Mumbai,CUST2046,PROD364,Laptop,Dell XPS 13,HP,4,632.83,0.11,0.18,2658.39,Net Banking,In-Store,EMP408,3,0,Same Day,1,AED
ORD111538,11-05-2023,BR68,USA,Los Angeles,CUST5654,PROD748,Accessories,Wireless Mouse,Samsung,5,375.46,0.28,0.18,1594.95,Credit Card,Online,EMP773,1,1,Express,2,AED
ORD111539,06-12-2023,BR77,USA,New York,CUST3268,PROD846,Mobile,OnePlus 11,LG,4,1379.83,0.25,0.18,4884.6,Net Banking,In-Store,EMP528,1,1,Standard,5,AED
ORD111540,23-04-2024,BR109,USA,New York,CUST7084,PROD606,Accessories,Wireless Mouse,Lenovo,3,958.33,0.2,0.18,2713.99,Credit Card,Online,EMP703,3,1,Express,2,AED
ORD111541,22-11-2023,BR96,UK,Manchester,CUST3151,PROD365,Laptop,Dell XPS 13,Dell,1,818.1,0.3,0.18,675.75,Net Banking,Online,EMP369,0,1,Same Day,6,EUR
ORD111542,03-04-2023,BR40,UAE,Dubai,CUST3518,PROD358,Laptop,Dell XPS 13,Lenovo,5,1553.11,0.24,0.18,6964.15,Debit Card,In-Store,EMP818,1,1,Standard,5,GBP
ORD111543,08-02-2024,BR89,India,Delhi,CUST6818,PROD445,Tablet,Lenovo Tab P11,LG,2,1524.1,0.27,0.18,2625.72,Credit Card,In-Store,EMP730,1,0,Same Day,2,USD
ORD111544,25-05-2023,BR91,Germany,Munich,CUST5524,PROD545,Accessories,Keyboard,Lenovo,1,986.32,0.28,0.18,837.98,UPI,Online,EMP635,0,0,Standard,9,GBP
ORD111545,11-06-2023,BR16,UK,Birmingham,CUST5202,PROD780,Tablet,iPad Air,Samsung,1,159.55,0.2,0.18,150.62,Credit Card,In-Store,EMP211,0,1,Standard,9,USD
ORD111546,31-07-2023,BR76,India,Pune,CUST4430,PROD219,Tablet,Samsung Galaxy Tab,Dell,4,205.77,0.08,0.18,893.54,UPI,In-Store,EMP643,2,1,Express,8,USD
ORD111547,11-11-2024,BR69,UAE,Dubai,CUST6824,PROD827,Accessories,Keyboard,HP,1,477.71,0.14,0.18,484.78,UPI,Online,EMP287,2,0,Standard,4,USD
ORD111548,29-06-2023,BR4,India,Delhi,CUST8048,PROD982,Mobile,iPhone 14,Samsung,4,302.17,0.22,0.18,1112.47,Credit Card,In-Store,EMP523,0,1,Standard,3,AED
ORD111549,22-02-2024,BR100,UK,Birmingham,CUST9547,PROD346,Mobile,OnePlus 11,Apple,3,211.2,0.11,0.18,665.41,Net Banking,In-Store,EMP612,1,0,Same Day,7,GBP
ORD111550,08-04-2024,BR112,USA,New York,CUST1796,PROD356,Mobile,OnePlus 11,Sony,1,1770.13,0.26,0.18,1545.68,UPI,Online,EMP462,0,0,Express,5,EUR
ORD111551,23-03-2023,BR25,UAE,Dubai,CUST3269,PROD305,Tablet,Lenovo Tab P11,HP,2,297.64,0.26,0.18,519.8,UPI,In-Store,EMP416,2,0,Standard,7,USD
ORD111552,26-05-2024,BR60,India,Bangalore,CUST6443,PROD879,Accessories,Wireless Mouse,LG,3,1065.84,0.04,0.18,3622.15,Cash,Online,EMP615,2,1,Express,3,USD
ORD111553,13-03-2023,BR76,USA,New York,CUST9885,PROD171,Tablet,iPad Air,HP,2,720.11,0.15,0.18,1444.54,Debit Card,Online,EMP249,0,0,Standard,8,GBP
ORD111554,07-02-2023,BR57,UAE,Dubai,CUST9530,PROD490,Tablet,iPad Air,LG,2,1226.71,0.2,0.18,2316.03,Net Banking,In-Store,EMP660,1,1,Same Day,4,AED
ORD111555,10-11-2023,BR13,USA,Los Angeles,CUST6895,PROD634,Laptop,Dell XPS 13,HP,3,555.86,0.22,0.18,1534.84,Net Banking,Online,EMP768,2,0,Same Day,5,AED
ORD111556,14-11-2023,BR17,UK,London,CUST7846,PROD921,Accessories,Wireless Mouse,OnePlus,4,1614.38,0.23,0.18,5867.3,Credit Card,In-Store,EMP409,3,1,Express,4,GBP
ORD111557,05-03-2023,BR104,USA,New York,CUST8709,PROD807,Accessories,Wireless Mouse,LG,2,1574.98,0.2,0.18,2973.56,Credit Card,In-Store,EMP725,0,0,Express,3,INR
ORD111558,24-06-2023,BR119,USA,Chicago,CUST6357,PROD959,Laptop,MacBook Air M2,Dell,4,1850.08,0.05,0.18,8295.76,Net Banking,Online,EMP872,2,0,Express,10,GBP
ORD111559,11-09-2024,BR32,India,Mumbai,CUST5517,PROD852,TV,Sony Bravia 55,Dell,5,1938.52,0.21,0.18,9035.44,Net Banking,Online,EMP860,0,1,Standard,10,EUR
ORD111560,27-04-2023,BR110,USA,Los Angeles,CUST2757,PROD918,TV,Sony Bravia 55,Apple,3,192.08,0.23,0.18,523.57,Debit Card,In-Store,EMP235,0,0,Standard,8,INR
ORD111561,21-03-2024,BR100,UAE,Dubai,CUST4151,PROD657,Mobile,iPhone 14,Lenovo,1,692.12,0.07,0.18,759.53,Debit Card,In-Store,EMP699,0,1,Same Day,1,GBP
ORD111562,19-11-2023,BR46,Germany,Berlin,CUST6035,PROD688,TV,Sony Bravia 55,Dell,1,726.83,0.24,0.18,651.82,Cash,Online,EMP525,0,0,Same Day,2,GBP
ORD111563,14-08-2023,BR112,Germany,Munich,CUST6501,PROD964,Accessories,Bluetooth Headphones,Sony,5,234.5,0.19,0.18,1120.68,Debit Card,In-Store,EMP444,2,0,Standard,9,INR
ORD111564,23-08-2024,BR116,UK,Manchester,CUST8227,PROD628,Tablet,iPad Air,LG,1,736.31,0.04,0.18,834.09,Debit Card,In-Store,EMP516,1,1,Standard,6,INR
ORD111565,15-05-2024,BR1,Germany,Berlin,CUST2655,PROD880,Tablet,iPad Air,OnePlus,1,1760.07,0.04,0.18,1993.81,Cash,Online,EMP925,3,1,Standard,4,INR
ORD111566,19-03-2023,BR109,India,Bangalore,CUST2551,PROD307,Laptop,MacBook Air M2,Samsung,1,1693.47,0.09,0.18,1818.45,Credit Card,Online,EMP904,1,0,Express,3,USD
ORD111567,03-06-2024,BR73,India,Pune,CUST2765,PROD394,Tablet,Lenovo Tab P11,LG,2,676.65,0.12,0.18,1405.27,Cash,Online,EMP362,1,1,Same Day,9,AED
ORD111568,27-01-2024,BR114,UK,Birmingham,CUST7350,PROD631,Mobile,iPhone 14,Samsung,4,1201.52,0.18,0.18,4650.36,Cash,Online,EMP518,3,1,Same Day,4,INR
ORD111569,13-02-2023,BR105,UK,London,CUST8412,PROD414,Mobile,Samsung Galaxy S23,Sony,1,1856.11,0,0.18,2190.21,UPI,In-Store,EMP986,3,0,Same Day,1,USD
ORD111570,21-09-2023,BR120,USA,Los Angeles,CUST7737,PROD559,Accessories,Bluetooth Headphones,Dell,3,1310.31,0.17,0.18,3849.95,Credit Card,In-Store,EMP668,3,0,Same Day,4,USD
ORD111571,28-01-2023,BR17,UK,Manchester,CUST5433,PROD965,Accessories,Keyboard,Apple,2,1987.38,0.03,0.18,4549.51,UPI,In-Store,EMP488,3,0,Standard,6,GBP
ORD111572,20-12-2023,BR69,India,Delhi,CUST9189,PROD299,Mobile,OnePlus 11,Apple,5,188.71,0.22,0.18,868.44,Debit Card,In-Store,EMP904,2,0,Standard,3,GBP
ORD111573,27-10-2024,BR13,UAE,Abu Dhabi,CUST3377,PROD266,Mobile,OnePlus 11,Apple,3,1995.29,0.16,0.18,5933.19,Cash,In-Store,EMP737,1,0,Standard,9,EUR
ORD111574,27-08-2023,BR89,UAE,Abu Dhabi,CUST5409,PROD249,TV,LG OLED 48,OnePlus,2,1641.65,0.07,0.18,3603.09,Net Banking,Online,EMP285,3,1,Express,1,INR
ORD111575,27-03-2024,BR9,Germany,Munich,CUST8606,PROD412,TV,Sony Bravia 55,Apple,1,372.84,0.1,0.18,395.96,Net Banking,In-Store,EMP719,2,0,Same Day,1,GBP
ORD111576,02-11-2023,BR55,Germany,Berlin,CUST9992,PROD593,Tablet,Samsung Galaxy Tab,OnePlus,2,1483.26,0.23,0.18,2695.38,Cash,Online,EMP991,1,1,Express,4,EUR
ORD111577,26-09-2023,BR39,UK,London,CUST2257,PROD608,Mobile,Samsung Galaxy S23,Samsung,4,131.2,0.29,0.18,439.68,Credit Card,Online,EMP972,2,0,Standard,2,GBP
ORD111578,28-04-2023,BR59,USA,Chicago,CUST5517,PROD122,Mobile,Samsung Galaxy S23,Lenovo,3,1233.33,0.3,0.18,3056.19,Cash,Online,EMP640,3,0,Express,5,INR
ORD111579,06-04-2024,BR82,UAE,Abu Dhabi,CUST8287,PROD879,Accessories,Keyboard,OnePlus,4,188.88,0.02,0.18,873.68,Debit Card,In-Store,EMP612,1,0,Express,3,EUR
ORD111580,07-07-2024,BR99,UAE,Abu Dhabi,CUST2696,PROD561,Laptop,HP Spectre x360,Apple,5,1076.74,0.26,0.18,4701.05,Cash,In-Store,EMP492,1,0,Same Day,3,INR
ORD111581,02-07-2023,BR10,India,Bangalore,CUST3663,PROD849,Accessories,Bluetooth Headphones,Samsung,5,702.73,0.05,0.18,3938.8,UPI,Online,EMP825,2,0,Express,6,USD
ORD111582,10-07-2024,BR84,Germany,Berlin,CUST7062,PROD683,Tablet,Samsung Galaxy Tab,Samsung,1,1641.52,0.02,0.18,1898.25,Debit Card,In-Store,EMP408,2,0,Standard,5,USD
ORD111583,22-05-2024,BR78,UK,Manchester,CUST4252,PROD694,Mobile,iPhone 14,Apple,3,1222.1,0.18,0.18,3547.51,UPI,Online,EMP891,0,0,Express,5,EUR
ORD111584,03-03-2024,BR108,UK,Birmingham,CUST5052,PROD991,Mobile,Samsung Galaxy S23,HP,1,1305.46,0.22,0.18,1201.55,Debit Card,Online,EMP429,1,1,Same Day,4,INR
ORD111585,07-10-2023,BR80,UAE,Dubai,CUST9928,PROD110,Mobile,OnePlus 11,Lenovo,2,97.85,0.19,0.18,187.05,Cash,Online,EMP919,2,0,Same Day,6,USD
ORD111586,12-12-2023,BR71,USA,Dallas,CUST5168,PROD820,TV,Samsung QLED 50,HP,3,286.23,0.07,0.18,942.33,UPI,In-Store,EMP210,1,0,Express,9,EUR
ORD111587,11-01-2024,BR92,UK,Manchester,CUST8102,PROD896,Laptop,MacBook Air M2,Samsung,2,1695.28,0.19,0.18,3240.7,Cash,Online,EMP394,1,1,Express,10,GBP
ORD111588,02-08-2023,BR49,UK,London,CUST6039,PROD877,Tablet,iPad Air,Dell,3,731,0.07,0.18,2406.6,Cash,In-Store,EMP531,0,0,Same Day,2,INR
ORD111589,24-04-2024,BR88,USA,Dallas,CUST7201,PROD687,Mobile,iPhone 14,Dell,5,945.39,0.1,0.18,5020.02,Cash,In-Store,EMP897,1,0,Same Day,8,USD
ORD111590,08-11-2024,BR27,USA,Chicago,CUST7605,PROD368,Laptop,Dell XPS 13,HP,2,850.04,0.12,0.18,1765.36,Credit Card,In-Store,EMP700,0,1,Express,9,INR
ORD111591,27-10-2024,BR107,USA,Los Angeles,CUST5389,PROD403,Accessories,Keyboard,OnePlus,4,1513.1,0.06,0.18,6713.32,Debit Card,In-Store,EMP437,1,1,Express,1,USD
ORD111592,29-10-2023,BR71,UK,Manchester,CUST4162,PROD444,Laptop,Dell XPS 13,Sony,2,648.55,0.02,0.18,1499.97,UPI,Online,EMP666,3,1,Standard,3,INR
ORD111593,07-02-2023,BR19,USA,Los Angeles,CUST1337,PROD486,TV,LG OLED 48,OnePlus,1,84.93,0.22,0.18,78.17,UPI,Online,EMP567,3,1,Express,3,GBP
ORD111594,27-03-2024,BR22,UAE,Dubai,CUST2996,PROD387,TV,Sony Bravia 55,LG,4,1763.03,0.06,0.18,7822.21,Cash,In-Store,EMP905,3,0,Same Day,6,EUR
ORD111595,29-10-2023,BR6,UK,London,CUST7231,PROD679,Tablet,iPad Air,Lenovo,2,410.66,0.13,0.18,843.17,Debit Card,Online,EMP802,3,0,Standard,2,INR
ORD111596,02-06-2023,BR98,UK,Birmingham,CUST3355,PROD896,TV,Samsung QLED 50,Lenovo,2,1839.92,0.15,0.18,3690.88,UPI,In-Store,EMP260,3,1,Express,9,AED
ORD111597,15-03-2024,BR8,UAE,Abu Dhabi,CUST7593,PROD418,Tablet,Samsung Galaxy Tab,Apple,2,1313.37,0.25,0.18,2324.66,Cash,In-Store,EMP366,2,1,Same Day,4,GBP
ORD111598,24-07-2023,BR97,UK,London,CUST1066,PROD322,Accessories,Wireless Mouse,Sony,3,774.21,0.24,0.18,2082.93,Debit Card,In-Store,EMP409,2,1,Standard,5,USD
ORD111599,19-10-2023,BR36,Germany,Munich,CUST8191,PROD867,Laptop,MacBook Air M2,Samsung,5,1458.84,0.19,0.18,6971.8,Credit Card,In-Store,EMP965,3,0,Standard,1,EUR
ORD111600,26-09-2024,BR97,India,Pune,CUST2222,PROD205,Mobile,iPhone 14,OnePlus,5,648.67,0.26,0.18,2832.09,Cash,Online,EMP768,2,1,Same Day,7,INR
ORD111601,22-09-2024,BR64,USA,Los Angeles,CUST8958,PROD964,Tablet,iPad Air,Sony,2,511.82,0.09,0.18,1099.18,UPI,In-Store,EMP396,3,1,Express,2,USD
ORD111602,11-11-2024,BR42,UK,London,CUST7598,PROD865,Mobile,iPhone 14,Dell,2,1211.26,0.06,0.18,2687.06,Credit Card,Online,EMP452,0,0,Standard,7,EUR
ORD111603,10-03-2023,BR7,UK,London,CUST3862,PROD149,Mobile,OnePlus 11,Dell,4,1872.5,0.21,0.18,6982.18,Debit Card,In-Store,EMP285,3,0,Express,2,AED
ORD111604,11-03-2023,BR39,UK,Manchester,CUST6097,PROD810,Accessories,Wireless Mouse,HP,5,1440.34,0.14,0.18,7308.29,Debit Card,In-Store,EMP847,3,1,Standard,2,INR
ORD111605,29-11-2023,BR86,USA,New York,CUST6656,PROD376,Laptop,MacBook Air M2,Lenovo,1,979.59,0,0.18,1155.92,UPI,Online,EMP697,2,1,Express,5,GBP
ORD111606,13-04-2024,BR58,UK,London,CUST9457,PROD243,TV,LG OLED 48,Lenovo,5,841.94,0.24,0.18,3775.26,UPI,Online,EMP912,3,0,Standard,2,GBP
ORD111607,20-06-2024,BR117,India,Pune,CUST7056,PROD777,Mobile,Samsung Galaxy S23,Sony,5,898.22,0.12,0.18,4663.56,Cash,In-Store,EMP569,3,0,Same Day,5,INR
ORD111608,10-12-2024,BR61,USA,Los Angeles,CUST1810,PROD120,Accessories,Bluetooth Headphones,LG,4,1282.18,0.05,0.18,5749.3,UPI,Online,EMP246,1,0,Standard,9,EUR
ORD111609,11-08-2024,BR55,UAE,Abu Dhabi,CUST1641,PROD769,TV,Sony Bravia 55,Samsung,2,211.17,0.21,0.18,393.71,UPI,In-Store,EMP433,3,0,Standard,9,INR
ORD111610,17-04-2023,BR50,UAE,Dubai,CUST5786,PROD796,Mobile,OnePlus 11,Lenovo,4,1332.72,0.15,0.18,5346.87,Net Banking,In-Store,EMP294,3,1,Same Day,4,INR
ORD111611,15-10-2024,BR55,Germany,Hamburg,CUST7926,PROD996,Laptop,Dell XPS 13,Apple,3,350.11,0.27,0.18,904.75,UPI,In-Store,EMP474,0,0,Express,9,EUR
ORD111612,27-10-2023,BR91,UK,Manchester,CUST4703,PROD155,Laptop,Dell XPS 13,HP,2,1929.12,0.24,0.18,3460.07,Net Banking,Online,EMP989,0,0,Express,1,USD
ORD111613,20-08-2023,BR109,UAE,Abu Dhabi,CUST9695,PROD147,Laptop,Dell XPS 13,Apple,4,1067.45,0.03,0.18,4887.21,Credit Card,Online,EMP899,0,1,Standard,4,GBP
ORD111614,06-07-2024,BR72,India,Mumbai,CUST4741,PROD420,Laptop,Dell XPS 13,Apple,5,1842.07,0.12,0.18,9564.03,Credit Card,In-Store,EMP764,2,1,Same Day,2,EUR
ORD111615,19-07-2023,BR86,UK,Birmingham,CUST6692,PROD136,Laptop,Dell XPS 13,Dell,5,569.62,0.19,0.18,2722.21,Net Banking,Online,EMP226,3,1,Express,9,AED
ORD111616,26-12-2023,BR109,USA,Los Angeles,CUST2205,PROD722,Mobile,iPhone 14,Lenovo,3,1794.97,0.27,0.18,4638.56,Debit Card,Online,EMP972,0,0,Express,9,GBP
ORD111617,16-10-2024,BR115,India,Delhi,CUST2685,PROD872,TV,LG OLED 48,Samsung,3,548.24,0.24,0.18,1474.98,Cash,Online,EMP752,0,1,Standard,4,INR
ORD111618,16-02-2024,BR90,UK,London,CUST3225,PROD632,Accessories,Keyboard,OnePlus,3,780.65,0.2,0.18,2210.8,Debit Card,In-Store,EMP886,2,0,Standard,8,GBP
ORD111619,14-12-2024,BR46,India,Delhi,CUST6883,PROD973,Tablet,Lenovo Tab P11,Sony,4,400.88,0.28,0.18,1362.35,Cash,Online,EMP727,0,0,Express,9,INR
ORD111620,08-08-2023,BR60,Germany,Berlin,CUST3086,PROD367,TV,LG OLED 48,LG,4,1543.6,0.19,0.18,5901.49,UPI,In-Store,EMP786,1,1,Same Day,6,USD
ORD111621,21-10-2024,BR102,USA,Los Angeles,CUST5676,PROD255,TV,LG OLED 48,HP,3,510.11,0.26,0.18,1336.28,UPI,In-Store,EMP879,2,1,Express,8,EUR
ORD111622,09-01-2024,BR114,UK,Birmingham,CUST8560,PROD481,Accessories,Keyboard,Sony,1,1736.39,0.12,0.18,1803.07,Cash,In-Store,EMP956,1,1,Same Day,5,GBP
ORD111623,03-06-2024,BR43,USA,Dallas,CUST3990,PROD103,Mobile,iPhone 14,Samsung,1,416.49,0.19,0.18,398.08,Debit Card,Online,EMP974,1,0,Standard,5,INR
ORD111624,22-02-2023,BR81,Germany,Berlin,CUST6513,PROD907,Accessories,Keyboard,Lenovo,5,1092.5,0.18,0.18,5285.52,Net Banking,Online,EMP473,0,1,Express,7,INR
ORD111625,24-09-2024,BR94,USA,Chicago,CUST6203,PROD321,Mobile,OnePlus 11,LG,2,1732.24,0.2,0.18,3270.47,Debit Card,Online,EMP862,1,0,Express,4,GBP
ORD111626,04-04-2023,BR89,UAE,Dubai,CUST5734,PROD309,Laptop,HP Spectre x360,OnePlus,3,226.21,0.18,0.18,656.64,Cash,Online,EMP344,3,0,Express,3,GBP
ORD111627,11-07-2023,BR48,UK,London,CUST6481,PROD742,Accessories,Wireless Mouse,Lenovo,1,1384.75,0.15,0.18,1388.9,UPI,In-Store,EMP538,0,1,Express,3,USD
ORD111628,12-07-2023,BR39,UAE,Dubai,CUST7480,PROD767,Accessories,Keyboard,LG,5,1456.28,0.1,0.18,7732.85,Cash,Online,EMP536,0,0,Same Day,10,GBP
ORD111629,10-08-2023,BR90,UK,Birmingham,CUST9119,PROD176,Laptop,Dell XPS 13,LG,3,1360.09,0.05,0.18,4573.98,Debit Card,Online,EMP507,2,1,Express,3,INR
ORD111630,10-03-2024,BR114,UK,London,CUST9309,PROD486,Accessories,Keyboard,HP,5,1316.57,0.22,0.18,6058.86,Credit Card,In-Store,EMP995,3,1,Same Day,1,INR
ORD111631,29-07-2024,BR31,India,Delhi,CUST3659,PROD765,Mobile,Samsung Galaxy S23,Sony,1,1707.96,0.02,0.18,1975.08,UPI,In-Store,EMP630,1,1,Standard,5,GBP
ORD111632,16-01-2023,BR9,UK,Birmingham,CUST9025,PROD105,Laptop,HP Spectre x360,Apple,4,1581.79,0.15,0.18,6346.14,Net Banking,Online,EMP593,0,1,Standard,8,AED
ORD111633,17-10-2024,BR103,USA,Los Angeles,CUST3550,PROD296,Laptop,MacBook Air M2,HP,5,1630.27,0.15,0.18,8175.8,Debit Card,Online,EMP975,1,1,Standard,1,EUR
ORD111634,26-10-2023,BR63,India,Pune,CUST2219,PROD366,Laptop,Dell XPS 13,Sony,5,212.87,0.08,0.18,1155.46,UPI,In-Store,EMP624,0,0,Same Day,7,USD
ORD111635,18-07-2023,BR16,UAE,Dubai,CUST7463,PROD766,Accessories,Bluetooth Headphones,OnePlus,2,785.69,0.12,0.18,1631.72,UPI,In-Store,EMP628,1,1,Express,1,GBP
ORD111636,06-07-2024,BR79,UK,Birmingham,CUST7162,PROD245,Tablet,Lenovo Tab P11,HP,5,1810.98,0.19,0.18,8654.67,Net Banking,Online,EMP720,1,0,Standard,7,INR
ORD111637,07-03-2023,BR88,Germany,Hamburg,CUST9970,PROD322,TV,Sony Bravia 55,LG,5,854.67,0.02,0.18,4941.7,Credit Card,In-Store,EMP346,1,0,Standard,3,GBP
ORD111638,04-07-2024,BR63,India,Mumbai,CUST3873,PROD441,Accessories,Bluetooth Headphones,Apple,4,748.21,0.03,0.18,3425.6,Net Banking,In-Store,EMP998,2,1,Same Day,5,EUR
ORD111639,09-04-2024,BR37,UAE,Dubai,CUST9429,PROD234,Tablet,iPad Air,Sony,3,589.23,0.22,0.18,1626.98,Net Banking,In-Store,EMP689,3,0,Express,9,INR
ORD111640,26-06-2024,BR81,India,Pune,CUST8530,PROD222,Tablet,iPad Air,Sony,5,1838.33,0.03,0.18,10520.76,Cash,In-Store,EMP591,2,1,Standard,8,AED
ORD111641,06-05-2024,BR75,Germany,Hamburg,CUST8885,PROD458,Mobile,iPhone 14,LG,2,493.94,0.21,0.18,920.9,UPI,In-Store,EMP759,2,1,Same Day,3,USD
ORD111642,22-04-2024,BR85,USA,Dallas,CUST2256,PROD231,Mobile,Samsung Galaxy S23,OnePlus,1,800.63,0.2,0.18,755.79,Cash,Online,EMP942,0,0,Standard,5,INR
ORD111643,17-12-2023,BR51,India,Mumbai,CUST4084,PROD333,TV,LG OLED 48,Samsung,3,664,0.1,0.18,2115.5,Debit Card,Online,EMP258,3,1,Standard,2,EUR
ORD111644,24-01-2023,BR8,India,Pune,CUST3922,PROD496,Accessories,Keyboard,Lenovo,1,536.53,0.01,0.18,626.77,Cash,Online,EMP848,1,1,Same Day,5,USD
ORD111645,14-06-2023,BR71,UK,Manchester,CUST6018,PROD440,Mobile,OnePlus 11,Sony,5,977.75,0.24,0.18,4384.23,Debit Card,Online,EMP663,3,1,Same Day,5,GBP
ORD111646,19-04-2023,BR45,UAE,Abu Dhabi,CUST7955,PROD140,Mobile,OnePlus 11,Apple,4,87.91,0.3,0.18,290.45,UPI,Online,EMP272,1,0,Same Day,2,INR
ORD111647,16-11-2024,BR37,UK,Manchester,CUST6359,PROD161,Mobile,Samsung Galaxy S23,HP,1,419.8,0.1,0.18,445.83,Credit Card,In-Store,EMP285,0,1,Same Day,10,GBP
ORD111648,09-04-2024,BR74,India,Pune,CUST6736,PROD233,Tablet,Lenovo Tab P11,Apple,5,1470.08,0.2,0.18,6938.78,Debit Card,Online,EMP914,3,1,Standard,1,INR
ORD111649,30-12-2024,BR36,UAE,Dubai,CUST2221,PROD275,Mobile,iPhone 14,Apple,3,589.94,0.23,0.18,1608.06,Cash,Online,EMP850,1,1,Express,9,EUR
ORD111650,30-04-2023,BR58,India,Pune,CUST4628,PROD354,TV,Sony Bravia 55,Apple,1,961.56,0.25,0.18,850.98,UPI,In-Store,EMP835,0,1,Express,8,AED
ORD111651,29-08-2024,BR43,Germany,Munich,CUST8080,PROD222,Tablet,Samsung Galaxy Tab,Sony,1,1149.72,0.25,0.18,1017.5,Cash,Online,EMP257,3,0,Standard,10,INR
ORD111652,26-08-2024,BR62,UAE,Dubai,CUST4816,PROD327,TV,Samsung QLED 50,LG,1,205.27,0.06,0.18,227.69,Cash,Online,EMP813,2,0,Express,6,AED
ORD111653,12-10-2023,BR85,UK,Birmingham,CUST3915,PROD619,Mobile,Samsung Galaxy S23,HP,1,370.81,0.1,0.18,393.8,Debit Card,Online,EMP329,1,0,Same Day,8,INR
ORD111654,28-04-2023,BR18,UK,Birmingham,CUST4773,PROD542,TV,LG OLED 48,Lenovo,4,837.53,0.24,0.18,3004.39,Debit Card,Online,EMP433,1,1,Same Day,1,USD
ORD111655,02-05-2023,BR98,USA,Chicago,CUST2307,PROD348,Laptop,HP Spectre x360,Lenovo,2,1489.88,0.02,0.18,3445.79,UPI,Online,EMP896,2,1,Standard,5,EUR
ORD111656,20-05-2024,BR8,USA,New York,CUST5698,PROD797,TV,Sony Bravia 55,OnePlus,4,879.12,0.2,0.18,3319.56,UPI,Online,EMP293,0,0,Same Day,6,EUR
ORD111657,05-09-2023,BR17,UK,London,CUST7187,PROD725,Tablet,iPad Air,Lenovo,2,1681.85,0.06,0.18,3731.02,Cash,In-Store,EMP586,1,1,Express,10,AED
ORD111658,25-09-2024,BR81,UAE,Dubai,CUST5169,PROD553,Accessories,Bluetooth Headphones,HP,5,65.1,0.23,0.18,295.75,Net Banking,Online,EMP678,2,0,Standard,7,GBP
ORD111659,24-01-2023,BR12,USA,Los Angeles,CUST6900,PROD252,Mobile,Samsung Galaxy S23,Lenovo,4,1609.34,0.24,0.18,5773.02,Credit Card,Online,EMP422,3,1,Same Day,6,EUR
ORD111660,23-08-2024,BR21,India,Pune,CUST6876,PROD731,Tablet,iPad Air,Dell,2,1773.57,0.19,0.18,3390.36,Debit Card,Online,EMP553,3,0,Same Day,7,USD
ORD111661,16-10-2024,BR81,India,Pune,CUST7567,PROD180,TV,LG OLED 48,Dell,2,1081.85,0.12,0.18,2246.79,Debit Card,Online,EMP307,3,0,Same Day,2,INR
ORD111662,08-06-2024,BR48,Germany,Munich,CUST6850,PROD225,TV,Samsung QLED 50,Dell,1,169.01,0.11,0.18,177.49,UPI,Online,EMP329,0,1,Same Day,7,GBP
ORD111663,19-12-2023,BR111,USA,Los Angeles,CUST7458,PROD930,Laptop,Dell XPS 13,Samsung,5,1948.81,0.17,0.18,9543.32,Credit Card,In-Store,EMP373,1,0,Same Day,1,INR
ORD111664,24-11-2023,BR87,Germany,Hamburg,CUST7104,PROD244,Laptop,MacBook Air M2,Dell,4,316.39,0.29,0.18,1060.29,Debit Card,Online,EMP676,0,0,Standard,7,GBP
ORD111665,14-04-2024,BR91,UAE,Dubai,CUST1978,PROD310,TV,Sony Bravia 55,Dell,5,1050.5,0.18,0.18,5082.32,Debit Card,In-Store,EMP481,3,1,Standard,5,USD
ORD111666,05-02-2024,BR76,UAE,Dubai,CUST2822,PROD660,Tablet,iPad Air,LG,5,935.55,0.02,0.18,5409.35,Net Banking,Online,EMP432,2,1,Express,10,EUR
ORD111667,16-10-2024,BR120,USA,Chicago,CUST7228,PROD102,Accessories,Bluetooth Headphones,Dell,4,955.88,0.18,0.18,3699.64,Credit Card,Online,EMP266,0,0,Standard,3,AED
ORD111668,10-08-2023,BR32,USA,Los Angeles,CUST4086,PROD495,Laptop,HP Spectre x360,Dell,1,806.91,0.15,0.18,809.33,Debit Card,In-Store,EMP521,3,0,Standard,1,AED
ORD111669,24-11-2023,BR73,UAE,Abu Dhabi,CUST7263,PROD609,Mobile,OnePlus 11,Samsung,2,1430.92,0.24,0.18,2566.5,Cash,Online,EMP322,0,1,Same Day,8,INR
ORD111670,19-07-2023,BR112,USA,Chicago,CUST1510,PROD862,Accessories,Wireless Mouse,Samsung,2,807.38,0.03,0.18,1848.25,UPI,Online,EMP781,3,1,Standard,5,USD
ORD111671,26-10-2024,BR93,UK,Birmingham,CUST7569,PROD875,TV,Samsung QLED 50,Apple,1,1365.93,0.06,0.18,1515.09,Credit Card,In-Store,EMP249,1,1,Same Day,8,EUR
ORD111672,29-02-2024,BR31,India,Pune,CUST8841,PROD663,TV,LG OLED 48,Samsung,4,1289.34,0.07,0.18,5659.69,Debit Card,Online,EMP445,2,1,Same Day,5,INR
ORD111673,18-09-2023,BR108,Germany,Berlin,CUST5048,PROD342,Accessories,Keyboard,Lenovo,1,206.07,0.21,0.18,192.1,Debit Card,Online,EMP865,0,0,Express,10,GBP
ORD111674,19-03-2024,BR25,UAE,Abu Dhabi,CUST5586,PROD283,TV,LG OLED 48,LG,3,1266.94,0.1,0.18,4036.47,Cash,Online,EMP706,0,1,Same Day,5,EUR
ORD111675,28-01-2023,BR53,UAE,Dubai,CUST7069,PROD237,TV,LG OLED 48,Lenovo,3,404.95,0.07,0.18,1333.18,Credit Card,Online,EMP246,3,0,Express,3,EUR
ORD111676,04-04-2023,BR54,UK,Birmingham,CUST5165,PROD704,Laptop,HP Spectre x360,Lenovo,1,400.94,0.1,0.18,425.8,Debit Card,Online,EMP276,2,1,Same Day,2,EUR
ORD111677,23-08-2023,BR116,UK,London,CUST8809,PROD379,Tablet,iPad Air,Sony,4,645.88,0.11,0.18,2713.21,Debit Card,In-Store,EMP239,0,1,Express,3,INR
ORD111678,04-09-2023,BR33,USA,Dallas,CUST9531,PROD891,Tablet,Lenovo Tab P11,HP,1,1416.35,0.26,0.18,1236.76,Net Banking,In-Store,EMP254,1,1,Express,1,EUR
ORD111679,25-11-2023,BR90,UK,London,CUST9076,PROD531,Mobile,OnePlus 11,LG,2,1672.75,0.2,0.18,3158.15,Credit Card,Online,EMP250,3,0,Same Day,5,USD
ORD111680,20-11-2024,BR19,USA,Chicago,CUST4070,PROD484,Laptop,Dell XPS 13,Apple,5,1156.97,0.24,0.18,5187.85,Debit Card,Online,EMP819,0,0,Express,8,GBP
ORD111681,10-10-2024,BR77,Germany,Munich,CUST1176,PROD105,Mobile,Samsung Galaxy S23,OnePlus,5,1911.7,0.28,0.18,8120.9,Net Banking,Online,EMP231,1,0,Same Day,3,EUR
ORD111682,07-06-2023,BR113,India,Mumbai,CUST8952,PROD732,Tablet,Lenovo Tab P11,HP,2,1454.45,0.02,0.18,3363.85,UPI,In-Store,EMP756,2,0,Same Day,7,INR
ORD111683,07-10-2023,BR98,USA,Los Angeles,CUST9025,PROD993,TV,Sony Bravia 55,Dell,5,446.64,0.28,0.18,1897.33,UPI,In-Store,EMP364,2,1,Same Day,5,EUR
ORD111684,11-01-2023,BR42,UAE,Abu Dhabi,CUST2078,PROD679,Laptop,MacBook Air M2,HP,3,208.34,0.25,0.18,553.14,Credit Card,Online,EMP608,2,0,Same Day,2,GBP
ORD111685,01-06-2024,BR28,India,Pune,CUST7909,PROD301,TV,LG OLED 48,HP,2,771.58,0.07,0.18,1693.46,UPI,Online,EMP532,0,0,Express,1,INR
ORD111686,18-11-2024,BR91,India,Bangalore,CUST5135,PROD958,Tablet,Lenovo Tab P11,Apple,3,936.57,0.19,0.18,2685.52,UPI,Online,EMP507,0,0,Same Day,4,EUR
ORD111687,15-10-2023,BR78,UAE,Dubai,CUST2931,PROD810,TV,LG OLED 48,LG,2,781.24,0.15,0.18,1567.17,UPI,Online,EMP884,1,0,Express,9,GBP
ORD111688,05-03-2023,BR120,India,Mumbai,CUST5561,PROD658,Laptop,Dell XPS 13,Sony,1,1448.11,0.28,0.18,1230.31,Net Banking,Online,EMP880,3,0,Express,8,AED
ORD111689,06-02-2024,BR94,USA,Chicago,CUST7703,PROD535,Accessories,Bluetooth Headphones,Samsung,1,774.1,0.07,0.18,849.5,Debit Card,Online,EMP656,2,0,Express,8,EUR
ORD111690,06-11-2023,BR87,India,Mumbai,CUST3964,PROD194,Accessories,Wireless Mouse,OnePlus,1,836.05,0.13,0.18,858.29,Debit Card,In-Store,EMP826,1,1,Same Day,8,AED
ORD111691,08-04-2024,BR13,UK,Birmingham,CUST1735,PROD737,Tablet,iPad Air,OnePlus,5,75.1,0.15,0.18,376.63,Net Banking,Online,EMP539,2,1,Standard,4,GBP
ORD111692,03-11-2024,BR74,India,Mumbai,CUST2291,PROD227,Tablet,Samsung Galaxy Tab,Sony,2,1189.83,0.11,0.18,2499.12,Cash,In-Store,EMP440,1,0,Express,7,GBP
ORD111693,23-07-2023,BR54,USA,Dallas,CUST4127,PROD320,Mobile,OnePlus 11,HP,3,1970.59,0.04,0.18,6696.85,Cash,In-Store,EMP280,1,1,Same Day,4,GBP
ORD111694,08-03-2023,BR35,India,Pune,CUST6178,PROD287,Mobile,Samsung Galaxy S23,HP,3,1528.2,0.1,0.18,4868.85,Credit Card,Online,EMP472,3,0,Same Day,3,INR
ORD111695,27-02-2024,BR108,UAE,Abu Dhabi,CUST9727,PROD596,Tablet,Lenovo Tab P11,Apple,3,1783.59,0.08,0.18,5808.8,UPI,In-Store,EMP543,3,1,Express,1,GBP
ORD111696,20-08-2023,BR81,UAE,Dubai,CUST3699,PROD971,Mobile,OnePlus 11,LG,3,1121.17,0.01,0.18,3929.25,Debit Card,Online,EMP443,2,0,Express,10,USD
ORD111697,19-11-2023,BR118,UK,Manchester,CUST5153,PROD326,Tablet,Lenovo Tab P11,Samsung,5,285.21,0.16,0.18,1413.5,Net Banking,Online,EMP912,0,1,Express,9,AED
ORD111698,31-03-2024,BR89,India,Pune,CUST1182,PROD756,Mobile,Samsung Galaxy S23,Samsung,3,971.52,0.26,0.18,2544.99,UPI,In-Store,EMP784,3,1,Express,8,AED
ORD111699,03-12-2024,BR43,USA,Chicago,CUST4352,PROD830,Accessories,Bluetooth Headphones,HP,3,169.95,0.17,0.18,499.35,UPI,Online,EMP585,0,1,Same Day,10,INR
ORD111700,13-04-2023,BR105,USA,Chicago,CUST1304,PROD194,Laptop,HP Spectre x360,LG,5,798.83,0,0.18,4713.1,Cash,Online,EMP558,0,0,Standard,2,USD
ORD111701,19-07-2024,BR45,India,Delhi,CUST8699,PROD865,Accessories,Bluetooth Headphones,HP,2,1624.18,0.2,0.18,3066.45,Credit Card,Online,EMP768,1,1,Standard,9,AED
ORD111702,01-03-2024,BR21,UAE,Abu Dhabi,CUST7240,PROD801,Laptop,MacBook Air M2,Lenovo,5,1877.53,0.25,0.18,8308.07,Credit Card,In-Store,EMP520,0,0,Express,3,AED
ORD111703,16-09-2024,BR77,USA,New York,CUST4154,PROD542,Mobile,Samsung Galaxy S23,OnePlus,5,717.87,0.03,0.18,4108.37,Debit Card,In-Store,EMP962,2,0,Standard,4,USD
ORD111704,30-07-2023,BR108,Germany,Berlin,CUST6103,PROD791,Mobile,iPhone 14,Apple,1,266.86,0.23,0.18,242.47,Credit Card,In-Store,EMP544,2,1,Same Day,6,AED
ORD111705,28-04-2024,BR81,USA,Dallas,CUST6934,PROD978,Accessories,Keyboard,OnePlus,5,1313.16,0.09,0.18,7050.36,Net Banking,Online,EMP491,3,0,Same Day,10,GBP
ORD111706,02-09-2024,BR41,UAE,Dubai,CUST2233,PROD797,Mobile,OnePlus 11,OnePlus,4,1555.45,0.26,0.18,5432.88,Credit Card,In-Store,EMP855,2,0,Express,3,USD
ORD111707,25-06-2023,BR12,UAE,Abu Dhabi,CUST4900,PROD292,TV,Sony Bravia 55,Lenovo,4,149.31,0.15,0.18,599.03,Cash,In-Store,EMP823,3,0,Standard,6,EUR
ORD111708,13-01-2023,BR45,UAE,Dubai,CUST4453,PROD893,Accessories,Bluetooth Headphones,Samsung,2,1037.61,0.16,0.18,2056.96,Cash,In-Store,EMP953,1,1,Same Day,2,USD
ORD111709,16-10-2023,BR96,UK,Manchester,CUST6500,PROD461,Accessories,Wireless Mouse,Samsung,3,1173.18,0.06,0.18,3903.87,UPI,In-Store,EMP859,3,0,Express,2,INR
ORD111710,30-05-2023,BR1,UAE,Dubai,CUST5087,PROD537,Laptop,HP Spectre x360,Lenovo,4,1313.47,0.17,0.18,5145.65,UPI,In-Store,EMP500,2,1,Standard,3,EUR
ORD111711,08-06-2024,BR77,India,Bangalore,CUST7267,PROD229,TV,LG OLED 48,HP,5,557.41,0.12,0.18,2894.07,Debit Card,Online,EMP475,3,1,Standard,4,EUR
ORD111712,26-06-2023,BR84,UK,Manchester,CUST2824,PROD964,Laptop,MacBook Air M2,LG,2,1625.84,0.26,0.18,2839.37,Net Banking,Online,EMP583,3,0,Same Day,3,AED
ORD111713,07-05-2024,BR102,India,Delhi,CUST3228,PROD987,Mobile,Samsung Galaxy S23,Sony,1,1038.56,0.05,0.18,1164.23,Net Banking,Online,EMP388,0,1,Express,9,EUR
ORD111714,16-03-2023,BR41,India,Pune,CUST3484,PROD873,Mobile,Samsung Galaxy S23,Apple,5,478.85,0.11,0.18,2514.44,UPI,In-Store,EMP679,2,0,Standard,8,AED
ORD111715,09-10-2023,BR97,Germany,Berlin,CUST7076,PROD773,Tablet,Lenovo Tab P11,Dell,4,1152.77,0.19,0.18,4407.27,Net Banking,In-Store,EMP205,0,1,Standard,2,GBP
ORD111716,13-12-2023,BR46,Germany,Berlin,CUST5100,PROD636,TV,Sony Bravia 55,HP,1,796.03,0.11,0.18,835.99,UPI,Online,EMP613,3,0,Same Day,4,USD
ORD111717,10-02-2024,BR23,UK,Manchester,CUST1413,PROD627,Accessories,Keyboard,Sony,1,1211.6,0.12,0.18,1258.13,Debit Card,In-Store,EMP832,1,0,Standard,10,EUR
ORD111718,21-04-2023,BR62,UAE,Dubai,CUST3716,PROD159,Laptop,MacBook Air M2,Samsung,4,822.4,0.27,0.18,2833.66,Cash,Online,EMP544,1,1,Same Day,6,EUR
ORD111719,02-02-2023,BR76,UK,Manchester,CUST8887,PROD624,Tablet,iPad Air,Sony,5,586.38,0.03,0.18,3355.85,Net Banking,In-Store,EMP515,0,1,Standard,10,INR
ORD111720,18-09-2023,BR104,Germany,Hamburg,CUST4323,PROD945,Accessories,Bluetooth Headphones,Lenovo,2,1871.32,0.11,0.18,3930.52,Debit Card,Online,EMP485,0,1,Standard,6,EUR
ORD111721,30-07-2023,BR109,UAE,Abu Dhabi,CUST3487,PROD245,Laptop,MacBook Air M2,Samsung,5,590.83,0.09,0.18,3172.17,Cash,Online,EMP398,0,1,Express,6,EUR
ORD111722,25-11-2023,BR112,Germany,Munich,CUST8818,PROD407,Tablet,iPad Air,Lenovo,5,250.82,0.22,0.18,1154.27,Debit Card,In-Store,EMP432,1,1,Express,8,GBP
ORD111723,15-03-2023,BR28,UAE,Abu Dhabi,CUST4153,PROD854,Tablet,iPad Air,Lenovo,5,1363.91,0.02,0.18,7886.13,UPI,In-Store,EMP341,0,0,Express,7,AED
ORD111724,09-05-2023,BR71,Germany,Munich,CUST5945,PROD900,Mobile,OnePlus 11,Lenovo,2,1896.82,0.17,0.18,3715.49,Net Banking,In-Store,EMP854,2,1,Standard,2,AED
ORD111725,03-05-2024,BR112,UK,London,CUST6280,PROD215,Mobile,iPhone 14,LG,2,103.65,0.2,0.18,195.69,Cash,In-Store,EMP476,2,0,Same Day,2,EUR
ORD111726,21-01-2023,BR85,India,Mumbai,CUST5067,PROD280,Tablet,Lenovo Tab P11,LG,4,1827.81,0.1,0.18,7764.54,Cash,In-Store,EMP371,0,1,Same Day,9,USD
ORD111727,08-03-2023,BR25,India,Bangalore,CUST1118,PROD419,Tablet,Lenovo Tab P11,Apple,5,807.99,0.01,0.18,4719.47,Credit Card,Online,EMP372,0,1,Standard,4,AED
ORD111728,03-07-2024,BR55,Germany,Berlin,CUST6870,PROD271,Mobile,iPhone 14,Sony,5,201.06,0.17,0.18,984.59,Debit Card,Online,EMP759,1,0,Express,2,GBP
ORD111729,25-10-2023,BR67,UAE,Abu Dhabi,CUST9230,PROD662,Laptop,HP Spectre x360,Apple,4,1599.51,0.27,0.18,5511.27,Cash,In-Store,EMP219,0,1,Standard,8,EUR
ORD111730,28-10-2024,BR102,India,Mumbai,CUST1915,PROD186,Accessories,Bluetooth Headphones,LG,3,206.83,0.21,0.18,578.42,Net Banking,In-Store,EMP238,3,1,Same Day,10,AED
ORD111731,30-12-2024,BR106,USA,Chicago,CUST1242,PROD722,Laptop,MacBook Air M2,Sony,1,642.88,0.15,0.18,644.81,Credit Card,In-Store,EMP317,3,1,Same Day,8,AED
ORD111732,11-12-2023,BR51,USA,New York,CUST2689,PROD259,Laptop,MacBook Air M2,OnePlus,2,1515.76,0.06,0.18,3362.56,Cash,Online,EMP633,0,0,Express,10,AED
ORD111733,15-07-2024,BR54,UAE,Abu Dhabi,CUST9405,PROD294,Tablet,Samsung Galaxy Tab,OnePlus,2,1337.19,0.21,0.18,2493.06,Debit Card,Online,EMP415,0,1,Standard,8,EUR
ORD111734,24-12-2023,BR106,USA,Chicago,CUST2121,PROD489,Accessories,Bluetooth Headphones,Apple,5,1832.48,0.17,0.18,8973.65,Debit Card,In-Store,EMP335,1,0,Standard,7,USD
ORD111735,28-12-2023,BR19,UK,Manchester,CUST7952,PROD948,TV,LG OLED 48,Dell,1,93.86,0,0.18,110.75,Debit Card,Online,EMP306,0,1,Same Day,3,GBP
ORD111736,19-06-2023,BR45,UK,London,CUST5162,PROD224,TV,Samsung QLED 50,HP,4,836.39,0.11,0.18,3513.51,Debit Card,In-Store,EMP225,0,0,Express,3,AED
ORD111737,07-10-2024,BR71,UK,London,CUST1293,PROD917,Mobile,iPhone 14,LG,5,129.37,0.25,0.18,572.46,Debit Card,In-Store,EMP804,3,0,Express,4,INR
ORD111738,19-12-2023,BR21,UK,London,CUST4307,PROD208,Accessories,Wireless Mouse,OnePlus,1,448.37,0.13,0.18,460.3,UPI,In-Store,EMP836,2,0,Standard,6,AED
ORD111739,29-06-2023,BR91,India,Mumbai,CUST2251,PROD624,Mobile,OnePlus 11,Samsung,1,233.82,0.18,0.18,226.24,Cash,In-Store,EMP369,0,0,Express,10,EUR
ORD111740,14-06-2024,BR56,Germany,Munich,CUST1537,PROD407,Laptop,MacBook Air M2,LG,1,944.24,0.07,0.18,1036.21,Net Banking,Online,EMP893,0,1,Standard,9,AED
ORD111741,27-11-2023,BR50,UK,Birmingham,CUST7276,PROD511,Laptop,HP Spectre x360,Dell,1,1946.07,0.3,0.18,1607.45,Cash,Online,EMP345,1,1,Express,3,INR
ORD111742,03-05-2024,BR13,Germany,Munich,CUST7541,PROD228,Tablet,Samsung Galaxy Tab,Lenovo,5,579,0.24,0.18,2596.24,Credit Card,In-Store,EMP510,3,0,Same Day,1,USD
ORD111743,07-11-2024,BR26,UK,Birmingham,CUST4087,PROD705,Mobile,Samsung Galaxy S23,Samsung,3,1026.05,0.21,0.18,2869.45,Net Banking,Online,EMP524,2,0,Standard,8,EUR
ORD111744,31-10-2024,BR115,USA,Los Angeles,CUST7755,PROD200,Mobile,iPhone 14,OnePlus,1,455.07,0.24,0.18,408.11,Cash,In-Store,EMP618,2,0,Express,10,AED
ORD111745,02-08-2023,BR85,India,Mumbai,CUST5678,PROD285,Laptop,HP Spectre x360,Dell,3,1344.07,0.12,0.18,4187.05,Debit Card,Online,EMP207,0,1,Express,1,USD
ORD111746,04-12-2023,BR38,Germany,Berlin,CUST9248,PROD972,Mobile,OnePlus 11,OnePlus,2,447.87,0.22,0.18,824.44,Debit Card,In-Store,EMP794,0,0,Express,4,INR
ORD111747,17-07-2024,BR41,USA,New York,CUST6154,PROD493,Tablet,Samsung Galaxy Tab,Lenovo,5,1928.44,0.18,0.18,9329.79,Debit Card,In-Store,EMP876,1,0,Standard,10,EUR
ORD111748,24-02-2024,BR7,USA,Dallas,CUST2774,PROD831,Tablet,Samsung Galaxy Tab,Dell,1,507.11,0.05,0.18,568.47,Debit Card,Online,EMP434,0,0,Same Day,3,AED
ORD111749,21-12-2023,BR114,UAE,Dubai,CUST9352,PROD439,Accessories,Wireless Mouse,Lenovo,3,1839.68,0.02,0.18,6382.22,Net Banking,In-Store,EMP859,1,1,Express,2,INR
ORD111750,12-07-2024,BR20,UK,Birmingham,CUST9913,PROD706,Mobile,Samsung Galaxy S23,HP,2,1285.7,0.28,0.18,2184.66,Net Banking,In-Store,EMP695,0,1,Standard,9,AED
ORD111751,23-03-2024,BR99,USA,Dallas,CUST5349,PROD418,Accessories,Wireless Mouse,Dell,1,1194.59,0.29,0.18,1000.83,Cash,Online,EMP479,3,0,Standard,3,EUR
ORD111752,30-06-2023,BR40,UAE,Dubai,CUST4294,PROD100,Tablet,Lenovo Tab P11,Dell,1,1662.99,0.1,0.18,1766.1,Cash,In-Store,EMP518,2,0,Standard,6,AED
ORD111753,26-06-2024,BR11,Germany,Berlin,CUST9228,PROD442,TV,Samsung QLED 50,HP,4,209.57,0.27,0.18,722.09,Cash,Online,EMP685,3,0,Same Day,9,USD
ORD111754,29-06-2023,BR37,UAE,Abu Dhabi,CUST2130,PROD182,Accessories,Wireless Mouse,Apple,3,1254.25,0.14,0.18,3818.44,UPI,In-Store,EMP376,2,0,Same Day,5,INR
ORD111755,05-10-2023,BR41,Germany,Munich,CUST7873,PROD126,Tablet,iPad Air,OnePlus,1,1518.61,0.12,0.18,1576.92,Net Banking,Online,EMP936,2,0,Standard,7,INR
ORD111756,12-08-2024,BR76,Germany,Munich,CUST5572,PROD773,Laptop,HP Spectre x360,OnePlus,5,1896.28,0.01,0.18,11076.17,UPI,Online,EMP538,1,1,Standard,3,AED
ORD111757,29-06-2024,BR3,India,Bangalore,CUST6844,PROD871,Laptop,HP Spectre x360,HP,3,1559.01,0.27,0.18,4028.79,Credit Card,Online,EMP434,0,0,Same Day,8,INR
ORD111758,19-10-2023,BR71,UAE,Abu Dhabi,CUST3121,PROD917,TV,Samsung QLED 50,Samsung,5,1200.35,0.07,0.18,6586.32,Credit Card,Online,EMP241,0,0,Same Day,6,USD
ORD111759,30-08-2024,BR23,Germany,Berlin,CUST1948,PROD202,Accessories,Bluetooth Headphones,HP,2,1268.98,0.14,0.18,2575.52,Credit Card,In-Store,EMP478,1,0,Standard,10,EUR
ORD111760,13-05-2024,BR82,UK,London,CUST6108,PROD649,TV,Sony Bravia 55,Samsung,2,1745.18,0.23,0.18,3171.34,Cash,Online,EMP598,3,1,Same Day,7,INR
ORD111761,13-08-2023,BR69,UAE,Abu Dhabi,CUST4148,PROD523,TV,LG OLED 48,Sony,3,1805.39,0.06,0.18,6007.62,Net Banking,Online,EMP326,0,1,Standard,3,INR
ORD111762,20-04-2024,BR114,UK,Manchester,CUST2190,PROD802,Tablet,Lenovo Tab P11,Apple,5,704.37,0.09,0.18,3781.76,Credit Card,In-Store,EMP633,3,0,Same Day,3,INR
ORD111763,08-06-2024,BR45,USA,Chicago,CUST4455,PROD700,Laptop,MacBook Air M2,Sony,1,1433.61,0.01,0.18,1674.74,Debit Card,Online,EMP913,2,0,Standard,1,AED
ORD111764,04-08-2024,BR57,USA,New York,CUST8519,PROD633,Laptop,HP Spectre x360,Lenovo,5,1313.52,0.2,0.18,6199.81,Credit Card,In-Store,EMP269,3,0,Express,4,GBP
ORD111765,10-01-2024,BR114,Germany,Hamburg,CUST8307,PROD883,Laptop,HP Spectre x360,OnePlus,3,936.55,0.17,0.18,2751.77,Debit Card,In-Store,EMP586,2,0,Standard,8,GBP
ORD111766,29-09-2024,BR62,UK,London,CUST1928,PROD105,Tablet,Lenovo Tab P11,Lenovo,5,1104.75,0.02,0.18,6387.66,Credit Card,Online,EMP336,2,0,Express,5,INR
ORD111767,06-02-2024,BR117,USA,Dallas,CUST6534,PROD646,Accessories,Wireless Mouse,OnePlus,3,1503.37,0.14,0.18,4576.86,Cash,Online,EMP819,0,0,Express,8,USD
ORD111768,09-03-2024,BR13,UAE,Abu Dhabi,CUST2538,PROD721,Laptop,Dell XPS 13,Samsung,5,1709.94,0.09,0.18,9180.67,Credit Card,In-Store,EMP888,2,1,Same Day,3,EUR
ORD111769,12-01-2023,BR111,India,Mumbai,CUST1393,PROD678,Laptop,HP Spectre x360,HP,3,1972.96,0.27,0.18,5098.52,Credit Card,In-Store,EMP524,2,1,Same Day,9,AED
ORD111770,09-08-2023,BR74,USA,Chicago,CUST1383,PROD536,Accessories,Bluetooth Headphones,LG,1,752.45,0.23,0.18,683.68,UPI,Online,EMP204,2,1,Same Day,1,GBP
ORD111771,13-07-2024,BR49,India,Pune,CUST4048,PROD541,Mobile,iPhone 14,Dell,4,921.82,0.12,0.18,3828.87,Cash,Online,EMP765,0,0,Express,4,GBP
ORD111772,08-03-2023,BR56,USA,Los Angeles,CUST8843,PROD883,Laptop,MacBook Air M2,Apple,2,1410.04,0.04,0.18,3194.59,Credit Card,Online,EMP693,1,0,Express,7,USD
ORD111773,06-01-2023,BR40,UK,Manchester,CUST3544,PROD765,Tablet,Samsung Galaxy Tab,Dell,2,871.54,0.16,0.18,1727.74,UPI,Online,EMP530,0,1,Same Day,4,EUR
ORD111774,02-05-2024,BR80,India,Pune,CUST5205,PROD874,Mobile,iPhone 14,Apple,3,963.98,0.23,0.18,2627.62,Credit Card,In-Store,EMP286,0,0,Express,4,EUR
ORD111775,26-12-2024,BR89,Germany,Munich,CUST8408,PROD397,Accessories,Keyboard,Samsung,2,1166.96,0.25,0.18,2065.52,Credit Card,Online,EMP722,2,1,Standard,10,GBP
ORD111776,14-10-2024,BR49,India,Mumbai,CUST1754,PROD459,TV,Samsung QLED 50,Apple,1,1052.76,0.1,0.18,1118.03,Net Banking,Online,EMP567,1,1,Express,7,AED
ORD111777,18-03-2024,BR79,Germany,Munich,CUST3503,PROD972,TV,Sony Bravia 55,Samsung,3,175.76,0.08,0.18,572.42,Credit Card,Online,EMP496,1,1,Express,5,USD
ORD111778,19-05-2024,BR42,UAE,Dubai,CUST5376,PROD936,TV,Sony Bravia 55,LG,2,314.36,0.22,0.18,578.67,Cash,Online,EMP312,2,0,Express,2,AED
ORD111779,30-05-2024,BR33,Germany,Berlin,CUST8180,PROD615,Accessories,Wireless Mouse,Apple,4,1253.14,0.27,0.18,4317.82,Net Banking,Online,EMP543,2,0,Same Day,7,INR
ORD111780,17-01-2023,BR79,UK,Manchester,CUST8129,PROD578,Laptop,HP Spectre x360,HP,2,1630.32,0.28,0.18,2770.24,Credit Card,In-Store,EMP277,3,0,Same Day,1,USD
ORD111781,20-08-2024,BR58,Germany,Munich,CUST3357,PROD640,Accessories,Wireless Mouse,Sony,4,1303.64,0.09,0.18,5599.39,Debit Card,In-Store,EMP628,0,1,Same Day,3,GBP
ORD111782,28-09-2023,BR23,Germany,Hamburg,CUST5362,PROD469,Accessories,Bluetooth Headphones,Dell,1,1820.35,0.28,0.18,1546.57,UPI,Online,EMP487,0,1,Standard,4,AED
ORD111783,14-02-2024,BR8,UK,London,CUST6716,PROD262,Tablet,Lenovo Tab P11,HP,3,209.4,0.27,0.18,541.13,UPI,In-Store,EMP644,2,0,Express,4,USD
ORD111784,13-07-2024,BR99,India,Bangalore,CUST5100,PROD194,Accessories,Keyboard,Lenovo,1,1622.16,0.09,0.18,1741.88,UPI,In-Store,EMP642,1,1,Same Day,2,AED
ORD111785,03-04-2023,BR47,Germany,Munich,CUST8153,PROD574,Tablet,Lenovo Tab P11,OnePlus,4,1151.27,0.2,0.18,4347.2,Debit Card,In-Store,EMP453,3,1,Standard,5,USD
ORD111786,05-08-2024,BR110,Germany,Hamburg,CUST7863,PROD667,Mobile,Samsung Galaxy S23,Apple,1,450.03,0.19,0.18,430.14,Debit Card,In-Store,EMP608,1,0,Express,2,EUR
ORD111787,21-03-2024,BR19,Germany,Hamburg,CUST5357,PROD199,Accessories,Wireless Mouse,LG,4,230.24,0.01,0.18,1075.87,UPI,Online,EMP896,3,1,Standard,1,INR
ORD111788,12-10-2024,BR81,UAE,Abu Dhabi,CUST3575,PROD535,Accessories,Wireless Mouse,LG,4,1486.29,0.17,0.18,5822.69,Credit Card,In-Store,EMP607,3,0,Same Day,7,AED
ORD111789,21-02-2023,BR88,Germany,Berlin,CUST9091,PROD459,Mobile,iPhone 14,Apple,5,1288.8,0.18,0.18,6235.21,UPI,Online,EMP919,3,1,Same Day,6,GBP
ORD111790,26-05-2023,BR25,Germany,Hamburg,CUST8131,PROD646,TV,LG OLED 48,Dell,4,611.24,0.03,0.18,2798.5,Cash,Online,EMP686,2,1,Same Day,5,AED
ORD111791,20-10-2024,BR64,USA,Los Angeles,CUST6286,PROD753,Accessories,Keyboard,Dell,2,280.65,0.01,0.18,655.71,Net Banking,In-Store,EMP721,3,0,Standard,4,AED
ORD111792,11-01-2024,BR31,UAE,Dubai,CUST1775,PROD582,Accessories,Wireless Mouse,HP,4,1278.09,0.09,0.18,5489.65,Credit Card,In-Store,EMP258,0,1,Standard,7,INR
ORD111793,26-07-2023,BR4,UAE,Abu Dhabi,CUST7562,PROD529,Tablet,Samsung Galaxy Tab,Dell,3,1830.43,0.24,0.18,4924.59,Cash,In-Store,EMP969,3,1,Same Day,6,INR
ORD111794,22-05-2024,BR5,USA,New York,CUST5033,PROD625,Laptop,Dell XPS 13,Samsung,1,1280.56,0.16,0.18,1269.29,UPI,Online,EMP384,1,0,Standard,9,AED
ORD111795,04-11-2024,BR9,UK,Manchester,CUST4925,PROD169,TV,Sony Bravia 55,Apple,3,1584.01,0.29,0.18,3981.25,Cash,In-Store,EMP767,2,1,Standard,4,EUR
ORD111796,25-03-2024,BR102,UK,Birmingham,CUST2470,PROD765,TV,Sony Bravia 55,Apple,2,375.46,0.26,0.18,655.7,Net Banking,In-Store,EMP359,3,0,Same Day,2,AED
ORD111797,08-12-2024,BR115,UK,Birmingham,CUST8672,PROD970,Laptop,Dell XPS 13,Apple,3,975.49,0.22,0.18,2693.52,Debit Card,Online,EMP316,0,1,Express,8,GBP
ORD111798,26-03-2023,BR76,USA,Chicago,CUST5250,PROD202,Accessories,Wireless Mouse,Apple,5,1541.09,0.19,0.18,7364.87,UPI,Online,EMP517,0,0,Standard,5,AED
ORD111799,05-04-2023,BR107,India,Mumbai,CUST5964,PROD752,Accessories,Bluetooth Headphones,OnePlus,4,456.05,0.24,0.18,1635.94,Debit Card,In-Store,EMP822,2,0,Express,10,USD
ORD111800,10-03-2023,BR74,UAE,Dubai,CUST5889,PROD287,Accessories,Bluetooth Headphones,Dell,2,1147.72,0.04,0.18,2600.27,Cash,In-Store,EMP248,2,0,Same Day,6,AED
ORD111801,07-04-2024,BR22,UK,Birmingham,CUST1320,PROD246,Accessories,Wireless Mouse,LG,1,738.53,0.27,0.18,636.17,Credit Card,Online,EMP481,2,0,Standard,7,USD
ORD111802,03-04-2024,BR32,India,Mumbai,CUST3090,PROD649,Tablet,Samsung Galaxy Tab,HP,5,1971.95,0.24,0.18,8842.22,Net Banking,Online,EMP717,2,0,Standard,4,AED
ORD111803,08-03-2023,BR98,USA,Los Angeles,CUST7728,PROD941,Mobile,iPhone 14,Lenovo,5,432.11,0.16,0.18,2141.54,UPI,In-Store,EMP432,0,0,Express,6,INR
ORD111804,08-10-2023,BR58,Germany,Hamburg,CUST1292,PROD963,TV,Samsung QLED 50,LG,2,263.21,0.04,0.18,596.33,Net Banking,In-Store,EMP242,2,1,Same Day,4,INR
ORD111805,18-07-2024,BR39,India,Mumbai,CUST4181,PROD310,Accessories,Keyboard,HP,1,63.52,0.02,0.18,73.45,Net Banking,In-Store,EMP546,3,1,Same Day,3,AED
ORD111806,17-09-2024,BR62,USA,New York,CUST1904,PROD500,TV,LG OLED 48,HP,3,768.74,0.07,0.18,2530.85,Net Banking,In-Store,EMP265,1,0,Same Day,1,USD
ORD111807,07-08-2024,BR101,UK,Birmingham,CUST6273,PROD651,Laptop,Dell XPS 13,Samsung,5,1391.91,0.26,0.18,6077.08,Cash,In-Store,EMP868,3,1,Standard,4,EUR
ORD111808,11-11-2024,BR105,UK,Manchester,CUST3613,PROD586,TV,Sony Bravia 55,Lenovo,4,1952.59,0.27,0.18,6727.84,Net Banking,In-Store,EMP514,3,0,Standard,5,USD
ORD111809,19-01-2023,BR85,USA,Chicago,CUST1793,PROD559,Tablet,iPad Air,Sony,4,536.82,0.09,0.18,2305.75,Debit Card,Online,EMP637,1,1,Express,4,USD
ORD111810,07-09-2024,BR85,UAE,Dubai,CUST8939,PROD782,Accessories,Wireless Mouse,Samsung,3,1586.11,0.28,0.18,4042.68,UPI,In-Store,EMP332,1,0,Express,3,INR
ORD111811,24-03-2023,BR28,USA,Los Angeles,CUST4196,PROD877,Mobile,OnePlus 11,HP,4,1859.04,0.18,0.18,7195.23,UPI,In-Store,EMP874,2,1,Same Day,2,AED
ORD111812,15-10-2024,BR106,UAE,Abu Dhabi,CUST1333,PROD642,Laptop,MacBook Air M2,LG,4,936.33,0.16,0.18,3712.36,Cash,In-Store,EMP393,0,0,Same Day,2,GBP
ORD111813,12-05-2023,BR41,USA,Los Angeles,CUST7364,PROD906,Laptop,Dell XPS 13,LG,1,965.27,0.12,0.18,1002.34,Net Banking,In-Store,EMP268,3,0,Standard,6,INR
ORD111814,29-11-2024,BR75,USA,Los Angeles,CUST8693,PROD229,Accessories,Bluetooth Headphones,LG,4,1206.67,0.1,0.18,5125.93,Debit Card,Online,EMP497,1,0,Same Day,3,AED
ORD111815,24-05-2024,BR81,UAE,Abu Dhabi,CUST8837,PROD580,TV,Samsung QLED 50,LG,5,1676.21,0.25,0.18,7417.23,Cash,In-Store,EMP850,3,1,Standard,9,EUR
ORD111816,24-09-2023,BR79,Germany,Hamburg,CUST9874,PROD336,Accessories,Bluetooth Headphones,Apple,3,1092.02,0.2,0.18,3092.6,Credit Card,In-Store,EMP826,0,0,Standard,7,EUR
ORD111817,09-12-2024,BR53,Germany,Munich,CUST8918,PROD855,TV,Samsung QLED 50,OnePlus,1,354.2,0.17,0.18,346.9,Debit Card,In-Store,EMP903,1,0,Express,10,USD
ORD111818,11-06-2024,BR3,Germany,Hamburg,CUST8145,PROD175,TV,LG OLED 48,Sony,1,180.09,0.15,0.18,180.63,Net Banking,Online,EMP622,0,0,Same Day,5,USD
ORD111819,24-11-2023,BR112,Germany,Berlin,CUST4919,PROD476,Mobile,iPhone 14,Dell,2,50.1,0.13,0.18,102.87,Debit Card,In-Store,EMP616,0,0,Standard,10,GBP
ORD111820,26-04-2024,BR58,USA,Los Angeles,CUST8343,PROD514,Tablet,Samsung Galaxy Tab,Dell,5,1040.11,0.26,0.18,4541.12,Net Banking,In-Store,EMP463,1,1,Express,3,EUR
ORD111821,18-08-2023,BR75,UAE,Dubai,CUST6114,PROD159,Mobile,Samsung Galaxy S23,Dell,4,1610.96,0.14,0.18,6539.21,Cash,Online,EMP841,2,1,Express,1,EUR
ORD111822,05-02-2023,BR21,UAE,Dubai,CUST1324,PROD289,Laptop,HP Spectre x360,Samsung,1,88.75,0.24,0.18,79.59,UPI,Online,EMP899,1,0,Same Day,1,EUR
ORD111823,11-06-2023,BR17,India,Pune,CUST6514,PROD738,Tablet,Samsung Galaxy Tab,Sony,4,319.6,0.1,0.18,1357.66,UPI,In-Store,EMP679,3,1,Standard,8,GBP
ORD111824,04-11-2023,BR77,Germany,Berlin,CUST2027,PROD168,Laptop,Dell XPS 13,Samsung,3,1006.64,0.18,0.18,2922.07,Net Banking,Online,EMP867,0,0,Express,10,INR
ORD111825,09-10-2023,BR52,USA,New York,CUST9943,PROD512,Mobile,iPhone 14,Samsung,1,1121.68,0.03,0.18,1283.87,UPI,Online,EMP794,0,1,Same Day,4,USD
ORD111826,13-11-2023,BR3,Germany,Munich,CUST6019,PROD837,Accessories,Wireless Mouse,Apple,4,1310.61,0.06,0.18,5814.91,Debit Card,Online,EMP415,2,1,Express,2,AED
ORD111827,28-12-2023,BR55,USA,New York,CUST6573,PROD218,Tablet,Samsung Galaxy Tab,LG,3,1685.79,0.19,0.18,4833.83,Credit Card,In-Store,EMP333,3,1,Express,4,AED
ORD111828,22-12-2023,BR64,India,Pune,CUST3224,PROD528,Laptop,MacBook Air M2,Samsung,3,301.24,0.12,0.18,938.42,Net Banking,In-Store,EMP224,1,0,Express,8,EUR
ORD111829,10-07-2023,BR29,UAE,Dubai,CUST7516,PROD700,Laptop,Dell XPS 13,Apple,3,82.67,0.25,0.18,219.49,Credit Card,In-Store,EMP289,2,0,Standard,3,USD
ORD111830,07-06-2024,BR16,USA,New York,CUST4614,PROD404,Mobile,OnePlus 11,OnePlus,1,1404.57,0.15,0.18,1408.78,Credit Card,In-Store,EMP353,2,0,Express,2,AED
ORD111831,12-09-2024,BR3,Germany,Berlin,CUST8734,PROD825,Tablet,iPad Air,HP,1,1485.54,0.22,0.18,1367.29,Net Banking,Online,EMP645,3,1,Same Day,2,AED
ORD111832,17-02-2023,BR29,UK,Manchester,CUST8087,PROD237,Tablet,Lenovo Tab P11,OnePlus,1,205.06,0,0.18,241.97,Debit Card,In-Store,EMP715,3,1,Express,4,INR
ORD111833,27-01-2024,BR94,USA,Los Angeles,CUST4421,PROD845,Laptop,HP Spectre x360,HP,1,273.24,0.21,0.18,254.71,Cash,In-Store,EMP981,3,1,Same Day,9,USD
ORD111834,03-01-2024,BR71,UAE,Abu Dhabi,CUST2946,PROD102,Tablet,Lenovo Tab P11,LG,2,181.86,0.02,0.18,420.61,Cash,Online,EMP488,1,0,Standard,7,USD
ORD111835,10-08-2024,BR63,UK,Birmingham,CUST5941,PROD129,Laptop,Dell XPS 13,Dell,5,320.54,0.23,0.18,1456.21,Cash,In-Store,EMP939,1,0,Same Day,2,EUR
ORD111836,03-04-2023,BR34,UK,Birmingham,CUST8065,PROD317,Mobile,Samsung Galaxy S23,Lenovo,4,1619.53,0.14,0.18,6574,Net Banking,In-Store,EMP783,1,1,Same Day,2,AED
ORD111837,19-10-2024,BR95,UK,London,CUST4041,PROD723,Mobile,iPhone 14,Apple,2,106.33,0.23,0.18,193.22,Credit Card,Online,EMP478,0,1,Express,8,GBP
ORD111838,12-01-2024,BR7,UAE,Dubai,CUST6377,PROD413,TV,Sony Bravia 55,Sony,4,1719.89,0.03,0.18,7874.34,UPI,In-Store,EMP706,2,1,Same Day,5,AED
ORD111839,06-10-2024,BR16,Germany,Hamburg,CUST6331,PROD267,Tablet,iPad Air,HP,4,897.3,0.26,0.18,3134.09,Cash,Online,EMP278,1,1,Standard,5,EUR
ORD111840,07-03-2024,BR105,USA,Los Angeles,CUST8299,PROD338,Mobile,OnePlus 11,Lenovo,2,1083.87,0.24,0.18,1944.03,Debit Card,Online,EMP837,1,1,Express,4,EUR
ORD111841,05-06-2024,BR27,India,Delhi,CUST2528,PROD974,TV,Sony Bravia 55,Lenovo,3,256.75,0.19,0.18,736.2,UPI,Online,EMP423,0,1,Express,10,EUR
ORD111842,21-09-2024,BR118,UK,London,CUST7941,PROD691,Accessories,Keyboard,Dell,3,397.21,0.26,0.18,1040.53,Debit Card,In-Store,EMP403,0,0,Standard,3,EUR
ORD111843,21-11-2023,BR35,India,Bangalore,CUST5291,PROD970,TV,LG OLED 48,Lenovo,2,1064.08,0.22,0.18,1958.76,Debit Card,Online,EMP864,0,1,Standard,8,USD
ORD111844,14-02-2024,BR34,UAE,Dubai,CUST6000,PROD409,TV,LG OLED 48,Apple,2,128.92,0.28,0.18,219.06,Net Banking,Online,EMP982,2,0,Standard,8,EUR
ORD111845,14-12-2023,BR85,UK,London,CUST3971,PROD891,TV,Sony Bravia 55,Lenovo,5,577.31,0.21,0.18,2690.84,Net Banking,Online,EMP329,2,0,Standard,10,USD
ORD111846,09-04-2024,BR114,Germany,Hamburg,CUST1308,PROD768,Accessories,Keyboard,Lenovo,4,1705.13,0.11,0.18,7162.91,Cash,In-Store,EMP409,1,0,Express,3,AED
ORD111847,30-09-2024,BR40,Germany,Berlin,CUST3762,PROD732,Accessories,Bluetooth Headphones,Sony,1,964.09,0.15,0.18,966.98,Credit Card,In-Store,EMP322,2,0,Standard,9,GBP
ORD111848,24-07-2023,BR40,UAE,Dubai,CUST4565,PROD909,TV,Samsung QLED 50,Lenovo,1,1074.27,0.26,0.18,938.05,Net Banking,In-Store,EMP984,3,1,Standard,5,GBP
ORD111849,14-10-2023,BR42,USA,New York,CUST1923,PROD845,Accessories,Bluetooth Headphones,Lenovo,3,722.55,0.28,0.18,1841.64,Cash,In-Store,EMP883,3,0,Express,2,INR
ORD111850,19-03-2023,BR36,Germany,Berlin,CUST8823,PROD688,Laptop,MacBook Air M2,Sony,3,408.68,0.08,0.18,1330.99,Cash,In-Store,EMP838,2,0,Express,8,INR
ORD111851,27-10-2024,BR25,India,Pune,CUST9612,PROD698,TV,Sony Bravia 55,Apple,4,1723.71,0.05,0.18,7729.12,Credit Card,Online,EMP582,2,1,Express,8,AED
ORD111852,13-12-2023,BR24,UK,Manchester,CUST2414,PROD994,TV,Sony Bravia 55,Lenovo,5,1131.73,0.27,0.18,4874.36,Debit Card,In-Store,EMP932,3,1,Standard,6,AED
ORD111853,23-06-2024,BR3,UK,London,CUST1710,PROD861,Mobile,OnePlus 11,HP,1,759.97,0.25,0.18,672.57,Credit Card,In-Store,EMP242,0,0,Same Day,10,GBP
ORD111854,13-08-2023,BR26,India,Mumbai,CUST1312,PROD485,Accessories,Keyboard,HP,4,1265.94,0.02,0.18,5855.73,Debit Card,Online,EMP991,3,1,Standard,7,AED
ORD111855,11-07-2023,BR29,USA,Los Angeles,CUST8351,PROD612,Laptop,MacBook Air M2,Dell,1,223.52,0.02,0.18,258.48,Debit Card,Online,EMP984,2,1,Express,3,INR
ORD111856,14-10-2024,BR20,UAE,Dubai,CUST2776,PROD714,TV,LG OLED 48,LG,2,274.13,0.19,0.18,524.03,Debit Card,In-Store,EMP619,0,0,Same Day,9,INR
ORD111857,23-11-2024,BR110,Germany,Munich,CUST2728,PROD975,Mobile,iPhone 14,LG,2,51.16,0.12,0.18,106.25,Cash,Online,EMP259,2,0,Standard,6,EUR
ORD111858,09-03-2024,BR20,UAE,Abu Dhabi,CUST3472,PROD581,Laptop,HP Spectre x360,Sony,1,1033.16,0.22,0.18,950.92,Debit Card,Online,EMP248,1,0,Express,5,INR
ORD111859,11-06-2023,BR48,Germany,Berlin,CUST1902,PROD434,Mobile,iPhone 14,Lenovo,2,936.58,0.29,0.18,1569.33,Credit Card,Online,EMP827,3,0,Same Day,4,EUR
ORD111860,29-04-2024,BR28,India,Mumbai,CUST5730,PROD208,Mobile,iPhone 14,Samsung,2,1954.75,0.1,0.18,4151.89,Cash,Online,EMP328,2,1,Express,7,AED
ORD111861,22-05-2023,BR58,Germany,Berlin,CUST4556,PROD528,Tablet,Samsung Galaxy Tab,LG,5,1500.97,0.17,0.18,7350.25,UPI,In-Store,EMP246,3,1,Same Day,1,USD
ORD111862,02-05-2024,BR24,Germany,Munich,CUST8388,PROD133,Mobile,iPhone 14,LG,4,1276.02,0.04,0.18,5781.9,Net Banking,Online,EMP806,2,1,Express,8,AED
ORD111863,28-12-2024,BR89,UAE,Dubai,CUST1362,PROD778,Accessories,Keyboard,LG,4,1834.62,0.07,0.18,8053.25,UPI,Online,EMP657,0,0,Standard,10,AED
ORD111864,28-11-2023,BR29,India,Bangalore,CUST7931,PROD748,Mobile,Samsung Galaxy S23,Samsung,4,125.09,0.25,0.18,442.82,Debit Card,Online,EMP886,0,1,Express,5,EUR
ORD111865,25-11-2023,BR9,Germany,Berlin,CUST3349,PROD461,Mobile,Samsung Galaxy S23,Lenovo,4,345.9,0.16,0.18,1371.42,Debit Card,In-Store,EMP837,2,1,Express,1,INR
ORD111866,24-08-2023,BR104,UAE,Dubai,CUST6127,PROD236,Accessories,Keyboard,OnePlus,3,199.66,0.07,0.18,657.32,Credit Card,Online,EMP689,1,0,Express,4,INR
ORD111867,21-02-2023,BR104,USA,New York,CUST7714,PROD306,Laptop,MacBook Air M2,Lenovo,2,1124.57,0.13,0.18,2308.97,UPI,Online,EMP954,0,0,Standard,6,EUR
ORD111868,16-03-2024,BR113,UK,London,CUST8110,PROD663,TV,Samsung QLED 50,OnePlus,2,1000.86,0.11,0.18,2102.21,Net Banking,Online,EMP794,2,0,Same Day,4,GBP
ORD111869,14-03-2023,BR14,UAE,Dubai,CUST5168,PROD537,Tablet,iPad Air,Apple,2,490.66,0.13,0.18,1007.42,Net Banking,Online,EMP996,3,0,Standard,7,GBP
ORD111870,13-10-2024,BR96,UAE,Dubai,CUST6377,PROD483,Accessories,Wireless Mouse,HP,2,1425.88,0.13,0.18,2927.62,Credit Card,Online,EMP930,2,1,Same Day,4,GBP
ORD111871,23-02-2023,BR80,UAE,Dubai,CUST7820,PROD122,TV,Samsung QLED 50,Sony,3,171.88,0.16,0.18,511.1,Net Banking,In-Store,EMP243,1,0,Same Day,1,AED
ORD111872,29-11-2023,BR74,Germany,Munich,CUST4014,PROD888,Tablet,Samsung Galaxy Tab,Lenovo,3,229.73,0.13,0.18,707.52,Cash,Online,EMP759,2,0,Same Day,8,GBP
ORD111873,24-01-2024,BR24,UK,Birmingham,CUST6776,PROD994,Laptop,Dell XPS 13,Dell,5,691.28,0.07,0.18,3793.05,Debit Card,In-Store,EMP491,0,0,Same Day,5,INR
ORD111874,23-11-2024,BR55,USA,Chicago,CUST1295,PROD262,Mobile,OnePlus 11,Samsung,1,1486.59,0.12,0.18,1543.68,Debit Card,Online,EMP224,2,1,Standard,8,EUR
ORD111875,27-11-2023,BR76,UAE,Abu Dhabi,CUST6153,PROD684,Laptop,MacBook Air M2,Dell,3,167.11,0.1,0.18,532.41,Debit Card,In-Store,EMP444,1,1,Standard,6,GBP
ORD111876,02-08-2023,BR67,Germany,Munich,CUST4262,PROD689,Accessories,Keyboard,OnePlus,5,1316.63,0.22,0.18,6059.13,Net Banking,Online,EMP527,3,1,Same Day,4,EUR
ORD111877,05-06-2024,BR60,India,Pune,CUST4331,PROD744,Accessories,Bluetooth Headphones,OnePlus,1,1471.2,0.13,0.18,1510.33,UPI,In-Store,EMP922,1,0,Same Day,6,AED
ORD111878,19-03-2024,BR4,Germany,Berlin,CUST3472,PROD483,TV,Samsung QLED 50,Samsung,1,618.26,0.21,0.18,576.34,Cash,In-Store,EMP769,2,0,Express,5,AED
ORD111879,24-12-2024,BR75,Germany,Munich,CUST4158,PROD971,Accessories,Keyboard,Apple,3,1455.59,0.13,0.18,4482.93,Net Banking,In-Store,EMP944,3,0,Express,3,GBP
ORD111880,10-05-2024,BR92,UK,Birmingham,CUST2181,PROD316,Laptop,HP Spectre x360,HP,3,612.59,0.01,0.18,2146.88,UPI,In-Store,EMP965,2,0,Standard,7,INR
ORD111881,29-05-2023,BR16,Germany,Hamburg,CUST5425,PROD708,Mobile,OnePlus 11,Apple,1,1778.22,0.09,0.18,1909.45,UPI,In-Store,EMP926,3,0,Standard,9,GBP
ORD111882,06-03-2024,BR104,Germany,Munich,CUST5700,PROD156,Accessories,Bluetooth Headphones,Sony,1,734.82,0.17,0.18,719.68,Credit Card,Online,EMP521,0,0,Same Day,8,EUR
ORD111883,27-06-2023,BR30,Germany,Hamburg,CUST9714,PROD513,Mobile,iPhone 14,Sony,4,920.41,0.19,0.18,3518.91,Cash,In-Store,EMP972,3,0,Express,2,GBP
ORD111884,28-08-2024,BR25,UK,London,CUST8163,PROD226,TV,Samsung QLED 50,Dell,1,1872.22,0.22,0.18,1723.19,Net Banking,Online,EMP874,1,1,Express,10,GBP
ORD111885,19-02-2023,BR87,Germany,Berlin,CUST4162,PROD698,Tablet,Samsung Galaxy Tab,Samsung,3,1812.24,0.18,0.18,5260.57,Credit Card,Online,EMP330,1,1,Same Day,10,GBP
ORD111886,05-03-2023,BR53,India,Mumbai,CUST4285,PROD913,Accessories,Keyboard,Samsung,1,497.46,0.08,0.18,540.04,Cash,In-Store,EMP494,3,0,Standard,10,USD
ORD111887,12-11-2023,BR24,UK,Birmingham,CUST7145,PROD374,Tablet,iPad Air,Dell,1,1074.92,0.06,0.18,1192.3,Credit Card,In-Store,EMP760,1,0,Standard,10,GBP
ORD111888,18-09-2024,BR48,UAE,Abu Dhabi,CUST6382,PROD170,Accessories,Wireless Mouse,Dell,3,1430.56,0.3,0.18,3544.93,Net Banking,In-Store,EMP512,1,1,Standard,7,INR
ORD111889,16-03-2024,BR27,Germany,Hamburg,CUST9953,PROD768,TV,Sony Bravia 55,Sony,3,1119.24,0.06,0.18,3724.38,UPI,Online,EMP254,0,0,Standard,7,USD
ORD111890,17-09-2024,BR30,India,Pune,CUST1418,PROD645,Tablet,iPad Air,OnePlus,3,261.48,0.05,0.18,879.36,UPI,Online,EMP611,1,0,Express,8,EUR
ORD111891,28-07-2024,BR64,UK,London,CUST3570,PROD678,TV,Sony Bravia 55,Sony,5,1747.97,0.18,0.18,8456.68,Cash,In-Store,EMP981,2,1,Same Day,1,INR
ORD111892,21-12-2024,BR17,UAE,Dubai,CUST5127,PROD443,Laptop,Dell XPS 13,LG,2,1679.15,0.3,0.18,2773.96,UPI,Online,EMP861,3,1,Express,2,EUR
ORD111893,03-03-2024,BR75,UAE,Dubai,CUST4177,PROD745,Laptop,Dell XPS 13,Dell,1,346.06,0.22,0.18,318.51,Debit Card,In-Store,EMP656,1,0,Standard,7,AED
ORD111894,21-06-2024,BR116,India,Bangalore,CUST4565,PROD185,Laptop,Dell XPS 13,HP,3,1351.23,0.08,0.18,4400.69,Net Banking,Online,EMP519,0,1,Standard,4,EUR
ORD111895,24-04-2024,BR81,USA,Dallas,CUST6046,PROD713,Laptop,MacBook Air M2,HP,2,1111.72,0.06,0.18,2466.24,Credit Card,In-Store,EMP426,1,0,Same Day,4,EUR
ORD111896,28-11-2024,BR61,USA,New York,CUST3762,PROD919,Laptop,HP Spectre x360,Apple,4,1570.58,0.04,0.18,7116.61,Credit Card,Online,EMP985,1,1,Same Day,3,USD
ORD111897,26-03-2024,BR46,UAE,Abu Dhabi,CUST3839,PROD884,Tablet,iPad Air,Apple,5,1321.57,0.21,0.18,6159.84,Credit Card,In-Store,EMP864,1,0,Express,7,EUR
ORD111898,06-02-2024,BR61,UK,London,CUST3111,PROD870,Tablet,Lenovo Tab P11,Samsung,3,564.54,0.11,0.18,1778.64,Credit Card,In-Store,EMP213,0,1,Express,6,AED
ORD111899,13-10-2024,BR97,Germany,Munich,CUST5020,PROD465,Accessories,Bluetooth Headphones,Samsung,4,942.38,0.04,0.18,4270.11,Cash,In-Store,EMP249,0,0,Express,7,EUR
ORD111900,19-05-2023,BR81,Germany,Munich,CUST9824,PROD184,Accessories,Wireless Mouse,Samsung,2,322.02,0.21,0.18,600.37,Debit Card,In-Store,EMP528,0,0,Express,9,EUR
ORD111901,12-05-2023,BR23,UAE,Dubai,CUST9812,PROD256,Mobile,iPhone 14,Samsung,2,151.44,0.06,0.18,335.95,UPI,Online,EMP594,1,1,Standard,3,GBP
ORD111902,12-06-2024,BR118,UAE,Dubai,CUST8732,PROD647,Mobile,OnePlus 11,HP,4,902.28,0.2,0.18,3407.01,Cash,Online,EMP879,3,0,Standard,1,USD
ORD111903,21-01-2023,BR34,India,Bangalore,CUST9216,PROD105,Accessories,Keyboard,OnePlus,1,579.83,0.01,0.18,677.36,Cash,Online,EMP802,3,0,Express,5,USD
ORD111904,12-04-2023,BR27,India,Mumbai,CUST1211,PROD671,Mobile,OnePlus 11,Apple,3,1527.91,0.01,0.18,5354.71,Credit Card,In-Store,EMP647,0,0,Standard,3,USD
ORD111905,12-03-2024,BR91,USA,Chicago,CUST2004,PROD699,Accessories,Wireless Mouse,HP,4,605.52,0.12,0.18,2515.09,Debit Card,Online,EMP895,2,1,Standard,10,GBP
ORD111906,16-10-2023,BR50,UK,London,CUST1470,PROD276,Mobile,Samsung Galaxy S23,HP,1,1819.43,0.05,0.18,2039.58,Credit Card,Online,EMP611,1,1,Standard,8,AED
ORD111907,05-04-2023,BR40,UK,Birmingham,CUST3898,PROD873,Laptop,HP Spectre x360,Sony,2,260.75,0.12,0.18,541.53,Net Banking,In-Store,EMP456,3,0,Same Day,1,USD
ORD111908,07-08-2024,BR49,Germany,Munich,CUST1981,PROD820,Tablet,iPad Air,OnePlus,5,1073.29,0.21,0.18,5002.6,Cash,Online,EMP680,1,0,Express,2,AED
ORD111909,15-06-2024,BR50,India,Mumbai,CUST6384,PROD749,TV,LG OLED 48,Apple,4,1524.95,0.24,0.18,5470.3,Net Banking,In-Store,EMP898,2,0,Same Day,3,GBP
ORD111910,08-11-2023,BR12,UK,London,CUST2944,PROD472,Mobile,iPhone 14,Lenovo,3,355.71,0.19,0.18,1019.96,Net Banking,Online,EMP238,2,0,Standard,10,AED
ORD111911,25-06-2023,BR12,USA,New York,CUST7557,PROD228,Laptop,MacBook Air M2,Apple,1,1229.99,0.06,0.18,1364.3,Credit Card,In-Store,EMP680,0,0,Standard,5,AED
ORD111912,09-12-2023,BR61,UAE,Abu Dhabi,CUST1044,PROD109,Tablet,Samsung Galaxy Tab,Samsung,5,352.06,0.07,0.18,1931.75,Cash,In-Store,EMP317,0,1,Express,3,INR
ORD111913,03-10-2023,BR14,India,Mumbai,CUST3786,PROD348,Laptop,MacBook Air M2,OnePlus,3,890.68,0.14,0.18,2711.59,Credit Card,Online,EMP655,3,0,Same Day,7,EUR
ORD111914,26-07-2024,BR115,India,Pune,CUST5721,PROD293,Tablet,Samsung Galaxy Tab,Sony,5,1727.76,0.17,0.18,8460.84,Debit Card,In-Store,EMP590,3,0,Same Day,2,AED
ORD111915,20-03-2024,BR33,Germany,Hamburg,CUST4064,PROD361,TV,LG OLED 48,Samsung,5,1383.96,0.1,0.18,7348.83,Cash,Online,EMP311,0,1,Standard,2,GBP
ORD111916,08-10-2023,BR12,Germany,Munich,CUST7616,PROD341,Tablet,Samsung Galaxy Tab,OnePlus,5,1098.57,0.08,0.18,5963.04,UPI,Online,EMP874,3,1,Standard,9,GBP
ORD111917,13-04-2024,BR96,UK,Birmingham,CUST1038,PROD173,TV,Sony Bravia 55,HP,1,65.37,0.24,0.18,58.62,Credit Card,Online,EMP204,2,1,Express,1,EUR
ORD111918,14-05-2023,BR54,UK,Birmingham,CUST8021,PROD835,Mobile,Samsung Galaxy S23,LG,2,155.75,0.25,0.18,275.68,Cash,In-Store,EMP390,1,1,Standard,4,EUR
ORD111919,23-01-2023,BR76,UAE,Abu Dhabi,CUST4603,PROD651,Accessories,Bluetooth Headphones,Dell,4,883.56,0.06,0.18,3920.18,Debit Card,In-Store,EMP403,0,1,Same Day,1,AED
ORD111920,28-02-2023,BR50,India,Bangalore,CUST1516,PROD937,Tablet,iPad Air,HP,1,728.48,0.25,0.18,644.7,UPI,In-Store,EMP744,0,0,Same Day,2,USD
ORD111921,14-12-2024,BR60,UAE,Dubai,CUST4612,PROD466,Accessories,Keyboard,Samsung,5,472.28,0.26,0.18,2061.97,UPI,In-Store,EMP403,3,0,Express,10,GBP
ORD111922,20-05-2024,BR60,India,Pune,CUST6991,PROD725,Tablet,Samsung Galaxy Tab,Dell,5,1511.86,0.07,0.18,8295.58,Credit Card,Online,EMP747,3,0,Same Day,8,INR
ORD111923,04-03-2024,BR7,Germany,Berlin,CUST1281,PROD956,Laptop,HP Spectre x360,Samsung,1,1292.43,0.21,0.18,1204.8,Net Banking,Online,EMP871,3,1,Same Day,3,AED
ORD111924,15-12-2024,BR16,UK,Manchester,CUST1344,PROD637,Accessories,Bluetooth Headphones,Dell,1,1800.37,0.15,0.18,1805.77,Debit Card,In-Store,EMP225,0,0,Standard,9,USD
ORD111925,18-02-2024,BR29,UK,London,CUST9150,PROD473,Laptop,Dell XPS 13,Sony,4,242.26,0.12,0.18,1006.25,Net Banking,In-Store,EMP871,2,1,Express,5,INR
ORD111926,31-10-2023,BR83,UAE,Abu Dhabi,CUST1522,PROD910,Laptop,MacBook Air M2,HP,5,546.65,0.01,0.18,3192.98,Debit Card,Online,EMP693,3,0,Same Day,1,AED
ORD111927,12-07-2023,BR101,UK,Birmingham,CUST7899,PROD748,Laptop,HP Spectre x360,Sony,3,1283.55,0.03,0.18,4407.45,UPI,In-Store,EMP934,3,1,Standard,1,EUR
ORD111928,23-03-2024,BR24,UK,Birmingham,CUST9002,PROD140,Tablet,Lenovo Tab P11,LG,2,133.78,0.05,0.18,299.93,Credit Card,Online,EMP356,3,1,Same Day,3,EUR
ORD111929,03-11-2023,BR109,USA,New York,CUST8839,PROD998,Laptop,HP Spectre x360,HP,4,947.67,0.26,0.18,3310.02,Net Banking,Online,EMP640,2,1,Same Day,4,EUR
ORD111930,17-10-2024,BR93,India,Delhi,CUST6238,PROD539,Mobile,iPhone 14,Dell,5,1368.19,0.23,0.18,6215.69,Cash,Online,EMP793,3,1,Standard,1,EUR
ORD111931,30-06-2023,BR114,India,Bangalore,CUST9092,PROD226,Laptop,Dell XPS 13,Dell,1,402.96,0.18,0.18,389.9,UPI,In-Store,EMP641,2,0,Express,4,USD
ORD111932,21-03-2023,BR5,UK,Birmingham,CUST3228,PROD967,Tablet,iPad Air,OnePlus,1,232.15,0.17,0.18,227.37,Net Banking,Online,EMP458,1,1,Standard,6,AED
ORD111933,06-04-2024,BR117,India,Delhi,CUST9804,PROD622,TV,Samsung QLED 50,HP,2,116.72,0.12,0.18,242.4,Net Banking,In-Store,EMP213,2,1,Standard,9,INR
ORD111934,20-08-2023,BR11,India,Pune,CUST2910,PROD828,TV,Sony Bravia 55,Lenovo,1,470.14,0,0.18,554.77,Cash,In-Store,EMP297,2,1,Standard,6,USD
ORD111935,17-10-2024,BR84,UK,London,CUST7521,PROD288,Tablet,iPad Air,HP,2,1517.25,0.11,0.18,3186.83,Net Banking,Online,EMP717,2,1,Express,4,USD
ORD111936,02-09-2024,BR2,India,Delhi,CUST5112,PROD963,TV,LG OLED 48,Apple,3,1700.98,0.01,0.18,5961.25,Cash,Online,EMP514,0,1,Express,5,INR
ORD111937,16-07-2024,BR117,UAE,Abu Dhabi,CUST7691,PROD179,TV,LG OLED 48,OnePlus,4,1342.93,0.24,0.18,4817.36,Net Banking,In-Store,EMP325,2,1,Express,4,GBP
ORD111938,22-11-2023,BR46,India,Bangalore,CUST8206,PROD531,Laptop,HP Spectre x360,Lenovo,5,1262.08,0.04,0.18,7148.42,Credit Card,Online,EMP819,0,1,Standard,3,AED
ORD111939,28-06-2023,BR115,Germany,Munich,CUST8467,PROD968,Laptop,MacBook Air M2,LG,4,822.41,0.06,0.18,3648.87,Credit Card,In-Store,EMP663,0,1,Express,8,EUR
ORD111940,02-09-2023,BR39,India,Bangalore,CUST5718,PROD790,Accessories,Keyboard,Samsung,4,1843.17,0.09,0.18,7916.78,Cash,In-Store,EMP558,3,0,Same Day,7,INR
ORD111941,09-07-2023,BR89,India,Bangalore,CUST4560,PROD393,Mobile,Samsung Galaxy S23,OnePlus,4,232.29,0.02,0.18,1074.48,Cash,In-Store,EMP947,3,1,Express,4,INR
ORD111942,30-01-2023,BR84,USA,New York,CUST4450,PROD358,Mobile,OnePlus 11,OnePlus,2,1134.95,0.21,0.18,2116,Net Banking,In-Store,EMP871,3,1,Same Day,4,INR
ORD111943,23-05-2023,BR109,India,Delhi,CUST2905,PROD567,Tablet,Lenovo Tab P11,Dell,1,914.69,0.28,0.18,777.12,UPI,In-Store,EMP946,3,1,Same Day,3,EUR
ORD111944,11-06-2024,BR93,India,Bangalore,CUST8916,PROD190,Laptop,Dell XPS 13,Dell,4,1066.52,0.23,0.18,3876.16,Debit Card,In-Store,EMP249,2,1,Standard,9,AED
ORD111945,05-04-2024,BR10,UK,London,CUST8924,PROD333,Mobile,iPhone 14,Sony,5,305.91,0.21,0.18,1425.85,Debit Card,Online,EMP587,1,1,Express,9,EUR
ORD111946,28-02-2023,BR119,UAE,Abu Dhabi,CUST8239,PROD677,Laptop,HP Spectre x360,Dell,2,344.06,0.02,0.18,795.74,Net Banking,Online,EMP341,0,1,Standard,6,INR
ORD111947,15-01-2024,BR104,Germany,Hamburg,CUST9110,PROD598,TV,Samsung QLED 50,Dell,1,923.77,0.09,0.18,991.94,Credit Card,Online,EMP417,1,1,Same Day,4,USD
ORD111948,27-09-2024,BR60,UK,London,CUST1286,PROD916,Tablet,iPad Air,OnePlus,1,388.57,0.23,0.18,353.05,Debit Card,Online,EMP512,0,1,Same Day,10,GBP
ORD111949,11-11-2023,BR65,USA,New York,CUST2129,PROD597,Accessories,Bluetooth Headphones,HP,1,1454.71,0.14,0.18,1476.24,Debit Card,In-Store,EMP820,3,0,Standard,9,EUR
ORD111950,25-12-2023,BR58,UK,London,CUST7115,PROD111,TV,Samsung QLED 50,Sony,2,304.57,0.22,0.18,560.65,Net Banking,Online,EMP447,2,1,Same Day,2,GBP
ORD111951,27-11-2024,BR60,Germany,Munich,CUST2667,PROD402,Mobile,Samsung Galaxy S23,OnePlus,5,585.26,0.06,0.18,3245.85,Credit Card,In-Store,EMP754,0,1,Standard,8,AED
ORD111952,27-08-2023,BR67,UK,Birmingham,CUST3765,PROD758,TV,Samsung QLED 50,HP,1,1779.53,0.15,0.18,1784.87,Credit Card,In-Store,EMP577,3,1,Same Day,2,AED
ORD111953,13-01-2024,BR110,India,Mumbai,CUST3052,PROD361,Mobile,Samsung Galaxy S23,HP,2,1016.1,0.1,0.18,2158.2,Debit Card,Online,EMP448,0,0,Express,5,USD
ORD111954,29-04-2024,BR97,India,Mumbai,CUST3307,PROD256,TV,LG OLED 48,Lenovo,2,1377.41,0.02,0.18,3185.67,UPI,In-Store,EMP879,2,1,Express,6,AED
ORD111955,29-07-2023,BR45,USA,Los Angeles,CUST2295,PROD436,Mobile,iPhone 14,Lenovo,3,1910.74,0.09,0.18,6155.26,Debit Card,In-Store,EMP787,3,0,Standard,5,AED
ORD111956,22-01-2024,BR85,UAE,Dubai,CUST7309,PROD542,Tablet,Lenovo Tab P11,Sony,2,894.86,0.21,0.18,1668.38,Cash,Online,EMP867,3,0,Express,4,USD
ORD111957,19-02-2024,BR17,UK,Birmingham,CUST8213,PROD758,Tablet,iPad Air,OnePlus,1,317.24,0.05,0.18,355.63,UPI,Online,EMP856,0,0,Express,3,EUR
ORD111958,02-02-2024,BR25,USA,New York,CUST9093,PROD346,TV,Samsung QLED 50,Lenovo,1,374.66,0.09,0.18,402.31,Cash,In-Store,EMP335,0,1,Standard,1,USD
ORD111959,29-04-2023,BR94,UK,Birmingham,CUST7400,PROD437,Mobile,Samsung Galaxy S23,Apple,3,1717.07,0.14,0.18,5227.45,UPI,In-Store,EMP253,2,1,Standard,1,USD
ORD111960,09-12-2024,BR85,UAE,Dubai,CUST4673,PROD145,Accessories,Wireless Mouse,HP,3,509.67,0.14,0.18,1551.64,Debit Card,Online,EMP732,1,0,Same Day,3,AED
ORD111961,26-07-2023,BR118,Germany,Berlin,CUST1008,PROD500,Accessories,Bluetooth Headphones,Apple,3,930.66,0.19,0.18,2668.57,Cash,Online,EMP694,1,0,Standard,10,GBP
ORD111962,30-10-2023,BR64,USA,Chicago,CUST5130,PROD743,TV,Sony Bravia 55,Lenovo,2,1350.88,0.04,0.18,3060.55,Cash,Online,EMP822,2,0,Same Day,4,EUR
ORD111963,17-06-2023,BR92,India,Pune,CUST1588,PROD399,Tablet,iPad Air,Sony,4,169.21,0.04,0.18,766.72,Net Banking,Online,EMP961,1,0,Same Day,6,EUR
ORD111964,28-10-2024,BR94,India,Bangalore,CUST1832,PROD672,Laptop,HP Spectre x360,HP,3,1675.35,0.11,0.18,5278.36,Cash,Online,EMP781,1,0,Express,10,GBP
ORD111965,15-06-2024,BR76,UK,Birmingham,CUST6050,PROD650,Tablet,Lenovo Tab P11,OnePlus,3,466.92,0.18,0.18,1355.38,Credit Card,In-Store,EMP738,0,0,Same Day,7,INR
ORD111966,26-03-2023,BR120,UAE,Dubai,CUST8839,PROD580,Accessories,Wireless Mouse,OnePlus,5,215.27,0,0.18,1270.09,Cash,Online,EMP476,3,0,Express,8,EUR
ORD111967,04-07-2023,BR65,UAE,Abu Dhabi,CUST8536,PROD434,Tablet,iPad Air,Sony,1,819.18,0.03,0.18,937.63,Debit Card,In-Store,EMP936,0,0,Express,2,EUR
ORD111968,06-04-2023,BR28,Germany,Munich,CUST4434,PROD475,Mobile,iPhone 14,Apple,3,297.97,0.02,0.18,1033.72,Cash,Online,EMP519,0,0,Same Day,3,GBP
ORD111969,11-09-2023,BR115,UK,London,CUST2301,PROD776,Laptop,HP Spectre x360,Sony,1,171.54,0.14,0.18,174.08,UPI,In-Store,EMP446,3,0,Same Day,7,INR
ORD111970,01-07-2023,BR75,UAE,Abu Dhabi,CUST4262,PROD146,Accessories,Keyboard,HP,3,1591.08,0.28,0.18,4055.34,Cash,In-Store,EMP847,3,1,Express,9,USD
ORD111971,27-11-2024,BR40,Germany,Hamburg,CUST9496,PROD299,Mobile,Samsung Galaxy S23,HP,5,263.01,0.11,0.18,1381.07,Net Banking,Online,EMP362,3,0,Same Day,9,EUR
ORD111972,30-08-2024,BR46,UK,Manchester,CUST8953,PROD773,Accessories,Bluetooth Headphones,Dell,5,1821.36,0.22,0.18,8381.9,UPI,In-Store,EMP901,0,1,Same Day,10,AED
ORD111973,27-08-2023,BR27,Germany,Berlin,CUST2636,PROD366,Laptop,HP Spectre x360,Apple,5,1701.67,0.02,0.18,9839.06,UPI,In-Store,EMP919,2,1,Same Day,3,AED
ORD111974,24-12-2024,BR4,Germany,Hamburg,CUST6401,PROD852,Laptop,HP Spectre x360,Samsung,2,1932.91,0.29,0.18,3238.78,UPI,In-Store,EMP259,1,1,Express,7,INR
ORD111975,28-03-2023,BR13,UK,London,CUST5085,PROD110,Mobile,iPhone 14,Apple,2,1429.55,0.01,0.18,3340,Net Banking,Online,EMP716,3,1,Same Day,1,EUR
ORD111976,12-01-2024,BR30,UAE,Abu Dhabi,CUST8563,PROD423,Accessories,Wireless Mouse,Apple,2,97.17,0.17,0.18,190.34,UPI,Online,EMP984,3,1,Same Day,4,EUR
ORD111977,03-04-2023,BR58,UK,London,CUST8837,PROD635,Tablet,iPad Air,Lenovo,1,643.45,0.19,0.18,615.01,Cash,Online,EMP371,0,0,Express,8,GBP
ORD111978,16-07-2023,BR111,Germany,Berlin,CUST9059,PROD127,Laptop,Dell XPS 13,LG,4,1814.77,0.22,0.18,6681.26,Net Banking,In-Store,EMP548,2,1,Same Day,7,EUR
ORD111979,05-06-2023,BR24,India,Pune,CUST1200,PROD988,Mobile,iPhone 14,Lenovo,2,1952.57,0.06,0.18,4331.58,Net Banking,Online,EMP921,0,0,Standard,9,AED
ORD111980,03-11-2023,BR118,UK,Manchester,CUST7555,PROD518,Accessories,Wireless Mouse,Sony,1,259.15,0.27,0.18,223.23,Credit Card,Online,EMP547,1,0,Express,6,AED
ORD111981,11-12-2024,BR64,USA,Los Angeles,CUST4465,PROD148,Tablet,Lenovo Tab P11,Dell,1,538.57,0.11,0.18,565.61,Debit Card,In-Store,EMP690,2,1,Standard,7,EUR
ORD111982,03-01-2024,BR42,Germany,Munich,CUST4924,PROD199,Laptop,MacBook Air M2,LG,4,1090.24,0.03,0.18,4991.55,Cash,In-Store,EMP658,1,0,Same Day,7,USD
ORD111983,05-03-2023,BR106,USA,Chicago,CUST3156,PROD242,Mobile,OnePlus 11,HP,4,636.75,0.27,0.18,2193.99,Net Banking,In-Store,EMP961,1,1,Same Day,10,EUR
ORD111984,03-10-2023,BR77,USA,Chicago,CUST4245,PROD209,Accessories,Keyboard,Lenovo,3,1228.28,0.22,0.18,3391.53,UPI,Online,EMP439,2,1,Same Day,5,GBP
ORD111985,21-01-2023,BR110,Germany,Munich,CUST9228,PROD385,Accessories,Wireless Mouse,OnePlus,5,1767,0.01,0.18,10321.05,Cash,In-Store,EMP309,0,0,Same Day,5,EUR
ORD111986,10-05-2023,BR52,UAE,Abu Dhabi,CUST4684,PROD461,Mobile,iPhone 14,Apple,1,1370.93,0.19,0.18,1310.33,Net Banking,Online,EMP400,2,0,Express,1,GBP
ORD111987,17-05-2023,BR76,UK,London,CUST3688,PROD512,Laptop,Dell XPS 13,HP,4,1166.23,0.14,0.18,4733.96,Cash,In-Store,EMP839,2,1,Same Day,4,EUR
ORD111988,15-02-2023,BR9,UAE,Dubai,CUST7564,PROD509,Tablet,Lenovo Tab P11,Samsung,3,899.06,0.16,0.18,2673.44,Cash,In-Store,EMP789,0,0,Standard,1,GBP
ORD111989,17-02-2023,BR78,UK,Birmingham,CUST5299,PROD376,Tablet,Samsung Galaxy Tab,OnePlus,1,497.96,0.1,0.18,528.83,Net Banking,Online,EMP831,3,0,Standard,3,INR
ORD111990,10-08-2024,BR79,India,Pune,CUST8431,PROD193,Tablet,Samsung Galaxy Tab,Lenovo,3,1092.38,0.11,0.18,3441.65,UPI,In-Store,EMP398,3,1,Same Day,1,USD
ORD111991,01-05-2023,BR86,UK,London,CUST1312,PROD304,TV,LG OLED 48,Sony,2,915.46,0.27,0.18,1577.15,UPI,In-Store,EMP986,2,0,Express,8,AED
ORD111992,14-09-2024,BR19,UAE,Dubai,CUST7282,PROD463,TV,Samsung QLED 50,Dell,5,526.15,0.05,0.18,2949.07,UPI,Online,EMP403,1,0,Standard,7,INR
ORD111993,13-04-2024,BR47,Germany,Munich,CUST6049,PROD293,Tablet,Lenovo Tab P11,Samsung,5,1746.56,0.22,0.18,8037.67,Cash,Online,EMP438,3,0,Same Day,8,EUR
ORD111994,21-04-2023,BR29,USA,Chicago,CUST8743,PROD966,TV,Sony Bravia 55,Apple,3,789.41,0.18,0.18,2291.5,Net Banking,Online,EMP598,0,1,Express,7,INR
ORD111995,13-12-2024,BR92,UAE,Dubai,CUST2389,PROD699,TV,LG OLED 48,Dell,5,214.37,0.03,0.18,1226.84,Net Banking,Online,EMP371,0,0,Express,4,INR
ORD111996,04-11-2023,BR26,UAE,Abu Dhabi,CUST7106,PROD624,TV,LG OLED 48,Sony,3,313.63,0.18,0.18,910.41,Net Banking,In-Store,EMP425,1,0,Express,5,INR
ORD111997,27-03-2024,BR53,UAE,Abu Dhabi,CUST8122,PROD633,Accessories,Bluetooth Headphones,Dell,2,720.38,0.27,0.18,1241.07,Debit Card,Online,EMP989,3,1,Same Day,1,GBP
ORD111998,01-06-2024,BR105,Germany,Hamburg,CUST2936,PROD580,Laptop,HP Spectre x360,OnePlus,5,1453.51,0.16,0.18,7203.6,Net Banking,Online,EMP481,1,1,Express,4,EUR
ORD111999,20-09-2023,BR98,Germany,Munich,CUST1802,PROD514,TV,Sony Bravia 55,Apple,5,400.87,0.16,0.18,1986.71,Credit Card,In-Store,EMP228,1,1,Same Day,4,INR
ORD112000,13-12-2023,BR39,UK,Birmingham,CUST4421,PROD717,Tablet,Samsung Galaxy Tab,LG,3,1090.09,0.21,0.18,3048.55,Cash,Online,EMP643,0,1,Express,9,AED
ORD112001,21-06-2023,BR13,UK,Manchester,CUST5591,PROD488,Laptop,Dell XPS 13,LG,5,1105.92,0.29,0.18,4632.7,Net Banking,In-Store,EMP297,1,0,Same Day,3,GBP
ORD112002,17-05-2023,BR51,UAE,Abu Dhabi,CUST1010,PROD461,Laptop,HP Spectre x360,OnePlus,5,531.87,0.06,0.18,2949.75,Cash,In-Store,EMP230,1,1,Same Day,7,GBP
ORD112003,06-03-2024,BR50,UK,Manchester,CUST6070,PROD649,TV,LG OLED 48,LG,3,1471.03,0.07,0.18,4842.92,Debit Card,Online,EMP881,1,1,Same Day,9,GBP
ORD112004,27-02-2023,BR85,India,Bangalore,CUST1109,PROD601,Laptop,HP Spectre x360,Apple,5,335.34,0.26,0.18,1464.09,Credit Card,In-Store,EMP329,2,1,Same Day,4,USD
ORD112005,14-10-2024,BR89,India,Bangalore,CUST3070,PROD150,TV,Sony Bravia 55,OnePlus,3,1513.96,0.3,0.18,3751.59,Debit Card,Online,EMP698,1,0,Standard,3,GBP
ORD112006,18-01-2024,BR66,UAE,Dubai,CUST4190,PROD942,Laptop,MacBook Air M2,Apple,5,1487.39,0.22,0.18,6844.97,Credit Card,Online,EMP205,0,1,Same Day,9,USD
ORD112007,02-01-2024,BR99,Germany,Munich,CUST4181,PROD233,TV,LG OLED 48,LG,4,329.43,0.06,0.18,1461.62,Debit Card,In-Store,EMP377,2,1,Standard,4,AED
ORD112008,14-12-2024,BR8,UK,Manchester,CUST4004,PROD155,TV,Samsung QLED 50,LG,2,1566.11,0.28,0.18,2661.13,Credit Card,In-Store,EMP670,3,1,Standard,3,INR
ORD112009,22-02-2023,BR102,UAE,Abu Dhabi,CUST4843,PROD713,Mobile,Samsung Galaxy S23,Sony,1,1483.28,0.29,0.18,1242.69,Debit Card,In-Store,EMP924,0,0,Same Day,9,GBP
ORD112010,26-03-2024,BR113,Germany,Hamburg,CUST9548,PROD546,Accessories,Wireless Mouse,Sony,1,455.76,0.05,0.18,510.91,Cash,In-Store,EMP469,1,0,Standard,8,USD
ORD112011,22-07-2023,BR35,USA,Chicago,CUST5245,PROD778,Tablet,iPad Air,Dell,4,656.01,0.01,0.18,3065.4,Credit Card,Online,EMP765,3,0,Express,7,USD
ORD112012,26-05-2024,BR68,UAE,Dubai,CUST2667,PROD458,Accessories,Bluetooth Headphones,Sony,4,171.57,0.07,0.18,753.12,UPI,In-Store,EMP631,3,1,Standard,1,USD
ORD112013,05-06-2024,BR34,UK,Birmingham,CUST3986,PROD595,Tablet,Lenovo Tab P11,OnePlus,5,270.94,0.02,0.18,1566.58,Net Banking,Online,EMP669,0,1,Same Day,10,EUR
ORD112014,25-02-2023,BR64,USA,Los Angeles,CUST9623,PROD383,Laptop,HP Spectre x360,Dell,1,144.32,0.13,0.18,148.16,Cash,In-Store,EMP711,2,0,Express,6,USD
ORD112015,06-08-2023,BR88,USA,Dallas,CUST9785,PROD160,Laptop,HP Spectre x360,OnePlus,3,1946.42,0.23,0.18,5305.55,Debit Card,In-Store,EMP227,1,1,Same Day,3,INR
ORD112016,15-08-2023,BR76,UK,Manchester,CUST9235,PROD336,Tablet,Lenovo Tab P11,Sony,4,76.73,0.24,0.18,275.25,Cash,In-Store,EMP608,0,0,Same Day,9,USD
ORD112017,17-01-2023,BR68,India,Bangalore,CUST8701,PROD720,Tablet,iPad Air,Sony,4,1202.31,0.18,0.18,4653.42,Net Banking,In-Store,EMP364,0,0,Express,3,AED
ORD112018,28-10-2024,BR17,UAE,Dubai,CUST5100,PROD121,Tablet,iPad Air,Sony,1,1720.48,0.08,0.18,1867.75,Credit Card,In-Store,EMP443,0,1,Express,6,GBP
ORD112019,19-06-2024,BR31,USA,New York,CUST7994,PROD734,Accessories,Wireless Mouse,HP,3,1320.17,0.18,0.18,3832.19,Cash,Online,EMP623,0,0,Standard,5,AED
ORD112020,27-08-2024,BR87,Germany,Munich,CUST1382,PROD284,Laptop,MacBook Air M2,Apple,2,867.67,0.04,0.18,1965.79,Net Banking,Online,EMP957,0,1,Express,5,EUR
ORD112021,21-02-2023,BR45,USA,Dallas,CUST5957,PROD531,Accessories,Wireless Mouse,Sony,4,1134.95,0.02,0.18,5249.82,Net Banking,Online,EMP798,0,1,Standard,6,EUR
ORD112022,21-01-2023,BR66,UAE,Dubai,CUST4724,PROD796,Tablet,Samsung Galaxy Tab,Lenovo,1,464.07,0.13,0.18,476.41,Net Banking,In-Store,EMP294,2,1,Standard,7,AED
ORD112023,30-03-2024,BR40,USA,New York,CUST5724,PROD617,Accessories,Bluetooth Headphones,HP,2,775.43,0,0.18,1830.01,Cash,Online,EMP554,1,0,Express,1,GBP
ORD112024,18-10-2023,BR80,UAE,Dubai,CUST4496,PROD106,Accessories,Keyboard,Apple,4,1594.34,0.02,0.18,7374.78,Debit Card,Online,EMP831,2,0,Express,5,USD
ORD112025,24-10-2023,BR116,USA,New York,CUST6173,PROD886,Laptop,MacBook Air M2,Sony,5,1800.69,0.2,0.18,8499.26,Cash,In-Store,EMP834,2,1,Express,8,GBP
ORD112026,21-04-2023,BR27,USA,Dallas,CUST4600,PROD925,Accessories,Keyboard,HP,5,1043.46,0.22,0.18,4802,UPI,Online,EMP709,3,0,Express,7,EUR
ORD112027,18-01-2024,BR80,USA,New York,CUST9615,PROD321,Accessories,Bluetooth Headphones,Lenovo,2,157.78,0.22,0.18,290.44,Debit Card,Online,EMP395,3,0,Same Day,5,INR
ORD112028,03-06-2024,BR100,India,Bangalore,CUST1745,PROD684,Tablet,Lenovo Tab P11,OnePlus,3,369.95,0.09,0.18,1191.76,Debit Card,Online,EMP916,0,1,Same Day,5,GBP
ORD112029,02-01-2023,BR114,UK,Birmingham,CUST2826,PROD919,Tablet,Samsung Galaxy Tab,Lenovo,3,481.38,0.14,0.18,1465.51,UPI,Online,EMP959,0,0,Express,10,GBP
ORD112030,02-08-2023,BR62,USA,Chicago,CUST3848,PROD394,Mobile,OnePlus 11,HP,3,1879.33,0.24,0.18,5056.15,Cash,In-Store,EMP846,1,0,Express,8,GBP
ORD112031,20-07-2023,BR21,Germany,Hamburg,CUST2057,PROD132,Tablet,iPad Air,Lenovo,4,137.06,0.28,0.18,465.78,UPI,In-Store,EMP901,1,1,Same Day,9,EUR
ORD112032,07-02-2023,BR28,USA,Chicago,CUST7530,PROD356,TV,Samsung QLED 50,Lenovo,1,197.14,0.08,0.18,214.02,UPI,In-Store,EMP282,3,1,Standard,1,AED
ORD112033,19-05-2024,BR92,USA,New York,CUST1694,PROD357,TV,Sony Bravia 55,Lenovo,1,598.78,0.28,0.18,508.72,Credit Card,Online,EMP983,1,0,Same Day,8,GBP
ORD112034,19-04-2024,BR56,USA,New York,CUST5940,PROD597,Accessories,Wireless Mouse,Sony,2,1958.24,0.15,0.18,3928.23,Credit Card,In-Store,EMP889,2,1,Standard,4,GBP
ORD112035,25-08-2024,BR29,UAE,Abu Dhabi,CUST7343,PROD800,Mobile,Samsung Galaxy S23,LG,4,1540.94,0.29,0.18,5164,Cash,Online,EMP703,3,0,Express,7,EUR
ORD112036,24-01-2024,BR26,UAE,Dubai,CUST8898,PROD266,TV,Samsung QLED 50,Apple,4,1425.85,0.25,0.18,5047.51,Net Banking,In-Store,EMP854,2,1,Same Day,4,USD
ORD112037,05-04-2023,BR65,India,Delhi,CUST3961,PROD840,Tablet,iPad Air,OnePlus,4,1786.64,0.07,0.18,7842.63,UPI,In-Store,EMP714,3,1,Standard,4,INR
ORD112038,24-11-2024,BR25,USA,Los Angeles,CUST5499,PROD893,Accessories,Keyboard,HP,2,560.26,0.06,0.18,1242.88,UPI,In-Store,EMP784,2,1,Standard,2,INR
ORD112039,20-09-2024,BR14,UK,Birmingham,CUST4458,PROD188,Tablet,Lenovo Tab P11,OnePlus,2,145.73,0.19,0.18,278.58,Net Banking,Online,EMP811,0,1,Same Day,7,AED
ORD112040,01-11-2023,BR66,Germany,Munich,CUST7693,PROD869,Laptop,HP Spectre x360,Samsung,5,1355.48,0.23,0.18,6157.95,Cash,Online,EMP416,3,1,Standard,7,AED
ORD112041,23-09-2024,BR80,Germany,Berlin,CUST8198,PROD809,Tablet,Samsung Galaxy Tab,OnePlus,5,1758.24,0.24,0.18,7883.95,Cash,In-Store,EMP419,1,0,Express,2,AED
ORD112042,15-12-2024,BR26,UK,Manchester,CUST7458,PROD436,Mobile,Samsung Galaxy S23,Lenovo,2,1528.68,0.12,0.18,3174.76,Debit Card,Online,EMP457,1,1,Same Day,5,GBP
ORD112043,23-02-2024,BR12,UAE,Dubai,CUST2298,PROD528,Tablet,Samsung Galaxy Tab,LG,3,1769.49,0.13,0.18,5449.68,UPI,Online,EMP567,2,0,Standard,10,EUR
ORD112044,17-06-2024,BR27,India,Delhi,CUST1958,PROD463,Mobile,OnePlus 11,Apple,4,79.01,0.29,0.18,264.78,Credit Card,Online,EMP749,2,0,Express,7,AED
ORD112045,12-07-2023,BR94,USA,Dallas,CUST7806,PROD658,Tablet,Samsung Galaxy Tab,OnePlus,1,281.09,0.3,0.18,232.18,Cash,Online,EMP647,0,1,Express,6,EUR
ORD112046,23-10-2023,BR17,India,Pune,CUST9793,PROD563,Laptop,Dell XPS 13,OnePlus,3,1466.02,0.14,0.18,4463.15,Credit Card,In-Store,EMP611,0,0,Same Day,7,USD
ORD112047,16-05-2024,BR83,UK,Manchester,CUST2071,PROD510,Tablet,Lenovo Tab P11,Sony,3,1225.9,0.27,0.18,3167.97,Debit Card,Online,EMP891,0,0,Standard,6,USD
ORD112048,21-08-2023,BR92,Germany,Berlin,CUST2206,PROD634,Laptop,Dell XPS 13,LG,2,1850.33,0.28,0.18,3144.08,UPI,Online,EMP945,1,0,Standard,9,AED
ORD112049,05-07-2024,BR80,India,Delhi,CUST2191,PROD572,TV,LG OLED 48,Sony,1,217.72,0.1,0.18,231.22,UPI,In-Store,EMP914,2,1,Express,7,USD
ORD112050,25-07-2023,BR120,India,Mumbai,CUST7910,PROD459,Accessories,Wireless Mouse,OnePlus,3,1234.54,0.3,0.18,3059.19,Net Banking,Online,EMP888,0,1,Standard,1,AED
ORD112051,01-03-2023,BR114,UAE,Dubai,CUST2488,PROD895,Laptop,Dell XPS 13,Sony,2,1372.84,0.3,0.18,2267.93,Credit Card,Online,EMP205,3,0,Express,7,GBP
ORD112052,21-11-2024,BR43,Germany,Berlin,CUST7355,PROD405,Accessories,Wireless Mouse,Apple,4,419.87,0.04,0.18,1902.51,Credit Card,In-Store,EMP263,3,0,Same Day,8,EUR
ORD112053,11-11-2024,BR59,India,Mumbai,CUST8607,PROD934,Accessories,Bluetooth Headphones,OnePlus,5,973.91,0.28,0.18,4137.17,Debit Card,Online,EMP754,0,0,Same Day,5,AED
ORD112054,11-02-2024,BR93,USA,Los Angeles,CUST5569,PROD986,Laptop,HP Spectre x360,HP,4,1284.08,0.12,0.18,5333.55,Net Banking,In-Store,EMP592,1,0,Same Day,3,AED
ORD112055,10-04-2024,BR78,USA,New York,CUST3786,PROD985,Laptop,MacBook Air M2,Apple,1,510.77,0.2,0.18,482.17,Debit Card,In-Store,EMP540,1,1,Same Day,3,GBP
ORD112056,14-07-2023,BR114,UAE,Dubai,CUST6816,PROD757,Accessories,Wireless Mouse,Samsung,1,728.85,0.01,0.18,851.44,Cash,Online,EMP446,0,1,Express,9,AED
ORD112057,30-01-2024,BR106,UAE,Dubai,CUST6392,PROD968,Accessories,Keyboard,Samsung,1,1882.27,0.12,0.18,1954.55,Credit Card,In-Store,EMP716,1,1,Same Day,10,INR
ORD112058,08-05-2023,BR14,UAE,Dubai,CUST9425,PROD468,Accessories,Keyboard,OnePlus,1,650.73,0.13,0.18,668.04,Cash,Online,EMP578,0,0,Standard,10,AED
ORD112059,18-04-2024,BR8,USA,Dallas,CUST6906,PROD550,Mobile,OnePlus 11,Dell,5,1022.2,0.27,0.18,4402.62,Debit Card,In-Store,EMP823,3,0,Express,6,INR
ORD112060,22-01-2023,BR51,UAE,Dubai,CUST1390,PROD747,Mobile,OnePlus 11,Dell,4,1874.52,0.03,0.18,8582.3,Net Banking,In-Store,EMP995,0,1,Same Day,9,EUR
ORD112061,11-01-2023,BR52,UAE,Abu Dhabi,CUST5476,PROD102,TV,Sony Bravia 55,Apple,5,772.79,0.17,0.18,3784.35,UPI,Online,EMP306,2,0,Express,8,INR
ORD112062,06-08-2024,BR73,Germany,Munich,CUST5662,PROD126,TV,Samsung QLED 50,HP,2,1337.79,0.14,0.18,2715.18,Cash,Online,EMP434,0,1,Express,9,AED
ORD112063,28-11-2023,BR76,USA,Chicago,CUST9419,PROD313,TV,LG OLED 48,OnePlus,1,460.44,0.01,0.18,537.89,Debit Card,Online,EMP924,1,0,Express,7,USD
ORD112064,15-09-2024,BR4,UK,London,CUST5542,PROD264,Tablet,Lenovo Tab P11,Sony,3,1909.63,0.24,0.18,5137.67,Debit Card,In-Store,EMP390,3,1,Same Day,1,USD
ORD112065,28-06-2024,BR96,USA,New York,CUST9818,PROD701,Tablet,Lenovo Tab P11,Sony,1,1490.46,0.2,0.18,1406.99,Net Banking,Online,EMP230,2,1,Same Day,3,GBP
ORD112066,26-07-2023,BR69,UK,London,CUST2315,PROD673,Laptop,Dell XPS 13,LG,3,672.16,0.29,0.18,1689.41,Debit Card,In-Store,EMP381,2,1,Same Day,7,GBP
ORD112067,12-08-2023,BR54,USA,Dallas,CUST1586,PROD675,Tablet,iPad Air,HP,5,789.45,0.27,0.18,3400.16,Debit Card,In-Store,EMP551,3,1,Same Day,3,USD
ORD112068,09-02-2023,BR51,USA,Chicago,CUST6850,PROD574,Accessories,Wireless Mouse,HP,1,660.94,0.11,0.18,694.12,Net Banking,Online,EMP844,3,1,Same Day,2,INR
ORD112069,01-07-2024,BR116,UK,Birmingham,CUST7246,PROD369,Accessories,Wireless Mouse,Sony,2,1863.54,0.17,0.18,3650.3,Cash,In-Store,EMP670,1,0,Same Day,6,INR
ORD112070,25-08-2024,BR120,Germany,Hamburg,CUST7925,PROD348,Laptop,Dell XPS 13,Samsung,2,661.29,0.17,0.18,1295.33,Cash,In-Store,EMP405,2,1,Express,7,EUR
ORD112071,24-09-2023,BR97,India,Delhi,CUST9814,PROD391,Mobile,OnePlus 11,Sony,1,1549.64,0.24,0.18,1389.72,Net Banking,In-Store,EMP301,1,0,Standard,10,GBP
ORD112072,30-09-2023,BR14,Germany,Hamburg,CUST3916,PROD164,Mobile,iPhone 14,Samsung,5,1956.16,0.11,0.18,10271.8,Credit Card,Online,EMP619,0,0,Same Day,8,INR
ORD112073,08-01-2023,BR34,UAE,Abu Dhabi,CUST5481,PROD492,Mobile,Samsung Galaxy S23,Sony,3,987.77,0.03,0.18,3391.8,Cash,In-Store,EMP901,2,0,Same Day,5,INR
ORD112074,21-04-2024,BR29,Germany,Berlin,CUST8773,PROD106,Accessories,Bluetooth Headphones,LG,3,1794.29,0.25,0.18,4763.84,Debit Card,Online,EMP535,1,0,Express,8,GBP
ORD112075,09-01-2023,BR1,USA,Chicago,CUST8823,PROD637,Tablet,Lenovo Tab P11,Sony,1,233.31,0.11,0.18,245.02,Debit Card,In-Store,EMP250,2,1,Standard,1,AED
ORD112076,23-09-2023,BR19,Germany,Berlin,CUST8050,PROD314,Laptop,HP Spectre x360,Lenovo,2,484.6,0.05,0.18,1086.47,Cash,Online,EMP940,1,0,Same Day,5,EUR
ORD112077,27-01-2023,BR4,India,Mumbai,CUST2636,PROD501,Tablet,Lenovo Tab P11,HP,3,1606.87,0.1,0.18,5119.49,Debit Card,Online,EMP430,2,0,Express,8,EUR
ORD112078,16-11-2023,BR101,Germany,Munich,CUST1912,PROD383,Tablet,iPad Air,Apple,3,1090.27,0.21,0.18,3049.05,UPI,In-Store,EMP216,2,1,Same Day,2,AED
ORD112079,25-10-2023,BR23,Germany,Munich,CUST6802,PROD463,Accessories,Bluetooth Headphones,HP,2,683.42,0.18,0.18,1322.55,Credit Card,Online,EMP455,1,0,Standard,10,GBP
ORD112080,13-04-2023,BR11,UAE,Dubai,CUST3243,PROD169,Mobile,iPhone 14,OnePlus,4,626.03,0.01,0.18,2925.31,Net Banking,In-Store,EMP660,1,1,Express,9,GBP
ORD112081,09-09-2023,BR12,USA,Chicago,CUST7833,PROD134,Accessories,Keyboard,OnePlus,1,261.31,0.18,0.18,252.84,UPI,Online,EMP297,0,0,Same Day,4,EUR
ORD112082,03-01-2024,BR62,India,Delhi,CUST1727,PROD354,Accessories,Bluetooth Headphones,HP,3,718.05,0.23,0.18,1957.26,Cash,Online,EMP528,2,0,Express,1,USD
ORD112083,10-08-2023,BR103,India,Pune,CUST9610,PROD197,Accessories,Bluetooth Headphones,Dell,3,1963.37,0.27,0.18,5073.74,UPI,In-Store,EMP958,1,1,Express,6,AED
ORD112084,30-08-2023,BR17,USA,Dallas,CUST1884,PROD410,TV,Sony Bravia 55,Samsung,1,604.14,0.11,0.18,634.47,Cash,Online,EMP573,2,0,Same Day,8,GBP
ORD112085,21-02-2023,BR56,UAE,Abu Dhabi,CUST3178,PROD773,TV,Sony Bravia 55,Apple,1,1745.49,0.15,0.18,1750.73,Credit Card,In-Store,EMP702,2,0,Same Day,7,EUR
ORD112086,15-10-2024,BR21,USA,Los Angeles,CUST4050,PROD491,Tablet,iPad Air,Dell,5,988.24,0.01,0.18,5772.31,UPI,Online,EMP451,1,0,Express,5,GBP
ORD112087,22-12-2023,BR102,USA,New York,CUST4269,PROD971,Accessories,Wireless Mouse,OnePlus,5,1386.82,0.11,0.18,7282.19,Net Banking,In-Store,EMP701,2,0,Standard,4,EUR
ORD112088,29-12-2024,BR13,India,Mumbai,CUST7549,PROD609,Tablet,Lenovo Tab P11,LG,4,1565.5,0.07,0.18,6871.92,Net Banking,Online,EMP825,0,1,Standard,1,AED
ORD112089,15-08-2023,BR61,India,Mumbai,CUST7300,PROD640,Accessories,Wireless Mouse,Lenovo,1,697.47,0.09,0.18,748.94,UPI,In-Store,EMP274,1,1,Express,3,USD
ORD112090,25-12-2024,BR27,India,Bangalore,CUST7918,PROD118,Laptop,HP Spectre x360,HP,5,138.09,0.01,0.18,806.58,Debit Card,In-Store,EMP393,1,0,Standard,1,GBP
ORD112091,25-08-2023,BR92,UK,Manchester,CUST6846,PROD106,TV,Sony Bravia 55,Samsung,2,913.46,0.1,0.18,1940.19,Debit Card,In-Store,EMP359,2,0,Same Day,5,GBP
ORD112092,16-10-2024,BR37,India,Bangalore,CUST8618,PROD913,Accessories,Wireless Mouse,Dell,2,1531.24,0.14,0.18,3107.8,Debit Card,In-Store,EMP736,0,0,Same Day,4,USD
ORD112093,21-04-2023,BR16,India,Bangalore,CUST7076,PROD363,Accessories,Wireless Mouse,Lenovo,2,1886.01,0.22,0.18,3471.77,UPI,Online,EMP245,0,1,Standard,9,EUR
ORD112094,10-08-2024,BR115,Germany,Berlin,CUST3174,PROD103,Tablet,Lenovo Tab P11,Sony,5,109.47,0.14,0.18,555.45,Net Banking,In-Store,EMP581,1,1,Same Day,7,GBP
ORD112095,14-09-2024,BR68,UK,Birmingham,CUST3141,PROD869,Laptop,Dell XPS 13,Sony,1,1353.6,0.21,0.18,1261.83,UPI,In-Store,EMP932,2,1,Standard,1,EUR
ORD112096,04-10-2023,BR7,USA,Chicago,CUST8487,PROD517,Laptop,Dell XPS 13,Sony,4,1824.01,0.16,0.18,7231.83,Debit Card,Online,EMP787,0,0,Standard,8,EUR
ORD112097,18-10-2023,BR51,USA,New York,CUST4943,PROD249,Accessories,Bluetooth Headphones,HP,4,1114.36,0.09,0.18,4786.4,Credit Card,In-Store,EMP391,2,0,Standard,3,USD
ORD112098,01-01-2024,BR91,UAE,Dubai,CUST9769,PROD667,TV,Samsung QLED 50,Samsung,4,1688.55,0.1,0.18,7172.96,Net Banking,In-Store,EMP604,3,0,Standard,10,AED
ORD112099,05-09-2024,BR27,USA,New York,CUST5552,PROD519,Laptop,HP Spectre x360,Sony,3,1972.73,0.05,0.18,6634.29,Credit Card,In-Store,EMP622,3,1,Express,4,INR
ORD112100,15-09-2023,BR22,India,Delhi,CUST3288,PROD364,Tablet,iPad Air,Apple,3,375.55,0.14,0.18,1143.32,Credit Card,Online,EMP986,3,0,Same Day,5,EUR
ORD112101,12-09-2023,BR59,India,Mumbai,CUST1506,PROD970,Accessories,Bluetooth Headphones,Samsung,5,1529.58,0.17,0.18,7490.35,Net Banking,In-Store,EMP592,2,1,Same Day,8,INR
ORD112102,14-02-2023,BR116,UAE,Abu Dhabi,CUST7230,PROD391,Tablet,Samsung Galaxy Tab,Apple,2,368.68,0.15,0.18,739.57,UPI,In-Store,EMP825,1,1,Standard,2,INR
ORD112103,18-02-2023,BR92,India,Delhi,CUST6835,PROD635,TV,Sony Bravia 55,Apple,4,1173.65,0.16,0.18,4653.29,Credit Card,In-Store,EMP462,2,0,Same Day,5,GBP
ORD112104,24-01-2023,BR12,UAE,Abu Dhabi,CUST2638,PROD993,Accessories,Bluetooth Headphones,Samsung,4,791.96,0.23,0.18,2878.3,Cash,In-Store,EMP992,3,1,Standard,4,AED
ORD112105,03-11-2024,BR56,UK,Manchester,CUST8337,PROD221,Tablet,Lenovo Tab P11,Samsung,1,375.75,0.21,0.18,350.27,UPI,Online,EMP943,1,0,Same Day,2,AED
ORD112106,06-10-2023,BR71,Germany,Berlin,CUST4613,PROD329,TV,Samsung QLED 50,LG,3,632.76,0,0.18,2239.97,Credit Card,Online,EMP205,0,0,Express,9,USD
ORD112107,27-12-2023,BR21,India,Delhi,CUST9281,PROD361,Laptop,HP Spectre x360,Sony,4,361.33,0.16,0.18,1432.6,Debit Card,In-Store,EMP326,3,1,Same Day,9,INR
ORD112108,15-07-2024,BR18,Germany,Berlin,CUST2210,PROD564,Mobile,Samsung Galaxy S23,Samsung,4,1829.65,0.21,0.18,6822.4,Credit Card,Online,EMP362,0,0,Same Day,2,EUR
ORD112109,25-09-2023,BR117,UAE,Abu Dhabi,CUST2279,PROD664,TV,Sony Bravia 55,Sony,2,551.45,0.04,0.18,1249.37,UPI,Online,EMP862,1,0,Same Day,5,EUR
ORD112110,04-03-2024,BR72,USA,Chicago,CUST3019,PROD331,Tablet,iPad Air,LG,3,599.71,0.19,0.18,1719.61,Credit Card,Online,EMP447,3,0,Express,9,EUR
ORD112111,03-03-2023,BR93,USA,Chicago,CUST1877,PROD562,Tablet,iPad Air,Apple,1,493.36,0.18,0.18,477.38,Debit Card,Online,EMP708,3,1,Standard,8,INR
ORD112112,22-12-2023,BR57,India,Delhi,CUST7450,PROD139,Tablet,iPad Air,Sony,3,113.05,0.07,0.18,372.18,UPI,In-Store,EMP742,3,1,Express,10,INR
ORD112113,17-06-2023,BR73,Germany,Hamburg,CUST4986,PROD422,Accessories,Wireless Mouse,Dell,5,1966.17,0.11,0.18,10324.36,Cash,Online,EMP337,0,0,Same Day,3,INR
ORD112114,13-04-2023,BR50,UAE,Dubai,CUST3742,PROD908,Tablet,iPad Air,HP,1,1810.5,0.25,0.18,1602.29,Debit Card,In-Store,EMP422,1,1,Standard,4,AED
ORD112115,11-10-2023,BR110,Germany,Berlin,CUST1767,PROD530,Accessories,Keyboard,LG,2,524.42,0.27,0.18,903.47,Cash,Online,EMP945,2,1,Express,3,USD
ORD112116,02-09-2024,BR20,UK,London,CUST3687,PROD825,Tablet,Samsung Galaxy Tab,Lenovo,2,1974.65,0.27,0.18,3401.93,UPI,Online,EMP316,1,1,Express,7,AED
ORD112117,07-01-2024,BR108,India,Pune,CUST3202,PROD334,Laptop,MacBook Air M2,Apple,2,1687.72,0.06,0.18,3744.04,Credit Card,In-Store,EMP910,2,1,Same Day,10,GBP
ORD112118,08-06-2023,BR105,USA,Chicago,CUST5798,PROD920,TV,LG OLED 48,Apple,1,725,0.11,0.18,761.39,UPI,In-Store,EMP542,3,1,Express,10,USD
ORD112119,08-09-2024,BR59,USA,New York,CUST8789,PROD140,Mobile,Samsung Galaxy S23,Sony,3,513.07,0.27,0.18,1325.88,Credit Card,Online,EMP925,1,1,Same Day,3,EUR
ORD112120,11-12-2023,BR120,USA,Dallas,CUST4440,PROD978,TV,Sony Bravia 55,LG,5,974.82,0.22,0.18,4486.12,Cash,In-Store,EMP317,0,0,Express,9,INR
ORD112121,25-08-2024,BR119,UAE,Dubai,CUST6670,PROD197,Accessories,Bluetooth Headphones,Dell,1,1806.81,0.02,0.18,2089.4,UPI,In-Store,EMP450,3,1,Express,8,EUR
ORD112122,24-05-2023,BR108,India,Bangalore,CUST1874,PROD596,Tablet,Samsung Galaxy Tab,Sony,2,100.62,0.27,0.18,173.35,UPI,Online,EMP396,2,1,Same Day,8,AED
ORD112123,09-11-2023,BR76,India,Bangalore,CUST2068,PROD637,Accessories,Keyboard,Samsung,5,1121.98,0.25,0.18,4964.76,Cash,Online,EMP901,1,1,Same Day,5,AED
ORD112124,11-09-2024,BR91,Germany,Hamburg,CUST5299,PROD686,Laptop,Dell XPS 13,Lenovo,1,745.24,0.05,0.18,835.41,Credit Card,Online,EMP323,2,0,Express,9,USD
ORD112125,10-09-2023,BR13,USA,Dallas,CUST6366,PROD899,Laptop,Dell XPS 13,LG,2,255.48,0.18,0.18,494.4,Cash,In-Store,EMP383,3,1,Standard,6,GBP
ORD112126,11-04-2024,BR71,UK,Birmingham,CUST7361,PROD210,Tablet,Samsung Galaxy Tab,Samsung,4,74.58,0.16,0.18,295.69,Net Banking,Online,EMP925,1,0,Standard,8,EUR
ORD112127,01-06-2024,BR74,USA,Los Angeles,CUST4267,PROD922,Accessories,Bluetooth Headphones,Apple,4,416.16,0.21,0.18,1551.78,Net Banking,In-Store,EMP727,1,1,Same Day,1,EUR
ORD112128,01-12-2023,BR19,India,Pune,CUST7506,PROD509,Laptop,MacBook Air M2,Apple,1,1953.84,0.06,0.18,2167.2,Net Banking,In-Store,EMP589,1,1,Standard,3,USD
ORD112129,14-12-2024,BR45,UK,Manchester,CUST5030,PROD482,Laptop,HP Spectre x360,LG,5,787.6,0.19,0.18,3763.94,Debit Card,Online,EMP293,1,1,Same Day,5,EUR
ORD112130,17-08-2023,BR42,USA,Dallas,CUST5572,PROD925,Accessories,Bluetooth Headphones,Samsung,2,953.16,0.02,0.18,2204.47,Credit Card,Online,EMP707,3,1,Same Day,4,USD
ORD112131,19-02-2023,BR65,Germany,Berlin,CUST4890,PROD443,Accessories,Bluetooth Headphones,Apple,2,358.17,0.08,0.18,777.66,Debit Card,In-Store,EMP415,0,1,Standard,10,USD
ORD112132,10-04-2024,BR113,Germany,Hamburg,CUST1081,PROD907,Laptop,MacBook Air M2,Lenovo,4,1836.59,0.19,0.18,7021.65,Net Banking,Online,EMP855,0,1,Express,5,AED
ORD112133,17-07-2024,BR82,UK,Birmingham,CUST5281,PROD403,Tablet,Lenovo Tab P11,OnePlus,5,707.55,0.11,0.18,3715.35,Net Banking,In-Store,EMP783,2,1,Standard,3,INR
ORD112134,08-10-2023,BR50,UAE,Abu Dhabi,CUST5075,PROD939,Tablet,Lenovo Tab P11,LG,5,996.02,0.16,0.18,4936.28,UPI,In-Store,EMP659,1,0,Express,2,EUR
ORD112135,30-08-2024,BR64,UAE,Abu Dhabi,CUST3344,PROD949,Tablet,Samsung Galaxy Tab,Samsung,5,317.58,0.04,0.18,1798.77,Net Banking,In-Store,EMP670,2,1,Standard,2,USD
ORD112136,17-08-2023,BR42,USA,Los Angeles,CUST9273,PROD396,Mobile,OnePlus 11,Apple,4,971.04,0.13,0.18,3987.48,UPI,Online,EMP917,1,1,Standard,5,AED
ORD112137,17-11-2024,BR57,UK,London,CUST9120,PROD482,Laptop,Dell XPS 13,Sony,1,1721.03,0.02,0.18,1990.2,Debit Card,Online,EMP475,0,1,Express,9,AED
ORD112138,18-06-2024,BR112,Germany,Munich,CUST3819,PROD992,Laptop,Dell XPS 13,Lenovo,2,515.41,0.16,0.18,1021.75,Debit Card,In-Store,EMP752,3,0,Express,1,AED
ORD112139,12-06-2024,BR35,India,Pune,CUST8132,PROD666,Laptop,HP Spectre x360,Dell,4,477.97,0.19,0.18,1827.37,Debit Card,In-Store,EMP797,1,0,Same Day,6,AED
ORD112140,30-09-2023,BR102,UAE,Abu Dhabi,CUST8053,PROD312,Accessories,Keyboard,OnePlus,2,1749.35,0.18,0.18,3385.34,UPI,Online,EMP990,3,0,Same Day,1,EUR
ORD112141,26-06-2023,BR79,Germany,Hamburg,CUST6882,PROD947,Mobile,OnePlus 11,Apple,4,319.34,0.18,0.18,1235.97,UPI,Online,EMP865,2,0,Express,2,INR
ORD112142,28-12-2024,BR112,India,Pune,CUST2869,PROD679,Laptop,MacBook Air M2,OnePlus,2,1371.07,0.25,0.18,2426.79,UPI,Online,EMP408,3,1,Standard,9,INR
ORD112143,10-08-2023,BR10,India,Mumbai,CUST3638,PROD802,Tablet,Lenovo Tab P11,Dell,4,129.94,0.06,0.18,576.52,Cash,In-Store,EMP307,2,0,Standard,2,USD
ORD112144,26-08-2023,BR44,USA,Dallas,CUST8058,PROD795,TV,Sony Bravia 55,OnePlus,3,1134.73,0.23,0.18,3093.05,UPI,Online,EMP671,2,1,Standard,3,AED
ORD112145,26-10-2024,BR9,Germany,Berlin,CUST5207,PROD136,TV,Samsung QLED 50,Lenovo,5,1155.53,0.16,0.18,5726.81,Net Banking,In-Store,EMP458,0,1,Express,9,EUR
ORD112146,21-10-2023,BR19,USA,Dallas,CUST7557,PROD218,Mobile,iPhone 14,HP,3,1773.77,0.08,0.18,5776.81,Net Banking,Online,EMP971,2,0,Express,1,INR
ORD112147,29-03-2023,BR33,USA,Los Angeles,CUST2137,PROD622,Mobile,Samsung Galaxy S23,HP,3,1247.52,0.1,0.18,3974.6,Debit Card,In-Store,EMP623,3,1,Standard,10,USD
ORD112148,30-12-2023,BR116,USA,Los Angeles,CUST5796,PROD260,Accessories,Bluetooth Headphones,Samsung,1,1570.89,0.09,0.18,1686.82,Debit Card,Online,EMP986,2,1,Express,3,INR
ORD112149,13-05-2023,BR26,UAE,Dubai,CUST9475,PROD937,Accessories,Keyboard,Samsung,1,1974.65,0.26,0.18,1724.26,Debit Card,In-Store,EMP370,1,1,Express,4,INR
ORD112150,24-10-2024,BR87,USA,Dallas,CUST6412,PROD244,Tablet,Samsung Galaxy Tab,Lenovo,1,1212.2,0.08,0.18,1315.96,Debit Card,In-Store,EMP420,3,0,Express,2,INR
ORD112151,13-07-2024,BR32,UK,London,CUST9626,PROD981,Tablet,Lenovo Tab P11,OnePlus,3,1472.85,0.25,0.18,3910.42,UPI,In-Store,EMP649,2,1,Express,2,INR
ORD112152,18-10-2023,BR75,USA,Dallas,CUST5134,PROD415,Laptop,MacBook Air M2,OnePlus,2,103.09,0.25,0.18,182.47,Net Banking,In-Store,EMP423,1,0,Standard,10,AED
ORD112153,18-06-2024,BR53,Germany,Berlin,CUST4604,PROD310,Mobile,OnePlus 11,HP,3,366.89,0.1,0.18,1168.91,Cash,In-Store,EMP258,0,1,Same Day,5,INR
ORD112154,30-08-2023,BR53,India,Pune,CUST7866,PROD889,Laptop,MacBook Air M2,Dell,1,725.08,0.28,0.18,616.03,Debit Card,Online,EMP739,0,1,Standard,4,GBP
ORD112155,27-02-2024,BR71,USA,New York,CUST2884,PROD819,Laptop,MacBook Air M2,Apple,1,322.74,0.28,0.18,274.2,Net Banking,In-Store,EMP365,1,1,Standard,1,INR
ORD112156,26-07-2024,BR44,UK,Manchester,CUST8522,PROD670,Laptop,Dell XPS 13,Lenovo,1,1930.93,0.07,0.18,2119,Debit Card,In-Store,EMP645,0,0,Same Day,8,USD
ORD112157,17-11-2023,BR21,India,Pune,CUST7309,PROD454,Tablet,iPad Air,LG,2,1820.93,0.19,0.18,3480.89,Credit Card,Online,EMP671,1,0,Express,5,GBP
ORD112158,11-05-2024,BR101,USA,New York,CUST9667,PROD351,Mobile,OnePlus 11,Sony,1,300.86,0.09,0.18,323.06,Debit Card,Online,EMP369,1,1,Same Day,9,INR
ORD112159,23-05-2023,BR65,Germany,Munich,CUST3490,PROD575,Laptop,Dell XPS 13,Apple,2,489.93,0.29,0.18,820.93,Debit Card,In-Store,EMP702,1,0,Standard,1,USD
ORD112160,13-11-2023,BR79,India,Mumbai,CUST2664,PROD189,TV,Samsung QLED 50,Samsung,4,691.61,0.15,0.18,2774.74,Debit Card,Online,EMP497,0,1,Express,2,USD
ORD112161,18-07-2023,BR64,UAE,Dubai,CUST1871,PROD635,Mobile,OnePlus 11,LG,2,173.79,0.27,0.18,299.41,Cash,Online,EMP937,2,1,Standard,10,INR
ORD112162,03-12-2024,BR44,USA,Dallas,CUST3801,PROD413,Accessories,Keyboard,Samsung,4,180.78,0.11,0.18,759.42,UPI,In-Store,EMP853,3,0,Express,7,AED
ORD112163,17-12-2023,BR94,UAE,Dubai,CUST6362,PROD602,Tablet,iPad Air,Apple,3,801.63,0.22,0.18,2213.46,Credit Card,In-Store,EMP256,0,1,Express,6,EUR
ORD112164,02-05-2024,BR67,India,Bangalore,CUST9328,PROD509,Tablet,Samsung Galaxy Tab,LG,1,1844.11,0.28,0.18,1566.76,Credit Card,In-Store,EMP670,1,1,Same Day,5,EUR
ORD112165,02-02-2023,BR76,UAE,Abu Dhabi,CUST4780,PROD590,Laptop,HP Spectre x360,Sony,5,687.02,0.09,0.18,3688.61,Cash,In-Store,EMP632,1,0,Same Day,6,AED
ORD112166,30-11-2024,BR73,Germany,Hamburg,CUST2443,PROD776,TV,LG OLED 48,OnePlus,5,731.13,0.15,0.18,3666.62,Cash,In-Store,EMP265,0,0,Same Day,8,EUR
ORD112167,25-04-2023,BR16,Germany,Munich,CUST8927,PROD324,Laptop,MacBook Air M2,HP,1,259.68,0.07,0.18,284.97,Debit Card,In-Store,EMP702,0,0,Standard,5,USD
ORD112168,19-05-2024,BR49,UK,London,CUST1041,PROD555,Mobile,iPhone 14,Apple,1,1302.87,0.09,0.18,1399.02,Debit Card,Online,EMP419,0,1,Same Day,9,GBP
ORD112169,01-07-2023,BR45,Germany,Hamburg,CUST9327,PROD785,Tablet,Samsung Galaxy Tab,LG,4,133.86,0.16,0.18,530.73,Cash,Online,EMP544,1,1,Same Day,8,EUR
ORD112170,18-02-2023,BR79,USA,Los Angeles,CUST3166,PROD409,Tablet,Lenovo Tab P11,Apple,2,566.54,0.18,0.18,1096.37,Debit Card,Online,EMP726,0,1,Express,9,USD
ORD112171,21-01-2023,BR51,India,Mumbai,CUST8793,PROD935,Laptop,HP Spectre x360,Lenovo,3,409.2,0.19,0.18,1173.34,Credit Card,Online,EMP355,0,1,Standard,7,AED
ORD112172,08-06-2023,BR7,India,Pune,CUST2576,PROD472,Mobile,iPhone 14,Dell,2,1848.63,0.05,0.18,4144.63,Net Banking,In-Store,EMP418,1,1,Same Day,6,AED
ORD112173,25-03-2024,BR88,UK,London,CUST4860,PROD888,Tablet,iPad Air,HP,4,212.68,0.24,0.18,762.93,Cash,Online,EMP746,1,1,Same Day,4,AED
ORD112174,25-02-2024,BR55,India,Mumbai,CUST2531,PROD361,Accessories,Keyboard,Dell,4,178.3,0.21,0.18,664.85,Cash,Online,EMP349,1,0,Standard,10,AED
ORD112175,12-12-2023,BR35,UK,London,CUST4197,PROD162,TV,Samsung QLED 50,Apple,4,928.41,0.17,0.18,3637.14,Net Banking,In-Store,EMP347,0,1,Same Day,8,GBP
ORD112176,11-11-2024,BR105,UK,Birmingham,CUST9905,PROD128,Accessories,Keyboard,HP,4,1520.31,0.19,0.18,5812.45,Cash,In-Store,EMP786,1,1,Standard,6,AED
ORD112177,03-08-2024,BR72,UAE,Abu Dhabi,CUST2662,PROD857,Tablet,iPad Air,Lenovo,2,993.15,0.12,0.18,2062.57,Cash,Online,EMP553,2,0,Standard,4,GBP
ORD112178,13-12-2023,BR7,UK,Birmingham,CUST1953,PROD431,Accessories,Bluetooth Headphones,HP,5,414.62,0.1,0.18,2201.63,Cash,In-Store,EMP468,3,1,Express,9,GBP
ORD112179,02-11-2023,BR92,USA,Chicago,CUST6059,PROD907,Laptop,Dell XPS 13,Dell,5,582.86,0.15,0.18,2923.04,Cash,In-Store,EMP997,2,1,Express,8,AED
ORD112180,09-08-2024,BR52,India,Mumbai,CUST1200,PROD976,Mobile,iPhone 14,Dell,3,1463.78,0.24,0.18,3938.15,Credit Card,Online,EMP999,0,1,Express,7,INR
ORD112181,05-09-2024,BR13,India,Pune,CUST5639,PROD913,TV,Samsung QLED 50,Lenovo,1,575.08,0.11,0.18,603.95,Debit Card,Online,EMP616,1,1,Express,9,GBP
ORD112182,09-12-2024,BR76,UAE,Abu Dhabi,CUST6681,PROD307,Mobile,OnePlus 11,OnePlus,2,1758.39,0.17,0.18,3444.33,UPI,Online,EMP984,3,1,Express,9,USD
ORD112183,09-02-2024,BR55,India,Bangalore,CUST3825,PROD324,Accessories,Wireless Mouse,Dell,2,1526.65,0.26,0.18,2666.14,Debit Card,Online,EMP698,0,1,Express,4,EUR
ORD112184,09-06-2023,BR112,UAE,Dubai,CUST6998,PROD602,TV,Samsung QLED 50,Apple,2,1756.53,0.12,0.18,3647.96,Debit Card,Online,EMP272,2,1,Express,3,INR
ORD112185,26-05-2023,BR117,Germany,Berlin,CUST3450,PROD533,Tablet,iPad Air,LG,3,1495.73,0.2,0.18,4235.91,Credit Card,Online,EMP813,1,1,Standard,8,GBP
ORD112186,05-03-2023,BR40,India,Delhi,CUST9972,PROD812,Mobile,OnePlus 11,HP,5,1159.77,0.22,0.18,5337.26,UPI,Online,EMP680,1,0,Same Day,3,GBP
ORD112187,14-11-2024,BR5,India,Bangalore,CUST9997,PROD671,Accessories,Wireless Mouse,Sony,5,555.56,0.08,0.18,3015.58,Net Banking,Online,EMP763,0,1,Standard,4,GBP
ORD112188,28-08-2024,BR104,UAE,Abu Dhabi,CUST6382,PROD294,Tablet,Samsung Galaxy Tab,HP,5,1610.55,0.2,0.18,7601.8,Credit Card,Online,EMP575,1,0,Express,5,INR
ORD112189,03-10-2023,BR106,USA,Chicago,CUST4912,PROD775,Tablet,iPad Air,Dell,3,1122.62,0.12,0.18,3497.19,UPI,Online,EMP831,1,0,Express,7,INR
ORD112190,29-08-2024,BR31,UAE,Dubai,CUST8067,PROD640,Tablet,iPad Air,HP,2,438.15,0.07,0.18,961.65,Credit Card,In-Store,EMP365,2,1,Same Day,10,USD
ORD112191,02-03-2023,BR120,India,Mumbai,CUST4418,PROD131,Mobile,OnePlus 11,LG,2,1006.46,0.11,0.18,2113.97,Net Banking,In-Store,EMP318,2,0,Express,1,GBP
ORD112192,30-06-2024,BR74,UK,Manchester,CUST7540,PROD731,TV,Sony Bravia 55,OnePlus,5,1934.77,0.23,0.18,8789.66,UPI,In-Store,EMP800,2,1,Standard,5,INR
ORD112193,14-09-2023,BR27,UK,London,CUST1464,PROD159,TV,LG OLED 48,Apple,5,359.66,0.09,0.18,1931.01,Cash,In-Store,EMP460,3,1,Standard,6,AED
ORD112194,21-05-2023,BR82,India,Bangalore,CUST1348,PROD484,Tablet,Lenovo Tab P11,HP,5,1938.89,0.14,0.18,9837.93,Debit Card,Online,EMP905,0,0,Express,9,EUR
ORD112195,14-03-2023,BR13,UK,Manchester,CUST9238,PROD878,Mobile,Samsung Galaxy S23,Sony,5,1350.38,0.2,0.18,6373.79,Credit Card,In-Store,EMP860,0,1,Standard,9,INR
ORD112196,21-05-2023,BR116,Germany,Munich,CUST7942,PROD479,Accessories,Keyboard,Samsung,4,70.53,0.12,0.18,292.95,Debit Card,Online,EMP717,1,0,Express,5,EUR
ORD112197,06-11-2023,BR97,UAE,Abu Dhabi,CUST3892,PROD466,Tablet,iPad Air,OnePlus,2,1895.24,0.02,0.18,4383.31,Credit Card,In-Store,EMP674,1,0,Same Day,10,GBP
ORD112198,22-02-2023,BR52,UAE,Dubai,CUST2470,PROD494,Mobile,Samsung Galaxy S23,Dell,1,525.45,0.14,0.18,533.23,Credit Card,In-Store,EMP541,3,1,Same Day,6,AED
ORD112199,23-06-2024,BR16,India,Bangalore,CUST9546,PROD787,Mobile,OnePlus 11,HP,3,1930.93,0.06,0.18,6425.36,Net Banking,Online,EMP941,3,1,Standard,5,INR
ORD112200,21-12-2023,BR93,Germany,Munich,CUST2621,PROD217,Mobile,OnePlus 11,LG,1,1288.38,0.23,0.18,1170.62,Cash,Online,EMP222,3,1,Standard,5,INR
ORD112201,29-02-2024,BR26,India,Delhi,CUST4839,PROD681,Mobile,iPhone 14,Samsung,1,578.3,0.2,0.18,545.92,Net Banking,In-Store,EMP551,0,1,Standard,6,AED
ORD112202,15-03-2023,BR40,UAE,Dubai,CUST5576,PROD697,Mobile,Samsung Galaxy S23,Sony,5,1187.99,0.01,0.18,6939.05,Debit Card,Online,EMP426,1,0,Standard,2,GBP
ORD112203,03-07-2024,BR89,USA,Chicago,CUST3753,PROD485,Mobile,Samsung Galaxy S23,Samsung,2,1377.79,0.23,0.18,2503.72,Net Banking,Online,EMP206,3,1,Same Day,7,USD
ORD112204,20-12-2023,BR72,India,Mumbai,CUST8045,PROD670,Laptop,HP Spectre x360,Lenovo,2,1476.8,0.03,0.18,3380.69,Debit Card,Online,EMP923,1,0,Same Day,6,EUR
ORD112205,20-12-2023,BR37,UK,Birmingham,CUST1029,PROD542,Laptop,HP Spectre x360,Lenovo,1,812.82,0.11,0.18,853.62,Credit Card,In-Store,EMP513,2,1,Express,3,INR
ORD112206,07-01-2024,BR106,India,Mumbai,CUST9969,PROD842,TV,Sony Bravia 55,HP,4,1077.69,0.24,0.18,3865.89,Cash,Online,EMP778,0,0,Express,3,USD
ORD112207,17-03-2023,BR66,UAE,Dubai,CUST5869,PROD898,Mobile,iPhone 14,HP,1,525.76,0.18,0.18,508.73,UPI,In-Store,EMP863,2,0,Standard,1,INR
ORD112208,15-04-2024,BR7,UAE,Abu Dhabi,CUST3814,PROD985,TV,Sony Bravia 55,LG,5,1251.41,0.19,0.18,5980.49,UPI,Online,EMP463,0,0,Same Day,10,USD
ORD112209,11-05-2024,BR103,USA,Dallas,CUST9577,PROD512,Mobile,OnePlus 11,Lenovo,1,808.25,0.14,0.18,820.21,Debit Card,In-Store,EMP543,2,1,Same Day,8,INR
ORD112210,26-04-2024,BR70,USA,Chicago,CUST8025,PROD387,Accessories,Bluetooth Headphones,OnePlus,2,1263.59,0.01,0.18,2952.25,Credit Card,Online,EMP326,3,0,Standard,6,INR
ORD112211,09-08-2024,BR12,USA,Los Angeles,CUST7920,PROD668,Laptop,MacBook Air M2,Samsung,2,1718.68,0.18,0.18,3325.99,Net Banking,Online,EMP578,0,0,Same Day,10,INR
ORD112212,04-11-2023,BR36,Germany,Berlin,CUST7481,PROD672,Tablet,Lenovo Tab P11,Lenovo,1,1026.37,0.21,0.18,956.78,Credit Card,Online,EMP376,1,1,Express,9,GBP
ORD112213,28-10-2023,BR41,UAE,Abu Dhabi,CUST6591,PROD643,Laptop,Dell XPS 13,Dell,3,285.48,0.21,0.18,798.37,Cash,In-Store,EMP678,2,0,Standard,10,USD
ORD112214,15-05-2023,BR24,India,Bangalore,CUST4676,PROD646,TV,Samsung QLED 50,Dell,4,264.19,0.23,0.18,960.17,Cash,In-Store,EMP222,0,1,Standard,2,EUR
ORD112215,11-11-2023,BR101,USA,New York,CUST7800,PROD880,TV,Sony Bravia 55,Dell,1,594.46,0.1,0.18,631.32,Credit Card,In-Store,EMP344,2,0,Standard,9,EUR
ORD112216,15-10-2023,BR2,India,Pune,CUST4998,PROD688,Mobile,iPhone 14,LG,2,539.3,0.25,0.18,954.56,Credit Card,In-Store,EMP496,1,1,Express,4,EUR
ORD112217,24-11-2024,BR39,Germany,Munich,CUST2643,PROD481,Laptop,HP Spectre x360,Samsung,5,776.62,0.16,0.18,3848.93,Cash,Online,EMP919,0,0,Same Day,7,EUR
ORD112218,25-05-2024,BR51,Germany,Berlin,CUST5435,PROD168,Accessories,Bluetooth Headphones,HP,2,1189.05,0.04,0.18,2693.91,Net Banking,In-Store,EMP295,0,1,Standard,2,AED
ORD112219,06-03-2024,BR73,Germany,Berlin,CUST2944,PROD620,Mobile,Samsung Galaxy S23,LG,3,447.23,0.14,0.18,1361.55,UPI,In-Store,EMP690,3,0,Standard,5,EUR
ORD112220,04-03-2024,BR30,UAE,Dubai,CUST3521,PROD867,Accessories,Bluetooth Headphones,Samsung,4,1462.36,0,0.18,6902.34,Cash,In-Store,EMP280,3,1,Express,6,INR
ORD112221,13-12-2024,BR29,UK,Manchester,CUST5022,PROD592,TV,Samsung QLED 50,Apple,4,1231.83,0.25,0.18,4360.68,UPI,In-Store,EMP878,3,0,Standard,2,AED
ORD112222,22-02-2024,BR89,UK,Birmingham,CUST1714,PROD267,Tablet,Lenovo Tab P11,Dell,5,1099.75,0.18,0.18,5320.59,UPI,Online,EMP508,3,1,Express,8,USD
ORD112223,10-02-2023,BR71,Germany,Hamburg,CUST7885,PROD191,TV,Samsung QLED 50,Sony,1,479.28,0.16,0.18,475.06,Cash,Online,EMP445,0,1,Same Day,3,USD
ORD112224,12-12-2023,BR32,USA,New York,CUST7213,PROD204,Tablet,Lenovo Tab P11,OnePlus,5,271.62,0.05,0.18,1522.43,Debit Card,Online,EMP538,0,1,Same Day,7,AED
ORD112225,21-09-2024,BR94,UAE,Abu Dhabi,CUST2118,PROD631,Mobile,OnePlus 11,Sony,5,505.11,0.3,0.18,2086.1,Cash,In-Store,EMP297,1,1,Same Day,1,INR
ORD112226,25-10-2023,BR23,UAE,Abu Dhabi,CUST4866,PROD121,Mobile,OnePlus 11,Apple,4,821.62,0.11,0.18,3451.46,Net Banking,In-Store,EMP330,2,1,Same Day,6,EUR
ORD112227,31-08-2024,BR52,USA,New York,CUST4936,PROD842,Laptop,HP Spectre x360,Dell,1,1479.62,0.2,0.18,1396.76,Cash,In-Store,EMP996,2,1,Same Day,8,USD
ORD112228,24-11-2024,BR82,Germany,Berlin,CUST4199,PROD156,Mobile,OnePlus 11,Samsung,2,124.17,0.2,0.18,234.43,Debit Card,Online,EMP489,0,0,Standard,6,AED
ORD112229,19-03-2023,BR120,UAE,Abu Dhabi,CUST7890,PROD958,Mobile,OnePlus 11,OnePlus,4,398.49,0.27,0.18,1373.04,Net Banking,In-Store,EMP378,2,0,Same Day,7,EUR
ORD112230,15-04-2023,BR68,Germany,Munich,CUST2776,PROD168,Tablet,Lenovo Tab P11,Dell,2,769.62,0.26,0.18,1344.06,UPI,Online,EMP644,3,0,Express,5,AED
ORD112231,06-11-2023,BR27,USA,Chicago,CUST7643,PROD890,Tablet,Samsung Galaxy Tab,Sony,2,196.48,0.05,0.18,440.51,Debit Card,In-Store,EMP817,0,0,Standard,2,AED
ORD112232,14-08-2024,BR63,UAE,Abu Dhabi,CUST9692,PROD559,TV,LG OLED 48,Lenovo,3,66.95,0.03,0.18,229.89,Cash,In-Store,EMP786,3,1,Express,4,GBP
ORD112233,26-04-2023,BR8,India,Delhi,CUST6045,PROD729,Mobile,Samsung Galaxy S23,Samsung,1,1427.83,0.09,0.18,1533.2,Cash,In-Store,EMP371,1,0,Same Day,2,INR
ORD112234,19-09-2024,BR28,India,Pune,CUST2348,PROD149,Mobile,OnePlus 11,OnePlus,3,365.22,0.22,0.18,1008.45,UPI,Online,EMP212,2,1,Standard,5,USD
ORD112235,30-05-2024,BR70,UAE,Abu Dhabi,CUST3352,PROD714,Mobile,Samsung Galaxy S23,LG,4,1845.85,0.1,0.18,7841.17,Debit Card,Online,EMP800,2,0,Same Day,1,GBP
ORD112236,29-08-2023,BR77,UK,London,CUST8679,PROD491,Mobile,Samsung Galaxy S23,Sony,1,853.19,0.19,0.18,815.48,Debit Card,In-Store,EMP570,3,0,Express,7,USD
ORD112237,13-02-2024,BR97,USA,New York,CUST4845,PROD528,TV,Samsung QLED 50,LG,4,775.54,0.2,0.18,2928.44,Net Banking,In-Store,EMP817,3,0,Standard,5,INR
ORD112238,18-09-2023,BR23,USA,Dallas,CUST5151,PROD191,Mobile,Samsung Galaxy S23,HP,2,1184.3,0.08,0.18,2571.35,Debit Card,In-Store,EMP857,3,1,Same Day,4,EUR
ORD112239,15-05-2024,BR82,UK,Manchester,CUST8197,PROD389,Tablet,Lenovo Tab P11,LG,1,634.48,0.24,0.18,569,Credit Card,Online,EMP910,3,0,Standard,2,EUR
ORD112240,11-10-2024,BR54,Germany,Berlin,CUST2969,PROD471,Accessories,Wireless Mouse,OnePlus,4,1985.98,0.05,0.18,8905.13,Cash,Online,EMP767,1,1,Same Day,1,USD
ORD112241,05-11-2023,BR58,UAE,Abu Dhabi,CUST1780,PROD820,Tablet,Lenovo Tab P11,Dell,5,773.79,0.02,0.18,4474.05,UPI,Online,EMP990,2,1,Same Day,5,INR
ORD112242,10-07-2023,BR116,India,Mumbai,CUST4019,PROD914,Tablet,Samsung Galaxy Tab,Lenovo,2,264.17,0.03,0.18,604.74,Credit Card,In-Store,EMP377,2,1,Same Day,7,AED
ORD112243,04-05-2023,BR4,India,Mumbai,CUST2574,PROD473,Tablet,iPad Air,LG,3,60.51,0,0.18,214.21,Net Banking,Online,EMP977,1,0,Standard,4,EUR
ORD112244,01-11-2023,BR52,UAE,Abu Dhabi,CUST7413,PROD377,Accessories,Wireless Mouse,HP,1,1862.22,0.12,0.18,1933.73,UPI,Online,EMP767,0,0,Standard,6,GBP
ORD112245,13-10-2023,BR26,India,Bangalore,CUST3285,PROD369,Mobile,iPhone 14,Apple,2,721.06,0.15,0.18,1446.45,Credit Card,Online,EMP593,2,0,Same Day,9,USD
ORD112246,04-06-2023,BR35,UAE,Dubai,CUST4636,PROD593,Tablet,iPad Air,OnePlus,1,1055.13,0.29,0.18,883.99,Net Banking,In-Store,EMP997,3,1,Same Day,8,GBP
ORD112247,21-12-2023,BR65,UAE,Abu Dhabi,CUST6845,PROD788,Tablet,Samsung Galaxy Tab,Sony,5,1026.77,0.14,0.18,5209.83,Net Banking,Online,EMP777,1,0,Express,3,EUR
ORD112248,02-02-2024,BR102,India,Delhi,CUST1066,PROD639,Tablet,iPad Air,LG,3,1252.68,0.28,0.18,3192.83,Credit Card,Online,EMP859,1,1,Express,3,GBP
ORD112249,01-06-2024,BR113,India,Bangalore,CUST7091,PROD943,Laptop,HP Spectre x360,Samsung,4,1994.15,0.22,0.18,7341.66,Debit Card,Online,EMP397,1,1,Express,5,USD
ORD112250,25-12-2024,BR107,India,Bangalore,CUST4988,PROD249,Laptop,Dell XPS 13,OnePlus,2,1987.47,0.3,0.18,3283.3,Credit Card,Online,EMP882,1,1,Standard,10,USD
ORD112251,01-08-2023,BR92,UK,London,CUST4032,PROD729,Laptop,MacBook Air M2,Samsung,3,1224.51,0.27,0.18,3164.38,Debit Card,In-Store,EMP436,2,1,Express,9,INR
ORD112252,21-11-2023,BR79,UAE,Dubai,CUST1689,PROD600,TV,Samsung QLED 50,Apple,4,294.2,0.27,0.18,1013.7,UPI,In-Store,EMP807,2,1,Express,9,EUR
ORD112253,19-03-2024,BR77,UAE,Dubai,CUST4426,PROD827,Laptop,Dell XPS 13,Samsung,4,781.17,0.11,0.18,3281.54,Cash,Online,EMP393,0,1,Express,8,AED
ORD112254,27-08-2023,BR52,UK,Manchester,CUST5149,PROD454,Mobile,Samsung Galaxy S23,HP,1,1611.93,0.11,0.18,1692.85,Net Banking,Online,EMP237,1,1,Express,9,AED
ORD112255,15-01-2024,BR101,UK,London,CUST2325,PROD364,TV,LG OLED 48,Lenovo,3,676.23,0.14,0.18,2058.71,UPI,Online,EMP517,3,0,Standard,3,USD
ORD112256,09-05-2024,BR86,Germany,Hamburg,CUST4296,PROD214,Tablet,iPad Air,OnePlus,2,681.38,0.25,0.18,1206.04,UPI,In-Store,EMP375,2,0,Standard,9,GBP
ORD112257,22-05-2024,BR111,Germany,Munich,CUST2298,PROD338,Tablet,Lenovo Tab P11,Sony,3,1754.28,0.3,0.18,4347.11,Credit Card,Online,EMP829,0,1,Same Day,1,INR
ORD112258,07-07-2024,BR107,USA,New York,CUST8920,PROD223,Laptop,MacBook Air M2,Dell,2,1169.96,0.14,0.18,2374.55,Debit Card,In-Store,EMP302,2,0,Standard,3,INR
ORD112259,14-02-2023,BR109,Germany,Hamburg,CUST2006,PROD502,Tablet,iPad Air,Samsung,3,286.26,0.04,0.18,972.83,UPI,Online,EMP555,1,0,Express,6,USD
ORD112260,11-09-2024,BR11,India,Pune,CUST6929,PROD908,Laptop,MacBook Air M2,HP,3,1060.89,0.2,0.18,3004.44,Debit Card,Online,EMP622,3,1,Express,1,EUR
ORD112261,20-12-2023,BR27,UAE,Abu Dhabi,CUST4875,PROD521,TV,Samsung QLED 50,Apple,4,1675.92,0.17,0.18,6565.58,UPI,In-Store,EMP440,3,0,Standard,7,INR
ORD112262,29-09-2024,BR60,USA,Chicago,CUST2853,PROD980,TV,Samsung QLED 50,Apple,3,350.37,0.03,0.18,1203.1,Net Banking,In-Store,EMP767,0,0,Express,8,INR
ORD112263,06-09-2024,BR83,USA,Los Angeles,CUST6898,PROD722,Laptop,MacBook Air M2,Lenovo,1,1877.62,0.16,0.18,1861.1,Cash,In-Store,EMP324,1,0,Standard,9,AED
ORD112264,15-10-2024,BR25,India,Bangalore,CUST4581,PROD335,Tablet,Samsung Galaxy Tab,HP,2,1498.98,0.24,0.18,2688.57,Credit Card,Online,EMP207,2,1,Express,6,INR
ORD112265,10-09-2024,BR116,UAE,Dubai,CUST9842,PROD810,Mobile,OnePlus 11,HP,3,141.35,0.27,0.18,365.28,UPI,In-Store,EMP496,0,1,Same Day,1,INR
ORD112266,23-08-2024,BR28,USA,Dallas,CUST7849,PROD286,Tablet,Lenovo Tab P11,HP,3,1699.84,0.12,0.18,5295.34,Credit Card,Online,EMP214,2,0,Express,7,EUR
ORD112267,18-09-2024,BR79,USA,Los Angeles,CUST8045,PROD420,Accessories,Wireless Mouse,Samsung,1,1739.07,0.1,0.18,1846.89,Credit Card,In-Store,EMP254,2,1,Same Day,4,USD
ORD112268,07-03-2023,BR9,UK,London,CUST6003,PROD475,Mobile,Samsung Galaxy S23,Lenovo,1,1346.35,0.17,0.18,1318.62,UPI,In-Store,EMP601,2,0,Standard,10,GBP
ORD112269,22-02-2023,BR35,India,Delhi,CUST8993,PROD559,Tablet,Samsung Galaxy Tab,LG,3,1292.77,0.12,0.18,4027.24,UPI,Online,EMP797,2,0,Same Day,8,GBP
ORD112270,26-07-2023,BR95,India,Bangalore,CUST2304,PROD847,TV,Sony Bravia 55,Samsung,2,1582.7,0.14,0.18,3212.25,Net Banking,Online,EMP205,3,0,Standard,6,EUR
ORD112271,22-12-2023,BR60,UAE,Dubai,CUST1461,PROD635,TV,Sony Bravia 55,Sony,2,1462.6,0.29,0.18,2450.73,Debit Card,Online,EMP472,2,1,Same Day,1,AED
ORD112272,28-08-2023,BR65,Germany,Hamburg,CUST1893,PROD227,Tablet,Lenovo Tab P11,Lenovo,3,1525.34,0.19,0.18,4373.76,UPI,Online,EMP574,3,0,Same Day,8,INR
ORD112273,05-01-2024,BR70,UAE,Dubai,CUST6968,PROD579,Laptop,HP Spectre x360,OnePlus,2,1122.18,0.17,0.18,2198.13,Debit Card,In-Store,EMP933,3,0,Express,1,INR
ORD112274,14-01-2023,BR120,USA,New York,CUST3725,PROD470,Mobile,OnePlus 11,Apple,4,1320.4,0.07,0.18,5796.03,Cash,In-Store,EMP578,0,0,Standard,6,GBP
ORD112275,27-11-2024,BR87,UAE,Dubai,CUST4168,PROD197,TV,Samsung QLED 50,LG,5,1942.74,0.05,0.18,10889.06,Debit Card,In-Store,EMP868,3,0,Standard,7,AED
ORD112276,11-06-2024,BR60,Germany,Hamburg,CUST3726,PROD478,Mobile,Samsung Galaxy S23,HP,1,943.79,0.09,0.18,1013.44,Debit Card,Online,EMP710,1,0,Standard,10,GBP
ORD112277,16-01-2023,BR18,Germany,Munich,CUST1918,PROD674,Tablet,Lenovo Tab P11,Samsung,2,194.33,0.05,0.18,435.69,Credit Card,In-Store,EMP477,2,0,Express,2,EUR
ORD112278,06-02-2024,BR52,USA,New York,CUST3063,PROD507,Tablet,Samsung Galaxy Tab,Lenovo,4,73.48,0.05,0.18,329.48,Net Banking,Online,EMP878,0,0,Standard,8,USD
ORD112279,22-01-2023,BR38,USA,Chicago,CUST7066,PROD499,TV,LG OLED 48,Dell,3,1044.5,0.17,0.18,3068.95,Debit Card,Online,EMP615,1,1,Express,10,GBP
ORD112280,03-08-2023,BR9,USA,Chicago,CUST9022,PROD508,Accessories,Wireless Mouse,Lenovo,1,649.3,0.08,0.18,704.88,Debit Card,In-Store,EMP917,2,0,Standard,5,USD
ORD112281,10-12-2024,BR112,USA,New York,CUST8759,PROD265,TV,Sony Bravia 55,LG,1,1414.7,0.22,0.18,1302.09,Credit Card,In-Store,EMP857,2,0,Express,3,USD
ORD112282,09-03-2023,BR51,UK,Manchester,CUST5230,PROD294,Tablet,Lenovo Tab P11,OnePlus,3,1816.68,0.13,0.18,5595.01,Credit Card,Online,EMP423,1,0,Same Day,6,GBP
ORD112283,10-03-2023,BR18,UK,Manchester,CUST3846,PROD760,Laptop,HP Spectre x360,LG,3,1197.02,0.13,0.18,3686.58,Cash,In-Store,EMP317,1,0,Same Day,1,USD
ORD112284,12-08-2023,BR67,UAE,Dubai,CUST7205,PROD976,Accessories,Keyboard,Dell,5,867.33,0.08,0.18,4707.87,Credit Card,Online,EMP670,1,0,Standard,4,USD
ORD112285,03-04-2023,BR18,USA,Chicago,CUST4037,PROD632,Laptop,MacBook Air M2,HP,4,1231.39,0.15,0.18,4940.34,Debit Card,Online,EMP801,3,0,Same Day,1,USD
ORD112286,09-01-2024,BR24,UAE,Abu Dhabi,CUST4845,PROD109,TV,LG OLED 48,Lenovo,1,227.46,0.24,0.18,203.99,UPI,Online,EMP676,3,0,Standard,3,AED
ORD112287,03-08-2023,BR48,USA,Chicago,CUST1842,PROD866,Tablet,Samsung Galaxy Tab,Samsung,2,1337.99,0.09,0.18,2873.47,Debit Card,Online,EMP705,2,0,Same Day,10,EUR
ORD112288,24-03-2024,BR10,UK,Manchester,CUST5210,PROD180,Laptop,HP Spectre x360,Lenovo,1,522.7,0.27,0.18,450.25,Credit Card,In-Store,EMP265,0,1,Standard,3,AED
ORD112289,09-12-2023,BR76,UAE,Abu Dhabi,CUST5262,PROD107,Accessories,Keyboard,Apple,1,1640.16,0.11,0.18,1722.5,UPI,Online,EMP665,1,0,Standard,9,AED
ORD112290,17-03-2024,BR45,Germany,Hamburg,CUST7994,PROD111,Accessories,Wireless Mouse,Lenovo,1,652.07,0.17,0.18,638.64,Credit Card,Online,EMP865,0,1,Standard,3,AED
ORD112291,21-03-2023,BR10,Germany,Munich,CUST7845,PROD140,Tablet,Lenovo Tab P11,Samsung,1,1994.04,0.16,0.18,1976.49,Cash,Online,EMP594,2,0,Same Day,5,AED
ORD112292,09-05-2023,BR101,UK,Birmingham,CUST9311,PROD630,Accessories,Wireless Mouse,LG,1,1589.2,0.27,0.18,1368.94,Cash,Online,EMP971,0,1,Standard,4,USD
ORD112293,15-08-2024,BR52,UAE,Abu Dhabi,CUST2079,PROD294,Mobile,OnePlus 11,Apple,2,70.62,0.11,0.18,148.33,Cash,In-Store,EMP957,1,1,Same Day,5,AED
ORD112294,09-12-2024,BR6,USA,Dallas,CUST6354,PROD630,Accessories,Wireless Mouse,Sony,5,1288.55,0.25,0.18,5701.83,Credit Card,In-Store,EMP662,0,0,Same Day,4,USD
ORD112295,09-09-2023,BR86,India,Mumbai,CUST4988,PROD135,Laptop,Dell XPS 13,OnePlus,2,1529.3,0.25,0.18,2706.86,Credit Card,Online,EMP551,3,0,Same Day,6,USD
ORD112296,26-09-2024,BR89,UK,London,CUST1045,PROD931,Tablet,iPad Air,OnePlus,3,1710.69,0.05,0.18,5753.05,Credit Card,Online,EMP229,0,0,Express,10,EUR
ORD112297,18-01-2024,BR50,India,Delhi,CUST4127,PROD827,Accessories,Wireless Mouse,Apple,2,1898.33,0.06,0.18,4211.26,Net Banking,In-Store,EMP907,0,0,Same Day,2,USD
ORD112298,11-12-2023,BR11,Germany,Munich,CUST5603,PROD258,Tablet,Samsung Galaxy Tab,Lenovo,2,1143.79,0.27,0.18,1970.52,Credit Card,In-Store,EMP223,3,0,Standard,2,GBP
ORD112299,24-04-2024,BR113,UK,Birmingham,CUST6827,PROD170,TV,Samsung QLED 50,Samsung,2,1104.85,0.05,0.18,2477.07,Credit Card,In-Store,EMP942,2,1,Standard,10,AED
ORD112300,28-03-2024,BR64,UK,Birmingham,CUST1554,PROD306,Accessories,Bluetooth Headphones,Sony,3,956.76,0.22,0.18,2641.81,Credit Card,Online,EMP340,1,0,Express,10,EUR
ORD112301,19-09-2024,BR15,Germany,Munich,CUST5967,PROD195,Accessories,Keyboard,Lenovo,1,1823.02,0.23,0.18,1656.4,Net Banking,In-Store,EMP433,1,1,Standard,8,USD
ORD112302,14-11-2023,BR21,UAE,Abu Dhabi,CUST3936,PROD781,TV,LG OLED 48,Apple,3,1086.39,0.13,0.18,3345.86,Debit Card,Online,EMP811,3,1,Standard,4,INR
ORD112303,20-11-2024,BR55,USA,Dallas,CUST4199,PROD347,TV,Sony Bravia 55,Dell,5,519.81,0.21,0.18,2422.83,Debit Card,Online,EMP226,1,1,Standard,6,GBP
ORD112304,02-02-2023,BR71,UAE,Abu Dhabi,CUST7374,PROD503,Accessories,Wireless Mouse,HP,4,823.93,0.14,0.18,3344.5,Debit Card,In-Store,EMP928,2,0,Standard,6,EUR
ORD112305,22-12-2024,BR38,UK,Birmingham,CUST4192,PROD718,Tablet,Lenovo Tab P11,Apple,2,248.21,0.15,0.18,497.91,Credit Card,Online,EMP575,0,1,Express,4,GBP
ORD112306,16-03-2023,BR105,Germany,Berlin,CUST7835,PROD277,TV,Samsung QLED 50,Apple,2,1747.32,0.15,0.18,3505.12,Debit Card,Online,EMP849,0,1,Standard,7,EUR
ORD112307,07-08-2024,BR100,Germany,Berlin,CUST1627,PROD744,Mobile,OnePlus 11,Lenovo,4,209.9,0.25,0.18,743.05,Cash,In-Store,EMP671,2,1,Express,1,GBP
ORD112308,21-08-2024,BR82,USA,Dallas,CUST9173,PROD606,TV,Sony Bravia 55,Dell,5,1651.24,0.18,0.18,7988.7,Net Banking,In-Store,EMP564,2,0,Express,9,EUR
ORD112309,19-05-2023,BR54,USA,New York,CUST9824,PROD689,Tablet,Lenovo Tab P11,OnePlus,1,206.69,0.12,0.18,214.63,Cash,Online,EMP787,0,1,Standard,8,EUR
ORD112310,15-12-2023,BR12,USA,Dallas,CUST7407,PROD470,Tablet,Lenovo Tab P11,Sony,5,1261.52,0,0.18,7442.97,Credit Card,In-Store,EMP626,3,1,Same Day,10,USD
ORD112311,29-04-2023,BR69,Germany,Munich,CUST8433,PROD840,Accessories,Keyboard,LG,5,1157.52,0.17,0.18,5668.38,UPI,In-Store,EMP869,1,0,Express,9,USD
ORD112312,28-10-2024,BR22,India,Mumbai,CUST7456,PROD407,TV,LG OLED 48,Apple,3,708.5,0.07,0.18,2332.52,Credit Card,In-Store,EMP308,3,1,Standard,7,EUR
ORD112313,11-08-2023,BR73,USA,New York,CUST5418,PROD608,Tablet,Lenovo Tab P11,Sony,4,1615.74,0.12,0.18,6711.14,Credit Card,Online,EMP211,1,0,Standard,7,GBP
ORD112314,01-11-2023,BR85,USA,Los Angeles,CUST2464,PROD866,Tablet,Samsung Galaxy Tab,Dell,1,468.59,0.21,0.18,436.82,Debit Card,Online,EMP750,1,0,Standard,4,GBP
ORD112315,04-02-2023,BR70,Germany,Munich,CUST2645,PROD174,Laptop,Dell XPS 13,HP,2,102.35,0.27,0.18,176.33,UPI,In-Store,EMP570,0,0,Same Day,2,INR
ORD112316,09-10-2024,BR38,UAE,Abu Dhabi,CUST5972,PROD592,Mobile,Samsung Galaxy S23,Sony,2,1744.44,0.12,0.18,3622.85,Cash,In-Store,EMP220,1,1,Express,7,AED
ORD112317,15-08-2024,BR15,Germany,Berlin,CUST7586,PROD772,Tablet,Lenovo Tab P11,HP,1,1522.87,0.22,0.18,1401.65,Cash,In-Store,EMP255,3,0,Express,5,USD
ORD112318,30-05-2024,BR105,Germany,Munich,CUST1631,PROD558,Mobile,Samsung Galaxy S23,Apple,5,604.68,0,0.18,3567.61,Credit Card,Online,EMP301,2,1,Express,9,INR
ORD112319,06-03-2024,BR68,India,Pune,CUST5177,PROD891,Laptop,HP Spectre x360,LG,3,1030.93,0.05,0.18,3467.02,Net Banking,In-Store,EMP830,1,1,Same Day,10,INR
ORD112320,19-05-2023,BR34,UAE,Abu Dhabi,CUST3796,PROD105,Laptop,MacBook Air M2,HP,5,1817.33,0.28,0.18,7720.02,UPI,In-Store,EMP777,3,1,Standard,2,USD
ORD112321,26-11-2023,BR76,UAE,Abu Dhabi,CUST9396,PROD642,Laptop,Dell XPS 13,HP,3,1568.45,0.29,0.18,3942.14,Credit Card,Online,EMP209,0,0,Standard,10,INR
ORD112322,10-01-2023,BR38,UAE,Dubai,CUST3861,PROD859,Mobile,OnePlus 11,Dell,1,166.85,0.1,0.18,177.19,Debit Card,In-Store,EMP952,2,0,Same Day,3,INR
ORD112323,15-06-2023,BR44,UAE,Abu Dhabi,CUST9401,PROD586,Accessories,Keyboard,Dell,1,1858.86,0.14,0.18,1886.37,Debit Card,In-Store,EMP341,1,1,Same Day,5,EUR
ORD112324,04-06-2024,BR2,USA,Dallas,CUST2410,PROD995,Accessories,Wireless Mouse,OnePlus,3,972.27,0.26,0.18,2546.96,UPI,In-Store,EMP776,2,0,Express,3,USD
ORD112325,18-03-2023,BR109,UAE,Dubai,CUST7495,PROD516,Tablet,iPad Air,Apple,3,899.14,0.03,0.18,3087.47,Net Banking,In-Store,EMP625,3,0,Express,10,AED
ORD112326,05-10-2024,BR98,Germany,Berlin,CUST2275,PROD608,Accessories,Wireless Mouse,Samsung,3,928.18,0.06,0.18,3088.61,Debit Card,Online,EMP941,3,1,Express,9,AED
ORD112327,04-09-2023,BR75,USA,Dallas,CUST9153,PROD247,Accessories,Bluetooth Headphones,Samsung,4,996.13,0.16,0.18,3949.46,Debit Card,In-Store,EMP900,1,1,Same Day,4,USD
ORD112328,18-12-2024,BR106,UK,London,CUST9804,PROD467,Laptop,Dell XPS 13,Samsung,5,587.42,0.27,0.18,2530.02,Cash,In-Store,EMP985,2,1,Express,5,INR
ORD112329,25-03-2023,BR92,UAE,Dubai,CUST8295,PROD198,Mobile,OnePlus 11,HP,3,1783.14,0.27,0.18,4607.99,Net Banking,In-Store,EMP814,2,0,Standard,1,AED
ORD112330,13-05-2024,BR119,India,Bangalore,CUST6950,PROD502,Laptop,HP Spectre x360,Samsung,4,1268.74,0.25,0.18,4491.34,Net Banking,Online,EMP232,3,1,Standard,3,EUR
ORD112331,19-09-2023,BR30,Germany,Hamburg,CUST9341,PROD992,Tablet,iPad Air,Sony,5,1043.11,0.18,0.18,5046.57,Debit Card,In-Store,EMP500,2,1,Standard,1,GBP
ORD112332,16-07-2023,BR85,Germany,Hamburg,CUST7041,PROD641,TV,Sony Bravia 55,LG,1,1821.76,0.27,0.18,1569.26,UPI,In-Store,EMP203,1,1,Express,3,INR
ORD112333,02-01-2023,BR86,India,Bangalore,CUST5546,PROD575,Mobile,OnePlus 11,Dell,1,434.66,0.06,0.18,482.12,Credit Card,In-Store,EMP272,0,1,Express,7,USD
ORD112334,26-05-2023,BR22,UAE,Abu Dhabi,CUST9290,PROD547,Laptop,HP Spectre x360,Apple,1,1867.22,0.21,0.18,1740.62,Credit Card,Online,EMP241,0,0,Standard,6,AED
ORD112335,07-04-2024,BR98,USA,Chicago,CUST8986,PROD354,TV,LG OLED 48,Lenovo,4,814.1,0.15,0.18,3266.17,Net Banking,In-Store,EMP882,0,0,Same Day,9,AED
ORD112336,18-01-2023,BR47,UAE,Dubai,CUST3308,PROD344,TV,LG OLED 48,OnePlus,2,391.34,0.08,0.18,849.68,Net Banking,In-Store,EMP819,2,0,Same Day,3,EUR
ORD112337,23-02-2023,BR1,USA,Los Angeles,CUST8848,PROD679,Laptop,HP Spectre x360,HP,5,747.22,0.17,0.18,3659.14,Debit Card,Online,EMP922,1,0,Same Day,6,AED
ORD112338,02-08-2024,BR97,UAE,Abu Dhabi,CUST1558,PROD857,Mobile,Samsung Galaxy S23,LG,3,1033.04,0.25,0.18,2742.72,Cash,Online,EMP737,0,1,Standard,9,USD
ORD112339,03-06-2024,BR47,Germany,Berlin,CUST9226,PROD158,Accessories,Wireless Mouse,Dell,5,936.42,0.07,0.18,5138.14,Debit Card,Online,EMP834,1,1,Same Day,3,USD
ORD112340,17-04-2023,BR102,Germany,Berlin,CUST3176,PROD852,Tablet,Lenovo Tab P11,Dell,2,1007.15,0.21,0.18,1877.73,UPI,Online,EMP780,1,0,Same Day,3,EUR
ORD112341,03-11-2024,BR73,UAE,Abu Dhabi,CUST9356,PROD836,Laptop,HP Spectre x360,Dell,2,1116.47,0.08,0.18,2424.08,Credit Card,Online,EMP934,3,0,Express,5,INR
ORD112342,06-09-2023,BR115,USA,Chicago,CUST2410,PROD551,Tablet,Samsung Galaxy Tab,Dell,3,1451.14,0.09,0.18,4674.7,Credit Card,Online,EMP219,3,0,Same Day,4,EUR
ORD112343,19-04-2024,BR47,India,Pune,CUST8709,PROD755,Tablet,iPad Air,Sony,1,960.66,0.08,0.18,1042.89,Cash,Online,EMP731,0,0,Express,9,GBP
ORD112344,03-01-2024,BR64,India,Pune,CUST6446,PROD977,Laptop,HP Spectre x360,Dell,4,1775.43,0.2,0.18,6704.02,Debit Card,In-Store,EMP927,0,1,Express,6,INR
ORD112345,07-12-2023,BR92,UK,London,CUST1041,PROD748,Mobile,OnePlus 11,HP,1,1486.58,0.01,0.18,1736.62,Debit Card,In-Store,EMP896,1,1,Standard,9,EUR
ORD112346,13-03-2024,BR26,India,Pune,CUST9474,PROD499,Accessories,Wireless Mouse,Apple,1,812.75,0.18,0.18,786.42,Cash,In-Store,EMP607,0,1,Express,3,EUR
ORD112347,01-04-2024,BR46,Germany,Hamburg,CUST5905,PROD422,TV,LG OLED 48,OnePlus,2,1573,0.15,0.18,3155.44,UPI,Online,EMP330,0,1,Standard,8,USD
ORD112348,04-04-2023,BR46,UAE,Dubai,CUST3823,PROD545,Laptop,MacBook Air M2,HP,4,1110.83,0.05,0.18,4980.96,UPI,Online,EMP708,3,0,Standard,6,INR
ORD112349,11-08-2024,BR95,UK,Birmingham,CUST6844,PROD257,Mobile,Samsung Galaxy S23,Sony,1,493.03,0.07,0.18,541.05,UPI,In-Store,EMP348,0,0,Express,7,INR
ORD112350,12-05-2023,BR110,UAE,Dubai,CUST9856,PROD471,Accessories,Wireless Mouse,HP,2,1965.84,0.29,0.18,3293.96,UPI,Online,EMP527,3,0,Standard,7,AED
ORD112351,01-04-2023,BR87,UK,Birmingham,CUST8015,PROD908,Accessories,Wireless Mouse,LG,1,736.62,0.24,0.18,660.6,UPI,In-Store,EMP741,1,0,Express,3,INR
ORD112352,24-10-2023,BR102,UAE,Abu Dhabi,CUST8432,PROD275,Tablet,Samsung Galaxy Tab,Sony,1,532.8,0.21,0.18,496.68,Credit Card,In-Store,EMP727,0,1,Express,5,EUR
ORD112353,22-04-2023,BR94,Germany,Munich,CUST7533,PROD523,Tablet,Samsung Galaxy Tab,Samsung,5,389.96,0.21,0.18,1817.6,UPI,In-Store,EMP660,2,0,Express,10,GBP
ORD112354,03-12-2023,BR29,India,Bangalore,CUST4894,PROD383,Mobile,iPhone 14,HP,2,1014.48,0.24,0.18,1819.57,Debit Card,Online,EMP202,1,1,Standard,10,GBP
ORD112355,12-04-2024,BR69,Germany,Hamburg,CUST5571,PROD583,Accessories,Bluetooth Headphones,Sony,4,1452.5,0.22,0.18,5347.52,Debit Card,Online,EMP391,1,1,Standard,10,EUR
ORD112356,05-08-2024,BR55,Germany,Hamburg,CUST9855,PROD393,Accessories,Wireless Mouse,Dell,1,1660.62,0.19,0.18,1587.22,Cash,In-Store,EMP510,2,0,Standard,6,AED
ORD112357,09-12-2023,BR97,UK,Manchester,CUST2936,PROD452,TV,Samsung QLED 50,Sony,4,807.99,0.26,0.18,2822.15,Cash,Online,EMP964,2,1,Standard,10,AED
ORD112358,24-10-2023,BR91,UK,London,CUST3700,PROD985,Tablet,Lenovo Tab P11,Samsung,2,251.57,0.21,0.18,469.03,UPI,Online,EMP859,3,0,Same Day,3,EUR
ORD112359,21-02-2023,BR101,Germany,Munich,CUST6763,PROD951,Tablet,Lenovo Tab P11,Sony,1,961.42,0.11,0.18,1009.68,Credit Card,In-Store,EMP369,3,0,Same Day,3,EUR
ORD112360,10-03-2024,BR112,UAE,Dubai,CUST7471,PROD936,Tablet,Lenovo Tab P11,OnePlus,5,1609.72,0.24,0.18,7217.98,Cash,In-Store,EMP860,2,0,Same Day,1,USD
ORD112361,11-12-2023,BR114,India,Mumbai,CUST4804,PROD569,Laptop,MacBook Air M2,Sony,1,356.12,0.26,0.18,310.96,Cash,In-Store,EMP578,0,0,Express,5,INR
ORD112362,01-06-2024,BR46,UK,Manchester,CUST2151,PROD619,TV,Samsung QLED 50,Lenovo,3,865.08,0.03,0.18,2970.51,Debit Card,In-Store,EMP883,3,1,Express,8,EUR
ORD112363,01-01-2024,BR117,UAE,Dubai,CUST7799,PROD318,TV,Samsung QLED 50,Lenovo,1,825.06,0.08,0.18,895.69,Cash,In-Store,EMP514,0,0,Standard,7,AED
ORD112364,24-08-2024,BR45,USA,Los Angeles,CUST6607,PROD271,Accessories,Keyboard,Samsung,1,753.76,0.07,0.18,827.18,Credit Card,In-Store,EMP859,3,1,Standard,4,AED
ORD112365,26-01-2024,BR94,UAE,Abu Dhabi,CUST5316,PROD786,TV,Sony Bravia 55,Sony,5,1161.89,0.01,0.18,6786.6,Net Banking,In-Store,EMP215,1,0,Same Day,3,AED
ORD112366,09-04-2023,BR117,India,Mumbai,CUST2857,PROD374,TV,Sony Bravia 55,Lenovo,3,955.9,0.13,0.18,2943.98,Net Banking,Online,EMP658,1,1,Express,8,USD
ORD112367,16-10-2024,BR23,UK,Birmingham,CUST4575,PROD144,Accessories,Wireless Mouse,LG,5,437.24,0.28,0.18,1857.4,Credit Card,Online,EMP849,0,1,Same Day,7,EUR
ORD112368,16-01-2024,BR7,UAE,Dubai,CUST3093,PROD520,Tablet,iPad Air,OnePlus,2,1696.59,0.27,0.18,2922.89,Credit Card,In-Store,EMP468,0,0,Standard,8,USD
ORD112369,05-10-2023,BR39,India,Pune,CUST9001,PROD942,TV,Sony Bravia 55,Lenovo,3,992.34,0.18,0.18,2880.56,Net Banking,Online,EMP715,3,1,Express,3,USD
ORD112370,02-01-2023,BR52,UK,London,CUST9303,PROD317,Tablet,iPad Air,Sony,1,89.85,0.22,0.18,82.7,Credit Card,Online,EMP685,0,1,Express,1,AED
ORD112371,20-05-2023,BR43,UK,London,CUST3347,PROD813,Tablet,iPad Air,LG,5,881.1,0.07,0.18,4834.6,Cash,Online,EMP524,2,1,Standard,7,GBP
ORD112372,02-02-2023,BR19,UAE,Abu Dhabi,CUST7194,PROD585,Accessories,Bluetooth Headphones,LG,2,803.37,0.19,0.18,1535.72,Credit Card,In-Store,EMP813,3,1,Same Day,4,GBP
ORD112373,21-04-2023,BR77,USA,New York,CUST2290,PROD234,TV,Sony Bravia 55,Sony,4,1896.71,0.05,0.18,8504.85,Debit Card,Online,EMP766,1,0,Express,10,AED
ORD112374,16-03-2024,BR63,UK,Birmingham,CUST1270,PROD901,Tablet,iPad Air,HP,5,195.22,0.27,0.18,840.81,UPI,In-Store,EMP440,0,1,Standard,8,EUR
ORD112375,02-09-2024,BR104,Germany,Munich,CUST9713,PROD464,TV,Sony Bravia 55,Sony,5,1428.03,0.14,0.18,7245.82,Credit Card,Online,EMP829,0,1,Express,1,USD
ORD112376,03-10-2024,BR13,India,Mumbai,CUST7591,PROD996,Tablet,Lenovo Tab P11,HP,4,1590.07,0.3,0.18,5253.59,Credit Card,Online,EMP647,1,0,Standard,8,GBP
ORD112377,13-03-2023,BR114,India,Delhi,CUST3441,PROD518,Tablet,iPad Air,Lenovo,5,937.97,0.05,0.18,5257.32,UPI,In-Store,EMP836,3,1,Express,10,AED
ORD112378,15-11-2024,BR51,Germany,Hamburg,CUST6858,PROD772,Accessories,Bluetooth Headphones,Samsung,5,1513.18,0.09,0.18,8124.26,Credit Card,Online,EMP673,1,0,Standard,4,EUR
ORD112379,17-09-2023,BR41,Germany,Munich,CUST7009,PROD101,Accessories,Keyboard,LG,1,190,0.23,0.18,172.63,Net Banking,In-Store,EMP316,3,0,Same Day,3,EUR
ORD112380,15-04-2023,BR6,USA,Dallas,CUST5119,PROD511,Accessories,Bluetooth Headphones,Sony,2,1637.08,0.15,0.18,3283.98,Credit Card,Online,EMP874,1,0,Standard,5,EUR
ORD112381,19-06-2023,BR3,India,Delhi,CUST5439,PROD718,TV,Sony Bravia 55,LG,5,1593.5,0.14,0.18,8085.42,Credit Card,Online,EMP675,1,0,Standard,2,INR
ORD112382,16-08-2024,BR6,India,Bangalore,CUST1411,PROD739,Tablet,iPad Air,Lenovo,2,1589.65,0.21,0.18,2963.74,Net Banking,Online,EMP542,3,1,Standard,10,USD
ORD112383,30-09-2023,BR64,UK,London,CUST9634,PROD475,TV,Sony Bravia 55,LG,3,1027.67,0.13,0.18,3165.02,Credit Card,In-Store,EMP544,2,0,Standard,8,INR
ORD112384,26-07-2023,BR95,Germany,Munich,CUST8848,PROD910,Accessories,Keyboard,Apple,1,1683.07,0.2,0.18,1588.82,Cash,Online,EMP857,3,0,Express,5,INR
ORD112385,07-10-2023,BR87,USA,Chicago,CUST9818,PROD582,Accessories,Wireless Mouse,LG,5,1165.31,0.17,0.18,5706.52,Net Banking,In-Store,EMP921,2,1,Express,1,AED
ORD112386,25-02-2024,BR62,UK,Birmingham,CUST7093,PROD133,Tablet,Lenovo Tab P11,OnePlus,4,1260.68,0.3,0.18,4165.29,Cash,Online,EMP676,0,1,Standard,8,AED
ORD112387,18-12-2023,BR111,Germany,Munich,CUST6602,PROD948,Accessories,Keyboard,OnePlus,2,1352.38,0.22,0.18,2489.46,Credit Card,In-Store,EMP700,0,0,Standard,9,EUR
ORD112388,08-04-2023,BR33,India,Delhi,CUST4472,PROD847,TV,Samsung QLED 50,OnePlus,5,1687.68,0.08,0.18,9160.73,Debit Card,In-Store,EMP501,1,0,Standard,1,AED
ORD112389,20-06-2024,BR112,UK,Manchester,CUST1966,PROD859,Laptop,Dell XPS 13,HP,5,784.78,0.19,0.18,3750.46,UPI,In-Store,EMP490,0,1,Same Day,2,AED
ORD112390,24-01-2024,BR5,USA,New York,CUST6650,PROD201,TV,Samsung QLED 50,Apple,3,1025.55,0.08,0.18,3340.01,Net Banking,Online,EMP773,0,0,Standard,9,USD
ORD112391,11-08-2024,BR10,USA,Dallas,CUST3375,PROD105,Tablet,Lenovo Tab P11,Lenovo,4,767.37,0.15,0.18,3078.69,Credit Card,In-Store,EMP232,0,1,Same Day,4,EUR
ORD112392,24-12-2023,BR107,Germany,Hamburg,CUST8493,PROD294,Mobile,Samsung Galaxy S23,OnePlus,3,770.26,0.09,0.18,2481.32,Debit Card,Online,EMP784,2,1,Same Day,1,INR
ORD112393,01-06-2024,BR69,UK,London,CUST6143,PROD861,Laptop,MacBook Air M2,Dell,4,1309.23,0.28,0.18,4449.29,UPI,In-Store,EMP604,2,1,Standard,5,AED
ORD112394,03-11-2023,BR77,Germany,Munich,CUST4124,PROD545,Accessories,Keyboard,OnePlus,2,1367.25,0.04,0.18,3097.64,Net Banking,In-Store,EMP346,3,1,Express,5,AED
ORD112395,04-08-2024,BR2,UAE,Abu Dhabi,CUST2361,PROD976,Tablet,Samsung Galaxy Tab,Lenovo,5,187.78,0.25,0.18,830.93,Cash,In-Store,EMP281,3,0,Express,6,GBP
ORD112396,23-05-2024,BR10,USA,Los Angeles,CUST8654,PROD622,Mobile,OnePlus 11,Apple,2,407.86,0.1,0.18,866.29,Debit Card,Online,EMP770,1,0,Same Day,5,USD
ORD112397,23-11-2024,BR60,Germany,Munich,CUST6430,PROD931,TV,Sony Bravia 55,OnePlus,3,1864.03,0.04,0.18,6334.72,Cash,In-Store,EMP233,1,1,Express,4,EUR
ORD112398,03-04-2024,BR114,UK,Birmingham,CUST1079,PROD902,Tablet,iPad Air,HP,3,1660.51,0.08,0.18,5407.95,Debit Card,Online,EMP836,2,1,Standard,10,AED
ORD112399,19-12-2024,BR70,UAE,Abu Dhabi,CUST3957,PROD394,Mobile,iPhone 14,Samsung,1,844.57,0.27,0.18,727.51,Cash,Online,EMP746,1,0,Standard,6,INR
ORD112400,11-10-2024,BR74,India,Pune,CUST1832,PROD905,Tablet,Samsung Galaxy Tab,OnePlus,1,61.69,0.03,0.18,70.61,Net Banking,Online,EMP940,0,1,Express,3,EUR
ORD112401,13-02-2023,BR93,Germany,Hamburg,CUST9808,PROD783,Tablet,iPad Air,HP,3,1455.06,0.02,0.18,5047.89,Debit Card,Online,EMP958,3,0,Standard,10,GBP
ORD112402,02-05-2023,BR119,USA,Los Angeles,CUST2122,PROD216,TV,Samsung QLED 50,Samsung,4,1118.51,0.18,0.18,4329.08,Net Banking,In-Store,EMP282,2,0,Express,6,USD
ORD112403,19-11-2024,BR66,USA,Los Angeles,CUST5668,PROD609,TV,LG OLED 48,Lenovo,1,976.63,0.04,0.18,1106.33,UPI,Online,EMP782,2,0,Standard,5,GBP
ORD112404,10-05-2023,BR86,India,Bangalore,CUST6070,PROD887,Mobile,OnePlus 11,Apple,2,1391.97,0.17,0.18,2726.59,Cash,Online,EMP499,3,1,Same Day,4,EUR
ORD112405,25-01-2024,BR31,UAE,Abu Dhabi,CUST5288,PROD995,Accessories,Bluetooth Headphones,Samsung,5,1924.87,0.05,0.18,10788.9,UPI,In-Store,EMP580,1,0,Express,4,AED
ORD112406,12-04-2023,BR65,UAE,Dubai,CUST3028,PROD949,Laptop,HP Spectre x360,Lenovo,1,191.56,0.23,0.18,174.05,UPI,Online,EMP515,3,0,Standard,7,EUR
ORD112407,10-06-2024,BR67,UK,Birmingham,CUST8535,PROD930,Laptop,Dell XPS 13,HP,5,242.27,0.21,0.18,1129.22,Debit Card,Online,EMP598,2,1,Standard,8,GBP
ORD112408,26-12-2024,BR12,India,Bangalore,CUST7376,PROD969,Mobile,iPhone 14,LG,4,773.87,0.09,0.18,3323.93,Credit Card,In-Store,EMP946,3,1,Standard,5,USD
ORD112409,12-05-2023,BR16,UAE,Dubai,CUST9932,PROD494,TV,Samsung QLED 50,OnePlus,2,696.34,0.13,0.18,1429.73,Net Banking,In-Store,EMP235,1,1,Express,9,EUR
ORD112410,22-09-2023,BR59,UAE,Abu Dhabi,CUST9782,PROD733,Laptop,Dell XPS 13,Dell,3,889.97,0.22,0.18,2457.39,UPI,Online,EMP578,1,0,Standard,1,EUR
ORD112411,28-09-2023,BR79,USA,New York,CUST5130,PROD677,Mobile,OnePlus 11,Apple,3,485.87,0.18,0.18,1410.38,Credit Card,In-Store,EMP522,0,1,Express,9,USD
ORD112412,13-02-2024,BR86,India,Pune,CUST5607,PROD106,TV,LG OLED 48,Dell,4,630.1,0.19,0.18,2409,UPI,Online,EMP744,3,0,Express,3,EUR
ORD112413,13-05-2023,BR118,UK,Birmingham,CUST2271,PROD877,Accessories,Bluetooth Headphones,Dell,4,1578.9,0.14,0.18,6409.07,UPI,Online,EMP494,3,1,Same Day,4,INR
ORD112414,19-09-2024,BR101,UK,Manchester,CUST5861,PROD980,Tablet,Samsung Galaxy Tab,Apple,5,1353.94,0.2,0.18,6390.6,Net Banking,Online,EMP788,2,1,Express,5,EUR
ORD112415,15-07-2023,BR83,USA,New York,CUST3474,PROD866,Mobile,iPhone 14,Samsung,2,1276.1,0.24,0.18,2288.81,UPI,Online,EMP592,3,0,Same Day,2,USD
ORD112416,18-06-2024,BR114,UAE,Dubai,CUST6461,PROD282,Mobile,Samsung Galaxy S23,Samsung,3,1840.84,0.08,0.18,5995.25,UPI,In-Store,EMP298,3,1,Express,4,INR
ORD112417,30-12-2024,BR98,Germany,Munich,CUST3465,PROD181,Accessories,Wireless Mouse,Lenovo,3,1758.42,0.18,0.18,5104.34,Debit Card,Online,EMP402,0,0,Same Day,1,AED
ORD112418,25-01-2023,BR107,UK,Manchester,CUST8861,PROD538,Mobile,OnePlus 11,HP,4,355.88,0.28,0.18,1209.42,Cash,In-Store,EMP939,1,0,Same Day,1,AED
ORD112419,31-12-2024,BR91,Germany,Munich,CUST4380,PROD444,Accessories,Bluetooth Headphones,OnePlus,5,1137.51,0.19,0.18,5436.16,Net Banking,In-Store,EMP494,2,0,Standard,7,GBP
ORD112420,18-12-2023,BR118,Germany,Berlin,CUST9228,PROD851,TV,LG OLED 48,Samsung,3,961.02,0.18,0.18,2789.65,Net Banking,In-Store,EMP829,1,1,Express,8,GBP
ORD112421,19-08-2023,BR63,India,Pune,CUST6918,PROD157,TV,LG OLED 48,Apple,4,1059.14,0.28,0.18,3599.38,Debit Card,In-Store,EMP335,0,1,Standard,3,EUR
ORD112422,08-04-2023,BR57,India,Bangalore,CUST5392,PROD421,Mobile,OnePlus 11,Lenovo,3,1783.9,0.25,0.18,4736.25,Net Banking,Online,EMP764,2,0,Express,10,INR
ORD112423,16-04-2024,BR119,Germany,Munich,CUST8308,PROD587,Mobile,OnePlus 11,Sony,3,1410.54,0.15,0.18,4244.31,Debit Card,Online,EMP440,2,1,Express,6,EUR
ORD112424,16-06-2023,BR35,UK,London,CUST8887,PROD874,Laptop,MacBook Air M2,OnePlus,2,835.51,0.3,0.18,1380.26,Debit Card,In-Store,EMP447,1,1,Same Day,5,EUR
ORD112425,11-10-2023,BR50,Germany,Berlin,CUST8236,PROD247,Accessories,Wireless Mouse,LG,1,148.21,0.29,0.18,124.17,Cash,In-Store,EMP677,1,1,Same Day,3,INR
ORD112426,23-06-2024,BR86,UK,London,CUST9057,PROD598,Tablet,iPad Air,Apple,3,1418.37,0.11,0.18,4468.72,Cash,In-Store,EMP967,2,0,Express,5,EUR
ORD112427,03-07-2024,BR29,UAE,Abu Dhabi,CUST2575,PROD773,Tablet,iPad Air,Sony,2,1795.44,0.17,0.18,3516.91,Debit Card,In-Store,EMP472,3,0,Standard,9,EUR
ORD112428,18-10-2023,BR62,UAE,Dubai,CUST3271,PROD159,TV,LG OLED 48,Dell,4,647.27,0.13,0.18,2657.95,Credit Card,Online,EMP904,1,1,Standard,7,EUR
ORD112429,12-06-2023,BR3,UAE,Abu Dhabi,CUST3641,PROD682,TV,Sony Bravia 55,Lenovo,2,423.93,0.15,0.18,850.4,Cash,In-Store,EMP633,1,1,Same Day,3,AED
ORD112430,19-03-2023,BR47,UK,London,CUST2721,PROD204,Tablet,Samsung Galaxy Tab,Sony,4,510.86,0.25,0.18,1808.44,Net Banking,Online,EMP423,3,1,Standard,9,EUR
ORD112431,22-04-2023,BR59,UAE,Dubai,CUST6483,PROD276,TV,Samsung QLED 50,Dell,5,272.19,0.24,0.18,1220.5,UPI,Online,EMP272,1,1,Same Day,5,INR
ORD112432,23-09-2024,BR40,UK,Birmingham,CUST6683,PROD128,TV,Sony Bravia 55,OnePlus,4,67.11,0.2,0.18,253.41,Net Banking,Online,EMP827,2,1,Standard,6,GBP
ORD112433,02-04-2024,BR50,India,Bangalore,CUST6423,PROD745,Mobile,OnePlus 11,HP,2,1874.34,0.24,0.18,3361.82,Cash,Online,EMP810,2,1,Same Day,9,USD
ORD112434,27-12-2024,BR67,UAE,Dubai,CUST5838,PROD179,TV,LG OLED 48,Samsung,1,1839.33,0.11,0.18,1931.66,Cash,Online,EMP502,1,0,Standard,10,EUR
ORD112435,07-09-2023,BR72,USA,Dallas,CUST6389,PROD512,TV,Sony Bravia 55,Apple,3,527.77,0.07,0.18,1737.52,Debit Card,In-Store,EMP280,1,0,Same Day,7,USD
ORD112436,15-12-2023,BR61,USA,Los Angeles,CUST7784,PROD721,Tablet,Lenovo Tab P11,Apple,2,311.24,0.25,0.18,550.89,Net Banking,In-Store,EMP343,0,1,Express,4,GBP
ORD112437,15-05-2024,BR17,Germany,Hamburg,CUST8759,PROD886,Tablet,Lenovo Tab P11,Lenovo,3,1581.12,0.01,0.18,5541.19,UPI,Online,EMP724,3,1,Standard,2,AED
ORD112438,09-11-2024,BR94,Germany,Munich,CUST3817,PROD312,Laptop,HP Spectre x360,Samsung,4,1853.58,0.11,0.18,7786.52,Debit Card,In-Store,EMP644,1,1,Express,2,EUR
ORD112439,20-04-2023,BR33,UAE,Abu Dhabi,CUST9245,PROD324,Tablet,iPad Air,OnePlus,2,828.62,0.18,0.18,1603.55,UPI,In-Store,EMP687,0,0,Standard,8,AED
ORD112440,19-03-2023,BR43,UK,Birmingham,CUST6883,PROD934,Mobile,OnePlus 11,LG,1,1120.11,0.09,0.18,1202.77,Net Banking,Online,EMP655,1,0,Standard,6,GBP
ORD112441,09-03-2024,BR74,UK,Manchester,CUST8007,PROD357,Accessories,Wireless Mouse,Sony,4,699.53,0.25,0.18,2476.34,UPI,Online,EMP465,0,0,Standard,8,INR
ORD112442,10-05-2024,BR116,India,Bangalore,CUST7809,PROD878,Mobile,Samsung Galaxy S23,Apple,4,1776.83,0.13,0.18,7296.37,Debit Card,In-Store,EMP955,2,1,Standard,10,AED
ORD112443,04-05-2024,BR44,India,Pune,CUST2269,PROD664,Laptop,Dell XPS 13,Lenovo,2,712.27,0.17,0.18,1395.19,Net Banking,In-Store,EMP326,2,0,Standard,5,GBP
ORD112444,23-10-2023,BR50,UK,Manchester,CUST4596,PROD369,TV,LG OLED 48,LG,3,1794.35,0.13,0.18,5526.24,Net Banking,Online,EMP959,3,1,Express,1,INR
ORD112445,05-05-2024,BR111,UAE,Dubai,CUST6653,PROD173,Laptop,HP Spectre x360,HP,1,998.1,0.29,0.18,836.21,Net Banking,In-Store,EMP982,3,1,Standard,5,EUR
ORD112446,27-04-2024,BR38,UAE,Abu Dhabi,CUST2028,PROD873,Laptop,MacBook Air M2,Samsung,2,94.66,0.18,0.18,183.19,Cash,In-Store,EMP810,3,1,Same Day,10,USD
ORD112447,07-06-2023,BR64,UAE,Dubai,CUST5255,PROD838,Laptop,MacBook Air M2,Dell,1,114.08,0.25,0.18,100.96,UPI,In-Store,EMP557,3,0,Same Day,5,EUR
ORD112448,29-08-2023,BR78,USA,Dallas,CUST3581,PROD516,Laptop,Dell XPS 13,Samsung,4,1914.3,0.03,0.18,8764.43,Debit Card,Online,EMP815,0,1,Same Day,9,EUR
ORD112449,19-05-2023,BR89,Germany,Munich,CUST6309,PROD210,Mobile,Samsung Galaxy S23,Samsung,4,1485.32,0.03,0.18,6800.39,Credit Card,Online,EMP759,1,1,Same Day,2,EUR
ORD112450,27-03-2024,BR24,USA,New York,CUST6536,PROD885,Tablet,Lenovo Tab P11,LG,5,605.38,0.28,0.18,2571.65,Debit Card,Online,EMP374,3,1,Same Day,6,AED
ORD112451,13-09-2024,BR91,UK,London,CUST2965,PROD525,Tablet,iPad Air,OnePlus,1,918.1,0.14,0.18,931.69,Credit Card,In-Store,EMP618,3,0,Same Day,2,GBP
ORD112452,08-09-2023,BR37,UAE,Dubai,CUST8563,PROD414,Mobile,Samsung Galaxy S23,Dell,4,1773.65,0.15,0.18,7115.88,Credit Card,In-Store,EMP615,0,0,Express,9,EUR
ORD112453,11-02-2023,BR89,UAE,Dubai,CUST8056,PROD588,Laptop,Dell XPS 13,Apple,3,1428.1,0.06,0.18,4752.15,Net Banking,In-Store,EMP828,2,0,Same Day,5,EUR
ORD112454,03-10-2023,BR34,Germany,Hamburg,CUST6892,PROD778,TV,Sony Bravia 55,Sony,5,267.76,0.04,0.18,1516.59,Credit Card,Online,EMP239,3,0,Same Day,8,AED
ORD112455,05-05-2024,BR2,USA,Dallas,CUST5929,PROD187,TV,Sony Bravia 55,Lenovo,5,765.31,0.05,0.18,4289.56,Credit Card,In-Store,EMP804,1,0,Same Day,6,EUR
ORD112456,21-05-2024,BR2,UAE,Dubai,CUST6967,PROD270,Tablet,Samsung Galaxy Tab,Apple,2,798.68,0.23,0.18,1451.36,Credit Card,Online,EMP482,2,0,Standard,9,GBP
ORD112457,15-03-2024,BR88,UAE,Abu Dhabi,CUST6506,PROD468,Mobile,iPhone 14,HP,4,185.79,0.03,0.18,850.62,Credit Card,In-Store,EMP373,3,1,Same Day,7,GBP
ORD112458,13-02-2023,BR70,UAE,Dubai,CUST9497,PROD841,Mobile,Samsung Galaxy S23,Apple,2,389.3,0.15,0.18,780.94,UPI,Online,EMP845,1,0,Express,8,USD
ORD112459,14-05-2023,BR7,UK,London,CUST5782,PROD195,Tablet,Lenovo Tab P11,Lenovo,2,1093.28,0.12,0.18,2270.52,Credit Card,In-Store,EMP665,2,1,Express,8,INR
ORD112460,23-02-2023,BR109,India,Mumbai,CUST5338,PROD628,Tablet,Samsung Galaxy Tab,Dell,3,658.14,0.23,0.18,1793.96,Credit Card,In-Store,EMP647,2,0,Same Day,6,GBP
ORD112461,06-07-2024,BR54,UAE,Dubai,CUST4948,PROD622,Tablet,Lenovo Tab P11,LG,4,1682.61,0.09,0.18,7227.15,UPI,In-Store,EMP692,2,0,Same Day,2,USD
ORD112462,26-02-2023,BR68,Germany,Munich,CUST7730,PROD944,Laptop,Dell XPS 13,LG,2,901.03,0.04,0.18,2041.37,Net Banking,Online,EMP440,2,0,Express,8,EUR
ORD112463,14-06-2024,BR34,India,Mumbai,CUST2034,PROD735,Accessories,Keyboard,Dell,4,764.58,0.16,0.18,3031.41,Debit Card,Online,EMP939,3,1,Express,9,USD
ORD112464,24-04-2023,BR95,UAE,Dubai,CUST3796,PROD861,Mobile,Samsung Galaxy S23,Apple,2,1001.36,0.05,0.18,2245.05,Cash,Online,EMP879,3,1,Same Day,3,EUR
ORD112465,11-08-2023,BR5,USA,New York,CUST5940,PROD792,Laptop,MacBook Air M2,Samsung,5,748.62,0.04,0.18,4240.18,Cash,Online,EMP951,0,1,Express,9,EUR
ORD112466,13-11-2024,BR86,UK,Birmingham,CUST5202,PROD327,Mobile,iPhone 14,HP,5,1878.58,0.13,0.18,9642.75,Cash,Online,EMP711,2,1,Same Day,6,EUR
ORD112467,26-01-2024,BR25,India,Pune,CUST2644,PROD506,Tablet,Samsung Galaxy Tab,Sony,3,1612.57,0.29,0.18,4053.03,UPI,Online,EMP855,0,1,Same Day,7,USD
ORD112468,24-06-2023,BR10,India,Delhi,CUST5613,PROD541,Accessories,Wireless Mouse,OnePlus,4,1882.89,0.2,0.18,7109.79,Credit Card,In-Store,EMP216,0,0,Same Day,1,INR
ORD112469,12-10-2024,BR107,India,Bangalore,CUST8616,PROD306,TV,Sony Bravia 55,Sony,3,1456.55,0.06,0.18,4846.82,Debit Card,In-Store,EMP922,3,0,Standard,2,EUR
ORD112470,28-04-2023,BR85,UK,London,CUST7460,PROD607,Laptop,HP Spectre x360,LG,4,421.29,0.19,0.18,1610.68,Credit Card,In-Store,EMP836,3,1,Same Day,10,EUR
ORD112471,16-08-2024,BR90,USA,Dallas,CUST3524,PROD105,Tablet,Samsung Galaxy Tab,Dell,3,211.27,0.03,0.18,725.46,Debit Card,In-Store,EMP697,1,1,Express,2,INR
ORD112472,23-10-2024,BR81,UAE,Abu Dhabi,CUST2102,PROD606,Laptop,MacBook Air M2,Lenovo,3,651.39,0.3,0.18,1614.14,UPI,In-Store,EMP346,0,0,Same Day,2,INR
ORD112473,30-12-2024,BR18,India,Bangalore,CUST4924,PROD674,Tablet,Samsung Galaxy Tab,HP,5,1185.3,0.23,0.18,5384.82,Credit Card,In-Store,EMP439,1,1,Standard,1,EUR
ORD112474,26-07-2024,BR69,UAE,Dubai,CUST9943,PROD244,Accessories,Bluetooth Headphones,HP,3,528.49,0.06,0.18,1758.6,Net Banking,In-Store,EMP335,0,0,Same Day,7,AED
ORD112475,20-07-2023,BR58,Germany,Hamburg,CUST2255,PROD664,Tablet,Lenovo Tab P11,Apple,4,1247.46,0.26,0.18,4357.13,Cash,In-Store,EMP320,1,1,Standard,5,AED
ORD112476,03-07-2024,BR96,India,Bangalore,CUST6498,PROD357,Accessories,Keyboard,Dell,1,1357.98,0.08,0.18,1474.22,UPI,Online,EMP667,3,0,Express,3,USD
ORD112477,21-02-2024,BR115,UAE,Dubai,CUST5655,PROD176,Mobile,OnePlus 11,Lenovo,1,495.42,0.2,0.18,467.68,Credit Card,In-Store,EMP382,3,1,Express,1,AED
ORD112478,31-05-2023,BR93,Germany,Berlin,CUST7778,PROD608,TV,Sony Bravia 55,Lenovo,1,1317.77,0.19,0.18,1259.52,Net Banking,Online,EMP796,1,0,Same Day,10,GBP
ORD112479,20-06-2024,BR44,UK,Manchester,CUST3786,PROD147,TV,Samsung QLED 50,LG,1,373.7,0.25,0.18,330.72,Credit Card,Online,EMP612,3,0,Same Day,4,GBP
ORD112480,13-02-2024,BR95,USA,Los Angeles,CUST8979,PROD139,Laptop,MacBook Air M2,Samsung,5,1006.32,0.1,0.18,5343.56,Net Banking,Online,EMP630,1,1,Standard,8,GBP
ORD112481,25-06-2023,BR81,UAE,Dubai,CUST2550,PROD844,Laptop,MacBook Air M2,LG,2,930.06,0.15,0.18,1865.7,Debit Card,Online,EMP357,2,1,Standard,6,EUR
ORD112482,21-11-2023,BR118,UK,Manchester,CUST8864,PROD140,Tablet,Samsung Galaxy Tab,Lenovo,4,1864,0.1,0.18,7918.27,Credit Card,In-Store,EMP730,2,1,Standard,5,EUR
ORD112483,15-01-2023,BR61,UAE,Abu Dhabi,CUST1259,PROD367,Tablet,Samsung Galaxy Tab,Samsung,4,1292.12,0.24,0.18,4635.09,Cash,Online,EMP490,1,0,Same Day,3,GBP
ORD112484,15-09-2023,BR102,UAE,Abu Dhabi,CUST3386,PROD418,TV,Sony Bravia 55,Apple,1,55.91,0.2,0.18,52.78,UPI,Online,EMP214,2,1,Same Day,7,GBP
ORD112485,13-08-2024,BR6,UK,Manchester,CUST7577,PROD544,Laptop,MacBook Air M2,Sony,1,266.72,0.16,0.18,264.37,UPI,In-Store,EMP996,1,1,Same Day,6,INR
ORD112486,19-04-2024,BR26,India,Delhi,CUST2239,PROD426,TV,Sony Bravia 55,Dell,3,969.71,0.02,0.18,3364.12,Credit Card,In-Store,EMP872,0,1,Express,4,AED
ORD112487,26-07-2023,BR19,USA,Los Angeles,CUST1047,PROD671,Mobile,iPhone 14,Apple,2,94.34,0.21,0.18,175.89,Net Banking,Online,EMP999,2,1,Standard,6,EUR
ORD112488,24-06-2024,BR50,UK,Manchester,CUST4434,PROD908,Tablet,iPad Air,Samsung,1,720.32,0.12,0.18,747.98,Net Banking,Online,EMP648,0,0,Express,5,USD
ORD112489,14-09-2024,BR62,India,Delhi,CUST5121,PROD470,Accessories,Wireless Mouse,Apple,1,430.43,0.29,0.18,360.61,Cash,In-Store,EMP509,2,0,Express,6,GBP
ORD112490,07-07-2024,BR55,UAE,Dubai,CUST8537,PROD907,TV,Samsung QLED 50,Lenovo,2,568.53,0.21,0.18,1059.97,Credit Card,Online,EMP644,0,0,Standard,7,AED
ORD112491,08-11-2024,BR44,India,Mumbai,CUST4684,PROD658,Accessories,Wireless Mouse,Samsung,5,1779.54,0.04,0.18,10079.31,Debit Card,Online,EMP727,2,0,Standard,2,AED
ORD112492,29-01-2023,BR19,USA,New York,CUST6766,PROD194,Tablet,iPad Air,Samsung,4,541.08,0.28,0.18,1838.81,UPI,In-Store,EMP456,3,0,Standard,6,USD
ORD112493,17-08-2024,BR5,USA,Los Angeles,CUST8623,PROD150,Tablet,Lenovo Tab P11,HP,2,423.11,0.14,0.18,858.74,Net Banking,Online,EMP807,3,1,Express,2,INR
ORD112494,11-10-2024,BR62,India,Pune,CUST5060,PROD840,Accessories,Wireless Mouse,Sony,2,448.11,0.16,0.18,888.33,UPI,Online,EMP237,2,0,Same Day,5,INR
ORD112495,23-02-2023,BR93,India,Pune,CUST5825,PROD712,Tablet,iPad Air,LG,5,1000.29,0.12,0.18,5193.51,Credit Card,Online,EMP631,2,0,Standard,7,USD
ORD112496,15-11-2024,BR9,UK,London,CUST7151,PROD778,TV,LG OLED 48,HP,3,991.86,0.18,0.18,2879.17,Credit Card,In-Store,EMP342,3,1,Standard,2,INR
ORD112497,07-02-2024,BR18,USA,New York,CUST4233,PROD483,Laptop,Dell XPS 13,Dell,4,824.19,0.22,0.18,3034.34,UPI,In-Store,EMP650,3,1,Standard,5,AED
ORD112498,16-07-2024,BR52,UAE,Abu Dhabi,CUST6732,PROD777,Mobile,iPhone 14,OnePlus,3,987.92,0.23,0.18,2692.87,Net Banking,Online,EMP537,3,1,Express,8,INR
ORD112499,04-09-2023,BR29,Germany,Hamburg,CUST1607,PROD589,Laptop,HP Spectre x360,Lenovo,5,1902.24,0.13,0.18,9764.2,Cash,Online,EMP758,0,0,Same Day,1,EUR
ORD112500,05-03-2024,BR116,USA,Los Angeles,CUST3637,PROD404,Accessories,Bluetooth Headphones,Samsung,4,1297.02,0.01,0.18,6060.72,Debit Card,Online,EMP594,3,1,Standard,8,EUR
ORD112501,02-08-2024,BR110,India,Delhi,CUST3182,PROD185,Accessories,Keyboard,HP,4,1029.47,0.02,0.18,4761.92,Net Banking,Online,EMP394,2,1,Same Day,5,INR
ORD112502,24-12-2023,BR64,USA,Dallas,CUST5287,PROD686,Laptop,Dell XPS 13,Samsung,1,975.23,0.2,0.18,920.62,Net Banking,In-Store,EMP531,1,1,Express,5,INR
ORD112503,22-04-2023,BR90,UK,Manchester,CUST5931,PROD742,Laptop,MacBook Air M2,HP,2,476.98,0.02,0.18,1103.16,Credit Card,In-Store,EMP534,0,1,Same Day,6,EUR
ORD112504,02-09-2024,BR104,India,Pune,CUST5929,PROD902,Mobile,OnePlus 11,HP,2,1613.05,0.22,0.18,2969.3,Net Banking,Online,EMP484,1,0,Same Day,7,USD
ORD112505,12-05-2023,BR73,India,Bangalore,CUST5378,PROD951,Tablet,iPad Air,Samsung,5,273.33,0.06,0.18,1515.89,Net Banking,In-Store,EMP243,2,0,Same Day,6,GBP
ORD112506,21-04-2024,BR64,UK,London,CUST2213,PROD752,Tablet,Samsung Galaxy Tab,Apple,5,341.13,0.22,0.18,1569.88,UPI,In-Store,EMP597,3,0,Same Day,8,INR
ORD112507,20-04-2024,BR112,Germany,Munich,CUST2911,PROD274,Tablet,Lenovo Tab P11,OnePlus,3,545.61,0.03,0.18,1873.52,Credit Card,In-Store,EMP676,0,0,Express,10,GBP
ORD112508,07-03-2023,BR46,UK,Manchester,CUST2992,PROD447,TV,LG OLED 48,Sony,3,1228.36,0.27,0.18,3174.33,Credit Card,In-Store,EMP642,3,1,Express,10,AED
ORD112509,10-08-2024,BR119,India,Pune,CUST2987,PROD106,Laptop,HP Spectre x360,Sony,1,1626.02,0.11,0.18,1707.65,Credit Card,Online,EMP403,0,1,Same Day,10,USD
ORD112510,01-08-2024,BR37,UK,Birmingham,CUST5893,PROD638,Tablet,Lenovo Tab P11,HP,4,1722.4,0,0.18,8129.73,Net Banking,In-Store,EMP449,0,0,Standard,8,EUR
ORD112511,11-10-2024,BR108,UAE,Dubai,CUST7653,PROD590,Tablet,Lenovo Tab P11,LG,4,889.02,0.06,0.18,3944.4,Debit Card,In-Store,EMP868,1,1,Same Day,5,AED
ORD112512,22-06-2024,BR57,UK,London,CUST5904,PROD868,TV,LG OLED 48,OnePlus,5,964.77,0.03,0.18,5521.38,Credit Card,Online,EMP842,0,0,Same Day,3,INR
ORD112513,03-10-2023,BR20,USA,Chicago,CUST5872,PROD653,TV,Sony Bravia 55,OnePlus,3,637.08,0.19,0.18,1826.76,UPI,Online,EMP332,2,0,Standard,8,GBP
ORD112514,19-03-2023,BR68,UK,Manchester,CUST6153,PROD777,Tablet,iPad Air,Lenovo,3,1546.29,0.16,0.18,4598.05,Cash,In-Store,EMP977,3,0,Same Day,5,AED
ORD112515,12-11-2024,BR83,India,Mumbai,CUST4761,PROD499,Tablet,iPad Air,LG,3,1507.89,0.21,0.18,4216.97,UPI,Online,EMP431,0,0,Same Day,10,INR
ORD112516,28-07-2023,BR85,USA,Chicago,CUST8704,PROD762,Accessories,Wireless Mouse,OnePlus,1,1106.79,0.02,0.18,1279.89,Debit Card,In-Store,EMP365,1,1,Standard,5,AED
ORD112517,25-01-2023,BR103,USA,Chicago,CUST1184,PROD226,TV,Samsung QLED 50,LG,2,1813.43,0.01,0.18,4236.9,Cash,In-Store,EMP455,1,0,Same Day,4,EUR
ORD112518,20-10-2023,BR104,UAE,Dubai,CUST8488,PROD649,TV,Sony Bravia 55,Samsung,4,98.69,0.22,0.18,363.34,UPI,Online,EMP312,1,1,Same Day,4,AED
ORD112519,08-02-2023,BR100,USA,Los Angeles,CUST8016,PROD510,Accessories,Bluetooth Headphones,Sony,5,1595.15,0.15,0.18,7999.68,UPI,Online,EMP573,2,0,Standard,5,AED
ORD112520,07-08-2024,BR40,UK,Manchester,CUST3724,PROD478,Tablet,Lenovo Tab P11,Apple,5,1527.87,0.1,0.18,8112.99,Cash,In-Store,EMP348,2,1,Express,5,AED
ORD112521,04-02-2024,BR31,India,Mumbai,CUST1870,PROD932,Tablet,iPad Air,Apple,1,1918.67,0.2,0.18,1811.22,Cash,In-Store,EMP436,1,1,Standard,4,GBP
ORD112522,07-11-2023,BR105,India,Mumbai,CUST8595,PROD218,Laptop,HP Spectre x360,Samsung,5,1621,0.25,0.18,7172.93,Cash,Online,EMP871,2,1,Standard,7,AED
ORD112523,24-07-2024,BR1,UK,London,CUST5374,PROD803,Laptop,MacBook Air M2,OnePlus,5,1894.18,0.06,0.18,10505.12,Net Banking,Online,EMP341,3,0,Standard,2,EUR
ORD112524,05-12-2023,BR12,UK,London,CUST7345,PROD836,Mobile,iPhone 14,Apple,2,1127.96,0.27,0.18,1943.25,UPI,In-Store,EMP866,0,1,Same Day,8,USD
ORD112525,23-08-2024,BR5,UAE,Dubai,CUST5651,PROD555,Laptop,HP Spectre x360,HP,5,924.39,0.29,0.18,3872.27,Debit Card,In-Store,EMP949,3,0,Express,5,AED
ORD112526,20-08-2024,BR43,UK,London,CUST7764,PROD140,TV,Samsung QLED 50,Lenovo,5,1027.49,0.2,0.18,4849.75,Net Banking,Online,EMP287,1,1,Same Day,4,GBP
ORD112527,02-06-2024,BR8,UAE,Abu Dhabi,CUST6021,PROD852,Accessories,Bluetooth Headphones,Sony,5,1222.73,0.06,0.18,6781.26,UPI,In-Store,EMP504,0,0,Standard,6,GBP
ORD112528,10-07-2023,BR41,USA,Dallas,CUST6414,PROD401,Mobile,iPhone 14,OnePlus,1,839.7,0.14,0.18,852.13,Credit Card,In-Store,EMP983,2,0,Standard,4,INR
ORD112529,24-07-2024,BR94,USA,Los Angeles,CUST7140,PROD263,Tablet,Lenovo Tab P11,Apple,1,194.32,0.18,0.18,188.02,Cash,In-Store,EMP964,3,0,Same Day,8,INR
ORD112530,13-09-2024,BR70,UAE,Dubai,CUST6034,PROD606,Accessories,Wireless Mouse,Lenovo,2,553.93,0.2,0.18,1045.82,Credit Card,Online,EMP492,0,0,Standard,6,INR
ORD112531,21-02-2024,BR92,UK,Manchester,CUST7261,PROD339,Laptop,HP Spectre x360,Apple,4,1350.34,0.23,0.18,4907.68,UPI,Online,EMP503,2,1,Same Day,6,INR
ORD112532,24-07-2024,BR75,USA,Los Angeles,CUST1508,PROD882,Tablet,iPad Air,HP,4,1827.57,0.08,0.18,7936.04,Cash,In-Store,EMP967,0,1,Standard,2,EUR
ORD112533,03-05-2024,BR38,India,Bangalore,CUST1922,PROD442,TV,Samsung QLED 50,OnePlus,5,694.94,0.05,0.18,3895.14,Debit Card,Online,EMP338,1,1,Express,10,EUR
ORD112534,04-02-2023,BR80,USA,Chicago,CUST8177,PROD728,Laptop,HP Spectre x360,Apple,1,1685.31,0.24,0.18,1511.39,Cash,Online,EMP789,0,0,Express,4,USD
ORD112535,03-09-2023,BR119,USA,Dallas,CUST4624,PROD583,Tablet,iPad Air,Samsung,2,397.12,0.05,0.18,890.34,Debit Card,Online,EMP598,2,1,Same Day,8,EUR
ORD112536,21-04-2024,BR102,UK,Manchester,CUST6050,PROD861,Mobile,Samsung Galaxy S23,HP,4,228.45,0.04,0.18,1035.15,Net Banking,In-Store,EMP281,1,0,Same Day,4,INR
ORD112537,31-01-2023,BR39,UAE,Dubai,CUST2427,PROD121,Mobile,OnePlus 11,Apple,4,1736.06,0.25,0.18,6145.65,UPI,Online,EMP454,0,1,Standard,2,USD
ORD112538,28-08-2024,BR117,UK,Birmingham,CUST3628,PROD792,Laptop,HP Spectre x360,OnePlus,2,1674.63,0.1,0.18,3556.91,Credit Card,Online,EMP691,2,0,Express,2,EUR
ORD112539,26-01-2023,BR10,UAE,Abu Dhabi,CUST6575,PROD564,TV,Sony Bravia 55,Samsung,2,129.18,0.29,0.18,216.45,Debit Card,Online,EMP631,1,1,Standard,10,AED
ORD112540,14-10-2023,BR21,India,Bangalore,CUST3509,PROD749,Laptop,Dell XPS 13,Lenovo,4,1192.37,0.11,0.18,5008.91,Debit Card,In-Store,EMP352,3,1,Same Day,10,AED
ORD112541,14-04-2023,BR109,India,Delhi,CUST8044,PROD620,Laptop,Dell XPS 13,Samsung,4,781.72,0.29,0.18,2619.7,Cash,Online,EMP355,2,1,Standard,3,EUR
ORD112542,20-06-2024,BR5,UK,Birmingham,CUST1147,PROD619,Laptop,Dell XPS 13,Samsung,1,1660.7,0.14,0.18,1685.28,Debit Card,In-Store,EMP866,2,1,Same Day,1,GBP
ORD112543,16-06-2023,BR68,Germany,Munich,CUST4157,PROD741,Tablet,Lenovo Tab P11,HP,3,97.7,0.15,0.18,293.98,Cash,In-Store,EMP481,2,1,Standard,9,USD
ORD112544,11-03-2024,BR120,UAE,Dubai,CUST2396,PROD367,Laptop,MacBook Air M2,OnePlus,1,1010.87,0.02,0.18,1168.97,Credit Card,Online,EMP945,3,1,Standard,9,INR
ORD112545,08-02-2023,BR43,Germany,Munich,CUST4630,PROD891,Accessories,Bluetooth Headphones,Samsung,5,435.86,0.19,0.18,2082.97,Credit Card,Online,EMP760,3,1,Express,7,GBP
ORD112546,24-10-2024,BR21,USA,Los Angeles,CUST4544,PROD593,TV,Sony Bravia 55,Apple,3,577.74,0.11,0.18,1820.23,Credit Card,In-Store,EMP474,3,0,Express,9,INR
ORD112547,08-07-2024,BR22,India,Pune,CUST6576,PROD167,Accessories,Bluetooth Headphones,Apple,3,1428.22,0.12,0.18,4449.19,UPI,In-Store,EMP204,3,1,Express,8,EUR
ORD112548,06-05-2024,BR105,India,Delhi,CUST2796,PROD390,Tablet,Samsung Galaxy Tab,Apple,1,629.99,0.26,0.18,550.11,Debit Card,Online,EMP419,0,1,Express,2,AED
ORD112549,26-08-2024,BR107,UAE,Abu Dhabi,CUST6635,PROD762,Accessories,Wireless Mouse,Dell,5,1396.77,0.11,0.18,7334.44,Debit Card,Online,EMP733,0,1,Express,7,USD
ORD112550,01-08-2023,BR23,UK,London,CUST5906,PROD719,Tablet,iPad Air,Samsung,5,458.67,0.17,0.18,2246.11,Credit Card,Online,EMP258,2,0,Standard,2,GBP
ORD112551,14-04-2023,BR94,UK,London,CUST1185,PROD994,Accessories,Bluetooth Headphones,Samsung,5,1304.06,0.09,0.18,7001.5,Debit Card,In-Store,EMP738,3,0,Standard,6,EUR
ORD112552,15-01-2024,BR34,India,Bangalore,CUST7594,PROD785,Mobile,OnePlus 11,Samsung,5,1029.32,0.08,0.18,5587.15,Debit Card,Online,EMP770,0,1,Express,2,INR
ORD112553,13-04-2023,BR83,UK,Manchester,CUST1987,PROD119,Laptop,HP Spectre x360,Lenovo,2,851.8,0.12,0.18,1769.02,Cash,Online,EMP697,1,1,Standard,9,INR
ORD112554,25-08-2023,BR14,India,Delhi,CUST1737,PROD823,Mobile,Samsung Galaxy S23,OnePlus,1,1881.27,0.12,0.18,1953.51,Cash,In-Store,EMP884,1,0,Express,4,INR
ORD112555,01-08-2024,BR22,UK,Manchester,CUST4650,PROD364,Accessories,Bluetooth Headphones,OnePlus,5,332.44,0.22,0.18,1529.89,Credit Card,Online,EMP286,2,1,Same Day,5,GBP
ORD112556,18-09-2023,BR81,India,Delhi,CUST3614,PROD476,Accessories,Bluetooth Headphones,OnePlus,2,1258.65,0.13,0.18,2584.26,Cash,Online,EMP322,2,1,Express,9,GBP
ORD112557,23-06-2023,BR95,UAE,Dubai,CUST6385,PROD982,Accessories,Keyboard,Dell,5,804.57,0.16,0.18,3987.45,Debit Card,Online,EMP518,0,1,Same Day,8,GBP
ORD112558,22-04-2023,BR23,India,Pune,CUST9963,PROD506,Mobile,Samsung Galaxy S23,LG,4,1694.83,0.06,0.18,7519.62,Credit Card,In-Store,EMP844,1,1,Express,5,EUR
ORD112559,21-05-2024,BR65,USA,Los Angeles,CUST6902,PROD205,Mobile,iPhone 14,Apple,1,1812.73,0.14,0.18,1839.56,Cash,In-Store,EMP588,1,1,Same Day,6,GBP
ORD112560,25-07-2024,BR56,UK,Manchester,CUST7050,PROD397,Laptop,HP Spectre x360,Sony,4,146.12,0.16,0.18,579.34,Credit Card,In-Store,EMP231,2,1,Standard,8,INR
ORD112561,16-01-2023,BR99,UAE,Dubai,CUST4273,PROD630,Mobile,OnePlus 11,Samsung,1,1947.58,0.14,0.18,1976.4,Debit Card,In-Store,EMP264,2,0,Standard,3,AED
ORD112562,06-06-2024,BR18,India,Pune,CUST6421,PROD859,Mobile,OnePlus 11,Sony,5,321.07,0.07,0.18,1761.71,Debit Card,Online,EMP791,2,0,Standard,10,AED
ORD112563,06-08-2024,BR103,India,Mumbai,CUST5516,PROD625,TV,Sony Bravia 55,OnePlus,2,752.81,0.1,0.18,1598.97,Credit Card,In-Store,EMP707,1,1,Same Day,4,AED
ORD112564,28-11-2024,BR46,Germany,Munich,CUST5145,PROD782,Accessories,Bluetooth Headphones,Dell,3,415.14,0.22,0.18,1146.28,Net Banking,Online,EMP856,3,0,Standard,6,INR
ORD112565,01-01-2024,BR69,UK,Manchester,CUST8757,PROD352,TV,Sony Bravia 55,HP,3,1187.25,0.26,0.18,3110.12,Credit Card,Online,EMP468,0,1,Standard,3,INR
ORD112566,29-03-2024,BR106,Germany,Munich,CUST3695,PROD282,Tablet,iPad Air,Sony,2,1758.1,0.13,0.18,3609.73,Net Banking,In-Store,EMP636,2,0,Express,8,AED
ORD112567,23-07-2024,BR38,USA,Chicago,CUST6285,PROD444,Tablet,iPad Air,OnePlus,4,699.29,0.07,0.18,3069.6,Cash,In-Store,EMP714,0,0,Standard,8,AED
ORD112568,14-10-2024,BR102,USA,Los Angeles,CUST8607,PROD526,Laptop,MacBook Air M2,Apple,2,1339.33,0.25,0.18,2370.61,UPI,In-Store,EMP956,1,0,Same Day,4,INR
ORD112569,26-11-2024,BR24,UK,London,CUST9076,PROD251,TV,Samsung QLED 50,Dell,3,140.93,0.22,0.18,389.14,UPI,Online,EMP504,2,0,Express,3,GBP
ORD112570,16-07-2024,BR70,UAE,Dubai,CUST2757,PROD689,Laptop,MacBook Air M2,Lenovo,1,401.84,0.09,0.18,431.5,Credit Card,In-Store,EMP418,1,0,Standard,4,GBP
ORD112571,05-02-2024,BR41,UAE,Abu Dhabi,CUST1497,PROD901,Tablet,iPad Air,OnePlus,3,925.44,0.03,0.18,3177.78,Net Banking,In-Store,EMP464,3,1,Same Day,7,USD
ORD112572,28-06-2024,BR60,UAE,Dubai,CUST9581,PROD136,Accessories,Wireless Mouse,Sony,3,1608.06,0.04,0.18,5464.83,Net Banking,Online,EMP668,3,1,Standard,8,AED
ORD112573,05-04-2024,BR24,Germany,Hamburg,CUST4891,PROD887,TV,LG OLED 48,OnePlus,2,89.7,0.26,0.18,156.65,Credit Card,In-Store,EMP298,1,1,Standard,7,AED
ORD112574,26-11-2024,BR57,UK,London,CUST4056,PROD869,Accessories,Keyboard,Apple,3,1372.17,0.18,0.18,3983.14,Cash,Online,EMP520,3,1,Express,5,INR
ORD112575,01-11-2023,BR5,UAE,Abu Dhabi,CUST8468,PROD721,Mobile,Samsung Galaxy S23,OnePlus,5,1082.92,0.09,0.18,5814.2,Net Banking,Online,EMP977,1,0,Express,10,GBP
ORD112576,02-04-2023,BR17,UK,Birmingham,CUST8025,PROD685,Accessories,Wireless Mouse,Apple,2,1673.78,0.2,0.18,3160.1,UPI,In-Store,EMP685,2,1,Express,8,EUR
ORD112577,11-08-2023,BR90,Germany,Hamburg,CUST9749,PROD426,TV,Sony Bravia 55,Apple,1,1838.52,0.24,0.18,1648.78,Net Banking,Online,EMP907,3,0,Express,10,EUR
ORD112578,06-02-2023,BR86,Germany,Hamburg,CUST2258,PROD598,TV,Sony Bravia 55,OnePlus,2,394.24,0.3,0.18,651.28,Cash,Online,EMP305,1,1,Standard,2,USD
ORD112579,04-05-2023,BR103,UK,Birmingham,CUST8569,PROD642,Tablet,iPad Air,HP,1,97.19,0.21,0.18,90.6,Credit Card,Online,EMP899,2,0,Express,2,USD
ORD112580,11-11-2023,BR54,USA,Los Angeles,CUST7538,PROD994,TV,LG OLED 48,HP,5,1497.57,0.01,0.18,8747.31,UPI,In-Store,EMP752,3,0,Standard,5,EUR
ORD112581,12-11-2023,BR95,UAE,Abu Dhabi,CUST7444,PROD466,Laptop,Dell XPS 13,LG,3,1476.08,0.06,0.18,4911.8,Cash,In-Store,EMP983,2,1,Same Day,4,GBP
ORD112582,08-07-2023,BR11,USA,Los Angeles,CUST4691,PROD206,Laptop,MacBook Air M2,HP,5,642.38,0.23,0.18,2918.33,Cash,Online,EMP464,1,0,Express,2,AED
ORD112583,22-04-2024,BR61,USA,Dallas,CUST6551,PROD213,Tablet,Samsung Galaxy Tab,Samsung,2,621.74,0.13,0.18,1276.56,Net Banking,Online,EMP239,2,0,Same Day,1,INR
ORD112584,12-09-2024,BR81,UAE,Dubai,CUST9495,PROD522,Mobile,OnePlus 11,Samsung,4,1417.2,0.03,0.18,6488.51,UPI,In-Store,EMP660,2,0,Standard,1,INR
ORD112585,02-07-2024,BR10,UK,Manchester,CUST1214,PROD533,TV,LG OLED 48,Sony,2,1585.1,0.17,0.18,3104.89,UPI,In-Store,EMP694,0,1,Express,4,GBP
ORD112586,26-02-2024,BR15,UAE,Dubai,CUST6280,PROD489,Accessories,Bluetooth Headphones,HP,2,878.26,0.14,0.18,1782.52,Credit Card,Online,EMP230,2,1,Express,2,USD
ORD112587,11-07-2024,BR65,UK,Birmingham,CUST4048,PROD226,Laptop,HP Spectre x360,Dell,4,345.78,0.01,0.18,1615.76,Credit Card,Online,EMP340,1,0,Express,6,EUR
ORD112588,25-05-2023,BR75,Germany,Berlin,CUST3450,PROD480,TV,Samsung QLED 50,OnePlus,3,218.52,0.1,0.18,696.2,Cash,Online,EMP226,1,0,Standard,1,INR
ORD112589,04-04-2023,BR8,India,Pune,CUST2801,PROD903,Tablet,iPad Air,Sony,1,423.07,0.05,0.18,474.26,Net Banking,In-Store,EMP503,3,1,Express,8,GBP
ORD112590,11-01-2023,BR116,UAE,Abu Dhabi,CUST8813,PROD999,Laptop,MacBook Air M2,Lenovo,5,1138.08,0.04,0.18,6446.09,Debit Card,Online,EMP285,1,1,Same Day,2,AED
ORD112591,14-05-2023,BR61,UK,London,CUST2739,PROD575,Accessories,Wireless Mouse,Sony,3,459.86,0.14,0.18,1400,UPI,In-Store,EMP806,2,0,Express,8,GBP
ORD112592,04-04-2024,BR106,UK,Birmingham,CUST6569,PROD675,Mobile,OnePlus 11,LG,2,1837.06,0.19,0.18,3511.72,Credit Card,Online,EMP255,0,0,Standard,9,INR
ORD112593,02-05-2023,BR43,India,Mumbai,CUST8309,PROD253,TV,Sony Bravia 55,Samsung,1,1065.8,0.02,0.18,1232.49,Debit Card,Online,EMP321,0,0,Same Day,5,INR
ORD112594,16-09-2023,BR15,Germany,Hamburg,CUST6497,PROD552,Tablet,Lenovo Tab P11,Samsung,5,1398.34,0.04,0.18,7920.2,Net Banking,In-Store,EMP894,1,1,Standard,5,USD
ORD112595,25-06-2024,BR4,Germany,Munich,CUST3658,PROD354,TV,LG OLED 48,Lenovo,5,1127.71,0.06,0.18,6254.28,UPI,In-Store,EMP498,1,1,Same Day,3,AED
ORD112596,23-01-2024,BR33,USA,Dallas,CUST8579,PROD877,Accessories,Wireless Mouse,HP,1,1615.17,0.19,0.18,1543.78,Net Banking,Online,EMP725,3,0,Express,2,USD
ORD112597,15-04-2023,BR33,UAE,Abu Dhabi,CUST5309,PROD702,Accessories,Keyboard,Dell,5,1896.35,0.01,0.18,11076.58,Credit Card,In-Store,EMP643,1,0,Express,3,USD
ORD112598,28-02-2023,BR59,USA,Dallas,CUST7199,PROD877,TV,Samsung QLED 50,Sony,5,1648.37,0.07,0.18,9044.61,Credit Card,In-Store,EMP827,1,1,Standard,9,EUR
ORD112599,23-08-2024,BR59,Germany,Munich,CUST1343,PROD761,Accessories,Wireless Mouse,Dell,3,538.19,0.22,0.18,1486.05,Net Banking,Online,EMP761,3,1,Express,6,USD
ORD112600,05-05-2023,BR108,Germany,Munich,CUST8275,PROD971,Accessories,Wireless Mouse,HP,1,670.89,0.21,0.18,625.4,UPI,Online,EMP864,1,0,Standard,2,AED
ORD112601,13-05-2024,BR112,Germany,Berlin,CUST7723,PROD547,TV,Samsung QLED 50,OnePlus,5,1811.71,0.3,0.18,7482.36,Cash,Online,EMP920,0,1,Express,8,INR
ORD112602,17-05-2024,BR7,USA,Chicago,CUST3510,PROD194,Mobile,iPhone 14,Apple,4,271.76,0.07,0.18,1192.92,Cash,Online,EMP980,1,0,Express,4,GBP
ORD112603,29-01-2023,BR99,USA,New York,CUST4764,PROD923,Tablet,Lenovo Tab P11,Samsung,3,880.1,0.19,0.18,2523.6,Credit Card,In-Store,EMP611,0,0,Same Day,5,USD
ORD112604,26-12-2023,BR53,India,Pune,CUST4126,PROD825,Mobile,Samsung Galaxy S23,Apple,3,1763.28,0.01,0.18,6179.59,Debit Card,Online,EMP690,2,1,Express,6,AED
ORD112605,29-09-2024,BR42,UK,Manchester,CUST6005,PROD245,Mobile,iPhone 14,OnePlus,1,913.38,0.29,0.18,765.23,Debit Card,Online,EMP289,3,1,Same Day,3,EUR
ORD112606,24-07-2023,BR20,UAE,Abu Dhabi,CUST5786,PROD390,TV,LG OLED 48,HP,3,1078.49,0.26,0.18,2825.21,Debit Card,In-Store,EMP433,1,1,Same Day,3,GBP
ORD112607,16-06-2023,BR110,UK,London,CUST9838,PROD933,Accessories,Wireless Mouse,Apple,4,1710.65,0.07,0.18,7509.07,Debit Card,Online,EMP931,2,1,Standard,2,AED
ORD112608,04-07-2023,BR25,UK,Manchester,CUST6073,PROD472,Tablet,Samsung Galaxy Tab,HP,2,1620.46,0.26,0.18,2829.97,Net Banking,Online,EMP943,2,1,Same Day,5,USD
ORD112609,26-09-2024,BR22,UAE,Dubai,CUST8498,PROD910,Tablet,Lenovo Tab P11,Sony,5,1264.46,0.16,0.18,6266.66,Credit Card,Online,EMP701,1,0,Standard,9,USD
ORD112610,03-07-2023,BR72,UAE,Abu Dhabi,CUST2390,PROD108,TV,Sony Bravia 55,Samsung,4,1687.29,0.05,0.18,7565.81,UPI,Online,EMP454,1,1,Standard,8,AED
ORD112611,01-07-2023,BR12,USA,Chicago,CUST9686,PROD244,Mobile,Samsung Galaxy S23,Dell,1,1235.9,0.08,0.18,1341.69,Debit Card,Online,EMP385,1,0,Same Day,9,INR
ORD112612,19-09-2024,BR86,UAE,Dubai,CUST7925,PROD522,Accessories,Wireless Mouse,OnePlus,3,1825.16,0.05,0.18,6138.01,Debit Card,Online,EMP953,3,1,Same Day,6,USD
ORD112613,26-07-2024,BR109,USA,Chicago,CUST4285,PROD726,Tablet,Samsung Galaxy Tab,HP,3,618.94,0.18,0.18,1796.66,Cash,In-Store,EMP688,3,0,Express,2,INR
ORD112614,08-03-2024,BR77,India,Pune,CUST1442,PROD191,TV,LG OLED 48,OnePlus,5,647.69,0.26,0.18,2827.81,Debit Card,In-Store,EMP881,0,1,Standard,5,USD
ORD112615,24-02-2023,BR89,UK,London,CUST8264,PROD359,Accessories,Keyboard,Dell,3,1600.82,0.1,0.18,5100.21,Net Banking,Online,EMP687,1,1,Standard,4,INR
ORD112616,14-07-2024,BR101,UAE,Abu Dhabi,CUST8152,PROD143,Tablet,Lenovo Tab P11,Lenovo,3,1665.18,0.08,0.18,5423.16,Debit Card,Online,EMP605,1,1,Standard,3,AED
ORD112617,23-02-2024,BR100,India,Delhi,CUST7456,PROD982,Laptop,MacBook Air M2,LG,3,562.52,0.08,0.18,1832.02,Cash,In-Store,EMP679,3,0,Standard,6,EUR
ORD112618,03-11-2024,BR102,UK,Manchester,CUST9857,PROD464,Mobile,Samsung Galaxy S23,HP,5,1382.23,0.12,0.18,7176.54,Cash,In-Store,EMP694,2,0,Standard,7,GBP
ORD112619,04-05-2024,BR21,Germany,Hamburg,CUST4030,PROD735,TV,LG OLED 48,Apple,4,611.22,0.26,0.18,2134.87,Net Banking,In-Store,EMP691,1,1,Standard,1,USD
ORD112620,06-01-2023,BR10,UK,London,CUST2748,PROD440,Tablet,iPad Air,LG,1,1784.12,0.28,0.18,1515.79,Cash,Online,EMP374,3,0,Same Day,2,INR
ORD112621,20-10-2023,BR43,India,Delhi,CUST2852,PROD284,TV,Sony Bravia 55,HP,3,414.7,0.27,0.18,1071.67,UPI,Online,EMP231,2,0,Express,6,EUR
ORD112622,15-05-2024,BR50,Germany,Hamburg,CUST4204,PROD875,Accessories,Wireless Mouse,Apple,5,421,0.11,0.18,2210.67,Net Banking,Online,EMP624,2,1,Same Day,5,EUR
ORD112623,16-08-2023,BR78,UAE,Dubai,CUST1742,PROD398,Accessories,Keyboard,Lenovo,4,1654.57,0.15,0.18,6638.13,UPI,Online,EMP656,1,1,Standard,8,INR
ORD112624,07-08-2023,BR104,UAE,Abu Dhabi,CUST1163,PROD473,Tablet,iPad Air,Dell,5,779.16,0.14,0.18,3953.46,Credit Card,In-Store,EMP595,1,1,Express,9,USD
ORD112625,14-10-2023,BR107,Germany,Hamburg,CUST5184,PROD992,Laptop,Dell XPS 13,HP,2,1185.03,0.24,0.18,2125.47,Cash,In-Store,EMP408,1,0,Express,5,EUR
ORD112626,24-11-2024,BR75,UK,London,CUST5409,PROD916,Mobile,OnePlus 11,LG,5,1362.42,0.01,0.18,7957.9,Cash,In-Store,EMP287,1,1,Same Day,3,GBP
ORD112627,03-11-2023,BR21,UK,Birmingham,CUST1649,PROD689,Laptop,HP Spectre x360,Lenovo,5,1644.66,0.03,0.18,9412.39,Debit Card,In-Store,EMP878,0,1,Express,3,GBP
ORD112628,29-06-2023,BR104,UK,Manchester,CUST7161,PROD670,TV,Sony Bravia 55,OnePlus,2,436.67,0.2,0.18,824.43,Debit Card,In-Store,EMP968,0,1,Same Day,6,GBP
ORD112629,12-02-2023,BR83,Germany,Munich,CUST5033,PROD494,Laptop,HP Spectre x360,Sony,1,496.33,0.26,0.18,433.4,Credit Card,Online,EMP367,0,0,Standard,3,GBP
ORD112630,13-09-2024,BR112,UK,Manchester,CUST3838,PROD267,Accessories,Keyboard,LG,4,1135.37,0.3,0.18,3751.26,Credit Card,Online,EMP361,3,0,Standard,4,EUR
ORD112631,27-12-2024,BR111,UAE,Dubai,CUST8545,PROD798,TV,Sony Bravia 55,Apple,2,576.26,0.19,0.18,1101.58,Debit Card,In-Store,EMP645,3,1,Express,8,EUR
ORD112632,19-03-2024,BR86,UAE,Dubai,CUST2812,PROD903,Laptop,HP Spectre x360,Apple,1,1044.35,0.25,0.18,924.25,UPI,In-Store,EMP346,1,1,Standard,2,GBP
ORD112633,30-06-2023,BR104,India,Pune,CUST5055,PROD191,Tablet,Lenovo Tab P11,LG,2,470.9,0.21,0.18,877.95,Debit Card,In-Store,EMP287,2,1,Express,9,GBP
ORD112634,02-12-2024,BR104,India,Mumbai,CUST8077,PROD439,Tablet,Samsung Galaxy Tab,Apple,2,1033.16,0.12,0.18,2145.67,UPI,Online,EMP432,2,0,Standard,6,AED
ORD112635,12-03-2024,BR14,UK,Manchester,CUST9264,PROD194,Mobile,iPhone 14,LG,1,105.7,0.09,0.18,113.5,Net Banking,Online,EMP885,3,1,Express,3,INR
ORD112636,03-12-2024,BR27,India,Delhi,CUST8105,PROD472,Laptop,Dell XPS 13,Sony,1,520.47,0.26,0.18,454.47,Net Banking,In-Store,EMP256,1,0,Same Day,7,AED
ORD112637,10-11-2023,BR113,UK,London,CUST4805,PROD637,Mobile,Samsung Galaxy S23,Sony,2,766.61,0.26,0.18,1338.81,Net Banking,In-Store,EMP466,1,1,Express,9,GBP
ORD112638,20-01-2024,BR108,Germany,Berlin,CUST9024,PROD395,Mobile,OnePlus 11,Lenovo,1,835.72,0.23,0.18,759.34,Cash,In-Store,EMP789,1,1,Standard,8,EUR
ORD112639,14-02-2023,BR52,India,Bangalore,CUST7574,PROD795,Accessories,Wireless Mouse,Apple,4,927.17,0.1,0.18,3938.62,Credit Card,In-Store,EMP913,2,0,Express,4,GBP
ORD112640,11-04-2023,BR48,India,Bangalore,CUST8966,PROD688,Mobile,OnePlus 11,HP,5,1600.28,0.25,0.18,7081.24,Cash,Online,EMP644,3,1,Standard,2,GBP
ORD112641,20-02-2024,BR7,USA,Dallas,CUST9131,PROD223,Laptop,Dell XPS 13,Apple,4,395.32,0.23,0.18,1436.75,Cash,In-Store,EMP244,1,0,Express,8,EUR
ORD112642,31-05-2024,BR49,USA,New York,CUST6548,PROD860,Tablet,Samsung Galaxy Tab,HP,3,953.94,0.25,0.18,2532.71,Cash,Online,EMP854,3,0,Express,7,USD
ORD112643,21-01-2024,BR57,USA,Los Angeles,CUST9915,PROD495,Tablet,iPad Air,Sony,2,393.75,0.15,0.18,789.86,Credit Card,Online,EMP381,3,0,Express,3,EUR
ORD112644,10-11-2023,BR49,Germany,Munich,CUST5724,PROD742,Tablet,iPad Air,OnePlus,4,1646.39,0,0.18,7770.96,Debit Card,Online,EMP527,2,1,Express,1,AED
ORD112645,22-07-2023,BR21,USA,New York,CUST2945,PROD682,TV,Samsung QLED 50,Samsung,2,920.95,0.15,0.18,1847.43,Net Banking,In-Store,EMP734,0,1,Same Day,1,INR
ORD112646,01-10-2024,BR30,India,Mumbai,CUST9262,PROD388,TV,LG OLED 48,LG,4,857.33,0.09,0.18,3682.4,UPI,In-Store,EMP769,2,1,Standard,10,INR
ORD112647,07-04-2023,BR98,Germany,Munich,CUST1431,PROD584,Accessories,Wireless Mouse,LG,1,1833.48,0.16,0.18,1817.35,Net Banking,In-Store,EMP543,3,0,Standard,1,USD
ORD112648,09-04-2023,BR34,India,Mumbai,CUST5427,PROD993,TV,LG OLED 48,HP,3,1661.13,0,0.18,5880.4,Debit Card,Online,EMP590,3,0,Standard,6,AED
ORD112649,16-10-2023,BR55,India,Bangalore,CUST5466,PROD844,Laptop,Dell XPS 13,LG,2,86.34,0.16,0.18,171.16,Net Banking,Online,EMP559,0,1,Same Day,8,USD
ORD112650,28-12-2024,BR59,India,Mumbai,CUST1433,PROD293,Tablet,Samsung Galaxy Tab,OnePlus,5,782.8,0.08,0.18,4249.04,Net Banking,In-Store,EMP740,1,1,Same Day,9,AED
ORD112651,24-01-2024,BR118,UAE,Dubai,CUST7203,PROD219,TV,Samsung QLED 50,OnePlus,2,1280.85,0.28,0.18,2176.42,Credit Card,Online,EMP361,2,1,Standard,6,EUR
ORD112652,13-11-2024,BR70,UAE,Abu Dhabi,CUST2984,PROD838,Laptop,MacBook Air M2,LG,2,1043.29,0.06,0.18,2314.43,Cash,In-Store,EMP369,2,1,Express,9,INR
ORD112653,30-08-2023,BR98,Germany,Munich,CUST2379,PROD885,Laptop,MacBook Air M2,Samsung,5,1343.44,0.15,0.18,6737.35,Cash,Online,EMP683,2,1,Express,5,INR
ORD112654,24-05-2023,BR7,UAE,Abu Dhabi,CUST5504,PROD715,Mobile,OnePlus 11,Lenovo,4,762.21,0.29,0.18,2554.32,Debit Card,Online,EMP851,3,1,Express,9,INR
ORD112655,20-10-2023,BR66,UAE,Abu Dhabi,CUST6627,PROD865,Tablet,Lenovo Tab P11,OnePlus,1,1468.96,0.13,0.18,1508.03,Debit Card,In-Store,EMP591,1,1,Same Day,7,INR
ORD112656,08-02-2024,BR36,UAE,Dubai,CUST8180,PROD302,TV,Samsung QLED 50,Dell,2,1297.18,0.11,0.18,2724.6,Credit Card,In-Store,EMP523,0,0,Same Day,6,USD
ORD112657,22-04-2023,BR40,Germany,Munich,CUST6353,PROD324,Accessories,Keyboard,Sony,4,382.1,0.11,0.18,1605.13,Cash,Online,EMP782,2,0,Express,6,EUR
ORD112658,18-02-2023,BR86,India,Bangalore,CUST3874,PROD449,Mobile,iPhone 14,Lenovo,4,1845.41,0.05,0.18,8274.82,Debit Card,Online,EMP963,0,1,Express,9,INR
ORD112659,23-05-2024,BR120,UK,Birmingham,CUST7100,PROD261,Tablet,Lenovo Tab P11,Dell,4,448.41,0.23,0.18,1629.7,UPI,In-Store,EMP398,0,0,Same Day,3,USD
ORD112660,02-07-2024,BR109,UK,Manchester,CUST3095,PROD469,Mobile,OnePlus 11,Dell,4,1114.35,0.02,0.18,5154.54,Credit Card,Online,EMP882,3,0,Express,10,USD
ORD112661,23-06-2023,BR76,UAE,Abu Dhabi,CUST5796,PROD646,TV,LG OLED 48,Sony,4,417.17,0.24,0.18,1496.47,Net Banking,Online,EMP822,1,1,Same Day,9,INR
ORD112662,28-03-2023,BR63,UAE,Abu Dhabi,CUST8292,PROD430,Accessories,Bluetooth Headphones,Apple,5,432.53,0.27,0.18,1862.91,UPI,In-Store,EMP235,1,0,Express,4,GBP
ORD112663,18-12-2024,BR20,UAE,Dubai,CUST4301,PROD718,Mobile,Samsung Galaxy S23,HP,5,1354.43,0.04,0.18,7671.49,Cash,In-Store,EMP771,1,0,Same Day,9,USD
ORD112664,23-12-2023,BR28,USA,Los Angeles,CUST3406,PROD670,Mobile,iPhone 14,Sony,2,597.16,0.01,0.18,1395.2,Credit Card,In-Store,EMP837,3,1,Standard,2,USD
ORD112665,12-09-2024,BR101,UAE,Dubai,CUST2434,PROD361,Mobile,iPhone 14,LG,4,195.22,0.04,0.18,884.58,UPI,In-Store,EMP259,2,1,Same Day,1,INR
ORD112666,06-12-2024,BR85,USA,New York,CUST5586,PROD662,TV,Samsung QLED 50,OnePlus,4,156.42,0.29,0.18,524.19,UPI,Online,EMP326,2,0,Standard,3,INR
ORD112667,23-11-2024,BR64,USA,Chicago,CUST4523,PROD433,TV,Samsung QLED 50,OnePlus,2,892.67,0.13,0.18,1832.83,Debit Card,In-Store,EMP909,2,0,Express,6,GBP
ORD112668,10-04-2024,BR120,Germany,Berlin,CUST8656,PROD243,Accessories,Keyboard,Apple,3,1140.89,0.26,0.18,2988.68,UPI,Online,EMP210,3,1,Standard,8,USD
ORD112669,27-08-2023,BR39,UAE,Abu Dhabi,CUST1707,PROD251,Mobile,Samsung Galaxy S23,Apple,5,1758.94,0.29,0.18,7368.2,Cash,Online,EMP609,2,1,Express,9,AED
ORD112670,10-02-2023,BR4,UAE,Dubai,CUST1003,PROD455,Mobile,Samsung Galaxy S23,OnePlus,2,1131.66,0.08,0.18,2457.06,UPI,Online,EMP684,0,1,Same Day,4,AED
ORD112671,19-05-2023,BR61,India,Pune,CUST5473,PROD228,Accessories,Keyboard,LG,4,1924.26,0.23,0.18,6993.53,Cash,Online,EMP265,2,0,Same Day,2,GBP
ORD112672,15-11-2024,BR108,UK,Birmingham,CUST8473,PROD221,Laptop,HP Spectre x360,Lenovo,4,1005.11,0.02,0.18,4649.24,Cash,Online,EMP813,3,1,Standard,1,GBP
ORD112673,26-08-2024,BR107,USA,Chicago,CUST9992,PROD156,Tablet,iPad Air,Apple,5,227.56,0.26,0.18,993.53,Cash,In-Store,EMP530,1,0,Express,4,AED
ORD112674,14-11-2023,BR82,UAE,Dubai,CUST1809,PROD631,Accessories,Bluetooth Headphones,Sony,4,1512.04,0.08,0.18,6565.88,Debit Card,In-Store,EMP527,2,0,Standard,2,USD
ORD112675,13-09-2024,BR89,UK,Manchester,CUST4942,PROD941,TV,Sony Bravia 55,Samsung,4,1023.81,0,0.18,4832.38,UPI,In-Store,EMP715,1,1,Same Day,8,INR
ORD112676,03-12-2023,BR92,USA,Dallas,CUST2890,PROD467,TV,Sony Bravia 55,Dell,4,1619.85,0.29,0.18,5428.44,Cash,In-Store,EMP916,2,1,Same Day,1,AED
ORD112677,20-02-2023,BR95,Germany,Munich,CUST6923,PROD441,Laptop,MacBook Air M2,LG,4,1446.8,0.06,0.18,6419.16,Debit Card,In-Store,EMP282,3,0,Standard,6,GBP
ORD112678,24-03-2023,BR45,UK,Manchester,CUST5275,PROD201,Mobile,Samsung Galaxy S23,Apple,5,1445.62,0.3,0.18,5970.41,Cash,In-Store,EMP721,1,0,Same Day,6,AED
ORD112679,01-06-2024,BR114,India,Mumbai,CUST9253,PROD585,Mobile,OnePlus 11,Apple,3,966.92,0.1,0.18,3080.61,Cash,Online,EMP692,0,1,Standard,1,INR
ORD112680,06-05-2023,BR46,Germany,Hamburg,CUST4181,PROD525,Tablet,Lenovo Tab P11,Dell,1,328.52,0.25,0.18,290.74,Net Banking,Online,EMP297,0,1,Same Day,6,INR
ORD112681,30-07-2023,BR85,USA,Los Angeles,CUST1138,PROD892,Mobile,iPhone 14,Samsung,3,587.11,0.18,0.18,1704.26,UPI,In-Store,EMP624,0,1,Standard,8,USD
ORD112682,27-08-2024,BR75,UK,Manchester,CUST7172,PROD495,Laptop,MacBook Air M2,Lenovo,3,1693.67,0.04,0.18,5755.77,Net Banking,Online,EMP324,3,0,Express,5,INR
ORD112683,05-01-2023,BR84,UAE,Dubai,CUST9735,PROD945,Laptop,HP Spectre x360,Apple,4,242.79,0.18,0.18,939.69,Cash,In-Store,EMP973,3,1,Express,3,USD
ORD112684,26-08-2023,BR100,USA,Chicago,CUST3454,PROD452,Laptop,HP Spectre x360,Samsung,4,1694.88,0.1,0.18,7199.85,Cash,Online,EMP226,3,1,Same Day,10,EUR
ORD112685,16-09-2024,BR19,India,Bangalore,CUST6301,PROD444,TV,Sony Bravia 55,Lenovo,4,1278.31,0.27,0.18,4404.54,UPI,Online,EMP413,3,0,Standard,1,EUR
ORD112686,15-06-2024,BR89,India,Delhi,CUST1975,PROD797,Tablet,iPad Air,Samsung,5,713.88,0.13,0.18,3664.35,Cash,Online,EMP973,0,1,Standard,5,GBP
ORD112687,29-08-2024,BR91,UAE,Abu Dhabi,CUST2480,PROD775,Laptop,MacBook Air M2,HP,3,1619.76,0.2,0.18,4587.16,Cash,Online,EMP431,1,0,Standard,9,EUR
ORD112688,26-12-2024,BR45,USA,New York,CUST3108,PROD156,Accessories,Wireless Mouse,Samsung,3,1535.65,0.03,0.18,5273.11,Debit Card,Online,EMP754,2,0,Same Day,7,USD
ORD112689,05-03-2024,BR19,UAE,Abu Dhabi,CUST5620,PROD701,Mobile,Samsung Galaxy S23,Dell,2,361.51,0.02,0.18,836.1,Credit Card,In-Store,EMP806,3,0,Same Day,1,USD
ORD112690,05-06-2023,BR62,Germany,Munich,CUST7901,PROD123,Tablet,Lenovo Tab P11,Lenovo,1,346.29,0.12,0.18,359.59,Credit Card,In-Store,EMP820,0,0,Standard,2,INR
ORD112691,15-01-2024,BR52,UK,Manchester,CUST1195,PROD354,Laptop,HP Spectre x360,Samsung,2,945.31,0.04,0.18,2141.69,Net Banking,Online,EMP434,0,0,Express,10,AED
ORD112692,31-10-2023,BR84,USA,Chicago,CUST5213,PROD556,Accessories,Bluetooth Headphones,Samsung,5,1125.9,0.12,0.18,5845.67,Net Banking,In-Store,EMP806,2,1,Standard,1,INR
ORD112693,17-01-2024,BR101,USA,Dallas,CUST5929,PROD430,Laptop,Dell XPS 13,Dell,1,121.7,0.06,0.18,134.99,Credit Card,In-Store,EMP757,2,1,Express,4,USD
ORD112694,05-03-2023,BR58,India,Pune,CUST9103,PROD888,Accessories,Keyboard,HP,1,1835,0.23,0.18,1667.28,Credit Card,In-Store,EMP393,1,0,Standard,7,USD
ORD112695,13-11-2023,BR77,Germany,Munich,CUST8014,PROD269,Laptop,MacBook Air M2,Apple,5,1730.6,0.01,0.18,10108.43,Debit Card,Online,EMP349,0,1,Same Day,4,INR
ORD112696,19-08-2024,BR77,UK,Manchester,CUST4813,PROD220,Mobile,OnePlus 11,LG,4,1312.98,0.12,0.18,5453.59,Debit Card,Online,EMP912,2,0,Same Day,8,EUR
ORD112697,26-10-2023,BR97,Germany,Munich,CUST8067,PROD994,Laptop,MacBook Air M2,Apple,4,69.14,0.16,0.18,274.13,Net Banking,Online,EMP946,0,0,Same Day,5,USD
ORD112698,20-12-2024,BR28,India,Mumbai,CUST5814,PROD499,Accessories,Keyboard,Apple,2,1297.66,0.23,0.18,2358.11,Debit Card,In-Store,EMP607,3,0,Express,10,EUR
ORD112699,09-04-2024,BR19,UAE,Dubai,CUST8869,PROD334,Mobile,OnePlus 11,HP,4,794.65,0.28,0.18,2700.54,Cash,Online,EMP935,3,1,Standard,5,USD
ORD112700,19-10-2024,BR32,India,Mumbai,CUST6331,PROD984,Accessories,Keyboard,Lenovo,4,996.79,0.16,0.18,3952.07,UPI,In-Store,EMP810,3,1,Same Day,9,GBP
ORD112701,06-01-2023,BR37,UAE,Abu Dhabi,CUST4111,PROD196,Mobile,OnePlus 11,Sony,3,488.15,0.07,0.18,1607.09,Credit Card,In-Store,EMP885,2,0,Same Day,1,USD
ORD112702,30-06-2023,BR31,Germany,Hamburg,CUST7690,PROD303,Accessories,Wireless Mouse,Apple,3,1735.05,0.05,0.18,5834.97,UPI,Online,EMP527,2,0,Express,9,EUR
ORD112703,23-04-2024,BR25,USA,Chicago,CUST7272,PROD140,Accessories,Wireless Mouse,Dell,3,1945.54,0.29,0.18,4889.92,Net Banking,Online,EMP202,0,1,Standard,9,EUR
ORD112704,15-06-2024,BR54,USA,New York,CUST9261,PROD882,Laptop,MacBook Air M2,Samsung,5,119.86,0.24,0.18,537.45,UPI,In-Store,EMP860,1,0,Same Day,1,AED
ORD112705,05-07-2024,BR80,India,Mumbai,CUST4638,PROD939,Laptop,HP Spectre x360,OnePlus,1,1152.58,0.03,0.18,1319.24,Net Banking,In-Store,EMP899,0,0,Express,9,INR
ORD112706,10-01-2024,BR95,UK,London,CUST5130,PROD246,TV,LG OLED 48,Lenovo,1,473.4,0.11,0.18,497.16,Debit Card,Online,EMP258,0,0,Standard,8,USD
ORD112707,05-02-2024,BR67,USA,Chicago,CUST5120,PROD866,Mobile,Samsung Galaxy S23,Apple,4,74.89,0.01,0.18,349.95,Cash,Online,EMP640,1,0,Standard,6,AED
ORD112708,16-09-2023,BR11,UK,Manchester,CUST4732,PROD231,Mobile,OnePlus 11,OnePlus,2,499.45,0.3,0.18,825.09,UPI,In-Store,EMP927,1,1,Standard,8,EUR
ORD112709,24-01-2023,BR94,Germany,Munich,CUST5108,PROD752,Mobile,OnePlus 11,Dell,5,1664.79,0.04,0.18,9429.37,Credit Card,Online,EMP714,1,0,Standard,4,INR
ORD112710,31-10-2023,BR36,UAE,Abu Dhabi,CUST8121,PROD863,Tablet,iPad Air,OnePlus,3,492.44,0.26,0.18,1290,Net Banking,In-Store,EMP980,2,0,Standard,7,EUR
ORD112711,19-01-2023,BR51,Germany,Berlin,CUST8118,PROD119,Tablet,Lenovo Tab P11,OnePlus,4,1015.55,0.26,0.18,3547.11,Cash,In-Store,EMP981,2,0,Express,4,INR
ORD112712,20-10-2024,BR112,UAE,Dubai,CUST5486,PROD730,Laptop,MacBook Air M2,Sony,5,1593.35,0.01,0.18,9306.76,Cash,In-Store,EMP944,0,0,Same Day,5,GBP
ORD112713,25-07-2024,BR32,Germany,Hamburg,CUST7820,PROD325,Tablet,Samsung Galaxy Tab,Sony,2,1948.93,0.23,0.18,3541.6,Debit Card,In-Store,EMP465,0,0,Standard,1,GBP
ORD112714,07-06-2023,BR85,UK,London,CUST2732,PROD535,Tablet,Lenovo Tab P11,Apple,2,1961.19,0.05,0.18,4396.99,Cash,In-Store,EMP254,2,0,Express,4,EUR
ORD112715,07-06-2024,BR78,USA,New York,CUST2852,PROD969,Laptop,Dell XPS 13,Dell,4,1748.74,0.16,0.18,6933.4,Net Banking,In-Store,EMP990,0,1,Same Day,9,USD
ORD112716,19-11-2024,BR78,UK,Birmingham,CUST8908,PROD640,Accessories,Bluetooth Headphones,Samsung,4,295.45,0.11,0.18,1241.13,Cash,Online,EMP432,0,1,Express,7,GBP
ORD112717,01-05-2024,BR120,UAE,Abu Dhabi,CUST6296,PROD186,Accessories,Bluetooth Headphones,Sony,2,1207.07,0.23,0.18,2193.49,Net Banking,Online,EMP228,0,1,Express,4,EUR
ORD112718,17-11-2024,BR112,UK,Birmingham,CUST3207,PROD245,Mobile,iPhone 14,OnePlus,2,751.29,0.28,0.18,1276.59,Net Banking,In-Store,EMP790,3,0,Same Day,2,EUR
ORD112719,10-01-2023,BR107,USA,Dallas,CUST1887,PROD323,Tablet,Samsung Galaxy Tab,HP,3,1549.99,0.25,0.18,4115.22,Debit Card,In-Store,EMP493,3,1,Express,8,GBP
ORD112720,25-11-2023,BR93,India,Mumbai,CUST9004,PROD637,Accessories,Wireless Mouse,Samsung,4,1716.62,0.21,0.18,6400.93,UPI,Online,EMP526,0,1,Standard,6,AED
ORD112721,30-05-2024,BR103,UK,Manchester,CUST9392,PROD580,TV,Sony Bravia 55,HP,3,1249.84,0.19,0.18,3583.79,Net Banking,In-Store,EMP360,1,0,Standard,3,INR
ORD112722,16-01-2023,BR70,UAE,Dubai,CUST6514,PROD589,TV,Samsung QLED 50,HP,5,1249.36,0.22,0.18,5749.55,Cash,In-Store,EMP518,2,1,Express,2,GBP
ORD112723,22-12-2023,BR28,UK,Birmingham,CUST7523,PROD222,Accessories,Keyboard,Apple,2,813.18,0.08,0.18,1765.58,Debit Card,In-Store,EMP788,1,0,Express,2,INR
ORD112724,23-02-2024,BR33,UK,Manchester,CUST4939,PROD711,Tablet,Lenovo Tab P11,Sony,2,618.06,0.2,0.18,1166.9,Credit Card,In-Store,EMP929,2,1,Standard,6,USD
ORD112725,26-04-2024,BR86,UAE,Dubai,CUST6874,PROD555,TV,Samsung QLED 50,LG,2,396.04,0.06,0.18,878.58,Credit Card,In-Store,EMP986,2,0,Same Day,10,USD
ORD112726,23-05-2024,BR46,India,Mumbai,CUST9586,PROD897,Accessories,Wireless Mouse,Samsung,2,154.31,0.16,0.18,305.9,Cash,Online,EMP521,0,1,Express,5,EUR
ORD112727,09-12-2023,BR62,UK,London,CUST5521,PROD444,Laptop,MacBook Air M2,Dell,5,878.89,0.11,0.18,4615.05,Credit Card,In-Store,EMP736,3,1,Standard,7,GBP
ORD112728,20-11-2023,BR114,UK,Birmingham,CUST8625,PROD259,Accessories,Wireless Mouse,OnePlus,3,1850.45,0.03,0.18,6354.08,Credit Card,Online,EMP510,2,1,Express,9,USD
ORD112729,29-09-2023,BR99,USA,Dallas,CUST5482,PROD534,TV,LG OLED 48,HP,2,1090.09,0.18,0.18,2109.54,Cash,In-Store,EMP283,3,1,Express,6,INR
ORD112730,21-10-2023,BR99,UAE,Dubai,CUST3961,PROD198,Laptop,HP Spectre x360,Lenovo,5,92.19,0.26,0.18,402.5,Debit Card,Online,EMP991,3,1,Standard,3,GBP
ORD112731,06-01-2023,BR118,UAE,Abu Dhabi,CUST7393,PROD606,Mobile,OnePlus 11,HP,2,576.72,0.04,0.18,1306.62,Net Banking,Online,EMP237,0,1,Standard,1,GBP
ORD112732,07-05-2024,BR107,UAE,Abu Dhabi,CUST9921,PROD531,Tablet,Samsung Galaxy Tab,HP,1,1372.26,0.23,0.18,1246.84,Debit Card,In-Store,EMP218,3,1,Standard,10,EUR
ORD112733,02-08-2023,BR71,India,Pune,CUST6881,PROD351,Mobile,Samsung Galaxy S23,Samsung,1,1570.98,0.14,0.18,1594.23,Debit Card,In-Store,EMP239,2,0,Standard,7,USD
ORD112734,05-08-2023,BR11,USA,Chicago,CUST2736,PROD999,TV,Samsung QLED 50,OnePlus,5,1098.55,0.18,0.18,5314.78,Net Banking,Online,EMP499,0,1,Same Day,2,USD
ORD112735,17-12-2023,BR89,USA,New York,CUST3134,PROD271,Mobile,Samsung Galaxy S23,Lenovo,3,833.15,0.27,0.18,2153.03,Debit Card,In-Store,EMP756,0,1,Standard,8,AED
ORD112736,09-07-2024,BR32,USA,Dallas,CUST8389,PROD414,Laptop,HP Spectre x360,Sony,1,218.83,0.12,0.18,227.23,Net Banking,In-Store,EMP854,0,0,Express,4,USD
ORD112737,18-04-2023,BR81,India,Mumbai,CUST6504,PROD716,Laptop,HP Spectre x360,Apple,2,390.07,0.24,0.18,699.63,Credit Card,In-Store,EMP944,3,0,Express,4,USD
ORD112738,26-07-2023,BR71,UK,Birmingham,CUST3926,PROD324,Tablet,iPad Air,Apple,1,1347.38,0.14,0.18,1367.32,Debit Card,In-Store,EMP296,3,1,Standard,7,EUR
ORD112739,28-11-2023,BR88,Germany,Munich,CUST9331,PROD340,Tablet,iPad Air,HP,3,1105.88,0.22,0.18,3053.56,Net Banking,Online,EMP294,0,0,Express,7,AED
ORD112740,10-01-2023,BR65,UAE,Dubai,CUST5577,PROD256,Laptop,HP Spectre x360,LG,2,318.41,0.28,0.18,541.04,Credit Card,Online,EMP726,1,1,Standard,1,USD
ORD112741,22-05-2024,BR8,Germany,Munich,CUST2334,PROD478,Mobile,iPhone 14,LG,2,944.35,0.01,0.18,2206.38,Cash,Online,EMP896,2,1,Express,7,USD
ORD112742,22-06-2023,BR50,UAE,Dubai,CUST5495,PROD599,Mobile,iPhone 14,Lenovo,1,1153.44,0.06,0.18,1279.4,Cash,Online,EMP894,3,1,Express,9,INR
ORD112743,24-04-2023,BR62,India,Delhi,CUST8341,PROD341,Tablet,Samsung Galaxy Tab,HP,3,65.11,0.05,0.18,218.96,UPI,Online,EMP865,3,1,Express,7,EUR
ORD112744,09-02-2024,BR71,Germany,Munich,CUST2630,PROD317,TV,LG OLED 48,Lenovo,2,526.26,0.04,0.18,1192.29,Cash,Online,EMP740,2,1,Standard,6,EUR
ORD112745,29-03-2023,BR35,Germany,Berlin,CUST9609,PROD158,Mobile,Samsung Galaxy S23,Apple,4,1998.26,0.17,0.18,7828.38,Credit Card,In-Store,EMP215,3,0,Express,5,USD
ORD112746,17-04-2023,BR13,UAE,Dubai,CUST1758,PROD900,Accessories,Keyboard,Samsung,5,355.5,0.3,0.18,1468.21,Cash,Online,EMP612,1,0,Standard,2,INR
ORD112747,21-11-2023,BR33,India,Delhi,CUST9449,PROD626,TV,Sony Bravia 55,Samsung,3,573.97,0.26,0.18,1503.57,Cash,Online,EMP291,1,1,Same Day,6,AED
ORD112748,01-12-2023,BR19,UK,Manchester,CUST4432,PROD613,Accessories,Wireless Mouse,HP,1,202.74,0.07,0.18,222.49,Net Banking,In-Store,EMP880,3,0,Standard,2,GBP
ORD112749,20-01-2024,BR5,Germany,Berlin,CUST1336,PROD371,Mobile,OnePlus 11,LG,5,363.7,0.28,0.18,1545,Net Banking,Online,EMP454,2,1,Standard,4,INR
ORD112750,21-07-2023,BR71,India,Pune,CUST3739,PROD819,Laptop,MacBook Air M2,LG,5,701.25,0.18,0.18,3392.65,Credit Card,In-Store,EMP685,2,1,Express,4,INR
ORD112751,16-04-2023,BR54,USA,Los Angeles,CUST1932,PROD633,TV,Sony Bravia 55,OnePlus,5,802.55,0.27,0.18,3456.58,Net Banking,In-Store,EMP935,3,0,Standard,9,USD
ORD112752,25-05-2023,BR83,UK,London,CUST5816,PROD961,Accessories,Wireless Mouse,Apple,2,931.68,0.17,0.18,1824.97,Cash,In-Store,EMP982,2,1,Standard,9,USD
ORD112753,14-01-2024,BR64,USA,Los Angeles,CUST4878,PROD239,Laptop,Dell XPS 13,Sony,3,365.33,0.17,0.18,1073.41,Debit Card,In-Store,EMP833,2,1,Standard,7,EUR
ORD112754,05-12-2023,BR92,India,Pune,CUST2569,PROD937,Accessories,Keyboard,LG,5,988.62,0.1,0.18,5249.57,Cash,Online,EMP747,2,1,Standard,5,USD
ORD112755,31-03-2023,BR108,USA,Chicago,CUST6322,PROD560,TV,Sony Bravia 55,Dell,5,1381.67,0.25,0.18,6113.89,Net Banking,Online,EMP685,3,1,Standard,2,GBP
ORD112756,14-11-2024,BR50,UK,Manchester,CUST3182,PROD212,Laptop,MacBook Air M2,Samsung,1,1035,0.07,0.18,1135.81,Debit Card,In-Store,EMP769,1,0,Express,5,INR
ORD112757,10-10-2023,BR36,USA,New York,CUST1083,PROD642,Mobile,iPhone 14,Dell,2,1163.49,0.22,0.18,2141.75,Net Banking,Online,EMP603,3,1,Express,6,GBP
ORD112758,30-04-2023,BR119,USA,Chicago,CUST1908,PROD905,Accessories,Bluetooth Headphones,HP,5,870.07,0.2,0.18,4106.73,UPI,Online,EMP898,3,0,Standard,1,AED
ORD112759,15-11-2023,BR28,UK,Birmingham,CUST6104,PROD249,Mobile,OnePlus 11,Apple,1,700.8,0.14,0.18,711.17,Cash,In-Store,EMP258,0,1,Standard,8,AED
ORD112760,13-07-2024,BR103,USA,Chicago,CUST1612,PROD436,Accessories,Bluetooth Headphones,Samsung,3,1799.38,0.2,0.18,5095.84,UPI,Online,EMP495,2,0,Standard,6,AED
ORD112761,11-07-2024,BR62,UK,Manchester,CUST2715,PROD476,Mobile,OnePlus 11,Apple,2,250.62,0.05,0.18,561.89,Debit Card,In-Store,EMP731,1,0,Same Day,2,INR
ORD112762,18-07-2023,BR84,Germany,Munich,CUST3672,PROD873,Mobile,Samsung Galaxy S23,OnePlus,4,540.49,0.19,0.18,2066.4,UPI,In-Store,EMP837,3,1,Same Day,8,USD
ORD112763,15-10-2023,BR4,UAE,Abu Dhabi,CUST3199,PROD783,Tablet,iPad Air,Samsung,3,856.74,0.07,0.18,2820.56,Cash,Online,EMP470,0,0,Express,7,USD
ORD112764,17-06-2024,BR11,UAE,Abu Dhabi,CUST4912,PROD270,Mobile,OnePlus 11,Samsung,5,1296.95,0.27,0.18,5585.96,Cash,In-Store,EMP986,0,1,Express,2,AED
ORD112765,12-06-2023,BR14,India,Delhi,CUST5435,PROD323,Laptop,Dell XPS 13,Sony,4,520.13,0.16,0.18,2062.21,Net Banking,In-Store,EMP417,1,1,Same Day,10,USD
ORD112766,13-11-2023,BR42,UK,Manchester,CUST2201,PROD540,Mobile,iPhone 14,Dell,5,184.89,0.19,0.18,883.59,Cash,In-Store,EMP901,3,0,Same Day,7,USD
ORD112767,18-05-2023,BR115,UK,Manchester,CUST9803,PROD478,Laptop,Dell XPS 13,Apple,2,778.24,0.07,0.18,1708.08,Debit Card,Online,EMP496,0,0,Express,9,INR
ORD112768,10-07-2023,BR39,India,Delhi,CUST8264,PROD435,Laptop,Dell XPS 13,Samsung,3,1543.11,0.06,0.18,5134.85,Credit Card,Online,EMP464,2,1,Standard,4,INR
ORD112769,12-11-2023,BR8,USA,Los Angeles,CUST4418,PROD986,TV,Sony Bravia 55,HP,1,620.04,0.22,0.18,570.68,Net Banking,In-Store,EMP560,1,1,Express,6,INR
ORD112770,11-06-2023,BR36,India,Mumbai,CUST3591,PROD451,TV,LG OLED 48,HP,4,450.1,0.23,0.18,1635.84,Debit Card,Online,EMP994,3,0,Express,1,USD
ORD112771,26-07-2023,BR113,UAE,Dubai,CUST5285,PROD422,Accessories,Bluetooth Headphones,OnePlus,4,928.94,0.06,0.18,4121.52,Debit Card,Online,EMP536,1,1,Same Day,5,INR
ORD112772,17-02-2023,BR30,Germany,Hamburg,CUST2716,PROD942,Accessories,Wireless Mouse,Samsung,2,1213,0.03,0.18,2776.8,Net Banking,In-Store,EMP633,1,1,Standard,4,EUR
ORD112773,11-01-2023,BR65,Germany,Hamburg,CUST1697,PROD551,Mobile,OnePlus 11,HP,5,1833.69,0.25,0.18,8114.08,Cash,In-Store,EMP895,3,1,Express,7,AED
ORD112774,09-08-2024,BR119,India,Delhi,CUST9477,PROD491,Mobile,Samsung Galaxy S23,OnePlus,5,759.74,0.22,0.18,3496.32,Credit Card,In-Store,EMP613,1,0,Same Day,3,INR
ORD112775,20-04-2023,BR4,Germany,Berlin,CUST6916,PROD121,Laptop,HP Spectre x360,LG,4,1886.04,0.25,0.18,6676.58,Debit Card,In-Store,EMP518,1,1,Standard,8,EUR
ORD112776,28-12-2024,BR56,USA,Chicago,CUST4103,PROD262,Mobile,OnePlus 11,HP,3,271.32,0.22,0.18,749.17,Credit Card,Online,EMP457,1,1,Same Day,1,GBP
ORD112777,10-10-2023,BR64,India,Bangalore,CUST1301,PROD753,Laptop,MacBook Air M2,Lenovo,2,642.45,0.11,0.18,1349.4,UPI,Online,EMP384,3,1,Same Day,6,EUR
ORD112778,04-10-2024,BR65,India,Delhi,CUST9581,PROD828,TV,LG OLED 48,HP,2,139.07,0.3,0.18,229.74,Credit Card,In-Store,EMP506,0,0,Same Day,9,AED
ORD112779,19-11-2024,BR4,UAE,Abu Dhabi,CUST3556,PROD793,Accessories,Keyboard,LG,1,516.79,0.17,0.18,506.14,Debit Card,In-Store,EMP267,2,0,Standard,6,GBP
ORD112780,24-09-2023,BR66,UK,London,CUST7866,PROD425,Laptop,HP Spectre x360,LG,5,790.34,0.29,0.18,3310.73,UPI,In-Store,EMP972,2,0,Express,1,INR
ORD112781,20-05-2023,BR33,India,Delhi,CUST6745,PROD153,Tablet,iPad Air,Apple,5,1062.72,0.01,0.18,6207.35,Debit Card,In-Store,EMP995,2,1,Same Day,5,USD
ORD112782,26-01-2024,BR99,UAE,Abu Dhabi,CUST3158,PROD588,Laptop,MacBook Air M2,Lenovo,4,1980.42,0.07,0.18,8693.25,Debit Card,Online,EMP322,0,1,Express,10,EUR
ORD112783,04-09-2023,BR83,USA,New York,CUST3087,PROD902,Mobile,OnePlus 11,Samsung,5,1383.02,0.07,0.18,7588.63,Net Banking,In-Store,EMP936,3,1,Standard,6,GBP
ORD112784,26-10-2023,BR49,UAE,Dubai,CUST6002,PROD236,Tablet,iPad Air,Samsung,5,672.44,0.06,0.18,3729.35,Credit Card,In-Store,EMP800,3,0,Express,3,USD
ORD112785,31-05-2024,BR15,USA,New York,CUST8144,PROD535,Tablet,iPad Air,HP,2,1766.16,0.26,0.18,3084.42,Debit Card,Online,EMP295,3,1,Express,5,EUR
ORD112786,06-03-2023,BR75,India,Pune,CUST4644,PROD441,Mobile,OnePlus 11,HP,2,1195.16,0.15,0.18,2397.49,Net Banking,Online,EMP548,0,1,Express,8,USD
ORD112787,11-12-2024,BR18,Germany,Berlin,CUST5806,PROD245,Tablet,Samsung Galaxy Tab,Samsung,2,111.52,0.09,0.18,239.5,Debit Card,In-Store,EMP738,2,0,Express,3,INR
ORD112788,16-07-2023,BR20,Germany,Berlin,CUST2799,PROD361,Accessories,Wireless Mouse,Sony,3,542.66,0.09,0.18,1748.12,Net Banking,Online,EMP743,0,0,Standard,1,GBP
ORD112789,15-01-2024,BR77,USA,Los Angeles,CUST9182,PROD375,TV,Sony Bravia 55,Sony,2,401.06,0.27,0.18,690.95,UPI,In-Store,EMP933,2,0,Same Day,3,AED
ORD112790,28-11-2023,BR11,Germany,Berlin,CUST4706,PROD972,Tablet,Samsung Galaxy Tab,Samsung,3,1848.22,0.07,0.18,6084.71,Cash,Online,EMP750,0,1,Standard,2,INR
ORD112791,16-12-2024,BR3,UAE,Dubai,CUST2690,PROD642,Accessories,Bluetooth Headphones,HP,1,757.08,0.04,0.18,857.62,Net Banking,In-Store,EMP590,2,0,Express,7,GBP
ORD112792,08-06-2023,BR57,UAE,Abu Dhabi,CUST7907,PROD209,Mobile,OnePlus 11,Sony,4,581.14,0.01,0.18,2715.55,Debit Card,Online,EMP501,0,0,Standard,5,EUR
ORD112793,05-04-2023,BR55,UK,Manchester,CUST5146,PROD584,Laptop,MacBook Air M2,Sony,3,101.4,0.23,0.18,276.4,Cash,In-Store,EMP594,0,0,Standard,5,USD
ORD112794,29-09-2023,BR42,USA,New York,CUST8052,PROD849,Tablet,iPad Air,Sony,4,443.01,0.05,0.18,1986.46,Credit Card,In-Store,EMP362,1,0,Standard,1,EUR
ORD112795,15-06-2024,BR54,Germany,Munich,CUST3082,PROD927,Laptop,Dell XPS 13,Apple,2,1095.73,0.07,0.18,2404.91,Cash,In-Store,EMP640,2,0,Same Day,10,USD
ORD112796,01-09-2024,BR53,India,Delhi,CUST2380,PROD386,Accessories,Wireless Mouse,Sony,5,823.64,0.29,0.18,3450.23,Net Banking,In-Store,EMP908,0,0,Same Day,3,USD
ORD112797,28-03-2023,BR8,UK,Manchester,CUST2947,PROD543,Tablet,Lenovo Tab P11,Dell,2,1142.86,0.05,0.18,2562.29,Debit Card,In-Store,EMP649,1,1,Same Day,9,INR
ORD112798,15-09-2023,BR13,UAE,Abu Dhabi,CUST5177,PROD512,TV,Sony Bravia 55,Dell,3,1796.83,0.19,0.18,5152.23,Credit Card,Online,EMP663,1,1,Standard,10,EUR
ORD112799,06-12-2024,BR111,Germany,Munich,CUST8458,PROD157,Accessories,Bluetooth Headphones,Apple,5,230.49,0.26,0.18,1006.32,Credit Card,Online,EMP435,3,0,Standard,9,INR
ORD112800,19-06-2024,BR14,India,Delhi,CUST5593,PROD436,Laptop,MacBook Air M2,Apple,4,723.65,0.17,0.18,2834.97,Cash,In-Store,EMP899,0,1,Standard,10,GBP
ORD112801,17-12-2024,BR78,USA,New York,CUST5630,PROD425,Mobile,Samsung Galaxy S23,Lenovo,4,610.21,0.28,0.18,2073.74,UPI,Online,EMP401,3,1,Express,5,USD
ORD112802,03-02-2023,BR107,India,Bangalore,CUST1152,PROD679,Tablet,Lenovo Tab P11,HP,1,1835.24,0.02,0.18,2122.27,Credit Card,In-Store,EMP841,1,1,Same Day,1,EUR
ORD112803,18-03-2024,BR101,Germany,Berlin,CUST8910,PROD130,TV,Sony Bravia 55,Lenovo,1,737.5,0.1,0.18,783.23,Cash,Online,EMP904,2,0,Standard,5,INR
ORD112804,26-02-2023,BR59,UK,London,CUST1403,PROD248,Mobile,iPhone 14,LG,5,1067.09,0.02,0.18,6169.91,Net Banking,In-Store,EMP814,3,0,Express,4,USD
ORD112805,08-12-2024,BR107,UK,Birmingham,CUST2103,PROD968,Tablet,iPad Air,Sony,5,1215.95,0.06,0.18,6743.66,Credit Card,Online,EMP209,1,1,Express,2,EUR
ORD112806,07-10-2023,BR64,USA,Los Angeles,CUST9001,PROD191,Mobile,Samsung Galaxy S23,Samsung,3,1295.14,0.03,0.18,4447.25,Debit Card,In-Store,EMP217,2,1,Standard,1,GBP
ORD112807,28-06-2023,BR30,USA,Chicago,CUST2277,PROD562,Tablet,iPad Air,LG,5,1616.27,0.15,0.18,8105.59,Net Banking,Online,EMP445,2,0,Standard,4,USD
ORD112808,11-12-2024,BR31,Germany,Hamburg,CUST8844,PROD103,Mobile,iPhone 14,Samsung,4,446.21,0.12,0.18,1853.38,Debit Card,In-Store,EMP690,2,0,Express,10,USD
ORD112809,28-06-2023,BR110,UAE,Dubai,CUST9778,PROD128,Laptop,HP Spectre x360,Sony,4,1309.57,0.16,0.18,5192.18,Debit Card,In-Store,EMP384,2,1,Same Day,9,AED
ORD112810,22-01-2023,BR58,USA,New York,CUST4207,PROD740,Laptop,MacBook Air M2,Samsung,3,1920.71,0.21,0.18,5371.46,Net Banking,Online,EMP320,2,1,Express,10,AED
ORD112811,27-11-2023,BR56,Germany,Berlin,CUST2966,PROD898,Accessories,Keyboard,OnePlus,2,1544.08,0.28,0.18,2623.7,Net Banking,In-Store,EMP361,0,1,Standard,5,AED
ORD112812,20-06-2024,BR116,India,Bangalore,CUST1998,PROD215,Tablet,Samsung Galaxy Tab,Apple,3,90.88,0.17,0.18,267.02,Credit Card,In-Store,EMP691,0,1,Express,10,INR
ORD112813,09-02-2024,BR101,India,Bangalore,CUST2647,PROD821,Accessories,Keyboard,Lenovo,2,1098.65,0.01,0.18,2566.89,Net Banking,Online,EMP931,2,1,Same Day,9,GBP
ORD112814,06-07-2023,BR62,India,Delhi,CUST3439,PROD340,Tablet,iPad Air,OnePlus,4,1069.17,0.23,0.18,3885.79,Cash,In-Store,EMP559,1,1,Express,9,AED
ORD112815,25-10-2023,BR23,USA,Los Angeles,CUST8933,PROD366,Tablet,iPad Air,Dell,1,397.79,0.02,0.18,460,UPI,Online,EMP774,3,0,Same Day,7,AED
ORD112816,29-09-2023,BR37,UAE,Abu Dhabi,CUST5153,PROD202,Accessories,Keyboard,Sony,4,514.68,0.03,0.18,2356.41,UPI,In-Store,EMP239,1,1,Same Day,4,AED
ORD112817,10-03-2023,BR98,UK,Birmingham,CUST6076,PROD207,TV,Samsung QLED 50,Sony,1,887.81,0.16,0.18,880,Debit Card,Online,EMP273,2,0,Same Day,4,USD
ORD112818,26-01-2023,BR76,Germany,Hamburg,CUST7521,PROD635,TV,Sony Bravia 55,HP,3,604.63,0.23,0.18,1648.1,Debit Card,Online,EMP286,3,1,Same Day,9,INR
ORD112819,02-03-2024,BR55,USA,Los Angeles,CUST2173,PROD462,Laptop,HP Spectre x360,Lenovo,5,504.64,0.09,0.18,2709.41,Cash,Online,EMP294,0,0,Standard,9,USD
ORD112820,22-02-2023,BR15,USA,New York,CUST8936,PROD214,Accessories,Keyboard,OnePlus,2,89.56,0.08,0.18,194.45,Net Banking,In-Store,EMP481,3,1,Express,6,EUR
ORD112821,07-08-2023,BR18,USA,Dallas,CUST6669,PROD156,Tablet,Samsung Galaxy Tab,Sony,1,205.74,0.09,0.18,220.92,Credit Card,Online,EMP859,1,0,Express,9,USD
ORD112822,26-03-2024,BR28,UK,London,CUST1570,PROD925,Laptop,Dell XPS 13,Dell,4,1559.1,0.14,0.18,6328.7,Cash,Online,EMP389,0,1,Express,5,AED
ORD112823,23-11-2024,BR38,India,Mumbai,CUST1606,PROD565,TV,LG OLED 48,Dell,3,1855.82,0.21,0.18,5189.99,UPI,Online,EMP482,3,1,Express,2,USD
ORD112824,30-05-2024,BR87,India,Mumbai,CUST7863,PROD635,Laptop,HP Spectre x360,HP,5,306.91,0.13,0.18,1575.37,Cash,In-Store,EMP260,2,0,Standard,6,INR
ORD112825,12-08-2023,BR21,India,Delhi,CUST7049,PROD151,Laptop,MacBook Air M2,Sony,3,572.66,0.1,0.18,1824.49,UPI,In-Store,EMP303,1,0,Same Day,9,EUR
ORD112826,17-08-2023,BR45,Germany,Berlin,CUST9877,PROD619,Mobile,OnePlus 11,Apple,4,1787.72,0.3,0.18,5906.63,Debit Card,In-Store,EMP784,2,1,Same Day,4,GBP
ORD112827,01-03-2023,BR39,India,Pune,CUST5365,PROD674,Mobile,iPhone 14,Sony,1,459.94,0.24,0.18,412.47,Debit Card,Online,EMP246,2,0,Express,1,AED
ORD112828,15-10-2023,BR114,UAE,Dubai,CUST3855,PROD615,Laptop,HP Spectre x360,Apple,2,1105.55,0.28,0.18,1878.55,Credit Card,Online,EMP956,2,1,Express,8,EUR
ORD112829,25-03-2024,BR76,Germany,Berlin,CUST7558,PROD802,Tablet,iPad Air,Apple,2,411.6,0.17,0.18,806.24,Credit Card,Online,EMP585,2,0,Standard,2,USD
ORD112830,23-06-2023,BR120,UK,Birmingham,CUST1838,PROD834,Tablet,Lenovo Tab P11,Samsung,4,152.13,0.16,0.18,603.17,Cash,Online,EMP578,0,1,Same Day,4,INR
ORD112831,08-07-2023,BR86,UK,Manchester,CUST9137,PROD810,Accessories,Bluetooth Headphones,Dell,3,984.92,0.02,0.18,3416.88,Net Banking,Online,EMP683,3,0,Standard,2,GBP
ORD112832,19-04-2023,BR43,India,Bangalore,CUST5618,PROD241,Tablet,Samsung Galaxy Tab,Samsung,1,919.23,0.06,0.18,1019.61,UPI,In-Store,EMP981,0,1,Same Day,5,AED
ORD112833,16-04-2024,BR87,Germany,Hamburg,CUST2097,PROD787,Laptop,MacBook Air M2,Lenovo,3,424.26,0.09,0.18,1366.71,Credit Card,In-Store,EMP711,0,0,Same Day,8,AED
ORD112834,06-12-2023,BR86,USA,Dallas,CUST2156,PROD249,TV,Sony Bravia 55,Dell,4,1381.31,0.12,0.18,5737.41,Net Banking,Online,EMP349,0,0,Standard,10,INR
ORD112835,05-10-2024,BR56,Germany,Munich,CUST3608,PROD739,Laptop,MacBook Air M2,Dell,3,263.31,0.13,0.18,810.94,Debit Card,In-Store,EMP741,3,1,Standard,7,GBP
ORD112836,19-08-2023,BR63,UAE,Dubai,CUST6510,PROD963,Tablet,Samsung Galaxy Tab,Apple,5,1942.78,0.22,0.18,8940.67,Debit Card,In-Store,EMP512,1,0,Same Day,3,EUR
ORD112837,18-11-2024,BR94,UAE,Dubai,CUST8214,PROD258,TV,LG OLED 48,Apple,2,212.22,0.12,0.18,440.74,UPI,Online,EMP992,0,1,Standard,6,AED
ORD112838,07-12-2023,BR26,UAE,Dubai,CUST1466,PROD194,Accessories,Keyboard,Samsung,5,652.9,0.06,0.18,3620.98,Credit Card,In-Store,EMP884,2,1,Express,7,EUR
ORD112839,14-12-2023,BR113,Germany,Hamburg,CUST2891,PROD724,Laptop,HP Spectre x360,HP,5,644.34,0.28,0.18,2737.16,UPI,Online,EMP909,0,0,Express,7,EUR
ORD112840,06-06-2024,BR30,Germany,Munich,CUST7728,PROD273,TV,Samsung QLED 50,Lenovo,1,986.35,0.3,0.18,814.73,UPI,Online,EMP620,2,0,Express,6,USD
ORD112841,29-06-2024,BR102,UAE,Dubai,CUST9456,PROD899,Laptop,MacBook Air M2,Lenovo,4,1468.39,0.09,0.18,6307.03,Credit Card,Online,EMP944,3,0,Same Day,2,INR
ORD112842,18-10-2024,BR24,UAE,Dubai,CUST3072,PROD578,Accessories,Keyboard,HP,1,887.35,0.16,0.18,879.54,UPI,In-Store,EMP342,3,1,Standard,2,USD
ORD112843,11-02-2023,BR18,Germany,Munich,CUST1822,PROD155,TV,Samsung QLED 50,Sony,3,974.59,0.23,0.18,2656.54,Net Banking,Online,EMP395,2,0,Standard,6,AED
ORD112844,11-06-2024,BR103,Germany,Hamburg,CUST4322,PROD561,Mobile,iPhone 14,Apple,5,170.76,0.11,0.18,896.66,Debit Card,In-Store,EMP285,1,1,Standard,2,AED
ORD112845,14-12-2024,BR61,Germany,Berlin,CUST4458,PROD890,Laptop,HP Spectre x360,HP,2,1700.14,0.15,0.18,3410.48,UPI,Online,EMP595,0,0,Standard,9,USD
ORD112846,26-03-2023,BR90,USA,Chicago,CUST1966,PROD446,TV,Sony Bravia 55,Samsung,1,1131.39,0.22,0.18,1041.33,Credit Card,In-Store,EMP467,2,1,Express,1,GBP
ORD112847,14-02-2023,BR31,USA,Chicago,CUST5203,PROD516,TV,Sony Bravia 55,Dell,5,185.73,0.3,0.18,767.06,Net Banking,Online,EMP859,2,0,Express,8,USD
ORD112848,28-03-2023,BR107,India,Bangalore,CUST6918,PROD205,TV,Samsung QLED 50,Sony,3,1777.3,0.1,0.18,5662.48,Debit Card,Online,EMP914,0,0,Express,5,AED
ORD112849,11-12-2023,BR58,UK,Birmingham,CUST6210,PROD883,Mobile,Samsung Galaxy S23,LG,4,1982.5,0.27,0.18,6830.9,Credit Card,In-Store,EMP313,0,1,Standard,10,INR
ORD112850,28-10-2023,BR39,Germany,Hamburg,CUST1541,PROD315,Tablet,Lenovo Tab P11,Sony,3,1783.86,0.18,0.18,5178.19,Credit Card,Online,EMP976,3,0,Same Day,1,AED
ORD112851,02-11-2023,BR57,Germany,Hamburg,CUST4463,PROD160,Mobile,iPhone 14,Apple,4,1512.18,0.03,0.18,6923.36,UPI,Online,EMP281,1,1,Same Day,9,GBP
ORD112852,31-10-2023,BR17,USA,Chicago,CUST7055,PROD856,Tablet,Samsung Galaxy Tab,Sony,4,106.98,0.07,0.18,469.6,UPI,In-Store,EMP628,2,0,Standard,1,GBP
ORD112853,27-08-2024,BR57,USA,Los Angeles,CUST3296,PROD120,Tablet,Lenovo Tab P11,HP,1,773.77,0,0.18,913.05,Credit Card,In-Store,EMP871,0,1,Express,3,INR
ORD112854,08-01-2023,BR56,UAE,Dubai,CUST8210,PROD463,Mobile,Samsung Galaxy S23,LG,5,437.81,0.05,0.18,2453.93,Net Banking,Online,EMP802,0,0,Standard,1,USD
ORD112855,17-07-2023,BR46,Germany,Hamburg,CUST8562,PROD989,Tablet,Lenovo Tab P11,Sony,2,448.74,0.02,0.18,1037.85,Debit Card,Online,EMP900,3,0,Standard,10,GBP
ORD112856,12-11-2023,BR25,Germany,Hamburg,CUST7420,PROD762,Tablet,Samsung Galaxy Tab,Sony,3,956.25,0.23,0.18,2606.55,Net Banking,In-Store,EMP580,0,1,Express,1,USD
ORD112857,06-10-2024,BR28,UK,Manchester,CUST8622,PROD351,Laptop,Dell XPS 13,Lenovo,4,1331.89,0.12,0.18,5532.14,Net Banking,In-Store,EMP754,1,1,Standard,9,USD
ORD112858,07-05-2024,BR82,Germany,Hamburg,CUST5591,PROD615,Laptop,HP Spectre x360,OnePlus,3,1981.62,0.26,0.18,5191.05,Credit Card,In-Store,EMP594,3,0,Standard,4,INR
ORD112859,13-07-2023,BR60,UAE,Dubai,CUST8226,PROD304,Laptop,MacBook Air M2,Lenovo,5,898.5,0.16,0.18,4452.97,Cash,Online,EMP330,1,0,Express,5,EUR
ORD112860,16-05-2024,BR59,Germany,Hamburg,CUST4597,PROD859,Accessories,Keyboard,Lenovo,5,1212.15,0.3,0.18,5006.18,Cash,Online,EMP887,2,0,Same Day,4,AED
ORD112861,14-04-2024,BR110,USA,New York,CUST4969,PROD581,TV,LG OLED 48,Samsung,2,1442.49,0.17,0.18,2825.55,Cash,In-Store,EMP333,3,1,Express,5,USD
ORD112862,18-09-2024,BR63,India,Bangalore,CUST3562,PROD602,Mobile,iPhone 14,OnePlus,4,1952.15,0.12,0.18,8108.45,Credit Card,Online,EMP419,3,0,Standard,10,GBP
ORD112863,26-10-2023,BR53,USA,Los Angeles,CUST1218,PROD544,Accessories,Wireless Mouse,OnePlus,4,1872.65,0.03,0.18,8573.74,Net Banking,In-Store,EMP339,2,1,Same Day,8,AED
ORD112864,12-05-2023,BR21,Germany,Hamburg,CUST5278,PROD706,TV,LG OLED 48,Sony,3,928.68,0.19,0.18,2662.9,Credit Card,In-Store,EMP462,3,0,Standard,1,AED
ORD112865,09-09-2024,BR3,India,Pune,CUST3494,PROD229,TV,Sony Bravia 55,Lenovo,4,543.56,0.24,0.18,1949.86,UPI,In-Store,EMP975,0,1,Same Day,3,INR
ORD112866,10-11-2024,BR11,Germany,Munich,CUST6412,PROD669,Accessories,Keyboard,OnePlus,1,145.44,0.15,0.18,145.88,Net Banking,Online,EMP294,1,1,Same Day,3,AED
ORD112867,11-11-2023,BR85,UAE,Dubai,CUST4533,PROD459,TV,Sony Bravia 55,Dell,4,852.62,0,0.18,4024.37,UPI,In-Store,EMP871,3,1,Express,9,EUR
ORD112868,31-07-2023,BR14,UAE,Dubai,CUST7974,PROD478,Tablet,Lenovo Tab P11,Lenovo,3,386.06,0.2,0.18,1093.32,Debit Card,In-Store,EMP476,0,0,Standard,3,EUR
ORD112869,15-03-2023,BR114,USA,New York,CUST3239,PROD865,Mobile,OnePlus 11,HP,4,1757.45,0.06,0.18,7797.45,Debit Card,In-Store,EMP462,0,0,Express,10,AED
ORD112870,16-11-2024,BR51,UK,London,CUST6063,PROD888,Accessories,Bluetooth Headphones,HP,3,411.23,0.13,0.18,1266.51,Cash,In-Store,EMP882,1,1,Standard,10,INR
ORD112871,16-01-2023,BR56,Germany,Berlin,CUST4519,PROD455,Accessories,Wireless Mouse,HP,5,924.23,0.22,0.18,4253.31,Debit Card,In-Store,EMP823,0,0,Same Day,9,USD
ORD112872,23-01-2024,BR11,India,Pune,CUST2821,PROD723,Laptop,MacBook Air M2,Sony,1,141.26,0.28,0.18,120.01,UPI,Online,EMP712,3,1,Express,10,EUR
ORD112873,14-11-2024,BR51,Germany,Munich,CUST1681,PROD542,Mobile,OnePlus 11,OnePlus,2,70.04,0.03,0.18,160.34,Credit Card,Online,EMP523,3,0,Express,7,GBP
ORD112874,04-06-2024,BR51,Germany,Berlin,CUST8604,PROD129,TV,Samsung QLED 50,Lenovo,2,1935.2,0.02,0.18,4475.73,UPI,In-Store,EMP316,1,1,Same Day,4,EUR
ORD112875,01-07-2023,BR79,India,Mumbai,CUST6493,PROD221,Accessories,Keyboard,OnePlus,2,239.92,0.28,0.18,407.67,Credit Card,In-Store,EMP768,0,0,Standard,7,INR
ORD112876,18-10-2024,BR31,India,Pune,CUST7382,PROD420,Tablet,Lenovo Tab P11,Apple,4,868.66,0.08,0.18,3772.07,Cash,In-Store,EMP816,1,0,Express,6,AED
ORD112877,24-05-2024,BR3,UK,Birmingham,CUST4071,PROD352,Tablet,Samsung Galaxy Tab,Sony,4,1283.23,0.15,0.18,5148.32,UPI,Online,EMP470,0,1,Standard,5,INR
ORD112878,04-05-2023,BR57,Germany,Berlin,CUST5106,PROD741,Tablet,Lenovo Tab P11,Dell,5,514.93,0.16,0.18,2551.99,Net Banking,Online,EMP482,2,1,Standard,6,USD
ORD112879,26-09-2023,BR72,India,Mumbai,CUST8571,PROD234,Accessories,Bluetooth Headphones,Sony,4,651.41,0.21,0.18,2428.98,Net Banking,Online,EMP870,1,1,Express,3,AED
ORD112880,11-02-2023,BR109,Germany,Munich,CUST7216,PROD430,Mobile,iPhone 14,Sony,2,63.2,0.25,0.18,111.86,Cash,Online,EMP514,3,1,Same Day,1,EUR
ORD112881,30-07-2024,BR78,Germany,Munich,CUST4457,PROD799,Laptop,HP Spectre x360,Samsung,2,591.07,0.19,0.18,1129.89,UPI,In-Store,EMP537,3,1,Same Day,9,GBP
ORD112882,13-10-2024,BR13,USA,Dallas,CUST5285,PROD378,Mobile,OnePlus 11,Samsung,4,977.82,0.26,0.18,3415.33,UPI,In-Store,EMP631,3,0,Standard,3,AED
ORD112883,05-09-2024,BR35,Germany,Berlin,CUST1234,PROD369,Laptop,MacBook Air M2,Sony,5,1428.1,0,0.18,8425.79,Net Banking,In-Store,EMP553,3,1,Express,6,GBP
ORD112884,19-10-2023,BR67,India,Pune,CUST4934,PROD960,Tablet,Samsung Galaxy Tab,Dell,5,1128.29,0.1,0.18,5991.22,UPI,In-Store,EMP392,3,0,Same Day,8,USD
ORD112885,19-09-2023,BR43,USA,Chicago,CUST3996,PROD110,Tablet,Lenovo Tab P11,OnePlus,5,1523.95,0.27,0.18,6563.65,Debit Card,In-Store,EMP663,2,1,Express,6,INR
ORD112886,23-04-2023,BR43,India,Mumbai,CUST8366,PROD407,TV,Sony Bravia 55,HP,4,1830.57,0.24,0.18,6566.62,Debit Card,Online,EMP288,3,0,Express,2,EUR
ORD112887,30-10-2023,BR78,Germany,Munich,CUST3281,PROD711,Accessories,Wireless Mouse,OnePlus,3,1446.16,0.05,0.18,4863.44,Cash,In-Store,EMP706,3,0,Express,10,AED
ORD112888,17-06-2024,BR99,India,Pune,CUST4846,PROD629,TV,Samsung QLED 50,Lenovo,5,761.13,0.02,0.18,4400.85,Credit Card,In-Store,EMP491,3,0,Express,9,INR
ORD112889,16-09-2023,BR8,Germany,Hamburg,CUST4208,PROD210,TV,LG OLED 48,LG,1,345.86,0,0.18,408.11,Debit Card,In-Store,EMP338,2,0,Standard,3,USD
ORD112890,27-12-2024,BR95,UAE,Abu Dhabi,CUST5018,PROD460,Mobile,OnePlus 11,LG,2,393.08,0.24,0.18,705.03,UPI,Online,EMP681,2,0,Standard,1,AED
ORD112891,17-05-2023,BR9,UK,London,CUST8136,PROD627,Tablet,iPad Air,HP,2,153.44,0.03,0.18,351.25,UPI,In-Store,EMP943,3,1,Same Day,6,GBP
ORD112892,30-03-2024,BR66,India,Mumbai,CUST3953,PROD596,Laptop,HP Spectre x360,OnePlus,3,713.65,0.26,0.18,1869.48,Cash,In-Store,EMP714,1,0,Standard,6,INR
ORD112893,02-10-2024,BR33,UK,London,CUST4004,PROD234,Mobile,iPhone 14,Samsung,1,1681.01,0.25,0.18,1487.69,UPI,Online,EMP814,2,1,Standard,5,EUR
ORD112894,25-01-2023,BR29,UK,Birmingham,CUST1687,PROD730,TV,Samsung QLED 50,Samsung,1,1368.45,0.13,0.18,1404.85,Debit Card,In-Store,EMP590,1,1,Express,4,AED
ORD112895,14-08-2023,BR60,USA,New York,CUST9409,PROD247,Laptop,Dell XPS 13,Sony,3,1651.44,0.23,0.18,4501.5,Cash,In-Store,EMP390,1,1,Standard,9,INR
ORD112896,30-06-2024,BR35,USA,Chicago,CUST5686,PROD130,Tablet,iPad Air,HP,5,384.29,0.12,0.18,1995.23,Cash,In-Store,EMP900,1,1,Same Day,6,EUR
ORD112897,28-06-2024,BR63,UAE,Abu Dhabi,CUST7865,PROD616,Laptop,HP Spectre x360,Lenovo,5,1752.04,0.13,0.18,8993.22,Debit Card,Online,EMP805,2,1,Express,10,AED
ORD112898,23-06-2023,BR25,India,Pune,CUST2516,PROD446,Laptop,MacBook Air M2,OnePlus,5,1467.17,0.17,0.18,7184.73,UPI,Online,EMP334,1,1,Express,9,AED
ORD112899,15-01-2024,BR37,Germany,Hamburg,CUST5831,PROD403,Tablet,Samsung Galaxy Tab,Dell,5,421.05,0.29,0.18,1763.78,Net Banking,In-Store,EMP345,2,1,Express,8,USD
ORD112900,08-08-2024,BR120,Germany,Berlin,CUST2117,PROD208,Laptop,Dell XPS 13,Apple,2,997.97,0.25,0.18,1766.41,Cash,In-Store,EMP246,3,1,Same Day,5,AED
ORD112901,10-08-2024,BR5,UAE,Dubai,CUST9391,PROD854,Laptop,MacBook Air M2,Samsung,1,1078.98,0.16,0.18,1069.48,Credit Card,In-Store,EMP528,2,0,Express,5,USD
ORD112902,23-09-2024,BR104,India,Delhi,CUST6070,PROD134,Tablet,iPad Air,Lenovo,1,1508.5,0.27,0.18,1299.42,Credit Card,In-Store,EMP651,0,0,Same Day,9,GBP
ORD112903,03-02-2023,BR45,USA,New York,CUST7397,PROD528,TV,LG OLED 48,OnePlus,2,886.28,0.27,0.18,1526.88,Debit Card,In-Store,EMP467,3,1,Express,5,USD
ORD112904,26-12-2023,BR69,UAE,Abu Dhabi,CUST6939,PROD866,Mobile,OnePlus 11,Apple,4,930.66,0.01,0.18,4348.79,Net Banking,In-Store,EMP814,0,1,Express,7,GBP
ORD112905,24-09-2024,BR77,India,Delhi,CUST8038,PROD662,TV,Samsung QLED 50,Apple,5,1685.55,0.01,0.18,9845.3,Debit Card,In-Store,EMP926,1,1,Standard,7,GBP
ORD112906,17-06-2023,BR56,USA,Dallas,CUST1083,PROD561,Tablet,iPad Air,OnePlus,3,801.21,0.11,0.18,2524.29,Credit Card,Online,EMP230,0,1,Express,1,USD
ORD112907,22-03-2024,BR53,UAE,Dubai,CUST3502,PROD356,TV,Sony Bravia 55,LG,4,1547.91,0.02,0.18,7160.01,Debit Card,Online,EMP561,2,0,Standard,3,INR
ORD112908,07-02-2023,BR11,UK,Manchester,CUST5017,PROD461,Accessories,Bluetooth Headphones,HP,3,125.54,0.2,0.18,355.53,Cash,In-Store,EMP891,2,0,Same Day,5,EUR
ORD112909,11-05-2024,BR77,Germany,Munich,CUST9098,PROD764,Tablet,iPad Air,Sony,2,1136.69,0.13,0.18,2333.85,Net Banking,Online,EMP283,3,0,Express,1,EUR
ORD112910,24-04-2023,BR69,UK,London,CUST9412,PROD910,Tablet,Samsung Galaxy Tab,Dell,5,741.75,0,0.18,4376.32,Credit Card,In-Store,EMP292,3,0,Same Day,8,GBP
ORD112911,31-10-2024,BR66,UK,Manchester,CUST3293,PROD207,Mobile,iPhone 14,HP,1,1654.14,0.06,0.18,1834.77,Net Banking,Online,EMP622,2,1,Standard,5,EUR
ORD112912,30-06-2023,BR61,UAE,Dubai,CUST1104,PROD145,Mobile,iPhone 14,LG,1,235.37,0.19,0.18,224.97,Net Banking,In-Store,EMP347,0,0,Express,5,EUR
ORD112913,13-05-2023,BR85,UAE,Dubai,CUST5203,PROD601,Tablet,iPad Air,Apple,4,625.55,0.07,0.18,2745.91,Credit Card,Online,EMP352,2,0,Same Day,2,EUR
ORD112914,01-09-2023,BR56,India,Mumbai,CUST7816,PROD826,Accessories,Keyboard,HP,3,630.98,0.17,0.18,1853.95,Credit Card,In-Store,EMP887,1,0,Same Day,7,GBP
ORD112915,22-01-2024,BR54,UAE,Abu Dhabi,CUST7664,PROD238,Mobile,iPhone 14,Dell,4,1398.96,0.27,0.18,4820.26,UPI,Online,EMP880,3,1,Standard,3,AED
ORD112916,06-02-2024,BR35,Germany,Berlin,CUST9653,PROD460,Mobile,iPhone 14,Dell,2,855.53,0.03,0.18,1958.48,UPI,Online,EMP256,2,0,Express,9,INR
ORD112917,04-11-2024,BR31,Germany,Berlin,CUST7514,PROD550,Accessories,Bluetooth Headphones,Apple,3,642.17,0.27,0.18,1659.5,Net Banking,Online,EMP629,1,0,Standard,1,INR
ORD112918,13-01-2024,BR59,UAE,Dubai,CUST6238,PROD381,TV,Sony Bravia 55,Apple,3,1241.77,0.14,0.18,3780.44,UPI,Online,EMP602,0,1,Express,1,USD
ORD112919,20-09-2023,BR32,USA,Chicago,CUST8742,PROD545,Laptop,MacBook Air M2,Sony,5,889.03,0.08,0.18,4825.65,Cash,In-Store,EMP564,1,1,Standard,1,EUR
ORD112920,12-05-2024,BR10,India,Mumbai,CUST4958,PROD660,Accessories,Keyboard,LG,3,1417.78,0.25,0.18,3764.21,Net Banking,Online,EMP346,0,0,Same Day,9,GBP
ORD112921,16-06-2024,BR108,Germany,Hamburg,CUST9308,PROD868,Mobile,Samsung Galaxy S23,Samsung,3,411.83,0.16,0.18,1224.62,UPI,In-Store,EMP437,0,0,Same Day,3,AED
ORD112922,13-06-2023,BR79,India,Mumbai,CUST2664,PROD655,Accessories,Bluetooth Headphones,Lenovo,3,1538.12,0.2,0.18,4355.96,Credit Card,In-Store,EMP794,1,1,Express,9,AED
ORD112923,06-11-2023,BR93,USA,Chicago,CUST3337,PROD767,Mobile,iPhone 14,LG,2,1479.28,0.1,0.18,3141.99,Debit Card,Online,EMP260,0,0,Standard,2,GBP
ORD112924,16-04-2023,BR102,USA,Chicago,CUST1670,PROD237,Accessories,Wireless Mouse,Dell,2,401.08,0.18,0.18,776.17,Cash,In-Store,EMP360,1,0,Same Day,5,INR
ORD112925,02-10-2023,BR66,UAE,Dubai,CUST9290,PROD155,Mobile,OnePlus 11,HP,4,1841.11,0.23,0.18,6691.33,Debit Card,Online,EMP297,3,0,Standard,5,GBP
ORD112926,19-06-2023,BR27,Germany,Munich,CUST8722,PROD279,Laptop,MacBook Air M2,Dell,1,1003.39,0.28,0.18,852.48,Net Banking,Online,EMP692,2,0,Express,1,USD
ORD112927,30-07-2023,BR61,India,Mumbai,CUST3194,PROD101,Tablet,Samsung Galaxy Tab,Lenovo,2,793.47,0.2,0.18,1498.07,Cash,Online,EMP483,3,1,Standard,3,INR
ORD112928,20-06-2024,BR31,Germany,Berlin,CUST7149,PROD359,Mobile,OnePlus 11,LG,5,996.35,0.01,0.18,5819.68,UPI,Online,EMP608,3,1,Express,5,INR
ORD112929,30-11-2024,BR8,UK,Birmingham,CUST6697,PROD941,TV,LG OLED 48,Lenovo,2,1392.71,0.15,0.18,2793.78,Credit Card,In-Store,EMP288,2,1,Express,9,EUR
ORD112930,17-12-2024,BR83,Germany,Hamburg,CUST6322,PROD358,Tablet,Samsung Galaxy Tab,Dell,3,429.07,0.12,0.18,1336.64,Credit Card,In-Store,EMP475,3,1,Standard,9,EUR
ORD112931,05-05-2024,BR70,India,Mumbai,CUST8553,PROD280,Accessories,Bluetooth Headphones,LG,4,1336.98,0.26,0.18,4669.8,Credit Card,Online,EMP608,3,1,Express,4,INR
ORD112932,07-12-2024,BR39,UK,Birmingham,CUST8728,PROD939,Accessories,Bluetooth Headphones,Samsung,5,407.01,0.18,0.18,1969.11,UPI,In-Store,EMP802,0,1,Standard,9,INR
ORD112933,03-04-2023,BR30,UK,Birmingham,CUST7956,PROD299,Tablet,Lenovo Tab P11,Sony,1,1248.19,0.06,0.18,1384.49,Net Banking,In-Store,EMP588,0,1,Same Day,2,AED
ORD112934,16-01-2024,BR20,USA,Chicago,CUST1384,PROD309,TV,LG OLED 48,Samsung,5,1760.38,0.03,0.18,10074.65,Cash,In-Store,EMP523,2,1,Standard,10,GBP
ORD112935,26-07-2023,BR66,USA,New York,CUST2394,PROD408,TV,Sony Bravia 55,HP,3,640.59,0.12,0.18,1995.57,Debit Card,Online,EMP881,1,1,Express,10,AED
ORD112936,20-06-2024,BR96,Germany,Berlin,CUST5015,PROD621,Mobile,OnePlus 11,Sony,4,645.75,0.08,0.18,2804.1,Debit Card,In-Store,EMP553,2,0,Express,7,USD
ORD112937,28-05-2024,BR109,India,Delhi,CUST2632,PROD649,Mobile,OnePlus 11,OnePlus,5,1875.49,0.3,0.18,7745.77,Credit Card,Online,EMP234,1,0,Same Day,4,USD
ORD112938,01-04-2024,BR3,UK,Manchester,CUST7427,PROD917,Mobile,OnePlus 11,Sony,5,1416.45,0.16,0.18,7019.93,UPI,In-Store,EMP850,0,1,Standard,3,AED
ORD112939,21-07-2024,BR79,UK,London,CUST4247,PROD289,TV,LG OLED 48,Samsung,4,287.38,0.12,0.18,1193.66,Cash,In-Store,EMP485,2,0,Express,2,INR
ORD112940,12-12-2024,BR110,USA,Chicago,CUST9361,PROD635,TV,Samsung QLED 50,Apple,4,1819.22,0.06,0.18,8071.52,Net Banking,In-Store,EMP690,0,0,Express,4,GBP
ORD112941,06-01-2023,BR50,UAE,Abu Dhabi,CUST4954,PROD440,Laptop,Dell XPS 13,Dell,5,357.64,0,0.18,2110.08,Cash,Online,EMP865,3,0,Express,4,EUR
ORD112942,20-05-2024,BR30,USA,New York,CUST5488,PROD498,Mobile,OnePlus 11,Dell,1,1588.05,0.26,0.18,1386.69,Net Banking,In-Store,EMP286,1,1,Express,2,AED
ORD112943,01-02-2024,BR29,India,Mumbai,CUST3958,PROD291,Accessories,Wireless Mouse,OnePlus,4,1286.8,0.2,0.18,4858.96,Net Banking,In-Store,EMP465,1,0,Standard,8,INR
ORD112944,10-06-2024,BR8,India,Bangalore,CUST5753,PROD824,Laptop,Dell XPS 13,Dell,2,95.27,0.18,0.18,184.37,UPI,Online,EMP808,0,1,Standard,4,INR
ORD112945,18-10-2024,BR41,UAE,Abu Dhabi,CUST2883,PROD642,Laptop,HP Spectre x360,HP,4,1663.37,0.1,0.18,7066,Debit Card,In-Store,EMP829,3,1,Standard,10,INR
ORD112946,09-12-2024,BR30,India,Delhi,CUST5323,PROD276,Tablet,Lenovo Tab P11,Lenovo,1,1033.05,0.16,0.18,1023.96,Cash,In-Store,EMP995,1,1,Standard,6,GBP
ORD112947,24-04-2024,BR24,USA,Chicago,CUST4289,PROD819,Tablet,Samsung Galaxy Tab,Dell,1,577.18,0.15,0.18,578.91,Net Banking,In-Store,EMP893,2,1,Standard,5,EUR
ORD112948,18-12-2023,BR56,UAE,Dubai,CUST8540,PROD229,Tablet,iPad Air,Dell,2,1427.06,0.2,0.18,2694.29,Cash,In-Store,EMP350,0,1,Same Day,9,GBP
ORD112949,03-01-2024,BR31,Germany,Berlin,CUST4465,PROD776,Mobile,iPhone 14,LG,1,754.35,0.22,0.18,694.3,Credit Card,Online,EMP618,1,0,Same Day,4,EUR
ORD112950,18-10-2023,BR72,USA,Los Angeles,CUST9968,PROD904,Accessories,Wireless Mouse,HP,3,1778.27,0.26,0.18,4658.36,Credit Card,In-Store,EMP410,1,0,Standard,2,EUR
ORD112951,14-11-2023,BR59,UK,Manchester,CUST3976,PROD427,Accessories,Keyboard,Dell,1,370.15,0.23,0.18,336.32,Net Banking,In-Store,EMP535,3,1,Express,3,EUR
ORD112952,04-04-2023,BR106,India,Bangalore,CUST6958,PROD465,Mobile,iPhone 14,Lenovo,2,1516.36,0.11,0.18,3184.96,Debit Card,In-Store,EMP415,2,1,Express,3,EUR
ORD112953,06-03-2024,BR37,Germany,Hamburg,CUST6357,PROD850,Accessories,Bluetooth Headphones,Sony,1,1805.24,0.21,0.18,1682.84,Cash,In-Store,EMP389,0,0,Express,6,USD
ORD112954,07-06-2023,BR116,India,Delhi,CUST2886,PROD979,Laptop,HP Spectre x360,Apple,5,1832.72,0.15,0.18,9191.09,Net Banking,In-Store,EMP232,1,0,Standard,3,EUR
ORD112955,22-02-2024,BR22,USA,New York,CUST8418,PROD319,Accessories,Bluetooth Headphones,Apple,3,1645.31,0.05,0.18,5533.18,Debit Card,In-Store,EMP558,0,1,Same Day,8,INR
ORD112956,30-06-2023,BR98,India,Mumbai,CUST1801,PROD274,Tablet,Samsung Galaxy Tab,Dell,5,355.3,0.03,0.18,2033.38,Credit Card,Online,EMP822,2,0,Same Day,10,AED
ORD112957,15-04-2023,BR31,India,Delhi,CUST7386,PROD695,TV,LG OLED 48,Samsung,5,1212.78,0.09,0.18,6511.42,Credit Card,In-Store,EMP588,2,1,Express,10,GBP
ORD112958,15-10-2024,BR38,Germany,Berlin,CUST3010,PROD294,TV,LG OLED 48,Samsung,1,1487.92,0.25,0.18,1316.81,UPI,Online,EMP411,0,1,Same Day,6,USD
ORD112959,19-01-2023,BR40,UAE,Abu Dhabi,CUST8140,PROD158,Mobile,OnePlus 11,Lenovo,2,605.44,0.07,0.18,1328.82,Credit Card,Online,EMP336,2,1,Standard,9,GBP
ORD112960,22-07-2024,BR39,UAE,Dubai,CUST8953,PROD674,Mobile,OnePlus 11,Lenovo,3,1816.17,0.26,0.18,4757.64,Net Banking,Online,EMP983,3,0,Express,9,AED
ORD112961,22-04-2024,BR66,India,Bangalore,CUST7373,PROD715,TV,Sony Bravia 55,Sony,4,1778.43,0.15,0.18,7135.06,Cash,In-Store,EMP585,3,0,Express,1,INR
ORD112962,05-02-2023,BR74,Germany,Berlin,CUST9837,PROD269,TV,Samsung QLED 50,Apple,4,1686.21,0.18,0.18,6526.31,Credit Card,In-Store,EMP581,1,0,Express,9,AED
ORD112963,13-03-2023,BR37,UK,Birmingham,CUST4286,PROD591,TV,Sony Bravia 55,Sony,1,1851.69,0.12,0.18,1922.79,Cash,In-Store,EMP507,0,1,Same Day,8,USD
ORD112964,16-07-2023,BR17,Germany,Munich,CUST4072,PROD808,TV,Samsung QLED 50,OnePlus,3,1843,0.01,0.18,6458.98,Cash,In-Store,EMP769,2,0,Standard,10,INR
ORD112965,11-07-2023,BR58,USA,Chicago,CUST5869,PROD789,Laptop,MacBook Air M2,Lenovo,2,1225.74,0.15,0.18,2458.83,Cash,Online,EMP596,2,0,Same Day,9,EUR
ORD112966,30-03-2023,BR86,India,Mumbai,CUST4764,PROD959,Laptop,Dell XPS 13,LG,5,931.13,0.18,0.18,4504.81,Cash,In-Store,EMP249,3,0,Standard,4,AED
ORD112967,06-03-2023,BR77,Germany,Hamburg,CUST4059,PROD152,Laptop,Dell XPS 13,Lenovo,1,239.61,0.26,0.18,209.23,Net Banking,Online,EMP435,3,1,Standard,10,AED
ORD112968,04-07-2023,BR75,Germany,Berlin,CUST1268,PROD156,Accessories,Wireless Mouse,OnePlus,3,312.13,0.22,0.18,861.85,Credit Card,In-Store,EMP883,2,1,Standard,8,EUR
ORD112969,19-03-2024,BR67,UAE,Abu Dhabi,CUST5540,PROD603,TV,Samsung QLED 50,LG,3,1333.13,0.1,0.18,4247.35,Net Banking,In-Store,EMP567,0,1,Standard,6,AED
ORD112970,26-04-2023,BR10,Germany,Hamburg,CUST2868,PROD818,Accessories,Keyboard,Sony,2,1526.1,0.22,0.18,2809.24,Credit Card,Online,EMP958,1,0,Express,9,EUR
ORD112971,27-12-2023,BR82,UAE,Abu Dhabi,CUST4570,PROD524,TV,Samsung QLED 50,LG,3,309.04,0,0.18,1094,Credit Card,Online,EMP684,2,1,Standard,6,GBP
ORD112972,13-06-2023,BR15,India,Delhi,CUST1900,PROD517,TV,Sony Bravia 55,Samsung,3,552.81,0.07,0.18,1819.96,Cash,In-Store,EMP263,1,1,Standard,9,USD
ORD112973,25-07-2023,BR70,UAE,Dubai,CUST7980,PROD810,Accessories,Bluetooth Headphones,Lenovo,1,1029.4,0.26,0.18,898.87,Cash,In-Store,EMP690,1,0,Same Day,10,AED
ORD112974,22-10-2024,BR112,India,Bangalore,CUST7925,PROD332,Accessories,Keyboard,Samsung,5,1123.02,0.16,0.18,5565.69,Cash,In-Store,EMP278,3,0,Same Day,2,GBP
ORD112975,21-03-2024,BR55,UK,Manchester,CUST8214,PROD195,Mobile,Samsung Galaxy S23,HP,2,762.34,0.02,0.18,1763.14,UPI,In-Store,EMP522,0,1,Express,9,GBP
ORD112976,12-05-2024,BR25,USA,New York,CUST5320,PROD687,TV,LG OLED 48,HP,2,1748.35,0.04,0.18,3961.06,Net Banking,Online,EMP556,3,0,Standard,10,AED
ORD112977,30-12-2024,BR38,India,Mumbai,CUST8534,PROD887,TV,LG OLED 48,HP,4,877.99,0.29,0.18,2942.32,Net Banking,Online,EMP901,2,0,Express,10,EUR
ORD112978,17-02-2024,BR4,Germany,Munich,CUST6017,PROD491,Mobile,OnePlus 11,Lenovo,1,1264.3,0,0.18,1491.87,Debit Card,Online,EMP896,0,0,Standard,6,EUR
ORD112979,25-09-2024,BR108,India,Pune,CUST1283,PROD918,Mobile,OnePlus 11,Sony,4,1254.9,0.09,0.18,5390.05,UPI,Online,EMP444,1,0,Standard,3,GBP
ORD112980,19-12-2023,BR34,USA,Chicago,CUST6753,PROD304,Tablet,Lenovo Tab P11,Apple,5,598.9,0.09,0.18,3215.49,Credit Card,Online,EMP281,2,0,Same Day,3,GBP
ORD112981,21-10-2023,BR39,USA,New York,CUST4964,PROD459,Laptop,MacBook Air M2,Samsung,5,701.41,0.26,0.18,3062.36,UPI,Online,EMP375,3,1,Express,9,INR
ORD112982,10-03-2024,BR52,UAE,Dubai,CUST6774,PROD867,Mobile,iPhone 14,Lenovo,5,837.21,0.17,0.18,4099.82,Credit Card,In-Store,EMP761,0,0,Same Day,5,GBP
ORD112983,17-02-2023,BR52,Germany,Berlin,CUST8893,PROD272,Accessories,Keyboard,Dell,2,822.7,0.08,0.18,1786.25,Credit Card,In-Store,EMP962,2,1,Same Day,5,USD
ORD112984,18-03-2024,BR6,UAE,Abu Dhabi,CUST4200,PROD845,Tablet,Lenovo Tab P11,Sony,4,1331.47,0.17,0.18,5216.17,Credit Card,Online,EMP288,2,0,Same Day,7,EUR
ORD112985,30-11-2023,BR102,UAE,Abu Dhabi,CUST4347,PROD774,Accessories,Keyboard,Lenovo,4,1137.44,0.09,0.18,4885.53,Debit Card,In-Store,EMP887,3,1,Standard,3,INR
ORD112986,25-10-2024,BR3,USA,Chicago,CUST1995,PROD757,Mobile,iPhone 14,Samsung,2,528.18,0.06,0.18,1171.71,Credit Card,Online,EMP596,1,1,Express,7,AED
ORD112987,29-10-2023,BR112,UK,Manchester,CUST6501,PROD502,Tablet,Lenovo Tab P11,Apple,3,903.79,0.21,0.18,2527.54,UPI,In-Store,EMP663,0,0,Express,8,AED
ORD112988,02-05-2023,BR83,UAE,Abu Dhabi,CUST1685,PROD238,Mobile,Samsung Galaxy S23,Samsung,4,938.31,0.29,0.18,3144.46,Cash,Online,EMP589,0,0,Standard,6,EUR
ORD112989,07-07-2023,BR32,UK,Birmingham,CUST7897,PROD677,Tablet,Samsung Galaxy Tab,LG,3,1570.19,0.22,0.18,4335.61,UPI,In-Store,EMP359,2,0,Standard,1,USD
ORD112990,21-06-2023,BR86,UAE,Abu Dhabi,CUST7863,PROD427,Tablet,Lenovo Tab P11,Sony,4,1285.95,0.06,0.18,5705.5,Credit Card,Online,EMP616,2,0,Same Day,9,EUR
ORD112991,18-06-2023,BR13,UK,Birmingham,CUST5270,PROD163,Accessories,Keyboard,OnePlus,1,599.65,0.1,0.18,636.83,UPI,In-Store,EMP335,0,0,Standard,3,USD
ORD112992,11-02-2023,BR4,Germany,Munich,CUST5562,PROD417,TV,Samsung QLED 50,OnePlus,3,1932.14,0.02,0.18,6702.98,Cash,In-Store,EMP487,2,1,Same Day,6,GBP
ORD112993,28-11-2024,BR88,UK,Birmingham,CUST7537,PROD430,Laptop,Dell XPS 13,HP,1,782.58,0.23,0.18,711.05,Debit Card,Online,EMP893,1,0,Standard,4,GBP
ORD112994,25-07-2023,BR43,UAE,Dubai,CUST6940,PROD723,Accessories,Wireless Mouse,OnePlus,4,1384.74,0.1,0.18,5882.38,Credit Card,Online,EMP464,0,0,Same Day,9,USD
ORD112995,20-04-2023,BR114,UK,Manchester,CUST4779,PROD386,TV,Samsung QLED 50,HP,5,852.28,0.28,0.18,3620.49,UPI,Online,EMP836,3,0,Same Day,3,AED
ORD112996,28-05-2024,BR48,Germany,Berlin,CUST9477,PROD595,Accessories,Bluetooth Headphones,LG,4,489.59,0.29,0.18,1640.71,Debit Card,Online,EMP839,0,1,Express,6,AED
ORD112997,02-10-2024,BR71,UK,Birmingham,CUST1752,PROD568,Mobile,Samsung Galaxy S23,Apple,3,359.34,0.01,0.18,1259.34,Credit Card,In-Store,EMP372,2,0,Express,8,EUR
ORD112998,24-12-2024,BR55,Germany,Berlin,CUST2615,PROD624,Laptop,HP Spectre x360,Sony,5,1306.99,0.16,0.18,6477.44,Cash,In-Store,EMP361,0,1,Standard,9,EUR
ORD112999,21-02-2023,BR27,UAE,Dubai,CUST8817,PROD143,Mobile,iPhone 14,Apple,4,710.39,0.26,0.18,2481.25,Cash,In-Store,EMP834,3,1,Express,7,INR
ORD113000,23-02-2023,BR9,Germany,Hamburg,CUST5218,PROD395,TV,LG OLED 48,Sony,2,706.32,0.06,0.18,1566.9,Net Banking,In-Store,EMP296,0,1,Standard,8,INR
ORD113001,24-09-2024,BR61,UK,Birmingham,CUST9190,PROD272,Laptop,HP Spectre x360,OnePlus,3,58.5,0.24,0.18,157.39,Net Banking,In-Store,EMP712,0,0,Express,10,INR
ORD113002,26-12-2024,BR74,USA,New York,CUST1442,PROD459,Mobile,Samsung Galaxy S23,Dell,2,1566.56,0,0.18,3697.08,Net Banking,In-Store,EMP924,0,0,Same Day,6,USD
ORD113003,16-04-2024,BR14,UAE,Dubai,CUST1528,PROD633,TV,Samsung QLED 50,Sony,2,849.94,0.2,0.18,1604.69,Net Banking,Online,EMP985,1,1,Same Day,2,GBP
ORD113004,27-09-2024,BR32,Germany,Berlin,CUST4450,PROD765,Laptop,MacBook Air M2,Sony,4,395.73,0.18,0.18,1531.63,Cash,Online,EMP632,1,0,Same Day,6,AED
ORD113005,13-06-2024,BR56,UAE,Dubai,CUST5719,PROD925,Mobile,iPhone 14,HP,1,1059.74,0.04,0.18,1200.47,Debit Card,In-Store,EMP224,2,1,Standard,2,AED
ORD113006,19-12-2024,BR90,UK,Birmingham,CUST1545,PROD321,Laptop,HP Spectre x360,Apple,1,554.29,0.26,0.18,484.01,Debit Card,In-Store,EMP214,0,1,Express,9,AED
ORD113007,23-08-2024,BR86,USA,Los Angeles,CUST2253,PROD520,Accessories,Wireless Mouse,HP,2,1894.08,0.25,0.18,3352.52,Debit Card,In-Store,EMP833,0,1,Express,4,EUR
ORD113008,08-04-2023,BR117,UAE,Abu Dhabi,CUST6434,PROD905,Mobile,OnePlus 11,Sony,5,1570.26,0,0.18,9264.53,Net Banking,Online,EMP744,2,1,Standard,7,EUR
ORD113009,19-01-2023,BR110,Germany,Munich,CUST8316,PROD542,Tablet,Lenovo Tab P11,Samsung,3,1918.03,0.29,0.18,4820.78,Credit Card,Online,EMP312,2,0,Standard,8,GBP
ORD113010,07-06-2024,BR33,Germany,Hamburg,CUST5679,PROD999,Laptop,MacBook Air M2,Samsung,2,1696.29,0.11,0.18,3562.89,Cash,In-Store,EMP220,2,0,Same Day,2,USD
ORD113011,06-10-2024,BR86,USA,Chicago,CUST9114,PROD496,Mobile,iPhone 14,Sony,3,600.78,0.03,0.18,2062.96,Net Banking,In-Store,EMP389,1,0,Same Day,1,GBP
ORD113012,19-07-2024,BR115,UAE,Dubai,CUST6389,PROD950,TV,Samsung QLED 50,Samsung,4,799.74,0.19,0.18,3057.57,Debit Card,In-Store,EMP885,3,1,Same Day,3,GBP
ORD113013,02-12-2023,BR91,USA,New York,CUST4142,PROD916,Mobile,OnePlus 11,Samsung,1,709.23,0.19,0.18,677.88,Credit Card,Online,EMP589,2,1,Standard,2,AED
ORD113014,24-01-2024,BR59,USA,Los Angeles,CUST5779,PROD467,Mobile,OnePlus 11,Samsung,2,1837.26,0.23,0.18,3338.67,Credit Card,In-Store,EMP712,3,0,Express,3,USD
ORD113015,18-01-2024,BR77,Germany,Munich,CUST3862,PROD750,Mobile,Samsung Galaxy S23,Dell,1,675.35,0.27,0.18,581.75,UPI,Online,EMP473,3,0,Standard,10,INR
ORD113016,20-01-2023,BR96,UAE,Dubai,CUST4644,PROD188,TV,Samsung QLED 50,Apple,5,1461.29,0.21,0.18,6811.07,Credit Card,In-Store,EMP302,3,1,Express,6,EUR
ORD113017,14-09-2024,BR13,India,Pune,CUST4667,PROD708,Laptop,HP Spectre x360,Sony,3,1353.43,0.26,0.18,3545.45,UPI,Online,EMP805,3,1,Express,6,GBP
ORD113018,09-09-2023,BR83,UK,Manchester,CUST6647,PROD661,Accessories,Bluetooth Headphones,Samsung,1,349.36,0.29,0.18,292.69,Credit Card,Online,EMP434,2,0,Express,4,INR
ORD113019,28-01-2024,BR42,USA,Chicago,CUST7840,PROD974,Tablet,iPad Air,Sony,1,218.27,0.22,0.18,200.9,UPI,Online,EMP840,1,1,Same Day,7,INR
ORD113020,13-05-2024,BR12,UAE,Dubai,CUST8174,PROD519,TV,Sony Bravia 55,HP,1,1829.64,0.15,0.18,1835.13,Credit Card,Online,EMP722,0,0,Same Day,10,INR
ORD113021,04-08-2023,BR39,Germany,Berlin,CUST1369,PROD222,Mobile,OnePlus 11,Lenovo,1,1738.56,0.12,0.18,1805.32,Cash,In-Store,EMP443,2,1,Express,10,INR
ORD113022,24-07-2024,BR6,UAE,Abu Dhabi,CUST9429,PROD929,Laptop,Dell XPS 13,Lenovo,5,1289.94,0.13,0.18,6621.26,Cash,Online,EMP374,2,1,Express,2,USD
ORD113023,22-12-2024,BR104,UK,Manchester,CUST9571,PROD774,Accessories,Keyboard,LG,5,1118.59,0.21,0.18,5213.75,Cash,Online,EMP243,2,1,Same Day,5,USD
ORD113024,05-09-2024,BR8,India,Mumbai,CUST1385,PROD678,Laptop,MacBook Air M2,Samsung,1,603.94,0.03,0.18,691.27,Credit Card,In-Store,EMP453,1,1,Standard,6,GBP
ORD113025,21-02-2023,BR113,India,Delhi,CUST1825,PROD476,Laptop,HP Spectre x360,Samsung,4,1370.32,0.17,0.18,5368.37,Credit Card,Online,EMP737,3,1,Express,9,INR
ORD113026,01-11-2024,BR7,USA,Chicago,CUST3516,PROD719,Mobile,OnePlus 11,Dell,3,1768.59,0.3,0.18,4382.57,Cash,In-Store,EMP802,3,1,Standard,1,EUR
ORD113027,13-06-2023,BR8,UK,London,CUST9126,PROD338,TV,LG OLED 48,HP,3,1471.14,0.15,0.18,4426.66,Debit Card,Online,EMP811,2,0,Express,10,USD
ORD113028,20-07-2024,BR18,Germany,Berlin,CUST4190,PROD819,TV,Samsung QLED 50,Sony,1,1544.1,0.11,0.18,1621.61,Credit Card,In-Store,EMP596,0,1,Standard,1,AED
ORD113029,09-04-2023,BR95,India,Pune,CUST5254,PROD542,Laptop,Dell XPS 13,HP,1,1189.44,0.18,0.18,1150.9,UPI,Online,EMP507,1,0,Express,1,INR
ORD113030,03-02-2024,BR106,India,Delhi,CUST7206,PROD896,Mobile,iPhone 14,OnePlus,5,1101.3,0.24,0.18,4938.23,Cash,Online,EMP731,2,0,Standard,1,AED
ORD113031,12-06-2024,BR19,UK,London,CUST9507,PROD341,Tablet,Lenovo Tab P11,OnePlus,4,930.01,0.06,0.18,4126.27,Cash,In-Store,EMP826,2,0,Standard,5,EUR
ORD113032,24-08-2024,BR50,UAE,Abu Dhabi,CUST4892,PROD565,Tablet,iPad Air,Sony,1,691.09,0.15,0.18,693.16,Net Banking,Online,EMP979,2,0,Express,8,INR
ORD113033,22-07-2024,BR9,UK,London,CUST2395,PROD308,Accessories,Bluetooth Headphones,Lenovo,3,132.63,0.22,0.18,366.22,Credit Card,In-Store,EMP857,0,0,Standard,1,AED
ORD113034,01-10-2024,BR42,USA,Los Angeles,CUST5573,PROD700,Tablet,iPad Air,Lenovo,4,557.12,0.06,0.18,2471.83,Cash,Online,EMP595,3,0,Standard,2,EUR
ORD113035,27-09-2024,BR58,Germany,Munich,CUST7883,PROD947,Tablet,iPad Air,HP,1,1254,0.16,0.18,1242.96,Net Banking,In-Store,EMP385,2,1,Standard,6,INR
ORD113036,05-07-2024,BR5,UK,Birmingham,CUST3305,PROD789,TV,LG OLED 48,Lenovo,3,1872.23,0.1,0.18,5964.92,Cash,Online,EMP356,1,0,Standard,1,GBP
ORD113037,10-08-2023,BR81,Germany,Hamburg,CUST4193,PROD376,Accessories,Keyboard,Lenovo,5,1308.65,0.02,0.18,7566.61,Credit Card,Online,EMP816,2,1,Express,9,AED
ORD113038,31-05-2023,BR119,UK,Manchester,CUST1159,PROD939,Laptop,HP Spectre x360,Dell,2,270.45,0.28,0.18,459.55,Cash,Online,EMP877,1,0,Express,7,INR
ORD113039,24-04-2023,BR39,India,Delhi,CUST5610,PROD746,Tablet,Samsung Galaxy Tab,OnePlus,5,983.75,0.24,0.18,4411.14,Cash,In-Store,EMP395,2,0,Express,5,USD
ORD113040,07-12-2023,BR3,UK,Birmingham,CUST4388,PROD668,Mobile,Samsung Galaxy S23,HP,1,89.91,0.21,0.18,83.81,Net Banking,Online,EMP663,2,1,Same Day,6,AED
ORD113041,16-07-2024,BR79,Germany,Munich,CUST8476,PROD434,Accessories,Keyboard,Lenovo,2,167.52,0.02,0.18,387.44,Cash,Online,EMP674,0,0,Same Day,1,AED
ORD113042,22-01-2024,BR38,Germany,Hamburg,CUST5930,PROD537,Accessories,Wireless Mouse,HP,3,476.74,0.26,0.18,1248.87,UPI,In-Store,EMP667,2,1,Standard,7,INR
ORD113043,08-06-2023,BR52,UK,Birmingham,CUST1355,PROD371,Tablet,Lenovo Tab P11,HP,2,1808.94,0.16,0.18,3586.04,Debit Card,In-Store,EMP487,1,0,Express,1,USD
ORD113044,04-02-2023,BR101,UAE,Abu Dhabi,CUST3760,PROD918,Tablet,Samsung Galaxy Tab,Samsung,5,1895.84,0.1,0.18,10066.91,Net Banking,In-Store,EMP840,2,1,Express,1,INR
ORD113045,29-11-2024,BR31,Germany,Hamburg,CUST7894,PROD536,Laptop,Dell XPS 13,Apple,2,1951.86,0.14,0.18,3961.5,UPI,Online,EMP221,3,0,Express,1,INR
ORD113046,27-03-2023,BR108,UK,London,CUST7181,PROD582,Accessories,Keyboard,Dell,4,1010.26,0.05,0.18,4530.01,Net Banking,In-Store,EMP976,3,1,Express,9,USD
ORD113047,11-12-2023,BR37,UAE,Abu Dhabi,CUST7804,PROD162,Accessories,Wireless Mouse,Lenovo,1,856.9,0.16,0.18,849.36,Cash,In-Store,EMP372,0,1,Standard,8,INR
ORD113048,05-06-2024,BR62,UK,Birmingham,CUST4552,PROD730,Accessories,Bluetooth Headphones,Dell,2,900.18,0.02,0.18,2081.94,Net Banking,In-Store,EMP905,2,1,Express,2,USD
ORD113049,04-07-2024,BR89,UK,London,CUST6065,PROD812,Tablet,Samsung Galaxy Tab,Sony,2,1079.28,0.24,0.18,1935.8,Credit Card,Online,EMP234,0,0,Standard,8,GBP
ORD113050,10-08-2024,BR34,Germany,Berlin,CUST2287,PROD427,Tablet,Samsung Galaxy Tab,Lenovo,3,954.04,0.21,0.18,2668.07,Cash,Online,EMP844,2,1,Same Day,8,AED
ORD113051,24-05-2024,BR18,Germany,Berlin,CUST8083,PROD982,Accessories,Wireless Mouse,Samsung,4,1683.56,0.26,0.18,5880.34,Debit Card,In-Store,EMP345,1,1,Express,2,GBP
ORD113052,28-01-2024,BR84,Germany,Hamburg,CUST6315,PROD330,TV,Sony Bravia 55,Dell,2,1986.9,0.11,0.18,4173.28,Net Banking,In-Store,EMP233,3,1,Standard,4,EUR
ORD113053,24-11-2024,BR52,Germany,Munich,CUST2038,PROD728,Tablet,Lenovo Tab P11,Samsung,1,562.26,0.18,0.18,544.04,Cash,Online,EMP940,3,1,Same Day,7,INR
ORD113054,15-10-2024,BR104,Germany,Berlin,CUST9653,PROD108,TV,Sony Bravia 55,Dell,5,1008.21,0.27,0.18,4342.36,Debit Card,In-Store,EMP598,3,0,Standard,6,USD
ORD113055,15-04-2024,BR47,Germany,Berlin,CUST5261,PROD190,Accessories,Bluetooth Headphones,OnePlus,3,180.04,0.3,0.18,446.14,Credit Card,In-Store,EMP416,2,0,Standard,2,AED
ORD113056,10-01-2023,BR8,Germany,Berlin,CUST7378,PROD649,TV,Sony Bravia 55,LG,1,744.45,0.04,0.18,843.31,Net Banking,In-Store,EMP686,0,1,Same Day,5,AED
ORD113057,01-03-2024,BR114,Germany,Berlin,CUST8573,PROD969,Mobile,Samsung Galaxy S23,Sony,1,915.03,0.02,0.18,1058.14,Net Banking,In-Store,EMP249,3,1,Same Day,2,GBP
ORD113058,12-06-2023,BR73,Germany,Munich,CUST8190,PROD805,Mobile,iPhone 14,Lenovo,1,1168.22,0.02,0.18,1350.93,UPI,Online,EMP693,0,1,Express,5,GBP
ORD113059,16-04-2023,BR18,USA,Dallas,CUST6373,PROD719,Accessories,Keyboard,Lenovo,1,517.41,0.17,0.18,506.75,Debit Card,In-Store,EMP260,1,1,Same Day,6,INR
ORD113060,19-03-2023,BR92,Germany,Hamburg,CUST6558,PROD780,Tablet,iPad Air,Apple,2,616.9,0.03,0.18,1412.21,Cash,In-Store,EMP408,2,0,Same Day,2,GBP
ORD113061,20-02-2023,BR21,Germany,Hamburg,CUST6094,PROD137,Laptop,HP Spectre x360,Dell,2,926.28,0.19,0.18,1770.68,Cash,Online,EMP403,3,1,Same Day,6,USD
ORD113062,21-10-2023,BR99,Germany,Munich,CUST5437,PROD641,Mobile,OnePlus 11,Apple,2,1355.58,0.27,0.18,2335.39,Net Banking,Online,EMP889,2,0,Express,6,EUR
ORD113063,17-01-2024,BR105,UAE,Dubai,CUST4866,PROD998,Mobile,Samsung Galaxy S23,LG,1,1655.57,0.27,0.18,1426.11,Debit Card,In-Store,EMP265,3,1,Express,5,GBP
ORD113064,18-10-2023,BR47,USA,Los Angeles,CUST5136,PROD740,Mobile,Samsung Galaxy S23,HP,5,1197.51,0.11,0.18,6288.13,Cash,In-Store,EMP203,1,0,Express,1,USD
ORD113065,02-10-2024,BR62,UK,Manchester,CUST4854,PROD340,Mobile,Samsung Galaxy S23,LG,3,1413.76,0.06,0.18,4704.43,Net Banking,Online,EMP739,3,1,Standard,9,AED
ORD113066,30-09-2024,BR69,USA,Los Angeles,CUST8270,PROD731,Accessories,Keyboard,Dell,4,1295.32,0.03,0.18,5930.49,Debit Card,In-Store,EMP491,3,0,Same Day,7,AED
ORD113067,18-06-2024,BR48,USA,Dallas,CUST3196,PROD634,Mobile,Samsung Galaxy S23,Lenovo,2,535.22,0.01,0.18,1250.49,Debit Card,In-Store,EMP423,1,0,Same Day,8,GBP
ORD113068,26-09-2023,BR55,India,Bangalore,CUST8576,PROD597,Laptop,MacBook Air M2,HP,1,285.01,0.03,0.18,326.22,Cash,Online,EMP346,1,1,Express,10,EUR
ORD113069,16-02-2024,BR10,India,Bangalore,CUST8191,PROD182,Mobile,OnePlus 11,HP,5,1991.24,0.1,0.18,10573.48,Cash,Online,EMP953,2,0,Standard,9,AED
ORD113070,20-12-2024,BR57,Germany,Hamburg,CUST7018,PROD603,Tablet,Lenovo Tab P11,Sony,3,1464.31,0.22,0.18,4043.25,Net Banking,In-Store,EMP412,0,1,Express,2,EUR
ORD113071,12-10-2023,BR71,UAE,Abu Dhabi,CUST8689,PROD585,Accessories,Bluetooth Headphones,Samsung,1,571.55,0.19,0.18,546.29,Net Banking,Online,EMP648,2,0,Same Day,4,EUR
ORD113072,11-07-2024,BR25,USA,Dallas,CUST9686,PROD226,Accessories,Keyboard,HP,2,981.8,0,0.18,2317.05,Cash,Online,EMP604,3,0,Same Day,4,INR
ORD113073,17-01-2023,BR77,UAE,Abu Dhabi,CUST6382,PROD242,Laptop,MacBook Air M2,Lenovo,5,782.03,0.02,0.18,4521.7,Debit Card,Online,EMP430,1,0,Same Day,5,AED
ORD113074,29-07-2024,BR80,UAE,Abu Dhabi,CUST3076,PROD277,Mobile,Samsung Galaxy S23,Apple,4,1426.9,0.23,0.18,5185.93,Net Banking,Online,EMP235,3,1,Same Day,6,GBP
ORD113075,15-10-2023,BR19,India,Bangalore,CUST1794,PROD885,Mobile,iPhone 14,Sony,1,132.93,0.04,0.18,150.58,Credit Card,In-Store,EMP645,0,0,Standard,7,GBP
ORD113076,03-11-2024,BR46,UK,Manchester,CUST4263,PROD146,Tablet,iPad Air,Samsung,4,485.84,0.22,0.18,1788.67,UPI,Online,EMP378,3,1,Same Day,4,INR
ORD113077,15-06-2024,BR98,Germany,Hamburg,CUST7369,PROD573,Accessories,Bluetooth Headphones,OnePlus,5,1507.17,0.22,0.18,6936,Cash,Online,EMP716,3,1,Same Day,2,AED
ORD113078,25-01-2023,BR36,UK,London,CUST6078,PROD789,Tablet,Samsung Galaxy Tab,Apple,1,114.37,0.1,0.18,121.46,Debit Card,Online,EMP203,2,0,Express,1,INR
ORD113079,09-10-2023,BR70,UK,London,CUST9582,PROD543,Mobile,Samsung Galaxy S23,Sony,3,259.77,0.27,0.18,671.3,Net Banking,In-Store,EMP983,1,0,Standard,10,GBP
ORD113080,29-01-2024,BR21,India,Pune,CUST4282,PROD153,Tablet,Lenovo Tab P11,HP,2,1633.99,0.28,0.18,2776.48,Net Banking,Online,EMP917,3,0,Standard,6,INR
ORD113081,18-07-2024,BR51,Germany,Berlin,CUST6791,PROD694,TV,Samsung QLED 50,HP,2,259.16,0.19,0.18,495.41,Credit Card,In-Store,EMP779,0,1,Same Day,2,GBP
ORD113082,09-06-2024,BR79,UAE,Dubai,CUST6417,PROD172,Mobile,OnePlus 11,LG,3,1215.62,0.29,0.18,3055.34,Cash,Online,EMP564,2,0,Express,9,INR
ORD113083,11-12-2024,BR99,Germany,Munich,CUST5601,PROD692,Mobile,iPhone 14,Lenovo,4,190.37,0.04,0.18,862.6,Net Banking,Online,EMP829,0,0,Express,3,EUR
ORD113084,09-02-2023,BR71,India,Bangalore,CUST1796,PROD210,Laptop,HP Spectre x360,HP,5,1153.63,0.13,0.18,5921.58,Debit Card,In-Store,EMP270,0,1,Same Day,9,INR
ORD113085,05-07-2023,BR53,India,Delhi,CUST3248,PROD959,Mobile,Samsung Galaxy S23,Sony,1,639.63,0.01,0.18,747.22,UPI,Online,EMP742,2,1,Same Day,4,EUR
ORD113086,06-03-2023,BR118,Germany,Hamburg,CUST8109,PROD699,Tablet,Samsung Galaxy Tab,LG,3,1238.43,0.26,0.18,3244.19,UPI,In-Store,EMP524,3,1,Express,6,EUR
ORD113087,17-03-2024,BR22,India,Bangalore,CUST8717,PROD562,Accessories,Wireless Mouse,Sony,3,1637.89,0.25,0.18,4348.6,Debit Card,Online,EMP501,2,1,Same Day,6,USD
ORD113088,26-03-2023,BR87,USA,New York,CUST4370,PROD749,TV,Sony Bravia 55,Dell,2,1206.24,0.01,0.18,2818.26,Cash,Online,EMP850,0,0,Express,2,INR
ORD113089,07-07-2023,BR68,India,Mumbai,CUST9194,PROD771,Laptop,MacBook Air M2,Sony,4,1528.04,0.09,0.18,6563.24,Debit Card,In-Store,EMP279,1,0,Express,5,EUR
ORD113090,12-11-2024,BR97,Germany,Berlin,CUST2949,PROD409,Accessories,Keyboard,HP,4,1028.28,0.04,0.18,4659.34,Debit Card,In-Store,EMP811,3,1,Standard,10,AED
ORD113091,07-12-2023,BR15,UK,Birmingham,CUST3976,PROD641,Laptop,Dell XPS 13,Dell,5,269.64,0.22,0.18,1240.88,Net Banking,In-Store,EMP469,1,0,Same Day,5,USD
ORD113092,06-11-2024,BR98,Germany,Munich,CUST5570,PROD865,Laptop,Dell XPS 13,Lenovo,2,1782.04,0.03,0.18,4079.45,Debit Card,Online,EMP347,1,0,Same Day,3,GBP
ORD113093,28-03-2024,BR96,UK,Birmingham,CUST4577,PROD859,Accessories,Bluetooth Headphones,Apple,3,1540.39,0.05,0.18,5180.33,Debit Card,In-Store,EMP546,0,1,Same Day,1,INR
ORD113094,28-07-2024,BR94,UK,Birmingham,CUST8818,PROD886,Tablet,Lenovo Tab P11,Sony,5,1322.26,0.23,0.18,6007.03,Credit Card,Online,EMP229,2,0,Standard,3,USD
ORD113095,03-10-2023,BR74,UK,Birmingham,CUST5149,PROD330,TV,Samsung QLED 50,LG,5,1055.4,0.29,0.18,4421.07,Net Banking,Online,EMP860,3,0,Standard,2,INR
ORD113096,07-12-2023,BR62,UAE,Dubai,CUST2843,PROD139,Tablet,Lenovo Tab P11,HP,1,271.5,0.17,0.18,265.91,Net Banking,Online,EMP933,1,0,Same Day,7,GBP
ORD113097,11-04-2023,BR64,UK,Manchester,CUST2629,PROD552,Tablet,iPad Air,Apple,4,593.86,0.13,0.18,2438.63,Debit Card,Online,EMP915,3,1,Express,2,GBP
ORD113098,25-05-2023,BR84,USA,Los Angeles,CUST3544,PROD517,TV,Samsung QLED 50,HP,2,1355.68,0.3,0.18,2239.58,UPI,In-Store,EMP856,0,0,Standard,2,INR
ORD113099,26-02-2024,BR13,UAE,Abu Dhabi,CUST3156,PROD481,Accessories,Wireless Mouse,Sony,2,987.58,0.06,0.18,2190.85,Debit Card,In-Store,EMP893,3,1,Same Day,10,INR
ORD113100,27-04-2023,BR12,UAE,Dubai,CUST6122,PROD687,Laptop,MacBook Air M2,Sony,3,68.27,0.1,0.18,217.51,Net Banking,Online,EMP523,1,0,Express,2,AED
ORD113101,16-01-2024,BR84,India,Delhi,CUST4313,PROD139,Mobile,Samsung Galaxy S23,Apple,1,953.24,0.15,0.18,956.1,UPI,Online,EMP667,0,0,Standard,10,INR
ORD113102,29-09-2023,BR31,Germany,Munich,CUST9816,PROD366,Accessories,Keyboard,Samsung,4,1341.86,0.07,0.18,5890.23,Credit Card,Online,EMP436,2,1,Express,3,USD
ORD113103,25-04-2024,BR86,India,Delhi,CUST6482,PROD364,Tablet,Samsung Galaxy Tab,OnePlus,5,469.85,0,0.18,2772.11,Credit Card,In-Store,EMP877,3,1,Standard,10,USD
ORD113104,13-12-2024,BR53,UK,Manchester,CUST3857,PROD402,Mobile,iPhone 14,OnePlus,1,98.05,0.2,0.18,92.56,UPI,Online,EMP242,2,1,Same Day,1,USD
ORD113105,16-01-2024,BR64,Germany,Hamburg,CUST9752,PROD908,Laptop,MacBook Air M2,OnePlus,4,543.86,0.18,0.18,2104.96,Debit Card,In-Store,EMP410,0,1,Same Day,9,EUR
ORD113106,23-05-2024,BR59,UK,Birmingham,CUST2943,PROD235,TV,Samsung QLED 50,Samsung,5,393.84,0.24,0.18,1765.98,Debit Card,Online,EMP336,3,1,Standard,10,AED
ORD113107,10-03-2023,BR75,Germany,Munich,CUST3011,PROD397,Accessories,Wireless Mouse,Sony,1,313.45,0.03,0.18,358.77,Debit Card,Online,EMP677,3,1,Express,2,INR
ORD113108,07-08-2024,BR23,UK,Birmingham,CUST4998,PROD437,Tablet,iPad Air,Apple,4,1433.19,0.27,0.18,4938.2,Debit Card,In-Store,EMP987,0,1,Express,10,GBP
ORD113109,23-11-2023,BR28,India,Bangalore,CUST3446,PROD993,Mobile,iPhone 14,OnePlus,2,253,0.05,0.18,567.23,Credit Card,In-Store,EMP964,0,0,Standard,3,USD
ORD113110,27-02-2023,BR49,Germany,Berlin,CUST3790,PROD978,Tablet,Lenovo Tab P11,Sony,4,1598.42,0.06,0.18,7091.87,Cash,In-Store,EMP677,2,0,Same Day,3,EUR
ORD113111,10-01-2024,BR109,India,Delhi,CUST9319,PROD500,Mobile,Samsung Galaxy S23,Dell,1,436.75,0.19,0.18,417.45,Cash,Online,EMP472,0,0,Same Day,1,INR
ORD113112,17-06-2023,BR41,USA,Dallas,CUST7626,PROD971,Accessories,Keyboard,Dell,4,1082.03,0.11,0.18,4545.39,Net Banking,In-Store,EMP962,2,0,Standard,9,EUR
ORD113113,21-09-2023,BR50,UAE,Dubai,CUST1968,PROD870,Mobile,Samsung Galaxy S23,HP,1,1825.67,0.05,0.18,2046.58,Credit Card,Online,EMP945,0,1,Standard,10,GBP
ORD113114,27-05-2023,BR68,India,Bangalore,CUST7391,PROD573,Tablet,Samsung Galaxy Tab,OnePlus,4,814.06,0.01,0.18,3803.94,Cash,In-Store,EMP221,2,1,Same Day,4,AED
ORD113115,14-01-2024,BR111,Germany,Berlin,CUST5300,PROD412,Accessories,Wireless Mouse,Apple,1,537.41,0.15,0.18,539.02,Debit Card,In-Store,EMP672,0,0,Express,1,USD
ORD113116,31-12-2023,BR47,USA,Los Angeles,CUST3186,PROD952,TV,Sony Bravia 55,Sony,4,342.01,0.07,0.18,1501.29,UPI,In-Store,EMP332,0,1,Same Day,7,USD
ORD113117,03-04-2024,BR105,Germany,Munich,CUST6478,PROD594,TV,Samsung QLED 50,Dell,3,1067.38,0.12,0.18,3325.1,UPI,In-Store,EMP283,2,1,Same Day,2,EUR
ORD113118,19-12-2024,BR30,UK,Birmingham,CUST5984,PROD224,Accessories,Bluetooth Headphones,Apple,1,735.2,0.05,0.18,824.16,Credit Card,In-Store,EMP932,1,0,Express,3,INR
ORD113119,26-08-2024,BR24,UK,London,CUST4940,PROD330,Tablet,Samsung Galaxy Tab,OnePlus,1,537.2,0.18,0.18,519.79,Credit Card,Online,EMP745,0,0,Express,5,USD
ORD113120,04-11-2023,BR24,Germany,Munich,CUST4714,PROD100,Tablet,Lenovo Tab P11,HP,4,396.28,0.14,0.18,1608.58,Cash,Online,EMP853,0,0,Standard,8,USD
ORD113121,26-05-2023,BR18,Germany,Berlin,CUST6665,PROD937,Accessories,Keyboard,LG,4,1812.53,0.13,0.18,7442.97,Credit Card,In-Store,EMP874,2,0,Standard,6,INR
ORD113122,15-02-2023,BR6,UAE,Dubai,CUST5429,PROD747,Mobile,OnePlus 11,HP,2,410.63,0.01,0.18,959.4,Debit Card,Online,EMP711,2,0,Same Day,3,USD
ORD113123,21-06-2023,BR18,USA,Dallas,CUST6632,PROD966,Accessories,Bluetooth Headphones,Dell,1,1320.54,0.27,0.18,1137.51,Credit Card,Online,EMP650,3,0,Same Day,3,GBP
ORD113124,24-09-2023,BR111,USA,New York,CUST7515,PROD254,Accessories,Bluetooth Headphones,OnePlus,5,1580.15,0.04,0.18,8949.97,Credit Card,Online,EMP905,1,1,Same Day,7,EUR
ORD113125,08-10-2024,BR21,USA,Chicago,CUST5357,PROD396,Laptop,MacBook Air M2,Lenovo,4,1850.42,0.25,0.18,6550.49,Credit Card,Online,EMP845,1,0,Standard,10,USD
ORD113126,08-09-2024,BR73,USA,New York,CUST4680,PROD113,TV,Samsung QLED 50,Dell,2,398,0.19,0.18,760.82,Net Banking,In-Store,EMP821,0,1,Same Day,10,GBP
ORD113127,27-12-2023,BR119,UK,Birmingham,CUST7249,PROD613,Mobile,OnePlus 11,HP,4,1200.89,0.09,0.18,5158.06,UPI,In-Store,EMP409,2,0,Same Day,3,INR
ORD113128,01-11-2024,BR103,UK,London,CUST3838,PROD509,Mobile,iPhone 14,Lenovo,2,1865.13,0.01,0.18,4357.69,UPI,Online,EMP974,0,1,Same Day,2,GBP
ORD113129,15-06-2023,BR69,India,Mumbai,CUST2976,PROD786,Mobile,Samsung Galaxy S23,HP,1,855.17,0.23,0.18,777.01,Debit Card,In-Store,EMP603,2,0,Same Day,4,GBP
ORD113130,17-03-2023,BR14,USA,Los Angeles,CUST6605,PROD936,TV,Sony Bravia 55,Samsung,4,1333.34,0.26,0.18,4657.09,Cash,Online,EMP929,1,0,Standard,9,USD
ORD113131,19-06-2024,BR50,Germany,Hamburg,CUST3962,PROD868,Accessories,Bluetooth Headphones,OnePlus,4,1969.39,0.07,0.18,8644.83,Credit Card,Online,EMP902,3,0,Same Day,10,INR
ORD113132,30-08-2024,BR64,India,Delhi,CUST2404,PROD519,Accessories,Wireless Mouse,Lenovo,1,301.64,0.2,0.18,284.75,Credit Card,Online,EMP443,2,0,Express,3,GBP
ORD113133,16-09-2023,BR26,USA,Chicago,CUST8841,PROD770,Accessories,Wireless Mouse,LG,1,1534.99,0.01,0.18,1793.18,Debit Card,Online,EMP465,1,0,Same Day,7,GBP
ORD113134,08-09-2023,BR31,Germany,Hamburg,CUST5867,PROD721,Tablet,iPad Air,Samsung,2,1319.59,0.1,0.18,2802.81,Credit Card,Online,EMP914,1,1,Same Day,9,GBP
ORD113135,27-04-2024,BR49,India,Delhi,CUST7532,PROD537,Accessories,Keyboard,Apple,5,1896.39,0.24,0.18,8503.41,UPI,Online,EMP731,0,1,Express,3,USD
ORD113136,05-03-2024,BR32,UAE,Abu Dhabi,CUST9863,PROD221,Tablet,iPad Air,HP,5,832.38,0.22,0.18,3830.61,Debit Card,Online,EMP597,3,0,Same Day,3,GBP
ORD113137,27-11-2023,BR41,USA,New York,CUST9876,PROD687,Accessories,Wireless Mouse,LG,5,157.99,0.08,0.18,857.57,Debit Card,Online,EMP389,1,0,Same Day,8,GBP
ORD113138,25-01-2024,BR39,UAE,Dubai,CUST6503,PROD930,Mobile,OnePlus 11,Dell,5,914.19,0.27,0.18,3937.42,Net Banking,Online,EMP208,3,0,Same Day,9,AED
ORD113139,16-08-2024,BR24,Germany,Berlin,CUST2100,PROD398,Laptop,MacBook Air M2,HP,4,576.51,0.2,0.18,2176.9,Cash,In-Store,EMP202,3,0,Same Day,7,USD
ORD113140,24-06-2024,BR26,Germany,Munich,CUST7806,PROD473,TV,Samsung QLED 50,HP,4,1521.2,0.23,0.18,5528.65,Credit Card,Online,EMP318,3,0,Express,10,USD
ORD113141,07-10-2023,BR34,India,Bangalore,CUST1930,PROD258,Accessories,Wireless Mouse,Sony,1,1541.24,0.22,0.18,1418.56,Credit Card,Online,EMP992,0,1,Standard,10,EUR
ORD113142,23-01-2024,BR12,UK,Birmingham,CUST6557,PROD157,Mobile,Samsung Galaxy S23,Sony,1,1439.29,0.14,0.18,1460.59,Credit Card,Online,EMP596,2,1,Same Day,6,USD
ORD113143,13-09-2023,BR78,India,Pune,CUST5597,PROD505,Accessories,Bluetooth Headphones,Dell,5,1290.61,0.18,0.18,6243.97,Cash,In-Store,EMP218,2,0,Standard,1,AED
ORD113144,13-12-2024,BR39,India,Bangalore,CUST2781,PROD300,TV,LG OLED 48,OnePlus,3,1407.33,0.12,0.18,4384.11,Debit Card,In-Store,EMP876,0,0,Same Day,9,USD
ORD113145,01-08-2023,BR18,UK,London,CUST6588,PROD770,Tablet,iPad Air,Lenovo,3,714.28,0,0.18,2528.55,Debit Card,In-Store,EMP899,3,0,Standard,8,EUR
ORD113146,22-07-2023,BR98,India,Bangalore,CUST4391,PROD241,Tablet,Samsung Galaxy Tab,Apple,4,605.05,0.09,0.18,2598.81,UPI,Online,EMP303,1,0,Same Day,4,EUR
ORD113147,09-10-2023,BR23,Germany,Munich,CUST1288,PROD783,Mobile,iPhone 14,Dell,5,409.76,0.25,0.18,1813.19,Credit Card,In-Store,EMP857,2,0,Same Day,5,USD
ORD113148,08-02-2024,BR105,Germany,Munich,CUST9922,PROD194,Laptop,HP Spectre x360,Sony,1,1276.33,0.02,0.18,1475.95,Cash,In-Store,EMP809,2,0,Express,5,USD
ORD113149,08-03-2024,BR58,USA,Chicago,CUST5161,PROD505,Mobile,Samsung Galaxy S23,LG,2,1495.98,0.09,0.18,3212.77,UPI,Online,EMP526,0,0,Standard,2,INR
ORD113150,22-04-2024,BR38,Germany,Munich,CUST1480,PROD891,Laptop,MacBook Air M2,LG,2,1316.07,0.15,0.18,2640.04,Debit Card,In-Store,EMP704,0,1,Standard,4,GBP
ORD113151,20-03-2023,BR119,UAE,Dubai,CUST3609,PROD754,Laptop,Dell XPS 13,Lenovo,2,57.13,0.08,0.18,124.04,UPI,In-Store,EMP258,2,1,Express,8,USD
ORD113152,05-04-2024,BR4,USA,New York,CUST6471,PROD889,TV,LG OLED 48,HP,5,1367.97,0.29,0.18,5730.43,Net Banking,In-Store,EMP344,3,0,Express,4,GBP
ORD113153,25-12-2024,BR74,Germany,Berlin,CUST8295,PROD347,TV,Sony Bravia 55,Samsung,5,1972.33,0.18,0.18,9542.13,UPI,Online,EMP609,0,0,Same Day,1,EUR
ORD113154,14-02-2024,BR17,UAE,Dubai,CUST2794,PROD764,Tablet,Samsung Galaxy Tab,LG,2,392.01,0.13,0.18,804.87,UPI,In-Store,EMP821,0,1,Standard,1,GBP
ORD113155,10-11-2024,BR55,UAE,Abu Dhabi,CUST2913,PROD998,TV,LG OLED 48,HP,2,1644.73,0.26,0.18,2872.36,UPI,Online,EMP811,2,0,Express,10,INR
ORD113156,08-02-2023,BR8,USA,Los Angeles,CUST1080,PROD614,TV,Sony Bravia 55,LG,1,1641.45,0.1,0.18,1743.22,UPI,In-Store,EMP258,2,0,Standard,3,INR
ORD113157,28-02-2023,BR68,USA,Dallas,CUST1533,PROD355,Mobile,OnePlus 11,OnePlus,2,1686,0.26,0.18,2944.43,UPI,In-Store,EMP381,0,1,Same Day,2,GBP
ORD113158,06-09-2024,BR117,USA,Dallas,CUST4227,PROD691,Tablet,iPad Air,HP,2,1544.97,0.23,0.18,2807.52,Cash,In-Store,EMP405,2,0,Express,3,GBP
ORD113159,03-07-2023,BR32,UAE,Dubai,CUST3087,PROD474,Laptop,HP Spectre x360,Lenovo,3,1910.95,0.09,0.18,6155.93,Debit Card,Online,EMP588,2,1,Express,6,USD
ORD113160,12-02-2024,BR7,Germany,Munich,CUST4819,PROD284,TV,Samsung QLED 50,LG,2,1136.67,0.05,0.18,2548.41,Cash,Online,EMP604,3,0,Same Day,8,AED
ORD113161,09-02-2023,BR63,USA,New York,CUST2217,PROD894,Tablet,Lenovo Tab P11,HP,3,1086.91,0.05,0.18,3655.28,Cash,In-Store,EMP896,3,0,Express,9,USD
ORD113162,28-10-2024,BR12,UK,London,CUST2110,PROD912,TV,Samsung QLED 50,Lenovo,1,1770.9,0.28,0.18,1504.56,Cash,Online,EMP663,3,0,Standard,7,GBP
ORD113163,06-10-2023,BR79,USA,New York,CUST6735,PROD263,Accessories,Bluetooth Headphones,Apple,1,302.41,0.12,0.18,314.02,Debit Card,Online,EMP940,1,0,Express,10,USD
ORD113164,25-11-2023,BR45,India,Pune,CUST9333,PROD122,Laptop,MacBook Air M2,HP,5,670.5,0.17,0.18,3283.44,Credit Card,Online,EMP201,2,1,Express,2,GBP
ORD113165,01-08-2024,BR70,USA,Los Angeles,CUST8739,PROD566,Accessories,Wireless Mouse,OnePlus,5,1902.99,0.11,0.18,9992.6,Debit Card,In-Store,EMP885,1,0,Express,2,GBP
ORD113166,25-02-2024,BR111,Germany,Berlin,CUST7991,PROD145,Accessories,Keyboard,Lenovo,3,1273.8,0.02,0.18,4419.07,Net Banking,Online,EMP908,2,0,Same Day,6,USD
ORD113167,06-06-2023,BR57,UAE,Abu Dhabi,CUST2124,PROD818,Tablet,Samsung Galaxy Tab,Samsung,2,1362.86,0.18,0.18,2637.41,Credit Card,In-Store,EMP955,2,0,Same Day,9,EUR
ORD113168,27-01-2023,BR90,UK,Birmingham,CUST4493,PROD364,Accessories,Wireless Mouse,Sony,3,1479.37,0.17,0.18,4346.68,Cash,In-Store,EMP741,1,0,Express,9,AED
ORD113169,02-10-2024,BR78,Germany,Berlin,CUST3952,PROD800,Tablet,iPad Air,HP,2,1031.75,0.17,0.18,2020.99,UPI,Online,EMP610,1,0,Standard,10,AED
ORD113170,04-11-2023,BR34,Germany,Hamburg,CUST3304,PROD423,Laptop,Dell XPS 13,Apple,3,193.79,0.05,0.18,651.72,Credit Card,In-Store,EMP964,0,0,Express,1,INR
ORD113171,20-01-2024,BR29,USA,New York,CUST2767,PROD235,Accessories,Wireless Mouse,Sony,2,148.05,0.24,0.18,265.54,Credit Card,In-Store,EMP907,3,1,Standard,7,INR
ORD113172,31-01-2024,BR92,Germany,Munich,CUST7212,PROD444,Accessories,Keyboard,OnePlus,1,1401.75,0.21,0.18,1306.71,Credit Card,Online,EMP878,2,0,Same Day,5,AED
ORD113173,08-04-2023,BR7,USA,New York,CUST6016,PROD142,Tablet,iPad Air,OnePlus,4,1292.78,0.24,0.18,4637.46,UPI,In-Store,EMP305,2,1,Express,9,GBP
ORD113174,10-11-2024,BR74,Germany,Berlin,CUST2886,PROD188,Tablet,Samsung Galaxy Tab,Apple,5,738.07,0.11,0.18,3875.61,Credit Card,Online,EMP640,3,0,Standard,1,INR
ORD113175,15-07-2024,BR18,UAE,Abu Dhabi,CUST6058,PROD193,TV,LG OLED 48,OnePlus,4,1211.26,0.18,0.18,4688.06,UPI,Online,EMP647,0,1,Same Day,10,EUR
ORD113176,20-06-2024,BR51,India,Pune,CUST1534,PROD792,Accessories,Keyboard,Apple,1,1892.26,0.27,0.18,1629.99,Credit Card,In-Store,EMP584,0,1,Standard,10,EUR
ORD113177,15-03-2023,BR7,UAE,Dubai,CUST3990,PROD438,Laptop,MacBook Air M2,Dell,4,1306.98,0.16,0.18,5181.91,UPI,In-Store,EMP572,3,0,Express,6,AED
ORD113178,19-06-2023,BR73,Germany,Berlin,CUST4548,PROD185,TV,LG OLED 48,OnePlus,2,1052.83,0.03,0.18,2410.14,Credit Card,In-Store,EMP560,1,1,Express,8,USD
ORD113179,25-10-2023,BR56,Germany,Munich,CUST4734,PROD958,Laptop,MacBook Air M2,Apple,5,453.8,0.3,0.18,1874.19,Net Banking,In-Store,EMP932,1,1,Standard,3,EUR
ORD113180,30-10-2023,BR38,USA,Los Angeles,CUST4397,PROD384,Accessories,Keyboard,Lenovo,2,473.45,0.12,0.18,983.26,Credit Card,In-Store,EMP524,3,1,Express,10,GBP
ORD113181,24-05-2024,BR68,UAE,Abu Dhabi,CUST5337,PROD781,Mobile,iPhone 14,Samsung,5,247.75,0.27,0.18,1067.06,Cash,In-Store,EMP928,2,0,Standard,6,EUR
ORD113182,11-09-2023,BR40,India,Bangalore,CUST2558,PROD533,Mobile,OnePlus 11,HP,5,922.82,0.03,0.18,5281.3,Credit Card,In-Store,EMP401,3,0,Standard,5,INR
ORD113183,14-03-2023,BR19,India,Delhi,CUST7400,PROD976,Laptop,Dell XPS 13,Dell,5,597.95,0.06,0.18,3316.23,UPI,Online,EMP543,3,0,Standard,9,INR
ORD113184,06-08-2024,BR21,UAE,Abu Dhabi,CUST8082,PROD809,Laptop,HP Spectre x360,Lenovo,5,1961.24,0.07,0.18,10761.32,Net Banking,Online,EMP444,0,1,Express,9,EUR
ORD113185,18-01-2024,BR112,Germany,Munich,CUST6703,PROD501,Mobile,OnePlus 11,Apple,4,1022.77,0.25,0.18,3620.61,Credit Card,In-Store,EMP847,1,0,Same Day,2,INR
ORD113186,17-05-2023,BR13,UK,Manchester,CUST7684,PROD451,Accessories,Wireless Mouse,OnePlus,4,851.78,0.16,0.18,3377.14,Credit Card,In-Store,EMP272,0,0,Express,10,INR
ORD113187,01-08-2024,BR5,Germany,Hamburg,CUST3799,PROD849,Tablet,Lenovo Tab P11,Apple,3,767.85,0.26,0.18,2011.46,Cash,Online,EMP722,2,0,Standard,3,EUR
ORD113188,21-06-2024,BR69,UAE,Dubai,CUST2530,PROD355,TV,Sony Bravia 55,HP,1,1451.07,0.11,0.18,1523.91,UPI,Online,EMP818,2,1,Same Day,8,INR
ORD113189,29-03-2024,BR35,UAE,Abu Dhabi,CUST3074,PROD906,Laptop,MacBook Air M2,Dell,4,1508.47,0.13,0.18,6194.38,Debit Card,Online,EMP949,0,1,Same Day,5,INR
ORD113190,16-05-2023,BR27,India,Bangalore,CUST6670,PROD518,Accessories,Bluetooth Headphones,OnePlus,3,1279.07,0.17,0.18,3758.16,UPI,In-Store,EMP725,0,0,Standard,7,GBP
ORD113191,28-08-2023,BR110,USA,Dallas,CUST3724,PROD638,Mobile,Samsung Galaxy S23,Apple,2,1410.41,0.26,0.18,2463.14,UPI,Online,EMP388,2,1,Standard,3,EUR
ORD113192,18-05-2023,BR70,Germany,Munich,CUST6372,PROD846,Mobile,OnePlus 11,Samsung,5,748.79,0.25,0.18,3313.4,UPI,In-Store,EMP496,2,0,Same Day,2,USD
ORD113193,20-10-2023,BR19,UK,Manchester,CUST6593,PROD169,Mobile,Samsung Galaxy S23,Sony,2,346.25,0.02,0.18,800.81,Debit Card,In-Store,EMP416,2,0,Same Day,8,INR
ORD113194,05-09-2023,BR114,UK,Manchester,CUST1934,PROD807,Tablet,Samsung Galaxy Tab,Sony,2,1021.08,0.29,0.18,1710.92,Net Banking,Online,EMP804,0,0,Standard,8,GBP
ORD113195,20-07-2024,BR50,India,Delhi,CUST3942,PROD686,Laptop,Dell XPS 13,Apple,2,1249.98,0.2,0.18,2359.96,Debit Card,Online,EMP228,3,0,Standard,2,USD
ORD113196,17-02-2023,BR110,UAE,Abu Dhabi,CUST4847,PROD662,Accessories,Bluetooth Headphones,Samsung,1,1788.03,0.14,0.18,1814.49,Credit Card,Online,EMP669,2,1,Same Day,2,AED
ORD113197,29-03-2024,BR83,India,Pune,CUST6182,PROD151,Tablet,Lenovo Tab P11,Dell,3,1193.07,0.26,0.18,3125.37,Cash,In-Store,EMP855,2,0,Express,6,GBP
ORD113198,12-06-2023,BR52,UAE,Abu Dhabi,CUST2025,PROD753,Accessories,Keyboard,Lenovo,4,1915.05,0.28,0.18,6508.11,Cash,In-Store,EMP585,0,1,Same Day,9,GBP
ORD113199,16-11-2023,BR69,USA,Dallas,CUST8262,PROD579,Accessories,Keyboard,Dell,1,1870.3,0.12,0.18,1942.12,UPI,Online,EMP971,2,1,Standard,3,EUR
ORD113200,11-02-2024,BR22,India,Bangalore,CUST5094,PROD842,TV,Sony Bravia 55,LG,3,1818.51,0.27,0.18,4699.39,Net Banking,Online,EMP604,2,0,Standard,6,AED
ORD113201,30-12-2023,BR90,UAE,Dubai,CUST9354,PROD226,Tablet,iPad Air,OnePlus,5,1346.29,0.08,0.18,7307.66,Debit Card,Online,EMP323,0,1,Express,4,EUR
ORD113202,03-03-2024,BR10,UAE,Abu Dhabi,CUST6713,PROD168,Mobile,OnePlus 11,Samsung,4,1818.11,0.23,0.18,6607.74,Net Banking,Online,EMP301,0,1,Same Day,10,AED
ORD113203,21-02-2024,BR108,Germany,Hamburg,CUST5186,PROD427,Accessories,Bluetooth Headphones,Samsung,3,798.76,0.16,0.18,2375.19,Net Banking,In-Store,EMP388,3,1,Same Day,3,USD
ORD113204,24-10-2024,BR39,Germany,Munich,CUST3160,PROD250,TV,LG OLED 48,HP,5,1728.24,0.04,0.18,9788.75,Cash,In-Store,EMP877,3,1,Standard,1,AED
ORD113205,10-11-2024,BR44,India,Pune,CUST4199,PROD223,Laptop,MacBook Air M2,Sony,3,498.2,0.18,0.18,1446.17,Debit Card,Online,EMP562,2,1,Express,3,AED
ORD113206,16-11-2024,BR47,USA,Los Angeles,CUST4894,PROD355,Mobile,Samsung Galaxy S23,Dell,1,1910.19,0.02,0.18,2208.94,Credit Card,Online,EMP707,2,0,Standard,2,INR
ORD113207,29-10-2024,BR6,UAE,Abu Dhabi,CUST4666,PROD423,Laptop,Dell XPS 13,HP,2,1297.1,0.01,0.18,3030.54,Cash,In-Store,EMP523,2,0,Same Day,1,USD
ORD113208,01-03-2023,BR22,India,Delhi,CUST1901,PROD272,Accessories,Wireless Mouse,HP,1,1429.2,0.23,0.18,1298.57,UPI,In-Store,EMP944,3,0,Same Day,5,USD
ORD113209,08-08-2024,BR82,Germany,Berlin,CUST7835,PROD122,Tablet,Lenovo Tab P11,Samsung,2,342.54,0.2,0.18,646.72,UPI,Online,EMP724,3,0,Express,7,USD
ORD113210,23-07-2024,BR25,USA,Chicago,CUST3990,PROD899,Accessories,Wireless Mouse,Lenovo,1,649.89,0.24,0.18,582.82,Debit Card,Online,EMP385,2,1,Express,2,USD
ORD113211,16-05-2023,BR106,India,Delhi,CUST5213,PROD240,Laptop,HP Spectre x360,LG,4,1989.87,0.11,0.18,8359.05,Cash,Online,EMP676,3,0,Same Day,10,INR
ORD113212,03-01-2024,BR18,India,Pune,CUST9342,PROD502,TV,Sony Bravia 55,Apple,1,422.76,0.03,0.18,483.89,Net Banking,In-Store,EMP767,2,0,Standard,9,INR
ORD113213,19-10-2023,BR80,USA,Chicago,CUST2432,PROD597,Accessories,Wireless Mouse,Dell,5,148.5,0.25,0.18,657.11,UPI,In-Store,EMP673,3,1,Express,2,EUR
ORD113214,04-10-2023,BR114,USA,Dallas,CUST3010,PROD453,Accessories,Keyboard,Lenovo,2,939.98,0.29,0.18,1575.03,Net Banking,Online,EMP523,1,0,Express,9,EUR
ORD113215,21-05-2023,BR47,USA,New York,CUST9224,PROD283,Accessories,Wireless Mouse,Sony,3,874.21,0.19,0.18,2506.71,Credit Card,In-Store,EMP535,1,0,Express,1,GBP
ORD113216,21-05-2024,BR17,USA,Chicago,CUST9707,PROD702,TV,Sony Bravia 55,Dell,3,973.02,0.26,0.18,2548.92,UPI,In-Store,EMP533,3,0,Standard,2,INR
ORD113217,07-04-2023,BR16,UK,London,CUST1560,PROD709,Mobile,OnePlus 11,Lenovo,3,171.32,0.04,0.18,582.21,Net Banking,In-Store,EMP334,1,0,Express,2,EUR
ORD113218,09-04-2023,BR111,USA,Los Angeles,CUST5099,PROD852,TV,Samsung QLED 50,Samsung,2,109.55,0.06,0.18,243.03,Net Banking,In-Store,EMP403,2,1,Express,5,GBP
ORD113219,01-09-2023,BR31,UK,Manchester,CUST4702,PROD444,Laptop,HP Spectre x360,Sony,3,1232.22,0.07,0.18,4056.71,Net Banking,In-Store,EMP816,1,0,Standard,1,EUR
ORD113220,10-05-2023,BR107,India,Pune,CUST4884,PROD307,Tablet,Lenovo Tab P11,Samsung,4,1978.22,0.24,0.18,7096.27,Credit Card,Online,EMP789,2,1,Express,3,AED
ORD113221,07-01-2023,BR38,India,Mumbai,CUST2177,PROD934,Accessories,Wireless Mouse,LG,1,670.08,0.19,0.18,640.46,Cash,In-Store,EMP805,1,1,Express,3,EUR
ORD113222,05-05-2023,BR12,India,Bangalore,CUST2975,PROD129,Laptop,HP Spectre x360,Lenovo,1,1898.2,0,0.18,2239.88,Credit Card,In-Store,EMP683,2,1,Same Day,3,EUR
ORD113223,20-07-2024,BR4,UK,Manchester,CUST3096,PROD953,Laptop,Dell XPS 13,Dell,2,1019.92,0.19,0.18,1949.68,Cash,In-Store,EMP203,1,0,Standard,5,INR
ORD113224,25-06-2023,BR83,India,Delhi,CUST1904,PROD497,Tablet,Lenovo Tab P11,Apple,5,789.46,0.23,0.18,3586.52,Debit Card,Online,EMP813,1,1,Express,9,AED
ORD113225,28-12-2024,BR25,Germany,Munich,CUST4347,PROD642,Mobile,iPhone 14,HP,2,631.65,0.19,0.18,1207.46,Credit Card,Online,EMP541,2,1,Same Day,10,EUR
ORD113226,10-09-2023,BR14,Germany,Munich,CUST4043,PROD119,Tablet,Samsung Galaxy Tab,OnePlus,5,418.19,0.23,0.18,1899.84,Debit Card,In-Store,EMP926,2,1,Standard,8,INR
ORD113227,29-07-2024,BR60,UK,Manchester,CUST2825,PROD647,Tablet,Samsung Galaxy Tab,Dell,2,1280.47,0.08,0.18,2780.16,Debit Card,In-Store,EMP430,0,0,Standard,2,GBP
ORD113228,03-11-2024,BR60,India,Delhi,CUST6530,PROD796,Tablet,Samsung Galaxy Tab,HP,2,1278.89,0.05,0.18,2867.27,Cash,In-Store,EMP811,1,0,Express,3,EUR
ORD113229,23-12-2023,BR48,USA,Los Angeles,CUST2518,PROD124,Accessories,Bluetooth Headphones,Apple,4,1911.49,0.04,0.18,8661.34,UPI,Online,EMP507,0,0,Express,9,GBP
ORD113230,09-04-2024,BR59,Germany,Berlin,CUST6720,PROD452,Accessories,Bluetooth Headphones,OnePlus,4,93.49,0.22,0.18,344.19,Cash,In-Store,EMP881,0,1,Express,5,INR
ORD113231,30-05-2024,BR86,USA,New York,CUST3851,PROD952,Mobile,iPhone 14,Apple,2,695.89,0.15,0.18,1395.96,Debit Card,Online,EMP873,1,1,Same Day,7,AED
ORD113232,20-03-2023,BR97,UK,London,CUST4418,PROD252,Mobile,Samsung Galaxy S23,Sony,5,276.17,0.15,0.18,1384.99,Net Banking,In-Store,EMP746,2,1,Same Day,9,USD
ORD113233,17-05-2024,BR111,Germany,Berlin,CUST8545,PROD202,Tablet,Samsung Galaxy Tab,Lenovo,2,1672.14,0.19,0.18,3196.46,Credit Card,Online,EMP718,1,0,Express,9,USD
ORD113234,30-01-2024,BR81,Germany,Munich,CUST3560,PROD711,Tablet,iPad Air,Apple,3,512.88,0.08,0.18,1670.35,Credit Card,Online,EMP260,1,0,Standard,3,AED
ORD113235,18-05-2024,BR113,UAE,Abu Dhabi,CUST9315,PROD161,Laptop,HP Spectre x360,Lenovo,1,1820.21,0.09,0.18,1954.54,Credit Card,In-Store,EMP980,1,1,Standard,4,EUR
ORD113236,07-12-2024,BR111,India,Delhi,CUST8886,PROD151,Mobile,Samsung Galaxy S23,Lenovo,2,80.52,0.2,0.18,152.02,Credit Card,Online,EMP540,0,1,Standard,9,EUR
ORD113237,30-09-2023,BR60,UK,Birmingham,CUST6336,PROD855,Tablet,Lenovo Tab P11,Samsung,5,1109.8,0.02,0.18,6416.86,Cash,Online,EMP531,1,0,Same Day,4,AED
ORD113238,02-01-2023,BR86,India,Delhi,CUST7974,PROD814,Tablet,iPad Air,Dell,3,185.57,0.22,0.18,512.4,Net Banking,Online,EMP467,2,0,Standard,10,INR
ORD113239,02-06-2024,BR96,USA,New York,CUST3653,PROD876,Laptop,MacBook Air M2,LG,1,1067.45,0.29,0.18,894.31,UPI,Online,EMP394,3,0,Express,7,USD
ORD113240,24-03-2023,BR17,USA,Dallas,CUST1788,PROD962,TV,Sony Bravia 55,HP,2,1429.51,0.1,0.18,3036.28,Cash,In-Store,EMP894,3,0,Same Day,8,AED
ORD113241,18-01-2023,BR60,India,Delhi,CUST6864,PROD980,Tablet,iPad Air,LG,5,528.27,0.28,0.18,2244.09,Debit Card,Online,EMP972,0,1,Standard,8,USD
ORD113242,28-06-2023,BR71,UAE,Abu Dhabi,CUST2238,PROD391,Tablet,Lenovo Tab P11,HP,2,1028.17,0.2,0.18,1941.18,Net Banking,Online,EMP676,1,1,Same Day,9,AED
ORD113243,02-09-2024,BR32,UAE,Abu Dhabi,CUST9698,PROD932,Accessories,Keyboard,Samsung,4,1880.55,0.14,0.18,7633.53,Debit Card,In-Store,EMP623,3,1,Express,5,EUR
ORD113244,30-06-2024,BR50,UK,Birmingham,CUST2163,PROD165,Laptop,HP Spectre x360,Samsung,1,190.44,0.2,0.18,179.78,Cash,Online,EMP992,0,1,Same Day,8,EUR
ORD113245,09-07-2024,BR113,UK,Birmingham,CUST5835,PROD804,Mobile,iPhone 14,Sony,1,1248.77,0.19,0.18,1193.57,UPI,In-Store,EMP205,0,1,Express,8,AED
ORD113246,28-10-2023,BR89,Germany,Berlin,CUST7511,PROD656,TV,LG OLED 48,Apple,5,1845.98,0.19,0.18,8821.94,Net Banking,Online,EMP951,0,1,Standard,10,INR
ORD113247,17-08-2024,BR88,Germany,Hamburg,CUST5990,PROD280,Accessories,Keyboard,OnePlus,4,50.32,0.18,0.18,194.76,UPI,Online,EMP240,3,1,Same Day,10,USD
ORD113248,25-12-2023,BR5,Germany,Berlin,CUST4815,PROD391,Laptop,Dell XPS 13,OnePlus,2,1579.8,0.03,0.18,3616.48,UPI,In-Store,EMP603,3,1,Express,3,USD
ORD113249,09-07-2023,BR15,UAE,Dubai,CUST2898,PROD175,Mobile,OnePlus 11,HP,1,1637.56,0.2,0.18,1545.86,Net Banking,Online,EMP344,1,0,Express,6,USD
ORD113250,17-07-2024,BR117,UAE,Abu Dhabi,CUST6822,PROD375,Accessories,Wireless Mouse,Lenovo,4,1763.25,0.06,0.18,7823.19,Net Banking,In-Store,EMP724,1,1,Standard,5,INR
ORD113251,26-09-2024,BR35,UK,Birmingham,CUST3299,PROD128,Accessories,Wireless Mouse,OnePlus,3,1717.82,0.25,0.18,4560.81,Cash,In-Store,EMP361,2,0,Standard,2,AED
ORD113252,11-03-2024,BR77,USA,Chicago,CUST3643,PROD575,Tablet,Samsung Galaxy Tab,OnePlus,3,1278.93,0.25,0.18,3395.56,Net Banking,Online,EMP555,1,0,Same Day,1,AED
ORD113253,23-11-2024,BR62,UK,Birmingham,CUST8452,PROD788,Laptop,MacBook Air M2,Apple,5,1728.15,0.16,0.18,8564.71,Cash,In-Store,EMP318,3,0,Express,8,GBP
ORD113254,16-03-2023,BR81,Germany,Berlin,CUST4104,PROD890,Laptop,HP Spectre x360,Dell,2,1548.27,0.03,0.18,3544.3,Credit Card,Online,EMP837,0,1,Same Day,4,USD
ORD113255,17-05-2023,BR3,UK,London,CUST1189,PROD506,Mobile,iPhone 14,Lenovo,4,1821.28,0.02,0.18,8424.51,Net Banking,Online,EMP874,2,1,Express,7,EUR
ORD113256,31-05-2024,BR78,Germany,Berlin,CUST7231,PROD347,Tablet,Samsung Galaxy Tab,HP,4,1050.43,0.23,0.18,3817.68,Debit Card,In-Store,EMP404,1,0,Standard,5,USD
ORD113257,30-04-2023,BR104,USA,Chicago,CUST8698,PROD740,Mobile,OnePlus 11,Dell,4,254.91,0.06,0.18,1130.98,Net Banking,In-Store,EMP537,2,0,Express,8,INR
ORD113258,19-12-2024,BR107,USA,New York,CUST4078,PROD690,Tablet,Lenovo Tab P11,Sony,1,956.3,0.19,0.18,914.03,Debit Card,In-Store,EMP925,0,0,Standard,7,INR
ORD113259,24-08-2024,BR45,India,Delhi,CUST7042,PROD575,Laptop,HP Spectre x360,Dell,4,1024.21,0.21,0.18,3819.07,Debit Card,Online,EMP439,2,0,Same Day,1,USD
ORD113260,30-09-2023,BR35,USA,Los Angeles,CUST3717,PROD829,Laptop,HP Spectre x360,Samsung,3,996.95,0.15,0.18,2999.82,Cash,Online,EMP353,2,1,Same Day,9,AED
ORD113261,18-12-2023,BR30,Germany,Munich,CUST2279,PROD214,Tablet,Samsung Galaxy Tab,OnePlus,1,410.81,0.08,0.18,445.98,UPI,Online,EMP505,1,0,Standard,7,EUR
ORD113262,25-11-2023,BR88,UAE,Abu Dhabi,CUST8173,PROD721,Laptop,HP Spectre x360,Lenovo,2,892.9,0.19,0.18,1706.87,Net Banking,Online,EMP804,2,1,Standard,10,GBP
ORD113263,15-08-2023,BR51,UAE,Dubai,CUST9901,PROD159,TV,LG OLED 48,Dell,4,1831.71,0.29,0.18,6138.43,Net Banking,In-Store,EMP423,1,0,Same Day,1,GBP
ORD113264,23-03-2023,BR92,India,Mumbai,CUST2305,PROD199,Mobile,OnePlus 11,HP,3,172.76,0.27,0.18,446.45,Debit Card,Online,EMP962,2,0,Same Day,2,EUR
ORD113265,04-07-2023,BR115,USA,Los Angeles,CUST8159,PROD753,Laptop,Dell XPS 13,Lenovo,4,201.67,0.25,0.18,713.91,Cash,Online,EMP488,2,0,Same Day,1,INR
ORD113266,07-09-2024,BR53,UK,Manchester,CUST3271,PROD194,Tablet,iPad Air,Sony,4,499.33,0.19,0.18,1909.04,Cash,In-Store,EMP294,1,1,Same Day,3,INR
ORD113267,04-09-2024,BR24,India,Delhi,CUST8252,PROD517,Accessories,Bluetooth Headphones,Sony,4,1549.08,0.27,0.18,5337.51,Debit Card,Online,EMP599,2,1,Standard,6,AED
ORD113268,05-10-2024,BR81,Germany,Munich,CUST2388,PROD113,Laptop,HP Spectre x360,HP,2,774.71,0.1,0.18,1645.48,Net Banking,Online,EMP659,1,0,Express,2,USD
ORD113269,27-03-2024,BR46,India,Pune,CUST3018,PROD769,Tablet,Lenovo Tab P11,Apple,5,849.96,0.13,0.18,4362.84,Debit Card,In-Store,EMP244,1,0,Same Day,4,AED
ORD113270,11-04-2023,BR68,UAE,Dubai,CUST1983,PROD685,Laptop,Dell XPS 13,Dell,5,1297.36,0.29,0.18,5434.64,Debit Card,Online,EMP461,0,1,Same Day,5,GBP
ORD113271,13-06-2023,BR36,UAE,Abu Dhabi,CUST5013,PROD992,TV,LG OLED 48,Apple,3,652.3,0.19,0.18,1870.41,Cash,Online,EMP461,1,1,Express,10,INR
ORD113272,21-09-2023,BR25,India,Mumbai,CUST8454,PROD252,Accessories,Bluetooth Headphones,Samsung,4,779.25,0.12,0.18,3236.69,Cash,In-Store,EMP650,2,0,Express,1,AED
ORD113273,16-06-2024,BR118,USA,Dallas,CUST6804,PROD448,TV,LG OLED 48,Lenovo,3,1306.62,0.03,0.18,4486.67,Net Banking,Online,EMP444,2,0,Express,1,EUR
ORD113274,30-03-2024,BR107,UAE,Dubai,CUST8711,PROD271,Tablet,Samsung Galaxy Tab,Apple,5,248.45,0.16,0.18,1231.32,Debit Card,Online,EMP853,3,0,Express,10,GBP
ORD113275,24-10-2023,BR57,India,Mumbai,CUST5110,PROD553,Laptop,Dell XPS 13,Sony,4,1990.34,0.08,0.18,8642.85,Credit Card,In-Store,EMP481,2,1,Standard,10,INR
ORD113276,26-04-2024,BR95,UAE,Dubai,CUST7367,PROD356,TV,Samsung QLED 50,Samsung,4,893.83,0.11,0.18,3754.8,UPI,In-Store,EMP442,2,1,Same Day,2,GBP
ORD113277,04-11-2024,BR95,USA,Dallas,CUST4321,PROD187,Mobile,OnePlus 11,HP,5,1336.01,0.08,0.18,7251.86,Cash,Online,EMP658,3,1,Same Day,3,GBP
ORD113278,16-08-2023,BR103,Germany,Munich,CUST6562,PROD518,Accessories,Wireless Mouse,HP,1,80.46,0.1,0.18,85.45,UPI,In-Store,EMP942,0,1,Standard,9,USD
ORD113279,23-03-2024,BR48,Germany,Munich,CUST5826,PROD854,TV,LG OLED 48,Lenovo,3,643.84,0.03,0.18,2210.82,Cash,In-Store,EMP235,3,0,Express,3,AED
ORD113280,01-02-2024,BR41,UK,Birmingham,CUST9507,PROD237,Laptop,HP Spectre x360,HP,4,638.37,0.3,0.18,2109.17,Net Banking,Online,EMP708,3,1,Standard,9,INR
ORD113281,09-04-2024,BR62,India,Delhi,CUST1284,PROD991,Laptop,Dell XPS 13,OnePlus,1,856.04,0.2,0.18,808.1,Credit Card,Online,EMP366,2,0,Standard,4,AED
ORD113282,02-03-2024,BR4,UAE,Dubai,CUST8511,PROD204,TV,Samsung QLED 50,Sony,4,960.9,0.12,0.18,3991.19,Credit Card,Online,EMP549,2,1,Standard,10,GBP
ORD113283,07-03-2024,BR104,Germany,Munich,CUST5890,PROD104,Tablet,Samsung Galaxy Tab,Dell,5,236.71,0.07,0.18,1298.83,Credit Card,In-Store,EMP988,2,0,Same Day,2,AED
ORD113284,13-04-2023,BR71,USA,Dallas,CUST3944,PROD798,TV,Samsung QLED 50,Samsung,4,501.44,0.25,0.18,1775.1,UPI,In-Store,EMP909,0,1,Standard,7,GBP
ORD113285,10-01-2024,BR60,Germany,Hamburg,CUST5310,PROD863,Mobile,Samsung Galaxy S23,Sony,2,862.15,0.27,0.18,1485.31,Cash,Online,EMP967,3,1,Same Day,5,EUR
ORD113286,30-11-2023,BR47,UAE,Dubai,CUST4420,PROD977,Mobile,Samsung Galaxy S23,OnePlus,5,801.5,0.04,0.18,4539.7,Net Banking,In-Store,EMP601,2,0,Same Day,6,AED
ORD113287,20-09-2023,BR87,USA,Dallas,CUST8895,PROD204,Tablet,Lenovo Tab P11,HP,4,1461.91,0.1,0.18,6210.19,Cash,In-Store,EMP486,0,0,Standard,5,EUR
ORD113288,18-06-2024,BR57,UAE,Abu Dhabi,CUST3559,PROD774,Mobile,OnePlus 11,Lenovo,1,183.12,0.09,0.18,196.63,Net Banking,In-Store,EMP480,1,0,Express,2,USD
ORD113289,19-08-2023,BR35,India,Pune,CUST3094,PROD161,Laptop,Dell XPS 13,Apple,4,1801.2,0.02,0.18,8331.63,Net Banking,In-Store,EMP899,3,0,Same Day,9,INR
ORD113290,26-09-2023,BR105,UK,Birmingham,CUST4602,PROD782,Tablet,Samsung Galaxy Tab,LG,3,1866.08,0.2,0.18,5284.74,UPI,Online,EMP447,1,0,Express,4,INR
ORD113291,05-12-2023,BR109,UAE,Dubai,CUST5208,PROD352,Tablet,Lenovo Tab P11,Sony,2,1075.51,0.17,0.18,2106.71,Net Banking,In-Store,EMP357,0,0,Standard,9,GBP
ORD113292,31-08-2024,BR75,USA,Dallas,CUST7157,PROD566,Tablet,Samsung Galaxy Tab,Samsung,5,1379.4,0.15,0.18,6917.69,UPI,Online,EMP249,0,1,Same Day,3,GBP
ORD113293,15-09-2024,BR120,USA,Los Angeles,CUST1462,PROD159,Tablet,Lenovo Tab P11,Sony,3,513.42,0.27,0.18,1326.78,Credit Card,Online,EMP546,2,1,Standard,4,INR
ORD113294,02-01-2023,BR56,Germany,Munich,CUST1494,PROD779,Accessories,Wireless Mouse,Apple,4,1319.7,0.09,0.18,5668.38,Credit Card,In-Store,EMP604,3,0,Express,4,GBP
ORD113295,08-05-2024,BR100,Germany,Munich,CUST4698,PROD639,Tablet,iPad Air,Dell,5,380.62,0.17,0.18,1863.9,Debit Card,In-Store,EMP981,1,0,Same Day,8,EUR
ORD113296,07-07-2023,BR116,UAE,Abu Dhabi,CUST5418,PROD362,Tablet,Samsung Galaxy Tab,Sony,1,1621.05,0.26,0.18,1415.5,Net Banking,In-Store,EMP432,1,1,Same Day,4,EUR
ORD113297,02-07-2023,BR36,USA,Chicago,CUST4093,PROD339,Accessories,Bluetooth Headphones,Dell,4,1079.13,0,0.18,5093.49,Net Banking,Online,EMP845,2,1,Standard,6,INR
ORD113298,19-07-2024,BR60,Germany,Hamburg,CUST7205,PROD710,Tablet,iPad Air,OnePlus,1,192.11,0.08,0.18,208.55,Credit Card,Online,EMP306,2,0,Express,5,AED
ORD113299,20-09-2024,BR8,India,Mumbai,CUST3684,PROD349,Mobile,iPhone 14,HP,3,875.89,0.12,0.18,2728.57,Debit Card,Online,EMP285,0,1,Same Day,9,EUR
ORD113300,17-06-2023,BR40,Germany,Berlin,CUST8352,PROD446,TV,Sony Bravia 55,OnePlus,1,952.75,0.04,0.18,1079.28,Net Banking,Online,EMP960,2,1,Standard,4,GBP
ORD113301,20-11-2023,BR120,Germany,Hamburg,CUST5108,PROD727,Accessories,Bluetooth Headphones,Lenovo,2,1221.42,0.08,0.18,2651.95,UPI,Online,EMP899,3,0,Same Day,8,EUR
ORD113302,09-01-2024,BR80,UK,Manchester,CUST4253,PROD964,Laptop,HP Spectre x360,Samsung,1,915.22,0.01,0.18,1069.16,Cash,In-Store,EMP737,0,1,Express,4,INR
ORD113303,18-07-2024,BR63,UAE,Abu Dhabi,CUST7100,PROD385,Laptop,HP Spectre x360,LG,4,1365.3,0.25,0.18,4833.16,Credit Card,In-Store,EMP944,1,0,Same Day,5,GBP
ORD113304,30-08-2024,BR94,USA,Chicago,CUST2820,PROD765,Accessories,Bluetooth Headphones,LG,1,1035.85,0.22,0.18,953.4,Debit Card,In-Store,EMP634,3,0,Express,2,USD
ORD113305,05-02-2024,BR54,USA,New York,CUST2411,PROD175,Tablet,Lenovo Tab P11,HP,2,1491.84,0.06,0.18,3309.5,UPI,In-Store,EMP489,2,0,Standard,10,EUR
ORD113306,04-08-2023,BR19,Germany,Munich,CUST3093,PROD531,TV,Samsung QLED 50,Sony,2,536.6,0.06,0.18,1190.39,UPI,In-Store,EMP602,1,1,Same Day,6,INR
ORD113307,18-07-2023,BR66,UK,London,CUST5821,PROD468,TV,Sony Bravia 55,OnePlus,4,1763.43,0.12,0.18,7324.58,Credit Card,In-Store,EMP524,1,1,Express,10,INR
ORD113308,20-05-2024,BR23,UK,Birmingham,CUST9359,PROD832,Accessories,Keyboard,Apple,2,1897.94,0.26,0.18,3314.56,Cash,Online,EMP753,2,0,Same Day,4,EUR
ORD113309,03-11-2023,BR53,USA,Dallas,CUST6600,PROD791,TV,Samsung QLED 50,Lenovo,4,631.19,0.25,0.18,2234.41,Debit Card,Online,EMP636,2,0,Same Day,1,INR
ORD113310,20-06-2023,BR104,Germany,Berlin,CUST6506,PROD814,Tablet,Samsung Galaxy Tab,Apple,1,1668.42,0.24,0.18,1496.24,Cash,Online,EMP774,2,0,Same Day,4,GBP
ORD113311,23-12-2024,BR12,Germany,Hamburg,CUST6449,PROD909,Accessories,Wireless Mouse,Apple,3,784.67,0.24,0.18,2111.08,Debit Card,Online,EMP220,1,1,Same Day,6,INR
ORD113312,17-07-2023,BR103,Germany,Munich,CUST6184,PROD528,Tablet,iPad Air,Apple,2,243.04,0.18,0.18,470.33,Debit Card,In-Store,EMP718,3,0,Express,3,GBP
ORD113313,24-02-2023,BR22,India,Bangalore,CUST7855,PROD610,Tablet,Samsung Galaxy Tab,HP,5,892.18,0.24,0.18,4000.54,Credit Card,In-Store,EMP511,2,1,Same Day,10,INR
ORD113314,16-10-2023,BR104,India,Mumbai,CUST6895,PROD833,TV,LG OLED 48,Dell,2,1026.89,0.07,0.18,2253.82,Credit Card,In-Store,EMP742,0,1,Same Day,9,AED
ORD113315,03-02-2024,BR95,UAE,Dubai,CUST7366,PROD555,Laptop,MacBook Air M2,LG,5,1734.82,0.21,0.18,8086,Cash,Online,EMP706,1,0,Standard,7,GBP
ORD113316,17-12-2023,BR107,USA,Los Angeles,CUST7506,PROD705,Accessories,Bluetooth Headphones,OnePlus,1,642.81,0.22,0.18,591.64,UPI,Online,EMP550,0,0,Standard,4,INR
ORD113317,19-05-2024,BR96,UK,Manchester,CUST3629,PROD421,Tablet,iPad Air,LG,2,1618.79,0.02,0.18,3743.94,Credit Card,Online,EMP876,2,0,Express,10,USD
ORD113318,17-09-2023,BR83,UK,Manchester,CUST8200,PROD607,Tablet,Samsung Galaxy Tab,LG,2,918.53,0.25,0.18,1625.8,Cash,Online,EMP454,3,0,Same Day,10,GBP
ORD113319,17-04-2023,BR116,UAE,Dubai,CUST3111,PROD264,Tablet,iPad Air,Dell,3,116.44,0.23,0.18,317.39,UPI,In-Store,EMP344,0,1,Same Day,7,GBP
ORD113320,14-12-2023,BR23,UAE,Abu Dhabi,CUST8708,PROD358,Accessories,Keyboard,Apple,3,1627.26,0.19,0.18,4666.01,Net Banking,In-Store,EMP481,2,1,Standard,4,GBP
ORD113321,16-06-2024,BR16,India,Mumbai,CUST9793,PROD145,TV,LG OLED 48,Lenovo,1,504.86,0.01,0.18,589.78,UPI,Online,EMP781,1,1,Same Day,3,INR
ORD113322,06-12-2023,BR93,India,Pune,CUST3302,PROD446,Accessories,Wireless Mouse,Apple,1,1274.35,0.11,0.18,1338.32,Debit Card,Online,EMP251,2,1,Same Day,1,USD
ORD113323,11-06-2023,BR58,UAE,Dubai,CUST4635,PROD108,Accessories,Bluetooth Headphones,LG,1,483.65,0.06,0.18,536.46,Net Banking,In-Store,EMP616,0,1,Same Day,9,USD
ORD113324,16-05-2023,BR18,UK,London,CUST5967,PROD966,Mobile,OnePlus 11,Dell,4,1350.39,0.23,0.18,4907.86,Cash,Online,EMP508,3,0,Same Day,1,INR
ORD113325,06-06-2024,BR8,UK,London,CUST9075,PROD490,Laptop,HP Spectre x360,OnePlus,3,1433.47,0.2,0.18,4059.59,Net Banking,In-Store,EMP865,1,1,Standard,10,AED
ORD113326,14-06-2023,BR69,UK,London,CUST1664,PROD448,Tablet,Lenovo Tab P11,Apple,3,198.75,0.15,0.18,598.04,UPI,In-Store,EMP947,2,1,Standard,1,EUR
ORD113327,16-11-2024,BR51,UK,Manchester,CUST5994,PROD292,Mobile,Samsung Galaxy S23,OnePlus,2,1486.77,0.29,0.18,2491.23,Net Banking,Online,EMP242,1,1,Same Day,5,GBP
ORD113328,28-01-2024,BR6,India,Delhi,CUST4428,PROD245,Laptop,Dell XPS 13,Lenovo,5,1187.13,0.09,0.18,6373.7,Credit Card,In-Store,EMP247,0,0,Express,7,EUR
ORD113329,21-01-2024,BR105,UAE,Abu Dhabi,CUST8597,PROD509,TV,LG OLED 48,Lenovo,5,1456.16,0.22,0.18,6701.25,Cash,In-Store,EMP688,0,1,Express,3,INR
ORD113330,15-05-2024,BR7,USA,Chicago,CUST9354,PROD596,Accessories,Wireless Mouse,Lenovo,1,379.87,0.07,0.18,416.87,Credit Card,Online,EMP475,2,0,Standard,2,USD
ORD113331,28-07-2023,BR13,UAE,Dubai,CUST1992,PROD820,TV,Sony Bravia 55,Apple,1,633.35,0.07,0.18,695.04,Cash,Online,EMP879,2,1,Express,2,GBP
ORD113332,22-07-2024,BR87,India,Mumbai,CUST6145,PROD198,Mobile,iPhone 14,Sony,2,1831.88,0.14,0.18,3717.98,UPI,In-Store,EMP346,3,0,Express,8,AED
ORD113333,12-11-2023,BR36,UAE,Dubai,CUST3379,PROD314,Laptop,HP Spectre x360,HP,5,1695.59,0.15,0.18,8503.38,Debit Card,In-Store,EMP968,1,1,Same Day,2,AED
ORD113334,18-04-2023,BR9,UAE,Abu Dhabi,CUST4398,PROD471,Laptop,MacBook Air M2,LG,5,1414.97,0.25,0.18,6261.24,Debit Card,Online,EMP491,3,0,Express,9,AED
ORD113335,14-10-2023,BR64,UK,Manchester,CUST4616,PROD490,Tablet,Samsung Galaxy Tab,Sony,2,1177.68,0.25,0.18,2084.49,Debit Card,Online,EMP317,1,1,Standard,1,USD
ORD113336,23-04-2023,BR95,India,Delhi,CUST2092,PROD676,Laptop,MacBook Air M2,Samsung,1,1772.82,0.08,0.18,1924.57,Cash,In-Store,EMP419,3,0,Standard,7,INR
ORD113337,22-01-2023,BR84,UAE,Dubai,CUST7303,PROD386,Accessories,Keyboard,OnePlus,3,834.39,0.12,0.18,2599.29,Net Banking,Online,EMP259,1,1,Standard,4,AED
ORD113338,13-12-2024,BR64,USA,New York,CUST1232,PROD281,Laptop,MacBook Air M2,LG,4,995.53,0.18,0.18,3853.1,Debit Card,Online,EMP419,1,1,Standard,8,EUR
ORD113339,06-09-2024,BR34,UK,Birmingham,CUST5291,PROD986,Accessories,Bluetooth Headphones,Apple,4,1625.2,0.18,0.18,6290.17,Debit Card,Online,EMP649,1,0,Express,6,GBP
ORD113340,01-01-2024,BR54,Germany,Munich,CUST8226,PROD884,TV,Samsung QLED 50,Lenovo,4,1127.25,0.09,0.18,4841.76,Net Banking,In-Store,EMP513,0,0,Same Day,9,AED
ORD113341,14-07-2023,BR83,India,Mumbai,CUST5548,PROD172,Tablet,iPad Air,Lenovo,4,1080.57,0.08,0.18,4692.27,Cash,Online,EMP957,0,1,Standard,5,INR
ORD113342,05-07-2023,BR100,UK,London,CUST7544,PROD339,Accessories,Wireless Mouse,Samsung,1,965.84,0.08,0.18,1048.52,Credit Card,In-Store,EMP936,3,0,Standard,9,AED
ORD113343,15-03-2024,BR71,USA,Dallas,CUST6525,PROD451,Tablet,Lenovo Tab P11,Samsung,4,637.81,0.21,0.18,2378.27,Credit Card,In-Store,EMP599,1,1,Same Day,3,INR
ORD113344,22-10-2023,BR114,UK,London,CUST7099,PROD397,Laptop,Dell XPS 13,Lenovo,3,486.78,0.24,0.18,1309.63,UPI,Online,EMP219,2,1,Express,3,USD
ORD113345,07-03-2023,BR108,India,Delhi,CUST5733,PROD721,Laptop,HP Spectre x360,LG,1,440.97,0.01,0.18,515.14,Credit Card,In-Store,EMP852,0,1,Standard,2,AED
ORD113346,02-12-2023,BR2,UK,Manchester,CUST3849,PROD750,Tablet,Samsung Galaxy Tab,HP,2,606.9,0.08,0.18,1317.7,Credit Card,In-Store,EMP431,0,0,Express,6,GBP
ORD113347,13-10-2024,BR95,Germany,Munich,CUST1939,PROD403,Accessories,Wireless Mouse,Dell,4,996.5,0.16,0.18,3950.92,Debit Card,Online,EMP319,3,1,Express,3,USD
ORD113348,02-01-2023,BR62,USA,Los Angeles,CUST2200,PROD807,TV,LG OLED 48,LG,4,1814.63,0.04,0.18,8222.45,Net Banking,In-Store,EMP752,2,0,Standard,3,USD
ORD113349,15-07-2023,BR15,India,Mumbai,CUST8374,PROD993,Laptop,Dell XPS 13,Samsung,1,1126.24,0.2,0.18,1063.17,UPI,Online,EMP966,2,0,Express,5,USD
ORD113350,05-08-2023,BR13,UAE,Abu Dhabi,CUST8630,PROD691,Mobile,OnePlus 11,HP,5,1102.3,0.2,0.18,5202.86,Debit Card,Online,EMP206,3,1,Same Day,4,INR
ORD113351,23-01-2023,BR12,UK,Birmingham,CUST4985,PROD376,Tablet,Samsung Galaxy Tab,Apple,1,1829.05,0.15,0.18,1834.54,Debit Card,Online,EMP299,2,1,Express,2,INR
ORD113352,02-10-2024,BR37,UAE,Dubai,CUST2993,PROD898,Accessories,Bluetooth Headphones,Samsung,5,209.34,0.03,0.18,1198.05,UPI,In-Store,EMP762,1,0,Express,2,AED
ORD113353,25-08-2023,BR74,USA,New York,CUST6210,PROD957,Tablet,Samsung Galaxy Tab,Apple,5,543.8,0.2,0.18,2566.74,Credit Card,In-Store,EMP611,0,0,Same Day,5,INR
ORD113354,01-12-2023,BR33,UK,Manchester,CUST2372,PROD128,Tablet,iPad Air,HP,1,285.62,0.25,0.18,252.77,Net Banking,In-Store,EMP437,2,1,Same Day,3,INR
ORD113355,02-03-2024,BR63,UK,London,CUST4232,PROD810,Laptop,HP Spectre x360,LG,4,1409.04,0.04,0.18,6384.64,Cash,In-Store,EMP749,2,0,Standard,1,EUR
ORD113356,10-09-2024,BR81,UK,London,CUST3703,PROD925,TV,Sony Bravia 55,Sony,5,1018.68,0.18,0.18,4928.37,UPI,In-Store,EMP961,3,1,Express,3,AED
ORD113357,19-05-2023,BR90,India,Delhi,CUST3931,PROD837,TV,LG OLED 48,HP,1,1594.3,0.23,0.18,1448.58,Credit Card,Online,EMP864,1,0,Standard,10,INR
ORD113358,15-07-2023,BR69,India,Delhi,CUST3173,PROD862,TV,Samsung QLED 50,LG,5,328.73,0.2,0.18,1551.61,Cash,Online,EMP682,0,1,Same Day,8,USD
ORD113359,19-07-2024,BR69,Germany,Berlin,CUST5750,PROD590,Accessories,Bluetooth Headphones,OnePlus,5,1870.46,0.2,0.18,8828.57,Net Banking,In-Store,EMP398,2,0,Same Day,5,EUR
ORD113360,27-12-2023,BR78,UAE,Dubai,CUST3954,PROD934,TV,LG OLED 48,HP,3,201.08,0.07,0.18,662,Debit Card,In-Store,EMP293,1,0,Standard,7,AED
ORD113361,23-07-2023,BR18,Germany,Munich,CUST2243,PROD442,Accessories,Bluetooth Headphones,Apple,2,504.85,0.27,0.18,869.76,Credit Card,Online,EMP411,3,1,Same Day,6,GBP
ORD113362,01-02-2023,BR1,India,Bangalore,CUST1568,PROD525,Mobile,iPhone 14,Lenovo,2,1334.65,0.01,0.18,3118.28,UPI,Online,EMP305,2,0,Express,3,EUR
ORD113363,12-05-2023,BR113,UAE,Dubai,CUST6142,PROD188,TV,Samsung QLED 50,Dell,5,1112.25,0.01,0.18,6496.65,Cash,In-Store,EMP729,1,1,Express,9,AED
ORD113364,28-02-2024,BR90,UK,London,CUST3232,PROD787,Accessories,Keyboard,LG,5,658.81,0.16,0.18,3265.06,Credit Card,Online,EMP228,0,1,Standard,5,EUR
ORD113365,11-10-2023,BR23,Germany,Berlin,CUST3562,PROD683,Tablet,Lenovo Tab P11,OnePlus,1,1202.44,0.06,0.18,1333.75,Credit Card,Online,EMP333,3,0,Same Day,7,EUR
ORD113366,15-04-2023,BR50,USA,New York,CUST9166,PROD576,TV,Sony Bravia 55,HP,3,1445.17,0.05,0.18,4860.11,UPI,Online,EMP711,0,1,Express,1,USD
ORD113367,19-07-2023,BR48,USA,Los Angeles,CUST7221,PROD501,Tablet,Lenovo Tab P11,LG,5,70.28,0.15,0.18,352.45,UPI,In-Store,EMP659,1,0,Standard,7,EUR
ORD113368,21-08-2024,BR29,India,Bangalore,CUST8492,PROD886,Tablet,Lenovo Tab P11,LG,3,433.36,0.18,0.18,1257.96,Debit Card,Online,EMP467,1,0,Standard,10,EUR
ORD113369,14-11-2024,BR118,India,Mumbai,CUST4084,PROD992,TV,Sony Bravia 55,LG,2,1932.94,0.25,0.18,3421.3,Debit Card,Online,EMP479,3,0,Standard,8,USD
ORD113370,17-08-2023,BR18,India,Bangalore,CUST4889,PROD861,Laptop,Dell XPS 13,Sony,5,896.86,0.24,0.18,4021.52,Debit Card,In-Store,EMP536,3,1,Express,8,USD
ORD113371,25-04-2023,BR88,Germany,Hamburg,CUST7151,PROD180,TV,LG OLED 48,Samsung,4,1623.63,0.29,0.18,5441.11,Debit Card,Online,EMP830,1,1,Standard,2,GBP
ORD113372,24-08-2023,BR4,India,Pune,CUST4383,PROD344,Tablet,Samsung Galaxy Tab,Sony,2,987.11,0.03,0.18,2259.69,Net Banking,Online,EMP816,1,0,Same Day,4,INR
ORD113373,13-10-2024,BR105,India,Pune,CUST9960,PROD301,Mobile,Samsung Galaxy S23,Sony,1,800.15,0.26,0.18,698.69,UPI,In-Store,EMP857,2,0,Express,2,USD
ORD113374,20-11-2023,BR32,UK,Manchester,CUST9194,PROD405,Laptop,Dell XPS 13,Apple,2,1304.66,0.09,0.18,2801.89,UPI,In-Store,EMP304,3,0,Same Day,2,USD
ORD113375,07-03-2023,BR92,Germany,Munich,CUST8974,PROD733,Laptop,HP Spectre x360,Samsung,3,616.79,0.07,0.18,2030.6,Net Banking,In-Store,EMP708,0,1,Same Day,5,INR
ORD113376,06-12-2024,BR56,India,Pune,CUST6280,PROD354,Accessories,Wireless Mouse,HP,5,1465.69,0.01,0.18,8561.1,Net Banking,Online,EMP346,1,1,Standard,8,USD
ORD113377,14-09-2024,BR32,UK,Manchester,CUST5948,PROD604,Tablet,iPad Air,LG,1,633.82,0.15,0.18,635.72,Net Banking,Online,EMP891,2,1,Same Day,3,INR
ORD113378,02-06-2023,BR99,UK,Manchester,CUST9826,PROD641,TV,Sony Bravia 55,Lenovo,5,1937.02,0.2,0.18,9142.73,UPI,Online,EMP667,0,1,Express,10,EUR
ORD113379,07-06-2024,BR41,UAE,Abu Dhabi,CUST1046,PROD739,TV,Samsung QLED 50,Sony,4,389.07,0.2,0.18,1469.13,Debit Card,In-Store,EMP631,2,0,Standard,4,USD
ORD113380,20-12-2024,BR31,India,Delhi,CUST4406,PROD648,Mobile,iPhone 14,Apple,5,593.05,0.02,0.18,3429.02,Cash,Online,EMP763,0,0,Same Day,4,USD
ORD113381,15-10-2024,BR76,USA,Chicago,CUST8082,PROD666,Tablet,Samsung Galaxy Tab,Sony,3,1440.94,0.11,0.18,4539.83,UPI,Online,EMP901,1,1,Standard,10,EUR
ORD113382,29-07-2024,BR61,Germany,Berlin,CUST4331,PROD208,TV,Samsung QLED 50,HP,3,211.22,0.14,0.18,643.04,UPI,In-Store,EMP895,3,0,Express,1,GBP
ORD113383,22-10-2023,BR88,UAE,Abu Dhabi,CUST1496,PROD103,Accessories,Wireless Mouse,Dell,2,1967.86,0.18,0.18,3808.2,UPI,In-Store,EMP234,2,0,Standard,5,INR
ORD113384,12-07-2024,BR24,USA,New York,CUST1265,PROD851,Accessories,Wireless Mouse,Dell,2,1637.9,0.29,0.18,2744.47,UPI,Online,EMP971,1,0,Standard,8,INR
ORD113385,02-08-2023,BR20,UK,Birmingham,CUST4496,PROD935,Mobile,iPhone 14,LG,1,389.37,0.29,0.18,326.21,UPI,Online,EMP499,3,1,Standard,5,USD
ORD113386,28-10-2024,BR99,India,Bangalore,CUST3632,PROD546,Tablet,Lenovo Tab P11,Sony,2,1768.44,0.08,0.18,3839.64,Credit Card,In-Store,EMP546,3,0,Standard,9,USD
ORD113387,01-12-2023,BR35,UAE,Abu Dhabi,CUST2686,PROD323,Mobile,OnePlus 11,HP,2,769.54,0.16,0.18,1525.54,Cash,In-Store,EMP531,0,1,Express,3,INR
ORD113388,22-05-2023,BR73,Germany,Hamburg,CUST6648,PROD838,TV,Sony Bravia 55,Dell,5,595.16,0.15,0.18,2984.73,Credit Card,Online,EMP349,0,1,Express,6,GBP
ORD113389,19-01-2024,BR18,Germany,Berlin,CUST9310,PROD554,Accessories,Wireless Mouse,Samsung,3,843.18,0.23,0.18,2298.34,UPI,Online,EMP512,3,1,Standard,10,USD
ORD113390,06-02-2023,BR44,USA,Dallas,CUST8852,PROD105,Mobile,Samsung Galaxy S23,HP,5,1792.78,0.12,0.18,9308.11,Cash,Online,EMP219,1,1,Standard,7,GBP
ORD113391,17-11-2023,BR71,USA,New York,CUST8542,PROD775,TV,Sony Bravia 55,HP,5,1108.36,0.25,0.18,4904.49,UPI,Online,EMP523,3,0,Express,2,USD
ORD113392,31-01-2024,BR76,UAE,Dubai,CUST3846,PROD592,Laptop,HP Spectre x360,Sony,1,806.54,0.27,0.18,694.75,UPI,In-Store,EMP411,2,0,Standard,8,USD
ORD113393,08-04-2024,BR48,USA,Chicago,CUST3827,PROD104,Laptop,Dell XPS 13,LG,4,901.58,0.18,0.18,3489.48,Cash,In-Store,EMP920,2,1,Express,7,INR
ORD113394,27-09-2024,BR38,Germany,Munich,CUST7960,PROD104,Accessories,Keyboard,OnePlus,3,1348.39,0.26,0.18,3532.24,UPI,Online,EMP328,0,1,Same Day,8,USD
ORD113395,05-08-2023,BR92,UK,Manchester,CUST9484,PROD572,Accessories,Bluetooth Headphones,Samsung,5,1383.05,0.29,0.18,5793.6,Credit Card,Online,EMP315,0,0,Same Day,9,INR
ORD113396,29-09-2023,BR50,UAE,Dubai,CUST9922,PROD590,Laptop,MacBook Air M2,LG,3,327.21,0.18,0.18,949.83,Net Banking,Online,EMP611,1,0,Standard,10,AED
ORD113397,17-06-2023,BR6,UK,London,CUST1967,PROD681,Laptop,Dell XPS 13,Samsung,1,1365.85,0.09,0.18,1466.65,Credit Card,In-Store,EMP935,2,0,Express,7,INR
ORD113398,17-03-2024,BR26,UK,Manchester,CUST6242,PROD407,Tablet,iPad Air,Dell,5,410.91,0.19,0.18,1963.74,Debit Card,Online,EMP550,1,1,Express,1,AED
ORD113399,20-09-2024,BR71,UK,Birmingham,CUST5075,PROD739,Laptop,HP Spectre x360,Apple,1,169.26,0.27,0.18,145.8,Net Banking,Online,EMP869,2,0,Express,6,EUR
ORD113400,14-11-2023,BR48,USA,Dallas,CUST2062,PROD419,Tablet,Lenovo Tab P11,Lenovo,2,893.87,0.05,0.18,2004.06,UPI,In-Store,EMP630,0,0,Express,8,EUR
ORD113401,20-02-2024,BR10,Germany,Berlin,CUST8668,PROD788,Tablet,iPad Air,Apple,4,1983.7,0.08,0.18,8614.02,Credit Card,In-Store,EMP451,2,0,Standard,10,AED
ORD113402,21-03-2023,BR56,UAE,Dubai,CUST8596,PROD725,Accessories,Wireless Mouse,Samsung,2,880.56,0.01,0.18,2057.34,Cash,In-Store,EMP745,2,1,Express,9,USD
ORD113403,17-02-2024,BR88,UAE,Abu Dhabi,CUST4977,PROD438,Tablet,Lenovo Tab P11,HP,2,1998.36,0.27,0.18,3442.77,Debit Card,In-Store,EMP766,0,0,Standard,1,USD
ORD113404,14-04-2024,BR36,Germany,Berlin,CUST8328,PROD419,Mobile,iPhone 14,Samsung,3,318.02,0.1,0.18,1013.21,UPI,In-Store,EMP364,2,0,Standard,5,GBP
ORD113405,10-03-2024,BR39,UAE,Abu Dhabi,CUST8176,PROD144,Mobile,OnePlus 11,Dell,3,490.53,0.27,0.18,1267.63,Credit Card,Online,EMP995,2,1,Same Day,4,USD
ORD113406,15-05-2024,BR18,India,Mumbai,CUST3564,PROD725,Accessories,Bluetooth Headphones,HP,4,742.02,0.2,0.18,2801.87,Cash,Online,EMP540,2,0,Express,8,EUR
ORD113407,09-06-2023,BR53,India,Mumbai,CUST5136,PROD796,Accessories,Wireless Mouse,Dell,3,203.47,0.12,0.18,633.85,UPI,Online,EMP465,3,1,Standard,2,EUR
ORD113408,07-07-2024,BR37,USA,Dallas,CUST1704,PROD248,TV,Sony Bravia 55,LG,5,385.37,0.07,0.18,2114.53,Net Banking,Online,EMP976,2,1,Standard,10,AED
ORD113409,16-07-2023,BR18,UAE,Abu Dhabi,CUST8390,PROD885,Tablet,Lenovo Tab P11,LG,2,1772.14,0.01,0.18,4140.43,Credit Card,In-Store,EMP486,2,0,Express,9,AED
ORD113410,08-12-2023,BR47,UK,Manchester,CUST5201,PROD474,Tablet,iPad Air,LG,5,454.53,0.04,0.18,2574.46,Debit Card,Online,EMP818,2,0,Same Day,9,GBP
ORD113411,22-08-2024,BR91,Germany,Hamburg,CUST9190,PROD337,Mobile,iPhone 14,Lenovo,3,530.68,0.16,0.18,1578.03,Debit Card,In-Store,EMP489,0,0,Express,5,INR
ORD113412,08-02-2024,BR103,UK,Birmingham,CUST9920,PROD743,Mobile,Samsung Galaxy S23,Dell,2,1104.94,0.1,0.18,2346.89,Net Banking,In-Store,EMP514,0,1,Same Day,10,GBP
ORD113413,26-08-2024,BR119,India,Delhi,CUST4580,PROD409,Accessories,Wireless Mouse,HP,3,1240.88,0.05,0.18,4173.08,Cash,In-Store,EMP935,2,0,Standard,8,AED
ORD113414,10-05-2024,BR52,Germany,Hamburg,CUST7589,PROD133,Mobile,iPhone 14,HP,5,265.27,0.19,0.18,1267.73,UPI,In-Store,EMP309,2,0,Express,10,INR
ORD113415,26-08-2023,BR105,USA,Dallas,CUST6214,PROD478,Mobile,iPhone 14,Samsung,3,1586.96,0.09,0.18,5112.23,Debit Card,Online,EMP836,0,1,Same Day,2,USD
ORD113416,25-07-2023,BR113,UAE,Dubai,CUST8922,PROD440,Tablet,Lenovo Tab P11,Apple,2,967.52,0.15,0.18,1940.85,Cash,Online,EMP671,0,0,Same Day,1,EUR
ORD113417,09-11-2023,BR114,UK,Manchester,CUST2797,PROD766,Accessories,Wireless Mouse,HP,5,1106.25,0.02,0.18,6396.34,Credit Card,In-Store,EMP761,3,1,Express,8,AED
ORD113418,28-07-2024,BR88,USA,Los Angeles,CUST9961,PROD245,Tablet,Lenovo Tab P11,Apple,2,817.08,0,0.18,1928.31,Cash,Online,EMP386,2,1,Same Day,7,AED
ORD113419,06-05-2024,BR56,India,Delhi,CUST3426,PROD801,Laptop,HP Spectre x360,Sony,1,1253.83,0.06,0.18,1390.75,Credit Card,In-Store,EMP939,0,0,Same Day,10,AED
ORD113420,27-03-2023,BR32,India,Bangalore,CUST3566,PROD453,Accessories,Bluetooth Headphones,Dell,3,1440.19,0.02,0.18,4996.31,UPI,Online,EMP937,1,1,Same Day,7,AED
ORD113421,09-06-2024,BR52,UAE,Dubai,CUST3841,PROD742,Mobile,iPhone 14,LG,3,669.54,0.02,0.18,2322.77,Debit Card,Online,EMP702,0,1,Standard,2,EUR
ORD113422,03-07-2024,BR62,UAE,Abu Dhabi,CUST8278,PROD986,TV,Sony Bravia 55,Apple,2,1148.56,0.21,0.18,2141.38,Cash,In-Store,EMP435,3,0,Standard,5,USD
ORD113423,24-08-2023,BR62,UAE,Dubai,CUST8086,PROD217,Laptop,MacBook Air M2,Dell,4,1355.89,0.19,0.18,5183.84,Credit Card,Online,EMP623,2,1,Express,5,INR
ORD113424,18-01-2024,BR71,UAE,Dubai,CUST4101,PROD549,TV,LG OLED 48,Lenovo,2,1436.6,0.16,0.18,2847.92,Net Banking,In-Store,EMP705,2,0,Express,10,GBP
ORD113425,08-11-2023,BR96,USA,Dallas,CUST3395,PROD956,Laptop,Dell XPS 13,Lenovo,4,1021.75,0.08,0.18,4436.85,Cash,In-Store,EMP200,3,1,Express,3,AED
ORD113426,11-10-2023,BR68,Germany,Munich,CUST2241,PROD304,Mobile,OnePlus 11,HP,5,1578.12,0.08,0.18,8566.04,Net Banking,Online,EMP356,0,1,Express,6,GBP
ORD113427,23-02-2023,BR103,Germany,Berlin,CUST5295,PROD368,Accessories,Bluetooth Headphones,LG,3,1520.6,0.13,0.18,4683.14,Credit Card,Online,EMP777,2,1,Same Day,10,USD
ORD113428,28-12-2023,BR59,UK,Manchester,CUST5579,PROD812,Tablet,Samsung Galaxy Tab,OnePlus,3,926.8,0.07,0.18,3051.21,Net Banking,In-Store,EMP563,2,0,Standard,3,EUR
ORD113429,22-04-2023,BR44,UK,Manchester,CUST7917,PROD663,Mobile,OnePlus 11,Lenovo,2,912.27,0.14,0.18,1851.54,Debit Card,In-Store,EMP921,2,0,Express,10,USD
ORD113430,04-10-2023,BR113,UAE,Dubai,CUST5678,PROD422,Tablet,Samsung Galaxy Tab,Sony,1,1050.51,0.19,0.18,1004.08,UPI,Online,EMP342,2,1,Express,1,USD
ORD113431,01-10-2024,BR10,India,Bangalore,CUST3554,PROD539,Mobile,OnePlus 11,Dell,3,1783.33,0.2,0.18,5050.39,Credit Card,In-Store,EMP679,0,1,Same Day,8,INR
ORD113432,13-12-2023,BR75,UK,London,CUST5917,PROD308,TV,Sony Bravia 55,Dell,3,419.18,0.23,0.18,1142.6,Cash,Online,EMP984,0,1,Same Day,5,GBP
ORD113433,19-12-2023,BR92,UAE,Abu Dhabi,CUST4327,PROD633,Tablet,iPad Air,Samsung,3,602.96,0.26,0.18,1579.51,Debit Card,Online,EMP657,0,0,Express,7,GBP
ORD113434,23-07-2023,BR27,UAE,Dubai,CUST5153,PROD681,Accessories,Bluetooth Headphones,OnePlus,1,1130.21,0.11,0.18,1186.95,UPI,Online,EMP682,1,0,Same Day,9,GBP
ORD113435,26-12-2023,BR118,UK,Birmingham,CUST9082,PROD230,Laptop,MacBook Air M2,OnePlus,4,1138.59,0.18,0.18,4406.8,Net Banking,Online,EMP640,2,0,Standard,10,AED
ORD113436,21-04-2024,BR30,India,Delhi,CUST3550,PROD195,Mobile,OnePlus 11,LG,1,1965.65,0.08,0.18,2133.91,Credit Card,In-Store,EMP628,3,0,Standard,4,AED
ORD113437,30-12-2024,BR12,Germany,Hamburg,CUST7872,PROD193,Tablet,Lenovo Tab P11,OnePlus,5,440.03,0.2,0.18,2076.94,Debit Card,Online,EMP315,1,1,Express,1,INR
ORD113438,05-07-2024,BR69,India,Delhi,CUST4618,PROD240,Laptop,MacBook Air M2,HP,3,911.88,0.02,0.18,3163.49,UPI,In-Store,EMP681,2,0,Same Day,7,INR
ORD113439,26-12-2023,BR43,India,Pune,CUST1263,PROD254,Tablet,iPad Air,LG,2,798.89,0.17,0.18,1564.87,Net Banking,Online,EMP769,3,0,Standard,3,EUR
ORD113440,06-03-2023,BR101,Germany,Munich,CUST1413,PROD823,Accessories,Bluetooth Headphones,OnePlus,1,1711.37,0.24,0.18,1534.76,Cash,In-Store,EMP271,2,1,Same Day,5,EUR
ORD113441,06-08-2024,BR12,Germany,Hamburg,CUST3217,PROD888,Mobile,iPhone 14,Sony,2,1965.12,0.01,0.18,4591.31,Debit Card,In-Store,EMP627,2,1,Standard,7,AED
ORD113442,20-01-2023,BR53,USA,Dallas,CUST8784,PROD866,Accessories,Wireless Mouse,LG,3,1765.72,0.26,0.18,4625.48,Net Banking,In-Store,EMP509,0,0,Standard,6,USD
ORD113443,26-01-2024,BR27,India,Delhi,CUST6445,PROD162,Laptop,Dell XPS 13,Lenovo,3,1004.77,0.16,0.18,2987.78,Cash,In-Store,EMP265,0,0,Standard,3,GBP
ORD113444,23-11-2023,BR31,UK,Manchester,CUST9156,PROD774,Tablet,iPad Air,Dell,3,599.01,0.18,0.18,1738.81,Net Banking,Online,EMP463,2,0,Standard,2,AED
ORD113445,27-02-2023,BR83,UK,London,CUST3300,PROD307,Accessories,Wireless Mouse,Samsung,4,496.37,0.19,0.18,1897.72,Cash,In-Store,EMP603,3,1,Same Day,3,GBP
ORD113446,28-05-2023,BR54,Germany,Munich,CUST7170,PROD792,Laptop,MacBook Air M2,Lenovo,5,1286.23,0.22,0.18,5919.23,Debit Card,Online,EMP376,0,1,Standard,7,EUR
ORD113447,17-09-2023,BR43,Germany,Berlin,CUST9282,PROD746,TV,Sony Bravia 55,HP,1,1732.72,0.23,0.18,1574.35,Debit Card,In-Store,EMP790,2,0,Standard,2,AED
ORD113448,18-02-2023,BR28,UK,Manchester,CUST5119,PROD112,Accessories,Keyboard,Apple,5,1035.44,0.07,0.18,5681.46,Credit Card,Online,EMP388,1,0,Express,6,INR
ORD113449,25-06-2023,BR73,UAE,Abu Dhabi,CUST3616,PROD332,Mobile,iPhone 14,Lenovo,4,663.93,0.06,0.18,2945.72,UPI,Online,EMP393,1,0,Express,5,USD
ORD113450,21-10-2023,BR51,UAE,Dubai,CUST1967,PROD570,TV,LG OLED 48,Lenovo,4,1430.59,0.2,0.18,5401.91,Debit Card,Online,EMP514,0,1,Standard,3,INR
ORD113451,18-01-2024,BR118,UK,Manchester,CUST1846,PROD702,Mobile,Samsung Galaxy S23,OnePlus,3,1240.75,0.25,0.18,3294.19,UPI,In-Store,EMP485,3,0,Standard,3,USD
ORD113452,14-12-2024,BR13,USA,Los Angeles,CUST4539,PROD325,TV,Samsung QLED 50,Dell,3,579.31,0.29,0.18,1456.04,Credit Card,In-Store,EMP779,3,0,Same Day,4,USD
ORD113453,06-10-2024,BR43,Germany,Munich,CUST4824,PROD682,Laptop,HP Spectre x360,Lenovo,1,784.25,0.02,0.18,906.91,Net Banking,In-Store,EMP240,2,0,Standard,3,USD
ORD113454,28-04-2024,BR53,UAE,Abu Dhabi,CUST8011,PROD323,Tablet,Lenovo Tab P11,Samsung,5,1993.31,0.21,0.18,9290.82,Net Banking,Online,EMP703,3,1,Express,7,GBP
ORD113455,21-04-2023,BR111,USA,Los Angeles,CUST6877,PROD806,Tablet,iPad Air,LG,2,1007.15,0.26,0.18,1758.89,Debit Card,Online,EMP712,3,0,Standard,7,INR
ORD113456,06-06-2024,BR10,India,Mumbai,CUST3776,PROD985,TV,Sony Bravia 55,Dell,4,604.66,0.11,0.18,2540.06,Credit Card,In-Store,EMP202,0,1,Standard,8,AED
ORD113457,10-01-2023,BR26,Germany,Berlin,CUST7106,PROD958,Tablet,Lenovo Tab P11,Apple,1,1842.12,0.04,0.18,2086.75,Cash,Online,EMP976,1,0,Express,6,EUR
ORD113458,10-05-2024,BR68,Germany,Berlin,CUST2538,PROD960,Tablet,Samsung Galaxy Tab,HP,4,1995.39,0.01,0.18,9324.06,Debit Card,Online,EMP466,0,1,Express,7,GBP
ORD113459,01-11-2024,BR87,USA,New York,CUST2726,PROD900,Mobile,Samsung Galaxy S23,OnePlus,4,152.57,0.11,0.18,640.92,Cash,In-Store,EMP679,2,0,Standard,6,INR
ORD113460,26-11-2023,BR106,UAE,Abu Dhabi,CUST1804,PROD311,Mobile,Samsung Galaxy S23,LG,4,1818.69,0.25,0.18,6438.16,Credit Card,In-Store,EMP514,1,0,Standard,8,EUR
ORD113461,17-03-2024,BR7,UK,Birmingham,CUST9092,PROD781,Laptop,HP Spectre x360,LG,2,739.07,0.27,0.18,1273.27,Debit Card,Online,EMP606,3,0,Same Day,1,GBP
ORD113462,03-07-2024,BR102,USA,Los Angeles,CUST3200,PROD995,Accessories,Wireless Mouse,HP,1,874.82,0.13,0.18,898.09,Debit Card,In-Store,EMP965,2,1,Standard,1,AED
ORD113463,08-11-2023,BR70,Germany,Hamburg,CUST7165,PROD842,Mobile,Samsung Galaxy S23,LG,2,296.05,0.27,0.18,510.03,UPI,Online,EMP467,0,0,Express,9,AED
ORD113464,25-12-2023,BR18,UK,Birmingham,CUST3882,PROD460,Laptop,Dell XPS 13,Samsung,2,806.76,0.17,0.18,1580.28,Net Banking,In-Store,EMP727,3,1,Standard,4,GBP
ORD113465,27-03-2023,BR1,UK,Birmingham,CUST4693,PROD153,Laptop,HP Spectre x360,HP,4,1107.36,0.28,0.18,3763.25,Credit Card,Online,EMP711,3,0,Express,10,AED
ORD113466,14-06-2023,BR22,UK,London,CUST9684,PROD618,TV,LG OLED 48,Sony,5,1240.18,0.01,0.18,7243.89,Cash,Online,EMP520,3,1,Standard,8,INR
ORD113467,31-08-2023,BR73,Germany,Berlin,CUST3551,PROD864,Tablet,Samsung Galaxy Tab,HP,3,1267.27,0.11,0.18,3992.66,Cash,Online,EMP352,1,1,Same Day,3,EUR
ORD113468,08-12-2023,BR39,USA,Chicago,CUST9681,PROD472,Laptop,HP Spectre x360,HP,1,407.34,0.04,0.18,461.43,UPI,Online,EMP608,2,1,Express,2,AED
ORD113469,30-01-2024,BR30,UK,Birmingham,CUST3692,PROD887,Accessories,Keyboard,Samsung,1,1710.19,0.06,0.18,1896.94,Net Banking,In-Store,EMP676,2,1,Standard,3,INR
ORD113470,10-02-2023,BR74,UK,Manchester,CUST1645,PROD825,TV,Samsung QLED 50,OnePlus,4,288.2,0.19,0.18,1101.85,Debit Card,Online,EMP633,3,1,Standard,10,USD
ORD113471,29-04-2024,BR108,India,Pune,CUST6315,PROD959,TV,Sony Bravia 55,OnePlus,1,1308.86,0.04,0.18,1482.68,Credit Card,Online,EMP201,2,1,Same Day,6,INR
ORD113472,25-10-2024,BR34,UK,Manchester,CUST5844,PROD982,Tablet,iPad Air,Lenovo,5,1229.9,0.13,0.18,6313.08,UPI,In-Store,EMP996,1,1,Express,9,GBP
ORD113473,07-07-2023,BR85,Germany,Hamburg,CUST6625,PROD916,Tablet,Samsung Galaxy Tab,LG,1,246.56,0.22,0.18,226.93,Credit Card,Online,EMP641,0,1,Same Day,9,GBP
ORD113474,12-05-2024,BR4,USA,New York,CUST2683,PROD807,Mobile,OnePlus 11,Sony,1,1698.36,0.04,0.18,1923.9,Debit Card,Online,EMP365,1,1,Standard,5,INR
ORD113475,25-06-2023,BR36,UK,London,CUST2722,PROD578,Mobile,OnePlus 11,HP,1,761.71,0.04,0.18,862.87,Net Banking,Online,EMP680,1,1,Express,3,GBP
ORD113476,05-05-2023,BR98,UK,Manchester,CUST5803,PROD489,TV,Samsung QLED 50,Sony,1,1006.24,0.28,0.18,854.9,Credit Card,In-Store,EMP316,0,1,Standard,4,AED
ORD113477,23-08-2023,BR79,UK,Manchester,CUST6413,PROD351,Laptop,Dell XPS 13,Lenovo,5,387.94,0.19,0.18,1853.97,UPI,In-Store,EMP720,3,0,Standard,2,EUR
ORD113478,23-02-2023,BR28,USA,Dallas,CUST9043,PROD725,Tablet,Samsung Galaxy Tab,Lenovo,1,1446.7,0.17,0.18,1416.9,Debit Card,Online,EMP295,3,0,Express,1,USD
ORD113479,19-11-2023,BR106,UK,Manchester,CUST1884,PROD240,Accessories,Bluetooth Headphones,Dell,1,120.43,0.21,0.18,112.26,UPI,Online,EMP314,1,1,Express,3,GBP
ORD113480,30-09-2023,BR88,Germany,Berlin,CUST4646,PROD617,Laptop,Dell XPS 13,Apple,5,980.84,0.08,0.18,5324,Debit Card,In-Store,EMP252,2,0,Standard,1,AED
ORD113481,08-01-2023,BR108,UAE,Abu Dhabi,CUST8201,PROD182,Accessories,Wireless Mouse,OnePlus,1,340.9,0.29,0.18,285.61,Debit Card,Online,EMP353,3,0,Standard,5,USD
ORD113482,03-01-2023,BR64,USA,Los Angeles,CUST5149,PROD706,Mobile,OnePlus 11,Apple,4,1774.67,0.24,0.18,6366.1,Credit Card,Online,EMP543,0,0,Same Day,3,GBP
ORD113483,04-09-2024,BR2,USA,Los Angeles,CUST5893,PROD738,Tablet,Samsung Galaxy Tab,HP,1,1972.55,0.25,0.18,1745.71,Debit Card,Online,EMP853,1,1,Express,6,GBP
ORD113484,07-12-2023,BR18,USA,Dallas,CUST2485,PROD553,Accessories,Keyboard,OnePlus,1,1869.79,0.13,0.18,1919.53,Cash,In-Store,EMP300,2,1,Same Day,7,USD
ORD113485,04-02-2024,BR26,India,Bangalore,CUST4860,PROD219,Tablet,iPad Air,Sony,5,594.78,0,0.18,3509.2,Cash,In-Store,EMP506,0,1,Same Day,6,GBP
ORD113486,25-04-2023,BR65,India,Mumbai,CUST3967,PROD957,Tablet,iPad Air,Samsung,1,1602.25,0.25,0.18,1417.99,Net Banking,Online,EMP899,3,1,Standard,1,INR
ORD113487,15-10-2024,BR13,UAE,Abu Dhabi,CUST6604,PROD653,Accessories,Bluetooth Headphones,Samsung,2,540.79,0.2,0.18,1021.01,Net Banking,In-Store,EMP961,3,0,Express,1,INR
ORD113488,05-05-2023,BR83,UK,Manchester,CUST2990,PROD211,Laptop,MacBook Air M2,Lenovo,1,1635.42,0.19,0.18,1563.13,Cash,Online,EMP323,1,0,Express,3,AED
ORD113489,28-02-2024,BR92,Germany,Munich,CUST9776,PROD358,Mobile,OnePlus 11,Samsung,1,1651.94,0.11,0.18,1734.87,Credit Card,In-Store,EMP816,0,1,Standard,8,USD
ORD113490,15-01-2023,BR73,USA,Chicago,CUST6929,PROD207,TV,LG OLED 48,Sony,1,1159.36,0.19,0.18,1108.12,UPI,Online,EMP957,2,0,Express,4,USD
ORD113491,02-12-2024,BR34,India,Pune,CUST9259,PROD883,Mobile,Samsung Galaxy S23,Lenovo,5,1090.99,0.28,0.18,4634.53,Cash,In-Store,EMP901,2,0,Express,8,GBP
ORD113492,05-08-2023,BR60,UAE,Abu Dhabi,CUST8660,PROD284,Mobile,Samsung Galaxy S23,Sony,1,288.29,0.16,0.18,285.75,Credit Card,Online,EMP718,1,0,Same Day,4,INR
ORD113493,07-02-2024,BR26,UAE,Dubai,CUST4914,PROD934,Accessories,Keyboard,Apple,3,1731.75,0.06,0.18,5762.57,Cash,In-Store,EMP723,1,0,Same Day,8,INR
ORD113494,01-02-2024,BR96,Germany,Berlin,CUST8630,PROD980,Laptop,MacBook Air M2,Dell,3,123.29,0.29,0.18,309.88,UPI,In-Store,EMP383,2,1,Express,3,AED
ORD113495,24-01-2024,BR55,Germany,Berlin,CUST5132,PROD494,TV,Samsung QLED 50,Sony,1,761.75,0.22,0.18,701.11,UPI,In-Store,EMP541,3,1,Standard,4,AED
ORD113496,17-07-2024,BR65,Germany,Berlin,CUST1364,PROD836,Tablet,Lenovo Tab P11,Samsung,3,1090.71,0.16,0.18,3243.34,Net Banking,Online,EMP411,0,1,Same Day,7,INR
ORD113497,14-11-2023,BR115,UK,Birmingham,CUST4296,PROD251,Accessories,Wireless Mouse,Lenovo,2,78.82,0.12,0.18,163.69,Net Banking,Online,EMP851,3,0,Same Day,3,EUR
ORD113498,26-09-2024,BR24,USA,New York,CUST4865,PROD969,TV,Sony Bravia 55,Samsung,1,955.45,0.04,0.18,1082.33,Credit Card,Online,EMP547,0,0,Express,9,AED
ORD113499,05-08-2023,BR9,Germany,Berlin,CUST7559,PROD809,Mobile,iPhone 14,Sony,1,362.06,0.01,0.18,422.96,UPI,Online,EMP725,1,0,Express,1,EUR
ORD113500,14-04-2024,BR51,UK,Manchester,CUST4630,PROD925,Laptop,MacBook Air M2,Dell,2,368.51,0.05,0.18,826.2,Net Banking,Online,EMP400,0,1,Standard,5,USD
ORD113501,02-12-2023,BR70,USA,Dallas,CUST6680,PROD883,Laptop,Dell XPS 13,Sony,1,738.68,0.14,0.18,749.61,Cash,Online,EMP685,3,1,Express,3,GBP
ORD113502,28-07-2023,BR39,UAE,Abu Dhabi,CUST2356,PROD921,Tablet,iPad Air,LG,3,452.13,0.27,0.18,1168.39,UPI,In-Store,EMP788,2,1,Same Day,1,INR
ORD113503,05-03-2023,BR76,USA,Dallas,CUST7957,PROD233,Mobile,Samsung Galaxy S23,Sony,3,975.13,0.05,0.18,3279.36,Net Banking,In-Store,EMP225,2,1,Express,9,INR
ORD113504,21-08-2024,BR29,UAE,Abu Dhabi,CUST7959,PROD254,Accessories,Bluetooth Headphones,Apple,4,1711.33,0.18,0.18,6623.53,Net Banking,In-Store,EMP809,2,0,Same Day,3,USD
ORD113505,28-06-2023,BR7,Germany,Hamburg,CUST8233,PROD271,Laptop,Dell XPS 13,LG,4,456.99,0.29,0.18,1531.46,Credit Card,Online,EMP332,1,0,Standard,2,EUR
ORD113506,18-08-2023,BR81,Germany,Hamburg,CUST6697,PROD965,Accessories,Bluetooth Headphones,Dell,2,1511.48,0.12,0.18,3139.04,Credit Card,Online,EMP416,3,1,Same Day,9,AED
ORD113507,16-06-2023,BR42,USA,Los Angeles,CUST8940,PROD684,Accessories,Keyboard,HP,4,120.51,0.2,0.18,455.05,Cash,In-Store,EMP808,1,0,Express,9,USD
ORD113508,24-12-2023,BR96,UK,London,CUST9882,PROD172,Mobile,iPhone 14,Sony,4,520.95,0.12,0.18,2163.82,Cash,Online,EMP836,3,0,Standard,10,INR
ORD113509,21-04-2023,BR98,USA,New York,CUST8169,PROD825,TV,LG OLED 48,Dell,4,560.51,0.19,0.18,2142.94,Net Banking,Online,EMP605,0,0,Same Day,9,AED
ORD113510,20-04-2023,BR44,UAE,Dubai,CUST6871,PROD351,Tablet,Lenovo Tab P11,Lenovo,4,1306.11,0.11,0.18,5486.71,UPI,In-Store,EMP712,0,1,Same Day,1,EUR
ORD113511,13-04-2024,BR44,India,Bangalore,CUST9397,PROD250,TV,LG OLED 48,Samsung,3,1533.52,0.12,0.18,4777.22,Net Banking,In-Store,EMP331,1,1,Same Day,9,GBP
ORD113512,07-12-2023,BR41,Germany,Hamburg,CUST2842,PROD149,Accessories,Bluetooth Headphones,Samsung,4,1751.45,0.07,0.18,7688.16,UPI,Online,EMP870,0,0,Same Day,3,AED
ORD113513,09-07-2023,BR90,USA,Los Angeles,CUST7573,PROD832,TV,Samsung QLED 50,LG,1,1448.6,0.19,0.18,1384.57,Cash,In-Store,EMP711,0,1,Standard,5,AED
ORD113514,21-12-2023,BR30,Germany,Berlin,CUST1213,PROD125,Mobile,iPhone 14,Apple,1,1828.93,0.03,0.18,2093.39,Debit Card,Online,EMP758,3,1,Same Day,3,INR
ORD113515,27-05-2024,BR75,USA,New York,CUST5812,PROD532,TV,Sony Bravia 55,LG,3,340.97,0.23,0.18,929.42,UPI,Online,EMP415,1,0,Same Day,5,AED
ORD113516,14-09-2023,BR43,USA,Chicago,CUST3482,PROD474,TV,LG OLED 48,Lenovo,4,1321.44,0.04,0.18,5987.71,Credit Card,In-Store,EMP456,3,1,Same Day,1,USD
ORD113517,09-05-2023,BR54,Germany,Munich,CUST4635,PROD386,Laptop,MacBook Air M2,OnePlus,5,1502.43,0.22,0.18,6914.18,Cash,Online,EMP872,1,0,Express,1,INR
ORD113518,18-04-2024,BR8,UAE,Abu Dhabi,CUST7384,PROD307,Tablet,Samsung Galaxy Tab,Dell,4,267.42,0.12,0.18,1110.76,Cash,Online,EMP862,1,1,Standard,8,USD
ORD113519,14-10-2024,BR77,Germany,Munich,CUST3564,PROD872,TV,Sony Bravia 55,Sony,1,1994.35,0.21,0.18,1859.13,Cash,Online,EMP879,0,1,Same Day,9,GBP
ORD113520,14-04-2024,BR113,USA,Los Angeles,CUST3425,PROD225,Laptop,Dell XPS 13,OnePlus,3,259.45,0.04,0.18,881.71,Credit Card,In-Store,EMP607,0,1,Same Day,6,GBP
ORD113521,02-06-2024,BR27,USA,Los Angeles,CUST8826,PROD742,Mobile,iPhone 14,Samsung,2,669.75,0,0.18,1580.61,Cash,Online,EMP544,3,0,Same Day,9,GBP
ORD113522,04-05-2023,BR50,Germany,Munich,CUST4933,PROD392,Tablet,iPad Air,Lenovo,2,1530.02,0.19,0.18,2924.79,Cash,In-Store,EMP341,1,1,Standard,5,AED
ORD113523,03-04-2024,BR90,UAE,Abu Dhabi,CUST2467,PROD567,TV,LG OLED 48,Sony,1,437.44,0.26,0.18,381.97,Net Banking,Online,EMP325,3,0,Standard,3,INR
ORD113524,26-03-2023,BR94,UK,Manchester,CUST1444,PROD757,Laptop,HP Spectre x360,Lenovo,1,1856.08,0.1,0.18,1971.16,UPI,In-Store,EMP374,1,1,Same Day,7,USD
ORD113525,23-04-2024,BR84,UAE,Dubai,CUST5435,PROD787,TV,LG OLED 48,HP,4,75.3,0.01,0.18,351.86,UPI,In-Store,EMP841,0,0,Standard,4,USD
ORD113526,06-10-2023,BR120,UK,Manchester,CUST7919,PROD614,Laptop,MacBook Air M2,LG,4,1355.88,0.21,0.18,5055.81,Credit Card,Online,EMP750,3,0,Same Day,3,INR
ORD113527,23-11-2024,BR6,UK,Birmingham,CUST1810,PROD933,Tablet,Samsung Galaxy Tab,Sony,2,126.1,0.08,0.18,273.79,Net Banking,In-Store,EMP497,3,0,Standard,1,GBP
ORD113528,04-11-2023,BR27,USA,Los Angeles,CUST1540,PROD477,TV,LG OLED 48,OnePlus,2,1379.25,0.2,0.18,2604.02,Credit Card,Online,EMP480,3,0,Standard,6,USD
ORD113529,06-12-2024,BR28,UAE,Dubai,CUST7933,PROD916,Laptop,Dell XPS 13,Sony,1,1351.92,0.05,0.18,1515.5,Cash,Online,EMP729,3,1,Express,8,USD
ORD113530,07-12-2023,BR114,India,Pune,CUST2901,PROD342,Mobile,iPhone 14,LG,3,700.8,0.04,0.18,2381.6,Debit Card,In-Store,EMP592,0,1,Same Day,10,AED
ORD113531,30-09-2023,BR11,USA,Chicago,CUST1095,PROD283,Tablet,Lenovo Tab P11,Sony,4,1765.84,0.23,0.18,6417.77,Debit Card,In-Store,EMP755,3,1,Standard,4,EUR
ORD113532,17-12-2023,BR114,UAE,Dubai,CUST5711,PROD847,TV,Samsung QLED 50,Sony,5,1719.05,0.25,0.18,7606.8,Credit Card,Online,EMP300,3,1,Standard,9,INR
ORD113533,21-10-2023,BR26,Germany,Munich,CUST2410,PROD794,Tablet,Samsung Galaxy Tab,Apple,1,57.42,0.2,0.18,54.2,Debit Card,In-Store,EMP691,0,1,Express,9,GBP
ORD113534,18-04-2024,BR72,USA,New York,CUST1947,PROD699,Accessories,Wireless Mouse,Sony,3,1824.88,0.12,0.18,5684.87,Debit Card,Online,EMP507,0,0,Standard,4,EUR
ORD113535,31-08-2024,BR12,UK,Manchester,CUST3060,PROD670,Laptop,Dell XPS 13,Dell,5,223.88,0.11,0.18,1175.59,Net Banking,In-Store,EMP621,0,1,Same Day,5,GBP
ORD113536,02-09-2024,BR105,UAE,Dubai,CUST3539,PROD697,Tablet,iPad Air,Sony,5,892.54,0.07,0.18,4897.37,Net Banking,In-Store,EMP257,3,1,Standard,10,GBP
ORD113537,10-06-2023,BR82,UAE,Dubai,CUST9610,PROD772,Accessories,Keyboard,OnePlus,5,51.74,0.27,0.18,222.84,Credit Card,In-Store,EMP817,3,1,Same Day,7,EUR
ORD113538,27-05-2023,BR18,India,Bangalore,CUST6884,PROD120,Tablet,Lenovo Tab P11,Samsung,1,696.53,0.26,0.18,608.21,Net Banking,In-Store,EMP969,0,0,Standard,6,INR
ORD113539,03-01-2024,BR108,UK,Birmingham,CUST1358,PROD720,Laptop,HP Spectre x360,Lenovo,1,392.42,0.26,0.18,342.66,Debit Card,In-Store,EMP523,2,0,Same Day,5,AED
ORD113540,14-07-2024,BR21,Germany,Berlin,CUST2993,PROD943,Mobile,iPhone 14,Samsung,5,491.18,0.09,0.18,2637.15,Credit Card,Online,EMP685,3,1,Express,3,EUR
ORD113541,23-02-2023,BR85,Germany,Berlin,CUST6074,PROD607,TV,LG OLED 48,Sony,4,295.23,0.25,0.18,1045.11,Credit Card,In-Store,EMP948,2,1,Standard,6,INR
ORD113542,12-10-2024,BR18,USA,Dallas,CUST2034,PROD501,Laptop,MacBook Air M2,Lenovo,3,1096.02,0.08,0.18,3569.52,Credit Card,Online,EMP438,3,0,Express,2,AED
ORD113543,09-12-2024,BR98,India,Delhi,CUST2732,PROD364,Accessories,Bluetooth Headphones,Lenovo,4,914.19,0.06,0.18,4056.08,UPI,In-Store,EMP431,1,1,Same Day,5,AED
ORD113544,06-04-2023,BR83,USA,New York,CUST4703,PROD225,TV,Samsung QLED 50,Dell,2,100.12,0.19,0.18,191.39,Credit Card,In-Store,EMP236,3,1,Standard,9,USD
ORD113545,03-12-2023,BR47,India,Mumbai,CUST7318,PROD109,Tablet,Samsung Galaxy Tab,Sony,5,257.91,0.23,0.18,1171.69,Cash,In-Store,EMP203,3,1,Express,6,USD
ORD113546,11-05-2024,BR31,Germany,Hamburg,CUST7477,PROD400,Laptop,Dell XPS 13,LG,5,1732.66,0.28,0.18,7360.34,Credit Card,Online,EMP832,3,1,Same Day,8,GBP
ORD113547,16-11-2024,BR37,USA,Los Angeles,CUST8125,PROD564,Accessories,Wireless Mouse,Apple,2,1038.72,0.13,0.18,2132.7,Net Banking,In-Store,EMP258,0,1,Express,1,INR
ORD113548,19-02-2023,BR26,Germany,Berlin,CUST6525,PROD588,Mobile,Samsung Galaxy S23,Sony,3,202.02,0.28,0.18,514.91,Cash,Online,EMP648,2,1,Standard,3,USD
ORD113549,29-03-2024,BR86,UAE,Abu Dhabi,CUST3995,PROD889,TV,LG OLED 48,Lenovo,2,1434.24,0.07,0.18,3147.87,UPI,Online,EMP730,2,1,Express,6,INR
ORD113550,30-10-2024,BR96,UK,London,CUST9080,PROD224,Laptop,Dell XPS 13,HP,5,879.13,0.14,0.18,4460.71,Cash,Online,EMP631,2,0,Same Day,3,USD
ORD113551,18-10-2023,BR116,UAE,Abu Dhabi,CUST7811,PROD535,TV,LG OLED 48,Lenovo,5,1291.12,0.27,0.18,5560.85,UPI,In-Store,EMP720,2,1,Same Day,3,AED
ORD113552,21-03-2024,BR119,Germany,Hamburg,CUST5237,PROD596,Tablet,iPad Air,Apple,1,1915.17,0.18,0.18,1853.12,UPI,In-Store,EMP824,1,0,Standard,10,AED
ORD113553,16-05-2024,BR24,India,Pune,CUST4343,PROD977,Laptop,HP Spectre x360,Sony,5,615.49,0.02,0.18,3558.76,Cash,Online,EMP249,1,1,Same Day,3,GBP
ORD113554,30-10-2023,BR101,UAE,Dubai,CUST9933,PROD998,TV,LG OLED 48,Sony,3,1210.58,0.22,0.18,3342.65,Credit Card,Online,EMP222,0,1,Express,6,INR
ORD113555,30-06-2024,BR32,India,Mumbai,CUST3947,PROD691,TV,LG OLED 48,LG,2,162.59,0.24,0.18,291.62,Credit Card,Online,EMP303,0,1,Express,2,AED
ORD113556,08-06-2023,BR96,Germany,Hamburg,CUST9675,PROD535,Mobile,Samsung Galaxy S23,Apple,1,1940.49,0.14,0.18,1969.21,Credit Card,Online,EMP914,0,0,Express,9,EUR
ORD113557,08-01-2023,BR4,Germany,Hamburg,CUST9298,PROD310,TV,Samsung QLED 50,Samsung,5,338.02,0.13,0.18,1735.06,Cash,In-Store,EMP721,1,1,Same Day,7,AED
ORD113558,15-08-2023,BR30,USA,Los Angeles,CUST4486,PROD769,Mobile,Samsung Galaxy S23,Lenovo,1,1197.91,0.08,0.18,1300.45,Net Banking,Online,EMP966,3,1,Standard,7,USD
ORD113559,05-03-2024,BR2,USA,New York,CUST8367,PROD593,Mobile,OnePlus 11,Samsung,5,490.04,0.2,0.18,2312.99,Cash,Online,EMP860,2,1,Standard,3,EUR
ORD113560,25-01-2023,BR29,India,Pune,CUST3910,PROD962,Tablet,iPad Air,Dell,4,1430.99,0.09,0.18,6146.39,Cash,Online,EMP766,2,0,Express,4,INR
ORD113561,30-04-2024,BR86,India,Mumbai,CUST6693,PROD369,Laptop,Dell XPS 13,OnePlus,3,422.99,0.3,0.18,1048.17,Net Banking,In-Store,EMP541,0,0,Express,6,EUR
ORD113562,31-10-2023,BR116,Germany,Munich,CUST7929,PROD422,Laptop,Dell XPS 13,HP,3,667.93,0.13,0.18,2057.09,Net Banking,Online,EMP442,0,1,Standard,3,USD
ORD113563,20-11-2024,BR1,Germany,Hamburg,CUST4755,PROD404,Accessories,Bluetooth Headphones,Sony,4,1530.49,0.14,0.18,6212.57,Cash,Online,EMP682,2,0,Same Day,3,AED
ORD113564,26-04-2023,BR116,India,Mumbai,CUST5869,PROD465,Mobile,Samsung Galaxy S23,LG,5,378.89,0.25,0.18,1676.59,Net Banking,In-Store,EMP212,1,1,Same Day,10,USD
ORD113565,10-12-2023,BR120,Germany,Munich,CUST2613,PROD414,TV,LG OLED 48,Samsung,4,1334.23,0.01,0.18,6234.59,Credit Card,Online,EMP215,1,0,Express,10,EUR
ORD113566,15-01-2023,BR35,Germany,Berlin,CUST5917,PROD711,Accessories,Wireless Mouse,HP,3,1413.31,0.22,0.18,3902.43,UPI,In-Store,EMP561,3,0,Standard,4,INR
ORD113567,15-08-2023,BR44,Germany,Munich,CUST3559,PROD798,Tablet,iPad Air,Lenovo,5,1974.31,0.25,0.18,8736.32,Debit Card,Online,EMP447,2,0,Express,1,EUR
ORD113568,14-04-2024,BR109,UK,Birmingham,CUST8624,PROD112,TV,Samsung QLED 50,HP,5,519.81,0.07,0.18,2852.2,Credit Card,Online,EMP635,1,1,Same Day,1,AED
ORD113569,26-09-2023,BR84,UAE,Abu Dhabi,CUST5074,PROD965,TV,LG OLED 48,LG,2,949.89,0.05,0.18,2129.65,Credit Card,Online,EMP403,2,1,Same Day,3,AED
ORD113570,21-02-2024,BR85,UAE,Dubai,CUST5987,PROD438,Laptop,Dell XPS 13,Apple,2,618.46,0.03,0.18,1415.78,Cash,Online,EMP932,0,0,Express,7,EUR
ORD113571,29-09-2024,BR81,UK,Manchester,CUST3764,PROD169,Mobile,iPhone 14,OnePlus,4,206.41,0.03,0.18,945.03,Credit Card,Online,EMP383,0,0,Standard,3,AED
ORD113572,15-07-2023,BR21,UK,Manchester,CUST1039,PROD623,Mobile,OnePlus 11,Lenovo,2,1362.52,0.13,0.18,2797.53,Credit Card,Online,EMP969,2,0,Same Day,7,GBP
ORD113573,27-07-2023,BR100,Germany,Hamburg,CUST3151,PROD399,TV,LG OLED 48,Lenovo,2,1860,0.29,0.18,3116.62,Debit Card,In-Store,EMP390,0,1,Standard,3,USD
ORD113574,03-11-2023,BR58,UAE,Abu Dhabi,CUST4006,PROD200,Accessories,Bluetooth Headphones,LG,4,1832.63,0.02,0.18,8477.01,Debit Card,In-Store,EMP779,1,1,Express,8,GBP
ORD113575,26-02-2024,BR78,UK,London,CUST9458,PROD335,Tablet,iPad Air,Lenovo,3,685.59,0.18,0.18,1990.13,Debit Card,In-Store,EMP214,0,0,Express,9,AED
ORD113576,12-02-2023,BR48,USA,Dallas,CUST1410,PROD375,Mobile,Samsung Galaxy S23,HP,1,787.07,0.02,0.18,910.17,Cash,Online,EMP322,2,0,Standard,7,INR
ORD113577,31-12-2023,BR53,India,Pune,CUST3946,PROD628,Laptop,Dell XPS 13,Sony,3,610.04,0.06,0.18,2029.97,Credit Card,Online,EMP524,2,0,Standard,3,GBP
ORD113578,22-12-2024,BR10,India,Mumbai,CUST7797,PROD155,Laptop,HP Spectre x360,Sony,2,1293.91,0.12,0.18,2687.19,Credit Card,Online,EMP446,0,1,Standard,9,AED
ORD113579,27-07-2024,BR69,India,Bangalore,CUST9075,PROD168,TV,LG OLED 48,HP,3,839.48,0.19,0.18,2407.12,Credit Card,Online,EMP313,1,0,Express,5,GBP
ORD113580,05-09-2023,BR81,UAE,Abu Dhabi,CUST2982,PROD498,Mobile,iPhone 14,HP,3,1198.69,0.11,0.18,3776.59,Net Banking,In-Store,EMP316,2,1,Express,8,INR
ORD113581,08-04-2023,BR54,UAE,Dubai,CUST7933,PROD263,Mobile,iPhone 14,Apple,2,1257.85,0.24,0.18,2256.08,UPI,In-Store,EMP495,0,1,Standard,2,EUR
ORD113582,01-08-2024,BR42,Germany,Berlin,CUST4918,PROD467,TV,Sony Bravia 55,OnePlus,1,1910.24,0.03,0.18,2186.46,Net Banking,In-Store,EMP923,2,0,Express,1,GBP
ORD113583,26-11-2023,BR77,UAE,Dubai,CUST8733,PROD703,TV,LG OLED 48,Apple,3,145.06,0.15,0.18,436.49,Net Banking,In-Store,EMP400,0,1,Same Day,8,EUR
ORD113584,15-03-2024,BR66,India,Delhi,CUST9896,PROD429,Tablet,iPad Air,LG,5,1712.87,0.02,0.18,9903.81,Cash,In-Store,EMP590,0,1,Standard,9,GBP
ORD113585,22-07-2024,BR94,USA,New York,CUST5429,PROD405,Laptop,HP Spectre x360,Sony,5,1363.42,0.1,0.18,7239.76,Credit Card,Online,EMP734,0,1,Same Day,5,EUR
ORD113586,02-08-2023,BR46,Germany,Berlin,CUST7209,PROD981,Accessories,Wireless Mouse,Samsung,3,1278.93,0.08,0.18,4165.22,Cash,In-Store,EMP261,1,1,Standard,8,GBP
ORD113587,07-08-2023,BR46,USA,New York,CUST3909,PROD486,TV,LG OLED 48,Samsung,5,1356.65,0.09,0.18,7283.85,Net Banking,Online,EMP981,1,0,Same Day,7,INR
ORD113588,19-12-2023,BR76,UK,Manchester,CUST7846,PROD111,Accessories,Wireless Mouse,Dell,4,222.32,0.22,0.18,818.49,UPI,Online,EMP929,0,1,Express,6,GBP
ORD113589,23-11-2024,BR110,USA,Los Angeles,CUST8141,PROD706,TV,LG OLED 48,Sony,5,349.85,0.23,0.18,1589.37,Credit Card,In-Store,EMP587,3,1,Express,2,EUR
ORD113590,09-03-2023,BR47,UK,London,CUST3891,PROD593,TV,Sony Bravia 55,LG,1,1561.01,0.1,0.18,1657.79,UPI,Online,EMP591,3,0,Standard,5,USD
ORD113591,06-05-2023,BR45,USA,Los Angeles,CUST8187,PROD438,Tablet,Samsung Galaxy Tab,HP,2,1351.44,0.14,0.18,2742.88,Credit Card,In-Store,EMP235,2,1,Express,3,INR
ORD113592,15-09-2024,BR36,Germany,Berlin,CUST1321,PROD506,Mobile,iPhone 14,Apple,1,1776.36,0.25,0.18,1572.08,Debit Card,Online,EMP542,3,1,Express,3,GBP
ORD113593,10-05-2023,BR18,India,Delhi,CUST4258,PROD536,Mobile,Samsung Galaxy S23,Dell,4,1663.15,0.07,0.18,7300.56,Net Banking,In-Store,EMP960,3,0,Express,5,INR
ORD113594,18-12-2023,BR101,UK,Manchester,CUST6101,PROD621,Mobile,OnePlus 11,Apple,1,1154.76,0.01,0.18,1348.99,Cash,Online,EMP914,1,0,Express,1,INR
ORD113595,22-11-2024,BR81,Germany,Hamburg,CUST6490,PROD112,Accessories,Wireless Mouse,HP,3,672.46,0.17,0.18,1975.82,Cash,Online,EMP905,0,1,Same Day,2,EUR
ORD113596,18-05-2024,BR15,Germany,Hamburg,CUST4922,PROD597,TV,LG OLED 48,HP,1,743.73,0.19,0.18,710.86,Debit Card,In-Store,EMP937,3,0,Same Day,9,AED
ORD113597,23-04-2024,BR50,India,Pune,CUST4420,PROD815,Tablet,Samsung Galaxy Tab,HP,1,1522.22,0.13,0.18,1562.71,Debit Card,Online,EMP771,2,1,Standard,6,USD
ORD113598,22-04-2024,BR76,UAE,Abu Dhabi,CUST3527,PROD537,TV,Sony Bravia 55,Dell,3,911.72,0.22,0.18,2517.44,Credit Card,Online,EMP359,0,1,Standard,4,GBP
ORD113599,22-11-2024,BR39,UAE,Abu Dhabi,CUST6825,PROD662,Mobile,iPhone 14,Sony,5,944.65,0.08,0.18,5127.56,Net Banking,In-Store,EMP403,1,1,Same Day,8,AED
ORD113600,21-05-2024,BR103,UK,London,CUST2693,PROD401,Accessories,Wireless Mouse,Sony,2,427.51,0.21,0.18,797.05,UPI,In-Store,EMP450,1,1,Express,7,AED
ORD113601,27-10-2023,BR111,UAE,Dubai,CUST8149,PROD984,Accessories,Wireless Mouse,Dell,2,1244.55,0.21,0.18,2320.34,Debit Card,Online,EMP299,0,1,Same Day,5,EUR
ORD113602,14-05-2024,BR34,India,Mumbai,CUST2110,PROD876,Tablet,Lenovo Tab P11,Samsung,1,368.98,0.28,0.18,313.49,UPI,In-Store,EMP380,1,1,Same Day,2,USD
ORD113603,09-06-2023,BR117,Germany,Hamburg,CUST2946,PROD242,Mobile,Samsung Galaxy S23,LG,5,1281.32,0.1,0.18,6803.81,Net Banking,Online,EMP931,1,1,Standard,4,USD
ORD113604,16-05-2024,BR106,Germany,Hamburg,CUST2610,PROD782,Tablet,Samsung Galaxy Tab,Samsung,4,1404.72,0.1,0.18,5967.25,UPI,In-Store,EMP614,2,0,Same Day,5,GBP
ORD113605,08-07-2024,BR116,USA,Los Angeles,CUST7309,PROD745,Tablet,Samsung Galaxy Tab,HP,5,1406.65,0.1,0.18,7469.31,Cash,Online,EMP236,0,0,Same Day,7,AED
ORD113606,24-12-2023,BR118,Germany,Berlin,CUST9379,PROD699,Laptop,HP Spectre x360,OnePlus,2,834.72,0.08,0.18,1812.34,UPI,In-Store,EMP853,0,1,Express,9,AED
ORD113607,26-11-2024,BR4,UK,London,CUST9098,PROD700,TV,LG OLED 48,Apple,3,1207.27,0.17,0.18,3547.2,Net Banking,Online,EMP860,3,0,Standard,3,USD
ORD113608,06-12-2023,BR51,India,Pune,CUST5373,PROD278,TV,Sony Bravia 55,Samsung,4,1465.26,0.2,0.18,5532.82,Credit Card,In-Store,EMP992,2,0,Express,6,USD
ORD113609,25-10-2024,BR53,USA,Dallas,CUST7384,PROD817,Laptop,Dell XPS 13,Apple,4,1409.43,0.16,0.18,5588.11,Credit Card,Online,EMP460,1,0,Same Day,8,INR
ORD113610,29-03-2023,BR99,UAE,Abu Dhabi,CUST7726,PROD172,Accessories,Bluetooth Headphones,HP,1,763.71,0.14,0.18,775.01,Debit Card,In-Store,EMP835,0,0,Express,9,GBP
ORD113611,29-01-2023,BR31,Germany,Munich,CUST4583,PROD135,Accessories,Keyboard,OnePlus,4,1303.05,0.07,0.18,5719.87,Credit Card,Online,EMP491,1,1,Express,4,AED
ORD113612,03-06-2023,BR99,UK,London,CUST5732,PROD642,Accessories,Bluetooth Headphones,Dell,3,1666.12,0.15,0.18,5013.36,Credit Card,Online,EMP542,3,1,Standard,9,AED
ORD113613,28-07-2023,BR32,UAE,Abu Dhabi,CUST8850,PROD190,TV,LG OLED 48,Dell,4,248.22,0.14,0.18,1007.57,Debit Card,Online,EMP601,1,0,Same Day,3,USD
ORD113614,11-03-2023,BR19,UAE,Abu Dhabi,CUST2123,PROD807,TV,LG OLED 48,LG,3,709.75,0.01,0.18,2487.39,UPI,In-Store,EMP975,1,0,Same Day,8,EUR
ORD113615,28-11-2024,BR38,Germany,Hamburg,CUST8046,PROD189,Mobile,OnePlus 11,Lenovo,4,1945.41,0.19,0.18,7437.69,Debit Card,Online,EMP624,0,1,Same Day,6,GBP
ORD113616,09-05-2023,BR34,UK,Manchester,CUST6507,PROD622,Tablet,Lenovo Tab P11,Apple,2,1406.22,0.15,0.18,2820.88,Credit Card,Online,EMP478,1,1,Same Day,3,INR
ORD113617,14-10-2023,BR93,UK,Manchester,CUST2398,PROD119,Accessories,Keyboard,Sony,2,119.16,0.02,0.18,275.59,UPI,In-Store,EMP973,0,0,Same Day,5,USD
ORD113618,13-12-2023,BR119,UAE,Dubai,CUST3844,PROD659,Tablet,Lenovo Tab P11,LG,5,862.14,0.01,0.18,5035.76,Credit Card,Online,EMP355,3,1,Express,10,INR
ORD113619,16-04-2023,BR32,Germany,Berlin,CUST2270,PROD438,Mobile,Samsung Galaxy S23,LG,3,1252.98,0.15,0.18,3770.22,Debit Card,In-Store,EMP992,0,1,Express,5,EUR
ORD113620,29-10-2024,BR91,USA,Chicago,CUST7413,PROD934,Accessories,Wireless Mouse,HP,2,1921.75,0.18,0.18,3718.97,Cash,Online,EMP824,0,0,Express,6,GBP
ORD113621,27-11-2023,BR75,Germany,Hamburg,CUST7375,PROD263,TV,Samsung QLED 50,Apple,3,222.91,0.14,0.18,678.63,Net Banking,In-Store,EMP423,1,0,Same Day,4,INR
ORD113622,30-08-2024,BR99,UK,Birmingham,CUST4071,PROD376,Tablet,Lenovo Tab P11,HP,1,1696.4,0.03,0.18,1941.7,Credit Card,Online,EMP876,3,1,Standard,6,INR
ORD113623,08-03-2023,BR118,Germany,Hamburg,CUST7048,PROD460,Mobile,OnePlus 11,Samsung,5,422.97,0.28,0.18,1796.78,Cash,Online,EMP679,0,1,Express,5,GBP
ORD113624,19-12-2023,BR32,UK,Manchester,CUST1166,PROD348,Laptop,HP Spectre x360,Dell,1,239.9,0.11,0.18,251.94,Cash,In-Store,EMP413,2,1,Standard,10,INR
ORD113625,20-01-2024,BR103,India,Mumbai,CUST6189,PROD456,Accessories,Bluetooth Headphones,Sony,2,1509.99,0.23,0.18,2743.95,Net Banking,In-Store,EMP979,0,1,Standard,5,USD
ORD113626,18-07-2024,BR101,USA,New York,CUST5909,PROD191,Accessories,Keyboard,HP,5,1617.02,0.12,0.18,8395.57,Net Banking,In-Store,EMP967,0,1,Standard,9,INR
ORD113627,29-08-2024,BR86,India,Delhi,CUST6882,PROD320,TV,LG OLED 48,Samsung,2,418.34,0.07,0.18,918.17,UPI,In-Store,EMP923,3,1,Express,3,GBP
ORD113628,30-08-2023,BR50,UAE,Abu Dhabi,CUST6401,PROD878,Mobile,OnePlus 11,Lenovo,3,536.25,0.04,0.18,1822.39,UPI,In-Store,EMP664,3,0,Standard,2,AED
ORD113629,10-05-2023,BR50,UAE,Dubai,CUST7751,PROD321,Laptop,Dell XPS 13,Dell,4,564.73,0.01,0.18,2638.87,Debit Card,In-Store,EMP688,1,0,Standard,9,AED
ORD113630,15-12-2024,BR22,UK,Manchester,CUST6510,PROD223,TV,Sony Bravia 55,Dell,4,580,0.09,0.18,2491.22,UPI,In-Store,EMP938,1,0,Standard,2,AED
ORD113631,20-01-2023,BR59,UK,Manchester,CUST4525,PROD622,Accessories,Keyboard,OnePlus,1,1103.73,0.07,0.18,1211.23,Credit Card,In-Store,EMP950,3,0,Standard,8,AED
ORD113632,04-04-2024,BR88,Germany,Hamburg,CUST1057,PROD462,Tablet,Lenovo Tab P11,Lenovo,1,1230.43,0.07,0.18,1350.27,UPI,Online,EMP559,1,0,Standard,2,EUR
ORD113633,01-03-2024,BR75,USA,Los Angeles,CUST5731,PROD182,Mobile,OnePlus 11,Lenovo,1,460.83,0.13,0.18,473.09,Net Banking,Online,EMP498,3,0,Express,6,EUR
ORD113634,27-04-2023,BR70,Germany,Berlin,CUST6388,PROD510,Accessories,Keyboard,Apple,1,546.65,0.22,0.18,503.14,UPI,In-Store,EMP676,0,0,Standard,7,EUR
ORD113635,23-02-2024,BR31,UAE,Dubai,CUST2920,PROD998,Laptop,MacBook Air M2,OnePlus,1,349.47,0.29,0.18,292.79,Debit Card,In-Store,EMP826,2,0,Same Day,5,USD
ORD113636,15-12-2024,BR78,UAE,Abu Dhabi,CUST4069,PROD538,Mobile,OnePlus 11,OnePlus,5,753.89,0.25,0.18,3335.96,Credit Card,Online,EMP777,3,1,Standard,3,EUR
ORD113637,05-08-2024,BR45,India,Pune,CUST8079,PROD511,TV,Sony Bravia 55,Dell,3,1821.83,0.05,0.18,6126.81,Cash,Online,EMP498,0,0,Standard,3,GBP
ORD113638,21-05-2023,BR39,USA,Los Angeles,CUST4961,PROD969,Tablet,iPad Air,Lenovo,1,1973.9,0.06,0.18,2189.45,Cash,In-Store,EMP859,3,0,Standard,1,USD
ORD113639,01-08-2023,BR23,Germany,Hamburg,CUST2638,PROD948,Tablet,Samsung Galaxy Tab,LG,5,1061,0.07,0.18,5821.71,Debit Card,Online,EMP770,0,0,Standard,7,EUR
ORD113640,03-12-2024,BR97,India,Mumbai,CUST9675,PROD922,TV,LG OLED 48,LG,5,446.9,0.28,0.18,1898.43,UPI,Online,EMP965,1,1,Same Day,10,EUR
ORD113641,02-06-2024,BR76,UK,London,CUST7421,PROD709,Accessories,Keyboard,Samsung,2,296.19,0.06,0.18,657.07,UPI,Online,EMP654,0,1,Same Day,8,EUR
ORD113642,23-10-2024,BR49,USA,Chicago,CUST1704,PROD954,Laptop,Dell XPS 13,Apple,4,1832.11,0.02,0.18,8474.61,Debit Card,Online,EMP572,1,0,Same Day,1,GBP
ORD113643,03-02-2023,BR17,USA,Chicago,CUST7638,PROD584,Tablet,Lenovo Tab P11,LG,3,1228.13,0.02,0.18,4260.63,Debit Card,In-Store,EMP352,2,0,Same Day,3,GBP
ORD113644,08-02-2023,BR42,USA,Dallas,CUST7036,PROD169,Accessories,Wireless Mouse,HP,3,1408.02,0,0.18,4984.39,Cash,In-Store,EMP222,0,1,Standard,1,USD
ORD113645,16-04-2023,BR79,UK,Manchester,CUST2106,PROD820,Laptop,Dell XPS 13,LG,2,1859.04,0.18,0.18,3597.61,Net Banking,In-Store,EMP484,2,1,Express,4,INR
ORD113646,14-02-2023,BR74,India,Delhi,CUST1162,PROD674,TV,LG OLED 48,Lenovo,5,173.07,0.29,0.18,724.99,Debit Card,In-Store,EMP433,2,0,Express,8,EUR
ORD113647,20-04-2023,BR96,UK,Birmingham,CUST7161,PROD495,Mobile,iPhone 14,HP,5,796.85,0.06,0.18,4419.33,Cash,Online,EMP833,3,1,Express,1,AED
ORD113648,21-04-2024,BR92,Germany,Hamburg,CUST6506,PROD174,Laptop,Dell XPS 13,HP,4,1400.2,0.29,0.18,4692.35,Debit Card,Online,EMP263,2,1,Standard,1,EUR
ORD113649,12-05-2023,BR82,UK,Manchester,CUST2844,PROD829,TV,LG OLED 48,Lenovo,3,221.49,0.26,0.18,580.22,Debit Card,Online,EMP921,0,1,Standard,8,AED
ORD113650,10-04-2024,BR101,UAE,Abu Dhabi,CUST5423,PROD146,Tablet,Samsung Galaxy Tab,Apple,1,1670.45,0.08,0.18,1813.44,UPI,Online,EMP665,3,1,Express,8,AED
ORD113651,05-07-2024,BR43,UK,London,CUST4936,PROD465,Tablet,Samsung Galaxy Tab,Samsung,1,1759.69,0.19,0.18,1681.91,Debit Card,In-Store,EMP729,2,0,Same Day,2,INR
ORD113652,11-06-2024,BR40,UAE,Dubai,CUST7565,PROD116,Mobile,iPhone 14,OnePlus,3,930.36,0.2,0.18,2634.78,Debit Card,Online,EMP599,1,0,Standard,6,AED
ORD113653,23-02-2024,BR101,India,Delhi,CUST8008,PROD632,Laptop,MacBook Air M2,Apple,4,1550.99,0.12,0.18,6442.19,Credit Card,Online,EMP901,0,1,Standard,6,USD
ORD113654,31-08-2024,BR104,UK,London,CUST2872,PROD775,TV,LG OLED 48,HP,3,1841.06,0.26,0.18,4822.84,Net Banking,In-Store,EMP636,2,1,Standard,1,INR
ORD113655,02-12-2024,BR31,India,Bangalore,CUST2504,PROD157,Mobile,Samsung Galaxy S23,Sony,5,289.44,0.27,0.18,1246.62,Credit Card,In-Store,EMP847,3,1,Standard,10,USD
ORD113656,24-11-2023,BR19,USA,Los Angeles,CUST7593,PROD988,Laptop,MacBook Air M2,LG,1,401.01,0.29,0.18,335.97,Credit Card,Online,EMP659,2,0,Same Day,3,INR
ORD113657,19-05-2024,BR26,USA,Chicago,CUST6537,PROD422,Tablet,Lenovo Tab P11,Lenovo,2,1681.27,0.03,0.18,3848.76,Debit Card,In-Store,EMP882,2,0,Standard,6,GBP
ORD113658,15-04-2023,BR15,USA,Los Angeles,CUST9076,PROD388,Accessories,Wireless Mouse,Lenovo,4,1074.04,0.23,0.18,3903.49,UPI,In-Store,EMP218,3,1,Express,2,USD
ORD113659,19-03-2023,BR11,UK,Birmingham,CUST6622,PROD818,Accessories,Wireless Mouse,OnePlus,4,1561.31,0.22,0.18,5748.12,UPI,In-Store,EMP757,0,1,Same Day,9,USD
ORD113660,03-08-2023,BR97,Germany,Hamburg,CUST7532,PROD565,Accessories,Wireless Mouse,Lenovo,5,1422.86,0.26,0.18,6212.21,Debit Card,In-Store,EMP423,1,0,Standard,3,GBP
ORD113661,02-02-2023,BR115,India,Bangalore,CUST3951,PROD605,Mobile,iPhone 14,Apple,2,1193.7,0.12,0.18,2479.08,Debit Card,Online,EMP434,3,0,Standard,5,GBP
ORD113662,04-01-2024,BR68,UK,Manchester,CUST7753,PROD529,Mobile,iPhone 14,HP,5,1943.82,0.17,0.18,9518.89,Credit Card,Online,EMP646,1,0,Express,6,USD
ORD113663,21-03-2023,BR116,UK,Birmingham,CUST2164,PROD571,Laptop,Dell XPS 13,Sony,3,234.06,0.21,0.18,654.57,UPI,Online,EMP526,3,1,Express,4,USD
ORD113664,29-09-2023,BR80,UK,Manchester,CUST2786,PROD865,Laptop,MacBook Air M2,Samsung,1,1990.26,0.29,0.18,1667.44,Debit Card,Online,EMP588,1,1,Standard,7,INR
ORD113665,29-07-2023,BR76,Germany,Berlin,CUST6924,PROD119,Mobile,Samsung Galaxy S23,HP,1,1442.79,0.16,0.18,1430.09,Net Banking,Online,EMP536,0,1,Same Day,9,USD
ORD113666,24-10-2024,BR39,India,Mumbai,CUST6849,PROD116,TV,Sony Bravia 55,Apple,1,353.65,0.01,0.18,413.13,Net Banking,Online,EMP502,1,0,Express,8,INR
ORD113667,25-11-2024,BR10,Germany,Munich,CUST2030,PROD236,Accessories,Keyboard,Lenovo,1,754.23,0.02,0.18,872.19,Net Banking,In-Store,EMP600,1,1,Same Day,4,EUR
ORD113668,04-08-2024,BR80,USA,Los Angeles,CUST5281,PROD809,Tablet,Lenovo Tab P11,LG,5,763.77,0.2,0.18,3604.99,Debit Card,Online,EMP959,0,1,Standard,2,INR
ORD113669,09-11-2023,BR26,UK,Birmingham,CUST9202,PROD306,TV,Samsung QLED 50,HP,5,304.09,0.02,0.18,1758.25,Debit Card,Online,EMP899,0,0,Standard,10,AED
ORD113670,31-10-2024,BR99,India,Mumbai,CUST5491,PROD283,TV,Samsung QLED 50,HP,4,755.09,0.25,0.18,2673.02,UPI,Online,EMP759,3,0,Express,4,EUR
ORD113671,07-11-2024,BR3,India,Bangalore,CUST5379,PROD503,Tablet,Samsung Galaxy Tab,OnePlus,3,1588.6,0.3,0.18,3936.55,Net Banking,In-Store,EMP892,0,0,Express,8,INR
ORD113672,13-07-2023,BR12,India,Mumbai,CUST9720,PROD859,Accessories,Wireless Mouse,Dell,3,1778.2,0.27,0.18,4595.22,Net Banking,In-Store,EMP565,1,1,Same Day,7,AED
ORD113673,14-02-2023,BR29,UAE,Dubai,CUST2218,PROD106,Accessories,Keyboard,HP,4,146.62,0.01,0.18,685.13,UPI,Online,EMP325,1,0,Standard,1,GBP
ORD113674,22-03-2024,BR23,Germany,Hamburg,CUST7552,PROD168,Mobile,OnePlus 11,LG,3,1472.2,0.21,0.18,4117.15,Credit Card,In-Store,EMP700,3,0,Express,5,EUR
ORD113675,06-11-2023,BR112,UAE,Dubai,CUST2585,PROD628,Mobile,OnePlus 11,Apple,5,1217,0.25,0.18,5385.23,Cash,Online,EMP272,3,0,Same Day,5,INR
ORD113676,13-01-2023,BR6,UK,Manchester,CUST3339,PROD938,Laptop,HP Spectre x360,Apple,1,206.64,0.16,0.18,204.82,Cash,In-Store,EMP691,2,1,Standard,5,INR
ORD113677,06-06-2023,BR90,UK,Manchester,CUST3770,PROD254,Laptop,MacBook Air M2,Apple,2,703.38,0.08,0.18,1527.18,Debit Card,In-Store,EMP530,3,0,Express,7,EUR
ORD113678,05-04-2024,BR114,India,Pune,CUST1344,PROD966,TV,Sony Bravia 55,HP,5,600.35,0.21,0.18,2798.23,Net Banking,In-Store,EMP451,2,1,Same Day,3,AED
ORD113679,30-10-2023,BR14,USA,Dallas,CUST1542,PROD936,Accessories,Bluetooth Headphones,OnePlus,3,798.82,0.3,0.18,1979.48,Net Banking,In-Store,EMP873,2,0,Express,8,GBP
ORD113680,05-11-2024,BR10,UK,Birmingham,CUST8719,PROD296,Mobile,iPhone 14,Samsung,1,1338.11,0.01,0.18,1563.18,Debit Card,In-Store,EMP482,1,0,Same Day,6,EUR
ORD113681,10-07-2024,BR11,Germany,Hamburg,CUST2223,PROD164,Laptop,Dell XPS 13,Dell,5,384.82,0.26,0.18,1680.12,Net Banking,In-Store,EMP278,0,0,Express,9,EUR
ORD113682,22-12-2024,BR108,USA,Dallas,CUST9681,PROD458,Tablet,iPad Air,LG,3,228.55,0.23,0.18,622.98,UPI,In-Store,EMP366,3,1,Same Day,4,USD
ORD113683,09-01-2023,BR76,Germany,Munich,CUST7585,PROD646,Tablet,Samsung Galaxy Tab,HP,4,807.3,0.24,0.18,2895.95,Cash,In-Store,EMP561,2,1,Express,1,INR
ORD113684,14-03-2023,BR51,UK,Manchester,CUST3157,PROD555,Laptop,HP Spectre x360,Apple,4,755.56,0.06,0.18,3352.27,Net Banking,In-Store,EMP324,0,1,Express,1,INR
ORD113685,21-12-2024,BR110,India,Pune,CUST2964,PROD147,Mobile,iPhone 14,HP,5,1098.99,0.18,0.18,5316.91,Net Banking,In-Store,EMP770,2,0,Same Day,4,EUR
ORD113686,10-01-2023,BR73,USA,Chicago,CUST3296,PROD864,TV,Samsung QLED 50,LG,1,1813.93,0.04,0.18,2054.82,UPI,In-Store,EMP946,0,0,Standard,1,AED
ORD113687,03-04-2023,BR47,India,Bangalore,CUST4861,PROD813,Accessories,Wireless Mouse,Apple,5,1098.09,0.29,0.18,4599.9,Debit Card,In-Store,EMP413,3,0,Express,3,AED
ORD113688,17-06-2024,BR31,Germany,Hamburg,CUST9400,PROD663,Laptop,MacBook Air M2,Lenovo,5,1736.65,0.08,0.18,9426.54,Debit Card,In-Store,EMP392,3,1,Same Day,2,INR
ORD113689,17-09-2024,BR61,USA,New York,CUST1882,PROD367,Tablet,iPad Air,Dell,4,1541.17,0.1,0.18,6546.89,Net Banking,Online,EMP417,0,1,Same Day,8,INR
ORD113690,18-07-2023,BR43,UK,London,CUST5849,PROD823,TV,Samsung QLED 50,Dell,1,635.82,0.02,0.18,735.26,UPI,In-Store,EMP593,3,1,Express,10,USD
ORD113691,16-01-2024,BR39,UAE,Dubai,CUST1273,PROD876,TV,Sony Bravia 55,Dell,1,182.72,0.25,0.18,161.71,Debit Card,Online,EMP828,3,1,Express,9,AED
ORD113692,04-07-2024,BR4,UK,London,CUST4968,PROD736,Laptop,MacBook Air M2,Samsung,1,1162.29,0.04,0.18,1316.64,Credit Card,Online,EMP783,2,1,Express,4,INR
ORD113693,05-03-2024,BR44,USA,New York,CUST6040,PROD841,TV,Samsung QLED 50,Dell,3,1485.31,0.12,0.18,4627.04,UPI,Online,EMP471,2,0,Express,1,INR
ORD113694,12-02-2024,BR98,India,Mumbai,CUST7335,PROD717,Laptop,MacBook Air M2,Sony,4,408.82,0.04,0.18,1852.45,UPI,Online,EMP595,0,0,Standard,10,EUR
ORD113695,10-12-2023,BR97,UAE,Dubai,CUST3951,PROD602,Mobile,Samsung Galaxy S23,Apple,1,1248.84,0.09,0.18,1341,Net Banking,Online,EMP207,2,0,Standard,3,AED
ORD113696,25-12-2023,BR48,Germany,Hamburg,CUST6870,PROD109,Laptop,HP Spectre x360,Dell,5,532.85,0.15,0.18,2672.24,Debit Card,In-Store,EMP628,0,1,Express,3,EUR
ORD113697,13-11-2024,BR6,UK,Birmingham,CUST9783,PROD220,Accessories,Keyboard,OnePlus,2,1108.09,0.13,0.18,2275.13,Net Banking,In-Store,EMP390,3,0,Express,4,INR
ORD113698,23-02-2023,BR44,Germany,Munich,CUST8717,PROD859,TV,Sony Bravia 55,HP,2,1336.15,0.08,0.18,2901.05,Cash,Online,EMP480,3,1,Standard,9,AED
ORD113699,21-12-2023,BR82,USA,Dallas,CUST7867,PROD500,Mobile,iPhone 14,Dell,2,660.98,0.26,0.18,1154.34,Cash,In-Store,EMP933,3,1,Same Day,8,INR
ORD113700,19-09-2023,BR86,India,Pune,CUST9755,PROD224,Mobile,OnePlus 11,Dell,5,1121.08,0.11,0.18,5886.79,Net Banking,Online,EMP951,3,1,Express,2,GBP
ORD113701,29-01-2023,BR85,UK,Manchester,CUST3483,PROD873,Tablet,Lenovo Tab P11,LG,5,972.26,0.27,0.18,4187.52,Debit Card,Online,EMP960,3,0,Express,5,EUR
ORD113702,28-01-2024,BR2,USA,Dallas,CUST7525,PROD633,Accessories,Bluetooth Headphones,Samsung,3,658.29,0.06,0.18,2190.53,Net Banking,Online,EMP715,3,0,Same Day,4,USD
ORD113703,24-04-2024,BR37,UK,London,CUST3478,PROD858,Accessories,Bluetooth Headphones,Samsung,1,1083.91,0.27,0.18,933.68,UPI,In-Store,EMP644,0,0,Standard,2,GBP
ORD113704,27-11-2023,BR89,UK,Birmingham,CUST7777,PROD299,Mobile,iPhone 14,Lenovo,1,1699.99,0.19,0.18,1624.85,Credit Card,In-Store,EMP605,2,1,Same Day,9,USD
ORD113705,14-04-2024,BR70,India,Delhi,CUST4416,PROD121,Laptop,MacBook Air M2,HP,5,1923.98,0.26,0.18,8400.1,UPI,In-Store,EMP364,2,1,Same Day,7,AED
ORD113706,23-09-2023,BR106,India,Pune,CUST7951,PROD360,Accessories,Wireless Mouse,Dell,3,390,0.26,0.18,1021.64,Debit Card,Online,EMP708,0,1,Same Day,7,AED
ORD113707,15-11-2024,BR6,India,Pune,CUST6265,PROD472,TV,LG OLED 48,Samsung,3,817.87,0.15,0.18,2460.97,Debit Card,In-Store,EMP908,0,1,Standard,3,INR
ORD113708,25-04-2024,BR116,UK,London,CUST4107,PROD561,Tablet,iPad Air,Lenovo,5,987.49,0.06,0.18,5476.62,Cash,Online,EMP262,0,1,Same Day,3,USD
ORD113709,23-04-2023,BR16,India,Delhi,CUST6310,PROD929,Laptop,HP Spectre x360,Sony,1,1793.76,0.08,0.18,1947.31,Credit Card,Online,EMP716,2,1,Same Day,2,GBP
ORD113710,08-01-2023,BR73,UAE,Abu Dhabi,CUST8035,PROD196,Laptop,Dell XPS 13,Samsung,3,136.89,0.2,0.18,387.67,Debit Card,In-Store,EMP261,1,0,Express,7,GBP
ORD113711,19-01-2023,BR21,Germany,Munich,CUST6273,PROD114,Tablet,iPad Air,Dell,5,136.74,0.26,0.18,597.01,Credit Card,In-Store,EMP981,1,1,Standard,9,GBP
ORD113712,31-07-2024,BR17,Germany,Munich,CUST1810,PROD935,Accessories,Wireless Mouse,Samsung,4,1870.03,0.09,0.18,8032.15,Net Banking,In-Store,EMP216,1,1,Same Day,2,GBP
ORD113713,23-02-2024,BR10,India,Mumbai,CUST7525,PROD342,Accessories,Wireless Mouse,Lenovo,1,1335.99,0.05,0.18,1497.64,UPI,Online,EMP833,0,0,Standard,3,AED
ORD113714,19-10-2024,BR117,USA,New York,CUST5696,PROD327,TV,LG OLED 48,LG,5,423.44,0.26,0.18,1848.74,UPI,Online,EMP772,3,0,Same Day,9,INR
ORD113715,26-02-2023,BR82,USA,Los Angeles,CUST7242,PROD701,Accessories,Keyboard,LG,4,831.44,0.2,0.18,3139.52,Debit Card,In-Store,EMP964,1,1,Standard,9,INR
ORD113716,29-06-2024,BR27,Germany,Hamburg,CUST6251,PROD449,Laptop,MacBook Air M2,Apple,3,933.4,0.2,0.18,2643.39,Net Banking,Online,EMP972,1,0,Same Day,4,GBP
ORD113717,28-08-2023,BR18,UAE,Abu Dhabi,CUST1590,PROD559,Laptop,MacBook Air M2,HP,1,1226.76,0.19,0.18,1172.54,Credit Card,Online,EMP207,1,0,Express,3,GBP
ORD113718,26-07-2023,BR107,UK,Birmingham,CUST1456,PROD632,Tablet,Samsung Galaxy Tab,LG,4,1646.6,0.11,0.18,6917.04,UPI,Online,EMP390,0,0,Same Day,4,INR
ORD113719,08-07-2023,BR46,Germany,Berlin,CUST2477,PROD222,Mobile,Samsung Galaxy S23,Samsung,3,135.3,0.16,0.18,402.33,Net Banking,In-Store,EMP310,1,1,Same Day,7,AED
ORD113720,09-02-2024,BR103,Germany,Berlin,CUST1174,PROD543,Mobile,OnePlus 11,LG,4,654.91,0.16,0.18,2596.59,Cash,In-Store,EMP287,2,0,Standard,10,USD
ORD113721,24-10-2024,BR85,USA,New York,CUST6662,PROD234,TV,LG OLED 48,Dell,3,825.07,0.19,0.18,2365.81,Net Banking,In-Store,EMP766,3,0,Same Day,1,EUR
ORD113722,11-06-2023,BR71,India,Mumbai,CUST9338,PROD952,Laptop,HP Spectre x360,HP,2,1302.17,0.25,0.18,2304.84,Debit Card,Online,EMP767,3,1,Express,2,INR
ORD113723,11-12-2024,BR14,Germany,Hamburg,CUST3915,PROD535,Laptop,HP Spectre x360,LG,4,229.52,0.21,0.18,855.83,Net Banking,Online,EMP649,2,0,Express,8,GBP
ORD113724,17-10-2023,BR118,India,Pune,CUST6021,PROD427,Laptop,HP Spectre x360,LG,3,387.74,0.03,0.18,1331.42,Cash,In-Store,EMP238,3,0,Same Day,7,INR
ORD113725,05-10-2023,BR43,UK,Manchester,CUST6914,PROD683,Mobile,iPhone 14,Apple,5,1940.54,0.2,0.18,9159.35,Credit Card,In-Store,EMP837,2,1,Express,4,AED
ORD113726,17-06-2023,BR74,India,Mumbai,CUST1448,PROD702,TV,Samsung QLED 50,LG,3,464.8,0.11,0.18,1464.4,Cash,In-Store,EMP879,1,1,Standard,2,AED
ORD113727,20-07-2024,BR118,Germany,Munich,CUST3743,PROD767,Accessories,Bluetooth Headphones,Lenovo,1,1266.46,0.2,0.18,1195.54,Debit Card,Online,EMP728,2,1,Same Day,10,EUR
ORD113728,27-08-2023,BR1,Germany,Hamburg,CUST5553,PROD669,TV,Sony Bravia 55,Dell,4,961.83,0.05,0.18,4312.85,Credit Card,In-Store,EMP823,2,1,Standard,9,USD
ORD113729,11-01-2024,BR112,UK,Birmingham,CUST1227,PROD271,Accessories,Wireless Mouse,Lenovo,2,371.34,0.04,0.18,841.31,UPI,Online,EMP861,1,0,Standard,5,EUR
ORD113730,16-09-2023,BR81,UK,Birmingham,CUST9172,PROD376,Accessories,Wireless Mouse,LG,1,234.13,0.25,0.18,207.21,Cash,In-Store,EMP684,0,1,Same Day,8,EUR
ORD113731,21-06-2023,BR40,UK,Birmingham,CUST1344,PROD929,TV,Sony Bravia 55,Apple,5,1277.25,0.1,0.18,6782.2,Credit Card,Online,EMP216,3,0,Express,3,EUR
ORD113732,17-03-2023,BR26,Germany,Berlin,CUST9596,PROD229,TV,Sony Bravia 55,Apple,2,1692.8,0.11,0.18,3555.56,Credit Card,In-Store,EMP873,3,0,Standard,9,INR
ORD113733,13-07-2023,BR28,USA,Chicago,CUST7409,PROD742,Tablet,iPad Air,Apple,3,1688.06,0.05,0.18,5676.95,Net Banking,In-Store,EMP975,0,1,Express,7,EUR
ORD113734,02-12-2024,BR57,USA,Dallas,CUST2742,PROD729,TV,Sony Bravia 55,OnePlus,3,1776.84,0.2,0.18,5032.01,Net Banking,Online,EMP372,2,1,Express,7,INR
ORD113735,17-01-2024,BR95,UAE,Dubai,CUST2952,PROD323,Laptop,Dell XPS 13,LG,2,654.7,0.27,0.18,1127.92,Debit Card,In-Store,EMP345,2,1,Express,9,INR
ORD113736,19-10-2024,BR78,India,Pune,CUST1223,PROD776,Accessories,Wireless Mouse,OnePlus,5,1854.51,0.1,0.18,9847.45,Cash,Online,EMP341,1,0,Express,8,AED
ORD113737,11-10-2024,BR76,India,Delhi,CUST7111,PROD860,Tablet,iPad Air,LG,1,839.76,0.16,0.18,832.37,Net Banking,Online,EMP443,3,0,Express,7,GBP
ORD113738,09-06-2024,BR95,USA,Los Angeles,CUST3151,PROD593,Laptop,HP Spectre x360,Apple,2,262.86,0.27,0.18,452.86,Credit Card,Online,EMP632,0,1,Same Day,5,AED
ORD113739,15-01-2023,BR109,Germany,Hamburg,CUST1889,PROD261,Tablet,iPad Air,Lenovo,2,876.01,0.22,0.18,1612.56,Cash,Online,EMP895,2,0,Standard,4,USD
ORD113740,30-01-2023,BR61,UAE,Dubai,CUST2191,PROD865,Accessories,Keyboard,LG,1,1094.81,0.26,0.18,955.99,Net Banking,Online,EMP757,0,0,Express,5,GBP
ORD113741,14-01-2023,BR42,UAE,Dubai,CUST3019,PROD407,Mobile,iPhone 14,OnePlus,5,1581.23,0.14,0.18,8023.16,Net Banking,Online,EMP967,1,1,Standard,2,INR
ORD113742,28-04-2024,BR30,UAE,Abu Dhabi,CUST5192,PROD975,Accessories,Bluetooth Headphones,Apple,1,852.53,0.07,0.18,935.57,Net Banking,In-Store,EMP486,3,1,Standard,10,EUR
ORD113743,18-09-2024,BR31,India,Bangalore,CUST5159,PROD825,Tablet,Samsung Galaxy Tab,Sony,4,630.52,0.24,0.18,2261.8,UPI,In-Store,EMP319,3,0,Same Day,8,USD
ORD113744,15-07-2023,BR115,UK,Manchester,CUST6720,PROD875,Mobile,iPhone 14,Sony,5,712.47,0.08,0.18,3867.29,Cash,Online,EMP305,2,1,Same Day,10,AED
ORD113745,17-04-2024,BR83,USA,Chicago,CUST3549,PROD203,Tablet,Samsung Galaxy Tab,Apple,1,1066.21,0.05,0.18,1195.22,UPI,In-Store,EMP919,0,0,Express,5,AED
ORD113746,03-03-2023,BR115,India,Bangalore,CUST9193,PROD824,TV,Samsung QLED 50,HP,5,1621.15,0.11,0.18,8512.66,Debit Card,Online,EMP448,1,1,Standard,2,USD
ORD113747,14-11-2023,BR90,Germany,Munich,CUST9900,PROD434,Tablet,Samsung Galaxy Tab,Sony,1,1951.26,0.12,0.18,2026.19,Credit Card,In-Store,EMP579,2,1,Standard,1,USD
ORD113748,20-09-2023,BR36,Germany,Berlin,CUST1754,PROD238,Tablet,Lenovo Tab P11,Dell,3,1523.13,0.05,0.18,5122.29,Cash,Online,EMP613,1,1,Express,6,INR
ORD113749,03-09-2023,BR94,India,Delhi,CUST7338,PROD998,Mobile,iPhone 14,Lenovo,3,1227.36,0.11,0.18,3866.92,Credit Card,In-Store,EMP646,1,0,Express,8,AED
ORD113750,02-07-2023,BR35,UAE,Dubai,CUST6463,PROD179,Accessories,Wireless Mouse,Samsung,2,1435.79,0.08,0.18,3117.39,Net Banking,Online,EMP477,2,1,Same Day,1,GBP
ORD113751,11-08-2023,BR118,India,Mumbai,CUST1505,PROD723,Tablet,Lenovo Tab P11,OnePlus,2,1011.24,0.21,0.18,1885.36,Credit Card,Online,EMP502,0,0,Same Day,3,INR
ORD113752,17-07-2023,BR37,USA,New York,CUST6789,PROD937,TV,Sony Bravia 55,LG,4,1606.1,0.16,0.18,6367.87,UPI,In-Store,EMP794,2,1,Same Day,2,INR
ORD113753,12-08-2024,BR19,USA,Chicago,CUST8878,PROD986,Accessories,Bluetooth Headphones,Dell,1,639.26,0.16,0.18,633.63,Credit Card,In-Store,EMP282,0,0,Express,6,AED
ORD113754,05-05-2024,BR25,UAE,Dubai,CUST7186,PROD649,Laptop,HP Spectre x360,Lenovo,5,418.34,0.23,0.18,1900.52,Debit Card,Online,EMP731,0,1,Same Day,4,GBP
ORD113755,24-11-2024,BR3,UK,Birmingham,CUST3476,PROD252,Laptop,Dell XPS 13,HP,4,1224.3,0.06,0.18,5431.97,Net Banking,In-Store,EMP747,2,1,Express,4,AED
ORD113756,27-09-2024,BR58,UK,Birmingham,CUST8671,PROD949,Laptop,Dell XPS 13,Samsung,1,1511.56,0.2,0.18,1426.91,UPI,Online,EMP324,3,0,Same Day,9,USD
ORD113757,08-01-2024,BR38,UAE,Dubai,CUST2781,PROD349,Mobile,OnePlus 11,OnePlus,5,623.13,0.13,0.18,3198.53,UPI,In-Store,EMP455,2,1,Same Day,4,USD
ORD113758,22-07-2023,BR29,Germany,Berlin,CUST7089,PROD238,Accessories,Bluetooth Headphones,Lenovo,1,153.43,0.01,0.18,179.24,UPI,In-Store,EMP609,0,0,Standard,8,INR
ORD113759,28-08-2023,BR31,UK,Birmingham,CUST1907,PROD346,Laptop,MacBook Air M2,Sony,1,1000.27,0.13,0.18,1026.88,Credit Card,In-Store,EMP715,3,1,Same Day,10,GBP
ORD113760,12-02-2023,BR47,UAE,Dubai,CUST8871,PROD796,Accessories,Wireless Mouse,Sony,3,326.61,0.13,0.18,1005.89,Cash,In-Store,EMP478,3,0,Standard,7,USD
ORD113761,15-05-2024,BR74,USA,New York,CUST2233,PROD492,Laptop,HP Spectre x360,Dell,1,1283.4,0.23,0.18,1166.1,Credit Card,Online,EMP522,3,0,Same Day,10,INR
ORD113762,23-03-2023,BR108,UAE,Dubai,CUST2204,PROD199,Mobile,iPhone 14,Apple,3,1833.43,0.26,0.18,4802.85,Debit Card,In-Store,EMP672,3,1,Express,6,INR
ORD113763,10-08-2024,BR88,USA,Chicago,CUST5457,PROD946,TV,LG OLED 48,Dell,2,1469.65,0.2,0.18,2774.7,UPI,Online,EMP469,3,1,Express,6,INR
ORD113764,25-03-2023,BR103,India,Mumbai,CUST6932,PROD720,Laptop,MacBook Air M2,Lenovo,1,818.45,0.22,0.18,753.3,Debit Card,Online,EMP625,0,0,Standard,2,GBP
ORD113765,10-12-2023,BR12,USA,Chicago,CUST9182,PROD330,Accessories,Wireless Mouse,Lenovo,1,1946.2,0.22,0.18,1791.28,Cash,In-Store,EMP989,1,0,Same Day,7,AED
ORD113766,26-12-2024,BR50,USA,Dallas,CUST1402,PROD241,TV,Samsung QLED 50,Sony,4,607.21,0.07,0.18,2665.41,Net Banking,Online,EMP584,0,0,Standard,2,INR
ORD113767,19-11-2024,BR69,Germany,Munich,CUST1775,PROD507,Laptop,MacBook Air M2,HP,5,559.25,0.06,0.18,3101.6,UPI,In-Store,EMP776,2,0,Standard,2,GBP
ORD113768,21-02-2024,BR64,UK,Manchester,CUST6965,PROD576,Laptop,Dell XPS 13,HP,1,1640.33,0.06,0.18,1819.45,Cash,In-Store,EMP767,1,0,Express,4,USD
ORD113769,18-01-2024,BR71,Germany,Munich,CUST7622,PROD567,Accessories,Bluetooth Headphones,Lenovo,2,420.06,0.14,0.18,852.55,UPI,Online,EMP351,3,1,Standard,7,USD
ORD113770,24-02-2023,BR49,Germany,Hamburg,CUST6738,PROD209,Tablet,Lenovo Tab P11,Samsung,1,498.6,0.15,0.18,500.1,Cash,In-Store,EMP711,1,0,Same Day,9,AED
ORD113771,17-10-2023,BR110,India,Mumbai,CUST1028,PROD767,TV,LG OLED 48,HP,3,949.13,0.14,0.18,2889.53,Credit Card,In-Store,EMP818,3,0,Same Day,9,USD
ORD113772,29-10-2023,BR88,India,Delhi,CUST9250,PROD742,Tablet,iPad Air,Samsung,5,197.26,0.03,0.18,1128.92,Credit Card,Online,EMP293,0,0,Standard,9,EUR
ORD113773,01-01-2023,BR76,Germany,Hamburg,CUST1121,PROD125,TV,LG OLED 48,Dell,5,603.39,0.11,0.18,3168.4,Debit Card,Online,EMP725,0,1,Same Day,1,EUR
ORD113774,18-08-2023,BR35,UK,London,CUST2521,PROD459,Accessories,Keyboard,HP,1,1570.52,0.05,0.18,1760.55,UPI,In-Store,EMP239,3,1,Standard,7,AED
ORD113775,04-04-2024,BR85,USA,Chicago,CUST2534,PROD810,Accessories,Keyboard,Dell,5,403.57,0.11,0.18,2119.15,Debit Card,In-Store,EMP743,0,1,Standard,10,EUR
ORD113776,15-01-2024,BR1,USA,Los Angeles,CUST1292,PROD988,Mobile,OnePlus 11,Samsung,5,100.61,0.21,0.18,468.94,UPI,In-Store,EMP865,3,0,Same Day,10,INR
ORD113777,29-03-2024,BR67,UAE,Abu Dhabi,CUST3408,PROD874,Accessories,Wireless Mouse,Dell,1,1967.83,0.18,0.18,1904.07,Debit Card,In-Store,EMP799,0,1,Standard,1,INR
ORD113778,10-10-2023,BR110,Germany,Berlin,CUST4001,PROD105,Mobile,OnePlus 11,OnePlus,3,1486.46,0.13,0.18,4578,Debit Card,In-Store,EMP982,3,1,Standard,1,EUR
ORD113779,30-04-2023,BR78,USA,Los Angeles,CUST8246,PROD824,Accessories,Wireless Mouse,Apple,1,624.76,0.02,0.18,722.47,Credit Card,In-Store,EMP593,0,1,Standard,8,INR
ORD113780,23-09-2023,BR23,UK,London,CUST9213,PROD486,Laptop,Dell XPS 13,LG,3,1098.85,0.12,0.18,3423.14,Credit Card,Online,EMP291,1,0,Standard,5,INR
ORD113781,15-12-2023,BR87,Germany,Hamburg,CUST8907,PROD294,Laptop,MacBook Air M2,HP,4,1060.14,0.18,0.18,4103.17,Credit Card,In-Store,EMP387,3,1,Same Day,3,AED
ORD113782,12-03-2024,BR115,UAE,Abu Dhabi,CUST6625,PROD930,Accessories,Keyboard,OnePlus,5,199.9,0.09,0.18,1073.26,Net Banking,Online,EMP207,3,1,Standard,8,INR
ORD113783,18-08-2024,BR105,USA,New York,CUST2630,PROD886,Mobile,Samsung Galaxy S23,Lenovo,4,1843.6,0.21,0.18,6874.42,UPI,In-Store,EMP274,2,0,Express,7,USD
ORD113784,08-09-2024,BR78,India,Delhi,CUST6630,PROD945,Laptop,HP Spectre x360,Sony,1,406.5,0.06,0.18,450.89,Credit Card,In-Store,EMP502,0,0,Standard,6,INR
ORD113785,27-04-2024,BR96,USA,Chicago,CUST8066,PROD413,Mobile,Samsung Galaxy S23,LG,5,1474.39,0.3,0.18,6089.23,Credit Card,Online,EMP981,3,1,Same Day,7,INR
ORD113786,20-04-2024,BR117,India,Delhi,CUST1615,PROD530,Mobile,iPhone 14,Apple,2,652.64,0.11,0.18,1370.81,Cash,In-Store,EMP543,1,0,Standard,2,GBP
ORD113787,03-11-2024,BR35,India,Delhi,CUST3409,PROD362,TV,LG OLED 48,Lenovo,5,1409.61,0.03,0.18,8067.2,UPI,Online,EMP782,0,1,Same Day,4,EUR
ORD113788,08-08-2024,BR120,USA,Chicago,CUST5600,PROD648,Mobile,iPhone 14,Sony,3,1582.24,0.1,0.18,5041.02,Credit Card,Online,EMP909,2,1,Same Day,5,GBP
ORD113789,04-08-2024,BR67,UAE,Dubai,CUST9958,PROD256,Laptop,Dell XPS 13,Dell,3,135.64,0.03,0.18,465.76,Net Banking,In-Store,EMP988,3,1,Same Day,1,USD
ORD113790,12-07-2024,BR46,India,Mumbai,CUST2835,PROD125,TV,LG OLED 48,OnePlus,5,442.87,0.02,0.18,2560.67,Debit Card,Online,EMP591,0,0,Express,10,GBP
ORD113791,24-02-2023,BR16,UAE,Abu Dhabi,CUST8824,PROD621,Accessories,Wireless Mouse,Dell,3,1207.97,0.1,0.18,3848.59,Debit Card,Online,EMP213,3,1,Express,6,AED
ORD113792,20-02-2023,BR33,UAE,Dubai,CUST7194,PROD642,Laptop,HP Spectre x360,Samsung,1,383.8,0.03,0.18,439.3,Net Banking,Online,EMP659,3,0,Same Day,8,USD
ORD113793,23-08-2023,BR5,Germany,Munich,CUST3902,PROD260,Tablet,iPad Air,OnePlus,4,1864.52,0.12,0.18,7744.47,Debit Card,Online,EMP559,0,0,Same Day,8,EUR
ORD113794,29-07-2024,BR46,USA,Los Angeles,CUST7995,PROD657,Accessories,Bluetooth Headphones,Dell,2,809.93,0.08,0.18,1758.52,Cash,Online,EMP883,3,0,Express,1,GBP
ORD113795,22-06-2024,BR87,UAE,Dubai,CUST6661,PROD331,Tablet,Samsung Galaxy Tab,Lenovo,5,415.57,0.2,0.18,1961.49,Debit Card,In-Store,EMP484,3,0,Same Day,3,EUR
ORD113796,25-02-2023,BR47,UAE,Abu Dhabi,CUST8108,PROD173,Accessories,Keyboard,Sony,4,1295.48,0.13,0.18,5319.76,Debit Card,Online,EMP855,0,0,Express,8,INR
ORD113797,26-02-2023,BR118,India,Delhi,CUST3514,PROD307,Laptop,HP Spectre x360,HP,4,395.93,0.27,0.18,1364.22,Cash,In-Store,EMP371,3,1,Same Day,9,GBP
ORD113798,11-08-2023,BR73,UAE,Abu Dhabi,CUST4991,PROD989,Tablet,Lenovo Tab P11,OnePlus,3,1768.82,0.29,0.18,4445.75,Debit Card,Online,EMP883,3,0,Express,10,AED
ORD113799,25-01-2023,BR24,India,Delhi,CUST4687,PROD572,Mobile,iPhone 14,Dell,3,67.94,0.02,0.18,235.7,Cash,Online,EMP740,0,1,Standard,2,INR
ORD113800,28-09-2024,BR70,UK,London,CUST4654,PROD993,Tablet,iPad Air,Apple,5,895.35,0.14,0.18,4543.01,Credit Card,In-Store,EMP377,0,0,Express,8,EUR
ORD113801,09-06-2023,BR36,USA,Dallas,CUST5684,PROD531,Mobile,iPhone 14,OnePlus,5,689.33,0.16,0.18,3416.32,Net Banking,In-Store,EMP952,1,1,Express,8,USD
ORD113802,27-03-2023,BR63,UAE,Dubai,CUST8215,PROD867,Mobile,iPhone 14,OnePlus,1,590.09,0.27,0.18,508.3,Cash,In-Store,EMP795,1,0,Same Day,2,GBP
ORD113803,22-06-2024,BR76,UAE,Dubai,CUST9029,PROD808,Mobile,iPhone 14,Apple,2,1676.33,0.28,0.18,2848.42,UPI,In-Store,EMP302,1,0,Standard,6,EUR
ORD113804,24-11-2024,BR94,UAE,Abu Dhabi,CUST6512,PROD691,Tablet,iPad Air,Lenovo,1,1547.6,0.13,0.18,1588.77,UPI,Online,EMP900,3,1,Standard,10,GBP
ORD113805,17-01-2024,BR65,UAE,Dubai,CUST9184,PROD945,Tablet,iPad Air,HP,1,162.05,0.18,0.18,156.8,Credit Card,Online,EMP358,0,0,Standard,2,AED
ORD113806,24-02-2024,BR45,UAE,Abu Dhabi,CUST9404,PROD284,Mobile,Samsung Galaxy S23,LG,2,1013.97,0.22,0.18,1866.52,Debit Card,In-Store,EMP204,0,0,Express,4,EUR
ORD113807,08-11-2024,BR111,UAE,Dubai,CUST3197,PROD778,TV,Samsung QLED 50,Apple,5,1559.21,0,0.18,9199.34,Net Banking,In-Store,EMP232,2,0,Standard,2,GBP
ORD113808,16-11-2024,BR112,USA,Chicago,CUST3433,PROD998,Laptop,HP Spectre x360,HP,2,1494.36,0.07,0.18,3279.82,UPI,Online,EMP932,3,1,Same Day,2,AED
ORD113809,30-10-2024,BR61,USA,Dallas,CUST7247,PROD613,TV,LG OLED 48,Samsung,1,1739.53,0.21,0.18,1621.59,UPI,In-Store,EMP790,3,0,Express,8,GBP
ORD113810,23-08-2023,BR118,India,Bangalore,CUST8576,PROD291,Mobile,Samsung Galaxy S23,Sony,1,1952.57,0.07,0.18,2142.75,Credit Card,Online,EMP853,2,0,Standard,2,USD
ORD113811,10-06-2023,BR104,Germany,Munich,CUST5953,PROD741,TV,Samsung QLED 50,Sony,3,1044.88,0.26,0.18,2737.17,Cash,Online,EMP721,2,1,Express,9,AED
ORD113812,18-07-2024,BR26,USA,New York,CUST7161,PROD878,TV,LG OLED 48,Apple,3,1283.43,0.16,0.18,3816.41,Net Banking,In-Store,EMP406,1,1,Standard,3,AED
ORD113813,22-01-2023,BR77,Germany,Berlin,CUST7131,PROD211,Laptop,MacBook Air M2,Apple,1,1472.96,0.22,0.18,1355.71,Debit Card,Online,EMP936,0,0,Express,4,GBP
ORD113814,14-05-2024,BR97,USA,Chicago,CUST8587,PROD602,Laptop,MacBook Air M2,Lenovo,5,182.07,0.23,0.18,827.14,Debit Card,In-Store,EMP406,3,0,Express,6,GBP
ORD113815,12-10-2023,BR60,Germany,Hamburg,CUST4311,PROD700,Laptop,Dell XPS 13,Lenovo,3,1533.39,0.27,0.18,3962.59,Net Banking,In-Store,EMP892,1,0,Standard,10,AED
ORD113816,19-12-2023,BR5,India,Delhi,CUST7214,PROD299,Laptop,Dell XPS 13,OnePlus,1,911.5,0.14,0.18,924.99,Debit Card,In-Store,EMP568,2,1,Same Day,8,EUR
ORD113817,20-04-2024,BR101,UAE,Abu Dhabi,CUST9523,PROD246,TV,Samsung QLED 50,Apple,3,271.33,0.23,0.18,739.59,Debit Card,Online,EMP568,0,0,Express,6,USD
ORD113818,22-11-2024,BR109,Germany,Munich,CUST6629,PROD591,Tablet,Samsung Galaxy Tab,HP,3,1305.16,0.05,0.18,4389.25,UPI,Online,EMP824,2,1,Same Day,3,GBP
ORD113819,20-11-2024,BR86,UAE,Dubai,CUST8065,PROD540,TV,LG OLED 48,Sony,3,1831.55,0.02,0.18,6354.01,Debit Card,In-Store,EMP535,1,0,Same Day,3,USD
ORD113820,25-06-2024,BR102,Germany,Hamburg,CUST7245,PROD835,Tablet,iPad Air,LG,3,1584.1,0.21,0.18,4430.09,Debit Card,In-Store,EMP275,1,0,Same Day,8,INR
ORD113821,04-06-2023,BR60,UAE,Abu Dhabi,CUST4781,PROD944,TV,LG OLED 48,HP,2,1537.54,0.25,0.18,2721.45,Cash,In-Store,EMP723,2,1,Same Day,5,EUR
ORD113822,26-08-2024,BR24,India,Delhi,CUST8595,PROD914,Tablet,Lenovo Tab P11,Sony,1,1384.32,0.12,0.18,1437.48,Credit Card,In-Store,EMP366,1,1,Express,7,AED
ORD113823,29-09-2023,BR94,Germany,Berlin,CUST2232,PROD868,Accessories,Bluetooth Headphones,OnePlus,1,251.05,0.25,0.18,222.18,Cash,Online,EMP954,1,1,Express,5,INR
ORD113824,03-02-2023,BR111,India,Pune,CUST2620,PROD495,Tablet,iPad Air,Samsung,1,1626.07,0.27,0.18,1400.7,UPI,Online,EMP875,0,0,Standard,6,GBP
ORD113825,11-01-2024,BR92,USA,Los Angeles,CUST2761,PROD542,Tablet,iPad Air,Samsung,2,213.24,0.12,0.18,442.86,UPI,Online,EMP438,1,0,Standard,3,INR
ORD113826,16-10-2024,BR23,UK,Manchester,CUST5427,PROD444,TV,Samsung QLED 50,Sony,3,137.41,0.04,0.18,466.97,Net Banking,In-Store,EMP200,2,0,Standard,9,AED
ORD113827,21-06-2023,BR4,USA,Dallas,CUST2554,PROD840,Tablet,Lenovo Tab P11,Lenovo,5,533.21,0.18,0.18,2579.67,UPI,Online,EMP628,2,0,Express,9,AED
ORD113828,28-09-2023,BR109,India,Delhi,CUST6024,PROD112,Laptop,Dell XPS 13,LG,5,171.66,0.11,0.18,901.39,Cash,Online,EMP237,3,0,Standard,5,USD
ORD113829,14-10-2023,BR115,India,Mumbai,CUST3592,PROD943,Laptop,Dell XPS 13,Apple,1,1110.78,0.22,0.18,1022.36,Debit Card,In-Store,EMP285,3,1,Express,8,USD
ORD113830,25-10-2024,BR73,UAE,Abu Dhabi,CUST2625,PROD537,Accessories,Keyboard,OnePlus,5,1570.11,0.06,0.18,8707.83,Net Banking,Online,EMP314,2,0,Same Day,5,INR
ORD113831,17-07-2024,BR111,Germany,Munich,CUST7811,PROD835,Mobile,OnePlus 11,HP,3,1768.46,0,0.18,6260.35,Debit Card,In-Store,EMP702,2,0,Express,10,INR
ORD113832,03-03-2024,BR45,India,Pune,CUST9963,PROD394,Tablet,iPad Air,Dell,2,778.11,0.07,0.18,1707.8,UPI,In-Store,EMP827,0,1,Express,8,AED
ORD113833,18-10-2023,BR105,UAE,Dubai,CUST2212,PROD828,Laptop,MacBook Air M2,Dell,5,415.33,0.29,0.18,1739.82,Debit Card,Online,EMP861,3,0,Express,9,EUR
ORD113834,30-04-2024,BR12,UAE,Dubai,CUST8411,PROD461,TV,LG OLED 48,Sony,5,960.99,0.13,0.18,4932.76,UPI,Online,EMP293,1,1,Express,5,EUR
ORD113835,24-09-2024,BR46,UAE,Dubai,CUST9027,PROD440,Mobile,iPhone 14,LG,3,1222.63,0.27,0.18,3159.52,UPI,Online,EMP852,3,1,Express,4,EUR
ORD113836,18-02-2023,BR9,UK,Manchester,CUST2155,PROD614,Tablet,Samsung Galaxy Tab,Apple,2,1475.92,0.26,0.18,2577.55,Cash,Online,EMP316,3,1,Same Day,6,USD
ORD113837,06-03-2023,BR77,UAE,Dubai,CUST4048,PROD878,TV,LG OLED 48,OnePlus,3,347.59,0.19,0.18,996.68,Debit Card,In-Store,EMP687,0,1,Express,4,EUR
ORD113838,27-01-2024,BR19,India,Mumbai,CUST7591,PROD921,Mobile,iPhone 14,LG,4,494.51,0.18,0.18,1913.95,UPI,Online,EMP695,2,0,Express,7,GBP
ORD113839,20-03-2023,BR93,UK,Manchester,CUST8172,PROD686,Tablet,iPad Air,Apple,5,973.28,0.1,0.18,5168.12,Net Banking,Online,EMP919,1,1,Same Day,10,INR
ORD113840,21-09-2024,BR48,UAE,Dubai,CUST3197,PROD559,Accessories,Bluetooth Headphones,Apple,2,1732.2,0.18,0.18,3352.15,Cash,In-Store,EMP999,3,1,Standard,9,EUR
ORD113841,09-11-2024,BR30,USA,Los Angeles,CUST9673,PROD977,Mobile,Samsung Galaxy S23,OnePlus,3,1634.61,0.15,0.18,4918.54,Net Banking,Online,EMP245,3,1,Standard,5,AED
ORD113842,07-11-2024,BR100,USA,New York,CUST1443,PROD176,Laptop,MacBook Air M2,Samsung,2,245.36,0.12,0.18,509.56,Net Banking,Online,EMP212,0,1,Same Day,8,AED
ORD113843,26-06-2024,BR48,UAE,Abu Dhabi,CUST2530,PROD858,TV,LG OLED 48,HP,2,147.28,0.08,0.18,319.77,UPI,Online,EMP697,2,0,Same Day,2,GBP
ORD113844,10-05-2024,BR35,USA,Los Angeles,CUST6296,PROD663,TV,Sony Bravia 55,Sony,2,187,0.07,0.18,410.43,Credit Card,In-Store,EMP981,1,0,Express,8,USD
ORD113845,15-06-2024,BR49,Germany,Berlin,CUST1789,PROD821,Mobile,OnePlus 11,LG,4,1398.98,0.09,0.18,6008.9,Debit Card,In-Store,EMP339,2,1,Same Day,1,GBP
ORD113846,06-05-2024,BR71,USA,New York,CUST8416,PROD274,TV,LG OLED 48,Apple,1,1463.33,0.24,0.18,1312.31,UPI,In-Store,EMP407,2,0,Same Day,9,USD
ORD113847,29-07-2024,BR51,UK,Manchester,CUST6667,PROD703,Laptop,MacBook Air M2,Samsung,2,1912.85,0.18,0.18,3701.75,Debit Card,Online,EMP498,2,1,Express,6,AED
ORD113848,14-07-2023,BR62,Germany,Munich,CUST2809,PROD758,Mobile,OnePlus 11,Dell,5,889.34,0.12,0.18,4617.45,Net Banking,Online,EMP644,1,0,Standard,2,USD
ORD113849,05-01-2023,BR32,UK,Birmingham,CUST2942,PROD634,Accessories,Bluetooth Headphones,Apple,4,1649.36,0.22,0.18,6072.28,Net Banking,In-Store,EMP678,3,1,Express,10,USD
ORD113850,15-09-2024,BR78,India,Bangalore,CUST7214,PROD104,Tablet,Lenovo Tab P11,LG,2,1949.12,0.21,0.18,3633.94,Credit Card,Online,EMP904,1,0,Express,5,USD
ORD113851,17-06-2024,BR119,USA,New York,CUST3556,PROD584,TV,Sony Bravia 55,Lenovo,2,1808.64,0.14,0.18,3670.82,UPI,In-Store,EMP834,1,1,Express,9,GBP
ORD113852,05-09-2023,BR68,USA,Los Angeles,CUST7243,PROD151,Laptop,HP Spectre x360,Dell,5,1606.96,0.27,0.18,6921.18,UPI,Online,EMP792,3,1,Express,9,AED
ORD113853,27-08-2023,BR44,Germany,Hamburg,CUST8836,PROD207,Laptop,Dell XPS 13,LG,3,977.7,0.03,0.18,3357.23,UPI,Online,EMP746,0,1,Standard,10,EUR
ORD113854,31-03-2023,BR47,Germany,Berlin,CUST8509,PROD317,TV,Sony Bravia 55,OnePlus,3,1134.65,0.29,0.18,2851.83,Net Banking,In-Store,EMP956,3,0,Standard,8,INR
ORD113855,01-12-2023,BR42,Germany,Munich,CUST9226,PROD273,Mobile,Samsung Galaxy S23,Apple,5,1279.18,0.1,0.18,6792.45,Debit Card,Online,EMP589,2,0,Same Day,8,EUR
ORD113856,22-10-2023,BR45,Germany,Munich,CUST7380,PROD541,Mobile,Samsung Galaxy S23,Dell,4,1517.98,0.14,0.18,6161.78,Debit Card,Online,EMP808,0,0,Express,10,INR
ORD113857,02-07-2024,BR89,Germany,Munich,CUST5844,PROD779,Mobile,Samsung Galaxy S23,Sony,5,1489.45,0.19,0.18,7118.08,Cash,Online,EMP788,0,1,Express,10,EUR
ORD113858,19-05-2023,BR57,UK,Birmingham,CUST7479,PROD139,Accessories,Keyboard,OnePlus,4,360.75,0.07,0.18,1583.55,Debit Card,Online,EMP821,0,1,Standard,10,AED
ORD113859,05-09-2023,BR81,UK,London,CUST2902,PROD208,TV,Samsung QLED 50,Samsung,3,333.4,0.27,0.18,861.57,Credit Card,In-Store,EMP651,1,1,Same Day,10,INR
ORD113860,16-08-2024,BR8,UAE,Abu Dhabi,CUST7632,PROD833,TV,LG OLED 48,OnePlus,5,587.4,0.01,0.18,3431,UPI,Online,EMP941,1,0,Same Day,4,USD
ORD113861,18-06-2024,BR15,Germany,Berlin,CUST3780,PROD855,Accessories,Bluetooth Headphones,Dell,3,725.52,0.11,0.18,2285.82,UPI,Online,EMP267,2,1,Standard,5,USD
ORD113862,25-02-2023,BR45,UK,London,CUST7613,PROD875,Tablet,Samsung Galaxy Tab,Sony,1,649,0.11,0.18,681.58,UPI,In-Store,EMP396,1,1,Same Day,6,EUR
ORD113863,05-06-2024,BR99,Germany,Munich,CUST1390,PROD147,Accessories,Keyboard,Dell,5,99.49,0.15,0.18,498.94,Net Banking,Online,EMP351,0,1,Standard,3,EUR
ORD113864,05-06-2024,BR113,UAE,Abu Dhabi,CUST7603,PROD848,Accessories,Bluetooth Headphones,LG,5,390.49,0.07,0.18,2142.62,Credit Card,In-Store,EMP577,3,0,Standard,9,GBP
ORD113865,17-08-2024,BR34,India,Mumbai,CUST8595,PROD470,Tablet,Lenovo Tab P11,Lenovo,2,1381.67,0.08,0.18,2999.88,UPI,Online,EMP440,1,1,Standard,9,INR
ORD113866,18-04-2024,BR72,UAE,Abu Dhabi,CUST1188,PROD898,Laptop,HP Spectre x360,Samsung,1,799.09,0.07,0.18,876.92,Debit Card,Online,EMP978,3,0,Standard,5,GBP
ORD113867,04-02-2024,BR68,USA,Dallas,CUST8248,PROD416,Mobile,OnePlus 11,Apple,4,284.88,0.22,0.18,1048.81,Debit Card,Online,EMP311,1,0,Same Day,4,INR
ORD113868,27-02-2024,BR114,UK,London,CUST9838,PROD991,Accessories,Keyboard,Samsung,4,118.91,0.01,0.18,555.64,Net Banking,In-Store,EMP347,1,1,Same Day,3,USD
ORD113869,03-10-2024,BR61,Germany,Munich,CUST7144,PROD627,Tablet,Lenovo Tab P11,Lenovo,1,893.81,0.05,0.18,1001.96,Debit Card,Online,EMP813,1,0,Same Day,4,USD
ORD113870,31-07-2024,BR108,UAE,Abu Dhabi,CUST1591,PROD485,Accessories,Keyboard,OnePlus,3,751.7,0,0.18,2661.02,Debit Card,Online,EMP773,1,1,Standard,1,AED
ORD113871,28-11-2023,BR11,UK,Birmingham,CUST4506,PROD643,Tablet,Lenovo Tab P11,OnePlus,1,1556.88,0.11,0.18,1635.04,UPI,Online,EMP943,2,0,Same Day,3,GBP
ORD113872,14-02-2023,BR34,UK,London,CUST4053,PROD778,Mobile,Samsung Galaxy S23,Lenovo,3,924.69,0.13,0.18,2847.86,Credit Card,In-Store,EMP794,3,1,Same Day,2,GBP
ORD113873,13-05-2023,BR111,UAE,Abu Dhabi,CUST7967,PROD888,Accessories,Keyboard,Dell,5,1417.23,0.22,0.18,6522.09,Debit Card,Online,EMP809,0,1,Same Day,6,AED
ORD113874,18-11-2023,BR1,USA,New York,CUST7673,PROD380,TV,LG OLED 48,Apple,1,213.28,0.1,0.18,226.5,Debit Card,Online,EMP981,1,1,Same Day,2,GBP
ORD113875,17-07-2024,BR16,USA,New York,CUST9679,PROD846,TV,Samsung QLED 50,Sony,4,105,0.1,0.18,446.04,Credit Card,In-Store,EMP301,1,1,Express,1,EUR
ORD113876,03-06-2024,BR51,UAE,Abu Dhabi,CUST6664,PROD127,TV,Samsung QLED 50,LG,3,1341.74,0.1,0.18,4274.78,UPI,Online,EMP986,2,0,Standard,4,USD
ORD113877,01-05-2023,BR70,UK,London,CUST7492,PROD453,Accessories,Bluetooth Headphones,LG,1,916.07,0.27,0.18,789.1,Cash,Online,EMP667,3,1,Same Day,4,INR
ORD113878,28-11-2024,BR60,UAE,Dubai,CUST3813,PROD387,TV,LG OLED 48,Lenovo,4,1826.22,0.07,0.18,8016.38,Credit Card,Online,EMP251,3,0,Express,5,GBP
ORD113879,04-03-2024,BR65,UAE,Abu Dhabi,CUST1562,PROD484,TV,Samsung QLED 50,Apple,1,1194.72,0.09,0.18,1282.89,Debit Card,In-Store,EMP219,3,1,Express,1,USD
ORD113880,16-10-2023,BR80,UK,Birmingham,CUST6451,PROD534,TV,LG OLED 48,Dell,5,1218.18,0.29,0.18,5102.96,UPI,Online,EMP746,2,0,Same Day,6,INR
ORD113881,07-01-2024,BR113,India,Pune,CUST8620,PROD608,Tablet,iPad Air,Samsung,3,456.01,0.23,0.18,1242.99,Net Banking,In-Store,EMP727,1,1,Standard,10,AED
ORD113882,19-01-2023,BR28,USA,Los Angeles,CUST2485,PROD844,TV,Sony Bravia 55,LG,5,1969.08,0.27,0.18,8480.83,Net Banking,Online,EMP333,2,0,Same Day,1,GBP
ORD113883,12-10-2023,BR6,USA,Los Angeles,CUST8702,PROD356,Tablet,iPad Air,Sony,2,314.07,0.2,0.18,592.96,Net Banking,Online,EMP387,1,1,Express,5,GBP
ORD113884,26-06-2023,BR15,India,Mumbai,CUST4168,PROD290,Accessories,Bluetooth Headphones,LG,5,1032.67,0.16,0.18,5117.91,Net Banking,In-Store,EMP258,2,1,Same Day,1,USD
ORD113885,24-09-2023,BR13,India,Mumbai,CUST4284,PROD812,Mobile,Samsung Galaxy S23,HP,1,311.23,0.16,0.18,308.49,UPI,In-Store,EMP570,1,1,Same Day,5,AED
ORD113886,01-11-2023,BR97,India,Pune,CUST1841,PROD516,Accessories,Bluetooth Headphones,Lenovo,2,494.3,0.16,0.18,979.9,UPI,Online,EMP420,0,1,Express,10,EUR
ORD113887,20-10-2023,BR61,UK,Birmingham,CUST5704,PROD734,Mobile,Samsung Galaxy S23,OnePlus,1,986.75,0.14,0.18,1001.35,Net Banking,Online,EMP848,1,0,Same Day,8,INR
ORD113888,12-01-2024,BR51,USA,Dallas,CUST5551,PROD626,Laptop,HP Spectre x360,Lenovo,5,975.02,0.21,0.18,4544.57,Debit Card,In-Store,EMP837,3,1,Standard,10,AED
ORD113889,14-07-2024,BR111,UAE,Abu Dhabi,CUST1462,PROD692,Accessories,Keyboard,HP,2,358.35,0,0.18,845.71,Credit Card,In-Store,EMP566,1,1,Express,6,INR
ORD113890,06-10-2023,BR114,Germany,Munich,CUST5560,PROD882,Accessories,Wireless Mouse,Lenovo,2,948.9,0.29,0.18,1589.98,UPI,Online,EMP319,1,1,Express,9,INR
ORD113891,08-05-2024,BR87,Germany,Berlin,CUST5567,PROD101,Mobile,iPhone 14,OnePlus,1,1270.61,0.09,0.18,1364.38,Cash,Online,EMP995,2,0,Same Day,8,GBP
ORD113892,16-07-2023,BR50,UK,Birmingham,CUST9062,PROD914,Laptop,HP Spectre x360,Sony,3,1945.71,0.26,0.18,5096.98,Cash,Online,EMP596,1,1,Same Day,1,GBP
ORD113893,26-10-2023,BR119,UAE,Dubai,CUST7037,PROD849,Tablet,iPad Air,Apple,5,1868.01,0,0.18,11021.26,Credit Card,In-Store,EMP880,3,1,Standard,9,EUR
ORD113894,05-11-2024,BR16,Germany,Hamburg,CUST6929,PROD510,TV,Sony Bravia 55,OnePlus,4,1101.63,0.18,0.18,4263.75,Net Banking,In-Store,EMP323,2,1,Same Day,1,USD
ORD113895,12-03-2024,BR87,India,Bangalore,CUST7457,PROD555,Tablet,iPad Air,Sony,5,513.43,0.18,0.18,2483.97,Cash,Online,EMP210,2,0,Express,7,AED
ORD113896,28-11-2023,BR26,UAE,Dubai,CUST5319,PROD368,Accessories,Wireless Mouse,Apple,3,1468.22,0.03,0.18,5041.57,Net Banking,Online,EMP469,2,0,Express,8,INR
ORD113897,07-03-2023,BR19,UAE,Dubai,CUST1584,PROD352,Tablet,Lenovo Tab P11,OnePlus,5,958.35,0.02,0.18,5541.18,Credit Card,Online,EMP441,0,0,Same Day,10,USD
ORD113898,20-12-2023,BR110,Germany,Hamburg,CUST3119,PROD718,Mobile,iPhone 14,Samsung,5,385.45,0.21,0.18,1796.58,Net Banking,In-Store,EMP730,1,0,Standard,6,GBP
ORD113899,03-08-2023,BR100,India,Mumbai,CUST8628,PROD223,Laptop,HP Spectre x360,Samsung,4,1575.31,0.18,0.18,6097.08,Cash,In-Store,EMP646,3,1,Same Day,8,EUR
ORD113900,29-04-2024,BR50,India,Delhi,CUST5813,PROD778,TV,Samsung QLED 50,OnePlus,4,1751.2,0.04,0.18,7935.04,Debit Card,In-Store,EMP999,1,1,Express,4,GBP
ORD113901,13-11-2024,BR105,USA,Dallas,CUST2455,PROD857,Tablet,Samsung Galaxy Tab,Dell,5,1617.96,0.14,0.18,8209.53,Debit Card,Online,EMP352,3,1,Express,9,INR
ORD113902,01-08-2023,BR47,UK,London,CUST7382,PROD616,TV,LG OLED 48,Lenovo,2,96.88,0.04,0.18,219.49,UPI,Online,EMP683,0,1,Express,1,AED
ORD113903,03-08-2024,BR57,UK,Birmingham,CUST5006,PROD520,Laptop,Dell XPS 13,OnePlus,3,1865.22,0.12,0.18,5810.53,Credit Card,In-Store,EMP338,3,1,Same Day,2,AED
ORD113904,21-06-2024,BR12,Germany,Munich,CUST9036,PROD657,Tablet,Lenovo Tab P11,Apple,3,761.56,0.09,0.18,2453.29,Debit Card,Online,EMP751,3,1,Same Day,10,EUR
ORD113905,27-07-2023,BR81,UK,Manchester,CUST5608,PROD311,Tablet,Lenovo Tab P11,Lenovo,1,477.94,0.14,0.18,485.01,Cash,In-Store,EMP809,0,1,Standard,6,AED
ORD113906,20-02-2023,BR85,India,Delhi,CUST5307,PROD325,TV,Sony Bravia 55,Sony,2,227.78,0.11,0.18,478.43,Net Banking,In-Store,EMP320,0,1,Express,5,AED
ORD113907,31-10-2023,BR30,India,Delhi,CUST7288,PROD570,Laptop,HP Spectre x360,Dell,5,522.53,0.13,0.18,2682.15,Credit Card,Online,EMP623,2,0,Standard,5,AED
ORD113908,04-10-2024,BR10,Germany,Berlin,CUST7757,PROD412,Accessories,Bluetooth Headphones,LG,5,1109.25,0.29,0.18,4646.65,Debit Card,In-Store,EMP610,0,1,Express,9,EUR
ORD113909,06-04-2023,BR105,India,Delhi,CUST4269,PROD814,Tablet,Lenovo Tab P11,LG,1,620.71,0.01,0.18,725.11,UPI,Online,EMP480,2,1,Standard,5,EUR
ORD113910,16-06-2023,BR36,UK,Birmingham,CUST3916,PROD269,TV,Sony Bravia 55,LG,2,1303.68,0.03,0.18,2984.38,Debit Card,Online,EMP257,2,0,Same Day,7,GBP
ORD113911,10-12-2023,BR117,USA,Los Angeles,CUST2547,PROD926,Accessories,Bluetooth Headphones,Dell,4,580.51,0.09,0.18,2493.41,Cash,In-Store,EMP778,1,1,Same Day,10,AED
ORD113912,01-11-2024,BR30,UAE,Dubai,CUST9041,PROD607,Mobile,OnePlus 11,Sony,4,1338.66,0.09,0.18,5749.81,Cash,Online,EMP697,0,1,Same Day,5,EUR
ORD113913,27-10-2023,BR69,UK,London,CUST7474,PROD281,TV,Sony Bravia 55,Dell,1,1416.27,0.29,0.18,1186.55,Net Banking,In-Store,EMP652,3,0,Standard,7,EUR
ORD113914,20-04-2024,BR29,USA,Chicago,CUST2924,PROD231,Accessories,Wireless Mouse,Lenovo,2,1150.56,0.16,0.18,2280.87,Cash,Online,EMP824,2,0,Express,7,GBP
ORD113915,31-01-2024,BR60,USA,Los Angeles,CUST9559,PROD356,Tablet,Samsung Galaxy Tab,LG,3,285.59,0.22,0.18,788.57,Cash,Online,EMP805,3,1,Same Day,5,AED
ORD113916,13-07-2023,BR12,USA,New York,CUST5856,PROD902,Accessories,Keyboard,Sony,3,1400.88,0.02,0.18,4859.93,UPI,Online,EMP671,3,0,Express,6,AED
ORD113917,25-05-2023,BR76,Germany,Berlin,CUST8247,PROD178,Laptop,MacBook Air M2,Sony,1,1294.69,0.26,0.18,1130.52,UPI,Online,EMP301,3,1,Express,7,AED
ORD113918,31-07-2023,BR76,India,Mumbai,CUST9509,PROD222,Mobile,iPhone 14,HP,5,392.63,0.29,0.18,1644.73,Cash,Online,EMP906,2,1,Express,1,EUR
ORD113919,10-11-2023,BR85,UK,Manchester,CUST6918,PROD979,Laptop,Dell XPS 13,OnePlus,2,125.27,0.29,0.18,209.9,Net Banking,In-Store,EMP932,3,0,Standard,10,EUR
ORD113920,10-08-2024,BR94,UK,Manchester,CUST8736,PROD219,Tablet,Samsung Galaxy Tab,Apple,2,564.23,0.03,0.18,1291.64,UPI,Online,EMP752,3,0,Same Day,6,GBP
ORD113921,10-10-2023,BR40,India,Mumbai,CUST3238,PROD244,Tablet,Lenovo Tab P11,LG,2,1866.97,0.04,0.18,4229.81,UPI,In-Store,EMP390,1,0,Standard,6,USD
ORD113922,02-03-2023,BR7,UK,Manchester,CUST2470,PROD609,Tablet,iPad Air,Samsung,4,1812.54,0.15,0.18,7271.91,Net Banking,In-Store,EMP988,1,0,Express,4,USD
ORD113923,08-01-2023,BR48,UAE,Dubai,CUST2213,PROD913,Mobile,Samsung Galaxy S23,LG,5,1427.92,0.27,0.18,6150.05,Net Banking,In-Store,EMP454,2,0,Standard,5,AED
ORD113924,04-02-2024,BR53,USA,New York,CUST5583,PROD446,Laptop,Dell XPS 13,Dell,5,398.98,0.15,0.18,2000.88,Credit Card,Online,EMP897,1,0,Same Day,10,INR
ORD113925,10-10-2024,BR116,Germany,Hamburg,CUST4585,PROD219,Mobile,iPhone 14,Samsung,2,1182.69,0.24,0.18,2121.27,Credit Card,Online,EMP988,0,1,Same Day,4,EUR
ORD113926,02-01-2023,BR90,USA,Los Angeles,CUST6669,PROD740,TV,Samsung QLED 50,OnePlus,4,807.56,0.1,0.18,3430.51,Net Banking,In-Store,EMP679,1,1,Same Day,6,INR
ORD113927,22-04-2024,BR60,Germany,Hamburg,CUST9617,PROD212,TV,Samsung QLED 50,OnePlus,5,1297.15,0.11,0.18,6811.33,UPI,Online,EMP482,3,0,Same Day,7,EUR
ORD113928,03-12-2024,BR74,Germany,Hamburg,CUST4823,PROD858,Tablet,Lenovo Tab P11,Lenovo,5,778.09,0.13,0.18,3993.94,Cash,In-Store,EMP834,2,0,Express,4,AED
ORD113929,19-07-2023,BR50,UAE,Dubai,CUST6923,PROD278,Tablet,Lenovo Tab P11,Dell,3,385.1,0.14,0.18,1172.4,Net Banking,Online,EMP570,2,1,Express,5,USD
ORD113930,02-06-2024,BR43,UK,Birmingham,CUST2562,PROD841,TV,LG OLED 48,Dell,5,1820.51,0.05,0.18,10203.96,Cash,Online,EMP705,0,1,Standard,2,GBP
ORD113931,15-11-2024,BR13,India,Delhi,CUST3740,PROD511,Accessories,Wireless Mouse,Dell,1,1485.91,0.11,0.18,1560.5,Cash,In-Store,EMP735,1,0,Express,5,USD
ORD113932,28-05-2023,BR16,Germany,Munich,CUST3529,PROD183,Accessories,Wireless Mouse,Dell,4,1002.52,0.24,0.18,3596.24,Net Banking,Online,EMP749,0,1,Same Day,10,AED
ORD113933,19-02-2023,BR118,UAE,Dubai,CUST4773,PROD900,TV,Sony Bravia 55,LG,4,1056.44,0.22,0.18,3889.39,Debit Card,In-Store,EMP364,3,1,Standard,7,USD
ORD113934,12-01-2024,BR34,USA,Los Angeles,CUST6546,PROD949,TV,Sony Bravia 55,OnePlus,2,52.15,0.28,0.18,88.61,Debit Card,Online,EMP535,1,0,Same Day,5,EUR
ORD113935,31-08-2023,BR116,USA,Dallas,CUST1794,PROD928,TV,Sony Bravia 55,Apple,4,99.33,0.04,0.18,450.08,Cash,Online,EMP720,1,1,Same Day,7,GBP
ORD113936,19-08-2023,BR4,India,Mumbai,CUST1927,PROD501,Accessories,Keyboard,Dell,2,761.38,0.06,0.18,1689.05,UPI,Online,EMP967,2,1,Same Day,1,AED
ORD113937,04-12-2023,BR117,UAE,Abu Dhabi,CUST9333,PROD428,TV,Samsung QLED 50,Samsung,5,868.26,0.03,0.18,4969.05,Debit Card,Online,EMP572,2,1,Standard,1,INR
ORD113938,10-03-2023,BR111,India,Pune,CUST3525,PROD768,TV,Samsung QLED 50,Samsung,2,368.14,0.03,0.18,842.75,Net Banking,Online,EMP918,2,1,Standard,6,AED
ORD113939,11-06-2023,BR36,UK,Manchester,CUST5771,PROD794,Mobile,iPhone 14,Dell,5,1270.32,0,0.18,7494.89,UPI,Online,EMP832,0,1,Standard,5,INR
ORD113940,22-02-2024,BR23,Germany,Hamburg,CUST5721,PROD958,Mobile,OnePlus 11,Lenovo,4,1985.35,0.27,0.18,6840.72,Credit Card,In-Store,EMP503,3,0,Express,7,INR
ORD113941,14-02-2023,BR29,UK,London,CUST1661,PROD267,TV,Samsung QLED 50,Sony,2,1797.69,0.18,0.18,3478.89,Debit Card,In-Store,EMP751,2,1,Standard,9,EUR
ORD113942,28-10-2023,BR103,India,Mumbai,CUST1966,PROD334,Tablet,Lenovo Tab P11,OnePlus,4,1924.5,0.1,0.18,8175.28,Credit Card,In-Store,EMP994,0,1,Express,8,EUR
ORD113943,05-06-2023,BR65,UAE,Dubai,CUST2872,PROD904,TV,Sony Bravia 55,Dell,2,1212.64,0.25,0.18,2146.37,Cash,In-Store,EMP931,2,0,Same Day,3,INR
ORD113944,21-05-2024,BR61,Germany,Hamburg,CUST8117,PROD650,Tablet,Lenovo Tab P11,Sony,5,163.79,0.16,0.18,811.74,Cash,Online,EMP448,3,0,Express,7,GBP
ORD113945,30-01-2023,BR75,USA,Chicago,CUST2387,PROD458,Mobile,OnePlus 11,Apple,2,579.7,0.04,0.18,1313.37,Credit Card,In-Store,EMP756,3,1,Standard,2,USD
ORD113946,28-02-2024,BR15,Germany,Hamburg,CUST4624,PROD822,Accessories,Wireless Mouse,Sony,3,95.14,0.3,0.18,235.76,UPI,In-Store,EMP832,3,1,Same Day,5,USD
ORD113947,01-02-2023,BR70,USA,Los Angeles,CUST6059,PROD691,Tablet,Lenovo Tab P11,LG,3,256.27,0.26,0.18,671.32,UPI,Online,EMP949,0,0,Standard,4,GBP
ORD113948,11-10-2024,BR27,USA,Los Angeles,CUST3524,PROD670,Tablet,Samsung Galaxy Tab,HP,2,1636.53,0.07,0.18,3591.86,Credit Card,Online,EMP463,0,1,Same Day,9,USD
ORD113949,04-11-2024,BR4,USA,New York,CUST8606,PROD214,Accessories,Wireless Mouse,Apple,1,812.76,0.09,0.18,872.74,UPI,In-Store,EMP366,1,0,Standard,7,GBP
ORD113950,11-10-2024,BR119,Germany,Munich,CUST7347,PROD833,Tablet,Samsung Galaxy Tab,Samsung,1,1543.83,0.24,0.18,1384.51,UPI,In-Store,EMP459,0,0,Standard,2,EUR
ORD113951,18-01-2024,BR99,Germany,Munich,CUST9376,PROD836,Mobile,Samsung Galaxy S23,LG,4,1420.01,0.05,0.18,6367.32,Debit Card,In-Store,EMP347,1,1,Express,10,GBP
ORD113952,11-08-2024,BR95,USA,Los Angeles,CUST3533,PROD947,Mobile,OnePlus 11,Samsung,1,1394.66,0.23,0.18,1267.19,UPI,In-Store,EMP849,2,1,Same Day,2,GBP
ORD113953,05-04-2024,BR88,UAE,Abu Dhabi,CUST9184,PROD770,TV,Samsung QLED 50,HP,3,1580.41,0.05,0.18,5314.92,UPI,Online,EMP797,2,1,Same Day,4,EUR
ORD113954,18-07-2023,BR101,India,Mumbai,CUST7294,PROD933,Mobile,iPhone 14,HP,1,912.15,0.28,0.18,774.96,Credit Card,In-Store,EMP825,3,0,Standard,7,AED
ORD113955,27-03-2023,BR109,UK,Manchester,CUST2239,PROD175,Tablet,Samsung Galaxy Tab,OnePlus,1,849.06,0.18,0.18,821.55,Net Banking,Online,EMP906,2,0,Express,4,EUR
ORD113956,19-03-2024,BR7,India,Mumbai,CUST5502,PROD526,Laptop,MacBook Air M2,Samsung,2,1294.57,0.29,0.18,2169.18,Net Banking,In-Store,EMP529,1,1,Same Day,7,EUR
ORD113957,26-01-2023,BR94,Germany,Hamburg,CUST6392,PROD194,Accessories,Bluetooth Headphones,Dell,2,1329.81,0.25,0.18,2353.76,Debit Card,Online,EMP219,0,1,Same Day,6,USD
ORD113958,28-07-2023,BR70,Germany,Hamburg,CUST9844,PROD749,Laptop,Dell XPS 13,Apple,4,557.8,0.23,0.18,2027.27,Debit Card,In-Store,EMP391,2,1,Express,1,INR
ORD113959,13-04-2024,BR93,India,Pune,CUST1855,PROD158,Tablet,Samsung Galaxy Tab,OnePlus,4,1306.99,0.03,0.18,5983.92,Debit Card,In-Store,EMP278,2,0,Same Day,1,USD
ORD113960,24-01-2024,BR120,India,Bangalore,CUST1545,PROD848,Mobile,Samsung Galaxy S23,Lenovo,5,509.4,0.14,0.18,2584.7,Debit Card,In-Store,EMP910,1,1,Express,5,EUR
ORD113961,09-08-2024,BR13,Germany,Berlin,CUST3995,PROD970,Mobile,Samsung Galaxy S23,OnePlus,4,1390.42,0.02,0.18,6431.53,UPI,In-Store,EMP920,0,1,Express,8,AED
ORD113962,21-05-2024,BR9,USA,Dallas,CUST6384,PROD817,Accessories,Wireless Mouse,LG,4,118.28,0.22,0.18,435.46,Cash,Online,EMP990,1,1,Same Day,1,INR
ORD113963,28-08-2023,BR28,Germany,Hamburg,CUST3837,PROD699,TV,Sony Bravia 55,Lenovo,3,1422.4,0.11,0.18,4481.41,UPI,Online,EMP229,3,1,Same Day,8,USD
ORD113964,10-05-2024,BR53,UK,Manchester,CUST7488,PROD669,Accessories,Wireless Mouse,HP,2,738.78,0.02,0.18,1708.65,Credit Card,In-Store,EMP657,0,1,Same Day,3,GBP
ORD113965,27-02-2024,BR39,UAE,Abu Dhabi,CUST9022,PROD975,Accessories,Keyboard,Lenovo,2,60.56,0.25,0.18,107.19,Debit Card,Online,EMP976,2,1,Same Day,8,GBP
ORD113966,22-05-2023,BR48,USA,Los Angeles,CUST6129,PROD694,Laptop,MacBook Air M2,LG,3,1450.72,0.12,0.18,4519.28,UPI,Online,EMP858,0,0,Same Day,2,AED
ORD113967,03-02-2023,BR22,USA,New York,CUST1674,PROD829,Mobile,OnePlus 11,Samsung,4,1172.42,0.02,0.18,5423.15,Credit Card,Online,EMP566,2,1,Standard,8,INR
ORD113968,26-05-2024,BR80,India,Pune,CUST1104,PROD588,Accessories,Bluetooth Headphones,LG,2,934.65,0.06,0.18,2073.43,Credit Card,Online,EMP340,0,1,Standard,5,GBP
ORD113969,27-06-2024,BR41,Germany,Munich,CUST7514,PROD730,Mobile,Samsung Galaxy S23,Sony,5,1038.8,0.05,0.18,5822.47,Debit Card,Online,EMP841,2,0,Express,6,INR
ORD113970,19-01-2023,BR94,Germany,Berlin,CUST5078,PROD315,Laptop,HP Spectre x360,OnePlus,4,1916.95,0.01,0.18,8957.52,Debit Card,In-Store,EMP305,2,1,Same Day,10,GBP
ORD113971,31-10-2024,BR10,UAE,Dubai,CUST1681,PROD769,Tablet,iPad Air,Apple,2,1444.56,0.17,0.18,2829.6,Cash,In-Store,EMP468,2,1,Same Day,9,USD
ORD113972,04-05-2024,BR67,UK,London,CUST3448,PROD904,Accessories,Bluetooth Headphones,HP,5,742.26,0.27,0.18,3196.91,UPI,Online,EMP787,2,0,Express,3,EUR
ORD113973,10-05-2023,BR107,UAE,Dubai,CUST3450,PROD499,Tablet,Lenovo Tab P11,Samsung,4,1719.75,0.18,0.18,6656.12,Credit Card,In-Store,EMP342,2,0,Express,6,EUR
ORD113974,08-08-2024,BR74,UK,Manchester,CUST4306,PROD215,TV,LG OLED 48,Samsung,2,1451.71,0.1,0.18,3083.43,Credit Card,Online,EMP416,3,0,Same Day,3,USD
ORD113975,05-04-2024,BR27,India,Pune,CUST8347,PROD906,TV,Sony Bravia 55,Lenovo,5,913.32,0.09,0.18,4903.62,UPI,Online,EMP512,0,1,Same Day,7,AED
ORD113976,19-11-2024,BR20,India,Mumbai,CUST2685,PROD648,TV,Sony Bravia 55,OnePlus,5,293.67,0.11,0.18,1542.06,Debit Card,In-Store,EMP781,3,1,Same Day,7,USD
ORD113977,22-05-2024,BR64,UAE,Dubai,CUST3573,PROD202,TV,Sony Bravia 55,Dell,2,420.75,0.08,0.18,913.53,Cash,Online,EMP603,1,0,Express,6,GBP
ORD113978,29-09-2023,BR66,USA,New York,CUST4264,PROD640,Accessories,Keyboard,HP,2,577.32,0.23,0.18,1049.11,Debit Card,In-Store,EMP355,1,1,Same Day,5,USD
ORD113979,11-04-2024,BR48,UAE,Dubai,CUST9271,PROD423,Tablet,Samsung Galaxy Tab,LG,1,1549.02,0.2,0.18,1462.27,Debit Card,In-Store,EMP704,2,1,Standard,9,INR
ORD113980,07-09-2024,BR47,USA,Los Angeles,CUST8467,PROD836,Laptop,Dell XPS 13,Lenovo,3,420.6,0.09,0.18,1354.92,Credit Card,In-Store,EMP399,2,0,Express,8,EUR
ORD113981,03-03-2024,BR36,Germany,Hamburg,CUST3392,PROD853,Accessories,Wireless Mouse,HP,4,689.59,0.19,0.18,2636.44,UPI,In-Store,EMP788,3,1,Express,10,EUR
ORD113982,08-02-2023,BR117,UAE,Dubai,CUST2996,PROD294,Laptop,Dell XPS 13,Apple,2,1832.26,0.02,0.18,4237.65,Credit Card,Online,EMP324,2,0,Standard,4,AED
ORD113983,09-04-2023,BR106,USA,New York,CUST3691,PROD162,Tablet,Samsung Galaxy Tab,Dell,5,1595.88,0.11,0.18,8379.97,UPI,Online,EMP628,1,0,Standard,9,EUR
ORD113984,30-03-2024,BR40,UK,London,CUST4823,PROD383,Accessories,Wireless Mouse,Dell,2,565,0.25,0.18,1000.05,Debit Card,In-Store,EMP669,1,1,Express,1,AED
ORD113985,25-07-2024,BR23,UK,Birmingham,CUST3259,PROD788,Tablet,Lenovo Tab P11,Sony,5,984.96,0.2,0.18,4649.01,Net Banking,Online,EMP390,0,1,Standard,7,EUR
ORD113986,13-08-2024,BR81,Germany,Berlin,CUST2909,PROD214,TV,Sony Bravia 55,Lenovo,4,1052.86,0.21,0.18,3925.9,UPI,Online,EMP362,3,1,Express,4,EUR
ORD113987,06-03-2024,BR88,Germany,Hamburg,CUST5772,PROD968,Accessories,Wireless Mouse,Apple,5,1243.35,0.04,0.18,7042.33,UPI,Online,EMP391,1,1,Standard,3,GBP
ORD113988,20-08-2023,BR28,UK,London,CUST7396,PROD331,Laptop,Dell XPS 13,Apple,4,1457.45,0.19,0.18,5572.12,Cash,In-Store,EMP960,2,1,Express,5,AED
ORD113989,17-01-2023,BR11,Germany,Hamburg,CUST3259,PROD998,TV,Sony Bravia 55,Apple,5,1777.34,0.29,0.18,7445.28,Credit Card,Online,EMP783,1,1,Standard,2,INR
ORD113990,08-12-2024,BR43,USA,Dallas,CUST6390,PROD581,Tablet,Lenovo Tab P11,LG,4,230.77,0.23,0.18,838.71,Net Banking,In-Store,EMP640,3,1,Same Day,4,AED
ORD113991,30-11-2023,BR84,UAE,Dubai,CUST6413,PROD146,Accessories,Bluetooth Headphones,Samsung,3,1720.68,0.22,0.18,4751.14,Cash,In-Store,EMP773,0,0,Express,10,USD
ORD113992,04-08-2024,BR86,USA,Los Angeles,CUST9639,PROD869,Mobile,iPhone 14,Dell,5,550.43,0.04,0.18,3117.64,Credit Card,Online,EMP870,3,0,Same Day,6,INR
ORD113993,17-09-2023,BR66,Germany,Munich,CUST6337,PROD791,TV,Sony Bravia 55,Lenovo,5,1302.59,0.21,0.18,6071.37,UPI,Online,EMP376,1,1,Express,7,EUR
ORD113994,10-05-2024,BR15,Germany,Berlin,CUST1764,PROD144,Mobile,OnePlus 11,Dell,1,882.76,0.03,0.18,1010.41,Cash,Online,EMP941,1,0,Standard,7,INR
ORD113995,12-12-2024,BR90,India,Delhi,CUST8518,PROD149,Accessories,Keyboard,LG,2,643.85,0.06,0.18,1428.32,Debit Card,In-Store,EMP686,1,0,Express,6,INR
ORD113996,30-12-2024,BR49,USA,New York,CUST2805,PROD659,Accessories,Wireless Mouse,Lenovo,2,1113.29,0.28,0.18,1891.7,Credit Card,In-Store,EMP673,0,1,Standard,1,AED
ORD113997,17-01-2023,BR119,USA,Los Angeles,CUST9640,PROD215,TV,Sony Bravia 55,Sony,2,1400.36,0.26,0.18,2445.59,Credit Card,Online,EMP867,0,1,Same Day,5,AED
ORD113998,02-03-2023,BR72,UK,Birmingham,CUST5791,PROD481,Mobile,OnePlus 11,LG,5,175.53,0.04,0.18,994.2,Debit Card,In-Store,EMP352,0,0,Same Day,9,EUR
ORD113999,18-08-2024,BR58,India,Mumbai,CUST7114,PROD453,TV,Samsung QLED 50,OnePlus,3,1096.56,0.01,0.18,3843,Cash,Online,EMP897,2,0,Standard,2,EUR
ORD114000,13-05-2024,BR80,USA,Los Angeles,CUST2197,PROD489,TV,LG OLED 48,LG,3,1420.07,0.29,0.18,3569.2,Credit Card,In-Store,EMP530,3,1,Standard,1,GBP
ORD114001,04-03-2024,BR45,USA,Los Angeles,CUST5981,PROD425,TV,Sony Bravia 55,Apple,3,175.97,0.08,0.18,573.1,Debit Card,Online,EMP458,1,1,Express,6,AED
ORD114002,13-05-2024,BR80,Germany,Berlin,CUST7793,PROD253,TV,Samsung QLED 50,Lenovo,2,846.99,0.06,0.18,1878.96,Net Banking,In-Store,EMP700,0,0,Express,6,INR
ORD114003,10-03-2023,BR24,India,Delhi,CUST1179,PROD629,Laptop,Dell XPS 13,Samsung,5,979.1,0.16,0.18,4852.42,Cash,In-Store,EMP603,3,1,Standard,9,EUR
ORD114004,15-11-2023,BR112,USA,Chicago,CUST3684,PROD244,Tablet,Samsung Galaxy Tab,LG,1,768.75,0,0.18,907.12,Credit Card,In-Store,EMP882,0,1,Express,8,AED
ORD114005,09-03-2024,BR51,Germany,Munich,CUST9709,PROD547,TV,LG OLED 48,Samsung,5,1866.7,0.11,0.18,9802.04,Credit Card,In-Store,EMP740,1,1,Same Day,5,AED
ORD114006,25-02-2023,BR70,India,Delhi,CUST1823,PROD599,Laptop,MacBook Air M2,OnePlus,5,428.6,0.03,0.18,2452.88,Cash,Online,EMP552,3,1,Standard,9,INR
ORD114007,22-12-2024,BR58,UK,Birmingham,CUST4952,PROD938,TV,LG OLED 48,Dell,5,74.92,0.08,0.18,406.67,Cash,Online,EMP951,2,0,Express,2,GBP
ORD114008,17-07-2024,BR15,USA,New York,CUST2061,PROD821,Mobile,OnePlus 11,Dell,1,1848.33,0.01,0.18,2159.22,Debit Card,In-Store,EMP234,3,1,Standard,8,EUR
ORD114009,11-08-2023,BR119,Germany,Munich,CUST5588,PROD412,Accessories,Keyboard,Dell,3,84.3,0.2,0.18,238.74,UPI,Online,EMP933,3,0,Same Day,2,AED
ORD114010,07-05-2024,BR103,Germany,Berlin,CUST4048,PROD185,Laptop,Dell XPS 13,Dell,4,200.61,0.09,0.18,861.66,Debit Card,In-Store,EMP427,0,0,Express,1,AED
ORD114011,15-11-2024,BR90,UAE,Abu Dhabi,CUST8853,PROD535,TV,LG OLED 48,Sony,2,694.86,0.29,0.18,1164.31,Debit Card,In-Store,EMP944,3,1,Same Day,5,AED
ORD114012,16-10-2024,BR4,USA,Chicago,CUST9117,PROD983,Accessories,Keyboard,Samsung,2,258.35,0.15,0.18,518.25,Net Banking,In-Store,EMP609,3,0,Same Day,5,USD
ORD114013,26-02-2024,BR71,USA,Chicago,CUST4005,PROD539,Laptop,HP Spectre x360,Dell,5,750.6,0.01,0.18,4384.25,Debit Card,Online,EMP249,2,1,Same Day,8,EUR
ORD114014,28-01-2023,BR13,Germany,Munich,CUST8871,PROD528,Accessories,Bluetooth Headphones,OnePlus,2,1080.87,0.19,0.18,2066.19,Debit Card,In-Store,EMP337,2,1,Same Day,2,INR
ORD114015,21-11-2023,BR9,India,Pune,CUST2961,PROD101,Tablet,Samsung Galaxy Tab,Sony,1,1684.08,0.23,0.18,1530.16,Debit Card,Online,EMP904,1,0,Standard,8,AED
ORD114016,24-06-2023,BR10,UAE,Abu Dhabi,CUST5033,PROD845,Mobile,Samsung Galaxy S23,HP,2,886.66,0.11,0.18,1862.34,Net Banking,Online,EMP568,1,0,Standard,1,EUR
ORD114017,04-06-2023,BR16,UK,London,CUST5521,PROD697,TV,LG OLED 48,Lenovo,1,154.73,0.04,0.18,175.28,Net Banking,Online,EMP430,0,1,Same Day,10,USD
ORD114018,04-02-2024,BR22,India,Bangalore,CUST3267,PROD738,Tablet,Lenovo Tab P11,HP,2,1932.62,0.05,0.18,4332.93,Cash,Online,EMP572,0,0,Same Day,6,INR
ORD114019,07-09-2023,BR43,UK,Birmingham,CUST1642,PROD313,Mobile,iPhone 14,Dell,2,1246.95,0.02,0.18,2883.95,Debit Card,In-Store,EMP412,2,0,Express,6,AED
ORD114020,08-09-2023,BR67,India,Delhi,CUST7249,PROD864,TV,Sony Bravia 55,Samsung,2,1893.61,0.08,0.18,4111.41,Debit Card,Online,EMP226,1,1,Standard,4,AED
ORD114021,10-03-2023,BR12,USA,Dallas,CUST7129,PROD402,Tablet,Lenovo Tab P11,Apple,3,1160.64,0.07,0.18,3821.06,UPI,Online,EMP814,1,1,Express,8,USD
ORD114022,10-03-2023,BR31,UK,London,CUST1196,PROD148,Laptop,HP Spectre x360,Lenovo,4,1592.87,0.25,0.18,5638.76,UPI,In-Store,EMP493,0,0,Express,5,INR
ORD114023,15-06-2024,BR26,UK,Manchester,CUST9739,PROD172,TV,LG OLED 48,Sony,3,232.2,0.28,0.18,591.83,Debit Card,Online,EMP911,0,0,Express,8,INR
ORD114024,28-04-2023,BR88,USA,Chicago,CUST7395,PROD181,Mobile,iPhone 14,LG,4,465.92,0.1,0.18,1979.23,Credit Card,In-Store,EMP259,3,1,Standard,4,INR
ORD114025,03-05-2024,BR11,India,Bangalore,CUST3235,PROD332,Mobile,iPhone 14,Dell,5,1663.27,0.2,0.18,7850.63,Net Banking,In-Store,EMP878,3,1,Same Day,7,AED
ORD114026,21-05-2023,BR69,UK,London,CUST5416,PROD575,Mobile,Samsung Galaxy S23,LG,1,1768.16,0.3,0.18,1460.5,Net Banking,Online,EMP320,0,0,Standard,8,GBP
ORD114027,24-02-2023,BR119,UAE,Abu Dhabi,CUST7262,PROD104,Tablet,Samsung Galaxy Tab,HP,4,1776.76,0.27,0.18,6122,UPI,Online,EMP620,3,1,Same Day,9,EUR
ORD114028,25-01-2024,BR46,UK,Manchester,CUST7028,PROD806,TV,LG OLED 48,OnePlus,1,1539.71,0.05,0.18,1726.01,Debit Card,In-Store,EMP372,1,0,Standard,1,AED
ORD114029,10-06-2023,BR50,UAE,Dubai,CUST5667,PROD790,Laptop,Dell XPS 13,HP,2,83.84,0.28,0.18,142.46,UPI,Online,EMP418,0,1,Same Day,6,EUR
ORD114030,20-01-2024,BR58,UAE,Abu Dhabi,CUST6916,PROD196,Accessories,Wireless Mouse,HP,1,1099.1,0.02,0.18,1271,Cash,Online,EMP245,2,0,Same Day,7,USD
ORD114031,27-05-2024,BR30,UAE,Abu Dhabi,CUST6848,PROD629,Mobile,Samsung Galaxy S23,HP,4,1213.67,0.29,0.18,4067.25,Debit Card,In-Store,EMP908,3,0,Same Day,3,INR
ORD114032,07-09-2024,BR38,Germany,Munich,CUST4722,PROD166,Mobile,OnePlus 11,HP,4,1808.69,0.28,0.18,6146.65,Cash,Online,EMP902,2,1,Express,4,USD
ORD114033,14-01-2023,BR83,USA,Chicago,CUST7826,PROD539,Accessories,Keyboard,Lenovo,1,319.37,0.26,0.18,278.87,Cash,Online,EMP991,0,1,Standard,5,EUR
ORD114034,14-08-2023,BR75,USA,New York,CUST6226,PROD163,TV,Samsung QLED 50,Apple,3,881.66,0.28,0.18,2247.18,UPI,In-Store,EMP754,1,0,Same Day,8,INR
ORD114035,12-02-2023,BR11,Germany,Berlin,CUST2325,PROD373,Accessories,Bluetooth Headphones,Dell,1,271.31,0.01,0.18,316.94,Credit Card,In-Store,EMP959,1,0,Same Day,3,INR
ORD114036,02-06-2024,BR118,UAE,Dubai,CUST5059,PROD262,Tablet,iPad Air,Samsung,1,1082.58,0.02,0.18,1251.9,Credit Card,In-Store,EMP223,2,1,Standard,10,INR
ORD114037,21-10-2023,BR115,UK,London,CUST9979,PROD302,TV,LG OLED 48,HP,4,356.53,0.1,0.18,1514.54,Credit Card,In-Store,EMP342,0,1,Standard,9,AED
ORD114038,18-10-2023,BR4,Germany,Munich,CUST2565,PROD534,Accessories,Wireless Mouse,Dell,5,713.92,0.03,0.18,4085.76,UPI,In-Store,EMP463,2,0,Express,10,EUR
ORD114039,07-07-2023,BR106,USA,Chicago,CUST1256,PROD565,Accessories,Keyboard,Samsung,4,1564.41,0.22,0.18,5759.53,UPI,In-Store,EMP574,3,1,Same Day,9,AED
ORD114040,04-12-2024,BR103,Germany,Berlin,CUST9405,PROD337,Laptop,MacBook Air M2,Samsung,1,1059.18,0.15,0.18,1062.36,Debit Card,Online,EMP284,3,0,Express,1,USD
ORD114041,14-06-2023,BR112,UAE,Abu Dhabi,CUST2054,PROD252,Laptop,Dell XPS 13,HP,3,711.14,0.08,0.18,2316.04,Net Banking,Online,EMP697,3,0,Express,9,AED
ORD114042,17-11-2024,BR113,Germany,Munich,CUST5442,PROD587,Accessories,Wireless Mouse,OnePlus,2,1712.48,0.26,0.18,2990.68,Net Banking,In-Store,EMP363,0,1,Standard,4,EUR
ORD114043,18-10-2023,BR58,Germany,Berlin,CUST4793,PROD306,Tablet,Lenovo Tab P11,LG,1,868.79,0,0.18,1025.17,Net Banking,Online,EMP459,3,1,Same Day,7,INR
ORD114044,06-01-2024,BR103,India,Delhi,CUST1492,PROD565,Mobile,Samsung Galaxy S23,Lenovo,4,300.51,0.04,0.18,1361.67,Cash,In-Store,EMP862,2,1,Express,2,AED
ORD114045,23-06-2024,BR29,UAE,Abu Dhabi,CUST1814,PROD798,Mobile,iPhone 14,Lenovo,1,1667.58,0.21,0.18,1554.52,Cash,In-Store,EMP994,0,1,Standard,9,AED
ORD114046,12-04-2023,BR18,UK,Manchester,CUST7656,PROD334,Accessories,Wireless Mouse,Sony,3,713.12,0.07,0.18,2347.73,UPI,In-Store,EMP694,2,0,Express,5,EUR
ORD114047,16-07-2023,BR115,USA,New York,CUST9894,PROD246,Tablet,Samsung Galaxy Tab,Samsung,4,587.43,0.19,0.18,2245.86,Credit Card,In-Store,EMP522,3,0,Standard,2,USD
ORD114048,07-08-2023,BR104,USA,Los Angeles,CUST3624,PROD141,Accessories,Keyboard,Sony,2,1181.61,0.15,0.18,2370.31,Debit Card,Online,EMP939,2,0,Express,9,AED
ORD114049,25-02-2023,BR91,USA,Chicago,CUST6706,PROD283,TV,LG OLED 48,Dell,2,476.54,0.06,0.18,1057.16,UPI,Online,EMP354,2,0,Express,8,USD
ORD114050,12-10-2024,BR74,UAE,Abu Dhabi,CUST8945,PROD744,TV,Samsung QLED 50,Lenovo,2,872.76,0.25,0.18,1544.79,Credit Card,In-Store,EMP647,3,1,Standard,2,EUR
ORD114051,27-09-2024,BR62,UAE,Abu Dhabi,CUST5508,PROD257,TV,Sony Bravia 55,OnePlus,4,1179.03,0.23,0.18,4285.07,Cash,In-Store,EMP539,0,0,Same Day,10,GBP
ORD114052,29-05-2024,BR59,USA,Chicago,CUST7679,PROD467,TV,Samsung QLED 50,Apple,3,153.73,0.27,0.18,397.27,Debit Card,In-Store,EMP361,0,0,Standard,8,GBP
ORD114053,03-07-2024,BR80,USA,Dallas,CUST9768,PROD925,Mobile,iPhone 14,HP,2,1305.58,0.18,0.18,2526.56,UPI,Online,EMP492,1,0,Express,8,EUR
ORD114054,22-10-2024,BR66,UAE,Dubai,CUST6506,PROD818,Tablet,Lenovo Tab P11,Sony,4,1121.45,0.22,0.18,4128.73,UPI,In-Store,EMP564,1,0,Standard,8,USD
ORD114055,19-07-2024,BR26,UK,Manchester,CUST9118,PROD955,Tablet,Lenovo Tab P11,LG,3,1680.78,0.06,0.18,5592.96,Net Banking,Online,EMP248,1,1,Same Day,8,INR
ORD114056,18-05-2023,BR1,India,Bangalore,CUST2945,PROD613,Mobile,iPhone 14,Dell,1,341.92,0.24,0.18,306.63,Debit Card,Online,EMP341,3,0,Express,10,GBP
ORD114057,03-01-2023,BR14,USA,New York,CUST6414,PROD364,Laptop,HP Spectre x360,Sony,4,1868.52,0.16,0.18,7408.31,UPI,In-Store,EMP317,3,0,Standard,3,AED
ORD114058,10-05-2024,BR57,UAE,Dubai,CUST8706,PROD986,Mobile,iPhone 14,Apple,1,648.07,0.24,0.18,581.19,Net Banking,In-Store,EMP604,3,0,Standard,2,INR
ORD114059,24-04-2024,BR36,India,Pune,CUST6405,PROD797,Laptop,HP Spectre x360,HP,3,927.54,0.2,0.18,2626.79,Debit Card,In-Store,EMP262,2,1,Standard,1,GBP
ORD114060,21-01-2023,BR65,India,Bangalore,CUST5701,PROD157,Mobile,iPhone 14,Lenovo,4,1003.33,0.08,0.18,4356.86,Credit Card,In-Store,EMP894,1,1,Express,7,AED
ORD114061,24-06-2024,BR55,Germany,Hamburg,CUST4693,PROD143,TV,Samsung QLED 50,Dell,3,567.09,0.18,0.18,1646.15,Net Banking,Online,EMP232,3,1,Express,6,GBP
ORD114062,08-04-2024,BR120,UK,Birmingham,CUST5355,PROD468,Tablet,Samsung Galaxy Tab,Apple,2,247.91,0.15,0.18,497.31,Credit Card,Online,EMP573,3,1,Express,8,EUR
ORD114063,23-09-2023,BR21,Germany,Berlin,CUST4822,PROD448,Laptop,HP Spectre x360,Samsung,4,530.27,0.16,0.18,2102.41,Credit Card,In-Store,EMP398,3,0,Express,3,EUR
ORD114064,04-12-2023,BR97,UAE,Dubai,CUST3674,PROD506,TV,Sony Bravia 55,Apple,1,1133.76,0.05,0.18,1270.94,Credit Card,Online,EMP586,0,1,Express,10,INR
ORD114065,04-09-2024,BR116,Germany,Berlin,CUST1100,PROD937,Mobile,OnePlus 11,LG,2,1967.7,0.28,0.18,3343.52,Cash,Online,EMP501,2,1,Standard,5,EUR
ORD114066,12-12-2023,BR112,India,Pune,CUST9901,PROD189,Tablet,Lenovo Tab P11,Dell,3,656.36,0.11,0.18,2067.93,Net Banking,In-Store,EMP712,2,1,Same Day,1,INR
ORD114067,04-04-2023,BR79,USA,Chicago,CUST6643,PROD611,Mobile,Samsung Galaxy S23,Samsung,2,262.85,0.14,0.18,533.48,Debit Card,In-Store,EMP633,2,1,Standard,7,INR
ORD114068,17-06-2024,BR113,UK,London,CUST3881,PROD295,Tablet,Samsung Galaxy Tab,Dell,5,114.14,0.19,0.18,545.48,Debit Card,Online,EMP660,3,0,Express,5,EUR
ORD114069,28-10-2023,BR84,UAE,Abu Dhabi,CUST6147,PROD109,TV,Samsung QLED 50,OnePlus,4,1474.11,0.09,0.18,6331.6,Cash,In-Store,EMP878,3,1,Standard,10,GBP
ORD114070,25-07-2024,BR90,UK,Birmingham,CUST9833,PROD490,Laptop,HP Spectre x360,Samsung,4,372.18,0.02,0.18,1721.56,Cash,Online,EMP478,0,0,Standard,8,AED
ORD114071,25-05-2023,BR67,USA,Chicago,CUST3264,PROD776,Tablet,Samsung Galaxy Tab,Dell,5,663.01,0.05,0.18,3716.17,UPI,Online,EMP488,3,0,Standard,3,INR
ORD114072,14-05-2023,BR68,USA,New York,CUST7765,PROD968,Accessories,Wireless Mouse,Dell,4,1272.01,0.11,0.18,5343.46,Debit Card,Online,EMP408,2,0,Standard,1,AED
ORD114073,23-05-2023,BR120,India,Delhi,CUST8356,PROD558,Tablet,iPad Air,Sony,3,611.02,0.23,0.18,1665.52,UPI,Online,EMP201,1,1,Standard,4,AED
ORD114074,06-01-2023,BR23,Germany,Berlin,CUST7001,PROD731,Mobile,OnePlus 11,Sony,2,156.29,0.23,0.18,284.01,Debit Card,In-Store,EMP443,1,0,Standard,9,AED
ORD114075,21-02-2024,BR102,India,Bangalore,CUST4244,PROD322,Mobile,iPhone 14,Samsung,2,1497.01,0.05,0.18,3356.3,Credit Card,Online,EMP852,1,1,Express,9,EUR
ORD114076,16-09-2024,BR14,UAE,Abu Dhabi,CUST3899,PROD912,Tablet,Samsung Galaxy Tab,OnePlus,4,1891.53,0.11,0.18,7945.94,Credit Card,In-Store,EMP929,2,0,Standard,10,GBP
ORD114077,23-03-2023,BR44,Germany,Berlin,CUST8027,PROD831,Tablet,Lenovo Tab P11,HP,1,1202.17,0.06,0.18,1333.45,UPI,Online,EMP988,2,0,Standard,5,EUR
ORD114078,25-02-2023,BR109,Germany,Munich,CUST6974,PROD345,Tablet,iPad Air,OnePlus,1,591.29,0.02,0.18,683.77,UPI,Online,EMP228,2,0,Express,6,GBP
ORD114079,06-12-2023,BR44,Germany,Berlin,CUST5335,PROD373,Accessories,Bluetooth Headphones,LG,2,469.53,0.29,0.18,786.74,Cash,Online,EMP549,3,0,Standard,9,USD
ORD114080,15-03-2023,BR17,UAE,Abu Dhabi,CUST4033,PROD147,Accessories,Wireless Mouse,Apple,1,1528.85,0.01,0.18,1786,Net Banking,In-Store,EMP687,1,1,Standard,10,GBP
ORD114081,31-03-2023,BR97,USA,Los Angeles,CUST3382,PROD185,Mobile,Samsung Galaxy S23,HP,3,1290.05,0.19,0.18,3699.09,Debit Card,In-Store,EMP847,2,0,Standard,7,INR
ORD114082,11-03-2024,BR3,UAE,Abu Dhabi,CUST1720,PROD865,Mobile,OnePlus 11,Dell,1,366.22,0.27,0.18,315.46,Net Banking,Online,EMP884,1,1,Same Day,10,GBP
ORD114083,04-08-2024,BR103,UK,London,CUST6414,PROD100,Mobile,iPhone 14,Lenovo,2,1194.95,0.26,0.18,2086.86,Credit Card,In-Store,EMP933,2,0,Standard,5,AED
ORD114084,26-10-2024,BR88,USA,New York,CUST8120,PROD501,Mobile,OnePlus 11,LG,5,103.73,0.19,0.18,495.73,Net Banking,Online,EMP847,3,1,Standard,6,GBP
ORD114085,13-03-2023,BR20,Germany,Berlin,CUST9246,PROD257,Laptop,Dell XPS 13,LG,3,747.59,0.2,0.18,2117.17,Credit Card,In-Store,EMP277,1,1,Standard,8,USD
ORD114086,13-02-2023,BR83,UK,Birmingham,CUST4265,PROD655,Tablet,iPad Air,HP,5,877.5,0.04,0.18,4970.16,Cash,Online,EMP423,2,1,Express,10,GBP
ORD114087,26-10-2023,BR77,USA,New York,CUST3642,PROD696,Tablet,iPad Air,Lenovo,1,1351.36,0,0.18,1594.6,UPI,In-Store,EMP510,3,0,Express,4,USD
ORD114088,31-08-2023,BR100,Germany,Berlin,CUST3809,PROD818,TV,LG OLED 48,Samsung,1,365.5,0.07,0.18,401.1,Credit Card,Online,EMP879,0,1,Same Day,10,GBP
ORD114089,30-01-2024,BR29,UAE,Abu Dhabi,CUST1242,PROD710,Accessories,Keyboard,HP,4,1578.92,0.29,0.18,5291.28,Debit Card,Online,EMP676,0,0,Same Day,10,AED
ORD114090,25-10-2024,BR116,Germany,Munich,CUST6185,PROD415,TV,LG OLED 48,Dell,5,1241.53,0.02,0.18,7178.53,Net Banking,Online,EMP391,1,0,Express,8,USD
ORD114091,01-10-2024,BR15,UAE,Abu Dhabi,CUST7183,PROD157,Laptop,Dell XPS 13,HP,5,438.57,0.03,0.18,2509.94,Net Banking,Online,EMP308,3,1,Same Day,6,GBP
ORD114092,19-06-2023,BR68,Germany,Munich,CUST8258,PROD425,Tablet,iPad Air,Samsung,1,1411.14,0.27,0.18,1215.56,Credit Card,In-Store,EMP316,1,1,Same Day,5,AED
ORD114093,02-02-2024,BR9,UK,Birmingham,CUST9645,PROD553,Mobile,OnePlus 11,OnePlus,1,884.08,0.07,0.18,970.19,Debit Card,Online,EMP434,3,0,Same Day,2,EUR
ORD114094,26-07-2023,BR83,UK,Birmingham,CUST9398,PROD836,Accessories,Bluetooth Headphones,OnePlus,4,1275.98,0.12,0.18,5299.91,Credit Card,In-Store,EMP587,3,0,Express,3,EUR
ORD114095,14-07-2023,BR70,USA,Los Angeles,CUST4645,PROD849,Laptop,HP Spectre x360,Dell,3,1383.05,0.19,0.18,3965.76,UPI,In-Store,EMP420,3,0,Express,5,INR
ORD114096,13-06-2024,BR44,India,Bangalore,CUST9411,PROD555,TV,Samsung QLED 50,LG,5,742.05,0.15,0.18,3721.38,Net Banking,In-Store,EMP740,1,1,Express,8,USD
ORD114097,14-08-2024,BR53,UAE,Abu Dhabi,CUST5043,PROD237,TV,LG OLED 48,Apple,3,1018.31,0.08,0.18,3316.43,Cash,Online,EMP268,1,1,Standard,6,EUR
ORD114098,26-03-2024,BR10,India,Pune,CUST4572,PROD307,Laptop,HP Spectre x360,Sony,5,1226.83,0.04,0.18,6948.77,Credit Card,Online,EMP647,1,1,Same Day,8,GBP
ORD114099,01-03-2024,BR93,USA,Chicago,CUST7931,PROD597,Accessories,Wireless Mouse,Apple,5,1563.29,0.11,0.18,8208.84,Credit Card,In-Store,EMP810,1,1,Standard,2,EUR
ORD114100,10-11-2023,BR33,Germany,Berlin,CUST7262,PROD974,TV,LG OLED 48,Sony,1,120.29,0.2,0.18,113.55,UPI,Online,EMP892,3,1,Same Day,7,AED
ORD114101,20-05-2023,BR47,Germany,Berlin,CUST1038,PROD784,Accessories,Bluetooth Headphones,HP,4,718.77,0.03,0.18,3290.82,Cash,In-Store,EMP989,1,1,Same Day,7,GBP
ORD114102,16-08-2023,BR83,UAE,Dubai,CUST6291,PROD207,Accessories,Bluetooth Headphones,OnePlus,4,590.5,0.16,0.18,2341.21,Cash,Online,EMP249,3,0,Express,4,INR
ORD114103,14-03-2024,BR78,UK,London,CUST4874,PROD223,Tablet,Samsung Galaxy Tab,HP,4,412.23,0.2,0.18,1556.58,Net Banking,In-Store,EMP212,1,1,Same Day,1,EUR
ORD114104,15-02-2023,BR26,UK,Birmingham,CUST3471,PROD617,Tablet,Lenovo Tab P11,Lenovo,4,250.21,0.1,0.18,1062.89,Credit Card,In-Store,EMP664,3,0,Express,9,GBP
ORD114105,24-03-2024,BR74,UAE,Dubai,CUST3523,PROD747,Accessories,Bluetooth Headphones,Sony,1,210.02,0.27,0.18,180.91,UPI,Online,EMP887,1,1,Express,8,GBP
ORD114106,20-07-2023,BR51,UAE,Dubai,CUST9213,PROD666,Laptop,Dell XPS 13,Samsung,5,653.65,0.02,0.18,3779.4,UPI,In-Store,EMP592,1,1,Standard,5,GBP
ORD114107,01-11-2024,BR4,India,Bangalore,CUST2296,PROD927,Accessories,Bluetooth Headphones,Sony,4,1036.93,0.3,0.18,3426.02,UPI,Online,EMP648,2,1,Express,2,INR
ORD114108,15-05-2023,BR10,UAE,Abu Dhabi,CUST8567,PROD387,Mobile,iPhone 14,Dell,5,1973.42,0.04,0.18,11177.45,Debit Card,Online,EMP237,1,0,Express,1,AED
ORD114109,27-01-2023,BR106,UAE,Dubai,CUST7005,PROD971,Tablet,iPad Air,OnePlus,2,1953.07,0.11,0.18,4102.23,UPI,Online,EMP897,0,0,Standard,6,AED
ORD114110,08-01-2023,BR44,UAE,Abu Dhabi,CUST7705,PROD114,Accessories,Bluetooth Headphones,LG,2,297.56,0.05,0.18,667.13,Net Banking,In-Store,EMP406,2,0,Express,9,USD
ORD114111,29-04-2024,BR59,UAE,Abu Dhabi,CUST1263,PROD909,Mobile,iPhone 14,LG,3,730.46,0.21,0.18,2042.8,UPI,Online,EMP636,3,1,Same Day,7,GBP
ORD114112,24-08-2023,BR96,Germany,Berlin,CUST9478,PROD366,TV,Sony Bravia 55,HP,4,1104.31,0.11,0.18,4638.99,Net Banking,In-Store,EMP316,1,1,Express,5,INR
ORD114113,07-09-2023,BR4,UK,London,CUST8115,PROD930,Laptop,Dell XPS 13,Lenovo,5,374.47,0.13,0.18,1922.15,Debit Card,Online,EMP661,3,1,Express,7,INR
ORD114114,06-10-2023,BR37,India,Bangalore,CUST1286,PROD697,Accessories,Bluetooth Headphones,Sony,1,172.91,0.15,0.18,173.43,Cash,Online,EMP933,3,1,Same Day,7,INR
ORD114115,17-11-2023,BR94,UAE,Dubai,CUST1069,PROD442,Tablet,iPad Air,Samsung,1,1861.83,0.19,0.18,1779.54,UPI,Online,EMP766,3,0,Same Day,4,GBP
ORD114116,15-03-2024,BR118,India,Bangalore,CUST3794,PROD186,Tablet,iPad Air,OnePlus,3,1500.78,0.1,0.18,4781.49,Net Banking,In-Store,EMP523,3,0,Standard,10,USD
ORD114117,09-09-2023,BR42,UAE,Abu Dhabi,CUST7280,PROD645,TV,Sony Bravia 55,OnePlus,2,930.91,0.18,0.18,1801.5,Credit Card,Online,EMP334,0,0,Standard,9,USD
ORD114118,09-10-2023,BR10,UAE,Abu Dhabi,CUST4946,PROD671,Mobile,Samsung Galaxy S23,Samsung,2,1192.18,0.07,0.18,2616.6,Cash,In-Store,EMP606,0,1,Same Day,10,EUR
ORD114119,12-03-2024,BR34,Germany,Munich,CUST2562,PROD920,Tablet,Samsung Galaxy Tab,LG,5,211.64,0.13,0.18,1086.35,Credit Card,In-Store,EMP748,3,1,Standard,8,AED
ORD114120,10-12-2023,BR8,UK,Manchester,CUST4729,PROD227,Tablet,iPad Air,Dell,4,74.38,0.04,0.18,337.03,Net Banking,In-Store,EMP503,3,1,Standard,10,USD
ORD114121,28-03-2024,BR97,India,Delhi,CUST9788,PROD974,Tablet,iPad Air,Lenovo,4,834.56,0.26,0.18,2914.95,Net Banking,In-Store,EMP206,3,0,Standard,7,AED
ORD114122,12-05-2023,BR56,UK,London,CUST7875,PROD525,Laptop,Dell XPS 13,OnePlus,5,1129.86,0.22,0.18,5199.62,Credit Card,Online,EMP329,0,0,Express,8,GBP
ORD114123,03-10-2023,BR69,India,Delhi,CUST6838,PROD320,Mobile,iPhone 14,Dell,4,1136.35,0.17,0.18,4451.76,Credit Card,Online,EMP759,1,1,Same Day,8,EUR
ORD114124,01-11-2023,BR78,India,Bangalore,CUST2994,PROD919,TV,Sony Bravia 55,Lenovo,3,275.6,0.22,0.18,760.99,Net Banking,Online,EMP735,1,1,Same Day,7,GBP
ORD114125,29-02-2024,BR61,UAE,Abu Dhabi,CUST2643,PROD596,Tablet,Samsung Galaxy Tab,LG,3,1768.99,0.17,0.18,5197.65,UPI,In-Store,EMP392,0,0,Express,3,AED
ORD114126,27-05-2023,BR34,USA,Dallas,CUST3099,PROD636,Tablet,Lenovo Tab P11,OnePlus,4,1554.66,0.12,0.18,6457.44,Credit Card,In-Store,EMP864,3,1,Standard,1,USD
ORD114127,15-05-2023,BR41,USA,Chicago,CUST3985,PROD123,Mobile,iPhone 14,Apple,2,732.24,0.26,0.18,1278.78,Cash,Online,EMP893,0,0,Express,7,INR
ORD114128,06-12-2023,BR49,UK,London,CUST3548,PROD539,Mobile,iPhone 14,OnePlus,2,746.09,0.05,0.18,1672.73,Cash,In-Store,EMP540,1,0,Express,7,INR
ORD114129,08-05-2023,BR10,UAE,Dubai,CUST5413,PROD406,TV,Samsung QLED 50,Sony,2,1795.8,0.06,0.18,3983.8,Credit Card,Online,EMP520,0,1,Standard,5,INR
ORD114130,13-12-2024,BR50,UAE,Dubai,CUST1481,PROD140,TV,Sony Bravia 55,Dell,1,446.06,0.07,0.18,489.51,UPI,In-Store,EMP578,0,0,Express,8,EUR
ORD114131,27-06-2023,BR12,India,Bangalore,CUST7427,PROD703,Accessories,Bluetooth Headphones,Dell,2,693.15,0.28,0.18,1177.8,Credit Card,Online,EMP499,1,0,Standard,4,EUR
ORD114132,15-10-2023,BR114,Germany,Berlin,CUST7424,PROD553,Mobile,iPhone 14,LG,2,1014.38,0.27,0.18,1747.57,Net Banking,In-Store,EMP263,2,0,Standard,6,INR
ORD114133,27-07-2023,BR71,Germany,Hamburg,CUST3782,PROD987,Tablet,Samsung Galaxy Tab,OnePlus,1,1016.47,0.2,0.18,959.55,Net Banking,Online,EMP971,2,0,Express,2,EUR
ORD114134,25-05-2023,BR59,UK,Birmingham,CUST5589,PROD928,Tablet,Samsung Galaxy Tab,Lenovo,3,1273.38,0.14,0.18,3876.68,Credit Card,Online,EMP940,1,0,Express,9,AED
ORD114135,24-11-2023,BR13,USA,Chicago,CUST6903,PROD642,Mobile,OnePlus 11,Samsung,1,600.71,0.28,0.18,510.36,Cash,In-Store,EMP867,0,0,Express,2,AED
ORD114136,19-05-2024,BR79,India,Pune,CUST6078,PROD194,Laptop,Dell XPS 13,Sony,5,830.54,0.26,0.18,3626.14,UPI,Online,EMP412,3,1,Same Day,1,USD
ORD114137,02-02-2024,BR98,India,Bangalore,CUST2053,PROD936,Laptop,Dell XPS 13,Apple,3,433.25,0.28,0.18,1104.27,Net Banking,In-Store,EMP755,2,1,Standard,4,USD
ORD114138,18-11-2023,BR3,Germany,Berlin,CUST3486,PROD460,Mobile,Samsung Galaxy S23,Apple,4,730.55,0.3,0.18,2413.74,Credit Card,Online,EMP603,3,1,Same Day,2,USD
ORD114139,25-11-2024,BR19,Germany,Hamburg,CUST1311,PROD649,Accessories,Bluetooth Headphones,Lenovo,2,1761.09,0.2,0.18,3324.94,UPI,Online,EMP234,0,0,Same Day,10,EUR
ORD114140,24-10-2024,BR77,UAE,Dubai,CUST3042,PROD188,Mobile,iPhone 14,Sony,5,1158.54,0.17,0.18,5673.37,Cash,In-Store,EMP839,0,1,Same Day,10,INR
ORD114141,03-09-2023,BR106,UK,Manchester,CUST1383,PROD278,Mobile,OnePlus 11,Dell,4,1382.7,0.22,0.18,5090.55,Cash,In-Store,EMP658,3,1,Express,4,INR
ORD114142,17-09-2024,BR91,India,Pune,CUST3790,PROD855,Accessories,Wireless Mouse,HP,4,1649.89,0.19,0.18,6307.86,Cash,Online,EMP879,3,1,Express,6,INR
ORD114143,18-03-2023,BR89,India,Bangalore,CUST6096,PROD295,Tablet,Lenovo Tab P11,LG,2,95.6,0.18,0.18,185.01,Credit Card,Online,EMP759,0,0,Standard,6,EUR
ORD114144,04-01-2024,BR31,USA,New York,CUST6225,PROD391,Laptop,Dell XPS 13,HP,3,1794.12,0.17,0.18,5271.48,Credit Card,In-Store,EMP598,1,1,Same Day,5,AED
ORD114145,08-10-2024,BR30,India,Pune,CUST1574,PROD528,Mobile,OnePlus 11,HP,3,1877.09,0.1,0.18,5980.41,Net Banking,In-Store,EMP630,2,1,Standard,9,GBP
ORD114146,11-06-2023,BR90,India,Bangalore,CUST5087,PROD361,Tablet,iPad Air,OnePlus,5,1045.57,0.17,0.18,5120.16,UPI,Online,EMP364,3,0,Standard,7,AED
ORD114147,17-05-2024,BR3,UK,Manchester,CUST1855,PROD136,TV,Sony Bravia 55,Sony,2,1610.3,0.21,0.18,3002.24,Debit Card,Online,EMP972,1,0,Standard,9,GBP
ORD114148,29-10-2023,BR12,India,Bangalore,CUST9296,PROD666,Accessories,Keyboard,LG,1,278.71,0.04,0.18,315.72,Cash,Online,EMP486,2,0,Express,6,AED
ORD114149,02-01-2024,BR38,UK,London,CUST9793,PROD186,Tablet,Samsung Galaxy Tab,OnePlus,2,278.04,0,0.18,656.17,Cash,In-Store,EMP632,2,0,Same Day,8,GBP
ORD114150,01-07-2024,BR109,India,Bangalore,CUST6956,PROD304,Laptop,Dell XPS 13,OnePlus,2,751.73,0.12,0.18,1561.19,UPI,In-Store,EMP743,3,0,Same Day,6,AED
ORD114151,27-10-2024,BR34,India,Bangalore,CUST7876,PROD532,Tablet,Lenovo Tab P11,Sony,4,960.17,0.17,0.18,3761.56,Credit Card,Online,EMP972,2,0,Standard,7,INR
ORD114152,10-03-2024,BR13,India,Pune,CUST9599,PROD460,TV,LG OLED 48,OnePlus,4,399.74,0.29,0.18,1339.61,Cash,In-Store,EMP949,3,0,Same Day,9,AED
ORD114153,26-12-2023,BR58,UAE,Dubai,CUST5073,PROD772,Mobile,iPhone 14,Apple,3,630.36,0.17,0.18,1852.12,UPI,Online,EMP948,0,1,Express,2,AED
ORD114154,09-09-2024,BR3,India,Bangalore,CUST8332,PROD145,TV,LG OLED 48,Sony,3,839.24,0.27,0.18,2168.76,Net Banking,Online,EMP398,3,1,Express,8,AED
ORD114155,09-02-2024,BR117,Germany,Hamburg,CUST1249,PROD289,Laptop,MacBook Air M2,Apple,4,1400.4,0.19,0.18,5354.01,Credit Card,In-Store,EMP760,0,1,Standard,7,EUR
ORD114156,01-07-2023,BR48,UAE,Abu Dhabi,CUST5160,PROD240,Accessories,Keyboard,Samsung,1,375.64,0.15,0.18,376.77,Debit Card,Online,EMP568,1,1,Standard,1,AED
ORD114157,19-05-2023,BR99,Germany,Munich,CUST5039,PROD859,Mobile,OnePlus 11,HP,1,649.57,0.22,0.18,597.86,Net Banking,Online,EMP379,2,1,Standard,10,AED
ORD114158,15-07-2023,BR88,Germany,Hamburg,CUST7072,PROD758,Accessories,Wireless Mouse,HP,4,1590.99,0.19,0.18,6082.67,Credit Card,In-Store,EMP767,3,1,Express,6,AED
ORD114159,22-04-2023,BR85,UK,Manchester,CUST5391,PROD571,Mobile,iPhone 14,Lenovo,1,119.7,0.16,0.18,118.65,Credit Card,In-Store,EMP628,3,1,Express,7,EUR
ORD114160,18-08-2024,BR104,India,Bangalore,CUST6852,PROD979,TV,Samsung QLED 50,Dell,4,510.68,0.12,0.18,2121.16,UPI,Online,EMP714,0,0,Standard,1,GBP
ORD114161,08-01-2023,BR80,UK,Birmingham,CUST3573,PROD747,Accessories,Wireless Mouse,Lenovo,4,1670.3,0.17,0.18,6543.57,UPI,In-Store,EMP780,2,0,Express,4,INR
ORD114162,25-11-2023,BR119,India,Delhi,CUST2241,PROD710,Laptop,HP Spectre x360,Sony,3,208.21,0.14,0.18,633.87,Cash,In-Store,EMP514,1,1,Express,3,INR
ORD114163,20-06-2024,BR32,UAE,Dubai,CUST9705,PROD906,Accessories,Wireless Mouse,Lenovo,2,685.77,0.16,0.18,1359.47,Debit Card,Online,EMP912,0,1,Express,7,AED
ORD114164,28-10-2023,BR34,UK,Manchester,CUST7003,PROD418,Tablet,Lenovo Tab P11,Sony,5,607.55,0.01,0.18,3548.7,Cash,In-Store,EMP611,1,1,Standard,10,INR
ORD114165,22-08-2023,BR2,UK,Manchester,CUST6358,PROD508,Tablet,iPad Air,Apple,5,1973.24,0.02,0.18,11409.27,Cash,In-Store,EMP542,3,1,Express,9,AED
ORD114166,30-10-2023,BR93,UK,Manchester,CUST3299,PROD356,Mobile,iPhone 14,OnePlus,5,1164.07,0.02,0.18,6730.65,UPI,In-Store,EMP882,3,1,Express,2,GBP
ORD114167,01-08-2023,BR14,Germany,Munich,CUST1869,PROD671,Laptop,MacBook Air M2,LG,3,1166.34,0.26,0.18,3055.34,Cash,Online,EMP761,2,0,Express,7,USD
ORD114168,26-02-2023,BR92,USA,New York,CUST8518,PROD416,TV,LG OLED 48,HP,3,1217.21,0.08,0.18,3964.21,Net Banking,In-Store,EMP515,0,1,Standard,9,EUR
ORD114169,04-02-2023,BR45,UAE,Abu Dhabi,CUST2966,PROD531,Laptop,HP Spectre x360,HP,3,1227.07,0.04,0.18,4170.07,Cash,In-Store,EMP385,2,0,Express,5,GBP
ORD114170,11-04-2023,BR91,India,Mumbai,CUST7730,PROD795,TV,Sony Bravia 55,Sony,3,1807.66,0.15,0.18,5439.25,Credit Card,Online,EMP267,1,1,Standard,8,INR
ORD114171,20-02-2024,BR62,UAE,Dubai,CUST4029,PROD211,Accessories,Wireless Mouse,Dell,3,528.77,0.01,0.18,1853.13,Debit Card,Online,EMP236,3,1,Express,9,EUR
ORD114172,25-06-2024,BR8,Germany,Berlin,CUST7641,PROD855,TV,Samsung QLED 50,OnePlus,4,1375.69,0.15,0.18,5519.27,UPI,Online,EMP432,1,0,Same Day,1,AED
ORD114173,28-04-2023,BR18,UAE,Abu Dhabi,CUST1568,PROD473,Mobile,iPhone 14,Sony,2,321.95,0.12,0.18,668.63,Debit Card,In-Store,EMP643,1,0,Express,10,GBP
ORD114174,11-05-2024,BR96,Germany,Munich,CUST7399,PROD724,Mobile,iPhone 14,LG,3,900.26,0.19,0.18,2581.41,Credit Card,Online,EMP640,1,1,Standard,6,GBP
ORD114175,19-07-2024,BR43,USA,Los Angeles,CUST1927,PROD652,Tablet,iPad Air,OnePlus,2,1500.43,0.13,0.18,3080.68,Cash,In-Store,EMP996,1,1,Same Day,5,GBP
ORD114176,13-11-2024,BR17,UK,Manchester,CUST1071,PROD429,TV,LG OLED 48,LG,2,1740.47,0.11,0.18,3655.68,UPI,Online,EMP906,1,1,Same Day,10,INR
ORD114177,19-11-2023,BR29,USA,Los Angeles,CUST1297,PROD597,Laptop,MacBook Air M2,Sony,3,1874.51,0.24,0.18,5043.18,Net Banking,In-Store,EMP395,1,0,Express,10,INR
ORD114178,08-05-2023,BR57,Germany,Hamburg,CUST6535,PROD953,Laptop,Dell XPS 13,Dell,4,1669.09,0.11,0.18,7011.51,Net Banking,In-Store,EMP586,0,0,Same Day,2,USD
ORD114179,09-04-2024,BR2,UAE,Dubai,CUST6211,PROD652,TV,LG OLED 48,Samsung,2,219.48,0.16,0.18,435.1,Cash,In-Store,EMP883,2,0,Express,6,INR
ORD114180,05-10-2023,BR47,India,Mumbai,CUST7324,PROD774,Mobile,OnePlus 11,Dell,5,1490.49,0.08,0.18,8090.38,Cash,In-Store,EMP265,2,0,Same Day,8,USD
ORD114181,24-10-2024,BR106,UAE,Abu Dhabi,CUST3538,PROD925,TV,LG OLED 48,Dell,4,966.6,0.21,0.18,3604.26,Net Banking,In-Store,EMP632,3,1,Express,7,EUR
ORD114182,30-09-2024,BR47,USA,Dallas,CUST9033,PROD755,Accessories,Bluetooth Headphones,Apple,1,747.58,0.25,0.18,661.61,Credit Card,Online,EMP512,3,1,Standard,2,USD
ORD114183,07-02-2023,BR72,India,Bangalore,CUST2205,PROD747,Accessories,Wireless Mouse,LG,5,693.83,0.01,0.18,4052.66,Cash,In-Store,EMP564,3,0,Standard,5,EUR
ORD114184,31-05-2023,BR99,India,Bangalore,CUST8195,PROD289,Accessories,Keyboard,Samsung,2,598.15,0.15,0.18,1199.89,Net Banking,In-Store,EMP954,3,0,Standard,6,GBP
ORD114185,08-12-2024,BR93,India,Pune,CUST8582,PROD192,TV,Samsung QLED 50,Lenovo,1,1022.27,0.12,0.18,1061.53,Credit Card,In-Store,EMP850,1,1,Standard,7,USD
ORD114186,26-09-2024,BR33,UAE,Dubai,CUST3083,PROD162,Laptop,HP Spectre x360,OnePlus,5,1710.81,0.12,0.18,8882.53,Cash,Online,EMP597,2,0,Express,7,INR
ORD114187,02-10-2024,BR57,USA,Dallas,CUST8926,PROD109,Accessories,Bluetooth Headphones,Dell,5,128.16,0.13,0.18,657.85,Credit Card,In-Store,EMP936,3,1,Express,7,EUR
ORD114188,22-12-2023,BR6,UK,London,CUST4065,PROD594,Laptop,MacBook Air M2,OnePlus,5,213.87,0.08,0.18,1160.89,UPI,Online,EMP602,3,1,Express,5,USD
ORD114189,21-09-2024,BR73,UAE,Dubai,CUST4168,PROD497,Laptop,HP Spectre x360,OnePlus,5,1075.83,0.23,0.18,4887.5,Credit Card,Online,EMP810,2,0,Standard,8,GBP
ORD114190,10-07-2023,BR106,India,Mumbai,CUST2815,PROD177,TV,LG OLED 48,Apple,4,272.73,0.17,0.18,1068.45,Debit Card,In-Store,EMP366,2,1,Standard,10,EUR
ORD114191,24-08-2023,BR19,Germany,Berlin,CUST7464,PROD299,Laptop,MacBook Air M2,Sony,1,1442.74,0.19,0.18,1378.97,Credit Card,In-Store,EMP592,1,0,Same Day,8,INR
ORD114192,11-11-2024,BR18,UAE,Dubai,CUST1935,PROD954,Laptop,HP Spectre x360,Dell,1,286.1,0.17,0.18,280.21,Net Banking,In-Store,EMP753,2,0,Standard,8,USD
ORD114193,10-08-2024,BR102,UK,London,CUST5138,PROD538,TV,Samsung QLED 50,LG,3,402.89,0.25,0.18,1069.67,UPI,In-Store,EMP486,0,0,Express,2,GBP
ORD114194,31-10-2024,BR24,India,Mumbai,CUST8878,PROD875,TV,Samsung QLED 50,LG,5,1585.17,0.28,0.18,6733.8,Debit Card,Online,EMP416,0,1,Express,3,AED
ORD114195,19-07-2023,BR95,UAE,Dubai,CUST9753,PROD180,Mobile,OnePlus 11,LG,1,1918.47,0.2,0.18,1811.04,UPI,In-Store,EMP856,3,1,Express,4,EUR
ORD114196,05-11-2024,BR30,Germany,Berlin,CUST9234,PROD414,Accessories,Bluetooth Headphones,HP,5,1436,0.11,0.18,7540.44,Credit Card,In-Store,EMP611,3,0,Standard,8,INR
ORD114197,20-05-2024,BR2,UAE,Abu Dhabi,CUST1736,PROD471,TV,Sony Bravia 55,HP,3,1042.7,0.06,0.18,3469.69,UPI,Online,EMP730,3,1,Same Day,5,USD
ORD114198,09-04-2023,BR47,India,Pune,CUST6403,PROD268,TV,Sony Bravia 55,HP,1,1265.17,0.06,0.18,1403.33,Net Banking,In-Store,EMP796,0,1,Express,1,USD
ORD114199,11-04-2023,BR101,UK,Manchester,CUST3180,PROD311,Accessories,Wireless Mouse,Lenovo,5,967.17,0.14,0.18,4907.42,Cash,In-Store,EMP902,0,1,Express,4,GBP
ORD114200,08-03-2023,BR119,India,Pune,CUST8002,PROD653,Laptop,MacBook Air M2,Apple,3,1368.26,0.23,0.18,3729.6,Cash,Online,EMP378,3,1,Express,9,INR
ORD114201,13-03-2023,BR69,USA,New York,CUST2551,PROD460,Accessories,Wireless Mouse,OnePlus,3,412.11,0.21,0.18,1152.51,Debit Card,Online,EMP662,1,0,Same Day,8,GBP
ORD114202,11-08-2023,BR119,Germany,Munich,CUST9450,PROD469,Laptop,Dell XPS 13,Sony,4,1927.35,0.09,0.18,8278.35,UPI,Online,EMP746,0,1,Standard,3,GBP
ORD114203,01-11-2023,BR61,Germany,Hamburg,CUST5454,PROD451,Mobile,iPhone 14,LG,3,1995.73,0.23,0.18,5439.96,Credit Card,In-Store,EMP767,3,0,Express,5,GBP
ORD114204,29-08-2024,BR27,UAE,Dubai,CUST8455,PROD661,Tablet,iPad Air,Sony,5,768.05,0.06,0.18,4259.61,Cash,In-Store,EMP543,1,1,Express,8,AED
ORD114205,12-03-2023,BR94,UK,London,CUST9626,PROD579,Mobile,OnePlus 11,LG,4,185.13,0.26,0.18,646.62,Cash,Online,EMP960,3,0,Standard,3,EUR
ORD114206,29-10-2024,BR8,Germany,Berlin,CUST5190,PROD900,Accessories,Bluetooth Headphones,Dell,4,705.83,0.15,0.18,2831.79,UPI,Online,EMP391,0,1,Same Day,3,GBP
ORD114207,26-11-2024,BR118,Germany,Berlin,CUST9439,PROD131,Laptop,Dell XPS 13,Sony,5,56.08,0.26,0.18,244.85,Credit Card,In-Store,EMP937,0,0,Same Day,3,GBP
ORD114208,11-11-2023,BR29,UK,Manchester,CUST3218,PROD644,Mobile,OnePlus 11,HP,4,1050.05,0.1,0.18,4460.61,Net Banking,Online,EMP287,2,1,Express,10,GBP
ORD114209,05-11-2023,BR102,India,Bangalore,CUST4121,PROD963,TV,Sony Bravia 55,HP,4,1071.64,0.01,0.18,5007.56,Net Banking,In-Store,EMP901,2,0,Express,2,EUR
ORD114210,29-04-2023,BR22,India,Mumbai,CUST1554,PROD728,Accessories,Bluetooth Headphones,LG,3,1463.21,0.14,0.18,4454.6,Cash,In-Store,EMP497,2,0,Standard,5,GBP
ORD114211,25-08-2024,BR21,UK,London,CUST9143,PROD473,Mobile,iPhone 14,Dell,4,1586.85,0.16,0.18,6291.54,Net Banking,In-Store,EMP226,1,0,Standard,4,GBP
ORD114212,22-07-2024,BR94,USA,Los Angeles,CUST3971,PROD251,Tablet,Samsung Galaxy Tab,Sony,4,1550.47,0.02,0.18,7171.85,UPI,In-Store,EMP542,0,0,Standard,8,INR
ORD114213,15-07-2023,BR72,Germany,Munich,CUST4358,PROD742,TV,Sony Bravia 55,Lenovo,3,1287.33,0.18,0.18,3736.86,Credit Card,In-Store,EMP303,1,0,Same Day,5,INR
ORD114214,21-07-2023,BR108,UAE,Abu Dhabi,CUST4211,PROD121,Tablet,Lenovo Tab P11,Samsung,2,1865.12,0.01,0.18,4357.67,Credit Card,Online,EMP434,2,1,Express,5,USD
ORD114215,29-09-2024,BR18,UK,London,CUST2522,PROD102,Laptop,MacBook Air M2,Apple,5,1429.32,0.11,0.18,7505.36,Debit Card,In-Store,EMP507,1,1,Same Day,3,AED
ORD114216,17-11-2023,BR37,Germany,Hamburg,CUST6166,PROD307,Accessories,Keyboard,Sony,1,360.31,0.21,0.18,335.88,Debit Card,Online,EMP441,2,0,Same Day,1,EUR
ORD114217,29-09-2023,BR23,India,Pune,CUST5372,PROD986,Tablet,iPad Air,LG,1,562.77,0.23,0.18,511.33,Net Banking,Online,EMP566,2,1,Standard,8,GBP
ORD114218,18-12-2024,BR109,Germany,Munich,CUST9860,PROD408,TV,Sony Bravia 55,Apple,5,380.92,0.18,0.18,1842.89,Net Banking,Online,EMP576,0,1,Same Day,6,GBP
ORD114219,10-11-2023,BR9,UK,Manchester,CUST3072,PROD823,Tablet,Lenovo Tab P11,LG,4,1353.69,0.18,0.18,5239.32,Cash,Online,EMP308,0,0,Express,5,GBP
ORD114220,30-03-2024,BR45,UAE,Abu Dhabi,CUST2263,PROD308,Mobile,OnePlus 11,Sony,1,1924.08,0.11,0.18,2020.67,Debit Card,Online,EMP905,0,0,Express,9,GBP
ORD114221,21-10-2024,BR75,India,Mumbai,CUST2078,PROD566,Accessories,Keyboard,Samsung,2,434.3,0.19,0.18,830.21,Net Banking,In-Store,EMP879,1,0,Same Day,2,INR
ORD114222,31-10-2024,BR117,Germany,Berlin,CUST4625,PROD661,Mobile,OnePlus 11,Sony,3,869.82,0.1,0.18,2771.25,UPI,In-Store,EMP735,3,0,Same Day,1,INR
ORD114223,25-03-2024,BR17,Germany,Munich,CUST9780,PROD811,Accessories,Bluetooth Headphones,Apple,5,1116.83,0.23,0.18,5073.76,Net Banking,Online,EMP551,2,0,Express,1,EUR
ORD114224,15-10-2024,BR61,USA,Los Angeles,CUST7783,PROD988,Tablet,Lenovo Tab P11,OnePlus,5,169.89,0.01,0.18,992.33,Debit Card,Online,EMP404,0,1,Express,9,USD
ORD114225,02-05-2023,BR36,Germany,Munich,CUST7345,PROD906,Accessories,Wireless Mouse,LG,2,1498.14,0.06,0.18,3323.47,Debit Card,In-Store,EMP571,3,0,Express,9,EUR
ORD114226,05-07-2023,BR107,USA,Dallas,CUST9817,PROD148,Accessories,Bluetooth Headphones,HP,4,196.54,0.03,0.18,899.84,Cash,Online,EMP395,2,1,Standard,2,GBP
ORD114227,08-07-2024,BR93,Germany,Munich,CUST3542,PROD400,Mobile,OnePlus 11,Apple,3,947.94,0,0.18,3355.71,Cash,In-Store,EMP411,0,0,Same Day,9,EUR
ORD114228,29-11-2024,BR47,UAE,Abu Dhabi,CUST4443,PROD116,Tablet,iPad Air,Sony,5,385.42,0.16,0.18,1910.14,Debit Card,In-Store,EMP830,2,0,Express,4,GBP
ORD114229,17-12-2023,BR88,Germany,Munich,CUST3649,PROD226,Mobile,Samsung Galaxy S23,OnePlus,3,1146.59,0.23,0.18,3125.38,Net Banking,Online,EMP871,3,1,Express,2,EUR
ORD114230,15-09-2024,BR113,UAE,Abu Dhabi,CUST6442,PROD281,Accessories,Keyboard,Sony,4,1357.1,0.1,0.18,5764.96,Net Banking,In-Store,EMP573,0,0,Express,9,USD
ORD114231,26-01-2024,BR5,India,Delhi,CUST2896,PROD908,Tablet,Lenovo Tab P11,Dell,4,156.3,0.27,0.18,538.55,Credit Card,Online,EMP516,1,1,Standard,10,INR
ORD114232,11-01-2024,BR15,UAE,Dubai,CUST1692,PROD619,TV,Sony Bravia 55,LG,1,1145.05,0.28,0.18,972.83,UPI,Online,EMP545,3,1,Express,6,EUR
ORD114233,21-12-2023,BR73,UK,London,CUST8028,PROD560,TV,LG OLED 48,OnePlus,3,1438.85,0.01,0.18,5042.59,Credit Card,In-Store,EMP580,1,1,Express,3,USD
ORD114234,08-02-2023,BR79,India,Pune,CUST5051,PROD977,Mobile,iPhone 14,Dell,3,606.62,0.22,0.18,1675,Cash,In-Store,EMP522,0,1,Express,7,AED
ORD114235,05-08-2024,BR21,UK,Manchester,CUST5101,PROD184,Tablet,Lenovo Tab P11,Dell,5,593.04,0.29,0.18,2484.24,UPI,Online,EMP390,1,0,Standard,9,INR
ORD114236,28-12-2024,BR27,UAE,Dubai,CUST3893,PROD311,Laptop,MacBook Air M2,LG,5,308.03,0.09,0.18,1653.81,Cash,Online,EMP569,2,0,Same Day,10,INR
ORD114237,25-10-2024,BR57,UAE,Abu Dhabi,CUST3211,PROD672,TV,Sony Bravia 55,Samsung,2,1194.01,0.17,0.18,2338.83,Credit Card,In-Store,EMP927,0,0,Same Day,5,USD
ORD114238,01-03-2023,BR35,USA,New York,CUST8694,PROD209,TV,LG OLED 48,OnePlus,1,485.88,0.29,0.18,407.07,Cash,In-Store,EMP583,2,0,Same Day,6,INR
ORD114239,15-11-2024,BR59,UK,Birmingham,CUST6857,PROD899,Mobile,iPhone 14,Lenovo,5,269.79,0.28,0.18,1146.07,Cash,Online,EMP338,1,1,Express,8,EUR
ORD114240,14-10-2023,BR65,Germany,Munich,CUST2815,PROD809,Mobile,Samsung Galaxy S23,OnePlus,4,1897.23,0.18,0.18,7343.04,Net Banking,In-Store,EMP323,1,1,Express,8,AED
ORD114241,23-03-2024,BR46,USA,Los Angeles,CUST9209,PROD658,TV,Samsung QLED 50,OnePlus,1,1223.39,0.11,0.18,1284.8,UPI,In-Store,EMP354,0,1,Standard,9,USD
ORD114242,25-11-2023,BR119,Germany,Munich,CUST1025,PROD773,Mobile,iPhone 14,Lenovo,4,1627.7,0.14,0.18,6607.16,Cash,In-Store,EMP340,1,0,Express,10,INR
ORD114243,08-08-2023,BR7,USA,Dallas,CUST7725,PROD181,TV,LG OLED 48,Lenovo,4,1579.9,0.1,0.18,6711.42,Cash,Online,EMP405,3,0,Express,4,INR
ORD114244,15-11-2023,BR43,UK,Birmingham,CUST6309,PROD947,Tablet,iPad Air,Sony,1,1695,0.29,0.18,1420.07,Credit Card,In-Store,EMP729,0,0,Same Day,2,INR
ORD114245,12-11-2023,BR87,USA,Los Angeles,CUST9570,PROD246,Tablet,Samsung Galaxy Tab,Samsung,4,386.13,0.25,0.18,1366.9,Debit Card,Online,EMP859,0,0,Standard,9,GBP
ORD114246,04-09-2023,BR68,UK,Manchester,CUST5684,PROD195,Laptop,Dell XPS 13,Lenovo,4,1501.38,0.2,0.18,5669.21,UPI,Online,EMP378,3,1,Standard,7,USD
ORD114247,14-06-2023,BR49,UK,Manchester,CUST1130,PROD119,Laptop,MacBook Air M2,Dell,2,671.01,0.14,0.18,1361.88,Credit Card,In-Store,EMP690,1,0,Express,6,EUR
ORD114248,10-09-2023,BR48,UAE,Abu Dhabi,CUST2428,PROD219,TV,Sony Bravia 55,Samsung,4,729.5,0.04,0.18,3305.51,Credit Card,Online,EMP366,0,1,Same Day,1,GBP
ORD114249,17-03-2023,BR27,Germany,Hamburg,CUST7435,PROD413,Accessories,Wireless Mouse,Samsung,5,1427.32,0.1,0.18,7579.07,UPI,Online,EMP962,1,0,Same Day,1,USD
ORD114250,09-03-2023,BR79,USA,Los Angeles,CUST5694,PROD752,Mobile,iPhone 14,Samsung,3,907.34,0.29,0.18,2280.51,Credit Card,In-Store,EMP364,1,0,Express,3,EUR
ORD114251,08-02-2024,BR68,India,Delhi,CUST9704,PROD770,Tablet,Samsung Galaxy Tab,OnePlus,3,75.28,0.06,0.18,250.5,Net Banking,Online,EMP576,2,0,Same Day,6,INR
ORD114252,05-12-2023,BR51,UK,London,CUST3952,PROD693,Accessories,Bluetooth Headphones,Sony,4,902.2,0.18,0.18,3491.87,Net Banking,Online,EMP297,0,1,Same Day,5,GBP
ORD114253,15-01-2024,BR45,Germany,Berlin,CUST8500,PROD868,Laptop,Dell XPS 13,Dell,2,1906.95,0.13,0.18,3915.35,Net Banking,In-Store,EMP329,1,0,Standard,1,EUR
ORD114254,19-02-2023,BR23,India,Bangalore,CUST6080,PROD933,Accessories,Keyboard,Apple,2,581.22,0.27,0.18,1001.33,Debit Card,In-Store,EMP272,0,1,Standard,8,USD
ORD114255,10-09-2023,BR60,UAE,Abu Dhabi,CUST9318,PROD182,Accessories,Bluetooth Headphones,Dell,5,1034.47,0.13,0.18,5309.93,UPI,Online,EMP866,0,0,Express,9,EUR
ORD114256,21-10-2024,BR22,UK,London,CUST9237,PROD509,Tablet,Lenovo Tab P11,Sony,3,1916.19,0.3,0.18,4748.32,UPI,In-Store,EMP444,3,0,Express,1,GBP
ORD114257,10-09-2023,BR25,UK,Manchester,CUST1259,PROD931,Mobile,Samsung Galaxy S23,Sony,2,1544.02,0.01,0.18,3607.45,Credit Card,Online,EMP277,1,1,Express,9,AED
ORD114258,23-09-2024,BR110,USA,Dallas,CUST6261,PROD231,Tablet,iPad Air,Dell,1,1765.86,0.29,0.18,1479.44,UPI,Online,EMP856,1,1,Standard,9,EUR
ORD114259,16-10-2024,BR8,UK,Birmingham,CUST4209,PROD776,Laptop,HP Spectre x360,OnePlus,4,1923.12,0.1,0.18,8169.41,Credit Card,In-Store,EMP246,0,0,Standard,8,EUR
ORD114260,24-02-2024,BR62,Germany,Munich,CUST7611,PROD296,Accessories,Bluetooth Headphones,HP,4,251.93,0.29,0.18,844.27,Debit Card,In-Store,EMP678,2,0,Standard,2,INR
ORD114261,05-11-2023,BR81,Germany,Hamburg,CUST7708,PROD162,Tablet,iPad Air,Apple,5,1047.97,0.07,0.18,5750.21,Cash,In-Store,EMP420,2,0,Same Day,8,USD
ORD114262,11-09-2023,BR93,UAE,Dubai,CUST3461,PROD775,Laptop,Dell XPS 13,LG,1,1492.19,0.14,0.18,1514.27,UPI,Online,EMP858,2,0,Standard,10,EUR
ORD114263,10-05-2024,BR59,USA,Dallas,CUST7546,PROD671,TV,Samsung QLED 50,HP,2,1299.25,0.26,0.18,2269.01,Credit Card,In-Store,EMP757,2,1,Express,2,GBP
ORD114264,22-06-2023,BR35,Germany,Munich,CUST4102,PROD940,Mobile,OnePlus 11,Sony,4,1449.48,0.04,0.18,6567.88,Debit Card,Online,EMP907,0,0,Standard,5,EUR
ORD114265,17-06-2023,BR89,UK,Birmingham,CUST3886,PROD679,Tablet,Lenovo Tab P11,LG,1,1722.82,0.16,0.18,1707.66,Debit Card,In-Store,EMP539,3,0,Standard,6,USD
ORD114266,04-12-2023,BR7,USA,Los Angeles,CUST2613,PROD737,Accessories,Wireless Mouse,Dell,2,1880.6,0.25,0.18,3328.66,UPI,In-Store,EMP535,2,0,Standard,7,AED
ORD114267,19-05-2023,BR86,UAE,Abu Dhabi,CUST6340,PROD342,Mobile,Samsung Galaxy S23,Samsung,1,1725.87,0.17,0.18,1690.32,Cash,Online,EMP458,3,0,Express,8,INR
ORD114268,09-11-2024,BR101,UK,Birmingham,CUST1540,PROD756,Laptop,Dell XPS 13,Apple,1,1439.71,0.25,0.18,1274.14,Debit Card,In-Store,EMP785,0,0,Same Day,1,INR
ORD114269,27-10-2024,BR12,UK,London,CUST8640,PROD580,Laptop,MacBook Air M2,Samsung,1,168.74,0.08,0.18,183.18,Debit Card,In-Store,EMP581,2,1,Same Day,7,EUR
ORD114270,24-12-2023,BR112,Germany,Munich,CUST8550,PROD906,Laptop,MacBook Air M2,HP,2,434.2,0.15,0.18,871.01,Debit Card,In-Store,EMP668,1,1,Express,2,EUR
ORD114271,05-09-2024,BR29,Germany,Hamburg,CUST5849,PROD550,Accessories,Keyboard,OnePlus,1,525.79,0,0.18,620.43,Cash,Online,EMP710,1,1,Standard,8,AED
ORD114272,25-04-2023,BR13,UAE,Dubai,CUST9342,PROD628,Accessories,Bluetooth Headphones,OnePlus,5,1824.62,0.01,0.18,10657.61,Cash,Online,EMP366,2,0,Same Day,6,AED
ORD114273,26-06-2023,BR35,UAE,Abu Dhabi,CUST1325,PROD217,Mobile,Samsung Galaxy S23,Dell,4,1820.74,0.3,0.18,6015.72,Cash,Online,EMP627,0,0,Same Day,3,EUR
ORD114274,26-12-2024,BR93,India,Bangalore,CUST8783,PROD440,Laptop,Dell XPS 13,Sony,5,771.19,0.03,0.18,4413.52,UPI,Online,EMP975,2,0,Standard,7,INR
ORD114275,30-01-2023,BR35,Germany,Munich,CUST7745,PROD153,Accessories,Keyboard,Sony,2,1081.01,0.18,0.18,2091.97,Net Banking,In-Store,EMP493,1,1,Express,10,EUR
ORD114276,09-09-2023,BR78,USA,Chicago,CUST9812,PROD357,Accessories,Keyboard,HP,5,1464.69,0.06,0.18,8123.17,Debit Card,Online,EMP740,2,0,Same Day,5,USD
ORD114277,21-06-2024,BR79,UK,Manchester,CUST4833,PROD658,Accessories,Keyboard,HP,4,1019.51,0,0.18,4812.09,Credit Card,Online,EMP728,3,0,Express,4,EUR
ORD114278,17-06-2024,BR105,USA,Dallas,CUST9494,PROD812,Tablet,iPad Air,Dell,4,1592.53,0.27,0.18,5487.22,Net Banking,In-Store,EMP788,2,0,Standard,9,EUR
ORD114279,13-03-2024,BR75,UK,Birmingham,CUST8663,PROD606,TV,Samsung QLED 50,Lenovo,1,1541.19,0.15,0.18,1545.81,Debit Card,In-Store,EMP782,1,0,Standard,5,GBP
ORD114280,13-11-2023,BR17,USA,Chicago,CUST3325,PROD371,Accessories,Bluetooth Headphones,OnePlus,3,1266.8,0.07,0.18,4170.56,Cash,Online,EMP394,2,1,Same Day,10,EUR
ORD114281,20-09-2023,BR19,Germany,Hamburg,CUST2209,PROD893,Tablet,Lenovo Tab P11,Sony,3,1725.07,0.18,0.18,5007.53,Cash,Online,EMP400,1,0,Standard,2,INR
ORD114282,17-12-2023,BR89,UK,Birmingham,CUST6902,PROD364,Mobile,iPhone 14,Dell,3,213.68,0.18,0.18,620.27,Debit Card,In-Store,EMP394,2,0,Standard,4,GBP
ORD114283,06-04-2023,BR97,UK,London,CUST5588,PROD667,TV,Sony Bravia 55,Samsung,5,1120.27,0.12,0.18,5816.44,UPI,Online,EMP797,1,0,Standard,5,EUR
ORD114284,28-11-2024,BR42,Germany,Munich,CUST6130,PROD690,Laptop,Dell XPS 13,HP,5,398.82,0.23,0.18,1811.84,UPI,Online,EMP926,0,1,Standard,7,USD
ORD114285,04-04-2024,BR45,UK,Birmingham,CUST8008,PROD914,Laptop,Dell XPS 13,Sony,2,508.18,0.12,0.18,1055.39,Debit Card,Online,EMP818,1,0,Express,6,USD
ORD114286,15-04-2024,BR55,UAE,Dubai,CUST9348,PROD813,TV,Sony Bravia 55,Dell,4,1743.67,0.23,0.18,6337.19,UPI,In-Store,EMP858,3,1,Express,2,GBP
ORD114287,05-09-2023,BR101,UK,London,CUST9765,PROD821,Mobile,OnePlus 11,Lenovo,2,242.76,0.23,0.18,441.14,Debit Card,Online,EMP236,2,0,Express,5,EUR
ORD114288,17-10-2024,BR111,Germany,Munich,CUST9849,PROD765,Mobile,OnePlus 11,Sony,3,691.8,0.17,0.18,2032.65,Credit Card,Online,EMP427,1,0,Express,4,INR
ORD114289,14-10-2023,BR93,India,Mumbai,CUST3124,PROD161,Tablet,Lenovo Tab P11,Samsung,4,1287.15,0.1,0.18,5467.81,Cash,Online,EMP339,0,0,Express,6,INR
ORD114290,23-12-2023,BR15,Germany,Munich,CUST5971,PROD820,Accessories,Keyboard,Sony,2,1797.47,0,0.18,4242.03,UPI,In-Store,EMP758,3,1,Same Day,8,GBP
ORD114291,29-12-2024,BR62,India,Delhi,CUST4688,PROD904,Laptop,MacBook Air M2,LG,3,1077.19,0.24,0.18,2898.07,Cash,In-Store,EMP686,2,1,Express,2,GBP
ORD114292,12-04-2024,BR98,India,Delhi,CUST2155,PROD385,Laptop,HP Spectre x360,Apple,4,150.42,0.26,0.18,525.39,Cash,In-Store,EMP266,3,0,Express,9,AED
ORD114293,29-04-2024,BR118,India,Delhi,CUST2478,PROD983,Mobile,Samsung Galaxy S23,Dell,4,1898.38,0.16,0.18,7526.7,Net Banking,Online,EMP821,2,0,Standard,8,EUR
ORD114294,15-04-2023,BR81,USA,Chicago,CUST2677,PROD788,Mobile,Samsung Galaxy S23,Lenovo,4,1957.98,0.23,0.18,7116.08,Net Banking,In-Store,EMP953,0,0,Same Day,10,USD
ORD114295,20-06-2024,BR19,UAE,Abu Dhabi,CUST1547,PROD200,Tablet,iPad Air,Sony,4,860.39,0.29,0.18,2883.34,Net Banking,Online,EMP233,1,0,Same Day,3,GBP
ORD114296,23-10-2023,BR117,UAE,Dubai,CUST9541,PROD341,TV,Samsung QLED 50,Sony,4,626.43,0.09,0.18,2690.64,Debit Card,In-Store,EMP306,2,1,Express,3,GBP
ORD114297,18-02-2023,BR97,India,Bangalore,CUST2637,PROD782,Mobile,iPhone 14,HP,3,1391.1,0.16,0.18,4136.57,Net Banking,In-Store,EMP752,3,1,Same Day,6,EUR
ORD114298,12-06-2024,BR2,UK,London,CUST2234,PROD394,Tablet,Samsung Galaxy Tab,HP,5,679.57,0.04,0.18,3849.08,Cash,In-Store,EMP913,1,1,Express,4,INR
ORD114299,01-05-2023,BR75,UK,Birmingham,CUST2025,PROD351,Mobile,iPhone 14,OnePlus,2,1453.87,0.14,0.18,2950.77,Credit Card,Online,EMP572,0,1,Express,6,AED
ORD114300,03-08-2024,BR42,UAE,Dubai,CUST1957,PROD601,Mobile,iPhone 14,Dell,5,1525.39,0.29,0.18,6389.86,UPI,Online,EMP874,0,0,Express,2,USD
ORD114301,05-02-2024,BR47,India,Bangalore,CUST7543,PROD478,Tablet,Samsung Galaxy Tab,HP,5,1976.41,0.26,0.18,8629.01,UPI,In-Store,EMP646,2,0,Same Day,6,USD
ORD114302,07-05-2023,BR99,Germany,Hamburg,CUST8668,PROD979,Laptop,MacBook Air M2,Dell,4,1534.74,0.11,0.18,6447.14,Cash,Online,EMP495,2,1,Same Day,7,GBP
ORD114303,31-01-2023,BR112,UAE,Dubai,CUST8651,PROD215,Tablet,iPad Air,OnePlus,1,692.46,0.19,0.18,661.85,Debit Card,Online,EMP240,3,0,Same Day,3,EUR
ORD114304,18-03-2023,BR76,Germany,Munich,CUST4236,PROD942,Tablet,iPad Air,Samsung,3,1644.67,0.21,0.18,4599.48,UPI,In-Store,EMP799,3,1,Express,6,GBP
ORD114305,12-10-2024,BR45,UAE,Abu Dhabi,CUST8231,PROD207,Mobile,OnePlus 11,HP,1,1666.36,0.17,0.18,1632.03,Net Banking,Online,EMP263,1,0,Same Day,3,INR
ORD114306,16-08-2023,BR18,India,Pune,CUST1585,PROD810,Laptop,HP Spectre x360,LG,3,131.98,0.28,0.18,336.39,Credit Card,Online,EMP912,2,0,Standard,5,INR
ORD114307,12-06-2023,BR97,USA,Los Angeles,CUST6442,PROD267,TV,Sony Bravia 55,Lenovo,2,909.97,0.27,0.18,1567.7,Debit Card,In-Store,EMP957,2,0,Same Day,9,USD
ORD114308,05-12-2023,BR17,USA,Los Angeles,CUST2314,PROD290,Tablet,Samsung Galaxy Tab,OnePlus,1,362.25,0.04,0.18,410.36,UPI,Online,EMP891,2,1,Same Day,6,USD
ORD114309,15-11-2024,BR38,Germany,Hamburg,CUST7163,PROD172,Mobile,iPhone 14,Dell,4,1500.03,0.06,0.18,6655.33,UPI,Online,EMP623,1,0,Express,1,AED
ORD114310,19-01-2024,BR23,UAE,Dubai,CUST4321,PROD202,Accessories,Wireless Mouse,OnePlus,5,251.9,0.04,0.18,1426.76,Credit Card,In-Store,EMP762,2,0,Express,8,INR
ORD114311,30-03-2023,BR80,UAE,Abu Dhabi,CUST2080,PROD639,TV,Samsung QLED 50,Apple,4,1536.31,0.23,0.18,5583.57,Credit Card,Online,EMP727,0,0,Express,4,INR
ORD114312,24-05-2024,BR108,USA,Dallas,CUST8872,PROD457,Accessories,Keyboard,Dell,3,1789.71,0.3,0.18,4434.9,UPI,Online,EMP505,0,0,Standard,9,EUR
ORD114313,09-09-2024,BR72,Germany,Hamburg,CUST7328,PROD390,TV,LG OLED 48,OnePlus,2,1258.72,0.18,0.18,2435.87,Credit Card,Online,EMP395,0,0,Same Day,1,INR
ORD114314,30-09-2024,BR30,India,Mumbai,CUST6254,PROD959,Tablet,Samsung Galaxy Tab,OnePlus,1,630.21,0.29,0.18,527.99,Net Banking,Online,EMP296,2,0,Express,7,EUR
ORD114315,03-05-2023,BR15,Germany,Berlin,CUST5855,PROD374,Mobile,OnePlus 11,Dell,2,401.88,0.06,0.18,891.53,Credit Card,In-Store,EMP206,1,1,Standard,8,AED
ORD114316,24-03-2024,BR35,USA,New York,CUST7573,PROD940,Tablet,Samsung Galaxy Tab,Lenovo,2,1749.85,0.08,0.18,3799.27,Net Banking,In-Store,EMP595,2,0,Express,3,GBP
ORD114317,26-05-2023,BR19,UK,Manchester,CUST7292,PROD282,Mobile,Samsung Galaxy S23,Apple,3,1567.01,0.06,0.18,5214.38,Net Banking,Online,EMP890,0,1,Express,5,EUR
ORD114318,26-02-2023,BR18,UAE,Abu Dhabi,CUST7957,PROD706,Mobile,OnePlus 11,Apple,3,1393.24,0.16,0.18,4142.94,Credit Card,In-Store,EMP641,1,0,Same Day,2,GBP
ORD114319,21-08-2023,BR37,India,Mumbai,CUST6859,PROD647,Mobile,Samsung Galaxy S23,Dell,4,374.44,0.15,0.18,1502.25,Credit Card,Online,EMP470,3,1,Same Day,6,AED
ORD114320,20-09-2024,BR37,UK,London,CUST5903,PROD772,Accessories,Keyboard,Apple,1,790.75,0.28,0.18,671.82,Credit Card,Online,EMP982,1,1,Express,9,EUR
ORD114321,08-10-2023,BR77,India,Bangalore,CUST8330,PROD692,TV,LG OLED 48,Samsung,5,596.82,0.16,0.18,2957.84,Credit Card,In-Store,EMP841,2,0,Express,1,EUR
ORD114322,10-11-2023,BR19,UAE,Abu Dhabi,CUST9444,PROD780,Tablet,Samsung Galaxy Tab,OnePlus,3,1639.24,0.06,0.18,5454.74,Net Banking,Online,EMP877,1,0,Express,5,EUR
ORD114323,18-08-2024,BR99,USA,Chicago,CUST5863,PROD340,TV,LG OLED 48,Lenovo,5,1041.44,0.02,0.18,6021.61,Credit Card,Online,EMP636,3,0,Same Day,8,INR
ORD114324,11-04-2024,BR99,UK,London,CUST7803,PROD164,Laptop,HP Spectre x360,Dell,4,1222.86,0.16,0.18,4848.4,Net Banking,Online,EMP288,2,1,Standard,3,EUR
ORD114325,16-03-2024,BR83,USA,New York,CUST6202,PROD650,Accessories,Wireless Mouse,Lenovo,1,207.56,0.25,0.18,183.69,Cash,Online,EMP479,3,1,Express,2,INR
ORD114326,19-03-2024,BR21,UK,London,CUST4601,PROD209,Tablet,Samsung Galaxy Tab,HP,4,1696.49,0.06,0.18,7526.99,Net Banking,In-Store,EMP600,2,0,Same Day,2,AED
ORD114327,17-07-2023,BR8,Germany,Munich,CUST7916,PROD687,Tablet,Lenovo Tab P11,Apple,1,1719.3,0.02,0.18,1988.2,Net Banking,In-Store,EMP210,0,1,Express,9,AED
ORD114328,10-06-2024,BR102,Germany,Berlin,CUST5769,PROD161,Mobile,iPhone 14,HP,3,1131.25,0.17,0.18,3323.84,Debit Card,Online,EMP941,1,0,Standard,4,GBP
ORD114329,02-02-2024,BR18,Germany,Munich,CUST4244,PROD670,Accessories,Keyboard,Apple,5,1586.23,0.07,0.18,8703.64,Net Banking,In-Store,EMP744,0,0,Same Day,3,INR
ORD114330,24-09-2024,BR74,USA,Chicago,CUST1390,PROD750,Tablet,iPad Air,Apple,4,295.63,0.28,0.18,1004.67,Credit Card,In-Store,EMP942,1,0,Same Day,3,EUR
ORD114331,22-03-2024,BR38,UAE,Dubai,CUST7516,PROD374,Laptop,MacBook Air M2,Samsung,2,1867.02,0.25,0.18,3304.63,UPI,In-Store,EMP856,2,1,Express,4,USD
ORD114332,09-05-2024,BR19,Germany,Berlin,CUST6841,PROD656,TV,LG OLED 48,HP,5,867.79,0.02,0.18,5017.56,Credit Card,In-Store,EMP526,0,0,Standard,1,GBP
ORD114333,17-05-2023,BR19,USA,New York,CUST4287,PROD270,Accessories,Wireless Mouse,OnePlus,4,1744.82,0,0.18,8235.55,UPI,Online,EMP819,1,1,Same Day,5,AED
ORD114334,01-02-2024,BR31,UK,Birmingham,CUST3317,PROD711,TV,Sony Bravia 55,Dell,1,756.97,0.08,0.18,821.77,Net Banking,Online,EMP723,2,1,Same Day,7,INR
ORD114335,23-02-2024,BR103,India,Delhi,CUST3102,PROD606,Mobile,OnePlus 11,Dell,4,252.71,0.27,0.18,870.74,Net Banking,In-Store,EMP320,3,1,Express,3,AED
ORD114336,29-04-2024,BR10,India,Delhi,CUST5747,PROD786,Mobile,OnePlus 11,OnePlus,4,1667.57,0.07,0.18,7319.97,Debit Card,In-Store,EMP706,3,1,Express,2,EUR
ORD114337,11-06-2023,BR109,USA,Los Angeles,CUST5082,PROD390,TV,Samsung QLED 50,Lenovo,1,358.75,0.23,0.18,325.96,Debit Card,Online,EMP680,0,0,Express,3,GBP
ORD114338,03-09-2024,BR28,Germany,Berlin,CUST1703,PROD765,Tablet,Samsung Galaxy Tab,Lenovo,1,1447.22,0.2,0.18,1366.18,Cash,Online,EMP438,3,1,Standard,8,EUR
ORD114339,01-09-2023,BR120,UK,Manchester,CUST5862,PROD564,Mobile,Samsung Galaxy S23,Lenovo,1,338.26,0.01,0.18,395.16,Net Banking,In-Store,EMP220,3,0,Standard,8,EUR
ORD114340,07-05-2023,BR19,UAE,Abu Dhabi,CUST4787,PROD257,Accessories,Bluetooth Headphones,Apple,5,286.72,0.28,0.18,1217.99,Net Banking,In-Store,EMP612,0,0,Express,2,GBP
ORD114341,28-09-2024,BR75,India,Mumbai,CUST5735,PROD854,Mobile,OnePlus 11,Apple,2,498.75,0.19,0.18,953.41,Debit Card,Online,EMP309,2,1,Standard,3,USD
ORD114342,06-06-2023,BR66,USA,Dallas,CUST5348,PROD288,Laptop,HP Spectre x360,Lenovo,4,1709.44,0.27,0.18,5890.05,Cash,Online,EMP895,0,0,Standard,2,USD
ORD114343,29-06-2023,BR43,UAE,Dubai,CUST8820,PROD853,Mobile,OnePlus 11,Dell,4,62.97,0.25,0.18,222.91,Credit Card,In-Store,EMP359,0,0,Same Day,3,AED
ORD114344,07-01-2023,BR86,UAE,Abu Dhabi,CUST8716,PROD674,Tablet,iPad Air,Dell,1,1883.48,0.24,0.18,1689.1,Debit Card,Online,EMP330,0,0,Same Day,1,USD
ORD114345,16-02-2024,BR111,UAE,Dubai,CUST1926,PROD736,Laptop,Dell XPS 13,HP,1,948.53,0.24,0.18,850.64,Cash,Online,EMP596,1,0,Same Day,9,INR
ORD114346,10-04-2023,BR38,Germany,Hamburg,CUST2838,PROD525,Accessories,Keyboard,OnePlus,4,1519.32,0.2,0.18,5736.95,UPI,Online,EMP909,2,1,Same Day,7,INR
ORD114347,06-01-2024,BR45,UK,Birmingham,CUST4099,PROD516,Tablet,Lenovo Tab P11,OnePlus,4,1847.35,0.24,0.18,6626.81,UPI,In-Store,EMP663,1,0,Same Day,5,AED
ORD114348,08-10-2024,BR22,India,Bangalore,CUST8732,PROD683,Accessories,Keyboard,Lenovo,1,1141.27,0.29,0.18,956.16,UPI,Online,EMP776,3,1,Same Day,5,EUR
ORD114349,03-01-2023,BR34,UAE,Abu Dhabi,CUST5256,PROD155,TV,Samsung QLED 50,HP,1,1847.48,0.22,0.18,1700.42,Credit Card,Online,EMP513,1,1,Same Day,7,USD
ORD114350,21-07-2023,BR66,USA,Los Angeles,CUST2512,PROD177,Tablet,Samsung Galaxy Tab,Samsung,5,724.29,0.14,0.18,3675.05,UPI,Online,EMP448,1,0,Standard,5,AED
ORD114351,10-03-2024,BR15,UAE,Abu Dhabi,CUST8832,PROD488,TV,Samsung QLED 50,Sony,5,141.22,0.14,0.18,716.55,Debit Card,In-Store,EMP262,0,0,Standard,7,INR
ORD114352,25-02-2024,BR98,India,Delhi,CUST9865,PROD618,Tablet,iPad Air,Apple,4,1990.29,0.22,0.18,7327.45,Credit Card,Online,EMP326,0,0,Same Day,6,AED
ORD114353,15-01-2023,BR8,Germany,Hamburg,CUST7762,PROD666,Mobile,Samsung Galaxy S23,Apple,1,656.27,0.25,0.18,580.8,Cash,In-Store,EMP452,1,1,Express,9,USD
ORD114354,26-01-2023,BR96,India,Delhi,CUST1340,PROD784,Mobile,OnePlus 11,Lenovo,3,825.78,0.09,0.18,2660.17,UPI,Online,EMP338,2,0,Same Day,7,USD
ORD114355,09-04-2024,BR82,Germany,Munich,CUST8994,PROD965,Mobile,Samsung Galaxy S23,Dell,4,591.73,0.2,0.18,2234.37,Credit Card,In-Store,EMP737,0,1,Express,8,USD
ORD114356,16-01-2023,BR78,Germany,Hamburg,CUST9629,PROD747,TV,LG OLED 48,HP,4,1859.02,0.29,0.18,6229.95,Debit Card,In-Store,EMP525,2,1,Standard,8,GBP
ORD114357,11-07-2024,BR76,UK,Birmingham,CUST4762,PROD103,Laptop,Dell XPS 13,Sony,4,413.77,0.12,0.18,1718.64,Credit Card,Online,EMP557,0,1,Same Day,9,AED
ORD114358,01-12-2023,BR3,UK,Birmingham,CUST5433,PROD354,Laptop,HP Spectre x360,OnePlus,4,890.6,0.28,0.18,3026.62,Net Banking,In-Store,EMP705,3,0,Standard,2,INR
ORD114359,26-10-2023,BR59,UK,Birmingham,CUST9891,PROD106,Tablet,Samsung Galaxy Tab,Dell,1,1013.36,0.21,0.18,944.65,UPI,In-Store,EMP839,3,0,Same Day,8,GBP
ORD114360,07-02-2023,BR78,India,Mumbai,CUST1137,PROD575,Laptop,MacBook Air M2,LG,2,1309.06,0.11,0.18,2749.55,Cash,Online,EMP417,3,0,Standard,7,EUR
ORD114361,07-05-2024,BR46,Germany,Munich,CUST5982,PROD861,Mobile,Samsung Galaxy S23,Dell,5,411.57,0.27,0.18,1772.63,Debit Card,Online,EMP855,2,0,Express,7,EUR
ORD114362,18-09-2023,BR2,USA,New York,CUST1536,PROD798,Mobile,iPhone 14,OnePlus,1,1251.04,0.23,0.18,1136.69,Net Banking,In-Store,EMP421,0,0,Standard,8,EUR
ORD114363,23-10-2024,BR97,UAE,Abu Dhabi,CUST3067,PROD457,Tablet,Lenovo Tab P11,Lenovo,5,1645.67,0.29,0.18,6893.71,Credit Card,Online,EMP915,3,1,Standard,7,GBP
ORD114364,25-07-2024,BR4,USA,Los Angeles,CUST7889,PROD930,Accessories,Bluetooth Headphones,Dell,3,548.42,0.3,0.18,1358.98,Cash,In-Store,EMP513,2,1,Standard,9,GBP
ORD114365,01-05-2024,BR12,India,Bangalore,CUST7552,PROD559,Mobile,OnePlus 11,HP,2,497.49,0.24,0.18,892.3,Credit Card,Online,EMP695,1,1,Same Day,5,GBP
ORD114366,16-03-2024,BR119,USA,Chicago,CUST6388,PROD149,TV,Samsung QLED 50,HP,3,782.44,0.01,0.18,2742.14,Debit Card,In-Store,EMP312,1,0,Same Day,6,INR
ORD114367,15-11-2023,BR98,USA,Los Angeles,CUST3944,PROD269,Tablet,Samsung Galaxy Tab,Apple,2,1384.4,0.03,0.18,3169.17,Debit Card,In-Store,EMP607,0,1,Same Day,8,EUR
ORD114368,01-01-2023,BR75,UAE,Dubai,CUST7898,PROD861,Accessories,Wireless Mouse,Sony,2,883.75,0.26,0.18,1543.38,Cash,In-Store,EMP923,2,0,Same Day,10,USD
ORD114369,08-10-2023,BR116,UAE,Abu Dhabi,CUST9680,PROD134,Tablet,Samsung Galaxy Tab,Dell,3,1827.37,0.17,0.18,5369.18,UPI,In-Store,EMP764,1,0,Standard,1,INR
ORD114370,12-08-2024,BR27,UAE,Abu Dhabi,CUST3811,PROD532,Tablet,Lenovo Tab P11,LG,3,1173.63,0.24,0.18,3157.53,Cash,In-Store,EMP604,1,1,Express,9,USD
ORD114371,25-01-2024,BR9,UAE,Dubai,CUST5331,PROD291,TV,Samsung QLED 50,HP,1,69.68,0.07,0.18,76.47,UPI,Online,EMP945,0,0,Standard,5,AED
ORD114372,17-06-2023,BR34,USA,Chicago,CUST2673,PROD754,Mobile,OnePlus 11,Samsung,2,1962.42,0.1,0.18,4168.18,UPI,Online,EMP836,3,0,Standard,6,EUR
ORD114373,05-02-2024,BR3,Germany,Munich,CUST4498,PROD603,Mobile,OnePlus 11,Dell,1,266.31,0.03,0.18,304.82,Credit Card,In-Store,EMP378,2,1,Express,5,AED
ORD114374,22-11-2024,BR9,UAE,Dubai,CUST1191,PROD294,Laptop,HP Spectre x360,Samsung,1,65.96,0.22,0.18,60.71,Debit Card,In-Store,EMP294,1,0,Express,9,AED
ORD114375,15-08-2024,BR4,UAE,Abu Dhabi,CUST6391,PROD505,Accessories,Bluetooth Headphones,Sony,1,1258.84,0.12,0.18,1307.18,UPI,Online,EMP297,2,1,Standard,8,AED
ORD114376,16-10-2023,BR91,Germany,Munich,CUST7372,PROD619,TV,LG OLED 48,OnePlus,2,1047.73,0.17,0.18,2052.29,Cash,Online,EMP780,1,1,Same Day,3,EUR
ORD114377,06-07-2024,BR34,UK,Birmingham,CUST3969,PROD211,TV,Sony Bravia 55,Samsung,1,994.09,0.2,0.18,938.42,Net Banking,Online,EMP606,3,0,Express,8,GBP
ORD114378,20-01-2023,BR120,USA,Dallas,CUST5513,PROD564,Accessories,Bluetooth Headphones,Samsung,2,1967.55,0.29,0.18,3296.83,Debit Card,Online,EMP830,1,0,Standard,7,INR
ORD114379,31-03-2023,BR49,UAE,Abu Dhabi,CUST1979,PROD575,TV,Sony Bravia 55,HP,3,1298.98,0.28,0.18,3310.84,Credit Card,Online,EMP947,2,1,Standard,2,EUR
ORD114380,13-11-2023,BR110,UK,Manchester,CUST5262,PROD890,Mobile,Samsung Galaxy S23,LG,1,928.4,0.26,0.18,810.68,Debit Card,In-Store,EMP490,2,0,Express,6,EUR
ORD114381,22-04-2023,BR62,USA,Dallas,CUST7475,PROD111,TV,Sony Bravia 55,Sony,1,179.47,0.14,0.18,182.13,Credit Card,Online,EMP743,1,1,Express,1,AED
ORD114382,11-04-2023,BR89,India,Pune,CUST2023,PROD897,Accessories,Wireless Mouse,OnePlus,1,1676.78,0.19,0.18,1602.67,Cash,Online,EMP484,2,0,Standard,1,INR
ORD114383,16-07-2024,BR26,Germany,Hamburg,CUST6093,PROD448,TV,Samsung QLED 50,Dell,5,172.02,0.15,0.18,862.68,Net Banking,Online,EMP814,3,0,Same Day,8,USD
ORD114384,22-06-2023,BR118,Germany,Hamburg,CUST9273,PROD695,Tablet,Samsung Galaxy Tab,OnePlus,3,1345.35,0.22,0.18,3714.78,Cash,In-Store,EMP259,3,1,Express,10,INR
ORD114385,16-06-2024,BR100,Germany,Berlin,CUST4819,PROD873,Accessories,Keyboard,LG,4,1141.29,0.27,0.18,3932.43,Debit Card,Online,EMP499,1,1,Standard,10,EUR
ORD114386,09-07-2023,BR74,UAE,Abu Dhabi,CUST8712,PROD744,Mobile,iPhone 14,Dell,3,607.78,0.26,0.18,1592.14,UPI,Online,EMP602,2,1,Express,6,EUR
ORD114387,23-08-2024,BR20,UAE,Abu Dhabi,CUST2092,PROD252,Tablet,Samsung Galaxy Tab,Samsung,2,441.47,0.1,0.18,937.68,Cash,Online,EMP630,1,1,Same Day,1,USD
ORD114388,10-07-2023,BR58,Germany,Hamburg,CUST2691,PROD247,TV,Sony Bravia 55,Apple,4,545.11,0.3,0.18,1801.04,Credit Card,Online,EMP898,0,0,Same Day,1,INR
ORD114389,10-08-2024,BR50,Germany,Berlin,CUST1830,PROD417,Laptop,MacBook Air M2,Samsung,3,1591.26,0.17,0.18,4675.44,Cash,Online,EMP740,1,0,Same Day,3,INR
ORD114390,10-08-2024,BR27,UAE,Dubai,CUST8096,PROD175,Laptop,HP Spectre x360,Samsung,1,825.71,0.25,0.18,730.75,Cash,In-Store,EMP410,0,0,Express,7,USD
ORD114391,06-06-2024,BR68,UK,Manchester,CUST9392,PROD666,TV,LG OLED 48,Apple,2,753.1,0.14,0.18,1528.49,Debit Card,In-Store,EMP502,0,0,Same Day,5,AED
ORD114392,22-11-2024,BR115,USA,Los Angeles,CUST2363,PROD619,TV,LG OLED 48,OnePlus,3,1304.45,0.09,0.18,4202.16,Cash,In-Store,EMP650,0,0,Same Day,9,INR
ORD114393,04-02-2024,BR47,USA,Los Angeles,CUST6222,PROD218,Tablet,Samsung Galaxy Tab,Sony,1,402.72,0.21,0.18,375.42,UPI,In-Store,EMP821,0,0,Standard,7,GBP
ORD114394,29-02-2024,BR118,India,Mumbai,CUST8973,PROD309,Tablet,Lenovo Tab P11,Dell,4,929.82,0.04,0.18,4213.2,Debit Card,In-Store,EMP521,3,0,Express,3,AED
ORD114395,03-08-2023,BR91,UAE,Dubai,CUST9003,PROD921,Mobile,Samsung Galaxy S23,Samsung,3,1871.9,0.22,0.18,5168.69,Cash,In-Store,EMP864,0,1,Same Day,6,AED
ORD114396,28-12-2023,BR1,USA,Chicago,CUST8715,PROD739,Mobile,iPhone 14,Apple,5,402.55,0.04,0.18,2280.04,Credit Card,In-Store,EMP812,1,0,Express,1,USD
ORD114397,01-04-2024,BR119,USA,New York,CUST2177,PROD862,Mobile,iPhone 14,Samsung,3,1187.24,0.19,0.18,3404.29,Cash,Online,EMP591,3,1,Express,7,EUR
ORD114398,20-03-2024,BR40,Germany,Hamburg,CUST8485,PROD747,Mobile,iPhone 14,Dell,5,323.23,0.21,0.18,1506.58,UPI,In-Store,EMP764,0,1,Standard,8,EUR
ORD114399,12-06-2023,BR32,USA,Los Angeles,CUST8096,PROD981,TV,LG OLED 48,Dell,4,1287.06,0.15,0.18,5163.68,Net Banking,Online,EMP568,1,1,Express,5,AED
ORD114400,01-09-2024,BR39,India,Bangalore,CUST2269,PROD362,Accessories,Keyboard,OnePlus,4,513.32,0.14,0.18,2083.67,UPI,Online,EMP454,2,1,Express,9,GBP
ORD114401,26-11-2023,BR46,UAE,Abu Dhabi,CUST4261,PROD371,Tablet,Samsung Galaxy Tab,OnePlus,4,1146.38,0.06,0.18,5086.26,UPI,In-Store,EMP933,0,1,Express,2,GBP
ORD114402,14-02-2024,BR40,USA,Chicago,CUST6225,PROD342,TV,LG OLED 48,Lenovo,2,569.13,0.05,0.18,1275.99,Credit Card,In-Store,EMP579,2,0,Express,10,GBP
ORD114403,26-09-2023,BR40,USA,Dallas,CUST3618,PROD553,Tablet,iPad Air,Sony,4,530.21,0.07,0.18,2327.41,Credit Card,In-Store,EMP916,0,1,Same Day,10,GBP
ORD114404,07-08-2024,BR72,UK,London,CUST1705,PROD784,TV,LG OLED 48,Samsung,3,1365.36,0.23,0.18,3721.7,Credit Card,Online,EMP529,3,0,Standard,2,USD
ORD114405,29-06-2024,BR13,India,Bangalore,CUST8689,PROD209,Laptop,MacBook Air M2,HP,3,1778.98,0.18,0.18,5164.02,UPI,In-Store,EMP584,2,1,Standard,4,AED
ORD114406,11-07-2024,BR73,Germany,Berlin,CUST8642,PROD526,Laptop,Dell XPS 13,Sony,3,1547.74,0.01,0.18,5424.21,Cash,In-Store,EMP471,1,0,Standard,3,USD
ORD114407,10-09-2024,BR58,India,Delhi,CUST4025,PROD972,Tablet,Samsung Galaxy Tab,Samsung,2,1048.47,0.01,0.18,2449.65,Net Banking,Online,EMP944,0,1,Same Day,2,GBP
ORD114408,28-02-2023,BR24,UAE,Abu Dhabi,CUST2295,PROD339,TV,LG OLED 48,Sony,1,552.4,0.01,0.18,645.31,Net Banking,In-Store,EMP977,3,0,Same Day,10,EUR
ORD114409,06-03-2023,BR57,USA,Chicago,CUST4770,PROD470,TV,LG OLED 48,HP,1,1330.1,0.11,0.18,1396.87,Cash,Online,EMP967,3,0,Same Day,7,EUR
ORD114410,13-03-2024,BR29,India,Mumbai,CUST7915,PROD179,Accessories,Wireless Mouse,HP,5,448.43,0.17,0.18,2195.96,Net Banking,Online,EMP943,2,0,Standard,3,AED
ORD114411,09-12-2024,BR18,India,Pune,CUST8140,PROD265,Tablet,iPad Air,Sony,1,1455.67,0.04,0.18,1648.98,Credit Card,In-Store,EMP847,2,0,Same Day,1,EUR
ORD114412,14-01-2023,BR50,Germany,Berlin,CUST8771,PROD464,Laptop,MacBook Air M2,Samsung,4,1335.15,0.19,0.18,5104.55,Cash,In-Store,EMP962,2,0,Express,2,AED
ORD114413,26-03-2023,BR53,UK,Manchester,CUST9287,PROD130,Accessories,Keyboard,Lenovo,1,845.19,0.04,0.18,957.43,Cash,In-Store,EMP624,3,0,Express,10,USD
ORD114414,21-11-2023,BR28,UAE,Abu Dhabi,CUST4102,PROD377,Accessories,Bluetooth Headphones,HP,1,449.09,0.22,0.18,413.34,Net Banking,Online,EMP344,0,1,Standard,3,AED
ORD114415,08-05-2024,BR2,USA,Chicago,CUST4055,PROD900,Tablet,iPad Air,HP,5,1347.84,0.16,0.18,6679.9,Debit Card,In-Store,EMP623,3,1,Standard,7,GBP
ORD114416,13-07-2023,BR112,UK,Birmingham,CUST9389,PROD516,Tablet,Lenovo Tab P11,LG,2,428.87,0.08,0.18,931.16,Cash,Online,EMP797,3,1,Express,5,AED
ORD114417,18-01-2023,BR96,Germany,Berlin,CUST7607,PROD608,Tablet,iPad Air,HP,5,1501.81,0.19,0.18,7177.15,Debit Card,In-Store,EMP419,3,1,Same Day,2,AED
ORD114418,26-10-2023,BR108,USA,Los Angeles,CUST1070,PROD525,Laptop,Dell XPS 13,Lenovo,4,636.78,0,0.18,3005.6,Cash,Online,EMP306,0,0,Express,10,INR
ORD114419,18-09-2023,BR68,India,Mumbai,CUST9480,PROD237,Laptop,MacBook Air M2,HP,4,236.19,0.25,0.18,836.11,Cash,Online,EMP921,1,0,Express,7,AED
ORD114420,17-11-2024,BR108,UK,Manchester,CUST4154,PROD691,Tablet,Lenovo Tab P11,OnePlus,5,1251.82,0.21,0.18,5834.73,Credit Card,Online,EMP724,1,0,Express,7,INR
ORD114421,11-08-2023,BR86,UAE,Dubai,CUST8678,PROD414,Accessories,Wireless Mouse,LG,2,1453.89,0.26,0.18,2539.07,Debit Card,In-Store,EMP970,0,1,Express,9,AED
ORD114422,16-10-2024,BR66,UAE,Abu Dhabi,CUST9668,PROD838,TV,LG OLED 48,Sony,5,1306.48,0.05,0.18,7322.82,Cash,Online,EMP908,1,0,Express,4,USD
ORD114423,30-08-2024,BR57,UAE,Abu Dhabi,CUST8032,PROD507,Laptop,Dell XPS 13,Apple,3,1549.69,0.2,0.18,4388.72,Net Banking,Online,EMP304,3,1,Express,4,GBP
ORD114424,30-08-2024,BR67,UK,London,CUST3787,PROD874,Laptop,HP Spectre x360,HP,3,1826.22,0.07,0.18,6012.28,Net Banking,Online,EMP235,2,0,Standard,1,INR
ORD114425,09-01-2024,BR47,UK,Manchester,CUST2015,PROD748,Mobile,OnePlus 11,Samsung,2,408.38,0.15,0.18,819.21,Debit Card,In-Store,EMP522,0,1,Express,10,INR
ORD114426,17-04-2023,BR111,UAE,Abu Dhabi,CUST6320,PROD762,Tablet,Samsung Galaxy Tab,Dell,3,1921.87,0.08,0.18,6259.15,Credit Card,Online,EMP247,1,0,Same Day,3,EUR
ORD114427,22-10-2024,BR29,UK,Manchester,CUST9016,PROD944,Laptop,MacBook Air M2,Samsung,2,108.01,0.24,0.18,193.73,Credit Card,Online,EMP922,3,0,Express,3,EUR
ORD114428,07-07-2023,BR9,USA,Dallas,CUST1587,PROD547,Accessories,Keyboard,Dell,2,158.34,0.18,0.18,306.42,Cash,In-Store,EMP890,2,0,Same Day,3,GBP
ORD114429,24-10-2023,BR112,UK,London,CUST3598,PROD119,Mobile,iPhone 14,HP,3,1843.33,0.21,0.18,5155.06,UPI,In-Store,EMP263,0,1,Express,3,INR
ORD114430,21-07-2023,BR104,USA,Chicago,CUST2600,PROD649,Accessories,Bluetooth Headphones,Lenovo,3,1596.51,0.19,0.18,4577.83,UPI,Online,EMP565,0,1,Same Day,8,AED
ORD114431,20-07-2024,BR107,Germany,Berlin,CUST3763,PROD357,Accessories,Bluetooth Headphones,Dell,5,1109.8,0.14,0.18,5631.13,Cash,Online,EMP282,1,1,Same Day,7,GBP
ORD114432,15-08-2024,BR60,UK,London,CUST8738,PROD949,Mobile,iPhone 14,Lenovo,1,899.89,0.15,0.18,902.59,Cash,In-Store,EMP205,3,1,Standard,4,EUR
ORD114433,12-01-2023,BR118,USA,New York,CUST3370,PROD331,TV,LG OLED 48,Dell,1,782.51,0.24,0.18,701.75,UPI,In-Store,EMP532,1,1,Standard,6,USD
ORD114434,22-09-2024,BR77,USA,New York,CUST5301,PROD661,Mobile,Samsung Galaxy S23,OnePlus,3,1028.36,0.26,0.18,2693.89,Cash,Online,EMP466,1,0,Express,2,AED
ORD114435,23-11-2023,BR37,Germany,Munich,CUST5880,PROD647,Mobile,Samsung Galaxy S23,Apple,3,619.84,0.13,0.18,1908.98,UPI,Online,EMP856,2,1,Standard,6,GBP
ORD114436,22-01-2023,BR104,UK,Birmingham,CUST4083,PROD849,Mobile,Samsung Galaxy S23,HP,1,426.69,0.03,0.18,488.39,Cash,In-Store,EMP511,0,1,Same Day,8,AED
ORD114437,20-06-2023,BR33,Germany,Berlin,CUST4024,PROD961,Accessories,Bluetooth Headphones,OnePlus,5,165.39,0.19,0.18,790.4,Net Banking,In-Store,EMP964,2,1,Same Day,7,AED
ORD114438,22-03-2023,BR83,India,Mumbai,CUST7029,PROD444,TV,Samsung QLED 50,Dell,3,1747.74,0.27,0.18,4516.51,Net Banking,Online,EMP289,2,1,Express,2,INR
ORD114439,11-07-2024,BR7,UAE,Dubai,CUST8987,PROD253,Laptop,HP Spectre x360,Dell,5,1290.01,0.12,0.18,6697.73,Credit Card,Online,EMP497,2,0,Express,9,EUR
ORD114440,15-02-2023,BR108,USA,Chicago,CUST7143,PROD868,Accessories,Bluetooth Headphones,Apple,4,1211.33,0.21,0.18,4516.81,Credit Card,Online,EMP552,0,0,Same Day,1,AED
ORD114441,22-07-2024,BR12,UK,Manchester,CUST8960,PROD947,Mobile,Samsung Galaxy S23,Sony,4,818.19,0.27,0.18,2819.16,Net Banking,In-Store,EMP376,0,1,Same Day,2,EUR
ORD114442,14-11-2023,BR46,USA,Dallas,CUST1490,PROD757,Tablet,Samsung Galaxy Tab,Apple,2,1258.15,0.04,0.18,2850.46,Debit Card,Online,EMP449,2,0,Standard,3,GBP
ORD114443,12-02-2023,BR95,USA,Dallas,CUST6286,PROD183,Tablet,Lenovo Tab P11,Samsung,3,1678.18,0.2,0.18,4752.61,Net Banking,Online,EMP258,1,1,Express,6,EUR
ORD114444,23-12-2023,BR9,Germany,Hamburg,CUST2821,PROD790,Accessories,Keyboard,Samsung,5,486.85,0.01,0.18,2843.69,UPI,In-Store,EMP327,0,0,Same Day,6,USD
ORD114445,06-09-2024,BR97,UK,Birmingham,CUST9281,PROD370,TV,Sony Bravia 55,Dell,2,858.51,0.1,0.18,1823.48,Net Banking,In-Store,EMP827,1,0,Same Day,9,INR
ORD114446,24-05-2024,BR12,USA,Los Angeles,CUST7138,PROD847,Mobile,iPhone 14,Lenovo,4,1103.07,0.24,0.18,3956.93,Cash,In-Store,EMP347,1,1,Standard,3,USD
ORD114447,06-04-2024,BR77,UK,London,CUST8883,PROD426,Tablet,Lenovo Tab P11,OnePlus,4,876.1,0.13,0.18,3597.62,Cash,Online,EMP615,0,1,Same Day,3,EUR
ORD114448,05-07-2024,BR114,UAE,Dubai,CUST4166,PROD277,Mobile,OnePlus 11,Sony,3,1665.15,0.09,0.18,5364.11,UPI,Online,EMP898,2,1,Standard,2,EUR
ORD114449,09-03-2023,BR30,USA,Los Angeles,CUST2969,PROD560,Laptop,Dell XPS 13,Sony,4,870.67,0.19,0.18,3328.75,Credit Card,In-Store,EMP853,3,1,Same Day,4,GBP
ORD114450,18-07-2024,BR90,UK,Birmingham,CUST3928,PROD623,Mobile,Samsung Galaxy S23,Sony,2,1682,0.18,0.18,3255.01,UPI,In-Store,EMP262,0,0,Same Day,5,GBP
ORD114451,06-07-2024,BR119,Germany,Berlin,CUST4383,PROD481,Tablet,iPad Air,Sony,3,1714.84,0.04,0.18,5827.71,Credit Card,Online,EMP418,0,1,Express,8,GBP
ORD114452,21-03-2024,BR23,Germany,Munich,CUST1552,PROD596,Mobile,Samsung Galaxy S23,Apple,2,827.25,0.12,0.18,1718.03,Debit Card,Online,EMP315,3,1,Express,10,AED
ORD114453,27-10-2024,BR39,USA,Dallas,CUST5256,PROD719,Mobile,OnePlus 11,Dell,1,680.85,0.02,0.18,787.33,UPI,Online,EMP720,1,0,Same Day,7,INR
ORD114454,07-04-2024,BR24,USA,Dallas,CUST8235,PROD166,Laptop,MacBook Air M2,Lenovo,2,419.76,0.19,0.18,802.41,Credit Card,In-Store,EMP272,2,1,Standard,4,USD
ORD114455,20-08-2023,BR62,UK,Manchester,CUST4255,PROD992,Accessories,Keyboard,Sony,2,1896.43,0.17,0.18,3714.73,UPI,Online,EMP281,3,0,Same Day,4,EUR
ORD114456,05-03-2023,BR46,USA,New York,CUST3457,PROD158,Accessories,Bluetooth Headphones,HP,1,1316.92,0,0.18,1553.97,Cash,In-Store,EMP713,2,1,Same Day,8,AED
ORD114457,12-06-2024,BR107,Germany,Hamburg,CUST2424,PROD824,Mobile,OnePlus 11,Sony,1,931.11,0.22,0.18,856.99,UPI,In-Store,EMP835,1,1,Express,5,INR
ORD114458,25-11-2023,BR34,UAE,Abu Dhabi,CUST8297,PROD467,Mobile,OnePlus 11,Apple,5,1082.29,0.25,0.18,4789.13,Net Banking,Online,EMP842,1,0,Same Day,2,EUR
ORD114459,15-07-2023,BR67,UK,London,CUST8356,PROD749,Mobile,OnePlus 11,LG,2,1375.7,0.16,0.18,2727.19,Credit Card,Online,EMP500,3,1,Express,5,USD
ORD114460,16-06-2024,BR1,India,Mumbai,CUST7705,PROD975,TV,LG OLED 48,Samsung,2,1909.05,0.05,0.18,4280.09,Net Banking,In-Store,EMP738,1,1,Same Day,5,USD
ORD114461,22-03-2023,BR79,India,Delhi,CUST5209,PROD815,Laptop,Dell XPS 13,Samsung,4,844.83,0.17,0.18,3309.71,Net Banking,Online,EMP242,1,1,Same Day,4,EUR
ORD114462,27-07-2024,BR71,UAE,Dubai,CUST6674,PROD365,Mobile,OnePlus 11,Apple,4,1277.52,0.29,0.18,4281.23,Debit Card,In-Store,EMP564,0,1,Same Day,7,GBP
ORD114463,19-06-2024,BR96,USA,Los Angeles,CUST9135,PROD597,Mobile,Samsung Galaxy S23,Sony,5,1574.52,0.19,0.18,7524.63,Net Banking,Online,EMP650,3,0,Express,6,INR
ORD114464,05-08-2023,BR21,Germany,Munich,CUST7857,PROD431,Tablet,iPad Air,LG,2,1593.88,0.18,0.18,3084.48,UPI,In-Store,EMP790,0,1,Same Day,8,INR
ORD114465,20-11-2024,BR25,India,Mumbai,CUST6716,PROD988,Tablet,iPad Air,Sony,4,235.18,0.11,0.18,987.94,Net Banking,In-Store,EMP637,2,1,Same Day,8,EUR
ORD114466,08-01-2023,BR86,USA,Los Angeles,CUST8573,PROD752,TV,Sony Bravia 55,Sony,4,1520.03,0.14,0.18,6170.11,Debit Card,In-Store,EMP321,3,0,Express,8,GBP
ORD114467,24-04-2024,BR101,Germany,Munich,CUST8213,PROD251,Mobile,OnePlus 11,OnePlus,2,549.89,0.28,0.18,934.37,Net Banking,Online,EMP619,1,1,Same Day,1,AED
ORD114468,29-12-2023,BR46,India,Pune,CUST8353,PROD367,TV,Samsung QLED 50,HP,5,751.18,0.21,0.18,3501.25,Net Banking,Online,EMP928,2,1,Express,7,USD
ORD114469,30-07-2024,BR62,USA,New York,CUST2599,PROD817,Laptop,Dell XPS 13,Apple,4,1446.2,0.15,0.18,5802.15,Debit Card,Online,EMP357,3,1,Same Day,2,AED
ORD114470,12-10-2024,BR44,UK,Birmingham,CUST5676,PROD584,Mobile,OnePlus 11,OnePlus,3,1258.79,0.13,0.18,3876.82,Cash,Online,EMP534,0,0,Same Day,6,GBP
ORD114471,22-06-2024,BR76,India,Mumbai,CUST7337,PROD420,Mobile,Samsung Galaxy S23,OnePlus,1,373.61,0.08,0.18,405.59,Net Banking,Online,EMP301,3,0,Same Day,6,EUR
ORD114472,16-03-2024,BR59,UAE,Abu Dhabi,CUST2333,PROD917,Tablet,Lenovo Tab P11,Samsung,5,1100.04,0.28,0.18,4672.97,UPI,In-Store,EMP911,1,0,Same Day,10,GBP
ORD114473,10-07-2023,BR5,India,Delhi,CUST1403,PROD229,Mobile,iPhone 14,HP,2,931.49,0.07,0.18,2044.43,Net Banking,Online,EMP813,0,1,Standard,10,EUR
ORD114474,06-07-2024,BR53,UAE,Abu Dhabi,CUST1144,PROD338,Accessories,Bluetooth Headphones,Dell,3,1150.86,0.15,0.18,3462.94,Net Banking,In-Store,EMP704,2,0,Express,6,INR
ORD114475,21-04-2024,BR115,UK,Manchester,CUST5843,PROD238,Mobile,OnePlus 11,Sony,5,764.68,0.12,0.18,3970.22,Credit Card,Online,EMP993,0,1,Standard,3,EUR
ORD114476,28-05-2023,BR33,USA,Chicago,CUST9438,PROD987,TV,Sony Bravia 55,Sony,2,909.58,0.2,0.18,1717.29,UPI,Online,EMP479,0,0,Same Day,4,INR
ORD114477,28-01-2024,BR4,Germany,Hamburg,CUST1050,PROD206,Mobile,Samsung Galaxy S23,LG,4,316.62,0.24,0.18,1135.78,Net Banking,Online,EMP777,3,0,Same Day,7,INR
ORD114478,26-11-2024,BR25,Germany,Hamburg,CUST2601,PROD709,Laptop,Dell XPS 13,Samsung,3,911.28,0.01,0.18,3193.67,Debit Card,In-Store,EMP402,1,0,Same Day,3,INR
ORD114479,10-11-2024,BR68,India,Pune,CUST2951,PROD803,Accessories,Keyboard,Samsung,1,1864.84,0.22,0.18,1716.4,UPI,In-Store,EMP221,1,0,Express,1,USD
ORD114480,14-10-2024,BR117,USA,Chicago,CUST9998,PROD961,TV,Samsung QLED 50,LG,1,1224.93,0.05,0.18,1373.15,UPI,In-Store,EMP907,0,1,Express,2,INR
ORD114481,26-10-2023,BR72,India,Mumbai,CUST9095,PROD657,TV,Samsung QLED 50,HP,3,1174.28,0.21,0.18,3283.99,Cash,Online,EMP445,2,0,Standard,2,AED
ORD114482,16-10-2024,BR73,USA,New York,CUST8471,PROD795,TV,Sony Bravia 55,Lenovo,3,1231.06,0.24,0.18,3312.04,Cash,Online,EMP212,1,1,Express,9,EUR
ORD114483,07-05-2024,BR48,India,Pune,CUST1091,PROD193,TV,LG OLED 48,Samsung,1,112.98,0.19,0.18,107.99,UPI,Online,EMP316,2,0,Same Day,3,GBP
ORD114484,15-08-2024,BR91,UK,Manchester,CUST7911,PROD118,TV,Samsung QLED 50,Sony,4,450.66,0.28,0.18,1531.52,Cash,Online,EMP221,3,0,Same Day,9,USD
ORD114485,02-03-2023,BR95,USA,Los Angeles,CUST6243,PROD225,Laptop,HP Spectre x360,Samsung,2,691.5,0.2,0.18,1305.55,UPI,Online,EMP725,3,1,Same Day,8,AED
ORD114486,07-01-2024,BR34,USA,Dallas,CUST2567,PROD693,Mobile,iPhone 14,Sony,2,399.49,0.17,0.18,782.52,UPI,Online,EMP780,0,0,Express,7,AED
ORD114487,01-02-2023,BR113,UAE,Abu Dhabi,CUST4263,PROD838,Mobile,iPhone 14,Samsung,5,891.79,0.07,0.18,4893.25,Net Banking,Online,EMP940,0,0,Express,9,USD
ORD114488,30-10-2024,BR105,UAE,Abu Dhabi,CUST9737,PROD857,Mobile,iPhone 14,HP,4,589.64,0.29,0.18,1976,UPI,Online,EMP887,0,1,Standard,10,USD
ORD114489,16-08-2023,BR63,USA,Los Angeles,CUST4726,PROD453,Tablet,Lenovo Tab P11,Samsung,1,1292.91,0.14,0.18,1312.05,Cash,Online,EMP984,1,0,Standard,8,GBP
ORD114490,03-06-2023,BR110,Germany,Hamburg,CUST1751,PROD984,Accessories,Wireless Mouse,Lenovo,2,780.09,0.04,0.18,1767.37,Debit Card,Online,EMP867,0,0,Express,4,EUR
ORD114491,12-04-2024,BR18,USA,New York,CUST7610,PROD904,Mobile,Samsung Galaxy S23,Dell,1,936.13,0.24,0.18,839.52,Net Banking,In-Store,EMP707,0,1,Standard,1,EUR
ORD114492,08-08-2023,BR70,UAE,Dubai,CUST8770,PROD508,Accessories,Wireless Mouse,Apple,2,257.78,0.21,0.18,480.61,Cash,In-Store,EMP998,1,0,Express,6,INR
ORD114493,21-10-2024,BR57,India,Bangalore,CUST4404,PROD863,Laptop,Dell XPS 13,Apple,2,1126.59,0.01,0.18,2632.16,Cash,In-Store,EMP550,3,0,Same Day,9,GBP
ORD114494,23-01-2023,BR80,UAE,Dubai,CUST9747,PROD215,TV,Sony Bravia 55,Samsung,3,1439.79,0.22,0.18,3975.55,UPI,Online,EMP528,3,1,Standard,5,USD
ORD114495,12-10-2024,BR77,UAE,Dubai,CUST1350,PROD468,TV,LG OLED 48,Apple,5,1470.19,0.25,0.18,6505.59,Debit Card,Online,EMP521,1,1,Express,9,INR
ORD114496,14-01-2024,BR23,Germany,Berlin,CUST8727,PROD910,Tablet,Lenovo Tab P11,Lenovo,5,1863.26,0.12,0.18,9674.05,Debit Card,In-Store,EMP713,3,0,Standard,7,INR
ORD114497,20-10-2024,BR88,USA,Chicago,CUST2620,PROD214,Laptop,HP Spectre x360,Apple,5,302.83,0.27,0.18,1304.29,Net Banking,Online,EMP735,1,0,Express,9,USD
ORD114498,13-06-2023,BR39,India,Bangalore,CUST6362,PROD333,Mobile,OnePlus 11,Sony,1,1693.77,0.07,0.18,1858.74,Net Banking,Online,EMP588,2,0,Standard,5,AED
ORD114499,28-01-2024,BR3,UAE,Abu Dhabi,CUST3491,PROD221,Mobile,iPhone 14,OnePlus,1,487.72,0.11,0.18,512.2,Net Banking,Online,EMP326,2,1,Same Day,9,EUR
ORD114500,06-07-2023,BR71,Germany,Berlin,CUST3040,PROD119,Accessories,Bluetooth Headphones,Apple,2,153.93,0.24,0.18,276.09,Credit Card,In-Store,EMP683,0,1,Same Day,6,AED
ORD114501,03-01-2023,BR104,USA,Chicago,CUST1260,PROD916,Laptop,HP Spectre x360,Samsung,3,1734.73,0.21,0.18,4851.35,UPI,Online,EMP272,0,0,Same Day,4,EUR
ORD114502,29-06-2023,BR101,Germany,Munich,CUST2739,PROD979,Accessories,Wireless Mouse,Samsung,5,220.11,0.21,0.18,1025.93,Credit Card,In-Store,EMP709,2,1,Express,5,GBP
ORD114503,08-12-2024,BR54,UAE,Abu Dhabi,CUST6364,PROD511,Mobile,iPhone 14,Samsung,2,1274.08,0.15,0.18,2555.8,Cash,Online,EMP841,3,1,Same Day,4,USD
ORD114504,24-05-2023,BR9,UK,Birmingham,CUST2766,PROD121,Tablet,Samsung Galaxy Tab,Dell,1,1396.35,0.21,0.18,1301.68,Net Banking,Online,EMP232,3,0,Standard,3,USD
ORD114505,11-12-2024,BR107,India,Mumbai,CUST4551,PROD805,Accessories,Wireless Mouse,Sony,4,1130.28,0.27,0.18,3894.49,UPI,Online,EMP470,2,1,Standard,9,GBP
ORD114506,07-08-2023,BR46,UK,London,CUST6174,PROD280,Tablet,Lenovo Tab P11,Apple,3,671.02,0.02,0.18,2327.9,Debit Card,Online,EMP665,1,1,Express,5,INR
ORD114507,30-04-2023,BR80,India,Bangalore,CUST1575,PROD864,Accessories,Wireless Mouse,Dell,5,697.61,0.12,0.18,3621.99,Net Banking,In-Store,EMP973,2,0,Same Day,3,EUR
ORD114508,07-04-2024,BR91,Germany,Munich,CUST5427,PROD150,Laptop,HP Spectre x360,OnePlus,4,467.59,0.2,0.18,1765.62,Net Banking,Online,EMP873,1,0,Express,3,USD
ORD114509,15-10-2024,BR31,India,Pune,CUST5183,PROD851,TV,Sony Bravia 55,OnePlus,1,86.52,0.01,0.18,101.07,UPI,Online,EMP558,3,1,Same Day,6,USD
ORD114510,09-07-2024,BR41,UAE,Dubai,CUST5062,PROD137,Mobile,Samsung Galaxy S23,Samsung,4,1046.73,0.07,0.18,4594.73,UPI,Online,EMP700,0,1,Standard,10,USD
ORD114511,22-05-2024,BR24,India,Bangalore,CUST6969,PROD827,Mobile,OnePlus 11,Apple,2,1545.98,0.03,0.18,3539.06,Net Banking,Online,EMP722,1,0,Same Day,5,GBP
ORD114512,04-03-2023,BR5,Germany,Munich,CUST1841,PROD340,TV,LG OLED 48,HP,5,522.04,0.05,0.18,2926.03,Cash,Online,EMP579,2,1,Standard,1,EUR
ORD114513,30-01-2023,BR23,Germany,Berlin,CUST9661,PROD505,Laptop,Dell XPS 13,LG,1,138.06,0.14,0.18,140.1,Debit Card,Online,EMP519,1,0,Same Day,3,GBP
ORD114514,01-09-2023,BR57,India,Mumbai,CUST2792,PROD647,TV,Samsung QLED 50,OnePlus,2,181.93,0.03,0.18,416.47,Credit Card,In-Store,EMP884,1,1,Standard,7,USD
ORD114515,04-10-2023,BR6,UAE,Dubai,CUST4951,PROD587,Tablet,iPad Air,HP,4,1514.64,0.01,0.18,7077.61,Credit Card,Online,EMP290,2,1,Express,3,GBP
ORD114516,17-06-2023,BR120,USA,Chicago,CUST3195,PROD740,Accessories,Bluetooth Headphones,Samsung,2,1403.16,0.22,0.18,2582.94,Credit Card,Online,EMP600,2,1,Express,8,AED
ORD114517,14-04-2023,BR3,India,Pune,CUST3221,PROD517,Accessories,Bluetooth Headphones,Dell,3,415.8,0.08,0.18,1354.18,Net Banking,Online,EMP724,3,1,Express,5,EUR
ORD114518,02-01-2024,BR16,UAE,Dubai,CUST7470,PROD954,TV,LG OLED 48,Sony,3,1684.88,0.16,0.18,5010.16,UPI,In-Store,EMP652,1,1,Same Day,5,GBP
ORD114519,21-05-2024,BR21,UAE,Abu Dhabi,CUST1038,PROD650,TV,Sony Bravia 55,Sony,1,309.23,0.11,0.18,324.75,Credit Card,In-Store,EMP688,3,1,Express,8,USD
ORD114520,14-03-2023,BR87,India,Pune,CUST2527,PROD365,Mobile,iPhone 14,LG,3,660.64,0.25,0.18,1754,Debit Card,In-Store,EMP899,3,1,Same Day,2,GBP
ORD114521,13-03-2023,BR68,USA,Los Angeles,CUST7234,PROD134,Accessories,Keyboard,HP,3,145.88,0.09,0.18,469.94,Net Banking,Online,EMP222,1,1,Same Day,3,EUR
ORD114522,11-04-2024,BR25,Germany,Munich,CUST4455,PROD146,Tablet,Lenovo Tab P11,LG,3,1252.76,0.28,0.18,3193.03,Cash,Online,EMP813,3,1,Express,5,EUR
ORD114523,10-12-2023,BR11,India,Mumbai,CUST6685,PROD813,Laptop,Dell XPS 13,HP,4,70.02,0.03,0.18,320.58,Debit Card,In-Store,EMP244,2,0,Standard,7,EUR
ORD114524,02-12-2024,BR32,India,Mumbai,CUST3287,PROD695,TV,Sony Bravia 55,Apple,4,1754.44,0.09,0.18,7535.67,Credit Card,Online,EMP650,1,1,Express,10,USD
ORD114525,09-07-2024,BR8,USA,Dallas,CUST4841,PROD355,Tablet,Samsung Galaxy Tab,Samsung,5,369.42,0.1,0.18,1961.62,Net Banking,Online,EMP879,2,1,Standard,4,EUR
ORD114526,02-06-2023,BR56,Germany,Berlin,CUST6975,PROD367,TV,Sony Bravia 55,Lenovo,4,1207.12,0.17,0.18,4729.01,UPI,In-Store,EMP749,2,0,Express,6,USD
ORD114527,06-05-2024,BR46,UK,Manchester,CUST4289,PROD622,TV,LG OLED 48,Sony,2,699.09,0.19,0.18,1336.38,Debit Card,In-Store,EMP768,1,1,Express,10,USD
ORD114528,10-02-2023,BR3,Germany,Berlin,CUST3298,PROD213,TV,Samsung QLED 50,Sony,2,1217.97,0.17,0.18,2385.76,Net Banking,Online,EMP535,2,1,Same Day,5,AED
ORD114529,05-01-2023,BR43,India,Pune,CUST7657,PROD459,Mobile,Samsung Galaxy S23,Samsung,3,129.01,0.28,0.18,328.82,Cash,Online,EMP720,2,0,Standard,9,GBP
ORD114530,05-08-2023,BR112,Germany,Berlin,CUST9172,PROD802,Tablet,Lenovo Tab P11,Sony,1,1051.25,0.09,0.18,1128.83,Cash,In-Store,EMP745,1,0,Same Day,9,AED
ORD114531,18-07-2024,BR66,India,Mumbai,CUST9716,PROD135,Mobile,Samsung Galaxy S23,Dell,5,153.56,0.25,0.18,679.5,Net Banking,Online,EMP880,3,0,Express,5,GBP
ORD114532,26-12-2023,BR60,UAE,Abu Dhabi,CUST9746,PROD436,Tablet,Lenovo Tab P11,Apple,4,1558.74,0.06,0.18,6915.82,Net Banking,Online,EMP564,2,1,Same Day,10,USD
ORD114533,05-08-2024,BR11,Germany,Munich,CUST3613,PROD318,Laptop,MacBook Air M2,Samsung,3,319.97,0.29,0.18,804.21,Debit Card,Online,EMP770,2,0,Express,6,USD
ORD114534,25-10-2023,BR67,Germany,Berlin,CUST5337,PROD795,Laptop,MacBook Air M2,OnePlus,5,1934.23,0.17,0.18,9471.92,UPI,In-Store,EMP992,3,0,Same Day,5,EUR
ORD114535,15-02-2024,BR71,Germany,Berlin,CUST6434,PROD916,Tablet,Samsung Galaxy Tab,HP,3,120.65,0.07,0.18,397.2,UPI,Online,EMP723,3,1,Express,9,EUR
ORD114536,03-11-2023,BR36,USA,New York,CUST9288,PROD610,Mobile,OnePlus 11,Lenovo,4,1176.24,0.23,0.18,4274.93,Debit Card,In-Store,EMP590,3,0,Express,6,INR
ORD114537,12-07-2024,BR76,UAE,Abu Dhabi,CUST6355,PROD298,Accessories,Bluetooth Headphones,Lenovo,4,270.13,0.1,0.18,1147.51,Credit Card,Online,EMP879,1,1,Standard,5,INR
ORD114538,18-12-2024,BR51,India,Delhi,CUST3816,PROD579,Mobile,OnePlus 11,HP,4,1829.07,0.13,0.18,7510.89,Debit Card,In-Store,EMP920,0,1,Same Day,4,INR
ORD114539,09-09-2024,BR55,UK,Birmingham,CUST9779,PROD105,TV,Samsung QLED 50,OnePlus,4,1600.4,0.22,0.18,5892.03,Credit Card,In-Store,EMP309,3,1,Standard,1,EUR
ORD114540,11-01-2023,BR67,Germany,Munich,CUST3703,PROD393,Laptop,MacBook Air M2,Apple,5,1713.67,0.18,0.18,8290.74,Net Banking,Online,EMP918,0,0,Express,10,EUR
ORD114541,30-01-2023,BR104,UK,London,CUST5033,PROD918,Accessories,Wireless Mouse,Lenovo,4,1948.46,0.12,0.18,8093.12,Net Banking,Online,EMP209,3,0,Express,6,EUR
ORD114542,04-06-2024,BR5,UK,Manchester,CUST8576,PROD766,Accessories,Bluetooth Headphones,LG,3,382.42,0.12,0.18,1191.31,Debit Card,In-Store,EMP776,1,0,Express,4,INR
ORD114543,17-12-2023,BR49,Germany,Hamburg,CUST7758,PROD628,Laptop,MacBook Air M2,LG,5,1943,0.16,0.18,9629.51,Credit Card,In-Store,EMP742,1,0,Express,10,USD
ORD114544,26-10-2024,BR72,India,Pune,CUST9663,PROD195,TV,Samsung QLED 50,Dell,1,1871.84,0.25,0.18,1656.58,UPI,In-Store,EMP842,3,0,Same Day,8,GBP
ORD114545,09-02-2023,BR113,India,Delhi,CUST5978,PROD831,Accessories,Bluetooth Headphones,Dell,2,1763.96,0.18,0.18,3413.62,Net Banking,In-Store,EMP432,0,1,Standard,4,GBP
ORD114546,11-02-2023,BR72,Germany,Berlin,CUST7658,PROD683,Tablet,Lenovo Tab P11,Sony,3,1103.34,0.09,0.18,3554.3,Debit Card,In-Store,EMP494,2,0,Express,10,GBP
ORD114547,21-09-2023,BR72,Germany,Hamburg,CUST8124,PROD522,TV,Samsung QLED 50,HP,4,1157.92,0.28,0.18,3935.08,Net Banking,Online,EMP546,0,0,Standard,4,GBP
ORD114548,28-09-2023,BR62,Germany,Berlin,CUST9861,PROD690,Accessories,Wireless Mouse,OnePlus,1,804.49,0.28,0.18,683.49,Credit Card,Online,EMP277,0,0,Standard,4,INR
ORD114549,10-12-2023,BR75,India,Bangalore,CUST2320,PROD570,Mobile,OnePlus 11,Samsung,4,462.57,0.15,0.18,1855.83,Credit Card,In-Store,EMP908,2,1,Standard,10,GBP
ORD114550,10-09-2024,BR10,Germany,Hamburg,CUST6261,PROD537,TV,LG OLED 48,HP,3,887.9,0.09,0.18,2860.28,Debit Card,In-Store,EMP378,1,1,Express,9,INR
ORD114551,13-04-2024,BR87,UK,Birmingham,CUST8508,PROD895,Laptop,MacBook Air M2,Dell,3,1266.54,0.02,0.18,4393.88,Net Banking,In-Store,EMP309,3,1,Standard,8,INR
ORD114552,02-12-2023,BR5,UK,London,CUST4405,PROD770,Accessories,Bluetooth Headphones,Samsung,2,615.23,0.04,0.18,1393.87,Debit Card,Online,EMP373,3,0,Express,4,GBP
ORD114553,03-12-2024,BR54,UAE,Dubai,CUST5556,PROD623,Tablet,Lenovo Tab P11,HP,5,980.66,0.15,0.18,4918.01,Credit Card,In-Store,EMP345,2,1,Standard,4,USD
ORD114554,17-01-2023,BR83,UK,Birmingham,CUST3814,PROD297,Laptop,Dell XPS 13,HP,5,565.45,0.13,0.18,2902.45,Debit Card,Online,EMP489,0,1,Express,9,INR
ORD114555,25-07-2024,BR72,India,Delhi,CUST4283,PROD635,TV,LG OLED 48,Sony,3,386.25,0.24,0.18,1039.17,Net Banking,In-Store,EMP861,1,1,Same Day,10,AED
ORD114556,06-09-2024,BR54,Germany,Hamburg,CUST9625,PROD937,Tablet,iPad Air,OnePlus,3,469.54,0.01,0.18,1645.55,UPI,Online,EMP540,3,1,Standard,7,AED
ORD114557,24-01-2024,BR48,USA,New York,CUST6353,PROD384,TV,LG OLED 48,Dell,4,1010.82,0.19,0.18,3864.57,Debit Card,Online,EMP560,1,0,Same Day,7,USD
ORD114558,05-07-2023,BR118,UK,London,CUST9240,PROD962,Tablet,iPad Air,OnePlus,5,863.03,0.02,0.18,4990.04,Cash,In-Store,EMP545,2,1,Standard,3,EUR
ORD114559,07-11-2024,BR106,UAE,Dubai,CUST9281,PROD106,Laptop,Dell XPS 13,Samsung,5,1028.86,0.18,0.18,4977.62,Cash,In-Store,EMP237,1,1,Express,9,INR
ORD114560,09-07-2024,BR54,India,Pune,CUST2393,PROD373,Accessories,Bluetooth Headphones,OnePlus,3,1294.46,0.21,0.18,3620.09,UPI,In-Store,EMP249,2,1,Express,1,GBP
ORD114561,15-10-2024,BR53,India,Mumbai,CUST4840,PROD625,Accessories,Wireless Mouse,LG,5,69.55,0.16,0.18,344.69,Cash,In-Store,EMP966,1,0,Express,7,AED
ORD114562,28-12-2024,BR25,Germany,Hamburg,CUST2946,PROD592,Mobile,iPhone 14,HP,2,1965.06,0.23,0.18,3570.91,Debit Card,In-Store,EMP482,2,0,Standard,5,USD
ORD114563,29-03-2024,BR106,UAE,Dubai,CUST2216,PROD135,TV,Sony Bravia 55,LG,5,870.14,0.25,0.18,3850.37,Cash,Online,EMP649,0,0,Standard,6,GBP
ORD114564,19-12-2023,BR102,UK,London,CUST1042,PROD911,Accessories,Keyboard,Sony,1,996.64,0.1,0.18,1058.43,Cash,Online,EMP389,0,0,Standard,9,USD
ORD114565,10-01-2024,BR35,UAE,Abu Dhabi,CUST2814,PROD953,Accessories,Bluetooth Headphones,OnePlus,4,403.09,0.28,0.18,1369.86,UPI,Online,EMP344,3,0,Express,3,USD
ORD114566,07-09-2024,BR100,UAE,Dubai,CUST4599,PROD853,Accessories,Wireless Mouse,OnePlus,1,1986.79,0.25,0.18,1758.31,Debit Card,In-Store,EMP680,3,1,Same Day,10,INR
ORD114567,25-05-2023,BR91,India,Pune,CUST1652,PROD822,TV,Samsung QLED 50,OnePlus,1,943.11,0.06,0.18,1046.1,UPI,Online,EMP249,0,1,Standard,9,INR
ORD114568,27-05-2023,BR76,India,Bangalore,CUST3977,PROD435,Accessories,Bluetooth Headphones,LG,3,312.23,0.08,0.18,1016.87,Credit Card,In-Store,EMP337,3,0,Same Day,2,INR
ORD114569,04-10-2023,BR67,India,Bangalore,CUST6915,PROD814,Mobile,OnePlus 11,Sony,3,535.77,0.1,0.18,1706.96,Credit Card,Online,EMP421,3,1,Express,1,AED
ORD114570,11-08-2024,BR84,USA,Dallas,CUST7839,PROD486,Laptop,MacBook Air M2,Samsung,3,1169.32,0.17,0.18,3435.7,Credit Card,Online,EMP296,3,0,Same Day,1,AED
ORD114571,20-06-2023,BR113,Germany,Munich,CUST1633,PROD989,Tablet,Lenovo Tab P11,HP,5,1678.62,0.25,0.18,7427.89,Debit Card,Online,EMP269,0,0,Express,6,AED
ORD114572,04-04-2024,BR29,USA,Dallas,CUST1603,PROD702,Accessories,Keyboard,OnePlus,3,1339.97,0.26,0.18,3510.19,Debit Card,In-Store,EMP817,3,1,Same Day,4,GBP
ORD114573,25-07-2024,BR61,USA,New York,CUST7300,PROD572,TV,LG OLED 48,HP,2,1761.68,0.07,0.18,3866.54,UPI,In-Store,EMP400,0,1,Standard,3,USD
ORD114574,18-08-2023,BR94,India,Pune,CUST1434,PROD328,Laptop,MacBook Air M2,HP,4,397.88,0.22,0.18,1464.84,Credit Card,Online,EMP611,0,1,Same Day,4,GBP
ORD114575,10-07-2024,BR41,Germany,Berlin,CUST9441,PROD974,Laptop,MacBook Air M2,Apple,2,302.74,0.24,0.18,542.99,UPI,In-Store,EMP387,0,0,Standard,7,INR
ORD114576,26-03-2024,BR37,USA,Los Angeles,CUST5119,PROD420,Mobile,OnePlus 11,Dell,3,104.59,0.13,0.18,322.12,Credit Card,In-Store,EMP751,3,1,Standard,9,GBP
ORD114577,26-07-2024,BR26,USA,Dallas,CUST7981,PROD932,Mobile,iPhone 14,OnePlus,5,509.76,0.17,0.18,2496.29,Debit Card,Online,EMP858,3,1,Same Day,4,GBP
ORD114578,05-11-2024,BR18,India,Mumbai,CUST5749,PROD368,Accessories,Bluetooth Headphones,Apple,5,1467.22,0.2,0.18,6925.28,Debit Card,Online,EMP585,0,0,Standard,6,USD
ORD114579,01-11-2023,BR88,India,Delhi,CUST1580,PROD510,Laptop,HP Spectre x360,Samsung,1,1669.33,0.01,0.18,1950.11,Debit Card,Online,EMP634,2,0,Standard,9,EUR
ORD114580,31-01-2023,BR31,India,Pune,CUST8609,PROD915,Accessories,Bluetooth Headphones,LG,2,194.27,0.26,0.18,339.27,Debit Card,Online,EMP584,2,0,Standard,10,GBP
ORD114581,24-04-2024,BR29,UAE,Abu Dhabi,CUST9254,PROD815,Accessories,Keyboard,Dell,4,197.12,0.14,0.18,800.15,Credit Card,Online,EMP981,0,1,Same Day,9,EUR
ORD114582,05-07-2023,BR53,UK,London,CUST2683,PROD948,Mobile,Samsung Galaxy S23,Apple,5,1835.03,0.15,0.18,9202.68,Cash,Online,EMP844,0,0,Express,10,GBP
ORD114583,16-04-2024,BR1,UAE,Dubai,CUST5027,PROD749,Mobile,OnePlus 11,Apple,5,1173.54,0.26,0.18,5123.68,Cash,Online,EMP919,1,1,Same Day,3,USD
ORD114584,18-03-2024,BR11,UK,Manchester,CUST9212,PROD548,Accessories,Keyboard,LG,5,392.96,0.29,0.18,1646.11,UPI,In-Store,EMP309,0,0,Express,1,USD
ORD114585,05-03-2024,BR91,USA,Los Angeles,CUST7409,PROD319,TV,Samsung QLED 50,OnePlus,5,1469.9,0.12,0.18,7631.72,Net Banking,In-Store,EMP953,2,0,Express,4,AED
ORD114586,18-08-2024,BR54,USA,Los Angeles,CUST8587,PROD158,Mobile,Samsung Galaxy S23,LG,3,1635.11,0.26,0.18,4283.33,Net Banking,Online,EMP608,3,0,Express,5,INR
ORD114587,13-07-2024,BR109,UK,London,CUST2374,PROD139,Laptop,Dell XPS 13,OnePlus,4,452.67,0.01,0.18,2115.24,Cash,In-Store,EMP508,2,0,Standard,4,GBP
ORD114588,01-02-2023,BR30,UAE,Dubai,CUST5680,PROD667,Mobile,Samsung Galaxy S23,HP,4,1484.82,0.05,0.18,6657.93,Credit Card,In-Store,EMP450,0,0,Standard,3,USD
ORD114589,23-10-2023,BR112,UK,Manchester,CUST2245,PROD708,Tablet,Lenovo Tab P11,Apple,3,372.4,0.29,0.18,935.99,Net Banking,Online,EMP994,0,0,Express,6,EUR
ORD114590,04-02-2023,BR39,USA,Dallas,CUST7308,PROD595,Tablet,Lenovo Tab P11,Apple,5,1193.02,0.07,0.18,6546.1,Cash,Online,EMP852,1,0,Standard,9,USD
ORD114591,25-08-2024,BR1,Germany,Berlin,CUST9474,PROD935,Accessories,Keyboard,Apple,2,876.06,0.22,0.18,1612.65,Debit Card,Online,EMP911,3,0,Same Day,3,AED
ORD114592,14-02-2024,BR119,India,Bangalore,CUST3414,PROD997,Mobile,Samsung Galaxy S23,Lenovo,5,761.97,0.27,0.18,3281.8,Credit Card,Online,EMP304,0,1,Same Day,4,GBP
ORD114593,19-03-2024,BR8,Germany,Munich,CUST8811,PROD614,Accessories,Bluetooth Headphones,Samsung,2,385.75,0,0.18,910.37,Cash,In-Store,EMP723,2,1,Same Day,1,EUR
ORD114594,25-06-2023,BR31,Germany,Berlin,CUST3873,PROD958,Accessories,Keyboard,Sony,5,1473.99,0.02,0.18,8522.61,Cash,Online,EMP987,2,0,Same Day,8,EUR
ORD114595,23-11-2023,BR52,UK,Birmingham,CUST7528,PROD342,Accessories,Bluetooth Headphones,Dell,2,445.5,0.01,0.18,1040.87,Credit Card,In-Store,EMP288,3,1,Express,2,USD
ORD114596,08-05-2024,BR119,UAE,Dubai,CUST4593,PROD502,Laptop,HP Spectre x360,Sony,2,325.46,0.02,0.18,752.72,UPI,Online,EMP252,0,0,Express,5,USD
ORD114597,07-03-2024,BR14,UAE,Abu Dhabi,CUST5761,PROD423,TV,Sony Bravia 55,Sony,1,834.18,0.01,0.18,974.49,Cash,In-Store,EMP970,1,0,Standard,8,INR
ORD114598,20-02-2023,BR68,Germany,Munich,CUST7970,PROD871,TV,Sony Bravia 55,Lenovo,2,180.4,0.25,0.18,319.31,Cash,Online,EMP531,3,1,Express,5,GBP
ORD114599,29-06-2023,BR89,USA,Dallas,CUST3568,PROD414,Tablet,Lenovo Tab P11,Samsung,5,437.72,0.02,0.18,2530.9,UPI,In-Store,EMP386,3,0,Same Day,4,EUR
ORD114600,16-01-2024,BR85,Germany,Berlin,CUST2841,PROD372,Laptop,MacBook Air M2,LG,5,455.43,0.22,0.18,2095.89,Cash,Online,EMP325,2,1,Express,4,EUR
ORD114601,10-01-2023,BR48,USA,Chicago,CUST2888,PROD192,Accessories,Wireless Mouse,Dell,2,559.45,0.13,0.18,1148.66,Credit Card,In-Store,EMP848,1,0,Same Day,9,GBP
ORD114602,25-10-2024,BR27,UK,Birmingham,CUST8639,PROD459,Laptop,MacBook Air M2,Dell,2,1903.51,0.06,0.18,4222.75,Debit Card,Online,EMP462,0,0,Standard,8,GBP
ORD114603,07-02-2024,BR62,UK,Manchester,CUST1588,PROD821,Laptop,Dell XPS 13,HP,3,1098.12,0.23,0.18,2993.26,UPI,In-Store,EMP833,3,0,Standard,3,GBP
ORD114604,08-12-2024,BR89,USA,Chicago,CUST9460,PROD313,Laptop,HP Spectre x360,HP,4,1337.39,0.13,0.18,5491.86,UPI,Online,EMP468,2,1,Same Day,5,AED
ORD114605,23-04-2023,BR79,Germany,Hamburg,CUST7236,PROD899,Accessories,Wireless Mouse,Apple,1,1365.31,0.14,0.18,1385.52,Credit Card,In-Store,EMP577,1,1,Standard,9,AED
ORD114606,04-11-2024,BR103,UK,Birmingham,CUST1737,PROD210,TV,Samsung QLED 50,Dell,5,1068.45,0.05,0.18,5988.66,Debit Card,Online,EMP976,0,1,Express,9,AED
ORD114607,29-01-2024,BR88,UAE,Dubai,CUST3216,PROD926,TV,LG OLED 48,Dell,4,1821.33,0.11,0.18,7651.04,Cash,Online,EMP247,2,1,Standard,4,AED
ORD114608,09-08-2023,BR103,Germany,Munich,CUST5067,PROD873,Mobile,OnePlus 11,Sony,2,1455.67,0.04,0.18,3297.97,Credit Card,In-Store,EMP985,2,0,Express,2,USD
ORD114609,02-03-2023,BR98,UAE,Abu Dhabi,CUST7390,PROD753,Mobile,OnePlus 11,Samsung,4,781.2,0.26,0.18,2728.58,UPI,In-Store,EMP650,2,0,Standard,8,EUR
ORD114610,28-07-2023,BR45,UK,Birmingham,CUST4062,PROD960,Accessories,Bluetooth Headphones,Apple,1,759.89,0.03,0.18,869.77,UPI,In-Store,EMP267,2,1,Express,7,GBP
ORD114611,26-04-2023,BR56,USA,New York,CUST4759,PROD873,Tablet,iPad Air,Lenovo,5,1511.15,0.13,0.18,7756.73,Debit Card,In-Store,EMP706,2,0,Express,6,EUR
ORD114612,12-12-2023,BR8,UK,Manchester,CUST9547,PROD118,Laptop,MacBook Air M2,LG,5,1890.61,0.14,0.18,9592.96,Cash,In-Store,EMP233,0,0,Express,7,INR
ORD114613,25-01-2024,BR70,Germany,Berlin,CUST2576,PROD829,Mobile,OnePlus 11,Dell,3,1871.15,0.03,0.18,6425.15,Net Banking,In-Store,EMP293,0,1,Standard,8,USD
ORD114614,12-06-2024,BR62,UK,London,CUST1392,PROD506,TV,LG OLED 48,Apple,4,416.97,0.08,0.18,1810.65,Cash,Online,EMP623,0,1,Same Day,1,GBP
ORD114615,27-03-2024,BR101,UK,London,CUST5777,PROD491,Tablet,iPad Air,Sony,4,1755.93,0.02,0.18,8122.23,Debit Card,In-Store,EMP889,0,1,Standard,3,INR
ORD114616,18-01-2024,BR43,UAE,Abu Dhabi,CUST7294,PROD163,Laptop,Dell XPS 13,Apple,2,866.63,0.01,0.18,2024.79,Credit Card,In-Store,EMP595,3,1,Same Day,7,USD
ORD114617,04-05-2024,BR89,USA,Los Angeles,CUST3750,PROD635,Mobile,OnePlus 11,HP,5,1142.4,0.1,0.18,6066.14,UPI,In-Store,EMP696,0,1,Express,1,AED
ORD114618,25-08-2023,BR8,Germany,Berlin,CUST1575,PROD638,Mobile,iPhone 14,Sony,1,567.47,0.26,0.18,495.51,Credit Card,Online,EMP712,2,0,Standard,3,USD
ORD114619,07-03-2024,BR101,UK,Manchester,CUST2801,PROD555,Accessories,Keyboard,OnePlus,1,1677.68,0.03,0.18,1920.27,UPI,In-Store,EMP445,2,1,Express,9,USD
ORD114620,07-12-2024,BR104,India,Delhi,CUST4559,PROD374,Accessories,Bluetooth Headphones,OnePlus,5,605.5,0.12,0.18,3143.76,Net Banking,Online,EMP494,3,1,Standard,4,AED
ORD114621,20-05-2024,BR32,India,Pune,CUST6644,PROD625,Laptop,MacBook Air M2,Lenovo,2,1590.68,0.17,0.18,3115.82,Credit Card,In-Store,EMP289,2,1,Same Day,10,EUR
ORD114622,30-10-2023,BR72,UK,Manchester,CUST8013,PROD192,Mobile,OnePlus 11,OnePlus,1,1741.29,0.18,0.18,1684.87,UPI,Online,EMP956,0,0,Same Day,8,USD
ORD114623,26-09-2024,BR38,UK,London,CUST8822,PROD785,Mobile,iPhone 14,Sony,3,731.67,0.07,0.18,2408.8,Debit Card,In-Store,EMP766,2,0,Standard,4,INR
ORD114624,07-09-2024,BR18,UAE,Abu Dhabi,CUST4387,PROD182,Laptop,HP Spectre x360,Sony,2,1923.5,0.23,0.18,3495.38,Credit Card,Online,EMP811,3,0,Express,6,EUR
ORD114625,14-08-2023,BR10,India,Bangalore,CUST8267,PROD472,Laptop,MacBook Air M2,Samsung,3,1512.01,0.07,0.18,4977.84,Cash,Online,EMP769,3,1,Same Day,9,GBP
ORD114626,24-01-2024,BR74,USA,Chicago,CUST1975,PROD117,Mobile,Samsung Galaxy S23,Samsung,1,660.41,0.26,0.18,576.67,Debit Card,Online,EMP445,3,1,Standard,4,EUR
ORD114627,16-06-2023,BR112,India,Bangalore,CUST2287,PROD373,Tablet,iPad Air,Samsung,4,238.25,0.14,0.18,967.1,Credit Card,In-Store,EMP462,3,0,Standard,8,INR
ORD114628,17-08-2024,BR55,UK,London,CUST9603,PROD659,Mobile,Samsung Galaxy S23,OnePlus,4,324.01,0.11,0.18,1361.1,UPI,In-Store,EMP722,0,1,Standard,4,EUR
ORD114629,05-07-2023,BR34,UAE,Dubai,CUST7400,PROD498,Laptop,Dell XPS 13,Lenovo,2,101.95,0.1,0.18,216.54,Cash,Online,EMP202,1,0,Same Day,9,AED
ORD114630,17-11-2024,BR31,India,Delhi,CUST5671,PROD746,Laptop,HP Spectre x360,LG,3,262.27,0.15,0.18,789.17,Cash,Online,EMP965,0,1,Standard,1,AED
ORD114631,27-04-2023,BR4,Germany,Hamburg,CUST4278,PROD103,Tablet,iPad Air,Apple,2,765.66,0.02,0.18,1770.82,Credit Card,In-Store,EMP640,3,0,Standard,4,INR
ORD114632,29-08-2023,BR43,USA,Los Angeles,CUST7537,PROD343,Laptop,Dell XPS 13,Dell,4,1216.54,0.16,0.18,4823.34,Credit Card,Online,EMP404,2,0,Express,9,GBP
ORD114633,14-04-2024,BR7,USA,New York,CUST2479,PROD758,Accessories,Wireless Mouse,Apple,1,1226.84,0.02,0.18,1418.72,Cash,Online,EMP698,1,1,Standard,8,GBP
ORD114634,28-10-2023,BR30,Germany,Berlin,CUST8312,PROD636,TV,LG OLED 48,LG,5,634.18,0.24,0.18,2843.66,Debit Card,Online,EMP276,0,0,Same Day,4,USD
ORD114635,29-08-2023,BR96,USA,Los Angeles,CUST4663,PROD128,Accessories,Wireless Mouse,Apple,5,901.3,0.02,0.18,5211.32,Credit Card,In-Store,EMP795,2,1,Standard,5,INR
ORD114636,25-07-2023,BR11,UAE,Abu Dhabi,CUST6501,PROD817,TV,Sony Bravia 55,Samsung,4,980.8,0.15,0.18,3934.97,Net Banking,Online,EMP885,3,0,Same Day,8,AED
ORD114637,28-04-2024,BR77,UK,London,CUST7632,PROD191,TV,Samsung QLED 50,OnePlus,4,1574.49,0.24,0.18,5648.01,Net Banking,Online,EMP944,3,1,Standard,4,USD
ORD114638,05-06-2024,BR89,USA,Chicago,CUST1885,PROD261,Laptop,HP Spectre x360,Samsung,2,1524.77,0.26,0.18,2662.86,Net Banking,Online,EMP821,3,1,Express,2,GBP
ORD114639,04-01-2023,BR49,Germany,Berlin,CUST8066,PROD422,Accessories,Keyboard,Sony,3,1629.15,0.05,0.18,5478.83,Net Banking,In-Store,EMP275,2,0,Standard,2,AED
ORD114640,07-07-2023,BR106,UK,Birmingham,CUST3767,PROD993,Laptop,MacBook Air M2,Dell,4,1353.79,0.26,0.18,4728.52,Cash,Online,EMP420,0,1,Same Day,9,GBP
ORD114641,30-12-2023,BR9,UK,London,CUST7886,PROD154,TV,Samsung QLED 50,Dell,5,1403.69,0.02,0.18,8116.14,Cash,Online,EMP281,1,0,Standard,2,INR
ORD114642,03-07-2023,BR94,Germany,Hamburg,CUST3983,PROD584,Laptop,MacBook Air M2,Apple,5,853.72,0.01,0.18,4986.58,Net Banking,Online,EMP912,0,1,Express,7,INR
ORD114643,06-08-2024,BR117,UAE,Dubai,CUST6250,PROD973,Laptop,HP Spectre x360,Dell,1,582.68,0.04,0.18,660.06,Net Banking,In-Store,EMP252,3,0,Express,2,USD
ORD114644,24-07-2024,BR48,USA,Chicago,CUST1212,PROD238,Mobile,OnePlus 11,Samsung,3,1051.16,0.08,0.18,3423.42,UPI,In-Store,EMP945,1,0,Express,5,USD
ORD114645,28-06-2024,BR12,UAE,Abu Dhabi,CUST8634,PROD114,Tablet,Samsung Galaxy Tab,Sony,4,579.84,0.03,0.18,2654.74,Credit Card,In-Store,EMP624,3,1,Same Day,3,AED
ORD114646,07-07-2024,BR59,UK,Manchester,CUST8098,PROD375,Tablet,Lenovo Tab P11,LG,3,1881.71,0.02,0.18,6528.03,Cash,Online,EMP986,1,0,Express,9,GBP
ORD114647,27-08-2023,BR107,UK,London,CUST2971,PROD973,Tablet,Lenovo Tab P11,OnePlus,4,1762.37,0.04,0.18,7985.65,Debit Card,In-Store,EMP831,2,0,Standard,3,INR
ORD114648,11-04-2023,BR2,UAE,Abu Dhabi,CUST4983,PROD126,Mobile,iPhone 14,LG,5,722.64,0.17,0.18,3538.77,Cash,In-Store,EMP787,2,1,Standard,7,AED
ORD114649,21-08-2024,BR38,USA,Dallas,CUST9786,PROD441,Mobile,OnePlus 11,Lenovo,2,1577.7,0.13,0.18,3239.33,UPI,Online,EMP421,2,0,Standard,3,INR
ORD114650,07-08-2023,BR117,Germany,Berlin,CUST8890,PROD126,Accessories,Wireless Mouse,Lenovo,3,453.64,0.04,0.18,1541.65,Debit Card,Online,EMP501,0,1,Express,8,AED
ORD114651,06-11-2023,BR54,UAE,Abu Dhabi,CUST3834,PROD713,Laptop,MacBook Air M2,HP,4,1811.55,0.18,0.18,7011.42,Debit Card,In-Store,EMP804,0,1,Same Day,10,INR
ORD114652,23-12-2023,BR34,India,Bangalore,CUST1019,PROD779,Tablet,Samsung Galaxy Tab,Apple,4,1647,0.08,0.18,7151.93,Debit Card,Online,EMP683,3,1,Express,9,GBP
ORD114653,12-11-2024,BR35,Germany,Berlin,CUST1541,PROD427,Mobile,Samsung Galaxy S23,Apple,5,1813.05,0.05,0.18,10162.15,UPI,Online,EMP691,3,0,Same Day,7,AED
ORD114654,28-11-2023,BR82,Germany,Berlin,CUST6157,PROD634,Mobile,OnePlus 11,HP,1,1423.26,0.12,0.18,1477.91,Cash,Online,EMP500,0,1,Express,7,GBP
ORD114655,07-07-2023,BR93,UK,Birmingham,CUST3369,PROD170,Mobile,Samsung Galaxy S23,HP,1,1686.84,0.28,0.18,1433.14,Credit Card,In-Store,EMP401,3,0,Same Day,10,GBP
ORD114656,02-03-2023,BR45,UK,London,CUST3704,PROD202,Accessories,Keyboard,OnePlus,1,58.05,0.05,0.18,65.07,Cash,Online,EMP309,3,0,Same Day,3,GBP
ORD114657,11-03-2023,BR89,Germany,Hamburg,CUST9942,PROD196,Mobile,Samsung Galaxy S23,Sony,1,658.22,0.15,0.18,660.19,Debit Card,Online,EMP503,0,1,Same Day,6,EUR
ORD114658,30-07-2023,BR115,UAE,Abu Dhabi,CUST4893,PROD301,TV,Samsung QLED 50,Dell,2,1348.68,0.15,0.18,2705.45,Net Banking,Online,EMP836,0,1,Same Day,3,EUR
ORD114659,23-07-2023,BR65,India,Bangalore,CUST2358,PROD354,TV,Sony Bravia 55,Sony,1,1890.8,0.3,0.18,1561.8,UPI,Online,EMP588,0,1,Express,10,AED
ORD114660,10-07-2024,BR75,UK,Birmingham,CUST9415,PROD758,Laptop,MacBook Air M2,LG,5,815.87,0.2,0.18,3850.91,Debit Card,Online,EMP824,1,0,Express,6,INR
ORD114661,31-01-2023,BR6,Germany,Hamburg,CUST7756,PROD643,Mobile,iPhone 14,Lenovo,1,1001.91,0.04,0.18,1134.96,Debit Card,Online,EMP902,0,0,Same Day,1,EUR
ORD114662,11-11-2023,BR97,UAE,Dubai,CUST4574,PROD375,Tablet,Samsung Galaxy Tab,Lenovo,5,950.77,0.14,0.18,4824.21,Credit Card,In-Store,EMP616,3,0,Standard,5,USD
ORD114663,11-12-2024,BR55,USA,Chicago,CUST3089,PROD425,Mobile,Samsung Galaxy S23,Apple,3,1985.86,0.15,0.18,5975.45,Credit Card,In-Store,EMP304,3,1,Express,6,INR
ORD114664,06-12-2024,BR10,India,Mumbai,CUST5042,PROD184,Tablet,Samsung Galaxy Tab,Apple,4,452.41,0.17,0.18,1772.36,Debit Card,Online,EMP281,0,0,Standard,5,EUR
ORD114665,16-12-2024,BR49,USA,New York,CUST1065,PROD492,Accessories,Wireless Mouse,HP,2,458.86,0.24,0.18,823.01,UPI,In-Store,EMP477,3,0,Standard,10,EUR
ORD114666,01-11-2024,BR57,India,Bangalore,CUST9341,PROD823,Tablet,Samsung Galaxy Tab,Sony,5,1326.04,0.3,0.18,5476.55,Debit Card,In-Store,EMP204,0,0,Same Day,6,INR
ORD114667,30-12-2024,BR19,UAE,Dubai,CUST6592,PROD399,Mobile,iPhone 14,Dell,3,1818.77,0.12,0.18,5665.83,Debit Card,Online,EMP671,2,0,Express,9,AED
ORD114668,21-11-2024,BR73,Germany,Hamburg,CUST6960,PROD922,Accessories,Bluetooth Headphones,OnePlus,4,1213.1,0.22,0.18,4466.15,Credit Card,In-Store,EMP841,2,0,Express,8,EUR
ORD114669,06-06-2024,BR63,USA,Chicago,CUST7746,PROD380,Tablet,Samsung Galaxy Tab,Sony,3,1254.1,0.1,0.18,3995.56,Debit Card,Online,EMP517,3,0,Express,2,USD
ORD114670,05-02-2023,BR76,UK,Manchester,CUST3118,PROD250,TV,Samsung QLED 50,Apple,4,899.46,0.21,0.18,3353.91,Debit Card,In-Store,EMP958,0,0,Same Day,4,USD
ORD114671,13-10-2023,BR44,UK,London,CUST8543,PROD916,Accessories,Keyboard,HP,5,310.37,0.14,0.18,1574.82,Credit Card,Online,EMP958,0,0,Express,10,EUR
ORD114672,15-12-2023,BR17,UAE,Dubai,CUST8713,PROD570,TV,Sony Bravia 55,LG,5,1766.68,0.15,0.18,8859.9,Debit Card,In-Store,EMP678,2,0,Standard,7,AED
ORD114673,30-03-2023,BR31,Germany,Hamburg,CUST6625,PROD541,Laptop,Dell XPS 13,Lenovo,5,964.68,0.11,0.18,5065.53,Cash,In-Store,EMP339,0,1,Express,8,USD
ORD114674,17-09-2023,BR91,UAE,Abu Dhabi,CUST2917,PROD261,Tablet,iPad Air,Sony,4,1813.98,0.02,0.18,8390.75,Debit Card,In-Store,EMP389,2,1,Standard,7,AED
ORD114675,25-12-2024,BR26,Germany,Hamburg,CUST7953,PROD866,TV,Sony Bravia 55,Lenovo,2,1702.14,0.11,0.18,3575.17,Credit Card,In-Store,EMP673,0,1,Express,7,INR
ORD114676,29-09-2024,BR9,India,Delhi,CUST4766,PROD544,Accessories,Wireless Mouse,Apple,1,1350.49,0.2,0.18,1274.86,Net Banking,Online,EMP333,1,0,Same Day,9,AED
ORD114677,13-09-2024,BR111,India,Pune,CUST3078,PROD215,TV,LG OLED 48,Dell,3,1292.91,0.19,0.18,3707.29,UPI,Online,EMP880,0,0,Standard,6,GBP
ORD114678,03-03-2023,BR90,USA,Chicago,CUST8807,PROD960,Laptop,Dell XPS 13,Lenovo,3,1505.63,0.23,0.18,4104.05,Net Banking,In-Store,EMP456,2,1,Express,6,INR
ORD114679,08-12-2023,BR34,UK,Manchester,CUST8769,PROD125,Tablet,iPad Air,HP,5,494.94,0.16,0.18,2452.92,Credit Card,In-Store,EMP366,2,0,Express,5,AED
ORD114680,06-08-2023,BR91,USA,Los Angeles,CUST2112,PROD623,Accessories,Keyboard,Samsung,1,1935.42,0.21,0.18,1804.2,UPI,Online,EMP929,0,0,Express,6,INR
ORD114681,08-08-2024,BR45,Germany,Munich,CUST5659,PROD279,Accessories,Wireless Mouse,OnePlus,5,514.02,0.07,0.18,2820.43,Credit Card,In-Store,EMP642,2,0,Standard,1,INR
ORD114682,30-11-2023,BR81,UK,Manchester,CUST1526,PROD158,TV,LG OLED 48,Apple,2,1166.28,0.24,0.18,2091.84,Net Banking,In-Store,EMP370,1,0,Express,1,GBP
ORD114683,22-05-2023,BR107,Germany,Berlin,CUST7999,PROD640,Accessories,Keyboard,Samsung,1,1527.82,0.29,0.18,1280.01,Debit Card,In-Store,EMP740,0,1,Express,1,GBP
ORD114684,22-07-2024,BR84,USA,Dallas,CUST7367,PROD721,Accessories,Keyboard,OnePlus,5,1531.5,0.28,0.18,6505.81,UPI,Online,EMP360,1,0,Same Day,6,INR
ORD114685,26-05-2023,BR23,UAE,Dubai,CUST6571,PROD681,Laptop,HP Spectre x360,OnePlus,4,1971.89,0.09,0.18,8469.66,Net Banking,Online,EMP648,2,0,Standard,10,USD
ORD114686,22-04-2023,BR2,UK,Manchester,CUST3639,PROD406,Laptop,MacBook Air M2,Samsung,1,1761.12,0.29,0.18,1475.47,Debit Card,Online,EMP741,2,1,Express,10,INR
ORD114687,23-09-2023,BR28,UAE,Dubai,CUST8564,PROD994,Accessories,Keyboard,Dell,3,86.6,0.04,0.18,294.3,UPI,In-Store,EMP335,0,1,Express,4,USD
ORD114688,26-03-2023,BR71,USA,Chicago,CUST5191,PROD902,Accessories,Keyboard,Dell,1,82.37,0.28,0.18,69.98,Debit Card,In-Store,EMP262,0,0,Standard,7,GBP
ORD114689,03-03-2023,BR2,UAE,Dubai,CUST2548,PROD802,Mobile,OnePlus 11,OnePlus,2,1663.67,0.24,0.18,2983.96,UPI,In-Store,EMP594,1,0,Standard,10,EUR
ORD114690,10-01-2024,BR67,UK,Manchester,CUST9766,PROD512,Tablet,Lenovo Tab P11,Apple,4,345.04,0.22,0.18,1270.3,UPI,In-Store,EMP569,3,1,Same Day,3,INR
ORD114691,07-11-2023,BR85,USA,Los Angeles,CUST9200,PROD194,TV,LG OLED 48,LG,4,1847.89,0.09,0.18,7937.06,UPI,Online,EMP611,1,0,Express,2,AED
ORD114692,14-11-2024,BR32,USA,Los Angeles,CUST9931,PROD138,Accessories,Bluetooth Headphones,Dell,1,1405.26,0.24,0.18,1260.24,Credit Card,Online,EMP919,1,0,Express,10,AED
ORD114693,28-12-2024,BR7,Germany,Berlin,CUST7800,PROD374,Accessories,Keyboard,Dell,1,101.83,0.02,0.18,117.76,Net Banking,Online,EMP663,1,0,Express,2,USD
ORD114694,21-05-2023,BR66,USA,New York,CUST1521,PROD801,Laptop,HP Spectre x360,LG,5,1491.7,0.04,0.18,8448.99,Cash,Online,EMP256,3,1,Same Day,5,USD
ORD114695,08-11-2023,BR72,India,Pune,CUST5906,PROD961,Laptop,MacBook Air M2,Apple,1,229.8,0.24,0.18,206.08,Net Banking,In-Store,EMP293,3,1,Express,8,EUR
ORD114696,04-08-2024,BR59,India,Pune,CUST9221,PROD788,Accessories,Bluetooth Headphones,Samsung,4,77.79,0.18,0.18,301.08,Credit Card,In-Store,EMP697,1,1,Express,5,AED
ORD114697,09-08-2024,BR35,USA,Dallas,CUST2349,PROD152,TV,LG OLED 48,Apple,1,943.38,0.24,0.18,846.02,Debit Card,Online,EMP424,1,1,Same Day,8,USD
ORD114698,18-02-2023,BR75,UK,Manchester,CUST6177,PROD558,Tablet,iPad Air,Dell,1,1924.83,0.03,0.18,2203.16,Net Banking,Online,EMP830,1,1,Standard,3,USD
ORD114699,30-08-2023,BR43,Germany,Berlin,CUST2141,PROD572,Mobile,iPhone 14,Sony,1,1285.38,0.2,0.18,1213.4,Credit Card,In-Store,EMP601,2,1,Standard,4,USD
ORD114700,31-03-2024,BR72,UAE,Dubai,CUST5192,PROD872,Laptop,MacBook Air M2,Samsung,1,1679.41,0.21,0.18,1565.55,UPI,In-Store,EMP852,0,0,Express,7,USD
ORD114701,26-02-2023,BR102,India,Pune,CUST9288,PROD819,Mobile,iPhone 14,Lenovo,2,1183.4,0.03,0.18,2709.04,Credit Card,In-Store,EMP219,0,1,Standard,7,INR
ORD114702,20-12-2024,BR70,India,Pune,CUST3796,PROD964,Mobile,Samsung Galaxy S23,HP,2,108.25,0.14,0.18,219.7,Credit Card,Online,EMP829,0,0,Express,2,INR
ORD114703,17-06-2024,BR105,UK,London,CUST2884,PROD456,Mobile,iPhone 14,Sony,3,692.56,0.19,0.18,1985.85,Debit Card,In-Store,EMP774,0,0,Express,10,GBP
ORD114704,19-11-2024,BR43,UK,London,CUST1041,PROD421,Mobile,iPhone 14,Lenovo,3,1630.93,0.04,0.18,5542.55,Credit Card,In-Store,EMP901,2,0,Same Day,3,GBP
ORD114705,19-05-2024,BR8,UAE,Abu Dhabi,CUST9912,PROD319,Tablet,Lenovo Tab P11,Sony,1,98.04,0.04,0.18,111.06,UPI,Online,EMP681,0,1,Standard,8,EUR
ORD114706,16-03-2024,BR48,UK,Birmingham,CUST1448,PROD122,TV,Sony Bravia 55,OnePlus,1,600.72,0.13,0.18,616.7,UPI,In-Store,EMP854,3,1,Same Day,10,USD
ORD114707,08-02-2023,BR59,Germany,Hamburg,CUST4807,PROD360,Tablet,iPad Air,Sony,1,614.21,0.13,0.18,630.55,Net Banking,Online,EMP357,0,0,Standard,1,AED
ORD114708,22-02-2024,BR5,UK,Manchester,CUST8329,PROD579,TV,Sony Bravia 55,Apple,4,426.71,0.07,0.18,1873.09,Cash,Online,EMP971,0,1,Standard,2,AED
ORD114709,21-05-2024,BR77,Germany,Hamburg,CUST5091,PROD686,Laptop,MacBook Air M2,Apple,3,371.61,0.03,0.18,1276.03,Cash,Online,EMP740,1,0,Same Day,7,EUR
ORD114710,09-01-2024,BR40,UAE,Abu Dhabi,CUST3553,PROD667,Mobile,iPhone 14,OnePlus,2,1802.57,0.04,0.18,4083.9,Cash,Online,EMP622,1,0,Standard,7,AED
ORD114711,03-02-2023,BR88,UAE,Abu Dhabi,CUST5110,PROD527,TV,Samsung QLED 50,OnePlus,4,748.69,0.18,0.18,2897.73,Cash,In-Store,EMP829,2,0,Express,10,USD
ORD114712,01-05-2024,BR77,India,Mumbai,CUST8016,PROD519,Laptop,HP Spectre x360,Dell,2,1236.28,0.03,0.18,2830.09,Cash,In-Store,EMP410,0,0,Standard,8,AED
ORD114713,02-10-2023,BR63,Germany,Munich,CUST6850,PROD348,Laptop,MacBook Air M2,Sony,2,1845.87,0.29,0.18,3092.94,Credit Card,Online,EMP721,1,1,Same Day,7,AED
ORD114714,04-07-2024,BR59,UAE,Abu Dhabi,CUST9660,PROD874,Tablet,Lenovo Tab P11,Dell,3,724.19,0.15,0.18,2179.09,Net Banking,In-Store,EMP354,3,0,Express,2,AED
ORD114715,19-06-2023,BR86,India,Mumbai,CUST4339,PROD575,TV,LG OLED 48,Apple,3,1744.71,0.14,0.18,5311.6,Debit Card,In-Store,EMP905,0,1,Same Day,9,GBP
ORD114716,03-02-2024,BR99,India,Mumbai,CUST4275,PROD641,Tablet,Lenovo Tab P11,Sony,5,561.15,0.26,0.18,2449.98,Cash,In-Store,EMP631,0,1,Express,1,USD
ORD114717,08-09-2024,BR106,UK,Birmingham,CUST2331,PROD947,Mobile,Samsung Galaxy S23,Lenovo,3,223.7,0.08,0.18,728.55,Net Banking,Online,EMP694,2,0,Standard,9,GBP
ORD114718,24-12-2024,BR62,UAE,Dubai,CUST2522,PROD768,Laptop,MacBook Air M2,Apple,4,1522.56,0.23,0.18,5533.59,UPI,In-Store,EMP440,3,1,Same Day,10,USD
ORD114719,14-04-2024,BR82,UK,Birmingham,CUST9217,PROD213,Mobile,OnePlus 11,LG,3,1686.29,0.16,0.18,5014.35,UPI,In-Store,EMP313,1,0,Standard,10,INR
ORD114720,19-09-2024,BR90,UAE,Dubai,CUST6076,PROD421,Accessories,Bluetooth Headphones,Samsung,3,1466.25,0.14,0.18,4463.85,Net Banking,Online,EMP628,2,1,Same Day,4,GBP
ORD114721,20-02-2023,BR101,UK,Manchester,CUST7358,PROD678,Tablet,Samsung Galaxy Tab,Samsung,4,1401.87,0.08,0.18,6087.48,Credit Card,Online,EMP801,3,1,Express,10,AED
ORD114722,04-06-2024,BR82,Germany,Munich,CUST8148,PROD196,Accessories,Keyboard,OnePlus,1,1403.61,0.29,0.18,1175.94,Credit Card,Online,EMP902,2,1,Express,3,USD
ORD114723,06-10-2023,BR71,India,Pune,CUST3999,PROD187,Laptop,HP Spectre x360,Samsung,4,1243.22,0.07,0.18,5457.24,UPI,In-Store,EMP236,3,1,Same Day,7,GBP
ORD114724,11-07-2023,BR107,UAE,Abu Dhabi,CUST5498,PROD748,TV,Sony Bravia 55,Sony,3,304.9,0.15,0.18,917.44,UPI,In-Store,EMP738,1,0,Standard,2,INR
ORD114725,01-04-2024,BR108,UAE,Abu Dhabi,CUST2207,PROD912,TV,LG OLED 48,Apple,5,80.44,0.14,0.18,408.15,Credit Card,Online,EMP734,0,0,Standard,10,EUR
ORD114726,15-03-2024,BR31,India,Delhi,CUST2871,PROD970,Mobile,OnePlus 11,Apple,5,179.88,0.21,0.18,838.42,Net Banking,In-Store,EMP373,1,0,Standard,8,GBP
ORD114727,03-12-2023,BR117,Germany,Berlin,CUST9637,PROD928,TV,LG OLED 48,Lenovo,4,1374.27,0.07,0.18,6032.5,Net Banking,In-Store,EMP371,3,1,Standard,1,AED
ORD114728,15-03-2024,BR70,USA,New York,CUST8588,PROD588,Laptop,Dell XPS 13,HP,2,996.27,0.07,0.18,2186.61,UPI,Online,EMP783,2,1,Express,6,EUR
ORD114729,21-04-2023,BR9,Germany,Munich,CUST7855,PROD746,TV,Sony Bravia 55,Lenovo,5,1901,0.23,0.18,8636.24,UPI,In-Store,EMP616,1,1,Standard,6,USD
ORD114730,14-12-2024,BR116,Germany,Hamburg,CUST8377,PROD227,Mobile,OnePlus 11,LG,5,704.86,0.16,0.18,3493.29,Net Banking,Online,EMP726,2,0,Standard,2,AED
ORD114731,06-07-2023,BR26,UK,Birmingham,CUST4310,PROD177,Mobile,OnePlus 11,HP,4,1059.46,0.08,0.18,4600.6,UPI,In-Store,EMP644,2,1,Standard,3,AED
ORD114732,15-09-2024,BR93,USA,New York,CUST7772,PROD235,Laptop,HP Spectre x360,Lenovo,5,441.59,0.02,0.18,2553.27,Net Banking,In-Store,EMP970,3,1,Express,1,EUR
ORD114733,22-03-2024,BR119,Germany,Berlin,CUST4836,PROD843,Mobile,iPhone 14,Sony,3,1375.04,0.25,0.18,3650.73,Debit Card,In-Store,EMP794,2,1,Standard,4,INR
ORD114734,18-11-2024,BR12,UAE,Dubai,CUST1707,PROD532,Tablet,iPad Air,Lenovo,5,80.03,0.01,0.18,467.46,Credit Card,In-Store,EMP519,1,1,Express,7,AED
ORD114735,03-12-2024,BR99,India,Pune,CUST1612,PROD605,Mobile,OnePlus 11,Dell,3,423.72,0.23,0.18,1154.98,Credit Card,In-Store,EMP628,3,0,Standard,6,INR
ORD114736,10-03-2024,BR110,India,Bangalore,CUST5408,PROD161,TV,Samsung QLED 50,Apple,3,651.5,0.16,0.18,1937.3,Debit Card,In-Store,EMP715,3,0,Standard,9,EUR
ORD114737,02-10-2023,BR99,Germany,Munich,CUST8399,PROD506,Laptop,MacBook Air M2,Sony,3,1483.25,0.11,0.18,4673.13,Debit Card,Online,EMP730,3,0,Standard,9,USD
ORD114738,21-12-2024,BR52,USA,Los Angeles,CUST3554,PROD485,Tablet,Lenovo Tab P11,Apple,5,263.44,0.03,0.18,1507.67,Cash,Online,EMP240,2,0,Same Day,9,USD
ORD114739,16-10-2023,BR33,USA,New York,CUST9847,PROD846,TV,Sony Bravia 55,HP,1,546.89,0.14,0.18,554.98,Net Banking,Online,EMP378,0,1,Standard,9,USD
ORD114740,25-08-2023,BR48,USA,Chicago,CUST2593,PROD947,Mobile,iPhone 14,HP,3,939.43,0.2,0.18,2660.47,Cash,Online,EMP466,1,1,Express,1,INR
ORD114741,20-01-2023,BR23,UAE,Abu Dhabi,CUST8589,PROD420,Mobile,OnePlus 11,Apple,2,471.51,0.05,0.18,1057.13,UPI,Online,EMP550,1,1,Express,7,INR
ORD114742,28-05-2024,BR96,UAE,Dubai,CUST6104,PROD256,Tablet,Lenovo Tab P11,LG,2,76.88,0.29,0.18,128.82,Cash,Online,EMP240,0,1,Same Day,9,USD
ORD114743,25-02-2023,BR55,Germany,Hamburg,CUST1112,PROD723,Laptop,HP Spectre x360,Sony,1,954.35,0.19,0.18,912.17,UPI,In-Store,EMP616,2,0,Standard,6,USD
ORD114744,26-06-2024,BR20,India,Delhi,CUST6087,PROD562,Mobile,iPhone 14,Samsung,1,328.22,0.16,0.18,325.33,Net Banking,Online,EMP536,3,0,Express,9,EUR
ORD114745,15-02-2024,BR40,UAE,Dubai,CUST8649,PROD248,Laptop,HP Spectre x360,Samsung,5,538.13,0.04,0.18,3047.97,UPI,In-Store,EMP864,0,1,Same Day,1,EUR
ORD114746,24-12-2024,BR104,UK,London,CUST4798,PROD899,Laptop,HP Spectre x360,Lenovo,1,1675.45,0.2,0.18,1581.62,Cash,Online,EMP849,2,1,Standard,9,GBP
ORD114747,27-02-2023,BR63,UK,Manchester,CUST4636,PROD467,Mobile,OnePlus 11,Lenovo,3,1866.16,0.22,0.18,5152.84,Cash,In-Store,EMP951,2,0,Express,9,USD
ORD114748,28-05-2024,BR88,Germany,Munich,CUST5264,PROD292,Accessories,Wireless Mouse,OnePlus,1,202.13,0.22,0.18,186.04,Credit Card,Online,EMP530,3,0,Standard,8,USD
ORD114749,23-03-2023,BR107,USA,Los Angeles,CUST9912,PROD218,Mobile,Samsung Galaxy S23,OnePlus,1,655.32,0.17,0.18,641.82,Credit Card,Online,EMP557,2,0,Same Day,7,AED
ORD114750,20-07-2023,BR53,UK,London,CUST6937,PROD334,Accessories,Wireless Mouse,Lenovo,5,324.68,0.23,0.18,1475.02,Cash,In-Store,EMP340,1,1,Standard,7,USD
ORD114751,11-12-2024,BR108,UAE,Abu Dhabi,CUST3227,PROD623,Mobile,OnePlus 11,Samsung,3,887.62,0.08,0.18,2890.8,Net Banking,In-Store,EMP354,0,0,Same Day,2,USD
ORD114752,21-11-2024,BR112,India,Pune,CUST7076,PROD393,Laptop,Dell XPS 13,Sony,4,841.85,0.16,0.18,3337.77,UPI,In-Store,EMP824,1,1,Same Day,2,EUR
ORD114753,17-08-2024,BR46,UAE,Dubai,CUST4614,PROD564,Accessories,Wireless Mouse,Lenovo,1,1054.26,0.04,0.18,1194.27,Cash,Online,EMP244,3,1,Same Day,2,GBP
ORD114754,11-03-2024,BR9,UAE,Dubai,CUST3666,PROD191,Accessories,Keyboard,Sony,4,97.98,0.16,0.18,388.47,Debit Card,In-Store,EMP549,0,0,Same Day,5,GBP
ORD114755,10-01-2024,BR59,Germany,Berlin,CUST8572,PROD451,Accessories,Keyboard,OnePlus,4,565.23,0.08,0.18,2454.45,Credit Card,Online,EMP423,2,1,Standard,8,GBP
ORD114756,14-07-2023,BR42,Germany,Hamburg,CUST2843,PROD436,TV,LG OLED 48,Samsung,4,1254.52,0.16,0.18,4973.92,Cash,In-Store,EMP651,3,0,Same Day,7,GBP
ORD114757,11-07-2023,BR103,India,Pune,CUST8220,PROD818,Accessories,Keyboard,HP,1,511.59,0.06,0.18,567.46,UPI,Online,EMP278,1,1,Same Day,9,INR
ORD114758,28-12-2023,BR97,UK,Manchester,CUST9672,PROD758,Laptop,HP Spectre x360,LG,1,423.28,0.16,0.18,419.56,Debit Card,Online,EMP833,3,1,Same Day,8,INR
ORD114759,12-05-2023,BR19,UK,London,CUST9371,PROD409,Tablet,iPad Air,Samsung,2,455.54,0.1,0.18,967.57,Cash,Online,EMP577,3,1,Same Day,4,GBP
ORD114760,08-09-2024,BR4,UAE,Dubai,CUST3465,PROD293,Mobile,OnePlus 11,Lenovo,4,772.41,0.22,0.18,2843.7,Credit Card,In-Store,EMP300,0,0,Standard,8,INR
ORD114761,02-12-2023,BR116,India,Bangalore,CUST8062,PROD268,Mobile,OnePlus 11,Apple,1,1800.31,0.06,0.18,1996.9,Debit Card,In-Store,EMP774,0,0,Standard,5,INR
ORD114762,03-07-2024,BR68,Germany,Munich,CUST8449,PROD469,Accessories,Keyboard,Dell,3,1003.93,0.19,0.18,2878.67,Debit Card,Online,EMP544,3,1,Same Day,7,EUR
ORD114763,17-09-2023,BR29,UAE,Dubai,CUST5504,PROD998,TV,Samsung QLED 50,Sony,2,656.7,0.29,0.18,1100.37,Credit Card,Online,EMP447,1,1,Express,2,GBP
ORD114764,18-06-2023,BR35,UK,London,CUST8844,PROD165,Laptop,MacBook Air M2,Dell,1,819.28,0.17,0.18,802.4,UPI,Online,EMP528,1,1,Standard,5,INR
ORD114765,03-08-2024,BR33,UAE,Abu Dhabi,CUST2456,PROD114,Tablet,iPad Air,Dell,2,665.64,0.16,0.18,1319.56,UPI,In-Store,EMP733,2,1,Same Day,10,INR
ORD114766,20-06-2023,BR50,UK,Birmingham,CUST6181,PROD694,Accessories,Keyboard,Lenovo,5,694.64,0.05,0.18,3893.46,Debit Card,In-Store,EMP505,3,1,Same Day,10,INR
ORD114767,20-05-2023,BR63,Germany,Berlin,CUST7315,PROD136,Laptop,Dell XPS 13,HP,1,1807.07,0.16,0.18,1791.17,Credit Card,Online,EMP608,0,0,Standard,8,INR
ORD114768,31-07-2023,BR47,UAE,Dubai,CUST5689,PROD977,Tablet,Lenovo Tab P11,Lenovo,1,555.86,0.03,0.18,636.24,Debit Card,In-Store,EMP315,3,0,Same Day,4,GBP
ORD114769,21-08-2023,BR115,Germany,Munich,CUST6775,PROD982,Tablet,Samsung Galaxy Tab,Dell,5,1882.26,0.07,0.18,10327.96,Debit Card,Online,EMP955,1,0,Express,5,GBP
ORD114770,14-12-2023,BR6,UAE,Dubai,CUST6490,PROD180,Laptop,Dell XPS 13,Dell,5,1826,0.23,0.18,8295.52,Cash,In-Store,EMP911,3,0,Standard,2,USD
ORD114771,09-12-2024,BR30,USA,Chicago,CUST9605,PROD451,TV,LG OLED 48,Samsung,4,940.56,0.11,0.18,3951.1,Debit Card,Online,EMP759,0,1,Express,3,GBP
ORD114772,15-01-2023,BR18,UAE,Dubai,CUST9423,PROD103,Tablet,Lenovo Tab P11,Samsung,4,293.73,0.25,0.18,1039.8,Credit Card,Online,EMP549,2,1,Standard,6,USD
ORD114773,21-05-2024,BR49,India,Pune,CUST1866,PROD349,Laptop,Dell XPS 13,Apple,4,981.87,0.29,0.18,3290.44,UPI,Online,EMP385,2,0,Standard,9,EUR
ORD114774,05-04-2024,BR33,Germany,Munich,CUST5910,PROD642,Tablet,Samsung Galaxy Tab,Lenovo,1,1164.27,0.04,0.18,1318.89,Credit Card,In-Store,EMP948,3,0,Same Day,9,GBP
ORD114775,28-12-2024,BR25,India,Bangalore,CUST2844,PROD736,Accessories,Bluetooth Headphones,Sony,4,1768.68,0.13,0.18,7262.91,Debit Card,In-Store,EMP921,3,1,Same Day,3,EUR
ORD114776,06-12-2024,BR20,Germany,Berlin,CUST4762,PROD703,Laptop,MacBook Air M2,Dell,4,1194.57,0.06,0.18,5300.07,Debit Card,Online,EMP991,1,0,Standard,4,GBP
ORD114777,12-10-2024,BR68,USA,New York,CUST2819,PROD106,Laptop,HP Spectre x360,Samsung,2,543.33,0.04,0.18,1230.97,Credit Card,In-Store,EMP314,2,0,Standard,7,EUR
ORD114778,10-04-2023,BR119,USA,Chicago,CUST3146,PROD339,Accessories,Keyboard,Samsung,4,163.39,0.19,0.18,624.67,Credit Card,Online,EMP559,3,1,Express,8,GBP
ORD114779,04-06-2024,BR18,UK,Manchester,CUST4450,PROD943,Tablet,Samsung Galaxy Tab,HP,1,657.44,0.19,0.18,628.38,Credit Card,Online,EMP566,0,0,Standard,3,GBP
ORD114780,07-02-2023,BR25,Germany,Berlin,CUST3980,PROD455,TV,Sony Bravia 55,OnePlus,2,1854.25,0.02,0.18,4288.51,Credit Card,Online,EMP906,3,0,Same Day,10,EUR
ORD114781,23-09-2023,BR114,UAE,Abu Dhabi,CUST5143,PROD532,Tablet,Lenovo Tab P11,Apple,5,858.03,0.07,0.18,4708.01,Credit Card,In-Store,EMP925,3,0,Same Day,5,EUR
ORD114782,17-06-2024,BR28,USA,New York,CUST5366,PROD119,Tablet,iPad Air,Sony,2,738.69,0.15,0.18,1481.81,Credit Card,Online,EMP304,3,1,Standard,7,GBP
ORD114783,20-08-2024,BR55,Germany,Berlin,CUST8745,PROD540,Tablet,Samsung Galaxy Tab,OnePlus,4,1594.82,0.12,0.18,6624.24,UPI,In-Store,EMP338,2,1,Express,4,USD
ORD114784,07-03-2023,BR100,UK,Manchester,CUST8899,PROD111,Accessories,Wireless Mouse,LG,2,72.47,0.05,0.18,162.48,Net Banking,In-Store,EMP375,3,1,Standard,10,AED
ORD114785,12-09-2024,BR95,UK,Birmingham,CUST9922,PROD832,Accessories,Bluetooth Headphones,Samsung,4,1195.24,0.1,0.18,5077.38,Net Banking,In-Store,EMP892,2,1,Standard,9,USD
ORD114786,06-07-2023,BR77,UK,Birmingham,CUST6046,PROD447,Tablet,Lenovo Tab P11,Samsung,3,523.53,0,0.18,1853.3,UPI,In-Store,EMP227,1,0,Same Day,3,GBP
ORD114787,25-04-2024,BR84,Germany,Berlin,CUST7526,PROD354,Mobile,iPhone 14,Dell,2,1084.97,0.21,0.18,2022.82,Cash,In-Store,EMP205,0,1,Same Day,6,USD
ORD114788,25-08-2024,BR27,UAE,Dubai,CUST8517,PROD918,Mobile,OnePlus 11,Lenovo,1,1412.37,0.08,0.18,1533.27,Cash,In-Store,EMP327,2,1,Same Day,3,USD
ORD114789,26-05-2024,BR2,USA,Dallas,CUST6594,PROD225,Tablet,Samsung Galaxy Tab,Apple,2,444.61,0.09,0.18,954.84,Credit Card,In-Store,EMP813,0,1,Same Day,1,INR
ORD114790,06-11-2023,BR30,UK,London,CUST9030,PROD430,Tablet,Samsung Galaxy Tab,Samsung,1,1194,0.19,0.18,1141.23,UPI,Online,EMP764,3,1,Standard,10,INR
ORD114791,17-04-2024,BR105,India,Bangalore,CUST1525,PROD765,Accessories,Keyboard,HP,1,145.38,0.16,0.18,144.1,Debit Card,Online,EMP381,0,0,Same Day,7,EUR
ORD114792,12-11-2023,BR104,UK,London,CUST6941,PROD109,Tablet,Lenovo Tab P11,Lenovo,1,852.63,0.21,0.18,794.82,UPI,In-Store,EMP232,3,1,Standard,5,AED
ORD114793,09-01-2023,BR73,UAE,Abu Dhabi,CUST5030,PROD518,TV,LG OLED 48,Lenovo,1,1848.5,0.27,0.18,1592.3,Credit Card,In-Store,EMP228,2,1,Same Day,7,USD
ORD114794,12-09-2023,BR88,India,Delhi,CUST5847,PROD159,TV,LG OLED 48,OnePlus,1,1907.43,0.27,0.18,1643.06,Debit Card,In-Store,EMP317,2,1,Express,6,EUR
ORD114795,12-12-2023,BR6,India,Bangalore,CUST3756,PROD366,Mobile,Samsung Galaxy S23,HP,2,403.86,0.21,0.18,752.96,Credit Card,Online,EMP443,3,1,Standard,1,USD
ORD114796,18-04-2023,BR66,India,Bangalore,CUST4552,PROD619,TV,Samsung QLED 50,OnePlus,3,653.26,0.23,0.18,1780.66,Net Banking,Online,EMP260,2,0,Standard,7,EUR
ORD114797,02-07-2024,BR106,USA,Chicago,CUST2718,PROD353,Mobile,Samsung Galaxy S23,Samsung,4,1709.12,0.13,0.18,7018.33,Debit Card,Online,EMP342,2,0,Same Day,4,GBP
ORD114798,04-08-2023,BR68,India,Pune,CUST6782,PROD358,Mobile,OnePlus 11,Samsung,5,1112.07,0.1,0.18,5905.09,Net Banking,In-Store,EMP733,2,1,Express,2,AED
ORD114799,22-02-2023,BR76,India,Delhi,CUST5131,PROD603,Accessories,Bluetooth Headphones,HP,5,689.4,0.03,0.18,3945.44,UPI,Online,EMP255,2,1,Same Day,8,USD
ORD114800,09-11-2024,BR65,India,Mumbai,CUST8087,PROD417,Laptop,HP Spectre x360,OnePlus,5,1289.24,0.25,0.18,5704.89,Cash,In-Store,EMP432,0,0,Same Day,9,GBP
ORD114801,06-04-2023,BR35,India,Bangalore,CUST3784,PROD363,Accessories,Wireless Mouse,Lenovo,2,1687.41,0.19,0.18,3225.65,UPI,In-Store,EMP619,3,1,Express,5,AED
ORD114802,30-08-2024,BR63,USA,New York,CUST6036,PROD877,Tablet,Lenovo Tab P11,Dell,4,1100.88,0.22,0.18,4053,Net Banking,In-Store,EMP660,3,0,Same Day,1,USD
ORD114803,22-05-2023,BR72,India,Bangalore,CUST4124,PROD992,Tablet,Lenovo Tab P11,Samsung,1,582.19,0.1,0.18,618.29,Debit Card,Online,EMP606,3,0,Same Day,7,GBP
ORD114804,25-12-2023,BR120,Germany,Berlin,CUST4642,PROD293,Tablet,Lenovo Tab P11,Lenovo,5,953.05,0.15,0.18,4779.55,Cash,In-Store,EMP228,1,1,Standard,6,EUR
ORD114805,21-03-2024,BR14,UAE,Dubai,CUST6301,PROD563,Mobile,OnePlus 11,Dell,2,534.58,0.26,0.18,933.59,UPI,In-Store,EMP907,3,0,Standard,3,USD
ORD114806,25-05-2024,BR4,UAE,Dubai,CUST8789,PROD474,Tablet,Samsung Galaxy Tab,HP,4,134.33,0.22,0.18,494.55,Debit Card,Online,EMP787,1,0,Standard,2,USD
ORD114807,05-11-2023,BR94,Germany,Hamburg,CUST3889,PROD580,TV,Samsung QLED 50,HP,3,999.23,0.25,0.18,2652.96,Credit Card,In-Store,EMP777,0,1,Standard,4,USD
ORD114808,28-12-2023,BR23,UK,Manchester,CUST7190,PROD272,TV,Sony Bravia 55,Apple,2,1693.44,0.13,0.18,3476.97,UPI,Online,EMP252,0,1,Same Day,10,INR
ORD114809,01-07-2023,BR55,Germany,Hamburg,CUST8437,PROD663,Laptop,HP Spectre x360,Apple,4,1150.97,0.13,0.18,4726.34,Debit Card,Online,EMP429,1,1,Standard,10,USD
ORD114810,23-05-2023,BR116,India,Mumbai,CUST8553,PROD185,Laptop,HP Spectre x360,LG,4,1587.63,0.05,0.18,7118.93,Credit Card,In-Store,EMP891,3,1,Standard,7,EUR
ORD114811,26-12-2024,BR8,USA,Los Angeles,CUST3101,PROD167,Laptop,HP Spectre x360,OnePlus,4,251.17,0.07,0.18,1102.54,Net Banking,In-Store,EMP885,3,1,Standard,2,EUR
ORD114812,05-10-2023,BR47,UAE,Abu Dhabi,CUST1448,PROD255,Tablet,iPad Air,Sony,2,1253.33,0.22,0.18,2307.13,Debit Card,Online,EMP228,1,1,Standard,1,USD
ORD114813,16-03-2023,BR100,UK,Birmingham,CUST7303,PROD847,Accessories,Bluetooth Headphones,HP,4,1568.27,0.13,0.18,6439.94,Net Banking,Online,EMP336,0,0,Express,10,AED
ORD114814,20-05-2024,BR86,UAE,Abu Dhabi,CUST5320,PROD201,Tablet,iPad Air,OnePlus,4,1673.4,0.08,0.18,7266.57,Debit Card,Online,EMP761,1,1,Express,4,USD
ORD114815,04-04-2024,BR55,UAE,Abu Dhabi,CUST8609,PROD399,Laptop,MacBook Air M2,Dell,5,501.3,0.25,0.18,2218.25,Cash,In-Store,EMP687,1,1,Express,2,USD
ORD114816,03-01-2023,BR67,USA,Chicago,CUST8389,PROD216,Mobile,OnePlus 11,Dell,1,1068.84,0.03,0.18,1223.39,Cash,Online,EMP369,2,1,Standard,6,AED
ORD114817,23-05-2024,BR17,India,Pune,CUST1486,PROD807,Laptop,Dell XPS 13,Apple,4,1104.12,0.25,0.18,3908.58,Net Banking,Online,EMP671,3,1,Same Day,3,EUR
ORD114818,01-01-2023,BR19,Germany,Berlin,CUST8279,PROD808,Mobile,iPhone 14,Sony,2,1219.25,0.01,0.18,2848.66,Debit Card,In-Store,EMP219,3,0,Express,3,GBP
ORD114819,08-11-2023,BR23,India,Pune,CUST4792,PROD588,Mobile,OnePlus 11,OnePlus,3,1168.35,0.07,0.18,3846.44,Debit Card,In-Store,EMP363,3,0,Standard,8,GBP
ORD114820,21-07-2024,BR70,USA,New York,CUST7735,PROD776,TV,Sony Bravia 55,Samsung,1,1641.61,0.17,0.18,1607.79,Credit Card,Online,EMP945,0,0,Same Day,9,GBP
ORD114821,19-09-2024,BR45,USA,Chicago,CUST3783,PROD627,Accessories,Wireless Mouse,Sony,4,832.13,0.28,0.18,2827.91,Cash,In-Store,EMP809,3,0,Express,6,INR
ORD114822,15-10-2023,BR85,USA,Chicago,CUST4173,PROD916,Accessories,Keyboard,Apple,5,1935.67,0.29,0.18,8108.52,Debit Card,Online,EMP925,2,0,Express,6,INR
ORD114823,08-07-2024,BR63,UAE,Dubai,CUST4931,PROD443,Tablet,Lenovo Tab P11,HP,3,1385.2,0.07,0.18,4560.36,Debit Card,In-Store,EMP745,1,1,Express,1,AED
ORD114824,13-07-2023,BR26,UAE,Dubai,CUST6699,PROD491,Accessories,Wireless Mouse,OnePlus,3,653.24,0.29,0.18,1641.85,Credit Card,In-Store,EMP431,3,0,Standard,2,USD
ORD114825,13-12-2024,BR100,Germany,Munich,CUST6149,PROD219,Mobile,Samsung Galaxy S23,Lenovo,1,1429.62,0.04,0.18,1619.47,Net Banking,Online,EMP496,0,1,Express,7,EUR
ORD114826,04-12-2024,BR82,UAE,Dubai,CUST6109,PROD998,Tablet,Samsung Galaxy Tab,Lenovo,1,1085.73,0.07,0.18,1191.48,UPI,Online,EMP496,0,0,Same Day,9,INR
ORD114827,01-12-2024,BR109,UAE,Abu Dhabi,CUST4222,PROD588,TV,LG OLED 48,Sony,4,100.87,0.27,0.18,347.56,UPI,In-Store,EMP661,0,1,Express,1,USD
ORD114828,11-08-2024,BR106,USA,New York,CUST8557,PROD512,Laptop,MacBook Air M2,Lenovo,5,1046.87,0.02,0.18,6053,Credit Card,In-Store,EMP248,1,0,Same Day,7,AED
ORD114829,30-07-2024,BR108,India,Delhi,CUST9333,PROD745,Laptop,Dell XPS 13,Apple,5,76.23,0.23,0.18,346.31,Cash,In-Store,EMP739,2,1,Standard,7,EUR
ORD114830,06-02-2023,BR88,UAE,Dubai,CUST5029,PROD541,Accessories,Keyboard,Sony,1,1853.59,0.11,0.18,1946.64,Cash,In-Store,EMP894,0,0,Standard,1,EUR
ORD114831,11-06-2024,BR76,UK,Birmingham,CUST7460,PROD127,Accessories,Keyboard,Dell,3,1766.2,0.27,0.18,4564.21,Debit Card,In-Store,EMP365,2,1,Express,7,INR
ORD114832,05-10-2024,BR66,USA,Los Angeles,CUST6867,PROD778,Accessories,Keyboard,LG,1,1807.77,0.02,0.18,2090.51,UPI,In-Store,EMP904,0,0,Express,10,INR
ORD114833,22-09-2023,BR14,USA,New York,CUST2638,PROD756,Tablet,iPad Air,Sony,3,135.83,0.1,0.18,432.75,Cash,Online,EMP216,1,1,Express,10,EUR
ORD114834,22-01-2024,BR18,India,Pune,CUST8483,PROD783,Tablet,Samsung Galaxy Tab,Apple,3,87.03,0.14,0.18,264.95,Debit Card,Online,EMP931,2,0,Same Day,5,GBP
ORD114835,16-04-2024,BR36,UK,London,CUST1337,PROD895,TV,LG OLED 48,Sony,4,884.23,0.2,0.18,3338.85,Net Banking,Online,EMP286,3,0,Standard,1,GBP
ORD114836,13-04-2024,BR19,India,Delhi,CUST4697,PROD462,Laptop,MacBook Air M2,LG,3,1712.72,0.23,0.18,4668.53,UPI,Online,EMP362,2,1,Express,6,GBP
ORD114837,19-06-2023,BR54,UK,Manchester,CUST2927,PROD278,Tablet,iPad Air,Lenovo,2,940.24,0.09,0.18,2019.26,Net Banking,Online,EMP821,1,0,Standard,7,EUR
ORD114838,05-02-2023,BR90,Germany,Munich,CUST8327,PROD466,Laptop,HP Spectre x360,LG,4,439.25,0.27,0.18,1513.48,UPI,Online,EMP738,1,1,Express,3,INR
ORD114839,29-10-2023,BR88,India,Mumbai,CUST4266,PROD707,Mobile,iPhone 14,Sony,5,1297.49,0.21,0.18,6047.6,Credit Card,Online,EMP888,1,1,Express,8,AED
ORD114840,18-04-2023,BR29,UK,Manchester,CUST6823,PROD129,Tablet,iPad Air,OnePlus,3,623.76,0.1,0.18,1987.3,Net Banking,In-Store,EMP853,1,0,Standard,1,EUR
ORD114841,28-10-2024,BR81,UAE,Dubai,CUST9454,PROD771,Accessories,Wireless Mouse,Apple,5,716.97,0.27,0.18,3087.99,Debit Card,Online,EMP566,0,0,Express,10,INR
ORD114842,15-12-2023,BR60,UAE,Dubai,CUST1026,PROD984,Mobile,OnePlus 11,LG,1,1834.24,0.16,0.18,1818.1,Credit Card,In-Store,EMP285,2,1,Express,1,AED
ORD114843,12-10-2023,BR111,UK,London,CUST3335,PROD535,TV,Samsung QLED 50,Apple,5,573.04,0.17,0.18,2806.18,Net Banking,Online,EMP727,2,0,Express,5,USD
ORD114844,13-11-2024,BR15,UK,Manchester,CUST7764,PROD574,Laptop,MacBook Air M2,Sony,4,1926.86,0.04,0.18,8730.99,Net Banking,Online,EMP378,2,1,Standard,3,GBP
ORD114845,10-05-2023,BR69,UK,Birmingham,CUST2338,PROD199,TV,LG OLED 48,HP,2,892.2,0.22,0.18,1642.36,Debit Card,In-Store,EMP744,1,0,Express,8,GBP
ORD114846,22-04-2024,BR115,Germany,Berlin,CUST2767,PROD131,Accessories,Bluetooth Headphones,HP,2,713.87,0.29,0.18,1196.16,Net Banking,Online,EMP779,1,1,Standard,9,AED
ORD114847,25-11-2024,BR56,India,Bangalore,CUST3507,PROD582,Mobile,iPhone 14,HP,1,375.07,0.2,0.18,354.07,Cash,In-Store,EMP436,2,1,Standard,9,EUR
ORD114848,08-03-2023,BR52,UAE,Abu Dhabi,CUST5466,PROD670,Accessories,Wireless Mouse,Sony,5,1267.08,0.23,0.18,5756.34,Net Banking,In-Store,EMP397,0,0,Express,3,EUR
ORD114849,18-09-2023,BR26,Germany,Berlin,CUST6543,PROD919,TV,Sony Bravia 55,Sony,4,129.88,0.12,0.18,539.47,UPI,In-Store,EMP643,0,1,Express,5,EUR
ORD114850,29-12-2023,BR30,USA,Los Angeles,CUST3620,PROD606,Tablet,iPad Air,Dell,4,1203.8,0.26,0.18,4204.63,Credit Card,In-Store,EMP587,3,1,Express,7,GBP
ORD114851,09-04-2023,BR72,UK,Manchester,CUST2135,PROD198,Accessories,Wireless Mouse,Apple,5,1350.18,0.11,0.18,7089.8,Net Banking,In-Store,EMP840,1,0,Express,4,USD
ORD114852,26-04-2024,BR74,India,Delhi,CUST6495,PROD650,TV,Samsung QLED 50,HP,5,1419.27,0.2,0.18,6698.95,Credit Card,Online,EMP407,1,1,Standard,3,AED
ORD114853,14-07-2024,BR82,USA,Chicago,CUST5933,PROD715,TV,Samsung QLED 50,OnePlus,3,1620.73,0.05,0.18,5450.51,Cash,In-Store,EMP990,2,1,Express,7,EUR
ORD114854,22-06-2024,BR80,UK,Manchester,CUST7037,PROD758,Accessories,Wireless Mouse,HP,3,1170.6,0.28,0.18,2983.63,Cash,Online,EMP234,3,0,Standard,1,AED
ORD114855,10-06-2023,BR53,Germany,Hamburg,CUST2038,PROD339,Mobile,iPhone 14,OnePlus,2,1724.75,0.15,0.18,3459.85,Debit Card,Online,EMP596,0,0,Same Day,4,AED
ORD114856,24-06-2024,BR35,UK,London,CUST3994,PROD846,Mobile,OnePlus 11,HP,5,305.52,0.21,0.18,1424.03,Cash,In-Store,EMP667,2,1,Standard,1,USD
ORD114857,07-11-2024,BR46,India,Mumbai,CUST5515,PROD811,Accessories,Keyboard,Dell,5,1180.44,0.15,0.18,5919.91,Debit Card,Online,EMP828,3,0,Same Day,7,USD
ORD114858,28-09-2023,BR1,UK,London,CUST7871,PROD272,Laptop,MacBook Air M2,OnePlus,2,1337.42,0.11,0.18,2809.12,Credit Card,Online,EMP920,0,0,Express,10,USD
ORD114859,14-10-2023,BR40,India,Bangalore,CUST8277,PROD116,Tablet,iPad Air,Sony,1,608.07,0.18,0.18,588.37,Debit Card,In-Store,EMP516,1,0,Express,3,GBP
ORD114860,08-10-2024,BR12,UAE,Dubai,CUST5229,PROD909,TV,LG OLED 48,Apple,3,1404.62,0.28,0.18,3580.1,Cash,Online,EMP877,3,0,Express,4,EUR
ORD114861,31-05-2024,BR19,USA,New York,CUST3254,PROD784,Tablet,Samsung Galaxy Tab,Dell,3,397.66,0.26,0.18,1041.71,Credit Card,Online,EMP825,1,1,Standard,7,GBP
ORD114862,17-10-2023,BR56,India,Pune,CUST9354,PROD567,TV,Samsung QLED 50,LG,4,465.72,0.29,0.18,1560.72,Debit Card,Online,EMP688,3,0,Standard,8,INR
ORD114863,28-10-2024,BR17,USA,Chicago,CUST3315,PROD895,Tablet,iPad Air,HP,2,1969.6,0.17,0.18,3858.05,Net Banking,In-Store,EMP573,2,0,Same Day,6,AED
ORD114864,10-10-2024,BR85,Germany,Berlin,CUST3034,PROD687,Laptop,HP Spectre x360,Samsung,2,1524.95,0.04,0.18,3454.93,Net Banking,In-Store,EMP309,1,0,Express,6,EUR
ORD114865,28-10-2023,BR14,UAE,Dubai,CUST3902,PROD923,Mobile,Samsung Galaxy S23,OnePlus,1,1270.52,0.12,0.18,1319.31,Debit Card,Online,EMP535,2,0,Same Day,4,INR
ORD114866,28-07-2023,BR69,UAE,Abu Dhabi,CUST9129,PROD359,Accessories,Keyboard,HP,2,1125.24,0.08,0.18,2443.12,UPI,In-Store,EMP292,2,1,Same Day,9,USD
ORD114867,29-01-2024,BR11,India,Pune,CUST6106,PROD509,Mobile,OnePlus 11,Dell,1,203.81,0.16,0.18,202.02,Cash,In-Store,EMP921,0,1,Same Day,3,EUR
ORD114868,02-08-2024,BR44,India,Mumbai,CUST9269,PROD671,Laptop,Dell XPS 13,Lenovo,1,633,0.29,0.18,530.33,Debit Card,Online,EMP852,0,1,Express,7,USD
ORD114869,20-03-2024,BR35,UK,London,CUST9946,PROD699,TV,Samsung QLED 50,HP,1,186.2,0.23,0.18,169.18,Net Banking,Online,EMP702,2,1,Standard,5,USD
ORD114870,15-11-2024,BR64,Germany,Berlin,CUST5071,PROD465,Laptop,Dell XPS 13,Dell,1,1943.23,0.13,0.18,1994.92,Net Banking,Online,EMP428,1,1,Standard,7,EUR
ORD114871,25-11-2024,BR29,Germany,Munich,CUST4960,PROD116,Mobile,Samsung Galaxy S23,HP,2,794.15,0.27,0.18,1368.16,Cash,Online,EMP858,0,0,Standard,3,AED
ORD114872,02-11-2024,BR120,UK,Birmingham,CUST3453,PROD348,TV,Sony Bravia 55,Samsung,1,946.96,0.09,0.18,1016.85,Net Banking,Online,EMP678,1,0,Express,8,AED
ORD114873,23-03-2024,BR109,UK,London,CUST4295,PROD838,TV,Samsung QLED 50,Apple,1,1992.51,0.13,0.18,2045.51,Credit Card,Online,EMP405,1,1,Express,3,EUR
ORD114874,31-08-2023,BR47,UAE,Abu Dhabi,CUST1223,PROD578,TV,Samsung QLED 50,OnePlus,4,234.24,0.19,0.18,895.55,UPI,Online,EMP540,1,0,Standard,7,INR
ORD114875,02-04-2024,BR25,USA,Chicago,CUST7387,PROD118,Laptop,Dell XPS 13,Dell,5,96.89,0.29,0.18,405.87,UPI,Online,EMP359,0,1,Express,3,USD
ORD114876,08-03-2024,BR38,UAE,Dubai,CUST2164,PROD187,Accessories,Bluetooth Headphones,Samsung,2,260.8,0.27,0.18,449.31,Credit Card,In-Store,EMP227,2,0,Same Day,9,GBP
ORD114877,31-03-2023,BR120,UAE,Dubai,CUST1903,PROD604,Mobile,OnePlus 11,OnePlus,4,1956.19,0.02,0.18,9048.55,Cash,Online,EMP872,2,1,Express,4,AED
ORD114878,29-12-2024,BR3,UAE,Dubai,CUST1437,PROD201,TV,LG OLED 48,Apple,3,1732.64,0.1,0.18,5520.19,Credit Card,In-Store,EMP234,0,1,Standard,6,INR
ORD114879,23-12-2023,BR29,UK,Birmingham,CUST6878,PROD716,Laptop,MacBook Air M2,Dell,4,1672.6,0.09,0.18,7184.15,Net Banking,In-Store,EMP951,2,1,Standard,9,GBP
ORD114880,26-02-2024,BR115,Germany,Munich,CUST5253,PROD955,Laptop,Dell XPS 13,Dell,3,1042.07,0.01,0.18,3652.04,Net Banking,Online,EMP350,2,0,Standard,2,AED
ORD114881,27-03-2024,BR75,UK,Birmingham,CUST2520,PROD690,Laptop,MacBook Air M2,Lenovo,1,1860.65,0.22,0.18,1712.54,Cash,Online,EMP273,1,1,Standard,4,GBP
ORD114882,08-05-2023,BR105,UAE,Abu Dhabi,CUST6668,PROD360,Laptop,HP Spectre x360,Dell,1,1140.06,0.04,0.18,1291.46,Net Banking,Online,EMP413,0,1,Standard,7,INR
ORD114883,06-05-2023,BR17,UAE,Dubai,CUST9758,PROD665,Mobile,OnePlus 11,Lenovo,3,809.47,0.06,0.18,2693.59,UPI,In-Store,EMP945,0,0,Same Day,3,AED
ORD114884,13-12-2024,BR111,Germany,Munich,CUST7160,PROD565,Mobile,OnePlus 11,Dell,4,445.49,0.04,0.18,2018.6,UPI,In-Store,EMP689,2,1,Express,10,AED
ORD114885,04-01-2024,BR22,Germany,Hamburg,CUST5978,PROD169,Tablet,Samsung Galaxy Tab,Sony,1,924.39,0.04,0.18,1047.15,UPI,In-Store,EMP904,1,1,Express,4,USD
ORD114886,09-02-2024,BR92,India,Pune,CUST3112,PROD856,Accessories,Bluetooth Headphones,OnePlus,4,113.32,0.26,0.18,395.8,Net Banking,Online,EMP766,0,1,Express,7,GBP
ORD114887,10-11-2024,BR79,USA,Chicago,CUST5366,PROD773,Accessories,Wireless Mouse,Sony,3,1347.4,0.06,0.18,4483.61,UPI,Online,EMP724,1,0,Express,5,AED
ORD114888,31-03-2024,BR73,USA,Chicago,CUST1754,PROD850,Tablet,iPad Air,Apple,2,920.46,0.25,0.18,1629.21,UPI,Online,EMP444,0,1,Express,7,GBP
ORD114889,23-11-2023,BR96,UK,Manchester,CUST7044,PROD882,Laptop,MacBook Air M2,Lenovo,2,1679.69,0.18,0.18,3250.54,Net Banking,In-Store,EMP816,3,1,Standard,10,INR
ORD114890,17-08-2024,BR49,USA,Dallas,CUST5128,PROD909,Laptop,MacBook Air M2,HP,1,1817.4,0.06,0.18,2015.86,Debit Card,In-Store,EMP901,0,0,Express,9,EUR
ORD114891,15-12-2024,BR107,UAE,Dubai,CUST7486,PROD135,Accessories,Keyboard,Lenovo,1,1071.29,0.21,0.18,998.66,Net Banking,In-Store,EMP813,1,1,Express,1,INR
ORD114892,09-04-2024,BR57,UK,Manchester,CUST1329,PROD250,Mobile,Samsung Galaxy S23,Apple,1,513.7,0.18,0.18,497.06,Credit Card,In-Store,EMP764,0,1,Same Day,5,GBP
ORD114893,13-02-2023,BR117,USA,Chicago,CUST5040,PROD488,Mobile,Samsung Galaxy S23,LG,2,1291.8,0.29,0.18,2164.54,Debit Card,In-Store,EMP921,1,1,Same Day,4,USD
ORD114894,22-06-2023,BR74,UK,Manchester,CUST9566,PROD592,TV,Samsung QLED 50,HP,1,1779.02,0.09,0.18,1910.31,Credit Card,Online,EMP508,2,0,Same Day,1,USD
ORD114895,08-02-2023,BR106,Germany,Berlin,CUST4836,PROD874,Mobile,OnePlus 11,HP,2,1894.43,0.18,0.18,3666.1,Cash,In-Store,EMP851,2,1,Same Day,10,USD
ORD114896,13-09-2023,BR33,Germany,Berlin,CUST6010,PROD113,Tablet,iPad Air,HP,5,137.14,0.23,0.18,623.03,UPI,Online,EMP847,0,1,Express,4,EUR
ORD114897,09-02-2023,BR75,UAE,Abu Dhabi,CUST9022,PROD439,Tablet,Samsung Galaxy Tab,LG,3,1533.24,0.2,0.18,4342.14,Cash,In-Store,EMP557,3,1,Standard,4,INR
ORD114898,19-04-2023,BR74,USA,Chicago,CUST4424,PROD162,Tablet,iPad Air,HP,2,803.22,0.27,0.18,1383.79,Net Banking,In-Store,EMP700,0,0,Same Day,3,GBP
ORD114899,30-08-2023,BR14,India,Delhi,CUST4009,PROD346,Accessories,Keyboard,LG,4,1906.3,0.11,0.18,8007.99,Credit Card,In-Store,EMP764,3,0,Same Day,8,EUR
ORD114900,28-04-2023,BR37,Germany,Hamburg,CUST9751,PROD282,Mobile,iPhone 14,HP,5,1883.59,0.2,0.18,8890.54,Net Banking,In-Store,EMP794,1,1,Express,7,INR
ORD114901,01-12-2024,BR92,Germany,Hamburg,CUST1753,PROD222,Mobile,Samsung Galaxy S23,LG,5,561.3,0.13,0.18,2881.15,Cash,Online,EMP252,2,1,Standard,6,AED
ORD114902,05-07-2024,BR49,UAE,Dubai,CUST2817,PROD480,Mobile,OnePlus 11,Sony,3,131.74,0.06,0.18,438.38,Debit Card,In-Store,EMP211,2,0,Express,2,USD
ORD114903,10-01-2023,BR90,Germany,Hamburg,CUST9250,PROD897,Laptop,MacBook Air M2,Sony,5,1408.29,0.03,0.18,8059.64,UPI,In-Store,EMP879,2,1,Standard,3,USD
ORD114904,29-01-2024,BR52,Germany,Berlin,CUST2646,PROD976,Tablet,Lenovo Tab P11,OnePlus,4,341.49,0.25,0.18,1208.87,UPI,Online,EMP918,1,0,Same Day,8,INR
ORD114905,14-06-2023,BR10,Germany,Berlin,CUST9698,PROD544,TV,LG OLED 48,HP,5,1225.99,0.25,0.18,5425.01,Net Banking,Online,EMP284,0,0,Same Day,4,USD
ORD114906,28-05-2023,BR38,UK,London,CUST2742,PROD576,Mobile,Samsung Galaxy S23,Samsung,1,350.04,0.21,0.18,326.31,Cash,Online,EMP706,2,0,Standard,10,GBP
ORD114907,12-11-2024,BR63,UAE,Dubai,CUST6526,PROD174,Tablet,iPad Air,Samsung,4,342.16,0.13,0.18,1405.05,Debit Card,In-Store,EMP455,3,0,Express,9,USD
ORD114908,19-03-2024,BR17,UK,Birmingham,CUST2576,PROD966,TV,Samsung QLED 50,Sony,3,1992.96,0.23,0.18,5432.41,Net Banking,In-Store,EMP376,2,0,Same Day,1,EUR
ORD114909,22-08-2024,BR76,India,Mumbai,CUST3459,PROD950,Mobile,iPhone 14,HP,4,998.77,0.05,0.18,4478.48,Cash,Online,EMP572,2,0,Express,5,USD
ORD114910,01-03-2023,BR103,UAE,Abu Dhabi,CUST6072,PROD512,Mobile,iPhone 14,LG,1,1001.28,0.13,0.18,1027.91,Cash,Online,EMP449,1,0,Same Day,1,AED
ORD114911,24-06-2024,BR71,USA,Dallas,CUST9637,PROD583,Accessories,Wireless Mouse,Dell,2,922.64,0.03,0.18,2112.11,Debit Card,Online,EMP291,3,0,Express,3,INR
ORD114912,10-03-2023,BR22,UAE,Dubai,CUST9171,PROD982,Accessories,Wireless Mouse,Samsung,4,1905.86,0.11,0.18,8006.14,Net Banking,In-Store,EMP253,1,0,Same Day,6,EUR
ORD114913,10-11-2023,BR41,UAE,Dubai,CUST2082,PROD535,Mobile,OnePlus 11,Sony,1,1957.82,0.01,0.18,2287.13,Net Banking,In-Store,EMP370,1,1,Same Day,7,GBP
ORD114914,25-09-2023,BR64,Germany,Munich,CUST1064,PROD549,Laptop,Dell XPS 13,Samsung,4,1573.14,0.07,0.18,6905.46,Debit Card,In-Store,EMP775,3,1,Standard,4,USD
ORD114915,24-06-2024,BR25,UK,Birmingham,CUST9565,PROD199,Accessories,Keyboard,LG,2,674.8,0.1,0.18,1433.28,UPI,In-Store,EMP271,2,0,Express,5,AED
ORD114916,20-09-2024,BR30,UK,Birmingham,CUST2114,PROD125,Tablet,Lenovo Tab P11,LG,3,1320,0.19,0.18,3784.97,Debit Card,Online,EMP470,3,0,Express,10,INR
ORD114917,20-05-2024,BR45,India,Bangalore,CUST8390,PROD634,Tablet,Lenovo Tab P11,Sony,5,1963.66,0.19,0.18,9384.33,UPI,In-Store,EMP983,1,1,Express,7,USD
ORD114918,21-02-2024,BR112,India,Mumbai,CUST2347,PROD967,TV,Sony Bravia 55,Sony,1,792.04,0.05,0.18,887.88,UPI,Online,EMP748,0,1,Same Day,3,INR
ORD114919,11-05-2023,BR29,Germany,Hamburg,CUST8367,PROD890,Tablet,Lenovo Tab P11,OnePlus,3,1380.45,0.07,0.18,4544.72,UPI,Online,EMP301,3,1,Standard,4,AED
ORD114920,29-07-2024,BR76,UAE,Dubai,CUST9030,PROD675,TV,Sony Bravia 55,LG,2,389.5,0.06,0.18,864.07,Debit Card,In-Store,EMP567,2,0,Standard,10,USD
ORD114921,01-06-2023,BR25,Germany,Berlin,CUST5493,PROD839,Mobile,OnePlus 11,LG,3,1484.88,0.12,0.18,4625.7,Cash,In-Store,EMP932,2,0,Express,5,INR
ORD114922,06-02-2024,BR26,UAE,Dubai,CUST4466,PROD796,Accessories,Wireless Mouse,HP,1,1313.66,0.01,0.18,1534.62,Net Banking,In-Store,EMP533,3,1,Standard,4,AED
ORD114923,02-11-2023,BR8,Germany,Berlin,CUST5026,PROD596,Laptop,MacBook Air M2,Sony,3,1657.31,0.18,0.18,4810.84,Credit Card,Online,EMP914,0,1,Standard,1,AED
ORD114924,08-03-2024,BR89,UK,Birmingham,CUST5429,PROD785,Accessories,Keyboard,HP,4,1322.91,0.13,0.18,5432.4,Net Banking,Online,EMP436,1,1,Express,1,AED
ORD114925,06-06-2023,BR104,Germany,Berlin,CUST9889,PROD915,Laptop,Dell XPS 13,Dell,3,1144.54,0.1,0.18,3646.5,Debit Card,In-Store,EMP872,1,0,Same Day,2,USD
ORD114926,30-10-2024,BR14,USA,Chicago,CUST1206,PROD944,TV,LG OLED 48,Apple,2,1328.19,0.17,0.18,2601.66,Net Banking,Online,EMP957,0,1,Express,7,AED
ORD114927,27-07-2024,BR14,UAE,Abu Dhabi,CUST1568,PROD959,Laptop,Dell XPS 13,HP,1,566.92,0.11,0.18,595.38,Cash,Online,EMP202,1,0,Express,4,INR
ORD114928,14-03-2023,BR91,India,Pune,CUST1695,PROD642,Tablet,Lenovo Tab P11,HP,2,855.38,0.24,0.18,1534.21,Debit Card,Online,EMP213,1,1,Express,2,AED
ORD114929,22-05-2023,BR118,Germany,Hamburg,CUST5694,PROD841,Accessories,Keyboard,Dell,3,1885.3,0.26,0.18,4938.73,Cash,Online,EMP369,1,0,Express,3,GBP
ORD114930,07-03-2024,BR39,UAE,Abu Dhabi,CUST7809,PROD869,Laptop,HP Spectre x360,HP,5,1873.79,0.27,0.18,8070.41,Debit Card,Online,EMP255,1,0,Express,8,AED
ORD114931,06-10-2023,BR26,UAE,Abu Dhabi,CUST1583,PROD653,Tablet,Samsung Galaxy Tab,Samsung,5,1287.56,0.12,0.18,6685.01,UPI,In-Store,EMP472,1,0,Express,9,INR
ORD114932,06-06-2024,BR99,UK,Manchester,CUST4900,PROD680,TV,LG OLED 48,Dell,1,1543.82,0.26,0.18,1348.06,UPI,Online,EMP813,1,1,Express,8,EUR
ORD114933,23-10-2023,BR28,UK,London,CUST6486,PROD265,Accessories,Keyboard,Lenovo,4,1365.9,0.18,0.18,5286.58,Net Banking,Online,EMP251,2,0,Express,2,AED
ORD114934,25-04-2023,BR90,UK,Birmingham,CUST5520,PROD476,Accessories,Wireless Mouse,Apple,2,1578.37,0.16,0.18,3128.96,Net Banking,In-Store,EMP707,2,0,Same Day,3,USD
ORD114935,18-06-2024,BR78,USA,Los Angeles,CUST3655,PROD616,TV,LG OLED 48,HP,4,607.7,0.29,0.18,2036.52,Net Banking,In-Store,EMP317,3,0,Standard,4,AED
ORD114936,01-07-2023,BR33,USA,Los Angeles,CUST9849,PROD617,Accessories,Keyboard,OnePlus,3,784.83,0.18,0.18,2278.2,Cash,Online,EMP838,2,1,Express,4,EUR
ORD114937,15-09-2024,BR32,UK,Manchester,CUST8129,PROD754,Accessories,Bluetooth Headphones,LG,2,1875.94,0.29,0.18,3143.33,Debit Card,Online,EMP293,2,1,Express,2,USD
ORD114938,24-02-2023,BR114,UAE,Dubai,CUST4036,PROD835,Laptop,Dell XPS 13,Sony,1,1557.91,0.27,0.18,1341.98,UPI,In-Store,EMP455,0,1,Express,8,INR
ORD114939,05-01-2024,BR90,USA,Chicago,CUST5309,PROD840,TV,Sony Bravia 55,OnePlus,3,1715.56,0.25,0.18,4554.81,Net Banking,Online,EMP689,1,1,Same Day,5,INR
ORD114940,19-04-2024,BR57,Germany,Berlin,CUST8258,PROD688,Tablet,Lenovo Tab P11,Lenovo,1,182.9,0.03,0.18,209.35,UPI,Online,EMP945,2,1,Same Day,5,EUR
ORD114941,30-12-2023,BR1,UAE,Abu Dhabi,CUST9562,PROD866,Accessories,Keyboard,Apple,2,1050.7,0.18,0.18,2033.31,UPI,Online,EMP724,2,0,Same Day,4,AED
ORD114942,04-03-2023,BR79,UK,London,CUST2317,PROD750,Mobile,OnePlus 11,Samsung,4,1950.68,0.02,0.18,9023.07,Cash,In-Store,EMP682,1,0,Same Day,1,AED
ORD114943,14-08-2024,BR10,UAE,Dubai,CUST7626,PROD966,Tablet,iPad Air,Dell,4,774.75,0.11,0.18,3254.57,UPI,In-Store,EMP903,1,1,Same Day,1,USD
ORD114944,28-10-2023,BR5,India,Mumbai,CUST4973,PROD132,Mobile,Samsung Galaxy S23,Sony,4,866.5,0.18,0.18,3353.7,Debit Card,Online,EMP623,2,1,Standard,5,GBP
ORD114945,15-11-2023,BR30,USA,New York,CUST9835,PROD287,Accessories,Wireless Mouse,Apple,4,1410.04,0.1,0.18,5989.85,Cash,In-Store,EMP377,0,1,Standard,6,GBP
ORD114946,23-03-2023,BR116,UK,London,CUST6750,PROD372,Accessories,Wireless Mouse,LG,2,345.68,0.19,0.18,660.8,Cash,Online,EMP249,0,1,Same Day,7,AED
ORD114947,20-05-2024,BR116,Germany,Munich,CUST9113,PROD708,TV,LG OLED 48,OnePlus,1,990.69,0.08,0.18,1075.49,Net Banking,Online,EMP535,1,0,Express,8,INR
ORD114948,12-02-2024,BR93,India,Delhi,CUST8466,PROD450,Tablet,Lenovo Tab P11,HP,1,879.17,0.07,0.18,964.8,Cash,Online,EMP526,1,0,Standard,9,GBP
ORD114949,07-08-2023,BR27,Germany,Munich,CUST5736,PROD105,Accessories,Bluetooth Headphones,Lenovo,5,1208.11,0.26,0.18,5274.61,Debit Card,Online,EMP212,1,1,Standard,7,GBP
ORD114950,01-06-2023,BR11,India,Bangalore,CUST8932,PROD447,Tablet,iPad Air,LG,4,1477.24,0.26,0.18,5159.7,Cash,Online,EMP805,0,0,Same Day,8,USD
ORD114951,29-03-2024,BR31,UAE,Dubai,CUST2797,PROD712,Mobile,Samsung Galaxy S23,LG,2,1228.06,0.03,0.18,2811.27,Credit Card,Online,EMP588,3,1,Same Day,3,INR
ORD114952,15-01-2023,BR30,UK,Manchester,CUST1649,PROD244,Laptop,Dell XPS 13,OnePlus,3,874.85,0.09,0.18,2818.24,Credit Card,In-Store,EMP514,2,0,Express,4,GBP
ORD114953,27-12-2023,BR98,USA,Dallas,CUST1903,PROD798,Laptop,MacBook Air M2,Samsung,2,1724.43,0.18,0.18,3337.12,Net Banking,Online,EMP407,3,1,Same Day,8,AED
ORD114954,29-01-2024,BR119,Germany,Berlin,CUST7064,PROD803,Laptop,HP Spectre x360,HP,2,475.01,0.11,0.18,997.71,Credit Card,In-Store,EMP214,0,1,Standard,3,EUR
ORD114955,03-03-2024,BR68,USA,New York,CUST5928,PROD697,TV,Sony Bravia 55,Sony,4,429.26,0.12,0.18,1782.97,Net Banking,In-Store,EMP964,0,1,Same Day,5,INR
ORD114956,25-09-2023,BR11,India,Pune,CUST3794,PROD916,Mobile,OnePlus 11,Apple,1,539.81,0.13,0.18,554.17,UPI,In-Store,EMP367,3,1,Standard,9,AED
ORD114957,09-03-2024,BR23,Germany,Munich,CUST7973,PROD952,Accessories,Keyboard,OnePlus,4,1249.21,0.05,0.18,5601.46,UPI,Online,EMP593,1,1,Express,10,AED
ORD114958,23-07-2023,BR98,UAE,Dubai,CUST5387,PROD917,Laptop,Dell XPS 13,Sony,1,1373.83,0.21,0.18,1280.68,UPI,Online,EMP868,0,0,Express,8,GBP
ORD114959,27-05-2023,BR30,Germany,Berlin,CUST2880,PROD530,Laptop,MacBook Air M2,HP,4,521.55,0.12,0.18,2166.31,Cash,Online,EMP372,1,0,Same Day,7,AED
ORD114960,01-11-2023,BR68,USA,New York,CUST5172,PROD114,Laptop,MacBook Air M2,Apple,3,1105.72,0.13,0.18,3405.4,Credit Card,Online,EMP986,1,1,Same Day,9,EUR
ORD114961,07-10-2024,BR2,India,Delhi,CUST1441,PROD296,Tablet,Samsung Galaxy Tab,LG,3,1444.92,0.29,0.18,3631.66,UPI,In-Store,EMP496,2,1,Standard,6,USD
ORD114962,05-08-2023,BR69,India,Delhi,CUST3694,PROD500,Tablet,iPad Air,Sony,5,626.02,0.13,0.18,3213.36,Net Banking,In-Store,EMP749,0,0,Same Day,5,USD
ORD114963,20-05-2024,BR92,India,Mumbai,CUST5329,PROD461,Laptop,Dell XPS 13,Samsung,5,1043.75,0.15,0.18,5234.41,UPI,In-Store,EMP575,1,0,Express,5,EUR
ORD114964,12-10-2023,BR97,USA,Los Angeles,CUST4516,PROD897,Accessories,Wireless Mouse,HP,1,821.55,0.19,0.18,785.24,Debit Card,Online,EMP260,0,0,Same Day,6,AED
ORD114965,25-01-2023,BR59,India,Mumbai,CUST5483,PROD228,TV,Sony Bravia 55,HP,5,1218.72,0.28,0.18,5177.12,Net Banking,Online,EMP814,3,0,Standard,7,INR
ORD114966,02-08-2024,BR19,Germany,Berlin,CUST4745,PROD476,TV,Sony Bravia 55,HP,5,1757.32,0.02,0.18,10160.82,Cash,Online,EMP380,3,1,Express,2,INR
ORD114967,19-09-2023,BR33,Germany,Munich,CUST7928,PROD940,TV,LG OLED 48,OnePlus,4,926.92,0.17,0.18,3631.3,Credit Card,In-Store,EMP802,2,0,Standard,5,INR
ORD114968,27-04-2023,BR51,UK,Manchester,CUST9944,PROD313,Mobile,iPhone 14,Sony,5,286.91,0.21,0.18,1337.29,UPI,In-Store,EMP678,0,0,Standard,4,GBP
ORD114969,29-05-2023,BR106,Germany,Munich,CUST1130,PROD420,TV,Samsung QLED 50,Samsung,5,1106.67,0.04,0.18,6268.18,Cash,Online,EMP246,0,0,Express,8,INR
ORD114970,02-03-2023,BR90,UAE,Dubai,CUST4218,PROD508,TV,Samsung QLED 50,Apple,4,1514.3,0.14,0.18,6146.85,Credit Card,Online,EMP671,2,0,Same Day,4,EUR
ORD114971,06-07-2024,BR64,USA,Los Angeles,CUST6455,PROD968,Laptop,HP Spectre x360,LG,2,1703.95,0.26,0.18,2975.78,Cash,In-Store,EMP849,1,0,Same Day,5,INR
ORD114972,14-01-2024,BR10,UAE,Dubai,CUST1085,PROD397,Accessories,Bluetooth Headphones,Sony,1,1614.83,0.07,0.18,1772.11,UPI,Online,EMP720,0,0,Standard,1,GBP
ORD114973,18-12-2023,BR56,USA,Chicago,CUST5495,PROD274,Tablet,Lenovo Tab P11,Sony,2,1425.72,0,0.18,3364.7,Net Banking,In-Store,EMP546,0,0,Standard,10,USD
ORD114974,26-02-2023,BR110,Germany,Berlin,CUST8133,PROD881,Mobile,Samsung Galaxy S23,Apple,2,717.02,0.08,0.18,1556.79,UPI,In-Store,EMP474,1,1,Standard,8,INR
ORD114975,30-06-2023,BR86,UAE,Dubai,CUST2479,PROD907,Accessories,Bluetooth Headphones,Apple,1,1029.63,0.09,0.18,1105.62,Debit Card,In-Store,EMP775,0,1,Express,9,AED
ORD114976,01-11-2024,BR61,UAE,Abu Dhabi,CUST4472,PROD450,Mobile,iPhone 14,OnePlus,3,1165.63,0.06,0.18,3878.75,Debit Card,In-Store,EMP637,3,0,Express,6,GBP
ORD114977,10-04-2024,BR67,UAE,Abu Dhabi,CUST8971,PROD418,Tablet,Lenovo Tab P11,HP,5,1705.15,0.21,0.18,7947.7,UPI,Online,EMP635,0,1,Express,7,AED
ORD114978,21-04-2024,BR31,India,Pune,CUST8692,PROD662,Tablet,iPad Air,Apple,3,1556.98,0.02,0.18,5401.48,Net Banking,In-Store,EMP723,1,1,Express,3,AED
ORD114979,06-11-2024,BR71,USA,Chicago,CUST6057,PROD801,Accessories,Wireless Mouse,Sony,1,1034.27,0.08,0.18,1122.8,Credit Card,In-Store,EMP691,1,1,Express,3,INR
ORD114980,27-06-2024,BR32,USA,Dallas,CUST7378,PROD703,Mobile,Samsung Galaxy S23,Dell,5,417.84,0.15,0.18,2095.47,Cash,Online,EMP925,0,1,Standard,10,AED
ORD114981,20-08-2024,BR10,UAE,Dubai,CUST7075,PROD943,Mobile,OnePlus 11,LG,1,1923.29,0.2,0.18,1815.59,Credit Card,Online,EMP484,3,0,Express,7,GBP
ORD114982,23-04-2023,BR5,UK,London,CUST5119,PROD102,TV,LG OLED 48,LG,2,1887.25,0.07,0.18,4142.14,UPI,In-Store,EMP608,2,1,Standard,2,GBP
ORD114983,15-05-2024,BR23,USA,Los Angeles,CUST6282,PROD207,Mobile,iPhone 14,OnePlus,5,1702.07,0.2,0.18,8033.77,Credit Card,In-Store,EMP833,0,0,Express,1,EUR
ORD114984,20-01-2023,BR90,Germany,Munich,CUST5487,PROD364,Mobile,iPhone 14,HP,5,1102.7,0.04,0.18,6245.69,Net Banking,In-Store,EMP539,0,0,Same Day,4,GBP
ORD114985,06-12-2024,BR27,India,Mumbai,CUST6659,PROD944,Tablet,iPad Air,LG,2,149.54,0.27,0.18,257.63,Credit Card,In-Store,EMP241,1,0,Express,3,GBP
ORD114986,03-04-2023,BR74,USA,Dallas,CUST6595,PROD329,Tablet,Samsung Galaxy Tab,Apple,4,1262.23,0.04,0.18,5719.42,Debit Card,Online,EMP456,3,0,Same Day,8,USD
ORD114987,08-05-2023,BR77,Germany,Berlin,CUST7501,PROD710,Tablet,Samsung Galaxy Tab,Sony,1,682.47,0.24,0.18,612.04,UPI,Online,EMP261,0,0,Same Day,3,GBP
ORD114988,26-09-2024,BR29,UK,Manchester,CUST7531,PROD256,Accessories,Wireless Mouse,LG,2,846.64,0.28,0.18,1438.61,Cash,In-Store,EMP790,2,0,Standard,4,USD
ORD114989,13-03-2024,BR75,USA,New York,CUST5966,PROD500,Tablet,iPad Air,Samsung,5,117.74,0.21,0.18,548.79,Credit Card,In-Store,EMP800,3,1,Standard,10,USD
ORD114990,12-11-2023,BR113,Germany,Berlin,CUST5675,PROD913,Accessories,Wireless Mouse,Dell,2,1565.35,0.11,0.18,3287.86,UPI,In-Store,EMP261,1,1,Express,6,GBP
ORD114991,28-04-2023,BR15,USA,Los Angeles,CUST5693,PROD303,TV,LG OLED 48,Samsung,4,1293.7,0.29,0.18,4335.45,Cash,In-Store,EMP647,0,0,Standard,2,AED
ORD114992,13-12-2024,BR1,UAE,Dubai,CUST7118,PROD928,Mobile,OnePlus 11,LG,2,683.51,0.13,0.18,1403.38,Credit Card,Online,EMP677,0,1,Same Day,9,AED
ORD114993,13-12-2024,BR15,UK,London,CUST5405,PROD555,Mobile,Samsung Galaxy S23,LG,3,400.93,0.28,0.18,1021.89,UPI,Online,EMP921,3,0,Standard,10,USD
ORD114994,13-12-2023,BR5,Germany,Berlin,CUST3545,PROD444,Mobile,Samsung Galaxy S23,Samsung,2,1110.74,0.1,0.18,2359.21,Debit Card,Online,EMP691,2,0,Express,1,USD
ORD114995,10-07-2023,BR120,Germany,Hamburg,CUST7872,PROD720,Laptop,Dell XPS 13,Apple,1,1345.85,0.17,0.18,1318.13,UPI,In-Store,EMP389,1,1,Express,2,INR
ORD114996,26-03-2023,BR2,USA,Dallas,CUST4014,PROD809,Accessories,Bluetooth Headphones,HP,1,707.26,0.11,0.18,742.76,Cash,Online,EMP527,2,0,Same Day,5,INR
ORD114997,02-06-2024,BR63,Germany,Hamburg,CUST8976,PROD392,Mobile,OnePlus 11,Samsung,1,1526.64,0.14,0.18,1549.23,Cash,Online,EMP336,0,0,Express,1,USD
ORD114998,09-01-2024,BR81,USA,Chicago,CUST7477,PROD775,Laptop,MacBook Air M2,Apple,1,1809.88,0.29,0.18,1516.32,Credit Card,In-Store,EMP481,0,0,Standard,2,AED
ORD114999,07-11-2023,BR101,UK,Birmingham,CUST8676,PROD523,Tablet,iPad Air,Lenovo,3,976.71,0.22,0.18,2696.89,UPI,Online,EMP508,0,1,Express,2,EUR
ORD115000,16-10-2023,BR70,UK,London,CUST5335,PROD411,Mobile,Samsung Galaxy S23,Sony,2,182.38,0.24,0.18,327.12,UPI,In-Store,EMP270,2,1,Same Day,2,EUR
