OrderID,OrderDate,BranchID,Country,City,CustomerID,ProductID,ProductCategory,ProductName,Brand,Quantity,UnitPrice,DiscountRate,TaxRate,TotalAmount,PaymentMethod,SalesChannel,EmployeeID,WarrantyYears,ReturnFlag,ShipmentMode,DeliveryDays,Currency
ORD120001,06-08-2023,BR6,Germany,Berlin,CUST6778,PROD269,Laptop,Dell XPS 13,OnePlus,3,748.7,0.12,0.18,2332.35,UPI,In-Store,EMP367,3,0,Same Day,7,EUR
ORD120002,08-11-2023,BR109,Germany,Berlin,CUST5275,PROD388,Laptop,MacBook Air M2,HP,4,1343.28,0.17,0.18,5262.43,Debit Card,In-Store,EMP337,2,0,Standard,8,GBP
ORD120003,13-12-2023,BR16,USA,New York,CUST3485,PROD893,Laptop,MacBook Air M2,Dell,2,1665.51,0.13,0.18,3419.63,Net Banking,In-Store,EMP294,1,1,Express,7,AED
ORD120004,19-02-2023,BR67,UAE,Abu Dhabi,CUST7779,PROD705,Mobile,Samsung Galaxy S23,OnePlus,2,320.19,0.1,0.18,680.08,Debit Card,In-Store,EMP794,0,0,Express,4,USD
ORD120005,06-01-2024,BR54,Germany,Munich,CUST1184,PROD550,Accessories,Keyboard,LG,4,664.16,0.19,0.18,2539.22,Credit Card,In-Store,EMP377,1,0,Express,8,GBP
ORD120006,08-09-2023,BR27,UAE,Abu Dhabi,CUST1048,PROD688,Tablet,iPad Air,HP,4,1062.39,0.11,0.18,4462.89,Net Banking,Online,EMP236,0,1,Express,8,INR
ORD120007,26-02-2023,BR16,USA,New York,CUST2699,PROD498,Accessories,Bluetooth Headphones,Sony,5,1634.18,0.07,0.18,8966.75,Debit Card,In-Store,EMP479,0,1,Standard,4,GBP
ORD120008,14-11-2024,BR114,UAE,Abu Dhabi,CUST8914,PROD585,Tablet,Lenovo Tab P11,Sony,1,1614.37,0.07,0.18,1771.61,Credit Card,In-Store,EMP991,1,0,Express,7,AED
ORD120009,16-05-2023,BR24,India,Pune,CUST6637,PROD845,TV,Samsung QLED 50,Apple,1,1147.93,0.04,0.18,1300.38,Credit Card,In-Store,EMP974,2,1,Same Day,9,INR
ORD120010,08-05-2023,BR23,USA,Dallas,CUST7504,PROD270,Tablet,iPad Air,Samsung,4,503.57,0.24,0.18,1806.41,UPI,In-Store,EMP254,1,0,Same Day,3,GBP
ORD120011,21-06-2024,BR47,UAE,Dubai,CUST6857,PROD987,Accessories,Wireless Mouse,Dell,3,1607.16,0.28,0.18,4096.33,UPI,In-Store,EMP925,0,0,Standard,7,USD
ORD120012,04-03-2024,BR44,UAE,Dubai,CUST9396,PROD840,Laptop,Dell XPS 13,HP,2,1945.58,0.27,0.18,3351.85,Debit Card,Online,EMP593,0,0,Standard,9,INR
ORD120013,14-07-2023,BR73,India,Bangalore,CUST6696,PROD401,Mobile,iPhone 14,Sony,5,1148.45,0.11,0.18,6030.51,UPI,Online,EMP269,2,1,Express,3,USD
ORD120014,16-08-2023,BR40,UK,Manchester,CUST3070,PROD886,TV,Sony Bravia 55,Samsung,2,292.38,0.26,0.18,510.61,Credit Card,In-Store,EMP521,0,1,Standard,4,INR
ORD120015,26-09-2023,BR15,USA,New York,CUST4526,PROD312,TV,LG OLED 48,Apple,4,606.67,0.25,0.18,2147.61,Debit Card,In-Store,EMP572,0,1,Standard,5,EUR
ORD120016,05-05-2023,BR44,UAE,Dubai,CUST8612,PROD334,Laptop,Dell XPS 13,Apple,3,844.48,0.05,0.18,2839.99,Cash,Online,EMP452,2,1,Standard,8,AED
ORD120017,26-10-2024,BR73,Germany,Berlin,CUST6496,PROD329,Mobile,iPhone 14,Lenovo,5,1880.5,0.03,0.18,10762.1,Debit Card,Online,EMP329,1,1,Standard,5,EUR
ORD120018,26-02-2023,BR107,India,Bangalore,CUST1417,PROD141,Tablet,iPad Air,HP,3,352.66,0.21,0.18,986.25,Net Banking,Online,EMP411,1,0,Same Day,9,GBP
ORD120019,20-04-2024,BR15,India,Bangalore,CUST3473,PROD966,Accessories,Keyboard,OnePlus,1,1277.16,0.01,0.18,1491.98,Net Banking,In-Store,EMP884,0,1,Express,1,INR
ORD120020,19-11-2023,BR113,UK,London,CUST3927,PROD733,Mobile,iPhone 14,Apple,5,1270.73,0.09,0.18,6822.55,Cash,In-Store,EMP782,1,1,Standard,3,AED
ORD120021,08-01-2023,BR1,India,Mumbai,CUST8069,PROD354,Accessories,Bluetooth Headphones,Dell,1,1375.94,0.07,0.18,1509.96,Cash,Online,EMP543,3,1,Express,1,INR
ORD120022,03-12-2024,BR11,USA,New York,CUST4434,PROD456,Accessories,Bluetooth Headphones,Lenovo,5,57.42,0.16,0.18,284.57,Net Banking,In-Store,EMP630,2,1,Express,2,INR
ORD120023,18-04-2023,BR84,India,Delhi,CUST9862,PROD391,Mobile,Samsung Galaxy S23,HP,4,1330.69,0.01,0.18,6218.05,UPI,Online,EMP385,0,0,Standard,4,USD
ORD120024,04-09-2024,BR95,USA,Los Angeles,CUST2305,PROD868,Laptop,Dell XPS 13,Lenovo,2,1935.3,0.07,0.18,4247.6,UPI,In-Store,EMP584,0,0,Express,2,EUR
ORD120025,11-03-2024,BR24,UAE,Abu Dhabi,CUST3628,PROD903,Mobile,Samsung Galaxy S23,Samsung,1,1077.96,0.28,0.18,915.83,Debit Card,Online,EMP523,2,1,Same Day,5,GBP
ORD120026,23-10-2024,BR40,Germany,Munich,CUST7604,PROD866,Accessories,Bluetooth Headphones,Lenovo,3,1383.93,0.28,0.18,3527.36,UPI,In-Store,EMP711,2,1,Standard,9,EUR
ORD120027,23-08-2024,BR18,UK,Manchester,CUST7396,PROD620,TV,Samsung QLED 50,Apple,2,1031.04,0.01,0.18,2408.92,Cash,Online,EMP278,3,0,Same Day,3,GBP
ORD120028,20-03-2023,BR66,UK,Birmingham,CUST6294,PROD525,Tablet,Lenovo Tab P11,Dell,3,230.81,0.23,0.18,629.14,Credit Card,In-Store,EMP255,1,0,Same Day,2,USD
ORD120029,01-12-2023,BR119,UAE,Dubai,CUST6452,PROD422,Accessories,Keyboard,LG,2,1759.74,0.12,0.18,3654.63,UPI,Online,EMP985,1,1,Express,1,INR
ORD120030,25-10-2024,BR40,UK,Birmingham,CUST2435,PROD774,Accessories,Bluetooth Headphones,Samsung,3,997.78,0.05,0.18,3355.53,Credit Card,In-Store,EMP339,1,1,Standard,7,USD
ORD120031,24-10-2024,BR119,India,Delhi,CUST1937,PROD252,Tablet,Lenovo Tab P11,Sony,5,1217.25,0.3,0.18,5027.24,Cash,Online,EMP950,0,0,Standard,6,GBP
ORD120032,30-04-2024,BR69,Germany,Berlin,CUST3339,PROD316,Accessories,Bluetooth Headphones,LG,4,880.51,0.03,0.18,4031.33,Credit Card,In-Store,EMP204,1,1,Same Day,7,AED
ORD120033,08-06-2024,BR26,USA,Dallas,CUST7699,PROD113,Tablet,Samsung Galaxy Tab,Samsung,3,1206.49,0.04,0.18,4100.14,Credit Card,Online,EMP714,1,0,Standard,10,EUR
ORD120034,08-12-2023,BR26,India,Pune,CUST3618,PROD339,TV,LG OLED 48,Lenovo,3,1915.26,0.15,0.18,5763.02,Credit Card,In-Store,EMP622,0,1,Same Day,4,AED
ORD120035,27-08-2024,BR88,UK,London,CUST5740,PROD213,Accessories,Wireless Mouse,OnePlus,5,119.16,0.02,0.18,688.98,Credit Card,Online,EMP232,3,1,Express,9,AED
ORD120036,02-10-2023,BR116,India,Bangalore,CUST3534,PROD892,Accessories,Keyboard,Apple,2,1917.62,0.26,0.18,3348.93,Credit Card,In-Store,EMP355,1,0,Same Day,3,INR
ORD120037,27-01-2024,BR88,UAE,Abu Dhabi,CUST3998,PROD288,Accessories,Keyboard,Sony,3,676.64,0.12,0.18,2107.87,UPI,In-Store,EMP503,3,0,Same Day,2,INR
ORD120038,24-09-2023,BR119,USA,New York,CUST8489,PROD127,Mobile,OnePlus 11,OnePlus,2,1266.18,0.19,0.18,2420.43,Credit Card,In-Store,EMP868,2,1,Express,8,GBP
ORD120039,03-07-2024,BR90,India,Pune,CUST7957,PROD421,Mobile,OnePlus 11,HP,2,1980.14,0.04,0.18,4486.21,Net Banking,Online,EMP253,2,0,Express,9,EUR
ORD120040,28-08-2024,BR98,USA,Los Angeles,CUST6838,PROD872,Laptop,Dell XPS 13,HP,2,1391.81,0.05,0.18,3120.44,UPI,In-Store,EMP938,3,0,Express,4,GBP
ORD120041,02-12-2023,BR113,India,Delhi,CUST4610,PROD467,Mobile,OnePlus 11,OnePlus,2,658.46,0.26,0.18,1149.93,Cash,In-Store,EMP693,3,1,Standard,2,INR
ORD120042,03-02-2024,BR50,UAE,Abu Dhabi,CUST5322,PROD540,Tablet,Samsung Galaxy Tab,OnePlus,3,303.06,0.16,0.18,901.18,Credit Card,Online,EMP835,0,0,Standard,10,INR
ORD120043,04-02-2024,BR16,USA,Los Angeles,CUST5016,PROD263,Mobile,OnePlus 11,Dell,1,1147.59,0.03,0.18,1313.53,Debit Card,Online,EMP390,0,1,Same Day,1,EUR
ORD120044,02-09-2023,BR94,India,Pune,CUST6740,PROD523,Mobile,OnePlus 11,Samsung,3,189.67,0.27,0.18,490.15,Debit Card,In-Store,EMP955,2,0,Same Day,5,AED
ORD120045,04-02-2023,BR52,India,Bangalore,CUST6600,PROD548,Tablet,Samsung Galaxy Tab,Dell,5,1623.64,0.15,0.18,8142.55,Net Banking,Online,EMP904,2,1,Express,2,EUR
ORD120046,17-05-2024,BR57,UK,Manchester,CUST2499,PROD328,TV,Samsung QLED 50,Samsung,1,1644.17,0.09,0.18,1765.51,Net Banking,In-Store,EMP367,0,1,Express,2,INR
ORD120047,22-05-2024,BR81,Germany,Berlin,CUST8597,PROD337,Mobile,Samsung Galaxy S23,Sony,2,1843.83,0.06,0.18,4090.35,Cash,Online,EMP213,1,1,Same Day,10,INR
ORD120048,05-11-2024,BR62,India,Pune,CUST5589,PROD451,Mobile,Samsung Galaxy S23,Dell,4,1039.74,0.24,0.18,3729.76,Cash,Online,EMP633,1,1,Express,5,AED
ORD120049,25-08-2023,BR38,UK,London,CUST4772,PROD166,Tablet,Lenovo Tab P11,Apple,5,1415.31,0.28,0.18,6012.24,Credit Card,Online,EMP236,3,1,Express,4,USD
ORD120050,22-12-2024,BR102,India,Mumbai,CUST8627,PROD528,Laptop,HP Spectre x360,Lenovo,2,782.85,0.06,0.18,1736.67,UPI,Online,EMP270,1,0,Same Day,10,INR
ORD120051,26-04-2024,BR120,UAE,Dubai,CUST7343,PROD976,Mobile,OnePlus 11,LG,2,807.67,0.08,0.18,1753.61,Debit Card,Online,EMP898,3,0,Standard,3,GBP
ORD120052,12-11-2024,BR3,Germany,Munich,CUST9907,PROD324,Accessories,Bluetooth Headphones,HP,5,407.11,0.28,0.18,1729.4,Credit Card,Online,EMP625,3,1,Same Day,8,AED
ORD120053,27-05-2023,BR51,UK,Manchester,CUST4523,PROD250,Accessories,Wireless Mouse,LG,3,78.95,0.17,0.18,231.97,Cash,Online,EMP362,3,0,Express,9,INR
ORD120054,08-09-2023,BR15,India,Mumbai,CUST4038,PROD410,TV,Sony Bravia 55,OnePlus,5,792.56,0.17,0.18,3881.17,Credit Card,Online,EMP206,3,0,Express,2,INR
ORD120055,18-01-2024,BR114,UAE,Abu Dhabi,CUST3804,PROD434,Accessories,Wireless Mouse,Lenovo,5,1552.76,0.03,0.18,8886.45,UPI,Online,EMP489,2,1,Express,4,USD
ORD120056,07-01-2024,BR47,India,Pune,CUST3240,PROD180,TV,Sony Bravia 55,Sony,1,1972.54,0.09,0.18,2118.11,Debit Card,In-Store,EMP385,3,1,Express,6,AED
ORD120057,14-03-2024,BR22,UK,Manchester,CUST8033,PROD377,Accessories,Wireless Mouse,LG,5,987.93,0.18,0.18,4779.61,UPI,Online,EMP684,2,1,Same Day,10,GBP
ORD120058,03-02-2024,BR7,UAE,Dubai,CUST1961,PROD394,Mobile,OnePlus 11,HP,5,865.01,0.2,0.18,4082.85,Net Banking,In-Store,EMP201,0,1,Express,7,USD
ORD120059,15-11-2024,BR15,UK,Manchester,CUST6014,PROD691,Laptop,Dell XPS 13,Apple,3,580.61,0.16,0.18,1726.5,Debit Card,In-Store,EMP254,0,0,Same Day,6,GBP
ORD120060,29-09-2023,BR75,Germany,Munich,CUST6379,PROD420,Mobile,iPhone 14,Dell,5,1304.48,0.24,0.18,5849.29,Cash,In-Store,EMP548,2,0,Same Day,10,EUR
ORD120061,06-03-2023,BR39,Germany,Berlin,CUST7322,PROD863,Tablet,Lenovo Tab P11,Samsung,2,1678.36,0.14,0.18,3406.4,Debit Card,Online,EMP450,0,1,Standard,4,USD
ORD120062,20-02-2024,BR45,USA,Chicago,CUST9327,PROD297,Laptop,HP Spectre x360,Dell,3,166.89,0.27,0.18,431.28,Cash,Online,EMP873,3,1,Express,6,AED
ORD120063,08-04-2024,BR98,USA,Dallas,CUST9588,PROD698,Tablet,Samsung Galaxy Tab,Lenovo,3,507.08,0.11,0.18,1597.61,Debit Card,In-Store,EMP413,0,0,Express,10,GBP
ORD120064,16-12-2023,BR85,UK,London,CUST8986,PROD778,Mobile,OnePlus 11,HP,3,1935.79,0.11,0.18,6098.9,Debit Card,Online,EMP626,0,0,Express,9,GBP
ORD120065,09-08-2024,BR101,UK,Manchester,CUST1609,PROD132,Accessories,Bluetooth Headphones,LG,1,1403.08,0.22,0.18,1291.39,UPI,In-Store,EMP321,2,1,Same Day,4,USD
ORD120066,19-04-2024,BR23,USA,New York,CUST5808,PROD844,Laptop,Dell XPS 13,Sony,5,1713.97,0.15,0.18,8595.56,Credit Card,Online,EMP304,0,0,Same Day,3,EUR
ORD120067,28-01-2023,BR93,USA,Dallas,CUST8462,PROD387,TV,LG OLED 48,Sony,5,1284.28,0.13,0.18,6592.21,Credit Card,Online,EMP608,3,1,Express,7,AED
ORD120068,25-03-2023,BR20,Germany,Berlin,CUST3519,PROD102,Tablet,iPad Air,HP,4,1384.78,0.28,0.18,4706.04,Credit Card,Online,EMP300,1,1,Same Day,6,INR
ORD120069,30-06-2024,BR96,India,Pune,CUST2570,PROD779,Laptop,HP Spectre x360,Apple,1,1011.28,0.29,0.18,847.25,UPI,Online,EMP588,2,0,Standard,3,EUR
ORD120070,08-04-2024,BR1,UK,Manchester,CUST4514,PROD364,Mobile,Samsung Galaxy S23,OnePlus,5,1828.36,0.25,0.18,8090.49,Net Banking,In-Store,EMP984,1,1,Same Day,6,EUR
ORD120071,16-04-2023,BR19,USA,New York,CUST8159,PROD196,Mobile,OnePlus 11,Sony,3,1115.36,0.01,0.18,3908.89,Cash,Online,EMP646,1,0,Standard,2,EUR
ORD120072,05-08-2024,BR18,UK,Birmingham,CUST4219,PROD801,Mobile,iPhone 14,Dell,2,707.69,0.14,0.18,1436.33,Credit Card,In-Store,EMP631,3,0,Standard,1,AED
ORD120073,09-01-2023,BR119,UK,Birmingham,CUST7947,PROD511,TV,Samsung QLED 50,LG,5,661.72,0.19,0.18,3162.36,Cash,Online,EMP308,3,1,Same Day,3,INR
ORD120074,26-07-2024,BR90,UK,Manchester,CUST5444,PROD819,TV,LG OLED 48,Sony,3,1114.37,0.2,0.18,3155.9,Credit Card,In-Store,EMP363,1,0,Express,1,INR
ORD120075,05-07-2024,BR104,UAE,Dubai,CUST3272,PROD415,Laptop,Dell XPS 13,Apple,2,1692.44,0.27,0.18,2915.74,Cash,Online,EMP555,1,0,Same Day,3,USD
ORD120076,30-09-2023,BR38,India,Pune,CUST6806,PROD327,Mobile,OnePlus 11,HP,2,1242.78,0.3,0.18,2053.07,Net Banking,Online,EMP915,2,0,Same Day,1,GBP
ORD120077,01-03-2024,BR82,India,Bangalore,CUST2568,PROD284,Accessories,Wireless Mouse,LG,3,1909.71,0.22,0.18,5273.09,Credit Card,In-Store,EMP325,2,0,Standard,3,GBP
ORD120078,16-02-2024,BR3,USA,New York,CUST9158,PROD233,Laptop,HP Spectre x360,OnePlus,4,692.39,0.04,0.18,3137.36,Net Banking,Online,EMP223,2,0,Express,8,INR
ORD120079,03-04-2023,BR107,USA,Los Angeles,CUST5228,PROD352,Mobile,OnePlus 11,Dell,3,1339.79,0.2,0.18,3794.29,UPI,Online,EMP388,2,1,Express,3,INR
ORD120080,23-05-2023,BR22,UAE,Abu Dhabi,CUST2714,PROD479,Accessories,Keyboard,Apple,2,293.41,0.02,0.18,678.6,UPI,Online,EMP881,0,0,Same Day,4,GBP
ORD120081,11-01-2023,BR112,UAE,Abu Dhabi,CUST1393,PROD336,Laptop,Dell XPS 13,LG,4,921.49,0.05,0.18,4131.96,Cash,In-Store,EMP511,3,1,Standard,1,USD
ORD120082,18-12-2024,BR49,India,Mumbai,CUST2043,PROD779,Accessories,Bluetooth Headphones,HP,4,1588.33,0.22,0.18,5847.6,Debit Card,Online,EMP379,0,1,Express,3,USD
ORD120083,31-05-2023,BR28,Germany,Berlin,CUST6148,PROD429,Tablet,iPad Air,Sony,5,1507.26,0.28,0.18,6402.84,UPI,Online,EMP690,3,1,Express,3,INR
ORD120084,14-11-2024,BR66,USA,Chicago,CUST3628,PROD238,Accessories,Wireless Mouse,HP,2,1265.62,0.25,0.18,2240.15,Credit Card,In-Store,EMP505,3,0,Standard,6,GBP
ORD120085,29-10-2023,BR86,India,Mumbai,CUST6814,PROD983,Accessories,Wireless Mouse,Samsung,2,793.76,0.16,0.18,1573.55,Debit Card,In-Store,EMP229,2,1,Standard,7,USD
ORD120086,10-06-2023,BR98,USA,Dallas,CUST9454,PROD687,TV,Sony Bravia 55,Dell,2,1779.5,0.09,0.18,3821.65,Cash,Online,EMP824,3,1,Same Day,6,EUR
ORD120087,07-11-2024,BR4,India,Pune,CUST6649,PROD620,Tablet,Samsung Galaxy Tab,Sony,1,1640.98,0.24,0.18,1471.63,Cash,Online,EMP819,1,1,Standard,6,INR
ORD120088,03-10-2023,BR80,UAE,Abu Dhabi,CUST5488,PROD434,TV,Samsung QLED 50,Sony,4,596.25,0.21,0.18,2223.3,Debit Card,Online,EMP669,3,1,Standard,4,GBP
ORD120089,18-04-2023,BR27,UAE,Abu Dhabi,CUST2194,PROD596,Mobile,Samsung Galaxy S23,Sony,4,1902.4,0.17,0.18,7452.84,Net Banking,Online,EMP968,3,1,Express,8,GBP
ORD120090,08-12-2024,BR82,Germany,Munich,CUST7259,PROD680,Accessories,Wireless Mouse,Samsung,5,1691.38,0.29,0.18,7085.19,UPI,Online,EMP784,0,1,Express,2,GBP
ORD120091,05-02-2024,BR33,Germany,Munich,CUST7581,PROD802,Accessories,Wireless Mouse,OnePlus,4,1161.89,0.07,0.18,5100.23,Credit Card,In-Store,EMP805,2,0,Same Day,5,AED
ORD120092,31-07-2023,BR48,India,Mumbai,CUST5393,PROD559,Mobile,OnePlus 11,Dell,2,358.91,0.16,0.18,711.5,Credit Card,Online,EMP802,0,1,Express,1,USD
ORD120093,27-11-2023,BR2,USA,Los Angeles,CUST5789,PROD612,TV,Samsung QLED 50,Lenovo,1,444.42,0.11,0.18,466.73,Debit Card,In-Store,EMP886,2,0,Express,5,USD
ORD120094,03-03-2023,BR72,UK,Birmingham,CUST1016,PROD379,Mobile,Samsung Galaxy S23,HP,3,188.33,0.07,0.18,620.02,UPI,In-Store,EMP838,3,0,Express,1,EUR
ORD120095,26-10-2023,BR9,India,Delhi,CUST5331,PROD399,TV,Sony Bravia 55,Dell,3,137.82,0.07,0.18,453.73,Net Banking,Online,EMP519,3,0,Express,10,USD
ORD120096,20-02-2024,BR89,UK,Birmingham,CUST4510,PROD225,Laptop,Dell XPS 13,OnePlus,3,1303.05,0.03,0.18,4474.41,UPI,In-Store,EMP793,3,0,Standard,3,EUR
ORD120097,01-07-2023,BR82,Germany,Berlin,CUST8342,PROD775,Accessories,Wireless Mouse,Apple,3,1366.95,0.26,0.18,3580.86,Net Banking,Online,EMP632,3,0,Standard,6,AED
ORD120098,29-11-2023,BR27,UK,Birmingham,CUST1133,PROD152,Tablet,Samsung Galaxy Tab,HP,3,720.43,0.24,0.18,1938.24,Net Banking,In-Store,EMP798,3,0,Standard,5,EUR
ORD120099,20-08-2023,BR34,Germany,Berlin,CUST9408,PROD562,Laptop,HP Spectre x360,LG,1,304.19,0.04,0.18,344.59,Debit Card,In-Store,EMP603,0,1,Express,1,EUR
ORD120100,11-02-2024,BR8,USA,Dallas,CUST2716,PROD792,Laptop,MacBook Air M2,LG,5,463.13,0.28,0.18,1967.38,Cash,Online,EMP396,0,0,Express,9,AED
ORD120101,30-11-2023,BR81,UAE,Abu Dhabi,CUST8576,PROD103,TV,Samsung QLED 50,HP,4,173.28,0.17,0.18,678.84,Net Banking,Online,EMP951,1,0,Same Day,6,INR
ORD120102,10-10-2024,BR21,Germany,Berlin,CUST5521,PROD892,Tablet,iPad Air,Samsung,4,1118.8,0.06,0.18,4963.89,Cash,In-Store,EMP960,3,0,Standard,5,INR
ORD120103,30-01-2023,BR37,Germany,Munich,CUST6788,PROD466,Tablet,Samsung Galaxy Tab,Dell,2,1509.36,0.02,0.18,3490.85,Cash,Online,EMP281,1,0,Same Day,4,EUR
ORD120104,21-10-2023,BR106,UK,London,CUST9570,PROD954,TV,Samsung QLED 50,Lenovo,4,1747.43,0.01,0.18,8165.39,UPI,Online,EMP800,3,1,Standard,2,EUR
ORD120105,24-08-2023,BR35,UK,Manchester,CUST4403,PROD199,TV,Sony Bravia 55,HP,5,1891.08,0.08,0.18,10264.78,Debit Card,Online,EMP618,1,1,Standard,9,AED
ORD120106,13-02-2023,BR24,UK,Manchester,CUST8335,PROD218,Tablet,iPad Air,Samsung,3,799.11,0.07,0.18,2630.83,Net Banking,Online,EMP589,1,0,Same Day,7,GBP
ORD120107,24-10-2024,BR113,Germany,Munich,CUST2976,PROD927,Mobile,Samsung Galaxy S23,LG,1,202.32,0.15,0.18,202.93,Net Banking,Online,EMP913,2,0,Standard,6,AED
ORD120108,19-01-2024,BR31,USA,Dallas,CUST8632,PROD884,Tablet,iPad Air,Sony,1,922.8,0.05,0.18,1034.46,UPI,Online,EMP232,2,1,Standard,8,GBP
ORD120109,07-01-2024,BR32,India,Delhi,CUST4399,PROD629,Accessories,Keyboard,Sony,3,1583.06,0.08,0.18,5155.71,Net Banking,Online,EMP310,0,1,Express,3,INR
ORD120110,16-10-2023,BR20,India,Bangalore,CUST1874,PROD429,Accessories,Bluetooth Headphones,Sony,1,234.06,0.16,0.18,232,UPI,In-Store,EMP477,2,0,Standard,7,INR
ORD120111,28-08-2024,BR63,UAE,Dubai,CUST1957,PROD692,Accessories,Keyboard,Samsung,4,809.64,0.27,0.18,2789.7,Debit Card,In-Store,EMP393,3,1,Same Day,8,INR
ORD120112,13-02-2023,BR115,UAE,Abu Dhabi,CUST3584,PROD774,Laptop,MacBook Air M2,Lenovo,3,515.28,0.13,0.18,1586.96,Credit Card,In-Store,EMP978,0,0,Express,3,AED
ORD120113,22-12-2024,BR52,UAE,Dubai,CUST5042,PROD919,Laptop,MacBook Air M2,Apple,3,1364.08,0.27,0.18,3525.06,Debit Card,In-Store,EMP410,1,1,Standard,9,AED
ORD120114,09-05-2023,BR95,USA,Los Angeles,CUST3808,PROD924,Mobile,iPhone 14,OnePlus,2,1433.31,0.21,0.18,2672.26,Debit Card,In-Store,EMP687,0,1,Standard,8,EUR
ORD120115,10-08-2023,BR53,Germany,Berlin,CUST3817,PROD197,Accessories,Keyboard,Lenovo,2,112.19,0.19,0.18,214.46,Cash,Online,EMP521,0,0,Same Day,2,GBP
ORD120116,23-03-2023,BR114,UAE,Abu Dhabi,CUST7302,PROD815,Laptop,Dell XPS 13,OnePlus,2,157.7,0.12,0.18,327.51,Net Banking,In-Store,EMP497,2,1,Same Day,1,EUR
ORD120117,30-12-2024,BR10,USA,Chicago,CUST9043,PROD493,Laptop,HP Spectre x360,Samsung,3,1318.39,0.26,0.18,3453.65,Net Banking,In-Store,EMP643,2,1,Express,2,EUR
ORD120118,29-09-2023,BR78,UK,London,CUST9367,PROD519,Tablet,iPad Air,Samsung,1,611.45,0.29,0.18,512.27,Debit Card,In-Store,EMP490,1,0,Standard,10,INR
ORD120119,23-04-2024,BR34,USA,Los Angeles,CUST7255,PROD869,Laptop,Dell XPS 13,HP,1,292.53,0.09,0.18,314.12,Debit Card,In-Store,EMP602,3,1,Express,4,INR
ORD120120,02-06-2024,BR80,UAE,Dubai,CUST8592,PROD841,Mobile,iPhone 14,Samsung,4,1851.76,0.09,0.18,7953.68,Cash,In-Store,EMP537,1,1,Standard,6,AED
ORD120121,28-12-2023,BR13,Germany,Hamburg,CUST3117,PROD458,TV,Samsung QLED 50,LG,3,1758.85,0.2,0.18,4981.06,Net Banking,In-Store,EMP578,2,0,Standard,2,EUR
ORD120122,19-03-2023,BR110,India,Delhi,CUST1518,PROD649,Tablet,Lenovo Tab P11,Apple,2,362.65,0.26,0.18,633.33,Debit Card,In-Store,EMP917,2,0,Same Day,7,AED
ORD120123,17-03-2024,BR23,India,Mumbai,CUST5093,PROD117,TV,LG OLED 48,Apple,5,536.26,0.17,0.18,2626.07,Credit Card,In-Store,EMP975,3,0,Same Day,8,GBP
ORD120124,01-03-2024,BR42,UK,Birmingham,CUST2412,PROD662,Tablet,Samsung Galaxy Tab,Dell,5,1264.9,0.26,0.18,5522.55,Net Banking,Online,EMP642,2,0,Standard,6,AED
ORD120125,27-05-2023,BR117,Germany,Munich,CUST3425,PROD636,Laptop,MacBook Air M2,HP,5,1635.99,0.09,0.18,8783.63,Net Banking,Online,EMP562,0,0,Standard,7,EUR
ORD120126,04-11-2024,BR70,USA,Dallas,CUST4688,PROD326,Laptop,HP Spectre x360,Lenovo,1,430.42,0.13,0.18,441.87,UPI,In-Store,EMP534,2,1,Same Day,4,AED
ORD120127,22-11-2023,BR66,UK,Birmingham,CUST9332,PROD629,Mobile,iPhone 14,Dell,5,1698.41,0.18,0.18,8216.91,Debit Card,In-Store,EMP347,1,0,Express,7,USD
ORD120128,28-07-2024,BR69,USA,New York,CUST9220,PROD697,TV,LG OLED 48,HP,1,296.78,0.28,0.18,252.14,UPI,Online,EMP869,1,1,Express,8,EUR
ORD120129,30-01-2024,BR1,Germany,Munich,CUST8109,PROD964,Mobile,OnePlus 11,HP,4,1207.15,0.28,0.18,4102.38,Credit Card,Online,EMP269,2,0,Express,2,INR
ORD120130,30-11-2023,BR97,UK,Birmingham,CUST7374,PROD862,TV,Samsung QLED 50,OnePlus,1,1839.13,0.2,0.18,1736.14,Cash,In-Store,EMP526,3,0,Same Day,3,EUR
ORD120131,03-04-2024,BR79,UAE,Abu Dhabi,CUST1862,PROD748,Laptop,HP Spectre x360,HP,5,211.06,0.15,0.18,1058.47,Cash,In-Store,EMP822,1,1,Same Day,8,EUR
ORD120132,12-10-2024,BR64,Germany,Munich,CUST6634,PROD690,TV,Samsung QLED 50,HP,3,107.1,0.02,0.18,371.55,Net Banking,In-Store,EMP267,1,1,Express,6,AED
ORD120133,25-07-2023,BR35,UAE,Abu Dhabi,CUST5084,PROD971,TV,Sony Bravia 55,Dell,3,1635.24,0.07,0.18,5383.54,Debit Card,In-Store,EMP703,2,1,Express,9,INR
ORD120134,22-04-2023,BR16,Germany,Munich,CUST4449,PROD675,Tablet,Lenovo Tab P11,LG,5,571.06,0.15,0.18,2863.87,UPI,In-Store,EMP292,2,1,Express,4,GBP
ORD120135,04-06-2024,BR88,India,Pune,CUST6734,PROD429,Laptop,MacBook Air M2,LG,2,592.87,0.22,0.18,1091.36,Credit Card,In-Store,EMP511,3,0,Standard,4,EUR
ORD120136,03-08-2024,BR50,India,Pune,CUST7575,PROD942,Accessories,Keyboard,Sony,1,928.38,0.24,0.18,832.57,Debit Card,Online,EMP619,3,1,Express,1,USD
ORD120137,10-03-2024,BR118,Germany,Berlin,CUST2137,PROD543,Laptop,Dell XPS 13,LG,3,112.53,0.19,0.18,322.67,UPI,Online,EMP318,0,0,Express,7,AED
ORD120138,29-05-2024,BR110,Germany,Munich,CUST9916,PROD380,Mobile,iPhone 14,HP,5,419.24,0.07,0.18,2300.37,Credit Card,Online,EMP591,0,1,Same Day,2,USD
ORD120139,23-07-2024,BR5,UAE,Dubai,CUST2722,PROD864,Mobile,Samsung Galaxy S23,Samsung,4,448.87,0.15,0.18,1800.87,UPI,In-Store,EMP223,2,0,Express,1,EUR
ORD120140,18-11-2024,BR78,USA,Dallas,CUST5244,PROD792,Accessories,Bluetooth Headphones,Samsung,5,555.1,0.04,0.18,3144.09,UPI,In-Store,EMP866,0,0,Express,3,EUR
ORD120141,11-09-2023,BR17,UK,Manchester,CUST8760,PROD789,Tablet,Samsung Galaxy Tab,Sony,1,681.31,0.09,0.18,731.59,Credit Card,Online,EMP830,0,1,Same Day,5,INR
ORD120142,06-06-2023,BR51,India,Delhi,CUST9334,PROD409,Tablet,Samsung Galaxy Tab,Sony,3,378.18,0.17,0.18,1111.17,UPI,Online,EMP407,2,1,Standard,7,EUR
ORD120143,07-06-2023,BR106,USA,New York,CUST9954,PROD532,Tablet,Lenovo Tab P11,Apple,4,1262.3,0.18,0.18,4885.61,Credit Card,Online,EMP478,2,0,Same Day,5,USD
ORD120144,28-11-2023,BR52,UAE,Abu Dhabi,CUST9727,PROD493,Accessories,Bluetooth Headphones,LG,2,1636.64,0.12,0.18,3398.97,Net Banking,Online,EMP653,3,1,Same Day,7,GBP
ORD120145,02-02-2024,BR117,India,Bangalore,CUST3918,PROD549,TV,Samsung QLED 50,Sony,1,1016.41,0.23,0.18,923.51,Debit Card,In-Store,EMP503,0,0,Express,5,GBP
ORD120146,23-10-2024,BR10,USA,New York,CUST7926,PROD140,Mobile,OnePlus 11,Sony,2,1358.57,0.12,0.18,2821.48,Cash,In-Store,EMP232,3,1,Same Day,10,EUR
ORD120147,22-01-2023,BR9,USA,New York,CUST7307,PROD563,Accessories,Keyboard,Dell,1,1249.29,0.19,0.18,1194.07,Cash,Online,EMP849,3,1,Standard,8,GBP
ORD120148,11-08-2023,BR1,India,Mumbai,CUST5698,PROD143,Accessories,Bluetooth Headphones,OnePlus,4,302.69,0.18,0.18,1171.53,Cash,In-Store,EMP512,3,1,Same Day,2,GBP
ORD120149,19-01-2023,BR15,UK,London,CUST6443,PROD279,Tablet,iPad Air,Lenovo,2,1409.03,0.14,0.18,2859.77,Debit Card,Online,EMP446,0,1,Standard,7,EUR
ORD120150,16-02-2024,BR33,Germany,Hamburg,CUST1733,PROD225,Mobile,iPhone 14,Sony,2,1073.81,0.13,0.18,2204.75,Debit Card,Online,EMP653,2,0,Standard,9,EUR
ORD120151,04-08-2024,BR53,USA,Dallas,CUST7486,PROD611,Tablet,Lenovo Tab P11,HP,4,152.34,0.27,0.18,524.9,Credit Card,In-Store,EMP264,0,1,Same Day,7,EUR
ORD120152,04-09-2023,BR97,UAE,Abu Dhabi,CUST4475,PROD268,Mobile,iPhone 14,Sony,5,1244.09,0.14,0.18,6312.51,Cash,Online,EMP440,3,1,Standard,2,GBP
ORD120153,23-12-2023,BR17,USA,New York,CUST5130,PROD339,Accessories,Keyboard,Sony,3,1055.6,0.06,0.18,3512.61,Credit Card,In-Store,EMP924,3,1,Same Day,8,AED
ORD120154,28-12-2023,BR28,UAE,Dubai,CUST9203,PROD241,Tablet,Samsung Galaxy Tab,Dell,2,272.59,0.08,0.18,591.85,Net Banking,In-Store,EMP316,1,0,Same Day,3,EUR
ORD120155,14-07-2024,BR109,USA,Chicago,CUST9742,PROD246,TV,Sony Bravia 55,HP,5,76.46,0.19,0.18,365.4,UPI,In-Store,EMP860,0,0,Same Day,7,EUR
ORD120156,06-02-2024,BR110,Germany,Hamburg,CUST1404,PROD838,Accessories,Keyboard,Sony,1,1823.32,0.05,0.18,2043.94,Cash,Online,EMP400,2,1,Express,9,AED
ORD120157,27-01-2023,BR50,USA,Chicago,CUST5062,PROD168,TV,Samsung QLED 50,Lenovo,1,1627.58,0.01,0.18,1901.34,Net Banking,Online,EMP410,3,1,Standard,3,EUR
ORD120158,01-01-2024,BR28,Germany,Munich,CUST9895,PROD429,Laptop,Dell XPS 13,HP,3,809.72,0.21,0.18,2264.46,Net Banking,Online,EMP886,2,0,Same Day,3,INR
ORD120159,22-09-2024,BR68,India,Bangalore,CUST8585,PROD992,TV,Sony Bravia 55,OnePlus,2,1504.62,0.25,0.18,2663.18,Net Banking,In-Store,EMP786,1,0,Express,1,AED
ORD120160,14-06-2024,BR17,Germany,Berlin,CUST7276,PROD659,Accessories,Bluetooth Headphones,OnePlus,4,1304.88,0.14,0.18,5296.77,UPI,Online,EMP203,0,1,Standard,4,INR
ORD120161,27-03-2024,BR33,UAE,Dubai,CUST8367,PROD438,TV,Samsung QLED 50,Sony,4,903.3,0.12,0.18,3751.95,Net Banking,In-Store,EMP377,0,0,Standard,6,USD
ORD120162,03-09-2024,BR97,USA,Chicago,CUST4892,PROD531,Tablet,iPad Air,Lenovo,1,587.33,0.3,0.18,485.13,Debit Card,Online,EMP690,2,0,Express,7,INR
ORD120163,27-10-2024,BR89,India,Delhi,CUST8054,PROD428,Tablet,Lenovo Tab P11,OnePlus,5,655.51,0.14,0.18,3326.06,Debit Card,Online,EMP271,2,0,Express,7,GBP
ORD120164,10-07-2023,BR44,India,Bangalore,CUST8079,PROD569,Mobile,OnePlus 11,Lenovo,2,1902.85,0.05,0.18,4266.19,Cash,Online,EMP783,1,0,Standard,3,USD
ORD120165,25-03-2023,BR57,USA,Dallas,CUST2084,PROD533,Laptop,HP Spectre x360,Samsung,5,612.79,0.28,0.18,2603.13,Credit Card,Online,EMP862,2,0,Express,6,USD
ORD120166,24-12-2023,BR81,Germany,Berlin,CUST7283,PROD806,TV,LG OLED 48,LG,5,1685.54,0.06,0.18,9348,Credit Card,In-Store,EMP750,2,1,Same Day,6,EUR
ORD120167,12-11-2024,BR65,UK,Manchester,CUST2551,PROD907,TV,Sony Bravia 55,LG,1,983.46,0.28,0.18,835.55,Debit Card,In-Store,EMP660,1,1,Same Day,3,USD
ORD120168,07-10-2024,BR100,USA,New York,CUST8900,PROD256,Laptop,Dell XPS 13,Samsung,3,267.56,0.08,0.18,871.39,UPI,Online,EMP595,2,0,Same Day,8,INR
ORD120169,04-08-2023,BR43,India,Pune,CUST4886,PROD167,Mobile,Samsung Galaxy S23,Apple,1,1131.76,0.21,0.18,1055.03,Cash,Online,EMP461,3,1,Standard,6,AED
ORD120170,12-12-2024,BR39,UK,Manchester,CUST3956,PROD259,Tablet,Samsung Galaxy Tab,Apple,2,1227.48,0.2,0.18,2317.48,UPI,Online,EMP685,3,1,Express,6,GBP
ORD120171,20-06-2023,BR45,Germany,Berlin,CUST8708,PROD287,Mobile,Samsung Galaxy S23,HP,4,1750.62,0.19,0.18,6692.97,Credit Card,Online,EMP399,3,0,Express,8,GBP
ORD120172,16-08-2023,BR65,Germany,Berlin,CUST4691,PROD242,Tablet,Lenovo Tab P11,LG,5,167.18,0.05,0.18,937.04,Credit Card,In-Store,EMP503,1,1,Same Day,4,GBP
ORD120173,05-05-2023,BR24,USA,New York,CUST3738,PROD815,Tablet,Samsung Galaxy Tab,HP,3,70.6,0.06,0.18,234.93,Credit Card,In-Store,EMP814,1,0,Standard,5,EUR
ORD120174,07-10-2023,BR115,USA,Los Angeles,CUST1077,PROD461,Accessories,Keyboard,Apple,4,1207.6,0.24,0.18,4331.9,Cash,Online,EMP935,0,1,Standard,6,GBP
ORD120175,27-01-2023,BR68,India,Pune,CUST7278,PROD100,Laptop,HP Spectre x360,OnePlus,2,1874.43,0.06,0.18,4158.24,Credit Card,In-Store,EMP337,2,1,Same Day,5,USD
ORD120176,27-04-2024,BR85,UK,London,CUST7921,PROD891,TV,Sony Bravia 55,Sony,5,925.44,0.07,0.18,5077.89,Net Banking,Online,EMP557,2,1,Express,1,GBP
ORD120177,03-10-2024,BR71,USA,Dallas,CUST2549,PROD985,Laptop,Dell XPS 13,Lenovo,2,473.61,0.23,0.18,860.64,Cash,In-Store,EMP560,3,1,Standard,1,GBP
ORD120178,12-06-2024,BR64,India,Mumbai,CUST5500,PROD368,Mobile,Samsung Galaxy S23,Samsung,2,889.79,0.07,0.18,1952.91,UPI,Online,EMP300,3,0,Express,5,GBP
ORD120179,05-09-2024,BR59,India,Bangalore,CUST8946,PROD591,Mobile,iPhone 14,Lenovo,3,614.18,0.27,0.18,1587.16,Cash,Online,EMP474,0,0,Express,4,INR
ORD120180,12-04-2023,BR20,UK,Manchester,CUST7474,PROD206,TV,Sony Bravia 55,LG,1,1276.2,0.2,0.18,1204.73,Debit Card,Online,EMP347,3,1,Express,6,AED
ORD120181,16-01-2023,BR6,USA,Dallas,CUST5255,PROD453,Tablet,Samsung Galaxy Tab,OnePlus,5,536.96,0.05,0.18,3009.66,Debit Card,In-Store,EMP738,2,1,Express,7,USD
ORD120182,13-06-2024,BR112,Germany,Munich,CUST3811,PROD812,Laptop,HP Spectre x360,Sony,3,1005.27,0.21,0.18,2811.34,Debit Card,Online,EMP581,1,0,Express,2,EUR
ORD120183,11-10-2023,BR70,UK,Manchester,CUST2915,PROD678,Laptop,HP Spectre x360,OnePlus,4,1402.68,0.08,0.18,6091,Debit Card,In-Store,EMP377,1,0,Standard,10,INR
ORD120184,08-08-2023,BR71,UK,Manchester,CUST5437,PROD828,Tablet,iPad Air,LG,4,1580.06,0.19,0.18,6040.89,UPI,In-Store,EMP581,2,1,Same Day,4,INR
ORD120185,06-08-2023,BR76,India,Pune,CUST1110,PROD406,TV,Samsung QLED 50,Sony,3,1155.34,0.04,0.18,3926.31,Net Banking,In-Store,EMP354,0,0,Same Day,5,AED
ORD120186,18-03-2024,BR6,UK,London,CUST1274,PROD694,Accessories,Wireless Mouse,Dell,2,1867.83,0.02,0.18,4319.92,Cash,Online,EMP803,0,1,Express,8,USD
ORD120187,07-06-2024,BR45,India,Bangalore,CUST5863,PROD261,Laptop,MacBook Air M2,OnePlus,1,1177.47,0.14,0.18,1194.9,Net Banking,Online,EMP290,3,1,Standard,5,GBP
ORD120188,03-01-2024,BR54,UAE,Dubai,CUST2640,PROD504,Accessories,Bluetooth Headphones,Dell,2,650.78,0.04,0.18,1474.41,Debit Card,In-Store,EMP278,1,0,Same Day,6,GBP
ORD120189,10-02-2023,BR52,UAE,Dubai,CUST5285,PROD527,Laptop,Dell XPS 13,Sony,5,477.39,0.2,0.18,2253.28,Credit Card,In-Store,EMP953,2,1,Express,3,AED
ORD120190,14-08-2024,BR106,UK,Birmingham,CUST3353,PROD731,Mobile,iPhone 14,Sony,4,953.22,0.24,0.18,3419.39,Debit Card,In-Store,EMP623,2,1,Standard,1,AED
ORD120191,07-02-2023,BR101,Germany,Hamburg,CUST7753,PROD987,Tablet,iPad Air,Apple,3,1328.86,0.22,0.18,3669.25,Cash,In-Store,EMP477,0,1,Standard,2,EUR
ORD120192,02-09-2024,BR34,Germany,Hamburg,CUST1602,PROD688,Accessories,Bluetooth Headphones,Apple,3,1578.51,0.25,0.18,4190.94,Credit Card,In-Store,EMP353,0,1,Standard,2,USD
ORD120193,11-04-2024,BR80,India,Delhi,CUST4876,PROD207,Tablet,Lenovo Tab P11,HP,4,1293.89,0.05,0.18,5801.8,Credit Card,Online,EMP863,0,0,Express,5,GBP
ORD120194,07-04-2023,BR32,USA,Dallas,CUST6511,PROD796,Laptop,Dell XPS 13,Sony,1,389.79,0.17,0.18,381.76,UPI,Online,EMP365,2,1,Same Day,7,EUR
ORD120195,01-07-2023,BR45,India,Mumbai,CUST3929,PROD653,Tablet,Samsung Galaxy Tab,Samsung,2,117.39,0.01,0.18,274.27,Cash,Online,EMP479,1,1,Same Day,3,GBP
ORD120196,14-06-2024,BR46,UAE,Dubai,CUST5381,PROD359,Mobile,iPhone 14,HP,4,1632.03,0.28,0.18,5546.29,Credit Card,Online,EMP618,2,1,Express,7,EUR
ORD120197,08-03-2023,BR117,Germany,Hamburg,CUST3514,PROD774,Accessories,Bluetooth Headphones,Apple,4,1025.92,0.18,0.18,3970.72,Credit Card,In-Store,EMP981,2,1,Express,6,INR
ORD120198,07-01-2023,BR83,Germany,Munich,CUST2606,PROD311,Tablet,Lenovo Tab P11,OnePlus,5,1371.99,0.11,0.18,7204.32,Credit Card,Online,EMP381,3,1,Standard,1,USD
ORD120199,23-09-2023,BR26,USA,Chicago,CUST2414,PROD128,Accessories,Keyboard,Samsung,2,1150.34,0.16,0.18,2280.43,Net Banking,In-Store,EMP949,3,0,Standard,1,AED
ORD120200,25-03-2023,BR31,UAE,Abu Dhabi,CUST9710,PROD590,Laptop,Dell XPS 13,HP,5,538.32,0,0.18,3176.09,Debit Card,Online,EMP252,0,1,Standard,3,AED
ORD120201,05-11-2024,BR24,USA,Chicago,CUST5608,PROD901,Accessories,Bluetooth Headphones,LG,4,1245.55,0.23,0.18,4526.83,Debit Card,Online,EMP465,3,0,Same Day,3,GBP
ORD120202,24-03-2024,BR23,UAE,Dubai,CUST1820,PROD354,Accessories,Bluetooth Headphones,OnePlus,4,302.42,0.21,0.18,1127.66,Debit Card,In-Store,EMP970,2,0,Standard,4,GBP
ORD120203,11-09-2024,BR68,USA,New York,CUST1519,PROD368,Tablet,Lenovo Tab P11,Sony,5,1526.99,0.04,0.18,8648.87,Net Banking,Online,EMP719,3,1,Express,7,USD
ORD120204,13-12-2023,BR65,USA,Los Angeles,CUST1282,PROD978,Laptop,MacBook Air M2,Dell,1,1494.9,0.2,0.18,1411.19,Cash,In-Store,EMP928,1,1,Express,1,GBP
ORD120205,03-09-2024,BR91,India,Pune,CUST9511,PROD259,Mobile,Samsung Galaxy S23,OnePlus,5,68.54,0.19,0.18,327.55,UPI,In-Store,EMP498,0,1,Express,4,GBP
ORD120206,23-01-2023,BR105,UK,Manchester,CUST7380,PROD160,Laptop,MacBook Air M2,Sony,5,1955.25,0.01,0.18,11420.62,Credit Card,In-Store,EMP250,0,1,Express,1,EUR
ORD120207,09-07-2024,BR87,USA,Chicago,CUST4450,PROD585,TV,LG OLED 48,LG,3,389.01,0.09,0.18,1253.16,Debit Card,In-Store,EMP302,1,0,Standard,4,AED
ORD120208,26-04-2023,BR67,UK,Manchester,CUST4253,PROD912,Accessories,Wireless Mouse,OnePlus,4,1162.32,0.25,0.18,4114.61,UPI,Online,EMP237,3,1,Express,6,INR
ORD120209,19-10-2023,BR93,India,Pune,CUST2167,PROD744,Laptop,Dell XPS 13,Samsung,3,337.08,0.2,0.18,954.61,UPI,Online,EMP554,0,0,Same Day,1,USD
ORD120210,26-05-2023,BR48,UK,Manchester,CUST6997,PROD281,Mobile,Samsung Galaxy S23,Dell,3,1294.12,0.21,0.18,3619.14,Cash,In-Store,EMP530,2,0,Same Day,1,GBP
ORD120211,20-04-2024,BR56,UK,London,CUST9493,PROD169,Laptop,Dell XPS 13,Samsung,3,1931.47,0.05,0.18,6495.53,Debit Card,In-Store,EMP661,2,0,Express,2,USD
ORD120212,07-04-2024,BR81,Germany,Berlin,CUST2782,PROD932,Laptop,HP Spectre x360,Samsung,3,1577.34,0.18,0.18,4578.7,Debit Card,In-Store,EMP861,3,0,Express,1,USD
ORD120213,08-04-2023,BR90,UAE,Abu Dhabi,CUST5341,PROD164,Laptop,Dell XPS 13,LG,1,1607.66,0.12,0.18,1669.39,UPI,In-Store,EMP976,3,0,Same Day,7,USD
ORD120214,14-07-2023,BR3,Germany,Berlin,CUST9869,PROD188,Accessories,Bluetooth Headphones,OnePlus,5,671.42,0.13,0.18,3446.4,Cash,In-Store,EMP937,1,1,Standard,2,GBP
ORD120215,23-11-2024,BR30,UAE,Dubai,CUST9429,PROD368,Laptop,MacBook Air M2,LG,3,325.77,0.24,0.18,876.45,Debit Card,In-Store,EMP224,3,0,Standard,6,INR
ORD120216,30-09-2023,BR88,USA,Chicago,CUST5229,PROD222,Tablet,Samsung Galaxy Tab,OnePlus,2,1067.53,0.06,0.18,2368.21,UPI,In-Store,EMP975,0,1,Same Day,1,USD
ORD120217,04-08-2024,BR26,UAE,Abu Dhabi,CUST9754,PROD717,TV,Sony Bravia 55,HP,2,595.79,0.07,0.18,1307.64,UPI,In-Store,EMP486,0,1,Express,5,INR
ORD120218,05-10-2023,BR11,UAE,Dubai,CUST7901,PROD210,Accessories,Wireless Mouse,Sony,2,1452.81,0.29,0.18,2434.33,Cash,In-Store,EMP465,0,0,Same Day,8,AED
ORD120219,12-04-2023,BR86,USA,Chicago,CUST3618,PROD243,TV,Samsung QLED 50,OnePlus,4,1508.85,0.08,0.18,6552.03,UPI,In-Store,EMP645,0,1,Standard,3,INR
ORD120220,10-01-2024,BR80,UAE,Dubai,CUST3839,PROD807,Laptop,Dell XPS 13,Dell,2,1938.74,0.2,0.18,3660.34,Debit Card,Online,EMP543,3,1,Standard,3,AED
ORD120221,02-05-2024,BR20,USA,Dallas,CUST3872,PROD227,Accessories,Wireless Mouse,HP,5,1120.17,0.07,0.18,6146.37,Net Banking,In-Store,EMP705,3,0,Standard,9,USD
ORD120222,23-04-2024,BR120,UK,Birmingham,CUST5268,PROD771,Laptop,MacBook Air M2,Sony,5,1191.98,0.06,0.18,6610.72,Credit Card,Online,EMP625,0,1,Same Day,10,USD
ORD120223,03-10-2024,BR3,UK,Birmingham,CUST2449,PROD482,Tablet,Lenovo Tab P11,HP,4,330.91,0.03,0.18,1515.04,UPI,Online,EMP630,3,0,Same Day,9,INR
ORD120224,25-11-2024,BR102,Germany,Munich,CUST8957,PROD591,TV,Sony Bravia 55,Sony,2,1428.8,0.18,0.18,2765.01,UPI,Online,EMP307,2,1,Express,4,EUR
ORD120225,20-06-2023,BR13,India,Delhi,CUST7950,PROD779,TV,Sony Bravia 55,Lenovo,4,1982.18,0.19,0.18,7578.27,Debit Card,Online,EMP393,2,0,Express,6,GBP
ORD120226,07-10-2024,BR62,UAE,Dubai,CUST1350,PROD137,Tablet,Samsung Galaxy Tab,Lenovo,3,1677.83,0.18,0.18,4870.4,Debit Card,In-Store,EMP491,3,1,Standard,1,GBP
ORD120227,12-03-2024,BR70,UK,London,CUST2351,PROD626,TV,LG OLED 48,Dell,1,1816.48,0.27,0.18,1564.72,Net Banking,In-Store,EMP265,1,1,Same Day,7,GBP
ORD120228,16-03-2024,BR25,India,Mumbai,CUST5994,PROD315,TV,Samsung QLED 50,Dell,4,1331.58,0.28,0.18,4525.24,Credit Card,Online,EMP798,2,1,Express,1,USD
ORD120229,05-09-2024,BR59,UK,London,CUST8983,PROD925,TV,LG OLED 48,Dell,2,916.02,0.09,0.18,1967.24,Cash,Online,EMP411,2,0,Same Day,8,INR
ORD120230,01-03-2024,BR100,Germany,Munich,CUST7241,PROD203,Laptop,HP Spectre x360,OnePlus,3,469.35,0.21,0.18,1312.58,Credit Card,Online,EMP219,2,0,Express,8,USD
ORD120231,17-02-2024,BR43,India,Bangalore,CUST7285,PROD686,TV,Sony Bravia 55,Lenovo,2,1475.88,0.14,0.18,2995.45,Debit Card,Online,EMP984,2,0,Standard,10,AED
ORD120232,21-09-2024,BR87,India,Delhi,CUST5904,PROD127,Accessories,Bluetooth Headphones,Sony,2,1606.31,0,0.18,3790.89,Net Banking,Online,EMP989,0,1,Standard,7,EUR
ORD120233,01-03-2023,BR70,Germany,Hamburg,CUST7508,PROD139,Laptop,MacBook Air M2,Samsung,4,685.28,0.2,0.18,2587.62,Credit Card,In-Store,EMP682,2,0,Standard,9,AED
ORD120234,27-03-2024,BR49,USA,New York,CUST4133,PROD930,Accessories,Bluetooth Headphones,Sony,1,1561.58,0.02,0.18,1805.81,Credit Card,In-Store,EMP572,1,0,Same Day,9,GBP
ORD120235,24-05-2023,BR95,USA,Dallas,CUST9271,PROD311,Tablet,Lenovo Tab P11,Sony,1,1491.64,0.05,0.18,1672.13,Debit Card,Online,EMP318,2,1,Same Day,3,EUR
ORD120236,15-04-2023,BR54,USA,Chicago,CUST4419,PROD654,Mobile,iPhone 14,HP,4,1172.5,0.15,0.18,4704.07,Credit Card,In-Store,EMP992,2,0,Standard,9,INR
ORD120237,27-12-2024,BR26,UAE,Abu Dhabi,CUST6341,PROD921,Laptop,Dell XPS 13,Dell,3,195.34,0.28,0.18,497.88,UPI,In-Store,EMP402,1,0,Express,3,USD
ORD120238,25-10-2024,BR11,India,Pune,CUST8523,PROD637,Mobile,Samsung Galaxy S23,HP,2,63.82,0.17,0.18,125.01,Net Banking,Online,EMP947,2,0,Standard,5,EUR
ORD120239,11-06-2023,BR41,UK,Birmingham,CUST2865,PROD762,Accessories,Wireless Mouse,HP,3,538.81,0.26,0.18,1411.47,UPI,Online,EMP982,1,1,Same Day,1,AED
ORD120240,12-07-2023,BR32,UK,Manchester,CUST5288,PROD150,Tablet,iPad Air,LG,2,1416.75,0.03,0.18,3243.22,UPI,Online,EMP792,1,0,Same Day,4,GBP
ORD120241,30-10-2024,BR84,Germany,Munich,CUST2582,PROD116,Tablet,Samsung Galaxy Tab,HP,1,909.89,0.05,0.18,1019.99,Credit Card,Online,EMP444,2,1,Same Day,7,AED
ORD120242,17-01-2024,BR42,USA,Los Angeles,CUST4341,PROD166,TV,LG OLED 48,Dell,2,1650.04,0.2,0.18,3115.28,UPI,In-Store,EMP984,1,1,Standard,8,AED
ORD120243,27-02-2024,BR10,India,Bangalore,CUST2775,PROD132,Tablet,Lenovo Tab P11,Dell,1,1457.39,0.28,0.18,1238.2,Credit Card,Online,EMP241,3,1,Standard,10,USD
ORD120244,28-11-2024,BR13,Germany,Munich,CUST7045,PROD128,Mobile,iPhone 14,Apple,3,995.08,0.17,0.18,2923.74,UPI,Online,EMP837,3,0,Standard,8,EUR
ORD120245,08-10-2023,BR67,Germany,Berlin,CUST2315,PROD634,Tablet,iPad Air,Samsung,1,728.61,0.21,0.18,679.21,Cash,Online,EMP643,2,0,Express,5,GBP
ORD120246,26-09-2023,BR7,Germany,Hamburg,CUST5001,PROD446,Accessories,Bluetooth Headphones,Samsung,1,399.96,0.21,0.18,372.84,UPI,Online,EMP986,3,1,Standard,8,INR
ORD120247,16-02-2024,BR9,UK,Birmingham,CUST1903,PROD149,TV,Samsung QLED 50,Dell,2,915.56,0.18,0.18,1771.79,UPI,In-Store,EMP331,0,1,Express,7,AED
ORD120248,03-03-2024,BR82,India,Bangalore,CUST3930,PROD303,Tablet,iPad Air,Apple,5,1957.89,0.09,0.18,10511.91,Net Banking,In-Store,EMP862,1,0,Standard,4,GBP
ORD120249,04-07-2024,BR103,India,Mumbai,CUST7355,PROD793,Mobile,Samsung Galaxy S23,Lenovo,3,641.94,0,0.18,2272.47,Debit Card,Online,EMP311,3,0,Express,1,AED
ORD120250,18-02-2023,BR70,UAE,Abu Dhabi,CUST2858,PROD721,Accessories,Bluetooth Headphones,HP,1,1582.85,0.09,0.18,1699.66,Debit Card,Online,EMP275,1,1,Same Day,8,EUR
ORD120251,30-11-2024,BR109,UK,London,CUST7726,PROD977,Tablet,Samsung Galaxy Tab,LG,4,866.89,0.24,0.18,3109.71,Cash,Online,EMP702,1,0,Same Day,10,AED
ORD120252,10-09-2023,BR58,UK,Manchester,CUST6683,PROD752,Accessories,Wireless Mouse,Samsung,3,672.75,0.29,0.18,1690.89,Net Banking,Online,EMP373,2,0,Same Day,5,USD
ORD120253,24-01-2024,BR60,UAE,Dubai,CUST8984,PROD624,Laptop,Dell XPS 13,Sony,1,845.07,0.07,0.18,927.38,Debit Card,In-Store,EMP364,1,1,Standard,7,USD
ORD120254,25-02-2024,BR119,Germany,Berlin,CUST9283,PROD741,Tablet,Samsung Galaxy Tab,Dell,4,1016.96,0.02,0.18,4704.05,UPI,Online,EMP498,2,1,Same Day,9,INR
ORD120255,04-09-2024,BR71,UAE,Dubai,CUST1207,PROD989,Tablet,Samsung Galaxy Tab,HP,4,1649.1,0.07,0.18,7238.89,Net Banking,In-Store,EMP971,1,1,Standard,1,EUR
ORD120256,07-05-2024,BR113,USA,New York,CUST3391,PROD980,Tablet,Samsung Galaxy Tab,HP,5,1291.17,0.23,0.18,5865.79,Cash,In-Store,EMP631,3,0,Express,3,GBP
ORD120257,11-01-2023,BR34,UK,Birmingham,CUST7763,PROD101,Laptop,HP Spectre x360,Dell,5,562.05,0.17,0.18,2752.36,Credit Card,In-Store,EMP245,1,0,Standard,10,AED
ORD120258,24-10-2023,BR37,India,Mumbai,CUST9045,PROD345,Laptop,HP Spectre x360,Apple,1,1703.19,0.28,0.18,1447.03,Cash,In-Store,EMP984,0,1,Standard,4,AED
ORD120259,21-10-2024,BR10,UK,Birmingham,CUST6716,PROD349,TV,LG OLED 48,OnePlus,1,746.07,0.17,0.18,730.7,UPI,Online,EMP679,2,0,Standard,2,EUR
ORD120260,28-05-2023,BR1,UK,London,CUST4371,PROD467,Tablet,Lenovo Tab P11,LG,3,1585.46,0.08,0.18,5163.53,UPI,In-Store,EMP803,3,0,Standard,7,GBP
ORD120261,28-04-2023,BR93,UAE,Abu Dhabi,CUST1924,PROD480,Tablet,Samsung Galaxy Tab,Sony,3,924.13,0.3,0.18,2289.99,Cash,In-Store,EMP566,0,0,Same Day,3,EUR
ORD120262,12-06-2023,BR34,UAE,Abu Dhabi,CUST5535,PROD421,Tablet,iPad Air,Lenovo,2,846.38,0.29,0.18,1418.19,Cash,Online,EMP926,2,1,Express,8,USD
ORD120263,20-07-2023,BR105,UK,Birmingham,CUST9023,PROD536,Mobile,OnePlus 11,Lenovo,4,710.78,0.21,0.18,2650.36,UPI,In-Store,EMP929,3,1,Standard,10,GBP
ORD120264,03-04-2023,BR62,UK,Manchester,CUST5378,PROD572,Laptop,MacBook Air M2,Samsung,5,1648.42,0.16,0.18,8169.57,Debit Card,In-Store,EMP263,1,1,Same Day,7,GBP
ORD120265,21-10-2024,BR103,UK,Manchester,CUST3531,PROD927,TV,LG OLED 48,OnePlus,4,1456.39,0.26,0.18,5086.88,Credit Card,In-Store,EMP710,3,0,Same Day,3,EUR
ORD120266,24-07-2023,BR54,Germany,Berlin,CUST6167,PROD476,Mobile,OnePlus 11,HP,4,102.81,0.28,0.18,349.39,Net Banking,Online,EMP767,3,0,Standard,4,GBP
ORD120267,07-11-2024,BR98,India,Delhi,CUST4554,PROD154,TV,LG OLED 48,Samsung,5,1537.98,0.04,0.18,8711.12,UPI,Online,EMP874,0,1,Same Day,10,USD
ORD120268,23-11-2023,BR87,Germany,Munich,CUST3838,PROD705,Accessories,Keyboard,HP,5,514.3,0,0.18,3034.37,Credit Card,In-Store,EMP987,2,0,Express,7,USD
ORD120269,09-07-2024,BR119,India,Mumbai,CUST9239,PROD318,Mobile,iPhone 14,OnePlus,2,436.63,0.12,0.18,906.79,Net Banking,In-Store,EMP669,0,0,Same Day,10,INR
ORD120270,08-11-2024,BR31,India,Mumbai,CUST7140,PROD750,Laptop,MacBook Air M2,HP,4,102.81,0.04,0.18,465.85,Net Banking,Online,EMP821,3,0,Same Day,7,USD
ORD120271,09-07-2023,BR92,USA,Dallas,CUST6179,PROD297,Mobile,OnePlus 11,Sony,5,310.48,0.05,0.18,1740.24,UPI,In-Store,EMP941,1,0,Same Day,9,USD
ORD120272,13-03-2024,BR53,USA,Chicago,CUST4495,PROD119,Laptop,HP Spectre x360,Samsung,5,1477.39,0.29,0.18,6188.79,Credit Card,In-Store,EMP756,1,0,Standard,10,EUR
ORD120273,04-12-2023,BR38,UK,London,CUST7835,PROD460,Accessories,Bluetooth Headphones,Lenovo,1,972.49,0.04,0.18,1101.64,Debit Card,Online,EMP689,2,0,Same Day,4,USD
ORD120274,26-02-2024,BR61,USA,Dallas,CUST5035,PROD753,TV,Sony Bravia 55,Samsung,2,892.21,0.12,0.18,1852.94,Net Banking,In-Store,EMP620,2,0,Express,9,USD
ORD120275,10-07-2023,BR46,Germany,Hamburg,CUST1320,PROD391,Mobile,OnePlus 11,Dell,3,636.27,0.09,0.18,2049.68,Cash,In-Store,EMP591,2,0,Standard,7,INR
ORD120276,18-12-2024,BR62,UAE,Dubai,CUST3738,PROD904,TV,Sony Bravia 55,Dell,1,1781.31,0.23,0.18,1618.5,UPI,Online,EMP402,2,1,Same Day,10,GBP
ORD120277,25-01-2024,BR91,Germany,Berlin,CUST1365,PROD134,TV,Samsung QLED 50,Sony,3,971.97,0.12,0.18,3027.88,UPI,In-Store,EMP829,3,1,Same Day,1,AED
ORD120278,13-10-2024,BR10,UAE,Abu Dhabi,CUST7318,PROD439,Accessories,Bluetooth Headphones,Apple,1,104.01,0.09,0.18,111.69,Credit Card,In-Store,EMP665,2,0,Standard,4,USD
ORD120279,11-11-2024,BR45,UAE,Dubai,CUST6729,PROD342,Tablet,Lenovo Tab P11,OnePlus,2,1598.78,0.17,0.18,3131.69,Cash,In-Store,EMP366,2,1,Express,2,GBP
ORD120280,17-06-2024,BR21,UAE,Dubai,CUST1998,PROD171,Tablet,Samsung Galaxy Tab,HP,5,469.19,0.08,0.18,2546.76,UPI,Online,EMP359,0,1,Standard,4,AED
ORD120281,14-03-2023,BR37,India,Pune,CUST6876,PROD968,Mobile,OnePlus 11,Dell,1,1269.17,0.26,0.18,1108.24,Net Banking,Online,EMP901,1,1,Standard,9,AED
ORD120282,25-07-2023,BR83,UAE,Abu Dhabi,CUST4203,PROD784,Tablet,iPad Air,Samsung,2,1225.52,0.13,0.18,2516.24,Cash,Online,EMP977,1,0,Same Day,10,AED
ORD120283,18-08-2024,BR51,USA,New York,CUST9279,PROD681,Accessories,Keyboard,Samsung,3,1971.48,0.08,0.18,6420.72,Cash,Online,EMP591,2,1,Standard,5,EUR
ORD120284,18-09-2023,BR81,Germany,Berlin,CUST2029,PROD512,Laptop,HP Spectre x360,Apple,2,907.91,0.13,0.18,1864.12,UPI,In-Store,EMP456,1,1,Same Day,10,GBP
ORD120285,20-10-2023,BR82,India,Mumbai,CUST8838,PROD605,Mobile,OnePlus 11,OnePlus,3,390.31,0.1,0.18,1243.53,UPI,In-Store,EMP735,1,0,Same Day,4,USD
ORD120286,23-01-2024,BR86,UAE,Abu Dhabi,CUST5596,PROD744,Mobile,OnePlus 11,Sony,3,1155.82,0.26,0.18,3027.79,Net Banking,Online,EMP905,2,0,Same Day,2,USD
ORD120287,18-10-2023,BR89,USA,New York,CUST9002,PROD730,Mobile,Samsung Galaxy S23,HP,1,1121.46,0.29,0.18,939.56,Debit Card,Online,EMP509,0,1,Standard,5,GBP
ORD120288,20-05-2023,BR80,Germany,Berlin,CUST5121,PROD401,TV,Sony Bravia 55,Apple,1,105.82,0.25,0.18,93.65,Credit Card,Online,EMP630,1,0,Same Day,10,GBP
ORD120289,10-06-2024,BR64,UK,London,CUST6322,PROD869,Laptop,HP Spectre x360,Samsung,2,1977.75,0.3,0.18,3267.24,Cash,Online,EMP715,2,1,Standard,9,AED
ORD120290,24-08-2024,BR87,India,Bangalore,CUST5416,PROD712,Mobile,Samsung Galaxy S23,OnePlus,4,1136,0.06,0.18,5040.2,Net Banking,Online,EMP260,0,1,Express,5,EUR
ORD120291,04-02-2023,BR71,USA,Dallas,CUST9083,PROD319,Laptop,HP Spectre x360,HP,3,152.93,0.05,0.18,514.3,Credit Card,Online,EMP418,0,1,Express,3,INR
ORD120292,02-11-2024,BR21,Germany,Berlin,CUST2914,PROD322,Accessories,Keyboard,Apple,3,1742.92,0.06,0.18,5799.74,Net Banking,In-Store,EMP842,0,0,Standard,8,EUR
ORD120293,24-07-2023,BR103,UK,Manchester,CUST3491,PROD129,Laptop,Dell XPS 13,Sony,1,555.33,0.28,0.18,471.81,Debit Card,Online,EMP371,0,1,Standard,4,GBP
ORD120294,02-07-2024,BR71,UK,London,CUST7295,PROD584,Laptop,Dell XPS 13,LG,5,114.08,0.14,0.18,578.84,UPI,In-Store,EMP675,3,0,Express,4,EUR
ORD120295,29-03-2024,BR13,UK,Manchester,CUST4650,PROD551,Tablet,iPad Air,Samsung,1,535.54,0.16,0.18,530.83,Cash,Online,EMP785,2,1,Standard,6,GBP
ORD120296,19-01-2023,BR79,USA,New York,CUST2577,PROD661,Tablet,Samsung Galaxy Tab,OnePlus,3,612.12,0.28,0.18,1560.17,Cash,Online,EMP315,1,0,Express,9,EUR
ORD120297,07-07-2024,BR84,UAE,Dubai,CUST9895,PROD653,Laptop,MacBook Air M2,Sony,2,725.36,0.18,0.18,1403.72,Credit Card,In-Store,EMP858,3,0,Express,4,GBP
ORD120298,17-04-2023,BR119,Germany,Hamburg,CUST7017,PROD384,Tablet,Samsung Galaxy Tab,Dell,2,775.3,0.25,0.18,1372.28,Debit Card,Online,EMP998,1,1,Same Day,3,INR
ORD120299,08-12-2023,BR25,India,Pune,CUST3724,PROD846,Tablet,iPad Air,Samsung,5,687.19,0.19,0.18,3284.08,Cash,Online,EMP409,2,1,Same Day,1,USD
ORD120300,31-12-2023,BR52,India,Bangalore,CUST9283,PROD258,TV,Sony Bravia 55,Dell,4,1291.67,0.2,0.18,4877.35,Credit Card,In-Store,EMP563,3,0,Same Day,2,INR
ORD120301,21-07-2023,BR112,Germany,Hamburg,CUST8986,PROD253,Accessories,Bluetooth Headphones,Apple,1,1356.8,0.27,0.18,1168.75,Debit Card,In-Store,EMP258,1,1,Express,7,USD
ORD120302,07-08-2024,BR77,USA,Dallas,CUST9418,PROD477,TV,Samsung QLED 50,Apple,4,398.34,0.26,0.18,1391.32,Credit Card,In-Store,EMP483,2,1,Same Day,4,AED
ORD120303,12-10-2023,BR70,India,Pune,CUST2796,PROD734,Mobile,iPhone 14,HP,2,1285.61,0.06,0.18,2852,Cash,In-Store,EMP808,2,0,Same Day,1,INR
ORD120304,21-08-2023,BR68,UAE,Dubai,CUST8613,PROD234,Accessories,Wireless Mouse,HP,5,710.48,0.28,0.18,3018.12,UPI,Online,EMP313,1,1,Express,7,USD
ORD120305,16-03-2024,BR26,Germany,Munich,CUST3928,PROD551,Accessories,Bluetooth Headphones,Dell,2,192.55,0.03,0.18,440.79,Cash,Online,EMP764,0,1,Express,3,USD
ORD120306,09-11-2023,BR18,USA,Dallas,CUST9148,PROD102,Accessories,Wireless Mouse,HP,4,1086.18,0.08,0.18,4716.63,Cash,Online,EMP264,3,1,Same Day,9,AED
ORD120307,29-10-2024,BR8,UAE,Abu Dhabi,CUST1436,PROD199,Tablet,Samsung Galaxy Tab,OnePlus,3,1422.02,0.25,0.18,3775.46,Debit Card,Online,EMP618,0,1,Express,8,EUR
ORD120308,14-09-2024,BR109,India,Mumbai,CUST3480,PROD844,Mobile,OnePlus 11,Sony,5,1751.74,0.15,0.18,8784.98,Credit Card,In-Store,EMP300,1,1,Standard,10,EUR
ORD120309,18-06-2023,BR28,India,Mumbai,CUST4637,PROD368,Mobile,iPhone 14,Apple,5,1996.22,0.02,0.18,11542.14,UPI,In-Store,EMP554,2,1,Same Day,10,USD
ORD120310,06-11-2024,BR63,USA,New York,CUST1856,PROD445,Mobile,OnePlus 11,Dell,5,441.68,0.01,0.18,2579.85,Debit Card,In-Store,EMP571,1,0,Express,4,EUR
ORD120311,20-12-2024,BR73,UK,Manchester,CUST6229,PROD740,Mobile,OnePlus 11,Lenovo,1,1078.44,0.02,0.18,1247.11,UPI,In-Store,EMP613,0,0,Standard,9,USD
ORD120312,20-07-2023,BR42,Germany,Berlin,CUST1869,PROD616,Laptop,HP Spectre x360,Sony,5,111.8,0.15,0.18,560.68,Credit Card,In-Store,EMP780,3,1,Standard,10,AED
ORD120313,29-06-2024,BR60,USA,Dallas,CUST6764,PROD468,Tablet,Lenovo Tab P11,HP,3,683.95,0.24,0.18,1840.1,Debit Card,In-Store,EMP201,0,0,Standard,4,INR
ORD120314,31-05-2024,BR103,USA,Dallas,CUST9424,PROD593,Tablet,Samsung Galaxy Tab,LG,3,1706.75,0.18,0.18,4954.35,Credit Card,In-Store,EMP514,2,0,Express,10,USD
ORD120315,31-12-2023,BR85,Germany,Munich,CUST5923,PROD989,TV,Sony Bravia 55,Apple,4,1756.37,0.08,0.18,7626.86,Net Banking,Online,EMP844,0,0,Same Day,5,INR
ORD120316,25-02-2023,BR23,India,Mumbai,CUST1307,PROD165,Mobile,iPhone 14,Apple,2,684.11,0.2,0.18,1291.6,Credit Card,In-Store,EMP330,2,0,Express,2,AED
ORD120317,03-09-2023,BR120,UAE,Abu Dhabi,CUST4835,PROD261,Tablet,iPad Air,Samsung,2,1625.73,0.25,0.18,2877.54,Net Banking,In-Store,EMP793,1,1,Express,8,GBP
ORD120318,11-08-2024,BR22,Germany,Hamburg,CUST8096,PROD666,Tablet,iPad Air,LG,1,1759.33,0.25,0.18,1557.01,Cash,Online,EMP425,1,0,Standard,9,INR
ORD120319,10-06-2024,BR102,UAE,Abu Dhabi,CUST2876,PROD323,Laptop,HP Spectre x360,Sony,2,919.94,0.11,0.18,1932.24,Debit Card,In-Store,EMP302,3,1,Standard,9,EUR
ORD120320,05-01-2023,BR100,UAE,Abu Dhabi,CUST4729,PROD216,Laptop,HP Spectre x360,Samsung,4,661.79,0.16,0.18,2623.86,Credit Card,Online,EMP361,3,0,Same Day,10,GBP
ORD120321,22-03-2023,BR17,Germany,Munich,CUST8938,PROD912,Accessories,Bluetooth Headphones,Sony,4,1548.59,0.14,0.18,6286.04,Cash,In-Store,EMP900,0,1,Same Day,6,EUR
ORD120322,19-12-2024,BR25,India,Mumbai,CUST3863,PROD938,TV,Sony Bravia 55,OnePlus,3,1820.69,0.24,0.18,4898.38,Cash,In-Store,EMP817,3,0,Express,3,AED
ORD120323,20-04-2024,BR10,UAE,Dubai,CUST8679,PROD616,Laptop,Dell XPS 13,Dell,4,1727.47,0.11,0.18,7256.76,Cash,Online,EMP450,0,1,Same Day,5,INR
ORD120324,02-06-2023,BR40,Germany,Munich,CUST4438,PROD474,Tablet,iPad Air,Apple,3,635.31,0.18,0.18,1844.18,Cash,In-Store,EMP689,2,0,Standard,2,EUR
ORD120325,24-07-2023,BR107,Germany,Hamburg,CUST2422,PROD965,TV,Samsung QLED 50,HP,2,907.55,0.28,0.18,1542.11,Debit Card,Online,EMP646,1,1,Express,4,USD
ORD120326,25-11-2024,BR45,India,Delhi,CUST8697,PROD462,TV,LG OLED 48,OnePlus,4,1305.51,0.12,0.18,5422.57,Credit Card,In-Store,EMP400,1,0,Express,10,GBP
ORD120327,01-01-2024,BR28,UAE,Dubai,CUST7494,PROD358,Accessories,Wireless Mouse,Apple,5,267.34,0.1,0.18,1419.58,Cash,In-Store,EMP913,1,0,Same Day,10,GBP
ORD120328,25-05-2023,BR80,USA,Chicago,CUST6234,PROD501,TV,Sony Bravia 55,OnePlus,5,1419.45,0.14,0.18,7202.29,Cash,In-Store,EMP832,0,0,Same Day,1,USD
ORD120329,07-11-2024,BR26,UAE,Abu Dhabi,CUST6394,PROD400,Accessories,Wireless Mouse,Lenovo,5,1787.01,0.11,0.18,9383.59,Net Banking,Online,EMP753,0,0,Same Day,1,USD
ORD120330,14-09-2023,BR85,India,Mumbai,CUST4445,PROD276,Laptop,HP Spectre x360,OnePlus,1,1561.36,0.19,0.18,1492.35,UPI,In-Store,EMP564,0,1,Standard,2,EUR
ORD120331,24-12-2024,BR64,India,Delhi,CUST1177,PROD300,Accessories,Bluetooth Headphones,Lenovo,5,1778.61,0.1,0.18,9444.42,UPI,Online,EMP672,3,1,Same Day,8,AED
ORD120332,12-12-2023,BR43,India,Pune,CUST7825,PROD350,Accessories,Wireless Mouse,Samsung,2,1095.17,0.22,0.18,2015.99,UPI,In-Store,EMP779,0,1,Express,6,USD
ORD120333,10-01-2024,BR46,India,Mumbai,CUST4689,PROD319,TV,LG OLED 48,Dell,3,1836.99,0.14,0.18,5592.53,Net Banking,In-Store,EMP826,3,1,Standard,9,USD
ORD120334,15-05-2024,BR6,Germany,Munich,CUST2588,PROD644,Mobile,OnePlus 11,LG,4,430.53,0.24,0.18,1544.4,Credit Card,In-Store,EMP628,0,1,Same Day,7,EUR
ORD120335,26-03-2023,BR3,UAE,Dubai,CUST1277,PROD336,Accessories,Bluetooth Headphones,HP,4,567.57,0.07,0.18,2491.41,Debit Card,In-Store,EMP284,0,1,Same Day,9,USD
ORD120336,24-05-2023,BR7,UK,Birmingham,CUST3254,PROD875,Accessories,Wireless Mouse,Samsung,5,648.67,0.09,0.18,3482.71,Net Banking,Online,EMP999,1,1,Same Day,6,EUR
ORD120337,02-08-2023,BR28,Germany,Munich,CUST4002,PROD951,Tablet,Lenovo Tab P11,HP,5,242.95,0,0.18,1433.4,UPI,Online,EMP325,0,0,Standard,7,USD
ORD120338,07-01-2024,BR85,UK,Manchester,CUST2844,PROD168,Accessories,Bluetooth Headphones,Lenovo,4,1632.83,0.16,0.18,6473.84,Debit Card,Online,EMP777,3,1,Express,6,GBP
ORD120339,12-02-2024,BR22,India,Pune,CUST5923,PROD514,Accessories,Bluetooth Headphones,OnePlus,5,85.55,0.3,0.18,353.32,Cash,Online,EMP983,0,1,Standard,5,EUR
ORD120340,07-05-2023,BR25,USA,Los Angeles,CUST1533,PROD913,TV,Samsung QLED 50,OnePlus,5,235.6,0.21,0.18,1098.13,UPI,In-Store,EMP814,1,1,Express,6,AED
ORD120341,08-06-2024,BR39,India,Bangalore,CUST9340,PROD636,TV,LG OLED 48,Sony,5,879.74,0.1,0.18,4671.42,UPI,Online,EMP383,0,1,Same Day,4,GBP
ORD120342,19-09-2023,BR118,Germany,Hamburg,CUST6465,PROD696,Accessories,Keyboard,Samsung,4,382.67,0.1,0.18,1625.58,Net Banking,In-Store,EMP970,2,0,Express,2,USD
ORD120343,18-01-2023,BR30,UK,Manchester,CUST9061,PROD660,Laptop,HP Spectre x360,Dell,4,1868.05,0.16,0.18,7406.44,Net Banking,Online,EMP447,1,1,Express,7,INR
ORD120344,08-05-2024,BR57,UAE,Dubai,CUST5714,PROD509,Tablet,Samsung Galaxy Tab,Dell,4,1233.69,0.12,0.18,5124.25,UPI,Online,EMP279,2,0,Standard,5,INR
ORD120345,13-12-2024,BR31,UK,Manchester,CUST4032,PROD388,Laptop,MacBook Air M2,LG,3,1325.44,0.07,0.18,4363.61,UPI,In-Store,EMP558,1,0,Same Day,8,USD
ORD120346,26-05-2024,BR34,India,Bangalore,CUST9754,PROD100,Accessories,Keyboard,LG,5,1252.41,0.18,0.18,6059.16,UPI,Online,EMP630,2,0,Express,9,INR
ORD120347,10-09-2024,BR106,UK,London,CUST8821,PROD226,Tablet,Samsung Galaxy Tab,OnePlus,4,1580.41,0.26,0.18,5520.06,UPI,In-Store,EMP774,1,1,Same Day,5,AED
ORD120348,19-12-2023,BR108,UK,Birmingham,CUST2200,PROD602,Accessories,Bluetooth Headphones,HP,5,364.03,0.07,0.18,1997.43,Debit Card,In-Store,EMP725,3,0,Standard,8,AED
ORD120349,01-11-2023,BR58,UK,Manchester,CUST2223,PROD900,Tablet,Lenovo Tab P11,Dell,1,1607.68,0.14,0.18,1631.47,Credit Card,Online,EMP387,1,0,Express,7,AED
ORD120350,23-06-2023,BR102,USA,Chicago,CUST9451,PROD604,Mobile,OnePlus 11,OnePlus,5,1542.81,0.17,0.18,7555.14,Cash,In-Store,EMP593,2,1,Same Day,2,USD
ORD120351,17-07-2023,BR50,Germany,Munich,CUST9249,PROD613,Mobile,Samsung Galaxy S23,Sony,4,355.21,0.12,0.18,1475.4,Net Banking,In-Store,EMP320,2,1,Standard,2,INR
ORD120352,08-01-2023,BR98,UK,Birmingham,CUST4522,PROD834,Accessories,Bluetooth Headphones,Lenovo,5,983.34,0.15,0.18,4931.45,UPI,Online,EMP519,1,0,Express,3,AED
ORD120353,02-06-2024,BR51,UAE,Dubai,CUST2072,PROD784,Accessories,Keyboard,Apple,3,597.18,0.03,0.18,2050.6,Credit Card,Online,EMP625,3,1,Same Day,10,GBP
ORD120354,27-10-2024,BR105,Germany,Berlin,CUST4099,PROD217,TV,Samsung QLED 50,Sony,3,817.81,0.05,0.18,2750.3,Net Banking,Online,EMP276,1,0,Standard,9,AED
ORD120355,23-10-2024,BR75,India,Bangalore,CUST7764,PROD185,Laptop,HP Spectre x360,Apple,3,1143.47,0.17,0.18,3359.74,Net Banking,In-Store,EMP619,0,1,Same Day,10,USD
ORD120356,29-06-2023,BR83,Germany,Hamburg,CUST2050,PROD716,Accessories,Keyboard,Apple,5,412,0.07,0.18,2260.64,Net Banking,Online,EMP697,3,0,Same Day,1,INR
ORD120357,17-02-2023,BR67,UK,Manchester,CUST8079,PROD177,Laptop,HP Spectre x360,HP,5,1072.59,0.13,0.18,5505.6,Debit Card,Online,EMP607,3,1,Express,2,EUR
ORD120358,11-05-2024,BR66,India,Delhi,CUST4459,PROD920,Tablet,Samsung Galaxy Tab,Sony,5,1660.34,0.18,0.18,8032.72,Credit Card,Online,EMP428,3,0,Same Day,2,USD
ORD120359,03-10-2024,BR20,UK,Manchester,CUST5981,PROD798,Accessories,Keyboard,LG,1,1882.87,0.17,0.18,1844.08,Debit Card,Online,EMP366,2,1,Standard,7,USD
ORD120360,14-09-2024,BR70,India,Mumbai,CUST8435,PROD313,Laptop,Dell XPS 13,LG,2,757.91,0.29,0.18,1269.95,Debit Card,In-Store,EMP624,2,0,Express,3,EUR
ORD120361,05-04-2023,BR8,UAE,Abu Dhabi,CUST8834,PROD973,TV,Samsung QLED 50,Dell,2,464.2,0.03,0.18,1062.65,Credit Card,Online,EMP679,3,0,Express,1,INR
ORD120362,20-06-2023,BR83,USA,New York,CUST9938,PROD608,Accessories,Wireless Mouse,Lenovo,5,880.79,0.08,0.18,4780.93,Net Banking,In-Store,EMP515,0,0,Express,10,USD
ORD120363,19-01-2024,BR54,Germany,Berlin,CUST9557,PROD629,TV,LG OLED 48,Samsung,4,1704.67,0.12,0.18,7080.52,Debit Card,Online,EMP931,1,0,Standard,1,AED
ORD120364,24-11-2024,BR51,UK,Birmingham,CUST1356,PROD732,Tablet,iPad Air,Apple,3,208.37,0.17,0.18,612.23,Net Banking,In-Store,EMP436,3,0,Express,3,USD
ORD120365,16-08-2024,BR96,USA,New York,CUST1218,PROD601,Tablet,Samsung Galaxy Tab,OnePlus,2,1939.75,0.13,0.18,3982.69,Cash,In-Store,EMP951,2,0,Same Day,6,USD
ORD120366,24-12-2024,BR91,UAE,Abu Dhabi,CUST3038,PROD846,Tablet,iPad Air,LG,5,223.89,0.23,0.18,1017.13,Debit Card,In-Store,EMP583,2,0,Same Day,7,GBP
ORD120367,16-03-2024,BR94,UAE,Dubai,CUST8850,PROD122,Laptop,HP Spectre x360,OnePlus,5,908.68,0.24,0.18,4074.52,Net Banking,In-Store,EMP846,0,0,Express,1,EUR
ORD120368,18-08-2023,BR101,UK,London,CUST4969,PROD650,Laptop,MacBook Air M2,Dell,3,1146.87,0.1,0.18,3653.93,UPI,In-Store,EMP567,0,0,Standard,4,GBP
ORD120369,18-11-2024,BR39,UK,Manchester,CUST3139,PROD197,Laptop,MacBook Air M2,HP,2,1527.39,0.18,0.18,2955.81,Debit Card,In-Store,EMP813,0,1,Standard,4,GBP
ORD120370,30-08-2023,BR14,UAE,Abu Dhabi,CUST3802,PROD439,Mobile,iPhone 14,Sony,3,1551.88,0.25,0.18,4120.24,Credit Card,In-Store,EMP662,1,0,Same Day,10,GBP
ORD120371,03-05-2024,BR102,USA,Chicago,CUST6604,PROD178,Laptop,MacBook Air M2,LG,5,987.25,0.2,0.18,4659.82,Cash,Online,EMP265,0,1,Standard,10,AED
ORD120372,20-01-2024,BR21,UAE,Abu Dhabi,CUST1598,PROD566,Mobile,OnePlus 11,HP,1,1993.88,0.15,0.18,1999.86,Credit Card,Online,EMP472,1,1,Express,2,GBP
ORD120373,10-05-2024,BR18,USA,Los Angeles,CUST4677,PROD162,Laptop,Dell XPS 13,Sony,3,1940.2,0.13,0.18,5975.43,Net Banking,In-Store,EMP302,1,0,Same Day,10,AED
ORD120374,27-02-2024,BR52,USA,Chicago,CUST7601,PROD441,TV,LG OLED 48,LG,3,629.02,0.3,0.18,1558.71,Credit Card,In-Store,EMP773,2,0,Same Day,9,GBP
ORD120375,15-11-2024,BR85,UAE,Abu Dhabi,CUST3686,PROD173,TV,LG OLED 48,Dell,2,1245.48,0.19,0.18,2380.86,Debit Card,Online,EMP705,2,1,Same Day,6,AED
ORD120376,02-12-2024,BR19,India,Bangalore,CUST3701,PROD789,Laptop,MacBook Air M2,Lenovo,5,1515.48,0.12,0.18,7868.37,Cash,Online,EMP914,0,1,Express,10,EUR
ORD120377,12-09-2024,BR75,UAE,Abu Dhabi,CUST2158,PROD353,Accessories,Keyboard,LG,2,1550.22,0.24,0.18,2780.47,Net Banking,Online,EMP390,2,0,Same Day,2,GBP
ORD120378,03-09-2024,BR106,Germany,Munich,CUST3121,PROD958,Tablet,iPad Air,Sony,1,797.28,0.27,0.18,686.78,UPI,Online,EMP577,3,0,Same Day,1,GBP
ORD120379,02-11-2023,BR100,UK,London,CUST7095,PROD248,TV,LG OLED 48,Sony,5,75,0.2,0.18,354,UPI,Online,EMP307,2,1,Express,7,AED
ORD120380,27-01-2023,BR13,Germany,Berlin,CUST3220,PROD133,Accessories,Keyboard,HP,5,1328.06,0.14,0.18,6738.58,Cash,Online,EMP921,1,0,Standard,5,EUR
ORD120381,20-09-2023,BR100,UAE,Dubai,CUST9397,PROD166,Tablet,iPad Air,LG,5,1699.53,0.25,0.18,7520.42,Cash,In-Store,EMP991,1,1,Standard,1,GBP
ORD120382,10-05-2023,BR64,Germany,Hamburg,CUST7677,PROD789,Accessories,Bluetooth Headphones,Apple,2,1639.01,0.26,0.18,2862.37,Net Banking,In-Store,EMP690,0,0,Standard,2,EUR
ORD120383,28-09-2023,BR66,USA,Dallas,CUST7089,PROD483,TV,LG OLED 48,Apple,1,434.74,0.21,0.18,405.26,Net Banking,In-Store,EMP841,0,1,Express,1,EUR
ORD120384,12-12-2023,BR43,UK,London,CUST8910,PROD974,Mobile,iPhone 14,HP,4,68.27,0.29,0.18,228.79,Debit Card,Online,EMP681,1,1,Standard,1,USD
ORD120385,27-03-2024,BR32,UAE,Abu Dhabi,CUST4986,PROD738,TV,LG OLED 48,LG,3,1959.68,0.16,0.18,5827.3,Credit Card,Online,EMP808,1,1,Express,8,EUR
ORD120386,03-09-2024,BR61,Germany,Berlin,CUST3015,PROD560,TV,Samsung QLED 50,Apple,5,122.69,0.27,0.18,528.43,UPI,Online,EMP214,2,1,Express,7,EUR
ORD120387,25-09-2023,BR48,UAE,Abu Dhabi,CUST2350,PROD817,Mobile,iPhone 14,OnePlus,5,1598.32,0.03,0.18,9147.19,Credit Card,In-Store,EMP632,1,0,Express,8,USD
ORD120388,01-09-2024,BR10,UAE,Dubai,CUST4363,PROD720,Laptop,HP Spectre x360,Lenovo,4,644.33,0.23,0.18,2341.75,Net Banking,In-Store,EMP396,0,0,Same Day,4,GBP
ORD120389,22-09-2024,BR57,UK,Manchester,CUST1118,PROD250,Mobile,iPhone 14,HP,4,668.2,0.01,0.18,3122.36,Credit Card,In-Store,EMP620,1,0,Standard,2,INR
ORD120390,27-05-2024,BR20,Germany,Berlin,CUST2414,PROD656,Tablet,Samsung Galaxy Tab,Lenovo,3,1989.46,0.16,0.18,5915.86,Debit Card,In-Store,EMP829,3,1,Same Day,7,AED
ORD120391,30-03-2023,BR4,India,Delhi,CUST9866,PROD723,Mobile,Samsung Galaxy S23,LG,2,786.16,0.24,0.18,1410.06,Credit Card,Online,EMP984,3,1,Standard,9,INR
ORD120392,16-07-2024,BR43,UAE,Dubai,CUST8716,PROD983,Accessories,Wireless Mouse,Lenovo,1,1815.83,0.21,0.18,1692.72,Cash,Online,EMP735,0,1,Express,9,INR
ORD120393,22-09-2024,BR115,India,Delhi,CUST4787,PROD684,Mobile,Samsung Galaxy S23,OnePlus,4,707.73,0.02,0.18,3273.68,Debit Card,In-Store,EMP829,3,0,Standard,1,GBP
ORD120394,22-08-2023,BR22,UAE,Abu Dhabi,CUST5614,PROD254,Accessories,Keyboard,Apple,1,1155.82,0.17,0.18,1132.01,Debit Card,In-Store,EMP871,2,1,Same Day,1,AED
ORD120395,17-04-2023,BR5,UK,London,CUST4177,PROD653,Tablet,Samsung Galaxy Tab,OnePlus,3,954.48,0.07,0.18,3142.34,Debit Card,Online,EMP804,0,0,Same Day,2,INR
ORD120396,02-05-2023,BR19,UK,London,CUST2699,PROD225,TV,Samsung QLED 50,Samsung,2,647.66,0.23,0.18,1176.93,Debit Card,Online,EMP216,2,1,Express,10,GBP
ORD120397,09-05-2024,BR19,UAE,Dubai,CUST9340,PROD920,TV,LG OLED 48,Dell,5,168.19,0.09,0.18,903.01,UPI,In-Store,EMP335,1,0,Standard,1,AED
ORD120398,23-01-2023,BR63,UAE,Dubai,CUST9051,PROD666,Mobile,iPhone 14,Apple,4,486.52,0.12,0.18,2020.81,Cash,Online,EMP667,0,0,Same Day,3,GBP
ORD120399,18-10-2024,BR19,UAE,Dubai,CUST4490,PROD828,TV,Sony Bravia 55,Sony,4,734.64,0.3,0.18,2427.25,UPI,Online,EMP764,1,1,Standard,8,USD
ORD120400,24-09-2024,BR115,India,Pune,CUST1184,PROD778,TV,LG OLED 48,HP,2,451.99,0.1,0.18,960.03,Cash,In-Store,EMP922,0,0,Standard,4,INR
ORD120401,15-08-2023,BR1,UAE,Dubai,CUST2501,PROD340,Accessories,Keyboard,Lenovo,2,1719.9,0.19,0.18,3287.76,Debit Card,Online,EMP795,1,1,Same Day,2,USD
ORD120402,10-07-2023,BR59,UAE,Dubai,CUST8883,PROD572,TV,Samsung QLED 50,Lenovo,4,140.33,0.14,0.18,569.63,Cash,Online,EMP383,0,0,Express,10,USD
ORD120403,13-01-2024,BR44,USA,Chicago,CUST9003,PROD836,Tablet,Samsung Galaxy Tab,Apple,1,492.83,0.23,0.18,447.79,Cash,In-Store,EMP480,1,0,Express,6,EUR
ORD120404,02-11-2023,BR6,UK,Birmingham,CUST7328,PROD464,Mobile,iPhone 14,Sony,4,1177.59,0.08,0.18,5113.57,Debit Card,Online,EMP559,1,0,Express,9,INR
ORD120405,06-08-2024,BR106,UAE,Dubai,CUST2980,PROD462,Tablet,Samsung Galaxy Tab,LG,4,1966.28,0.2,0.18,7424.67,Debit Card,In-Store,EMP899,1,1,Same Day,1,INR
ORD120406,16-05-2024,BR19,UAE,Dubai,CUST8133,PROD243,Accessories,Keyboard,Dell,5,1494.65,0.19,0.18,7142.93,Debit Card,Online,EMP978,1,0,Standard,1,EUR
ORD120407,18-07-2024,BR64,India,Mumbai,CUST9630,PROD505,Laptop,Dell XPS 13,Dell,4,130.24,0.05,0.18,584,UPI,In-Store,EMP737,2,0,Same Day,5,INR
ORD120408,03-03-2023,BR93,UAE,Dubai,CUST3583,PROD327,Tablet,Samsung Galaxy Tab,LG,5,869.14,0.22,0.18,3999.78,Net Banking,Online,EMP668,1,0,Same Day,2,GBP
ORD120409,23-11-2023,BR48,UK,London,CUST1879,PROD732,Tablet,iPad Air,LG,1,357.92,0.14,0.18,363.22,Cash,In-Store,EMP541,2,1,Same Day,5,EUR
ORD120410,15-07-2024,BR90,UAE,Dubai,CUST1705,PROD394,Mobile,iPhone 14,Samsung,5,337.21,0.18,0.18,1631.42,Cash,Online,EMP586,2,0,Express,4,GBP
ORD120411,20-06-2023,BR13,India,Bangalore,CUST9734,PROD868,Tablet,Samsung Galaxy Tab,Dell,3,169.56,0.03,0.18,582.24,UPI,In-Store,EMP631,1,0,Same Day,1,USD
ORD120412,30-11-2024,BR65,USA,Chicago,CUST2952,PROD255,TV,LG OLED 48,Lenovo,5,905.79,0.15,0.18,4542.54,Debit Card,In-Store,EMP567,1,1,Standard,4,EUR
ORD120413,05-03-2023,BR120,India,Mumbai,CUST4556,PROD890,Accessories,Keyboard,OnePlus,1,342.74,0.25,0.18,303.32,Cash,In-Store,EMP964,1,1,Same Day,2,GBP
ORD120414,02-10-2023,BR88,India,Mumbai,CUST2835,PROD254,Tablet,Samsung Galaxy Tab,LG,3,114.61,0.16,0.18,340.8,Credit Card,In-Store,EMP460,3,0,Standard,8,GBP
ORD120415,27-04-2024,BR11,UK,Birmingham,CUST4267,PROD711,Mobile,Samsung Galaxy S23,HP,3,1140.2,0.1,0.18,3632.68,Credit Card,Online,EMP411,3,0,Express,3,USD
ORD120416,25-02-2024,BR118,Germany,Munich,CUST8846,PROD452,Mobile,iPhone 14,Apple,1,1127.08,0,0.18,1329.95,Credit Card,In-Store,EMP218,2,0,Express,7,USD
ORD120417,21-08-2024,BR54,UAE,Dubai,CUST1820,PROD680,Tablet,Samsung Galaxy Tab,Dell,4,1001.77,0.03,0.18,4586.5,Cash,In-Store,EMP401,2,1,Same Day,8,INR
ORD120418,05-04-2024,BR102,USA,Chicago,CUST1535,PROD718,Accessories,Keyboard,LG,2,1410.55,0.3,0.18,2330.23,Net Banking,In-Store,EMP950,3,1,Same Day,2,USD
ORD120419,03-12-2023,BR25,UK,London,CUST6975,PROD215,TV,Samsung QLED 50,Samsung,5,1315.03,0.25,0.18,5819.01,UPI,Online,EMP755,0,1,Express,5,INR
ORD120420,04-04-2024,BR93,UK,Manchester,CUST1475,PROD430,Laptop,MacBook Air M2,Samsung,5,721.14,0.1,0.18,3829.25,Credit Card,In-Store,EMP337,0,1,Standard,2,GBP
ORD120421,08-11-2023,BR9,UK,London,CUST9519,PROD567,Tablet,Samsung Galaxy Tab,OnePlus,3,1483.18,0.01,0.18,5197.95,UPI,In-Store,EMP882,2,0,Express,10,GBP
ORD120422,30-01-2023,BR9,USA,Los Angeles,CUST4631,PROD918,TV,Sony Bravia 55,Sony,1,274.23,0.15,0.18,275.05,Net Banking,Online,EMP923,3,1,Express,10,USD
ORD120423,07-08-2023,BR101,India,Pune,CUST1526,PROD987,Laptop,MacBook Air M2,Apple,5,1382.79,0.23,0.18,6282.01,Credit Card,Online,EMP602,2,1,Express,4,EUR
ORD120424,19-07-2023,BR54,UK,Manchester,CUST6692,PROD906,TV,Samsung QLED 50,Dell,4,554.65,0.24,0.18,1989.64,Debit Card,Online,EMP245,1,0,Express,10,INR
ORD120425,05-09-2024,BR77,USA,New York,CUST4197,PROD489,Laptop,HP Spectre x360,LG,3,1518.69,0.01,0.18,5322.4,Credit Card,In-Store,EMP541,3,0,Standard,9,AED
ORD120426,26-04-2023,BR62,UAE,Dubai,CUST8342,PROD288,Accessories,Keyboard,HP,4,1051.25,0.02,0.18,4862.66,UPI,Online,EMP551,3,0,Standard,3,AED
ORD120427,06-01-2024,BR4,USA,New York,CUST3751,PROD646,Laptop,Dell XPS 13,Sony,2,1521.59,0.08,0.18,3303.68,Net Banking,Online,EMP705,2,1,Standard,6,AED
ORD120428,20-12-2023,BR65,India,Pune,CUST2910,PROD697,Tablet,iPad Air,Apple,5,1155.65,0.07,0.18,6341.05,UPI,In-Store,EMP760,3,1,Express,2,USD
ORD120429,23-09-2023,BR28,UAE,Abu Dhabi,CUST1299,PROD686,Laptop,Dell XPS 13,Dell,4,940.48,0.05,0.18,4217.11,UPI,In-Store,EMP222,1,1,Same Day,2,GBP
ORD120430,24-05-2024,BR94,UAE,Dubai,CUST5381,PROD547,Tablet,Lenovo Tab P11,OnePlus,3,452.37,0.09,0.18,1457.26,Net Banking,Online,EMP927,2,0,Standard,10,GBP
ORD120431,04-10-2023,BR92,UAE,Abu Dhabi,CUST1106,PROD238,Laptop,HP Spectre x360,Dell,1,1214.35,0.17,0.18,1189.33,Net Banking,In-Store,EMP929,3,0,Same Day,2,EUR
ORD120432,06-04-2023,BR63,Germany,Berlin,CUST7611,PROD554,TV,LG OLED 48,Samsung,3,536.19,0.3,0.18,1328.68,Credit Card,In-Store,EMP895,3,1,Same Day,7,GBP
ORD120433,19-09-2023,BR12,India,Pune,CUST1955,PROD595,Accessories,Bluetooth Headphones,Sony,1,540.67,0.1,0.18,574.19,Debit Card,Online,EMP494,1,1,Express,2,EUR
ORD120434,05-08-2023,BR25,UAE,Dubai,CUST7364,PROD785,Tablet,iPad Air,LG,5,1713.17,0.13,0.18,8793.7,Net Banking,In-Store,EMP339,1,1,Standard,6,USD
ORD120435,21-10-2024,BR56,Germany,Berlin,CUST1927,PROD923,Accessories,Keyboard,OnePlus,5,729.97,0.07,0.18,4005.35,Net Banking,In-Store,EMP832,0,1,Express,10,AED
ORD120436,24-08-2024,BR53,UK,London,CUST2952,PROD472,Laptop,MacBook Air M2,OnePlus,4,759.39,0.16,0.18,3010.83,UPI,In-Store,EMP275,0,1,Same Day,4,USD
ORD120437,26-05-2023,BR75,Germany,Hamburg,CUST1344,PROD857,Tablet,Samsung Galaxy Tab,OnePlus,5,299.66,0.27,0.18,1290.64,Debit Card,In-Store,EMP922,1,0,Standard,1,INR
ORD120438,27-05-2024,BR119,India,Bangalore,CUST1640,PROD952,Tablet,Samsung Galaxy Tab,Sony,1,1245.58,0.23,0.18,1131.73,Credit Card,In-Store,EMP483,0,1,Standard,7,USD
ORD120439,20-03-2024,BR55,Germany,Hamburg,CUST2581,PROD192,Mobile,OnePlus 11,Sony,2,1760.04,0.21,0.18,3281.42,Net Banking,In-Store,EMP375,0,0,Standard,7,GBP
ORD120440,27-09-2024,BR77,UAE,Dubai,CUST8387,PROD844,Tablet,iPad Air,LG,4,1941.85,0.12,0.18,8065.67,Net Banking,Online,EMP601,0,0,Same Day,6,GBP
ORD120441,02-01-2023,BR101,Germany,Berlin,CUST8785,PROD431,Mobile,OnePlus 11,Sony,5,1873.64,0,0.18,11054.48,Net Banking,Online,EMP879,3,0,Express,8,GBP
ORD120442,24-10-2023,BR86,Germany,Hamburg,CUST3645,PROD577,Tablet,Lenovo Tab P11,LG,4,497.23,0.06,0.18,2206.11,Credit Card,In-Store,EMP727,1,0,Same Day,5,EUR
ORD120443,27-08-2024,BR33,UK,Birmingham,CUST6939,PROD234,Tablet,Lenovo Tab P11,Apple,2,193.41,0.15,0.18,387.98,Credit Card,Online,EMP290,2,0,Express,9,EUR
ORD120444,07-08-2024,BR60,UK,Manchester,CUST8404,PROD759,Accessories,Bluetooth Headphones,LG,4,1299.84,0.29,0.18,4356.02,UPI,In-Store,EMP246,0,1,Express,8,AED
ORD120445,02-03-2024,BR48,USA,New York,CUST2612,PROD811,Accessories,Keyboard,Dell,2,573.09,0.14,0.18,1163.14,Credit Card,Online,EMP241,0,1,Standard,6,AED
ORD120446,01-09-2023,BR26,USA,Chicago,CUST9044,PROD880,Tablet,Samsung Galaxy Tab,Sony,4,804.89,0.17,0.18,3153.24,Debit Card,Online,EMP554,1,1,Same Day,7,USD
ORD120447,24-07-2024,BR34,USA,New York,CUST2319,PROD781,Accessories,Wireless Mouse,HP,1,1110.49,0.07,0.18,1218.65,Cash,Online,EMP567,1,1,Same Day,9,INR
ORD120448,29-11-2024,BR59,USA,Chicago,CUST8390,PROD687,Laptop,MacBook Air M2,Samsung,3,873.88,0.09,0.18,2815.12,Debit Card,Online,EMP792,2,0,Same Day,7,INR
ORD120449,27-01-2023,BR120,UAE,Abu Dhabi,CUST8800,PROD101,TV,LG OLED 48,Samsung,5,979.06,0.23,0.18,4447.87,Credit Card,In-Store,EMP651,2,0,Standard,3,INR
ORD120450,25-07-2024,BR44,USA,Los Angeles,CUST3381,PROD254,Mobile,iPhone 14,Sony,1,601.02,0.26,0.18,524.81,UPI,In-Store,EMP921,1,1,Express,3,AED
ORD120451,10-07-2023,BR111,USA,Dallas,CUST3679,PROD681,Accessories,Wireless Mouse,Lenovo,2,902.93,0.25,0.18,1598.19,UPI,In-Store,EMP629,0,0,Express,10,USD
ORD120452,30-08-2024,BR70,Germany,Munich,CUST2663,PROD198,Tablet,Samsung Galaxy Tab,Lenovo,4,948.95,0.18,0.18,3672.82,Credit Card,In-Store,EMP269,0,1,Standard,4,AED
ORD120453,15-09-2023,BR18,India,Bangalore,CUST2387,PROD455,TV,Sony Bravia 55,Lenovo,5,1669.58,0.14,0.18,8471.45,Debit Card,In-Store,EMP721,0,1,Standard,6,EUR
ORD120454,24-11-2023,BR79,UK,Birmingham,CUST8709,PROD316,Mobile,OnePlus 11,Apple,1,418.2,0.03,0.18,478.67,Credit Card,In-Store,EMP781,1,1,Standard,2,AED
ORD120455,22-12-2024,BR105,India,Pune,CUST8606,PROD926,TV,Samsung QLED 50,Apple,4,353.44,0.29,0.18,1184.45,Debit Card,Online,EMP216,1,1,Standard,9,INR
ORD120456,10-07-2023,BR2,UK,London,CUST3008,PROD680,Accessories,Bluetooth Headphones,Apple,5,845.79,0.07,0.18,4640.85,UPI,Online,EMP391,0,1,Express,10,USD
ORD120457,10-04-2024,BR108,Germany,Hamburg,CUST1253,PROD231,Laptop,Dell XPS 13,Lenovo,2,1760.13,0.05,0.18,3946.21,UPI,Online,EMP934,2,0,Same Day,10,GBP
ORD120458,10-05-2024,BR82,USA,Los Angeles,CUST5147,PROD215,Accessories,Bluetooth Headphones,HP,3,770.65,0.27,0.18,1991.51,Debit Card,Online,EMP722,2,1,Express,1,GBP
ORD120459,07-06-2023,BR11,Germany,Hamburg,CUST2345,PROD333,Laptop,HP Spectre x360,Lenovo,3,1449.06,0.11,0.18,4565.41,Debit Card,In-Store,EMP264,1,1,Standard,6,AED
ORD120460,01-01-2024,BR14,USA,Los Angeles,CUST4908,PROD522,Mobile,iPhone 14,Samsung,4,767.04,0.06,0.18,3403.2,Net Banking,Online,EMP550,0,0,Express,6,USD
ORD120461,22-01-2023,BR73,UK,Manchester,CUST8097,PROD238,Tablet,Lenovo Tab P11,Dell,2,1562.38,0.23,0.18,2839.16,Credit Card,Online,EMP410,3,1,Express,6,AED
ORD120462,04-07-2023,BR43,UK,London,CUST3541,PROD338,TV,LG OLED 48,OnePlus,5,321.59,0.21,0.18,1498.93,Debit Card,Online,EMP242,1,0,Same Day,2,INR
ORD120463,17-02-2024,BR32,UAE,Dubai,CUST5912,PROD733,Laptop,MacBook Air M2,LG,2,1480.23,0.16,0.18,2934.41,Cash,Online,EMP227,3,1,Standard,5,USD
ORD120464,18-06-2024,BR63,India,Mumbai,CUST5258,PROD205,Laptop,Dell XPS 13,LG,1,854.59,0.29,0.18,715.98,Credit Card,Online,EMP914,1,1,Express,7,INR
ORD120465,04-07-2024,BR12,India,Mumbai,CUST6353,PROD546,Accessories,Wireless Mouse,Dell,2,1023.65,0.15,0.18,2053.44,Net Banking,In-Store,EMP671,1,0,Same Day,9,GBP
ORD120466,27-12-2024,BR71,UAE,Dubai,CUST7083,PROD786,Mobile,iPhone 14,Apple,4,1282.17,0.11,0.18,5386.14,Net Banking,In-Store,EMP715,0,1,Same Day,3,USD
ORD120467,21-01-2024,BR22,UK,Birmingham,CUST9527,PROD921,Mobile,Samsung Galaxy S23,HP,1,218.64,0.23,0.18,198.66,Debit Card,Online,EMP561,1,0,Same Day,10,GBP
ORD120468,11-09-2023,BR41,USA,Chicago,CUST6898,PROD708,Mobile,Samsung Galaxy S23,LG,5,1337.9,0.02,0.18,7735.74,Credit Card,In-Store,EMP768,3,1,Express,1,INR
ORD120469,27-12-2023,BR98,Germany,Berlin,CUST1555,PROD111,Tablet,Samsung Galaxy Tab,Sony,5,1776.05,0.14,0.18,9011.68,UPI,In-Store,EMP897,3,1,Same Day,4,GBP
ORD120470,04-11-2023,BR19,USA,Los Angeles,CUST7874,PROD764,Tablet,iPad Air,Lenovo,2,596.61,0.18,0.18,1154.56,Cash,In-Store,EMP291,2,0,Standard,5,USD
ORD120471,16-08-2024,BR37,USA,Los Angeles,CUST4631,PROD217,Laptop,HP Spectre x360,LG,1,1266.62,0.01,0.18,1479.67,UPI,In-Store,EMP411,1,1,Express,2,EUR
ORD120472,14-06-2024,BR39,UK,Birmingham,CUST8696,PROD678,Mobile,Samsung Galaxy S23,LG,5,1319.72,0.13,0.18,6774.12,Debit Card,In-Store,EMP629,0,1,Express,7,GBP
ORD120473,05-05-2023,BR71,India,Pune,CUST7541,PROD812,Mobile,iPhone 14,Samsung,2,1791.31,0.05,0.18,4016.12,Net Banking,Online,EMP463,2,0,Same Day,10,EUR
ORD120474,16-03-2024,BR11,USA,Chicago,CUST9172,PROD959,TV,Samsung QLED 50,Dell,3,1555.12,0.28,0.18,3963.69,Credit Card,Online,EMP824,3,1,Express,9,USD
ORD120475,06-08-2024,BR71,UAE,Dubai,CUST8679,PROD982,Laptop,MacBook Air M2,LG,1,1579.73,0.2,0.18,1491.27,Net Banking,Online,EMP586,2,1,Standard,7,GBP
ORD120476,23-03-2024,BR113,Germany,Munich,CUST3183,PROD351,Accessories,Keyboard,OnePlus,3,1379.14,0.17,0.18,4052.19,Debit Card,In-Store,EMP460,2,0,Standard,10,GBP
ORD120477,21-07-2024,BR60,USA,Chicago,CUST2953,PROD479,Mobile,iPhone 14,Dell,4,1437.95,0.24,0.18,5158.21,Debit Card,In-Store,EMP250,3,1,Same Day,7,GBP
ORD120478,04-08-2023,BR113,UAE,Dubai,CUST3017,PROD180,Mobile,iPhone 14,Sony,5,739.52,0.01,0.18,4319.54,Credit Card,Online,EMP291,1,1,Same Day,10,USD
ORD120479,31-01-2024,BR14,UAE,Abu Dhabi,CUST3463,PROD783,TV,LG OLED 48,Samsung,5,1247.73,0.11,0.18,6551.83,Net Banking,Online,EMP525,2,0,Express,5,INR
ORD120480,10-07-2024,BR46,UK,London,CUST1237,PROD558,Mobile,Samsung Galaxy S23,Apple,1,1643.22,0.27,0.18,1415.47,Cash,In-Store,EMP680,2,1,Standard,5,USD
ORD120481,10-06-2024,BR89,UK,Manchester,CUST6567,PROD433,TV,Samsung QLED 50,HP,1,1662.75,0.07,0.18,1824.7,Credit Card,Online,EMP531,2,0,Same Day,9,INR
ORD120482,03-04-2024,BR56,Germany,Munich,CUST1073,PROD396,TV,Samsung QLED 50,Apple,2,1647.55,0.17,0.18,3227.22,Net Banking,In-Store,EMP828,1,0,Express,7,INR
ORD120483,14-06-2023,BR59,UK,Birmingham,CUST2085,PROD611,Laptop,MacBook Air M2,LG,5,731.42,0.12,0.18,3797.53,UPI,Online,EMP226,3,1,Express,2,USD
ORD120484,11-10-2024,BR36,USA,Dallas,CUST4722,PROD387,TV,Samsung QLED 50,Samsung,3,1176.99,0.17,0.18,3458.23,Cash,In-Store,EMP225,3,1,Same Day,9,USD
ORD120485,09-05-2023,BR92,USA,Chicago,CUST6018,PROD515,Mobile,Samsung Galaxy S23,LG,4,1040.24,0.09,0.18,4468.04,Debit Card,Online,EMP536,3,1,Same Day,1,EUR
ORD120486,03-02-2024,BR63,UK,Manchester,CUST9416,PROD416,Mobile,OnePlus 11,Apple,1,737.35,0.29,0.18,617.75,Cash,In-Store,EMP714,1,1,Express,8,INR
ORD120487,14-05-2023,BR79,USA,Chicago,CUST2261,PROD901,Accessories,Keyboard,Sony,2,480.25,0.03,0.18,1099.39,Credit Card,Online,EMP880,2,1,Express,2,EUR
ORD120488,09-05-2023,BR91,Germany,Munich,CUST2317,PROD677,Mobile,Samsung Galaxy S23,HP,3,944.87,0.07,0.18,3110.7,Net Banking,In-Store,EMP720,3,0,Same Day,7,USD
ORD120489,22-10-2023,BR104,Germany,Hamburg,CUST2502,PROD977,Laptop,MacBook Air M2,LG,5,201.53,0.03,0.18,1153.36,Cash,In-Store,EMP260,1,1,Express,10,AED
ORD120490,17-01-2024,BR73,UAE,Dubai,CUST9993,PROD521,Accessories,Wireless Mouse,Sony,5,1259.51,0.01,0.18,7356.8,UPI,In-Store,EMP699,1,0,Express,3,GBP
ORD120491,15-07-2024,BR23,UK,Birmingham,CUST7763,PROD542,Mobile,iPhone 14,HP,2,1837.13,0.18,0.18,3555.21,Cash,In-Store,EMP630,1,0,Express,7,USD
ORD120492,17-07-2023,BR115,India,Delhi,CUST5886,PROD276,Accessories,Wireless Mouse,HP,2,693.97,0.13,0.18,1424.86,Cash,Online,EMP414,2,0,Express,10,USD
ORD120493,13-01-2023,BR56,UAE,Abu Dhabi,CUST3285,PROD942,Laptop,MacBook Air M2,Apple,4,644.52,0.24,0.18,2312.02,Cash,In-Store,EMP546,2,0,Express,1,EUR
ORD120494,12-07-2024,BR82,USA,Chicago,CUST7650,PROD998,Tablet,Lenovo Tab P11,Apple,1,1721.08,0.27,0.18,1482.54,Credit Card,Online,EMP242,2,0,Standard,3,EUR
ORD120495,13-05-2023,BR85,USA,Chicago,CUST9330,PROD559,Mobile,iPhone 14,Apple,4,241.39,0.24,0.18,865.91,Credit Card,Online,EMP722,1,1,Express,10,GBP
ORD120496,14-08-2024,BR76,USA,New York,CUST3551,PROD552,Mobile,iPhone 14,Sony,1,1621.06,0.09,0.18,1740.69,Debit Card,In-Store,EMP856,0,1,Same Day,5,INR
ORD120497,02-11-2023,BR2,UAE,Abu Dhabi,CUST6813,PROD561,Mobile,OnePlus 11,Dell,1,1474.6,0.04,0.18,1670.43,Net Banking,Online,EMP425,0,1,Same Day,4,EUR
ORD120498,05-03-2024,BR47,UK,Birmingham,CUST5647,PROD314,Mobile,iPhone 14,Sony,2,515.14,0.1,0.18,1094.16,Debit Card,In-Store,EMP260,3,0,Standard,1,EUR
ORD120499,10-12-2023,BR63,USA,Dallas,CUST6306,PROD765,Laptop,HP Spectre x360,Apple,2,1301.72,0.01,0.18,3041.34,UPI,Online,EMP722,1,1,Express,2,INR
ORD120500,07-02-2023,BR63,USA,New York,CUST5505,PROD210,Mobile,iPhone 14,Dell,4,197.78,0,0.18,933.52,Net Banking,In-Store,EMP933,3,1,Same Day,5,INR
ORD120501,28-05-2024,BR111,UK,Manchester,CUST2862,PROD844,Mobile,OnePlus 11,OnePlus,5,1940.8,0.05,0.18,10878.18,Credit Card,In-Store,EMP442,1,1,Same Day,9,AED
ORD120502,11-08-2024,BR64,India,Bangalore,CUST6946,PROD118,TV,Samsung QLED 50,Sony,5,1751.74,0.12,0.18,9095.03,Credit Card,In-Store,EMP712,1,0,Same Day,1,USD
ORD120503,17-08-2024,BR107,UK,Manchester,CUST8321,PROD507,Tablet,Lenovo Tab P11,LG,4,1236.46,0.16,0.18,4902.32,Net Banking,Online,EMP343,1,1,Standard,7,INR
ORD120504,13-06-2023,BR68,India,Pune,CUST8704,PROD274,Mobile,iPhone 14,Sony,3,933.32,0.09,0.18,3006.6,Net Banking,Online,EMP716,2,1,Same Day,2,AED
ORD120505,08-12-2023,BR65,USA,New York,CUST1949,PROD930,Laptop,HP Spectre x360,Sony,2,516.39,0.29,0.18,865.26,UPI,Online,EMP511,1,1,Express,1,USD
ORD120506,30-09-2024,BR37,UK,Birmingham,CUST1871,PROD983,Laptop,Dell XPS 13,Apple,3,1651.46,0.22,0.18,4560.01,Credit Card,In-Store,EMP927,2,0,Same Day,3,EUR
ORD120507,25-07-2024,BR118,Germany,Munich,CUST2285,PROD219,Mobile,Samsung Galaxy S23,Samsung,3,296.09,0.26,0.18,775.64,UPI,In-Store,EMP682,3,0,Standard,4,GBP
ORD120508,14-03-2024,BR59,UK,London,CUST5233,PROD698,TV,Sony Bravia 55,HP,2,1886.37,0.17,0.18,3695.02,Cash,Online,EMP990,1,0,Standard,1,AED
ORD120509,26-04-2024,BR93,India,Bangalore,CUST8046,PROD838,Mobile,Samsung Galaxy S23,OnePlus,3,1157.12,0.24,0.18,3113.12,Cash,In-Store,EMP692,3,0,Express,6,INR
ORD120510,22-05-2024,BR83,India,Pune,CUST4928,PROD827,Laptop,HP Spectre x360,Lenovo,3,317.44,0.02,0.18,1101.26,Credit Card,Online,EMP428,2,1,Standard,8,EUR
ORD120511,12-12-2023,BR19,UAE,Abu Dhabi,CUST6688,PROD918,Tablet,iPad Air,Apple,1,1483.36,0.27,0.18,1277.77,Debit Card,In-Store,EMP313,1,0,Standard,4,GBP
ORD120512,17-10-2023,BR27,UAE,Abu Dhabi,CUST8494,PROD106,TV,Sony Bravia 55,Apple,1,1063.84,0.01,0.18,1242.78,UPI,Online,EMP949,0,0,Same Day,8,GBP
ORD120513,25-07-2024,BR55,UAE,Abu Dhabi,CUST8903,PROD247,TV,Sony Bravia 55,OnePlus,3,1577.78,0.13,0.18,4859.25,Debit Card,Online,EMP457,1,1,Express,3,USD
ORD120514,14-10-2023,BR20,USA,Los Angeles,CUST3445,PROD379,TV,Sony Bravia 55,HP,3,1837.94,0.28,0.18,4684.54,Net Banking,In-Store,EMP653,3,0,Express,3,INR
ORD120515,27-07-2023,BR95,UK,London,CUST7562,PROD586,Laptop,HP Spectre x360,Apple,2,1545.38,0.08,0.18,3355.33,Debit Card,Online,EMP222,0,0,Same Day,2,EUR
ORD120516,23-06-2023,BR78,Germany,Berlin,CUST5858,PROD759,TV,LG OLED 48,Dell,2,1460.27,0.19,0.18,2791.45,UPI,Online,EMP504,1,1,Express,3,EUR
ORD120517,20-02-2024,BR115,UAE,Abu Dhabi,CUST8663,PROD890,Accessories,Bluetooth Headphones,Dell,4,433.19,0.18,0.18,1676.62,Debit Card,In-Store,EMP917,0,0,Standard,10,EUR
ORD120518,22-04-2024,BR65,India,Pune,CUST7727,PROD288,Tablet,Lenovo Tab P11,Apple,4,900.04,0.3,0.18,2973.73,Cash,In-Store,EMP602,3,0,Same Day,4,AED
ORD120519,03-06-2023,BR8,India,Bangalore,CUST8296,PROD538,TV,LG OLED 48,OnePlus,2,1280.08,0.15,0.18,2567.84,Debit Card,In-Store,EMP409,0,0,Same Day,8,INR
ORD120520,07-03-2023,BR16,UAE,Abu Dhabi,CUST3041,PROD832,Laptop,MacBook Air M2,OnePlus,5,1767.42,0.19,0.18,8446.5,Debit Card,Online,EMP831,1,1,Express,1,EUR
ORD120521,15-03-2023,BR112,UAE,Abu Dhabi,CUST5727,PROD898,TV,Sony Bravia 55,Samsung,1,65.93,0.14,0.18,66.91,Credit Card,In-Store,EMP833,2,0,Same Day,9,USD
ORD120522,05-01-2024,BR11,Germany,Munich,CUST3776,PROD610,Tablet,Lenovo Tab P11,LG,4,1716.37,0.28,0.18,5832.91,Credit Card,Online,EMP333,3,0,Same Day,9,INR
ORD120523,10-06-2024,BR27,USA,Los Angeles,CUST4853,PROD994,TV,Samsung QLED 50,Dell,2,428.54,0.09,0.18,920.33,Net Banking,In-Store,EMP765,1,1,Standard,3,GBP
ORD120524,16-02-2024,BR34,UK,Birmingham,CUST2918,PROD343,Mobile,iPhone 14,OnePlus,5,236.31,0.15,0.18,1185.09,Debit Card,In-Store,EMP674,3,0,Standard,9,GBP
ORD120525,21-12-2023,BR97,UK,Manchester,CUST3140,PROD903,Accessories,Bluetooth Headphones,Lenovo,3,1734.26,0.12,0.18,5402.57,Credit Card,In-Store,EMP493,3,0,Express,10,EUR
ORD120526,25-04-2024,BR16,USA,New York,CUST4165,PROD207,Tablet,Samsung Galaxy Tab,Apple,4,207.09,0.13,0.18,850.39,Net Banking,In-Store,EMP459,0,1,Express,5,INR
ORD120527,17-01-2023,BR17,UK,Manchester,CUST4713,PROD422,Laptop,MacBook Air M2,Apple,2,1926.33,0.29,0.18,3227.76,Debit Card,Online,EMP761,1,0,Standard,3,EUR
ORD120528,25-03-2024,BR85,Germany,Berlin,CUST8781,PROD120,Tablet,iPad Air,Samsung,4,1362.47,0.06,0.18,6045.01,UPI,In-Store,EMP795,1,0,Express,3,GBP
ORD120529,03-09-2023,BR81,UK,London,CUST7177,PROD332,Accessories,Keyboard,Lenovo,2,1595.17,0.08,0.18,3463.43,Debit Card,Online,EMP606,1,0,Standard,8,INR
ORD120530,30-10-2024,BR99,Germany,Hamburg,CUST6933,PROD802,Accessories,Keyboard,LG,3,90.82,0.06,0.18,302.21,Debit Card,Online,EMP607,3,1,Same Day,8,AED
ORD120531,20-07-2024,BR75,Germany,Hamburg,CUST1070,PROD151,Mobile,iPhone 14,OnePlus,1,134.68,0.12,0.18,139.85,Net Banking,Online,EMP313,0,0,Standard,9,USD
ORD120532,11-08-2024,BR74,USA,Chicago,CUST2934,PROD781,Accessories,Keyboard,LG,2,165.67,0.06,0.18,367.52,Net Banking,In-Store,EMP915,3,1,Same Day,3,GBP
ORD120533,23-11-2023,BR9,Germany,Berlin,CUST8064,PROD337,TV,Samsung QLED 50,HP,2,1599.12,0.13,0.18,3283.31,Credit Card,In-Store,EMP259,3,1,Express,7,AED
ORD120534,04-06-2024,BR91,UAE,Abu Dhabi,CUST5615,PROD740,Tablet,Samsung Galaxy Tab,Sony,5,1671.62,0.16,0.18,8284.55,Debit Card,In-Store,EMP719,1,0,Express,1,USD
ORD120535,01-04-2024,BR33,UAE,Abu Dhabi,CUST5579,PROD762,Accessories,Keyboard,HP,4,114.75,0.07,0.18,503.71,Cash,In-Store,EMP555,3,1,Standard,7,GBP
ORD120536,26-05-2023,BR17,UK,Manchester,CUST4328,PROD775,Accessories,Bluetooth Headphones,LG,3,725.36,0.19,0.18,2079.9,Cash,Online,EMP420,3,0,Standard,10,USD
ORD120537,04-11-2024,BR65,Germany,Hamburg,CUST7022,PROD192,Mobile,OnePlus 11,Dell,4,995.77,0.11,0.18,4183.03,Credit Card,Online,EMP529,3,0,Express,6,AED
ORD120538,15-11-2023,BR51,India,Mumbai,CUST2279,PROD927,Tablet,Samsung Galaxy Tab,OnePlus,1,114.53,0.15,0.18,114.87,Cash,In-Store,EMP972,0,0,Express,9,USD
ORD120539,29-03-2024,BR70,Germany,Munich,CUST9190,PROD641,Mobile,Samsung Galaxy S23,Dell,4,1583.05,0.29,0.18,5305.12,Credit Card,Online,EMP955,2,0,Standard,6,AED
ORD120540,11-07-2023,BR117,Germany,Munich,CUST4298,PROD859,Mobile,iPhone 14,Lenovo,5,1196.48,0.18,0.18,5788.57,Net Banking,Online,EMP270,3,0,Standard,1,GBP
ORD120541,09-10-2023,BR29,USA,Dallas,CUST8900,PROD730,Accessories,Wireless Mouse,Apple,2,647.74,0.27,0.18,1115.93,Debit Card,In-Store,EMP771,0,1,Standard,5,AED
ORD120542,02-08-2024,BR1,UK,Birmingham,CUST1015,PROD709,Tablet,iPad Air,LG,3,112.99,0.03,0.18,387.99,Net Banking,Online,EMP679,2,0,Standard,10,EUR
ORD120543,16-12-2024,BR69,UAE,Abu Dhabi,CUST7946,PROD998,Mobile,OnePlus 11,Sony,3,1952.67,0,0.18,6912.45,Net Banking,In-Store,EMP612,1,1,Express,7,GBP
ORD120544,18-07-2023,BR101,Germany,Berlin,CUST8068,PROD404,Accessories,Wireless Mouse,HP,1,697.01,0.21,0.18,649.75,Debit Card,Online,EMP314,3,1,Same Day,4,AED
ORD120545,20-03-2023,BR75,UK,Birmingham,CUST1358,PROD271,Accessories,Bluetooth Headphones,Lenovo,5,208.12,0.2,0.18,982.33,UPI,Online,EMP951,1,0,Same Day,1,EUR
ORD120546,21-07-2024,BR70,UK,London,CUST5744,PROD516,TV,Sony Bravia 55,OnePlus,1,122.65,0.08,0.18,133.15,Cash,Online,EMP544,3,1,Same Day,9,AED
ORD120547,30-04-2023,BR90,UAE,Abu Dhabi,CUST9212,PROD720,Mobile,Samsung Galaxy S23,LG,3,1259.63,0.19,0.18,3611.86,Cash,Online,EMP877,3,0,Same Day,6,GBP
ORD120548,08-09-2023,BR75,USA,Dallas,CUST9948,PROD832,Laptop,HP Spectre x360,LG,2,1460.25,0.01,0.18,3411.73,Cash,Online,EMP703,2,0,Standard,8,INR
ORD120549,13-01-2024,BR103,UAE,Dubai,CUST3789,PROD672,TV,Sony Bravia 55,Sony,3,498.31,0.14,0.18,1517.05,UPI,In-Store,EMP582,2,0,Express,10,EUR
ORD120550,11-12-2024,BR101,UAE,Dubai,CUST5523,PROD524,Accessories,Keyboard,Lenovo,1,646.41,0.23,0.18,587.33,Debit Card,Online,EMP467,2,1,Standard,2,INR
ORD120551,10-11-2024,BR105,UAE,Abu Dhabi,CUST2430,PROD659,Laptop,MacBook Air M2,Apple,4,228.2,0.28,0.18,775.51,Debit Card,In-Store,EMP698,3,0,Standard,2,EUR
ORD120552,06-12-2024,BR97,India,Pune,CUST4781,PROD395,Tablet,Lenovo Tab P11,Samsung,2,1829.34,0.14,0.18,3712.83,Net Banking,Online,EMP666,0,1,Standard,7,INR
ORD120553,30-08-2023,BR95,USA,Chicago,CUST8817,PROD480,TV,Samsung QLED 50,HP,5,216.46,0.13,0.18,1111.09,Net Banking,In-Store,EMP533,2,0,Standard,4,GBP
ORD120554,24-09-2023,BR115,India,Bangalore,CUST6216,PROD108,Accessories,Wireless Mouse,Sony,2,1904.38,0.28,0.18,3235.92,UPI,In-Store,EMP249,1,0,Express,3,USD
ORD120555,24-08-2023,BR42,UK,Birmingham,CUST4780,PROD677,Mobile,OnePlus 11,Apple,2,1696.29,0.13,0.18,3482.82,Net Banking,Online,EMP304,1,1,Same Day,3,GBP
ORD120556,11-02-2024,BR46,UAE,Dubai,CUST9228,PROD574,TV,Samsung QLED 50,LG,4,1192.01,0.2,0.18,4501.03,Cash,In-Store,EMP772,2,0,Express,3,EUR
ORD120557,19-09-2023,BR51,India,Bangalore,CUST6272,PROD590,Mobile,Samsung Galaxy S23,Samsung,3,1530.02,0.12,0.18,4766.32,Cash,Online,EMP427,3,1,Same Day,8,USD
ORD120558,29-09-2024,BR37,UAE,Dubai,CUST8212,PROD747,TV,LG OLED 48,Samsung,1,1771.31,0.28,0.18,1504.9,Net Banking,Online,EMP960,0,0,Express,2,GBP
ORD120559,15-03-2023,BR20,USA,Chicago,CUST5709,PROD142,Accessories,Keyboard,Samsung,2,759.03,0.15,0.18,1522.61,Net Banking,Online,EMP852,3,0,Express,5,USD
ORD120560,02-11-2024,BR65,India,Mumbai,CUST3016,PROD182,TV,Samsung QLED 50,Apple,3,936.45,0.09,0.18,3016.68,Debit Card,Online,EMP402,0,0,Express,8,INR
ORD120561,18-06-2024,BR66,Germany,Munich,CUST8297,PROD345,Mobile,Samsung Galaxy S23,Samsung,4,961.77,0.02,0.18,4448.76,Net Banking,Online,EMP920,0,1,Same Day,5,USD
ORD120562,22-05-2024,BR89,India,Delhi,CUST1908,PROD106,Accessories,Wireless Mouse,Samsung,3,1481.22,0.09,0.18,4771.6,Debit Card,In-Store,EMP956,1,0,Express,3,USD
ORD120563,14-11-2023,BR52,India,Delhi,CUST1802,PROD481,TV,LG OLED 48,Apple,4,270.76,0.03,0.18,1239.65,Net Banking,In-Store,EMP793,1,0,Same Day,4,INR
ORD120564,22-08-2024,BR11,India,Bangalore,CUST9830,PROD106,TV,Sony Bravia 55,Lenovo,2,1794.74,0.15,0.18,3600.25,Net Banking,Online,EMP329,0,0,Standard,7,GBP
ORD120565,06-05-2024,BR22,Germany,Hamburg,CUST4022,PROD529,Accessories,Keyboard,HP,3,157.06,0.09,0.18,505.95,Net Banking,Online,EMP632,0,1,Standard,7,USD
ORD120566,30-05-2023,BR81,UAE,Abu Dhabi,CUST5553,PROD245,TV,Sony Bravia 55,OnePlus,4,276.43,0.19,0.18,1056.85,UPI,Online,EMP975,1,1,Same Day,9,GBP
ORD120567,01-11-2024,BR120,Germany,Hamburg,CUST1742,PROD676,Tablet,iPad Air,Lenovo,3,1477.39,0.23,0.18,4027.07,Net Banking,Online,EMP840,1,1,Standard,7,EUR
ORD120568,27-01-2023,BR16,UAE,Dubai,CUST1577,PROD835,TV,Sony Bravia 55,OnePlus,2,1387.62,0.18,0.18,2685.32,Net Banking,In-Store,EMP504,2,1,Express,10,INR
ORD120569,04-05-2023,BR66,Germany,Hamburg,CUST5519,PROD331,Mobile,OnePlus 11,Lenovo,3,88.31,0.28,0.18,225.08,Debit Card,Online,EMP805,0,0,Same Day,2,USD
ORD120570,19-08-2023,BR80,USA,New York,CUST6675,PROD623,Tablet,Samsung Galaxy Tab,Apple,3,1083.24,0.22,0.18,2991.04,Net Banking,In-Store,EMP232,2,0,Standard,2,INR
ORD120571,19-07-2023,BR96,India,Mumbai,CUST2049,PROD719,Laptop,Dell XPS 13,Lenovo,3,532.75,0.11,0.18,1678.48,Credit Card,Online,EMP709,3,1,Standard,8,GBP
ORD120572,10-04-2024,BR27,India,Pune,CUST6623,PROD662,Mobile,iPhone 14,Dell,4,1367.48,0.3,0.18,4518.15,UPI,In-Store,EMP291,3,1,Express,7,USD
ORD120573,01-08-2024,BR40,UAE,Abu Dhabi,CUST4293,PROD158,Laptop,HP Spectre x360,OnePlus,5,221.9,0.17,0.18,1086.64,Net Banking,Online,EMP803,3,0,Express,9,USD
ORD120574,13-12-2024,BR86,UK,London,CUST9830,PROD567,Tablet,iPad Air,Sony,5,1850.18,0.08,0.18,10042.78,Credit Card,Online,EMP284,3,0,Same Day,8,GBP
ORD120575,30-05-2023,BR23,USA,Dallas,CUST7256,PROD452,Tablet,iPad Air,Samsung,2,1166.81,0.14,0.18,2368.16,Debit Card,In-Store,EMP567,2,1,Express,7,USD
ORD120576,04-03-2023,BR37,UK,London,CUST9239,PROD772,Accessories,Bluetooth Headphones,Sony,4,544.63,0.23,0.18,1979.4,Net Banking,Online,EMP247,3,1,Same Day,2,GBP
ORD120577,24-01-2024,BR118,Germany,Munich,CUST1943,PROD675,TV,Sony Bravia 55,Apple,1,684.67,0.27,0.18,589.77,Debit Card,Online,EMP336,0,0,Same Day,7,EUR
ORD120578,14-01-2023,BR5,UAE,Abu Dhabi,CUST5053,PROD905,Tablet,iPad Air,OnePlus,5,1563.9,0.26,0.18,6827.99,UPI,In-Store,EMP570,0,1,Express,6,AED
ORD120579,27-05-2023,BR68,UK,London,CUST5250,PROD785,Accessories,Wireless Mouse,HP,1,676.76,0.06,0.18,750.66,Credit Card,Online,EMP730,2,1,Standard,9,EUR
ORD120580,08-10-2023,BR22,UAE,Dubai,CUST9118,PROD776,Mobile,OnePlus 11,Lenovo,5,1253.05,0.28,0.18,5322.96,UPI,Online,EMP882,2,1,Standard,3,AED
ORD120581,30-09-2024,BR7,USA,Dallas,CUST1970,PROD492,Accessories,Wireless Mouse,Sony,2,1274.06,0.13,0.18,2615.9,UPI,In-Store,EMP472,1,0,Same Day,4,USD
ORD120582,04-02-2023,BR18,Germany,Munich,CUST3890,PROD162,Laptop,HP Spectre x360,HP,4,429.83,0.19,0.18,1643.33,Net Banking,Online,EMP956,3,0,Express,5,AED
ORD120583,05-11-2023,BR98,UAE,Dubai,CUST9975,PROD157,Tablet,Lenovo Tab P11,Samsung,4,1352.56,0.15,0.18,5426.47,Debit Card,In-Store,EMP403,2,1,Standard,1,GBP
ORD120584,22-06-2024,BR84,USA,Los Angeles,CUST4876,PROD250,Laptop,Dell XPS 13,Apple,4,1469.09,0.15,0.18,5893.99,Credit Card,Online,EMP984,3,1,Standard,6,USD
ORD120585,24-02-2024,BR75,India,Pune,CUST6962,PROD828,Accessories,Bluetooth Headphones,Sony,1,379.64,0.04,0.18,430.06,Debit Card,Online,EMP563,3,1,Same Day,9,GBP
ORD120586,06-07-2023,BR38,India,Pune,CUST7025,PROD280,Tablet,Samsung Galaxy Tab,Dell,5,1462.24,0.1,0.18,7764.49,Cash,Online,EMP736,2,0,Express,8,GBP
ORD120587,08-09-2024,BR21,India,Delhi,CUST5849,PROD360,TV,Samsung QLED 50,Sony,3,516.17,0.12,0.18,1607.97,UPI,Online,EMP436,0,1,Express,4,GBP
ORD120588,02-07-2023,BR29,UAE,Abu Dhabi,CUST7977,PROD664,TV,Sony Bravia 55,Samsung,3,686.61,0.01,0.18,2406.29,Credit Card,Online,EMP247,2,1,Standard,3,USD
ORD120589,25-09-2023,BR102,USA,Los Angeles,CUST9385,PROD133,Mobile,OnePlus 11,Samsung,2,896.31,0.09,0.18,1924.92,Cash,Online,EMP253,1,1,Standard,8,INR
ORD120590,04-02-2023,BR58,USA,Dallas,CUST7824,PROD541,Mobile,iPhone 14,LG,4,878.47,0.17,0.18,3441.49,Net Banking,Online,EMP819,2,1,Standard,5,AED
ORD120591,26-08-2023,BR20,Germany,Hamburg,CUST1983,PROD183,Accessories,Keyboard,OnePlus,2,1745.3,0.16,0.18,3459.88,UPI,Online,EMP786,3,1,Same Day,1,AED
ORD120592,22-07-2024,BR57,USA,Dallas,CUST1362,PROD759,Mobile,iPhone 14,Sony,3,1958,0.28,0.18,4990.55,Credit Card,In-Store,EMP910,1,1,Standard,5,AED
ORD120593,25-07-2024,BR58,UK,London,CUST4619,PROD517,TV,Samsung QLED 50,Lenovo,2,1941.24,0.05,0.18,4352.26,Debit Card,Online,EMP685,3,1,Standard,4,EUR
ORD120594,22-04-2023,BR66,UAE,Dubai,CUST8474,PROD773,Mobile,OnePlus 11,LG,4,1530.17,0.17,0.18,5994.59,Cash,In-Store,EMP820,0,1,Same Day,5,EUR
ORD120595,09-07-2023,BR27,USA,Los Angeles,CUST5147,PROD302,Laptop,Dell XPS 13,LG,1,604.86,0.1,0.18,642.36,Net Banking,Online,EMP940,2,0,Standard,6,AED
ORD120596,03-01-2023,BR58,India,Mumbai,CUST6322,PROD900,Accessories,Bluetooth Headphones,Sony,5,685.13,0.28,0.18,2910.43,UPI,Online,EMP932,1,0,Same Day,6,INR
ORD120597,13-11-2024,BR89,UAE,Abu Dhabi,CUST4742,PROD256,TV,Sony Bravia 55,OnePlus,2,1332.97,0.07,0.18,2925.6,UPI,In-Store,EMP821,0,0,Express,8,AED
ORD120598,16-09-2024,BR76,India,Mumbai,CUST8931,PROD985,Tablet,Lenovo Tab P11,Lenovo,3,1402.59,0.25,0.18,3723.88,Net Banking,Online,EMP271,2,1,Express,10,AED
ORD120599,19-02-2023,BR2,UAE,Abu Dhabi,CUST4125,PROD976,Laptop,MacBook Air M2,Samsung,4,728.09,0.28,0.18,2474.34,Cash,In-Store,EMP596,2,0,Express,1,INR
ORD120600,14-09-2023,BR56,Germany,Munich,CUST9764,PROD629,Accessories,Bluetooth Headphones,OnePlus,1,601.74,0.01,0.18,702.95,Credit Card,In-Store,EMP580,0,1,Standard,1,EUR
ORD120601,01-11-2023,BR59,India,Delhi,CUST3019,PROD149,Laptop,MacBook Air M2,Lenovo,1,606.24,0.15,0.18,608.06,Cash,Online,EMP450,2,1,Express,2,INR
ORD120602,03-12-2024,BR20,UK,London,CUST6898,PROD191,Tablet,Lenovo Tab P11,Sony,4,152.81,0.12,0.18,634.71,UPI,In-Store,EMP679,1,0,Standard,7,AED
ORD120603,01-06-2024,BR73,India,Delhi,CUST7057,PROD271,TV,Samsung QLED 50,LG,3,1355.35,0.21,0.18,3790.37,Credit Card,Online,EMP588,3,1,Express,9,GBP
ORD120604,14-10-2023,BR116,USA,Chicago,CUST9313,PROD281,Tablet,iPad Air,Dell,3,1063.01,0.26,0.18,2784.66,Net Banking,Online,EMP622,3,0,Express,4,INR
ORD120605,09-09-2023,BR95,India,Pune,CUST8283,PROD304,Tablet,iPad Air,OnePlus,3,1956.98,0.23,0.18,5334.34,Cash,Online,EMP315,0,0,Standard,8,GBP
ORD120606,20-08-2023,BR82,UK,Birmingham,CUST3215,PROD141,Mobile,iPhone 14,Dell,1,442.3,0.06,0.18,490.6,UPI,In-Store,EMP681,2,1,Same Day,6,INR
ORD120607,07-09-2024,BR39,USA,Dallas,CUST7504,PROD656,Mobile,OnePlus 11,Apple,4,1642.63,0.04,0.18,7443.09,Credit Card,Online,EMP711,2,0,Express,7,INR
ORD120608,26-04-2023,BR36,UK,London,CUST2339,PROD103,Accessories,Bluetooth Headphones,HP,3,901.37,0.28,0.18,2297.41,UPI,Online,EMP213,0,0,Same Day,6,USD
ORD120609,10-03-2023,BR120,UAE,Dubai,CUST5215,PROD682,Tablet,Samsung Galaxy Tab,HP,2,395.14,0.25,0.18,699.4,UPI,Online,EMP544,3,0,Standard,6,INR
ORD120610,07-02-2023,BR23,India,Delhi,CUST4414,PROD877,Mobile,OnePlus 11,HP,5,935.76,0.06,0.18,5189.72,Credit Card,Online,EMP762,3,1,Standard,8,EUR
ORD120611,14-12-2024,BR46,UK,London,CUST2393,PROD780,Tablet,iPad Air,Lenovo,4,1031.95,0.17,0.18,4042.77,Net Banking,In-Store,EMP502,3,0,Standard,5,AED
ORD120612,17-10-2023,BR111,Germany,Munich,CUST1601,PROD167,Tablet,iPad Air,LG,1,372.23,0.07,0.18,408.49,Credit Card,In-Store,EMP603,1,0,Standard,3,GBP
ORD120613,30-04-2024,BR33,UK,Birmingham,CUST6052,PROD694,Accessories,Wireless Mouse,Apple,3,849.44,0.02,0.18,2946.88,Cash,Online,EMP673,1,1,Same Day,2,EUR
ORD120614,13-06-2023,BR81,UK,London,CUST9182,PROD584,Accessories,Bluetooth Headphones,OnePlus,3,1528.59,0.03,0.18,5248.87,Debit Card,Online,EMP694,3,0,Standard,10,USD
ORD120615,02-05-2024,BR54,USA,Los Angeles,CUST8372,PROD469,Laptop,MacBook Air M2,Samsung,3,61.4,0.15,0.18,184.75,Net Banking,Online,EMP857,0,0,Express,7,GBP
ORD120616,11-01-2024,BR70,Germany,Munich,CUST1204,PROD893,Laptop,HP Spectre x360,OnePlus,3,1961.31,0.24,0.18,5276.71,Cash,Online,EMP470,1,1,Same Day,2,GBP
ORD120617,18-09-2024,BR46,USA,New York,CUST8853,PROD593,Mobile,OnePlus 11,Samsung,2,838.24,0.13,0.18,1721.07,Debit Card,In-Store,EMP651,1,1,Same Day,1,INR
ORD120618,26-03-2024,BR95,Germany,Hamburg,CUST9569,PROD511,Tablet,iPad Air,OnePlus,2,1229.93,0.21,0.18,2293.08,Debit Card,In-Store,EMP675,1,1,Same Day,3,GBP
ORD120619,15-02-2024,BR100,USA,Chicago,CUST3128,PROD879,Mobile,OnePlus 11,Lenovo,3,82.33,0.26,0.18,215.67,UPI,Online,EMP384,2,1,Standard,7,INR
ORD120620,04-02-2023,BR99,USA,New York,CUST3799,PROD953,Laptop,HP Spectre x360,Sony,5,1457.42,0.29,0.18,6105.13,UPI,In-Store,EMP383,3,1,Express,8,AED
ORD120621,25-11-2023,BR17,Germany,Berlin,CUST2447,PROD892,Accessories,Keyboard,Samsung,2,516.15,0.14,0.18,1047.58,Credit Card,Online,EMP602,2,1,Same Day,8,AED
ORD120622,09-03-2024,BR52,UAE,Dubai,CUST6685,PROD215,Mobile,Samsung Galaxy S23,Sony,3,380.15,0.11,0.18,1197.7,Credit Card,In-Store,EMP214,0,0,Same Day,1,EUR
ORD120623,21-06-2023,BR43,UK,Birmingham,CUST3745,PROD870,Tablet,Samsung Galaxy Tab,Lenovo,4,1590.73,0.07,0.18,6982.67,UPI,In-Store,EMP207,0,1,Express,2,EUR
ORD120624,21-11-2024,BR120,UAE,Abu Dhabi,CUST5995,PROD365,TV,LG OLED 48,Samsung,4,922.45,0.27,0.18,3178.39,Credit Card,In-Store,EMP915,2,1,Standard,4,GBP
ORD120625,01-04-2024,BR113,UAE,Abu Dhabi,CUST6409,PROD543,Tablet,Lenovo Tab P11,Dell,4,107.4,0.07,0.18,471.44,UPI,In-Store,EMP444,2,1,Standard,3,AED
ORD120626,20-05-2023,BR78,India,Pune,CUST4953,PROD388,TV,Sony Bravia 55,Apple,1,1218.04,0.14,0.18,1236.07,Debit Card,In-Store,EMP608,3,0,Standard,3,USD
ORD120627,29-01-2024,BR117,UAE,Abu Dhabi,CUST9865,PROD275,Tablet,Lenovo Tab P11,HP,5,1989.56,0.17,0.18,9742.88,UPI,In-Store,EMP787,2,0,Standard,2,INR
ORD120628,14-07-2023,BR113,Germany,Berlin,CUST8905,PROD888,Tablet,Samsung Galaxy Tab,Dell,5,347.04,0.1,0.18,1842.78,Debit Card,In-Store,EMP228,3,0,Same Day,10,GBP
ORD120629,19-10-2023,BR69,USA,New York,CUST5623,PROD111,TV,Sony Bravia 55,Sony,3,979.29,0.11,0.18,3085.35,Net Banking,Online,EMP641,1,0,Express,1,AED
ORD120630,20-09-2023,BR37,UK,Manchester,CUST2030,PROD945,TV,Samsung QLED 50,OnePlus,3,1911.51,0.21,0.18,5345.73,Credit Card,In-Store,EMP910,0,1,Standard,8,EUR
ORD120631,02-08-2023,BR4,UK,Manchester,CUST8325,PROD709,Mobile,Samsung Galaxy S23,LG,4,177.38,0.08,0.18,770.25,Net Banking,In-Store,EMP290,2,0,Express,3,GBP
ORD120632,17-05-2024,BR2,UAE,Dubai,CUST1989,PROD746,Laptop,MacBook Air M2,Dell,4,1111.43,0.23,0.18,4039.38,Net Banking,Online,EMP844,0,0,Express,6,AED
ORD120633,13-03-2024,BR75,India,Bangalore,CUST8603,PROD778,Tablet,iPad Air,Samsung,2,684.92,0.18,0.18,1325.46,UPI,In-Store,EMP705,0,0,Standard,10,EUR
ORD120634,07-09-2023,BR105,USA,Los Angeles,CUST9905,PROD454,TV,Samsung QLED 50,Dell,1,139.61,0.09,0.18,149.91,Debit Card,Online,EMP927,3,1,Standard,5,USD
ORD120635,17-01-2023,BR5,USA,Dallas,CUST2154,PROD547,Tablet,Samsung Galaxy Tab,Apple,1,1870.37,0.22,0.18,1721.49,Credit Card,Online,EMP646,1,1,Same Day,6,AED
ORD120636,08-04-2023,BR54,USA,Los Angeles,CUST2869,PROD307,Accessories,Wireless Mouse,HP,2,1446.88,0.23,0.18,2629.27,UPI,In-Store,EMP268,3,0,Express,2,INR
ORD120637,22-12-2023,BR105,Germany,Berlin,CUST7491,PROD814,Accessories,Bluetooth Headphones,Dell,4,76.3,0.21,0.18,284.51,Debit Card,Online,EMP375,0,0,Express,4,INR
ORD120638,17-08-2023,BR58,Germany,Munich,CUST9877,PROD844,Laptop,MacBook Air M2,Samsung,2,1299.81,0.14,0.18,2638.09,Net Banking,Online,EMP683,2,0,Express,2,GBP
ORD120639,01-03-2023,BR119,USA,New York,CUST2085,PROD576,Accessories,Bluetooth Headphones,Lenovo,3,1368.63,0.06,0.18,4554.25,Credit Card,In-Store,EMP832,2,1,Express,10,INR
ORD120640,03-01-2024,BR77,USA,Dallas,CUST1741,PROD559,TV,Samsung QLED 50,Apple,5,1323.43,0.02,0.18,7652.07,Cash,Online,EMP938,3,0,Standard,6,INR
ORD120641,15-07-2023,BR81,India,Bangalore,CUST3477,PROD286,TV,Sony Bravia 55,Sony,3,1642.65,0.1,0.18,5233.48,UPI,Online,EMP702,1,1,Same Day,1,AED
ORD120642,17-04-2024,BR96,Germany,Munich,CUST9528,PROD551,Mobile,Samsung Galaxy S23,Apple,3,579.75,0.24,0.18,1559.76,Net Banking,Online,EMP308,2,1,Standard,1,EUR
ORD120643,06-06-2023,BR64,Germany,Munich,CUST6940,PROD883,Mobile,OnePlus 11,Apple,2,128.01,0.2,0.18,241.68,Debit Card,In-Store,EMP666,2,0,Express,5,GBP
ORD120644,03-05-2023,BR66,Germany,Berlin,CUST2050,PROD526,Mobile,Samsung Galaxy S23,Sony,3,138.38,0.03,0.18,475.17,Debit Card,Online,EMP324,3,0,Same Day,10,INR
ORD120645,09-01-2023,BR65,India,Pune,CUST7916,PROD225,Laptop,MacBook Air M2,Samsung,5,1765.4,0.07,0.18,9686.75,UPI,Online,EMP343,3,1,Standard,9,USD
ORD120646,20-12-2023,BR36,UAE,Abu Dhabi,CUST9211,PROD453,TV,Sony Bravia 55,Dell,1,1824.5,0.24,0.18,1636.21,UPI,In-Store,EMP823,3,1,Same Day,1,GBP
ORD120647,05-11-2023,BR39,UK,London,CUST5165,PROD485,TV,LG OLED 48,Lenovo,4,1357.03,0.21,0.18,5060.09,Credit Card,In-Store,EMP753,1,1,Express,2,INR
ORD120648,16-10-2023,BR76,USA,Chicago,CUST7799,PROD598,Mobile,Samsung Galaxy S23,LG,3,990.92,0.04,0.18,3367.54,Net Banking,In-Store,EMP545,2,0,Standard,1,INR
ORD120649,11-08-2023,BR57,India,Mumbai,CUST9841,PROD235,TV,Samsung QLED 50,Samsung,3,84.05,0.19,0.18,241,Net Banking,In-Store,EMP600,0,0,Standard,3,EUR
ORD120650,06-08-2023,BR101,UK,Manchester,CUST4856,PROD132,Tablet,Samsung Galaxy Tab,Apple,2,836.92,0.09,0.18,1797.37,Cash,Online,EMP628,0,0,Same Day,9,GBP
ORD120651,16-03-2024,BR71,UK,Manchester,CUST7656,PROD170,TV,Sony Bravia 55,Samsung,5,569.21,0.19,0.18,2720.25,Debit Card,In-Store,EMP796,1,0,Standard,8,EUR
ORD120652,05-11-2023,BR61,UAE,Dubai,CUST2164,PROD241,Accessories,Keyboard,OnePlus,2,757.66,0.16,0.18,1501.99,Debit Card,Online,EMP608,1,0,Standard,6,AED
ORD120653,11-05-2024,BR105,India,Mumbai,CUST2064,PROD896,Laptop,HP Spectre x360,Apple,5,56.35,0.01,0.18,329.14,UPI,In-Store,EMP667,1,0,Same Day,4,INR
ORD120654,13-04-2024,BR29,UK,Manchester,CUST5972,PROD859,Accessories,Keyboard,OnePlus,4,457.66,0.15,0.18,1836.13,UPI,Online,EMP655,2,1,Standard,1,USD
ORD120655,08-05-2023,BR43,Germany,Munich,CUST2505,PROD464,Laptop,MacBook Air M2,Sony,2,1194.5,0,0.18,2819.02,Net Banking,Online,EMP404,3,0,Same Day,1,INR
ORD120656,25-10-2023,BR5,UK,Manchester,CUST8214,PROD933,TV,Sony Bravia 55,Sony,5,1772.16,0.06,0.18,9828.4,Debit Card,Online,EMP430,1,0,Same Day,4,GBP
ORD120657,29-06-2023,BR56,UK,Manchester,CUST8762,PROD842,Accessories,Keyboard,OnePlus,3,70.56,0.26,0.18,184.84,UPI,Online,EMP589,2,0,Same Day,1,AED
ORD120658,10-01-2023,BR83,Germany,Munich,CUST3648,PROD969,TV,LG OLED 48,OnePlus,4,661.28,0.19,0.18,2528.21,Debit Card,Online,EMP491,3,1,Express,4,USD
ORD120659,25-06-2023,BR78,UAE,Dubai,CUST4271,PROD375,Mobile,OnePlus 11,LG,5,749.54,0.17,0.18,3670.5,Net Banking,In-Store,EMP729,2,1,Standard,4,USD
ORD120660,27-03-2024,BR77,UAE,Dubai,CUST2289,PROD702,Laptop,MacBook Air M2,HP,4,1715.76,0.26,0.18,5992.81,Credit Card,In-Store,EMP410,0,0,Express,5,AED
ORD120661,04-06-2023,BR107,India,Mumbai,CUST3738,PROD743,Laptop,Dell XPS 13,Apple,3,1188.39,0.1,0.18,3786.21,Debit Card,In-Store,EMP910,1,0,Express,10,GBP
ORD120662,25-10-2023,BR89,India,Bangalore,CUST1324,PROD277,TV,Sony Bravia 55,HP,3,1731.15,0.26,0.18,4534.92,Debit Card,Online,EMP577,0,1,Standard,9,USD
ORD120663,27-05-2023,BR26,UK,Birmingham,CUST7020,PROD299,Mobile,Samsung Galaxy S23,Lenovo,1,1818.29,0.03,0.18,2081.21,Credit Card,In-Store,EMP334,1,1,Same Day,10,INR
ORD120664,29-04-2023,BR93,UK,Manchester,CUST1351,PROD457,Laptop,Dell XPS 13,Samsung,1,1960.46,0.23,0.18,1781.27,Net Banking,Online,EMP500,0,1,Standard,9,USD
ORD120665,26-08-2023,BR115,UAE,Abu Dhabi,CUST7028,PROD429,Mobile,Samsung Galaxy S23,Lenovo,3,727.43,0.02,0.18,2523.6,Cash,Online,EMP291,1,1,Standard,3,GBP
ORD120666,06-07-2023,BR115,UAE,Abu Dhabi,CUST1809,PROD578,Tablet,iPad Air,Sony,2,1661.81,0.29,0.18,2784.53,UPI,Online,EMP819,1,1,Standard,9,GBP
ORD120667,12-12-2024,BR30,UAE,Dubai,CUST2995,PROD709,Laptop,MacBook Air M2,HP,4,1357.48,0.03,0.18,6215.09,Debit Card,Online,EMP643,2,1,Express,8,GBP
ORD120668,04-03-2024,BR44,Germany,Munich,CUST7726,PROD586,Tablet,Lenovo Tab P11,Dell,5,1300.69,0.2,0.18,6139.26,Debit Card,In-Store,EMP517,2,0,Express,10,INR
ORD120669,24-07-2023,BR108,Germany,Hamburg,CUST7105,PROD356,Laptop,MacBook Air M2,Lenovo,4,1748.33,0.18,0.18,6766.74,Debit Card,Online,EMP684,2,1,Same Day,8,GBP
ORD120670,22-01-2023,BR79,USA,Chicago,CUST3576,PROD330,Mobile,iPhone 14,HP,5,57.78,0.09,0.18,310.22,Debit Card,In-Store,EMP973,1,0,Express,3,EUR
ORD120671,22-06-2023,BR84,UAE,Abu Dhabi,CUST5926,PROD548,Laptop,HP Spectre x360,Apple,5,1237.4,0.24,0.18,5548.5,Credit Card,In-Store,EMP790,2,1,Express,4,INR
ORD120672,15-08-2024,BR14,UAE,Abu Dhabi,CUST2874,PROD372,Laptop,MacBook Air M2,HP,1,948.17,0.24,0.18,850.32,Net Banking,Online,EMP645,2,0,Same Day,3,INR
ORD120673,18-08-2023,BR95,UK,London,CUST7406,PROD854,Accessories,Bluetooth Headphones,Dell,4,840.96,0.16,0.18,3334.24,Debit Card,In-Store,EMP428,0,0,Express,7,INR
ORD120674,28-11-2023,BR50,UK,Manchester,CUST1492,PROD497,TV,Samsung QLED 50,HP,4,893.34,0.05,0.18,4005.74,Cash,Online,EMP636,3,1,Same Day,4,AED
ORD120675,15-06-2024,BR54,Germany,Berlin,CUST2002,PROD140,Mobile,OnePlus 11,HP,5,669.98,0.12,0.18,3478.54,UPI,In-Store,EMP907,0,1,Standard,1,EUR
ORD120676,26-10-2024,BR45,Germany,Munich,CUST9004,PROD625,Laptop,Dell XPS 13,OnePlus,4,488.16,0.18,0.18,1889.37,Debit Card,In-Store,EMP536,1,0,Standard,3,EUR
ORD120677,05-08-2024,BR110,Germany,Hamburg,CUST5428,PROD204,Mobile,Samsung Galaxy S23,OnePlus,2,1930.99,0.24,0.18,3463.42,Cash,Online,EMP995,1,1,Express,3,AED
ORD120678,05-04-2023,BR100,UAE,Dubai,CUST1765,PROD847,TV,LG OLED 48,LG,2,600.74,0.3,0.18,992.42,Debit Card,Online,EMP680,2,1,Same Day,9,USD
ORD120679,28-02-2024,BR78,USA,Dallas,CUST6910,PROD595,TV,LG OLED 48,Dell,2,1836.53,0.18,0.18,3554.05,Net Banking,Online,EMP536,0,0,Same Day,1,GBP
ORD120680,10-02-2023,BR106,USA,Dallas,CUST9327,PROD106,Laptop,HP Spectre x360,Apple,5,1138.69,0.03,0.18,6516.72,Debit Card,Online,EMP927,3,1,Standard,10,INR
ORD120681,07-07-2024,BR61,USA,Los Angeles,CUST6482,PROD631,TV,Sony Bravia 55,Lenovo,5,103.11,0.13,0.18,529.26,Cash,In-Store,EMP530,0,1,Standard,7,INR
ORD120682,02-11-2023,BR96,USA,Los Angeles,CUST3658,PROD904,Laptop,HP Spectre x360,LG,4,509.07,0.13,0.18,2090.45,Cash,Online,EMP481,1,0,Standard,3,EUR
ORD120683,24-12-2024,BR46,Germany,Munich,CUST6126,PROD852,Accessories,Wireless Mouse,HP,4,374.63,0.22,0.18,1379.24,Credit Card,In-Store,EMP475,0,1,Standard,7,AED
ORD120684,05-09-2024,BR34,India,Bangalore,CUST1665,PROD773,Laptop,HP Spectre x360,Sony,1,1592.36,0.08,0.18,1728.67,Debit Card,In-Store,EMP466,3,0,Express,4,AED
ORD120685,16-06-2023,BR116,UAE,Dubai,CUST9705,PROD836,Tablet,Lenovo Tab P11,HP,2,1468.74,0.27,0.18,2530.35,Credit Card,Online,EMP673,2,1,Express,7,INR
ORD120686,08-09-2023,BR106,UAE,Dubai,CUST1107,PROD776,Mobile,OnePlus 11,HP,2,891.39,0.3,0.18,1472.58,Cash,In-Store,EMP668,2,1,Same Day,7,AED
ORD120687,11-01-2024,BR29,UK,Manchester,CUST4134,PROD280,TV,LG OLED 48,LG,2,1194.62,0,0.18,2819.3,Net Banking,Online,EMP390,0,1,Same Day,2,EUR
ORD120688,10-01-2023,BR68,India,Delhi,CUST4999,PROD252,TV,LG OLED 48,LG,4,1835.89,0.13,0.18,7538.9,Cash,Online,EMP563,1,1,Standard,6,EUR
ORD120689,01-07-2023,BR101,USA,New York,CUST6803,PROD564,Mobile,iPhone 14,LG,3,1635.26,0.28,0.18,4167.95,Debit Card,In-Store,EMP621,2,0,Standard,6,USD
ORD120690,02-03-2024,BR58,UK,Birmingham,CUST6644,PROD822,TV,LG OLED 48,Samsung,5,1722.56,0.18,0.18,8333.75,Credit Card,In-Store,EMP739,3,1,Standard,9,INR
ORD120691,20-10-2024,BR33,UAE,Abu Dhabi,CUST2119,PROD720,TV,Samsung QLED 50,Lenovo,5,1645.67,0.29,0.18,6893.71,Credit Card,Online,EMP350,1,0,Same Day,7,GBP
ORD120692,21-03-2023,BR108,UK,London,CUST4269,PROD101,Accessories,Keyboard,Sony,4,1150.39,0.25,0.18,4072.38,Net Banking,In-Store,EMP482,1,0,Express,8,INR
ORD120693,25-08-2023,BR70,USA,Los Angeles,CUST9909,PROD519,Accessories,Wireless Mouse,Lenovo,1,679.83,0.18,0.18,657.8,Debit Card,In-Store,EMP690,2,0,Express,7,AED
ORD120694,04-08-2023,BR17,UK,Manchester,CUST7193,PROD252,Laptop,Dell XPS 13,Sony,1,1042.38,0.28,0.18,885.61,Cash,Online,EMP902,0,1,Express,2,AED
ORD120695,23-04-2024,BR7,Germany,Berlin,CUST4764,PROD367,Tablet,Samsung Galaxy Tab,Dell,3,608.82,0.1,0.18,1939.7,Cash,In-Store,EMP935,3,1,Express,3,INR
ORD120696,11-11-2023,BR44,UK,London,CUST2222,PROD711,Laptop,HP Spectre x360,Sony,2,1164.26,0.04,0.18,2637.75,Net Banking,In-Store,EMP920,1,0,Express,2,GBP
ORD120697,10-10-2024,BR50,Germany,Hamburg,CUST1045,PROD747,TV,Samsung QLED 50,Samsung,5,1440.32,0.14,0.18,7308.18,Debit Card,Online,EMP814,1,1,Express,5,EUR
ORD120698,03-12-2024,BR72,USA,New York,CUST1218,PROD115,TV,Sony Bravia 55,Samsung,1,1930.11,0.29,0.18,1617.05,UPI,Online,EMP584,0,1,Standard,5,AED
ORD120699,27-11-2024,BR34,USA,Los Angeles,CUST8606,PROD854,Laptop,Dell XPS 13,OnePlus,1,646.13,0.28,0.18,548.95,Credit Card,In-Store,EMP685,2,1,Standard,9,GBP
ORD120700,30-07-2023,BR31,UK,Manchester,CUST8401,PROD248,Tablet,iPad Air,Samsung,2,165.78,0.09,0.18,356.03,Net Banking,Online,EMP407,3,1,Express,4,GBP
ORD120701,22-07-2024,BR44,India,Bangalore,CUST9073,PROD162,Accessories,Keyboard,Dell,5,352,0.12,0.18,1827.58,Net Banking,In-Store,EMP738,0,0,Standard,8,AED
ORD120702,04-08-2023,BR107,India,Delhi,CUST5433,PROD587,Tablet,Samsung Galaxy Tab,Apple,2,807.59,0.16,0.18,1600.97,Credit Card,In-Store,EMP359,3,0,Express,1,GBP
ORD120703,19-11-2024,BR80,Germany,Hamburg,CUST7052,PROD901,Accessories,Wireless Mouse,Samsung,1,1294.01,0.17,0.18,1267.35,Net Banking,In-Store,EMP738,3,0,Standard,6,GBP
ORD120704,13-04-2023,BR43,UK,London,CUST5468,PROD439,TV,Samsung QLED 50,Apple,2,1166.02,0.09,0.18,2504.14,UPI,Online,EMP579,3,1,Standard,9,USD
ORD120705,23-01-2023,BR18,USA,New York,CUST2644,PROD915,Accessories,Wireless Mouse,Apple,5,986.66,0.14,0.18,5006.31,Debit Card,Online,EMP981,1,1,Standard,7,GBP
ORD120706,20-02-2024,BR28,UAE,Abu Dhabi,CUST8347,PROD720,Tablet,Lenovo Tab P11,Sony,4,1521.93,0.07,0.18,6680.66,Cash,Online,EMP220,3,1,Same Day,1,GBP
ORD120707,22-10-2023,BR14,India,Mumbai,CUST2267,PROD499,Tablet,Lenovo Tab P11,Samsung,3,1508.41,0.09,0.18,4859.19,Net Banking,Online,EMP697,1,1,Same Day,4,USD
ORD120708,18-10-2023,BR46,Germany,Munich,CUST4293,PROD517,Accessories,Bluetooth Headphones,HP,2,1304.39,0.11,0.18,2739.74,UPI,Online,EMP561,2,0,Standard,3,EUR
ORD120709,18-01-2023,BR7,UK,Manchester,CUST5054,PROD142,Accessories,Wireless Mouse,LG,2,948.52,0.24,0.18,1701.27,Credit Card,Online,EMP378,1,0,Standard,8,GBP
ORD120710,31-12-2024,BR16,UAE,Abu Dhabi,CUST3300,PROD881,Tablet,iPad Air,Sony,2,1729.82,0.14,0.18,3510.84,Debit Card,Online,EMP206,0,1,Same Day,1,USD
ORD120711,09-04-2024,BR114,USA,Chicago,CUST4080,PROD392,Tablet,iPad Air,OnePlus,5,969.2,0.19,0.18,4631.81,UPI,In-Store,EMP751,2,0,Express,1,INR
ORD120712,16-02-2023,BR14,UK,Manchester,CUST8175,PROD912,Mobile,OnePlus 11,HP,3,1481.48,0.18,0.18,4300.44,Debit Card,In-Store,EMP579,0,1,Express,6,INR
ORD120713,13-12-2024,BR62,Germany,Hamburg,CUST3758,PROD114,Tablet,iPad Air,Sony,3,1692.19,0.28,0.18,4313.05,Net Banking,Online,EMP466,2,1,Same Day,3,USD
ORD120714,07-09-2023,BR74,India,Mumbai,CUST5586,PROD943,Laptop,HP Spectre x360,Samsung,3,1466.98,0.19,0.18,4206.42,Cash,Online,EMP688,0,1,Standard,5,EUR
ORD120715,09-04-2024,BR97,USA,Chicago,CUST4976,PROD113,TV,LG OLED 48,LG,2,651.6,0.09,0.18,1399.38,Credit Card,Online,EMP516,1,0,Same Day,4,AED
ORD120716,08-12-2023,BR116,India,Mumbai,CUST6918,PROD228,TV,Sony Bravia 55,OnePlus,1,817.01,0.08,0.18,886.95,Credit Card,Online,EMP968,2,0,Same Day,8,INR
ORD120717,18-11-2024,BR16,UAE,Abu Dhabi,CUST1580,PROD755,Tablet,Lenovo Tab P11,Dell,2,584.48,0.3,0.18,965.56,Cash,Online,EMP395,1,1,Same Day,7,EUR
ORD120718,04-11-2023,BR43,India,Pune,CUST7986,PROD338,Laptop,MacBook Air M2,Dell,4,1128.65,0.01,0.18,5273.96,UPI,In-Store,EMP863,0,1,Express,1,USD
ORD120719,08-10-2024,BR93,Germany,Munich,CUST4104,PROD644,Laptop,Dell XPS 13,HP,4,390.3,0.22,0.18,1436.93,Debit Card,Online,EMP481,1,0,Standard,10,INR
ORD120720,01-07-2023,BR37,Germany,Hamburg,CUST3225,PROD119,TV,Sony Bravia 55,Apple,1,433.75,0.26,0.18,378.75,Cash,Online,EMP536,2,0,Standard,10,USD
ORD120721,03-04-2023,BR47,UK,London,CUST4637,PROD345,TV,LG OLED 48,LG,4,1706.96,0,0.18,8056.85,Net Banking,In-Store,EMP665,3,1,Express,7,AED
ORD120722,05-02-2024,BR33,USA,Los Angeles,CUST1907,PROD610,Laptop,MacBook Air M2,OnePlus,1,190.18,0.01,0.18,222.17,Debit Card,In-Store,EMP876,3,1,Standard,10,EUR
ORD120723,18-12-2024,BR67,USA,New York,CUST4448,PROD451,Tablet,Samsung Galaxy Tab,Sony,1,1815.66,0.17,0.18,1778.26,UPI,Online,EMP506,3,0,Standard,4,USD
ORD120724,12-07-2024,BR38,USA,New York,CUST5757,PROD644,Mobile,OnePlus 11,Lenovo,5,1406.07,0.13,0.18,7217.36,Cash,Online,EMP345,1,0,Same Day,2,EUR
ORD120725,25-03-2024,BR103,USA,Chicago,CUST2852,PROD525,TV,Sony Bravia 55,HP,3,100.9,0.23,0.18,275.03,Credit Card,Online,EMP413,1,0,Standard,6,USD
ORD120726,15-06-2024,BR99,Germany,Munich,CUST3153,PROD782,Tablet,Lenovo Tab P11,Apple,1,1544.8,0.21,0.18,1440.06,Debit Card,In-Store,EMP769,1,1,Standard,6,AED
ORD120727,10-01-2024,BR44,USA,Los Angeles,CUST9962,PROD673,TV,Samsung QLED 50,HP,5,269.87,0.06,0.18,1496.7,Net Banking,In-Store,EMP696,2,0,Same Day,8,INR
ORD120728,08-08-2023,BR82,USA,Chicago,CUST7807,PROD319,TV,LG OLED 48,Lenovo,5,512.29,0.04,0.18,2901.61,Debit Card,Online,EMP760,2,0,Standard,6,INR
ORD120729,30-06-2024,BR36,UAE,Dubai,CUST3877,PROD970,Accessories,Bluetooth Headphones,Sony,3,1156.12,0.06,0.18,3847.1,Debit Card,Online,EMP220,2,0,Express,1,EUR
ORD120730,14-02-2023,BR32,India,Delhi,CUST7895,PROD838,Tablet,Lenovo Tab P11,Apple,1,1247.9,0.24,0.18,1119.12,Net Banking,Online,EMP357,3,0,Express,3,GBP
ORD120731,09-11-2023,BR111,India,Delhi,CUST8688,PROD443,Laptop,Dell XPS 13,Apple,3,1575.48,0.24,0.18,4238.67,Cash,In-Store,EMP290,2,0,Express,3,USD
ORD120732,04-05-2023,BR78,UK,London,CUST4848,PROD419,Mobile,iPhone 14,Dell,4,646.73,0.2,0.18,2442.05,Cash,In-Store,EMP557,1,0,Express,4,INR
ORD120733,28-09-2023,BR62,UK,London,CUST9278,PROD782,Tablet,Lenovo Tab P11,LG,1,1424.82,0.26,0.18,1244.15,Cash,In-Store,EMP802,1,0,Same Day,2,EUR
ORD120734,24-05-2023,BR107,USA,Chicago,CUST9113,PROD977,TV,Samsung QLED 50,Dell,5,1554.84,0.05,0.18,8714.88,Cash,In-Store,EMP965,0,0,Express,2,GBP
ORD120735,28-09-2023,BR3,UAE,Dubai,CUST6780,PROD790,TV,Samsung QLED 50,Apple,3,1247.78,0.19,0.18,3577.88,Debit Card,In-Store,EMP511,3,1,Same Day,5,AED
ORD120736,26-09-2024,BR78,India,Mumbai,CUST6000,PROD231,TV,Sony Bravia 55,Samsung,3,1357.49,0.2,0.18,3844.41,Debit Card,In-Store,EMP505,0,0,Express,4,AED
ORD120737,29-01-2023,BR44,UK,Birmingham,CUST3848,PROD310,TV,Sony Bravia 55,Dell,3,1540.58,0.17,0.18,4526.53,Credit Card,In-Store,EMP394,2,1,Same Day,1,GBP
ORD120738,12-03-2024,BR2,UK,London,CUST5532,PROD104,Mobile,iPhone 14,Apple,3,1124.97,0.26,0.18,2946.97,Debit Card,Online,EMP272,3,1,Express,4,INR
ORD120739,19-09-2024,BR37,UAE,Dubai,CUST8763,PROD719,Mobile,iPhone 14,HP,4,1481.87,0.02,0.18,6854.54,Cash,Online,EMP484,3,1,Express,4,INR
ORD120740,03-11-2024,BR97,Germany,Munich,CUST6711,PROD677,Laptop,Dell XPS 13,Sony,2,566.22,0.07,0.18,1242.74,Credit Card,Online,EMP501,3,0,Standard,6,AED
ORD120741,14-09-2023,BR74,India,Delhi,CUST1296,PROD119,Laptop,HP Spectre x360,Samsung,4,761.54,0.15,0.18,3055.3,Cash,Online,EMP757,1,0,Same Day,4,GBP
ORD120742,27-06-2023,BR75,India,Delhi,CUST1716,PROD221,TV,LG OLED 48,Lenovo,2,1752.05,0.16,0.18,3473.26,UPI,In-Store,EMP361,2,1,Same Day,3,AED
ORD120743,27-07-2024,BR91,Germany,Munich,CUST1480,PROD414,Accessories,Bluetooth Headphones,LG,1,936.9,0.25,0.18,829.16,Debit Card,In-Store,EMP562,2,1,Express,6,GBP
ORD120744,27-07-2023,BR12,USA,New York,CUST5572,PROD350,TV,Sony Bravia 55,Sony,5,1704.88,0.01,0.18,9958.2,UPI,Online,EMP336,1,0,Standard,8,INR
ORD120745,17-08-2023,BR33,UAE,Dubai,CUST9570,PROD783,Mobile,iPhone 14,LG,5,385.43,0.15,0.18,1932.93,Cash,Online,EMP643,0,1,Express,6,USD
ORD120746,04-06-2023,BR93,UK,Birmingham,CUST1639,PROD999,Mobile,Samsung Galaxy S23,OnePlus,3,148.57,0.24,0.18,399.71,Cash,In-Store,EMP716,2,1,Standard,7,EUR
ORD120747,08-02-2024,BR18,Germany,Berlin,CUST4846,PROD974,TV,LG OLED 48,Samsung,5,795.58,0.05,0.18,4459.23,Debit Card,In-Store,EMP495,0,1,Same Day,6,INR
ORD120748,20-10-2024,BR11,Germany,Hamburg,CUST8367,PROD970,Accessories,Keyboard,Samsung,2,898.53,0.01,0.18,2099.33,Credit Card,Online,EMP999,1,0,Same Day,9,EUR
ORD120749,30-12-2023,BR95,USA,Los Angeles,CUST7135,PROD831,Accessories,Bluetooth Headphones,Lenovo,5,499.29,0.14,0.18,2533.4,UPI,Online,EMP621,1,0,Express,9,EUR
ORD120750,30-09-2024,BR118,UK,Manchester,CUST9707,PROD929,Laptop,Dell XPS 13,Lenovo,4,633.41,0.12,0.18,2630.93,Cash,Online,EMP551,0,0,Express,6,USD
ORD120751,03-08-2023,BR7,UK,Birmingham,CUST7129,PROD431,Tablet,iPad Air,Lenovo,3,1711.83,0.21,0.18,4787.3,UPI,In-Store,EMP664,3,1,Standard,6,GBP
ORD120752,08-05-2024,BR86,UAE,Abu Dhabi,CUST8105,PROD172,Accessories,Bluetooth Headphones,Sony,2,252.05,0.2,0.18,475.87,Net Banking,In-Store,EMP495,1,1,Standard,4,AED
ORD120753,20-08-2024,BR35,Germany,Munich,CUST3071,PROD787,Accessories,Keyboard,LG,2,86.37,0.1,0.18,183.45,Cash,In-Store,EMP525,2,1,Same Day,3,INR
ORD120754,16-08-2023,BR111,USA,Chicago,CUST4287,PROD969,Accessories,Keyboard,Sony,2,731.04,0.16,0.18,1449.21,Net Banking,In-Store,EMP751,0,0,Standard,1,INR
ORD120755,26-01-2023,BR102,Germany,Hamburg,CUST4722,PROD165,Mobile,iPhone 14,LG,2,1561.67,0.18,0.18,3022.14,Credit Card,Online,EMP366,0,1,Express,4,AED
ORD120756,21-12-2023,BR18,USA,Chicago,CUST1390,PROD706,Accessories,Keyboard,Apple,1,1939.86,0.18,0.18,1877.01,Credit Card,Online,EMP566,0,0,Standard,6,USD
ORD120757,15-11-2024,BR92,USA,Los Angeles,CUST5802,PROD879,Tablet,iPad Air,OnePlus,5,1419.81,0.18,0.18,6869.04,Net Banking,In-Store,EMP880,0,0,Express,6,INR
ORD120758,03-09-2023,BR21,USA,Dallas,CUST6834,PROD241,Laptop,MacBook Air M2,OnePlus,5,1746.45,0.2,0.18,8243.24,Credit Card,In-Store,EMP730,3,0,Express,9,AED
ORD120759,09-08-2023,BR91,UAE,Abu Dhabi,CUST7028,PROD787,Mobile,Samsung Galaxy S23,Dell,3,204.6,0.19,0.18,586.67,Net Banking,Online,EMP339,1,0,Express,9,EUR
ORD120760,26-02-2024,BR55,USA,Los Angeles,CUST9949,PROD593,Mobile,OnePlus 11,Lenovo,4,104.27,0.2,0.18,393.72,Cash,In-Store,EMP338,3,1,Same Day,3,AED
ORD120761,24-08-2023,BR61,Germany,Hamburg,CUST5022,PROD870,Laptop,MacBook Air M2,Lenovo,4,1973.62,0.3,0.18,6520.84,UPI,In-Store,EMP994,2,1,Express,3,INR
ORD120762,04-05-2023,BR57,USA,Dallas,CUST8396,PROD504,Mobile,Samsung Galaxy S23,LG,3,262.33,0.2,0.18,742.92,UPI,Online,EMP257,0,0,Standard,1,EUR
ORD120763,26-07-2023,BR120,USA,New York,CUST6523,PROD208,Tablet,Lenovo Tab P11,Lenovo,1,255.39,0.29,0.18,213.97,Debit Card,In-Store,EMP543,1,1,Express,1,GBP
ORD120764,24-02-2023,BR11,India,Bangalore,CUST8945,PROD964,Tablet,Lenovo Tab P11,OnePlus,2,1530.76,0.17,0.18,2998.45,Debit Card,In-Store,EMP240,2,0,Standard,1,EUR
ORD120765,31-12-2024,BR36,UAE,Abu Dhabi,CUST1348,PROD351,Mobile,Samsung Galaxy S23,Apple,2,430.89,0.09,0.18,925.38,UPI,Online,EMP549,3,0,Same Day,4,INR
ORD120766,28-12-2024,BR29,India,Bangalore,CUST5980,PROD184,Laptop,Dell XPS 13,Dell,1,478.18,0.02,0.18,552.97,Net Banking,Online,EMP696,0,0,Express,2,AED
ORD120767,03-08-2023,BR73,India,Bangalore,CUST2348,PROD720,Mobile,OnePlus 11,Sony,3,667.17,0.08,0.18,2172.84,UPI,Online,EMP740,0,1,Same Day,3,EUR
ORD120768,23-12-2024,BR73,UAE,Dubai,CUST7022,PROD968,Accessories,Bluetooth Headphones,LG,3,395.37,0.02,0.18,1371.62,Cash,Online,EMP993,0,0,Standard,8,GBP
ORD120769,22-06-2023,BR109,UAE,Abu Dhabi,CUST2710,PROD439,Mobile,iPhone 14,Sony,3,1951.47,0.05,0.18,6562.79,Debit Card,In-Store,EMP543,3,0,Same Day,7,USD
ORD120770,16-06-2023,BR75,India,Mumbai,CUST3051,PROD596,Tablet,Samsung Galaxy Tab,Lenovo,1,1464.07,0.15,0.18,1468.46,Cash,Online,EMP382,3,0,Same Day,8,INR
ORD120771,27-10-2024,BR13,UK,Manchester,CUST7424,PROD482,Laptop,Dell XPS 13,LG,4,235.09,0.26,0.18,821.12,Cash,Online,EMP834,2,1,Standard,4,USD
ORD120772,21-03-2024,BR88,Germany,Berlin,CUST9315,PROD635,Laptop,MacBook Air M2,Samsung,5,234.84,0.16,0.18,1163.87,Net Banking,In-Store,EMP603,0,0,Express,9,INR
ORD120773,11-05-2024,BR20,UAE,Abu Dhabi,CUST2038,PROD821,Accessories,Bluetooth Headphones,Sony,5,289.41,0.18,0.18,1400.17,Net Banking,Online,EMP831,2,1,Same Day,7,USD
ORD120774,13-05-2023,BR52,Germany,Hamburg,CUST5682,PROD464,Mobile,OnePlus 11,HP,5,1920.54,0.02,0.18,11104.56,Cash,Online,EMP925,2,0,Same Day,4,EUR
ORD120775,18-02-2024,BR46,UAE,Abu Dhabi,CUST4327,PROD745,Tablet,Lenovo Tab P11,Dell,3,249.9,0.04,0.18,849.26,Cash,In-Store,EMP941,3,0,Standard,9,INR
ORD120776,14-04-2024,BR109,UK,London,CUST1815,PROD658,Tablet,iPad Air,Lenovo,2,718.98,0.22,0.18,1323.5,Credit Card,Online,EMP484,1,0,Same Day,9,EUR
ORD120777,14-12-2023,BR22,UAE,Abu Dhabi,CUST2029,PROD285,Accessories,Bluetooth Headphones,Samsung,3,248.07,0.08,0.18,807.91,Credit Card,Online,EMP405,2,0,Standard,3,AED
ORD120778,04-12-2023,BR47,Germany,Berlin,CUST7620,PROD289,Laptop,MacBook Air M2,Apple,2,1480.4,0.08,0.18,3214.24,Net Banking,Online,EMP600,0,1,Same Day,10,AED
ORD120779,10-07-2023,BR27,USA,Chicago,CUST6376,PROD311,Accessories,Wireless Mouse,OnePlus,1,1922.79,0.18,0.18,1860.49,Debit Card,In-Store,EMP436,1,1,Standard,2,AED
ORD120780,03-12-2024,BR103,USA,Dallas,CUST4705,PROD372,Tablet,iPad Air,OnePlus,4,816.88,0.24,0.18,2930.31,UPI,Online,EMP541,1,1,Standard,5,INR
ORD120781,17-09-2024,BR64,Germany,Hamburg,CUST7826,PROD484,Laptop,HP Spectre x360,HP,3,529.79,0.15,0.18,1594.14,Debit Card,In-Store,EMP537,1,1,Express,2,EUR
ORD120782,19-03-2024,BR107,USA,Chicago,CUST8403,PROD178,Mobile,iPhone 14,HP,2,1419.6,0.1,0.18,3015.23,Cash,In-Store,EMP440,0,0,Same Day,3,AED
ORD120783,10-12-2023,BR114,Germany,Munich,CUST3993,PROD562,Accessories,Bluetooth Headphones,HP,5,83.53,0.01,0.18,487.9,Debit Card,Online,EMP392,0,0,Express,3,GBP
ORD120784,27-01-2023,BR4,UAE,Abu Dhabi,CUST9350,PROD894,TV,Sony Bravia 55,OnePlus,3,428.01,0.07,0.18,1409.09,Net Banking,Online,EMP669,1,1,Express,10,INR
ORD120785,27-11-2023,BR32,USA,Chicago,CUST6354,PROD263,Mobile,Samsung Galaxy S23,Sony,5,968.5,0.28,0.18,4114.19,Net Banking,In-Store,EMP989,2,1,Standard,8,GBP
ORD120786,28-09-2024,BR20,Germany,Munich,CUST6662,PROD122,Tablet,Samsung Galaxy Tab,Dell,2,1775.76,0.01,0.18,4148.89,Debit Card,In-Store,EMP812,1,0,Same Day,2,AED
ORD120787,10-12-2023,BR115,UK,London,CUST1796,PROD315,Tablet,Lenovo Tab P11,Samsung,3,1295.39,0.23,0.18,3530.97,UPI,Online,EMP294,0,1,Same Day,1,INR
ORD120788,26-12-2024,BR78,UAE,Abu Dhabi,CUST7828,PROD414,Laptop,HP Spectre x360,LG,4,1835.17,0.28,0.18,6236.64,Debit Card,In-Store,EMP985,2,0,Standard,6,GBP
ORD120789,19-12-2023,BR112,Germany,Berlin,CUST9229,PROD447,Accessories,Wireless Mouse,Apple,3,1023.22,0.21,0.18,2861.54,Net Banking,Online,EMP230,3,1,Express,10,GBP
ORD120790,12-10-2024,BR63,UAE,Abu Dhabi,CUST8377,PROD923,Accessories,Bluetooth Headphones,LG,3,1206.08,0.04,0.18,4098.74,Debit Card,In-Store,EMP601,2,1,Same Day,7,EUR
ORD120791,20-10-2024,BR69,USA,New York,CUST1255,PROD748,Tablet,iPad Air,LG,3,1394.01,0.15,0.18,4194.58,Debit Card,In-Store,EMP804,1,1,Same Day,4,GBP
ORD120792,04-01-2024,BR24,UK,Birmingham,CUST3428,PROD521,Mobile,iPhone 14,Samsung,4,376.37,0.23,0.18,1367.88,Credit Card,Online,EMP537,1,0,Standard,2,INR
ORD120793,21-10-2023,BR18,USA,Chicago,CUST6200,PROD996,Accessories,Wireless Mouse,Lenovo,4,1071.29,0.3,0.18,3539.54,Debit Card,Online,EMP414,1,0,Standard,2,EUR
ORD120794,30-05-2024,BR104,UK,Manchester,CUST6744,PROD270,Accessories,Keyboard,Samsung,1,1645.54,0.05,0.18,1844.65,Credit Card,Online,EMP333,0,0,Express,8,AED
ORD120795,28-08-2023,BR117,Germany,Hamburg,CUST2407,PROD588,TV,Sony Bravia 55,Lenovo,4,1234.84,0.11,0.18,5187.32,Cash,Online,EMP524,1,0,Same Day,2,USD
ORD120796,20-07-2023,BR55,India,Delhi,CUST4359,PROD506,Laptop,MacBook Air M2,Dell,2,1186.71,0.06,0.18,2632.6,UPI,Online,EMP856,3,1,Standard,2,GBP
ORD120797,07-02-2023,BR73,India,Bangalore,CUST3580,PROD408,Laptop,Dell XPS 13,OnePlus,4,1970.14,0.23,0.18,7160.28,UPI,Online,EMP941,0,0,Express,5,INR
ORD120798,19-03-2024,BR34,India,Bangalore,CUST9993,PROD802,Laptop,Dell XPS 13,Samsung,3,95.89,0.04,0.18,325.87,UPI,In-Store,EMP422,1,1,Same Day,9,GBP
ORD120799,31-08-2023,BR120,UK,Manchester,CUST1628,PROD551,Mobile,Samsung Galaxy S23,LG,5,1646.41,0.19,0.18,7868.19,Credit Card,In-Store,EMP560,0,1,Express,4,AED
ORD120800,05-10-2024,BR33,India,Delhi,CUST9742,PROD532,Tablet,iPad Air,OnePlus,2,677.49,0.08,0.18,1470.97,Credit Card,Online,EMP361,1,0,Same Day,10,EUR
ORD120801,03-12-2023,BR98,UAE,Dubai,CUST7193,PROD695,Mobile,iPhone 14,Lenovo,5,1736.55,0.06,0.18,9630.91,UPI,Online,EMP394,3,1,Express,4,USD
ORD120802,10-02-2023,BR29,Germany,Berlin,CUST2375,PROD235,Accessories,Keyboard,HP,2,1540.86,0.01,0.18,3600.07,Net Banking,In-Store,EMP755,1,1,Express,2,USD
ORD120803,28-07-2023,BR76,UAE,Dubai,CUST3257,PROD980,Tablet,Samsung Galaxy Tab,LG,5,806.38,0.14,0.18,4091.57,Credit Card,In-Store,EMP794,3,0,Standard,5,EUR
ORD120804,22-08-2024,BR33,UK,Manchester,CUST3134,PROD193,Tablet,iPad Air,OnePlus,2,1046.4,0.17,0.18,2049.69,Credit Card,In-Store,EMP546,0,0,Same Day,10,AED
ORD120805,15-10-2024,BR86,UAE,Abu Dhabi,CUST5121,PROD265,Accessories,Wireless Mouse,OnePlus,2,240.11,0.21,0.18,447.66,Cash,In-Store,EMP570,0,0,Standard,2,AED
ORD120806,15-03-2024,BR109,USA,Dallas,CUST5974,PROD570,TV,Sony Bravia 55,LG,4,604.28,0.26,0.18,2110.63,Net Banking,In-Store,EMP532,1,1,Same Day,8,EUR
ORD120807,23-01-2024,BR112,UAE,Dubai,CUST8880,PROD377,TV,Sony Bravia 55,HP,4,989.5,0.06,0.18,4390.21,UPI,In-Store,EMP551,1,1,Express,8,INR
ORD120808,02-06-2024,BR106,Germany,Hamburg,CUST6161,PROD303,Tablet,iPad Air,Samsung,4,821.2,0.23,0.18,2984.57,UPI,In-Store,EMP667,0,0,Same Day,2,GBP
ORD120809,31-12-2024,BR87,UAE,Abu Dhabi,CUST4817,PROD731,Tablet,Lenovo Tab P11,LG,3,776.35,0.11,0.18,2445.97,Cash,Online,EMP847,1,0,Standard,6,AED
ORD120810,22-01-2023,BR35,UK,London,CUST6882,PROD724,Accessories,Wireless Mouse,Samsung,3,125.06,0.09,0.18,402.87,Credit Card,In-Store,EMP942,1,1,Express,7,EUR
ORD120811,22-05-2023,BR118,UAE,Abu Dhabi,CUST1092,PROD559,Accessories,Keyboard,Dell,5,708.67,0.29,0.18,2968.62,Credit Card,In-Store,EMP606,2,0,Same Day,7,AED
ORD120812,02-06-2023,BR36,Germany,Berlin,CUST3591,PROD111,Tablet,Lenovo Tab P11,LG,5,69.56,0.03,0.18,398.09,UPI,In-Store,EMP824,1,0,Express,8,AED
ORD120813,31-05-2023,BR49,Germany,Munich,CUST1273,PROD147,Tablet,Samsung Galaxy Tab,LG,3,238.83,0.03,0.18,820.09,Cash,In-Store,EMP746,3,0,Standard,3,INR
ORD120814,01-06-2024,BR7,UAE,Abu Dhabi,CUST5363,PROD588,Accessories,Wireless Mouse,LG,1,1848.08,0.12,0.18,1919.05,Net Banking,Online,EMP608,2,1,Same Day,10,INR
ORD120815,07-12-2023,BR16,India,Bangalore,CUST3271,PROD697,TV,LG OLED 48,Sony,4,410.99,0.28,0.18,1396.71,Cash,Online,EMP579,2,0,Same Day,8,USD
ORD120816,18-04-2023,BR18,USA,Chicago,CUST9727,PROD935,Tablet,iPad Air,Samsung,3,1139.89,0.16,0.18,3389.58,UPI,Online,EMP999,2,0,Same Day,3,GBP
ORD120817,04-09-2024,BR6,UK,Manchester,CUST5469,PROD518,TV,Sony Bravia 55,LG,2,1356.23,0.14,0.18,2752.6,Cash,In-Store,EMP334,3,0,Standard,5,INR
ORD120818,13-06-2023,BR43,UAE,Dubai,CUST3276,PROD568,Laptop,MacBook Air M2,HP,5,242.37,0.29,0.18,1015.29,Credit Card,Online,EMP692,2,0,Express,3,USD
ORD120819,17-01-2023,BR81,USA,Dallas,CUST1561,PROD604,Tablet,iPad Air,Dell,2,1294.56,0.28,0.18,2199.72,Cash,Online,EMP584,2,0,Express,10,USD
ORD120820,19-04-2023,BR30,Germany,Munich,CUST3517,PROD652,Accessories,Wireless Mouse,Apple,3,1720.38,0.11,0.18,5420.23,Credit Card,Online,EMP233,0,0,Standard,8,GBP
ORD120821,02-04-2024,BR20,UAE,Abu Dhabi,CUST3939,PROD425,Mobile,Samsung Galaxy S23,Lenovo,5,758.44,0.03,0.18,4340.55,Cash,In-Store,EMP919,0,1,Express,1,AED
ORD120822,03-07-2023,BR49,UK,London,CUST8254,PROD378,TV,LG OLED 48,Samsung,5,326.04,0.11,0.18,1712.04,UPI,In-Store,EMP865,3,0,Same Day,7,EUR
ORD120823,17-10-2023,BR110,UAE,Abu Dhabi,CUST2159,PROD789,Accessories,Wireless Mouse,Dell,4,1264.69,0.05,0.18,5670.87,Debit Card,Online,EMP323,0,0,Standard,8,GBP
ORD120824,04-04-2024,BR113,UAE,Dubai,CUST8299,PROD502,Laptop,MacBook Air M2,Dell,5,1800.24,0.17,0.18,8815.78,Credit Card,Online,EMP299,1,0,Standard,6,AED
ORD120825,01-08-2023,BR116,India,Bangalore,CUST2048,PROD687,Laptop,MacBook Air M2,OnePlus,1,1224.68,0.25,0.18,1083.84,Credit Card,In-Store,EMP943,0,0,Standard,10,INR
ORD120826,05-09-2024,BR111,UAE,Abu Dhabi,CUST5531,PROD647,TV,LG OLED 48,OnePlus,2,1703.9,0.21,0.18,3176.75,Credit Card,Online,EMP458,1,1,Express,4,INR
ORD120827,07-08-2024,BR87,India,Mumbai,CUST4632,PROD739,Accessories,Keyboard,Sony,5,210.25,0.01,0.18,1228.07,Net Banking,Online,EMP821,2,1,Same Day,9,GBP
ORD120828,18-03-2024,BR105,UAE,Abu Dhabi,CUST2307,PROD617,Accessories,Bluetooth Headphones,LG,2,260.71,0.01,0.18,609.12,UPI,Online,EMP774,2,0,Standard,8,INR
ORD120829,02-05-2024,BR33,India,Delhi,CUST2851,PROD653,Accessories,Wireless Mouse,LG,3,1060.29,0.27,0.18,2740,Credit Card,In-Store,EMP592,3,0,Standard,7,GBP
ORD120830,02-11-2024,BR74,UK,Birmingham,CUST2316,PROD993,Tablet,Lenovo Tab P11,Dell,2,1424.71,0.03,0.18,3261.45,UPI,Online,EMP962,3,0,Same Day,7,GBP
ORD120831,31-05-2024,BR84,Germany,Hamburg,CUST7999,PROD875,TV,LG OLED 48,Samsung,5,1702.54,0.14,0.18,8638.69,Credit Card,Online,EMP401,3,1,Standard,10,EUR
ORD120832,06-01-2023,BR54,UAE,Abu Dhabi,CUST7169,PROD147,Accessories,Wireless Mouse,Sony,1,975.93,0.04,0.18,1105.53,Credit Card,In-Store,EMP674,3,1,Same Day,1,GBP
ORD120833,14-02-2023,BR11,UAE,Dubai,CUST8005,PROD222,Accessories,Wireless Mouse,Sony,5,1499.08,0.19,0.18,7164.1,Cash,Online,EMP941,1,0,Same Day,8,USD
ORD120834,24-09-2023,BR67,India,Bangalore,CUST4232,PROD974,TV,LG OLED 48,HP,2,1576.83,0.24,0.18,2828.2,UPI,Online,EMP938,1,0,Standard,2,GBP
ORD120835,07-04-2024,BR95,Germany,Hamburg,CUST3201,PROD164,Mobile,iPhone 14,Lenovo,5,1607.44,0.18,0.18,7776.79,Cash,Online,EMP484,0,1,Same Day,5,AED
ORD120836,04-12-2024,BR104,Germany,Munich,CUST8097,PROD508,Tablet,Lenovo Tab P11,OnePlus,1,1396.97,0.21,0.18,1302.26,Credit Card,In-Store,EMP324,2,1,Same Day,9,INR
ORD120837,26-08-2024,BR116,India,Mumbai,CUST8924,PROD153,Mobile,iPhone 14,HP,5,1020.6,0.23,0.18,4636.59,Credit Card,Online,EMP983,0,0,Standard,10,AED
ORD120838,23-10-2023,BR55,India,Delhi,CUST2829,PROD279,Laptop,Dell XPS 13,Apple,5,777.14,0.16,0.18,3851.51,Cash,In-Store,EMP426,1,1,Standard,5,USD
ORD120839,02-05-2024,BR15,Germany,Berlin,CUST8210,PROD294,TV,LG OLED 48,Apple,4,1524.06,0.21,0.18,5682.91,Cash,Online,EMP786,3,0,Standard,6,USD
ORD120840,06-10-2023,BR74,Germany,Hamburg,CUST3578,PROD134,Mobile,iPhone 14,Dell,1,1815.14,0.18,0.18,1756.33,Net Banking,In-Store,EMP450,3,1,Same Day,9,USD
ORD120841,25-11-2024,BR67,UAE,Dubai,CUST7504,PROD874,Mobile,Samsung Galaxy S23,Sony,1,671.4,0.2,0.18,633.8,Net Banking,Online,EMP241,3,0,Express,6,EUR
ORD120842,26-11-2024,BR41,USA,New York,CUST8700,PROD795,Laptop,MacBook Air M2,Sony,1,1783.73,0.02,0.18,2062.71,UPI,In-Store,EMP285,1,0,Express,4,AED
ORD120843,07-12-2024,BR106,USA,Chicago,CUST1183,PROD129,Laptop,HP Spectre x360,Lenovo,5,771.89,0.26,0.18,3370.07,Debit Card,In-Store,EMP783,3,1,Same Day,9,AED
ORD120844,06-11-2024,BR21,UK,Manchester,CUST2822,PROD796,Accessories,Bluetooth Headphones,Samsung,5,409.26,0.18,0.18,1980,Debit Card,In-Store,EMP705,0,0,Express,10,INR
ORD120845,23-11-2024,BR19,UK,London,CUST6147,PROD113,Mobile,iPhone 14,HP,3,1260.81,0.22,0.18,3481.35,Net Banking,Online,EMP680,0,0,Same Day,9,AED
ORD120846,24-04-2024,BR64,UAE,Abu Dhabi,CUST5575,PROD100,Accessories,Wireless Mouse,Dell,1,530.09,0.21,0.18,494.15,Debit Card,In-Store,EMP280,3,0,Express,2,USD
ORD120847,05-01-2023,BR25,Germany,Munich,CUST1215,PROD872,TV,LG OLED 48,HP,3,1867.66,0.17,0.18,5487.56,Debit Card,In-Store,EMP382,0,1,Same Day,1,INR
ORD120848,13-07-2023,BR68,Germany,Hamburg,CUST1391,PROD613,Accessories,Bluetooth Headphones,OnePlus,3,1244.74,0.01,0.18,4362.32,UPI,Online,EMP906,0,0,Same Day,8,INR
ORD120849,30-09-2023,BR9,USA,Los Angeles,CUST7302,PROD740,Laptop,HP Spectre x360,LG,3,951.03,0.24,0.18,2558.65,UPI,In-Store,EMP907,2,0,Same Day,9,USD
ORD120850,18-11-2023,BR59,UAE,Dubai,CUST8809,PROD999,Accessories,Keyboard,Dell,4,457.26,0.17,0.18,1791.36,Cash,In-Store,EMP972,3,1,Express,3,AED
ORD120851,26-08-2024,BR12,USA,New York,CUST8171,PROD812,Mobile,OnePlus 11,Apple,1,1293.29,0.03,0.18,1480.3,Credit Card,Online,EMP983,1,0,Standard,9,EUR
ORD120852,13-06-2024,BR110,India,Bangalore,CUST3542,PROD575,Laptop,Dell XPS 13,Samsung,5,1282.35,0.14,0.18,6506.64,UPI,In-Store,EMP288,3,1,Express,6,USD
ORD120853,15-04-2024,BR82,UAE,Abu Dhabi,CUST6001,PROD148,Mobile,iPhone 14,OnePlus,5,1748.16,0.28,0.18,7426.18,Credit Card,In-Store,EMP361,0,0,Standard,1,AED
ORD120854,25-09-2023,BR8,India,Pune,CUST2936,PROD132,TV,LG OLED 48,OnePlus,5,1063.52,0.04,0.18,6023.78,Cash,Online,EMP708,3,1,Express,5,GBP
ORD120855,22-03-2023,BR54,USA,Dallas,CUST1853,PROD556,Mobile,OnePlus 11,HP,2,1273.89,0.13,0.18,2615.55,Debit Card,Online,EMP601,1,0,Standard,7,GBP
ORD120856,12-01-2024,BR77,Germany,Hamburg,CUST3875,PROD572,Accessories,Bluetooth Headphones,HP,5,307.37,0.27,0.18,1323.84,Debit Card,In-Store,EMP706,0,1,Same Day,8,USD
ORD120857,11-06-2024,BR61,USA,New York,CUST9468,PROD851,Accessories,Wireless Mouse,Lenovo,5,631.05,0.21,0.18,2941.32,Debit Card,In-Store,EMP931,2,0,Same Day,4,USD
ORD120858,11-10-2023,BR107,UK,London,CUST4411,PROD441,Laptop,HP Spectre x360,Lenovo,4,1533.82,0.03,0.18,7022.44,Cash,Online,EMP200,1,1,Standard,8,USD
ORD120859,11-05-2024,BR89,USA,Los Angeles,CUST7111,PROD200,Tablet,Lenovo Tab P11,Dell,4,1673.84,0.01,0.18,7821.52,Net Banking,In-Store,EMP954,1,1,Standard,4,EUR
ORD120860,01-08-2023,BR102,USA,Chicago,CUST4488,PROD106,TV,Sony Bravia 55,Samsung,5,223.4,0.25,0.18,988.54,Credit Card,Online,EMP986,0,0,Standard,6,INR
ORD120861,30-06-2024,BR85,UK,Manchester,CUST8357,PROD875,Laptop,HP Spectre x360,LG,4,1383.19,0.08,0.18,6006.36,Cash,In-Store,EMP681,3,0,Standard,2,USD
ORD120862,23-09-2023,BR69,UAE,Dubai,CUST3175,PROD103,Laptop,HP Spectre x360,Samsung,4,1047.94,0.27,0.18,3610.78,Debit Card,Online,EMP400,1,1,Standard,10,USD
ORD120863,28-06-2023,BR68,USA,Dallas,CUST7167,PROD777,Tablet,iPad Air,HP,1,63.89,0.19,0.18,61.07,Cash,In-Store,EMP795,1,1,Standard,7,EUR
ORD120864,22-02-2023,BR93,Germany,Munich,CUST3446,PROD689,Tablet,Samsung Galaxy Tab,HP,1,1683.48,0.09,0.18,1807.72,Debit Card,In-Store,EMP863,2,1,Standard,3,USD
ORD120865,26-05-2024,BR59,Germany,Berlin,CUST7542,PROD788,Laptop,HP Spectre x360,HP,4,1141.26,0.23,0.18,4147.8,Debit Card,In-Store,EMP230,3,1,Express,4,GBP
ORD120866,03-11-2024,BR28,USA,Los Angeles,CUST5547,PROD839,TV,Samsung QLED 50,OnePlus,3,1746.67,0.27,0.18,4513.74,Credit Card,Online,EMP886,0,0,Standard,7,GBP
ORD120867,16-08-2024,BR64,Germany,Hamburg,CUST5214,PROD910,TV,Sony Bravia 55,Dell,5,401.03,0.28,0.18,1703.58,Credit Card,In-Store,EMP271,1,1,Express,9,USD
ORD120868,29-10-2024,BR76,India,Bangalore,CUST3388,PROD381,Laptop,HP Spectre x360,LG,3,1968.09,0.12,0.18,6130.99,Cash,Online,EMP642,0,1,Same Day,9,EUR
ORD120869,08-02-2023,BR91,UAE,Dubai,CUST1815,PROD587,Mobile,OnePlus 11,LG,2,508.47,0.01,0.18,1187.99,Credit Card,Online,EMP350,0,0,Express,8,GBP
ORD120870,30-11-2024,BR73,USA,New York,CUST6524,PROD756,Laptop,Dell XPS 13,OnePlus,2,571.57,0.28,0.18,971.21,Net Banking,Online,EMP652,2,0,Same Day,6,USD
ORD120871,12-07-2024,BR3,UK,London,CUST6573,PROD836,Tablet,iPad Air,Lenovo,5,540.68,0.27,0.18,2328.71,UPI,Online,EMP313,1,0,Same Day,6,GBP
ORD120872,04-06-2023,BR74,USA,Dallas,CUST5435,PROD746,TV,Sony Bravia 55,Sony,1,198.83,0.23,0.18,180.66,UPI,In-Store,EMP418,2,1,Express,9,GBP
ORD120873,20-06-2023,BR34,India,Delhi,CUST4026,PROD928,Mobile,Samsung Galaxy S23,Apple,1,1484.87,0.06,0.18,1647.02,UPI,Online,EMP745,3,1,Express,1,AED
ORD120874,25-11-2023,BR85,UK,London,CUST4615,PROD437,Laptop,Dell XPS 13,HP,2,780.86,0.01,0.18,1824.4,Cash,Online,EMP270,2,0,Same Day,10,EUR
ORD120875,09-07-2024,BR73,India,Mumbai,CUST4443,PROD589,Tablet,Samsung Galaxy Tab,OnePlus,2,362.26,0.19,0.18,692.5,Credit Card,In-Store,EMP813,1,0,Standard,10,EUR
ORD120876,27-06-2024,BR110,USA,Chicago,CUST3325,PROD788,Accessories,Bluetooth Headphones,Apple,4,1869.71,0.26,0.18,6530.52,Debit Card,Online,EMP201,3,0,Standard,6,GBP
ORD120877,21-08-2024,BR102,UK,London,CUST8191,PROD183,Accessories,Keyboard,Samsung,4,738.8,0.01,0.18,3452.26,Debit Card,Online,EMP995,3,0,Standard,3,AED
ORD120878,24-04-2024,BR75,India,Pune,CUST6152,PROD311,Accessories,Bluetooth Headphones,Samsung,1,1688.6,0.23,0.18,1534.26,Debit Card,Online,EMP791,1,0,Same Day,6,INR
ORD120879,01-01-2024,BR81,UK,Birmingham,CUST2440,PROD989,Accessories,Bluetooth Headphones,Sony,4,1838.63,0.12,0.18,7636.93,Credit Card,In-Store,EMP423,2,1,Express,8,GBP
ORD120880,05-03-2024,BR13,India,Mumbai,CUST9444,PROD461,Accessories,Keyboard,HP,4,1457.69,0.23,0.18,5297.83,UPI,In-Store,EMP787,1,1,Same Day,9,USD
ORD120881,17-06-2024,BR67,UK,London,CUST1596,PROD316,Laptop,MacBook Air M2,HP,4,1941.4,0.24,0.18,6964.19,Cash,In-Store,EMP668,0,1,Standard,3,AED
ORD120882,26-04-2023,BR36,Germany,Berlin,CUST2320,PROD120,TV,LG OLED 48,Samsung,5,634.83,0.05,0.18,3558.22,Debit Card,Online,EMP906,3,1,Same Day,3,AED
ORD120883,26-08-2023,BR68,USA,Chicago,CUST5924,PROD508,Mobile,iPhone 14,Apple,2,791.61,0.07,0.18,1737.43,Credit Card,In-Store,EMP732,1,1,Same Day,4,USD
ORD120884,17-02-2024,BR33,India,Bangalore,CUST1189,PROD741,TV,Samsung QLED 50,Apple,4,1400.83,0.08,0.18,6082.96,Debit Card,In-Store,EMP519,2,0,Express,6,AED
ORD120885,17-10-2023,BR82,USA,Chicago,CUST5937,PROD491,Laptop,Dell XPS 13,OnePlus,2,1176.12,0.14,0.18,2387.05,Cash,Online,EMP256,3,0,Express,9,INR
ORD120886,09-11-2023,BR80,UAE,Dubai,CUST6697,PROD680,Laptop,MacBook Air M2,OnePlus,3,1719.73,0.17,0.18,5052.91,UPI,In-Store,EMP738,1,0,Same Day,1,GBP
ORD120887,26-11-2024,BR99,UK,Manchester,CUST6549,PROD637,Mobile,iPhone 14,OnePlus,1,1211.1,0.09,0.18,1300.48,Cash,In-Store,EMP666,1,0,Standard,9,GBP
ORD120888,08-10-2024,BR100,UK,London,CUST9082,PROD231,Accessories,Bluetooth Headphones,Dell,3,1016.19,0.14,0.18,3093.69,Cash,In-Store,EMP438,3,0,Express,10,USD
ORD120889,20-04-2023,BR83,India,Pune,CUST1676,PROD615,Laptop,Dell XPS 13,HP,3,242.46,0.23,0.18,660.9,Cash,In-Store,EMP751,0,1,Express,9,AED
ORD120890,07-03-2024,BR115,Germany,Munich,CUST5829,PROD570,TV,LG OLED 48,Samsung,2,704.29,0.3,0.18,1163.49,Credit Card,In-Store,EMP375,3,0,Express,8,EUR
ORD120891,11-03-2024,BR53,UAE,Dubai,CUST4037,PROD222,Accessories,Wireless Mouse,Sony,1,1083.26,0.29,0.18,907.56,Net Banking,Online,EMP705,0,1,Same Day,5,AED
ORD120892,18-11-2023,BR105,UAE,Abu Dhabi,CUST7034,PROD418,Accessories,Wireless Mouse,Dell,4,372.37,0.16,0.18,1476.37,Credit Card,Online,EMP473,1,1,Standard,1,USD
ORD120893,28-10-2023,BR60,UAE,Abu Dhabi,CUST3389,PROD796,Laptop,Dell XPS 13,Dell,2,498.05,0.29,0.18,834.53,Credit Card,Online,EMP237,3,1,Standard,10,INR
ORD120894,03-05-2024,BR59,Germany,Munich,CUST1164,PROD558,Laptop,HP Spectre x360,Lenovo,3,809.38,0.25,0.18,2148.9,UPI,Online,EMP918,2,1,Express,1,USD
ORD120895,05-07-2024,BR119,UK,Manchester,CUST3605,PROD898,Laptop,HP Spectre x360,Lenovo,4,1822.66,0.27,0.18,6280.16,UPI,Online,EMP827,3,1,Express,3,INR
ORD120896,21-12-2023,BR66,UAE,Abu Dhabi,CUST9909,PROD247,TV,Samsung QLED 50,Dell,3,1504.05,0.26,0.18,3940.01,Cash,Online,EMP216,0,0,Same Day,4,INR
ORD120897,30-08-2024,BR77,Germany,Berlin,CUST8495,PROD958,TV,Samsung QLED 50,Samsung,5,1735.11,0.13,0.18,8906.32,UPI,In-Store,EMP271,3,1,Standard,2,GBP
ORD120898,10-12-2024,BR110,USA,Los Angeles,CUST4604,PROD674,Mobile,OnePlus 11,Dell,3,320.24,0.23,0.18,872.91,Debit Card,Online,EMP814,0,1,Express,9,EUR
ORD120899,05-10-2023,BR48,UAE,Abu Dhabi,CUST6133,PROD548,Mobile,Samsung Galaxy S23,OnePlus,2,1674.04,0.05,0.18,3753.2,Net Banking,In-Store,EMP977,2,0,Express,9,AED
ORD120900,01-08-2024,BR18,USA,New York,CUST2818,PROD415,TV,LG OLED 48,Sony,3,407.6,0.2,0.18,1154.32,Cash,In-Store,EMP924,2,0,Standard,1,AED
ORD120901,23-08-2023,BR12,Germany,Hamburg,CUST1071,PROD343,Tablet,Samsung Galaxy Tab,Apple,3,1720.74,0.27,0.18,4446.74,Debit Card,Online,EMP593,1,1,Express,6,INR
ORD120902,28-07-2024,BR42,India,Mumbai,CUST5571,PROD142,Accessories,Wireless Mouse,Apple,3,1939.41,0.09,0.18,6247.62,Debit Card,In-Store,EMP221,3,0,Standard,3,INR
ORD120903,11-01-2023,BR16,India,Mumbai,CUST5939,PROD205,Mobile,Samsung Galaxy S23,LG,5,326.1,0.1,0.18,1731.59,Debit Card,In-Store,EMP503,0,0,Standard,5,GBP
ORD120904,07-11-2024,BR36,UAE,Abu Dhabi,CUST4421,PROD572,TV,Samsung QLED 50,Samsung,1,914.28,0,0.18,1078.85,Credit Card,In-Store,EMP815,2,1,Same Day,2,EUR
ORD120905,30-06-2024,BR12,UAE,Dubai,CUST8981,PROD229,TV,Sony Bravia 55,Sony,2,663.53,0.27,0.18,1143.13,UPI,In-Store,EMP431,1,1,Same Day,10,GBP
ORD120906,06-04-2024,BR85,UAE,Abu Dhabi,CUST8006,PROD625,TV,Samsung QLED 50,Lenovo,3,1227.46,0,0.18,4345.21,Cash,Online,EMP883,2,0,Express,8,USD
ORD120907,06-03-2023,BR21,UK,Birmingham,CUST5784,PROD521,Mobile,OnePlus 11,Samsung,5,1835.81,0.08,0.18,9964.78,Credit Card,Online,EMP574,0,0,Same Day,3,INR
ORD120908,07-02-2024,BR82,USA,New York,CUST2679,PROD371,Accessories,Keyboard,Apple,4,1166.84,0.19,0.18,4461.06,Net Banking,Online,EMP212,3,1,Standard,3,AED
ORD120909,25-03-2023,BR72,UAE,Abu Dhabi,CUST4480,PROD429,Laptop,HP Spectre x360,Dell,3,1973.19,0.25,0.18,5238.82,Net Banking,Online,EMP569,2,1,Same Day,9,INR
ORD120910,26-02-2024,BR21,Germany,Hamburg,CUST3514,PROD115,Tablet,Lenovo Tab P11,Sony,2,1638.62,0.05,0.18,3673.79,Credit Card,In-Store,EMP658,3,1,Express,2,INR
ORD120911,22-06-2023,BR15,UK,London,CUST8292,PROD999,TV,Samsung QLED 50,HP,4,566.37,0.08,0.18,2459.41,Cash,In-Store,EMP961,0,1,Standard,4,GBP
ORD120912,14-07-2024,BR93,India,Delhi,CUST1769,PROD236,Mobile,Samsung Galaxy S23,Lenovo,1,1439.57,0.01,0.18,1681.71,Debit Card,In-Store,EMP697,0,1,Express,3,AED
ORD120913,02-03-2024,BR109,Germany,Hamburg,CUST5167,PROD159,Accessories,Wireless Mouse,Lenovo,4,346.81,0.13,0.18,1424.14,Credit Card,In-Store,EMP882,1,0,Express,3,USD
ORD120914,02-12-2024,BR35,India,Bangalore,CUST5515,PROD996,Tablet,iPad Air,LG,3,390.28,0.29,0.18,980.93,Debit Card,In-Store,EMP609,0,0,Same Day,5,GBP
ORD120915,28-05-2024,BR59,UK,London,CUST4671,PROD897,TV,Samsung QLED 50,Lenovo,5,670.12,0.24,0.18,3004.82,Debit Card,Online,EMP852,0,0,Standard,1,AED
ORD120916,20-07-2023,BR63,UAE,Abu Dhabi,CUST4060,PROD920,Laptop,Dell XPS 13,Apple,5,1429.66,0.15,0.18,7169.74,UPI,In-Store,EMP696,3,1,Standard,8,INR
ORD120917,25-04-2024,BR118,Germany,Hamburg,CUST1302,PROD179,TV,LG OLED 48,Sony,2,1228.04,0.28,0.18,2086.69,Credit Card,In-Store,EMP643,2,0,Same Day,3,AED
ORD120918,14-09-2024,BR110,Germany,Berlin,CUST7258,PROD967,Accessories,Bluetooth Headphones,Dell,2,1319.66,0.19,0.18,2522.66,Cash,Online,EMP384,2,1,Express,2,INR
ORD120919,22-03-2023,BR23,USA,Dallas,CUST6328,PROD505,Mobile,Samsung Galaxy S23,Sony,3,521.49,0.19,0.18,1495.32,Cash,Online,EMP988,0,1,Standard,4,AED
ORD120920,09-10-2024,BR107,USA,Chicago,CUST3396,PROD231,Accessories,Bluetooth Headphones,LG,1,1664.84,0.07,0.18,1827,Debit Card,Online,EMP250,3,1,Standard,2,AED
ORD120921,06-03-2023,BR92,Germany,Munich,CUST8831,PROD973,TV,Samsung QLED 50,OnePlus,3,1711.99,0.21,0.18,4787.75,Credit Card,In-Store,EMP769,3,1,Same Day,8,AED
ORD120922,05-07-2023,BR88,USA,Chicago,CUST5288,PROD394,TV,Sony Bravia 55,HP,3,1270.95,0.19,0.18,3644.32,UPI,In-Store,EMP308,2,0,Express,9,AED
ORD120923,28-12-2023,BR51,Germany,Berlin,CUST1177,PROD790,Mobile,Samsung Galaxy S23,LG,3,504.55,0.07,0.18,1661.08,Credit Card,In-Store,EMP683,2,0,Same Day,3,INR
ORD120924,10-05-2023,BR49,USA,New York,CUST3215,PROD796,TV,LG OLED 48,OnePlus,5,1836.25,0.13,0.18,9425.47,Cash,In-Store,EMP404,0,1,Same Day,4,GBP
ORD120925,16-05-2023,BR35,Germany,Berlin,CUST7730,PROD413,Accessories,Keyboard,Samsung,3,644.57,0.21,0.18,1802.6,Cash,In-Store,EMP323,2,1,Same Day,5,EUR
ORD120926,23-09-2023,BR86,UK,Manchester,CUST2954,PROD187,Mobile,Samsung Galaxy S23,Dell,2,692.21,0.14,0.18,1404.91,Cash,Online,EMP742,3,1,Same Day,7,EUR
ORD120927,29-03-2024,BR61,USA,Chicago,CUST5844,PROD158,Tablet,Samsung Galaxy Tab,OnePlus,5,60,0.19,0.18,286.74,Credit Card,In-Store,EMP653,1,0,Express,1,EUR
ORD120928,01-06-2024,BR62,Germany,Munich,CUST8328,PROD240,Tablet,Samsung Galaxy Tab,Samsung,1,440.78,0.19,0.18,421.3,Net Banking,In-Store,EMP865,3,1,Same Day,9,INR
ORD120929,23-07-2024,BR15,Germany,Hamburg,CUST6876,PROD327,Tablet,iPad Air,Apple,2,1583.53,0.04,0.18,3587.65,Credit Card,Online,EMP844,3,0,Standard,9,USD
ORD120930,27-11-2023,BR59,Germany,Hamburg,CUST4805,PROD462,Tablet,Samsung Galaxy Tab,OnePlus,2,809.98,0.09,0.18,1739.51,UPI,Online,EMP715,0,0,Express,7,AED
ORD120931,08-03-2023,BR82,Germany,Berlin,CUST9870,PROD571,TV,Samsung QLED 50,LG,5,1984.06,0.26,0.18,8662.41,Net Banking,Online,EMP373,2,1,Standard,10,GBP
ORD120932,16-11-2024,BR47,UAE,Abu Dhabi,CUST8127,PROD872,Mobile,OnePlus 11,LG,1,1076.22,0,0.18,1269.94,UPI,In-Store,EMP778,3,1,Express,10,USD
ORD120933,28-06-2024,BR117,India,Delhi,CUST3556,PROD326,Tablet,iPad Air,HP,5,314.79,0.1,0.18,1671.53,UPI,In-Store,EMP559,0,0,Same Day,1,USD
ORD120934,17-02-2023,BR87,UK,London,CUST5766,PROD133,Laptop,MacBook Air M2,Samsung,2,123.29,0.03,0.18,282.24,UPI,In-Store,EMP761,2,1,Same Day,9,USD
ORD120935,14-04-2023,BR116,UAE,Abu Dhabi,CUST7130,PROD228,Mobile,Samsung Galaxy S23,LG,5,1551.58,0.21,0.18,7231.91,Debit Card,In-Store,EMP800,3,1,Standard,4,USD
ORD120936,05-11-2023,BR46,Germany,Munich,CUST5697,PROD888,Tablet,Samsung Galaxy Tab,HP,2,786.69,0.08,0.18,1708.06,Net Banking,Online,EMP451,3,0,Same Day,8,INR
ORD120937,03-03-2024,BR101,UK,Manchester,CUST8627,PROD717,Laptop,HP Spectre x360,HP,1,1437.85,0.2,0.18,1357.33,UPI,In-Store,EMP363,3,0,Same Day,2,USD
ORD120938,28-02-2024,BR47,USA,Los Angeles,CUST4342,PROD558,TV,Sony Bravia 55,OnePlus,4,793.76,0.15,0.18,3184.57,UPI,In-Store,EMP794,2,1,Same Day,3,INR
ORD120939,08-12-2023,BR63,USA,New York,CUST7965,PROD786,Laptop,MacBook Air M2,Samsung,4,326.79,0.03,0.18,1496.18,Debit Card,Online,EMP910,1,0,Express,5,GBP
ORD120940,23-04-2023,BR11,India,Delhi,CUST2699,PROD335,TV,LG OLED 48,LG,1,886.33,0.19,0.18,847.15,Debit Card,Online,EMP211,3,1,Standard,3,EUR
ORD120941,11-03-2024,BR41,Germany,Munich,CUST5386,PROD237,Accessories,Bluetooth Headphones,Dell,4,1239.27,0.28,0.18,4211.54,Credit Card,In-Store,EMP688,0,1,Express,5,AED
ORD120942,08-09-2024,BR31,India,Mumbai,CUST2653,PROD345,TV,LG OLED 48,Lenovo,3,1651.59,0.12,0.18,5145.03,Debit Card,In-Store,EMP451,2,1,Standard,3,GBP
ORD120943,10-08-2024,BR71,Germany,Hamburg,CUST8685,PROD966,Accessories,Wireless Mouse,Sony,3,1179.62,0.01,0.18,4134.1,Net Banking,In-Store,EMP916,2,0,Express,7,INR
ORD120944,07-07-2024,BR71,Germany,Berlin,CUST6880,PROD128,Mobile,Samsung Galaxy S23,HP,2,870.25,0.11,0.18,1827.87,Credit Card,Online,EMP801,2,1,Express,3,USD
ORD120945,11-05-2024,BR108,USA,Los Angeles,CUST5390,PROD704,Laptop,HP Spectre x360,Apple,4,1876.67,0.03,0.18,8592.15,Credit Card,Online,EMP352,2,1,Same Day,9,AED
ORD120946,24-04-2024,BR62,UAE,Abu Dhabi,CUST8303,PROD354,Accessories,Wireless Mouse,OnePlus,4,1331.4,0.22,0.18,4901.68,Credit Card,Online,EMP483,1,0,Same Day,6,USD
ORD120947,21-04-2024,BR45,India,Pune,CUST2808,PROD721,Tablet,Lenovo Tab P11,Sony,3,1003.87,0.18,0.18,2914.03,Cash,In-Store,EMP692,1,0,Standard,3,GBP
ORD120948,15-09-2024,BR16,USA,Los Angeles,CUST9844,PROD349,Tablet,Lenovo Tab P11,Samsung,2,1272.51,0.19,0.18,2432.53,Cash,Online,EMP238,3,0,Same Day,1,AED
ORD120949,03-10-2023,BR111,Germany,Munich,CUST2702,PROD210,Laptop,HP Spectre x360,OnePlus,4,1585.02,0.29,0.18,5311.72,Cash,Online,EMP291,0,0,Standard,9,EUR
ORD120950,06-03-2024,BR33,Germany,Berlin,CUST1680,PROD473,Mobile,OnePlus 11,LG,1,839.36,0.23,0.18,762.64,Net Banking,In-Store,EMP925,3,0,Same Day,8,EUR
ORD120951,19-06-2023,BR72,UAE,Abu Dhabi,CUST9600,PROD458,Accessories,Bluetooth Headphones,Samsung,1,1870.35,0.11,0.18,1964.24,UPI,Online,EMP511,3,1,Same Day,5,AED
ORD120952,30-01-2023,BR47,UAE,Dubai,CUST5094,PROD122,Tablet,iPad Air,Samsung,4,1915.97,0,0.18,9043.38,Cash,Online,EMP638,3,0,Standard,4,AED
ORD120953,17-01-2023,BR51,UAE,Abu Dhabi,CUST6787,PROD820,TV,Sony Bravia 55,Lenovo,1,1834.89,0,0.18,2165.17,Credit Card,Online,EMP642,0,0,Express,1,GBP
ORD120954,01-04-2023,BR14,USA,New York,CUST1926,PROD299,TV,LG OLED 48,Lenovo,2,1490.08,0.06,0.18,3305.59,Debit Card,In-Store,EMP218,0,0,Standard,4,GBP
ORD120955,12-12-2023,BR20,UK,Manchester,CUST9003,PROD904,Tablet,Samsung Galaxy Tab,Apple,4,1663.83,0.29,0.18,5575.83,Debit Card,In-Store,EMP751,2,1,Standard,1,USD
ORD120956,13-05-2023,BR5,USA,New York,CUST4824,PROD301,Tablet,Lenovo Tab P11,Dell,3,1575.86,0.26,0.18,4128.12,Cash,In-Store,EMP865,2,1,Same Day,3,EUR
ORD120957,18-02-2023,BR5,Germany,Munich,CUST2432,PROD402,Mobile,Samsung Galaxy S23,Dell,1,335,0.01,0.18,391.35,Credit Card,Online,EMP498,0,0,Standard,9,AED
ORD120958,27-11-2023,BR29,USA,Los Angeles,CUST3148,PROD344,TV,LG OLED 48,OnePlus,3,1317.97,0.29,0.18,3312.59,Credit Card,In-Store,EMP296,0,1,Same Day,8,AED
ORD120959,17-04-2024,BR71,UK,Manchester,CUST1541,PROD327,Mobile,OnePlus 11,Sony,1,871.79,0.14,0.18,884.69,UPI,Online,EMP808,2,0,Express,10,USD
ORD120960,07-02-2024,BR30,India,Pune,CUST1081,PROD882,Mobile,OnePlus 11,LG,3,1254.46,0.26,0.18,3286.18,UPI,Online,EMP877,1,0,Same Day,10,USD
ORD120961,10-12-2023,BR47,UK,London,CUST1340,PROD291,Tablet,iPad Air,Dell,2,1560.89,0.09,0.18,3352.17,Credit Card,In-Store,EMP815,1,0,Standard,10,GBP
ORD120962,12-04-2024,BR12,USA,New York,CUST9590,PROD882,Accessories,Keyboard,Dell,5,860.3,0.08,0.18,4669.71,UPI,Online,EMP868,3,0,Standard,10,USD
ORD120963,13-02-2023,BR3,India,Delhi,CUST6543,PROD373,TV,Samsung QLED 50,Lenovo,3,1254.04,0.26,0.18,3285.08,UPI,In-Store,EMP374,2,0,Express,3,INR
ORD120964,17-05-2024,BR50,UAE,Dubai,CUST3172,PROD142,Mobile,iPhone 14,Samsung,1,1642.33,0.13,0.18,1686.02,Debit Card,Online,EMP272,0,1,Same Day,7,GBP
ORD120965,22-07-2024,BR46,UAE,Dubai,CUST6465,PROD381,Laptop,HP Spectre x360,HP,3,1612.12,0.02,0.18,5592.77,UPI,Online,EMP811,0,1,Express,2,USD
ORD120966,18-09-2024,BR30,Germany,Hamburg,CUST6099,PROD697,Tablet,Samsung Galaxy Tab,HP,1,936.45,0.12,0.18,972.41,Net Banking,Online,EMP244,3,1,Same Day,10,USD
ORD120967,01-08-2024,BR7,USA,Chicago,CUST2333,PROD857,Mobile,Samsung Galaxy S23,LG,1,601.48,0.05,0.18,674.26,Debit Card,In-Store,EMP621,1,1,Same Day,3,GBP
ORD120968,16-09-2023,BR66,UAE,Dubai,CUST9588,PROD208,Mobile,Samsung Galaxy S23,Apple,2,1445.89,0.12,0.18,3002.82,Debit Card,Online,EMP596,3,1,Standard,5,EUR
ORD120969,10-09-2024,BR33,Germany,Berlin,CUST5925,PROD524,Tablet,Lenovo Tab P11,HP,1,1157.16,0.23,0.18,1051.4,Cash,In-Store,EMP312,3,1,Express,10,AED
ORD120970,01-07-2024,BR15,UAE,Dubai,CUST5776,PROD537,TV,Sony Bravia 55,Sony,2,769.46,0.13,0.18,1579.86,Credit Card,Online,EMP845,1,0,Same Day,5,EUR
ORD120971,26-11-2024,BR19,USA,Los Angeles,CUST2949,PROD768,Tablet,Samsung Galaxy Tab,Sony,2,267.9,0.23,0.18,486.83,UPI,Online,EMP456,2,1,Express,4,EUR
ORD120972,20-09-2023,BR55,UAE,Dubai,CUST9441,PROD809,Accessories,Wireless Mouse,OnePlus,4,1857.11,0.24,0.18,6661.82,Credit Card,In-Store,EMP672,1,1,Express,4,EUR
ORD120973,02-07-2023,BR57,UK,London,CUST9750,PROD892,Mobile,OnePlus 11,Lenovo,3,1789.2,0.14,0.18,5447.04,Debit Card,In-Store,EMP970,3,0,Express,6,USD
ORD120974,12-08-2023,BR13,Germany,Munich,CUST3023,PROD878,Mobile,OnePlus 11,Sony,2,750.23,0.29,0.18,1257.09,Net Banking,In-Store,EMP822,2,0,Standard,10,EUR
ORD120975,09-08-2024,BR98,India,Bangalore,CUST5402,PROD647,Laptop,Dell XPS 13,OnePlus,4,371.24,0.29,0.18,1244.1,Net Banking,In-Store,EMP371,0,1,Express,9,AED
ORD120976,13-08-2024,BR116,Germany,Munich,CUST4146,PROD591,Tablet,Samsung Galaxy Tab,Lenovo,5,626.83,0.22,0.18,2884.67,Net Banking,Online,EMP712,3,0,Standard,10,USD
ORD120977,14-10-2024,BR27,USA,Dallas,CUST9848,PROD955,Mobile,OnePlus 11,Dell,2,892.68,0.03,0.18,2043.52,UPI,Online,EMP519,2,0,Standard,4,USD
ORD120978,19-10-2023,BR104,UAE,Dubai,CUST7585,PROD856,Laptop,Dell XPS 13,LG,1,1313.76,0.17,0.18,1286.7,Credit Card,Online,EMP224,0,0,Express,1,USD
ORD120979,14-09-2023,BR96,UAE,Dubai,CUST7689,PROD779,TV,Sony Bravia 55,Sony,1,121,0.27,0.18,104.23,Net Banking,In-Store,EMP912,0,0,Express,3,AED
ORD120980,29-12-2024,BR102,India,Mumbai,CUST8571,PROD156,Mobile,iPhone 14,Sony,5,1892.35,0.28,0.18,8038.7,UPI,In-Store,EMP855,1,0,Express,6,EUR
ORD120981,20-03-2023,BR117,UAE,Abu Dhabi,CUST6677,PROD614,Accessories,Keyboard,Lenovo,3,268.07,0.24,0.18,721.22,UPI,In-Store,EMP375,2,0,Same Day,7,USD
ORD120982,23-09-2023,BR104,UK,London,CUST7833,PROD776,Laptop,Dell XPS 13,OnePlus,4,764.28,0.03,0.18,3499.18,Credit Card,In-Store,EMP435,0,0,Express,9,EUR
ORD120983,11-12-2023,BR80,India,Delhi,CUST6845,PROD136,TV,Samsung QLED 50,LG,1,710.62,0.23,0.18,645.67,Credit Card,Online,EMP440,1,1,Same Day,10,EUR
ORD120984,04-05-2023,BR15,UAE,Dubai,CUST9468,PROD803,Accessories,Keyboard,Samsung,5,1405.05,0.28,0.18,5968.65,UPI,In-Store,EMP550,3,1,Same Day,10,USD
ORD120985,02-12-2024,BR95,UAE,Abu Dhabi,CUST6526,PROD630,Laptop,Dell XPS 13,Apple,4,1458.49,0.2,0.18,5507.26,Cash,Online,EMP456,2,0,Same Day,4,EUR
ORD120986,04-07-2024,BR28,Germany,Berlin,CUST3864,PROD229,Accessories,Bluetooth Headphones,Samsung,4,1384.45,0.13,0.18,5685.11,Debit Card,In-Store,EMP206,2,0,Standard,8,GBP
ORD120987,22-04-2024,BR100,UK,Birmingham,CUST5395,PROD353,Tablet,Lenovo Tab P11,Apple,4,349.91,0.16,0.18,1387.32,Net Banking,Online,EMP814,3,0,Same Day,10,AED
ORD120988,05-07-2023,BR110,USA,Dallas,CUST4843,PROD440,Tablet,iPad Air,HP,3,450.71,0.27,0.18,1164.72,UPI,In-Store,EMP529,1,0,Express,8,EUR
ORD120989,09-08-2023,BR5,UK,Birmingham,CUST4204,PROD352,Laptop,Dell XPS 13,Samsung,3,66.31,0,0.18,234.74,Cash,In-Store,EMP534,1,1,Express,6,USD
ORD120990,07-02-2023,BR105,India,Delhi,CUST5979,PROD295,Accessories,Bluetooth Headphones,Lenovo,4,719.7,0.27,0.18,2479.8,Net Banking,Online,EMP655,2,1,Same Day,6,AED
ORD120991,21-09-2023,BR89,USA,Los Angeles,CUST1672,PROD400,Tablet,Samsung Galaxy Tab,Apple,1,1532.63,0.16,0.18,1519.14,Debit Card,In-Store,EMP874,3,0,Express,7,GBP
ORD120992,31-12-2024,BR6,USA,Chicago,CUST8908,PROD569,TV,LG OLED 48,Apple,3,275.34,0.06,0.18,916.22,Net Banking,Online,EMP692,1,1,Express,1,AED
ORD120993,07-07-2024,BR68,Germany,Munich,CUST6164,PROD571,Mobile,iPhone 14,Dell,5,114.25,0.08,0.18,620.15,Cash,Online,EMP559,3,1,Express,1,AED
ORD120994,16-07-2023,BR89,UK,London,CUST1286,PROD295,Tablet,iPad Air,Dell,2,366.87,0.14,0.18,744.6,Net Banking,In-Store,EMP249,2,1,Same Day,9,INR
ORD120995,06-02-2024,BR58,USA,New York,CUST1553,PROD589,Laptop,MacBook Air M2,Sony,5,282.67,0.06,0.18,1567.69,UPI,Online,EMP687,0,0,Standard,2,EUR
ORD120996,28-08-2024,BR20,UK,London,CUST4700,PROD211,Accessories,Keyboard,Lenovo,3,488.29,0.06,0.18,1624.83,Credit Card,In-Store,EMP894,2,1,Express,1,EUR
ORD120997,24-03-2024,BR98,USA,Dallas,CUST4002,PROD530,Accessories,Keyboard,Samsung,3,845.33,0.09,0.18,2723.15,Debit Card,Online,EMP581,2,1,Same Day,8,GBP
ORD120998,28-08-2023,BR16,India,Delhi,CUST1237,PROD364,TV,Samsung QLED 50,Lenovo,1,1976.45,0.07,0.18,2168.96,Net Banking,In-Store,EMP704,2,1,Standard,10,AED
ORD120999,07-02-2024,BR51,India,Delhi,CUST7110,PROD618,Accessories,Wireless Mouse,HP,2,1199.12,0.26,0.18,2094.14,Debit Card,In-Store,EMP780,1,0,Standard,5,EUR
ORD121000,15-08-2023,BR15,UK,London,CUST5747,PROD747,Accessories,Wireless Mouse,Sony,3,981.65,0.13,0.18,3023.29,Net Banking,Online,EMP659,0,1,Express,4,INR
ORD121001,08-09-2023,BR26,UK,London,CUST6112,PROD280,Tablet,Samsung Galaxy Tab,LG,3,1064.1,0.18,0.18,3088.87,Net Banking,In-Store,EMP499,2,0,Same Day,5,USD
ORD121002,25-10-2024,BR102,Germany,Hamburg,CUST4463,PROD300,TV,LG OLED 48,Apple,5,1488.47,0.29,0.18,6235.2,Net Banking,Online,EMP653,3,0,Same Day,7,GBP
ORD121003,16-03-2023,BR30,UAE,Abu Dhabi,CUST2451,PROD176,TV,Sony Bravia 55,HP,5,1666.06,0.04,0.18,9436.56,Debit Card,Online,EMP286,3,1,Express,2,AED
ORD121004,29-12-2023,BR85,USA,Dallas,CUST9605,PROD378,TV,Samsung QLED 50,Dell,5,1544.86,0.09,0.18,8294.35,Credit Card,Online,EMP953,0,1,Express,6,GBP
ORD121005,09-10-2023,BR81,USA,Dallas,CUST5045,PROD744,Accessories,Keyboard,Samsung,5,1341.12,0.26,0.18,5855.33,Credit Card,In-Store,EMP403,0,1,Express,6,EUR
ORD121006,04-06-2024,BR111,UAE,Dubai,CUST2766,PROD200,Accessories,Bluetooth Headphones,Sony,5,1409.66,0.17,0.18,6903.11,Credit Card,In-Store,EMP619,3,0,Express,3,GBP
ORD121007,25-02-2024,BR101,UK,London,CUST1506,PROD975,Tablet,iPad Air,Lenovo,3,973.48,0.23,0.18,2653.51,Debit Card,In-Store,EMP932,2,0,Standard,6,AED
ORD121008,18-09-2023,BR81,Germany,Hamburg,CUST3894,PROD381,TV,LG OLED 48,LG,3,797.11,0.25,0.18,2116.33,Cash,Online,EMP948,3,1,Same Day,1,EUR
ORD121009,18-02-2024,BR66,UAE,Dubai,CUST4246,PROD869,Laptop,Dell XPS 13,Sony,4,1351.08,0.18,0.18,5229.22,Debit Card,Online,EMP915,2,0,Same Day,1,USD
ORD121010,15-12-2023,BR108,UAE,Abu Dhabi,CUST1710,PROD549,Laptop,MacBook Air M2,Sony,2,1377.61,0.09,0.18,2958.56,Credit Card,In-Store,EMP965,2,1,Express,9,INR
ORD121011,11-07-2023,BR40,UK,Manchester,CUST8655,PROD583,Accessories,Wireless Mouse,Samsung,4,669.34,0.22,0.18,2464.24,Credit Card,Online,EMP363,3,0,Express,10,AED
ORD121012,03-04-2023,BR58,UK,Manchester,CUST5257,PROD617,Laptop,Dell XPS 13,Dell,3,400.29,0.25,0.18,1062.77,UPI,In-Store,EMP539,1,1,Standard,10,GBP
ORD121013,22-04-2023,BR44,USA,Chicago,CUST1875,PROD600,Tablet,Lenovo Tab P11,LG,1,845.99,0.2,0.18,798.61,Debit Card,In-Store,EMP839,1,0,Same Day,2,GBP
ORD121014,22-04-2023,BR44,USA,Dallas,CUST2871,PROD398,Accessories,Wireless Mouse,Dell,4,1207.97,0.2,0.18,4561.29,Cash,Online,EMP382,2,0,Express,4,GBP
ORD121015,29-11-2023,BR17,Germany,Hamburg,CUST1327,PROD181,Tablet,Lenovo Tab P11,OnePlus,1,948.13,0.29,0.18,794.34,Credit Card,Online,EMP393,3,0,Standard,5,INR
ORD121016,27-06-2023,BR33,UK,Birmingham,CUST6275,PROD590,Mobile,OnePlus 11,Lenovo,3,86.93,0.01,0.18,304.65,Credit Card,Online,EMP618,1,1,Standard,6,AED
ORD121017,20-01-2024,BR59,UK,Birmingham,CUST4268,PROD591,TV,LG OLED 48,Sony,3,250.63,0.04,0.18,851.74,Credit Card,In-Store,EMP956,0,0,Standard,2,INR
ORD121018,04-01-2023,BR100,India,Bangalore,CUST5007,PROD766,Tablet,Samsung Galaxy Tab,OnePlus,1,441.54,0.1,0.18,468.92,Credit Card,Online,EMP426,2,1,Express,6,EUR
ORD121019,26-01-2024,BR6,USA,Chicago,CUST3066,PROD753,Mobile,iPhone 14,OnePlus,4,792.35,0.13,0.18,3253.71,Credit Card,In-Store,EMP313,1,1,Express,1,GBP
ORD121020,31-03-2023,BR110,UK,London,CUST7220,PROD120,Tablet,iPad Air,Lenovo,4,1195.42,0.26,0.18,4175.36,UPI,Online,EMP393,0,0,Express,9,GBP
ORD121021,07-10-2023,BR90,UAE,Abu Dhabi,CUST5343,PROD275,Tablet,iPad Air,Lenovo,1,1457.07,0.19,0.18,1392.67,Debit Card,Online,EMP490,2,0,Express,8,GBP
ORD121022,18-02-2024,BR3,UK,London,CUST1658,PROD675,Tablet,iPad Air,HP,5,1694.34,0.12,0.18,8797.01,Debit Card,In-Store,EMP800,2,1,Express,10,INR
ORD121023,16-09-2023,BR1,India,Pune,CUST3260,PROD178,Laptop,MacBook Air M2,Dell,2,1508.68,0.1,0.18,3204.44,Debit Card,Online,EMP745,2,0,Express,10,EUR
ORD121024,25-02-2023,BR119,USA,Los Angeles,CUST3143,PROD399,Mobile,Samsung Galaxy S23,OnePlus,3,267.99,0.01,0.18,939.2,UPI,Online,EMP867,2,1,Standard,8,EUR
ORD121025,13-03-2023,BR50,Germany,Berlin,CUST1874,PROD143,Tablet,Lenovo Tab P11,OnePlus,5,547.07,0.17,0.18,2679,Cash,In-Store,EMP233,3,1,Same Day,2,EUR
ORD121026,14-05-2023,BR61,India,Bangalore,CUST2526,PROD523,Accessories,Bluetooth Headphones,OnePlus,4,1535.68,0.22,0.18,5653.76,Debit Card,In-Store,EMP640,2,0,Same Day,8,INR
ORD121027,13-11-2023,BR26,UK,Birmingham,CUST3544,PROD771,Laptop,HP Spectre x360,OnePlus,2,881.1,0.2,0.18,1663.52,Net Banking,In-Store,EMP336,3,1,Same Day,9,GBP
ORD121028,29-08-2023,BR106,India,Delhi,CUST1174,PROD629,Tablet,iPad Air,HP,4,1989.02,0.1,0.18,8449.36,Cash,Online,EMP975,1,0,Same Day,8,INR
ORD121029,19-02-2023,BR77,UAE,Dubai,CUST9101,PROD124,Accessories,Wireless Mouse,HP,5,613.3,0.29,0.18,2569.11,Net Banking,In-Store,EMP626,2,1,Same Day,3,AED
ORD121030,25-01-2023,BR19,USA,Dallas,CUST2568,PROD814,Tablet,iPad Air,Lenovo,3,1541.91,0.2,0.18,4366.69,Credit Card,Online,EMP369,0,1,Same Day,3,USD
ORD121031,20-09-2023,BR36,USA,Dallas,CUST2547,PROD186,Accessories,Wireless Mouse,Dell,2,707.73,0.06,0.18,1570.03,Net Banking,In-Store,EMP510,3,0,Standard,4,AED
ORD121032,22-09-2023,BR79,India,Mumbai,CUST9255,PROD739,Laptop,MacBook Air M2,OnePlus,1,1629.76,0.17,0.18,1596.19,UPI,In-Store,EMP879,3,1,Standard,10,GBP
ORD121033,17-07-2024,BR59,USA,New York,CUST7866,PROD681,Accessories,Wireless Mouse,Dell,4,866.87,0.09,0.18,3723.38,Net Banking,In-Store,EMP208,1,0,Standard,10,EUR
ORD121034,11-05-2023,BR84,India,Bangalore,CUST6984,PROD871,Tablet,Lenovo Tab P11,Sony,4,1909.65,0.23,0.18,6940.43,Cash,Online,EMP920,2,1,Standard,5,AED
ORD121035,29-06-2023,BR81,Germany,Berlin,CUST4620,PROD310,Mobile,iPhone 14,Lenovo,5,989.99,0.3,0.18,4088.66,Credit Card,Online,EMP286,0,0,Same Day,7,GBP
ORD121036,30-12-2023,BR60,UK,London,CUST4576,PROD153,TV,LG OLED 48,Apple,3,662.48,0.08,0.18,2157.56,UPI,Online,EMP803,1,1,Same Day,9,GBP
ORD121037,18-02-2023,BR10,USA,Dallas,CUST1812,PROD439,Laptop,HP Spectre x360,OnePlus,3,1607.55,0.13,0.18,4950.93,Debit Card,In-Store,EMP239,3,0,Standard,8,AED
ORD121038,17-03-2023,BR112,USA,New York,CUST4453,PROD123,Tablet,Samsung Galaxy Tab,Apple,4,1972.1,0.28,0.18,6701.98,UPI,Online,EMP853,1,1,Express,8,GBP
ORD121039,09-01-2024,BR94,UAE,Dubai,CUST8789,PROD737,Tablet,iPad Air,Apple,3,117.01,0.07,0.18,385.22,Net Banking,In-Store,EMP204,1,0,Same Day,9,INR
ORD121040,12-08-2024,BR20,UAE,Abu Dhabi,CUST1150,PROD911,Mobile,OnePlus 11,OnePlus,5,1327.48,0.23,0.18,6030.74,UPI,In-Store,EMP257,1,1,Same Day,4,AED
ORD121041,27-11-2023,BR25,Germany,Berlin,CUST3229,PROD432,Mobile,OnePlus 11,OnePlus,5,1354.72,0.2,0.18,6394.28,Cash,In-Store,EMP367,3,0,Express,1,USD
ORD121042,26-06-2024,BR23,UAE,Abu Dhabi,CUST9517,PROD654,TV,Sony Bravia 55,Dell,5,1764.74,0.01,0.18,10307.85,Debit Card,Online,EMP745,1,0,Express,4,EUR
ORD121043,05-03-2024,BR88,Germany,Hamburg,CUST7047,PROD678,Accessories,Keyboard,LG,5,1762.73,0.29,0.18,7384.08,Cash,Online,EMP819,2,1,Standard,8,EUR
ORD121044,21-06-2023,BR75,India,Mumbai,CUST8143,PROD796,Laptop,HP Spectre x360,Apple,5,231.65,0.01,0.18,1353.07,Net Banking,Online,EMP878,1,1,Same Day,1,INR
ORD121045,05-06-2023,BR16,Germany,Munich,CUST7865,PROD756,Accessories,Keyboard,Sony,4,1558.47,0.13,0.18,6399.7,Debit Card,Online,EMP254,3,0,Standard,4,USD
ORD121046,20-07-2024,BR88,Germany,Berlin,CUST5366,PROD851,TV,Samsung QLED 50,OnePlus,1,1266.26,0.29,0.18,1060.87,Cash,Online,EMP940,2,0,Express,4,GBP
ORD121047,30-12-2024,BR27,Germany,Hamburg,CUST3474,PROD650,Mobile,iPhone 14,HP,4,978.08,0.17,0.18,3831.73,Cash,Online,EMP469,1,0,Standard,10,AED
ORD121048,13-04-2023,BR92,UK,Birmingham,CUST3122,PROD476,Mobile,Samsung Galaxy S23,Lenovo,3,1794.82,0.03,0.18,6163.05,Credit Card,Online,EMP254,2,0,Express,4,USD
ORD121049,22-11-2024,BR116,UK,Birmingham,CUST4596,PROD591,Accessories,Keyboard,HP,1,1579.82,0.27,0.18,1360.86,UPI,Online,EMP405,1,1,Standard,5,USD
ORD121050,20-01-2024,BR42,UK,London,CUST1755,PROD879,Laptop,MacBook Air M2,Dell,4,231.26,0.12,0.18,960.56,Net Banking,In-Store,EMP753,2,0,Standard,10,GBP
ORD121051,22-04-2024,BR90,UK,Manchester,CUST4948,PROD212,Laptop,Dell XPS 13,LG,4,196.27,0.06,0.18,870.81,Credit Card,Online,EMP267,0,0,Standard,1,USD
ORD121052,05-02-2023,BR117,Germany,Hamburg,CUST2951,PROD376,Tablet,iPad Air,Lenovo,1,389.27,0.07,0.18,427.18,UPI,Online,EMP668,2,0,Express,7,INR
ORD121053,18-11-2024,BR51,USA,New York,CUST8683,PROD479,Accessories,Keyboard,LG,2,1033.79,0.23,0.18,1878.6,Credit Card,In-Store,EMP532,1,0,Same Day,10,INR
ORD121054,18-03-2024,BR10,Germany,Munich,CUST7708,PROD360,Accessories,Keyboard,OnePlus,3,123.36,0.17,0.18,362.46,Net Banking,In-Store,EMP847,1,1,Standard,9,INR
ORD121055,12-09-2023,BR42,UAE,Dubai,CUST7523,PROD445,Mobile,Samsung Galaxy S23,Apple,1,931.52,0.07,0.18,1022.25,Cash,In-Store,EMP454,0,1,Same Day,5,INR
ORD121056,01-03-2023,BR20,UK,London,CUST6049,PROD262,Tablet,Lenovo Tab P11,Samsung,4,1067.07,0.18,0.18,4129.99,Debit Card,Online,EMP252,0,0,Same Day,3,INR
ORD121057,28-04-2023,BR83,India,Mumbai,CUST9325,PROD254,Laptop,Dell XPS 13,Samsung,3,782.94,0.15,0.18,2355.87,Credit Card,Online,EMP222,2,1,Same Day,8,USD
ORD121058,09-02-2024,BR2,Germany,Munich,CUST3764,PROD945,Laptop,HP Spectre x360,Apple,1,1315.92,0.29,0.18,1102.48,Net Banking,Online,EMP885,3,1,Same Day,6,EUR
ORD121059,19-11-2023,BR85,Germany,Berlin,CUST5771,PROD970,Accessories,Keyboard,Sony,2,109.21,0.23,0.18,198.46,Credit Card,In-Store,EMP753,3,1,Express,3,INR
ORD121060,31-05-2024,BR32,India,Pune,CUST7360,PROD831,Laptop,MacBook Air M2,HP,4,1730.52,0.22,0.18,6371.08,Net Banking,Online,EMP919,2,0,Standard,1,INR
ORD121061,20-12-2023,BR31,Germany,Hamburg,CUST3780,PROD951,Mobile,Samsung Galaxy S23,Samsung,2,1011.85,0.23,0.18,1838.73,UPI,In-Store,EMP279,1,1,Express,10,INR
ORD121062,29-09-2023,BR70,UK,London,CUST5828,PROD157,Accessories,Keyboard,HP,5,1949.03,0.19,0.18,9314.41,Debit Card,Online,EMP466,3,1,Express,2,USD
ORD121063,16-03-2024,BR11,USA,Chicago,CUST7988,PROD241,Laptop,HP Spectre x360,Apple,4,1391.73,0.06,0.18,6174.83,Debit Card,Online,EMP608,2,0,Express,10,AED
ORD121064,12-04-2023,BR18,UAE,Dubai,CUST5711,PROD807,Accessories,Wireless Mouse,Lenovo,4,1133.87,0.1,0.18,4816.68,Cash,Online,EMP360,3,0,Same Day,9,EUR
ORD121065,18-02-2023,BR109,UAE,Dubai,CUST6546,PROD400,Laptop,Dell XPS 13,LG,5,223.51,0.17,0.18,1094.53,Cash,In-Store,EMP243,0,0,Express,2,USD
ORD121066,17-04-2024,BR52,India,Delhi,CUST5110,PROD754,Laptop,HP Spectre x360,Samsung,3,92.71,0.11,0.18,292.09,Debit Card,Online,EMP750,3,1,Standard,6,INR
ORD121067,03-10-2024,BR10,India,Mumbai,CUST1497,PROD857,Tablet,Lenovo Tab P11,OnePlus,3,1480.09,0.2,0.18,4191.61,Net Banking,In-Store,EMP359,3,1,Same Day,3,EUR
ORD121068,17-11-2024,BR8,USA,Los Angeles,CUST5867,PROD432,TV,Sony Bravia 55,HP,4,820.16,0.29,0.18,2748.52,Credit Card,Online,EMP672,0,1,Standard,5,INR
ORD121069,05-07-2023,BR120,UAE,Abu Dhabi,CUST1010,PROD282,Laptop,MacBook Air M2,Dell,1,541.69,0.02,0.18,626.41,Net Banking,Online,EMP916,1,0,Same Day,2,EUR
ORD121070,07-01-2023,BR33,Germany,Munich,CUST4638,PROD950,Mobile,Samsung Galaxy S23,LG,2,1441.68,0.24,0.18,2585.8,Net Banking,Online,EMP830,0,0,Standard,10,INR
ORD121071,10-05-2024,BR70,Germany,Berlin,CUST3070,PROD244,Tablet,Samsung Galaxy Tab,Lenovo,4,837.79,0.2,0.18,3163.5,Credit Card,In-Store,EMP494,2,1,Standard,5,AED
ORD121072,27-12-2023,BR119,UAE,Dubai,CUST7704,PROD263,Laptop,Dell XPS 13,Lenovo,1,1868.25,0.26,0.18,1631.36,Net Banking,In-Store,EMP613,2,0,Express,6,GBP
ORD121073,02-01-2023,BR105,UAE,Abu Dhabi,CUST8896,PROD562,TV,Sony Bravia 55,Apple,4,1233.59,0.05,0.18,5531.42,Cash,In-Store,EMP430,2,0,Same Day,5,GBP
ORD121074,16-01-2024,BR22,Germany,Hamburg,CUST5363,PROD454,Accessories,Wireless Mouse,HP,4,614.07,0.01,0.18,2869.43,Cash,In-Store,EMP951,0,1,Same Day,1,USD
ORD121075,09-12-2024,BR78,USA,Los Angeles,CUST4949,PROD844,Accessories,Bluetooth Headphones,Dell,4,131.48,0.16,0.18,521.29,Debit Card,In-Store,EMP927,0,0,Express,7,USD
ORD121076,22-09-2024,BR34,India,Mumbai,CUST1765,PROD339,Laptop,HP Spectre x360,OnePlus,5,1489.21,0.06,0.18,8259.16,Credit Card,Online,EMP527,2,1,Standard,5,AED
ORD121077,13-07-2024,BR47,Germany,Berlin,CUST4864,PROD271,Mobile,Samsung Galaxy S23,OnePlus,3,760.63,0.18,0.18,2207.96,Cash,Online,EMP217,1,0,Same Day,2,EUR
ORD121078,26-05-2023,BR59,UK,Birmingham,CUST2403,PROD801,Tablet,iPad Air,LG,1,1244.83,0.07,0.18,1366.08,Cash,Online,EMP903,3,1,Standard,6,EUR
ORD121079,24-05-2024,BR27,India,Mumbai,CUST4141,PROD133,Accessories,Wireless Mouse,Lenovo,4,464.12,0.17,0.18,1818.24,Debit Card,Online,EMP866,0,0,Same Day,7,GBP
ORD121080,01-02-2023,BR70,India,Mumbai,CUST3899,PROD897,Mobile,Samsung Galaxy S23,Samsung,4,627.7,0.04,0.18,2844.23,Credit Card,In-Store,EMP676,1,0,Same Day,2,GBP
ORD121081,11-02-2023,BR38,Germany,Munich,CUST1607,PROD577,Accessories,Bluetooth Headphones,Samsung,3,218.97,0.29,0.18,550.36,Cash,Online,EMP615,0,1,Same Day,3,EUR
ORD121082,28-04-2023,BR109,UK,Manchester,CUST8450,PROD554,Tablet,Lenovo Tab P11,Apple,5,727.24,0.12,0.18,3775.83,Debit Card,Online,EMP871,0,1,Standard,6,AED
ORD121083,01-05-2023,BR55,Germany,Hamburg,CUST4703,PROD745,Mobile,iPhone 14,LG,2,1657.63,0.27,0.18,2855.76,Cash,Online,EMP343,3,1,Express,9,GBP
ORD121084,29-10-2023,BR31,Germany,Munich,CUST5066,PROD160,TV,LG OLED 48,LG,5,679.58,0.11,0.18,3568.47,Net Banking,In-Store,EMP226,1,0,Standard,3,AED
ORD121085,18-02-2024,BR6,USA,Los Angeles,CUST5725,PROD385,Tablet,Lenovo Tab P11,HP,4,341.53,0.23,0.18,1241.26,Cash,In-Store,EMP659,3,0,Same Day,2,USD
ORD121086,20-11-2023,BR21,UAE,Dubai,CUST2355,PROD822,TV,Samsung QLED 50,LG,1,233.98,0.25,0.18,207.07,Debit Card,Online,EMP989,1,1,Standard,10,USD
ORD121087,24-03-2024,BR53,Germany,Munich,CUST8498,PROD404,Tablet,iPad Air,Dell,2,1655.73,0.17,0.18,3243.24,Debit Card,Online,EMP738,0,1,Same Day,9,AED
ORD121088,23-12-2023,BR2,India,Delhi,CUST9285,PROD897,Accessories,Keyboard,Apple,1,335.59,0.06,0.18,372.24,UPI,Online,EMP466,2,1,Same Day,2,INR
ORD121089,16-03-2023,BR31,UK,Manchester,CUST4651,PROD525,Mobile,iPhone 14,Dell,3,785.24,0.01,0.18,2751.95,Debit Card,Online,EMP242,1,0,Standard,9,EUR
ORD121090,26-10-2024,BR21,UK,Manchester,CUST8233,PROD600,Tablet,Samsung Galaxy Tab,Lenovo,2,96.09,0.1,0.18,204.1,Debit Card,In-Store,EMP923,2,1,Express,3,USD
ORD121091,18-01-2024,BR3,USA,Dallas,CUST6493,PROD463,Accessories,Keyboard,Samsung,4,1597.29,0,0.18,7539.21,Credit Card,Online,EMP504,3,1,Express,3,INR
ORD121092,17-04-2023,BR30,Germany,Hamburg,CUST9610,PROD791,Laptop,MacBook Air M2,Apple,4,1717.69,0.29,0.18,5756.32,Credit Card,Online,EMP840,0,0,Express,4,GBP
ORD121093,01-10-2024,BR75,India,Pune,CUST5239,PROD944,Mobile,iPhone 14,LG,2,724.1,0.18,0.18,1401.28,Credit Card,In-Store,EMP490,3,0,Same Day,2,AED
ORD121094,25-08-2024,BR36,India,Pune,CUST2202,PROD692,TV,LG OLED 48,OnePlus,4,1240.57,0.03,0.18,5679.83,Credit Card,Online,EMP612,0,0,Standard,8,USD
ORD121095,26-04-2023,BR14,USA,New York,CUST9915,PROD863,Laptop,Dell XPS 13,Lenovo,5,1478.59,0,0.18,8723.68,Net Banking,In-Store,EMP241,3,1,Express,1,AED
ORD121096,08-08-2024,BR38,Germany,Berlin,CUST6966,PROD908,Accessories,Wireless Mouse,Samsung,4,1883.51,0.27,0.18,6489.82,Debit Card,In-Store,EMP212,2,0,Express,10,USD
ORD121097,20-07-2024,BR108,India,Mumbai,CUST7528,PROD370,Laptop,Dell XPS 13,HP,1,853.85,0.02,0.18,987.39,Credit Card,Online,EMP559,3,1,Same Day,3,GBP
ORD121098,06-01-2024,BR56,UAE,Abu Dhabi,CUST3607,PROD255,Accessories,Keyboard,Sony,4,571.86,0.08,0.18,2483.24,UPI,In-Store,EMP363,3,0,Express,4,USD
ORD121099,08-11-2023,BR82,USA,Chicago,CUST4802,PROD959,TV,Sony Bravia 55,LG,5,153.14,0.13,0.18,786.07,Net Banking,In-Store,EMP673,3,1,Standard,6,USD
ORD121100,18-06-2024,BR112,India,Delhi,CUST9679,PROD632,Accessories,Bluetooth Headphones,LG,5,1590.39,0.25,0.18,7037.48,Net Banking,In-Store,EMP675,2,1,Same Day,4,EUR
ORD121101,13-06-2023,BR48,UK,Manchester,CUST2669,PROD835,Tablet,iPad Air,Lenovo,3,833.57,0.27,0.18,2154.11,Debit Card,Online,EMP335,2,1,Same Day,8,AED
ORD121102,21-11-2023,BR57,India,Bangalore,CUST9723,PROD915,Mobile,iPhone 14,Lenovo,4,279.22,0,0.18,1317.92,Cash,Online,EMP400,2,0,Express,7,EUR
ORD121103,04-09-2023,BR42,UAE,Abu Dhabi,CUST4168,PROD959,Tablet,Lenovo Tab P11,Apple,1,736.25,0.17,0.18,721.08,Cash,Online,EMP804,3,0,Standard,1,AED
ORD121104,11-09-2024,BR76,India,Mumbai,CUST7640,PROD298,TV,Samsung QLED 50,OnePlus,2,94.69,0.15,0.18,189.95,Net Banking,In-Store,EMP647,1,1,Express,5,GBP
ORD121105,09-08-2023,BR103,India,Pune,CUST6835,PROD759,Accessories,Bluetooth Headphones,Apple,3,515.93,0.17,0.18,1515.91,UPI,In-Store,EMP699,3,1,Express,7,INR
ORD121106,24-02-2024,BR31,India,Pune,CUST3961,PROD937,Tablet,iPad Air,Apple,5,105.82,0.27,0.18,455.77,Debit Card,Online,EMP992,2,0,Standard,3,GBP
ORD121107,17-04-2024,BR50,USA,Chicago,CUST1291,PROD839,Laptop,MacBook Air M2,Samsung,5,383.7,0.18,0.18,1856.34,UPI,In-Store,EMP358,2,0,Standard,8,USD
ORD121108,26-10-2024,BR71,India,Bangalore,CUST9183,PROD997,Accessories,Keyboard,OnePlus,2,973.87,0.07,0.18,2137.45,Debit Card,Online,EMP701,0,0,Express,7,AED
ORD121109,16-01-2024,BR66,UK,London,CUST1539,PROD192,TV,LG OLED 48,Lenovo,4,652.84,0.02,0.18,3019.78,Credit Card,In-Store,EMP539,0,1,Express,1,INR
ORD121110,16-12-2023,BR106,UK,London,CUST2115,PROD404,Tablet,Samsung Galaxy Tab,Samsung,4,1788.73,0.05,0.18,8020.67,UPI,Online,EMP660,3,0,Same Day,2,EUR
ORD121111,22-05-2023,BR73,Germany,Munich,CUST5551,PROD712,Laptop,Dell XPS 13,Dell,2,111.98,0.01,0.18,261.63,Net Banking,In-Store,EMP330,0,0,Same Day,4,INR
ORD121112,24-11-2023,BR21,UK,Birmingham,CUST4473,PROD523,Tablet,Samsung Galaxy Tab,HP,2,1143.96,0.1,0.18,2429.77,Cash,In-Store,EMP250,0,1,Standard,3,EUR
ORD121113,29-08-2024,BR58,India,Pune,CUST7781,PROD588,Laptop,MacBook Air M2,HP,5,1867.01,0,0.18,11015.36,UPI,Online,EMP860,2,0,Express,3,AED
ORD121114,04-07-2023,BR115,Germany,Munich,CUST6122,PROD604,Accessories,Wireless Mouse,Samsung,4,1040.31,0.16,0.18,4124.62,Credit Card,Online,EMP545,1,1,Same Day,5,EUR
ORD121115,15-06-2023,BR9,India,Bangalore,CUST1721,PROD476,Accessories,Wireless Mouse,Dell,2,141.73,0.06,0.18,314.41,Credit Card,In-Store,EMP357,3,1,Express,7,INR
ORD121116,23-09-2023,BR60,USA,Dallas,CUST5816,PROD957,Laptop,MacBook Air M2,LG,4,84.45,0.14,0.18,342.8,Credit Card,Online,EMP620,3,0,Standard,2,INR
ORD121117,06-03-2024,BR33,India,Delhi,CUST6293,PROD225,Tablet,iPad Air,LG,4,1032.72,0.23,0.18,3753.32,Credit Card,In-Store,EMP389,2,0,Express,2,INR
ORD121118,24-10-2023,BR60,UK,Birmingham,CUST1165,PROD877,Tablet,iPad Air,Sony,3,1531.8,0.13,0.18,4717.64,Credit Card,Online,EMP506,0,0,Same Day,10,INR
ORD121119,12-11-2024,BR108,USA,Chicago,CUST5421,PROD459,Tablet,Samsung Galaxy Tab,OnePlus,2,1875.32,0.29,0.18,3142.29,Credit Card,Online,EMP269,2,1,Express,10,AED
ORD121120,06-02-2024,BR111,UAE,Abu Dhabi,CUST9253,PROD108,Mobile,iPhone 14,LG,3,1946.96,0.05,0.18,6547.63,Net Banking,Online,EMP900,2,1,Same Day,6,EUR
ORD121121,08-05-2024,BR101,India,Pune,CUST2758,PROD564,Accessories,Bluetooth Headphones,HP,5,907.75,0.05,0.18,5087.94,Net Banking,In-Store,EMP780,0,0,Same Day,8,AED
ORD121122,28-08-2024,BR78,USA,Chicago,CUST9920,PROD522,Tablet,iPad Air,HP,3,716.69,0.01,0.18,2511.71,Cash,In-Store,EMP396,1,1,Same Day,10,GBP
ORD121123,17-12-2023,BR13,UK,London,CUST8493,PROD695,Tablet,Lenovo Tab P11,LG,5,772.54,0.27,0.18,3327.33,Cash,Online,EMP770,0,1,Express,2,AED
ORD121124,07-12-2024,BR10,USA,Los Angeles,CUST8460,PROD113,Laptop,HP Spectre x360,LG,5,1958.41,0.2,0.18,9243.7,Net Banking,In-Store,EMP905,2,0,Standard,3,GBP
ORD121125,09-09-2023,BR64,USA,New York,CUST5972,PROD524,Tablet,iPad Air,OnePlus,3,1865.15,0.06,0.18,6206.47,Credit Card,Online,EMP301,0,1,Express,6,GBP
ORD121126,31-08-2024,BR34,India,Delhi,CUST2742,PROD803,Mobile,iPhone 14,Sony,3,1281.77,0.03,0.18,4401.34,Debit Card,In-Store,EMP533,3,0,Express,2,USD
ORD121127,26-07-2024,BR75,Germany,Berlin,CUST5120,PROD915,Laptop,HP Spectre x360,Dell,4,150.71,0.14,0.18,611.76,Cash,In-Store,EMP224,1,1,Same Day,7,AED
ORD121128,23-04-2024,BR111,UK,London,CUST8421,PROD622,Accessories,Keyboard,OnePlus,4,204.88,0.2,0.18,773.63,Debit Card,In-Store,EMP838,3,1,Express,1,AED
ORD121129,14-10-2024,BR33,Germany,Munich,CUST8119,PROD568,Tablet,Lenovo Tab P11,LG,2,1095.41,0.18,0.18,2119.84,UPI,Online,EMP332,1,0,Same Day,4,GBP
ORD121130,06-01-2024,BR118,USA,Chicago,CUST9561,PROD786,Tablet,iPad Air,Apple,1,1248.18,0.18,0.18,1207.74,Net Banking,Online,EMP365,0,1,Express,7,GBP
ORD121131,26-11-2024,BR103,UAE,Abu Dhabi,CUST5600,PROD207,Mobile,iPhone 14,HP,4,999.11,0.15,0.18,4008.43,Credit Card,Online,EMP779,3,1,Express,3,GBP
ORD121132,07-12-2023,BR8,UAE,Dubai,CUST2452,PROD661,TV,LG OLED 48,Dell,2,1303.34,0.18,0.18,2522.22,Credit Card,Online,EMP728,3,0,Standard,10,USD
ORD121133,03-11-2023,BR65,Germany,Hamburg,CUST6040,PROD906,TV,Sony Bravia 55,LG,3,1880.12,0.12,0.18,5856.95,UPI,In-Store,EMP496,3,0,Express,8,EUR
ORD121134,23-05-2024,BR42,Germany,Berlin,CUST9869,PROD384,TV,Samsung QLED 50,LG,5,1988.19,0.14,0.18,10088.08,Net Banking,Online,EMP694,2,0,Same Day,2,EUR
ORD121135,19-12-2024,BR25,India,Delhi,CUST9291,PROD776,Accessories,Keyboard,Apple,3,1476.58,0.24,0.18,3972.59,UPI,Online,EMP743,2,0,Express,1,EUR
ORD121136,12-12-2023,BR26,Germany,Hamburg,CUST7052,PROD709,Laptop,Dell XPS 13,Dell,1,434.23,0.1,0.18,461.15,Net Banking,Online,EMP866,3,1,Express,2,EUR
ORD121137,17-10-2023,BR70,India,Delhi,CUST7542,PROD314,TV,LG OLED 48,HP,3,590.1,0.05,0.18,1984.51,Net Banking,Online,EMP784,2,1,Same Day,6,EUR
ORD121138,08-06-2023,BR48,UAE,Abu Dhabi,CUST1118,PROD201,Laptop,MacBook Air M2,Apple,5,1717.99,0.28,0.18,7298.02,UPI,In-Store,EMP235,0,1,Express,3,AED
ORD121139,15-09-2024,BR77,Germany,Hamburg,CUST7772,PROD495,Laptop,HP Spectre x360,Lenovo,5,1242.89,0.18,0.18,6013.1,Cash,In-Store,EMP555,3,1,Same Day,10,USD
ORD121140,26-02-2024,BR114,India,Mumbai,CUST4400,PROD904,Mobile,iPhone 14,OnePlus,1,707.12,0.21,0.18,659.18,UPI,In-Store,EMP409,2,1,Express,10,EUR
ORD121141,10-09-2024,BR95,UAE,Dubai,CUST2900,PROD814,Tablet,iPad Air,Samsung,4,377.94,0.02,0.18,1748.2,Debit Card,Online,EMP377,0,0,Same Day,3,INR
ORD121142,14-06-2024,BR7,UK,London,CUST6027,PROD864,TV,Sony Bravia 55,Apple,5,1794.07,0.11,0.18,9420.66,Net Banking,In-Store,EMP203,1,0,Express,6,GBP
ORD121143,23-12-2023,BR48,Germany,Munich,CUST4208,PROD701,TV,LG OLED 48,HP,1,839.47,0.17,0.18,822.18,Cash,Online,EMP201,1,1,Standard,3,USD
ORD121144,09-02-2024,BR26,India,Pune,CUST7811,PROD811,TV,Sony Bravia 55,Samsung,1,1740.28,0.23,0.18,1581.22,UPI,In-Store,EMP893,0,1,Express,7,USD
ORD121145,10-08-2023,BR112,UAE,Abu Dhabi,CUST6045,PROD611,Mobile,iPhone 14,Dell,2,83.56,0.11,0.18,175.51,Net Banking,In-Store,EMP679,0,1,Standard,4,GBP
ORD121146,15-05-2023,BR40,Germany,Berlin,CUST5474,PROD628,Accessories,Bluetooth Headphones,Lenovo,5,1588.72,0.24,0.18,7123.82,Net Banking,In-Store,EMP879,1,1,Same Day,1,GBP
ORD121147,22-01-2024,BR89,UK,Birmingham,CUST8231,PROD431,Tablet,Lenovo Tab P11,Lenovo,1,1569.54,0.18,0.18,1518.69,UPI,Online,EMP308,1,0,Standard,5,EUR
ORD121148,13-12-2024,BR58,India,Bangalore,CUST4563,PROD100,Tablet,Lenovo Tab P11,Lenovo,2,905.41,0.29,0.18,1517.1,Credit Card,Online,EMP419,0,1,Express,7,INR
ORD121149,20-04-2024,BR108,UK,Birmingham,CUST5102,PROD402,Tablet,Samsung Galaxy Tab,OnePlus,5,658.75,0.11,0.18,3459.1,Debit Card,Online,EMP207,3,1,Standard,1,USD
ORD121150,06-02-2024,BR117,UAE,Dubai,CUST2318,PROD537,Laptop,Dell XPS 13,Dell,3,1336.6,0.1,0.18,4258.41,UPI,In-Store,EMP492,3,1,Standard,6,EUR
ORD121151,20-12-2024,BR26,Germany,Berlin,CUST6535,PROD469,Tablet,Samsung Galaxy Tab,Apple,3,1889.18,0.19,0.18,5417.03,Cash,Online,EMP549,1,1,Same Day,3,AED
ORD121152,23-11-2024,BR59,UAE,Dubai,CUST1324,PROD564,Mobile,Samsung Galaxy S23,Dell,2,1767.86,0,0.18,4172.15,Cash,In-Store,EMP721,1,1,Same Day,1,AED
ORD121153,19-01-2023,BR117,UK,London,CUST9794,PROD690,Tablet,Samsung Galaxy Tab,LG,3,1631.54,0.29,0.18,4100.71,Net Banking,Online,EMP545,2,1,Same Day,1,EUR
ORD121154,09-04-2024,BR30,Germany,Munich,CUST2774,PROD543,Accessories,Bluetooth Headphones,Apple,1,420.58,0.24,0.18,377.18,UPI,Online,EMP215,2,0,Same Day,5,AED
ORD121155,04-05-2023,BR7,India,Mumbai,CUST2175,PROD602,Tablet,Lenovo Tab P11,Apple,1,1825.13,0.25,0.18,1615.24,Credit Card,In-Store,EMP764,3,0,Standard,3,INR
ORD121156,09-12-2023,BR72,Germany,Hamburg,CUST1985,PROD619,TV,LG OLED 48,Lenovo,5,1541.45,0.09,0.18,8276.05,Credit Card,Online,EMP718,2,1,Standard,1,EUR
ORD121157,25-03-2023,BR100,Germany,Hamburg,CUST5837,PROD934,Accessories,Keyboard,OnePlus,5,1073.82,0.07,0.18,5892.05,Cash,Online,EMP782,0,0,Same Day,3,GBP
ORD121158,11-04-2023,BR38,India,Delhi,CUST1153,PROD560,TV,Samsung QLED 50,LG,5,1839.35,0.1,0.18,9766.95,Credit Card,In-Store,EMP854,2,1,Same Day,7,AED
ORD121159,08-10-2023,BR23,USA,Dallas,CUST7521,PROD205,TV,Samsung QLED 50,HP,3,1142.49,0.07,0.18,3761.31,Credit Card,In-Store,EMP742,1,0,Express,7,EUR
ORD121160,27-06-2023,BR72,India,Delhi,CUST3032,PROD103,TV,Samsung QLED 50,Samsung,3,126.1,0.25,0.18,334.8,UPI,In-Store,EMP243,1,1,Same Day,2,AED
ORD121161,08-10-2024,BR65,Germany,Munich,CUST8231,PROD349,Laptop,Dell XPS 13,Samsung,3,791.85,0.04,0.18,2691.02,Cash,Online,EMP964,0,0,Express,5,EUR
ORD121162,17-02-2024,BR52,UAE,Abu Dhabi,CUST1882,PROD727,Laptop,HP Spectre x360,Apple,1,163.21,0.06,0.18,181.03,Credit Card,In-Store,EMP308,3,1,Standard,6,AED
ORD121163,23-02-2024,BR91,UAE,Dubai,CUST4371,PROD443,Laptop,MacBook Air M2,Apple,4,94.35,0.16,0.18,374.08,UPI,In-Store,EMP730,3,1,Express,9,AED
ORD121164,17-05-2024,BR55,UK,Birmingham,CUST8946,PROD904,TV,Samsung QLED 50,Dell,3,878.38,0.21,0.18,2456.48,UPI,In-Store,EMP247,2,0,Express,5,GBP
ORD121165,17-11-2023,BR21,UK,London,CUST5292,PROD482,Mobile,Samsung Galaxy S23,Samsung,2,869.89,0.11,0.18,1827.12,Cash,In-Store,EMP931,1,0,Standard,8,GBP
ORD121166,13-06-2024,BR90,USA,Los Angeles,CUST1909,PROD434,Accessories,Keyboard,Dell,1,442.81,0.25,0.18,391.89,Debit Card,In-Store,EMP629,0,1,Standard,1,GBP
ORD121167,27-03-2023,BR38,UK,Manchester,CUST5639,PROD752,Tablet,Lenovo Tab P11,LG,3,655.56,0.05,0.18,2204.65,Debit Card,Online,EMP525,3,0,Express,2,USD
ORD121168,29-11-2023,BR36,USA,Dallas,CUST9885,PROD115,TV,Sony Bravia 55,Sony,3,570.48,0.03,0.18,1958.91,Cash,Online,EMP776,3,1,Standard,8,EUR
ORD121169,11-01-2024,BR47,UK,Manchester,CUST3105,PROD604,TV,Samsung QLED 50,LG,4,185.18,0.07,0.18,812.87,Credit Card,In-Store,EMP935,1,0,Standard,2,GBP
ORD121170,30-07-2023,BR117,UK,Manchester,CUST6113,PROD634,Mobile,iPhone 14,Dell,5,808.59,0.26,0.18,3530.3,Debit Card,In-Store,EMP995,1,0,Express,6,INR
ORD121171,17-06-2023,BR60,UK,London,CUST5547,PROD730,TV,LG OLED 48,Apple,4,1648.35,0.04,0.18,7469,Net Banking,Online,EMP896,3,1,Standard,7,INR
ORD121172,21-12-2024,BR79,India,Delhi,CUST1389,PROD773,Tablet,iPad Air,OnePlus,2,806.79,0.22,0.18,1485.14,Debit Card,In-Store,EMP958,1,1,Same Day,1,INR
ORD121173,15-11-2023,BR75,UAE,Abu Dhabi,CUST3083,PROD191,Tablet,Samsung Galaxy Tab,Sony,4,1041.89,0.23,0.18,3786.65,Credit Card,In-Store,EMP819,0,0,Express,5,INR
ORD121174,05-04-2023,BR14,India,Bangalore,CUST9837,PROD796,TV,Samsung QLED 50,Samsung,2,300.26,0.15,0.18,602.32,Credit Card,In-Store,EMP506,0,0,Express,7,INR
ORD121175,31-08-2024,BR39,Germany,Hamburg,CUST8113,PROD638,Mobile,iPhone 14,Sony,4,364.94,0.3,0.18,1205.76,Debit Card,Online,EMP696,1,0,Standard,3,AED
ORD121176,07-09-2024,BR79,India,Pune,CUST2436,PROD747,Accessories,Bluetooth Headphones,HP,2,452.46,0.23,0.18,822.21,Credit Card,In-Store,EMP323,0,0,Express,7,AED
ORD121177,21-12-2023,BR48,India,Delhi,CUST3278,PROD322,Laptop,Dell XPS 13,HP,3,588.58,0.24,0.18,1583.52,Debit Card,In-Store,EMP929,2,0,Standard,4,EUR
ORD121178,26-10-2023,BR63,UAE,Abu Dhabi,CUST4351,PROD620,Accessories,Bluetooth Headphones,LG,1,1572.35,0.15,0.18,1577.07,Cash,Online,EMP667,1,1,Same Day,7,AED
ORD121179,21-06-2023,BR25,India,Mumbai,CUST8073,PROD885,TV,LG OLED 48,OnePlus,1,200.35,0.29,0.18,167.85,Cash,Online,EMP544,0,0,Same Day,10,EUR
ORD121180,21-04-2023,BR62,UAE,Dubai,CUST1658,PROD547,Laptop,MacBook Air M2,Apple,4,1929.39,0.25,0.18,6830.04,Net Banking,Online,EMP874,2,1,Standard,6,USD
ORD121181,18-11-2024,BR9,Germany,Munich,CUST8594,PROD478,Laptop,HP Spectre x360,Sony,2,753.04,0.09,0.18,1617.23,Credit Card,Online,EMP468,2,1,Standard,2,USD
ORD121182,13-03-2024,BR31,Germany,Munich,CUST9398,PROD547,Accessories,Keyboard,Lenovo,2,452.24,0.19,0.18,864.5,Credit Card,Online,EMP747,2,0,Standard,2,GBP
ORD121183,10-07-2023,BR43,Germany,Munich,CUST2708,PROD857,Accessories,Keyboard,HP,1,924.32,0.28,0.18,785.3,Cash,In-Store,EMP984,2,1,Standard,7,INR
ORD121184,13-12-2023,BR48,Germany,Hamburg,CUST2811,PROD219,TV,Sony Bravia 55,LG,3,478.79,0.04,0.18,1627.12,Net Banking,In-Store,EMP712,1,1,Same Day,5,EUR
ORD121185,08-03-2023,BR58,Germany,Munich,CUST6993,PROD643,Laptop,Dell XPS 13,Apple,1,357.41,0.25,0.18,316.31,UPI,In-Store,EMP517,1,0,Express,9,GBP
ORD121186,07-07-2023,BR87,India,Delhi,CUST4777,PROD623,Laptop,Dell XPS 13,Dell,2,1312.22,0.16,0.18,2601.34,Credit Card,Online,EMP434,1,1,Express,4,USD
ORD121187,08-10-2023,BR5,India,Bangalore,CUST3955,PROD568,Tablet,Samsung Galaxy Tab,Dell,1,1137.7,0.26,0.18,993.44,Debit Card,In-Store,EMP650,3,1,Same Day,8,USD
ORD121188,20-02-2024,BR88,Germany,Berlin,CUST2662,PROD358,TV,LG OLED 48,Lenovo,3,100.28,0.04,0.18,340.79,Credit Card,Online,EMP749,3,0,Express,4,USD
ORD121189,24-09-2024,BR69,Germany,Munich,CUST3055,PROD514,TV,Sony Bravia 55,Sony,1,1710.58,0.15,0.18,1715.71,Credit Card,Online,EMP638,1,1,Same Day,5,AED
ORD121190,19-03-2023,BR52,UAE,Dubai,CUST5172,PROD692,Tablet,Samsung Galaxy Tab,Sony,1,1518.37,0.03,0.18,1737.93,Net Banking,Online,EMP758,3,1,Standard,4,GBP
ORD121191,14-10-2024,BR109,UK,Birmingham,CUST4858,PROD327,Tablet,Samsung Galaxy Tab,Apple,3,1679.59,0.2,0.18,4756.6,UPI,In-Store,EMP853,2,1,Standard,7,EUR
ORD121192,02-01-2024,BR119,Germany,Hamburg,CUST5501,PROD205,Mobile,iPhone 14,Sony,4,691.03,0.05,0.18,3098.58,Credit Card,In-Store,EMP926,0,1,Express,8,EUR
ORD121193,24-05-2024,BR7,UK,London,CUST4069,PROD989,Mobile,Samsung Galaxy S23,Sony,2,1508.81,0.11,0.18,3169.1,Debit Card,Online,EMP497,2,1,Express,9,EUR
ORD121194,04-12-2023,BR23,India,Delhi,CUST8303,PROD202,Laptop,Dell XPS 13,Apple,5,119.9,0.16,0.18,594.22,Cash,In-Store,EMP587,3,1,Express,1,USD
ORD121195,06-12-2024,BR1,UAE,Dubai,CUST4553,PROD378,Mobile,iPhone 14,LG,2,473.44,0.15,0.18,949.72,Credit Card,Online,EMP877,1,0,Standard,1,GBP
ORD121196,26-07-2024,BR83,UAE,Dubai,CUST3779,PROD516,Mobile,Samsung Galaxy S23,Dell,5,1943,0.28,0.18,8253.86,UPI,Online,EMP847,3,1,Same Day,8,INR
ORD121197,12-06-2023,BR41,USA,Chicago,CUST3533,PROD870,Tablet,Samsung Galaxy Tab,Dell,1,74.68,0.11,0.18,78.43,Net Banking,Online,EMP603,1,1,Standard,3,INR
ORD121198,26-06-2024,BR62,UK,Manchester,CUST3483,PROD949,Mobile,Samsung Galaxy S23,OnePlus,5,1375.17,0.15,0.18,6896.48,Credit Card,In-Store,EMP537,0,0,Standard,2,INR
ORD121199,05-02-2023,BR30,India,Delhi,CUST6392,PROD417,Tablet,Samsung Galaxy Tab,LG,2,1445.35,0.17,0.18,2831.15,Net Banking,Online,EMP815,2,0,Express,7,USD
ORD121200,29-12-2023,BR39,Germany,Berlin,CUST8344,PROD597,Laptop,MacBook Air M2,Apple,2,1628.08,0.24,0.18,2920.12,UPI,Online,EMP290,1,1,Same Day,9,AED
ORD121201,07-03-2023,BR90,UAE,Abu Dhabi,CUST3774,PROD683,Accessories,Keyboard,Lenovo,1,1168.6,0,0.18,1378.95,Net Banking,In-Store,EMP978,0,1,Same Day,9,USD
ORD121202,03-04-2024,BR118,USA,New York,CUST7959,PROD774,TV,Sony Bravia 55,Sony,5,791.42,0.25,0.18,3502.03,Credit Card,Online,EMP257,3,0,Same Day,5,INR
ORD121203,28-09-2024,BR23,USA,Los Angeles,CUST7323,PROD995,Tablet,iPad Air,Sony,3,1391,0.12,0.18,4333.24,Cash,In-Store,EMP215,0,1,Same Day,7,INR
ORD121204,17-06-2024,BR83,Germany,Berlin,CUST8564,PROD944,TV,LG OLED 48,Lenovo,3,291.49,0.3,0.18,722.31,Net Banking,In-Store,EMP965,0,1,Express,6,GBP
ORD121205,15-12-2024,BR52,UAE,Dubai,CUST2583,PROD796,Mobile,Samsung Galaxy S23,HP,1,852.65,0.15,0.18,855.21,Debit Card,Online,EMP444,3,0,Standard,7,AED
ORD121206,02-12-2024,BR31,USA,Chicago,CUST9812,PROD849,Mobile,Samsung Galaxy S23,LG,3,409.65,0.12,0.18,1276.14,Debit Card,In-Store,EMP911,3,0,Same Day,9,GBP
ORD121207,08-04-2024,BR65,Germany,Munich,CUST9394,PROD890,Accessories,Keyboard,HP,1,717.43,0.23,0.18,651.86,Credit Card,Online,EMP936,0,1,Express,4,USD
ORD121208,10-10-2023,BR19,Germany,Munich,CUST7836,PROD341,Mobile,Samsung Galaxy S23,Sony,2,1195.64,0,0.18,2821.71,Debit Card,In-Store,EMP443,0,0,Standard,1,AED
ORD121209,21-12-2024,BR67,UK,Birmingham,CUST4837,PROD384,Tablet,iPad Air,Dell,3,992.59,0.17,0.18,2916.43,Credit Card,In-Store,EMP816,3,1,Standard,10,INR
ORD121210,14-09-2024,BR1,Germany,Munich,CUST7758,PROD608,Tablet,iPad Air,Sony,3,1466.83,0.21,0.18,4102.14,Debit Card,Online,EMP865,0,1,Same Day,2,GBP
ORD121211,21-10-2023,BR72,USA,Los Angeles,CUST3064,PROD417,Laptop,Dell XPS 13,LG,1,951.24,0.19,0.18,909.2,Debit Card,In-Store,EMP672,3,0,Same Day,1,AED
ORD121212,10-01-2024,BR30,India,Delhi,CUST2678,PROD145,Accessories,Wireless Mouse,HP,3,1153.11,0.2,0.18,3265.61,Net Banking,Online,EMP254,0,0,Express,9,USD
ORD121213,02-06-2024,BR55,USA,New York,CUST8111,PROD231,TV,Sony Bravia 55,LG,2,1681.36,0.1,0.18,3571.21,Debit Card,Online,EMP965,2,1,Express,6,AED
ORD121214,10-09-2023,BR72,USA,Dallas,CUST9832,PROD266,Accessories,Wireless Mouse,Dell,5,620.32,0.2,0.18,2927.91,UPI,Online,EMP990,1,0,Same Day,3,EUR
ORD121215,31-01-2023,BR15,USA,Dallas,CUST8292,PROD236,Accessories,Keyboard,Lenovo,1,70.99,0.19,0.18,67.85,Net Banking,In-Store,EMP957,3,1,Standard,8,INR
ORD121216,07-10-2023,BR61,USA,New York,CUST6547,PROD319,TV,LG OLED 48,LG,2,1126.63,0.01,0.18,2632.26,Net Banking,Online,EMP914,3,0,Same Day,1,EUR
ORD121217,13-09-2024,BR3,USA,Los Angeles,CUST3137,PROD206,Mobile,iPhone 14,Lenovo,5,1722.59,0.28,0.18,7317.56,Debit Card,Online,EMP226,2,0,Same Day,3,GBP
ORD121218,12-05-2024,BR7,UAE,Dubai,CUST9906,PROD174,Accessories,Wireless Mouse,Samsung,3,142.08,0.27,0.18,367.16,Net Banking,Online,EMP857,1,0,Standard,7,AED
ORD121219,26-08-2023,BR43,UAE,Abu Dhabi,CUST3134,PROD715,Laptop,MacBook Air M2,HP,2,734.34,0.25,0.18,1299.78,UPI,Online,EMP204,1,0,Standard,4,GBP
ORD121220,07-07-2023,BR78,USA,New York,CUST5479,PROD917,Tablet,Samsung Galaxy Tab,Apple,2,1416.11,0.2,0.18,2673.62,Debit Card,Online,EMP524,1,1,Standard,4,INR
ORD121221,24-06-2024,BR86,UK,London,CUST9479,PROD119,Tablet,iPad Air,HP,1,167.27,0.14,0.18,169.75,Credit Card,In-Store,EMP819,3,1,Same Day,10,AED
ORD121222,11-06-2023,BR41,UAE,Abu Dhabi,CUST6004,PROD101,Mobile,OnePlus 11,Sony,3,1295.58,0.23,0.18,3531.49,UPI,In-Store,EMP936,2,1,Express,8,GBP
ORD121223,31-08-2023,BR53,UK,London,CUST3018,PROD974,Tablet,Samsung Galaxy Tab,Lenovo,4,1243.67,0.29,0.18,4167.79,Credit Card,Online,EMP730,2,1,Same Day,10,AED
ORD121224,19-01-2024,BR64,Germany,Berlin,CUST2133,PROD886,Accessories,Wireless Mouse,Apple,5,837.49,0.15,0.18,4200.01,Credit Card,Online,EMP979,3,1,Standard,6,USD
ORD121225,07-09-2023,BR68,Germany,Hamburg,CUST7669,PROD519,Accessories,Wireless Mouse,Samsung,5,479.31,0.12,0.18,2488.58,Cash,In-Store,EMP366,3,1,Express,2,EUR
ORD121226,01-01-2023,BR90,Germany,Hamburg,CUST3876,PROD673,Mobile,OnePlus 11,OnePlus,3,330.05,0.2,0.18,934.7,Credit Card,Online,EMP828,0,0,Standard,3,INR
ORD121227,03-09-2023,BR16,Germany,Munich,CUST9322,PROD230,Mobile,OnePlus 11,Dell,3,125.35,0.27,0.18,323.93,Cash,Online,EMP929,3,0,Express,10,EUR
ORD121228,11-08-2023,BR94,USA,Chicago,CUST8267,PROD139,Laptop,HP Spectre x360,Sony,4,1790.28,0.02,0.18,8281.12,Net Banking,Online,EMP900,0,1,Express,2,USD
ORD121229,22-03-2024,BR32,India,Pune,CUST7066,PROD967,Accessories,Wireless Mouse,Dell,1,1992.93,0.06,0.18,2210.56,Net Banking,Online,EMP850,1,0,Express,7,USD
ORD121230,21-12-2023,BR93,India,Delhi,CUST7138,PROD361,Mobile,iPhone 14,Sony,5,1219.59,0.08,0.18,6619.93,Debit Card,In-Store,EMP929,1,1,Standard,4,INR
ORD121231,23-01-2024,BR108,UAE,Dubai,CUST5063,PROD739,Mobile,iPhone 14,HP,2,1600.41,0.22,0.18,2946.03,Credit Card,In-Store,EMP419,0,1,Same Day,7,EUR
ORD121232,05-04-2024,BR102,UAE,Dubai,CUST2058,PROD707,TV,Samsung QLED 50,OnePlus,4,827.63,0.15,0.18,3320.45,Debit Card,Online,EMP738,1,1,Express,3,USD
ORD121233,13-11-2023,BR42,India,Bangalore,CUST7494,PROD857,Tablet,iPad Air,Sony,4,1103.82,0.09,0.18,4741.13,Debit Card,Online,EMP250,0,0,Express,6,AED
ORD121234,19-08-2024,BR66,UAE,Dubai,CUST8444,PROD322,TV,Samsung QLED 50,Lenovo,5,1307.7,0.02,0.18,7561.12,UPI,In-Store,EMP609,3,1,Same Day,7,EUR
ORD121235,15-01-2023,BR83,Germany,Hamburg,CUST8486,PROD118,Mobile,Samsung Galaxy S23,Samsung,1,362.36,0.1,0.18,384.83,UPI,In-Store,EMP966,2,0,Standard,6,INR
ORD121236,22-11-2023,BR114,UK,London,CUST6497,PROD777,Mobile,iPhone 14,LG,3,815.54,0.24,0.18,2194.13,Net Banking,Online,EMP311,1,1,Same Day,6,AED
ORD121237,08-03-2023,BR33,Germany,Munich,CUST4798,PROD198,TV,Sony Bravia 55,Dell,2,544.14,0.3,0.18,898.92,UPI,Online,EMP835,3,1,Standard,8,GBP
ORD121238,25-11-2024,BR65,USA,Los Angeles,CUST3290,PROD649,TV,Sony Bravia 55,Dell,4,301.05,0.1,0.18,1278.86,UPI,In-Store,EMP542,2,1,Standard,2,GBP
ORD121239,20-09-2023,BR83,USA,Los Angeles,CUST3135,PROD307,Tablet,iPad Air,HP,5,1584.11,0.21,0.18,7383.54,Debit Card,In-Store,EMP214,0,0,Same Day,5,EUR
ORD121240,22-05-2024,BR2,Germany,Munich,CUST2140,PROD526,Tablet,iPad Air,Lenovo,1,1448.38,0.29,0.18,1213.45,Debit Card,Online,EMP251,2,1,Express,8,EUR
ORD121241,16-07-2024,BR73,India,Mumbai,CUST1393,PROD452,Accessories,Keyboard,Apple,2,518.82,0.06,0.18,1150.95,Debit Card,Online,EMP201,2,1,Same Day,1,GBP
ORD121242,10-05-2023,BR21,UK,Manchester,CUST5683,PROD249,Mobile,Samsung Galaxy S23,Dell,3,1321.92,0.17,0.18,3884.07,Debit Card,Online,EMP205,3,0,Same Day,5,USD
ORD121243,29-01-2024,BR85,UK,Manchester,CUST4933,PROD349,TV,LG OLED 48,Lenovo,1,1807.31,0.27,0.18,1556.82,Debit Card,In-Store,EMP600,3,0,Same Day,1,INR
ORD121244,05-01-2024,BR22,UK,London,CUST3860,PROD875,Laptop,Dell XPS 13,Dell,2,194.98,0.11,0.18,409.54,UPI,In-Store,EMP445,0,1,Standard,1,INR
ORD121245,18-07-2024,BR68,UK,Manchester,CUST7251,PROD862,Tablet,Samsung Galaxy Tab,LG,1,1649.57,0.21,0.18,1537.73,Debit Card,Online,EMP554,1,1,Express,4,INR
ORD121246,21-02-2024,BR47,USA,New York,CUST9429,PROD488,TV,Sony Bravia 55,HP,1,996.04,0.09,0.18,1069.55,Net Banking,Online,EMP420,1,0,Same Day,4,USD
ORD121247,14-01-2024,BR85,UAE,Dubai,CUST7249,PROD311,Mobile,OnePlus 11,Apple,2,510.19,0,0.18,1204.05,UPI,Online,EMP975,0,1,Same Day,2,USD
ORD121248,09-06-2024,BR65,Germany,Berlin,CUST1452,PROD428,TV,Sony Bravia 55,Lenovo,1,637.79,0.09,0.18,684.86,Net Banking,Online,EMP969,0,1,Express,2,EUR
ORD121249,30-09-2024,BR58,Germany,Berlin,CUST9844,PROD872,Accessories,Bluetooth Headphones,Sony,5,86.78,0.25,0.18,384,Credit Card,Online,EMP969,1,1,Express,2,AED
ORD121250,15-03-2023,BR114,USA,New York,CUST1335,PROD396,Tablet,iPad Air,Samsung,4,797.57,0,0.18,3764.53,Cash,In-Store,EMP432,0,0,Same Day,10,AED
ORD121251,13-11-2023,BR10,UAE,Dubai,CUST8009,PROD878,Mobile,Samsung Galaxy S23,Lenovo,2,588.71,0.03,0.18,1347.67,UPI,Online,EMP309,1,1,Express,7,EUR
ORD121252,26-08-2024,BR40,Germany,Munich,CUST4889,PROD526,Accessories,Bluetooth Headphones,Lenovo,2,1008.3,0.14,0.18,2046.45,UPI,In-Store,EMP461,2,1,Express,10,EUR
ORD121253,30-04-2024,BR107,Germany,Berlin,CUST7123,PROD976,Tablet,Samsung Galaxy Tab,Lenovo,1,1816.09,0.24,0.18,1628.67,Net Banking,In-Store,EMP340,0,0,Same Day,5,GBP
ORD121254,03-01-2023,BR109,USA,Chicago,CUST2608,PROD247,Mobile,iPhone 14,OnePlus,2,1954.7,0.25,0.18,3459.82,Cash,In-Store,EMP654,1,1,Same Day,9,AED
ORD121255,20-07-2023,BR20,USA,New York,CUST7451,PROD154,Mobile,iPhone 14,OnePlus,1,1755.03,0.21,0.18,1636.04,Debit Card,In-Store,EMP721,0,1,Standard,7,USD
ORD121256,27-02-2023,BR111,UAE,Abu Dhabi,CUST8284,PROD394,Tablet,iPad Air,OnePlus,1,1318.89,0,0.18,1556.29,Net Banking,Online,EMP237,0,1,Express,9,USD
ORD121257,02-12-2023,BR75,UAE,Abu Dhabi,CUST9342,PROD981,Tablet,Samsung Galaxy Tab,Lenovo,2,650.35,0.19,0.18,1243.21,UPI,Online,EMP897,0,0,Express,9,GBP
ORD121258,10-04-2024,BR21,UK,Birmingham,CUST1019,PROD637,TV,Samsung QLED 50,Apple,1,1642.41,0.08,0.18,1783,Debit Card,Online,EMP667,1,0,Standard,2,AED
ORD121259,07-10-2023,BR39,Germany,Hamburg,CUST8575,PROD468,Laptop,HP Spectre x360,Dell,3,1969.39,0.15,0.18,5925.89,UPI,In-Store,EMP343,0,0,Express,9,AED
ORD121260,02-04-2024,BR25,UAE,Abu Dhabi,CUST7976,PROD352,Accessories,Keyboard,Sony,4,1056.27,0.15,0.18,4237.76,Credit Card,Online,EMP863,1,0,Same Day,6,EUR
ORD121261,26-07-2024,BR29,UAE,Dubai,CUST9990,PROD917,Accessories,Keyboard,Sony,3,1440.21,0.25,0.18,3823.76,Net Banking,In-Store,EMP301,1,0,Express,2,EUR
ORD121262,20-09-2024,BR70,Germany,Berlin,CUST4910,PROD244,Laptop,HP Spectre x360,Apple,1,1122.52,0.11,0.18,1178.87,Cash,Online,EMP449,3,0,Standard,7,USD
ORD121263,28-01-2024,BR76,UAE,Abu Dhabi,CUST5518,PROD781,Tablet,Samsung Galaxy Tab,Apple,2,348.63,0.11,0.18,732.26,UPI,Online,EMP393,2,0,Express,2,AED
ORD121264,05-03-2023,BR12,UK,London,CUST2882,PROD958,Tablet,Samsung Galaxy Tab,Dell,3,1170.79,0.29,0.18,2942.66,Net Banking,In-Store,EMP493,1,1,Standard,8,INR
ORD121265,02-09-2023,BR73,USA,Chicago,CUST5839,PROD793,Accessories,Bluetooth Headphones,Samsung,1,1179.23,0.05,0.18,1321.92,Credit Card,In-Store,EMP386,3,0,Express,8,GBP
ORD121266,15-07-2024,BR22,Germany,Berlin,CUST1909,PROD698,Accessories,Wireless Mouse,Lenovo,4,1234.33,0.21,0.18,4602.57,Debit Card,In-Store,EMP288,3,0,Standard,6,EUR
ORD121267,17-04-2024,BR61,Germany,Munich,CUST4607,PROD124,Mobile,iPhone 14,LG,2,1536.91,0.02,0.18,3554.57,Net Banking,In-Store,EMP398,0,0,Express,4,EUR
ORD121268,14-08-2023,BR73,UK,Manchester,CUST5763,PROD235,TV,Sony Bravia 55,Lenovo,4,1071.25,0.2,0.18,4045.04,Debit Card,Online,EMP677,1,0,Same Day,8,AED
ORD121269,12-07-2024,BR76,India,Delhi,CUST1592,PROD455,TV,Samsung QLED 50,Lenovo,2,1227.48,0.05,0.18,2752.01,Debit Card,Online,EMP417,0,1,Standard,1,EUR
ORD121270,26-12-2024,BR24,Germany,Hamburg,CUST5328,PROD859,Mobile,Samsung Galaxy S23,Sony,2,1256.97,0.07,0.18,2758.8,Net Banking,In-Store,EMP336,2,0,Same Day,7,USD
ORD121271,27-03-2024,BR61,India,Pune,CUST4488,PROD458,Tablet,Samsung Galaxy Tab,HP,5,1350.98,0.21,0.18,6296.92,Net Banking,Online,EMP274,3,0,Express,3,USD
ORD121272,12-02-2024,BR14,USA,Dallas,CUST2788,PROD162,Accessories,Wireless Mouse,HP,5,1588.56,0.08,0.18,8622.7,Credit Card,Online,EMP410,3,0,Same Day,9,USD
ORD121273,12-04-2023,BR91,India,Mumbai,CUST4472,PROD437,Laptop,HP Spectre x360,LG,4,352.47,0.02,0.18,1630.39,Debit Card,In-Store,EMP722,1,1,Same Day,10,AED
ORD121274,16-08-2023,BR81,Germany,Hamburg,CUST2594,PROD998,Laptop,Dell XPS 13,LG,4,272.37,0.03,0.18,1247.02,Net Banking,In-Store,EMP657,1,1,Express,6,INR
ORD121275,06-07-2023,BR66,India,Mumbai,CUST1576,PROD960,Tablet,Samsung Galaxy Tab,Samsung,5,770.89,0.12,0.18,4002.46,Credit Card,In-Store,EMP602,3,1,Express,3,EUR
ORD121276,16-06-2024,BR42,UK,London,CUST1114,PROD110,TV,Samsung QLED 50,Dell,5,1738.74,0.14,0.18,8822.37,Net Banking,Online,EMP305,1,1,Same Day,8,INR
ORD121277,04-02-2023,BR68,India,Mumbai,CUST4502,PROD511,Tablet,Samsung Galaxy Tab,OnePlus,2,1253.04,0,0.18,2957.17,Cash,In-Store,EMP492,1,1,Express,8,GBP
ORD121278,26-12-2023,BR56,UK,Manchester,CUST2972,PROD659,TV,Samsung QLED 50,Lenovo,1,765.41,0.2,0.18,722.55,Debit Card,Online,EMP948,1,1,Same Day,1,GBP
ORD121279,17-02-2023,BR53,Germany,Munich,CUST7794,PROD196,Laptop,MacBook Air M2,Dell,2,1538.28,0.05,0.18,3448.82,Credit Card,Online,EMP988,1,0,Standard,8,INR
ORD121280,17-02-2023,BR90,UK,London,CUST7296,PROD564,TV,Samsung QLED 50,Dell,3,584.59,0.25,0.18,1552.09,Net Banking,Online,EMP748,0,0,Same Day,6,INR
ORD121281,15-02-2024,BR16,UAE,Abu Dhabi,CUST6327,PROD578,Mobile,Samsung Galaxy S23,HP,5,1608.94,0.07,0.18,8828.25,Debit Card,In-Store,EMP901,1,0,Express,6,AED
ORD121282,14-11-2023,BR26,Germany,Munich,CUST3054,PROD993,Mobile,OnePlus 11,Lenovo,3,1616.72,0.21,0.18,4521.32,Net Banking,In-Store,EMP593,2,0,Express,10,USD
ORD121283,07-05-2023,BR45,Germany,Munich,CUST5369,PROD210,TV,Samsung QLED 50,Sony,5,553.88,0.18,0.18,2679.67,Credit Card,In-Store,EMP811,1,0,Same Day,3,GBP
ORD121284,01-07-2024,BR100,UAE,Abu Dhabi,CUST9996,PROD892,Laptop,Dell XPS 13,OnePlus,2,1335.11,0.04,0.18,3024.83,UPI,Online,EMP460,3,1,Same Day,8,AED
ORD121285,10-09-2023,BR64,India,Pune,CUST6096,PROD372,TV,Samsung QLED 50,Apple,5,62.83,0.01,0.18,366.99,Net Banking,In-Store,EMP760,2,0,Standard,6,EUR
ORD121286,20-10-2023,BR19,UK,Manchester,CUST3262,PROD456,Accessories,Wireless Mouse,Samsung,3,902.81,0.13,0.18,2780.47,UPI,In-Store,EMP412,3,1,Express,10,AED
ORD121287,11-04-2024,BR70,USA,Chicago,CUST2856,PROD766,Tablet,Samsung Galaxy Tab,OnePlus,1,1574.53,0.03,0.18,1802.21,Net Banking,Online,EMP495,3,0,Same Day,7,USD
ORD121288,21-05-2023,BR1,Germany,Munich,CUST2885,PROD278,Accessories,Wireless Mouse,Apple,4,650.82,0.28,0.18,2211.75,Cash,In-Store,EMP882,0,1,Standard,1,INR
ORD121289,06-09-2024,BR24,India,Delhi,CUST9725,PROD135,Tablet,Lenovo Tab P11,Samsung,5,1146,0.13,0.18,5882.42,Net Banking,In-Store,EMP670,3,0,Standard,5,EUR
ORD121290,27-12-2023,BR13,UAE,Abu Dhabi,CUST5887,PROD899,TV,Samsung QLED 50,OnePlus,3,1777.45,0.23,0.18,4844.97,Debit Card,In-Store,EMP846,2,0,Standard,5,AED
ORD121291,09-07-2024,BR90,USA,Chicago,CUST3746,PROD609,TV,LG OLED 48,Dell,5,273.2,0.29,0.18,1144.43,Net Banking,Online,EMP239,1,1,Express,5,EUR
ORD121292,17-05-2023,BR46,India,Mumbai,CUST4533,PROD742,TV,Sony Bravia 55,Apple,1,1721.45,0.15,0.18,1726.61,Cash,In-Store,EMP756,2,0,Standard,7,AED
ORD121293,07-03-2024,BR104,India,Delhi,CUST1582,PROD763,Accessories,Bluetooth Headphones,Sony,2,66.13,0.24,0.18,118.61,Credit Card,In-Store,EMP685,0,0,Express,9,GBP
ORD121294,31-12-2024,BR94,USA,Dallas,CUST6982,PROD626,Laptop,MacBook Air M2,Samsung,4,760.33,0.14,0.18,3086.33,Credit Card,Online,EMP314,1,0,Same Day,1,GBP
ORD121295,23-10-2023,BR60,UAE,Abu Dhabi,CUST9824,PROD797,Laptop,HP Spectre x360,OnePlus,4,1918.53,0.1,0.18,8149.92,Cash,Online,EMP735,1,0,Standard,1,USD
ORD121296,01-08-2023,BR79,UAE,Abu Dhabi,CUST3421,PROD820,Tablet,Lenovo Tab P11,OnePlus,5,1084.06,0.07,0.18,5948.24,Debit Card,Online,EMP233,3,0,Standard,6,INR
ORD121297,17-11-2024,BR76,India,Bangalore,CUST6681,PROD918,Tablet,iPad Air,Samsung,5,1124.65,0.04,0.18,6370.02,Debit Card,Online,EMP521,3,1,Same Day,9,USD
ORD121298,28-10-2024,BR17,UK,Birmingham,CUST6854,PROD135,Mobile,iPhone 14,Lenovo,5,537.58,0.17,0.18,2632.53,Cash,In-Store,EMP478,2,0,Express,6,USD
ORD121299,05-04-2024,BR74,UK,London,CUST6045,PROD971,TV,Sony Bravia 55,LG,1,1130.62,0.02,0.18,1307.45,Credit Card,Online,EMP888,2,0,Same Day,9,GBP
ORD121300,03-12-2024,BR54,India,Pune,CUST7009,PROD766,Laptop,MacBook Air M2,Dell,2,1431.6,0.06,0.18,3175.86,Credit Card,In-Store,EMP409,0,0,Standard,5,EUR
ORD121301,28-02-2023,BR89,UAE,Abu Dhabi,CUST1577,PROD856,Laptop,HP Spectre x360,HP,4,1138.02,0.09,0.18,4888.02,UPI,Online,EMP615,1,1,Standard,10,GBP
ORD121302,03-05-2024,BR31,Germany,Berlin,CUST2376,PROD592,TV,LG OLED 48,Lenovo,1,710.11,0.17,0.18,695.48,Debit Card,Online,EMP352,2,0,Same Day,5,GBP
ORD121303,21-11-2024,BR57,USA,Chicago,CUST6007,PROD314,Mobile,OnePlus 11,Dell,5,701.71,0.21,0.18,3270.67,Credit Card,In-Store,EMP585,1,0,Standard,5,EUR
ORD121304,28-09-2024,BR19,Germany,Hamburg,CUST8568,PROD833,Laptop,Dell XPS 13,Samsung,3,1199.5,0.28,0.18,3057.29,UPI,Online,EMP365,0,0,Standard,4,AED
ORD121305,03-10-2023,BR9,UAE,Dubai,CUST2875,PROD260,Laptop,MacBook Air M2,Sony,3,1339.29,0.02,0.18,4646.26,Debit Card,Online,EMP333,1,1,Standard,4,INR
ORD121306,15-11-2023,BR68,India,Delhi,CUST4643,PROD276,Tablet,Samsung Galaxy Tab,Lenovo,5,1692.35,0.19,0.18,8087.74,Net Banking,In-Store,EMP664,1,0,Same Day,6,INR
ORD121307,26-07-2024,BR64,UK,Manchester,CUST9957,PROD839,Laptop,MacBook Air M2,OnePlus,4,415.18,0.17,0.18,1626.51,UPI,Online,EMP545,3,0,Same Day,3,USD
ORD121308,13-10-2023,BR42,India,Bangalore,CUST7545,PROD400,Mobile,Samsung Galaxy S23,Sony,2,1512.01,0.04,0.18,3425.61,Cash,Online,EMP225,2,1,Standard,5,USD
ORD121309,12-12-2023,BR27,UAE,Dubai,CUST3437,PROD208,TV,Sony Bravia 55,LG,1,164.66,0.27,0.18,141.84,Debit Card,Online,EMP763,1,0,Standard,5,AED
ORD121310,15-05-2023,BR72,UK,Manchester,CUST9852,PROD170,Laptop,Dell XPS 13,Samsung,1,279.27,0.26,0.18,243.86,UPI,In-Store,EMP553,2,1,Express,6,EUR
ORD121311,27-11-2024,BR24,UAE,Abu Dhabi,CUST5492,PROD322,Mobile,OnePlus 11,Dell,1,727.94,0.16,0.18,721.53,Cash,Online,EMP798,2,1,Express,5,INR
ORD121312,13-02-2023,BR106,USA,Dallas,CUST5341,PROD255,Mobile,Samsung Galaxy S23,Lenovo,2,1672.28,0.12,0.18,3472.99,Net Banking,In-Store,EMP403,1,0,Same Day,3,GBP
ORD121313,13-03-2024,BR68,UAE,Dubai,CUST6365,PROD388,Laptop,Dell XPS 13,Lenovo,4,202.46,0.03,0.18,926.94,Credit Card,Online,EMP649,0,1,Same Day,3,GBP
ORD121314,24-12-2024,BR109,UK,London,CUST7734,PROD881,TV,Samsung QLED 50,Samsung,3,272.22,0.13,0.18,838.38,Cash,In-Store,EMP660,0,1,Standard,8,AED
ORD121315,05-06-2024,BR80,India,Bangalore,CUST9063,PROD493,TV,Samsung QLED 50,Dell,2,1181.69,0.17,0.18,2314.69,UPI,Online,EMP715,2,1,Same Day,3,USD
ORD121316,27-03-2024,BR7,UAE,Abu Dhabi,CUST9453,PROD811,Laptop,MacBook Air M2,LG,5,133.87,0.16,0.18,663.46,Net Banking,Online,EMP362,1,1,Same Day,2,AED
ORD121317,19-01-2023,BR98,USA,Dallas,CUST4460,PROD150,Tablet,Lenovo Tab P11,OnePlus,3,588.75,0.19,0.18,1688.18,Credit Card,In-Store,EMP891,2,0,Express,7,USD
ORD121318,18-11-2024,BR53,UK,Manchester,CUST5135,PROD337,Accessories,Wireless Mouse,LG,1,1656.46,0.19,0.18,1583.24,UPI,Online,EMP931,1,1,Express,9,EUR
ORD121319,05-12-2023,BR1,Germany,Munich,CUST7257,PROD989,TV,LG OLED 48,Apple,1,378.71,0.3,0.18,312.81,Credit Card,In-Store,EMP431,3,0,Standard,4,GBP
ORD121320,02-06-2023,BR105,UK,Birmingham,CUST2368,PROD218,Accessories,Bluetooth Headphones,HP,1,276.1,0.23,0.18,250.86,Cash,In-Store,EMP378,3,1,Express,6,GBP
ORD121321,03-03-2023,BR83,USA,Chicago,CUST3961,PROD112,Accessories,Keyboard,Samsung,3,1709.53,0.28,0.18,4357.25,UPI,In-Store,EMP509,3,1,Express,9,USD
ORD121322,07-04-2024,BR8,UK,Manchester,CUST7299,PROD393,Laptop,HP Spectre x360,HP,1,1371.75,0.17,0.18,1343.49,Debit Card,In-Store,EMP365,0,1,Standard,3,AED
ORD121323,01-08-2024,BR66,UAE,Dubai,CUST8668,PROD960,Accessories,Keyboard,Apple,1,409.24,0.05,0.18,458.76,Net Banking,In-Store,EMP904,2,0,Standard,1,EUR
ORD121324,10-04-2024,BR79,UK,Birmingham,CUST8706,PROD214,Tablet,iPad Air,OnePlus,3,1770.26,0.04,0.18,6016.05,Credit Card,In-Store,EMP269,0,1,Express,2,GBP
ORD121325,20-06-2024,BR82,UAE,Abu Dhabi,CUST8334,PROD123,Tablet,Samsung Galaxy Tab,Lenovo,5,874.87,0.13,0.18,4490.71,Cash,Online,EMP866,3,1,Express,4,INR
ORD121326,23-06-2024,BR19,UAE,Dubai,CUST9665,PROD905,Laptop,HP Spectre x360,Samsung,4,1081.18,0.24,0.18,3878.41,Debit Card,Online,EMP918,1,1,Same Day,6,INR
ORD121327,15-05-2023,BR95,UAE,Dubai,CUST4837,PROD828,Laptop,MacBook Air M2,OnePlus,2,816.67,0.07,0.18,1792.43,Net Banking,Online,EMP735,2,1,Express,5,USD
ORD121328,28-03-2023,BR82,India,Bangalore,CUST4883,PROD897,Accessories,Bluetooth Headphones,Lenovo,4,681.46,0.08,0.18,2959.17,Debit Card,Online,EMP442,2,0,Express,6,AED
ORD121329,02-11-2023,BR31,Germany,Hamburg,CUST9705,PROD303,Mobile,iPhone 14,Samsung,3,1893.79,0.29,0.18,4759.85,Cash,Online,EMP419,3,0,Express,8,INR
ORD121330,16-03-2024,BR73,UK,London,CUST9215,PROD146,Mobile,iPhone 14,Lenovo,2,1565.42,0.03,0.18,3583.56,Credit Card,Online,EMP804,1,0,Express,4,EUR
ORD121331,03-05-2024,BR85,India,Pune,CUST8799,PROD128,Accessories,Keyboard,Apple,2,1739.81,0.05,0.18,3900.65,Net Banking,In-Store,EMP463,1,0,Standard,4,GBP
ORD121332,14-12-2024,BR111,USA,Chicago,CUST9803,PROD872,TV,Sony Bravia 55,LG,1,74.79,0.2,0.18,70.6,Debit Card,In-Store,EMP528,3,1,Express,4,USD
ORD121333,03-07-2024,BR22,India,Pune,CUST3876,PROD856,Laptop,HP Spectre x360,Samsung,3,876.75,0.09,0.18,2824.36,Credit Card,Online,EMP244,3,1,Same Day,6,EUR
ORD121334,25-07-2024,BR71,UK,Manchester,CUST9910,PROD706,TV,LG OLED 48,LG,4,1433.05,0.14,0.18,5817.04,Credit Card,In-Store,EMP621,0,1,Same Day,6,AED
ORD121335,10-07-2023,BR98,UAE,Abu Dhabi,CUST7504,PROD460,Accessories,Keyboard,Dell,3,1650.56,0.27,0.18,4265.38,UPI,In-Store,EMP489,2,0,Express,9,USD
ORD121336,08-10-2024,BR77,UAE,Dubai,CUST6581,PROD148,Laptop,Dell XPS 13,Apple,3,1989.54,0.11,0.18,6268.24,Cash,In-Store,EMP642,0,1,Standard,2,GBP
ORD121337,09-09-2023,BR50,USA,Chicago,CUST6947,PROD859,Accessories,Wireless Mouse,Dell,3,1169.25,0.2,0.18,3311.32,Credit Card,Online,EMP395,0,0,Standard,4,INR
ORD121338,28-01-2023,BR112,UAE,Abu Dhabi,CUST5047,PROD736,TV,Samsung QLED 50,OnePlus,2,1906.94,0.11,0.18,4005.34,UPI,Online,EMP904,2,1,Express,8,EUR
ORD121339,05-01-2024,BR31,UAE,Dubai,CUST1998,PROD217,Mobile,OnePlus 11,LG,1,1529.08,0.16,0.18,1515.62,Debit Card,In-Store,EMP389,0,1,Same Day,2,USD
ORD121340,29-08-2024,BR117,India,Bangalore,CUST6683,PROD905,TV,Samsung QLED 50,OnePlus,5,1575.61,0.16,0.18,7808.72,Credit Card,In-Store,EMP548,0,1,Standard,8,GBP
ORD121341,01-05-2023,BR100,USA,New York,CUST5806,PROD450,Tablet,Samsung Galaxy Tab,Apple,3,1348.93,0.04,0.18,4584.2,Credit Card,In-Store,EMP590,3,0,Standard,6,AED
ORD121342,05-07-2024,BR50,UAE,Dubai,CUST8734,PROD342,Accessories,Keyboard,Lenovo,4,324.54,0.17,0.18,1271.42,Debit Card,Online,EMP870,0,1,Express,1,GBP
ORD121343,04-05-2024,BR93,UK,Manchester,CUST7056,PROD188,Laptop,HP Spectre x360,Apple,5,1125.94,0.23,0.18,5115.15,Debit Card,Online,EMP944,0,1,Standard,5,GBP
ORD121344,10-07-2023,BR1,UAE,Dubai,CUST5570,PROD970,Accessories,Keyboard,Dell,1,1615.16,0.19,0.18,1543.77,Cash,In-Store,EMP901,0,1,Same Day,8,AED
ORD121345,22-02-2024,BR94,India,Pune,CUST8152,PROD259,Accessories,Keyboard,Samsung,4,1222.41,0.04,0.18,5538.98,Credit Card,In-Store,EMP837,1,1,Same Day,9,AED
ORD121346,09-12-2023,BR27,USA,Dallas,CUST5460,PROD408,Mobile,iPhone 14,Dell,4,606.12,0.08,0.18,2632.02,UPI,Online,EMP352,1,0,Standard,1,EUR
ORD121347,26-01-2023,BR104,Germany,Berlin,CUST3420,PROD340,Tablet,iPad Air,LG,5,411.28,0.1,0.18,2183.9,Debit Card,In-Store,EMP227,2,1,Same Day,8,INR
ORD121348,08-04-2023,BR4,India,Mumbai,CUST7323,PROD187,Laptop,HP Spectre x360,LG,1,1141.79,0.1,0.18,1212.58,Credit Card,Online,EMP780,0,0,Same Day,5,GBP
ORD121349,10-12-2024,BR97,UK,London,CUST8265,PROD170,Accessories,Bluetooth Headphones,Dell,1,609.36,0.16,0.18,604,Credit Card,Online,EMP438,3,1,Express,4,AED
ORD121350,11-11-2023,BR53,India,Mumbai,CUST6449,PROD205,Tablet,iPad Air,Sony,3,1495.83,0.13,0.18,4606.86,Net Banking,In-Store,EMP773,0,0,Standard,6,AED
ORD121351,11-04-2024,BR36,UK,London,CUST6144,PROD250,Tablet,iPad Air,Apple,1,166.98,0.03,0.18,191.13,Debit Card,In-Store,EMP949,3,1,Standard,10,GBP
ORD121352,18-02-2024,BR23,USA,Dallas,CUST8360,PROD927,Tablet,iPad Air,LG,2,656.5,0.1,0.18,1394.41,Debit Card,Online,EMP641,3,1,Same Day,9,EUR
ORD121353,24-12-2024,BR90,Germany,Munich,CUST6839,PROD999,Mobile,iPhone 14,Dell,4,1536.75,0.12,0.18,6383.04,Credit Card,In-Store,EMP850,0,1,Standard,2,INR
ORD121354,19-08-2024,BR72,UK,London,CUST8045,PROD873,Accessories,Bluetooth Headphones,Sony,5,986.2,0.11,0.18,5178.54,Net Banking,In-Store,EMP226,2,1,Standard,5,GBP
ORD121355,16-05-2024,BR80,UAE,Dubai,CUST8763,PROD794,Accessories,Bluetooth Headphones,Sony,5,1535.38,0.02,0.18,8877.57,Debit Card,Online,EMP394,1,0,Express,9,GBP
ORD121356,18-02-2023,BR48,India,Pune,CUST5393,PROD779,TV,Sony Bravia 55,OnePlus,1,1544.64,0.23,0.18,1403.46,Net Banking,In-Store,EMP388,0,0,Standard,4,AED
ORD121357,16-04-2024,BR71,India,Pune,CUST1632,PROD704,TV,Sony Bravia 55,Samsung,2,1849.41,0.03,0.18,4233.67,Cash,Online,EMP333,0,1,Express,10,USD
ORD121358,13-01-2024,BR93,USA,Dallas,CUST2806,PROD247,TV,Sony Bravia 55,Dell,1,557.75,0.08,0.18,605.49,Net Banking,In-Store,EMP855,0,1,Same Day,6,INR
ORD121359,24-01-2023,BR119,Germany,Hamburg,CUST9776,PROD811,TV,Sony Bravia 55,LG,5,1658.26,0.19,0.18,7924.82,UPI,Online,EMP597,1,1,Same Day,4,EUR
ORD121360,23-03-2023,BR102,USA,Los Angeles,CUST7287,PROD417,Laptop,MacBook Air M2,Lenovo,3,1120.9,0.05,0.18,3769.59,UPI,Online,EMP616,2,0,Express,7,INR
ORD121361,17-10-2023,BR69,India,Delhi,CUST9946,PROD967,Tablet,Samsung Galaxy Tab,Lenovo,1,1649.9,0.23,0.18,1499.1,Credit Card,Online,EMP919,1,1,Same Day,7,USD
ORD121362,18-12-2023,BR110,Germany,Hamburg,CUST6311,PROD522,TV,Samsung QLED 50,Apple,5,1222.33,0.03,0.18,6995.39,Net Banking,Online,EMP235,0,0,Same Day,5,USD
ORD121363,10-07-2024,BR108,UK,Birmingham,CUST3141,PROD141,Accessories,Keyboard,Samsung,2,1562.18,0.19,0.18,2986.26,Cash,In-Store,EMP248,0,0,Express,7,EUR
ORD121364,28-03-2024,BR101,UAE,Abu Dhabi,CUST5370,PROD196,Accessories,Bluetooth Headphones,Apple,5,211.42,0.28,0.18,898.11,Net Banking,In-Store,EMP542,3,0,Express,5,AED
ORD121365,03-09-2024,BR5,USA,Chicago,CUST4701,PROD189,Mobile,OnePlus 11,LG,4,1245.19,0.2,0.18,4701.84,Debit Card,In-Store,EMP725,2,0,Same Day,3,INR
ORD121366,19-05-2023,BR110,UK,Birmingham,CUST4586,PROD163,TV,LG OLED 48,Sony,3,1876.69,0.16,0.18,5580.53,Cash,In-Store,EMP957,1,0,Same Day,9,AED
ORD121367,05-10-2023,BR12,India,Delhi,CUST4419,PROD143,TV,Sony Bravia 55,HP,4,294.05,0.24,0.18,1054.82,Cash,Online,EMP299,3,0,Express,4,USD
ORD121368,19-11-2023,BR44,UAE,Abu Dhabi,CUST7044,PROD781,Tablet,iPad Air,Dell,1,1221.15,0.07,0.18,1340.09,UPI,Online,EMP586,3,1,Standard,1,INR
ORD121369,05-06-2024,BR36,Germany,Munich,CUST1129,PROD354,Laptop,MacBook Air M2,Sony,4,1871.21,0.24,0.18,6712.4,Cash,In-Store,EMP342,0,0,Express,4,GBP
ORD121370,13-09-2023,BR31,India,Pune,CUST4318,PROD893,Accessories,Wireless Mouse,LG,4,1609.9,0.15,0.18,6458.92,Credit Card,Online,EMP868,2,1,Same Day,10,USD
ORD121371,06-04-2023,BR70,UAE,Abu Dhabi,CUST9082,PROD571,Tablet,Samsung Galaxy Tab,Dell,3,933.82,0,0.18,3305.72,Credit Card,Online,EMP687,3,0,Express,1,AED
ORD121372,17-02-2023,BR31,UK,London,CUST3518,PROD350,TV,Sony Bravia 55,Sony,4,231.66,0.18,0.18,896.62,Net Banking,Online,EMP576,0,1,Same Day,4,INR
ORD121373,03-08-2024,BR59,USA,Dallas,CUST3538,PROD420,Tablet,Lenovo Tab P11,Lenovo,3,173.63,0.28,0.18,442.55,UPI,In-Store,EMP875,1,0,Same Day,2,INR
ORD121374,25-02-2023,BR20,UAE,Dubai,CUST6278,PROD798,Laptop,MacBook Air M2,Lenovo,3,741.62,0.07,0.18,2441.56,Debit Card,In-Store,EMP543,3,0,Same Day,9,EUR
ORD121375,01-08-2024,BR18,Germany,Berlin,CUST3844,PROD609,Tablet,Lenovo Tab P11,Sony,4,1334.7,0.21,0.18,4976.83,Credit Card,Online,EMP808,3,0,Standard,3,GBP
ORD121376,15-08-2023,BR9,India,Mumbai,CUST9079,PROD656,Laptop,MacBook Air M2,Dell,3,1705.92,0.1,0.18,5435.06,Net Banking,In-Store,EMP679,1,1,Same Day,8,AED
ORD121377,06-10-2023,BR60,UAE,Dubai,CUST8609,PROD364,Mobile,Samsung Galaxy S23,LG,3,1458.42,0.16,0.18,4336.76,UPI,In-Store,EMP898,1,0,Express,4,AED
ORD121378,30-09-2023,BR78,UK,Manchester,CUST6040,PROD920,Laptop,Dell XPS 13,OnePlus,3,694.55,0.01,0.18,2434.12,Debit Card,In-Store,EMP430,0,1,Standard,4,AED
ORD121379,17-04-2023,BR101,UAE,Dubai,CUST9226,PROD466,Laptop,HP Spectre x360,OnePlus,2,594.37,0.2,0.18,1122.17,Debit Card,In-Store,EMP794,0,0,Standard,8,GBP
ORD121380,05-10-2023,BR22,India,Pune,CUST1796,PROD743,Accessories,Wireless Mouse,Dell,4,984.1,0.21,0.18,3669.51,Cash,Online,EMP673,2,1,Standard,4,EUR
ORD121381,23-12-2024,BR10,India,Mumbai,CUST9695,PROD363,Accessories,Bluetooth Headphones,LG,3,394.12,0.1,0.18,1255.67,Credit Card,In-Store,EMP214,3,0,Standard,8,INR
ORD121382,01-12-2023,BR112,Germany,Munich,CUST1830,PROD571,Laptop,HP Spectre x360,HP,2,609.46,0.28,0.18,1035.59,UPI,Online,EMP822,3,0,Standard,8,USD
ORD121383,31-10-2024,BR67,USA,Chicago,CUST6489,PROD794,Laptop,MacBook Air M2,LG,4,180.55,0.2,0.18,681.76,Credit Card,In-Store,EMP414,1,1,Standard,3,AED
ORD121384,06-12-2023,BR7,USA,Chicago,CUST8247,PROD496,Tablet,Lenovo Tab P11,HP,2,838.81,0.29,0.18,1405.51,Credit Card,Online,EMP591,0,1,Same Day,5,USD
ORD121385,05-02-2023,BR10,USA,Chicago,CUST9777,PROD135,Accessories,Bluetooth Headphones,Lenovo,4,255.94,0.25,0.18,906.03,Debit Card,Online,EMP436,1,1,Express,7,GBP
ORD121386,05-05-2024,BR50,Germany,Berlin,CUST7418,PROD780,Mobile,Samsung Galaxy S23,Samsung,5,841.27,0.28,0.18,3573.71,Debit Card,In-Store,EMP637,0,1,Express,7,GBP
ORD121387,06-02-2023,BR73,India,Mumbai,CUST4072,PROD464,Tablet,Samsung Galaxy Tab,HP,2,1849.97,0.05,0.18,4147.63,UPI,In-Store,EMP254,3,1,Express,6,INR
ORD121388,19-06-2023,BR19,Germany,Hamburg,CUST7797,PROD565,Accessories,Wireless Mouse,LG,4,1929.3,0.14,0.18,7831.41,Net Banking,Online,EMP655,1,0,Same Day,2,EUR
ORD121389,05-06-2024,BR80,UAE,Dubai,CUST4016,PROD921,TV,LG OLED 48,OnePlus,2,871.76,0.25,0.18,1543.02,Debit Card,In-Store,EMP710,0,0,Same Day,4,GBP
ORD121390,27-06-2023,BR29,USA,Chicago,CUST1127,PROD844,Laptop,HP Spectre x360,OnePlus,5,660.81,0.23,0.18,3002.06,Net Banking,Online,EMP912,3,1,Same Day,8,GBP
ORD121391,26-06-2024,BR41,USA,New York,CUST9529,PROD245,Laptop,Dell XPS 13,HP,2,1782.82,0.15,0.18,3576.34,Net Banking,In-Store,EMP200,2,0,Express,5,INR
ORD121392,23-01-2024,BR44,Germany,Berlin,CUST1208,PROD903,Mobile,iPhone 14,OnePlus,4,1607.04,0.08,0.18,6978.41,Debit Card,In-Store,EMP618,1,0,Same Day,2,EUR
ORD121393,13-12-2023,BR61,UAE,Abu Dhabi,CUST2444,PROD646,Mobile,iPhone 14,Sony,2,378.97,0.06,0.18,840.71,Credit Card,Online,EMP233,1,1,Express,10,EUR
ORD121394,22-06-2024,BR30,India,Bangalore,CUST2482,PROD246,TV,Sony Bravia 55,HP,4,340.95,0.2,0.18,1287.43,Cash,Online,EMP502,2,1,Standard,10,USD
ORD121395,12-01-2024,BR50,USA,Los Angeles,CUST3122,PROD603,Tablet,iPad Air,Lenovo,4,1338.49,0.05,0.18,6001.79,UPI,In-Store,EMP334,0,1,Standard,2,USD
ORD121396,02-09-2024,BR97,USA,New York,CUST6864,PROD481,TV,Sony Bravia 55,HP,1,314.07,0.21,0.18,292.78,Debit Card,In-Store,EMP812,1,1,Same Day,8,USD
ORD121397,21-02-2024,BR118,Germany,Munich,CUST8826,PROD756,Accessories,Bluetooth Headphones,HP,1,1857.71,0.25,0.18,1644.07,Net Banking,Online,EMP867,0,0,Same Day,10,EUR
ORD121398,21-05-2024,BR109,USA,Dallas,CUST9493,PROD704,Mobile,Samsung Galaxy S23,OnePlus,4,856.28,0.13,0.18,3516.23,Credit Card,Online,EMP257,3,1,Express,7,GBP
ORD121399,17-04-2024,BR23,UAE,Abu Dhabi,CUST6410,PROD336,Tablet,iPad Air,HP,5,204.94,0.3,0.18,846.4,UPI,Online,EMP841,3,1,Standard,9,INR
ORD121400,21-10-2023,BR84,Germany,Hamburg,CUST7853,PROD412,TV,Sony Bravia 55,Apple,2,226.81,0.19,0.18,433.57,Cash,In-Store,EMP558,2,1,Express,10,INR
ORD121401,09-01-2024,BR98,UAE,Abu Dhabi,CUST5298,PROD327,Tablet,Samsung Galaxy Tab,LG,3,476.04,0.13,0.18,1466.11,Credit Card,In-Store,EMP946,2,1,Same Day,3,INR
ORD121402,06-08-2023,BR48,UK,Manchester,CUST7747,PROD727,Accessories,Bluetooth Headphones,LG,3,121.24,0.14,0.18,369.1,Debit Card,In-Store,EMP928,2,0,Standard,1,INR
ORD121403,11-01-2023,BR108,UAE,Dubai,CUST1209,PROD797,Tablet,iPad Air,Samsung,2,283.06,0.1,0.18,601.22,Credit Card,In-Store,EMP263,0,0,Standard,9,EUR
ORD121404,11-06-2024,BR42,UK,Birmingham,CUST4342,PROD342,Accessories,Bluetooth Headphones,Apple,3,81.96,0.25,0.18,217.6,Debit Card,Online,EMP508,3,0,Express,9,GBP
ORD121405,12-03-2023,BR87,UAE,Dubai,CUST9911,PROD841,TV,Samsung QLED 50,Sony,4,403.56,0.08,0.18,1752.42,Net Banking,Online,EMP213,3,0,Standard,1,INR
ORD121406,15-08-2024,BR30,Germany,Munich,CUST2428,PROD913,Mobile,OnePlus 11,Samsung,2,1314.95,0.24,0.18,2358.49,Debit Card,In-Store,EMP811,2,0,Same Day,6,EUR
ORD121407,13-08-2024,BR93,USA,Dallas,CUST8063,PROD755,Accessories,Bluetooth Headphones,Lenovo,4,1400.45,0.08,0.18,6081.31,Debit Card,In-Store,EMP803,1,1,Standard,7,USD
ORD121408,23-09-2023,BR37,Germany,Hamburg,CUST5099,PROD107,TV,Samsung QLED 50,Sony,4,836.93,0.08,0.18,3634.28,Cash,Online,EMP580,1,1,Express,7,GBP
ORD121409,15-11-2024,BR83,Germany,Berlin,CUST4659,PROD448,Tablet,Samsung Galaxy Tab,LG,5,259.02,0.29,0.18,1085.03,UPI,In-Store,EMP481,1,0,Express,2,INR
ORD121410,12-09-2024,BR112,UK,Birmingham,CUST3421,PROD639,Accessories,Bluetooth Headphones,LG,1,1040.19,0.15,0.18,1043.31,Debit Card,In-Store,EMP414,1,0,Express,3,GBP
ORD121411,07-04-2023,BR50,Germany,Hamburg,CUST3816,PROD684,Laptop,MacBook Air M2,Sony,3,1334.89,0.28,0.18,3402.37,UPI,In-Store,EMP381,0,0,Same Day,6,EUR
ORD121412,25-05-2023,BR45,UAE,Dubai,CUST9008,PROD869,TV,LG OLED 48,Apple,1,790.08,0.26,0.18,689.9,Debit Card,In-Store,EMP452,2,1,Standard,10,GBP
ORD121413,06-05-2024,BR105,UK,Manchester,CUST2335,PROD482,Mobile,iPhone 14,OnePlus,3,313.88,0.07,0.18,1033.36,UPI,Online,EMP868,1,1,Same Day,4,GBP
ORD121414,06-01-2024,BR55,USA,Los Angeles,CUST3069,PROD397,Laptop,Dell XPS 13,HP,5,1503.27,0.11,0.18,7893.67,Cash,In-Store,EMP288,1,1,Standard,8,GBP
ORD121415,01-06-2024,BR10,UK,London,CUST8762,PROD406,Mobile,Samsung Galaxy S23,LG,2,1161.58,0.29,0.18,1946.34,UPI,Online,EMP411,0,0,Standard,7,EUR
ORD121416,23-01-2023,BR63,Germany,Berlin,CUST6926,PROD290,Mobile,iPhone 14,Dell,5,1867.91,0.11,0.18,9808.4,Cash,Online,EMP828,2,0,Express,2,GBP
ORD121417,25-02-2023,BR95,India,Delhi,CUST4479,PROD972,TV,Sony Bravia 55,Samsung,4,120.11,0.17,0.18,470.54,Debit Card,In-Store,EMP743,0,0,Standard,3,USD
ORD121418,07-04-2024,BR85,India,Bangalore,CUST5318,PROD948,Tablet,Lenovo Tab P11,Samsung,1,1604.34,0.11,0.18,1684.88,Net Banking,In-Store,EMP942,0,1,Express,4,AED
ORD121419,12-01-2023,BR68,UAE,Dubai,CUST8716,PROD777,Mobile,iPhone 14,HP,4,960.17,0.05,0.18,4305.4,Credit Card,Online,EMP737,2,1,Express,9,AED
ORD121420,19-02-2023,BR39,UK,Birmingham,CUST9662,PROD730,TV,Sony Bravia 55,Sony,4,1344.66,0.12,0.18,5585.18,UPI,Online,EMP233,2,0,Standard,5,EUR
ORD121421,02-11-2024,BR44,UK,London,CUST3109,PROD173,TV,LG OLED 48,Sony,4,617.75,0.23,0.18,2245.15,Cash,In-Store,EMP916,3,0,Standard,6,AED
ORD121422,17-08-2023,BR120,UAE,Abu Dhabi,CUST1021,PROD924,Laptop,Dell XPS 13,Sony,1,1077.58,0.18,0.18,1042.67,UPI,Online,EMP598,2,1,Standard,2,INR
ORD121423,11-08-2023,BR114,Germany,Berlin,CUST2874,PROD505,Laptop,Dell XPS 13,Dell,5,331.14,0.29,0.18,1387.15,UPI,Online,EMP341,2,1,Same Day,9,USD
ORD121424,18-08-2024,BR30,UAE,Abu Dhabi,CUST4787,PROD690,Accessories,Wireless Mouse,HP,5,858.76,0.09,0.18,4610.68,Debit Card,In-Store,EMP313,0,1,Same Day,7,AED
ORD121425,28-06-2024,BR72,India,Bangalore,CUST7226,PROD161,Tablet,Lenovo Tab P11,Sony,1,1037.44,0,0.18,1224.18,Cash,Online,EMP206,2,1,Standard,5,AED
ORD121426,11-04-2024,BR22,UK,London,CUST4409,PROD931,Mobile,OnePlus 11,Dell,2,678.55,0.22,0.18,1249.07,Net Banking,In-Store,EMP804,3,0,Standard,1,GBP
ORD121427,05-09-2023,BR43,Germany,Berlin,CUST9468,PROD588,Tablet,iPad Air,OnePlus,5,1757.51,0,0.18,10369.31,UPI,Online,EMP369,2,1,Same Day,9,AED
ORD121428,13-11-2024,BR59,USA,New York,CUST2963,PROD546,Accessories,Wireless Mouse,Apple,4,1106.74,0.16,0.18,4388,Debit Card,Online,EMP538,3,1,Standard,3,EUR
ORD121429,17-10-2024,BR13,UAE,Abu Dhabi,CUST5958,PROD767,TV,Sony Bravia 55,Sony,2,132.42,0.05,0.18,296.89,Cash,In-Store,EMP626,0,1,Same Day,1,EUR
ORD121430,14-05-2024,BR39,UAE,Dubai,CUST6722,PROD402,Laptop,Dell XPS 13,Apple,4,88.28,0.22,0.18,325.01,Cash,Online,EMP324,0,1,Same Day,3,EUR
ORD121431,18-04-2023,BR85,India,Bangalore,CUST7650,PROD721,Accessories,Wireless Mouse,Dell,5,955.99,0.17,0.18,4681.48,Debit Card,Online,EMP813,0,1,Standard,6,INR
ORD121432,01-12-2024,BR17,UAE,Abu Dhabi,CUST5987,PROD665,Accessories,Wireless Mouse,HP,5,1748.01,0.2,0.18,8250.61,Net Banking,Online,EMP854,0,1,Standard,5,USD
ORD121433,19-05-2024,BR12,UAE,Dubai,CUST9068,PROD460,Laptop,HP Spectre x360,Samsung,2,1468.28,0.14,0.18,2980.02,Credit Card,Online,EMP840,0,0,Standard,5,AED
ORD121434,18-09-2023,BR54,USA,Dallas,CUST1282,PROD798,Accessories,Wireless Mouse,Dell,1,435.18,0.11,0.18,457.03,Cash,In-Store,EMP306,2,0,Standard,9,USD
ORD121435,27-04-2024,BR79,India,Pune,CUST1845,PROD159,Laptop,HP Spectre x360,Sony,2,740.67,0.09,0.18,1590.66,Debit Card,Online,EMP323,2,0,Express,6,INR
ORD121436,25-05-2023,BR43,UK,Birmingham,CUST2021,PROD584,Accessories,Keyboard,HP,5,622.35,0.07,0.18,3414.83,UPI,In-Store,EMP644,1,1,Same Day,10,USD
ORD121437,06-06-2023,BR62,UAE,Abu Dhabi,CUST2977,PROD997,Accessories,Keyboard,Lenovo,4,646.26,0.14,0.18,2623.3,Cash,Online,EMP632,1,1,Express,10,USD
ORD121438,15-06-2024,BR34,Germany,Munich,CUST7729,PROD284,TV,Sony Bravia 55,OnePlus,5,1915.03,0.15,0.18,9603.88,Cash,Online,EMP994,3,0,Express,1,USD
ORD121439,05-08-2024,BR7,India,Delhi,CUST6474,PROD860,TV,Samsung QLED 50,Sony,4,1342.29,0.07,0.18,5892.12,Debit Card,In-Store,EMP825,0,1,Express,2,EUR
ORD121440,02-01-2023,BR68,India,Pune,CUST4458,PROD231,TV,Sony Bravia 55,Dell,1,1700.29,0.04,0.18,1926.09,Debit Card,Online,EMP720,2,0,Express,10,INR
ORD121441,07-09-2023,BR76,India,Pune,CUST7651,PROD780,Accessories,Wireless Mouse,OnePlus,1,340.87,0.15,0.18,341.89,Cash,In-Store,EMP634,0,0,Standard,8,GBP
ORD121442,18-03-2024,BR98,UAE,Abu Dhabi,CUST7428,PROD269,Laptop,Dell XPS 13,LG,2,1826.53,0.04,0.18,4138.19,Cash,Online,EMP814,0,1,Express,9,USD
ORD121443,11-01-2024,BR44,UAE,Abu Dhabi,CUST1151,PROD986,TV,Samsung QLED 50,Apple,3,1391.39,0.09,0.18,4482.22,UPI,In-Store,EMP897,2,0,Same Day,6,USD
ORD121444,06-03-2024,BR81,India,Pune,CUST8906,PROD996,Tablet,iPad Air,Apple,5,1331.9,0.13,0.18,6836.64,Net Banking,Online,EMP582,0,0,Same Day,9,GBP
ORD121445,15-12-2024,BR83,Germany,Berlin,CUST5650,PROD648,Laptop,HP Spectre x360,Lenovo,2,1375.91,0.3,0.18,2273,Cash,Online,EMP306,0,0,Standard,4,INR
ORD121446,28-06-2023,BR3,USA,Dallas,CUST4682,PROD667,Laptop,HP Spectre x360,Apple,5,1357.9,0.25,0.18,6008.71,Debit Card,In-Store,EMP273,3,1,Standard,10,USD
ORD121447,24-11-2023,BR24,UK,London,CUST7102,PROD857,TV,Samsung QLED 50,LG,3,1592.96,0.1,0.18,5075.17,Net Banking,Online,EMP947,2,1,Standard,10,EUR
ORD121448,26-04-2023,BR113,UK,Birmingham,CUST7338,PROD900,Accessories,Keyboard,Samsung,5,874.82,0.24,0.18,3922.69,UPI,In-Store,EMP688,0,0,Standard,4,USD
ORD121449,24-05-2023,BR39,Germany,Hamburg,CUST3790,PROD157,Laptop,MacBook Air M2,OnePlus,3,260.25,0.26,0.18,681.75,Debit Card,In-Store,EMP709,0,0,Same Day,6,GBP
ORD121450,06-04-2023,BR114,Germany,Munich,CUST9309,PROD857,TV,LG OLED 48,Sony,3,1608.89,0.07,0.18,5296.79,Credit Card,In-Store,EMP873,3,0,Express,8,GBP
ORD121451,13-01-2024,BR72,UK,Manchester,CUST9062,PROD945,Mobile,iPhone 14,Samsung,3,186.17,0.06,0.18,619.5,Debit Card,In-Store,EMP980,0,0,Express,8,USD
ORD121452,09-09-2024,BR44,UK,Birmingham,CUST6481,PROD512,Mobile,Samsung Galaxy S23,Samsung,5,983.93,0.23,0.18,4469.99,Credit Card,Online,EMP719,1,0,Standard,8,AED
ORD121453,28-07-2023,BR73,UAE,Abu Dhabi,CUST7935,PROD833,Laptop,MacBook Air M2,Dell,2,479.89,0.01,0.18,1121.21,Credit Card,In-Store,EMP568,1,1,Standard,10,AED
ORD121454,19-09-2024,BR71,Germany,Hamburg,CUST5170,PROD987,Accessories,Keyboard,LG,1,1929.15,0.22,0.18,1775.59,Debit Card,Online,EMP230,1,0,Express,8,GBP
ORD121455,06-08-2023,BR110,UK,London,CUST6990,PROD763,Laptop,HP Spectre x360,LG,5,1270.66,0.2,0.18,5997.52,UPI,In-Store,EMP891,2,1,Standard,5,AED
ORD121456,14-01-2023,BR77,USA,Chicago,CUST7006,PROD726,Mobile,Samsung Galaxy S23,OnePlus,2,1481.7,0.12,0.18,3077.19,Debit Card,In-Store,EMP939,2,1,Same Day,3,GBP
ORD121457,01-07-2024,BR70,UAE,Dubai,CUST2716,PROD538,Laptop,HP Spectre x360,OnePlus,2,500.55,0.14,0.18,1015.92,Credit Card,Online,EMP736,2,1,Same Day,6,EUR
ORD121458,26-10-2023,BR58,UAE,Dubai,CUST9724,PROD731,Tablet,Samsung Galaxy Tab,Dell,4,398.54,0.15,0.18,1598.94,UPI,In-Store,EMP669,0,1,Express,4,INR
ORD121459,20-02-2023,BR84,India,Pune,CUST9211,PROD970,Laptop,HP Spectre x360,OnePlus,1,1592.04,0.23,0.18,1446.53,Cash,Online,EMP578,2,1,Express,5,INR
ORD121460,02-12-2024,BR12,India,Delhi,CUST2851,PROD411,Laptop,Dell XPS 13,Sony,2,106.41,0.12,0.18,220.99,Net Banking,In-Store,EMP778,1,1,Express,2,GBP
ORD121461,10-10-2024,BR58,Germany,Munich,CUST8554,PROD466,Accessories,Keyboard,Samsung,3,1344.36,0.2,0.18,3807.23,Credit Card,In-Store,EMP970,2,1,Standard,10,AED
ORD121462,24-06-2024,BR16,Germany,Hamburg,CUST2889,PROD948,Mobile,OnePlus 11,Lenovo,4,1403.96,0.04,0.18,6361.62,Credit Card,In-Store,EMP859,0,1,Same Day,7,USD
ORD121463,16-07-2024,BR19,India,Delhi,CUST3252,PROD438,Laptop,MacBook Air M2,HP,4,347.39,0.05,0.18,1557.7,Net Banking,In-Store,EMP252,3,1,Standard,10,AED
ORD121464,02-12-2024,BR20,USA,Los Angeles,CUST8655,PROD287,Tablet,iPad Air,OnePlus,3,1614.97,0.12,0.18,5030.95,UPI,Online,EMP604,1,0,Express,3,AED
ORD121465,09-04-2023,BR12,UK,London,CUST7049,PROD640,Accessories,Wireless Mouse,OnePlus,5,1323.97,0.02,0.18,7655.19,Net Banking,Online,EMP430,1,1,Express,9,INR
ORD121466,19-03-2024,BR75,Germany,Berlin,CUST7673,PROD223,Laptop,MacBook Air M2,Sony,4,1435.47,0.15,0.18,5759.11,UPI,In-Store,EMP651,1,1,Express,1,AED
ORD121467,07-11-2024,BR22,UAE,Abu Dhabi,CUST3264,PROD881,Accessories,Keyboard,Lenovo,1,1112.62,0.13,0.18,1142.22,Debit Card,In-Store,EMP351,2,0,Express,1,EUR
ORD121468,11-11-2024,BR45,Germany,Berlin,CUST1496,PROD209,Mobile,OnePlus 11,Apple,1,1871.87,0.09,0.18,2010.01,Debit Card,In-Store,EMP614,1,1,Standard,9,AED
ORD121469,15-12-2024,BR115,India,Bangalore,CUST6807,PROD178,Mobile,Samsung Galaxy S23,Apple,1,1607.21,0.16,0.18,1593.07,UPI,In-Store,EMP208,3,0,Standard,8,USD
ORD121470,22-03-2024,BR104,India,Bangalore,CUST1921,PROD533,Laptop,MacBook Air M2,Apple,4,278.38,0.02,0.18,1287.67,Cash,Online,EMP864,1,1,Same Day,4,AED
ORD121471,13-04-2023,BR21,UK,Manchester,CUST1616,PROD424,Tablet,Lenovo Tab P11,HP,1,212.38,0.15,0.18,213.02,Net Banking,In-Store,EMP754,1,1,Standard,4,EUR
ORD121472,02-12-2024,BR25,UAE,Dubai,CUST7333,PROD971,Mobile,Samsung Galaxy S23,HP,4,214.91,0.21,0.18,801.36,UPI,Online,EMP679,2,0,Express,1,GBP
ORD121473,26-04-2024,BR9,UAE,Dubai,CUST5158,PROD885,Laptop,MacBook Air M2,Dell,4,1816.45,0.25,0.18,6430.23,UPI,In-Store,EMP994,0,1,Standard,5,EUR
ORD121474,02-02-2024,BR83,USA,Los Angeles,CUST4914,PROD671,Mobile,OnePlus 11,LG,5,1418.73,0.17,0.18,6947.52,Debit Card,Online,EMP954,3,0,Standard,4,GBP
ORD121475,12-03-2023,BR26,India,Bangalore,CUST9755,PROD953,Mobile,iPhone 14,Lenovo,1,969.31,0.08,0.18,1052.28,UPI,Online,EMP705,2,0,Express,8,USD
ORD121476,28-09-2023,BR47,UK,Birmingham,CUST1671,PROD686,Mobile,OnePlus 11,LG,4,450.58,0.17,0.18,1765.19,Debit Card,In-Store,EMP653,0,0,Standard,6,EUR
ORD121477,11-07-2024,BR67,UK,London,CUST4721,PROD283,Tablet,iPad Air,Samsung,3,921.14,0.08,0.18,2999.97,Cash,Online,EMP853,3,0,Standard,6,USD
ORD121478,03-08-2023,BR115,UAE,Abu Dhabi,CUST4842,PROD897,Laptop,MacBook Air M2,Apple,5,298.38,0.09,0.18,1602,Cash,In-Store,EMP820,2,0,Same Day,7,AED
ORD121479,25-12-2023,BR47,UAE,Abu Dhabi,CUST8705,PROD726,Tablet,iPad Air,LG,2,262.29,0.15,0.18,526.15,Debit Card,Online,EMP491,1,1,Standard,9,GBP
ORD121480,26-04-2023,BR15,UK,Manchester,CUST1681,PROD539,Tablet,Lenovo Tab P11,HP,3,791.31,0.2,0.18,2240.99,Credit Card,In-Store,EMP317,3,0,Standard,8,EUR
ORD121481,17-08-2023,BR74,UK,London,CUST7487,PROD420,Mobile,Samsung Galaxy S23,OnePlus,3,1551.03,0.26,0.18,4063.08,Net Banking,Online,EMP428,1,1,Standard,4,INR
ORD121482,10-05-2024,BR78,USA,Chicago,CUST9876,PROD464,Laptop,HP Spectre x360,Sony,3,1406.49,0.26,0.18,3684.44,UPI,Online,EMP255,0,1,Express,1,AED
ORD121483,02-10-2024,BR19,UAE,Dubai,CUST6067,PROD969,TV,LG OLED 48,Lenovo,4,1396.64,0.23,0.18,5075.95,Credit Card,Online,EMP886,0,0,Express,9,GBP
ORD121484,18-02-2024,BR88,India,Mumbai,CUST5533,PROD408,Tablet,iPad Air,Samsung,4,1436.59,0.09,0.18,6170.44,UPI,Online,EMP572,2,0,Express,7,GBP
ORD121485,07-01-2024,BR71,UAE,Abu Dhabi,CUST9950,PROD400,Mobile,iPhone 14,Samsung,1,678.8,0.12,0.18,704.87,Credit Card,Online,EMP721,0,0,Same Day,6,USD
ORD121486,27-09-2024,BR75,USA,Chicago,CUST3703,PROD930,Laptop,MacBook Air M2,Samsung,4,620.27,0.08,0.18,2693.46,UPI,In-Store,EMP433,2,0,Express,10,EUR
ORD121487,31-03-2023,BR46,India,Mumbai,CUST1872,PROD666,Laptop,HP Spectre x360,Lenovo,4,1284.08,0.13,0.18,5272.95,Credit Card,In-Store,EMP283,3,0,Same Day,4,AED
ORD121488,04-06-2024,BR113,India,Delhi,CUST8068,PROD871,Accessories,Wireless Mouse,Apple,2,1072.8,0.05,0.18,2405.22,Net Banking,Online,EMP760,2,0,Standard,4,AED
ORD121489,11-02-2023,BR113,UK,Birmingham,CUST8435,PROD209,Accessories,Keyboard,Lenovo,3,269.76,0.13,0.18,830.81,Debit Card,Online,EMP404,1,1,Same Day,6,EUR
ORD121490,04-04-2024,BR86,UAE,Abu Dhabi,CUST8430,PROD676,Accessories,Keyboard,OnePlus,5,1611.43,0.25,0.18,7130.58,Net Banking,In-Store,EMP576,1,1,Same Day,4,USD
ORD121491,29-01-2024,BR100,USA,New York,CUST6284,PROD481,Mobile,OnePlus 11,Lenovo,1,998.78,0.17,0.18,978.21,Debit Card,In-Store,EMP840,3,0,Standard,3,USD
ORD121492,13-08-2023,BR40,USA,New York,CUST5256,PROD750,TV,LG OLED 48,Sony,1,1912.13,0.2,0.18,1805.05,Debit Card,In-Store,EMP519,2,1,Standard,1,GBP
ORD121493,02-06-2023,BR103,UK,London,CUST6130,PROD151,Mobile,OnePlus 11,Sony,2,726.13,0.14,0.18,1473.75,Net Banking,Online,EMP542,2,0,Same Day,10,AED
ORD121494,27-08-2024,BR111,India,Delhi,CUST9687,PROD278,Accessories,Wireless Mouse,Sony,2,280.64,0.13,0.18,576.21,Net Banking,Online,EMP923,3,1,Express,4,USD
ORD121495,09-04-2024,BR32,USA,Dallas,CUST6316,PROD577,Mobile,iPhone 14,HP,3,228.23,0.09,0.18,735.22,Net Banking,In-Store,EMP628,3,1,Same Day,2,INR
ORD121496,11-12-2024,BR73,Germany,Hamburg,CUST1940,PROD779,Tablet,Samsung Galaxy Tab,Sony,4,199.91,0.29,0.18,669.94,UPI,In-Store,EMP724,3,0,Standard,8,USD
ORD121497,17-05-2024,BR54,Germany,Hamburg,CUST7908,PROD667,Mobile,OnePlus 11,Lenovo,3,1825.01,0.26,0.18,4780.8,Debit Card,In-Store,EMP916,1,1,Same Day,3,GBP
ORD121498,19-03-2023,BR87,India,Bangalore,CUST4391,PROD931,Mobile,iPhone 14,HP,3,1355.62,0.27,0.18,3503.19,Cash,In-Store,EMP484,2,1,Express,4,EUR
ORD121499,07-09-2024,BR51,UK,London,CUST7561,PROD347,Mobile,OnePlus 11,HP,1,719.77,0.09,0.18,772.89,UPI,Online,EMP735,0,1,Standard,8,AED
ORD121500,28-03-2023,BR113,India,Bangalore,CUST9926,PROD240,Accessories,Bluetooth Headphones,Lenovo,1,231.57,0.19,0.18,221.33,Credit Card,In-Store,EMP924,2,1,Same Day,4,USD
ORD121501,01-08-2024,BR40,UAE,Dubai,CUST9238,PROD608,Mobile,Samsung Galaxy S23,Dell,1,222.47,0.19,0.18,212.64,Cash,Online,EMP657,0,1,Standard,8,USD
ORD121502,22-07-2023,BR86,UAE,Dubai,CUST8780,PROD143,TV,Sony Bravia 55,Lenovo,4,1767.38,0.23,0.18,6423.37,Net Banking,Online,EMP553,2,1,Standard,10,GBP
ORD121503,30-03-2024,BR34,UAE,Abu Dhabi,CUST7205,PROD259,Mobile,Samsung Galaxy S23,Lenovo,1,1956.65,0.21,0.18,1823.99,UPI,In-Store,EMP823,0,1,Same Day,1,GBP
ORD121504,31-10-2023,BR13,USA,Dallas,CUST6768,PROD895,Accessories,Wireless Mouse,HP,5,1649.71,0.24,0.18,7397.3,Cash,In-Store,EMP200,3,0,Same Day,7,USD
ORD121505,10-05-2024,BR110,Germany,Berlin,CUST9435,PROD405,TV,Sony Bravia 55,LG,3,621.52,0.02,0.18,2156.18,Net Banking,In-Store,EMP299,3,0,Standard,4,GBP
ORD121506,01-07-2024,BR39,UK,Manchester,CUST6798,PROD286,Laptop,HP Spectre x360,Dell,4,880.05,0.29,0.18,2949.22,Debit Card,In-Store,EMP864,0,1,Standard,6,INR
ORD121507,21-06-2024,BR75,UAE,Abu Dhabi,CUST9886,PROD369,Mobile,Samsung Galaxy S23,Samsung,1,284.24,0.22,0.18,261.61,Credit Card,Online,EMP289,0,1,Same Day,9,USD
ORD121508,13-08-2024,BR13,USA,Chicago,CUST2689,PROD384,Laptop,MacBook Air M2,HP,2,871.55,0.15,0.18,1748.33,UPI,In-Store,EMP562,2,0,Same Day,5,INR
ORD121509,28-02-2024,BR1,India,Delhi,CUST2635,PROD324,Tablet,iPad Air,Apple,1,251.53,0.21,0.18,234.48,Credit Card,In-Store,EMP371,0,1,Same Day,2,INR
ORD121510,07-12-2023,BR4,Germany,Berlin,CUST9292,PROD614,Mobile,OnePlus 11,Sony,2,1643.71,0,0.18,3879.16,Cash,In-Store,EMP686,1,0,Standard,8,USD
ORD121511,08-10-2024,BR16,UK,Manchester,CUST7958,PROD564,Laptop,MacBook Air M2,Samsung,4,891.08,0.11,0.18,3743.25,Net Banking,In-Store,EMP301,1,1,Standard,7,INR
ORD121512,13-09-2024,BR25,Germany,Berlin,CUST4227,PROD391,Laptop,MacBook Air M2,Dell,3,204.54,0.09,0.18,658.91,Net Banking,Online,EMP271,3,0,Same Day,2,GBP
ORD121513,27-01-2024,BR68,UAE,Abu Dhabi,CUST8370,PROD138,Laptop,Dell XPS 13,Lenovo,3,1779.66,0.05,0.18,5985,Cash,In-Store,EMP705,0,0,Express,5,INR
ORD121514,07-09-2024,BR95,Germany,Berlin,CUST1589,PROD834,Mobile,OnePlus 11,Apple,4,1782.93,0.26,0.18,6227.42,Credit Card,Online,EMP587,2,1,Same Day,6,USD
ORD121515,02-03-2024,BR58,UK,Birmingham,CUST1384,PROD439,TV,LG OLED 48,HP,5,1545.35,0.12,0.18,8023.46,UPI,Online,EMP693,3,1,Standard,1,EUR
ORD121516,11-11-2024,BR72,UK,Manchester,CUST1740,PROD966,Tablet,Samsung Galaxy Tab,Apple,1,701.92,0.1,0.18,745.44,Cash,Online,EMP237,2,1,Same Day,10,AED
ORD121517,26-06-2024,BR51,UAE,Dubai,CUST6288,PROD923,TV,LG OLED 48,OnePlus,2,199.7,0.16,0.18,395.89,Net Banking,In-Store,EMP269,0,0,Standard,5,INR
ORD121518,22-11-2023,BR79,Germany,Hamburg,CUST9044,PROD341,TV,Samsung QLED 50,Apple,5,1202.74,0.07,0.18,6599.43,Debit Card,Online,EMP741,2,0,Standard,4,AED
ORD121519,06-04-2024,BR38,India,Delhi,CUST9208,PROD823,Mobile,iPhone 14,Samsung,3,157.72,0.01,0.18,552.75,Credit Card,In-Store,EMP262,3,0,Standard,5,AED
ORD121520,30-01-2024,BR83,Germany,Berlin,CUST1027,PROD932,Tablet,iPad Air,Sony,4,1540.66,0.03,0.18,7053.76,Cash,Online,EMP478,2,0,Standard,9,EUR
ORD121521,30-10-2024,BR93,UK,London,CUST5564,PROD283,Tablet,Samsung Galaxy Tab,LG,2,1615.65,0.25,0.18,2859.7,Cash,In-Store,EMP985,2,1,Standard,9,EUR
ORD121522,24-02-2024,BR85,Germany,Munich,CUST7065,PROD417,Mobile,OnePlus 11,Samsung,4,716.75,0.24,0.18,2571.13,Cash,Online,EMP777,3,1,Express,6,AED
ORD121523,26-06-2023,BR79,USA,Chicago,CUST6390,PROD772,Laptop,MacBook Air M2,Samsung,5,1179.3,0.13,0.18,6053.35,UPI,In-Store,EMP530,1,1,Standard,5,EUR
ORD121524,11-04-2024,BR112,USA,Chicago,CUST7080,PROD298,TV,Samsung QLED 50,HP,3,574.53,0.1,0.18,1830.45,Debit Card,In-Store,EMP626,3,1,Express,4,EUR
ORD121525,29-07-2023,BR63,USA,Dallas,CUST1200,PROD729,Laptop,HP Spectre x360,Lenovo,4,284.59,0.26,0.18,994.02,UPI,Online,EMP813,0,1,Express,6,EUR
ORD121526,01-05-2023,BR65,India,Delhi,CUST6292,PROD220,Tablet,Lenovo Tab P11,Dell,3,1131.83,0.07,0.18,3726.21,Credit Card,Online,EMP928,1,0,Express,2,USD
ORD121527,06-04-2024,BR97,USA,New York,CUST7379,PROD457,Tablet,Lenovo Tab P11,OnePlus,4,833.35,0.01,0.18,3894.08,Net Banking,In-Store,EMP465,0,1,Express,3,AED
ORD121528,21-08-2023,BR115,UAE,Dubai,CUST5749,PROD608,Accessories,Wireless Mouse,Apple,3,1233.71,0.1,0.18,3930.6,Net Banking,In-Store,EMP573,1,0,Standard,9,USD
ORD121529,07-05-2023,BR75,UK,Manchester,CUST9907,PROD353,TV,Samsung QLED 50,Lenovo,4,185.19,0.24,0.18,664.31,Credit Card,Online,EMP520,3,1,Express,2,EUR
ORD121530,12-07-2023,BR35,USA,Chicago,CUST3974,PROD903,Mobile,iPhone 14,Sony,4,751.28,0.04,0.18,3404.2,Credit Card,Online,EMP435,3,0,Express,1,INR
ORD121531,03-12-2023,BR46,India,Bangalore,CUST7448,PROD503,TV,Samsung QLED 50,Dell,2,798.69,0.14,0.18,1621.02,UPI,In-Store,EMP995,2,0,Standard,8,USD
ORD121532,09-02-2023,BR14,Germany,Hamburg,CUST7454,PROD472,Tablet,Lenovo Tab P11,Sony,1,1794.79,0.28,0.18,1524.85,UPI,Online,EMP206,3,0,Same Day,9,USD
ORD121533,10-02-2023,BR9,USA,Los Angeles,CUST5138,PROD936,Mobile,iPhone 14,Dell,2,1561.61,0.29,0.18,2616.63,Credit Card,In-Store,EMP564,0,1,Same Day,5,EUR
ORD121534,17-06-2023,BR49,India,Pune,CUST7956,PROD139,Mobile,OnePlus 11,Sony,5,1125.2,0.01,0.18,6572.29,UPI,Online,EMP374,1,0,Same Day,7,GBP
ORD121535,12-10-2023,BR58,India,Delhi,CUST3925,PROD268,Tablet,iPad Air,LG,4,1041.39,0.09,0.18,4472.98,Debit Card,In-Store,EMP438,3,1,Standard,1,GBP
ORD121536,09-02-2023,BR45,India,Pune,CUST7662,PROD108,Accessories,Wireless Mouse,Sony,2,1836.14,0.17,0.18,3596.63,Net Banking,In-Store,EMP225,3,0,Same Day,2,INR
ORD121537,09-02-2023,BR16,USA,Los Angeles,CUST5328,PROD531,Laptop,Dell XPS 13,Sony,1,414.22,0.12,0.18,430.13,UPI,In-Store,EMP996,0,1,Express,1,INR
ORD121538,04-12-2023,BR70,UK,Manchester,CUST8312,PROD219,Accessories,Keyboard,Sony,5,1040.8,0.24,0.18,4666.95,Net Banking,Online,EMP990,2,0,Express,3,INR
ORD121539,19-10-2023,BR46,Germany,Munich,CUST5384,PROD676,Accessories,Keyboard,Samsung,5,486.91,0.06,0.18,2700.4,UPI,Online,EMP697,2,0,Standard,6,AED
ORD121540,30-06-2023,BR16,UAE,Abu Dhabi,CUST5684,PROD892,Accessories,Wireless Mouse,Dell,1,743.4,0.01,0.18,868.44,UPI,Online,EMP744,0,0,Express,4,GBP
ORD121541,12-10-2024,BR95,Germany,Hamburg,CUST6056,PROD865,Laptop,HP Spectre x360,Samsung,2,1828.54,0.3,0.18,3020.75,Net Banking,Online,EMP547,1,1,Same Day,8,EUR
ORD121542,11-02-2023,BR21,UK,Birmingham,CUST1691,PROD905,Accessories,Wireless Mouse,Sony,5,603.25,0.21,0.18,2811.75,Credit Card,Online,EMP390,3,1,Standard,6,EUR
ORD121543,21-02-2023,BR7,USA,Los Angeles,CUST8317,PROD953,Tablet,iPad Air,Samsung,4,1050.81,0.25,0.18,3719.87,Cash,In-Store,EMP636,1,1,Same Day,3,AED
ORD121544,05-03-2023,BR39,India,Mumbai,CUST7888,PROD576,Accessories,Wireless Mouse,HP,5,824.8,0.08,0.18,4477.01,Credit Card,Online,EMP375,3,0,Express,1,EUR
ORD121545,21-04-2023,BR72,India,Mumbai,CUST7730,PROD967,Mobile,iPhone 14,Sony,4,1186.72,0.14,0.18,4817.13,Cash,In-Store,EMP860,0,0,Same Day,5,INR
ORD121546,30-03-2024,BR95,India,Bangalore,CUST8262,PROD425,TV,Sony Bravia 55,Lenovo,2,796.35,0.13,0.18,1635.07,UPI,In-Store,EMP510,1,1,Express,4,GBP
ORD121547,01-02-2023,BR97,UK,London,CUST7506,PROD819,Tablet,iPad Air,HP,4,182.34,0.29,0.18,611.06,Debit Card,In-Store,EMP960,2,0,Standard,4,USD
ORD121548,19-02-2024,BR37,UK,Manchester,CUST5740,PROD868,Mobile,iPhone 14,HP,4,1690.72,0.01,0.18,7900.4,Net Banking,Online,EMP279,3,1,Express,4,USD
ORD121549,06-08-2023,BR52,Germany,Munich,CUST8410,PROD851,Mobile,Samsung Galaxy S23,Dell,2,1288.3,0.02,0.18,2979.58,Net Banking,In-Store,EMP983,3,0,Express,1,USD
ORD121550,29-06-2024,BR62,India,Mumbai,CUST1669,PROD703,Tablet,Lenovo Tab P11,HP,5,306.75,0.03,0.18,1755.53,Cash,In-Store,EMP484,3,0,Express,10,EUR
ORD121551,23-08-2024,BR1,UAE,Dubai,CUST2632,PROD146,Laptop,MacBook Air M2,Dell,1,576.93,0.23,0.18,524.2,Debit Card,Online,EMP791,1,1,Standard,8,AED
ORD121552,29-09-2024,BR29,Germany,Munich,CUST1315,PROD265,Mobile,iPhone 14,Apple,5,55.43,0.22,0.18,255.09,Cash,In-Store,EMP323,2,1,Express,4,INR
ORD121553,25-06-2024,BR69,India,Pune,CUST9815,PROD564,Mobile,iPhone 14,Apple,2,333.95,0.28,0.18,567.45,UPI,In-Store,EMP529,3,1,Express,3,INR
ORD121554,18-03-2024,BR7,UAE,Dubai,CUST7141,PROD647,TV,Samsung QLED 50,OnePlus,1,1346.05,0.25,0.18,1191.25,Net Banking,In-Store,EMP624,2,0,Standard,9,USD
ORD121555,25-07-2024,BR70,UK,Manchester,CUST4895,PROD718,Laptop,HP Spectre x360,OnePlus,3,449.35,0.23,0.18,1224.84,UPI,In-Store,EMP878,1,1,Same Day,5,AED
ORD121556,14-03-2024,BR57,UK,London,CUST7455,PROD164,Mobile,iPhone 14,Dell,5,1327.33,0.08,0.18,7204.75,Net Banking,In-Store,EMP888,0,1,Express,7,EUR
ORD121557,22-10-2023,BR6,UK,London,CUST7589,PROD864,Tablet,Lenovo Tab P11,LG,1,1798.6,0.02,0.18,2079.9,Debit Card,Online,EMP791,3,0,Same Day,5,INR
ORD121558,22-02-2024,BR53,UAE,Abu Dhabi,CUST6534,PROD462,Accessories,Wireless Mouse,Lenovo,3,1075.85,0.29,0.18,2704.04,Cash,Online,EMP865,1,1,Standard,7,INR
ORD121559,13-10-2024,BR10,USA,New York,CUST7286,PROD826,Accessories,Bluetooth Headphones,HP,1,1547.26,0.09,0.18,1661.45,UPI,Online,EMP314,2,1,Same Day,1,AED
ORD121560,29-01-2023,BR61,USA,Dallas,CUST6985,PROD666,Tablet,iPad Air,Lenovo,5,1140.35,0.22,0.18,5247.89,Credit Card,Online,EMP616,2,0,Standard,7,INR
ORD121561,26-09-2023,BR38,USA,Los Angeles,CUST4683,PROD405,TV,Sony Bravia 55,Samsung,2,671.77,0.22,0.18,1236.59,UPI,In-Store,EMP603,1,0,Standard,5,EUR
ORD121562,25-08-2023,BR47,UAE,Dubai,CUST1202,PROD868,Accessories,Bluetooth Headphones,HP,3,176.94,0.21,0.18,494.83,Net Banking,In-Store,EMP644,3,0,Express,8,GBP
ORD121563,14-07-2024,BR44,Germany,Hamburg,CUST4005,PROD675,TV,Sony Bravia 55,Sony,1,1460.5,0.02,0.18,1688.92,Debit Card,Online,EMP696,0,0,Same Day,3,INR
ORD121564,23-08-2023,BR53,Germany,Berlin,CUST9113,PROD364,Accessories,Bluetooth Headphones,LG,2,328.86,0.01,0.18,768.35,Credit Card,In-Store,EMP969,0,0,Standard,5,AED
ORD121565,09-04-2023,BR31,USA,Chicago,CUST3685,PROD583,Mobile,OnePlus 11,OnePlus,3,1990.53,0.1,0.18,6341.83,Credit Card,Online,EMP459,3,1,Same Day,4,INR
ORD121566,18-06-2024,BR17,USA,New York,CUST9092,PROD109,Tablet,iPad Air,Apple,3,1213.25,0.14,0.18,3693.62,Cash,In-Store,EMP676,0,0,Same Day,10,AED
ORD121567,08-01-2023,BR67,India,Bangalore,CUST1082,PROD203,Accessories,Keyboard,HP,1,1193.41,0.01,0.18,1394.14,Credit Card,Online,EMP867,3,1,Standard,10,EUR
ORD121568,20-10-2024,BR91,UK,Manchester,CUST2787,PROD162,Accessories,Wireless Mouse,Samsung,1,504.97,0.07,0.18,554.15,Net Banking,Online,EMP732,3,1,Express,9,EUR
ORD121569,05-12-2024,BR80,India,Pune,CUST4133,PROD202,Mobile,OnePlus 11,Dell,5,897.61,0.22,0.18,4130.8,Cash,In-Store,EMP602,1,0,Express,9,INR
ORD121570,30-08-2024,BR39,India,Delhi,CUST9386,PROD788,TV,LG OLED 48,Sony,2,976.54,0.22,0.18,1797.61,UPI,In-Store,EMP415,1,0,Standard,7,GBP
ORD121571,03-07-2024,BR5,USA,Los Angeles,CUST7808,PROD462,Tablet,Samsung Galaxy Tab,Samsung,3,907.98,0.23,0.18,2474.97,Net Banking,Online,EMP930,0,1,Express,4,EUR
ORD121572,09-11-2024,BR2,UK,Birmingham,CUST7236,PROD230,Mobile,Samsung Galaxy S23,LG,3,804.3,0.01,0.18,2818.75,Cash,Online,EMP790,1,0,Express,5,EUR
ORD121573,04-11-2024,BR111,UK,London,CUST5097,PROD741,Accessories,Keyboard,OnePlus,3,1532.2,0.14,0.18,4664.63,Credit Card,Online,EMP738,1,1,Express,8,EUR
ORD121574,26-03-2023,BR58,UAE,Dubai,CUST6599,PROD865,Tablet,Samsung Galaxy Tab,Samsung,3,191.14,0.18,0.18,554.84,Cash,Online,EMP216,1,0,Express,5,AED
ORD121575,06-03-2023,BR87,UK,London,CUST8646,PROD804,Accessories,Wireless Mouse,Samsung,5,1938.04,0.13,0.18,9947.96,UPI,Online,EMP718,1,1,Same Day,3,EUR
ORD121576,22-11-2024,BR99,Germany,Hamburg,CUST4920,PROD845,Tablet,Samsung Galaxy Tab,Sony,5,824.03,0.28,0.18,3500.48,Net Banking,In-Store,EMP300,2,0,Express,9,AED
ORD121577,04-03-2023,BR24,UK,Manchester,CUST6924,PROD142,Laptop,Dell XPS 13,LG,2,539.21,0.27,0.18,928.95,Credit Card,In-Store,EMP863,1,1,Standard,5,AED
ORD121578,07-01-2024,BR5,Germany,Hamburg,CUST8234,PROD478,Accessories,Wireless Mouse,Sony,5,135.08,0.08,0.18,733.21,Net Banking,Online,EMP518,3,0,Same Day,2,AED
ORD121579,12-05-2024,BR62,UAE,Dubai,CUST3012,PROD698,Mobile,OnePlus 11,LG,3,594.73,0.19,0.18,1705.33,Credit Card,Online,EMP649,0,0,Standard,6,GBP
ORD121580,06-12-2023,BR107,USA,Chicago,CUST4298,PROD837,Tablet,Lenovo Tab P11,Samsung,1,1458.16,0.03,0.18,1669.01,Debit Card,In-Store,EMP397,3,0,Same Day,3,USD
ORD121581,03-02-2024,BR93,India,Delhi,CUST9042,PROD164,Accessories,Keyboard,Lenovo,1,1277.5,0.16,0.18,1266.26,UPI,Online,EMP759,2,1,Same Day,2,EUR
ORD121582,07-10-2023,BR44,Germany,Munich,CUST7153,PROD106,TV,LG OLED 48,Samsung,4,1563.6,0.09,0.18,6715.97,UPI,In-Store,EMP219,1,0,Express,5,USD
ORD121583,10-10-2023,BR68,India,Delhi,CUST9069,PROD585,Tablet,Samsung Galaxy Tab,Samsung,4,682.65,0.26,0.18,2384.36,Credit Card,Online,EMP534,2,1,Standard,10,USD
ORD121584,24-01-2024,BR110,USA,Los Angeles,CUST8826,PROD733,TV,Samsung QLED 50,OnePlus,4,1301.05,0.18,0.18,5035.58,Net Banking,Online,EMP458,0,1,Standard,4,USD
ORD121585,19-01-2024,BR107,UAE,Abu Dhabi,CUST7280,PROD275,Laptop,Dell XPS 13,LG,1,352.27,0.06,0.18,390.74,UPI,In-Store,EMP939,0,0,Standard,9,AED
ORD121586,19-11-2023,BR54,USA,New York,CUST7760,PROD657,Mobile,OnePlus 11,Lenovo,5,1759.58,0.12,0.18,9135.74,Debit Card,In-Store,EMP628,1,0,Standard,6,GBP
ORD121587,13-03-2023,BR95,UAE,Dubai,CUST3098,PROD305,Mobile,OnePlus 11,Apple,1,816.88,0.24,0.18,732.58,Cash,In-Store,EMP677,1,0,Standard,6,USD
ORD121588,12-09-2024,BR44,UK,London,CUST1241,PROD981,Laptop,MacBook Air M2,HP,1,1100.41,0.07,0.18,1207.59,UPI,In-Store,EMP224,2,0,Standard,7,EUR
ORD121589,30-04-2023,BR9,India,Delhi,CUST6921,PROD698,TV,Samsung QLED 50,Sony,1,1775.12,0.18,0.18,1717.61,UPI,In-Store,EMP491,3,0,Express,6,GBP
ORD121590,30-12-2023,BR67,India,Bangalore,CUST9898,PROD910,TV,Sony Bravia 55,Sony,2,353.71,0.08,0.18,767.98,Net Banking,Online,EMP556,2,1,Express,10,INR
ORD121591,10-05-2024,BR52,UAE,Dubai,CUST5867,PROD856,Tablet,Lenovo Tab P11,Lenovo,4,1516.74,0.14,0.18,6156.75,UPI,In-Store,EMP961,1,0,Express,4,INR
ORD121592,08-03-2024,BR60,India,Pune,CUST1734,PROD102,Accessories,Keyboard,Apple,4,1568.42,0.2,0.18,5922.35,UPI,In-Store,EMP748,3,0,Standard,6,GBP
ORD121593,21-07-2024,BR77,UAE,Abu Dhabi,CUST3231,PROD382,Accessories,Bluetooth Headphones,OnePlus,3,1063.21,0.13,0.18,3274.47,UPI,Online,EMP247,2,0,Standard,9,EUR
ORD121594,13-09-2023,BR39,USA,Chicago,CUST3934,PROD772,Mobile,iPhone 14,HP,3,1976.18,0.26,0.18,5176.8,Cash,In-Store,EMP765,1,1,Standard,8,AED
ORD121595,31-12-2024,BR13,Germany,Berlin,CUST4825,PROD624,Tablet,iPad Air,LG,5,1500.06,0.21,0.18,6991.78,Net Banking,In-Store,EMP862,0,1,Express,6,GBP
ORD121596,11-07-2024,BR20,Germany,Berlin,CUST6625,PROD683,Accessories,Wireless Mouse,Sony,1,820.32,0.07,0.18,900.22,Cash,Online,EMP863,1,1,Same Day,2,GBP
ORD121597,04-05-2024,BR67,India,Delhi,CUST1610,PROD331,Mobile,OnePlus 11,Sony,2,321.95,0.18,0.18,623.04,Debit Card,Online,EMP496,0,1,Express,9,AED
ORD121598,18-05-2024,BR68,USA,Los Angeles,CUST9823,PROD247,Mobile,Samsung Galaxy S23,Apple,4,1888.13,0.26,0.18,6594.86,Net Banking,In-Store,EMP770,3,1,Same Day,8,INR
ORD121599,04-01-2023,BR33,UK,Birmingham,CUST9696,PROD497,Mobile,OnePlus 11,HP,4,184.76,0.29,0.18,619.17,Credit Card,In-Store,EMP237,1,1,Standard,3,GBP
ORD121600,26-01-2024,BR73,UAE,Abu Dhabi,CUST1818,PROD910,Mobile,OnePlus 11,Dell,5,1852.62,0,0.18,10930.46,UPI,In-Store,EMP318,3,1,Same Day,2,USD
ORD121601,22-10-2024,BR81,USA,New York,CUST4936,PROD731,Tablet,Samsung Galaxy Tab,LG,3,479.47,0.2,0.18,1357.86,Debit Card,In-Store,EMP626,2,0,Same Day,9,USD
ORD121602,17-02-2023,BR4,Germany,Berlin,CUST3595,PROD610,Tablet,iPad Air,Sony,4,1756.86,0.11,0.18,7380.22,Debit Card,In-Store,EMP781,1,1,Same Day,5,USD
ORD121603,01-05-2024,BR24,Germany,Berlin,CUST6132,PROD707,Mobile,iPhone 14,Dell,5,1981.7,0.22,0.18,9119.78,Debit Card,Online,EMP950,3,1,Same Day,8,AED
ORD121604,01-07-2023,BR95,India,Delhi,CUST7262,PROD868,Laptop,HP Spectre x360,Apple,4,868.75,0.26,0.18,3034.37,Cash,In-Store,EMP725,2,0,Standard,5,INR
ORD121605,16-02-2023,BR55,UK,London,CUST6160,PROD414,TV,Sony Bravia 55,OnePlus,3,1073.07,0.08,0.18,3494.77,Credit Card,In-Store,EMP289,3,1,Same Day,4,USD
ORD121606,25-05-2024,BR41,Germany,Hamburg,CUST9407,PROD143,Laptop,Dell XPS 13,HP,1,1482.48,0.08,0.18,1609.38,UPI,Online,EMP779,1,0,Express,1,INR
ORD121607,21-01-2023,BR107,Germany,Munich,CUST2162,PROD421,TV,Samsung QLED 50,HP,2,1676.16,0.03,0.18,3837.07,Cash,In-Store,EMP464,0,0,Express,1,GBP
ORD121608,10-05-2024,BR92,UAE,Abu Dhabi,CUST6710,PROD155,Accessories,Keyboard,HP,5,114.06,0.27,0.18,491.26,UPI,In-Store,EMP583,2,0,Standard,9,INR
ORD121609,15-08-2023,BR99,UAE,Dubai,CUST2536,PROD571,Laptop,MacBook Air M2,OnePlus,5,277.02,0.14,0.18,1405.6,Credit Card,In-Store,EMP672,3,0,Same Day,5,USD
ORD121610,13-08-2024,BR105,Germany,Berlin,CUST4480,PROD577,Laptop,HP Spectre x360,Apple,4,508.05,0.01,0.18,2374.02,Cash,Online,EMP734,3,1,Express,3,USD
ORD121611,04-10-2024,BR29,UK,London,CUST4505,PROD544,Tablet,Lenovo Tab P11,LG,1,1944.04,0.21,0.18,1812.23,Net Banking,Online,EMP641,2,1,Same Day,5,USD
ORD121612,12-06-2023,BR84,UK,London,CUST3211,PROD837,TV,LG OLED 48,LG,2,270.99,0.15,0.18,543.61,Cash,Online,EMP329,0,0,Express,8,INR
ORD121613,11-04-2024,BR43,UAE,Dubai,CUST4176,PROD523,Laptop,MacBook Air M2,HP,4,1488.44,0,0.18,7025.44,Cash,In-Store,EMP281,3,1,Standard,6,INR
ORD121614,06-09-2023,BR82,UK,Manchester,CUST6653,PROD592,TV,Samsung QLED 50,Sony,2,1196.14,0.19,0.18,2286.54,Credit Card,In-Store,EMP253,2,1,Same Day,7,EUR
ORD121615,14-06-2023,BR45,India,Pune,CUST2840,PROD693,Laptop,HP Spectre x360,Samsung,4,1811.85,0.17,0.18,7098.1,Net Banking,In-Store,EMP259,2,1,Standard,8,INR
ORD121616,19-12-2024,BR90,UK,Manchester,CUST5715,PROD232,Accessories,Bluetooth Headphones,HP,5,503.72,0.08,0.18,2734.19,Debit Card,In-Store,EMP813,2,1,Express,9,AED
ORD121617,29-02-2024,BR14,UAE,Abu Dhabi,CUST3755,PROD102,Mobile,iPhone 14,Dell,5,1552.54,0.09,0.18,8335.59,Credit Card,Online,EMP851,0,1,Same Day,9,AED
ORD121618,08-09-2023,BR109,UK,Birmingham,CUST9675,PROD475,TV,LG OLED 48,Sony,1,410.67,0.02,0.18,474.9,Credit Card,Online,EMP999,3,0,Express,2,INR
ORD121619,05-06-2024,BR92,UAE,Dubai,CUST3853,PROD235,Laptop,HP Spectre x360,Sony,4,388.58,0.15,0.18,1558.98,Net Banking,Online,EMP301,0,0,Standard,1,EUR
ORD121620,24-04-2024,BR33,UK,London,CUST5164,PROD398,Mobile,iPhone 14,Dell,5,210.56,0.13,0.18,1080.8,Credit Card,In-Store,EMP918,3,1,Express,1,AED
ORD121621,18-05-2024,BR49,India,Pune,CUST6575,PROD943,Tablet,Samsung Galaxy Tab,OnePlus,1,1310.98,0.11,0.18,1376.79,Credit Card,In-Store,EMP812,1,1,Same Day,6,USD
ORD121622,11-06-2023,BR61,Germany,Berlin,CUST1742,PROD138,Laptop,Dell XPS 13,LG,5,559.97,0.07,0.18,3072.56,Debit Card,In-Store,EMP321,2,1,Same Day,2,AED
ORD121623,26-08-2024,BR119,UAE,Dubai,CUST7563,PROD694,Mobile,Samsung Galaxy S23,Sony,2,1992.25,0.28,0.18,3385.23,UPI,In-Store,EMP245,0,1,Standard,10,AED
ORD121624,13-03-2024,BR43,UK,Birmingham,CUST8966,PROD382,Tablet,iPad Air,Dell,1,653.17,0.04,0.18,739.91,Debit Card,In-Store,EMP945,2,0,Same Day,9,AED
ORD121625,11-09-2024,BR21,India,Pune,CUST3454,PROD716,Laptop,HP Spectre x360,LG,5,1385.02,0.16,0.18,6864.16,Cash,Online,EMP923,1,0,Same Day,5,GBP
ORD121626,25-11-2023,BR52,India,Mumbai,CUST3301,PROD762,Accessories,Bluetooth Headphones,Sony,3,1104.24,0.15,0.18,3322.66,Debit Card,Online,EMP648,2,1,Standard,8,USD
ORD121627,19-10-2024,BR35,UK,Manchester,CUST5148,PROD645,Laptop,HP Spectre x360,Lenovo,3,1951.33,0.25,0.18,5180.78,UPI,Online,EMP548,1,1,Same Day,2,GBP
ORD121628,14-04-2024,BR64,UK,Manchester,CUST3356,PROD222,Accessories,Bluetooth Headphones,Samsung,2,1813.74,0.24,0.18,3253.12,Cash,Online,EMP216,0,0,Same Day,8,USD
ORD121629,30-10-2023,BR10,UK,Birmingham,CUST7663,PROD247,Mobile,OnePlus 11,Sony,5,1592.65,0.03,0.18,9114.74,Net Banking,In-Store,EMP363,2,0,Same Day,1,AED
ORD121630,10-07-2023,BR111,USA,Dallas,CUST7124,PROD870,Tablet,Samsung Galaxy Tab,OnePlus,5,175.86,0.21,0.18,819.68,Credit Card,In-Store,EMP822,3,0,Same Day,9,INR
ORD121631,30-03-2024,BR37,Germany,Hamburg,CUST5126,PROD337,Accessories,Bluetooth Headphones,LG,4,1245.2,0.11,0.18,5230.84,UPI,In-Store,EMP903,0,1,Same Day,1,INR
ORD121632,17-05-2023,BR38,USA,Chicago,CUST6328,PROD400,Accessories,Wireless Mouse,Dell,4,172.02,0.06,0.18,763.22,Debit Card,Online,EMP252,2,0,Standard,2,INR
ORD121633,01-02-2024,BR25,UAE,Abu Dhabi,CUST7275,PROD398,Tablet,Lenovo Tab P11,Lenovo,5,365.2,0.26,0.18,1594.46,Debit Card,In-Store,EMP596,1,1,Same Day,2,EUR
ORD121634,25-11-2024,BR109,USA,Dallas,CUST6362,PROD455,TV,Sony Bravia 55,Samsung,2,1684.3,0.04,0.18,3815.95,Cash,In-Store,EMP944,1,0,Express,9,GBP
ORD121635,18-09-2023,BR98,UK,London,CUST2834,PROD404,Laptop,Dell XPS 13,Samsung,4,1535.77,0.11,0.18,6451.46,Net Banking,Online,EMP774,2,1,Standard,8,EUR
ORD121636,28-11-2024,BR63,USA,New York,CUST7663,PROD484,Accessories,Wireless Mouse,Apple,1,1120.9,0.11,0.18,1177.17,Cash,In-Store,EMP816,1,1,Express,4,GBP
ORD121637,21-01-2024,BR99,India,Mumbai,CUST2359,PROD681,Accessories,Keyboard,Lenovo,2,113.83,0.22,0.18,209.54,Credit Card,In-Store,EMP961,2,1,Same Day,10,USD
ORD121638,24-12-2023,BR16,India,Bangalore,CUST4528,PROD209,Accessories,Wireless Mouse,LG,1,1543.23,0.06,0.18,1711.75,Debit Card,Online,EMP450,0,0,Express,10,GBP
ORD121639,11-09-2023,BR97,India,Bangalore,CUST9374,PROD995,Laptop,MacBook Air M2,HP,1,1286.62,0.14,0.18,1305.66,Net Banking,In-Store,EMP226,2,0,Standard,10,GBP
ORD121640,11-04-2024,BR1,Germany,Munich,CUST3392,PROD707,Mobile,OnePlus 11,OnePlus,3,1654.9,0.22,0.18,4569.51,UPI,Online,EMP354,2,1,Express,6,EUR
ORD121641,24-11-2024,BR98,Germany,Hamburg,CUST2564,PROD719,Tablet,Lenovo Tab P11,OnePlus,2,510.76,0.14,0.18,1036.64,Cash,In-Store,EMP338,2,1,Same Day,5,AED
ORD121642,05-08-2024,BR87,USA,Dallas,CUST2364,PROD827,Tablet,Lenovo Tab P11,Dell,3,572.41,0.09,0.18,1843.96,Cash,Online,EMP741,0,0,Same Day,1,GBP
ORD121643,26-04-2023,BR96,Germany,Munich,CUST9221,PROD244,TV,LG OLED 48,Samsung,3,846.23,0.09,0.18,2726.05,Credit Card,In-Store,EMP329,1,0,Express,9,AED
ORD121644,19-08-2023,BR42,UK,London,CUST4034,PROD785,Accessories,Keyboard,Samsung,1,729.49,0.22,0.18,671.42,Debit Card,Online,EMP499,1,0,Express,6,INR
ORD121645,18-09-2024,BR114,UK,Manchester,CUST7655,PROD664,TV,Samsung QLED 50,Dell,5,1917.17,0.28,0.18,8144.14,Credit Card,Online,EMP425,3,1,Standard,5,USD
ORD121646,02-06-2023,BR42,USA,Chicago,CUST3270,PROD483,Tablet,Lenovo Tab P11,HP,3,1232.54,0.03,0.18,4232.3,Credit Card,In-Store,EMP233,0,1,Same Day,1,INR
ORD121647,23-06-2024,BR39,Germany,Munich,CUST1366,PROD849,Mobile,iPhone 14,HP,4,916.83,0.29,0.18,3072.48,UPI,In-Store,EMP568,1,0,Standard,9,EUR
ORD121648,31-12-2023,BR29,UAE,Abu Dhabi,CUST5194,PROD738,Laptop,Dell XPS 13,LG,3,1049.19,0.14,0.18,3194.15,UPI,Online,EMP555,1,1,Same Day,6,GBP
ORD121649,10-12-2023,BR9,Germany,Munich,CUST5788,PROD131,TV,LG OLED 48,Samsung,3,543.22,0.08,0.18,1769.16,Net Banking,In-Store,EMP398,3,0,Standard,4,INR
ORD121650,23-05-2023,BR113,India,Pune,CUST5210,PROD272,Laptop,Dell XPS 13,Apple,1,723.26,0.14,0.18,733.96,UPI,In-Store,EMP430,2,1,Same Day,4,GBP
ORD121651,07-05-2023,BR69,UAE,Abu Dhabi,CUST7838,PROD117,TV,LG OLED 48,Samsung,3,1664.47,0.24,0.18,4478.09,Cash,Online,EMP829,0,1,Same Day,3,AED
ORD121652,30-03-2024,BR6,Germany,Berlin,CUST2649,PROD187,TV,Samsung QLED 50,Sony,4,1010.7,0.19,0.18,3864.11,Credit Card,Online,EMP545,3,1,Express,8,INR
ORD121653,19-11-2023,BR90,Germany,Hamburg,CUST2734,PROD149,Tablet,Lenovo Tab P11,Samsung,4,1964.19,0.15,0.18,7880.33,Credit Card,In-Store,EMP247,2,1,Same Day,9,INR
ORD121654,14-09-2024,BR14,USA,Dallas,CUST9589,PROD813,TV,LG OLED 48,LG,5,1861.96,0.3,0.18,7689.89,UPI,In-Store,EMP264,3,1,Same Day,5,USD
ORD121655,17-06-2024,BR37,USA,New York,CUST5829,PROD252,Laptop,HP Spectre x360,HP,2,825.74,0.19,0.18,1578.48,Debit Card,Online,EMP603,2,0,Express,5,USD
ORD121656,31-12-2024,BR32,USA,Los Angeles,CUST1683,PROD772,Laptop,Dell XPS 13,OnePlus,2,1754.45,0.01,0.18,4099.1,Credit Card,Online,EMP355,0,0,Standard,10,AED
ORD121657,05-11-2023,BR67,Germany,Munich,CUST1877,PROD506,Accessories,Wireless Mouse,OnePlus,2,563.5,0.22,0.18,1037.29,Credit Card,Online,EMP665,1,0,Express,2,INR
ORD121658,06-06-2024,BR82,UK,Birmingham,CUST1360,PROD235,Mobile,Samsung Galaxy S23,HP,5,1225.11,0.23,0.18,5565.67,Credit Card,In-Store,EMP575,2,0,Express,10,EUR
ORD121659,12-08-2024,BR16,Germany,Munich,CUST9045,PROD957,Mobile,Samsung Galaxy S23,LG,4,1355.19,0.25,0.18,4797.37,Net Banking,In-Store,EMP410,3,0,Express,4,INR
ORD121660,30-05-2024,BR30,UK,Birmingham,CUST9306,PROD127,Accessories,Bluetooth Headphones,Dell,1,1190.4,0.16,0.18,1179.92,Net Banking,In-Store,EMP225,2,0,Standard,10,GBP
ORD121661,01-05-2023,BR53,UK,Birmingham,CUST1437,PROD881,Tablet,Samsung Galaxy Tab,Dell,4,66.02,0.11,0.18,277.34,Debit Card,Online,EMP590,3,1,Standard,2,EUR
ORD121662,10-05-2024,BR56,India,Delhi,CUST3370,PROD632,Accessories,Keyboard,Dell,2,1571.23,0.19,0.18,3003.56,UPI,Online,EMP638,3,1,Standard,1,GBP
ORD121663,07-05-2023,BR82,Germany,Hamburg,CUST6240,PROD670,TV,Samsung QLED 50,HP,4,727.79,0.17,0.18,2851.19,Net Banking,In-Store,EMP983,0,1,Standard,10,AED
ORD121664,19-08-2023,BR36,Germany,Munich,CUST3924,PROD357,TV,Sony Bravia 55,OnePlus,3,243.52,0.1,0.18,775.85,Cash,Online,EMP931,0,1,Same Day,4,INR
ORD121665,08-03-2023,BR73,UK,London,CUST6091,PROD985,Accessories,Bluetooth Headphones,Dell,3,1324.02,0.23,0.18,3609.01,Net Banking,In-Store,EMP775,3,1,Express,6,INR
ORD121666,19-01-2024,BR1,USA,Chicago,CUST7998,PROD790,Mobile,OnePlus 11,Dell,2,1857.89,0.2,0.18,3507.7,Debit Card,In-Store,EMP844,0,0,Express,4,GBP
ORD121667,21-02-2024,BR118,UAE,Dubai,CUST9440,PROD617,TV,Sony Bravia 55,OnePlus,4,1555.03,0.05,0.18,6972.75,Debit Card,In-Store,EMP264,2,1,Express,5,GBP
ORD121668,27-10-2024,BR101,India,Pune,CUST4891,PROD381,Accessories,Wireless Mouse,Lenovo,5,1726.03,0.09,0.18,9267.06,Debit Card,In-Store,EMP607,2,1,Standard,3,AED
ORD121669,21-01-2024,BR3,Germany,Berlin,CUST9900,PROD198,Tablet,Samsung Galaxy Tab,Samsung,5,1288.05,0.14,0.18,6535.57,Debit Card,In-Store,EMP458,1,1,Same Day,2,INR
ORD121670,17-11-2023,BR56,UAE,Dubai,CUST2207,PROD735,Laptop,Dell XPS 13,LG,1,135.8,0.21,0.18,126.59,Cash,Online,EMP585,1,0,Express,6,GBP
ORD121671,24-05-2024,BR7,Germany,Munich,CUST5041,PROD331,Mobile,iPhone 14,Sony,1,609.33,0.01,0.18,711.82,Net Banking,Online,EMP968,2,0,Standard,8,AED
ORD121672,26-07-2023,BR114,USA,Chicago,CUST1098,PROD397,Laptop,MacBook Air M2,Lenovo,2,995.89,0.07,0.18,2185.78,Cash,Online,EMP784,0,0,Same Day,10,AED
ORD121673,16-02-2023,BR30,USA,Dallas,CUST2441,PROD976,Accessories,Wireless Mouse,Lenovo,2,929.93,0.08,0.18,2019.06,Cash,In-Store,EMP369,2,1,Standard,9,USD
ORD121674,09-04-2024,BR21,Germany,Berlin,CUST7651,PROD640,Laptop,MacBook Air M2,LG,4,497.49,0.06,0.18,2207.26,Net Banking,Online,EMP936,0,0,Standard,1,USD
ORD121675,12-01-2023,BR47,India,Pune,CUST5807,PROD604,Accessories,Wireless Mouse,Sony,2,192.68,0.28,0.18,327.4,Cash,In-Store,EMP827,2,0,Express,7,EUR
ORD121676,21-03-2023,BR26,UAE,Abu Dhabi,CUST1119,PROD951,TV,LG OLED 48,Dell,2,93.65,0.11,0.18,196.7,Debit Card,Online,EMP708,3,1,Express,4,AED
ORD121677,10-03-2023,BR106,Germany,Berlin,CUST7234,PROD443,TV,Samsung QLED 50,Lenovo,5,1699.6,0.05,0.18,9526.26,UPI,Online,EMP237,1,1,Express,9,EUR
ORD121678,05-09-2023,BR1,UAE,Abu Dhabi,CUST3068,PROD784,Laptop,MacBook Air M2,Dell,3,1419.35,0.06,0.18,4723.03,Credit Card,In-Store,EMP815,3,0,Express,6,EUR
ORD121679,22-05-2024,BR68,UAE,Dubai,CUST1670,PROD767,Tablet,Samsung Galaxy Tab,Sony,5,1512.98,0.13,0.18,7766.13,UPI,In-Store,EMP622,2,0,Express,4,INR
ORD121680,11-11-2024,BR36,India,Delhi,CUST1813,PROD566,Tablet,Lenovo Tab P11,HP,3,414.5,0.3,0.18,1027.13,Net Banking,In-Store,EMP472,3,0,Same Day,6,EUR
ORD121681,02-01-2024,BR44,USA,Dallas,CUST5287,PROD229,Accessories,Keyboard,HP,3,176.35,0.11,0.18,555.61,Cash,Online,EMP806,3,0,Same Day,6,GBP
ORD121682,09-02-2023,BR85,UAE,Dubai,CUST5277,PROD420,Mobile,iPhone 14,Sony,1,1195.39,0.15,0.18,1198.98,Credit Card,In-Store,EMP618,2,0,Same Day,7,GBP
ORD121683,25-05-2023,BR8,India,Mumbai,CUST8152,PROD619,TV,LG OLED 48,Samsung,3,1819.26,0.17,0.18,5345.35,Cash,Online,EMP874,3,0,Same Day,9,INR
ORD121684,28-11-2024,BR118,UK,London,CUST9104,PROD610,Accessories,Wireless Mouse,LG,2,727.25,0.02,0.18,1681.98,UPI,In-Store,EMP740,2,1,Express,3,AED
ORD121685,10-12-2023,BR52,India,Mumbai,CUST1747,PROD672,Tablet,Samsung Galaxy Tab,OnePlus,3,1683.33,0.3,0.18,4171.29,Credit Card,In-Store,EMP708,2,0,Same Day,3,GBP
ORD121686,07-04-2024,BR105,India,Bangalore,CUST4091,PROD898,Accessories,Wireless Mouse,Sony,1,1303.65,0.14,0.18,1322.94,Credit Card,In-Store,EMP989,3,0,Same Day,4,INR
ORD121687,31-08-2023,BR59,UK,London,CUST8543,PROD447,Laptop,MacBook Air M2,Lenovo,4,289.65,0.26,0.18,1011.69,Debit Card,In-Store,EMP992,1,1,Express,4,USD
ORD121688,02-11-2024,BR108,USA,Dallas,CUST2385,PROD748,Laptop,Dell XPS 13,Samsung,2,1015.96,0.14,0.18,2061.99,UPI,In-Store,EMP525,3,1,Express,8,GBP
ORD121689,01-07-2024,BR57,Germany,Berlin,CUST3088,PROD580,TV,LG OLED 48,Samsung,3,581.11,0.19,0.18,1666.27,UPI,Online,EMP947,1,0,Express,2,USD
ORD121690,06-06-2024,BR18,India,Delhi,CUST1579,PROD678,Laptop,HP Spectre x360,Sony,1,812.38,0.25,0.18,718.96,UPI,In-Store,EMP825,0,1,Same Day,4,GBP
ORD121691,26-02-2024,BR58,USA,Chicago,CUST4199,PROD770,Accessories,Bluetooth Headphones,Dell,5,1467.94,0.1,0.18,7794.76,Cash,In-Store,EMP911,1,0,Express,6,AED
ORD121692,08-04-2024,BR21,UAE,Abu Dhabi,CUST5339,PROD721,Laptop,Dell XPS 13,Lenovo,2,1984.19,0.22,0.18,3652.5,Cash,In-Store,EMP997,0,0,Same Day,1,USD
ORD121693,29-07-2024,BR116,India,Bangalore,CUST4987,PROD480,Laptop,HP Spectre x360,Apple,3,989.51,0.03,0.18,3397.78,Cash,Online,EMP757,1,0,Express,5,USD
ORD121694,14-06-2023,BR70,UAE,Dubai,CUST1525,PROD401,Laptop,Dell XPS 13,Dell,4,1794.59,0.17,0.18,7030.49,UPI,In-Store,EMP288,1,1,Standard,9,INR
ORD121695,22-08-2023,BR77,UK,Birmingham,CUST6498,PROD827,Mobile,Samsung Galaxy S23,Lenovo,3,1018.77,0.05,0.18,3426.12,Credit Card,In-Store,EMP267,1,1,Express,4,GBP
ORD121696,25-07-2024,BR12,India,Pune,CUST9079,PROD540,Laptop,MacBook Air M2,Dell,5,214.02,0,0.18,1262.72,Debit Card,Online,EMP838,3,0,Standard,6,INR
ORD121697,09-05-2024,BR40,USA,Chicago,CUST1334,PROD869,TV,Sony Bravia 55,Apple,1,62.29,0.22,0.18,57.33,Cash,Online,EMP757,3,0,Same Day,3,INR
ORD121698,11-08-2024,BR59,India,Bangalore,CUST5971,PROD331,Tablet,Lenovo Tab P11,Samsung,4,1367.54,0.22,0.18,5034.74,Cash,Online,EMP257,0,0,Same Day,10,AED
ORD121699,11-05-2023,BR19,India,Mumbai,CUST5302,PROD862,Accessories,Wireless Mouse,Samsung,1,806.9,0.23,0.18,733.15,UPI,Online,EMP754,2,0,Same Day,9,INR
ORD121700,23-04-2023,BR13,UK,London,CUST4534,PROD360,Accessories,Keyboard,Dell,3,553.18,0.22,0.18,1527.44,UPI,In-Store,EMP288,0,1,Express,8,USD
ORD121701,27-09-2023,BR78,UK,Manchester,CUST3877,PROD378,Mobile,OnePlus 11,Sony,2,647.86,0.17,0.18,1269.03,UPI,Online,EMP812,1,1,Standard,5,AED
ORD121702,06-06-2023,BR93,USA,Dallas,CUST4785,PROD385,Laptop,Dell XPS 13,Apple,4,1390.78,0.19,0.18,5317.23,Net Banking,In-Store,EMP307,2,0,Express,8,USD
ORD121703,16-09-2023,BR86,UK,London,CUST8407,PROD246,Accessories,Keyboard,HP,3,171.44,0.27,0.18,443.04,Net Banking,Online,EMP405,1,1,Standard,6,EUR
ORD121704,31-01-2023,BR11,UAE,Abu Dhabi,CUST7805,PROD227,Tablet,Lenovo Tab P11,HP,1,558.49,0.22,0.18,514.03,Credit Card,Online,EMP261,0,0,Same Day,5,EUR
ORD121705,18-04-2023,BR64,UK,Birmingham,CUST1214,PROD962,Tablet,iPad Air,OnePlus,3,513.69,0.24,0.18,1382.03,Net Banking,Online,EMP636,0,1,Same Day,4,EUR
ORD121706,16-10-2023,BR112,UK,London,CUST8658,PROD293,Accessories,Bluetooth Headphones,Lenovo,3,1668,0.16,0.18,4959.96,Cash,In-Store,EMP556,3,0,Standard,7,INR
ORD121707,20-02-2023,BR118,USA,New York,CUST3494,PROD139,TV,Samsung QLED 50,Dell,4,355.42,0.07,0.18,1560.15,Net Banking,In-Store,EMP600,1,0,Standard,6,AED
ORD121708,27-10-2023,BR102,Germany,Berlin,CUST4207,PROD413,Laptop,Dell XPS 13,LG,2,1423.89,0.24,0.18,2553.89,Cash,In-Store,EMP375,0,1,Express,4,EUR
ORD121709,02-10-2023,BR86,India,Delhi,CUST6139,PROD647,Laptop,HP Spectre x360,Lenovo,2,495.21,0.3,0.18,818.09,Credit Card,Online,EMP390,0,1,Express,5,EUR
ORD121710,23-10-2023,BR1,UAE,Abu Dhabi,CUST3189,PROD676,Tablet,Lenovo Tab P11,HP,5,1172.78,0.02,0.18,6781.01,Credit Card,Online,EMP201,0,1,Express,7,EUR
ORD121711,24-10-2024,BR76,UAE,Abu Dhabi,CUST1906,PROD398,Tablet,Samsung Galaxy Tab,Sony,4,1931.65,0.13,0.18,7932.13,Debit Card,Online,EMP820,3,0,Express,4,USD
ORD121712,08-11-2023,BR20,UK,Birmingham,CUST4531,PROD851,Tablet,iPad Air,Sony,5,1463.36,0.08,0.18,7943.12,Credit Card,Online,EMP948,2,0,Same Day,3,USD
ORD121713,18-06-2023,BR1,UAE,Abu Dhabi,CUST4383,PROD194,Laptop,HP Spectre x360,Apple,5,507.02,0.09,0.18,2722.19,Debit Card,Online,EMP992,0,1,Express,9,EUR
ORD121714,03-04-2023,BR99,USA,Los Angeles,CUST4088,PROD605,TV,Sony Bravia 55,Apple,3,962.77,0.08,0.18,3135.55,Credit Card,In-Store,EMP841,0,1,Same Day,9,AED
ORD121715,14-11-2024,BR43,India,Bangalore,CUST4665,PROD413,Mobile,OnePlus 11,Dell,4,1498.5,0.03,0.18,6860.73,Credit Card,Online,EMP420,1,0,Same Day,5,USD
ORD121716,14-02-2023,BR67,UAE,Abu Dhabi,CUST7412,PROD997,Laptop,MacBook Air M2,OnePlus,1,1252.44,0.06,0.18,1389.21,Credit Card,In-Store,EMP974,1,0,Same Day,7,EUR
ORD121717,18-11-2023,BR30,India,Mumbai,CUST8187,PROD969,TV,LG OLED 48,LG,1,1720.2,0.03,0.18,1968.94,UPI,Online,EMP446,2,0,Standard,3,GBP
ORD121718,15-01-2023,BR95,UK,Manchester,CUST9580,PROD710,Laptop,MacBook Air M2,LG,4,1049.55,0.27,0.18,3616.33,Net Banking,In-Store,EMP724,0,0,Standard,9,AED
ORD121719,18-12-2024,BR96,USA,New York,CUST8592,PROD782,TV,LG OLED 48,Lenovo,4,1765.06,0.27,0.18,6081.69,Debit Card,Online,EMP954,0,1,Same Day,4,GBP
ORD121720,16-02-2023,BR63,India,Delhi,CUST9079,PROD323,Mobile,iPhone 14,LG,3,1001.44,0.3,0.18,2481.57,UPI,Online,EMP250,1,0,Standard,2,INR
ORD121721,28-08-2023,BR2,UAE,Dubai,CUST3058,PROD227,Accessories,Wireless Mouse,Apple,3,1621.68,0.26,0.18,4248.15,Net Banking,Online,EMP355,2,0,Standard,7,GBP
ORD121722,31-07-2023,BR40,Germany,Munich,CUST4570,PROD534,Laptop,MacBook Air M2,Lenovo,3,85.94,0.28,0.18,219.04,Cash,Online,EMP849,1,1,Standard,6,AED
ORD121723,26-05-2024,BR11,UAE,Abu Dhabi,CUST5644,PROD320,TV,Samsung QLED 50,HP,3,373.87,0.2,0.18,1058.8,Credit Card,Online,EMP271,0,1,Express,2,GBP
ORD121724,28-06-2024,BR102,UK,London,CUST3167,PROD980,TV,Sony Bravia 55,OnePlus,3,1065,0.09,0.18,3430.79,Cash,In-Store,EMP727,0,1,Express,2,INR
ORD121725,13-01-2024,BR47,UK,London,CUST1093,PROD535,TV,Sony Bravia 55,HP,2,1611.35,0.07,0.18,3536.59,Cash,Online,EMP682,1,1,Express,9,INR
ORD121726,14-01-2023,BR13,India,Delhi,CUST8016,PROD923,Laptop,MacBook Air M2,Apple,1,100.1,0.07,0.18,109.85,Net Banking,Online,EMP986,1,1,Standard,9,USD
ORD121727,16-04-2024,BR113,Germany,Hamburg,CUST9957,PROD115,Tablet,Lenovo Tab P11,HP,1,1026.9,0.26,0.18,896.69,Cash,In-Store,EMP486,3,0,Standard,7,EUR
ORD121728,18-03-2024,BR3,Germany,Berlin,CUST6832,PROD569,Accessories,Keyboard,HP,1,1910.63,0.18,0.18,1848.73,Cash,In-Store,EMP729,3,1,Same Day,9,EUR
ORD121729,20-08-2023,BR100,India,Delhi,CUST4589,PROD917,Mobile,iPhone 14,LG,3,1590.57,0.08,0.18,5180.17,UPI,Online,EMP436,1,0,Express,5,AED
ORD121730,03-11-2023,BR49,UK,Birmingham,CUST8510,PROD411,Tablet,iPad Air,Dell,3,535.88,0.25,0.18,1422.76,Cash,In-Store,EMP480,2,1,Standard,6,GBP
ORD121731,23-11-2024,BR37,India,Pune,CUST1559,PROD635,Tablet,iPad Air,Samsung,1,832.68,0.15,0.18,835.18,Debit Card,In-Store,EMP644,1,0,Same Day,3,USD
ORD121732,06-11-2024,BR19,UK,Manchester,CUST5446,PROD613,Tablet,iPad Air,Apple,5,1949.61,0.22,0.18,8972.11,Credit Card,In-Store,EMP895,0,1,Express,6,INR
ORD121733,20-12-2024,BR73,UK,Birmingham,CUST9951,PROD721,Laptop,MacBook Air M2,Apple,2,645.16,0.09,0.18,1385.55,Net Banking,In-Store,EMP267,3,0,Standard,2,GBP
ORD121734,24-09-2024,BR45,UK,Birmingham,CUST1562,PROD651,Laptop,MacBook Air M2,LG,4,246.51,0.3,0.18,814.47,Cash,Online,EMP891,3,1,Express,9,AED
ORD121735,25-02-2024,BR80,USA,Los Angeles,CUST7725,PROD939,Accessories,Wireless Mouse,Apple,2,589.53,0.12,0.18,1224.34,Net Banking,In-Store,EMP484,2,0,Standard,9,AED
ORD121736,06-12-2024,BR84,USA,New York,CUST4927,PROD460,TV,Sony Bravia 55,HP,4,258.5,0.27,0.18,890.69,Net Banking,Online,EMP343,1,0,Same Day,9,AED
ORD121737,15-03-2024,BR110,UK,Birmingham,CUST3752,PROD735,Tablet,iPad Air,HP,5,1589.84,0.06,0.18,8817.25,Credit Card,In-Store,EMP921,0,1,Same Day,8,USD
ORD121738,19-08-2023,BR119,Germany,Hamburg,CUST8345,PROD254,Accessories,Bluetooth Headphones,Sony,4,348.77,0.19,0.18,1333.42,Credit Card,Online,EMP704,1,1,Same Day,3,INR
ORD121739,31-12-2023,BR86,UAE,Dubai,CUST8072,PROD617,Accessories,Wireless Mouse,Apple,2,232.8,0.03,0.18,532.93,Cash,Online,EMP970,0,1,Standard,2,EUR
ORD121740,10-09-2024,BR89,USA,Dallas,CUST3116,PROD349,Tablet,iPad Air,OnePlus,5,1811.94,0.26,0.18,7910.93,Credit Card,Online,EMP474,0,1,Standard,4,AED
ORD121741,03-03-2024,BR13,UK,Birmingham,CUST8361,PROD379,TV,Sony Bravia 55,LG,1,313.98,0.21,0.18,292.69,Cash,Online,EMP384,1,0,Express,3,GBP
ORD121742,23-11-2024,BR3,USA,Dallas,CUST5608,PROD922,Tablet,Samsung Galaxy Tab,Samsung,1,1671.84,0.05,0.18,1874.13,Cash,Online,EMP869,3,1,Express,5,EUR
ORD121743,21-04-2023,BR45,UAE,Abu Dhabi,CUST1015,PROD188,Laptop,HP Spectre x360,Lenovo,1,1231.37,0.09,0.18,1322.25,UPI,In-Store,EMP990,1,0,Same Day,7,USD
ORD121744,20-09-2023,BR44,USA,Dallas,CUST1424,PROD823,Mobile,OnePlus 11,HP,4,1222.91,0.26,0.18,4271.38,UPI,Online,EMP322,3,1,Same Day,10,INR
ORD121745,23-03-2023,BR28,Germany,Hamburg,CUST5910,PROD603,Tablet,iPad Air,Samsung,5,1731.33,0.15,0.18,8682.62,Credit Card,Online,EMP713,0,1,Standard,2,INR
ORD121746,15-09-2023,BR76,Germany,Berlin,CUST4790,PROD678,Accessories,Keyboard,Lenovo,5,1574.61,0.1,0.18,8361.18,Credit Card,Online,EMP903,1,1,Express,9,AED
ORD121747,01-12-2023,BR17,India,Bangalore,CUST5516,PROD486,Tablet,iPad Air,HP,5,1195.26,0.22,0.18,5500.59,UPI,Online,EMP206,2,1,Standard,9,AED
ORD121748,30-06-2023,BR23,UAE,Abu Dhabi,CUST7619,PROD442,Accessories,Bluetooth Headphones,LG,5,189.35,0.03,0.18,1083.65,Net Banking,In-Store,EMP321,0,1,Standard,3,USD
ORD121749,18-01-2023,BR58,UK,Birmingham,CUST7311,PROD863,Laptop,HP Spectre x360,OnePlus,1,522.22,0.17,0.18,511.46,Credit Card,Online,EMP474,3,0,Standard,10,AED
ORD121750,05-12-2023,BR106,Germany,Berlin,CUST7430,PROD468,Accessories,Bluetooth Headphones,Dell,3,987.48,0.28,0.18,2516.89,Net Banking,Online,EMP483,1,0,Express,2,USD
ORD121751,15-04-2024,BR99,Germany,Munich,CUST1737,PROD665,Tablet,iPad Air,Dell,1,283.91,0.17,0.18,278.06,Credit Card,In-Store,EMP967,2,0,Standard,1,AED
ORD121752,05-02-2024,BR83,Germany,Hamburg,CUST2706,PROD668,Mobile,iPhone 14,OnePlus,5,708.55,0.2,0.18,3344.36,Credit Card,In-Store,EMP464,0,1,Express,3,INR
ORD121753,11-07-2023,BR21,UK,London,CUST4044,PROD417,Laptop,MacBook Air M2,Apple,3,1643.91,0.28,0.18,4190,Debit Card,In-Store,EMP983,2,0,Standard,4,USD
ORD121754,04-05-2024,BR51,India,Bangalore,CUST9077,PROD853,Tablet,Lenovo Tab P11,HP,4,675.1,0.03,0.18,3090.88,UPI,Online,EMP965,0,1,Same Day,1,INR
ORD121755,06-01-2023,BR18,USA,New York,CUST7400,PROD782,Accessories,Bluetooth Headphones,Sony,4,333.93,0.18,0.18,1292.44,Debit Card,In-Store,EMP438,1,0,Same Day,10,INR
ORD121756,03-01-2023,BR75,India,Bangalore,CUST3825,PROD921,Mobile,iPhone 14,Dell,4,1443.46,0.21,0.18,5382.37,Debit Card,Online,EMP433,2,0,Same Day,6,USD
ORD121757,16-09-2024,BR63,UK,London,CUST4583,PROD143,Laptop,HP Spectre x360,Dell,5,818.29,0.17,0.18,4007.17,Credit Card,In-Store,EMP890,2,0,Same Day,10,USD
ORD121758,25-05-2023,BR55,USA,Chicago,CUST5944,PROD813,Accessories,Keyboard,LG,5,472.7,0.02,0.18,2733.15,Cash,In-Store,EMP465,1,0,Express,7,EUR
ORD121759,20-07-2023,BR85,India,Bangalore,CUST3616,PROD796,Laptop,Dell XPS 13,LG,1,1453.91,0.06,0.18,1612.68,Credit Card,Online,EMP419,1,1,Standard,1,USD
ORD121760,04-04-2023,BR54,UK,London,CUST7360,PROD125,Tablet,Samsung Galaxy Tab,HP,4,170.1,0.06,0.18,754.7,Net Banking,In-Store,EMP509,3,1,Express,2,USD
ORD121761,24-01-2024,BR98,UAE,Abu Dhabi,CUST9833,PROD549,TV,LG OLED 48,Dell,2,1068.88,0,0.18,2522.56,Debit Card,Online,EMP749,1,0,Express,3,GBP
ORD121762,09-05-2024,BR99,USA,New York,CUST5700,PROD684,Accessories,Keyboard,HP,1,1818.68,0.27,0.18,1566.61,Cash,In-Store,EMP224,0,1,Express,4,GBP
ORD121763,04-03-2024,BR98,Germany,Munich,CUST2701,PROD176,TV,Samsung QLED 50,Samsung,5,1965.75,0.22,0.18,9046.38,Credit Card,Online,EMP244,1,0,Express,10,EUR
ORD121764,09-01-2023,BR7,UAE,Dubai,CUST1267,PROD743,Tablet,Samsung Galaxy Tab,Sony,5,1906.14,0.08,0.18,10346.53,Debit Card,Online,EMP311,2,0,Standard,6,USD
ORD121765,14-03-2024,BR99,India,Pune,CUST8615,PROD475,Accessories,Wireless Mouse,Sony,5,296.24,0.17,0.18,1450.69,Debit Card,Online,EMP867,3,1,Same Day,2,GBP
ORD121766,27-01-2023,BR90,UK,Birmingham,CUST9386,PROD537,Tablet,Lenovo Tab P11,Lenovo,2,1137.39,0.08,0.18,2469.5,Net Banking,Online,EMP471,2,1,Standard,7,AED
ORD121767,11-07-2023,BR1,UAE,Dubai,CUST7328,PROD260,Accessories,Bluetooth Headphones,OnePlus,5,432.74,0.09,0.18,2323.38,UPI,In-Store,EMP401,2,0,Standard,10,GBP
ORD121768,10-04-2023,BR105,UK,London,CUST2876,PROD934,Accessories,Bluetooth Headphones,Lenovo,1,1237.7,0.23,0.18,1124.57,Credit Card,In-Store,EMP254,1,0,Standard,1,USD
ORD121769,03-10-2024,BR78,UAE,Dubai,CUST9440,PROD905,TV,LG OLED 48,HP,2,718.05,0.28,0.18,1220.11,Cash,In-Store,EMP669,0,0,Express,4,AED
ORD121770,11-01-2024,BR43,UAE,Dubai,CUST3772,PROD469,Accessories,Bluetooth Headphones,Dell,1,1054.2,0.14,0.18,1069.8,Net Banking,Online,EMP970,2,0,Express,9,USD
ORD121771,22-01-2023,BR32,UAE,Abu Dhabi,CUST4529,PROD562,TV,Sony Bravia 55,Samsung,4,1106.93,0.14,0.18,4493.25,Net Banking,In-Store,EMP836,3,0,Express,5,GBP
ORD121772,05-06-2023,BR2,UK,Manchester,CUST1543,PROD773,TV,Sony Bravia 55,Lenovo,4,362.43,0.04,0.18,1642.24,Net Banking,In-Store,EMP669,0,0,Express,7,AED
ORD121773,12-10-2024,BR41,UK,London,CUST5297,PROD160,Laptop,Dell XPS 13,OnePlus,1,1760.47,0.21,0.18,1641.11,Cash,Online,EMP654,2,0,Same Day,3,GBP
ORD121774,02-07-2024,BR101,UK,London,CUST9613,PROD592,TV,Sony Bravia 55,Apple,2,1653.99,0.02,0.18,3825.35,Cash,In-Store,EMP515,3,0,Same Day,8,INR
ORD121775,09-02-2023,BR6,Germany,Munich,CUST6045,PROD571,Accessories,Wireless Mouse,OnePlus,3,642.86,0.03,0.18,2207.45,Debit Card,Online,EMP223,0,1,Same Day,1,USD
ORD121776,13-01-2023,BR86,USA,Dallas,CUST1154,PROD328,Tablet,iPad Air,Apple,1,1709.39,0,0.18,2017.08,Cash,In-Store,EMP972,2,0,Express,4,AED
ORD121777,03-07-2024,BR72,India,Bangalore,CUST2899,PROD719,Mobile,OnePlus 11,HP,4,52.96,0.03,0.18,242.47,Cash,In-Store,EMP536,1,1,Same Day,5,USD
ORD121778,12-07-2024,BR46,India,Mumbai,CUST6678,PROD118,Mobile,iPhone 14,Lenovo,2,387.66,0.17,0.18,759.35,UPI,In-Store,EMP790,2,0,Express,2,USD
ORD121779,22-12-2023,BR115,UK,London,CUST1683,PROD581,Tablet,iPad Air,Samsung,2,1924.02,0.05,0.18,4313.65,Debit Card,In-Store,EMP661,3,0,Same Day,8,GBP
ORD121780,19-10-2024,BR51,UAE,Dubai,CUST3248,PROD624,Tablet,Lenovo Tab P11,Dell,2,1946.44,0.15,0.18,3904.56,UPI,In-Store,EMP434,2,0,Express,2,EUR
ORD121781,24-12-2023,BR86,UAE,Dubai,CUST7797,PROD952,Mobile,Samsung Galaxy S23,Lenovo,1,1000.92,0.13,0.18,1027.54,UPI,Online,EMP577,0,0,Standard,1,INR
ORD121782,25-05-2023,BR73,UK,London,CUST5791,PROD179,Tablet,iPad Air,Samsung,1,536.17,0.15,0.18,537.78,Debit Card,Online,EMP987,2,0,Standard,6,GBP
ORD121783,12-07-2024,BR25,USA,New York,CUST1892,PROD777,Mobile,Samsung Galaxy S23,HP,4,1353.91,0.28,0.18,4601.13,Net Banking,In-Store,EMP621,1,0,Express,9,EUR
ORD121784,10-04-2023,BR111,UK,Manchester,CUST1750,PROD406,Mobile,OnePlus 11,Sony,3,1753.72,0.21,0.18,4904.45,UPI,Online,EMP494,3,0,Standard,4,AED
ORD121785,24-05-2024,BR37,USA,Dallas,CUST3936,PROD685,TV,Samsung QLED 50,OnePlus,1,1308.39,0.3,0.18,1080.73,Credit Card,In-Store,EMP757,3,1,Same Day,3,GBP
ORD121786,21-07-2023,BR14,UAE,Dubai,CUST4853,PROD334,Laptop,MacBook Air M2,Dell,2,72.26,0.07,0.18,158.6,Cash,Online,EMP783,1,1,Standard,2,AED
ORD121787,28-04-2023,BR20,Germany,Munich,CUST8063,PROD347,Accessories,Keyboard,OnePlus,1,1601.87,0.06,0.18,1776.79,Net Banking,Online,EMP386,0,0,Express,4,AED
ORD121788,19-08-2023,BR87,USA,Dallas,CUST2395,PROD434,Tablet,Samsung Galaxy Tab,Lenovo,5,375.12,0.02,0.18,2168.94,Debit Card,Online,EMP360,0,1,Standard,4,USD
ORD121789,03-03-2023,BR116,UAE,Dubai,CUST7847,PROD890,Accessories,Wireless Mouse,Samsung,5,1302.72,0.17,0.18,6379.42,UPI,In-Store,EMP797,2,1,Standard,1,EUR
ORD121790,16-11-2023,BR94,USA,New York,CUST8826,PROD828,Mobile,Samsung Galaxy S23,Lenovo,2,1629.29,0.09,0.18,3499.06,Net Banking,In-Store,EMP666,1,1,Standard,8,INR
ORD121791,02-02-2024,BR43,UK,Manchester,CUST7005,PROD741,Tablet,iPad Air,Lenovo,1,1394.17,0.13,0.18,1431.25,Net Banking,Online,EMP833,0,0,Same Day,5,INR
ORD121792,05-09-2024,BR62,USA,Dallas,CUST6852,PROD335,Tablet,Samsung Galaxy Tab,OnePlus,2,1549.96,0.2,0.18,2926.32,Credit Card,Online,EMP639,2,0,Standard,1,GBP
ORD121793,13-03-2024,BR34,Germany,Berlin,CUST6729,PROD411,Tablet,Lenovo Tab P11,OnePlus,4,1573.34,0.03,0.18,7203.38,Net Banking,In-Store,EMP375,2,1,Express,10,INR
ORD121794,04-04-2024,BR47,USA,New York,CUST3571,PROD719,Accessories,Wireless Mouse,Samsung,5,1288.61,0.28,0.18,5474.02,Cash,Online,EMP433,3,0,Express,1,GBP
ORD121795,27-05-2024,BR18,India,Mumbai,CUST4051,PROD488,Laptop,MacBook Air M2,OnePlus,1,282.56,0.06,0.18,313.42,Cash,Online,EMP396,1,0,Standard,4,USD
ORD121796,10-10-2024,BR5,India,Bangalore,CUST8641,PROD861,Tablet,Lenovo Tab P11,LG,3,1240.29,0.08,0.18,4039.38,Cash,Online,EMP551,2,1,Same Day,2,USD
ORD121797,27-05-2024,BR94,UAE,Dubai,CUST7131,PROD778,TV,Samsung QLED 50,Sony,5,1469.59,0.27,0.18,6329.52,Debit Card,In-Store,EMP369,2,0,Same Day,10,EUR
ORD121798,19-08-2024,BR49,UK,Manchester,CUST4681,PROD975,Accessories,Wireless Mouse,Lenovo,3,158.23,0.14,0.18,481.72,UPI,In-Store,EMP993,0,0,Standard,5,AED
ORD121799,02-01-2023,BR68,UK,Manchester,CUST2148,PROD611,Accessories,Bluetooth Headphones,Dell,3,830.93,0.13,0.18,2559.1,Net Banking,In-Store,EMP327,0,1,Standard,4,GBP
ORD121800,02-01-2024,BR88,USA,Dallas,CUST8545,PROD628,Mobile,Samsung Galaxy S23,Sony,3,1138.82,0.05,0.18,3829.85,Debit Card,In-Store,EMP215,0,0,Standard,4,USD
ORD121801,20-02-2023,BR67,Germany,Munich,CUST5970,PROD804,Tablet,Lenovo Tab P11,Samsung,3,319.66,0.24,0.18,860.01,Cash,Online,EMP477,2,0,Standard,10,AED
ORD121802,21-03-2024,BR88,UK,Manchester,CUST3489,PROD834,Accessories,Keyboard,Apple,5,320.46,0.18,0.18,1550.39,Net Banking,In-Store,EMP519,1,0,Express,3,INR
ORD121803,07-05-2024,BR77,India,Bangalore,CUST6470,PROD513,TV,LG OLED 48,Sony,5,1449.56,0.07,0.18,7953.74,Credit Card,Online,EMP448,2,0,Same Day,6,EUR
ORD121804,09-07-2023,BR2,India,Pune,CUST1727,PROD948,Tablet,iPad Air,Sony,4,1967.59,0.18,0.18,7615.36,UPI,Online,EMP653,0,0,Standard,9,GBP
ORD121805,27-02-2024,BR112,India,Delhi,CUST5553,PROD764,Mobile,Samsung Galaxy S23,HP,2,1324.3,0.15,0.18,2656.55,Credit Card,Online,EMP324,0,1,Standard,8,GBP
ORD121806,10-11-2024,BR52,UAE,Dubai,CUST6375,PROD728,TV,Samsung QLED 50,LG,4,713.61,0.11,0.18,2997.73,Debit Card,In-Store,EMP257,2,1,Express,4,GBP
ORD121807,04-03-2024,BR65,USA,New York,CUST5839,PROD656,Laptop,MacBook Air M2,HP,5,337.49,0.24,0.18,1513.31,UPI,In-Store,EMP210,0,1,Express,10,AED
ORD121808,03-12-2023,BR82,USA,Dallas,CUST8392,PROD278,TV,Samsung QLED 50,Sony,5,1676.41,0.18,0.18,8110.47,Debit Card,Online,EMP594,1,1,Standard,6,INR
ORD121809,30-06-2023,BR43,Germany,Berlin,CUST4696,PROD649,Laptop,Dell XPS 13,Sony,4,167.76,0.1,0.18,712.64,Debit Card,In-Store,EMP577,0,0,Express,7,GBP
ORD121810,03-11-2023,BR20,Germany,Munich,CUST3844,PROD187,TV,Sony Bravia 55,OnePlus,2,439.07,0.18,0.18,849.69,Debit Card,Online,EMP444,3,0,Express,5,AED
ORD121811,11-08-2024,BR40,India,Bangalore,CUST7454,PROD484,Tablet,Lenovo Tab P11,OnePlus,3,572.2,0.09,0.18,1843.29,Cash,In-Store,EMP993,0,0,Express,7,GBP
ORD121812,28-04-2024,BR54,India,Delhi,CUST7246,PROD203,Laptop,HP Spectre x360,Sony,1,386.18,0.07,0.18,423.79,Net Banking,Online,EMP641,0,0,Same Day,1,INR
ORD121813,08-04-2023,BR27,India,Pune,CUST3536,PROD734,TV,Samsung QLED 50,LG,3,1127.06,0.21,0.18,3151.94,Net Banking,In-Store,EMP209,2,0,Same Day,8,USD
ORD121814,25-03-2024,BR92,Germany,Berlin,CUST3309,PROD873,Tablet,Lenovo Tab P11,OnePlus,3,906.98,0.11,0.18,2857.53,UPI,In-Store,EMP299,3,0,Express,10,INR
ORD121815,05-08-2023,BR15,UAE,Dubai,CUST4746,PROD331,Laptop,Dell XPS 13,Dell,4,501.87,0.14,0.18,2037.19,Credit Card,Online,EMP941,2,0,Same Day,9,USD
ORD121816,11-11-2024,BR40,USA,Los Angeles,CUST2557,PROD436,Mobile,iPhone 14,Sony,1,234.8,0.18,0.18,227.19,Credit Card,Online,EMP885,2,1,Express,6,EUR
ORD121817,15-08-2023,BR96,India,Pune,CUST3202,PROD991,Accessories,Wireless Mouse,Apple,5,271.9,0.06,0.18,1507.96,Debit Card,Online,EMP794,0,1,Express,6,USD
ORD121818,30-01-2023,BR51,India,Delhi,CUST4024,PROD612,Laptop,MacBook Air M2,LG,3,98.47,0.29,0.18,247.49,UPI,Online,EMP950,3,1,Same Day,10,USD
ORD121819,24-05-2024,BR47,USA,Los Angeles,CUST3557,PROD128,Mobile,OnePlus 11,LG,3,1660.62,0.04,0.18,5643.45,Cash,Online,EMP427,2,1,Standard,1,AED
ORD121820,22-09-2024,BR102,UK,Birmingham,CUST9658,PROD537,Laptop,Dell XPS 13,Lenovo,1,1765.12,0.04,0.18,1999.53,Debit Card,Online,EMP543,1,1,Express,6,EUR
ORD121821,26-05-2023,BR91,UAE,Abu Dhabi,CUST9014,PROD187,TV,Sony Bravia 55,Lenovo,1,1659.93,0.29,0.18,1390.69,Credit Card,Online,EMP635,0,0,Same Day,2,USD
ORD121822,26-01-2023,BR8,Germany,Munich,CUST6434,PROD849,TV,Samsung QLED 50,HP,1,1186.57,0.09,0.18,1274.14,Credit Card,In-Store,EMP331,3,1,Standard,9,USD
ORD121823,25-07-2023,BR45,USA,Chicago,CUST2773,PROD382,Accessories,Bluetooth Headphones,Apple,3,863.15,0.26,0.18,2261.11,UPI,In-Store,EMP475,2,0,Same Day,3,INR
ORD121824,06-02-2023,BR83,UAE,Dubai,CUST5093,PROD239,Laptop,HP Spectre x360,Samsung,4,1478.12,0.3,0.18,4883.71,Credit Card,Online,EMP222,2,1,Same Day,10,EUR
ORD121825,07-12-2023,BR25,India,Delhi,CUST7114,PROD623,Mobile,Samsung Galaxy S23,Dell,3,1197.3,0.27,0.18,3094.06,Debit Card,In-Store,EMP255,1,0,Same Day,5,EUR
ORD121826,12-03-2023,BR85,Germany,Hamburg,CUST5639,PROD611,Laptop,MacBook Air M2,Dell,3,1313.43,0.26,0.18,3440.66,Cash,In-Store,EMP400,3,0,Standard,2,AED
ORD121827,14-01-2023,BR80,UK,London,CUST6771,PROD872,TV,Samsung QLED 50,Samsung,1,1619.27,0.06,0.18,1796.09,Credit Card,Online,EMP880,0,0,Express,4,GBP
ORD121828,20-10-2024,BR108,UK,Manchester,CUST3128,PROD310,Laptop,Dell XPS 13,OnePlus,5,926.48,0.06,0.18,5138.26,Credit Card,In-Store,EMP372,3,0,Standard,10,INR
ORD121829,23-06-2023,BR117,UAE,Dubai,CUST6476,PROD216,Mobile,OnePlus 11,Samsung,2,343.68,0.26,0.18,600.2,Debit Card,In-Store,EMP867,2,1,Standard,4,EUR
ORD121830,05-11-2024,BR36,UAE,Dubai,CUST9963,PROD157,Laptop,HP Spectre x360,OnePlus,5,708.81,0.1,0.18,3763.78,Cash,Online,EMP349,1,0,Express,8,GBP
ORD121831,06-02-2024,BR84,Germany,Berlin,CUST6468,PROD509,Accessories,Bluetooth Headphones,Lenovo,5,420.37,0.01,0.18,2455.38,Net Banking,Online,EMP949,1,1,Same Day,8,USD
ORD121832,19-04-2024,BR5,UAE,Abu Dhabi,CUST1015,PROD416,TV,LG OLED 48,HP,1,835.56,0.13,0.18,857.79,Cash,Online,EMP469,2,0,Express,6,INR
ORD121833,17-11-2023,BR105,Germany,Berlin,CUST9657,PROD174,Mobile,OnePlus 11,Samsung,4,1250.44,0.24,0.18,4485.58,UPI,Online,EMP838,1,0,Express,5,INR
ORD121834,23-04-2023,BR94,India,Pune,CUST7036,PROD445,Mobile,OnePlus 11,HP,4,1530.03,0.11,0.18,6427.35,Debit Card,Online,EMP764,1,0,Express,9,AED
ORD121835,31-03-2023,BR119,India,Delhi,CUST2997,PROD730,Accessories,Bluetooth Headphones,Samsung,1,80.74,0.12,0.18,83.84,Debit Card,In-Store,EMP986,3,1,Standard,10,USD
ORD121836,07-03-2023,BR117,Germany,Hamburg,CUST7595,PROD233,Tablet,Samsung Galaxy Tab,OnePlus,5,320.48,0.23,0.18,1455.94,Debit Card,In-Store,EMP251,0,0,Same Day,8,USD
ORD121837,30-05-2024,BR99,UK,Manchester,CUST1937,PROD802,TV,Samsung QLED 50,Lenovo,1,719.56,0.22,0.18,662.28,UPI,In-Store,EMP700,0,1,Standard,7,AED
ORD121838,27-11-2023,BR84,India,Mumbai,CUST5136,PROD172,Mobile,Samsung Galaxy S23,Samsung,4,980.91,0.21,0.18,3657.62,Debit Card,Online,EMP990,1,1,Standard,5,AED
ORD121839,29-11-2024,BR28,India,Bangalore,CUST3095,PROD397,Laptop,MacBook Air M2,HP,4,898.56,0.2,0.18,3392.96,Debit Card,In-Store,EMP538,1,1,Standard,2,INR
ORD121840,18-09-2023,BR64,USA,Los Angeles,CUST8884,PROD187,Accessories,Keyboard,Sony,2,936.17,0.12,0.18,1944.24,Credit Card,In-Store,EMP614,2,0,Standard,1,AED
ORD121841,04-02-2023,BR118,USA,Los Angeles,CUST4309,PROD181,Accessories,Bluetooth Headphones,HP,5,1608.2,0.24,0.18,7211.17,Debit Card,Online,EMP231,1,0,Standard,8,AED
ORD121842,01-02-2024,BR105,USA,New York,CUST3390,PROD411,Tablet,Lenovo Tab P11,Lenovo,2,447.67,0.06,0.18,993.11,Cash,Online,EMP289,3,0,Same Day,4,EUR
ORD121843,02-09-2024,BR101,UAE,Dubai,CUST8077,PROD450,Accessories,Bluetooth Headphones,Sony,4,1369.79,0.27,0.18,4719.75,Credit Card,Online,EMP588,2,0,Standard,9,AED
ORD121844,31-01-2024,BR85,India,Pune,CUST6296,PROD680,Laptop,MacBook Air M2,Dell,3,165.16,0.23,0.18,450.19,Credit Card,Online,EMP702,3,0,Express,5,GBP
ORD121845,01-06-2023,BR62,USA,Chicago,CUST1608,PROD334,Tablet,iPad Air,Dell,1,235.49,0.09,0.18,252.87,UPI,Online,EMP335,2,0,Express,5,AED
ORD121846,06-08-2024,BR79,UK,London,CUST2640,PROD566,Laptop,MacBook Air M2,Apple,2,1754.64,0.14,0.18,3561.22,Credit Card,In-Store,EMP842,0,0,Standard,8,EUR
ORD121847,27-12-2024,BR28,Germany,Munich,CUST5784,PROD444,TV,Sony Bravia 55,OnePlus,4,1517.48,0.13,0.18,6231.38,Cash,Online,EMP448,1,1,Express,2,AED
ORD121848,21-06-2024,BR96,India,Mumbai,CUST7190,PROD541,Laptop,HP Spectre x360,LG,5,135.84,0.24,0.18,609.11,Debit Card,In-Store,EMP221,0,0,Same Day,10,EUR
ORD121849,30-11-2024,BR55,Germany,Hamburg,CUST9402,PROD982,Accessories,Keyboard,Sony,5,880.66,0.03,0.18,5040.02,Debit Card,In-Store,EMP651,3,1,Same Day,9,EUR
ORD121850,21-04-2024,BR69,UAE,Dubai,CUST7548,PROD874,Mobile,Samsung Galaxy S23,Samsung,2,1288.87,0.08,0.18,2798.39,UPI,In-Store,EMP913,0,1,Express,10,USD
ORD121851,24-09-2023,BR18,UK,Birmingham,CUST3410,PROD367,Tablet,Samsung Galaxy Tab,Samsung,3,1130.35,0.18,0.18,3281.18,Net Banking,In-Store,EMP943,2,0,Standard,1,AED
ORD121852,26-05-2023,BR59,UAE,Abu Dhabi,CUST7521,PROD542,Laptop,MacBook Air M2,Sony,1,1885.65,0.03,0.18,2158.31,Net Banking,In-Store,EMP460,0,1,Express,4,INR
ORD121853,05-03-2023,BR103,India,Pune,CUST5708,PROD785,Tablet,Lenovo Tab P11,OnePlus,5,436.82,0.08,0.18,2371.06,Debit Card,Online,EMP770,1,0,Standard,10,INR
ORD121854,19-12-2023,BR74,UAE,Abu Dhabi,CUST5960,PROD988,Laptop,MacBook Air M2,HP,3,1943.71,0.19,0.18,5573.39,UPI,Online,EMP529,0,1,Express,4,AED
ORD121855,14-07-2024,BR28,India,Mumbai,CUST8572,PROD777,TV,Sony Bravia 55,Sony,5,1843.97,0.06,0.18,10226.66,Debit Card,Online,EMP451,1,0,Same Day,6,AED
ORD121856,08-04-2024,BR21,Germany,Berlin,CUST8054,PROD927,Mobile,iPhone 14,HP,4,607.86,0.04,0.18,2754.34,UPI,Online,EMP623,1,0,Standard,4,AED
ORD121857,25-01-2023,BR35,UAE,Dubai,CUST1951,PROD386,Tablet,Samsung Galaxy Tab,Sony,4,65.57,0,0.18,309.49,Cash,Online,EMP450,1,1,Express,2,EUR
ORD121858,06-08-2024,BR1,UK,Birmingham,CUST1844,PROD599,TV,Sony Bravia 55,Samsung,2,1947.82,0.04,0.18,4412.98,Debit Card,In-Store,EMP214,2,0,Express,3,EUR
ORD121859,30-09-2024,BR2,UK,Birmingham,CUST9537,PROD804,Accessories,Bluetooth Headphones,OnePlus,2,329.64,0.11,0.18,692.38,Net Banking,In-Store,EMP950,3,1,Standard,6,EUR
ORD121860,13-11-2023,BR74,UK,London,CUST2459,PROD667,Laptop,Dell XPS 13,LG,1,429.37,0.21,0.18,400.26,Cash,Online,EMP358,1,0,Standard,10,AED
ORD121861,24-10-2024,BR14,UAE,Dubai,CUST3997,PROD901,Tablet,iPad Air,Apple,3,210.6,0.21,0.18,588.96,Debit Card,Online,EMP333,2,0,Express,4,USD
ORD121862,10-11-2024,BR108,UK,London,CUST8489,PROD437,Mobile,Samsung Galaxy S23,Sony,1,680.81,0.21,0.18,634.65,UPI,Online,EMP287,0,1,Express,6,INR
ORD121863,17-07-2024,BR20,USA,Dallas,CUST1214,PROD248,TV,Samsung QLED 50,Dell,2,1720.69,0.07,0.18,3776.57,UPI,Online,EMP258,0,0,Same Day,6,EUR
ORD121864,04-05-2023,BR55,UAE,Dubai,CUST7956,PROD272,Accessories,Bluetooth Headphones,LG,2,51.93,0.1,0.18,110.3,Net Banking,Online,EMP245,1,1,Same Day,6,INR
ORD121865,29-02-2024,BR53,USA,Dallas,CUST2411,PROD907,Mobile,Samsung Galaxy S23,Samsung,3,1334.71,0.14,0.18,4063.39,Credit Card,In-Store,EMP500,3,0,Express,5,GBP
ORD121866,04-07-2023,BR20,Germany,Berlin,CUST5435,PROD509,Accessories,Bluetooth Headphones,Samsung,4,1549.59,0.09,0.18,6655.8,Net Banking,In-Store,EMP589,3,1,Express,10,USD
ORD121867,13-04-2024,BR104,India,Bangalore,CUST7427,PROD846,Tablet,Lenovo Tab P11,LG,2,1355.18,0.08,0.18,2942.37,Credit Card,Online,EMP225,2,1,Same Day,8,USD
ORD121868,28-09-2023,BR50,Germany,Hamburg,CUST4820,PROD297,Tablet,Samsung Galaxy Tab,Samsung,1,259.73,0.18,0.18,251.31,Cash,Online,EMP594,3,0,Standard,4,EUR
ORD121869,30-11-2023,BR2,UAE,Dubai,CUST1067,PROD151,Tablet,iPad Air,OnePlus,4,1337.1,0.13,0.18,5490.67,Credit Card,Online,EMP715,0,0,Same Day,5,AED
ORD121870,30-03-2023,BR32,USA,New York,CUST3052,PROD778,Accessories,Wireless Mouse,OnePlus,4,1143.2,0.2,0.18,4316.72,Credit Card,Online,EMP668,2,1,Express,8,EUR
ORD121871,27-03-2024,BR58,USA,Dallas,CUST2519,PROD571,Tablet,Samsung Galaxy Tab,Dell,1,1149.44,0.17,0.18,1125.76,Cash,In-Store,EMP789,1,1,Express,9,EUR
ORD121872,29-09-2024,BR9,USA,Los Angeles,CUST7774,PROD123,Laptop,HP Spectre x360,OnePlus,4,102.75,0.03,0.18,470.43,Cash,In-Store,EMP742,3,1,Same Day,8,AED
ORD121873,29-07-2024,BR83,UK,Birmingham,CUST7859,PROD684,Accessories,Wireless Mouse,Samsung,4,1271.15,0.06,0.18,5639.84,Credit Card,In-Store,EMP999,1,0,Same Day,2,USD
ORD121874,01-12-2024,BR97,India,Bangalore,CUST1619,PROD343,Accessories,Bluetooth Headphones,Lenovo,3,591.69,0.25,0.18,1570.94,Debit Card,In-Store,EMP300,3,0,Express,1,INR
ORD121875,22-04-2023,BR67,USA,Los Angeles,CUST9861,PROD261,Tablet,Samsung Galaxy Tab,Lenovo,4,254.06,0.24,0.18,911.36,Credit Card,In-Store,EMP512,2,1,Express,1,GBP
ORD121876,03-08-2024,BR46,India,Pune,CUST4508,PROD917,Laptop,HP Spectre x360,Lenovo,4,462.95,0.09,0.18,1988.46,Net Banking,In-Store,EMP513,3,0,Standard,1,USD
ORD121877,22-01-2024,BR68,UK,Manchester,CUST7991,PROD267,TV,LG OLED 48,Apple,5,368.56,0.26,0.18,1609.13,Cash,Online,EMP921,0,0,Express,8,USD
ORD121878,04-04-2023,BR50,UK,London,CUST8623,PROD154,Accessories,Keyboard,Sony,3,1893.93,0,0.18,6704.51,UPI,In-Store,EMP563,2,1,Express,8,USD
ORD121879,17-06-2023,BR87,Germany,Munich,CUST1097,PROD936,Accessories,Keyboard,LG,2,1011.21,0.28,0.18,1718.25,Credit Card,Online,EMP762,2,1,Same Day,10,GBP
ORD121880,27-01-2024,BR110,UK,Manchester,CUST5979,PROD700,Laptop,Dell XPS 13,Samsung,5,1314.71,0.26,0.18,5740.02,Debit Card,Online,EMP646,3,0,Same Day,8,GBP
ORD121881,29-12-2023,BR4,UAE,Dubai,CUST4360,PROD809,Mobile,OnePlus 11,Apple,4,1126.59,0.03,0.18,5157.98,Credit Card,Online,EMP988,1,0,Express,1,EUR
ORD121882,12-08-2024,BR65,India,Pune,CUST5878,PROD281,Laptop,MacBook Air M2,LG,3,1848.86,0.25,0.18,4908.72,Cash,In-Store,EMP830,1,1,Standard,7,INR
ORD121883,24-05-2024,BR43,UK,Manchester,CUST1896,PROD592,Accessories,Wireless Mouse,Apple,4,66.05,0.21,0.18,246.29,Cash,In-Store,EMP481,0,0,Express,7,EUR
ORD121884,02-03-2023,BR118,Germany,Munich,CUST7714,PROD355,Laptop,MacBook Air M2,Lenovo,5,997.2,0.24,0.18,4471.44,Net Banking,Online,EMP916,3,1,Express,3,USD
ORD121885,26-12-2023,BR66,Germany,Berlin,CUST1915,PROD346,Mobile,OnePlus 11,HP,1,877.06,0.29,0.18,734.8,Cash,In-Store,EMP760,0,0,Express,9,EUR
ORD121886,29-12-2024,BR49,USA,Dallas,CUST3225,PROD952,Laptop,Dell XPS 13,Lenovo,3,1413.77,0.04,0.18,4804.56,Net Banking,In-Store,EMP354,2,1,Same Day,1,EUR
ORD121887,16-10-2023,BR65,USA,New York,CUST5162,PROD530,Tablet,iPad Air,HP,2,255.06,0.24,0.18,457.48,Net Banking,Online,EMP301,1,0,Same Day,8,AED
ORD121888,06-01-2023,BR111,UAE,Dubai,CUST2380,PROD252,TV,LG OLED 48,Lenovo,2,1879.93,0.16,0.18,3726.77,Cash,Online,EMP290,3,1,Same Day,5,EUR
ORD121889,15-12-2023,BR12,UAE,Abu Dhabi,CUST7279,PROD550,TV,Samsung QLED 50,OnePlus,2,927.48,0.07,0.18,2035.63,Net Banking,In-Store,EMP956,1,1,Standard,7,USD
ORD121890,12-08-2023,BR119,USA,Los Angeles,CUST8055,PROD306,Accessories,Wireless Mouse,HP,3,147.91,0.24,0.18,397.94,Net Banking,In-Store,EMP728,1,0,Express,7,EUR
ORD121891,16-05-2023,BR40,UK,Birmingham,CUST4459,PROD859,Laptop,Dell XPS 13,Samsung,3,1572.88,0.15,0.18,4732.8,Net Banking,Online,EMP665,0,1,Same Day,3,USD
ORD121892,21-03-2023,BR21,UAE,Dubai,CUST7653,PROD480,Laptop,HP Spectre x360,Lenovo,4,742.89,0.23,0.18,2699.96,Net Banking,Online,EMP794,0,1,Express,6,INR
ORD121893,16-07-2024,BR98,UK,Manchester,CUST9669,PROD854,Mobile,Samsung Galaxy S23,Apple,1,1887.42,0.11,0.18,1982.17,Cash,Online,EMP513,2,1,Standard,6,INR
ORD121894,17-02-2023,BR85,India,Pune,CUST5564,PROD727,Tablet,Samsung Galaxy Tab,Dell,5,1997.34,0.12,0.18,10370.19,Cash,In-Store,EMP555,1,1,Express,4,AED
ORD121895,08-05-2023,BR75,India,Mumbai,CUST4581,PROD748,Mobile,OnePlus 11,Sony,5,1242.82,0.25,0.18,5499.48,Debit Card,Online,EMP899,1,0,Express,4,USD
ORD121896,03-08-2024,BR115,UK,London,CUST7439,PROD135,Accessories,Wireless Mouse,OnePlus,4,168.79,0.08,0.18,732.95,UPI,In-Store,EMP916,0,0,Same Day,5,EUR
ORD121897,16-12-2023,BR104,UAE,Abu Dhabi,CUST2642,PROD557,Accessories,Bluetooth Headphones,Lenovo,5,1573.58,0.25,0.18,6963.09,Cash,In-Store,EMP416,0,1,Standard,4,USD
ORD121898,18-08-2024,BR112,Germany,Berlin,CUST3242,PROD380,Tablet,Samsung Galaxy Tab,HP,1,1915.16,0.23,0.18,1740.11,UPI,In-Store,EMP874,1,0,Same Day,8,USD
ORD121899,21-10-2023,BR107,UK,London,CUST7557,PROD834,Laptop,HP Spectre x360,HP,3,1477.98,0.08,0.18,4813.49,Cash,In-Store,EMP249,3,1,Express,7,GBP
ORD121900,25-09-2023,BR76,USA,Los Angeles,CUST5194,PROD165,Laptop,HP Spectre x360,Lenovo,2,774.7,0.24,0.18,1389.5,Cash,In-Store,EMP359,3,1,Standard,9,USD
ORD121901,19-08-2023,BR16,Germany,Hamburg,CUST4008,PROD669,Mobile,OnePlus 11,Apple,4,1227.64,0.18,0.18,4751.46,UPI,In-Store,EMP946,3,1,Same Day,4,GBP
ORD121902,13-10-2024,BR6,UK,London,CUST6124,PROD114,Laptop,MacBook Air M2,LG,3,1869.78,0.01,0.18,6552.83,Net Banking,Online,EMP421,1,0,Express,4,INR
ORD121903,29-05-2024,BR59,UAE,Dubai,CUST1905,PROD566,Laptop,Dell XPS 13,Lenovo,5,1759.91,0.15,0.18,8825.95,Credit Card,In-Store,EMP455,1,1,Express,9,GBP
ORD121904,03-10-2024,BR50,USA,Dallas,CUST9528,PROD680,Laptop,MacBook Air M2,Apple,2,1528.05,0.24,0.18,2740.71,Credit Card,Online,EMP501,2,1,Standard,1,EUR
ORD121905,14-09-2024,BR79,India,Mumbai,CUST8624,PROD479,Laptop,Dell XPS 13,OnePlus,2,1689.24,0.02,0.18,3906.87,Cash,In-Store,EMP377,2,0,Express,4,USD
ORD121906,11-03-2023,BR14,UAE,Dubai,CUST6134,PROD439,TV,Sony Bravia 55,Lenovo,5,134.75,0.26,0.18,588.32,Net Banking,Online,EMP396,0,1,Same Day,5,USD
ORD121907,04-08-2023,BR2,USA,Chicago,CUST7057,PROD121,Laptop,Dell XPS 13,LG,2,1931.9,0.23,0.18,3510.65,Credit Card,In-Store,EMP899,0,1,Express,7,INR
ORD121908,14-01-2024,BR66,UAE,Abu Dhabi,CUST3764,PROD959,Laptop,MacBook Air M2,OnePlus,3,706.31,0.04,0.18,2400.32,Credit Card,Online,EMP311,3,0,Standard,8,GBP
ORD121909,02-09-2023,BR92,USA,Los Angeles,CUST3831,PROD565,Mobile,Samsung Galaxy S23,Sony,5,666.73,0.09,0.18,3579.67,Debit Card,In-Store,EMP455,2,0,Express,3,USD
ORD121910,09-05-2023,BR45,UAE,Dubai,CUST5112,PROD550,Tablet,Samsung Galaxy Tab,OnePlus,4,1935.61,0.24,0.18,6943.42,UPI,In-Store,EMP335,1,0,Same Day,5,USD
ORD121911,17-10-2024,BR52,India,Delhi,CUST8565,PROD334,TV,Sony Bravia 55,OnePlus,3,72.9,0.13,0.18,224.52,Debit Card,In-Store,EMP995,0,1,Standard,8,AED
ORD121912,03-04-2024,BR6,UK,Birmingham,CUST4591,PROD447,Laptop,MacBook Air M2,LG,1,860.75,0.2,0.18,812.55,Net Banking,In-Store,EMP797,3,0,Same Day,3,GBP
ORD121913,30-04-2023,BR119,Germany,Hamburg,CUST1113,PROD467,Tablet,Lenovo Tab P11,Samsung,5,1070.35,0.25,0.18,4736.3,Debit Card,In-Store,EMP647,0,1,Standard,7,GBP
ORD121914,08-03-2024,BR35,USA,Dallas,CUST8804,PROD142,Accessories,Keyboard,Apple,1,1673.9,0.09,0.18,1797.43,UPI,In-Store,EMP458,0,1,Standard,2,AED
ORD121915,28-11-2023,BR120,UK,Birmingham,CUST5397,PROD162,Tablet,Lenovo Tab P11,Sony,4,411.83,0.06,0.18,1827.21,Net Banking,In-Store,EMP915,2,1,Standard,2,EUR
ORD121916,21-04-2023,BR112,USA,Chicago,CUST1141,PROD954,Laptop,HP Spectre x360,Lenovo,5,834.26,0.29,0.18,3494.72,Credit Card,In-Store,EMP294,1,1,Same Day,10,USD
ORD121917,10-04-2023,BR8,UK,Birmingham,CUST9442,PROD100,Mobile,Samsung Galaxy S23,Samsung,5,1119.79,0.28,0.18,4756.87,Cash,Online,EMP593,0,1,Standard,4,GBP
ORD121918,20-06-2023,BR69,India,Mumbai,CUST4672,PROD867,Accessories,Bluetooth Headphones,Lenovo,3,171.27,0.15,0.18,515.35,Debit Card,In-Store,EMP711,1,0,Same Day,8,AED
ORD121919,30-10-2023,BR70,UK,London,CUST5456,PROD272,Accessories,Wireless Mouse,Samsung,5,649.14,0.18,0.18,3140.54,Debit Card,In-Store,EMP212,2,0,Same Day,5,USD
ORD121920,02-06-2024,BR31,UAE,Abu Dhabi,CUST6347,PROD507,TV,Samsung QLED 50,OnePlus,1,1502.84,0.2,0.18,1418.68,Net Banking,In-Store,EMP553,1,0,Same Day,9,USD
ORD121921,16-06-2024,BR73,UK,Birmingham,CUST9132,PROD246,Tablet,iPad Air,Lenovo,3,1411.66,0.22,0.18,3897.88,Credit Card,Online,EMP860,3,1,Express,7,USD
ORD121922,07-07-2024,BR98,USA,New York,CUST9334,PROD751,TV,Sony Bravia 55,HP,2,1791.56,0.01,0.18,4185.8,UPI,In-Store,EMP626,1,1,Same Day,6,AED
ORD121923,05-06-2024,BR28,USA,New York,CUST8890,PROD371,Accessories,Keyboard,OnePlus,4,1203.43,0.08,0.18,5225.77,UPI,Online,EMP603,3,1,Same Day,1,GBP
ORD121924,24-07-2024,BR57,UK,Birmingham,CUST4650,PROD379,Tablet,iPad Air,Samsung,4,1012.23,0.03,0.18,4634.39,Debit Card,Online,EMP665,2,1,Standard,8,EUR
ORD121925,06-02-2023,BR24,UK,London,CUST2201,PROD862,TV,LG OLED 48,Samsung,1,704.34,0.3,0.18,581.78,Net Banking,Online,EMP389,3,0,Standard,10,INR
ORD121926,15-04-2024,BR118,USA,Chicago,CUST5351,PROD794,Laptop,HP Spectre x360,HP,2,868.21,0.24,0.18,1557.22,Credit Card,Online,EMP498,0,0,Standard,6,EUR
ORD121927,30-04-2024,BR44,India,Delhi,CUST6125,PROD663,Laptop,Dell XPS 13,LG,3,733.28,0.17,0.18,2154.52,Debit Card,In-Store,EMP264,1,0,Express,8,EUR
ORD121928,29-08-2024,BR6,USA,Chicago,CUST6680,PROD715,Laptop,HP Spectre x360,LG,1,1191.19,0.07,0.18,1307.21,Credit Card,In-Store,EMP853,3,1,Express,8,INR
ORD121929,05-06-2023,BR12,USA,New York,CUST7653,PROD581,Mobile,OnePlus 11,OnePlus,3,1206.91,0.24,0.18,3247.07,UPI,In-Store,EMP444,2,1,Express,2,AED
ORD121930,22-03-2023,BR91,Germany,Berlin,CUST5248,PROD559,Mobile,iPhone 14,Apple,2,401.89,0.17,0.18,787.22,Credit Card,Online,EMP950,0,0,Standard,4,AED
ORD121931,18-04-2024,BR113,UAE,Abu Dhabi,CUST2592,PROD836,Laptop,Dell XPS 13,Lenovo,1,140.41,0,0.18,165.68,UPI,Online,EMP332,3,1,Standard,1,USD
ORD121932,10-10-2024,BR84,India,Mumbai,CUST3316,PROD576,Laptop,Dell XPS 13,Samsung,1,1610.93,0.29,0.18,1349.64,UPI,In-Store,EMP338,1,0,Express,3,EUR
ORD121933,04-01-2023,BR18,India,Delhi,CUST8254,PROD124,Accessories,Bluetooth Headphones,HP,2,1303.41,0.03,0.18,2983.77,Net Banking,In-Store,EMP520,1,1,Standard,3,EUR
ORD121934,02-11-2024,BR38,Germany,Hamburg,CUST8824,PROD570,Accessories,Wireless Mouse,Samsung,3,882.15,0.24,0.18,2373.34,Cash,Online,EMP421,3,0,Express,9,EUR
ORD121935,15-02-2023,BR72,India,Mumbai,CUST6488,PROD691,TV,Samsung QLED 50,HP,1,1305.31,0.05,0.18,1463.25,Cash,In-Store,EMP351,2,0,Standard,4,AED
ORD121936,02-04-2023,BR37,UK,Birmingham,CUST5258,PROD333,Accessories,Bluetooth Headphones,Sony,5,1430.52,0.22,0.18,6583.25,UPI,Online,EMP563,1,0,Same Day,4,USD
ORD121937,04-01-2023,BR81,India,Bangalore,CUST3825,PROD136,Laptop,MacBook Air M2,Dell,4,777.81,0.23,0.18,2826.87,Net Banking,In-Store,EMP359,3,0,Standard,9,AED
ORD121938,29-05-2023,BR57,Germany,Munich,CUST4589,PROD286,Tablet,Samsung Galaxy Tab,OnePlus,4,1085.13,0.29,0.18,3636.49,Debit Card,In-Store,EMP433,0,1,Same Day,3,GBP
ORD121939,28-12-2023,BR65,Germany,Munich,CUST8253,PROD750,Tablet,iPad Air,HP,1,1019.65,0.18,0.18,986.61,UPI,In-Store,EMP392,1,0,Express,8,GBP
ORD121940,02-12-2023,BR36,UAE,Dubai,CUST9025,PROD817,Mobile,Samsung Galaxy S23,LG,1,1641.73,0.15,0.18,1646.66,Credit Card,In-Store,EMP769,0,1,Express,3,EUR
ORD121941,06-09-2024,BR48,UK,Birmingham,CUST3958,PROD662,Mobile,Samsung Galaxy S23,HP,2,368.23,0.02,0.18,851.64,Net Banking,Online,EMP216,3,0,Same Day,10,AED
ORD121942,10-12-2024,BR58,UK,Manchester,CUST8250,PROD993,Tablet,Samsung Galaxy Tab,OnePlus,2,57.42,0.24,0.18,102.99,UPI,In-Store,EMP401,3,0,Express,3,GBP
ORD121943,24-09-2023,BR24,Germany,Hamburg,CUST8806,PROD908,Tablet,Lenovo Tab P11,Samsung,2,1956.11,0.12,0.18,4062.45,Net Banking,In-Store,EMP958,2,0,Same Day,7,GBP
ORD121944,20-07-2023,BR113,Germany,Hamburg,CUST8477,PROD144,Laptop,HP Spectre x360,Sony,2,1154.67,0.11,0.18,2425.27,Debit Card,Online,EMP404,3,0,Standard,4,INR
ORD121945,13-07-2023,BR100,Germany,Berlin,CUST8492,PROD572,Mobile,iPhone 14,HP,3,221.06,0.01,0.18,774.73,Net Banking,In-Store,EMP888,0,1,Standard,2,AED
ORD121946,03-09-2023,BR89,USA,New York,CUST6840,PROD881,Mobile,iPhone 14,LG,4,802.16,0.27,0.18,2763.92,Net Banking,Online,EMP656,2,1,Standard,5,AED
ORD121947,20-08-2023,BR40,UAE,Abu Dhabi,CUST4123,PROD278,Mobile,iPhone 14,Lenovo,3,1419.48,0.29,0.18,3567.72,Net Banking,In-Store,EMP555,0,1,Standard,1,GBP
ORD121948,31-03-2023,BR23,India,Mumbai,CUST6384,PROD351,Accessories,Keyboard,Lenovo,1,381.1,0.19,0.18,364.26,Credit Card,Online,EMP629,0,0,Standard,10,GBP
ORD121949,28-04-2024,BR22,India,Bangalore,CUST9473,PROD546,Mobile,OnePlus 11,OnePlus,4,684.5,0.08,0.18,2972.37,UPI,In-Store,EMP842,0,0,Standard,9,GBP
ORD121950,09-04-2024,BR83,UAE,Dubai,CUST7026,PROD377,TV,LG OLED 48,Lenovo,2,1063.49,0.29,0.18,1781.98,UPI,Online,EMP598,1,0,Express,8,INR
ORD121951,12-07-2023,BR107,UAE,Abu Dhabi,CUST9328,PROD760,Accessories,Bluetooth Headphones,Dell,2,1085.91,0.17,0.18,2127.08,Debit Card,Online,EMP402,1,0,Express,2,GBP
ORD121952,05-01-2024,BR71,India,Bangalore,CUST6286,PROD522,Tablet,Samsung Galaxy Tab,Lenovo,5,1803.35,0.26,0.18,7873.43,UPI,In-Store,EMP924,1,0,Same Day,9,GBP
ORD121953,23-01-2024,BR41,UK,Birmingham,CUST1158,PROD526,Mobile,OnePlus 11,Lenovo,4,654.06,0.24,0.18,2346.24,UPI,Online,EMP874,2,0,Same Day,7,GBP
ORD121954,19-11-2024,BR104,UAE,Abu Dhabi,CUST6493,PROD510,Mobile,Samsung Galaxy S23,OnePlus,2,1263.4,0.19,0.18,2415.12,Credit Card,Online,EMP530,2,0,Standard,4,EUR
ORD121955,18-03-2024,BR60,Germany,Munich,CUST9376,PROD773,Laptop,MacBook Air M2,HP,4,820.84,0.15,0.18,3293.21,Cash,In-Store,EMP632,2,0,Same Day,4,INR
ORD121956,29-08-2023,BR113,UAE,Abu Dhabi,CUST2102,PROD555,Tablet,Samsung Galaxy Tab,Lenovo,1,228.79,0.08,0.18,248.37,UPI,In-Store,EMP388,0,1,Standard,2,GBP
ORD121957,09-07-2024,BR88,UK,Manchester,CUST2741,PROD631,Tablet,iPad Air,Apple,4,762.88,0.3,0.18,2520.56,Debit Card,In-Store,EMP331,1,0,Same Day,9,USD
ORD121958,19-12-2023,BR58,USA,Dallas,CUST1458,PROD469,Tablet,Samsung Galaxy Tab,LG,4,833.87,0.18,0.18,3227.41,Cash,Online,EMP878,1,0,Standard,10,GBP
ORD121959,10-03-2023,BR114,Germany,Hamburg,CUST9742,PROD901,TV,LG OLED 48,LG,2,974.13,0.2,0.18,1839.16,Cash,In-Store,EMP446,3,0,Standard,2,USD
ORD121960,19-10-2023,BR101,USA,Dallas,CUST8049,PROD709,Tablet,iPad Air,HP,2,1279.77,0.22,0.18,2355.8,Credit Card,Online,EMP788,3,1,Same Day,4,AED
ORD121961,30-12-2023,BR74,UK,Birmingham,CUST9210,PROD398,Tablet,Lenovo Tab P11,LG,2,288.94,0.18,0.18,559.16,Net Banking,Online,EMP874,0,1,Same Day,6,GBP
ORD121962,13-01-2023,BR83,India,Bangalore,CUST4486,PROD980,Accessories,Bluetooth Headphones,Dell,1,1813.55,0.11,0.18,1904.59,UPI,In-Store,EMP706,1,0,Express,10,USD
ORD121963,02-08-2023,BR96,UK,Manchester,CUST3749,PROD817,Accessories,Keyboard,HP,1,772.44,0.22,0.18,710.95,Cash,Online,EMP787,2,1,Same Day,6,USD
ORD121964,19-10-2023,BR60,India,Delhi,CUST2438,PROD653,Mobile,Samsung Galaxy S23,Sony,4,1927.73,0.04,0.18,8734.93,UPI,In-Store,EMP852,1,0,Standard,10,EUR
ORD121965,07-03-2023,BR45,UAE,Abu Dhabi,CUST3310,PROD481,Mobile,Samsung Galaxy S23,Dell,3,1090.48,0.22,0.18,3011.03,Net Banking,In-Store,EMP557,3,1,Express,5,USD
ORD121966,05-04-2024,BR37,Germany,Hamburg,CUST2602,PROD250,Mobile,Samsung Galaxy S23,OnePlus,4,1460.66,0.04,0.18,6618.54,Net Banking,Online,EMP642,0,1,Standard,10,GBP
ORD121967,05-09-2024,BR101,UK,Birmingham,CUST9989,PROD872,Laptop,MacBook Air M2,HP,4,196.9,0.08,0.18,855.02,Debit Card,In-Store,EMP484,0,0,Standard,7,INR
ORD121968,25-09-2023,BR56,India,Pune,CUST6143,PROD547,Mobile,OnePlus 11,OnePlus,5,1990.34,0.03,0.18,11390.72,Debit Card,In-Store,EMP777,3,1,Express,9,AED
ORD121969,02-03-2024,BR61,UAE,Dubai,CUST7949,PROD663,TV,LG OLED 48,Samsung,4,658.13,0.19,0.18,2516.16,Cash,In-Store,EMP483,3,0,Standard,8,INR
ORD121970,10-12-2023,BR90,UK,Birmingham,CUST6093,PROD375,Tablet,iPad Air,Dell,4,1658.09,0.05,0.18,7434.88,Cash,In-Store,EMP783,1,1,Standard,9,USD
ORD121971,19-09-2023,BR55,UAE,Abu Dhabi,CUST3595,PROD550,TV,LG OLED 48,LG,2,1003.63,0.24,0.18,1800.11,Credit Card,In-Store,EMP638,2,0,Standard,4,GBP
ORD121972,01-03-2023,BR120,Germany,Munich,CUST7131,PROD514,Mobile,Samsung Galaxy S23,LG,3,508.44,0.05,0.18,1709.88,Debit Card,Online,EMP533,3,0,Same Day,2,AED
ORD121973,01-05-2023,BR82,India,Pune,CUST8622,PROD259,Tablet,iPad Air,Apple,1,198.06,0.22,0.18,182.29,Credit Card,Online,EMP960,3,1,Same Day,5,GBP
ORD121974,27-12-2024,BR92,India,Bangalore,CUST4453,PROD923,Accessories,Keyboard,Lenovo,1,1492.97,0.04,0.18,1691.24,UPI,In-Store,EMP885,2,0,Express,8,AED
ORD121975,04-02-2023,BR78,USA,Los Angeles,CUST7984,PROD691,TV,LG OLED 48,Samsung,2,348.66,0.24,0.18,625.36,Cash,Online,EMP848,0,0,Standard,2,AED
ORD121976,23-12-2024,BR85,USA,Dallas,CUST9731,PROD178,Mobile,iPhone 14,HP,4,1099.24,0.06,0.18,4877.11,Debit Card,In-Store,EMP238,1,1,Same Day,6,GBP
ORD121977,09-08-2024,BR60,UK,London,CUST5618,PROD773,Accessories,Bluetooth Headphones,Sony,1,195.56,0.07,0.18,214.61,Credit Card,Online,EMP341,3,0,Standard,8,GBP
ORD121978,20-12-2024,BR71,USA,New York,CUST5030,PROD352,TV,LG OLED 48,Sony,5,1333.39,0.05,0.18,7473.65,UPI,Online,EMP747,0,0,Express,4,AED
ORD121979,30-10-2023,BR61,Germany,Hamburg,CUST6020,PROD360,Accessories,Wireless Mouse,LG,4,1443.84,0.22,0.18,5315.64,UPI,In-Store,EMP895,0,1,Express,5,EUR
ORD121980,24-06-2023,BR60,UK,Birmingham,CUST9450,PROD258,TV,Samsung QLED 50,Dell,4,1340.2,0.07,0.18,5882.94,Credit Card,Online,EMP998,1,1,Standard,7,INR
ORD121981,23-08-2023,BR39,Germany,Berlin,CUST8606,PROD988,Mobile,OnePlus 11,Dell,3,1141.4,0.25,0.18,3030.42,Cash,In-Store,EMP348,2,0,Standard,10,USD
ORD121982,16-10-2023,BR3,Germany,Hamburg,CUST5208,PROD531,Tablet,iPad Air,Apple,5,240.15,0.3,0.18,991.82,Net Banking,In-Store,EMP795,0,0,Standard,3,INR
ORD121983,18-08-2023,BR103,UK,London,CUST9519,PROD702,Mobile,Samsung Galaxy S23,Lenovo,3,1154.64,0.2,0.18,3269.94,Debit Card,Online,EMP727,0,1,Standard,3,EUR
ORD121984,02-03-2023,BR22,UK,Manchester,CUST6769,PROD735,TV,Sony Bravia 55,HP,1,1640.24,0.19,0.18,1567.74,UPI,Online,EMP213,1,0,Same Day,8,EUR
ORD121985,16-06-2024,BR38,India,Delhi,CUST8074,PROD409,Mobile,Samsung Galaxy S23,Sony,1,599.03,0.01,0.18,699.79,Credit Card,Online,EMP769,0,1,Same Day,2,INR
ORD121986,15-11-2024,BR86,Germany,Berlin,CUST8481,PROD606,Accessories,Keyboard,Apple,4,87.16,0.04,0.18,394.94,Debit Card,In-Store,EMP795,0,0,Standard,8,AED
ORD121987,06-09-2024,BR96,Germany,Berlin,CUST5699,PROD246,Laptop,HP Spectre x360,Sony,1,726.78,0.03,0.18,831.87,Debit Card,Online,EMP949,2,0,Same Day,9,USD
ORD121988,03-02-2024,BR75,Germany,Berlin,CUST7875,PROD702,Accessories,Keyboard,LG,5,1020.04,0.18,0.18,4934.95,Credit Card,Online,EMP452,1,1,Same Day,9,GBP
ORD121989,01-08-2024,BR87,UAE,Abu Dhabi,CUST7692,PROD586,Accessories,Keyboard,LG,5,315.07,0.09,0.18,1691.61,Credit Card,In-Store,EMP512,0,0,Same Day,7,AED
ORD121990,24-02-2023,BR75,Germany,Munich,CUST6345,PROD885,Mobile,Samsung Galaxy S23,Apple,2,1267.96,0.03,0.18,2902.61,Debit Card,In-Store,EMP886,0,0,Standard,1,USD
ORD121991,29-07-2023,BR43,UK,Manchester,CUST8410,PROD170,Tablet,Samsung Galaxy Tab,Apple,2,581.91,0.16,0.18,1153.58,Credit Card,In-Store,EMP445,3,1,Standard,7,AED
ORD121992,05-07-2024,BR31,UAE,Dubai,CUST1899,PROD853,TV,LG OLED 48,HP,3,1213.26,0.02,0.18,4209.04,Credit Card,Online,EMP811,2,1,Same Day,5,USD
ORD121993,24-12-2023,BR14,UK,London,CUST8683,PROD948,Mobile,iPhone 14,Dell,5,1291.35,0.02,0.18,7466.59,Cash,In-Store,EMP986,2,1,Express,6,AED
ORD121994,28-11-2023,BR42,UK,Birmingham,CUST3518,PROD922,Accessories,Wireless Mouse,HP,5,179.44,0.13,0.18,921.07,Credit Card,In-Store,EMP477,0,1,Same Day,3,AED
ORD121995,07-03-2023,BR102,UAE,Abu Dhabi,CUST5661,PROD425,Mobile,Samsung Galaxy S23,HP,4,1173.29,0.06,0.18,5205.65,Cash,In-Store,EMP609,2,1,Standard,9,GBP
ORD121996,22-12-2023,BR90,India,Mumbai,CUST9084,PROD364,Laptop,MacBook Air M2,Dell,4,1523.82,0.27,0.18,5250.47,UPI,In-Store,EMP389,1,0,Express,8,EUR
ORD121997,05-09-2024,BR22,UAE,Dubai,CUST1862,PROD102,Accessories,Keyboard,LG,1,1645.43,0.04,0.18,1863.94,UPI,In-Store,EMP660,2,0,Same Day,4,USD
ORD121998,20-09-2023,BR50,USA,Chicago,CUST1045,PROD332,Tablet,Samsung Galaxy Tab,Apple,2,881.03,0.08,0.18,1912.89,Debit Card,Online,EMP877,0,1,Standard,4,USD
ORD121999,29-07-2023,BR69,USA,Los Angeles,CUST2655,PROD311,Laptop,Dell XPS 13,Dell,5,767.45,0.17,0.18,3758.2,Credit Card,Online,EMP214,3,1,Standard,8,EUR
ORD122000,24-06-2023,BR12,USA,Dallas,CUST8438,PROD442,Laptop,MacBook Air M2,Apple,4,576.97,0.17,0.18,2260.34,Debit Card,Online,EMP897,0,0,Same Day,7,AED
ORD122001,28-07-2023,BR38,UK,London,CUST5445,PROD691,TV,LG OLED 48,OnePlus,2,168.15,0.25,0.18,297.63,Credit Card,In-Store,EMP411,1,1,Same Day,1,USD
ORD122002,08-05-2023,BR92,India,Bangalore,CUST8806,PROD803,Mobile,Samsung Galaxy S23,Lenovo,1,437.32,0.24,0.18,392.19,Net Banking,In-Store,EMP793,3,1,Standard,4,INR
ORD122003,10-06-2024,BR64,UK,Manchester,CUST8312,PROD542,Laptop,HP Spectre x360,Samsung,1,1267.51,0.1,0.18,1346.1,Credit Card,Online,EMP283,3,1,Express,6,GBP
ORD122004,15-04-2023,BR43,UAE,Dubai,CUST1513,PROD462,Mobile,Samsung Galaxy S23,HP,1,134.19,0,0.18,158.34,UPI,In-Store,EMP924,2,1,Standard,7,EUR
ORD122005,04-02-2024,BR51,India,Delhi,CUST7465,PROD335,Tablet,Lenovo Tab P11,LG,4,1641.78,0.05,0.18,7361.74,Credit Card,Online,EMP359,0,1,Standard,6,USD
ORD122006,02-03-2023,BR35,UK,London,CUST2027,PROD850,Laptop,Dell XPS 13,Dell,5,566.77,0.21,0.18,2641.71,Cash,Online,EMP486,0,0,Same Day,4,USD
ORD122007,28-01-2023,BR69,Germany,Munich,CUST3918,PROD953,Accessories,Keyboard,Dell,1,396.84,0.13,0.18,407.4,Cash,In-Store,EMP322,3,1,Express,3,EUR
ORD122008,01-12-2023,BR77,India,Delhi,CUST1449,PROD372,Laptop,Dell XPS 13,Sony,2,750.37,0.01,0.18,1753.16,Net Banking,Online,EMP946,0,1,Express,3,GBP
ORD122009,05-08-2024,BR10,USA,New York,CUST6530,PROD488,TV,LG OLED 48,HP,5,1746.33,0.06,0.18,9685.15,Debit Card,Online,EMP761,2,1,Same Day,9,EUR
ORD122010,13-03-2024,BR51,USA,Chicago,CUST8132,PROD888,Accessories,Bluetooth Headphones,HP,4,1212.42,0.22,0.18,4463.65,UPI,In-Store,EMP727,1,1,Same Day,5,INR
ORD122011,07-02-2023,BR14,USA,New York,CUST2746,PROD891,TV,Samsung QLED 50,OnePlus,4,537.99,0.05,0.18,2412.35,Net Banking,In-Store,EMP519,1,0,Standard,5,USD
ORD122012,01-12-2023,BR96,UAE,Abu Dhabi,CUST4163,PROD888,Tablet,Samsung Galaxy Tab,Dell,1,179.61,0.11,0.18,188.63,UPI,In-Store,EMP417,2,1,Express,6,AED
ORD122013,25-06-2024,BR57,India,Delhi,CUST6700,PROD952,Laptop,HP Spectre x360,Apple,4,1685.15,0.26,0.18,5885.89,Debit Card,Online,EMP798,2,1,Express,3,USD
ORD122014,10-09-2024,BR70,India,Delhi,CUST8788,PROD963,Laptop,MacBook Air M2,Sony,5,1726.64,0.22,0.18,7946,Cash,In-Store,EMP632,2,1,Express,4,EUR
ORD122015,05-08-2023,BR60,Germany,Berlin,CUST9712,PROD973,Laptop,MacBook Air M2,Samsung,2,126.45,0.29,0.18,211.88,Debit Card,In-Store,EMP437,2,0,Express,6,USD
ORD122016,25-01-2024,BR104,UK,Manchester,CUST3424,PROD723,TV,Sony Bravia 55,Samsung,2,1430.38,0.18,0.18,2768.07,Net Banking,Online,EMP892,0,1,Express,2,USD
ORD122017,23-05-2023,BR17,UAE,Dubai,CUST9545,PROD740,Laptop,MacBook Air M2,Lenovo,2,1649.62,0.19,0.18,3153.41,Net Banking,In-Store,EMP706,1,0,Standard,10,GBP
ORD122018,05-12-2023,BR111,India,Mumbai,CUST5355,PROD948,TV,Sony Bravia 55,Samsung,3,919.1,0.08,0.18,2993.32,UPI,In-Store,EMP603,1,1,Standard,9,EUR
ORD122019,25-12-2024,BR95,USA,New York,CUST3926,PROD760,Laptop,MacBook Air M2,OnePlus,1,1769.67,0.08,0.18,1921.15,Debit Card,In-Store,EMP809,2,1,Express,2,USD
ORD122020,28-05-2023,BR102,UK,Manchester,CUST6461,PROD455,Laptop,MacBook Air M2,Samsung,2,1715.73,0.23,0.18,3117.82,UPI,Online,EMP580,0,1,Same Day,9,EUR
ORD122021,04-05-2024,BR106,UAE,Abu Dhabi,CUST9235,PROD270,Accessories,Bluetooth Headphones,HP,3,1928.91,0.02,0.18,6691.77,UPI,Online,EMP980,3,1,Same Day,7,EUR
ORD122022,16-05-2023,BR72,USA,Chicago,CUST7411,PROD470,Mobile,OnePlus 11,Dell,3,425.87,0.12,0.18,1326.67,Net Banking,Online,EMP688,0,1,Standard,5,INR
ORD122023,06-11-2023,BR25,USA,New York,CUST4310,PROD958,Accessories,Bluetooth Headphones,Lenovo,1,1411.19,0.11,0.18,1482.03,Net Banking,In-Store,EMP263,1,0,Express,8,USD
ORD122024,04-12-2023,BR13,India,Pune,CUST7919,PROD225,Laptop,HP Spectre x360,HP,3,1369.96,0.17,0.18,4025.22,Credit Card,Online,EMP723,2,0,Same Day,6,INR
ORD122025,01-06-2023,BR39,UK,Manchester,CUST1816,PROD939,Accessories,Keyboard,Dell,4,1654.97,0.1,0.18,7030.31,UPI,In-Store,EMP497,1,0,Express,1,AED
ORD122026,24-02-2023,BR27,India,Bangalore,CUST4555,PROD285,Tablet,iPad Air,Samsung,2,745.82,0.24,0.18,1337.7,Debit Card,Online,EMP483,3,1,Same Day,2,GBP
ORD122027,19-11-2024,BR106,USA,New York,CUST5583,PROD741,TV,Sony Bravia 55,Samsung,2,1145.14,0.2,0.18,2162.02,Net Banking,Online,EMP423,0,1,Express,9,USD
ORD122028,08-06-2023,BR16,Germany,Hamburg,CUST8999,PROD784,Laptop,HP Spectre x360,Apple,1,146.02,0.24,0.18,130.95,Debit Card,Online,EMP869,3,0,Same Day,8,GBP
ORD122029,21-11-2023,BR102,India,Pune,CUST8967,PROD449,Tablet,iPad Air,Samsung,5,1654.85,0.06,0.18,9177.8,Cash,In-Store,EMP360,3,1,Express,2,GBP
ORD122030,21-10-2024,BR11,UAE,Abu Dhabi,CUST3121,PROD839,Mobile,Samsung Galaxy S23,HP,4,1591.94,0.21,0.18,5936.03,Net Banking,Online,EMP268,0,0,Same Day,6,AED
ORD122031,05-05-2024,BR109,UAE,Abu Dhabi,CUST3108,PROD431,Accessories,Keyboard,OnePlus,5,1959.3,0.19,0.18,9363.49,UPI,In-Store,EMP511,3,0,Express,1,INR
ORD122032,07-11-2023,BR2,USA,New York,CUST6774,PROD646,Accessories,Wireless Mouse,Apple,4,1735.68,0.14,0.18,7045.47,Cash,In-Store,EMP364,1,1,Express,7,INR
ORD122033,05-03-2023,BR27,USA,Chicago,CUST5182,PROD386,TV,LG OLED 48,OnePlus,4,728.78,0.07,0.18,3199.05,Debit Card,Online,EMP612,0,0,Standard,5,USD
ORD122034,16-04-2023,BR58,UK,London,CUST8184,PROD950,Laptop,MacBook Air M2,Dell,3,1336.95,0.11,0.18,4212.19,Debit Card,Online,EMP884,2,0,Standard,6,GBP
ORD122035,11-02-2023,BR117,USA,Dallas,CUST9969,PROD834,Tablet,Lenovo Tab P11,Lenovo,2,1454.32,0.12,0.18,3020.33,UPI,Online,EMP496,3,1,Same Day,2,INR
ORD122036,03-08-2024,BR110,India,Delhi,CUST9847,PROD842,TV,Sony Bravia 55,LG,4,1791.87,0.17,0.18,7019.83,Cash,In-Store,EMP363,0,1,Express,5,AED
ORD122037,05-06-2023,BR25,UK,Manchester,CUST6710,PROD918,Mobile,OnePlus 11,Apple,4,1664.85,0.02,0.18,7700.93,UPI,In-Store,EMP442,3,1,Express,4,USD
ORD122038,30-09-2024,BR58,UK,London,CUST6809,PROD184,Tablet,Samsung Galaxy Tab,OnePlus,3,1095.27,0.14,0.18,3334.44,Debit Card,In-Store,EMP541,3,0,Same Day,4,USD
ORD122039,21-06-2024,BR45,India,Delhi,CUST1205,PROD265,TV,LG OLED 48,OnePlus,1,528.96,0.02,0.18,611.69,Debit Card,In-Store,EMP474,1,0,Express,2,EUR
ORD122040,24-11-2024,BR93,India,Bangalore,CUST3910,PROD674,Accessories,Bluetooth Headphones,Samsung,3,313.94,0.29,0.18,789.06,Debit Card,Online,EMP380,3,0,Same Day,9,GBP
ORD122041,17-03-2023,BR117,USA,Los Angeles,CUST1295,PROD164,Laptop,MacBook Air M2,Dell,5,1271.6,0.13,0.18,6527.12,Cash,Online,EMP701,0,0,Same Day,1,USD
ORD122042,01-08-2024,BR76,USA,New York,CUST7540,PROD991,Tablet,iPad Air,Lenovo,1,1984.4,0.24,0.18,1779.61,UPI,Online,EMP731,3,0,Standard,8,USD
ORD122043,17-04-2023,BR98,USA,Los Angeles,CUST7948,PROD764,Accessories,Bluetooth Headphones,Apple,3,1490.04,0.1,0.18,4747.27,Cash,Online,EMP670,2,0,Same Day,1,GBP
ORD122044,10-03-2023,BR18,UK,London,CUST5811,PROD491,Laptop,HP Spectre x360,OnePlus,3,1135.97,0.13,0.18,3498.56,Cash,Online,EMP243,3,1,Express,8,AED
ORD122045,21-05-2023,BR74,UK,London,CUST8755,PROD890,Accessories,Keyboard,OnePlus,1,1701.41,0.26,0.18,1485.67,Cash,In-Store,EMP763,2,1,Express,1,EUR
ORD122046,02-08-2024,BR14,Germany,Berlin,CUST9016,PROD652,Tablet,Lenovo Tab P11,Samsung,1,607.42,0.13,0.18,623.58,UPI,Online,EMP228,2,0,Same Day,1,INR
ORD122047,08-07-2023,BR84,UK,Birmingham,CUST1624,PROD740,Tablet,Lenovo Tab P11,Lenovo,2,439.93,0.19,0.18,840.97,Net Banking,In-Store,EMP329,0,1,Express,10,EUR
ORD122048,25-04-2023,BR9,Germany,Berlin,CUST6406,PROD871,TV,Samsung QLED 50,OnePlus,3,1399.46,0.24,0.18,3765.11,Cash,Online,EMP916,0,1,Standard,8,EUR
ORD122049,23-08-2023,BR105,UAE,Abu Dhabi,CUST5470,PROD599,Mobile,Samsung Galaxy S23,Sony,2,1923.14,0.13,0.18,3948.59,Debit Card,Online,EMP971,1,0,Standard,4,GBP
ORD122050,04-08-2024,BR59,India,Bangalore,CUST9821,PROD984,TV,Samsung QLED 50,Apple,1,178.06,0.02,0.18,205.91,UPI,Online,EMP493,0,1,Standard,1,INR
ORD122051,16-05-2023,BR3,India,Delhi,CUST9063,PROD399,Laptop,HP Spectre x360,Dell,2,274.63,0.16,0.18,544.43,Credit Card,In-Store,EMP928,0,0,Express,1,GBP
ORD122052,25-05-2024,BR1,Germany,Munich,CUST5747,PROD193,TV,Samsung QLED 50,LG,5,1506.24,0.27,0.18,6487.38,UPI,In-Store,EMP907,0,1,Express,8,AED
ORD122053,19-06-2024,BR45,India,Mumbai,CUST8896,PROD595,Accessories,Wireless Mouse,HP,5,1132.74,0.05,0.18,6349.01,UPI,Online,EMP952,2,0,Standard,1,GBP
ORD122054,16-12-2024,BR40,India,Bangalore,CUST4674,PROD123,Laptop,MacBook Air M2,LG,1,939.73,0.27,0.18,809.48,Debit Card,Online,EMP702,2,1,Standard,9,AED
ORD122055,15-01-2024,BR95,UAE,Dubai,CUST6768,PROD120,Mobile,OnePlus 11,OnePlus,3,1734.99,0.21,0.18,4852.07,Cash,Online,EMP303,2,0,Standard,9,GBP
ORD122056,12-09-2024,BR48,UAE,Abu Dhabi,CUST9749,PROD921,TV,Sony Bravia 55,Sony,2,1323.38,0.06,0.18,2935.79,Cash,Online,EMP900,2,1,Standard,8,GBP
ORD122057,27-09-2024,BR22,UAE,Abu Dhabi,CUST5987,PROD588,Mobile,iPhone 14,HP,5,899.74,0.08,0.18,4883.79,UPI,In-Store,EMP492,1,1,Same Day,7,USD
ORD122058,09-12-2023,BR69,Germany,Berlin,CUST3506,PROD134,Tablet,Lenovo Tab P11,HP,1,1633,0.23,0.18,1483.74,Credit Card,In-Store,EMP495,1,1,Standard,3,USD
ORD122059,28-12-2024,BR36,USA,Dallas,CUST2344,PROD879,Mobile,iPhone 14,Lenovo,2,910.65,0.05,0.18,2041.68,Credit Card,Online,EMP515,3,1,Standard,4,USD
ORD122060,16-12-2023,BR21,India,Mumbai,CUST6607,PROD974,Mobile,OnePlus 11,Apple,2,431.3,0.25,0.18,763.4,Credit Card,In-Store,EMP614,1,0,Same Day,8,USD
ORD122061,02-06-2023,BR85,India,Mumbai,CUST3399,PROD415,Mobile,Samsung Galaxy S23,Samsung,5,1217.22,0.26,0.18,5314.38,Cash,In-Store,EMP710,3,1,Standard,4,INR
ORD122062,05-09-2024,BR4,USA,New York,CUST1589,PROD207,Accessories,Bluetooth Headphones,Apple,3,302.9,0.1,0.18,965.04,Cash,In-Store,EMP581,3,1,Standard,1,EUR
ORD122063,21-07-2024,BR16,India,Pune,CUST4009,PROD759,Laptop,MacBook Air M2,HP,4,1964.21,0.13,0.18,8065.83,Debit Card,Online,EMP609,3,0,Express,2,AED
ORD122064,05-07-2023,BR80,UAE,Dubai,CUST6451,PROD410,Accessories,Bluetooth Headphones,Dell,2,1184.07,0.12,0.18,2459.08,UPI,Online,EMP288,3,1,Standard,2,INR
ORD122065,15-07-2024,BR102,USA,Los Angeles,CUST9168,PROD563,TV,Sony Bravia 55,Apple,5,975.45,0.29,0.18,4086.16,Debit Card,In-Store,EMP813,0,0,Same Day,10,AED
ORD122066,15-05-2024,BR65,Germany,Hamburg,CUST1768,PROD491,Accessories,Keyboard,Sony,3,726.21,0.22,0.18,2005.21,Credit Card,Online,EMP313,3,0,Same Day,10,USD
ORD122067,12-11-2024,BR85,India,Pune,CUST4462,PROD204,TV,Samsung QLED 50,OnePlus,4,1265.03,0.24,0.18,4537.92,Net Banking,In-Store,EMP637,1,1,Express,1,INR
ORD122068,02-11-2023,BR67,UK,Manchester,CUST1489,PROD223,Tablet,Lenovo Tab P11,Lenovo,3,1314.05,0.14,0.18,4000.49,Debit Card,In-Store,EMP332,2,1,Express,6,EUR
ORD122069,12-10-2023,BR88,India,Bangalore,CUST9007,PROD593,Mobile,Samsung Galaxy S23,Lenovo,2,1218.73,0.06,0.18,2703.63,UPI,In-Store,EMP351,3,0,Express,10,INR
ORD122070,10-03-2024,BR41,India,Mumbai,CUST8680,PROD202,Tablet,iPad Air,LG,3,1068.84,0.05,0.18,3594.51,Credit Card,Online,EMP592,2,1,Same Day,6,EUR
ORD122071,05-10-2024,BR49,Germany,Berlin,CUST5383,PROD208,Accessories,Bluetooth Headphones,LG,2,1311.8,0.28,0.18,2229.01,Cash,In-Store,EMP791,3,0,Express,2,AED
ORD122072,21-10-2024,BR103,Germany,Hamburg,CUST5553,PROD723,Laptop,Dell XPS 13,Lenovo,2,1861,0.12,0.18,3864.92,UPI,In-Store,EMP610,1,1,Standard,9,INR
ORD122073,11-09-2024,BR28,India,Pune,CUST2437,PROD592,Accessories,Wireless Mouse,Apple,3,1495.98,0.28,0.18,3812.95,Net Banking,In-Store,EMP258,1,0,Same Day,8,EUR
ORD122074,14-01-2023,BR24,UK,London,CUST1579,PROD986,Mobile,Samsung Galaxy S23,Dell,1,83.84,0.07,0.18,92.01,Credit Card,Online,EMP200,1,1,Express,6,USD
ORD122075,10-03-2023,BR92,USA,Chicago,CUST4901,PROD557,Accessories,Bluetooth Headphones,Dell,1,541.19,0.18,0.18,523.66,Net Banking,Online,EMP978,3,1,Express,6,AED
ORD122076,28-06-2023,BR88,UAE,Abu Dhabi,CUST7959,PROD389,Laptop,HP Spectre x360,Dell,5,420.43,0.08,0.18,2282.09,UPI,In-Store,EMP839,1,0,Express,4,AED
ORD122077,26-08-2024,BR59,USA,Los Angeles,CUST3106,PROD296,TV,LG OLED 48,Dell,3,1633.9,0.08,0.18,5321.29,UPI,In-Store,EMP378,1,0,Standard,6,GBP
ORD122078,18-12-2024,BR53,India,Bangalore,CUST1992,PROD295,Accessories,Wireless Mouse,Lenovo,5,1371,0.1,0.18,7280.01,UPI,Online,EMP376,1,0,Express,1,INR
ORD122079,19-01-2024,BR65,Germany,Berlin,CUST5204,PROD810,Mobile,OnePlus 11,Lenovo,4,1867.69,0.18,0.18,7228.71,Cash,Online,EMP901,0,1,Same Day,8,EUR
ORD122080,15-07-2023,BR48,UK,Manchester,CUST7654,PROD604,Accessories,Bluetooth Headphones,Dell,1,146.96,0,0.18,173.41,Net Banking,Online,EMP390,1,0,Same Day,9,GBP
ORD122081,26-12-2024,BR29,UK,London,CUST8104,PROD587,Tablet,Lenovo Tab P11,HP,1,1320.62,0.01,0.18,1542.75,Debit Card,In-Store,EMP201,0,1,Express,8,USD
ORD122082,03-06-2024,BR59,USA,New York,CUST3399,PROD618,TV,Sony Bravia 55,LG,2,340,0.04,0.18,770.3,Credit Card,In-Store,EMP492,2,1,Same Day,4,AED
ORD122083,25-09-2023,BR108,UK,London,CUST4469,PROD646,Tablet,Samsung Galaxy Tab,Dell,3,863.82,0.13,0.18,2660.39,Credit Card,In-Store,EMP673,0,1,Same Day,5,GBP
ORD122084,07-02-2024,BR22,India,Mumbai,CUST4238,PROD282,TV,LG OLED 48,Apple,5,776.71,0.1,0.18,4124.33,Cash,In-Store,EMP263,0,1,Express,8,INR
ORD122085,01-08-2024,BR48,Germany,Berlin,CUST1428,PROD967,Accessories,Keyboard,Lenovo,1,961.07,0.22,0.18,884.57,Credit Card,Online,EMP978,2,0,Standard,2,EUR
ORD122086,25-04-2023,BR16,UK,Manchester,CUST3046,PROD823,Tablet,Lenovo Tab P11,HP,4,215.53,0.18,0.18,834.19,Debit Card,Online,EMP772,1,0,Same Day,4,EUR
ORD122087,26-03-2024,BR107,UK,Birmingham,CUST5094,PROD449,TV,LG OLED 48,Dell,5,1299.2,0.19,0.18,6208.88,Credit Card,Online,EMP669,1,1,Standard,8,INR
ORD122088,15-04-2023,BR13,USA,Chicago,CUST7100,PROD224,Laptop,HP Spectre x360,Apple,2,740.06,0.12,0.18,1536.96,Net Banking,Online,EMP509,2,1,Standard,8,USD
ORD122089,14-08-2024,BR20,India,Pune,CUST1655,PROD359,Laptop,MacBook Air M2,LG,4,445.96,0.17,0.18,1747.09,Cash,In-Store,EMP519,2,0,Express,7,AED
ORD122090,09-10-2023,BR95,Germany,Hamburg,CUST3379,PROD970,Laptop,MacBook Air M2,OnePlus,3,788.95,0.12,0.18,2457.74,UPI,Online,EMP406,2,1,Standard,2,AED
ORD122091,22-05-2024,BR62,India,Bangalore,CUST4579,PROD879,Tablet,iPad Air,Dell,4,486.51,0.24,0.18,1745.21,Cash,In-Store,EMP951,3,0,Express,8,INR
ORD122092,25-07-2023,BR106,USA,Los Angeles,CUST9117,PROD304,Mobile,Samsung Galaxy S23,Dell,2,670.27,0.07,0.18,1471.11,Credit Card,In-Store,EMP560,3,1,Express,6,USD
ORD122093,15-04-2024,BR7,India,Delhi,CUST2917,PROD919,TV,Samsung QLED 50,Dell,1,728.18,0.12,0.18,756.14,Credit Card,In-Store,EMP409,2,1,Same Day,3,USD
ORD122094,12-06-2023,BR84,UK,London,CUST5576,PROD139,Mobile,Samsung Galaxy S23,Apple,3,1727.16,0.19,0.18,4952.46,Credit Card,In-Store,EMP836,3,0,Same Day,7,AED
ORD122095,02-02-2023,BR40,UAE,Abu Dhabi,CUST7616,PROD805,TV,LG OLED 48,OnePlus,1,758.45,0.21,0.18,707.03,Cash,In-Store,EMP608,2,0,Express,6,EUR
ORD122096,21-04-2024,BR110,UK,London,CUST2626,PROD714,Laptop,HP Spectre x360,Apple,4,1127.52,0.1,0.18,4789.7,Net Banking,Online,EMP452,0,1,Express,4,AED
ORD122097,29-04-2024,BR31,India,Bangalore,CUST6743,PROD819,Laptop,Dell XPS 13,Lenovo,4,1020.91,0.23,0.18,3710.4,Net Banking,Online,EMP645,0,1,Standard,1,INR
ORD122098,05-09-2023,BR44,Germany,Hamburg,CUST1868,PROD422,Tablet,Samsung Galaxy Tab,LG,4,296.99,0.19,0.18,1135.45,Credit Card,Online,EMP932,0,0,Standard,1,USD
ORD122099,15-02-2024,BR34,Germany,Berlin,CUST7253,PROD257,Tablet,iPad Air,HP,3,1550.09,0.3,0.18,3841.12,Debit Card,In-Store,EMP567,3,1,Standard,9,INR
ORD122100,26-06-2024,BR14,USA,Los Angeles,CUST9803,PROD976,Laptop,HP Spectre x360,LG,3,710.76,0,0.18,2516.09,Net Banking,Online,EMP698,1,0,Express,4,GBP
ORD122101,17-07-2023,BR60,India,Pune,CUST6586,PROD923,TV,LG OLED 48,Apple,2,367.11,0.01,0.18,857.72,Credit Card,Online,EMP284,3,1,Standard,1,EUR
ORD122102,27-03-2023,BR16,UAE,Abu Dhabi,CUST2052,PROD570,Laptop,MacBook Air M2,OnePlus,4,1745.32,0.21,0.18,6507.95,Debit Card,Online,EMP359,1,0,Express,3,EUR
ORD122103,06-07-2023,BR27,Germany,Munich,CUST4964,PROD801,Accessories,Wireless Mouse,Dell,1,1854.68,0.25,0.18,1641.39,Cash,In-Store,EMP360,3,1,Express,2,INR
ORD122104,15-04-2024,BR115,Germany,Hamburg,CUST2012,PROD741,Tablet,Lenovo Tab P11,LG,5,1719.89,0.03,0.18,9842.93,Debit Card,Online,EMP572,3,1,Express,1,USD
ORD122105,03-12-2024,BR89,India,Bangalore,CUST2942,PROD731,Tablet,iPad Air,Sony,3,1969.71,0.1,0.18,6275.5,Debit Card,In-Store,EMP937,0,0,Express,10,GBP
ORD122106,27-08-2024,BR81,USA,Chicago,CUST4298,PROD233,Mobile,Samsung Galaxy S23,HP,4,1686.82,0.17,0.18,6608.29,Debit Card,Online,EMP270,1,0,Express,7,GBP
ORD122107,22-03-2024,BR19,Germany,Berlin,CUST7444,PROD322,TV,Samsung QLED 50,OnePlus,1,1979.91,0.25,0.18,1752.22,Cash,In-Store,EMP260,1,1,Express,7,AED
ORD122108,22-06-2024,BR2,India,Bangalore,CUST2813,PROD796,Mobile,Samsung Galaxy S23,Apple,4,664.68,0.12,0.18,2760.81,Debit Card,Online,EMP367,1,1,Express,3,USD
ORD122109,15-04-2024,BR42,India,Bangalore,CUST7553,PROD290,Mobile,Samsung Galaxy S23,LG,4,1689.26,0.24,0.18,6059.71,Debit Card,Online,EMP948,2,0,Standard,2,AED
ORD122110,31-10-2024,BR49,USA,New York,CUST7009,PROD652,Mobile,iPhone 14,Sony,1,663.09,0.21,0.18,618.13,Net Banking,Online,EMP517,1,0,Same Day,1,USD
ORD122111,02-09-2023,BR50,UAE,Abu Dhabi,CUST5261,PROD969,Laptop,Dell XPS 13,Samsung,2,878.22,0.05,0.18,1968.97,Debit Card,In-Store,EMP714,3,1,Standard,4,GBP
ORD122112,26-04-2024,BR13,USA,New York,CUST2746,PROD475,Laptop,Dell XPS 13,HP,3,948.94,0.16,0.18,2821.77,Net Banking,In-Store,EMP922,0,0,Same Day,10,USD
ORD122113,18-03-2024,BR91,UAE,Abu Dhabi,CUST4087,PROD998,TV,LG OLED 48,HP,1,1581.5,0.05,0.18,1772.86,Cash,In-Store,EMP240,1,0,Express,1,USD
ORD122114,03-07-2023,BR41,India,Delhi,CUST6011,PROD168,Accessories,Keyboard,Samsung,2,1464.77,0.01,0.18,3422.29,UPI,In-Store,EMP313,2,1,Standard,6,AED
ORD122115,21-09-2024,BR104,UAE,Abu Dhabi,CUST2178,PROD103,Accessories,Wireless Mouse,HP,2,1281.36,0.26,0.18,2237.77,Debit Card,Online,EMP537,1,0,Standard,10,USD
ORD122116,03-05-2023,BR93,UAE,Dubai,CUST5025,PROD687,Tablet,iPad Air,Dell,1,1192.84,0.04,0.18,1351.25,Cash,In-Store,EMP979,0,1,Standard,2,AED
ORD122117,14-11-2024,BR11,UK,Manchester,CUST7398,PROD946,Mobile,iPhone 14,LG,2,540.84,0.28,0.18,919,UPI,In-Store,EMP205,2,0,Standard,1,INR
ORD122118,16-08-2023,BR25,India,Delhi,CUST2470,PROD841,Laptop,HP Spectre x360,Samsung,2,276.67,0.18,0.18,535.41,Cash,Online,EMP501,1,1,Standard,7,EUR
ORD122119,14-12-2024,BR86,UAE,Dubai,CUST9207,PROD214,TV,Samsung QLED 50,Apple,2,747.94,0.08,0.18,1623.93,Cash,Online,EMP357,2,0,Standard,6,EUR
ORD122120,14-09-2024,BR19,UK,Manchester,CUST1705,PROD276,Tablet,Samsung Galaxy Tab,LG,4,1512.37,0.27,0.18,5211.02,Cash,In-Store,EMP324,2,0,Same Day,6,EUR
ORD122121,27-01-2024,BR59,UK,Manchester,CUST3863,PROD439,Mobile,iPhone 14,Dell,2,625.62,0.01,0.18,1461.7,Debit Card,In-Store,EMP422,3,1,Same Day,6,AED
ORD122122,11-07-2024,BR43,UAE,Abu Dhabi,CUST7259,PROD141,Tablet,Samsung Galaxy Tab,HP,1,776.76,0.16,0.18,769.92,Credit Card,Online,EMP639,0,0,Express,6,INR
ORD122123,24-08-2024,BR46,India,Delhi,CUST2379,PROD445,TV,Samsung QLED 50,LG,5,346.06,0.12,0.18,1796.74,Debit Card,In-Store,EMP549,3,1,Express,3,INR
ORD122124,08-07-2023,BR18,UK,Manchester,CUST1429,PROD416,Tablet,Lenovo Tab P11,Sony,2,400.46,0.28,0.18,680.46,Credit Card,Online,EMP811,0,0,Express,7,INR
ORD122125,08-07-2024,BR11,UAE,Dubai,CUST9687,PROD452,Accessories,Wireless Mouse,Sony,5,561.5,0.15,0.18,2815.92,Net Banking,Online,EMP613,2,1,Same Day,3,EUR
ORD122126,20-07-2023,BR6,USA,Los Angeles,CUST5877,PROD843,Mobile,OnePlus 11,Sony,2,1975.19,0.22,0.18,3635.93,Debit Card,In-Store,EMP307,3,0,Express,1,INR
ORD122127,25-10-2023,BR11,India,Pune,CUST8030,PROD843,Mobile,iPhone 14,LG,4,117.43,0.26,0.18,410.16,Credit Card,Online,EMP463,1,1,Standard,6,USD
ORD122128,12-04-2024,BR118,UAE,Abu Dhabi,CUST7490,PROD779,Tablet,Samsung Galaxy Tab,HP,1,899.17,0.25,0.18,795.77,Credit Card,Online,EMP462,1,1,Standard,7,INR
ORD122129,26-12-2024,BR3,UK,Birmingham,CUST2716,PROD984,TV,Samsung QLED 50,Sony,1,221.81,0.25,0.18,196.3,Credit Card,In-Store,EMP353,2,0,Standard,1,AED
ORD122130,01-11-2023,BR24,USA,New York,CUST1024,PROD738,Accessories,Bluetooth Headphones,OnePlus,3,556.38,0.18,0.18,1615.06,Credit Card,In-Store,EMP203,1,0,Standard,5,USD
ORD122131,27-04-2024,BR7,USA,Chicago,CUST3365,PROD923,Laptop,Dell XPS 13,Dell,5,900.02,0.06,0.18,4991.51,UPI,Online,EMP954,0,1,Express,6,INR
ORD122132,20-09-2023,BR63,USA,Los Angeles,CUST1667,PROD690,TV,LG OLED 48,Apple,4,884.13,0.08,0.18,3839.25,Debit Card,In-Store,EMP421,3,0,Express,10,GBP
ORD122133,30-09-2024,BR12,UAE,Abu Dhabi,CUST7682,PROD854,Mobile,iPhone 14,Lenovo,4,1330.65,0.07,0.18,5841.02,UPI,In-Store,EMP484,1,0,Same Day,4,USD
ORD122134,08-08-2024,BR116,India,Bangalore,CUST1000,PROD459,TV,Sony Bravia 55,Apple,3,1396.75,0.14,0.18,4252.27,Net Banking,In-Store,EMP302,2,1,Standard,7,USD
ORD122135,11-07-2023,BR12,Germany,Munich,CUST4310,PROD728,TV,LG OLED 48,Sony,5,370.92,0.27,0.18,1597.55,Cash,Online,EMP745,1,0,Same Day,2,GBP
ORD122136,21-04-2023,BR15,USA,New York,CUST2818,PROD105,TV,Sony Bravia 55,HP,3,1979.84,0.04,0.18,6728.29,Credit Card,In-Store,EMP586,2,1,Same Day,4,EUR
ORD122137,29-03-2024,BR20,Germany,Munich,CUST8538,PROD414,Tablet,Lenovo Tab P11,Apple,1,1990.19,0.05,0.18,2231,Debit Card,In-Store,EMP780,2,1,Express,8,EUR
ORD122138,04-07-2024,BR22,Germany,Hamburg,CUST3659,PROD681,Mobile,Samsung Galaxy S23,Lenovo,2,1546.54,0.23,0.18,2810.37,Net Banking,In-Store,EMP275,0,0,Same Day,9,AED
ORD122139,31-07-2023,BR50,India,Pune,CUST1887,PROD622,Mobile,iPhone 14,LG,2,1820.51,0.27,0.18,3136.37,Debit Card,Online,EMP347,1,1,Same Day,10,EUR
ORD122140,24-01-2023,BR51,UK,Manchester,CUST2605,PROD556,Tablet,Samsung Galaxy Tab,OnePlus,5,1565.44,0.1,0.18,8312.49,UPI,In-Store,EMP712,2,1,Standard,7,USD
ORD122141,21-06-2024,BR29,UAE,Abu Dhabi,CUST5606,PROD619,Laptop,Dell XPS 13,OnePlus,5,223.89,0.3,0.18,924.67,Debit Card,Online,EMP553,1,1,Express,4,GBP
ORD122142,17-12-2024,BR92,UAE,Abu Dhabi,CUST1249,PROD265,Accessories,Wireless Mouse,Samsung,5,1054.66,0.02,0.18,6098.04,Credit Card,In-Store,EMP882,0,0,Standard,9,EUR
ORD122143,23-11-2024,BR27,UK,London,CUST2114,PROD421,Tablet,Samsung Galaxy Tab,Lenovo,2,1932.29,0.22,0.18,3556.96,Net Banking,In-Store,EMP281,1,0,Standard,7,INR
ORD122144,22-04-2023,BR72,UK,Birmingham,CUST7589,PROD756,Tablet,iPad Air,HP,4,745.08,0.08,0.18,3235.44,Net Banking,In-Store,EMP564,1,1,Standard,7,INR
ORD122145,26-05-2023,BR93,UK,London,CUST8268,PROD550,Mobile,Samsung Galaxy S23,Lenovo,1,806.12,0.07,0.18,884.64,UPI,In-Store,EMP767,3,0,Express,8,EUR
ORD122146,28-03-2023,BR116,India,Mumbai,CUST5300,PROD719,Accessories,Keyboard,LG,3,1084.81,0.12,0.18,3379.4,Credit Card,Online,EMP363,3,0,Express,7,GBP
ORD122147,05-12-2023,BR29,Germany,Hamburg,CUST7686,PROD986,Mobile,OnePlus 11,Dell,5,1160.27,0.13,0.18,5955.67,Cash,Online,EMP866,0,0,Standard,7,USD
ORD122148,02-09-2023,BR75,Germany,Berlin,CUST8029,PROD658,TV,Sony Bravia 55,Dell,4,1941.62,0.17,0.18,7606.49,UPI,Online,EMP925,1,1,Express,10,AED
ORD122149,11-02-2023,BR59,UK,Birmingham,CUST7405,PROD252,Laptop,HP Spectre x360,Sony,3,1548.66,0.06,0.18,5153.32,UPI,Online,EMP232,1,1,Standard,7,AED
ORD122150,02-01-2024,BR45,USA,New York,CUST6300,PROD490,Accessories,Wireless Mouse,Sony,2,1192.62,0.14,0.18,2420.54,Cash,In-Store,EMP481,2,1,Same Day,2,USD
ORD122151,24-05-2023,BR30,USA,New York,CUST8832,PROD860,Accessories,Wireless Mouse,Dell,3,993.8,0.08,0.18,3236.61,UPI,Online,EMP472,3,1,Same Day,6,AED
ORD122152,03-09-2023,BR107,USA,Dallas,CUST2535,PROD854,Laptop,Dell XPS 13,Lenovo,5,729.73,0.03,0.18,4176.24,Credit Card,In-Store,EMP361,0,1,Standard,5,AED
ORD122153,12-10-2023,BR23,India,Mumbai,CUST1075,PROD304,Laptop,MacBook Air M2,Dell,1,604.15,0.02,0.18,698.64,Cash,In-Store,EMP666,0,0,Express,1,USD
ORD122154,23-02-2023,BR7,UK,Manchester,CUST5331,PROD111,Mobile,Samsung Galaxy S23,Sony,3,874.44,0.25,0.18,2321.64,Credit Card,Online,EMP426,2,1,Standard,9,EUR
ORD122155,14-12-2024,BR110,USA,Dallas,CUST8698,PROD247,Laptop,MacBook Air M2,Lenovo,5,603.27,0.24,0.18,2705.06,Net Banking,Online,EMP214,0,0,Standard,10,USD
ORD122156,23-09-2024,BR52,Germany,Berlin,CUST3719,PROD115,Mobile,OnePlus 11,Lenovo,5,1209.25,0.27,0.18,5208.24,Debit Card,In-Store,EMP674,3,0,Express,4,USD
ORD122157,19-06-2023,BR36,India,Bangalore,CUST8517,PROD587,TV,LG OLED 48,HP,1,179.21,0.25,0.18,158.6,Net Banking,In-Store,EMP324,1,0,Same Day,7,USD
ORD122158,07-06-2023,BR54,India,Bangalore,CUST4442,PROD471,Tablet,Samsung Galaxy Tab,Lenovo,3,112.75,0.04,0.18,383.17,Net Banking,Online,EMP501,0,0,Express,5,AED
ORD122159,23-04-2024,BR6,UK,Birmingham,CUST9175,PROD708,Laptop,HP Spectre x360,Lenovo,4,90.2,0.25,0.18,319.31,Credit Card,Online,EMP727,3,1,Same Day,4,INR
ORD122160,27-09-2023,BR92,India,Mumbai,CUST3373,PROD666,Accessories,Keyboard,LG,5,1598.24,0.05,0.18,8958.14,Net Banking,In-Store,EMP948,0,0,Standard,4,EUR
ORD122161,02-02-2023,BR26,USA,New York,CUST4081,PROD490,Mobile,iPhone 14,LG,5,1639.02,0.06,0.18,9090,Cash,In-Store,EMP307,1,1,Same Day,4,USD
ORD122162,17-11-2023,BR112,UAE,Dubai,CUST4207,PROD125,Mobile,Samsung Galaxy S23,LG,2,160.23,0.24,0.18,287.39,Cash,Online,EMP944,3,1,Same Day,4,AED
ORD122163,28-03-2024,BR32,India,Bangalore,CUST4192,PROD479,Mobile,Samsung Galaxy S23,LG,1,1587.2,0.02,0.18,1835.44,Cash,Online,EMP286,3,0,Same Day,10,INR
ORD122164,30-01-2024,BR76,USA,Chicago,CUST6577,PROD710,Laptop,HP Spectre x360,Lenovo,2,1370.87,0.02,0.18,3170.55,Credit Card,Online,EMP577,2,0,Express,3,INR
ORD122165,07-03-2024,BR17,UK,London,CUST3951,PROD647,Accessories,Keyboard,Apple,2,1223.83,0.28,0.18,2079.53,UPI,Online,EMP676,1,0,Same Day,7,GBP
ORD122166,30-12-2023,BR41,USA,Chicago,CUST4956,PROD973,Accessories,Wireless Mouse,Sony,4,925.01,0.02,0.18,4278.73,Credit Card,Online,EMP248,2,1,Same Day,2,INR
ORD122167,29-07-2023,BR22,UAE,Dubai,CUST7283,PROD600,Laptop,MacBook Air M2,HP,4,632.69,0.22,0.18,2329.31,UPI,Online,EMP531,2,0,Same Day,7,AED
ORD122168,28-05-2024,BR12,USA,New York,CUST5637,PROD277,Laptop,HP Spectre x360,Dell,1,292.06,0.2,0.18,275.7,Net Banking,In-Store,EMP643,3,0,Express,7,USD
ORD122169,07-01-2023,BR44,UK,Manchester,CUST2995,PROD278,Mobile,Samsung Galaxy S23,HP,2,784.32,0.04,0.18,1776.96,UPI,Online,EMP562,2,1,Express,6,INR
ORD122170,13-05-2023,BR111,UK,London,CUST8394,PROD402,Accessories,Wireless Mouse,LG,5,1970.2,0.14,0.18,9996.79,UPI,Online,EMP729,3,1,Express,9,EUR
ORD122171,04-11-2023,BR53,USA,Chicago,CUST6750,PROD672,Laptop,MacBook Air M2,OnePlus,5,699.41,0.1,0.18,3713.87,Debit Card,Online,EMP751,3,0,Express,9,GBP
ORD122172,12-07-2024,BR73,Germany,Hamburg,CUST3188,PROD238,TV,Sony Bravia 55,Lenovo,2,153.37,0,0.18,361.95,Credit Card,Online,EMP853,3,1,Same Day,1,INR
ORD122173,14-01-2023,BR89,Germany,Munich,CUST7939,PROD661,TV,LG OLED 48,Apple,4,1461.3,0.23,0.18,5310.95,Credit Card,Online,EMP943,1,1,Standard,8,USD
ORD122174,19-03-2024,BR102,India,Mumbai,CUST8457,PROD494,Laptop,Dell XPS 13,Lenovo,4,1312.63,0.06,0.18,5823.88,Cash,Online,EMP690,0,0,Standard,2,USD
ORD122175,18-08-2024,BR96,UAE,Abu Dhabi,CUST4219,PROD710,TV,Samsung QLED 50,Dell,2,1741.43,0.3,0.18,2876.84,Debit Card,In-Store,EMP233,3,0,Same Day,3,INR
ORD122176,02-05-2023,BR83,Germany,Munich,CUST6625,PROD720,TV,Samsung QLED 50,Lenovo,2,1565.83,0.25,0.18,2771.52,Credit Card,Online,EMP607,3,0,Same Day,7,AED
ORD122177,30-01-2024,BR31,UAE,Dubai,CUST6330,PROD281,Mobile,iPhone 14,LG,3,858.62,0.27,0.18,2218.85,Debit Card,In-Store,EMP556,0,1,Standard,9,INR
ORD122178,03-03-2023,BR52,USA,Chicago,CUST5017,PROD337,Tablet,Samsung Galaxy Tab,OnePlus,3,179.89,0.15,0.18,541.29,Credit Card,Online,EMP914,1,0,Same Day,10,GBP
ORD122179,09-06-2023,BR19,UAE,Dubai,CUST7091,PROD337,Tablet,Samsung Galaxy Tab,Dell,4,1878.32,0.21,0.18,7003.88,Debit Card,In-Store,EMP461,0,1,Express,4,AED
ORD122180,20-10-2024,BR60,USA,Chicago,CUST1512,PROD878,Accessories,Keyboard,Sony,1,1959.91,0.11,0.18,2058.3,Cash,In-Store,EMP313,2,0,Same Day,5,EUR
ORD122181,13-04-2024,BR56,USA,New York,CUST6652,PROD694,Mobile,Samsung Galaxy S23,HP,2,1195.46,0.26,0.18,2087.75,Cash,Online,EMP632,0,0,Express,5,EUR
ORD122182,23-02-2023,BR23,India,Bangalore,CUST2865,PROD520,Mobile,iPhone 14,Lenovo,3,195.66,0.03,0.18,671.86,Cash,Online,EMP937,0,1,Same Day,9,GBP
ORD122183,29-11-2024,BR22,UK,Birmingham,CUST4800,PROD438,Accessories,Bluetooth Headphones,LG,4,1808.13,0.25,0.18,6400.78,Cash,Online,EMP374,0,1,Standard,10,AED
ORD122184,21-12-2023,BR97,India,Delhi,CUST2286,PROD317,Mobile,iPhone 14,OnePlus,1,476.92,0.23,0.18,433.33,Cash,Online,EMP805,2,0,Express,2,GBP
ORD122185,17-06-2023,BR2,USA,Los Angeles,CUST9701,PROD880,Laptop,MacBook Air M2,Dell,4,708.7,0.25,0.18,2508.8,Debit Card,Online,EMP311,1,1,Standard,3,AED
ORD122186,06-05-2023,BR26,UAE,Abu Dhabi,CUST6012,PROD757,Accessories,Keyboard,Samsung,3,752.39,0.22,0.18,2077.5,Credit Card,Online,EMP835,2,1,Express,1,AED
ORD122187,12-05-2023,BR18,UAE,Abu Dhabi,CUST3419,PROD689,TV,LG OLED 48,LG,1,1784.19,0.21,0.18,1663.22,Debit Card,In-Store,EMP934,1,0,Express,7,EUR
ORD122188,19-05-2024,BR51,UAE,Abu Dhabi,CUST7399,PROD347,Accessories,Wireless Mouse,Sony,2,1536.6,0.21,0.18,2864.84,Cash,In-Store,EMP944,3,0,Express,1,EUR
ORD122189,04-08-2024,BR34,UAE,Abu Dhabi,CUST6764,PROD353,Tablet,iPad Air,Apple,1,1878.98,0.3,0.18,1552.04,Debit Card,Online,EMP227,3,1,Standard,8,USD
ORD122190,19-08-2024,BR11,UAE,Dubai,CUST6837,PROD492,Tablet,Samsung Galaxy Tab,LG,5,1912.38,0,0.18,11283.04,UPI,In-Store,EMP266,2,0,Same Day,2,EUR
ORD122191,12-05-2023,BR17,UK,Birmingham,CUST5258,PROD387,TV,Sony Bravia 55,Apple,3,369.53,0.27,0.18,954.94,UPI,Online,EMP204,0,1,Standard,5,INR
ORD122192,31-08-2023,BR40,Germany,Munich,CUST4566,PROD527,Accessories,Keyboard,Samsung,5,788.09,0.08,0.18,4277.75,Net Banking,In-Store,EMP823,2,1,Express,5,GBP
ORD122193,26-09-2024,BR49,Germany,Hamburg,CUST4025,PROD842,Tablet,Samsung Galaxy Tab,OnePlus,5,1324.21,0.08,0.18,7187.81,Debit Card,Online,EMP948,0,1,Standard,5,USD
ORD122194,11-11-2023,BR106,USA,Chicago,CUST8491,PROD900,Laptop,MacBook Air M2,Lenovo,2,1964.85,0.25,0.18,3477.78,Net Banking,Online,EMP973,2,1,Same Day,5,GBP
ORD122195,17-08-2023,BR97,Germany,Hamburg,CUST4285,PROD654,Mobile,iPhone 14,Apple,2,326.81,0.25,0.18,578.45,Credit Card,Online,EMP448,0,1,Express,6,GBP
ORD122196,28-02-2023,BR45,Germany,Hamburg,CUST5138,PROD683,Mobile,iPhone 14,LG,3,1146.26,0.12,0.18,3570.83,Net Banking,Online,EMP748,3,1,Standard,4,GBP
ORD122197,11-10-2023,BR85,UK,Manchester,CUST4809,PROD330,Tablet,Samsung Galaxy Tab,HP,3,497.48,0.27,0.18,1285.59,Cash,Online,EMP649,2,1,Express,3,USD
ORD122198,29-03-2023,BR48,Germany,Hamburg,CUST5017,PROD593,Tablet,Lenovo Tab P11,OnePlus,4,1812.06,0.25,0.18,6414.69,Net Banking,Online,EMP228,2,0,Express,5,GBP
ORD122199,02-06-2023,BR81,USA,New York,CUST5306,PROD823,Laptop,MacBook Air M2,Lenovo,2,166.51,0.17,0.18,326.16,UPI,Online,EMP925,1,0,Express,7,GBP
ORD122200,13-11-2024,BR7,India,Mumbai,CUST5214,PROD923,Mobile,iPhone 14,Apple,5,1744.42,0.29,0.18,7307.38,Cash,In-Store,EMP747,2,0,Same Day,2,GBP
ORD122201,21-04-2023,BR108,USA,Los Angeles,CUST5120,PROD450,Mobile,OnePlus 11,Samsung,1,978.93,0.28,0.18,831.7,Debit Card,Online,EMP412,1,1,Express,3,GBP
ORD122202,25-03-2023,BR16,USA,Chicago,CUST5472,PROD533,Tablet,Lenovo Tab P11,Samsung,2,825.61,0.01,0.18,1928.96,Cash,In-Store,EMP395,0,1,Standard,3,INR
ORD122203,26-10-2024,BR48,UK,Birmingham,CUST9274,PROD509,TV,LG OLED 48,OnePlus,4,1849.28,0.14,0.18,7506.6,Cash,Online,EMP872,1,1,Same Day,10,USD
ORD122204,29-04-2024,BR3,Germany,Munich,CUST9758,PROD170,Mobile,OnePlus 11,Sony,2,1416.5,0.16,0.18,2808.07,Debit Card,Online,EMP822,2,1,Standard,10,INR
ORD122205,12-10-2024,BR94,Germany,Berlin,CUST8375,PROD266,Tablet,iPad Air,OnePlus,1,1416.61,0.05,0.18,1588.02,Net Banking,Online,EMP786,0,1,Same Day,2,INR
ORD122206,31-10-2024,BR71,UAE,Dubai,CUST4167,PROD700,TV,Samsung QLED 50,Samsung,2,665.03,0.13,0.18,1365.44,Cash,In-Store,EMP598,3,0,Express,5,EUR
ORD122207,26-09-2023,BR40,India,Mumbai,CUST8546,PROD491,TV,Samsung QLED 50,LG,4,303.41,0.06,0.18,1346.17,Cash,Online,EMP654,2,1,Same Day,2,EUR
ORD122208,24-07-2024,BR108,Germany,Munich,CUST4581,PROD837,Mobile,Samsung Galaxy S23,HP,2,1518.4,0.16,0.18,3010.08,Debit Card,Online,EMP872,2,0,Same Day,10,AED
ORD122209,23-12-2024,BR112,Germany,Berlin,CUST3916,PROD552,Accessories,Keyboard,Apple,1,244.7,0.26,0.18,213.67,Credit Card,In-Store,EMP667,1,0,Standard,8,USD
ORD122210,15-08-2023,BR115,UK,Manchester,CUST4617,PROD415,Mobile,OnePlus 11,HP,3,1703.51,0.22,0.18,4703.73,Credit Card,Online,EMP642,1,0,Standard,6,EUR
ORD122211,14-01-2023,BR80,India,Pune,CUST2558,PROD635,TV,Sony Bravia 55,Sony,2,1012.55,0.02,0.18,2341.83,Credit Card,In-Store,EMP362,3,0,Express,1,GBP
ORD122212,04-10-2024,BR88,USA,Chicago,CUST7434,PROD651,Tablet,Samsung Galaxy Tab,Sony,3,1486.43,0.14,0.18,4525.29,Credit Card,In-Store,EMP444,0,0,Express,7,USD
ORD122213,04-10-2023,BR30,USA,Los Angeles,CUST6483,PROD842,TV,LG OLED 48,Sony,4,1928.68,0.3,0.18,6372.36,Cash,In-Store,EMP568,3,1,Same Day,3,INR
ORD122214,13-06-2024,BR37,UAE,Abu Dhabi,CUST6438,PROD968,Laptop,Dell XPS 13,Lenovo,2,1477.11,0.08,0.18,3207.1,Credit Card,Online,EMP588,0,1,Same Day,10,GBP
ORD122215,28-12-2024,BR77,India,Mumbai,CUST9447,PROD461,Tablet,Lenovo Tab P11,OnePlus,4,908.17,0.15,0.18,3643.58,Cash,Online,EMP467,3,1,Express,2,USD
ORD122216,26-11-2023,BR48,UAE,Abu Dhabi,CUST3395,PROD839,Mobile,iPhone 14,LG,1,1246.09,0.2,0.18,1176.31,UPI,Online,EMP579,0,0,Express,1,USD
ORD122217,31-07-2024,BR64,UK,Birmingham,CUST2824,PROD509,TV,LG OLED 48,Lenovo,1,217.9,0.02,0.18,251.98,Debit Card,Online,EMP947,3,0,Standard,4,EUR
ORD122218,24-02-2023,BR50,Germany,Berlin,CUST8508,PROD745,Laptop,Dell XPS 13,Sony,3,760.44,0.05,0.18,2557.36,Cash,Online,EMP480,0,0,Same Day,4,GBP
ORD122219,21-03-2023,BR86,UK,Manchester,CUST4918,PROD648,Accessories,Wireless Mouse,Apple,1,1563.17,0.26,0.18,1364.96,UPI,Online,EMP842,0,1,Same Day,7,AED
ORD122220,17-03-2024,BR2,Germany,Munich,CUST2971,PROD972,Tablet,Lenovo Tab P11,Samsung,3,124.95,0,0.18,442.32,Net Banking,Online,EMP369,2,0,Standard,8,INR
ORD122221,27-05-2024,BR98,UAE,Abu Dhabi,CUST8000,PROD884,TV,Sony Bravia 55,LG,2,1949.69,0.02,0.18,4509.24,Debit Card,In-Store,EMP381,2,0,Same Day,7,GBP
ORD122222,03-11-2023,BR67,UK,Birmingham,CUST6021,PROD842,Laptop,Dell XPS 13,Apple,2,1473.8,0.19,0.18,2817.32,Credit Card,Online,EMP390,1,0,Same Day,6,INR
ORD122223,27-08-2023,BR74,USA,Chicago,CUST6707,PROD565,Tablet,Samsung Galaxy Tab,Apple,3,115.01,0.24,0.18,309.42,Cash,In-Store,EMP424,1,0,Standard,6,INR
ORD122224,21-08-2024,BR81,USA,Dallas,CUST5692,PROD577,Laptop,MacBook Air M2,Apple,1,400.65,0.07,0.18,439.67,Debit Card,In-Store,EMP515,1,1,Same Day,2,AED
ORD122225,06-05-2023,BR64,Germany,Munich,CUST1444,PROD280,Laptop,HP Spectre x360,Sony,5,374.14,0.08,0.18,2030.83,Debit Card,Online,EMP303,3,0,Express,9,USD
ORD122226,12-05-2024,BR28,UAE,Dubai,CUST2327,PROD347,Accessories,Bluetooth Headphones,OnePlus,1,134.68,0.24,0.18,120.78,Net Banking,In-Store,EMP236,0,1,Same Day,5,INR
ORD122227,02-12-2024,BR72,USA,New York,CUST6627,PROD343,Mobile,Samsung Galaxy S23,LG,1,1911.2,0.1,0.18,2029.69,UPI,Online,EMP975,1,1,Standard,6,AED
ORD122228,22-11-2023,BR30,UAE,Abu Dhabi,CUST1529,PROD858,Accessories,Bluetooth Headphones,HP,1,396.11,0.03,0.18,453.39,Credit Card,In-Store,EMP584,1,0,Standard,7,EUR
ORD122229,17-05-2023,BR31,USA,New York,CUST2344,PROD904,Mobile,OnePlus 11,OnePlus,4,256.36,0.05,0.18,1149.52,UPI,Online,EMP520,2,1,Standard,5,INR
ORD122230,05-07-2024,BR69,USA,Chicago,CUST8784,PROD778,Tablet,Samsung Galaxy Tab,LG,3,602.46,0.19,0.18,1727.49,Net Banking,Online,EMP883,3,1,Express,8,USD
ORD122231,12-05-2024,BR41,Germany,Berlin,CUST2029,PROD217,Tablet,Samsung Galaxy Tab,Lenovo,1,452.14,0.19,0.18,432.16,UPI,In-Store,EMP711,2,0,Same Day,3,AED
ORD122232,05-01-2023,BR106,UK,London,CUST5290,PROD620,TV,Samsung QLED 50,Lenovo,5,799.79,0.16,0.18,3963.76,Net Banking,In-Store,EMP350,1,0,Same Day,7,USD
ORD122233,29-08-2023,BR62,UK,London,CUST7787,PROD612,Mobile,iPhone 14,OnePlus,5,168.95,0.3,0.18,697.76,UPI,In-Store,EMP710,3,1,Same Day,8,EUR
ORD122234,11-12-2023,BR66,India,Delhi,CUST4044,PROD621,TV,Samsung QLED 50,Apple,1,1164.73,0.27,0.18,1003.3,Net Banking,In-Store,EMP818,2,0,Same Day,9,INR
ORD122235,23-03-2024,BR73,UAE,Abu Dhabi,CUST1398,PROD351,Mobile,Samsung Galaxy S23,Dell,5,1155.27,0,0.18,6816.09,Cash,Online,EMP490,3,0,Standard,5,GBP
ORD122236,14-01-2024,BR41,India,Delhi,CUST3847,PROD237,Mobile,Samsung Galaxy S23,Apple,5,174.59,0.25,0.18,772.56,Cash,In-Store,EMP788,3,1,Express,3,AED
ORD122237,13-05-2024,BR66,UAE,Abu Dhabi,CUST9820,PROD538,Mobile,Samsung Galaxy S23,Apple,5,1726.51,0.1,0.18,9167.77,Cash,In-Store,EMP411,2,0,Same Day,7,INR
ORD122238,15-03-2023,BR65,Germany,Berlin,CUST1256,PROD674,Laptop,HP Spectre x360,Lenovo,2,1277.27,0.29,0.18,2140.19,Net Banking,Online,EMP401,1,0,Standard,10,GBP
ORD122239,11-01-2024,BR67,UAE,Dubai,CUST5876,PROD333,Tablet,Lenovo Tab P11,LG,5,1840.87,0.1,0.18,9775.02,Net Banking,Online,EMP687,0,0,Same Day,6,AED
ORD122240,30-06-2024,BR40,India,Delhi,CUST5304,PROD162,Laptop,Dell XPS 13,Samsung,5,1014.71,0.1,0.18,5388.11,Debit Card,Online,EMP955,0,1,Standard,10,AED
ORD122241,03-06-2023,BR71,UK,Birmingham,CUST3782,PROD255,Mobile,Samsung Galaxy S23,OnePlus,5,657.05,0.08,0.18,3566.47,UPI,Online,EMP867,1,0,Express,2,EUR
ORD122242,05-08-2023,BR53,USA,Dallas,CUST6505,PROD992,Accessories,Keyboard,Samsung,3,133.28,0.15,0.18,401.04,Cash,In-Store,EMP306,1,1,Express,4,EUR
ORD122243,19-07-2023,BR39,Germany,Berlin,CUST4781,PROD799,Mobile,Samsung Galaxy S23,HP,1,1625.11,0.28,0.18,1380.69,Net Banking,Online,EMP207,1,0,Same Day,3,GBP
ORD122244,21-11-2024,BR85,USA,Dallas,CUST3546,PROD403,Laptop,HP Spectre x360,Samsung,5,1854.27,0.23,0.18,8423.95,Debit Card,In-Store,EMP813,0,1,Same Day,9,USD
ORD122245,15-02-2023,BR17,UK,London,CUST3811,PROD508,Accessories,Wireless Mouse,HP,5,1115.51,0.01,0.18,6515.69,Credit Card,Online,EMP646,2,1,Express,3,INR
ORD122246,08-03-2024,BR20,Germany,Berlin,CUST5990,PROD437,Accessories,Keyboard,Apple,2,1115.4,0.22,0.18,2053.23,Cash,In-Store,EMP252,0,1,Same Day,2,USD
ORD122247,21-01-2023,BR105,UAE,Abu Dhabi,CUST7471,PROD153,Mobile,iPhone 14,Apple,3,493.03,0,0.18,1745.33,Net Banking,Online,EMP784,1,1,Same Day,4,INR
ORD122248,07-11-2024,BR30,India,Delhi,CUST4039,PROD647,TV,Samsung QLED 50,Samsung,1,1859.78,0.11,0.18,1953.14,Debit Card,Online,EMP732,2,1,Same Day,4,USD
ORD122249,11-11-2024,BR106,Germany,Hamburg,CUST3109,PROD502,Laptop,MacBook Air M2,Dell,5,1017.5,0.21,0.18,4742.57,Credit Card,In-Store,EMP257,2,1,Same Day,7,GBP
ORD122250,29-02-2024,BR52,India,Pune,CUST4582,PROD937,Accessories,Wireless Mouse,Samsung,2,1017.69,0.06,0.18,2257.64,Net Banking,In-Store,EMP432,0,1,Express,1,USD
ORD122251,02-11-2023,BR18,USA,Chicago,CUST7369,PROD302,Laptop,Dell XPS 13,Dell,1,542.28,0.27,0.18,467.12,Credit Card,Online,EMP624,0,0,Express,2,USD
ORD122252,05-11-2023,BR84,USA,New York,CUST4709,PROD792,Laptop,Dell XPS 13,Dell,5,1093.45,0.14,0.18,5548.17,UPI,Online,EMP829,3,1,Same Day,1,USD
ORD122253,28-06-2023,BR31,USA,Chicago,CUST9758,PROD173,Mobile,Samsung Galaxy S23,Samsung,2,1733.56,0.29,0.18,2904.75,UPI,In-Store,EMP999,0,0,Standard,1,EUR
ORD122254,02-11-2023,BR23,USA,Los Angeles,CUST7011,PROD534,Mobile,iPhone 14,Lenovo,5,522.72,0.1,0.18,2775.64,Debit Card,Online,EMP511,2,1,Same Day,4,GBP
ORD122255,16-06-2024,BR51,Germany,Munich,CUST9724,PROD780,TV,Samsung QLED 50,Lenovo,4,1253.15,0.02,0.18,5796.57,Cash,In-Store,EMP372,2,1,Express,9,USD
ORD122256,13-04-2024,BR72,Germany,Hamburg,CUST1446,PROD469,Mobile,iPhone 14,Apple,1,743.61,0.12,0.18,772.16,UPI,In-Store,EMP947,2,0,Express,7,AED
ORD122257,16-08-2023,BR41,India,Pune,CUST3573,PROD785,TV,Samsung QLED 50,Lenovo,3,891.42,0.1,0.18,2840.06,Debit Card,Online,EMP436,3,0,Standard,9,EUR
ORD122258,26-06-2024,BR21,USA,Dallas,CUST3044,PROD828,Accessories,Wireless Mouse,Sony,4,1938.94,0.2,0.18,7321.44,Credit Card,In-Store,EMP278,2,0,Standard,3,USD
ORD122259,31-08-2024,BR62,Germany,Hamburg,CUST3412,PROD186,TV,Sony Bravia 55,Apple,3,144.36,0.05,0.18,485.48,Credit Card,Online,EMP591,1,1,Standard,4,GBP
ORD122260,09-11-2023,BR60,UK,London,CUST5165,PROD343,Mobile,iPhone 14,Samsung,1,1640.17,0.23,0.18,1490.26,Cash,Online,EMP909,2,0,Same Day,10,GBP
ORD122261,04-10-2023,BR85,UK,Birmingham,CUST6544,PROD658,Tablet,Samsung Galaxy Tab,Apple,1,339.3,0.09,0.18,364.34,Cash,In-Store,EMP568,2,0,Express,3,GBP
ORD122262,27-10-2024,BR51,UK,Manchester,CUST6633,PROD979,Tablet,iPad Air,Dell,2,1371.14,0.2,0.18,2588.71,Net Banking,In-Store,EMP288,0,0,Express,10,EUR
ORD122263,23-08-2023,BR102,UK,Manchester,CUST1124,PROD928,Laptop,Dell XPS 13,LG,4,120.32,0.25,0.18,425.93,Cash,In-Store,EMP791,0,0,Express,3,INR
ORD122264,17-04-2024,BR61,UAE,Abu Dhabi,CUST2323,PROD525,Accessories,Keyboard,Sony,5,1109.15,0.27,0.18,4777.11,UPI,Online,EMP838,0,0,Standard,6,GBP
ORD122265,06-07-2023,BR74,UK,Birmingham,CUST8853,PROD226,Accessories,Wireless Mouse,OnePlus,5,137.27,0.23,0.18,623.62,Net Banking,Online,EMP874,1,0,Standard,7,AED
ORD122266,14-08-2023,BR31,Germany,Hamburg,CUST2180,PROD564,Laptop,MacBook Air M2,Lenovo,4,236.09,0.26,0.18,824.62,Cash,In-Store,EMP947,3,1,Standard,1,INR
ORD122267,06-12-2023,BR33,UK,Manchester,CUST7395,PROD292,Tablet,Lenovo Tab P11,LG,5,1903.19,0.28,0.18,8084.75,Credit Card,Online,EMP205,1,1,Standard,1,AED
ORD122268,12-07-2023,BR108,UK,London,CUST1785,PROD866,Accessories,Keyboard,Samsung,3,623.39,0.01,0.18,2184.73,Credit Card,In-Store,EMP581,0,0,Standard,10,EUR
ORD122269,27-05-2024,BR115,India,Delhi,CUST3869,PROD771,TV,Samsung QLED 50,Lenovo,5,1819.1,0.01,0.18,10625.36,Credit Card,In-Store,EMP886,0,0,Express,2,AED
ORD122270,06-02-2023,BR59,UAE,Dubai,CUST1907,PROD231,Accessories,Wireless Mouse,Dell,4,682.77,0.28,0.18,2320.33,Cash,In-Store,EMP200,2,1,Express,5,EUR
ORD122271,30-12-2024,BR37,India,Mumbai,CUST5172,PROD117,Mobile,OnePlus 11,HP,4,1578.07,0.1,0.18,6703.64,Net Banking,In-Store,EMP870,0,1,Express,7,EUR
ORD122272,29-03-2024,BR21,UK,London,CUST9326,PROD685,Accessories,Wireless Mouse,Lenovo,4,99.42,0.13,0.18,408.26,Debit Card,In-Store,EMP434,0,0,Express,4,EUR
ORD122273,31-12-2023,BR20,USA,Chicago,CUST2087,PROD867,Mobile,Samsung Galaxy S23,Dell,3,867.28,0.19,0.18,2486.84,Credit Card,Online,EMP389,0,0,Standard,10,EUR
ORD122274,27-04-2024,BR65,USA,Los Angeles,CUST6781,PROD706,Laptop,HP Spectre x360,Dell,2,1723.43,0.23,0.18,3131.82,Net Banking,Online,EMP466,3,1,Express,4,EUR
ORD122275,03-10-2023,BR114,UAE,Dubai,CUST1259,PROD636,Tablet,iPad Air,Apple,4,1484.52,0.07,0.18,6516.45,UPI,Online,EMP928,3,1,Standard,2,EUR
ORD122276,18-07-2023,BR25,USA,New York,CUST6880,PROD610,Tablet,Lenovo Tab P11,Samsung,5,397.67,0.19,0.18,1900.46,Cash,In-Store,EMP375,1,0,Same Day,1,GBP
ORD122277,10-07-2024,BR30,Germany,Munich,CUST8533,PROD714,TV,LG OLED 48,LG,4,1579.1,0.07,0.18,6931.62,Cash,Online,EMP203,0,1,Standard,9,EUR
ORD122278,19-04-2023,BR22,India,Mumbai,CUST7511,PROD407,Mobile,Samsung Galaxy S23,Sony,1,1399.58,0.05,0.18,1568.93,Credit Card,Online,EMP948,2,1,Same Day,7,USD
ORD122279,09-08-2023,BR81,UAE,Abu Dhabi,CUST2009,PROD240,TV,Sony Bravia 55,Dell,4,454.54,0.04,0.18,2059.61,Net Banking,In-Store,EMP986,0,0,Same Day,2,INR
ORD122280,25-05-2024,BR27,UK,Manchester,CUST1295,PROD732,Laptop,HP Spectre x360,Samsung,1,983.01,0.18,0.18,951.16,Credit Card,In-Store,EMP864,0,0,Express,7,INR
ORD122281,25-08-2024,BR114,UAE,Abu Dhabi,CUST7450,PROD527,TV,Samsung QLED 50,Samsung,5,1520.77,0.1,0.18,8075.29,Credit Card,In-Store,EMP950,3,0,Express,1,AED
ORD122282,26-04-2024,BR58,UAE,Dubai,CUST6541,PROD787,TV,LG OLED 48,Sony,2,774.98,0.16,0.18,1536.32,Cash,In-Store,EMP818,1,1,Standard,6,USD
ORD122283,26-09-2023,BR25,Germany,Hamburg,CUST6083,PROD712,Accessories,Bluetooth Headphones,Lenovo,1,851.03,0.23,0.18,773.25,UPI,In-Store,EMP560,2,1,Same Day,4,GBP
ORD122284,25-07-2023,BR46,USA,New York,CUST4341,PROD351,TV,LG OLED 48,Dell,5,1806.69,0.02,0.18,10446.28,Debit Card,Online,EMP326,2,0,Standard,8,USD
ORD122285,03-08-2024,BR34,UAE,Abu Dhabi,CUST4454,PROD668,Accessories,Bluetooth Headphones,Apple,4,77.96,0.11,0.18,327.49,Cash,Online,EMP275,1,1,Same Day,10,AED
ORD122286,10-05-2023,BR3,USA,New York,CUST5314,PROD185,Mobile,Samsung Galaxy S23,OnePlus,5,1677.56,0.24,0.18,7522.18,Debit Card,In-Store,EMP533,1,1,Same Day,7,GBP
ORD122287,29-08-2024,BR20,UK,Birmingham,CUST6705,PROD571,TV,LG OLED 48,OnePlus,3,827.49,0.17,0.18,2431.33,Net Banking,In-Store,EMP352,1,0,Standard,1,USD
ORD122288,04-02-2023,BR80,UAE,Abu Dhabi,CUST1862,PROD345,Tablet,Samsung Galaxy Tab,Lenovo,3,686.44,0.29,0.18,1725.3,Net Banking,In-Store,EMP582,1,1,Express,4,INR
ORD122289,30-05-2023,BR45,USA,Chicago,CUST1010,PROD632,Accessories,Keyboard,Dell,3,1084.82,0.03,0.18,3725.05,Cash,In-Store,EMP527,0,0,Same Day,10,INR
ORD122290,19-05-2024,BR108,Germany,Hamburg,CUST5549,PROD943,Mobile,OnePlus 11,Sony,4,825.95,0.11,0.18,3469.65,Debit Card,In-Store,EMP796,3,1,Standard,4,INR
ORD122291,11-08-2024,BR72,UK,Birmingham,CUST7818,PROD425,Mobile,Samsung Galaxy S23,Dell,1,806.32,0.02,0.18,932.43,Net Banking,Online,EMP296,1,0,Standard,7,EUR
ORD122292,28-03-2023,BR84,UK,Birmingham,CUST2465,PROD497,Accessories,Bluetooth Headphones,OnePlus,2,1790.24,0.04,0.18,4055.97,Credit Card,In-Store,EMP278,1,0,Same Day,2,GBP
ORD122293,09-11-2024,BR12,India,Pune,CUST3225,PROD407,Mobile,iPhone 14,LG,4,575.18,0.26,0.18,2008.99,Credit Card,Online,EMP957,2,1,Express,5,INR
ORD122294,01-04-2024,BR93,UK,Manchester,CUST2398,PROD293,Laptop,HP Spectre x360,Apple,3,451.71,0.15,0.18,1359.2,Cash,In-Store,EMP493,1,0,Same Day,8,EUR
ORD122295,28-02-2024,BR98,Germany,Berlin,CUST5406,PROD653,TV,LG OLED 48,Sony,2,143,0.17,0.18,280.11,UPI,Online,EMP860,2,1,Express,4,INR
ORD122296,19-10-2023,BR109,UAE,Abu Dhabi,CUST8108,PROD263,Accessories,Bluetooth Headphones,Apple,5,1713.7,0.27,0.18,7380.91,Debit Card,In-Store,EMP242,1,1,Same Day,10,EUR
ORD122297,08-12-2023,BR112,India,Mumbai,CUST7873,PROD772,Accessories,Keyboard,Dell,5,1661.24,0.12,0.18,8625.16,Debit Card,In-Store,EMP504,3,0,Same Day,7,EUR
ORD122298,19-10-2023,BR82,USA,Dallas,CUST3262,PROD517,Laptop,Dell XPS 13,Lenovo,1,1352.15,0.06,0.18,1499.8,Debit Card,In-Store,EMP264,2,1,Express,2,EUR
ORD122299,25-09-2023,BR5,UAE,Dubai,CUST8985,PROD244,Tablet,Samsung Galaxy Tab,Lenovo,1,1504.05,0,0.18,1774.78,Net Banking,Online,EMP808,2,1,Same Day,6,EUR
ORD122300,29-06-2024,BR47,UK,Manchester,CUST2904,PROD362,Laptop,HP Spectre x360,Lenovo,1,970.55,0.16,0.18,962.01,UPI,In-Store,EMP359,3,1,Express,3,EUR
ORD122301,01-12-2024,BR4,UAE,Dubai,CUST7983,PROD409,Laptop,MacBook Air M2,LG,4,1484.03,0.16,0.18,5883.88,UPI,In-Store,EMP318,1,0,Standard,5,USD
ORD122302,29-07-2024,BR86,USA,Dallas,CUST5489,PROD524,Tablet,Samsung Galaxy Tab,LG,3,1327.22,0.21,0.18,3711.7,Net Banking,In-Store,EMP997,2,1,Same Day,3,GBP
ORD122303,25-01-2023,BR8,India,Pune,CUST8508,PROD868,Accessories,Keyboard,HP,2,672.31,0.01,0.18,1570.79,Cash,Online,EMP958,2,1,Standard,5,USD
ORD122304,31-08-2023,BR29,UK,Manchester,CUST2984,PROD534,Mobile,OnePlus 11,Samsung,3,593.06,0.14,0.18,1805.51,Cash,In-Store,EMP977,0,1,Same Day,2,INR
ORD122305,16-04-2023,BR93,Germany,Munich,CUST3031,PROD378,TV,Samsung QLED 50,HP,2,1909.7,0.04,0.18,4326.62,Net Banking,In-Store,EMP462,3,1,Standard,6,INR
ORD122306,14-08-2023,BR25,USA,Dallas,CUST4478,PROD754,Tablet,Lenovo Tab P11,Samsung,3,536.48,0.04,0.18,1823.17,UPI,In-Store,EMP202,2,0,Express,2,USD
ORD122307,04-08-2023,BR21,UAE,Dubai,CUST8050,PROD903,TV,LG OLED 48,OnePlus,3,911.25,0.24,0.18,2451.63,Net Banking,In-Store,EMP646,1,1,Express,3,USD
ORD122308,17-06-2024,BR118,India,Pune,CUST9893,PROD763,Tablet,Lenovo Tab P11,LG,3,1397.62,0.01,0.18,4898.1,Net Banking,Online,EMP480,3,0,Standard,5,GBP
ORD122309,03-08-2024,BR94,UK,Manchester,CUST6642,PROD337,Mobile,Samsung Galaxy S23,Lenovo,2,482.5,0.21,0.18,899.57,UPI,In-Store,EMP410,1,0,Standard,9,GBP
ORD122310,09-10-2024,BR73,India,Mumbai,CUST9373,PROD998,Tablet,Lenovo Tab P11,OnePlus,2,616.8,0.07,0.18,1353.75,Net Banking,In-Store,EMP911,1,0,Same Day,2,AED
ORD122311,28-09-2024,BR47,India,Pune,CUST9688,PROD409,Tablet,Lenovo Tab P11,Apple,4,540.87,0.22,0.18,1991.27,Debit Card,Online,EMP514,2,1,Same Day,9,USD
ORD122312,08-05-2024,BR111,UAE,Abu Dhabi,CUST6909,PROD751,Mobile,iPhone 14,LG,1,315.78,0.23,0.18,286.92,Net Banking,Online,EMP398,2,1,Standard,4,GBP
ORD122313,15-03-2023,BR52,UAE,Abu Dhabi,CUST3556,PROD881,Accessories,Wireless Mouse,Lenovo,2,1147.06,0.29,0.18,1922.01,Credit Card,Online,EMP653,0,0,Express,10,GBP
ORD122314,15-03-2023,BR65,UAE,Abu Dhabi,CUST6112,PROD605,Tablet,iPad Air,Sony,1,1268.29,0.16,0.18,1257.13,Cash,Online,EMP413,3,0,Express,8,EUR
ORD122315,13-11-2024,BR2,Germany,Hamburg,CUST1876,PROD725,Accessories,Bluetooth Headphones,Dell,5,285.41,0.04,0.18,1616.56,Credit Card,Online,EMP779,1,0,Same Day,6,USD
ORD122316,30-06-2023,BR58,India,Bangalore,CUST1084,PROD148,Laptop,HP Spectre x360,OnePlus,4,387.25,0.18,0.18,1498.81,UPI,Online,EMP694,1,1,Standard,1,EUR
ORD122317,08-04-2023,BR65,USA,Los Angeles,CUST4571,PROD132,Mobile,iPhone 14,Sony,3,321.4,0.17,0.18,944.34,Debit Card,In-Store,EMP956,2,0,Express,6,USD
ORD122318,05-08-2023,BR39,Germany,Munich,CUST1444,PROD808,Tablet,iPad Air,Apple,5,320.52,0.12,0.18,1664.14,Credit Card,In-Store,EMP317,3,1,Same Day,1,EUR
ORD122319,29-04-2023,BR92,UK,Manchester,CUST4659,PROD236,Mobile,Samsung Galaxy S23,Lenovo,5,589.2,0.08,0.18,3198.18,Cash,Online,EMP892,1,1,Express,9,USD
ORD122320,06-05-2023,BR33,India,Delhi,CUST9888,PROD162,Mobile,Samsung Galaxy S23,Sony,4,698.58,0.29,0.18,2341.08,Net Banking,In-Store,EMP656,2,0,Same Day,8,USD
ORD122321,12-11-2023,BR94,Germany,Hamburg,CUST7420,PROD567,Laptop,HP Spectre x360,Lenovo,1,809.23,0.15,0.18,811.66,Credit Card,In-Store,EMP575,3,0,Express,5,EUR
ORD122322,28-08-2023,BR75,India,Pune,CUST6091,PROD343,TV,Sony Bravia 55,Sony,2,141.33,0.15,0.18,283.51,UPI,In-Store,EMP876,3,0,Same Day,1,EUR
ORD122323,05-11-2023,BR50,Germany,Berlin,CUST5660,PROD340,Tablet,iPad Air,OnePlus,3,1162.7,0.11,0.18,3663.2,Net Banking,In-Store,EMP480,0,1,Same Day,4,EUR
ORD122324,06-02-2023,BR78,Germany,Hamburg,CUST9209,PROD455,Tablet,Lenovo Tab P11,Dell,1,1895.71,0.1,0.18,2013.24,Debit Card,Online,EMP706,2,0,Same Day,2,GBP
ORD122325,12-10-2023,BR111,USA,New York,CUST5558,PROD689,Tablet,iPad Air,HP,4,1277.09,0.18,0.18,4942.85,UPI,In-Store,EMP811,0,1,Standard,7,AED
ORD122326,22-05-2024,BR41,USA,Chicago,CUST9946,PROD631,Tablet,Lenovo Tab P11,Sony,3,1549.69,0.06,0.18,5156.75,Net Banking,Online,EMP956,0,0,Express,3,INR
ORD122327,23-05-2023,BR116,Germany,Munich,CUST1827,PROD421,Tablet,Samsung Galaxy Tab,Apple,1,1995.14,0.16,0.18,1977.58,Cash,In-Store,EMP749,0,0,Same Day,3,USD
ORD122328,16-12-2024,BR1,USA,Dallas,CUST6994,PROD603,TV,Samsung QLED 50,OnePlus,3,702.48,0.03,0.18,2412.18,Net Banking,In-Store,EMP529,2,1,Standard,6,GBP
ORD122329,10-12-2023,BR63,India,Mumbai,CUST9015,PROD318,Accessories,Keyboard,OnePlus,4,1555.95,0.01,0.18,7270.64,UPI,Online,EMP220,2,1,Standard,9,USD
ORD122330,17-07-2024,BR42,USA,Dallas,CUST9133,PROD731,Accessories,Bluetooth Headphones,OnePlus,3,1046.26,0.12,0.18,3259.31,Debit Card,Online,EMP867,0,1,Express,2,USD
ORD122331,16-05-2024,BR97,USA,Chicago,CUST8380,PROD769,Accessories,Keyboard,Apple,4,1992.74,0.3,0.18,6584.01,Debit Card,Online,EMP502,1,1,Express,5,GBP
ORD122332,24-10-2023,BR19,UK,Birmingham,CUST6812,PROD283,Accessories,Keyboard,LG,3,364.53,0.08,0.18,1187.2,Credit Card,Online,EMP399,3,1,Express,4,INR
ORD122333,03-08-2023,BR1,UK,Birmingham,CUST3148,PROD223,Mobile,OnePlus 11,OnePlus,4,412.94,0,0.18,1949.08,Debit Card,Online,EMP681,0,1,Express,10,EUR
ORD122334,10-04-2024,BR118,UK,Manchester,CUST1673,PROD778,Tablet,Samsung Galaxy Tab,Dell,2,227.36,0.05,0.18,509.74,Cash,In-Store,EMP677,2,0,Standard,2,EUR
ORD122335,03-08-2023,BR15,Germany,Berlin,CUST8304,PROD185,Accessories,Keyboard,Sony,4,1326.85,0.04,0.18,6012.22,Cash,Online,EMP963,3,0,Express,9,GBP
ORD122336,03-07-2024,BR10,UK,Manchester,CUST8804,PROD963,Laptop,HP Spectre x360,LG,5,539.44,0.3,0.18,2227.89,UPI,Online,EMP684,2,0,Express,7,GBP
ORD122337,14-11-2024,BR66,UK,Birmingham,CUST4825,PROD850,Mobile,iPhone 14,Lenovo,2,587.82,0.25,0.18,1040.44,Cash,Online,EMP648,3,0,Express,5,AED
ORD122338,24-07-2024,BR66,UK,Manchester,CUST3789,PROD130,Laptop,HP Spectre x360,Dell,3,991.52,0.03,0.18,3404.68,Credit Card,In-Store,EMP297,3,0,Express,5,EUR
ORD122339,15-04-2023,BR88,USA,Chicago,CUST6694,PROD669,Laptop,Dell XPS 13,Dell,4,1575.06,0.11,0.18,6616.51,Net Banking,Online,EMP967,2,1,Standard,2,AED
ORD122340,11-05-2023,BR102,UK,London,CUST8090,PROD247,Mobile,Samsung Galaxy S23,Samsung,5,1456.61,0.02,0.18,8422.12,Net Banking,Online,EMP407,1,0,Express,9,INR
ORD122341,31-07-2023,BR96,Germany,Berlin,CUST1036,PROD758,Tablet,iPad Air,Sony,2,532.42,0.08,0.18,1155.99,Debit Card,In-Store,EMP332,1,1,Same Day,6,GBP
ORD122342,14-11-2023,BR112,USA,Dallas,CUST4304,PROD319,Laptop,MacBook Air M2,Lenovo,5,695.51,0.11,0.18,3652.12,UPI,Online,EMP230,1,1,Standard,3,INR
ORD122343,12-10-2024,BR54,India,Delhi,CUST4051,PROD127,Accessories,Keyboard,HP,2,413.19,0.21,0.18,770.35,Net Banking,In-Store,EMP891,3,1,Express,1,EUR
ORD122344,10-05-2023,BR36,India,Pune,CUST5568,PROD912,Accessories,Wireless Mouse,Lenovo,1,468.15,0.08,0.18,508.22,Net Banking,Online,EMP631,3,0,Express,7,INR
ORD122345,20-02-2024,BR22,Germany,Hamburg,CUST9158,PROD684,Laptop,HP Spectre x360,Sony,2,371.89,0.02,0.18,860.11,Debit Card,Online,EMP798,3,0,Express,10,GBP
ORD122346,08-09-2024,BR82,UK,Birmingham,CUST4158,PROD671,Accessories,Bluetooth Headphones,Dell,1,1215.82,0.1,0.18,1291.2,UPI,Online,EMP639,3,1,Same Day,3,AED
ORD122347,05-07-2023,BR21,UAE,Abu Dhabi,CUST2662,PROD554,TV,Sony Bravia 55,Dell,4,1204.51,0.15,0.18,4832.49,Credit Card,Online,EMP441,3,1,Standard,4,AED
ORD122348,21-07-2023,BR4,UAE,Dubai,CUST4150,PROD246,Tablet,iPad Air,Lenovo,3,1361.8,0.27,0.18,3519.16,Debit Card,Online,EMP285,2,1,Standard,1,AED
ORD122349,15-07-2024,BR101,UAE,Abu Dhabi,CUST5395,PROD726,Tablet,Samsung Galaxy Tab,LG,5,298.67,0.24,0.18,1339.24,UPI,Online,EMP427,0,0,Express,2,EUR
ORD122350,14-11-2023,BR71,UAE,Dubai,CUST6173,PROD624,Tablet,Samsung Galaxy Tab,Dell,5,122.82,0.01,0.18,717.39,Credit Card,In-Store,EMP245,1,0,Same Day,2,USD
ORD122351,27-12-2024,BR7,Germany,Munich,CUST2888,PROD353,Accessories,Keyboard,Sony,4,1293.43,0.14,0.18,5250.29,UPI,Online,EMP694,1,0,Express,5,EUR
ORD122352,25-06-2023,BR7,Germany,Munich,CUST7764,PROD250,TV,Sony Bravia 55,Lenovo,5,1426.97,0.23,0.18,6482.72,Credit Card,In-Store,EMP372,2,0,Express,7,INR
ORD122353,03-05-2024,BR80,USA,Chicago,CUST1637,PROD857,Tablet,Samsung Galaxy Tab,Samsung,5,1875.89,0.05,0.18,10514.36,Net Banking,Online,EMP204,2,1,Same Day,1,INR
ORD122354,02-04-2024,BR109,Germany,Hamburg,CUST8448,PROD281,Tablet,iPad Air,HP,3,1627.06,0.14,0.18,4953.42,Credit Card,In-Store,EMP533,2,1,Same Day,10,USD
ORD122355,24-07-2024,BR78,India,Bangalore,CUST9075,PROD721,Accessories,Keyboard,Sony,4,1092.97,0.03,0.18,5004.05,Net Banking,In-Store,EMP545,3,0,Express,1,USD
ORD122356,19-05-2024,BR64,India,Pune,CUST9718,PROD646,Accessories,Bluetooth Headphones,OnePlus,5,210.74,0.02,0.18,1218.5,UPI,Online,EMP840,2,0,Same Day,6,EUR
ORD122357,12-04-2024,BR57,USA,Dallas,CUST9763,PROD542,Tablet,Samsung Galaxy Tab,Dell,5,1745.11,0.22,0.18,8031,Net Banking,Online,EMP958,0,1,Same Day,10,INR
ORD122358,01-02-2023,BR54,UK,Birmingham,CUST1311,PROD967,Laptop,MacBook Air M2,Lenovo,1,878.36,0.15,0.18,881,Cash,In-Store,EMP772,1,1,Standard,4,EUR
ORD122359,02-06-2023,BR102,Germany,Berlin,CUST1578,PROD748,Mobile,iPhone 14,OnePlus,3,703.16,0.24,0.18,1891.78,Net Banking,In-Store,EMP984,2,1,Express,8,AED
ORD122360,04-11-2023,BR102,UAE,Abu Dhabi,CUST3546,PROD691,Tablet,Lenovo Tab P11,Apple,1,1787.61,0.21,0.18,1666.41,Net Banking,In-Store,EMP645,1,1,Same Day,1,AED
ORD122361,13-11-2024,BR1,India,Pune,CUST7821,PROD157,Accessories,Bluetooth Headphones,OnePlus,5,660.81,0.14,0.18,3352.95,Net Banking,Online,EMP753,3,1,Same Day,6,EUR
ORD122362,28-04-2024,BR32,India,Mumbai,CUST7022,PROD208,Mobile,iPhone 14,Samsung,1,323.62,0.16,0.18,320.77,Credit Card,Online,EMP990,3,1,Standard,5,EUR
ORD122363,04-11-2023,BR89,USA,Dallas,CUST2940,PROD915,TV,Samsung QLED 50,Apple,1,785.53,0.16,0.18,778.62,Credit Card,In-Store,EMP659,1,0,Same Day,8,INR
ORD122364,03-08-2024,BR19,India,Bangalore,CUST5710,PROD364,Laptop,MacBook Air M2,OnePlus,5,1952.19,0.04,0.18,11057.2,Net Banking,In-Store,EMP934,2,1,Standard,8,EUR
ORD122365,28-08-2024,BR50,UAE,Abu Dhabi,CUST9957,PROD942,Accessories,Bluetooth Headphones,Lenovo,4,1159.73,0.09,0.18,4981.27,Credit Card,In-Store,EMP504,1,0,Same Day,9,INR
ORD122366,25-08-2024,BR49,UAE,Abu Dhabi,CUST6608,PROD757,Laptop,HP Spectre x360,Samsung,3,1403.68,0.13,0.18,4323.05,Debit Card,Online,EMP794,3,0,Express,10,EUR
ORD122367,11-12-2024,BR61,India,Pune,CUST3710,PROD359,Mobile,OnePlus 11,LG,5,591.86,0.04,0.18,3352.3,Debit Card,In-Store,EMP252,2,0,Same Day,7,GBP
ORD122368,11-05-2023,BR101,India,Delhi,CUST1766,PROD887,Accessories,Keyboard,Samsung,1,320.8,0.24,0.18,287.69,UPI,Online,EMP836,2,0,Express,9,USD
ORD122369,21-03-2023,BR67,UAE,Abu Dhabi,CUST6383,PROD804,TV,Samsung QLED 50,LG,2,1234.34,0.08,0.18,2680,UPI,In-Store,EMP458,3,0,Standard,10,INR
ORD122370,03-05-2023,BR31,UAE,Abu Dhabi,CUST9614,PROD664,Laptop,HP Spectre x360,LG,2,1422,0.26,0.18,2483.38,Credit Card,In-Store,EMP452,0,0,Standard,8,INR
ORD122371,05-06-2024,BR40,India,Bangalore,CUST2812,PROD920,Tablet,Lenovo Tab P11,Lenovo,4,715.43,0.11,0.18,3005.38,Credit Card,In-Store,EMP467,0,0,Standard,1,EUR
ORD122372,29-07-2023,BR74,UK,London,CUST2154,PROD827,Laptop,MacBook Air M2,Dell,1,73.73,0.27,0.18,63.51,Debit Card,In-Store,EMP535,3,0,Same Day,8,AED
ORD122373,01-03-2024,BR77,UAE,Abu Dhabi,CUST6909,PROD146,Tablet,Samsung Galaxy Tab,HP,3,691.85,0.13,0.18,2130.76,Cash,In-Store,EMP519,2,0,Standard,7,USD
ORD122374,22-09-2024,BR35,UAE,Abu Dhabi,CUST5746,PROD888,Laptop,HP Spectre x360,Lenovo,2,196.86,0.17,0.18,385.61,Credit Card,In-Store,EMP508,1,1,Same Day,7,INR
ORD122375,17-01-2024,BR39,Germany,Munich,CUST4821,PROD788,Tablet,Samsung Galaxy Tab,LG,1,945.35,0.09,0.18,1015.12,UPI,Online,EMP464,3,1,Standard,3,GBP
ORD122376,03-01-2024,BR20,UK,Birmingham,CUST1645,PROD958,Laptop,MacBook Air M2,Dell,4,1437.15,0.17,0.18,5630.18,UPI,Online,EMP683,1,0,Same Day,1,EUR
ORD122377,07-08-2024,BR86,UK,Manchester,CUST8631,PROD980,Accessories,Bluetooth Headphones,Samsung,4,1436.02,0,0.18,6778.01,Cash,Online,EMP588,0,0,Same Day,8,EUR
ORD122378,28-07-2024,BR62,UAE,Dubai,CUST6015,PROD773,Mobile,OnePlus 11,Apple,2,911.53,0.29,0.18,1527.36,Debit Card,In-Store,EMP319,2,0,Same Day,6,USD
ORD122379,27-08-2024,BR1,Germany,Munich,CUST7421,PROD641,Mobile,Samsung Galaxy S23,Dell,3,527.15,0.16,0.18,1567.53,Debit Card,Online,EMP357,2,1,Express,10,USD
ORD122380,26-02-2023,BR26,UK,Manchester,CUST6955,PROD308,Tablet,Samsung Galaxy Tab,Samsung,4,1060.54,0.08,0.18,4605.29,Credit Card,Online,EMP399,1,0,Standard,10,AED
ORD122381,15-07-2023,BR66,UAE,Dubai,CUST3544,PROD718,Tablet,Lenovo Tab P11,Lenovo,5,1275.93,0.17,0.18,6248.23,Net Banking,In-Store,EMP740,0,1,Same Day,6,GBP
ORD122382,25-12-2024,BR116,UAE,Dubai,CUST3061,PROD764,Tablet,Samsung Galaxy Tab,Apple,2,1680.08,0.11,0.18,3528.84,Debit Card,In-Store,EMP463,2,0,Same Day,3,INR
ORD122383,26-02-2023,BR18,USA,Dallas,CUST7675,PROD618,Tablet,Samsung Galaxy Tab,Sony,5,426.91,0.22,0.18,1964.64,UPI,In-Store,EMP872,3,0,Same Day,7,USD
ORD122384,13-10-2024,BR92,UAE,Dubai,CUST9247,PROD245,Laptop,MacBook Air M2,LG,5,1097.4,0.28,0.18,4661.76,Credit Card,In-Store,EMP998,2,0,Express,5,USD
ORD122385,22-04-2024,BR119,UAE,Abu Dhabi,CUST9526,PROD912,TV,Sony Bravia 55,HP,5,527.41,0.23,0.18,2396.02,UPI,In-Store,EMP593,0,1,Standard,8,EUR
ORD122386,20-08-2024,BR120,India,Delhi,CUST1512,PROD654,Laptop,MacBook Air M2,Samsung,5,1247.46,0.06,0.18,6918.41,Debit Card,Online,EMP729,1,1,Same Day,7,GBP
ORD122387,05-07-2024,BR46,Germany,Hamburg,CUST8718,PROD687,Tablet,iPad Air,LG,4,1471.46,0.19,0.18,5625.69,Credit Card,Online,EMP904,1,1,Same Day,5,EUR
ORD122388,28-03-2024,BR58,USA,New York,CUST8047,PROD249,Tablet,iPad Air,OnePlus,5,751.27,0,0.18,4432.49,Cash,In-Store,EMP968,3,0,Same Day,4,USD
ORD122389,17-04-2023,BR48,UK,London,CUST6683,PROD514,Mobile,iPhone 14,OnePlus,4,1544.21,0.2,0.18,5830.94,UPI,Online,EMP942,2,1,Express,3,INR
ORD122390,02-10-2023,BR66,India,Mumbai,CUST5402,PROD178,TV,Samsung QLED 50,Lenovo,1,965.91,0.11,0.18,1014.4,UPI,In-Store,EMP495,3,0,Standard,4,USD
ORD122391,27-09-2024,BR8,Germany,Munich,CUST9474,PROD806,Laptop,MacBook Air M2,Dell,3,1605.21,0.23,0.18,4375.48,Debit Card,Online,EMP428,2,0,Same Day,4,AED
ORD122392,27-06-2024,BR64,UK,Manchester,CUST8694,PROD815,Tablet,iPad Air,Sony,1,630.65,0.03,0.18,721.84,UPI,Online,EMP351,2,1,Standard,10,EUR
ORD122393,12-05-2024,BR65,India,Bangalore,CUST5398,PROD316,Mobile,Samsung Galaxy S23,OnePlus,5,881.81,0.19,0.18,4214.17,Credit Card,Online,EMP893,2,1,Express,4,INR
ORD122394,11-11-2023,BR11,USA,Los Angeles,CUST6768,PROD524,Accessories,Bluetooth Headphones,Apple,2,1283.74,0.16,0.18,2544.89,Debit Card,In-Store,EMP423,3,0,Express,10,AED
ORD122395,03-10-2024,BR58,UK,London,CUST9832,PROD458,Mobile,iPhone 14,Lenovo,5,1038.68,0.23,0.18,4718.72,Cash,Online,EMP654,2,1,Express,2,EUR
ORD122396,05-03-2024,BR40,Germany,Munich,CUST7748,PROD637,Laptop,MacBook Air M2,Samsung,4,781.77,0.15,0.18,3136.46,Cash,Online,EMP900,2,0,Standard,4,EUR
ORD122397,02-12-2023,BR44,India,Mumbai,CUST7287,PROD752,Tablet,iPad Air,Apple,4,915.43,0.06,0.18,4061.58,Credit Card,Online,EMP664,1,1,Express,5,INR
ORD122398,13-03-2024,BR89,UAE,Abu Dhabi,CUST2922,PROD353,Laptop,MacBook Air M2,OnePlus,5,362.31,0.01,0.18,2116.25,Debit Card,In-Store,EMP293,2,0,Express,2,EUR
ORD122399,23-06-2023,BR88,India,Mumbai,CUST9887,PROD720,Laptop,Dell XPS 13,Sony,3,1114.69,0.26,0.18,2920.04,Credit Card,In-Store,EMP229,3,0,Express,7,INR
ORD122400,09-08-2023,BR98,UK,Manchester,CUST8676,PROD777,Laptop,Dell XPS 13,HP,5,276.32,0.14,0.18,1402.05,Net Banking,In-Store,EMP313,1,0,Express,7,EUR
ORD122401,27-03-2024,BR56,Germany,Hamburg,CUST3005,PROD914,Accessories,Keyboard,OnePlus,1,274.68,0.24,0.18,246.33,Credit Card,Online,EMP334,2,0,Standard,8,GBP
ORD122402,03-08-2023,BR93,USA,Los Angeles,CUST4618,PROD262,TV,Samsung QLED 50,HP,4,1399.93,0.07,0.18,6145.13,Net Banking,In-Store,EMP629,2,0,Same Day,8,GBP
ORD122403,01-05-2024,BR43,UK,London,CUST1751,PROD345,Tablet,Lenovo Tab P11,Lenovo,5,1263.05,0.29,0.18,5290.92,Credit Card,In-Store,EMP660,3,0,Standard,6,USD
ORD122404,24-07-2023,BR116,India,Bangalore,CUST8885,PROD704,TV,Samsung QLED 50,Samsung,3,1163.99,0.02,0.18,4038.11,Debit Card,In-Store,EMP745,3,1,Same Day,9,INR
ORD122405,31-08-2024,BR21,Germany,Hamburg,CUST6908,PROD436,Laptop,Dell XPS 13,Lenovo,4,980.65,0.23,0.18,3564.07,Cash,Online,EMP697,0,1,Standard,3,AED
ORD122406,30-09-2024,BR35,Germany,Berlin,CUST6832,PROD153,TV,Samsung QLED 50,Lenovo,2,1797.58,0.02,0.18,4157.44,UPI,Online,EMP819,2,1,Standard,3,USD
ORD122407,20-04-2024,BR34,UK,Manchester,CUST6721,PROD170,Laptop,Dell XPS 13,Apple,2,568.92,0.05,0.18,1275.52,Debit Card,In-Store,EMP317,0,0,Standard,5,EUR
ORD122408,25-09-2024,BR14,USA,Dallas,CUST2205,PROD673,Mobile,iPhone 14,Sony,3,119.61,0.07,0.18,393.78,Debit Card,Online,EMP240,0,1,Standard,2,AED
ORD122409,21-10-2024,BR9,India,Mumbai,CUST4918,PROD703,Accessories,Wireless Mouse,Apple,5,350.27,0.13,0.18,1797.94,Cash,Online,EMP525,3,1,Express,10,AED
ORD122410,15-09-2023,BR27,India,Delhi,CUST5029,PROD718,Mobile,iPhone 14,Sony,3,79.49,0.14,0.18,242,Debit Card,Online,EMP596,0,0,Same Day,3,AED
ORD122411,05-06-2024,BR103,USA,New York,CUST2578,PROD870,Tablet,Lenovo Tab P11,Apple,3,1659.15,0.01,0.18,5814.66,Debit Card,In-Store,EMP929,3,1,Standard,3,INR
ORD122412,07-05-2023,BR30,USA,Dallas,CUST9097,PROD932,Mobile,Samsung Galaxy S23,LG,2,1182.7,0.19,0.18,2260.85,Debit Card,Online,EMP417,3,1,Express,9,AED
ORD122413,26-05-2023,BR25,UAE,Dubai,CUST4368,PROD222,Laptop,HP Spectre x360,OnePlus,5,1501.47,0.14,0.18,7618.46,UPI,Online,EMP952,1,0,Express,8,INR
ORD122414,17-09-2023,BR42,UK,London,CUST2755,PROD798,Laptop,HP Spectre x360,HP,4,1566.26,0.04,0.18,7097.04,Cash,In-Store,EMP832,2,0,Express,10,GBP
ORD122415,29-12-2024,BR113,Germany,Munich,CUST6016,PROD929,Accessories,Wireless Mouse,Sony,3,1724.19,0.24,0.18,4638.76,UPI,In-Store,EMP684,1,0,Standard,2,INR
ORD122416,06-04-2023,BR8,Germany,Munich,CUST2229,PROD867,Tablet,iPad Air,Dell,4,924.01,0.11,0.18,3881.58,UPI,Online,EMP385,1,1,Express,10,INR
ORD122417,26-11-2024,BR61,Germany,Berlin,CUST9863,PROD850,Tablet,iPad Air,LG,3,1104.03,0.2,0.18,3126.61,Cash,Online,EMP512,3,1,Same Day,5,INR
ORD122418,21-06-2024,BR66,USA,Chicago,CUST4648,PROD640,Mobile,OnePlus 11,HP,5,1487.87,0.2,0.18,7022.75,Credit Card,Online,EMP792,2,1,Same Day,8,AED
ORD122419,12-10-2024,BR18,UK,London,CUST8021,PROD389,Tablet,Samsung Galaxy Tab,LG,3,700.49,0.27,0.18,1810.21,Debit Card,In-Store,EMP274,3,1,Standard,9,USD
ORD122420,19-04-2024,BR109,UAE,Dubai,CUST3258,PROD860,Tablet,iPad Air,Lenovo,5,91.73,0.1,0.18,487.09,UPI,Online,EMP653,3,0,Express,6,INR
ORD122421,24-11-2023,BR53,USA,New York,CUST3032,PROD253,Mobile,iPhone 14,Sony,3,886.09,0.28,0.18,2258.47,UPI,In-Store,EMP339,0,1,Same Day,3,GBP
ORD122422,24-08-2024,BR45,UAE,Dubai,CUST4372,PROD643,Mobile,OnePlus 11,HP,4,1437.37,0.17,0.18,5631.04,UPI,In-Store,EMP619,3,0,Express,9,INR
ORD122423,06-02-2023,BR37,UAE,Abu Dhabi,CUST8287,PROD675,Tablet,iPad Air,Apple,1,1191.17,0.24,0.18,1068.24,Debit Card,In-Store,EMP305,0,1,Standard,2,INR
ORD122424,10-06-2024,BR8,UAE,Abu Dhabi,CUST8464,PROD891,Laptop,Dell XPS 13,Apple,3,1103.58,0.29,0.18,2773.74,Net Banking,In-Store,EMP577,1,1,Standard,5,USD
ORD122425,22-06-2024,BR99,Germany,Berlin,CUST8314,PROD405,Tablet,Lenovo Tab P11,Lenovo,1,78.77,0.05,0.18,88.3,Net Banking,In-Store,EMP709,3,0,Standard,9,EUR
ORD122426,28-08-2023,BR10,Germany,Hamburg,CUST1196,PROD322,Mobile,OnePlus 11,LG,2,89.02,0.23,0.18,161.77,Net Banking,In-Store,EMP831,1,1,Same Day,8,USD
ORD122427,01-10-2024,BR12,India,Bangalore,CUST2442,PROD343,Mobile,iPhone 14,Samsung,1,818.55,0.08,0.18,888.62,Net Banking,Online,EMP240,0,1,Same Day,3,AED
ORD122428,29-04-2023,BR18,UAE,Dubai,CUST3060,PROD782,Mobile,Samsung Galaxy S23,HP,5,858.45,0.03,0.18,4912.91,Net Banking,Online,EMP450,2,0,Standard,3,EUR
ORD122429,30-04-2023,BR5,India,Pune,CUST3750,PROD634,Accessories,Wireless Mouse,Sony,1,295.44,0.19,0.18,282.38,Credit Card,Online,EMP444,0,1,Express,9,AED
ORD122430,12-10-2024,BR106,UAE,Abu Dhabi,CUST4595,PROD739,Accessories,Keyboard,Lenovo,5,1046.95,0.05,0.18,5868.15,Cash,In-Store,EMP779,1,1,Express,4,GBP
ORD122431,15-11-2024,BR3,Germany,Berlin,CUST3133,PROD438,Accessories,Wireless Mouse,LG,1,1018.21,0.19,0.18,973.21,Debit Card,In-Store,EMP552,1,1,Standard,9,INR
ORD122432,09-11-2024,BR95,India,Delhi,CUST9480,PROD654,Laptop,Dell XPS 13,Sony,3,1785.79,0,0.18,6321.7,Credit Card,In-Store,EMP708,0,1,Express,4,AED
ORD122433,29-08-2023,BR40,India,Delhi,CUST5850,PROD896,Mobile,Samsung Galaxy S23,LG,1,1174.14,0.13,0.18,1205.37,Credit Card,In-Store,EMP506,2,1,Same Day,5,USD
ORD122434,19-01-2024,BR53,India,Pune,CUST1602,PROD341,TV,Sony Bravia 55,Dell,4,142.76,0.08,0.18,619.92,Net Banking,Online,EMP496,3,0,Same Day,10,AED
ORD122435,13-07-2023,BR54,UAE,Dubai,CUST7382,PROD473,Laptop,MacBook Air M2,Sony,2,1639.6,0.1,0.18,3482.51,Net Banking,In-Store,EMP498,0,0,Standard,10,USD
ORD122436,09-12-2024,BR108,India,Pune,CUST1167,PROD618,Tablet,Samsung Galaxy Tab,Apple,4,1412.35,0.1,0.18,5999.66,Credit Card,Online,EMP269,2,0,Standard,10,GBP
ORD122437,23-06-2023,BR82,India,Delhi,CUST2535,PROD195,Laptop,HP Spectre x360,Apple,1,713.73,0.02,0.18,825.36,Net Banking,Online,EMP656,2,0,Standard,9,INR
ORD122438,03-09-2023,BR26,USA,Dallas,CUST9738,PROD118,Laptop,MacBook Air M2,Dell,3,1769.89,0.11,0.18,5576.22,Debit Card,Online,EMP950,0,0,Same Day,9,EUR
ORD122439,30-06-2024,BR2,UK,Manchester,CUST9194,PROD327,Laptop,HP Spectre x360,Samsung,1,578.48,0.27,0.18,498.3,Cash,Online,EMP250,2,1,Standard,8,USD
ORD122440,16-08-2024,BR116,India,Delhi,CUST4024,PROD925,Tablet,iPad Air,Apple,4,1849.07,0.28,0.18,6283.88,UPI,Online,EMP792,2,1,Same Day,3,INR
ORD122441,08-01-2024,BR103,India,Bangalore,CUST9078,PROD121,Mobile,iPhone 14,LG,4,1415.54,0.21,0.18,5278.27,Credit Card,In-Store,EMP689,2,0,Standard,5,EUR
ORD122442,17-07-2023,BR27,USA,New York,CUST2912,PROD932,TV,LG OLED 48,Apple,1,1107.09,0.17,0.18,1084.28,Debit Card,Online,EMP567,0,0,Same Day,10,USD
ORD122443,17-11-2024,BR115,India,Pune,CUST1524,PROD840,TV,LG OLED 48,Dell,5,94.37,0.04,0.18,534.51,Cash,Online,EMP243,3,1,Same Day,2,USD
ORD122444,27-10-2023,BR45,Germany,Hamburg,CUST4938,PROD641,TV,Sony Bravia 55,Apple,5,991.11,0.09,0.18,5321.27,Debit Card,In-Store,EMP682,1,0,Same Day,6,INR
ORD122445,20-09-2023,BR91,USA,Dallas,CUST2684,PROD891,Tablet,Samsung Galaxy Tab,HP,1,1743.67,0.17,0.18,1707.75,Cash,In-Store,EMP714,3,0,Express,1,GBP
ORD122446,06-02-2024,BR17,Germany,Munich,CUST7120,PROD111,Laptop,HP Spectre x360,LG,3,1116.98,0,0.18,3954.11,Debit Card,Online,EMP886,0,0,Same Day,8,USD
ORD122447,28-03-2024,BR10,UK,Birmingham,CUST3743,PROD457,Mobile,iPhone 14,Sony,3,114.93,0.21,0.18,321.41,UPI,Online,EMP329,2,1,Standard,3,USD
ORD122448,27-06-2024,BR77,Germany,Munich,CUST6504,PROD929,TV,Samsung QLED 50,Sony,1,822.23,0.28,0.18,698.57,Debit Card,In-Store,EMP899,1,1,Express,7,AED
ORD122449,15-04-2024,BR33,UAE,Dubai,CUST7403,PROD865,Accessories,Wireless Mouse,HP,1,528.97,0.12,0.18,549.28,Debit Card,In-Store,EMP691,0,0,Same Day,4,EUR
ORD122450,19-04-2024,BR2,USA,Los Angeles,CUST3512,PROD758,Laptop,Dell XPS 13,Sony,2,379.89,0.17,0.18,744.13,Net Banking,Online,EMP952,1,1,Same Day,10,USD
ORD122451,06-06-2024,BR73,UK,Birmingham,CUST9825,PROD724,TV,LG OLED 48,Sony,3,1450.6,0.07,0.18,4775.67,Debit Card,In-Store,EMP351,1,1,Standard,3,INR
ORD122452,31-10-2023,BR18,USA,New York,CUST7709,PROD381,Tablet,iPad Air,Lenovo,1,1735.37,0.09,0.18,1863.44,Net Banking,In-Store,EMP291,2,0,Express,10,USD
ORD122453,30-01-2024,BR23,UK,Birmingham,CUST6427,PROD184,TV,Samsung QLED 50,Sony,3,578.97,0.07,0.18,1906.09,Net Banking,In-Store,EMP291,0,0,Same Day,4,EUR
ORD122454,26-06-2024,BR118,India,Mumbai,CUST4880,PROD950,TV,Sony Bravia 55,HP,5,1890.77,0.22,0.18,8701.32,Net Banking,Online,EMP786,2,1,Express,2,INR
ORD122455,12-08-2023,BR41,India,Pune,CUST8988,PROD980,Accessories,Bluetooth Headphones,Samsung,5,1032.24,0.13,0.18,5298.49,Net Banking,In-Store,EMP521,1,0,Express,10,USD
ORD122456,13-03-2024,BR48,UAE,Dubai,CUST2396,PROD730,Accessories,Wireless Mouse,Dell,2,1109.69,0.24,0.18,1990.34,UPI,Online,EMP624,3,0,Standard,8,INR
ORD122457,30-01-2024,BR114,Germany,Berlin,CUST2955,PROD451,Tablet,Lenovo Tab P11,Sony,3,1723.84,0.21,0.18,4820.89,Credit Card,In-Store,EMP239,1,1,Express,4,USD
ORD122458,15-05-2024,BR86,India,Pune,CUST5894,PROD236,Tablet,Lenovo Tab P11,Apple,5,282.43,0.18,0.18,1366.4,Credit Card,Online,EMP593,2,1,Same Day,2,USD
ORD122459,05-12-2024,BR102,UK,Birmingham,CUST3141,PROD308,Mobile,iPhone 14,Lenovo,5,1300.23,0.05,0.18,7287.79,Credit Card,Online,EMP345,2,0,Express,1,INR
ORD122460,18-11-2023,BR58,UK,London,CUST7697,PROD873,Mobile,iPhone 14,Samsung,2,1746.23,0.01,0.18,4079.89,Net Banking,In-Store,EMP656,0,1,Express,5,EUR
ORD122461,27-07-2024,BR24,UAE,Abu Dhabi,CUST7313,PROD801,Mobile,Samsung Galaxy S23,Dell,1,1862.98,0.04,0.18,2110.38,Cash,In-Store,EMP247,2,1,Standard,10,GBP
ORD122462,17-05-2023,BR81,India,Delhi,CUST5766,PROD322,Accessories,Keyboard,Lenovo,5,420.74,0.23,0.18,1911.42,Credit Card,In-Store,EMP728,3,1,Express,4,AED
ORD122463,29-10-2024,BR69,UAE,Abu Dhabi,CUST3292,PROD489,Mobile,Samsung Galaxy S23,Dell,2,1259.28,0.04,0.18,2853.02,Debit Card,In-Store,EMP953,2,1,Express,9,EUR
ORD122464,18-04-2024,BR55,UK,Manchester,CUST7482,PROD168,Accessories,Wireless Mouse,HP,3,188.57,0.21,0.18,527.35,Net Banking,Online,EMP317,0,1,Standard,9,INR
ORD122465,19-01-2023,BR88,UAE,Dubai,CUST2559,PROD929,Tablet,iPad Air,LG,3,1461.2,0.01,0.18,5120.92,Cash,Online,EMP729,3,0,Same Day,1,USD
ORD122466,08-03-2023,BR110,UAE,Abu Dhabi,CUST1103,PROD463,TV,Samsung QLED 50,OnePlus,4,1083.55,0.26,0.18,3784.62,Credit Card,In-Store,EMP634,0,0,Express,6,AED
ORD122467,07-12-2024,BR84,UAE,Abu Dhabi,CUST4737,PROD115,Accessories,Wireless Mouse,Sony,3,1243.09,0.07,0.18,4092.5,Credit Card,In-Store,EMP492,2,1,Same Day,8,AED
ORD122468,11-06-2024,BR87,UK,London,CUST9899,PROD856,Laptop,MacBook Air M2,Lenovo,3,1238.75,0.1,0.18,3946.66,Cash,In-Store,EMP836,3,0,Same Day,4,INR
ORD122469,21-11-2023,BR15,USA,Los Angeles,CUST1942,PROD467,Mobile,Samsung Galaxy S23,Apple,4,1050.3,0.03,0.18,4808.69,Cash,Online,EMP353,1,0,Express,10,GBP
ORD122470,19-06-2023,BR97,UAE,Dubai,CUST2262,PROD592,Accessories,Keyboard,Dell,5,222,0.14,0.18,1126.43,Net Banking,Online,EMP503,3,1,Standard,3,AED
ORD122471,13-06-2024,BR82,India,Pune,CUST9323,PROD503,Accessories,Wireless Mouse,HP,5,551.81,0.07,0.18,3027.78,UPI,In-Store,EMP497,0,0,Same Day,1,INR
ORD122472,29-05-2024,BR108,UAE,Abu Dhabi,CUST3699,PROD350,Mobile,Samsung Galaxy S23,HP,5,1246.3,0.2,0.18,5882.54,Credit Card,Online,EMP397,1,0,Express,1,GBP
ORD122473,23-12-2024,BR113,Germany,Munich,CUST5638,PROD978,TV,Sony Bravia 55,OnePlus,1,126.33,0.28,0.18,107.33,Debit Card,In-Store,EMP330,0,1,Standard,2,GBP
ORD122474,17-03-2023,BR40,Germany,Berlin,CUST1487,PROD888,Accessories,Keyboard,Dell,1,183.56,0.01,0.18,214.43,UPI,Online,EMP679,2,1,Standard,3,EUR
ORD122475,28-12-2024,BR53,Germany,Berlin,CUST5562,PROD698,Accessories,Wireless Mouse,Sony,1,228.06,0.23,0.18,207.22,Cash,Online,EMP443,2,1,Standard,10,AED
ORD122476,21-12-2024,BR76,India,Pune,CUST4986,PROD685,Tablet,Lenovo Tab P11,OnePlus,2,1308.97,0.07,0.18,2872.93,Cash,Online,EMP688,1,0,Same Day,3,EUR
ORD122477,27-07-2023,BR50,India,Delhi,CUST8324,PROD244,Mobile,OnePlus 11,Apple,4,1527.01,0.27,0.18,5261.47,Cash,In-Store,EMP943,3,0,Express,10,GBP
ORD122478,18-04-2023,BR104,USA,Chicago,CUST6577,PROD503,Accessories,Wireless Mouse,Dell,1,1974.12,0.02,0.18,2282.87,Cash,Online,EMP823,3,0,Same Day,10,EUR
ORD122479,30-10-2023,BR31,UK,Birmingham,CUST9838,PROD863,Mobile,iPhone 14,Sony,3,1687.64,0.26,0.18,4420.94,Cash,In-Store,EMP512,3,0,Express,4,AED
ORD122480,12-05-2024,BR35,USA,Los Angeles,CUST8156,PROD715,Accessories,Keyboard,Dell,3,416.26,0.07,0.18,1370.41,Credit Card,Online,EMP355,2,0,Standard,1,EUR
ORD122481,07-02-2024,BR102,UAE,Abu Dhabi,CUST1757,PROD381,Accessories,Keyboard,Sony,5,1431.53,0.06,0.18,7939.27,Debit Card,Online,EMP742,1,0,Standard,8,EUR
ORD122482,20-05-2024,BR75,Germany,Berlin,CUST1068,PROD511,TV,Sony Bravia 55,Dell,2,1411.91,0.19,0.18,2699.01,Net Banking,Online,EMP589,2,0,Express,6,EUR
ORD122483,06-04-2024,BR104,India,Bangalore,CUST6274,PROD180,Accessories,Wireless Mouse,OnePlus,2,476,0.15,0.18,954.86,UPI,In-Store,EMP230,0,1,Standard,4,INR
ORD122484,28-10-2024,BR13,UK,Manchester,CUST6059,PROD607,Accessories,Keyboard,HP,1,531.35,0.15,0.18,532.94,Net Banking,In-Store,EMP232,2,0,Standard,1,AED
ORD122485,29-07-2024,BR34,Germany,Munich,CUST3683,PROD942,Mobile,OnePlus 11,OnePlus,4,609.25,0.16,0.18,2415.55,Cash,In-Store,EMP432,3,1,Standard,2,AED
ORD122486,20-09-2024,BR73,UAE,Dubai,CUST8300,PROD107,Accessories,Keyboard,OnePlus,4,873.27,0.2,0.18,3297.47,UPI,Online,EMP278,3,1,Same Day,8,GBP
ORD122487,26-04-2024,BR25,Germany,Munich,CUST1579,PROD101,Tablet,Samsung Galaxy Tab,Samsung,4,1981.66,0.21,0.18,7389.21,Credit Card,Online,EMP427,2,1,Same Day,1,AED
ORD122488,18-09-2023,BR73,Germany,Munich,CUST9410,PROD851,Laptop,HP Spectre x360,Sony,5,1889.22,0.05,0.18,10589.08,Credit Card,Online,EMP643,1,0,Standard,4,AED
ORD122489,20-06-2024,BR108,UK,London,CUST8432,PROD532,TV,LG OLED 48,Sony,2,1799.58,0.22,0.18,3312.67,Cash,In-Store,EMP960,1,0,Express,8,AED
ORD122490,04-07-2023,BR87,India,Mumbai,CUST6582,PROD784,Mobile,iPhone 14,Samsung,5,572.93,0.11,0.18,3008.46,Net Banking,In-Store,EMP520,1,0,Same Day,3,GBP
ORD122491,03-04-2024,BR72,UAE,Abu Dhabi,CUST1538,PROD664,Accessories,Keyboard,HP,3,1750.13,0.27,0.18,4522.69,Credit Card,In-Store,EMP511,0,1,Standard,1,USD
ORD122492,16-07-2024,BR95,UK,Manchester,CUST3013,PROD316,Laptop,MacBook Air M2,Dell,3,1255.17,0.02,0.18,4354.44,Cash,Online,EMP446,0,0,Express,6,GBP
ORD122493,02-11-2023,BR33,USA,Los Angeles,CUST9886,PROD315,Accessories,Keyboard,Dell,4,1000.42,0.09,0.18,4297,Net Banking,Online,EMP517,0,1,Standard,3,EUR
ORD122494,16-03-2024,BR52,UK,Birmingham,CUST5707,PROD345,Tablet,Lenovo Tab P11,OnePlus,4,1076.68,0.25,0.18,3811.45,Net Banking,Online,EMP951,3,1,Express,4,GBP
ORD122495,16-02-2023,BR22,USA,Dallas,CUST2654,PROD247,Accessories,Wireless Mouse,Apple,3,855.19,0.24,0.18,2300.8,Credit Card,In-Store,EMP821,1,0,Standard,10,AED
ORD122496,18-01-2024,BR115,UAE,Dubai,CUST9813,PROD310,Tablet,iPad Air,OnePlus,5,1815.04,0.22,0.18,8352.81,Net Banking,Online,EMP274,2,1,Same Day,10,EUR
ORD122497,11-03-2023,BR55,Germany,Berlin,CUST8920,PROD800,Laptop,MacBook Air M2,OnePlus,4,572.12,0.07,0.18,2511.38,Cash,In-Store,EMP741,2,0,Same Day,4,INR
ORD122498,28-02-2023,BR40,USA,Dallas,CUST3241,PROD293,Laptop,HP Spectre x360,Dell,1,1556.93,0.07,0.18,1708.57,UPI,In-Store,EMP327,2,1,Express,10,INR
ORD122499,30-04-2024,BR5,UK,Manchester,CUST4087,PROD171,TV,Samsung QLED 50,HP,2,141.77,0.13,0.18,291.08,Net Banking,In-Store,EMP283,0,1,Express,9,INR
ORD122500,04-09-2024,BR35,USA,Dallas,CUST6255,PROD240,TV,LG OLED 48,Dell,5,237.58,0.04,0.18,1345.65,Debit Card,In-Store,EMP216,0,0,Standard,6,INR
ORD122501,06-11-2023,BR78,USA,Dallas,CUST6299,PROD687,Tablet,iPad Air,Sony,5,1595.04,0.3,0.18,6587.52,Debit Card,In-Store,EMP971,1,0,Standard,2,INR
ORD122502,14-04-2023,BR18,Germany,Berlin,CUST2954,PROD436,Mobile,OnePlus 11,HP,5,973.59,0.01,0.18,5686.74,UPI,In-Store,EMP885,1,1,Same Day,3,GBP
ORD122503,19-02-2024,BR103,India,Delhi,CUST8140,PROD861,TV,Sony Bravia 55,LG,4,1759.62,0.18,0.18,6810.43,Debit Card,Online,EMP765,2,1,Express,2,GBP
ORD122504,22-06-2024,BR40,UK,Birmingham,CUST1553,PROD597,TV,LG OLED 48,Lenovo,5,278.84,0.19,0.18,1332.58,Credit Card,Online,EMP212,3,1,Standard,9,USD
ORD122505,16-03-2023,BR80,UK,Birmingham,CUST4904,PROD983,TV,Sony Bravia 55,Apple,2,1096.91,0.29,0.18,1837.98,Debit Card,In-Store,EMP415,2,1,Express,4,USD
ORD122506,17-10-2024,BR106,USA,Chicago,CUST3118,PROD162,Mobile,iPhone 14,Dell,3,1673.78,0.04,0.18,5688.17,UPI,In-Store,EMP208,2,0,Express,8,GBP
ORD122507,03-04-2023,BR53,USA,Dallas,CUST5639,PROD386,Accessories,Keyboard,LG,5,1700.37,0.02,0.18,9831.54,Credit Card,In-Store,EMP408,1,0,Express,6,GBP
ORD122508,29-08-2023,BR106,Germany,Berlin,CUST1305,PROD718,Mobile,Samsung Galaxy S23,LG,2,604.63,0.29,0.18,1013.12,Credit Card,Online,EMP726,2,0,Standard,7,EUR
ORD122509,04-10-2024,BR31,UK,London,CUST6395,PROD911,Accessories,Bluetooth Headphones,Dell,5,1710.15,0.28,0.18,7264.72,Credit Card,Online,EMP273,1,1,Same Day,2,USD
ORD122510,16-09-2024,BR98,USA,Chicago,CUST6044,PROD770,Accessories,Bluetooth Headphones,OnePlus,1,661.58,0.02,0.18,765.05,Debit Card,Online,EMP525,0,0,Standard,5,AED
ORD122511,02-04-2023,BR118,UK,Birmingham,CUST7116,PROD528,TV,LG OLED 48,OnePlus,5,1995.6,0.03,0.18,11420.82,Credit Card,In-Store,EMP544,3,1,Standard,9,USD
ORD122512,09-12-2023,BR109,Germany,Berlin,CUST6159,PROD324,Tablet,Lenovo Tab P11,Lenovo,2,1580.72,0.2,0.18,2984.4,Debit Card,Online,EMP583,3,1,Standard,4,AED
ORD122513,30-09-2024,BR116,India,Bangalore,CUST4409,PROD914,Tablet,Lenovo Tab P11,OnePlus,5,1321.69,0.01,0.18,7719.99,Cash,In-Store,EMP663,3,1,Standard,4,INR
ORD122514,30-12-2024,BR106,UK,Manchester,CUST9214,PROD222,Mobile,OnePlus 11,Sony,2,985.48,0.21,0.18,1837.33,Credit Card,In-Store,EMP946,3,0,Express,7,INR
ORD122515,31-05-2024,BR19,India,Bangalore,CUST3166,PROD347,Laptop,MacBook Air M2,Dell,4,849.61,0.22,0.18,3127.92,Net Banking,Online,EMP298,0,0,Express,1,USD
ORD122516,21-09-2023,BR120,UAE,Abu Dhabi,CUST2845,PROD496,Mobile,iPhone 14,Sony,1,1749.59,0.07,0.18,1920,Debit Card,In-Store,EMP527,0,0,Same Day,9,GBP
ORD122517,12-04-2024,BR80,Germany,Hamburg,CUST2780,PROD193,Laptop,Dell XPS 13,HP,3,1092.3,0.08,0.18,3557.4,Net Banking,In-Store,EMP868,1,0,Express,7,AED
ORD122518,11-09-2023,BR21,UK,London,CUST4011,PROD250,Mobile,Samsung Galaxy S23,LG,3,881.29,0.17,0.18,2589.41,UPI,In-Store,EMP566,0,1,Same Day,8,USD
ORD122519,21-10-2023,BR117,UK,London,CUST5541,PROD667,Mobile,iPhone 14,LG,1,1729.11,0.05,0.18,1938.33,Credit Card,In-Store,EMP476,3,1,Express,2,USD
ORD122520,14-12-2023,BR114,UAE,Abu Dhabi,CUST3709,PROD556,Mobile,Samsung Galaxy S23,HP,1,1844.03,0.01,0.18,2154.2,Cash,Online,EMP538,0,0,Standard,4,INR
ORD122521,19-12-2024,BR109,USA,Dallas,CUST2193,PROD446,Mobile,Samsung Galaxy S23,Samsung,4,223.49,0.08,0.18,970.48,Debit Card,Online,EMP212,2,1,Same Day,2,INR
ORD122522,05-06-2023,BR103,India,Mumbai,CUST4583,PROD930,Tablet,Samsung Galaxy Tab,HP,5,1973.23,0.04,0.18,11176.37,Net Banking,In-Store,EMP564,0,1,Same Day,2,EUR
ORD122523,15-05-2024,BR74,UAE,Abu Dhabi,CUST1472,PROD589,Tablet,Lenovo Tab P11,Dell,1,1831.44,0.24,0.18,1642.44,Credit Card,Online,EMP680,0,1,Express,5,INR
ORD122524,11-05-2023,BR56,UAE,Abu Dhabi,CUST7517,PROD679,Mobile,OnePlus 11,Lenovo,2,1579.31,0.17,0.18,3093.55,Net Banking,Online,EMP708,0,0,Same Day,9,AED
ORD122525,01-10-2024,BR75,UK,Birmingham,CUST7201,PROD191,TV,Sony Bravia 55,Lenovo,3,692.18,0.14,0.18,2107.27,Debit Card,Online,EMP815,1,0,Same Day,5,GBP
ORD122526,06-12-2024,BR58,Germany,Berlin,CUST4977,PROD683,Laptop,MacBook Air M2,Apple,1,1766.14,0.12,0.18,1833.96,Net Banking,In-Store,EMP416,3,1,Same Day,4,AED
ORD122527,18-04-2023,BR11,India,Pune,CUST3710,PROD631,Accessories,Bluetooth Headphones,OnePlus,4,243.43,0.26,0.18,850.25,UPI,In-Store,EMP509,0,1,Standard,9,EUR
ORD122528,18-12-2024,BR30,UK,Birmingham,CUST5844,PROD355,TV,Samsung QLED 50,OnePlus,4,410.15,0.29,0.18,1374.49,UPI,In-Store,EMP747,0,1,Express,6,USD
ORD122529,24-03-2023,BR78,India,Delhi,CUST2854,PROD724,Laptop,MacBook Air M2,HP,3,116.7,0.25,0.18,309.84,Net Banking,In-Store,EMP415,2,0,Standard,2,EUR
ORD122530,08-03-2024,BR60,Germany,Berlin,CUST2444,PROD577,Laptop,MacBook Air M2,HP,1,1635.81,0.25,0.18,1447.69,UPI,In-Store,EMP426,1,1,Standard,4,INR
ORD122531,18-07-2024,BR68,USA,Chicago,CUST8168,PROD987,Tablet,Samsung Galaxy Tab,Apple,1,1299.43,0.29,0.18,1088.66,Credit Card,In-Store,EMP504,3,0,Same Day,6,INR
ORD122532,29-05-2023,BR109,UAE,Abu Dhabi,CUST4634,PROD195,Accessories,Keyboard,Lenovo,3,1791.87,0.22,0.18,4947.71,Net Banking,Online,EMP349,1,0,Express,8,INR
ORD122533,02-09-2024,BR94,UK,Manchester,CUST7903,PROD547,Accessories,Bluetooth Headphones,Lenovo,4,427.76,0.17,0.18,1675.79,UPI,Online,EMP233,3,0,Standard,4,EUR
ORD122534,07-10-2023,BR37,USA,New York,CUST2978,PROD517,Laptop,HP Spectre x360,Lenovo,4,955.96,0.01,0.18,4467.01,UPI,In-Store,EMP250,2,1,Express,2,EUR
ORD122535,25-01-2024,BR55,Germany,Hamburg,CUST2500,PROD428,Laptop,HP Spectre x360,OnePlus,5,1946.95,0.22,0.18,8959.86,Net Banking,Online,EMP370,3,1,Express,3,AED
ORD122536,28-01-2023,BR6,India,Bangalore,CUST1940,PROD875,Accessories,Bluetooth Headphones,OnePlus,4,1355.61,0.05,0.18,6078.56,Net Banking,Online,EMP889,2,1,Express,6,INR
ORD122537,01-05-2024,BR101,UK,Manchester,CUST1757,PROD718,Accessories,Bluetooth Headphones,OnePlus,3,908.61,0.03,0.18,3119.99,UPI,Online,EMP466,3,1,Standard,9,INR
ORD122538,05-12-2023,BR6,UAE,Abu Dhabi,CUST7297,PROD613,Accessories,Wireless Mouse,Lenovo,5,503.39,0.09,0.18,2702.7,Net Banking,In-Store,EMP648,0,0,Standard,7,EUR
ORD122539,07-08-2024,BR107,Germany,Hamburg,CUST1381,PROD964,TV,LG OLED 48,OnePlus,5,699.05,0.2,0.18,3299.52,Cash,In-Store,EMP579,3,1,Express,10,AED
ORD122540,19-12-2023,BR57,Germany,Hamburg,CUST3094,PROD920,Laptop,MacBook Air M2,Samsung,4,1509.93,0.05,0.18,6770.53,Net Banking,In-Store,EMP994,2,1,Express,7,EUR
ORD122541,19-09-2024,BR90,UK,Birmingham,CUST6471,PROD950,Laptop,HP Spectre x360,Dell,3,1081.43,0.19,0.18,3100.89,Cash,Online,EMP615,2,1,Standard,9,AED
ORD122542,30-09-2023,BR11,UK,Birmingham,CUST9731,PROD379,TV,Sony Bravia 55,HP,3,1760.81,0.04,0.18,5983.94,Net Banking,In-Store,EMP258,0,0,Standard,10,GBP
ORD122543,19-03-2024,BR81,UAE,Abu Dhabi,CUST7210,PROD139,Mobile,OnePlus 11,Lenovo,4,336.24,0.15,0.18,1348.99,Credit Card,Online,EMP412,3,0,Same Day,4,AED
ORD122544,07-10-2024,BR83,Germany,Hamburg,CUST1593,PROD313,TV,Sony Bravia 55,Sony,1,658.15,0.15,0.18,660.12,Cash,In-Store,EMP905,0,1,Standard,6,EUR
ORD122545,15-08-2024,BR64,UAE,Abu Dhabi,CUST3790,PROD858,Mobile,iPhone 14,HP,1,117.22,0.18,0.18,113.42,Credit Card,Online,EMP595,1,1,Express,5,INR
ORD122546,04-08-2023,BR65,India,Pune,CUST6972,PROD765,Accessories,Keyboard,Samsung,5,1459.07,0.28,0.18,6198.13,Cash,In-Store,EMP529,1,0,Express,4,INR
ORD122547,27-03-2024,BR8,UAE,Dubai,CUST3034,PROD613,Mobile,iPhone 14,OnePlus,4,577.02,0.12,0.18,2396.71,Credit Card,In-Store,EMP282,1,0,Standard,10,AED
ORD122548,05-06-2024,BR42,India,Bangalore,CUST9017,PROD379,TV,LG OLED 48,Samsung,4,735.6,0.16,0.18,2916.51,Credit Card,Online,EMP771,2,1,Express,10,EUR
ORD122549,07-11-2024,BR37,UK,London,CUST5462,PROD679,Accessories,Keyboard,HP,2,1509.32,0.23,0.18,2742.74,Debit Card,In-Store,EMP284,1,1,Same Day,5,INR
ORD122550,28-10-2024,BR72,UK,London,CUST8479,PROD442,Accessories,Bluetooth Headphones,HP,1,1073.55,0.12,0.18,1114.77,Debit Card,In-Store,EMP203,3,1,Standard,5,USD
ORD122551,07-06-2023,BR43,Germany,Munich,CUST6570,PROD763,Tablet,iPad Air,Apple,2,916.28,0.17,0.18,1794.81,Net Banking,In-Store,EMP453,0,0,Standard,2,EUR
ORD122552,05-08-2024,BR8,Germany,Berlin,CUST3488,PROD683,Tablet,Lenovo Tab P11,HP,3,1873.6,0.03,0.18,6433.57,Credit Card,In-Store,EMP721,1,1,Express,2,AED
ORD122553,11-09-2024,BR21,UAE,Dubai,CUST9683,PROD556,TV,Sony Bravia 55,Samsung,5,1556.59,0.21,0.18,7255.27,Credit Card,Online,EMP565,0,1,Same Day,6,INR
ORD122554,29-09-2024,BR23,India,Bangalore,CUST4495,PROD921,Mobile,iPhone 14,Samsung,2,1394.02,0.16,0.18,2763.51,Debit Card,In-Store,EMP723,3,0,Same Day,10,AED
ORD122555,29-10-2023,BR84,India,Bangalore,CUST3295,PROD132,Accessories,Bluetooth Headphones,Sony,1,890.4,0.27,0.18,766.99,Credit Card,Online,EMP513,1,0,Express,8,GBP
ORD122556,14-03-2023,BR102,Germany,Berlin,CUST6427,PROD265,Mobile,OnePlus 11,HP,3,766.02,0.11,0.18,2413.42,UPI,In-Store,EMP214,1,0,Standard,9,USD
ORD122557,02-08-2024,BR20,USA,New York,CUST9293,PROD670,Tablet,Samsung Galaxy Tab,Sony,5,1902.06,0.16,0.18,9426.61,Cash,In-Store,EMP802,3,1,Same Day,3,EUR
ORD122558,09-02-2023,BR81,UAE,Dubai,CUST6053,PROD144,TV,Samsung QLED 50,Dell,3,166.76,0.18,0.18,484.07,Debit Card,In-Store,EMP232,1,1,Same Day,8,INR
ORD122559,25-02-2023,BR63,UAE,Abu Dhabi,CUST9161,PROD193,Laptop,HP Spectre x360,Lenovo,2,804.2,0.03,0.18,1840.97,Credit Card,Online,EMP760,1,0,Express,3,GBP
ORD122560,22-10-2023,BR76,India,Mumbai,CUST5068,PROD617,Accessories,Keyboard,Dell,1,845.64,0.22,0.18,778.33,Credit Card,In-Store,EMP601,2,1,Express,4,USD
ORD122561,04-12-2024,BR8,UK,Birmingham,CUST5749,PROD881,Accessories,Bluetooth Headphones,Dell,2,252.13,0.25,0.18,446.27,Net Banking,In-Store,EMP236,2,1,Express,5,EUR
ORD122562,03-09-2023,BR84,UAE,Dubai,CUST8064,PROD716,Laptop,Dell XPS 13,Apple,1,1477.06,0.19,0.18,1411.77,Credit Card,In-Store,EMP830,3,1,Standard,6,USD
ORD122563,30-05-2023,BR6,UK,London,CUST4222,PROD643,Tablet,iPad Air,Dell,1,87.48,0.23,0.18,79.48,UPI,Online,EMP621,3,0,Express,6,EUR
ORD122564,24-06-2024,BR13,UAE,Abu Dhabi,CUST6351,PROD974,Laptop,HP Spectre x360,Sony,5,430.51,0.25,0.18,1905.01,Net Banking,In-Store,EMP962,3,0,Express,10,USD
ORD122565,25-03-2024,BR69,UAE,Abu Dhabi,CUST9792,PROD214,TV,Samsung QLED 50,HP,4,521.22,0.05,0.18,2337.15,UPI,Online,EMP348,1,1,Express,5,USD
ORD122566,12-05-2024,BR120,Germany,Hamburg,CUST2713,PROD853,Laptop,MacBook Air M2,Samsung,2,1111.97,0.2,0.18,2099.4,Credit Card,In-Store,EMP552,0,1,Same Day,6,GBP
ORD122567,17-07-2023,BR120,Germany,Munich,CUST5505,PROD672,Accessories,Bluetooth Headphones,Lenovo,2,739.5,0.2,0.18,1396.18,UPI,Online,EMP500,2,1,Express,5,GBP
ORD122568,25-05-2024,BR14,UAE,Abu Dhabi,CUST2797,PROD546,Tablet,iPad Air,Dell,3,965.53,0.09,0.18,3110.36,Net Banking,In-Store,EMP863,0,0,Same Day,6,EUR
ORD122569,30-12-2023,BR20,UK,London,CUST2457,PROD171,Mobile,iPhone 14,Dell,5,1808.04,0.21,0.18,8427.27,Cash,Online,EMP418,2,1,Standard,7,AED
ORD122570,03-12-2023,BR63,USA,Chicago,CUST9008,PROD275,Tablet,Samsung Galaxy Tab,Lenovo,5,1858.87,0.01,0.18,10857.66,Cash,Online,EMP477,1,1,Same Day,1,EUR
ORD122571,24-12-2024,BR71,USA,New York,CUST7622,PROD893,Tablet,Samsung Galaxy Tab,Samsung,4,1177.22,0.05,0.18,5278.65,Cash,Online,EMP319,1,0,Same Day,9,AED
ORD122572,06-07-2023,BR70,UK,Birmingham,CUST1926,PROD708,TV,Samsung QLED 50,Samsung,5,1291.94,0.14,0.18,6555.3,Debit Card,In-Store,EMP519,3,0,Same Day,1,INR
ORD122573,10-04-2023,BR88,India,Mumbai,CUST6543,PROD773,Accessories,Keyboard,LG,1,972.73,0.15,0.18,975.65,Debit Card,Online,EMP603,2,1,Express,7,USD
ORD122574,21-04-2023,BR95,UK,London,CUST5218,PROD476,TV,Samsung QLED 50,Lenovo,1,653.23,0.14,0.18,662.9,Cash,Online,EMP952,3,1,Express,4,GBP
ORD122575,11-01-2023,BR112,UK,Birmingham,CUST7755,PROD681,Tablet,Lenovo Tab P11,Apple,2,690.35,0.13,0.18,1417.43,Debit Card,In-Store,EMP678,0,0,Same Day,6,USD
ORD122576,17-08-2023,BR17,USA,Los Angeles,CUST3443,PROD821,Accessories,Keyboard,HP,1,757.77,0.18,0.18,733.22,Credit Card,In-Store,EMP260,0,0,Express,2,GBP
ORD122577,20-01-2023,BR5,UAE,Dubai,CUST8754,PROD963,Laptop,MacBook Air M2,Samsung,4,774.66,0.18,0.18,2998.24,Net Banking,Online,EMP789,2,0,Express,8,INR
ORD122578,12-11-2024,BR107,USA,Chicago,CUST1339,PROD278,Tablet,iPad Air,Apple,4,725.05,0.23,0.18,2635.12,UPI,In-Store,EMP649,0,1,Standard,2,AED
ORD122579,11-12-2023,BR20,UAE,Dubai,CUST1701,PROD559,Laptop,MacBook Air M2,Samsung,5,1026.16,0.28,0.18,4359.13,Credit Card,In-Store,EMP201,2,1,Same Day,3,INR
ORD122580,06-08-2024,BR113,India,Pune,CUST9445,PROD350,Accessories,Bluetooth Headphones,Dell,2,315.31,0.27,0.18,543.22,UPI,Online,EMP400,3,0,Standard,2,AED
ORD122581,16-11-2023,BR92,India,Delhi,CUST3800,PROD818,Mobile,iPhone 14,Lenovo,1,1145.29,0.11,0.18,1202.78,UPI,In-Store,EMP226,2,0,Same Day,8,EUR
ORD122582,23-11-2023,BR32,USA,Dallas,CUST8496,PROD464,Mobile,iPhone 14,HP,1,1720.44,0.13,0.18,1766.2,UPI,Online,EMP652,2,0,Same Day,8,AED
ORD122583,07-02-2024,BR90,USA,Dallas,CUST6218,PROD640,Accessories,Keyboard,Dell,4,902.57,0.22,0.18,3322.9,Net Banking,In-Store,EMP349,2,0,Standard,9,INR
ORD122584,20-09-2023,BR119,India,Bangalore,CUST2349,PROD566,Laptop,MacBook Air M2,Lenovo,2,1643.76,0.04,0.18,3724.1,Net Banking,In-Store,EMP500,0,1,Same Day,9,USD
ORD122585,13-07-2023,BR29,UK,Birmingham,CUST2391,PROD103,Accessories,Wireless Mouse,Sony,4,547.4,0.07,0.18,2402.87,Credit Card,Online,EMP485,0,0,Same Day,3,GBP
ORD122586,16-08-2023,BR39,UAE,Dubai,CUST2423,PROD528,Mobile,OnePlus 11,Samsung,4,232.27,0.29,0.18,778.38,Net Banking,Online,EMP842,2,0,Same Day,6,INR
ORD122587,17-05-2024,BR53,India,Pune,CUST2541,PROD714,Laptop,Dell XPS 13,HP,2,1615.45,0.25,0.18,2859.35,Debit Card,In-Store,EMP897,0,1,Express,2,AED
ORD122588,21-02-2024,BR39,UK,Birmingham,CUST4720,PROD979,Mobile,Samsung Galaxy S23,Lenovo,2,554.24,0.25,0.18,981,Cash,In-Store,EMP704,0,0,Express,6,EUR
ORD122589,07-10-2023,BR14,Germany,Munich,CUST2451,PROD847,Accessories,Wireless Mouse,OnePlus,5,1861.59,0.29,0.18,7798.2,Credit Card,Online,EMP511,0,0,Same Day,10,GBP
ORD122590,24-08-2024,BR83,UK,Birmingham,CUST9272,PROD917,Laptop,MacBook Air M2,LG,4,1492.14,0.12,0.18,6197.75,Cash,In-Store,EMP351,2,1,Standard,6,USD
ORD122591,22-09-2023,BR114,UAE,Dubai,CUST5243,PROD530,Accessories,Keyboard,Samsung,3,412.42,0.24,0.18,1109.57,Cash,Online,EMP885,2,1,Standard,3,EUR
ORD122592,30-08-2024,BR1,Germany,Munich,CUST1245,PROD103,TV,LG OLED 48,LG,5,286.99,0.29,0.18,1202.2,Cash,In-Store,EMP429,0,0,Standard,3,USD
ORD122593,24-07-2024,BR26,India,Delhi,CUST9537,PROD791,Accessories,Bluetooth Headphones,Dell,2,1332.42,0.15,0.18,2672.83,UPI,Online,EMP910,1,1,Same Day,10,GBP
ORD122594,02-04-2024,BR90,India,Delhi,CUST4550,PROD431,Tablet,Samsung Galaxy Tab,Dell,1,1923.42,0.24,0.18,1724.92,UPI,Online,EMP531,2,1,Express,7,INR
ORD122595,06-05-2024,BR120,India,Pune,CUST1657,PROD816,TV,Samsung QLED 50,LG,3,1934.4,0.09,0.18,6231.48,Net Banking,In-Store,EMP853,1,0,Standard,9,AED
ORD122596,15-08-2024,BR78,UK,Manchester,CUST6072,PROD168,TV,LG OLED 48,OnePlus,3,207.61,0.01,0.18,727.59,UPI,Online,EMP774,1,1,Express,7,AED
ORD122597,20-01-2024,BR83,UK,Birmingham,CUST5088,PROD765,Accessories,Bluetooth Headphones,Apple,4,1482.9,0.24,0.18,5319.46,UPI,In-Store,EMP343,1,1,Same Day,2,INR
ORD122598,12-05-2023,BR97,UK,London,CUST1724,PROD233,Laptop,HP Spectre x360,Apple,4,681.31,0.28,0.18,2315.36,UPI,In-Store,EMP370,1,0,Same Day,8,AED
ORD122599,03-08-2023,BR8,UAE,Dubai,CUST9508,PROD748,Laptop,Dell XPS 13,OnePlus,3,1157.38,0.07,0.18,3810.33,UPI,Online,EMP677,3,0,Express,9,AED
ORD122600,19-04-2024,BR118,India,Delhi,CUST5471,PROD892,TV,LG OLED 48,HP,4,1537.15,0.04,0.18,6965.13,Cash,Online,EMP271,2,0,Same Day,7,AED
ORD122601,20-01-2023,BR56,USA,Los Angeles,CUST4465,PROD186,TV,Sony Bravia 55,Apple,5,1475.75,0.21,0.18,6878.47,Debit Card,Online,EMP978,0,1,Express,7,INR
ORD122602,24-07-2023,BR117,India,Bangalore,CUST9080,PROD193,Mobile,OnePlus 11,Dell,2,506.21,0.2,0.18,955.72,Cash,In-Store,EMP641,1,1,Standard,5,GBP
ORD122603,22-02-2024,BR63,USA,Los Angeles,CUST1827,PROD353,TV,Sony Bravia 55,LG,2,1861.9,0.16,0.18,3691.03,Debit Card,Online,EMP327,0,1,Express,6,GBP
ORD122604,15-06-2024,BR88,India,Mumbai,CUST2339,PROD842,Mobile,iPhone 14,Apple,1,1448.97,0.28,0.18,1231.04,Credit Card,In-Store,EMP809,3,0,Same Day,1,INR
ORD122605,19-11-2024,BR34,USA,Los Angeles,CUST3157,PROD257,Laptop,Dell XPS 13,Lenovo,3,1314.07,0.06,0.18,4372.7,Cash,Online,EMP462,3,1,Standard,6,USD
ORD122606,14-03-2023,BR24,Germany,Hamburg,CUST8054,PROD199,Accessories,Bluetooth Headphones,Lenovo,1,1291.09,0.27,0.18,1112.14,Cash,Online,EMP518,0,1,Express,3,EUR
ORD122607,02-04-2023,BR3,UAE,Dubai,CUST5767,PROD397,Tablet,iPad Air,OnePlus,1,1635.26,0.25,0.18,1447.21,Debit Card,Online,EMP809,3,1,Same Day,4,USD
ORD122608,26-08-2024,BR57,India,Delhi,CUST3531,PROD404,Laptop,HP Spectre x360,Sony,1,1780.13,0.08,0.18,1932.51,Debit Card,In-Store,EMP997,1,0,Same Day,6,EUR
ORD122609,27-12-2023,BR66,USA,Dallas,CUST6642,PROD636,TV,Samsung QLED 50,Lenovo,1,1072.52,0.14,0.18,1088.39,Credit Card,Online,EMP649,2,0,Express,9,USD
ORD122610,09-07-2024,BR19,USA,Chicago,CUST4821,PROD666,TV,LG OLED 48,Dell,5,188.27,0.27,0.18,810.88,UPI,Online,EMP504,2,0,Standard,6,INR
ORD122611,17-09-2024,BR51,USA,New York,CUST5166,PROD544,TV,Samsung QLED 50,Sony,4,378.03,0.22,0.18,1391.76,Credit Card,Online,EMP397,0,0,Standard,3,INR
ORD122612,05-01-2023,BR18,UAE,Abu Dhabi,CUST5513,PROD460,Laptop,Dell XPS 13,Dell,5,1067.87,0.17,0.18,5229.36,UPI,In-Store,EMP285,2,1,Express,1,USD
ORD122613,21-11-2023,BR28,India,Bangalore,CUST2953,PROD350,Laptop,HP Spectre x360,HP,4,1994.33,0.07,0.18,8754.31,Credit Card,In-Store,EMP994,2,1,Same Day,6,INR
ORD122614,27-06-2024,BR71,UK,Birmingham,CUST4775,PROD857,Laptop,Dell XPS 13,Samsung,3,965.18,0.06,0.18,3211.73,Credit Card,In-Store,EMP547,0,1,Express,6,AED
ORD122615,24-06-2023,BR46,Germany,Hamburg,CUST3227,PROD567,Tablet,Lenovo Tab P11,OnePlus,1,617.75,0,0.18,728.94,Cash,In-Store,EMP327,2,0,Express,2,EUR
ORD122616,03-12-2023,BR57,Germany,Berlin,CUST2136,PROD739,Tablet,iPad Air,Lenovo,1,924.06,0.06,0.18,1024.97,Net Banking,In-Store,EMP862,3,0,Standard,2,GBP
ORD122617,25-07-2023,BR115,Germany,Munich,CUST6331,PROD591,Accessories,Bluetooth Headphones,LG,1,1947.47,0.21,0.18,1815.43,Net Banking,Online,EMP564,0,1,Standard,7,EUR
ORD122618,11-12-2024,BR98,India,Bangalore,CUST6385,PROD308,Accessories,Keyboard,OnePlus,1,337.34,0.11,0.18,354.27,Net Banking,In-Store,EMP229,3,1,Same Day,8,GBP
ORD122619,26-05-2023,BR64,USA,New York,CUST7604,PROD874,Mobile,Samsung Galaxy S23,LG,1,399.14,0.05,0.18,447.44,Credit Card,Online,EMP719,0,0,Same Day,10,AED
ORD122620,10-05-2023,BR25,Germany,Hamburg,CUST8348,PROD460,Laptop,HP Spectre x360,Apple,2,1130.7,0.28,0.18,1921.29,Debit Card,In-Store,EMP235,1,0,Standard,2,GBP
ORD122621,27-03-2023,BR70,India,Pune,CUST3934,PROD278,Accessories,Bluetooth Headphones,OnePlus,4,1336.24,0.03,0.18,6117.84,Debit Card,In-Store,EMP991,2,0,Express,3,USD
ORD122622,01-06-2023,BR63,USA,Chicago,CUST9724,PROD930,Accessories,Wireless Mouse,Sony,2,998.36,0.22,0.18,1837.78,Debit Card,In-Store,EMP654,2,1,Same Day,3,EUR
ORD122623,23-12-2023,BR94,Germany,Berlin,CUST7649,PROD346,Tablet,Samsung Galaxy Tab,HP,4,1244.98,0.01,0.18,5817.54,Credit Card,Online,EMP448,1,0,Express,4,INR
ORD122624,12-10-2024,BR80,UAE,Abu Dhabi,CUST4859,PROD701,Laptop,Dell XPS 13,HP,3,1328.44,0.25,0.18,3527.01,Net Banking,In-Store,EMP806,3,1,Express,6,EUR
ORD122625,06-10-2024,BR25,USA,New York,CUST9555,PROD503,Laptop,Dell XPS 13,Samsung,1,1206.21,0.19,0.18,1152.9,UPI,In-Store,EMP755,1,0,Express,10,EUR
ORD122626,12-05-2024,BR96,UAE,Dubai,CUST5502,PROD724,Mobile,Samsung Galaxy S23,HP,5,608.53,0.14,0.18,3087.68,Cash,In-Store,EMP617,1,1,Same Day,5,GBP
ORD122627,18-07-2024,BR72,UK,Birmingham,CUST2662,PROD571,Accessories,Wireless Mouse,Lenovo,5,1032.32,0.09,0.18,5542.53,Debit Card,In-Store,EMP542,1,1,Express,6,EUR
ORD122628,17-12-2023,BR39,UK,London,CUST1608,PROD512,Tablet,Samsung Galaxy Tab,Apple,4,218.86,0.03,0.18,1002.03,Cash,Online,EMP478,0,1,Same Day,3,USD
ORD122629,08-01-2023,BR17,UAE,Dubai,CUST2328,PROD250,Tablet,iPad Air,Samsung,3,683.92,0.07,0.18,2251.6,Credit Card,In-Store,EMP279,0,1,Standard,10,EUR
ORD122630,23-06-2024,BR30,USA,New York,CUST5884,PROD615,TV,Samsung QLED 50,Sony,2,693.77,0.19,0.18,1326.21,UPI,Online,EMP214,1,0,Same Day,6,EUR
ORD122631,18-10-2024,BR61,UAE,Abu Dhabi,CUST2982,PROD976,TV,LG OLED 48,Dell,5,469.07,0,0.18,2767.51,Cash,In-Store,EMP692,1,1,Same Day,6,GBP
ORD122632,18-12-2024,BR73,UAE,Dubai,CUST5184,PROD637,TV,Samsung QLED 50,Sony,3,631.75,0.02,0.18,2191.67,Credit Card,Online,EMP496,0,1,Express,2,USD
ORD122633,11-07-2023,BR110,Germany,Munich,CUST3845,PROD109,Mobile,OnePlus 11,Dell,5,943.14,0.05,0.18,5286.3,Credit Card,Online,EMP843,2,1,Standard,9,INR
ORD122634,12-03-2024,BR3,UAE,Abu Dhabi,CUST6213,PROD762,Accessories,Bluetooth Headphones,Samsung,3,1821.56,0.28,0.18,4642.79,Cash,Online,EMP868,0,0,Same Day,3,GBP
ORD122635,02-07-2024,BR11,UK,Manchester,CUST7349,PROD162,Mobile,Samsung Galaxy S23,HP,3,1521.14,0.17,0.18,4469.41,Credit Card,Online,EMP824,2,0,Same Day,10,GBP
ORD122636,22-07-2024,BR82,India,Pune,CUST5382,PROD908,Tablet,Samsung Galaxy Tab,HP,3,355.75,0.16,0.18,1057.86,Credit Card,In-Store,EMP954,2,0,Same Day,6,EUR
ORD122637,13-04-2024,BR28,UK,Manchester,CUST3277,PROD853,Mobile,iPhone 14,Dell,4,626.15,0.21,0.18,2334.79,UPI,In-Store,EMP385,1,0,Express,1,GBP
ORD122638,25-05-2024,BR5,India,Mumbai,CUST3554,PROD317,Mobile,OnePlus 11,Dell,5,338.53,0.15,0.18,1697.73,Debit Card,In-Store,EMP397,0,1,Standard,9,GBP
ORD122639,18-09-2024,BR93,USA,Los Angeles,CUST4608,PROD113,Mobile,iPhone 14,Dell,1,1866.04,0.18,0.18,1805.58,Debit Card,Online,EMP788,0,1,Same Day,3,EUR
ORD122640,19-02-2023,BR73,India,Delhi,CUST9909,PROD555,Mobile,Samsung Galaxy S23,Sony,4,146.37,0.07,0.18,642.51,UPI,In-Store,EMP355,2,1,Standard,3,GBP
ORD122641,29-07-2024,BR107,Germany,Berlin,CUST7134,PROD262,Accessories,Bluetooth Headphones,HP,1,907.52,0.08,0.18,985.2,Debit Card,In-Store,EMP855,2,0,Express,9,EUR
ORD122642,25-11-2024,BR21,Germany,Berlin,CUST7839,PROD395,Mobile,iPhone 14,HP,3,839.16,0.2,0.18,2376.5,Cash,Online,EMP733,1,1,Same Day,9,EUR
ORD122643,30-10-2023,BR68,USA,Chicago,CUST6310,PROD323,Accessories,Keyboard,LG,1,281.15,0.09,0.18,301.9,Credit Card,Online,EMP679,2,0,Standard,2,EUR
ORD122644,07-12-2023,BR74,UK,London,CUST5657,PROD961,TV,Sony Bravia 55,Sony,2,1618.66,0.23,0.18,2941.43,UPI,Online,EMP428,3,1,Same Day,6,EUR
ORD122645,03-01-2024,BR43,Germany,Hamburg,CUST4718,PROD306,TV,Samsung QLED 50,HP,1,1870.97,0.01,0.18,2185.67,Net Banking,In-Store,EMP629,0,1,Same Day,9,GBP
ORD122646,20-02-2024,BR12,Germany,Hamburg,CUST2977,PROD709,Mobile,iPhone 14,OnePlus,2,1138.87,0.05,0.18,2553.35,Cash,In-Store,EMP731,1,1,Express,9,INR
ORD122647,11-06-2023,BR116,Germany,Hamburg,CUST8123,PROD898,Accessories,Bluetooth Headphones,Lenovo,2,392.61,0.02,0.18,908.03,Credit Card,Online,EMP340,2,1,Standard,2,EUR
ORD122648,26-01-2023,BR64,India,Bangalore,CUST3673,PROD637,Accessories,Keyboard,OnePlus,5,1998.3,0.14,0.18,10139.37,UPI,Online,EMP922,3,0,Express,8,EUR
ORD122649,16-06-2023,BR60,UK,Birmingham,CUST9280,PROD434,Mobile,Samsung Galaxy S23,Sony,3,621.83,0.28,0.18,1584.92,Credit Card,In-Store,EMP305,1,1,Standard,5,INR
ORD122650,30-11-2023,BR82,USA,Chicago,CUST8742,PROD834,Tablet,Lenovo Tab P11,Samsung,3,972.24,0.13,0.18,2994.3,Net Banking,Online,EMP641,1,0,Same Day,10,USD
ORD122651,24-12-2024,BR63,Germany,Berlin,CUST2584,PROD750,Tablet,iPad Air,OnePlus,1,527.02,0.16,0.18,522.38,Cash,In-Store,EMP569,0,1,Express,9,USD
ORD122652,02-06-2023,BR92,Germany,Hamburg,CUST3256,PROD906,Tablet,Lenovo Tab P11,Dell,3,771.77,0.19,0.18,2212.97,Cash,Online,EMP806,2,1,Standard,6,GBP
ORD122653,12-09-2024,BR36,Germany,Munich,CUST9238,PROD516,Accessories,Keyboard,Lenovo,5,1514.05,0.03,0.18,8664.91,Cash,Online,EMP686,2,1,Same Day,5,AED
ORD122654,20-02-2023,BR49,India,Mumbai,CUST8665,PROD894,Tablet,iPad Air,Samsung,1,1333.12,0.01,0.18,1557.35,UPI,Online,EMP851,3,1,Standard,4,EUR
ORD122655,22-08-2024,BR87,USA,Chicago,CUST5502,PROD226,TV,Samsung QLED 50,Apple,3,1039.97,0.13,0.18,3202.9,Net Banking,In-Store,EMP606,2,1,Express,4,EUR
ORD122656,10-05-2023,BR26,India,Mumbai,CUST4308,PROD872,Mobile,Samsung Galaxy S23,OnePlus,1,998.63,0.1,0.18,1060.55,Cash,In-Store,EMP996,0,0,Express,4,INR
ORD122657,04-12-2023,BR64,Germany,Berlin,CUST3094,PROD544,Laptop,MacBook Air M2,Samsung,4,551.39,0.27,0.18,1899.87,UPI,In-Store,EMP279,0,0,Standard,2,USD
ORD122658,21-11-2024,BR69,UK,Manchester,CUST2890,PROD242,Accessories,Bluetooth Headphones,HP,3,1077.58,0.3,0.18,2670.24,Cash,Online,EMP794,0,1,Express,6,INR
ORD122659,28-03-2024,BR91,UK,Birmingham,CUST1291,PROD816,Tablet,Lenovo Tab P11,OnePlus,2,591.26,0.25,0.18,1046.53,Debit Card,In-Store,EMP744,2,1,Standard,7,AED
ORD122660,03-11-2024,BR102,UAE,Abu Dhabi,CUST9844,PROD406,Accessories,Keyboard,Apple,1,1740.14,0.03,0.18,1991.76,Cash,Online,EMP861,2,0,Standard,7,INR
ORD122661,15-10-2024,BR16,USA,New York,CUST1183,PROD594,Accessories,Bluetooth Headphones,Samsung,1,70.95,0.19,0.18,67.81,Credit Card,In-Store,EMP297,2,1,Express,10,GBP
ORD122662,26-10-2023,BR91,Germany,Munich,CUST6826,PROD807,Tablet,Samsung Galaxy Tab,HP,5,855.93,0.23,0.18,3888.49,Cash,In-Store,EMP672,1,1,Same Day,3,USD
ORD122663,08-09-2023,BR83,UK,Manchester,CUST6544,PROD979,TV,LG OLED 48,LG,4,1412.15,0.18,0.18,5465.59,Debit Card,In-Store,EMP853,3,0,Standard,1,USD
ORD122664,22-02-2024,BR102,UAE,Abu Dhabi,CUST2312,PROD353,TV,Samsung QLED 50,OnePlus,2,615.84,0.24,0.18,1104.57,UPI,In-Store,EMP749,0,1,Same Day,9,INR
ORD122665,09-04-2023,BR2,India,Pune,CUST9567,PROD229,Accessories,Keyboard,Apple,5,1626.84,0.03,0.18,9310.41,Debit Card,Online,EMP330,0,1,Express,8,GBP
ORD122666,21-12-2024,BR14,Germany,Berlin,CUST4218,PROD912,Laptop,HP Spectre x360,Samsung,4,1115.2,0.24,0.18,4000.45,Cash,Online,EMP830,3,1,Express,10,INR
ORD122667,04-02-2023,BR98,USA,New York,CUST2384,PROD290,Accessories,Wireless Mouse,HP,2,990,0.29,0.18,1658.84,Credit Card,Online,EMP785,1,1,Express,10,EUR
ORD122668,16-11-2023,BR31,Germany,Munich,CUST7934,PROD157,Laptop,Dell XPS 13,HP,4,458.13,0.25,0.18,1621.78,Debit Card,Online,EMP806,3,0,Express,10,USD
ORD122669,14-02-2024,BR37,UK,London,CUST6847,PROD869,Laptop,HP Spectre x360,HP,2,1212.09,0.08,0.18,2631.69,Cash,Online,EMP437,3,1,Express,9,INR
ORD122670,15-08-2023,BR113,UAE,Dubai,CUST7510,PROD681,Accessories,Wireless Mouse,Dell,4,1226.07,0.28,0.18,4166.68,UPI,In-Store,EMP652,1,0,Standard,2,INR
ORD122671,07-12-2023,BR65,Germany,Berlin,CUST7896,PROD272,Mobile,OnePlus 11,Dell,5,434.21,0.18,0.18,2100.71,UPI,Online,EMP228,2,1,Standard,8,GBP
ORD122672,12-01-2024,BR5,UK,London,CUST2370,PROD683,Tablet,iPad Air,LG,5,1425.24,0.1,0.18,7568.02,Cash,Online,EMP571,3,0,Same Day,1,AED
ORD122673,19-06-2024,BR48,UK,London,CUST7885,PROD584,TV,Sony Bravia 55,HP,4,1944.2,0.29,0.18,6515.4,Debit Card,Online,EMP673,0,1,Same Day,6,EUR
ORD122674,13-03-2024,BR98,India,Delhi,CUST4353,PROD219,Laptop,MacBook Air M2,Samsung,2,1295.81,0.26,0.18,2263,Credit Card,In-Store,EMP868,1,0,Standard,5,GBP
ORD122675,20-03-2024,BR42,UAE,Abu Dhabi,CUST8651,PROD512,Mobile,iPhone 14,Sony,2,1877.7,0.25,0.18,3323.53,Credit Card,Online,EMP912,3,1,Same Day,7,AED
ORD122676,16-10-2023,BR63,UK,Birmingham,CUST6257,PROD169,Tablet,Lenovo Tab P11,Samsung,2,1455.25,0.25,0.18,2575.79,UPI,In-Store,EMP856,2,0,Standard,1,INR
ORD122677,04-08-2024,BR63,Germany,Hamburg,CUST2469,PROD842,TV,LG OLED 48,OnePlus,3,1692.57,0.2,0.18,4793.36,Debit Card,Online,EMP849,0,1,Standard,9,GBP
ORD122678,30-11-2023,BR8,UAE,Dubai,CUST1772,PROD494,Tablet,iPad Air,HP,4,1821.34,0.23,0.18,6619.48,Cash,Online,EMP688,3,0,Express,8,GBP
ORD122679,10-11-2024,BR108,USA,New York,CUST1634,PROD725,Accessories,Keyboard,Sony,1,114.31,0.21,0.18,106.56,Debit Card,In-Store,EMP591,3,0,Same Day,9,INR
ORD122680,05-05-2023,BR54,India,Mumbai,CUST3537,PROD290,TV,LG OLED 48,Samsung,1,868.1,0.09,0.18,932.17,Cash,Online,EMP306,2,0,Standard,9,INR
ORD122681,20-07-2023,BR84,UK,London,CUST1122,PROD794,Accessories,Bluetooth Headphones,Lenovo,3,732.54,0.17,0.18,2152.35,UPI,Online,EMP796,0,1,Express,1,GBP
ORD122682,17-09-2023,BR31,USA,New York,CUST4359,PROD817,Accessories,Wireless Mouse,Dell,2,1718.37,0.05,0.18,3852.59,Cash,In-Store,EMP834,1,0,Standard,8,GBP
ORD122683,05-12-2024,BR97,UK,Birmingham,CUST6052,PROD135,Tablet,Lenovo Tab P11,Sony,5,805.32,0.12,0.18,4181.22,Credit Card,In-Store,EMP919,3,0,Same Day,7,GBP
ORD122684,29-08-2024,BR85,USA,Los Angeles,CUST3168,PROD597,Tablet,Lenovo Tab P11,OnePlus,2,698.33,0.26,0.18,1219.56,Cash,Online,EMP807,2,0,Same Day,2,EUR
ORD122685,07-12-2024,BR96,UAE,Dubai,CUST8132,PROD903,Mobile,OnePlus 11,Apple,4,1432.07,0.25,0.18,5069.53,Cash,Online,EMP704,3,0,Standard,2,AED
ORD122686,06-12-2023,BR51,USA,Chicago,CUST7697,PROD645,TV,Samsung QLED 50,OnePlus,3,1013.68,0.04,0.18,3444.89,UPI,Online,EMP565,0,0,Same Day,9,EUR
ORD122687,06-10-2024,BR116,India,Mumbai,CUST5774,PROD342,Laptop,MacBook Air M2,Dell,3,824.54,0.14,0.18,2510.23,Credit Card,In-Store,EMP577,3,0,Express,1,AED
ORD122688,10-06-2023,BR2,India,Pune,CUST1079,PROD683,Accessories,Wireless Mouse,OnePlus,1,1684.27,0.02,0.18,1947.69,Credit Card,In-Store,EMP788,0,1,Same Day,7,INR
ORD122689,23-11-2023,BR10,UK,Manchester,CUST8077,PROD810,Accessories,Keyboard,OnePlus,4,1604.71,0.15,0.18,6438.1,Credit Card,Online,EMP713,3,1,Standard,7,AED
ORD122690,20-01-2023,BR11,India,Mumbai,CUST6086,PROD792,TV,Samsung QLED 50,Dell,3,408.95,0.17,0.18,1201.58,UPI,In-Store,EMP738,0,1,Standard,4,AED
ORD122691,08-06-2023,BR77,Germany,Munich,CUST5603,PROD454,Tablet,Lenovo Tab P11,Dell,4,113.96,0.04,0.18,516.38,UPI,Online,EMP689,1,1,Standard,6,EUR
ORD122692,12-11-2024,BR12,USA,Los Angeles,CUST8615,PROD696,Accessories,Wireless Mouse,Dell,5,1671.26,0.27,0.18,7198.12,Net Banking,Online,EMP272,3,0,Same Day,2,USD
ORD122693,29-06-2023,BR16,UAE,Dubai,CUST4297,PROD457,TV,Sony Bravia 55,Apple,5,1019.72,0.09,0.18,5474.88,Cash,In-Store,EMP362,1,1,Same Day,5,INR
ORD122694,23-11-2023,BR39,USA,Dallas,CUST6321,PROD639,Mobile,OnePlus 11,LG,4,1429.04,0.09,0.18,6138.01,Debit Card,Online,EMP333,3,0,Express,3,GBP
ORD122695,19-08-2023,BR58,USA,New York,CUST7323,PROD514,Laptop,HP Spectre x360,Samsung,4,1945.22,0.06,0.18,8630.55,Cash,Online,EMP427,1,1,Express,9,AED
ORD122696,01-10-2024,BR10,UAE,Abu Dhabi,CUST4572,PROD273,Mobile,iPhone 14,Lenovo,4,164.91,0.18,0.18,638.27,Net Banking,In-Store,EMP651,3,1,Express,4,USD
ORD122697,29-09-2024,BR1,USA,Dallas,CUST5291,PROD718,Laptop,Dell XPS 13,Samsung,5,1389.78,0.11,0.18,7297.73,Cash,In-Store,EMP215,2,0,Standard,5,INR
ORD122698,02-02-2023,BR56,Germany,Hamburg,CUST6664,PROD180,Mobile,Samsung Galaxy S23,LG,2,1740.71,0.3,0.18,2875.65,Cash,In-Store,EMP991,1,1,Standard,7,EUR
ORD122699,02-06-2024,BR87,Germany,Munich,CUST2121,PROD723,Laptop,MacBook Air M2,Lenovo,5,96.57,0.29,0.18,404.53,Debit Card,Online,EMP208,2,0,Standard,6,USD
ORD122700,14-12-2024,BR32,UK,Birmingham,CUST2368,PROD518,Accessories,Keyboard,Dell,1,329.91,0.23,0.18,299.76,UPI,Online,EMP211,0,1,Express,2,USD
ORD122701,04-08-2023,BR13,India,Delhi,CUST3286,PROD740,Accessories,Keyboard,Apple,3,780.15,0.25,0.18,2071.3,Debit Card,In-Store,EMP427,1,1,Standard,8,GBP
ORD122702,11-06-2024,BR79,UK,Manchester,CUST5781,PROD199,Accessories,Keyboard,HP,5,776.31,0.07,0.18,4259.61,Debit Card,Online,EMP366,2,1,Standard,9,GBP
ORD122703,22-12-2024,BR93,Germany,Hamburg,CUST6221,PROD270,TV,Samsung QLED 50,OnePlus,1,641.54,0.08,0.18,696.46,Credit Card,Online,EMP818,1,1,Express,8,EUR
ORD122704,20-11-2024,BR55,UAE,Dubai,CUST5667,PROD344,TV,LG OLED 48,Sony,5,57.23,0.27,0.18,246.49,Cash,In-Store,EMP404,0,0,Same Day,4,GBP
ORD122705,22-03-2024,BR23,Germany,Hamburg,CUST7117,PROD521,Tablet,iPad Air,Samsung,1,1983.46,0.12,0.18,2059.62,UPI,Online,EMP982,0,0,Standard,6,GBP
ORD122706,23-12-2023,BR34,USA,New York,CUST2164,PROD685,Mobile,Samsung Galaxy S23,Lenovo,4,1049.34,0.07,0.18,4606.18,UPI,Online,EMP567,2,0,Express,8,INR
ORD122707,11-03-2023,BR5,UK,Manchester,CUST5211,PROD434,Mobile,Samsung Galaxy S23,Lenovo,1,886.33,0.02,0.18,1024.95,UPI,In-Store,EMP932,2,1,Express,2,USD
ORD122708,09-06-2024,BR75,USA,Dallas,CUST9225,PROD744,TV,LG OLED 48,Dell,2,1021.16,0.18,0.18,1976.15,UPI,Online,EMP798,3,0,Standard,2,USD
ORD122709,04-01-2023,BR98,USA,Dallas,CUST3426,PROD733,Laptop,Dell XPS 13,Lenovo,4,1619.41,0.19,0.18,6191.33,UPI,Online,EMP601,3,1,Express,10,GBP
ORD122710,19-09-2024,BR28,USA,Chicago,CUST5428,PROD944,Mobile,Samsung Galaxy S23,LG,5,894,0.24,0.18,4008.7,Credit Card,In-Store,EMP471,0,0,Standard,2,USD
ORD122711,27-09-2023,BR82,USA,New York,CUST4625,PROD810,Accessories,Bluetooth Headphones,OnePlus,2,1276.28,0.23,0.18,2319.26,UPI,Online,EMP446,2,0,Standard,6,GBP
ORD122712,20-10-2024,BR118,USA,New York,CUST9870,PROD846,Laptop,Dell XPS 13,Samsung,2,572.31,0.27,0.18,985.98,Cash,In-Store,EMP825,1,1,Express,1,INR
ORD122713,19-11-2024,BR39,India,Bangalore,CUST4287,PROD322,Tablet,Lenovo Tab P11,Sony,1,1571.46,0.11,0.18,1650.35,UPI,Online,EMP409,1,1,Same Day,7,AED
ORD122714,20-09-2024,BR35,USA,Los Angeles,CUST1483,PROD873,Laptop,Dell XPS 13,LG,3,341.78,0.09,0.18,1101.01,Credit Card,In-Store,EMP835,2,0,Express,7,GBP
ORD122715,29-07-2024,BR33,India,Pune,CUST9114,PROD895,Mobile,OnePlus 11,Sony,3,138.38,0.01,0.18,484.97,UPI,Online,EMP507,1,0,Same Day,5,EUR
ORD122716,01-07-2024,BR14,India,Delhi,CUST7976,PROD348,Tablet,iPad Air,Samsung,5,80.29,0.27,0.18,345.81,Debit Card,In-Store,EMP789,2,1,Standard,7,USD
ORD122717,24-03-2024,BR92,Germany,Berlin,CUST3416,PROD287,TV,LG OLED 48,HP,1,1188.6,0.12,0.18,1234.24,Net Banking,Online,EMP767,3,1,Same Day,5,EUR
ORD122718,19-10-2023,BR7,UK,Manchester,CUST8566,PROD171,Mobile,iPhone 14,Samsung,4,887.15,0.3,0.18,2931.14,Cash,In-Store,EMP927,3,0,Standard,5,USD
ORD122719,09-10-2024,BR99,India,Pune,CUST9554,PROD697,TV,Samsung QLED 50,Dell,5,1014.14,0.23,0.18,4607.24,Cash,In-Store,EMP216,1,0,Standard,4,USD
ORD122720,23-03-2023,BR65,Germany,Berlin,CUST1623,PROD853,TV,Samsung QLED 50,HP,4,923.22,0.06,0.18,4096.14,Net Banking,In-Store,EMP344,1,0,Express,2,EUR
ORD122721,13-10-2024,BR100,UK,London,CUST5576,PROD338,Accessories,Wireless Mouse,Samsung,3,1916.32,0.13,0.18,5901.88,Net Banking,Online,EMP430,3,1,Same Day,3,AED
ORD122722,04-08-2024,BR108,UK,Birmingham,CUST8831,PROD252,TV,Sony Bravia 55,LG,3,663.27,0.04,0.18,2254.06,Cash,Online,EMP321,2,1,Express,9,GBP
ORD122723,21-12-2024,BR101,UK,Manchester,CUST5146,PROD226,Laptop,HP Spectre x360,OnePlus,3,1499.86,0.03,0.18,5150.22,Credit Card,Online,EMP391,1,0,Express,8,EUR
ORD122724,07-08-2023,BR71,UK,Manchester,CUST6188,PROD169,Laptop,HP Spectre x360,Lenovo,2,1205.05,0.26,0.18,2104.5,Net Banking,In-Store,EMP384,2,0,Standard,9,GBP
ORD122725,22-05-2023,BR32,USA,Los Angeles,CUST7440,PROD497,Tablet,Lenovo Tab P11,Samsung,1,125.62,0.04,0.18,142.3,Debit Card,In-Store,EMP663,0,0,Standard,3,GBP
ORD122726,02-03-2023,BR113,India,Mumbai,CUST2091,PROD587,Tablet,Samsung Galaxy Tab,Dell,4,1447.37,0.15,0.18,5806.85,Credit Card,In-Store,EMP225,0,1,Same Day,10,EUR
ORD122727,19-10-2023,BR117,UK,Manchester,CUST5171,PROD479,TV,Sony Bravia 55,Dell,3,1331.6,0.21,0.18,3723.95,Credit Card,Online,EMP854,1,0,Express,4,EUR
ORD122728,19-02-2023,BR95,USA,New York,CUST2063,PROD774,Laptop,HP Spectre x360,Apple,4,1787.67,0.12,0.18,7425.27,Cash,Online,EMP525,1,0,Express,8,AED
ORD122729,02-06-2023,BR79,UAE,Dubai,CUST2418,PROD875,Tablet,Samsung Galaxy Tab,Lenovo,4,1014.11,0.22,0.18,3733.55,Credit Card,Online,EMP844,3,1,Express,9,INR
ORD122730,04-08-2024,BR16,Germany,Munich,CUST5014,PROD148,Tablet,iPad Air,Apple,5,1083.24,0.07,0.18,5943.74,Credit Card,Online,EMP913,3,1,Same Day,1,AED
ORD122731,01-01-2023,BR17,USA,Chicago,CUST6269,PROD959,Laptop,HP Spectre x360,Sony,4,1954.81,0.02,0.18,9042.17,Net Banking,Online,EMP204,3,0,Standard,5,EUR
ORD122732,29-11-2024,BR104,UK,Manchester,CUST9840,PROD183,Accessories,Bluetooth Headphones,Samsung,5,1655.21,0.21,0.18,7714.93,Credit Card,In-Store,EMP228,0,0,Express,6,EUR
ORD122733,01-08-2024,BR107,UK,Birmingham,CUST8989,PROD844,Mobile,OnePlus 11,HP,3,1017,0.11,0.18,3204.16,Debit Card,In-Store,EMP264,0,1,Standard,9,AED
ORD122734,29-04-2023,BR72,Germany,Munich,CUST6105,PROD446,Tablet,Lenovo Tab P11,Apple,3,1042.59,0.17,0.18,3063.34,Cash,Online,EMP976,3,1,Express,4,AED
ORD122735,20-06-2024,BR98,Germany,Berlin,CUST4537,PROD351,Laptop,MacBook Air M2,Apple,2,450.13,0,0.18,1062.31,Credit Card,In-Store,EMP378,0,1,Same Day,6,AED
ORD122736,28-04-2023,BR83,India,Pune,CUST6091,PROD874,TV,Sony Bravia 55,HP,3,1726.68,0.02,0.18,5990.2,UPI,Online,EMP738,2,0,Express,2,AED
ORD122737,23-01-2024,BR81,UAE,Dubai,CUST7263,PROD284,Accessories,Wireless Mouse,HP,5,1535.02,0.18,0.18,7426.43,Cash,In-Store,EMP232,1,0,Standard,10,GBP
ORD122738,01-03-2023,BR45,Germany,Berlin,CUST9471,PROD564,Tablet,Lenovo Tab P11,Apple,4,664.54,0.21,0.18,2477.94,UPI,Online,EMP638,2,1,Standard,9,GBP
ORD122739,26-03-2024,BR26,UK,Birmingham,CUST9941,PROD700,Accessories,Bluetooth Headphones,OnePlus,3,1211.33,0.2,0.18,3430.49,Debit Card,In-Store,EMP524,2,0,Standard,2,GBP
ORD122740,12-04-2024,BR21,UK,London,CUST3016,PROD627,Mobile,Samsung Galaxy S23,OnePlus,1,615.15,0.03,0.18,704.1,Debit Card,Online,EMP446,2,0,Same Day,2,INR
ORD122741,10-09-2023,BR87,UAE,Abu Dhabi,CUST8010,PROD983,Mobile,OnePlus 11,Samsung,2,814.81,0.25,0.18,1442.21,UPI,In-Store,EMP868,2,1,Same Day,1,AED
ORD122742,13-07-2023,BR35,UAE,Dubai,CUST1671,PROD838,Laptop,MacBook Air M2,Samsung,3,1242.13,0.04,0.18,4221.25,Credit Card,Online,EMP623,2,1,Express,5,AED
ORD122743,27-11-2023,BR93,UAE,Dubai,CUST7308,PROD484,Laptop,MacBook Air M2,OnePlus,1,845.85,0.1,0.18,898.29,UPI,Online,EMP727,2,0,Standard,4,USD
ORD122744,09-11-2023,BR120,UAE,Dubai,CUST4425,PROD791,TV,Samsung QLED 50,Apple,4,1506.97,0.21,0.18,5619.19,Debit Card,In-Store,EMP301,1,1,Express,4,INR
ORD122745,20-11-2024,BR44,India,Pune,CUST3739,PROD605,Laptop,Dell XPS 13,Sony,3,333.3,0.27,0.18,861.31,Debit Card,In-Store,EMP938,3,0,Same Day,10,AED
ORD122746,14-08-2023,BR64,India,Bangalore,CUST5430,PROD677,Mobile,Samsung Galaxy S23,Apple,5,1650.45,0.22,0.18,7595.37,Cash,In-Store,EMP840,1,0,Express,4,AED
ORD122747,17-01-2024,BR29,UK,London,CUST6330,PROD234,TV,LG OLED 48,Apple,2,1430.22,0.25,0.18,2531.49,Debit Card,In-Store,EMP916,1,0,Standard,5,EUR
ORD122748,09-09-2023,BR90,India,Delhi,CUST9186,PROD609,Mobile,iPhone 14,Sony,2,648.28,0.28,0.18,1101.56,Credit Card,Online,EMP545,3,1,Express,6,EUR
ORD122749,02-12-2024,BR20,India,Delhi,CUST1835,PROD366,Laptop,HP Spectre x360,HP,5,83.44,0.28,0.18,354.45,Debit Card,In-Store,EMP974,2,1,Express,1,EUR
ORD122750,03-01-2023,BR89,UAE,Dubai,CUST6617,PROD772,Accessories,Keyboard,LG,4,321.54,0.02,0.18,1487.32,Net Banking,Online,EMP466,0,0,Same Day,4,EUR
ORD122751,10-10-2024,BR61,Germany,Hamburg,CUST5190,PROD299,TV,LG OLED 48,HP,1,1618.47,0.07,0.18,1776.11,Credit Card,Online,EMP917,1,0,Standard,6,AED
ORD122752,30-12-2023,BR3,India,Pune,CUST2024,PROD923,TV,Sony Bravia 55,Sony,4,144.78,0.22,0.18,533.02,Debit Card,Online,EMP842,3,1,Standard,6,GBP
ORD122753,23-09-2023,BR19,Germany,Munich,CUST3307,PROD166,TV,Samsung QLED 50,Lenovo,5,747.22,0.12,0.18,3879.57,UPI,In-Store,EMP450,1,1,Express,6,GBP
ORD122754,27-08-2023,BR44,UK,Manchester,CUST2124,PROD314,Accessories,Wireless Mouse,OnePlus,5,230.74,0.12,0.18,1198,UPI,In-Store,EMP929,1,0,Same Day,9,EUR
ORD122755,19-07-2024,BR15,India,Delhi,CUST1320,PROD430,TV,Samsung QLED 50,Sony,4,1818.54,0.23,0.18,6609.3,Debit Card,In-Store,EMP258,0,0,Same Day,7,INR
ORD122756,27-10-2023,BR36,UK,Birmingham,CUST6709,PROD578,Tablet,Samsung Galaxy Tab,Dell,5,663.92,0.13,0.18,3407.9,Net Banking,In-Store,EMP378,1,1,Express,10,INR
ORD122757,22-03-2024,BR88,India,Pune,CUST7939,PROD155,TV,Samsung QLED 50,OnePlus,3,1390.63,0.15,0.18,4184.41,Cash,Online,EMP547,3,1,Express,1,AED
ORD122758,22-06-2023,BR120,India,Delhi,CUST3435,PROD226,TV,Samsung QLED 50,Samsung,4,798.77,0.27,0.18,2752.24,Net Banking,In-Store,EMP612,3,1,Express,6,USD
ORD122759,05-11-2024,BR73,UK,Manchester,CUST1259,PROD245,Accessories,Wireless Mouse,Apple,4,1035.26,0,0.18,4886.43,Debit Card,In-Store,EMP458,0,0,Same Day,4,EUR
ORD122760,11-08-2024,BR57,India,Mumbai,CUST8186,PROD356,Laptop,MacBook Air M2,Samsung,4,1726.34,0.26,0.18,6029.76,Cash,Online,EMP966,1,0,Same Day,3,INR
ORD122761,10-02-2024,BR7,USA,Los Angeles,CUST5291,PROD481,Mobile,Samsung Galaxy S23,Apple,4,1309.13,0.13,0.18,5375.81,Net Banking,In-Store,EMP559,0,0,Same Day,10,GBP
ORD122762,11-01-2023,BR67,India,Mumbai,CUST7203,PROD318,Laptop,MacBook Air M2,Sony,4,1354.22,0.03,0.18,6200.16,Debit Card,Online,EMP327,2,0,Express,6,EUR
ORD122763,20-05-2024,BR29,UK,Birmingham,CUST6509,PROD448,TV,LG OLED 48,Apple,5,1993.15,0.13,0.18,10230.84,UPI,Online,EMP699,2,0,Express,3,EUR
ORD122764,29-09-2024,BR47,USA,Dallas,CUST9025,PROD613,Tablet,iPad Air,Lenovo,1,1838.05,0.3,0.18,1518.23,Net Banking,In-Store,EMP749,2,0,Express,3,USD
ORD122765,13-07-2023,BR27,UAE,Dubai,CUST7778,PROD320,Accessories,Keyboard,Apple,1,904.42,0.18,0.18,875.12,UPI,Online,EMP217,1,0,Standard,7,EUR
ORD122766,19-08-2024,BR11,UAE,Abu Dhabi,CUST5155,PROD817,Laptop,HP Spectre x360,Sony,2,717.52,0.09,0.18,1540.95,Cash,In-Store,EMP622,1,1,Standard,9,EUR
ORD122767,04-08-2024,BR107,USA,Los Angeles,CUST2294,PROD711,Mobile,OnePlus 11,Sony,5,1102.12,0.02,0.18,6372.46,UPI,Online,EMP919,0,1,Express,10,INR
ORD122768,18-08-2023,BR42,India,Bangalore,CUST4197,PROD902,Laptop,Dell XPS 13,HP,2,815.06,0.22,0.18,1500.36,Cash,In-Store,EMP863,2,1,Express,1,INR
ORD122769,28-09-2024,BR46,USA,Los Angeles,CUST3185,PROD533,Accessories,Wireless Mouse,LG,5,1479.22,0.05,0.18,8291.03,Credit Card,Online,EMP266,2,1,Express,8,USD
ORD122770,15-03-2024,BR72,UAE,Dubai,CUST3968,PROD792,Tablet,Lenovo Tab P11,OnePlus,3,175.04,0.18,0.18,508.11,Net Banking,In-Store,EMP584,0,1,Express,3,INR
ORD122771,14-01-2024,BR106,India,Pune,CUST6815,PROD409,TV,Samsung QLED 50,HP,2,1992.43,0.28,0.18,3385.54,Credit Card,Online,EMP207,1,1,Express,5,USD
ORD122772,03-02-2023,BR20,Germany,Berlin,CUST7291,PROD613,Mobile,OnePlus 11,HP,5,1646.19,0.26,0.18,7187.27,Net Banking,Online,EMP237,1,0,Express,7,INR
ORD122773,04-08-2024,BR54,UK,London,CUST9793,PROD401,Mobile,OnePlus 11,Samsung,3,972.63,0.07,0.18,3202.09,Cash,In-Store,EMP986,3,1,Express,9,INR
ORD122774,09-06-2024,BR32,Germany,Berlin,CUST2390,PROD793,Tablet,iPad Air,Lenovo,1,1128.74,0.06,0.18,1252,Cash,Online,EMP702,2,0,Same Day,5,USD
ORD122775,13-02-2023,BR89,Germany,Berlin,CUST8118,PROD581,Accessories,Keyboard,Lenovo,3,1178.65,0.12,0.18,3671.73,Net Banking,Online,EMP640,3,1,Same Day,6,INR
ORD122776,28-10-2023,BR43,USA,Los Angeles,CUST5334,PROD298,TV,LG OLED 48,Sony,5,234.52,0.06,0.18,1300.65,Net Banking,In-Store,EMP784,3,0,Standard,2,INR
ORD122777,19-10-2023,BR120,India,Bangalore,CUST8480,PROD872,Tablet,iPad Air,Apple,3,600.37,0.01,0.18,2104.06,Credit Card,Online,EMP716,0,1,Express,1,INR
ORD122778,27-11-2023,BR39,India,Bangalore,CUST6335,PROD903,Tablet,iPad Air,Lenovo,1,1636.91,0.04,0.18,1854.29,Credit Card,In-Store,EMP441,2,1,Standard,9,GBP
ORD122779,13-02-2023,BR27,Germany,Munich,CUST8159,PROD714,Tablet,Samsung Galaxy Tab,Sony,1,853.71,0.2,0.18,805.9,Debit Card,Online,EMP289,3,1,Same Day,3,GBP
ORD122780,25-04-2023,BR67,UAE,Abu Dhabi,CUST6422,PROD310,TV,LG OLED 48,LG,1,1863.95,0.08,0.18,2023.5,Cash,In-Store,EMP312,3,1,Express,5,INR
ORD122781,07-03-2024,BR88,UAE,Dubai,CUST1048,PROD948,TV,LG OLED 48,HP,2,1152.41,0.17,0.18,2257.34,Credit Card,Online,EMP318,1,1,Same Day,6,EUR
ORD122782,25-12-2024,BR91,Germany,Hamburg,CUST8579,PROD257,Mobile,Samsung Galaxy S23,Dell,5,97.09,0.12,0.18,504.09,Cash,In-Store,EMP425,0,0,Standard,8,GBP
ORD122783,06-05-2023,BR71,USA,Chicago,CUST8957,PROD765,Laptop,HP Spectre x360,Lenovo,5,1421,0.14,0.18,7210.15,Cash,Online,EMP778,0,1,Express,1,GBP
ORD122784,25-03-2023,BR66,India,Delhi,CUST8736,PROD573,Mobile,iPhone 14,OnePlus,4,537.44,0.16,0.18,2130.84,Debit Card,In-Store,EMP248,0,1,Express,1,AED
ORD122785,28-09-2024,BR62,UK,Birmingham,CUST5801,PROD422,Laptop,Dell XPS 13,HP,1,1959.98,0.3,0.18,1618.94,UPI,Online,EMP809,1,1,Same Day,3,USD
ORD122786,19-04-2024,BR77,UAE,Abu Dhabi,CUST9804,PROD426,TV,LG OLED 48,LG,5,1298.2,0.15,0.18,6510.47,Debit Card,Online,EMP935,1,0,Same Day,5,AED
ORD122787,04-11-2023,BR43,Germany,Munich,CUST7699,PROD722,TV,Samsung QLED 50,Lenovo,3,113.55,0.24,0.18,305.49,Net Banking,In-Store,EMP696,2,1,Express,3,EUR
ORD122788,06-06-2023,BR20,Germany,Hamburg,CUST2745,PROD151,Mobile,iPhone 14,Dell,2,1470.63,0.12,0.18,3054.2,Debit Card,In-Store,EMP537,0,0,Same Day,1,AED
ORD122789,19-02-2023,BR13,USA,Dallas,CUST7617,PROD339,Accessories,Keyboard,HP,1,1177.85,0.17,0.18,1153.59,UPI,Online,EMP871,3,1,Same Day,8,AED
ORD122790,15-09-2024,BR52,UK,Manchester,CUST6322,PROD286,Accessories,Keyboard,Dell,1,312.12,0.22,0.18,287.28,Net Banking,In-Store,EMP378,3,1,Same Day,10,EUR
ORD122791,04-02-2024,BR118,USA,Chicago,CUST2468,PROD268,TV,Samsung QLED 50,Sony,3,249.22,0.09,0.18,802.84,Cash,Online,EMP794,2,0,Express,10,EUR
ORD122792,07-03-2023,BR23,USA,Dallas,CUST8373,PROD732,Mobile,Samsung Galaxy S23,Dell,5,1506.94,0.27,0.18,6490.39,Cash,Online,EMP310,1,0,Same Day,3,EUR
ORD122793,17-09-2023,BR65,India,Bangalore,CUST1556,PROD907,Tablet,Lenovo Tab P11,OnePlus,2,1903.21,0.25,0.18,3368.68,UPI,In-Store,EMP915,3,0,Same Day,2,EUR
ORD122794,30-06-2023,BR20,Germany,Hamburg,CUST6753,PROD198,Tablet,Samsung Galaxy Tab,Apple,3,1716.54,0.06,0.18,5711.96,Net Banking,In-Store,EMP795,2,1,Standard,10,GBP
ORD122795,15-03-2023,BR49,Germany,Berlin,CUST2154,PROD966,Accessories,Wireless Mouse,OnePlus,1,1331.58,0.19,0.18,1272.72,UPI,In-Store,EMP420,3,1,Same Day,7,EUR
ORD122796,08-03-2024,BR52,UAE,Abu Dhabi,CUST7682,PROD993,Accessories,Keyboard,Samsung,2,1064.2,0.05,0.18,2385.94,Credit Card,Online,EMP379,2,0,Express,4,USD
ORD122797,02-10-2024,BR81,UAE,Dubai,CUST6865,PROD652,Laptop,MacBook Air M2,Dell,2,253.33,0.27,0.18,436.44,Credit Card,In-Store,EMP756,1,1,Express,9,USD
ORD122798,12-09-2023,BR4,Germany,Berlin,CUST2484,PROD598,Accessories,Bluetooth Headphones,Samsung,1,1948.52,0.23,0.18,1770.43,Net Banking,In-Store,EMP220,3,1,Express,9,AED
ORD122799,06-06-2024,BR5,UK,London,CUST2510,PROD752,Laptop,Dell XPS 13,Lenovo,5,674.86,0.14,0.18,3424.24,Credit Card,Online,EMP809,3,1,Same Day,3,EUR
ORD122800,01-01-2023,BR28,Germany,Hamburg,CUST5813,PROD234,Tablet,Samsung Galaxy Tab,OnePlus,5,90.98,0.15,0.18,456.26,Debit Card,In-Store,EMP748,2,0,Standard,3,EUR
ORD122801,22-04-2024,BR102,UAE,Abu Dhabi,CUST6108,PROD308,Tablet,iPad Air,HP,2,1937.06,0.06,0.18,4297.17,UPI,Online,EMP675,3,1,Express,6,USD
ORD122802,18-11-2023,BR56,UK,Birmingham,CUST2446,PROD248,Laptop,HP Spectre x360,Lenovo,2,436.21,0.22,0.18,802.98,Debit Card,In-Store,EMP344,3,1,Express,6,GBP
ORD122803,29-12-2024,BR31,UK,Birmingham,CUST9308,PROD261,Tablet,Samsung Galaxy Tab,Samsung,4,865.84,0.15,0.18,3473.75,Debit Card,In-Store,EMP445,3,1,Standard,7,INR
ORD122804,14-01-2023,BR42,Germany,Berlin,CUST4656,PROD596,Tablet,Lenovo Tab P11,Dell,2,550.31,0.14,0.18,1116.91,Net Banking,Online,EMP933,1,1,Same Day,7,GBP
ORD122805,10-11-2024,BR26,USA,Los Angeles,CUST6113,PROD438,Tablet,Samsung Galaxy Tab,Samsung,3,671,0.26,0.18,1757.75,Debit Card,In-Store,EMP478,3,1,Standard,1,INR
ORD122806,22-12-2023,BR48,UK,Manchester,CUST6575,PROD975,Laptop,HP Spectre x360,OnePlus,2,211.83,0.2,0.18,399.94,UPI,In-Store,EMP482,1,1,Same Day,6,GBP
ORD122807,18-07-2023,BR17,USA,Chicago,CUST4814,PROD276,Mobile,Samsung Galaxy S23,Lenovo,1,1131.52,0,0.18,1335.19,Cash,Online,EMP860,3,0,Standard,7,GBP
ORD122808,15-05-2023,BR69,Germany,Berlin,CUST7428,PROD266,Laptop,MacBook Air M2,Samsung,3,155.65,0.23,0.18,424.27,Cash,Online,EMP793,2,1,Standard,6,INR
ORD122809,18-04-2024,BR119,USA,Los Angeles,CUST8225,PROD115,Laptop,MacBook Air M2,Sony,4,97.51,0.11,0.18,409.62,Debit Card,In-Store,EMP453,1,0,Same Day,4,AED
ORD122810,09-08-2024,BR108,UK,Birmingham,CUST1937,PROD649,TV,LG OLED 48,Samsung,1,242.49,0.17,0.18,237.49,UPI,In-Store,EMP588,1,0,Express,3,INR
ORD122811,10-09-2023,BR90,USA,Chicago,CUST8954,PROD991,Laptop,Dell XPS 13,Lenovo,5,381.16,0.16,0.18,1889.03,Credit Card,In-Store,EMP244,1,0,Express,8,EUR
ORD122812,17-03-2024,BR103,UK,Manchester,CUST1029,PROD628,TV,LG OLED 48,Samsung,5,1862.12,0.21,0.18,8679.34,Credit Card,Online,EMP906,1,1,Standard,5,GBP
ORD122813,23-03-2023,BR98,UK,Manchester,CUST8700,PROD142,Laptop,Dell XPS 13,Lenovo,2,290.9,0,0.18,686.52,Credit Card,Online,EMP576,3,1,Express,4,EUR
ORD122814,17-04-2024,BR2,UK,Manchester,CUST2292,PROD516,TV,Samsung QLED 50,Apple,1,497.9,0.13,0.18,511.14,Net Banking,In-Store,EMP401,0,1,Same Day,10,USD
ORD122815,07-02-2023,BR59,USA,New York,CUST3023,PROD542,Tablet,Samsung Galaxy Tab,LG,1,762.96,0.27,0.18,657.21,Debit Card,Online,EMP488,2,0,Express,1,AED
ORD122816,14-10-2024,BR39,UK,Birmingham,CUST3187,PROD517,Tablet,Lenovo Tab P11,Apple,1,873.2,0.12,0.18,906.73,Credit Card,Online,EMP488,2,1,Express,5,INR
ORD122817,09-11-2023,BR36,India,Pune,CUST3254,PROD618,Tablet,Lenovo Tab P11,Dell,1,604.78,0.02,0.18,699.37,Debit Card,Online,EMP363,1,0,Same Day,6,USD
ORD122818,02-12-2024,BR81,India,Bangalore,CUST9371,PROD663,Accessories,Keyboard,Apple,5,772.29,0.23,0.18,3508.51,Debit Card,In-Store,EMP529,3,0,Standard,1,EUR
ORD122819,01-02-2024,BR103,Germany,Munich,CUST6667,PROD567,Laptop,MacBook Air M2,Samsung,4,1159.5,0.08,0.18,5035.01,UPI,Online,EMP828,1,1,Same Day,6,AED
ORD122820,25-02-2024,BR116,UK,Birmingham,CUST8928,PROD804,TV,Samsung QLED 50,Dell,3,362.85,0.28,0.18,924.83,Credit Card,Online,EMP585,0,1,Same Day,6,GBP
ORD122821,30-03-2023,BR20,India,Pune,CUST1420,PROD626,Tablet,iPad Air,Dell,4,1988.85,0.13,0.18,8167.01,Debit Card,In-Store,EMP475,0,1,Same Day,2,USD
ORD122822,13-02-2023,BR34,Germany,Munich,CUST4927,PROD137,Mobile,Samsung Galaxy S23,Sony,5,1919.7,0.28,0.18,8154.89,Credit Card,In-Store,EMP741,0,1,Standard,4,USD
ORD122823,09-01-2023,BR51,India,Bangalore,CUST1441,PROD890,Tablet,iPad Air,Apple,2,707.98,0.04,0.18,1604,Net Banking,Online,EMP635,0,0,Express,8,EUR
ORD122824,12-06-2023,BR47,USA,Chicago,CUST4699,PROD246,Laptop,HP Spectre x360,OnePlus,4,533.54,0.25,0.18,1888.73,Credit Card,Online,EMP901,1,1,Express,8,GBP
ORD122825,01-09-2023,BR29,UK,Manchester,CUST9645,PROD106,Tablet,Samsung Galaxy Tab,Apple,2,1688.5,0.05,0.18,3785.62,Debit Card,In-Store,EMP565,0,0,Standard,10,EUR
ORD122826,29-09-2023,BR111,USA,Dallas,CUST6583,PROD804,TV,LG OLED 48,LG,3,59.67,0.09,0.18,192.22,Credit Card,Online,EMP987,3,0,Express,5,AED
ORD122827,05-10-2023,BR81,UAE,Abu Dhabi,CUST4870,PROD294,Laptop,HP Spectre x360,Dell,5,1806.47,0.19,0.18,8633.12,Cash,In-Store,EMP562,3,0,Same Day,1,USD
ORD122828,20-04-2023,BR64,UAE,Abu Dhabi,CUST3162,PROD799,Tablet,Lenovo Tab P11,Apple,2,514.81,0.16,0.18,1020.56,UPI,Online,EMP235,3,0,Standard,10,AED
ORD122829,20-02-2024,BR80,UK,Birmingham,CUST9231,PROD128,Laptop,MacBook Air M2,Dell,2,1382.41,0.19,0.18,2642.61,Net Banking,Online,EMP389,1,0,Express,5,USD
ORD122830,20-05-2024,BR97,UAE,Dubai,CUST9734,PROD563,Accessories,Wireless Mouse,OnePlus,4,626.63,0.18,0.18,2425.31,Credit Card,In-Store,EMP791,3,1,Standard,5,EUR
ORD122831,24-04-2024,BR103,UAE,Dubai,CUST4080,PROD564,Tablet,iPad Air,Lenovo,4,1381.41,0.3,0.18,4564.18,UPI,In-Store,EMP250,1,1,Standard,8,GBP
ORD122832,07-08-2024,BR71,UAE,Dubai,CUST6752,PROD668,Mobile,OnePlus 11,Samsung,2,1356.43,0.25,0.18,2400.88,Net Banking,In-Store,EMP214,3,1,Same Day,10,INR
ORD122833,16-10-2024,BR64,UK,Birmingham,CUST5445,PROD960,Laptop,MacBook Air M2,OnePlus,4,261.82,0.09,0.18,1124.57,Credit Card,In-Store,EMP949,0,1,Standard,1,EUR
ORD122834,17-02-2023,BR88,UAE,Abu Dhabi,CUST7594,PROD972,Accessories,Keyboard,LG,2,1837.02,0.02,0.18,4248.66,Debit Card,Online,EMP500,2,0,Express,7,EUR
ORD122835,01-08-2024,BR68,Germany,Munich,CUST3229,PROD243,Tablet,Samsung Galaxy Tab,Dell,1,652.06,0.02,0.18,754.04,Cash,Online,EMP298,1,0,Same Day,4,EUR
ORD122836,23-08-2024,BR93,Germany,Munich,CUST9806,PROD656,Mobile,iPhone 14,Sony,2,1763.73,0.08,0.18,3829.41,Debit Card,Online,EMP665,2,0,Express,4,USD
ORD122837,18-01-2024,BR72,India,Delhi,CUST5518,PROD716,Accessories,Bluetooth Headphones,Apple,5,1339.57,0.22,0.18,6164.7,UPI,In-Store,EMP981,3,0,Same Day,10,USD
ORD122838,24-10-2024,BR100,UK,London,CUST5798,PROD387,Mobile,OnePlus 11,Samsung,5,1312.17,0.19,0.18,6270.86,Net Banking,Online,EMP231,1,0,Same Day,9,INR
ORD122839,17-01-2023,BR105,UK,Manchester,CUST3836,PROD714,TV,Sony Bravia 55,Sony,1,1191.8,0.09,0.18,1279.75,Cash,Online,EMP974,2,0,Same Day,10,AED
ORD122840,08-10-2023,BR89,UK,Birmingham,CUST7771,PROD452,TV,Sony Bravia 55,Sony,3,1555.74,0.16,0.18,4626.15,Credit Card,In-Store,EMP953,0,0,Standard,3,EUR
ORD122841,15-04-2024,BR43,Germany,Berlin,CUST5014,PROD122,Accessories,Keyboard,HP,3,1261.3,0.06,0.18,4197.1,UPI,Online,EMP538,1,0,Same Day,9,GBP
ORD122842,10-04-2023,BR50,India,Mumbai,CUST1731,PROD942,Accessories,Keyboard,Sony,3,1483,0.17,0.18,4357.35,UPI,Online,EMP518,3,1,Express,4,GBP
ORD122843,27-10-2023,BR31,USA,New York,CUST6362,PROD796,Mobile,iPhone 14,OnePlus,4,1764.45,0.3,0.18,5829.74,UPI,Online,EMP631,2,0,Same Day,2,INR
ORD122844,21-08-2024,BR16,UK,Manchester,CUST8404,PROD925,Accessories,Wireless Mouse,HP,3,67.14,0.04,0.18,228.17,Credit Card,Online,EMP500,3,1,Standard,8,AED
ORD122845,24-07-2024,BR5,USA,New York,CUST3377,PROD676,Laptop,HP Spectre x360,OnePlus,1,518.1,0.21,0.18,482.97,Debit Card,In-Store,EMP764,1,0,Standard,5,INR
ORD122846,24-11-2024,BR89,UK,Manchester,CUST2884,PROD165,Accessories,Bluetooth Headphones,OnePlus,5,1286.46,0.22,0.18,5920.29,Net Banking,Online,EMP616,2,1,Express,3,EUR
ORD122847,02-11-2023,BR26,Germany,Hamburg,CUST9940,PROD546,Mobile,Samsung Galaxy S23,Sony,1,1580.9,0.25,0.18,1399.1,Net Banking,In-Store,EMP408,2,0,Same Day,1,INR
ORD122848,15-10-2023,BR38,USA,Dallas,CUST9437,PROD747,TV,LG OLED 48,Samsung,1,477.52,0.27,0.18,411.34,Credit Card,In-Store,EMP705,2,1,Same Day,9,USD
ORD122849,24-09-2023,BR66,USA,Dallas,CUST5466,PROD761,Mobile,Samsung Galaxy S23,HP,1,1168.02,0.2,0.18,1102.61,Debit Card,In-Store,EMP869,3,0,Same Day,5,EUR
ORD122850,19-02-2023,BR114,India,Bangalore,CUST4134,PROD668,Laptop,HP Spectre x360,OnePlus,3,686.76,0.06,0.18,2285.26,Cash,Online,EMP885,1,1,Express,2,USD
ORD122851,05-03-2024,BR60,India,Delhi,CUST6498,PROD849,TV,LG OLED 48,Apple,2,198.3,0.08,0.18,430.55,UPI,In-Store,EMP931,0,1,Standard,2,EUR
ORD122852,14-03-2023,BR86,UK,Manchester,CUST4710,PROD346,Laptop,Dell XPS 13,Dell,1,1384.31,0.27,0.18,1192.44,Net Banking,In-Store,EMP663,1,0,Same Day,4,EUR
ORD122853,28-05-2023,BR79,UK,Manchester,CUST4092,PROD719,Mobile,iPhone 14,OnePlus,3,1856.3,0.24,0.18,4994.19,UPI,In-Store,EMP301,2,0,Express,5,AED
ORD122854,07-03-2024,BR34,Germany,Munich,CUST1417,PROD286,Tablet,Lenovo Tab P11,Sony,2,1586.76,0.21,0.18,2958.36,Debit Card,In-Store,EMP465,3,0,Standard,7,USD
ORD122855,14-07-2024,BR98,UAE,Dubai,CUST8703,PROD815,Laptop,Dell XPS 13,OnePlus,4,581.86,0.18,0.18,2252.03,Cash,Online,EMP413,2,0,Express,2,GBP
ORD122856,30-04-2024,BR4,USA,Dallas,CUST6657,PROD674,Laptop,HP Spectre x360,HP,3,1222.25,0.1,0.18,3894.09,Net Banking,Online,EMP787,3,0,Express,6,USD
ORD122857,09-11-2023,BR102,India,Mumbai,CUST6446,PROD556,Laptop,MacBook Air M2,Apple,4,471.19,0.09,0.18,2023.86,Credit Card,In-Store,EMP620,1,1,Express,1,EUR
ORD122858,03-03-2023,BR103,UK,Birmingham,CUST6215,PROD225,TV,LG OLED 48,Lenovo,3,1153.12,0.26,0.18,3020.71,Credit Card,In-Store,EMP586,2,0,Standard,5,GBP
ORD122859,25-05-2023,BR77,UK,Birmingham,CUST8364,PROD596,TV,LG OLED 48,Lenovo,4,767.41,0.25,0.18,2716.63,UPI,Online,EMP603,3,0,Express,8,INR
ORD122860,07-08-2024,BR13,UK,Manchester,CUST5281,PROD423,Tablet,Lenovo Tab P11,Samsung,1,1314.28,0.01,0.18,1535.34,Debit Card,Online,EMP382,0,1,Standard,1,USD
ORD122861,31-05-2023,BR108,USA,New York,CUST2119,PROD712,TV,Samsung QLED 50,LG,3,1214.75,0.24,0.18,3268.16,UPI,In-Store,EMP332,3,0,Same Day,2,USD
ORD122862,26-03-2023,BR42,UAE,Abu Dhabi,CUST1467,PROD943,Mobile,OnePlus 11,Sony,2,855.97,0.17,0.18,1676.67,Credit Card,In-Store,EMP915,1,0,Same Day,4,EUR
ORD122863,05-09-2024,BR110,Germany,Hamburg,CUST1401,PROD416,Tablet,Samsung Galaxy Tab,Sony,3,1197.48,0.16,0.18,3560.83,UPI,In-Store,EMP285,1,1,Standard,6,EUR
ORD122864,24-12-2024,BR29,India,Pune,CUST4580,PROD210,Laptop,HP Spectre x360,Dell,1,1291.46,0.12,0.18,1341.05,UPI,Online,EMP310,3,0,Standard,8,AED
ORD122865,29-12-2024,BR78,UAE,Dubai,CUST7212,PROD909,Accessories,Keyboard,Apple,4,1736.46,0.04,0.18,7868.25,Credit Card,In-Store,EMP742,1,1,Same Day,5,AED
ORD122866,20-07-2023,BR106,UAE,Dubai,CUST5187,PROD280,Tablet,Lenovo Tab P11,Lenovo,2,519.08,0.1,0.18,1102.53,Cash,Online,EMP217,2,1,Standard,3,USD
ORD122867,31-08-2023,BR68,USA,New York,CUST3004,PROD255,Tablet,Samsung Galaxy Tab,OnePlus,2,519.8,0.06,0.18,1153.12,Cash,In-Store,EMP896,1,0,Express,1,USD
ORD122868,13-05-2023,BR41,USA,Dallas,CUST9432,PROD108,TV,Sony Bravia 55,Lenovo,5,1506.98,0.17,0.18,7379.68,Cash,In-Store,EMP804,1,0,Express,6,AED
ORD122869,02-03-2023,BR20,UK,Manchester,CUST7506,PROD922,TV,LG OLED 48,LG,2,1679.8,0.08,0.18,3647.18,Debit Card,In-Store,EMP990,2,0,Same Day,2,GBP
ORD122870,26-05-2024,BR14,UAE,Dubai,CUST8741,PROD659,Mobile,OnePlus 11,Dell,3,349.8,0.23,0.18,953.48,UPI,Online,EMP315,0,1,Same Day,1,INR
ORD122871,16-07-2023,BR94,USA,New York,CUST7010,PROD124,Laptop,Dell XPS 13,OnePlus,3,1330.44,0.23,0.18,3626.51,Debit Card,Online,EMP523,3,1,Standard,7,EUR
ORD122872,02-03-2023,BR114,India,Mumbai,CUST9019,PROD521,Mobile,Samsung Galaxy S23,Apple,3,107.66,0.2,0.18,304.89,UPI,Online,EMP687,1,0,Express,10,AED
ORD122873,13-04-2023,BR72,USA,New York,CUST4577,PROD601,Laptop,HP Spectre x360,HP,2,1471.75,0.15,0.18,2952.33,Debit Card,Online,EMP577,0,0,Same Day,5,AED
ORD122874,18-01-2023,BR51,USA,New York,CUST8622,PROD477,Tablet,iPad Air,LG,2,1182.94,0.1,0.18,2512.56,Cash,Online,EMP759,0,0,Same Day,6,USD
ORD122875,28-03-2023,BR102,Germany,Berlin,CUST7047,PROD370,Mobile,OnePlus 11,Dell,5,634.25,0.27,0.18,2731.71,Credit Card,Online,EMP507,0,0,Express,7,USD
ORD122876,04-11-2024,BR59,Germany,Munich,CUST4808,PROD641,Laptop,MacBook Air M2,Lenovo,3,1771.95,0.04,0.18,6021.79,Net Banking,In-Store,EMP964,1,1,Standard,2,USD
ORD122877,03-09-2024,BR44,USA,Los Angeles,CUST5576,PROD608,Tablet,Lenovo Tab P11,Apple,2,1762.03,0.17,0.18,3451.46,UPI,Online,EMP592,3,0,Express,5,EUR
ORD122878,02-08-2024,BR88,UK,London,CUST3074,PROD699,TV,Samsung QLED 50,Sony,5,222.08,0.27,0.18,956.5,Net Banking,In-Store,EMP577,0,1,Same Day,6,INR
ORD122879,16-02-2024,BR33,India,Mumbai,CUST3130,PROD128,Tablet,Lenovo Tab P11,Apple,4,826.3,0.03,0.18,3783.13,UPI,Online,EMP681,3,1,Standard,5,USD
ORD122880,20-03-2024,BR8,UK,London,CUST5377,PROD661,Mobile,Samsung Galaxy S23,Dell,1,763.45,0.04,0.18,864.84,Cash,Online,EMP891,0,1,Same Day,2,USD
ORD122881,16-05-2024,BR11,India,Mumbai,CUST6514,PROD817,Accessories,Wireless Mouse,Lenovo,1,648.99,0.02,0.18,750.49,UPI,Online,EMP842,0,0,Express,3,EUR
ORD122882,05-04-2024,BR10,UK,Manchester,CUST7856,PROD830,Tablet,Lenovo Tab P11,Dell,5,447.52,0.27,0.18,1927.47,Debit Card,Online,EMP425,0,1,Express,1,AED
ORD122883,07-08-2023,BR101,India,Bangalore,CUST1572,PROD462,Laptop,MacBook Air M2,Apple,4,412.79,0.28,0.18,1402.83,Cash,In-Store,EMP987,3,1,Standard,6,AED
ORD122884,20-06-2023,BR83,UAE,Abu Dhabi,CUST8459,PROD432,Accessories,Wireless Mouse,LG,1,712.4,0.14,0.18,722.94,UPI,Online,EMP922,0,1,Standard,5,GBP
ORD122885,12-04-2024,BR37,USA,Los Angeles,CUST5512,PROD117,TV,Samsung QLED 50,Apple,3,489.82,0.29,0.18,1231.11,UPI,Online,EMP205,3,1,Express,8,INR
ORD122886,17-12-2023,BR57,Germany,Hamburg,CUST9844,PROD159,Tablet,Lenovo Tab P11,LG,4,525.75,0.08,0.18,2283.02,Cash,In-Store,EMP489,3,1,Express,3,AED
ORD122887,18-06-2023,BR4,Germany,Hamburg,CUST6413,PROD831,Tablet,iPad Air,LG,3,1928.75,0.02,0.18,6691.22,Cash,In-Store,EMP694,1,0,Express,3,EUR
ORD122888,25-11-2024,BR3,USA,Chicago,CUST1431,PROD224,Tablet,Lenovo Tab P11,Lenovo,4,393.04,0.14,0.18,1595.43,Debit Card,Online,EMP326,0,0,Express,8,AED
ORD122889,10-02-2024,BR57,UAE,Dubai,CUST7935,PROD938,Tablet,Lenovo Tab P11,Lenovo,4,1253.98,0.13,0.18,5149.34,Cash,Online,EMP731,0,1,Express,4,INR
ORD122890,17-10-2023,BR59,UAE,Abu Dhabi,CUST9079,PROD647,Accessories,Wireless Mouse,Dell,1,393.3,0.17,0.18,385.2,Debit Card,In-Store,EMP790,1,0,Standard,1,USD
ORD122891,29-10-2024,BR91,UAE,Dubai,CUST8807,PROD126,Tablet,Samsung Galaxy Tab,Samsung,1,1143.72,0.1,0.18,1214.63,Net Banking,Online,EMP559,0,1,Standard,9,USD
ORD122892,13-01-2024,BR119,USA,New York,CUST2108,PROD802,Tablet,Samsung Galaxy Tab,Samsung,4,916.83,0.24,0.18,3288.85,UPI,Online,EMP703,1,1,Express,4,USD
ORD122893,07-06-2023,BR54,UK,London,CUST5139,PROD524,TV,LG OLED 48,HP,3,1638.96,0.21,0.18,4583.52,Net Banking,In-Store,EMP807,1,1,Same Day,7,INR
ORD122894,03-12-2024,BR111,USA,New York,CUST7174,PROD892,Laptop,MacBook Air M2,Sony,3,708.73,0.07,0.18,2333.28,Cash,In-Store,EMP324,2,1,Express,1,AED
ORD122895,01-10-2024,BR93,UAE,Dubai,CUST6334,PROD972,Tablet,iPad Air,Lenovo,1,1089.56,0.14,0.18,1105.69,UPI,In-Store,EMP240,0,1,Express,6,GBP
ORD122896,26-04-2024,BR73,India,Bangalore,CUST4317,PROD668,TV,Sony Bravia 55,Sony,4,273.61,0.06,0.18,1213.95,Net Banking,Online,EMP718,0,1,Same Day,7,AED
ORD122897,30-03-2024,BR81,USA,Dallas,CUST5884,PROD405,TV,LG OLED 48,OnePlus,2,1641.42,0.05,0.18,3680.06,Credit Card,In-Store,EMP701,1,1,Standard,4,AED
ORD122898,19-08-2024,BR118,India,Bangalore,CUST8015,PROD394,Laptop,MacBook Air M2,Apple,1,179.06,0.28,0.18,152.13,Credit Card,Online,EMP508,1,1,Same Day,3,USD
ORD122899,25-09-2024,BR34,Germany,Munich,CUST6708,PROD208,Accessories,Bluetooth Headphones,OnePlus,4,313.12,0.25,0.18,1108.44,UPI,In-Store,EMP695,3,0,Express,8,AED
ORD122900,17-05-2023,BR109,UAE,Dubai,CUST6964,PROD785,Mobile,iPhone 14,Lenovo,1,1293.06,0.22,0.18,1190.13,UPI,In-Store,EMP792,0,0,Express,6,USD
ORD122901,30-06-2023,BR102,UAE,Abu Dhabi,CUST3083,PROD166,Accessories,Bluetooth Headphones,OnePlus,3,133.57,0.28,0.18,340.44,UPI,In-Store,EMP592,2,0,Express,4,INR
ORD122902,26-03-2024,BR82,USA,Chicago,CUST8600,PROD984,Accessories,Wireless Mouse,LG,4,621.72,0.2,0.18,2347.61,Net Banking,Online,EMP271,0,1,Standard,6,GBP
ORD122903,10-09-2023,BR55,India,Delhi,CUST6529,PROD976,Accessories,Bluetooth Headphones,OnePlus,2,219.89,0.15,0.18,441.1,Credit Card,Online,EMP769,3,0,Standard,6,USD
ORD122904,26-08-2024,BR10,Germany,Munich,CUST9112,PROD488,Laptop,Dell XPS 13,Samsung,1,983.14,0.02,0.18,1136.9,UPI,Online,EMP305,2,1,Same Day,5,GBP
ORD122905,26-07-2023,BR95,UAE,Abu Dhabi,CUST3139,PROD962,Mobile,Samsung Galaxy S23,Dell,1,661.63,0.09,0.18,710.46,Net Banking,In-Store,EMP504,3,0,Same Day,2,AED
ORD122906,27-03-2024,BR41,UAE,Abu Dhabi,CUST9947,PROD503,Tablet,Lenovo Tab P11,LG,2,790.66,0.25,0.18,1399.47,Debit Card,Online,EMP816,3,1,Standard,7,USD
ORD122907,10-09-2024,BR84,USA,New York,CUST7883,PROD814,Laptop,Dell XPS 13,HP,3,213.9,0.24,0.18,575.48,UPI,In-Store,EMP453,3,0,Express,5,AED
ORD122908,08-01-2024,BR70,UK,Manchester,CUST7529,PROD549,Tablet,Samsung Galaxy Tab,Apple,4,1885.49,0.1,0.18,8009.56,UPI,Online,EMP250,0,0,Express,1,USD
ORD122909,07-01-2024,BR103,USA,Dallas,CUST8312,PROD493,Mobile,iPhone 14,Sony,4,1816.14,0,0.18,8572.18,UPI,Online,EMP880,2,1,Express,3,EUR
ORD122910,27-05-2023,BR49,Germany,Berlin,CUST1070,PROD781,Tablet,Samsung Galaxy Tab,OnePlus,1,621.28,0.19,0.18,593.82,UPI,In-Store,EMP989,1,0,Standard,6,USD
ORD122911,31-05-2023,BR14,UK,Manchester,CUST3854,PROD204,Tablet,Lenovo Tab P11,Sony,1,609.93,0.03,0.18,698.13,Credit Card,In-Store,EMP882,1,1,Express,3,AED
ORD122912,16-07-2024,BR119,Germany,Berlin,CUST6365,PROD825,Accessories,Keyboard,HP,4,1809.77,0.26,0.18,6321.16,UPI,In-Store,EMP514,1,0,Same Day,3,INR
ORD122913,04-11-2023,BR1,UAE,Abu Dhabi,CUST9644,PROD457,Tablet,Samsung Galaxy Tab,Dell,2,1594.61,0.1,0.18,3386.95,Credit Card,Online,EMP786,1,1,Same Day,3,AED
ORD122914,09-12-2023,BR78,India,Pune,CUST1626,PROD546,Laptop,HP Spectre x360,Samsung,2,700.51,0.17,0.18,1372.16,Credit Card,Online,EMP675,0,1,Same Day,3,GBP
ORD122915,20-08-2023,BR106,UAE,Dubai,CUST6850,PROD839,Tablet,iPad Air,Apple,3,971.87,0.29,0.18,2442.7,Debit Card,In-Store,EMP987,1,0,Standard,7,EUR
ORD122916,14-02-2023,BR39,India,Delhi,CUST2166,PROD779,Laptop,HP Spectre x360,Apple,3,1304.49,0.01,0.18,4571.72,Net Banking,In-Store,EMP675,3,0,Same Day,3,USD
ORD122917,17-09-2024,BR78,UAE,Abu Dhabi,CUST4622,PROD446,Accessories,Bluetooth Headphones,Dell,1,1493.08,0.02,0.18,1726.6,Credit Card,In-Store,EMP296,1,1,Standard,9,AED
ORD122918,01-07-2024,BR25,USA,Chicago,CUST6880,PROD851,Laptop,MacBook Air M2,Apple,1,442,0.1,0.18,469.4,Credit Card,In-Store,EMP844,0,0,Express,1,AED
ORD122919,07-09-2024,BR69,UK,Manchester,CUST2183,PROD124,Accessories,Bluetooth Headphones,Dell,3,408.57,0.01,0.18,1431.87,Credit Card,Online,EMP753,0,1,Same Day,3,EUR
ORD122920,02-01-2023,BR82,Germany,Hamburg,CUST6723,PROD251,Tablet,Samsung Galaxy Tab,HP,5,1162.66,0.17,0.18,5693.55,Credit Card,Online,EMP883,2,0,Standard,4,AED
ORD122921,31-12-2023,BR115,India,Bangalore,CUST5811,PROD382,TV,LG OLED 48,LG,4,1682.05,0.03,0.18,7701.1,Cash,Online,EMP325,2,1,Standard,3,AED
ORD122922,29-01-2024,BR65,UK,Birmingham,CUST5080,PROD176,Accessories,Bluetooth Headphones,Lenovo,3,1853.15,0.05,0.18,6232.14,Credit Card,Online,EMP210,1,0,Same Day,5,EUR
ORD122923,12-05-2024,BR54,UAE,Dubai,CUST1302,PROD827,TV,Sony Bravia 55,OnePlus,3,174.38,0.08,0.18,567.92,Cash,Online,EMP363,2,0,Standard,6,INR
ORD122924,01-09-2024,BR4,UAE,Dubai,CUST1876,PROD775,Tablet,Lenovo Tab P11,OnePlus,2,881.55,0.1,0.18,1872.41,Credit Card,In-Store,EMP838,2,0,Same Day,1,INR
ORD122925,14-08-2023,BR54,UAE,Dubai,CUST7491,PROD956,TV,Samsung QLED 50,HP,4,293.84,0.16,0.18,1165.02,Debit Card,In-Store,EMP230,3,0,Same Day,3,EUR
ORD122926,03-04-2023,BR103,UAE,Abu Dhabi,CUST1423,PROD207,Accessories,Keyboard,Dell,4,650.92,0.14,0.18,2642.21,Net Banking,Online,EMP738,0,1,Express,4,USD
ORD122927,09-03-2023,BR102,India,Pune,CUST4968,PROD166,Tablet,Lenovo Tab P11,Sony,3,1961.5,0.01,0.18,6874.27,Debit Card,In-Store,EMP851,3,0,Standard,7,AED
ORD122928,12-11-2023,BR18,USA,New York,CUST7185,PROD813,Mobile,OnePlus 11,Lenovo,1,1627.31,0.07,0.18,1785.81,Cash,Online,EMP532,0,0,Same Day,9,USD
ORD122929,01-05-2024,BR82,India,Mumbai,CUST2782,PROD760,Tablet,Samsung Galaxy Tab,LG,1,1337.25,0.03,0.18,1530.62,Debit Card,Online,EMP457,3,0,Express,4,GBP
ORD122930,03-06-2023,BR58,UAE,Abu Dhabi,CUST1962,PROD359,Tablet,Lenovo Tab P11,Dell,5,1681.78,0.08,0.18,9128.7,Net Banking,In-Store,EMP715,0,0,Standard,10,GBP
ORD122931,24-03-2023,BR60,India,Pune,CUST8902,PROD886,Laptop,MacBook Air M2,Apple,1,1934.02,0.19,0.18,1848.54,Net Banking,Online,EMP499,3,1,Express,8,AED
ORD122932,31-07-2024,BR53,India,Mumbai,CUST1875,PROD230,Tablet,Lenovo Tab P11,Sony,3,266.2,0.06,0.18,885.81,Credit Card,Online,EMP930,3,0,Same Day,3,GBP
ORD122933,08-10-2024,BR53,USA,New York,CUST6684,PROD431,TV,Sony Bravia 55,Lenovo,2,1386.11,0.08,0.18,3009.52,Credit Card,In-Store,EMP659,0,0,Same Day,7,AED
ORD122934,21-09-2024,BR41,USA,New York,CUST5660,PROD610,Accessories,Wireless Mouse,OnePlus,5,800.52,0.22,0.18,3683.99,UPI,In-Store,EMP219,1,0,Express,2,USD
ORD122935,22-06-2023,BR44,Germany,Munich,CUST9693,PROD311,Accessories,Keyboard,Dell,2,1861.6,0.17,0.18,3646.5,Net Banking,In-Store,EMP703,1,0,Same Day,4,GBP
ORD122936,20-05-2024,BR38,India,Bangalore,CUST5576,PROD599,TV,Samsung QLED 50,Samsung,1,1334.45,0.1,0.18,1417.19,UPI,Online,EMP776,3,0,Express,3,GBP
ORD122937,17-04-2023,BR87,USA,New York,CUST6610,PROD640,Tablet,Samsung Galaxy Tab,HP,5,420.3,0.01,0.18,2454.97,UPI,Online,EMP491,0,1,Express,8,EUR
ORD122938,13-09-2024,BR50,USA,Los Angeles,CUST3704,PROD775,Laptop,Dell XPS 13,OnePlus,1,289.17,0.21,0.18,269.56,Net Banking,In-Store,EMP546,3,0,Express,2,INR
ORD122939,15-09-2024,BR24,UK,Birmingham,CUST7293,PROD338,TV,LG OLED 48,Sony,3,820.79,0.02,0.18,2847.48,Net Banking,Online,EMP902,0,1,Standard,3,AED
ORD122940,11-03-2024,BR19,Germany,Berlin,CUST8254,PROD514,Accessories,Wireless Mouse,Apple,2,1520.23,0,0.18,3587.74,Debit Card,Online,EMP255,2,1,Express,5,USD
ORD122941,24-11-2024,BR91,India,Bangalore,CUST4010,PROD772,Accessories,Wireless Mouse,Apple,1,1050.46,0.29,0.18,880.08,UPI,In-Store,EMP204,2,1,Same Day,5,USD
ORD122942,01-11-2023,BR36,UK,Manchester,CUST4033,PROD807,Laptop,Dell XPS 13,Sony,1,408.96,0.27,0.18,352.28,Net Banking,In-Store,EMP927,2,0,Same Day,8,EUR
ORD122943,18-09-2023,BR101,UK,Birmingham,CUST1371,PROD836,Laptop,Dell XPS 13,Apple,3,1131.35,0.2,0.18,3203.98,UPI,In-Store,EMP368,1,1,Same Day,7,USD
ORD122944,05-04-2024,BR57,UAE,Dubai,CUST7635,PROD948,TV,Samsung QLED 50,Dell,3,958.45,0.05,0.18,3223.27,UPI,In-Store,EMP403,2,1,Express,4,EUR
ORD122945,08-08-2023,BR86,India,Mumbai,CUST7585,PROD842,Accessories,Bluetooth Headphones,OnePlus,2,386.88,0.21,0.18,721.3,Net Banking,In-Store,EMP586,1,1,Standard,9,INR
ORD122946,03-07-2024,BR101,USA,Chicago,CUST8204,PROD184,Mobile,Samsung Galaxy S23,Lenovo,2,1688.68,0,0.18,3985.28,Debit Card,In-Store,EMP521,0,1,Express,7,AED
ORD122947,02-11-2024,BR90,India,Mumbai,CUST2901,PROD447,TV,LG OLED 48,Lenovo,3,1917.45,0.26,0.18,5022.95,Cash,In-Store,EMP505,3,0,Standard,1,USD
ORD122948,21-02-2023,BR2,USA,Los Angeles,CUST5994,PROD187,Laptop,HP Spectre x360,Sony,4,1650.35,0.03,0.18,7555.96,Cash,Online,EMP950,2,1,Same Day,9,INR
ORD122949,13-06-2023,BR44,UAE,Dubai,CUST9961,PROD659,Mobile,iPhone 14,HP,3,574.5,0.12,0.18,1789.68,Credit Card,Online,EMP558,3,1,Express,6,GBP
ORD122950,18-02-2024,BR85,USA,New York,CUST4282,PROD164,Laptop,HP Spectre x360,HP,3,1835.79,0.14,0.18,5588.88,Debit Card,In-Store,EMP783,3,0,Standard,1,EUR
ORD122951,18-10-2024,BR12,India,Pune,CUST4451,PROD815,Mobile,OnePlus 11,Samsung,3,258.03,0.18,0.18,749.01,Net Banking,In-Store,EMP284,0,1,Express,8,EUR
ORD122952,13-10-2023,BR31,Germany,Munich,CUST2100,PROD467,Mobile,OnePlus 11,Sony,3,853.96,0.06,0.18,2841.64,UPI,Online,EMP704,2,0,Standard,3,USD
ORD122953,13-10-2023,BR32,UK,Manchester,CUST4379,PROD907,Mobile,iPhone 14,Lenovo,3,767.63,0.11,0.18,2418.5,Credit Card,In-Store,EMP719,0,0,Standard,7,EUR
ORD122954,15-08-2024,BR26,UAE,Dubai,CUST9838,PROD444,Accessories,Bluetooth Headphones,Apple,2,605.29,0.26,0.18,1057.08,UPI,Online,EMP806,0,1,Same Day,1,AED
ORD122955,15-10-2024,BR43,UAE,Dubai,CUST2812,PROD774,TV,Sony Bravia 55,Dell,4,1949.65,0.24,0.18,6993.78,Net Banking,Online,EMP286,0,0,Standard,2,GBP
ORD122956,09-10-2024,BR54,Germany,Hamburg,CUST6868,PROD822,Mobile,iPhone 14,Sony,1,1268.7,0.02,0.18,1467.12,Net Banking,Online,EMP357,1,1,Standard,10,EUR
ORD122957,08-12-2023,BR75,UK,London,CUST7500,PROD594,Accessories,Keyboard,Dell,5,1722.69,0.16,0.18,8537.65,Debit Card,Online,EMP651,3,1,Same Day,1,INR
ORD122958,19-05-2024,BR17,India,Mumbai,CUST6381,PROD649,TV,Sony Bravia 55,Lenovo,4,1183.24,0.23,0.18,4300.37,Debit Card,Online,EMP776,3,0,Express,8,USD
ORD122959,18-02-2024,BR119,India,Bangalore,CUST1714,PROD105,Accessories,Bluetooth Headphones,Apple,5,1402.75,0.13,0.18,7200.32,Cash,Online,EMP887,0,0,Standard,8,EUR
ORD122960,14-04-2024,BR91,India,Mumbai,CUST4467,PROD149,TV,Sony Bravia 55,Apple,1,512.01,0.13,0.18,525.63,Net Banking,Online,EMP908,2,1,Standard,6,USD
ORD122961,31-05-2024,BR47,UK,London,CUST4386,PROD607,Tablet,iPad Air,OnePlus,3,490.78,0.08,0.18,1598.37,Credit Card,In-Store,EMP759,0,0,Express,8,EUR
ORD122962,02-09-2023,BR7,USA,Los Angeles,CUST2479,PROD539,TV,Samsung QLED 50,Lenovo,3,231.44,0.25,0.18,614.47,Debit Card,In-Store,EMP879,3,1,Same Day,7,INR
ORD122963,18-02-2024,BR105,UK,Birmingham,CUST1055,PROD995,Accessories,Bluetooth Headphones,LG,3,500.37,0.08,0.18,1629.61,Net Banking,In-Store,EMP492,2,1,Standard,10,GBP
ORD122964,07-08-2023,BR61,UK,Birmingham,CUST7218,PROD904,Mobile,Samsung Galaxy S23,Samsung,4,209.51,0.17,0.18,820.78,Credit Card,In-Store,EMP272,1,0,Express,6,USD
ORD122965,23-01-2024,BR64,Germany,Munich,CUST4812,PROD586,Mobile,Samsung Galaxy S23,Sony,2,544.94,0.21,0.18,1015.99,Net Banking,In-Store,EMP711,2,1,Same Day,6,USD
ORD122966,03-01-2024,BR51,Germany,Hamburg,CUST4356,PROD945,Laptop,HP Spectre x360,Lenovo,1,1775.49,0.11,0.18,1864.62,Cash,Online,EMP384,2,0,Express,10,GBP
ORD122967,16-04-2024,BR78,USA,Los Angeles,CUST6643,PROD413,Tablet,Samsung Galaxy Tab,Sony,4,1656.07,0.24,0.18,5940.65,UPI,In-Store,EMP945,2,0,Express,2,GBP
ORD122968,09-10-2023,BR109,USA,New York,CUST9861,PROD396,Laptop,HP Spectre x360,Dell,4,1712.34,0.28,0.18,5819.22,Credit Card,Online,EMP782,3,0,Same Day,6,USD
ORD122969,22-08-2023,BR92,India,Pune,CUST1080,PROD139,Accessories,Keyboard,Apple,5,982.12,0.09,0.18,5273,UPI,Online,EMP541,2,1,Same Day,5,AED
ORD122970,24-04-2024,BR83,UAE,Dubai,CUST9147,PROD353,Mobile,iPhone 14,HP,1,1728.5,0.12,0.18,1794.87,Cash,Online,EMP919,3,0,Express,8,AED
ORD122971,26-08-2024,BR72,UAE,Dubai,CUST1104,PROD790,Laptop,HP Spectre x360,Sony,5,198.94,0.16,0.18,985.95,Cash,Online,EMP619,3,0,Standard,6,GBP
ORD122972,30-04-2023,BR1,USA,New York,CUST1435,PROD904,Accessories,Bluetooth Headphones,Lenovo,3,1493.26,0.19,0.18,4281.77,Cash,Online,EMP429,3,1,Same Day,10,AED
ORD122973,17-09-2023,BR38,India,Pune,CUST3058,PROD203,Tablet,Samsung Galaxy Tab,Apple,1,667.98,0.01,0.18,780.33,Net Banking,In-Store,EMP245,2,0,Standard,9,EUR
ORD122974,14-11-2023,BR51,UAE,Dubai,CUST7070,PROD473,Tablet,Samsung Galaxy Tab,Samsung,4,1625.62,0.19,0.18,6215.07,Credit Card,Online,EMP719,2,1,Standard,2,GBP
ORD122975,01-02-2023,BR31,USA,Los Angeles,CUST4690,PROD567,Accessories,Bluetooth Headphones,OnePlus,5,1302.51,0.18,0.18,6301.54,UPI,Online,EMP941,3,1,Express,10,USD
ORD122976,02-07-2024,BR85,UAE,Dubai,CUST4411,PROD479,TV,Sony Bravia 55,Dell,4,275.21,0.03,0.18,1260.02,Credit Card,Online,EMP836,1,1,Express,10,AED
ORD122977,01-10-2023,BR61,UAE,Abu Dhabi,CUST5707,PROD497,Tablet,Samsung Galaxy Tab,OnePlus,1,1905.89,0.19,0.18,1821.65,Cash,Online,EMP838,0,1,Same Day,4,GBP
ORD122978,10-02-2023,BR44,UK,Birmingham,CUST5422,PROD273,Mobile,iPhone 14,OnePlus,5,1824.21,0.13,0.18,9363.67,Cash,In-Store,EMP266,3,0,Same Day,8,AED
ORD122979,26-12-2024,BR65,USA,Chicago,CUST5200,PROD369,Laptop,MacBook Air M2,Samsung,1,1701.86,0.16,0.18,1686.88,UPI,In-Store,EMP824,1,1,Express,1,INR
ORD122980,04-06-2024,BR1,UK,London,CUST8209,PROD382,TV,Samsung QLED 50,LG,1,1496.44,0.22,0.18,1377.32,Debit Card,Online,EMP274,2,1,Standard,10,USD
ORD122981,20-02-2023,BR120,USA,Los Angeles,CUST3370,PROD450,Mobile,Samsung Galaxy S23,Lenovo,4,582.21,0.13,0.18,2390.79,Credit Card,Online,EMP821,3,1,Standard,1,INR
ORD122982,27-06-2024,BR43,UAE,Dubai,CUST5814,PROD431,Tablet,Samsung Galaxy Tab,Lenovo,2,1261.05,0.05,0.18,2827.27,Debit Card,In-Store,EMP710,1,0,Standard,8,EUR
ORD122983,04-09-2024,BR43,UAE,Abu Dhabi,CUST9214,PROD672,TV,LG OLED 48,Apple,2,1591.54,0.11,0.18,3342.87,Debit Card,Online,EMP829,2,0,Express,2,AED
ORD122984,04-03-2023,BR13,India,Mumbai,CUST4723,PROD594,Laptop,Dell XPS 13,Sony,4,198.13,0.08,0.18,860.36,Credit Card,Online,EMP451,2,0,Express,1,AED
ORD122985,13-10-2023,BR79,Germany,Hamburg,CUST2816,PROD139,Accessories,Wireless Mouse,HP,3,1328.22,0.09,0.18,4278.73,Debit Card,In-Store,EMP382,2,0,Express,2,USD
ORD122986,16-08-2024,BR65,UAE,Dubai,CUST9635,PROD753,TV,Samsung QLED 50,LG,5,1620.17,0.21,0.18,7551.61,Debit Card,Online,EMP421,0,1,Express,7,EUR
ORD122987,21-11-2023,BR92,India,Bangalore,CUST3666,PROD851,Accessories,Keyboard,Dell,2,407.64,0.09,0.18,875.45,Cash,Online,EMP356,3,1,Standard,8,AED
ORD122988,17-05-2024,BR48,India,Delhi,CUST4010,PROD815,Tablet,iPad Air,Sony,4,834.1,0.21,0.18,3110.19,Net Banking,Online,EMP538,2,1,Same Day,9,GBP
ORD122989,11-05-2023,BR58,India,Mumbai,CUST2739,PROD655,Mobile,OnePlus 11,Samsung,4,1667.59,0.07,0.18,7320.05,Debit Card,In-Store,EMP681,0,0,Same Day,2,GBP
ORD122990,28-05-2023,BR115,Germany,Berlin,CUST2600,PROD208,Laptop,Dell XPS 13,LG,1,707.87,0.02,0.18,818.58,Debit Card,Online,EMP822,2,0,Express,8,AED
ORD122991,04-10-2023,BR14,India,Bangalore,CUST3714,PROD586,Accessories,Wireless Mouse,HP,4,795.77,0.11,0.18,3342.87,UPI,Online,EMP461,1,1,Same Day,2,EUR
ORD122992,20-03-2024,BR30,Germany,Berlin,CUST5260,PROD310,Tablet,iPad Air,Sony,1,1921.98,0.06,0.18,2131.86,Credit Card,Online,EMP619,0,0,Standard,3,INR
ORD122993,20-06-2023,BR120,Germany,Hamburg,CUST7040,PROD532,Tablet,Samsung Galaxy Tab,Dell,2,994.93,0.13,0.18,2042.79,Debit Card,In-Store,EMP375,0,0,Same Day,3,GBP
ORD122994,17-04-2023,BR20,India,Bangalore,CUST4126,PROD652,TV,Sony Bravia 55,Apple,2,1702.2,0.26,0.18,2972.72,Credit Card,In-Store,EMP693,3,1,Standard,4,EUR
ORD122995,17-03-2023,BR44,India,Pune,CUST1785,PROD731,Accessories,Bluetooth Headphones,Apple,1,1023.82,0.11,0.18,1075.22,Debit Card,Online,EMP992,1,1,Same Day,8,USD
ORD122996,19-11-2023,BR23,UK,London,CUST9818,PROD408,Tablet,Samsung Galaxy Tab,HP,1,1720.33,0.09,0.18,1847.29,Net Banking,Online,EMP968,0,0,Express,6,AED
ORD122997,22-08-2024,BR86,USA,Los Angeles,CUST9472,PROD219,Mobile,OnePlus 11,LG,2,1062.77,0.09,0.18,2282.4,Net Banking,In-Store,EMP456,2,1,Same Day,7,USD
ORD122998,12-06-2024,BR26,India,Mumbai,CUST4944,PROD430,Accessories,Wireless Mouse,HP,1,892.48,0.29,0.18,747.72,Debit Card,In-Store,EMP235,2,1,Standard,10,USD
ORD122999,14-08-2024,BR51,Germany,Berlin,CUST5114,PROD485,Laptop,MacBook Air M2,Dell,5,1908.17,0.02,0.18,11033.04,UPI,In-Store,EMP227,0,1,Express,4,EUR
ORD123000,11-07-2023,BR49,Germany,Munich,CUST5188,PROD936,Laptop,HP Spectre x360,LG,1,1668.41,0.21,0.18,1555.29,Credit Card,Online,EMP387,3,1,Express,9,EUR
ORD123001,15-03-2023,BR74,Germany,Berlin,CUST4608,PROD422,Laptop,HP Spectre x360,Samsung,1,901.53,0.05,0.18,1010.62,UPI,In-Store,EMP544,3,0,Same Day,9,GBP
ORD123002,07-05-2024,BR65,USA,Dallas,CUST6823,PROD532,Tablet,Samsung Galaxy Tab,Sony,4,935.36,0.19,0.18,3576.07,Cash,Online,EMP797,2,1,Same Day,5,INR
ORD123003,07-08-2024,BR57,UK,London,CUST3370,PROD398,Tablet,iPad Air,LG,2,1614.19,0.23,0.18,2933.31,Net Banking,In-Store,EMP685,2,1,Same Day,7,INR
ORD123004,10-01-2024,BR83,India,Bangalore,CUST5138,PROD131,TV,LG OLED 48,HP,4,1594.78,0.28,0.18,5419.7,Credit Card,Online,EMP660,3,1,Same Day,3,USD
ORD123005,02-01-2024,BR24,UK,Birmingham,CUST5476,PROD941,Accessories,Wireless Mouse,Samsung,5,1219.53,0.1,0.18,6475.7,UPI,Online,EMP242,3,1,Same Day,5,USD
ORD123006,25-05-2024,BR96,USA,Dallas,CUST2604,PROD826,Mobile,iPhone 14,Samsung,3,939.61,0.25,0.18,2494.66,Net Banking,Online,EMP352,0,0,Express,2,AED
ORD123007,25-06-2024,BR35,UAE,Abu Dhabi,CUST7661,PROD855,Accessories,Bluetooth Headphones,Lenovo,2,578.74,0.26,0.18,1010.71,Net Banking,Online,EMP892,2,0,Same Day,4,USD
ORD123008,25-02-2023,BR65,Germany,Hamburg,CUST6872,PROD633,Mobile,iPhone 14,Apple,1,1492.32,0.16,0.18,1479.19,Credit Card,Online,EMP931,0,1,Same Day,6,USD
ORD123009,13-11-2023,BR20,India,Mumbai,CUST5771,PROD991,Accessories,Keyboard,Sony,2,930.54,0.19,0.18,1778.82,UPI,In-Store,EMP643,0,1,Standard,3,GBP
ORD123010,20-10-2024,BR62,Germany,Munich,CUST3782,PROD452,Laptop,Dell XPS 13,HP,3,681.87,0.18,0.18,1979.33,Credit Card,Online,EMP654,0,0,Express,6,USD
ORD123011,22-05-2023,BR118,USA,Chicago,CUST5213,PROD510,Mobile,Samsung Galaxy S23,OnePlus,5,182.1,0.08,0.18,988.44,UPI,In-Store,EMP796,0,0,Standard,4,AED
ORD123012,12-09-2023,BR74,UK,Birmingham,CUST4297,PROD994,Laptop,Dell XPS 13,Samsung,3,1452.05,0.16,0.18,4317.82,Debit Card,In-Store,EMP365,2,1,Same Day,7,AED
ORD123013,21-03-2023,BR28,India,Bangalore,CUST8693,PROD422,Mobile,iPhone 14,HP,3,154.92,0.21,0.18,433.25,Credit Card,Online,EMP459,0,0,Standard,4,USD
ORD123014,12-10-2023,BR42,India,Delhi,CUST8535,PROD722,TV,Samsung QLED 50,LG,5,834.94,0.22,0.18,3842.39,Net Banking,In-Store,EMP255,2,0,Standard,2,EUR
ORD123015,08-12-2024,BR57,USA,Chicago,CUST6646,PROD949,TV,LG OLED 48,Sony,4,940.41,0.18,0.18,3639.76,Debit Card,In-Store,EMP734,2,1,Standard,7,INR
ORD123016,10-02-2024,BR88,UAE,Dubai,CUST2879,PROD479,Tablet,Samsung Galaxy Tab,Lenovo,2,1734.44,0.16,0.18,3438.35,UPI,In-Store,EMP850,3,1,Standard,4,INR
ORD123017,29-09-2023,BR111,UAE,Dubai,CUST8717,PROD509,Mobile,OnePlus 11,LG,5,1304.46,0.3,0.18,5387.42,Cash,Online,EMP924,1,0,Same Day,10,AED
ORD123018,24-08-2023,BR34,India,Pune,CUST2905,PROD475,Accessories,Wireless Mouse,Apple,3,1106.71,0.27,0.18,2859.96,Net Banking,Online,EMP846,0,0,Standard,3,EUR
ORD123019,30-11-2024,BR52,Germany,Munich,CUST8792,PROD473,Accessories,Wireless Mouse,Dell,1,1727.32,0.26,0.18,1508.3,Debit Card,Online,EMP958,3,1,Express,8,INR
ORD123020,05-05-2023,BR24,India,Mumbai,CUST6595,PROD483,Accessories,Wireless Mouse,OnePlus,4,862.69,0.17,0.18,3379.67,Cash,In-Store,EMP881,2,1,Standard,1,INR
ORD123021,06-08-2024,BR56,UK,Birmingham,CUST5771,PROD687,Accessories,Keyboard,Apple,3,1105.49,0.23,0.18,3013.34,Net Banking,Online,EMP793,3,0,Standard,10,EUR
ORD123022,13-05-2023,BR20,India,Bangalore,CUST1308,PROD509,Laptop,MacBook Air M2,Apple,4,1239.43,0.16,0.18,4914.09,UPI,In-Store,EMP343,0,0,Express,5,GBP
ORD123023,24-10-2023,BR46,UK,London,CUST4498,PROD221,TV,Samsung QLED 50,Sony,2,1273.87,0.21,0.18,2375,Cash,Online,EMP971,2,0,Same Day,4,INR
ORD123024,18-09-2023,BR68,UK,Birmingham,CUST1856,PROD677,TV,LG OLED 48,Dell,2,1636.4,0.1,0.18,3475.71,UPI,Online,EMP335,0,1,Standard,9,GBP
ORD123025,28-03-2024,BR101,UAE,Abu Dhabi,CUST8818,PROD864,Accessories,Keyboard,Samsung,2,1348.64,0.09,0.18,2896.34,Credit Card,In-Store,EMP240,3,1,Standard,7,INR
ORD123026,13-07-2023,BR98,UAE,Abu Dhabi,CUST3049,PROD927,Mobile,Samsung Galaxy S23,Lenovo,4,919.38,0.15,0.18,3688.55,Debit Card,In-Store,EMP728,2,1,Same Day,10,AED
ORD123027,16-11-2023,BR85,Germany,Berlin,CUST1735,PROD656,Laptop,MacBook Air M2,Dell,3,1653.59,0.14,0.18,5034.19,UPI,Online,EMP753,2,1,Same Day,3,GBP
ORD123028,23-06-2023,BR11,India,Delhi,CUST5665,PROD852,Laptop,HP Spectre x360,Dell,4,1377.64,0.06,0.18,6112.31,Credit Card,Online,EMP509,1,0,Same Day,8,AED
ORD123029,30-09-2024,BR74,USA,Chicago,CUST3338,PROD446,Mobile,Samsung Galaxy S23,Apple,3,1305.95,0.26,0.18,3421.07,Credit Card,In-Store,EMP457,0,0,Standard,3,GBP
ORD123030,17-05-2024,BR51,UAE,Dubai,CUST8686,PROD460,Tablet,Lenovo Tab P11,OnePlus,5,849.71,0.28,0.18,3609.57,UPI,In-Store,EMP320,2,0,Standard,2,AED
ORD123031,09-11-2024,BR64,India,Pune,CUST5846,PROD999,Tablet,iPad Air,Lenovo,5,1278.43,0.05,0.18,7165.6,Credit Card,In-Store,EMP781,2,0,Express,1,GBP
ORD123032,01-04-2023,BR67,UK,Birmingham,CUST1899,PROD885,Accessories,Wireless Mouse,OnePlus,1,459.06,0.13,0.18,471.27,Credit Card,In-Store,EMP264,3,1,Express,7,GBP
ORD123033,03-01-2024,BR38,UAE,Abu Dhabi,CUST6626,PROD456,Tablet,Lenovo Tab P11,Apple,4,917.54,0.26,0.18,3204.78,UPI,In-Store,EMP923,3,0,Standard,10,AED
ORD123034,05-04-2024,BR48,UK,Manchester,CUST2028,PROD593,TV,LG OLED 48,Lenovo,3,434.14,0.01,0.18,1521.49,Credit Card,In-Store,EMP889,2,0,Same Day,2,INR
ORD123035,19-09-2023,BR75,USA,Los Angeles,CUST6861,PROD368,Accessories,Keyboard,LG,3,1115.52,0,0.18,3948.94,Debit Card,Online,EMP585,2,0,Standard,10,USD
ORD123036,02-01-2024,BR61,India,Bangalore,CUST6466,PROD476,Accessories,Wireless Mouse,LG,4,144.88,0.25,0.18,512.88,Debit Card,In-Store,EMP488,0,1,Same Day,5,GBP
ORD123037,01-09-2023,BR54,Germany,Munich,CUST4536,PROD952,Accessories,Bluetooth Headphones,OnePlus,1,141.5,0.13,0.18,145.26,Cash,In-Store,EMP954,1,1,Standard,6,GBP
ORD123038,24-03-2024,BR85,UAE,Abu Dhabi,CUST5403,PROD703,Laptop,HP Spectre x360,Lenovo,3,379.48,0.04,0.18,1289.62,Cash,In-Store,EMP810,1,0,Same Day,4,AED
ORD123039,30-10-2024,BR97,India,Pune,CUST3282,PROD965,Accessories,Wireless Mouse,Lenovo,3,457.73,0.13,0.18,1409.72,UPI,Online,EMP905,1,1,Express,4,INR
ORD123040,10-11-2024,BR108,Germany,Berlin,CUST5291,PROD773,Tablet,Samsung Galaxy Tab,Apple,4,1156.41,0.12,0.18,4803.26,Credit Card,Online,EMP907,3,0,Same Day,8,INR
ORD123041,13-12-2024,BR62,Germany,Berlin,CUST7569,PROD549,TV,Sony Bravia 55,Lenovo,5,1207.93,0.28,0.18,5131.29,UPI,In-Store,EMP516,0,0,Express,3,GBP
ORD123042,16-08-2024,BR118,UAE,Abu Dhabi,CUST6154,PROD613,TV,Samsung QLED 50,HP,2,296.51,0.2,0.18,559.81,Credit Card,In-Store,EMP770,3,1,Same Day,4,USD
ORD123043,24-05-2024,BR111,Germany,Berlin,CUST7417,PROD952,Laptop,MacBook Air M2,Sony,5,1666.1,0.01,0.18,9731.69,UPI,In-Store,EMP563,2,0,Same Day,1,EUR
ORD123044,14-12-2024,BR103,Germany,Munich,CUST6867,PROD648,Laptop,MacBook Air M2,OnePlus,5,1628.97,0.07,0.18,8938.16,Credit Card,In-Store,EMP516,0,1,Standard,8,GBP
ORD123045,20-04-2023,BR105,Germany,Munich,CUST3919,PROD793,TV,Sony Bravia 55,Dell,3,948.33,0.12,0.18,2954.24,Net Banking,Online,EMP389,2,0,Same Day,9,USD
ORD123046,14-03-2023,BR18,UK,London,CUST6354,PROD323,Laptop,Dell XPS 13,Sony,3,1617.66,0.25,0.18,4294.89,Net Banking,In-Store,EMP361,2,1,Standard,7,GBP
ORD123047,19-11-2023,BR107,UK,Birmingham,CUST4587,PROD978,Mobile,iPhone 14,Lenovo,3,401.7,0.21,0.18,1123.39,Debit Card,Online,EMP481,2,1,Standard,6,EUR
ORD123048,23-05-2023,BR47,USA,Dallas,CUST6386,PROD655,Accessories,Keyboard,Sony,4,127.96,0.12,0.18,531.49,Credit Card,In-Store,EMP880,2,1,Standard,5,AED
ORD123049,06-05-2023,BR76,Germany,Hamburg,CUST3863,PROD925,Mobile,iPhone 14,Dell,3,1848.09,0.23,0.18,5037.52,Credit Card,Online,EMP428,1,1,Express,8,USD
ORD123050,24-03-2023,BR67,UAE,Abu Dhabi,CUST8678,PROD703,TV,LG OLED 48,Lenovo,5,306,0.01,0.18,1787.35,Cash,In-Store,EMP486,3,1,Express,4,EUR
ORD123051,28-06-2023,BR12,UAE,Abu Dhabi,CUST5608,PROD334,Tablet,Lenovo Tab P11,OnePlus,1,281.25,0.29,0.18,235.63,UPI,In-Store,EMP287,1,1,Same Day,7,EUR
ORD123052,23-11-2024,BR13,India,Bangalore,CUST4809,PROD997,Mobile,OnePlus 11,Sony,3,1046,0.25,0.18,2777.13,UPI,Online,EMP347,1,0,Standard,1,INR
ORD123053,26-05-2023,BR82,India,Delhi,CUST2512,PROD221,Tablet,Samsung Galaxy Tab,Samsung,1,1232.15,0.05,0.18,1381.24,UPI,In-Store,EMP479,2,1,Same Day,7,AED
ORD123054,30-03-2023,BR18,USA,Chicago,CUST2297,PROD661,Tablet,Samsung Galaxy Tab,LG,2,359.83,0.2,0.18,679.36,UPI,Online,EMP293,3,1,Same Day,5,INR
ORD123055,09-05-2023,BR24,USA,New York,CUST7560,PROD719,Mobile,iPhone 14,LG,4,930.94,0.09,0.18,3998.57,Net Banking,Online,EMP563,0,0,Same Day,2,EUR
ORD123056,05-08-2024,BR39,UAE,Dubai,CUST1301,PROD558,Accessories,Keyboard,OnePlus,4,422.73,0.15,0.18,1695.99,Net Banking,In-Store,EMP801,3,1,Same Day,5,AED
ORD123057,22-11-2023,BR50,India,Pune,CUST6077,PROD950,Mobile,OnePlus 11,Dell,2,960.57,0.12,0.18,1994.91,Credit Card,In-Store,EMP509,0,1,Same Day,5,USD
ORD123058,27-06-2024,BR73,UAE,Abu Dhabi,CUST5355,PROD933,Laptop,HP Spectre x360,Lenovo,4,272.86,0.16,0.18,1081.84,Net Banking,Online,EMP675,2,1,Standard,2,EUR
ORD123059,19-01-2023,BR5,USA,Los Angeles,CUST9976,PROD758,Accessories,Keyboard,Lenovo,2,1644,0.2,0.18,3103.87,Debit Card,Online,EMP917,0,0,Same Day,1,AED
ORD123060,27-08-2023,BR51,UK,London,CUST5946,PROD590,Mobile,iPhone 14,Dell,2,1629.99,0.09,0.18,3500.57,Debit Card,In-Store,EMP850,3,1,Same Day,3,EUR
ORD123061,18-09-2024,BR59,USA,New York,CUST3031,PROD671,Accessories,Wireless Mouse,Lenovo,3,186.32,0.2,0.18,527.66,Net Banking,In-Store,EMP658,0,1,Standard,4,INR
ORD123062,24-10-2024,BR44,India,Delhi,CUST6999,PROD546,Laptop,HP Spectre x360,Lenovo,4,1692.43,0.05,0.18,7588.86,Net Banking,In-Store,EMP970,0,0,Standard,10,AED
ORD123063,03-12-2023,BR86,Germany,Munich,CUST6007,PROD475,Accessories,Bluetooth Headphones,Samsung,3,863.66,0.04,0.18,2935.06,Debit Card,In-Store,EMP414,3,1,Same Day,5,USD
ORD123064,18-09-2023,BR65,UK,Birmingham,CUST5933,PROD941,Laptop,HP Spectre x360,Lenovo,4,830.68,0.28,0.18,2822.98,Credit Card,Online,EMP387,1,1,Standard,6,EUR
ORD123065,04-12-2024,BR71,Germany,Hamburg,CUST5212,PROD492,Tablet,iPad Air,OnePlus,4,366.43,0.25,0.18,1297.16,Net Banking,Online,EMP587,0,0,Same Day,4,USD
ORD123066,13-08-2024,BR76,UK,Manchester,CUST4442,PROD274,Tablet,iPad Air,Lenovo,2,291.17,0.13,0.18,597.83,Debit Card,Online,EMP601,0,1,Standard,3,USD
ORD123067,11-12-2023,BR78,Germany,Hamburg,CUST4133,PROD482,Laptop,HP Spectre x360,OnePlus,4,1320.25,0.08,0.18,5733.05,Credit Card,In-Store,EMP450,1,1,Same Day,8,EUR
ORD123068,11-07-2024,BR78,UK,Birmingham,CUST2128,PROD229,Tablet,iPad Air,Dell,2,1479.62,0.09,0.18,3177.63,Debit Card,In-Store,EMP716,3,1,Express,7,GBP
ORD123069,22-07-2023,BR71,USA,New York,CUST5321,PROD596,TV,Sony Bravia 55,Sony,1,1709.31,0.02,0.18,1976.65,UPI,Online,EMP584,0,1,Standard,9,INR
ORD123070,03-01-2024,BR72,India,Delhi,CUST5522,PROD683,Accessories,Bluetooth Headphones,LG,4,1530.25,0.17,0.18,5994.91,Cash,In-Store,EMP863,2,1,Express,3,USD
ORD123071,14-10-2024,BR60,USA,Los Angeles,CUST7410,PROD270,Accessories,Bluetooth Headphones,Lenovo,5,1295.01,0.16,0.18,6418.07,Net Banking,In-Store,EMP562,3,1,Same Day,9,AED
ORD123072,07-08-2023,BR46,USA,Chicago,CUST7503,PROD575,Mobile,Samsung Galaxy S23,HP,4,773.62,0.06,0.18,3432.4,Cash,Online,EMP675,3,1,Same Day,5,USD
ORD123073,16-07-2024,BR101,Germany,Berlin,CUST3213,PROD492,Accessories,Wireless Mouse,Lenovo,5,69.73,0.12,0.18,362.04,Debit Card,In-Store,EMP795,1,1,Same Day,1,AED
ORD123074,19-07-2024,BR97,Germany,Munich,CUST4276,PROD966,Mobile,iPhone 14,Apple,3,1551.88,0,0.18,5493.66,Credit Card,Online,EMP791,0,0,Same Day,5,AED
ORD123075,31-01-2023,BR12,India,Bangalore,CUST7745,PROD750,Laptop,HP Spectre x360,Lenovo,4,1783.57,0.13,0.18,7324.05,UPI,Online,EMP942,0,1,Same Day,8,AED
ORD123076,28-04-2024,BR100,UAE,Dubai,CUST8237,PROD545,Laptop,MacBook Air M2,Sony,1,386.26,0.19,0.18,369.19,UPI,In-Store,EMP630,2,0,Same Day,8,USD
ORD123077,17-11-2023,BR14,UK,Birmingham,CUST1561,PROD230,Accessories,Wireless Mouse,Apple,5,361.06,0.19,0.18,1725.51,Credit Card,In-Store,EMP524,1,0,Express,9,USD
ORD123078,04-12-2024,BR116,USA,New York,CUST6833,PROD661,TV,Sony Bravia 55,Sony,5,316.44,0.06,0.18,1754.98,Cash,Online,EMP447,3,0,Standard,7,USD
ORD123079,16-05-2024,BR82,India,Bangalore,CUST9592,PROD578,Mobile,Samsung Galaxy S23,Samsung,2,353.49,0.27,0.18,608.99,Credit Card,Online,EMP222,3,1,Express,6,EUR
ORD123080,23-08-2023,BR72,India,Mumbai,CUST9019,PROD918,TV,Samsung QLED 50,OnePlus,1,1979.43,0.07,0.18,2172.23,Debit Card,In-Store,EMP359,2,1,Same Day,10,USD
ORD123081,10-02-2023,BR42,UAE,Abu Dhabi,CUST1816,PROD762,TV,LG OLED 48,LG,2,1913.94,0.26,0.18,3342.5,Cash,Online,EMP877,1,1,Same Day,7,AED
ORD123082,29-11-2023,BR112,India,Pune,CUST4237,PROD932,Laptop,Dell XPS 13,Lenovo,1,1111.34,0.14,0.18,1127.79,Debit Card,In-Store,EMP222,2,1,Standard,6,INR
ORD123083,30-10-2023,BR111,India,Pune,CUST6747,PROD416,TV,LG OLED 48,Sony,5,947.97,0.09,0.18,5089.65,Net Banking,In-Store,EMP931,2,1,Same Day,10,EUR
ORD123084,18-08-2023,BR2,UAE,Dubai,CUST8000,PROD983,Mobile,iPhone 14,HP,2,1251.17,0.08,0.18,2716.54,Debit Card,In-Store,EMP446,1,1,Express,9,USD
ORD123085,13-09-2023,BR14,India,Pune,CUST7857,PROD675,Tablet,Samsung Galaxy Tab,OnePlus,5,1224.97,0.08,0.18,6649.14,Cash,In-Store,EMP736,3,0,Express,2,EUR
ORD123086,31-07-2024,BR32,UAE,Dubai,CUST6592,PROD721,Mobile,iPhone 14,Lenovo,5,1964.3,0.06,0.18,10894.01,Cash,In-Store,EMP390,3,1,Standard,5,GBP
ORD123087,15-10-2023,BR53,UK,Manchester,CUST2228,PROD185,TV,Sony Bravia 55,Apple,3,557.99,0.19,0.18,1599.98,Credit Card,Online,EMP384,0,1,Same Day,9,AED
ORD123088,03-01-2024,BR72,USA,Chicago,CUST8703,PROD383,TV,Sony Bravia 55,Samsung,3,1729.58,0.07,0.18,5694.12,Debit Card,In-Store,EMP599,1,1,Express,3,AED
ORD123089,10-04-2024,BR93,UAE,Dubai,CUST5473,PROD417,TV,Samsung QLED 50,Sony,3,1881.95,0.22,0.18,5196.44,Debit Card,Online,EMP762,1,0,Standard,1,GBP
ORD123090,10-09-2023,BR57,UAE,Dubai,CUST3526,PROD493,Laptop,Dell XPS 13,Samsung,2,900.23,0.05,0.18,2018.32,Credit Card,Online,EMP922,3,0,Standard,3,EUR
ORD123091,17-04-2024,BR83,UAE,Abu Dhabi,CUST4193,PROD691,TV,LG OLED 48,Lenovo,5,297.54,0.19,0.18,1421.94,UPI,Online,EMP996,1,1,Express,9,INR
ORD123092,26-08-2024,BR25,India,Pune,CUST5882,PROD625,Tablet,Lenovo Tab P11,HP,2,259.93,0.03,0.18,595.03,Credit Card,Online,EMP663,0,1,Express,6,EUR
ORD123093,24-11-2024,BR38,UK,Manchester,CUST1708,PROD301,TV,Samsung QLED 50,Apple,1,245.43,0.18,0.18,237.48,Net Banking,Online,EMP417,2,1,Express,6,EUR
ORD123094,21-06-2024,BR36,UAE,Dubai,CUST6343,PROD377,Mobile,Samsung Galaxy S23,Dell,5,663.84,0.08,0.18,3603.32,Credit Card,In-Store,EMP382,2,1,Standard,9,USD
ORD123095,31-03-2023,BR86,USA,New York,CUST8772,PROD794,Tablet,Lenovo Tab P11,Apple,4,1311.59,0.23,0.18,4766.84,Debit Card,Online,EMP971,2,1,Express,2,GBP
ORD123096,09-03-2023,BR93,USA,Dallas,CUST6246,PROD770,TV,LG OLED 48,Dell,5,1067.92,0.06,0.18,5922.68,Net Banking,Online,EMP430,0,0,Standard,3,AED
ORD123097,11-07-2024,BR94,UAE,Dubai,CUST2401,PROD599,Tablet,iPad Air,Samsung,5,1712.21,0.21,0.18,7980.61,UPI,Online,EMP915,1,1,Same Day,5,INR
ORD123098,27-04-2024,BR39,Germany,Berlin,CUST5737,PROD626,Accessories,Keyboard,HP,4,498.67,0.2,0.18,1882.98,UPI,Online,EMP732,1,1,Same Day,10,EUR
ORD123099,11-08-2023,BR114,UAE,Dubai,CUST8670,PROD990,Laptop,Dell XPS 13,OnePlus,3,672.2,0.02,0.18,2332,Credit Card,In-Store,EMP835,3,0,Express,8,INR
ORD123100,07-09-2024,BR67,Germany,Berlin,CUST3219,PROD334,Mobile,iPhone 14,LG,2,789.97,0.09,0.18,1696.54,Debit Card,In-Store,EMP393,2,1,Express,5,USD
ORD123101,18-11-2023,BR18,USA,Los Angeles,CUST9673,PROD204,Accessories,Bluetooth Headphones,LG,1,1450.44,0.19,0.18,1386.33,Credit Card,Online,EMP511,1,1,Express,4,USD
ORD123102,18-02-2024,BR28,USA,Chicago,CUST4187,PROD919,TV,LG OLED 48,Dell,5,1504.04,0.03,0.18,8607.62,Debit Card,Online,EMP519,0,0,Express,2,GBP
ORD123103,12-08-2023,BR62,UAE,Dubai,CUST1066,PROD100,Tablet,iPad Air,HP,2,1666.08,0.05,0.18,3735.35,UPI,In-Store,EMP564,1,0,Express,5,INR
ORD123104,07-03-2024,BR82,Germany,Berlin,CUST7328,PROD712,Accessories,Bluetooth Headphones,Sony,3,1370,0.24,0.18,3685.85,Cash,In-Store,EMP909,0,0,Standard,7,INR
ORD123105,19-02-2024,BR42,Germany,Munich,CUST8366,PROD667,Laptop,MacBook Air M2,Sony,5,436.75,0.25,0.18,1932.62,Credit Card,In-Store,EMP230,2,1,Same Day,7,GBP
ORD123106,22-07-2023,BR103,UK,London,CUST1693,PROD796,Laptop,Dell XPS 13,LG,1,1993.56,0.02,0.18,2305.35,Debit Card,Online,EMP790,1,1,Same Day,6,USD
ORD123107,17-06-2024,BR32,India,Delhi,CUST5872,PROD271,TV,Sony Bravia 55,HP,5,1562.33,0.19,0.18,7466.38,Cash,In-Store,EMP965,2,0,Standard,7,GBP
ORD123108,09-06-2024,BR105,UK,London,CUST9204,PROD938,Tablet,iPad Air,Apple,1,1874.44,0.02,0.18,2167.6,Net Banking,Online,EMP488,1,0,Express,4,INR
ORD123109,09-12-2023,BR5,Germany,Hamburg,CUST1280,PROD636,Accessories,Keyboard,Sony,2,1881.99,0.1,0.18,3997.35,UPI,In-Store,EMP991,1,0,Same Day,10,GBP
ORD123110,06-03-2024,BR44,India,Pune,CUST7130,PROD973,Tablet,Samsung Galaxy Tab,Apple,3,1568.41,0.26,0.18,4108.61,Debit Card,In-Store,EMP202,0,1,Same Day,10,GBP
ORD123111,19-12-2024,BR30,Germany,Munich,CUST5322,PROD133,Laptop,Dell XPS 13,Samsung,4,1322.08,0.2,0.18,4992.17,UPI,In-Store,EMP569,1,1,Same Day,6,AED
ORD123112,08-12-2023,BR100,India,Pune,CUST1536,PROD848,TV,Samsung QLED 50,OnePlus,5,741.89,0.01,0.18,4333.38,Cash,Online,EMP224,2,1,Express,8,GBP
ORD123113,01-06-2024,BR115,UAE,Abu Dhabi,CUST6075,PROD266,Mobile,iPhone 14,Samsung,3,590.11,0.28,0.18,1504.07,Credit Card,In-Store,EMP934,3,1,Standard,2,EUR
ORD123114,08-05-2023,BR28,UAE,Abu Dhabi,CUST7416,PROD887,Tablet,Samsung Galaxy Tab,OnePlus,3,1012.79,0.09,0.18,3262.6,Credit Card,Online,EMP557,2,1,Standard,10,USD
ORD123115,08-08-2024,BR32,UK,London,CUST7486,PROD473,Tablet,Samsung Galaxy Tab,Dell,4,1835.79,0.04,0.18,8318.33,Credit Card,Online,EMP968,2,0,Same Day,1,EUR
ORD123116,10-06-2024,BR33,UK,Manchester,CUST7248,PROD451,Mobile,Samsung Galaxy S23,LG,1,1214.02,0.2,0.18,1146.03,Debit Card,Online,EMP540,0,1,Express,9,USD
ORD123117,11-02-2023,BR79,Germany,Berlin,CUST2580,PROD870,Accessories,Wireless Mouse,Apple,2,1814.28,0.1,0.18,3853.53,Credit Card,In-Store,EMP998,0,1,Standard,1,INR
ORD123118,27-01-2023,BR76,Germany,Hamburg,CUST2505,PROD255,TV,LG OLED 48,Sony,3,414.49,0.12,0.18,1291.22,UPI,Online,EMP212,0,1,Standard,8,AED
ORD123119,30-08-2023,BR31,UAE,Dubai,CUST8306,PROD980,Laptop,HP Spectre x360,Samsung,5,1208.3,0.2,0.18,5703.18,Cash,Online,EMP479,3,1,Same Day,5,USD
ORD123120,03-02-2023,BR99,India,Pune,CUST8267,PROD110,Accessories,Bluetooth Headphones,Lenovo,3,1926.62,0.08,0.18,6274.62,Credit Card,Online,EMP944,1,0,Express,7,EUR
ORD123121,25-05-2023,BR4,UAE,Abu Dhabi,CUST2961,PROD413,Tablet,Samsung Galaxy Tab,Lenovo,3,1033.86,0.25,0.18,2744.9,UPI,Online,EMP918,1,1,Standard,5,USD
ORD123122,19-07-2023,BR93,UK,London,CUST9476,PROD200,TV,Samsung QLED 50,Samsung,2,1600.99,0.18,0.18,3098.24,Debit Card,Online,EMP443,0,0,Same Day,4,USD
ORD123123,09-09-2023,BR44,India,Mumbai,CUST6951,PROD856,Mobile,OnePlus 11,Sony,2,1209.49,0.13,0.18,2483.32,Credit Card,Online,EMP628,1,0,Same Day,1,GBP
ORD123124,04-02-2023,BR100,UAE,Abu Dhabi,CUST7387,PROD149,Mobile,Samsung Galaxy S23,Samsung,5,1989.48,0.2,0.18,9390.35,Cash,In-Store,EMP477,2,1,Express,5,GBP
ORD123125,29-07-2023,BR118,UK,London,CUST8123,PROD601,Mobile,Samsung Galaxy S23,Lenovo,4,668.3,0.04,0.18,3028.2,Cash,In-Store,EMP233,2,1,Same Day,6,EUR
ORD123126,10-04-2023,BR75,USA,New York,CUST9368,PROD391,TV,Sony Bravia 55,Apple,5,289.98,0.16,0.18,1437.14,Net Banking,In-Store,EMP692,3,1,Express,2,INR
ORD123127,22-07-2024,BR56,Germany,Munich,CUST3028,PROD145,Laptop,MacBook Air M2,Sony,3,1648.75,0.25,0.18,4377.43,Net Banking,In-Store,EMP692,2,1,Express,4,INR
ORD123128,03-01-2024,BR32,USA,Chicago,CUST3220,PROD235,Mobile,OnePlus 11,OnePlus,1,277.33,0.26,0.18,242.16,Net Banking,Online,EMP710,0,1,Same Day,5,EUR
ORD123129,29-04-2024,BR107,USA,Dallas,CUST9995,PROD999,Accessories,Keyboard,HP,2,925.17,0.1,0.18,1965.06,Debit Card,In-Store,EMP661,3,0,Standard,2,AED
ORD123130,26-01-2023,BR45,India,Pune,CUST9449,PROD459,TV,Samsung QLED 50,OnePlus,5,441.05,0.05,0.18,2472.09,Cash,Online,EMP657,1,0,Standard,1,EUR
ORD123131,25-06-2024,BR11,USA,Chicago,CUST2698,PROD645,Tablet,Lenovo Tab P11,LG,3,623.34,0.19,0.18,1787.37,UPI,Online,EMP382,3,1,Standard,8,EUR
ORD123132,07-01-2024,BR35,UAE,Dubai,CUST7370,PROD706,TV,LG OLED 48,OnePlus,2,278.82,0.15,0.18,559.31,Net Banking,Online,EMP712,0,1,Same Day,8,EUR
ORD123133,09-07-2024,BR78,USA,Chicago,CUST9602,PROD220,Tablet,Samsung Galaxy Tab,HP,2,76.87,0.26,0.18,134.25,Net Banking,Online,EMP990,3,0,Express,2,INR
ORD123134,24-02-2024,BR118,Germany,Berlin,CUST4983,PROD468,Mobile,iPhone 14,OnePlus,4,974.49,0.19,0.18,3725.67,Debit Card,In-Store,EMP720,1,0,Same Day,4,INR
ORD123135,08-03-2023,BR59,Germany,Hamburg,CUST8887,PROD717,TV,Sony Bravia 55,Dell,3,1618.92,0.06,0.18,5387.12,Credit Card,Online,EMP742,2,0,Standard,8,EUR
ORD123136,13-04-2023,BR16,UAE,Dubai,CUST3997,PROD792,Accessories,Bluetooth Headphones,Apple,3,376.53,0.07,0.18,1239.61,Net Banking,Online,EMP883,1,1,Standard,5,AED
ORD123137,15-04-2023,BR35,UK,Manchester,CUST5844,PROD437,Tablet,iPad Air,Samsung,2,806.68,0,0.18,1903.76,UPI,Online,EMP366,3,0,Standard,7,EUR
ORD123138,28-08-2024,BR12,India,Mumbai,CUST6007,PROD477,Accessories,Wireless Mouse,Apple,4,1183.39,0.28,0.18,4021.63,UPI,In-Store,EMP489,1,1,Same Day,2,INR
ORD123139,07-08-2024,BR22,USA,Los Angeles,CUST1157,PROD858,Laptop,HP Spectre x360,Dell,1,1637.81,0.29,0.18,1372.16,Cash,In-Store,EMP634,0,1,Express,4,EUR
ORD123140,26-03-2024,BR70,Germany,Hamburg,CUST3407,PROD670,TV,LG OLED 48,Lenovo,4,1999.55,0.15,0.18,8022.19,Credit Card,In-Store,EMP677,3,1,Express,3,USD
ORD123141,03-04-2024,BR86,UAE,Abu Dhabi,CUST3488,PROD388,TV,LG OLED 48,Samsung,5,1315.24,0.21,0.18,6130.33,Net Banking,Online,EMP363,1,1,Same Day,7,USD
ORD123142,16-06-2024,BR85,USA,New York,CUST3479,PROD428,Tablet,iPad Air,OnePlus,3,1099.59,0.28,0.18,2802.63,UPI,In-Store,EMP491,3,1,Express,2,INR
ORD123143,25-08-2023,BR120,UK,London,CUST6937,PROD316,Accessories,Bluetooth Headphones,LG,5,735.55,0.01,0.18,4296.35,UPI,In-Store,EMP304,1,0,Standard,5,INR
ORD123144,25-04-2023,BR94,USA,Dallas,CUST3392,PROD955,Accessories,Bluetooth Headphones,HP,5,129.77,0.23,0.18,589.55,UPI,Online,EMP829,3,0,Express,7,USD
ORD123145,25-05-2023,BR80,India,Pune,CUST8892,PROD636,Laptop,Dell XPS 13,Dell,3,1845.71,0.08,0.18,6011.11,Credit Card,Online,EMP846,3,0,Same Day,2,EUR
ORD123146,12-01-2024,BR54,Germany,Munich,CUST3005,PROD330,Mobile,Samsung Galaxy S23,HP,2,1276.68,0.15,0.18,2561.02,Net Banking,Online,EMP882,2,0,Standard,9,INR
ORD123147,03-04-2023,BR5,UK,London,CUST4337,PROD766,Accessories,Bluetooth Headphones,HP,4,1011.12,0.05,0.18,4533.86,Debit Card,Online,EMP909,2,1,Standard,5,GBP
ORD123148,27-12-2023,BR2,UAE,Abu Dhabi,CUST9004,PROD822,Laptop,Dell XPS 13,LG,4,1855.24,0.23,0.18,6742.68,UPI,In-Store,EMP309,1,1,Standard,10,INR
ORD123149,02-09-2024,BR43,Germany,Munich,CUST9472,PROD235,TV,Samsung QLED 50,Sony,1,175.32,0.06,0.18,194.46,Net Banking,Online,EMP992,2,0,Express,7,USD
ORD123150,27-02-2023,BR31,UK,Manchester,CUST7960,PROD261,TV,Sony Bravia 55,Dell,3,1220.43,0.19,0.18,3499.46,Credit Card,Online,EMP454,3,1,Same Day,2,INR
ORD123151,05-09-2024,BR107,Germany,Munich,CUST1521,PROD913,Tablet,iPad Air,Dell,2,152.35,0.26,0.18,266.06,Cash,Online,EMP621,2,0,Standard,10,GBP
ORD123152,25-06-2023,BR109,UK,London,CUST7430,PROD921,Laptop,MacBook Air M2,LG,4,1790.53,0.2,0.18,6761.04,Cash,In-Store,EMP876,3,1,Standard,9,USD
ORD123153,10-05-2024,BR42,UAE,Dubai,CUST6906,PROD819,Tablet,Samsung Galaxy Tab,OnePlus,4,1573.2,0.11,0.18,6608.7,Credit Card,Online,EMP481,2,1,Standard,4,INR
ORD123154,04-02-2023,BR82,UK,London,CUST8522,PROD225,TV,Samsung QLED 50,Dell,5,295.7,0.06,0.18,1639.95,Debit Card,Online,EMP741,0,1,Standard,6,EUR
ORD123155,15-02-2023,BR103,USA,New York,CUST1183,PROD912,Laptop,MacBook Air M2,HP,2,1006.86,0.24,0.18,1805.9,UPI,In-Store,EMP407,0,1,Same Day,7,EUR
ORD123156,17-02-2024,BR97,India,Mumbai,CUST9928,PROD215,Mobile,OnePlus 11,OnePlus,4,1742.2,0.2,0.18,6578.55,UPI,In-Store,EMP449,1,0,Express,4,EUR
ORD123157,14-03-2023,BR73,India,Delhi,CUST7626,PROD684,Accessories,Wireless Mouse,Apple,5,53.87,0.14,0.18,273.34,UPI,Online,EMP382,1,0,Express,5,INR
ORD123158,27-05-2024,BR81,India,Bangalore,CUST2886,PROD916,Tablet,Samsung Galaxy Tab,OnePlus,1,200.25,0.16,0.18,198.49,UPI,Online,EMP219,2,0,Same Day,3,USD
ORD123159,17-11-2024,BR112,India,Mumbai,CUST7510,PROD802,TV,LG OLED 48,Lenovo,2,645.46,0.13,0.18,1325.26,Cash,In-Store,EMP363,1,1,Same Day,9,INR
ORD123160,29-07-2024,BR99,Germany,Hamburg,CUST8197,PROD477,TV,Sony Bravia 55,HP,3,1561.16,0.09,0.18,5029.12,Credit Card,In-Store,EMP419,0,0,Same Day,8,AED
ORD123161,27-02-2024,BR37,UK,Manchester,CUST8552,PROD513,Tablet,iPad Air,HP,4,861.21,0.27,0.18,2967.39,Cash,Online,EMP474,2,1,Same Day,4,USD
ORD123162,10-09-2023,BR100,India,Mumbai,CUST7857,PROD965,Laptop,MacBook Air M2,Lenovo,4,1719.67,0.05,0.18,7711,UPI,In-Store,EMP606,2,0,Standard,4,INR
ORD123163,06-02-2023,BR88,UAE,Abu Dhabi,CUST5669,PROD252,Laptop,MacBook Air M2,Lenovo,1,1669.82,0.1,0.18,1773.35,Credit Card,Online,EMP748,1,0,Express,4,GBP
ORD123164,16-05-2024,BR91,UK,Birmingham,CUST3428,PROD633,Tablet,Lenovo Tab P11,Samsung,1,1095.33,0.02,0.18,1266.64,UPI,In-Store,EMP552,3,0,Same Day,5,EUR
ORD123165,22-11-2024,BR78,Germany,Munich,CUST6539,PROD354,Mobile,Samsung Galaxy S23,Dell,1,1860.78,0.28,0.18,1580.92,Net Banking,Online,EMP916,3,0,Standard,2,INR
ORD123166,28-07-2024,BR112,UK,Manchester,CUST5207,PROD304,TV,LG OLED 48,Sony,2,1062.96,0.3,0.18,1756.01,Cash,Online,EMP455,1,1,Same Day,5,INR
ORD123167,28-07-2024,BR21,Germany,Munich,CUST7700,PROD234,Mobile,Samsung Galaxy S23,HP,3,466.02,0.09,0.18,1501.24,Debit Card,In-Store,EMP990,1,1,Same Day,7,GBP
ORD123168,20-03-2023,BR24,USA,New York,CUST8781,PROD198,Tablet,Samsung Galaxy Tab,Samsung,2,368.19,0.14,0.18,747.28,Debit Card,Online,EMP970,0,1,Same Day,10,USD
ORD123169,03-01-2023,BR110,USA,Dallas,CUST3365,PROD271,Laptop,MacBook Air M2,OnePlus,3,1324.59,0.06,0.18,4407.71,Debit Card,Online,EMP740,1,0,Standard,10,AED
ORD123170,04-04-2023,BR50,UAE,Dubai,CUST8054,PROD932,Laptop,HP Spectre x360,Lenovo,5,1060.3,0.24,0.18,4754.39,Debit Card,Online,EMP244,1,1,Same Day,5,INR
ORD123171,11-09-2023,BR91,UK,Manchester,CUST9748,PROD796,Laptop,MacBook Air M2,Sony,4,801.55,0.27,0.18,2761.82,Debit Card,In-Store,EMP503,0,1,Standard,5,EUR
ORD123172,29-05-2023,BR5,UAE,Abu Dhabi,CUST9118,PROD321,Mobile,Samsung Galaxy S23,Dell,4,639.77,0.09,0.18,2747.94,Cash,Online,EMP208,0,0,Standard,10,AED
ORD123173,16-09-2024,BR50,Germany,Berlin,CUST2020,PROD738,Mobile,Samsung Galaxy S23,OnePlus,4,1105.08,0.06,0.18,4903.02,Debit Card,Online,EMP637,0,1,Same Day,6,INR
ORD123174,02-09-2024,BR74,UK,Manchester,CUST1011,PROD769,Mobile,OnePlus 11,OnePlus,1,1791.41,0.22,0.18,1648.81,Debit Card,In-Store,EMP529,3,0,Express,3,USD
ORD123175,04-06-2024,BR27,UAE,Abu Dhabi,CUST6005,PROD766,Laptop,HP Spectre x360,LG,2,1967.57,0.18,0.18,3807.64,Net Banking,In-Store,EMP653,2,1,Express,4,INR
ORD123176,29-06-2024,BR83,UAE,Abu Dhabi,CUST9932,PROD997,Tablet,iPad Air,OnePlus,5,893.55,0.08,0.18,4850.19,Net Banking,In-Store,EMP993,2,0,Standard,5,USD
ORD123177,25-10-2023,BR48,Germany,Munich,CUST6257,PROD388,Accessories,Keyboard,Dell,2,700.49,0.21,0.18,1305.99,Cash,In-Store,EMP278,3,0,Same Day,6,INR
ORD123178,10-01-2023,BR85,UK,Birmingham,CUST7040,PROD400,Accessories,Wireless Mouse,Lenovo,5,1928.11,0.03,0.18,11034.57,Credit Card,In-Store,EMP633,2,0,Standard,5,AED
ORD123179,16-03-2023,BR34,USA,Chicago,CUST2555,PROD339,TV,Samsung QLED 50,OnePlus,5,413.89,0.16,0.18,2051.24,Net Banking,In-Store,EMP747,2,0,Same Day,7,EUR
ORD123180,07-06-2024,BR53,India,Bangalore,CUST5133,PROD720,Mobile,iPhone 14,Samsung,2,1056.5,0.06,0.18,2343.74,Net Banking,In-Store,EMP488,2,1,Standard,5,INR
ORD123181,20-09-2024,BR119,UK,Birmingham,CUST8261,PROD475,Accessories,Keyboard,Apple,3,1468.06,0.11,0.18,4625.27,Debit Card,In-Store,EMP771,2,1,Standard,4,GBP
ORD123182,12-10-2023,BR46,USA,Chicago,CUST6973,PROD841,Tablet,Lenovo Tab P11,Samsung,3,598.09,0.22,0.18,1651.45,UPI,Online,EMP593,1,0,Standard,1,INR
ORD123183,08-12-2023,BR111,USA,Chicago,CUST2678,PROD950,Mobile,Samsung Galaxy S23,Lenovo,4,1235.36,0.15,0.18,4956.26,Cash,In-Store,EMP844,2,0,Express,1,INR
ORD123184,26-07-2023,BR113,India,Delhi,CUST5195,PROD434,Laptop,MacBook Air M2,Sony,5,1921.14,0.09,0.18,10314.6,Cash,Online,EMP841,0,1,Express,7,AED
ORD123185,13-06-2024,BR4,Germany,Munich,CUST2023,PROD897,Mobile,Samsung Galaxy S23,Lenovo,3,281.99,0.11,0.18,888.44,Cash,Online,EMP921,2,0,Express,7,INR
ORD123186,20-05-2023,BR70,India,Bangalore,CUST8083,PROD831,TV,LG OLED 48,Lenovo,1,1429.6,0.08,0.18,1551.97,UPI,Online,EMP782,3,0,Same Day,8,GBP
ORD123187,16-02-2023,BR81,India,Pune,CUST8759,PROD253,Laptop,MacBook Air M2,Samsung,2,104.26,0.13,0.18,214.07,Credit Card,Online,EMP423,3,1,Standard,1,USD
ORD123188,19-02-2024,BR80,UK,London,CUST5414,PROD446,Laptop,MacBook Air M2,HP,1,1236.57,0.07,0.18,1357.01,Net Banking,Online,EMP279,0,1,Express,1,INR
ORD123189,09-12-2023,BR64,UK,Birmingham,CUST8720,PROD891,Accessories,Keyboard,Lenovo,5,1628.3,0.09,0.18,8742.34,Credit Card,In-Store,EMP752,3,1,Express,2,USD
ORD123190,29-07-2024,BR30,UAE,Abu Dhabi,CUST6329,PROD782,Tablet,Lenovo Tab P11,LG,1,1126.57,0.14,0.18,1143.24,Credit Card,In-Store,EMP907,0,0,Express,3,GBP
ORD123191,05-10-2024,BR32,Germany,Berlin,CUST1776,PROD586,Accessories,Wireless Mouse,Sony,3,1802.58,0.25,0.18,4785.85,Credit Card,In-Store,EMP959,3,0,Standard,6,INR
ORD123192,28-08-2024,BR36,UK,Manchester,CUST8574,PROD329,Mobile,Samsung Galaxy S23,LG,1,1525.85,0.17,0.18,1494.42,Credit Card,Online,EMP588,0,1,Standard,7,AED
ORD123193,29-03-2024,BR43,UK,London,CUST8938,PROD343,Laptop,Dell XPS 13,LG,3,80.81,0.17,0.18,237.44,Net Banking,Online,EMP284,2,0,Same Day,2,INR
ORD123194,16-01-2023,BR30,UAE,Abu Dhabi,CUST3985,PROD274,Mobile,OnePlus 11,Apple,1,110.08,0.14,0.18,111.71,Credit Card,In-Store,EMP203,2,1,Express,4,USD
ORD123195,20-01-2024,BR35,UK,London,CUST3464,PROD381,Accessories,Wireless Mouse,Lenovo,5,1390.63,0.04,0.18,7876.53,UPI,In-Store,EMP528,1,1,Express,9,AED
ORD123196,27-01-2024,BR46,UAE,Dubai,CUST7585,PROD106,Mobile,iPhone 14,Apple,1,1547.32,0.04,0.18,1752.8,Cash,In-Store,EMP804,0,0,Express,5,USD
ORD123197,07-01-2023,BR36,UAE,Abu Dhabi,CUST1332,PROD757,Laptop,HP Spectre x360,HP,5,582.46,0.22,0.18,2680.48,UPI,In-Store,EMP364,1,0,Standard,8,INR
ORD123198,17-09-2023,BR59,UAE,Dubai,CUST1419,PROD320,Laptop,MacBook Air M2,Apple,3,1545.53,0.16,0.18,4595.79,Debit Card,In-Store,EMP960,2,0,Same Day,5,INR
ORD123199,02-08-2024,BR34,India,Delhi,CUST5890,PROD336,Accessories,Wireless Mouse,Dell,1,181.47,0.28,0.18,154.18,Debit Card,In-Store,EMP245,1,1,Same Day,5,USD
ORD123200,15-07-2023,BR77,USA,New York,CUST4357,PROD912,Tablet,iPad Air,Samsung,2,1452.17,0.11,0.18,3050.14,Net Banking,Online,EMP530,2,0,Standard,6,EUR
ORD123201,26-09-2023,BR38,UAE,Abu Dhabi,CUST6186,PROD976,Laptop,HP Spectre x360,LG,3,913.59,0.14,0.18,2781.33,Debit Card,Online,EMP548,3,0,Standard,5,EUR
ORD123202,17-12-2023,BR9,UAE,Dubai,CUST1158,PROD941,Tablet,Samsung Galaxy Tab,LG,4,89.5,0.06,0.18,397.09,Credit Card,In-Store,EMP776,3,1,Express,7,GBP
ORD123203,03-12-2024,BR40,Germany,Berlin,CUST3506,PROD365,Accessories,Bluetooth Headphones,Apple,1,1263.42,0.28,0.18,1073.4,Credit Card,In-Store,EMP634,0,0,Express,2,GBP
ORD123204,10-01-2023,BR1,USA,Chicago,CUST2540,PROD649,Tablet,Samsung Galaxy Tab,Dell,3,893.45,0.14,0.18,2720.02,UPI,In-Store,EMP682,2,1,Express,8,EUR
ORD123205,11-06-2024,BR72,UAE,Abu Dhabi,CUST8459,PROD473,Mobile,iPhone 14,Apple,1,1056.1,0.15,0.18,1059.27,UPI,Online,EMP408,0,1,Standard,7,INR
ORD123206,07-01-2024,BR65,Germany,Munich,CUST7657,PROD379,Tablet,Samsung Galaxy Tab,Sony,5,649.42,0.11,0.18,3410.1,Net Banking,In-Store,EMP253,3,1,Same Day,7,INR
ORD123207,05-01-2023,BR107,UK,London,CUST8212,PROD315,TV,Samsung QLED 50,HP,1,56.12,0.22,0.18,51.65,UPI,Online,EMP638,1,0,Same Day,3,INR
ORD123208,06-09-2024,BR22,India,Delhi,CUST9053,PROD570,TV,Sony Bravia 55,Sony,4,839.83,0.17,0.18,3290.12,Credit Card,Online,EMP353,1,0,Standard,7,USD
ORD123209,05-08-2023,BR76,UK,Manchester,CUST2110,PROD727,TV,LG OLED 48,Samsung,2,610.81,0.05,0.18,1369.44,Cash,In-Store,EMP866,0,0,Same Day,7,AED
ORD123210,06-09-2024,BR88,Germany,Hamburg,CUST9605,PROD748,Mobile,iPhone 14,Apple,2,1930.2,0.13,0.18,3963.09,Credit Card,Online,EMP923,0,1,Standard,10,EUR
ORD123211,07-09-2023,BR62,USA,New York,CUST2026,PROD340,Mobile,Samsung Galaxy S23,Dell,4,688.76,0.28,0.18,2340.68,Net Banking,In-Store,EMP899,2,0,Express,3,EUR
ORD123212,21-12-2023,BR44,Germany,Munich,CUST8601,PROD700,TV,Samsung QLED 50,OnePlus,4,1541.66,0.08,0.18,6694.5,Credit Card,Online,EMP345,0,0,Same Day,10,GBP
ORD123213,09-07-2024,BR49,India,Delhi,CUST6347,PROD283,Tablet,Lenovo Tab P11,Apple,5,58.11,0.15,0.18,291.42,Cash,Online,EMP411,1,1,Same Day,2,INR
ORD123214,13-08-2023,BR48,India,Delhi,CUST3590,PROD865,TV,LG OLED 48,LG,5,1196.93,0.25,0.18,5296.42,Cash,Online,EMP489,1,1,Express,2,INR
ORD123215,02-05-2024,BR80,India,Delhi,CUST7360,PROD114,Laptop,Dell XPS 13,LG,2,610.78,0.19,0.18,1167.57,Net Banking,In-Store,EMP859,0,0,Standard,3,GBP
ORD123216,18-10-2023,BR76,USA,Los Angeles,CUST7765,PROD714,Mobile,Samsung Galaxy S23,Apple,3,270.91,0.15,0.18,815.17,Debit Card,Online,EMP278,1,1,Same Day,1,INR
ORD123217,03-09-2023,BR73,UAE,Abu Dhabi,CUST8757,PROD693,Accessories,Wireless Mouse,Lenovo,3,1156.15,0.01,0.18,4051.84,UPI,In-Store,EMP760,1,0,Same Day,6,AED
ORD123218,06-01-2023,BR79,India,Mumbai,CUST6906,PROD756,Tablet,iPad Air,Dell,5,137.74,0.03,0.18,788.29,Net Banking,Online,EMP411,0,0,Standard,8,USD
ORD123219,10-12-2023,BR31,India,Pune,CUST7279,PROD257,Accessories,Wireless Mouse,Sony,2,498.64,0.3,0.18,823.75,Net Banking,Online,EMP316,1,1,Express,9,GBP
ORD123220,10-11-2023,BR32,UAE,Dubai,CUST1650,PROD973,Laptop,MacBook Air M2,Samsung,4,74.03,0.24,0.18,265.56,UPI,Online,EMP758,1,0,Express,2,GBP
ORD123221,09-07-2023,BR17,Germany,Munich,CUST8562,PROD435,TV,Sony Bravia 55,Dell,2,1284.5,0.18,0.18,2485.76,Cash,In-Store,EMP724,1,1,Same Day,7,GBP
ORD123222,15-10-2024,BR64,USA,Dallas,CUST2125,PROD278,Laptop,HP Spectre x360,Dell,1,132.55,0.2,0.18,125.13,Debit Card,Online,EMP923,0,0,Same Day,8,EUR
ORD123223,12-06-2023,BR68,India,Pune,CUST8517,PROD855,Mobile,Samsung Galaxy S23,LG,3,58.43,0.1,0.18,186.16,Net Banking,In-Store,EMP657,1,1,Standard,5,USD
ORD123224,15-09-2023,BR5,USA,Chicago,CUST1307,PROD770,Accessories,Wireless Mouse,Apple,2,473.91,0.17,0.18,928.29,Credit Card,In-Store,EMP412,3,0,Express,6,AED
ORD123225,14-12-2023,BR105,India,Bangalore,CUST3428,PROD369,Laptop,HP Spectre x360,LG,3,794.07,0.08,0.18,2586.13,Cash,Online,EMP403,0,0,Same Day,7,USD
ORD123226,11-08-2024,BR85,USA,Dallas,CUST4083,PROD939,Mobile,OnePlus 11,OnePlus,1,1396.4,0.15,0.18,1400.59,Credit Card,In-Store,EMP493,0,1,Standard,5,USD
ORD123227,06-07-2023,BR29,UK,London,CUST6580,PROD247,Laptop,Dell XPS 13,Dell,3,356.62,0.05,0.18,1199.31,UPI,Online,EMP427,1,0,Same Day,6,INR
ORD123228,10-10-2023,BR100,UAE,Dubai,CUST7697,PROD843,Laptop,Dell XPS 13,LG,1,1256.62,0.18,0.18,1215.91,Net Banking,In-Store,EMP462,2,0,Express,5,USD
ORD123229,03-03-2023,BR15,Germany,Munich,CUST2843,PROD379,Laptop,MacBook Air M2,Dell,1,1876.9,0.06,0.18,2081.86,Debit Card,Online,EMP996,2,0,Standard,8,INR
ORD123230,12-12-2024,BR82,India,Pune,CUST2858,PROD221,Accessories,Bluetooth Headphones,Apple,4,931.95,0.13,0.18,3826.96,Net Banking,Online,EMP294,0,0,Standard,9,INR
ORD123231,11-04-2024,BR116,USA,New York,CUST3844,PROD296,Tablet,Lenovo Tab P11,Samsung,3,533.79,0.29,0.18,1341.63,Debit Card,Online,EMP308,3,1,Express,2,USD
ORD123232,07-11-2024,BR116,UAE,Dubai,CUST8113,PROD961,TV,Samsung QLED 50,Lenovo,2,1589.98,0.04,0.18,3602.26,Net Banking,Online,EMP814,1,1,Same Day,7,INR
ORD123233,18-03-2024,BR32,India,Bangalore,CUST2317,PROD298,TV,LG OLED 48,HP,1,1725.95,0.01,0.18,2016.25,UPI,Online,EMP980,2,0,Same Day,5,INR
ORD123234,28-01-2024,BR76,India,Pune,CUST3364,PROD870,Laptop,Dell XPS 13,Lenovo,4,1167.41,0.05,0.18,5234.67,Credit Card,Online,EMP778,1,1,Standard,5,USD
ORD123235,10-05-2023,BR120,USA,Chicago,CUST3260,PROD243,Tablet,Lenovo Tab P11,Samsung,4,484.97,0.19,0.18,1854.14,Credit Card,Online,EMP461,3,0,Same Day,9,INR
ORD123236,15-07-2023,BR23,Germany,Hamburg,CUST3757,PROD222,TV,Samsung QLED 50,Lenovo,1,312.9,0.16,0.18,310.15,Debit Card,Online,EMP341,3,1,Same Day,4,GBP
ORD123237,02-06-2023,BR21,Germany,Berlin,CUST4479,PROD484,Laptop,Dell XPS 13,LG,5,238.6,0.09,0.18,1281.04,Debit Card,Online,EMP608,0,0,Express,10,USD
ORD123238,01-08-2024,BR10,UAE,Abu Dhabi,CUST6399,PROD577,Tablet,Lenovo Tab P11,Apple,2,1792.34,0.13,0.18,3680.03,Net Banking,In-Store,EMP281,0,0,Express,9,GBP
ORD123239,25-07-2023,BR36,UAE,Dubai,CUST7652,PROD796,Laptop,MacBook Air M2,Samsung,5,545.5,0.03,0.18,3121.9,Debit Card,In-Store,EMP531,2,0,Standard,1,EUR
ORD123240,29-12-2024,BR86,UAE,Abu Dhabi,CUST8577,PROD316,Tablet,iPad Air,Apple,1,1694.97,0.02,0.18,1960.06,Credit Card,Online,EMP715,0,0,Standard,5,AED
ORD123241,28-08-2023,BR115,India,Mumbai,CUST9761,PROD326,TV,LG OLED 48,Dell,1,481.99,0.15,0.18,483.44,Credit Card,Online,EMP556,2,0,Same Day,9,INR
ORD123242,29-05-2024,BR34,Germany,Berlin,CUST4715,PROD343,TV,LG OLED 48,Apple,4,822.8,0.01,0.18,3844.78,Net Banking,Online,EMP661,2,1,Standard,5,EUR
ORD123243,15-07-2024,BR48,UAE,Abu Dhabi,CUST9144,PROD568,Mobile,Samsung Galaxy S23,Dell,2,1416.24,0.19,0.18,2707.28,Net Banking,Online,EMP438,1,1,Express,10,AED
ORD123244,05-01-2024,BR51,USA,New York,CUST8957,PROD905,Laptop,Dell XPS 13,LG,5,928.28,0.05,0.18,5203.01,Cash,Online,EMP372,3,0,Same Day,2,AED
ORD123245,22-12-2023,BR59,India,Pune,CUST8580,PROD848,Accessories,Keyboard,Lenovo,5,200.5,0.2,0.18,946.36,Credit Card,In-Store,EMP819,3,0,Standard,6,USD
ORD123246,24-02-2024,BR120,UK,Birmingham,CUST2317,PROD718,TV,Sony Bravia 55,Dell,3,1122.64,0.22,0.18,3099.83,Credit Card,In-Store,EMP635,0,1,Standard,1,GBP
ORD123247,08-11-2023,BR25,USA,Chicago,CUST1770,PROD309,Mobile,iPhone 14,Samsung,5,681.66,0.28,0.18,2895.69,Net Banking,In-Store,EMP614,3,1,Express,6,INR
ORD123248,29-12-2023,BR27,Germany,Hamburg,CUST7455,PROD333,Mobile,OnePlus 11,LG,4,1889.11,0.13,0.18,7757.44,Cash,In-Store,EMP501,1,1,Standard,1,EUR
ORD123249,30-08-2024,BR67,Germany,Hamburg,CUST2760,PROD589,Mobile,Samsung Galaxy S23,Lenovo,1,865.4,0.04,0.18,980.33,Cash,In-Store,EMP809,0,0,Express,2,EUR
ORD123250,21-11-2024,BR95,Germany,Berlin,CUST6448,PROD598,Mobile,OnePlus 11,Apple,4,1743.8,0.01,0.18,8148.43,Cash,Online,EMP967,0,1,Same Day,3,INR
ORD123251,14-12-2023,BR116,UAE,Abu Dhabi,CUST7212,PROD557,Mobile,Samsung Galaxy S23,Apple,5,804.02,0.23,0.18,3652.66,Cash,In-Store,EMP850,1,1,Standard,10,INR
ORD123252,30-01-2023,BR114,India,Mumbai,CUST5733,PROD442,Mobile,Samsung Galaxy S23,LG,5,772.56,0.14,0.18,3919.97,Cash,Online,EMP323,1,0,Express,4,USD
ORD123253,17-09-2024,BR111,India,Pune,CUST9943,PROD881,TV,Samsung QLED 50,Sony,1,1721.97,0.03,0.18,1970.97,UPI,Online,EMP722,2,0,Standard,6,AED
ORD123254,09-05-2023,BR69,UAE,Abu Dhabi,CUST2447,PROD303,Tablet,Samsung Galaxy Tab,Samsung,3,1959.59,0.27,0.18,5063.97,Credit Card,Online,EMP939,0,1,Same Day,8,USD
ORD123255,30-04-2024,BR62,USA,New York,CUST2726,PROD306,Mobile,OnePlus 11,Apple,1,1772.15,0.03,0.18,2028.4,Credit Card,Online,EMP957,2,0,Express,3,INR
ORD123256,27-04-2024,BR66,UK,London,CUST4380,PROD566,Tablet,iPad Air,Dell,3,799.74,0.02,0.18,2774.46,Debit Card,Online,EMP489,2,1,Standard,8,AED
ORD123257,05-11-2024,BR79,USA,Dallas,CUST2033,PROD498,Accessories,Wireless Mouse,OnePlus,1,1023.52,0.15,0.18,1026.59,Debit Card,In-Store,EMP339,2,1,Same Day,2,AED
ORD123258,18-02-2024,BR111,UK,Manchester,CUST7982,PROD353,Tablet,Lenovo Tab P11,Lenovo,5,400.81,0.09,0.18,2151.95,Cash,In-Store,EMP396,1,1,Express,8,GBP
ORD123259,21-11-2023,BR44,India,Mumbai,CUST1189,PROD129,Laptop,HP Spectre x360,Samsung,2,1595.25,0.12,0.18,3313.02,UPI,In-Store,EMP951,3,0,Standard,1,EUR
ORD123260,20-07-2024,BR19,Germany,Munich,CUST6911,PROD782,Mobile,Samsung Galaxy S23,Apple,2,196.17,0.05,0.18,439.81,UPI,Online,EMP448,2,1,Same Day,3,GBP
ORD123261,09-07-2023,BR26,USA,Chicago,CUST1581,PROD984,Tablet,iPad Air,OnePlus,5,1959.06,0.21,0.18,9131.18,Debit Card,Online,EMP815,3,0,Same Day,5,INR
ORD123262,03-09-2024,BR37,USA,Dallas,CUST2039,PROD425,Accessories,Wireless Mouse,Samsung,3,748.08,0.29,0.18,1880.22,UPI,Online,EMP475,2,0,Same Day,1,INR
ORD123263,25-12-2024,BR53,India,Delhi,CUST7837,PROD886,Mobile,iPhone 14,Lenovo,5,1033.04,0.26,0.18,4510.25,Cash,Online,EMP306,3,1,Same Day,5,EUR
ORD123264,04-01-2024,BR36,India,Bangalore,CUST1354,PROD157,Accessories,Wireless Mouse,OnePlus,1,1521.62,0.28,0.18,1292.77,Cash,In-Store,EMP630,0,0,Standard,6,AED
ORD123265,26-12-2023,BR85,India,Bangalore,CUST7737,PROD349,Tablet,iPad Air,Lenovo,4,643.34,0.19,0.18,2459.62,Net Banking,In-Store,EMP794,1,0,Standard,10,EUR
ORD123266,16-02-2023,BR22,UK,London,CUST9621,PROD971,Tablet,iPad Air,HP,5,1952.92,0.01,0.18,11407.01,Cash,In-Store,EMP989,0,0,Express,8,EUR
ORD123267,31-01-2024,BR55,India,Pune,CUST4056,PROD288,Accessories,Wireless Mouse,Dell,2,398.2,0.08,0.18,864.57,Credit Card,Online,EMP464,1,1,Express,8,INR
ORD123268,22-01-2024,BR5,UK,London,CUST6909,PROD140,TV,Sony Bravia 55,Apple,1,1251.33,0.09,0.18,1343.68,UPI,Online,EMP240,3,0,Express,9,EUR
ORD123269,17-11-2023,BR109,Germany,Munich,CUST4675,PROD477,Accessories,Bluetooth Headphones,LG,2,904.29,0.28,0.18,1536.57,Cash,Online,EMP587,3,1,Standard,10,GBP
ORD123270,04-03-2023,BR63,Germany,Berlin,CUST4738,PROD870,Mobile,OnePlus 11,OnePlus,3,1066.89,0.19,0.18,3059.2,Net Banking,Online,EMP941,0,1,Same Day,2,GBP
ORD123271,14-03-2023,BR52,India,Bangalore,CUST5391,PROD864,Mobile,Samsung Galaxy S23,Dell,5,606.51,0.16,0.18,3005.86,Net Banking,Online,EMP887,0,0,Standard,6,USD
ORD123272,05-05-2023,BR83,Germany,Hamburg,CUST9493,PROD893,Tablet,iPad Air,OnePlus,5,204.58,0.24,0.18,917.34,Debit Card,Online,EMP940,2,0,Same Day,9,EUR
ORD123273,23-07-2024,BR19,UK,London,CUST2411,PROD375,TV,LG OLED 48,Sony,1,841.32,0.12,0.18,873.63,Net Banking,In-Store,EMP518,1,0,Express,4,USD
ORD123274,31-12-2024,BR29,UK,London,CUST4321,PROD773,Mobile,iPhone 14,Lenovo,3,1781.16,0.04,0.18,6053.09,Cash,In-Store,EMP363,1,0,Standard,7,INR
ORD123275,12-06-2023,BR15,UK,Manchester,CUST6288,PROD966,Accessories,Bluetooth Headphones,OnePlus,2,1224.28,0.3,0.18,2022.51,Debit Card,In-Store,EMP351,2,1,Express,3,USD
ORD123276,27-04-2023,BR50,USA,Chicago,CUST6430,PROD476,TV,Sony Bravia 55,Apple,5,1422.9,0.19,0.18,6800.04,Net Banking,Online,EMP472,0,1,Standard,8,INR
ORD123277,21-08-2023,BR99,Germany,Munich,CUST8335,PROD769,Laptop,Dell XPS 13,HP,5,245.6,0.09,0.18,1318.63,Net Banking,In-Store,EMP301,2,0,Express,4,AED
ORD123278,23-04-2023,BR68,Germany,Berlin,CUST9502,PROD851,Accessories,Wireless Mouse,Apple,2,1422.74,0.26,0.18,2484.67,Debit Card,Online,EMP491,1,1,Express,5,AED
ORD123279,21-12-2024,BR77,USA,Los Angeles,CUST2912,PROD721,Mobile,OnePlus 11,Lenovo,5,1951.34,0.23,0.18,8864.94,Net Banking,Online,EMP623,2,1,Express,2,INR
ORD123280,02-02-2023,BR90,UK,Manchester,CUST6783,PROD436,Tablet,Samsung Galaxy Tab,Apple,3,961.53,0.13,0.18,2961.32,Debit Card,Online,EMP531,0,0,Same Day,3,INR
ORD123281,30-11-2024,BR42,India,Mumbai,CUST3195,PROD483,Mobile,OnePlus 11,Apple,2,1314.11,0.07,0.18,2884.21,Net Banking,Online,EMP712,1,0,Standard,5,INR
ORD123282,04-07-2023,BR68,UK,Birmingham,CUST4871,PROD766,Accessories,Bluetooth Headphones,OnePlus,1,267.93,0.29,0.18,224.47,Net Banking,Online,EMP341,1,1,Express,1,INR
ORD123283,27-10-2023,BR93,Germany,Hamburg,CUST2269,PROD266,TV,LG OLED 48,Samsung,5,1991.86,0.18,0.18,9636.62,UPI,In-Store,EMP510,3,0,Same Day,2,GBP
ORD123284,30-05-2024,BR31,UAE,Abu Dhabi,CUST7789,PROD561,Mobile,OnePlus 11,Dell,5,1775.93,0.21,0.18,8277.61,Net Banking,Online,EMP414,3,1,Same Day,3,INR
ORD123285,25-11-2024,BR117,UAE,Abu Dhabi,CUST6362,PROD790,Mobile,Samsung Galaxy S23,Lenovo,3,981.14,0.21,0.18,2743.86,Debit Card,In-Store,EMP445,0,1,Express,10,EUR
ORD123286,06-07-2023,BR35,UAE,Abu Dhabi,CUST6172,PROD396,Mobile,Samsung Galaxy S23,HP,1,1870.43,0.01,0.18,2185.04,UPI,Online,EMP392,3,0,Express,1,INR
ORD123287,19-12-2023,BR118,Germany,Hamburg,CUST9277,PROD688,Laptop,MacBook Air M2,Apple,5,1741.67,0.21,0.18,8117.92,Credit Card,Online,EMP591,2,0,Same Day,10,INR
ORD123288,26-03-2023,BR107,Germany,Berlin,CUST9688,PROD181,Accessories,Bluetooth Headphones,Apple,5,1650.31,0.02,0.18,9542.09,Debit Card,In-Store,EMP936,0,1,Standard,5,GBP
ORD123289,10-08-2024,BR6,India,Delhi,CUST1046,PROD890,TV,LG OLED 48,Dell,3,1080.61,0.05,0.18,3634.09,UPI,Online,EMP299,3,0,Standard,2,EUR
ORD123290,31-10-2024,BR37,Germany,Munich,CUST3019,PROD145,Laptop,MacBook Air M2,OnePlus,1,1098.47,0.18,0.18,1062.88,Net Banking,Online,EMP487,2,0,Same Day,7,EUR
ORD123291,28-06-2023,BR79,USA,Dallas,CUST9130,PROD466,Laptop,Dell XPS 13,HP,5,1749.17,0.17,0.18,8565.69,UPI,In-Store,EMP805,3,0,Express,5,EUR
ORD123292,02-09-2023,BR29,USA,Chicago,CUST6089,PROD286,Tablet,Lenovo Tab P11,Lenovo,5,663.07,0.29,0.18,2777.6,UPI,Online,EMP607,3,1,Standard,3,GBP
ORD123293,18-12-2023,BR20,India,Pune,CUST1960,PROD664,Accessories,Bluetooth Headphones,Sony,4,1487.35,0.05,0.18,6669.28,Cash,Online,EMP322,3,1,Express,8,INR
ORD123294,07-09-2024,BR82,USA,Chicago,CUST3942,PROD357,Laptop,HP Spectre x360,Sony,3,968.25,0.25,0.18,2570.7,Debit Card,Online,EMP420,3,1,Express,2,USD
ORD123295,02-04-2023,BR120,USA,Los Angeles,CUST2482,PROD607,Tablet,Lenovo Tab P11,LG,4,1284.26,0.21,0.18,4788.75,Cash,Online,EMP708,3,0,Standard,6,EUR
ORD123296,10-12-2024,BR39,USA,Chicago,CUST8296,PROD679,Accessories,Keyboard,Apple,2,1979.25,0.04,0.18,4484.19,Cash,Online,EMP410,1,1,Express,2,AED
ORD123297,04-12-2023,BR35,UK,Manchester,CUST4064,PROD873,Mobile,OnePlus 11,Lenovo,1,686.7,0.13,0.18,704.97,Cash,Online,EMP530,3,1,Standard,1,INR
ORD123298,07-02-2023,BR32,UAE,Dubai,CUST7564,PROD724,Tablet,iPad Air,LG,5,1636.33,0.28,0.18,6951.13,Net Banking,In-Store,EMP514,0,0,Standard,9,GBP
ORD123299,11-12-2023,BR64,USA,Dallas,CUST8410,PROD491,Accessories,Keyboard,OnePlus,2,1539.55,0.18,0.18,2979.34,Cash,Online,EMP620,1,1,Same Day,3,GBP
ORD123300,29-08-2024,BR9,India,Pune,CUST7787,PROD140,Mobile,Samsung Galaxy S23,HP,2,1146.04,0.08,0.18,2488.28,Net Banking,Online,EMP208,3,0,Express,6,INR
ORD123301,10-02-2024,BR61,UAE,Abu Dhabi,CUST6037,PROD513,Accessories,Keyboard,HP,3,1332.91,0.02,0.18,4624.13,Cash,Online,EMP943,3,0,Standard,8,INR
ORD123302,25-08-2023,BR26,UAE,Abu Dhabi,CUST5336,PROD219,Accessories,Wireless Mouse,Samsung,3,603.89,0,0.18,2137.77,Credit Card,In-Store,EMP428,1,1,Express,7,AED
ORD123303,24-12-2024,BR39,UK,Manchester,CUST9916,PROD810,Mobile,iPhone 14,OnePlus,5,1321.76,0.14,0.18,6706.61,Credit Card,In-Store,EMP218,3,0,Express,8,USD
ORD123304,28-03-2024,BR113,Germany,Munich,CUST7049,PROD267,Accessories,Keyboard,HP,3,643.75,0.18,0.18,1868.68,Credit Card,In-Store,EMP740,1,1,Standard,1,AED
ORD123305,17-12-2023,BR6,UK,Manchester,CUST1719,PROD430,Accessories,Bluetooth Headphones,Sony,1,1489.05,0.22,0.18,1370.52,Net Banking,Online,EMP538,2,0,Standard,6,AED
ORD123306,08-05-2023,BR36,UK,Birmingham,CUST9571,PROD644,Tablet,Samsung Galaxy Tab,Sony,3,691.12,0.26,0.18,1810.46,Debit Card,In-Store,EMP242,1,0,Express,7,GBP
ORD123307,19-01-2023,BR56,UK,London,CUST3544,PROD255,Mobile,iPhone 14,Dell,4,259.56,0.11,0.18,1090.36,Cash,Online,EMP689,1,1,Standard,2,INR
ORD123308,19-07-2023,BR32,UAE,Dubai,CUST3607,PROD326,Tablet,iPad Air,Lenovo,2,872.22,0.06,0.18,1934.93,Cash,Online,EMP980,0,1,Same Day,4,EUR
ORD123309,19-02-2023,BR94,India,Bangalore,CUST4049,PROD882,Accessories,Keyboard,Sony,5,478.12,0.17,0.18,2341.35,UPI,Online,EMP358,3,0,Express,2,AED
ORD123310,19-09-2024,BR95,India,Bangalore,CUST1977,PROD334,Accessories,Wireless Mouse,Sony,1,1616.01,0.14,0.18,1639.93,Credit Card,In-Store,EMP949,1,0,Express,6,USD
ORD123311,17-07-2023,BR16,USA,New York,CUST4207,PROD801,Tablet,Samsung Galaxy Tab,Sony,1,1928.04,0.04,0.18,2184.08,UPI,Online,EMP343,0,1,Same Day,6,AED
ORD123312,02-02-2024,BR2,UAE,Dubai,CUST8231,PROD199,Mobile,iPhone 14,Apple,3,930.49,0.27,0.18,2404.57,Debit Card,In-Store,EMP606,2,1,Standard,10,USD
ORD123313,07-08-2023,BR77,India,Delhi,CUST6288,PROD465,Laptop,MacBook Air M2,HP,5,1414.43,0.13,0.18,7260.27,Debit Card,Online,EMP239,2,1,Same Day,10,INR
ORD123314,07-11-2023,BR91,Germany,Berlin,CUST9020,PROD389,Tablet,Lenovo Tab P11,OnePlus,4,1173.65,0.13,0.18,4819.48,Net Banking,Online,EMP438,3,0,Express,8,EUR
ORD123315,07-12-2023,BR60,USA,New York,CUST3690,PROD720,Laptop,HP Spectre x360,Sony,5,125.37,0.1,0.18,665.71,Debit Card,In-Store,EMP873,1,1,Standard,2,AED
ORD123316,26-08-2024,BR15,UK,London,CUST1844,PROD489,TV,Sony Bravia 55,Samsung,5,1364.17,0.11,0.18,7163.26,Credit Card,Online,EMP202,2,1,Same Day,2,AED
ORD123317,05-03-2024,BR32,UAE,Abu Dhabi,CUST4409,PROD929,Mobile,Samsung Galaxy S23,OnePlus,5,1875.64,0.28,0.18,7967.72,UPI,Online,EMP912,1,0,Express,6,AED
ORD123318,27-09-2023,BR117,India,Mumbai,CUST5727,PROD768,Laptop,MacBook Air M2,Lenovo,3,972.57,0.29,0.18,2444.46,Net Banking,In-Store,EMP967,1,0,Express,2,INR
ORD123319,14-06-2024,BR39,Germany,Munich,CUST5384,PROD595,Laptop,MacBook Air M2,OnePlus,2,571.17,0.07,0.18,1253.6,Credit Card,In-Store,EMP960,2,1,Same Day,3,AED
ORD123320,24-10-2023,BR18,UAE,Dubai,CUST7269,PROD467,Mobile,Samsung Galaxy S23,LG,4,710.86,0.05,0.18,3187.5,Cash,In-Store,EMP699,0,1,Standard,4,AED
ORD123321,21-06-2024,BR4,UK,London,CUST3232,PROD653,Mobile,iPhone 14,Lenovo,3,494.12,0.16,0.18,1469.32,Credit Card,Online,EMP354,2,0,Standard,1,INR
ORD123322,03-03-2024,BR114,UK,Birmingham,CUST6053,PROD569,Mobile,OnePlus 11,Lenovo,1,830.67,0.23,0.18,754.75,Credit Card,Online,EMP796,2,1,Express,8,AED
ORD123323,31-03-2024,BR22,Germany,Munich,CUST8225,PROD848,Laptop,Dell XPS 13,Dell,5,1085.63,0.16,0.18,5380.38,Debit Card,In-Store,EMP633,3,0,Standard,4,GBP
ORD123324,15-08-2024,BR12,Germany,Hamburg,CUST3701,PROD575,Mobile,iPhone 14,Sony,5,944.78,0.14,0.18,4793.81,Debit Card,Online,EMP213,1,1,Standard,8,EUR
ORD123325,07-10-2024,BR109,UK,London,CUST3645,PROD182,TV,LG OLED 48,Lenovo,1,818.85,0.06,0.18,908.27,Credit Card,In-Store,EMP526,1,0,Same Day,6,AED
ORD123326,16-02-2023,BR49,UAE,Dubai,CUST5698,PROD361,Tablet,Lenovo Tab P11,HP,1,728.5,0.22,0.18,670.51,Debit Card,In-Store,EMP556,3,0,Same Day,4,USD
ORD123327,25-07-2024,BR100,UAE,Dubai,CUST6837,PROD296,Accessories,Keyboard,Lenovo,5,1649.31,0.02,0.18,9536.31,Cash,In-Store,EMP850,2,1,Express,5,INR
ORD123328,30-05-2023,BR62,UAE,Abu Dhabi,CUST1293,PROD593,Tablet,Samsung Galaxy Tab,Samsung,1,1825.74,0.25,0.18,1615.78,Net Banking,Online,EMP414,3,1,Express,8,AED
ORD123329,07-03-2023,BR13,Germany,Berlin,CUST3431,PROD716,Tablet,Lenovo Tab P11,Sony,5,1417.22,0.04,0.18,8027.13,Net Banking,In-Store,EMP880,2,0,Express,6,USD
ORD123330,28-11-2023,BR75,USA,New York,CUST6785,PROD174,Tablet,Lenovo Tab P11,OnePlus,2,155.96,0.23,0.18,283.41,Net Banking,In-Store,EMP828,2,0,Same Day,5,EUR
ORD123331,05-05-2023,BR58,USA,Los Angeles,CUST1329,PROD297,Mobile,Samsung Galaxy S23,HP,1,1169.66,0.18,0.18,1131.76,Net Banking,In-Store,EMP770,2,0,Standard,4,EUR
ORD123332,18-09-2024,BR58,UAE,Abu Dhabi,CUST6864,PROD897,Mobile,iPhone 14,Dell,4,813.72,0.11,0.18,3418.27,Debit Card,Online,EMP205,1,1,Express,3,INR
ORD123333,06-08-2024,BR60,UAE,Dubai,CUST5462,PROD628,Laptop,Dell XPS 13,OnePlus,4,420.42,0.23,0.18,1527.97,Debit Card,In-Store,EMP792,3,0,Standard,3,EUR
ORD123334,11-12-2024,BR77,UK,Manchester,CUST8635,PROD864,Laptop,Dell XPS 13,Dell,1,1438.84,0.13,0.18,1477.11,UPI,In-Store,EMP538,3,0,Express,1,GBP
ORD123335,01-12-2023,BR70,USA,New York,CUST5692,PROD160,TV,LG OLED 48,Apple,4,1651.02,0.26,0.18,5766.68,Debit Card,Online,EMP987,2,1,Standard,7,INR
ORD123336,04-07-2023,BR14,UAE,Dubai,CUST1535,PROD795,Mobile,iPhone 14,Sony,4,1576.15,0.26,0.18,5505.18,Cash,In-Store,EMP992,3,0,Standard,1,GBP
ORD123337,06-03-2023,BR68,UAE,Abu Dhabi,CUST7303,PROD326,Tablet,Lenovo Tab P11,Sony,2,787.61,0.15,0.18,1579.95,Net Banking,In-Store,EMP284,1,0,Standard,7,INR
ORD123338,07-03-2024,BR14,India,Bangalore,CUST3899,PROD955,Accessories,Wireless Mouse,Sony,4,1557.82,0.16,0.18,6176.44,Cash,Online,EMP998,3,1,Same Day,6,USD
ORD123339,14-08-2023,BR49,UK,Birmingham,CUST8990,PROD940,Laptop,Dell XPS 13,Dell,2,1923.91,0.19,0.18,3677.75,Net Banking,Online,EMP203,0,0,Express,1,INR
ORD123340,21-10-2023,BR98,India,Mumbai,CUST2233,PROD189,Laptop,MacBook Air M2,OnePlus,1,682.17,0.26,0.18,595.67,Debit Card,In-Store,EMP824,0,1,Express,1,GBP
ORD123341,31-12-2024,BR98,UAE,Abu Dhabi,CUST8642,PROD369,TV,Sony Bravia 55,HP,5,1842.48,0.21,0.18,8587.8,Cash,Online,EMP207,2,0,Standard,7,AED
ORD123342,27-01-2023,BR36,India,Pune,CUST4481,PROD358,Tablet,iPad Air,HP,4,1434.33,0.27,0.18,4942.13,Debit Card,In-Store,EMP780,3,1,Same Day,5,INR
ORD123343,26-12-2023,BR116,UAE,Dubai,CUST2062,PROD974,Tablet,Lenovo Tab P11,OnePlus,4,1272.67,0.23,0.18,4625.39,Net Banking,Online,EMP875,3,1,Standard,7,AED
ORD123344,28-08-2024,BR36,USA,Dallas,CUST8849,PROD664,Laptop,HP Spectre x360,Samsung,1,732.4,0.08,0.18,795.09,Net Banking,Online,EMP262,0,0,Standard,1,GBP
ORD123345,22-11-2024,BR27,India,Pune,CUST4543,PROD517,TV,LG OLED 48,Dell,3,1804.94,0.21,0.18,5047.7,UPI,In-Store,EMP915,3,0,Express,10,USD
ORD123346,30-03-2024,BR44,Germany,Hamburg,CUST1305,PROD312,Tablet,Lenovo Tab P11,Sony,2,339.77,0.18,0.18,657.52,Debit Card,In-Store,EMP468,1,1,Same Day,6,EUR
ORD123347,06-03-2023,BR50,USA,Los Angeles,CUST6360,PROD872,Accessories,Keyboard,OnePlus,4,518.12,0.07,0.18,2274.34,Cash,In-Store,EMP545,0,1,Same Day,6,USD
ORD123348,27-01-2024,BR80,India,Mumbai,CUST9526,PROD341,Accessories,Bluetooth Headphones,Apple,1,72.43,0.28,0.18,61.54,UPI,Online,EMP789,0,0,Standard,10,GBP
ORD123349,16-01-2024,BR19,UK,London,CUST6715,PROD729,Accessories,Wireless Mouse,Dell,5,1673.44,0.3,0.18,6911.31,Net Banking,Online,EMP422,1,1,Same Day,9,AED
ORD123350,24-05-2023,BR112,India,Mumbai,CUST8471,PROD170,Mobile,OnePlus 11,Samsung,1,1557,0.07,0.18,1708.65,Cash,In-Store,EMP462,0,1,Standard,7,AED
ORD123351,18-04-2024,BR22,UAE,Dubai,CUST2547,PROD927,TV,Sony Bravia 55,Dell,1,1314.43,0.2,0.18,1240.82,Debit Card,In-Store,EMP916,3,0,Same Day,4,USD
ORD123352,24-10-2024,BR7,USA,New York,CUST8177,PROD982,TV,Sony Bravia 55,Apple,3,1037.82,0.26,0.18,2718.67,Credit Card,In-Store,EMP876,1,0,Standard,8,INR
ORD123353,09-08-2023,BR93,UAE,Dubai,CUST9241,PROD380,Mobile,OnePlus 11,OnePlus,4,440.16,0.05,0.18,1973.68,UPI,In-Store,EMP530,0,1,Same Day,3,EUR
ORD123354,23-08-2023,BR110,UAE,Abu Dhabi,CUST9496,PROD595,TV,LG OLED 48,OnePlus,5,1220.63,0.29,0.18,5113.22,Credit Card,Online,EMP600,0,0,Express,2,AED
ORD123355,24-09-2023,BR71,India,Pune,CUST2921,PROD185,TV,LG OLED 48,Lenovo,2,1716.21,0.07,0.18,3766.74,UPI,In-Store,EMP378,3,1,Express,10,GBP
ORD123356,29-06-2023,BR34,USA,Chicago,CUST4509,PROD718,Laptop,Dell XPS 13,Lenovo,3,680.53,0.16,0.18,2023.62,Debit Card,Online,EMP677,0,1,Same Day,9,EUR
ORD123357,28-07-2024,BR75,Germany,Hamburg,CUST7852,PROD561,Tablet,iPad Air,Dell,4,1073.99,0.11,0.18,4511.62,Credit Card,In-Store,EMP460,2,1,Express,5,GBP
ORD123358,23-08-2023,BR67,India,Bangalore,CUST9187,PROD810,Accessories,Keyboard,Dell,3,1735,0.15,0.18,5220.61,Credit Card,Online,EMP746,2,1,Standard,3,EUR
ORD123359,09-09-2024,BR114,UK,London,CUST5981,PROD939,Tablet,Samsung Galaxy Tab,HP,4,1358.34,0.28,0.18,4616.18,Credit Card,Online,EMP949,2,0,Standard,10,GBP
ORD123360,01-09-2024,BR66,USA,Dallas,CUST9259,PROD396,Mobile,Samsung Galaxy S23,Apple,4,1255.9,0.19,0.18,4801.56,Net Banking,Online,EMP484,0,0,Express,1,INR
ORD123361,31-08-2024,BR112,USA,Chicago,CUST7413,PROD817,Mobile,Samsung Galaxy S23,OnePlus,4,191.65,0.2,0.18,723.67,UPI,Online,EMP552,3,0,Standard,2,AED
ORD123362,28-02-2024,BR43,USA,New York,CUST5856,PROD748,TV,Samsung QLED 50,Apple,1,989.34,0.28,0.18,840.54,Credit Card,Online,EMP963,1,1,Standard,1,USD
ORD123363,16-07-2024,BR44,UK,Manchester,CUST8445,PROD587,Tablet,iPad Air,OnePlus,5,1046.79,0.01,0.18,6114.3,UPI,In-Store,EMP815,0,1,Express,1,USD
ORD123364,17-10-2024,BR22,USA,New York,CUST8273,PROD158,Laptop,HP Spectre x360,Sony,4,523.69,0.17,0.18,2051.61,Credit Card,In-Store,EMP765,0,1,Same Day,6,EUR
ORD123365,21-01-2024,BR53,USA,New York,CUST7327,PROD865,Accessories,Bluetooth Headphones,Samsung,4,1069.97,0.1,0.18,4545.23,Cash,Online,EMP871,1,1,Same Day,6,GBP
ORD123366,28-08-2024,BR77,USA,Los Angeles,CUST8599,PROD247,Laptop,MacBook Air M2,Sony,1,1208.16,0.05,0.18,1354.35,Cash,Online,EMP935,0,1,Standard,1,EUR
ORD123367,29-01-2023,BR6,USA,Chicago,CUST9509,PROD362,Tablet,Lenovo Tab P11,OnePlus,5,956.58,0.09,0.18,5135.88,Net Banking,Online,EMP781,3,0,Express,1,USD
ORD123368,15-10-2023,BR83,UAE,Dubai,CUST1772,PROD627,Laptop,MacBook Air M2,Apple,2,1234.64,0.02,0.18,2855.48,UPI,In-Store,EMP452,1,0,Standard,10,GBP
ORD123369,06-01-2023,BR96,USA,Los Angeles,CUST5280,PROD321,Laptop,Dell XPS 13,Dell,5,707.01,0.12,0.18,3670.8,Debit Card,In-Store,EMP730,2,1,Express,4,USD
ORD123370,11-05-2023,BR20,USA,Los Angeles,CUST7331,PROD355,Tablet,Samsung Galaxy Tab,LG,2,669.84,0.07,0.18,1470.16,UPI,In-Store,EMP220,2,1,Express,5,AED
ORD123371,25-02-2024,BR63,UAE,Dubai,CUST3357,PROD285,TV,Samsung QLED 50,HP,2,324.35,0.01,0.18,757.81,Cash,In-Store,EMP934,0,0,Standard,9,EUR
ORD123372,12-06-2024,BR94,India,Mumbai,CUST2354,PROD114,Tablet,iPad Air,Samsung,5,400.75,0.04,0.18,2269.85,Cash,Online,EMP381,2,0,Standard,6,INR
ORD123373,23-04-2023,BR119,UAE,Abu Dhabi,CUST7506,PROD256,Accessories,Keyboard,Samsung,2,1691.34,0.03,0.18,3871.82,UPI,In-Store,EMP839,1,0,Express,9,AED
ORD123374,11-05-2024,BR30,USA,Chicago,CUST5984,PROD274,TV,Samsung QLED 50,Apple,3,1357.55,0,0.18,4805.73,Credit Card,Online,EMP301,3,0,Standard,10,USD
ORD123375,06-11-2024,BR49,UAE,Abu Dhabi,CUST7427,PROD734,TV,LG OLED 48,Apple,1,549.94,0.12,0.18,571.06,Debit Card,In-Store,EMP279,0,0,Same Day,1,GBP
ORD123376,30-10-2024,BR22,India,Mumbai,CUST7041,PROD990,Tablet,Samsung Galaxy Tab,Apple,4,1716.34,0.21,0.18,6399.89,Net Banking,Online,EMP950,1,1,Standard,1,INR
ORD123377,26-07-2024,BR84,UAE,Dubai,CUST9728,PROD647,Tablet,iPad Air,OnePlus,1,864.21,0.11,0.18,907.59,Credit Card,In-Store,EMP580,1,1,Standard,3,GBP
ORD123378,06-06-2024,BR12,UAE,Dubai,CUST2078,PROD564,Accessories,Keyboard,LG,4,829.52,0.03,0.18,3797.87,Credit Card,In-Store,EMP351,1,0,Express,2,USD
ORD123379,27-11-2024,BR87,USA,Dallas,CUST9347,PROD750,Accessories,Keyboard,Lenovo,4,1786.3,0.21,0.18,6660.76,Debit Card,Online,EMP275,2,0,Standard,6,GBP
ORD123380,25-03-2023,BR2,Germany,Berlin,CUST7015,PROD963,Laptop,Dell XPS 13,Dell,5,1332.39,0.21,0.18,6210.27,Net Banking,Online,EMP367,2,0,Same Day,6,AED
ORD123381,02-02-2024,BR20,UAE,Abu Dhabi,CUST9369,PROD789,Mobile,OnePlus 11,Lenovo,3,1055.44,0.11,0.18,3325.27,Credit Card,In-Store,EMP479,3,0,Same Day,6,INR
ORD123382,12-03-2023,BR2,Germany,Berlin,CUST5170,PROD924,Tablet,iPad Air,OnePlus,1,1349.15,0.18,0.18,1305.44,Cash,Online,EMP974,2,0,Standard,9,AED
ORD123383,18-01-2023,BR55,Germany,Munich,CUST9858,PROD656,Laptop,Dell XPS 13,LG,1,905.5,0.05,0.18,1015.07,Cash,Online,EMP204,2,1,Standard,5,INR
ORD123384,13-03-2023,BR13,UK,Birmingham,CUST4136,PROD396,TV,Sony Bravia 55,LG,2,952.06,0.24,0.18,1707.61,UPI,In-Store,EMP319,3,1,Standard,6,GBP
ORD123385,15-01-2024,BR87,USA,Dallas,CUST8394,PROD716,TV,Samsung QLED 50,Samsung,5,1500.08,0.26,0.18,6549.35,UPI,In-Store,EMP611,0,1,Express,2,INR
ORD123386,06-08-2023,BR82,USA,Los Angeles,CUST5597,PROD863,Accessories,Wireless Mouse,HP,2,1182.51,0.16,0.18,2344.21,Net Banking,Online,EMP678,2,1,Standard,8,AED
ORD123387,15-09-2023,BR8,Germany,Munich,CUST4687,PROD846,TV,LG OLED 48,OnePlus,2,797.01,0.12,0.18,1655.23,Net Banking,In-Store,EMP791,2,1,Express,8,AED
ORD123388,17-04-2023,BR74,India,Delhi,CUST9798,PROD733,Mobile,Samsung Galaxy S23,LG,3,275.84,0.01,0.18,966.71,UPI,Online,EMP850,2,0,Standard,3,EUR
ORD123389,05-10-2023,BR66,UAE,Dubai,CUST9434,PROD840,Laptop,Dell XPS 13,Apple,4,1378.17,0.28,0.18,4683.57,Credit Card,In-Store,EMP932,3,1,Standard,8,GBP
ORD123390,04-10-2023,BR41,USA,Chicago,CUST5191,PROD425,Mobile,Samsung Galaxy S23,HP,2,1873.96,0.22,0.18,3449.59,UPI,In-Store,EMP880,2,1,Express,5,USD
ORD123391,08-12-2023,BR37,UAE,Dubai,CUST5218,PROD929,TV,Samsung QLED 50,Apple,3,1673.18,0.2,0.18,4738.45,Net Banking,Online,EMP723,3,1,Same Day,2,USD
ORD123392,16-10-2023,BR29,USA,Dallas,CUST5233,PROD957,Laptop,MacBook Air M2,HP,5,954.8,0.29,0.18,3999.66,Credit Card,In-Store,EMP901,1,0,Standard,9,EUR
ORD123393,03-11-2024,BR67,UK,Birmingham,CUST7272,PROD469,Laptop,HP Spectre x360,OnePlus,1,95.05,0.11,0.18,99.82,Cash,In-Store,EMP423,0,1,Express,3,USD
ORD123394,17-02-2024,BR43,UK,London,CUST9140,PROD810,Accessories,Bluetooth Headphones,Apple,4,417.7,0.09,0.18,1794.11,Debit Card,Online,EMP574,1,1,Same Day,9,USD
ORD123395,17-06-2024,BR64,UK,Birmingham,CUST3063,PROD838,TV,Samsung QLED 50,LG,2,1062.08,0.14,0.18,2155.6,Net Banking,Online,EMP446,2,1,Standard,6,INR
ORD123396,17-08-2023,BR11,UAE,Abu Dhabi,CUST9216,PROD989,Accessories,Wireless Mouse,Dell,4,965.72,0.27,0.18,3327.48,Credit Card,Online,EMP214,3,0,Standard,4,EUR
ORD123397,16-01-2023,BR32,USA,Chicago,CUST1949,PROD710,Laptop,MacBook Air M2,Samsung,4,918.12,0.21,0.18,3423.49,Cash,In-Store,EMP698,1,1,Same Day,8,GBP
ORD123398,10-02-2023,BR44,UAE,Dubai,CUST1217,PROD282,Mobile,OnePlus 11,Dell,4,1022.13,0.01,0.18,4776.21,Cash,In-Store,EMP858,0,0,Standard,2,USD
ORD123399,21-11-2024,BR91,India,Pune,CUST1685,PROD478,Tablet,Samsung Galaxy Tab,Lenovo,1,1971.06,0.04,0.18,2232.82,UPI,In-Store,EMP341,2,0,Same Day,2,USD
ORD123400,04-09-2023,BR92,USA,Dallas,CUST2055,PROD826,TV,LG OLED 48,LG,2,772.81,0.26,0.18,1349.64,Credit Card,In-Store,EMP407,2,0,Express,2,INR
ORD123401,30-12-2024,BR35,Germany,Hamburg,CUST3605,PROD258,TV,Sony Bravia 55,Samsung,3,1427,0.2,0.18,4041.26,Credit Card,Online,EMP282,3,1,Standard,10,GBP
ORD123402,08-12-2024,BR48,UAE,Abu Dhabi,CUST6927,PROD215,Tablet,Lenovo Tab P11,Lenovo,5,1238.86,0.25,0.18,5481.96,Credit Card,Online,EMP510,1,0,Express,3,EUR
ORD123403,25-06-2024,BR51,Germany,Munich,CUST2557,PROD270,Laptop,HP Spectre x360,Apple,2,936.68,0.09,0.18,2011.61,Net Banking,In-Store,EMP469,2,0,Same Day,3,EUR
ORD123404,13-11-2024,BR77,UAE,Abu Dhabi,CUST1910,PROD187,TV,LG OLED 48,Samsung,5,651.5,0.2,0.18,3075.08,Debit Card,Online,EMP250,0,1,Express,6,USD
ORD123405,29-09-2024,BR31,USA,Dallas,CUST6259,PROD341,Mobile,Samsung Galaxy S23,OnePlus,2,1836.93,0.08,0.18,3988.34,Net Banking,In-Store,EMP457,3,1,Standard,9,GBP
ORD123406,03-05-2023,BR1,Germany,Munich,CUST7123,PROD431,Tablet,iPad Air,Dell,3,1404.62,0.28,0.18,3580.1,Cash,In-Store,EMP631,0,1,Same Day,10,GBP
ORD123407,02-12-2023,BR7,UAE,Dubai,CUST4957,PROD688,Laptop,MacBook Air M2,HP,4,1513.11,0.22,0.18,5570.67,Debit Card,Online,EMP629,1,1,Express,4,GBP
ORD123408,01-12-2024,BR79,Germany,Berlin,CUST1515,PROD468,Mobile,iPhone 14,OnePlus,5,1295.95,0.22,0.18,5963.96,Net Banking,In-Store,EMP696,0,1,Express,9,GBP
ORD123409,19-02-2023,BR104,USA,New York,CUST8422,PROD643,Tablet,Lenovo Tab P11,Sony,5,969.68,0.05,0.18,5435.06,Credit Card,In-Store,EMP532,1,0,Express,6,EUR
ORD123410,02-01-2023,BR91,UAE,Dubai,CUST8996,PROD149,Accessories,Keyboard,Apple,5,956.21,0.08,0.18,5190.31,Net Banking,Online,EMP787,0,1,Standard,7,GBP
ORD123411,05-07-2023,BR2,Germany,Berlin,CUST5946,PROD423,Laptop,Dell XPS 13,OnePlus,3,1596.87,0.23,0.18,4352.75,Cash,In-Store,EMP736,1,0,Express,3,EUR
ORD123412,24-07-2024,BR25,India,Pune,CUST8295,PROD915,Laptop,HP Spectre x360,Apple,1,940.62,0.21,0.18,876.85,Debit Card,In-Store,EMP241,1,0,Same Day,7,AED
ORD123413,16-08-2023,BR100,UAE,Dubai,CUST4351,PROD262,TV,Samsung QLED 50,Sony,2,506.01,0.08,0.18,1098.65,UPI,In-Store,EMP862,1,1,Express,3,INR
ORD123414,23-06-2023,BR48,UK,Manchester,CUST2963,PROD133,Tablet,Lenovo Tab P11,OnePlus,2,646.76,0.04,0.18,1465.3,Credit Card,In-Store,EMP412,2,1,Standard,10,AED
ORD123415,06-08-2023,BR93,UAE,Abu Dhabi,CUST7482,PROD343,TV,Samsung QLED 50,HP,2,927.97,0.11,0.18,1949.11,Debit Card,Online,EMP380,2,0,Standard,1,USD
ORD123416,14-03-2023,BR118,UAE,Dubai,CUST7544,PROD245,Mobile,OnePlus 11,Apple,3,1588.43,0.03,0.18,5454.35,Cash,Online,EMP291,1,1,Same Day,4,EUR
ORD123417,23-03-2023,BR58,UK,Birmingham,CUST9873,PROD931,TV,Samsung QLED 50,Dell,2,1402.96,0.24,0.18,2516.35,Net Banking,Online,EMP932,1,0,Express,10,INR
ORD123418,10-09-2023,BR4,Germany,Hamburg,CUST5935,PROD603,TV,LG OLED 48,HP,1,763.55,0.07,0.18,837.92,Cash,In-Store,EMP954,3,1,Standard,3,USD
ORD123419,24-01-2023,BR49,Germany,Munich,CUST3743,PROD888,Accessories,Keyboard,HP,2,1210.09,0.12,0.18,2513.11,Cash,Online,EMP853,0,1,Express,10,GBP
ORD123420,28-11-2023,BR7,UAE,Abu Dhabi,CUST8290,PROD265,Laptop,MacBook Air M2,Dell,2,296.61,0.14,0.18,602,Net Banking,In-Store,EMP902,2,0,Standard,3,USD
ORD123421,27-04-2023,BR4,India,Delhi,CUST1721,PROD815,Mobile,OnePlus 11,Dell,3,1900.72,0.15,0.18,5719.27,UPI,In-Store,EMP328,2,0,Express,7,AED
ORD123422,10-01-2023,BR45,UAE,Abu Dhabi,CUST8544,PROD671,Tablet,Samsung Galaxy Tab,Lenovo,1,1711.43,0.09,0.18,1837.73,Net Banking,Online,EMP317,0,1,Standard,1,INR
ORD123423,19-11-2024,BR57,UAE,Abu Dhabi,CUST7999,PROD619,Laptop,MacBook Air M2,Sony,4,592.38,0.18,0.18,2292.75,Debit Card,In-Store,EMP320,0,1,Same Day,6,EUR
ORD123424,24-06-2024,BR76,USA,Los Angeles,CUST1272,PROD875,Laptop,HP Spectre x360,Samsung,3,1799.7,0.01,0.18,6307.23,Net Banking,Online,EMP477,0,0,Same Day,8,USD
ORD123425,25-04-2024,BR108,UAE,Abu Dhabi,CUST8112,PROD351,Accessories,Keyboard,Lenovo,2,1788.68,0.3,0.18,2954.9,Debit Card,In-Store,EMP589,1,1,Same Day,1,INR
ORD123426,22-01-2024,BR1,USA,Dallas,CUST4471,PROD556,Laptop,Dell XPS 13,Lenovo,5,1973.82,0.17,0.18,9665.8,UPI,Online,EMP877,2,1,Standard,7,AED
ORD123427,23-06-2024,BR49,India,Mumbai,CUST8077,PROD770,TV,LG OLED 48,Apple,3,297.35,0.26,0.18,778.94,Debit Card,Online,EMP889,1,1,Same Day,6,GBP
ORD123428,09-10-2023,BR10,USA,Chicago,CUST1713,PROD148,Laptop,HP Spectre x360,Sony,1,461.23,0.09,0.18,495.27,UPI,In-Store,EMP870,0,0,Express,5,GBP
ORD123429,31-07-2024,BR34,UK,Manchester,CUST9599,PROD625,Tablet,iPad Air,Samsung,5,1360.14,0.16,0.18,6740.85,UPI,Online,EMP495,0,1,Standard,6,GBP
ORD123430,25-08-2024,BR120,USA,Chicago,CUST3420,PROD571,Laptop,MacBook Air M2,LG,2,368.23,0.2,0.18,695.22,Cash,In-Store,EMP721,0,1,Same Day,7,EUR
ORD123431,05-12-2023,BR51,USA,Los Angeles,CUST9888,PROD376,Laptop,HP Spectre x360,OnePlus,2,1183.91,0.3,0.18,1955.82,Net Banking,In-Store,EMP707,1,0,Express,1,GBP
ORD123432,08-09-2023,BR118,Germany,Hamburg,CUST3933,PROD482,TV,Samsung QLED 50,LG,1,123.69,0.05,0.18,138.66,UPI,Online,EMP448,0,1,Standard,8,GBP
ORD123433,25-10-2023,BR95,USA,Los Angeles,CUST9259,PROD946,Laptop,HP Spectre x360,Dell,4,1502.1,0.23,0.18,5459.23,Debit Card,Online,EMP572,0,0,Standard,6,EUR
ORD123434,14-08-2024,BR111,UAE,Abu Dhabi,CUST6588,PROD379,Mobile,Samsung Galaxy S23,Dell,3,117.58,0.22,0.18,324.66,Net Banking,In-Store,EMP444,0,1,Same Day,1,GBP
ORD123435,03-04-2023,BR12,UK,Manchester,CUST8913,PROD118,Tablet,iPad Air,LG,3,676.7,0.04,0.18,2299.7,UPI,In-Store,EMP483,2,0,Standard,3,AED
ORD123436,01-08-2024,BR74,UK,Birmingham,CUST7214,PROD761,Accessories,Bluetooth Headphones,Apple,2,1255.39,0.2,0.18,2370.18,Credit Card,In-Store,EMP856,1,1,Same Day,6,INR
ORD123437,04-12-2023,BR92,USA,New York,CUST1260,PROD779,TV,LG OLED 48,HP,1,1140.11,0.15,0.18,1143.53,Cash,In-Store,EMP792,3,1,Express,1,AED
ORD123438,09-10-2023,BR92,Germany,Hamburg,CUST4225,PROD672,Mobile,iPhone 14,HP,3,618.45,0.13,0.18,1904.7,UPI,In-Store,EMP252,3,0,Same Day,2,AED
ORD123439,20-02-2024,BR57,USA,Los Angeles,CUST8088,PROD898,Tablet,Samsung Galaxy Tab,Dell,3,1530.2,0.27,0.18,3954.34,Debit Card,Online,EMP934,0,1,Standard,5,EUR
ORD123440,22-10-2024,BR30,India,Bangalore,CUST1593,PROD990,Tablet,Lenovo Tab P11,Sony,3,1388.44,0.23,0.18,3784.61,Credit Card,In-Store,EMP614,0,0,Express,6,GBP
ORD123441,17-12-2024,BR94,India,Pune,CUST4567,PROD178,Tablet,Samsung Galaxy Tab,OnePlus,1,1409.05,0.12,0.18,1463.16,Net Banking,In-Store,EMP457,3,1,Express,1,AED
ORD123442,08-03-2024,BR92,USA,Dallas,CUST5146,PROD800,TV,LG OLED 48,LG,4,648.45,0.14,0.18,2632.19,Debit Card,In-Store,EMP323,1,1,Express,7,EUR
ORD123443,03-08-2023,BR78,UK,London,CUST2807,PROD312,Laptop,Dell XPS 13,Apple,1,1258.22,0.24,0.18,1128.37,Cash,In-Store,EMP423,3,1,Express,7,EUR
ORD123444,30-04-2024,BR59,Germany,Hamburg,CUST9256,PROD973,Laptop,Dell XPS 13,Samsung,3,675.69,0.22,0.18,1865.72,UPI,In-Store,EMP894,2,1,Express,2,GBP
ORD123445,26-08-2023,BR28,India,Delhi,CUST4959,PROD585,TV,LG OLED 48,Lenovo,2,566.94,0.07,0.18,1244.32,Net Banking,Online,EMP772,0,0,Standard,2,USD
ORD123446,28-08-2024,BR56,India,Pune,CUST5423,PROD583,Accessories,Wireless Mouse,Dell,4,363.42,0.04,0.18,1646.73,Net Banking,Online,EMP291,1,0,Same Day,9,EUR
ORD123447,01-01-2024,BR91,USA,Los Angeles,CUST4993,PROD178,Accessories,Bluetooth Headphones,Dell,2,1865.33,0.04,0.18,4226.09,Debit Card,In-Store,EMP281,0,1,Standard,6,AED
ORD123448,12-06-2024,BR71,USA,New York,CUST4451,PROD357,Mobile,iPhone 14,Samsung,2,228.97,0.15,0.18,459.31,Credit Card,Online,EMP251,2,1,Same Day,3,INR
ORD123449,03-06-2024,BR51,Germany,Hamburg,CUST7263,PROD417,Accessories,Bluetooth Headphones,HP,4,1264.28,0.22,0.18,4654.57,Cash,Online,EMP317,0,1,Standard,7,USD
ORD123450,09-11-2024,BR15,Germany,Munich,CUST6320,PROD798,Laptop,Dell XPS 13,Samsung,1,1244.35,0.14,0.18,1262.77,Debit Card,In-Store,EMP928,1,0,Express,10,GBP
ORD123451,13-10-2023,BR36,India,Mumbai,CUST1446,PROD580,Accessories,Bluetooth Headphones,Lenovo,3,585.75,0.29,0.18,1472.22,UPI,In-Store,EMP477,2,1,Express,9,GBP
ORD123452,20-01-2023,BR58,Germany,Berlin,CUST9667,PROD298,Laptop,Dell XPS 13,OnePlus,1,1483.44,0.22,0.18,1365.36,Debit Card,In-Store,EMP705,0,0,Same Day,4,USD
ORD123453,26-05-2024,BR47,UAE,Dubai,CUST5880,PROD105,Laptop,MacBook Air M2,OnePlus,1,1136.24,0.22,0.18,1045.8,Cash,In-Store,EMP969,3,0,Express,5,INR
ORD123454,23-03-2023,BR22,India,Bangalore,CUST7319,PROD896,Accessories,Keyboard,Lenovo,2,139.12,0.08,0.18,302.06,Debit Card,In-Store,EMP380,3,0,Express,3,GBP
ORD123455,13-05-2024,BR112,UK,London,CUST1526,PROD278,TV,LG OLED 48,Apple,5,519.84,0.1,0.18,2760.35,UPI,Online,EMP460,2,0,Same Day,5,USD
ORD123456,06-08-2024,BR45,Germany,Berlin,CUST2879,PROD474,Laptop,MacBook Air M2,LG,1,101.25,0.01,0.18,118.28,Net Banking,Online,EMP620,2,0,Standard,3,INR
ORD123457,23-08-2023,BR59,Germany,Hamburg,CUST6415,PROD548,Mobile,iPhone 14,Sony,1,644.9,0.19,0.18,616.4,UPI,In-Store,EMP798,1,0,Same Day,3,USD
ORD123458,11-02-2024,BR24,UK,Manchester,CUST2161,PROD943,Mobile,OnePlus 11,Sony,2,1796.58,0.25,0.18,3179.95,UPI,Online,EMP965,1,0,Express,8,INR
ORD123459,16-06-2023,BR6,UK,London,CUST8989,PROD550,Mobile,OnePlus 11,Lenovo,4,118.07,0.12,0.18,490.42,Cash,In-Store,EMP939,3,0,Standard,9,AED
ORD123460,21-05-2024,BR56,UK,Birmingham,CUST2549,PROD834,Accessories,Bluetooth Headphones,LG,5,900.09,0.04,0.18,5098.11,UPI,In-Store,EMP928,0,1,Standard,2,GBP
ORD123461,06-03-2023,BR107,UK,Birmingham,CUST6029,PROD312,Accessories,Keyboard,Lenovo,1,166.38,0,0.18,196.33,Cash,Online,EMP759,2,0,Same Day,1,INR
ORD123462,09-02-2023,BR53,India,Delhi,CUST8989,PROD736,Tablet,Samsung Galaxy Tab,OnePlus,3,1716.19,0.29,0.18,4313.47,Net Banking,In-Store,EMP629,1,1,Express,3,GBP
ORD123463,22-10-2023,BR87,UK,Manchester,CUST5532,PROD890,Accessories,Keyboard,Sony,5,1306.48,0.25,0.18,5781.17,Net Banking,Online,EMP803,1,0,Express,6,AED
ORD123464,21-02-2023,BR53,Germany,Berlin,CUST5177,PROD671,TV,Sony Bravia 55,Sony,4,1482.9,0.16,0.18,5879.4,Debit Card,Online,EMP964,2,1,Express,8,USD
ORD123465,11-08-2023,BR38,UK,Birmingham,CUST9278,PROD704,Accessories,Wireless Mouse,LG,3,1706.54,0,0.18,6041.15,UPI,Online,EMP376,2,0,Standard,9,USD
ORD123466,25-03-2023,BR79,USA,New York,CUST2154,PROD643,Mobile,Samsung Galaxy S23,LG,3,70.4,0.28,0.18,179.44,UPI,In-Store,EMP756,0,1,Express,2,AED
ORD123467,04-09-2024,BR41,UAE,Dubai,CUST8355,PROD681,Laptop,Dell XPS 13,OnePlus,2,1552.3,0.29,0.18,2601.03,Credit Card,Online,EMP992,3,1,Standard,6,USD
ORD123468,03-09-2024,BR8,Germany,Hamburg,CUST1640,PROD459,Laptop,HP Spectre x360,HP,5,1652.26,0.12,0.18,8578.53,UPI,Online,EMP417,3,1,Express,9,INR
ORD123469,03-06-2023,BR45,USA,New York,CUST1918,PROD187,Mobile,iPhone 14,HP,3,451.78,0.24,0.18,1215.47,Net Banking,In-Store,EMP770,1,0,Express,2,AED
ORD123470,30-04-2023,BR71,India,Delhi,CUST5050,PROD703,TV,Sony Bravia 55,HP,5,368.06,0.08,0.18,1997.83,UPI,In-Store,EMP469,3,1,Express,3,USD
ORD123471,05-01-2023,BR63,Germany,Berlin,CUST3406,PROD114,TV,Samsung QLED 50,LG,5,914.3,0.09,0.18,4908.88,UPI,In-Store,EMP363,0,1,Standard,8,INR
ORD123472,09-10-2023,BR90,UAE,Abu Dhabi,CUST6360,PROD351,Laptop,MacBook Air M2,Dell,5,851.05,0.17,0.18,4167.59,UPI,In-Store,EMP756,3,1,Standard,1,EUR
ORD123473,28-10-2024,BR58,India,Pune,CUST3474,PROD923,TV,Samsung QLED 50,Apple,3,89.16,0.1,0.18,284.06,Cash,In-Store,EMP226,3,1,Express,3,USD
ORD123474,27-04-2023,BR10,UK,Manchester,CUST1136,PROD719,Tablet,iPad Air,Sony,1,1258.6,0.04,0.18,1425.74,UPI,In-Store,EMP548,2,0,Express,5,USD
ORD123475,06-04-2023,BR61,USA,Los Angeles,CUST4786,PROD450,Tablet,iPad Air,OnePlus,1,748.4,0.18,0.18,724.15,UPI,Online,EMP552,3,1,Standard,2,AED
ORD123476,11-07-2024,BR63,Germany,Hamburg,CUST8800,PROD606,Mobile,OnePlus 11,Dell,5,1904.77,0.11,0.18,10001.95,Cash,Online,EMP346,3,0,Standard,3,USD
ORD123477,22-04-2024,BR105,USA,New York,CUST7942,PROD308,Mobile,Samsung Galaxy S23,Apple,3,834.33,0.29,0.18,2097.01,UPI,Online,EMP264,3,0,Same Day,2,AED
ORD123478,19-10-2024,BR44,UK,Birmingham,CUST5860,PROD584,Tablet,Lenovo Tab P11,Dell,1,550.7,0.16,0.18,545.85,Cash,Online,EMP243,0,0,Standard,6,GBP
ORD123479,03-01-2023,BR11,India,Bangalore,CUST4382,PROD491,TV,LG OLED 48,Lenovo,5,1912.76,0.26,0.18,8351.11,Debit Card,Online,EMP512,1,1,Standard,3,EUR
ORD123480,06-10-2024,BR67,UK,Birmingham,CUST2315,PROD385,Tablet,Lenovo Tab P11,LG,5,1425.61,0.12,0.18,7401.77,Debit Card,Online,EMP574,0,0,Standard,6,EUR
ORD123481,16-06-2024,BR45,UK,Birmingham,CUST2238,PROD640,Accessories,Keyboard,Apple,2,1587.65,0.21,0.18,2960.01,Cash,Online,EMP373,3,0,Standard,1,USD
ORD123482,21-01-2024,BR15,India,Mumbai,CUST8288,PROD248,Tablet,Lenovo Tab P11,Lenovo,1,1428.24,0.14,0.18,1449.38,Credit Card,In-Store,EMP518,2,0,Standard,1,INR
ORD123483,29-08-2023,BR43,India,Bangalore,CUST7221,PROD189,Laptop,HP Spectre x360,Dell,5,1741.11,0.25,0.18,7704.41,Debit Card,In-Store,EMP845,0,1,Standard,1,GBP
ORD123484,16-07-2023,BR65,Germany,Berlin,CUST4973,PROD476,Accessories,Bluetooth Headphones,LG,4,1047.82,0.06,0.18,4648.97,UPI,In-Store,EMP295,3,1,Same Day,2,USD
ORD123485,05-06-2023,BR84,USA,Chicago,CUST4989,PROD877,Mobile,Samsung Galaxy S23,Dell,4,965.14,0.14,0.18,3917.7,Cash,Online,EMP653,0,0,Same Day,10,EUR
ORD123486,12-06-2024,BR35,UAE,Dubai,CUST9708,PROD632,Accessories,Wireless Mouse,Lenovo,2,172.68,0.23,0.18,313.79,UPI,Online,EMP560,0,1,Same Day,2,USD
ORD123487,21-10-2024,BR89,Germany,Hamburg,CUST6790,PROD548,TV,LG OLED 48,Sony,4,1703.63,0.12,0.18,7076.2,Debit Card,Online,EMP995,1,0,Express,3,EUR
ORD123488,07-09-2024,BR76,UK,London,CUST2568,PROD906,Accessories,Keyboard,Sony,2,1320.5,0.2,0.18,2493.1,UPI,Online,EMP382,1,1,Express,3,INR
ORD123489,12-09-2024,BR29,Germany,Hamburg,CUST9544,PROD503,Accessories,Keyboard,Dell,4,407.51,0.04,0.18,1846.51,Net Banking,Online,EMP624,0,0,Standard,5,USD
ORD123490,28-04-2023,BR94,UAE,Dubai,CUST5628,PROD767,Laptop,Dell XPS 13,Sony,1,300.31,0.2,0.18,283.49,Cash,In-Store,EMP321,2,0,Express,3,USD
ORD123491,28-06-2024,BR22,India,Bangalore,CUST8166,PROD387,Tablet,Samsung Galaxy Tab,OnePlus,5,305.18,0.16,0.18,1512.47,Net Banking,In-Store,EMP364,3,0,Express,9,USD
ORD123492,25-05-2024,BR118,Germany,Berlin,CUST9162,PROD656,Mobile,iPhone 14,Lenovo,4,1489.85,0.19,0.18,5695.99,Credit Card,In-Store,EMP602,0,1,Express,3,EUR
ORD123493,23-09-2024,BR22,India,Mumbai,CUST7640,PROD419,Laptop,MacBook Air M2,Sony,3,990.79,0.28,0.18,2525.33,Credit Card,In-Store,EMP443,1,0,Standard,7,USD
ORD123494,13-01-2024,BR79,India,Delhi,CUST5047,PROD440,TV,Sony Bravia 55,Apple,2,1008.88,0.25,0.18,1785.72,Credit Card,In-Store,EMP686,3,1,Express,3,USD
ORD123495,19-12-2023,BR65,UAE,Abu Dhabi,CUST7615,PROD427,Mobile,iPhone 14,OnePlus,5,1849.22,0.25,0.18,8182.8,Cash,In-Store,EMP698,1,1,Same Day,2,EUR
ORD123496,30-12-2024,BR7,UK,Manchester,CUST7466,PROD650,Mobile,Samsung Galaxy S23,Samsung,3,521.15,0.13,0.18,1605.04,Credit Card,In-Store,EMP631,1,1,Same Day,8,INR
ORD123497,30-06-2023,BR103,India,Mumbai,CUST4333,PROD108,Tablet,iPad Air,Lenovo,5,1964.57,0.26,0.18,8577.31,Net Banking,Online,EMP678,1,0,Standard,1,EUR
ORD123498,24-12-2023,BR60,UAE,Abu Dhabi,CUST4712,PROD901,Laptop,Dell XPS 13,Sony,3,1253.08,0.05,0.18,4214.11,Cash,In-Store,EMP780,0,1,Express,1,AED
ORD123499,12-08-2023,BR19,UK,London,CUST7278,PROD326,Mobile,OnePlus 11,Lenovo,4,688.61,0.12,0.18,2860.21,Credit Card,Online,EMP219,3,1,Standard,8,INR
ORD123500,30-08-2023,BR53,USA,New York,CUST7818,PROD310,Accessories,Bluetooth Headphones,LG,3,1456.82,0.08,0.18,4744.57,Cash,In-Store,EMP458,3,1,Express,7,AED
ORD123501,01-02-2024,BR119,UAE,Dubai,CUST2711,PROD790,Tablet,Lenovo Tab P11,OnePlus,4,1428.09,0.13,0.18,5864.31,Net Banking,In-Store,EMP507,1,0,Standard,1,USD
ORD123502,06-06-2023,BR114,India,Mumbai,CUST3922,PROD854,Laptop,HP Spectre x360,Samsung,5,1501.42,0.06,0.18,8326.88,Debit Card,Online,EMP675,0,0,Standard,5,INR
ORD123503,29-10-2023,BR17,UK,Birmingham,CUST1442,PROD707,Laptop,HP Spectre x360,Sony,5,1059.86,0.26,0.18,4627.35,Credit Card,Online,EMP386,1,1,Express,6,EUR
ORD123504,24-08-2024,BR8,Germany,Berlin,CUST7295,PROD567,TV,Sony Bravia 55,LG,5,1943.89,0.21,0.18,9060.47,Net Banking,Online,EMP750,3,0,Same Day,9,EUR
ORD123505,30-03-2024,BR50,UAE,Dubai,CUST7723,PROD429,TV,Sony Bravia 55,LG,4,1049.27,0.09,0.18,4506.82,Net Banking,In-Store,EMP769,2,0,Express,4,EUR
ORD123506,23-05-2023,BR41,USA,Dallas,CUST1417,PROD139,Laptop,Dell XPS 13,OnePlus,1,324.3,0.07,0.18,355.89,Debit Card,In-Store,EMP661,3,1,Express,9,USD
ORD123507,25-07-2023,BR64,USA,Dallas,CUST6836,PROD200,TV,Sony Bravia 55,OnePlus,2,634.83,0.21,0.18,1183.58,UPI,In-Store,EMP384,2,0,Standard,8,INR
ORD123508,04-03-2024,BR67,USA,Los Angeles,CUST9105,PROD181,Accessories,Keyboard,Apple,5,539.58,0.02,0.18,3119.85,Credit Card,In-Store,EMP304,2,1,Standard,7,GBP
ORD123509,15-11-2023,BR83,Germany,Munich,CUST3035,PROD811,Mobile,Samsung Galaxy S23,Dell,2,1209.98,0.21,0.18,2255.89,Cash,In-Store,EMP396,2,1,Standard,3,INR
ORD123510,26-10-2023,BR21,UK,London,CUST1472,PROD541,Laptop,MacBook Air M2,LG,3,861.32,0.16,0.18,2561.22,Credit Card,In-Store,EMP327,2,1,Express,10,AED
ORD123511,07-09-2024,BR53,Germany,Berlin,CUST2558,PROD664,Laptop,MacBook Air M2,Lenovo,3,110.48,0.09,0.18,355.9,Cash,Online,EMP589,0,1,Standard,4,INR
ORD123512,09-09-2024,BR115,USA,Dallas,CUST6652,PROD268,TV,Sony Bravia 55,Sony,3,1479.7,0.04,0.18,5028.61,UPI,Online,EMP922,1,1,Express,10,USD
ORD123513,05-10-2023,BR29,UK,Manchester,CUST4572,PROD641,Tablet,iPad Air,Dell,5,745.51,0.23,0.18,3386.85,UPI,Online,EMP540,3,1,Standard,8,AED
ORD123514,03-07-2023,BR88,Germany,Munich,CUST5787,PROD441,Mobile,iPhone 14,HP,1,738.5,0.1,0.18,784.29,Debit Card,Online,EMP467,2,1,Standard,9,INR
ORD123515,11-06-2023,BR83,UAE,Abu Dhabi,CUST2214,PROD332,Accessories,Wireless Mouse,OnePlus,1,613.32,0.02,0.18,709.24,Credit Card,In-Store,EMP291,3,1,Same Day,4,AED
ORD123516,21-03-2023,BR49,India,Delhi,CUST3860,PROD795,TV,Samsung QLED 50,Dell,4,107.32,0.12,0.18,445.76,Credit Card,In-Store,EMP338,0,1,Express,2,INR
ORD123517,05-03-2023,BR30,UAE,Dubai,CUST4261,PROD749,Tablet,Samsung Galaxy Tab,LG,3,874.37,0.15,0.18,2630.98,UPI,Online,EMP758,3,0,Standard,7,USD
ORD123518,26-03-2023,BR104,USA,Chicago,CUST1630,PROD135,TV,Sony Bravia 55,LG,4,353.29,0.08,0.18,1534.13,Debit Card,In-Store,EMP713,3,1,Standard,1,AED
ORD123519,09-07-2024,BR29,UK,Birmingham,CUST3086,PROD106,Laptop,Dell XPS 13,Samsung,5,584.41,0.01,0.18,3413.54,Cash,Online,EMP603,2,0,Same Day,3,EUR
ORD123520,23-08-2024,BR104,India,Bangalore,CUST5141,PROD419,TV,LG OLED 48,HP,3,349.27,0.19,0.18,1001.5,UPI,Online,EMP442,2,0,Same Day,4,GBP
ORD123521,29-05-2023,BR64,UAE,Abu Dhabi,CUST1381,PROD205,Tablet,Samsung Galaxy Tab,LG,5,1477.3,0.02,0.18,8541.75,Debit Card,In-Store,EMP684,3,1,Standard,6,USD
ORD123522,03-04-2024,BR40,USA,New York,CUST7098,PROD542,TV,Sony Bravia 55,LG,1,1239.9,0.17,0.18,1214.36,Cash,In-Store,EMP545,1,1,Standard,8,EUR
ORD123523,18-10-2023,BR100,UAE,Abu Dhabi,CUST9841,PROD835,Accessories,Wireless Mouse,HP,3,104.56,0.19,0.18,299.82,Net Banking,Online,EMP697,1,1,Standard,2,GBP
ORD123524,08-03-2023,BR97,India,Pune,CUST4270,PROD888,Laptop,Dell XPS 13,OnePlus,1,1430.44,0.11,0.18,1502.25,UPI,In-Store,EMP378,1,1,Express,6,GBP
ORD123525,11-07-2023,BR57,USA,Dallas,CUST8964,PROD215,TV,Sony Bravia 55,Dell,4,750.11,0.11,0.18,3151.06,Debit Card,In-Store,EMP608,2,0,Express,6,EUR
ORD123526,20-03-2023,BR61,India,Bangalore,CUST7062,PROD881,Accessories,Bluetooth Headphones,HP,2,1856.84,0.23,0.18,3374.25,Credit Card,Online,EMP959,2,0,Standard,6,GBP
ORD123527,02-01-2023,BR51,UK,Birmingham,CUST1932,PROD271,Accessories,Wireless Mouse,Samsung,3,564.98,0.25,0.18,1500.02,Net Banking,In-Store,EMP684,1,1,Standard,8,EUR
ORD123528,15-09-2023,BR120,UK,Manchester,CUST2646,PROD677,Laptop,MacBook Air M2,Sony,5,1812.73,0,0.18,10695.11,Net Banking,In-Store,EMP266,1,1,Standard,8,GBP
ORD123529,06-06-2023,BR18,India,Pune,CUST6577,PROD130,TV,LG OLED 48,Dell,1,1986.23,0.3,0.18,1640.63,Credit Card,Online,EMP260,0,1,Express,4,GBP
ORD123530,09-06-2024,BR115,UK,London,CUST6815,PROD436,TV,Samsung QLED 50,OnePlus,5,1889.61,0.16,0.18,9364.91,Cash,Online,EMP659,0,0,Standard,4,USD
ORD123531,04-04-2024,BR94,India,Pune,CUST8806,PROD974,TV,Sony Bravia 55,HP,2,1408.59,0.26,0.18,2459.96,Cash,In-Store,EMP924,2,1,Standard,7,INR
ORD123532,02-03-2024,BR66,India,Mumbai,CUST7750,PROD370,Laptop,HP Spectre x360,Sony,2,649.56,0.26,0.18,1134.39,Net Banking,In-Store,EMP432,0,0,Standard,2,USD
ORD123533,31-07-2024,BR24,UAE,Dubai,CUST8716,PROD560,TV,LG OLED 48,Dell,3,1181.18,0.07,0.18,3888.68,UPI,In-Store,EMP487,2,0,Express,9,GBP
ORD123534,07-08-2023,BR92,India,Mumbai,CUST9421,PROD423,TV,Samsung QLED 50,Samsung,4,1006.7,0.27,0.18,3468.69,Cash,Online,EMP561,1,1,Standard,3,EUR
ORD123535,18-01-2024,BR119,UAE,Abu Dhabi,CUST2272,PROD510,Tablet,Samsung Galaxy Tab,OnePlus,4,259.48,0.29,0.18,869.57,Cash,Online,EMP732,1,0,Express,9,AED
ORD123536,03-01-2024,BR50,UAE,Abu Dhabi,CUST8279,PROD687,Mobile,OnePlus 11,Dell,2,693.87,0.11,0.18,1457.4,Net Banking,In-Store,EMP613,2,1,Same Day,8,USD
ORD123537,07-02-2024,BR66,India,Pune,CUST5132,PROD693,Laptop,HP Spectre x360,Dell,4,423.52,0.17,0.18,1659.18,Credit Card,In-Store,EMP753,3,0,Standard,9,EUR
ORD123538,16-08-2023,BR88,USA,Chicago,CUST9968,PROD542,TV,Samsung QLED 50,Sony,5,1950.7,0.26,0.18,8516.76,Net Banking,In-Store,EMP763,1,0,Same Day,9,USD
ORD123539,07-06-2023,BR25,UAE,Dubai,CUST3678,PROD940,Tablet,iPad Air,Samsung,2,1364.31,0.06,0.18,3026.59,Cash,Online,EMP411,2,1,Same Day,6,AED
ORD123540,25-02-2024,BR84,UK,London,CUST6953,PROD233,Tablet,Samsung Galaxy Tab,Apple,2,1635.34,0.14,0.18,3319.09,UPI,In-Store,EMP987,2,0,Express,10,USD
ORD123541,22-03-2024,BR11,UAE,Dubai,CUST8268,PROD321,Tablet,Lenovo Tab P11,Lenovo,3,989.22,0.17,0.18,2906.53,Net Banking,Online,EMP586,0,1,Standard,1,EUR
ORD123542,23-10-2023,BR22,Germany,Hamburg,CUST1977,PROD319,TV,Sony Bravia 55,HP,1,1931.64,0.28,0.18,1641.12,Cash,Online,EMP537,2,0,Standard,7,AED
ORD123543,06-12-2024,BR65,Germany,Hamburg,CUST8600,PROD197,Tablet,iPad Air,HP,1,1976.68,0.27,0.18,1702.71,UPI,In-Store,EMP898,3,1,Same Day,2,USD
ORD123544,06-09-2024,BR8,USA,Chicago,CUST5278,PROD915,Accessories,Keyboard,Samsung,3,313.52,0.03,0.18,1076.56,Net Banking,In-Store,EMP537,3,0,Express,8,GBP
ORD123545,04-05-2024,BR112,Germany,Berlin,CUST4151,PROD643,TV,Sony Bravia 55,Sony,1,1088.79,0.02,0.18,1259.08,Net Banking,Online,EMP639,2,1,Standard,2,EUR
ORD123546,10-09-2023,BR41,UAE,Dubai,CUST6170,PROD283,TV,Samsung QLED 50,Lenovo,4,590.91,0.24,0.18,2119.71,Cash,Online,EMP765,0,0,Standard,2,AED
ORD123547,04-06-2023,BR52,India,Bangalore,CUST4376,PROD360,Laptop,HP Spectre x360,Apple,4,840.73,0.12,0.18,3492.06,Cash,Online,EMP274,0,0,Same Day,4,USD
ORD123548,13-12-2023,BR113,UAE,Dubai,CUST2290,PROD149,Laptop,Dell XPS 13,HP,3,587.11,0.1,0.18,1870.53,UPI,In-Store,EMP805,3,1,Express,9,EUR
ORD123549,22-04-2024,BR58,UAE,Dubai,CUST3424,PROD427,Mobile,Samsung Galaxy S23,HP,3,1690.67,0.29,0.18,4249.33,Credit Card,In-Store,EMP572,3,1,Express,10,INR
ORD123550,28-06-2024,BR12,Germany,Berlin,CUST5788,PROD727,Tablet,Lenovo Tab P11,HP,4,115.78,0.21,0.18,431.72,Credit Card,Online,EMP820,0,1,Express,2,GBP
ORD123551,10-04-2024,BR63,Germany,Berlin,CUST1331,PROD398,Accessories,Bluetooth Headphones,Lenovo,1,1974.05,0.3,0.18,1630.57,Credit Card,Online,EMP853,2,1,Standard,6,GBP
ORD123552,20-08-2024,BR83,Germany,Hamburg,CUST8199,PROD193,Tablet,Samsung Galaxy Tab,Dell,5,609.18,0.05,0.18,3414.45,Cash,Online,EMP273,3,1,Standard,6,AED
ORD123553,31-05-2024,BR119,Germany,Munich,CUST1842,PROD288,Accessories,Wireless Mouse,LG,4,1967.97,0.04,0.18,8917.27,Credit Card,Online,EMP897,2,1,Same Day,10,GBP
ORD123554,24-12-2024,BR83,Germany,Berlin,CUST2624,PROD344,Laptop,Dell XPS 13,Apple,1,1190.92,0.12,0.18,1236.65,Debit Card,Online,EMP330,0,1,Express,4,INR
ORD123555,11-10-2023,BR1,UK,London,CUST6757,PROD956,TV,Samsung QLED 50,Lenovo,4,1581.32,0.15,0.18,6344.26,Cash,In-Store,EMP238,2,1,Same Day,6,GBP
ORD123556,02-01-2024,BR3,Germany,Berlin,CUST2755,PROD729,Mobile,Samsung Galaxy S23,Dell,2,111.34,0.13,0.18,228.6,Credit Card,In-Store,EMP214,2,1,Express,6,GBP
ORD123557,23-08-2023,BR62,India,Mumbai,CUST2575,PROD653,Laptop,Dell XPS 13,LG,2,1832.01,0.04,0.18,4150.6,UPI,In-Store,EMP767,1,0,Standard,2,EUR
ORD123558,10-10-2024,BR63,UK,Birmingham,CUST3701,PROD906,TV,Sony Bravia 55,Apple,2,1583.94,0.29,0.18,2654.05,Debit Card,Online,EMP575,0,1,Express,10,AED
ORD123559,17-03-2023,BR36,USA,Dallas,CUST6746,PROD501,Laptop,Dell XPS 13,Lenovo,1,765.7,0.05,0.18,858.35,Credit Card,In-Store,EMP578,1,1,Standard,8,GBP
ORD123560,27-09-2024,BR43,UAE,Dubai,CUST5129,PROD890,Mobile,iPhone 14,Lenovo,1,1943.54,0.04,0.18,2201.64,Net Banking,Online,EMP246,0,0,Standard,2,EUR
ORD123561,08-10-2024,BR71,Germany,Hamburg,CUST2396,PROD388,Laptop,MacBook Air M2,Lenovo,2,785.24,0.29,0.18,1315.75,Cash,Online,EMP406,1,1,Express,8,USD
ORD123562,11-09-2023,BR32,UAE,Abu Dhabi,CUST5703,PROD877,Tablet,Samsung Galaxy Tab,LG,2,210.86,0.05,0.18,472.75,Cash,In-Store,EMP513,0,0,Same Day,1,INR
ORD123563,06-04-2023,BR48,India,Pune,CUST3475,PROD404,Mobile,OnePlus 11,HP,5,1019.93,0.24,0.18,4573.37,Net Banking,Online,EMP991,0,1,Express,6,AED
ORD123564,05-05-2024,BR37,UAE,Dubai,CUST8963,PROD968,Mobile,iPhone 14,Apple,3,993.42,0.1,0.18,3165.04,Debit Card,In-Store,EMP914,3,1,Express,4,INR
ORD123565,30-03-2023,BR69,UAE,Abu Dhabi,CUST8635,PROD826,TV,Sony Bravia 55,LG,2,930.39,0.09,0.18,1998.11,Credit Card,Online,EMP563,2,0,Express,3,INR
ORD123566,21-02-2024,BR10,India,Delhi,CUST1052,PROD209,Laptop,HP Spectre x360,Apple,5,907.62,0.23,0.18,4123.32,Cash,In-Store,EMP633,1,0,Same Day,7,EUR
ORD123567,14-03-2024,BR50,Germany,Berlin,CUST5401,PROD645,Laptop,HP Spectre x360,HP,4,1510.01,0.11,0.18,6343.25,Debit Card,Online,EMP819,2,0,Express,1,USD
ORD123568,20-05-2024,BR40,India,Mumbai,CUST1903,PROD156,Mobile,Samsung Galaxy S23,Dell,2,1844.93,0.13,0.18,3788.01,Net Banking,Online,EMP778,3,0,Express,6,EUR
ORD123569,18-10-2024,BR17,UK,Birmingham,CUST7081,PROD721,Accessories,Bluetooth Headphones,LG,1,935.23,0.25,0.18,827.68,UPI,Online,EMP320,1,0,Same Day,2,EUR
ORD123570,30-10-2024,BR65,UAE,Dubai,CUST8221,PROD103,TV,LG OLED 48,LG,2,1250.24,0.04,0.18,2832.54,Cash,Online,EMP351,0,0,Standard,10,USD
ORD123571,31-03-2023,BR93,UK,London,CUST6637,PROD324,Accessories,Keyboard,HP,1,1831.07,0.29,0.18,1534.07,Net Banking,In-Store,EMP242,2,0,Same Day,7,USD
ORD123572,20-11-2023,BR89,UAE,Dubai,CUST8502,PROD718,Mobile,OnePlus 11,LG,4,954.97,0.07,0.18,4191.94,UPI,Online,EMP701,2,1,Express,9,EUR
ORD123573,23-04-2023,BR85,USA,Dallas,CUST3168,PROD688,Mobile,Samsung Galaxy S23,Samsung,2,250.81,0.15,0.18,503.12,UPI,Online,EMP760,2,0,Standard,7,INR
ORD123574,29-03-2023,BR117,USA,Chicago,CUST3788,PROD872,Tablet,Lenovo Tab P11,Apple,4,297.94,0.22,0.18,1096.9,Net Banking,In-Store,EMP209,3,0,Same Day,1,AED
ORD123575,03-05-2024,BR113,India,Pune,CUST8105,PROD953,Laptop,HP Spectre x360,Sony,5,1288.97,0.24,0.18,5779.74,Cash,In-Store,EMP426,3,0,Express,1,GBP
ORD123576,21-06-2023,BR49,India,Bangalore,CUST2455,PROD968,Laptop,HP Spectre x360,Dell,5,1509.3,0.29,0.18,6322.46,UPI,In-Store,EMP499,1,1,Express,6,INR
ORD123577,24-02-2024,BR75,UK,Manchester,CUST8962,PROD671,TV,Samsung QLED 50,Sony,1,1375.82,0.2,0.18,1298.77,Cash,Online,EMP452,1,1,Standard,2,INR
ORD123578,21-03-2024,BR91,UK,London,CUST2762,PROD572,Accessories,Bluetooth Headphones,HP,4,365.39,0.13,0.18,1500.44,Cash,Online,EMP922,2,0,Standard,9,GBP
ORD123579,28-12-2023,BR112,India,Delhi,CUST7841,PROD870,Mobile,OnePlus 11,Lenovo,4,694.61,0.01,0.18,3245.77,Credit Card,In-Store,EMP541,1,0,Same Day,4,INR
ORD123580,04-09-2023,BR51,USA,New York,CUST6521,PROD456,Mobile,iPhone 14,Dell,3,1963.81,0.02,0.18,6812.85,UPI,Online,EMP261,0,0,Express,1,EUR
ORD123581,05-08-2023,BR114,UK,Birmingham,CUST4683,PROD306,Accessories,Keyboard,Dell,2,1415.97,0.26,0.18,2472.85,Debit Card,Online,EMP611,1,0,Standard,7,GBP
ORD123582,16-06-2023,BR100,India,Pune,CUST2294,PROD833,Tablet,iPad Air,Samsung,3,1129.73,0.28,0.18,2879.46,Net Banking,Online,EMP453,3,1,Standard,6,GBP
ORD123583,20-02-2023,BR112,USA,Los Angeles,CUST9657,PROD780,Mobile,iPhone 14,Dell,2,781.04,0.24,0.18,1400.87,Cash,Online,EMP203,0,0,Same Day,10,GBP
ORD123584,02-07-2024,BR15,UK,Birmingham,CUST3948,PROD244,Tablet,iPad Air,LG,3,1049.28,0.28,0.18,2674.4,UPI,Online,EMP931,1,1,Standard,6,USD
ORD123585,09-01-2024,BR119,India,Mumbai,CUST9834,PROD773,Mobile,OnePlus 11,Samsung,5,869.16,0.21,0.18,4051.15,Cash,In-Store,EMP693,0,0,Express,9,USD
ORD123586,03-12-2023,BR96,UAE,Abu Dhabi,CUST4511,PROD574,Mobile,iPhone 14,Lenovo,3,563.18,0.15,0.18,1694.61,Credit Card,In-Store,EMP627,3,0,Standard,10,USD
ORD123587,06-01-2024,BR83,UAE,Abu Dhabi,CUST2415,PROD822,TV,Sony Bravia 55,OnePlus,4,1879.54,0.11,0.18,7895.57,Cash,In-Store,EMP529,1,0,Express,3,AED
ORD123588,29-11-2023,BR103,USA,Dallas,CUST9465,PROD771,Accessories,Wireless Mouse,Samsung,3,985.68,0.05,0.18,3314.84,Net Banking,In-Store,EMP729,1,1,Express,6,AED
ORD123589,10-03-2023,BR74,UK,Manchester,CUST5796,PROD452,TV,Sony Bravia 55,Apple,3,889.39,0.05,0.18,2991.02,Net Banking,Online,EMP966,2,1,Standard,10,INR
ORD123590,25-09-2024,BR7,India,Mumbai,CUST7645,PROD863,Accessories,Bluetooth Headphones,Apple,5,1742.13,0.07,0.18,9559.07,Credit Card,Online,EMP864,1,0,Express,9,EUR
ORD123591,20-05-2023,BR40,UK,Manchester,CUST3493,PROD544,Accessories,Bluetooth Headphones,Samsung,5,370.82,0.11,0.18,1947.18,Credit Card,In-Store,EMP423,2,1,Same Day,2,EUR
ORD123592,23-12-2024,BR30,India,Pune,CUST2937,PROD151,Tablet,Lenovo Tab P11,Apple,3,1806.14,0.28,0.18,4603.49,UPI,In-Store,EMP905,3,0,Express,9,USD
ORD123593,06-11-2024,BR1,India,Pune,CUST3378,PROD673,TV,Samsung QLED 50,OnePlus,1,327.25,0.15,0.18,328.23,Debit Card,In-Store,EMP698,2,1,Express,6,INR
ORD123594,05-08-2024,BR77,Germany,Berlin,CUST6046,PROD531,Tablet,Lenovo Tab P11,Lenovo,2,1000.77,0.07,0.18,2196.49,Debit Card,Online,EMP428,3,0,Express,5,EUR
ORD123595,19-03-2024,BR28,USA,Dallas,CUST8932,PROD500,Accessories,Keyboard,Apple,2,616.29,0.06,0.18,1367.18,UPI,Online,EMP503,2,0,Standard,7,EUR
ORD123596,17-05-2023,BR23,UK,London,CUST5933,PROD803,Laptop,HP Spectre x360,Samsung,5,1360.32,0.11,0.18,7143.04,Net Banking,In-Store,EMP573,0,0,Same Day,5,USD
ORD123597,04-12-2023,BR99,USA,Dallas,CUST2161,PROD418,Tablet,Samsung Galaxy Tab,Apple,5,1924.16,0.05,0.18,10784.92,Debit Card,In-Store,EMP574,2,0,Standard,9,AED
ORD123598,04-01-2024,BR59,UK,Manchester,CUST9400,PROD491,Laptop,Dell XPS 13,Sony,3,1595.82,0.18,0.18,4632.35,UPI,In-Store,EMP977,3,1,Standard,1,AED
ORD123599,12-10-2024,BR91,UK,Birmingham,CUST9228,PROD145,Tablet,Samsung Galaxy Tab,Sony,1,1942.74,0.06,0.18,2154.89,UPI,In-Store,EMP660,0,1,Express,6,INR
ORD123600,26-03-2023,BR102,Germany,Hamburg,CUST4556,PROD388,Mobile,OnePlus 11,OnePlus,4,1669.48,0.06,0.18,7407.15,UPI,In-Store,EMP738,2,1,Same Day,2,EUR
ORD123601,23-05-2024,BR79,USA,Chicago,CUST5298,PROD966,Tablet,Lenovo Tab P11,Sony,1,322.91,0.13,0.18,331.5,Credit Card,Online,EMP251,1,0,Standard,6,USD
ORD123602,12-09-2023,BR8,USA,Los Angeles,CUST8981,PROD856,Tablet,Lenovo Tab P11,LG,4,693.5,0.03,0.18,3175.12,Credit Card,In-Store,EMP860,3,1,Express,5,USD
ORD123603,06-07-2024,BR103,India,Bangalore,CUST1810,PROD254,TV,Sony Bravia 55,Dell,1,823.09,0.04,0.18,932.4,UPI,Online,EMP504,3,1,Same Day,1,USD
ORD123604,26-02-2024,BR8,Germany,Munich,CUST3706,PROD658,TV,Sony Bravia 55,LG,1,336.35,0.09,0.18,361.17,Debit Card,In-Store,EMP297,2,0,Express,3,AED
ORD123605,05-09-2024,BR107,UK,Birmingham,CUST8111,PROD700,Mobile,OnePlus 11,OnePlus,4,253.07,0.21,0.18,943.65,UPI,Online,EMP693,2,1,Standard,2,GBP
ORD123606,01-11-2024,BR120,UK,Manchester,CUST2829,PROD922,Mobile,Samsung Galaxy S23,HP,4,1501.13,0.08,0.18,6518.51,Debit Card,Online,EMP219,3,0,Same Day,6,AED
ORD123607,29-11-2023,BR29,India,Mumbai,CUST9626,PROD282,Mobile,Samsung Galaxy S23,Apple,4,397.39,0.1,0.18,1688.11,Net Banking,Online,EMP392,3,1,Express,8,EUR
ORD123608,16-10-2024,BR70,UAE,Abu Dhabi,CUST1323,PROD664,TV,Sony Bravia 55,LG,2,699.76,0.12,0.18,1453.26,Cash,In-Store,EMP635,0,1,Same Day,5,EUR
ORD123609,20-06-2024,BR117,Germany,Munich,CUST7053,PROD446,Tablet,iPad Air,Sony,1,909.25,0.26,0.18,793.96,Credit Card,In-Store,EMP780,0,0,Express,3,EUR
ORD123610,07-03-2024,BR23,UK,London,CUST5557,PROD408,Mobile,Samsung Galaxy S23,Samsung,4,1112.81,0.15,0.18,4464.59,Debit Card,Online,EMP319,2,1,Standard,6,GBP
ORD123611,17-01-2023,BR21,UK,London,CUST1683,PROD351,TV,Sony Bravia 55,LG,2,1859.78,0.17,0.18,3642.94,Debit Card,In-Store,EMP549,2,1,Express,10,AED
ORD123612,07-10-2023,BR55,UAE,Abu Dhabi,CUST4435,PROD472,Accessories,Keyboard,HP,4,1999.85,0.16,0.18,7929.01,Debit Card,Online,EMP992,0,1,Same Day,10,INR
ORD123613,19-02-2023,BR113,USA,Chicago,CUST7087,PROD746,Mobile,iPhone 14,Samsung,4,476.68,0.29,0.18,1597.45,Debit Card,In-Store,EMP450,0,0,Express,2,INR
ORD123614,03-08-2024,BR58,Germany,Munich,CUST3677,PROD821,Accessories,Wireless Mouse,Dell,5,152.06,0.19,0.18,726.69,Net Banking,Online,EMP787,2,0,Same Day,10,USD
ORD123615,04-05-2023,BR35,USA,Dallas,CUST8432,PROD408,Mobile,OnePlus 11,LG,5,550.57,0.02,0.18,3183.4,Net Banking,Online,EMP985,0,0,Standard,4,AED
ORD123616,28-08-2024,BR78,UK,Birmingham,CUST9847,PROD125,Mobile,iPhone 14,Dell,1,139.08,0.24,0.18,124.73,Cash,Online,EMP687,1,1,Express,1,EUR
ORD123617,15-09-2024,BR6,UAE,Dubai,CUST7734,PROD126,TV,Samsung QLED 50,HP,3,213.96,0.19,0.18,613.51,Cash,Online,EMP946,0,0,Standard,2,EUR
ORD123618,23-06-2023,BR120,UK,Manchester,CUST8077,PROD466,TV,Sony Bravia 55,OnePlus,2,1656.12,0.25,0.18,2931.33,Net Banking,In-Store,EMP652,1,0,Same Day,7,AED
ORD123619,05-10-2024,BR91,USA,Dallas,CUST4028,PROD683,Tablet,iPad Air,OnePlus,5,643.68,0.23,0.18,2924.24,UPI,In-Store,EMP469,0,0,Standard,1,INR
ORD123620,22-05-2023,BR6,UK,Birmingham,CUST2611,PROD561,Laptop,HP Spectre x360,Dell,5,382.58,0.11,0.18,2008.93,Cash,In-Store,EMP402,1,1,Same Day,4,EUR
ORD123621,02-03-2023,BR23,India,Pune,CUST2442,PROD217,Laptop,MacBook Air M2,LG,2,206.77,0.14,0.18,419.66,Cash,In-Store,EMP766,2,0,Same Day,8,EUR
ORD123622,28-09-2023,BR91,UAE,Dubai,CUST6943,PROD645,TV,Sony Bravia 55,OnePlus,4,1620.15,0.16,0.18,6423.57,UPI,In-Store,EMP715,1,0,Express,7,GBP
ORD123623,06-02-2024,BR43,UK,London,CUST2310,PROD707,Accessories,Bluetooth Headphones,Sony,2,1395.93,0.15,0.18,2800.24,Credit Card,In-Store,EMP414,1,0,Express,5,INR
ORD123624,06-09-2023,BR92,India,Pune,CUST2139,PROD548,Tablet,Lenovo Tab P11,Lenovo,2,1364.32,0.11,0.18,2865.62,UPI,Online,EMP443,3,1,Express,10,INR
ORD123625,15-12-2024,BR82,UK,London,CUST7841,PROD431,Mobile,OnePlus 11,Sony,5,798.24,0.25,0.18,3532.21,Debit Card,Online,EMP743,1,1,Same Day,10,INR
ORD123626,18-11-2024,BR55,Germany,Hamburg,CUST7695,PROD215,Tablet,Lenovo Tab P11,Sony,4,1957.59,0.08,0.18,8500.64,Cash,In-Store,EMP413,1,1,Standard,10,INR
ORD123627,08-04-2024,BR94,USA,Chicago,CUST6487,PROD666,Accessories,Keyboard,HP,1,1081.4,0.16,0.18,1071.88,Net Banking,Online,EMP707,0,1,Standard,10,EUR
ORD123628,11-05-2023,BR81,India,Delhi,CUST7880,PROD364,Accessories,Wireless Mouse,Apple,5,667.8,0.04,0.18,3782.42,Debit Card,Online,EMP248,1,1,Standard,6,EUR
ORD123629,26-04-2024,BR92,Germany,Hamburg,CUST8283,PROD133,Laptop,Dell XPS 13,Sony,4,1618.32,0.16,0.18,6416.32,Credit Card,In-Store,EMP205,2,1,Same Day,1,USD
ORD123630,31-12-2023,BR98,Germany,Hamburg,CUST9265,PROD326,Laptop,MacBook Air M2,Samsung,3,1893.54,0.25,0.18,5027.35,UPI,Online,EMP517,0,1,Express,4,EUR
ORD123631,04-05-2023,BR48,USA,Chicago,CUST6917,PROD148,Accessories,Bluetooth Headphones,Dell,3,210.84,0.12,0.18,656.81,Net Banking,In-Store,EMP471,1,0,Express,6,GBP
ORD123632,08-02-2024,BR45,UK,Manchester,CUST5290,PROD487,TV,Samsung QLED 50,Dell,5,1689.2,0.22,0.18,7773.7,Credit Card,Online,EMP771,1,0,Express,4,GBP
ORD123633,29-05-2023,BR17,Germany,Berlin,CUST2717,PROD105,Tablet,Lenovo Tab P11,Sony,5,1740.63,0.18,0.18,8421.17,UPI,In-Store,EMP218,1,1,Standard,6,USD
ORD123634,23-10-2023,BR7,India,Mumbai,CUST5914,PROD548,Laptop,MacBook Air M2,Dell,5,1231.1,0.21,0.18,5738.16,Net Banking,In-Store,EMP500,2,1,Same Day,5,EUR
ORD123635,12-04-2023,BR93,UK,Manchester,CUST7991,PROD696,TV,Samsung QLED 50,OnePlus,3,1667.45,0.16,0.18,4958.33,Net Banking,In-Store,EMP904,1,1,Same Day,2,INR
ORD123636,19-05-2023,BR118,Germany,Hamburg,CUST3501,PROD179,Tablet,Samsung Galaxy Tab,Sony,4,937.78,0.28,0.18,3186.95,Net Banking,Online,EMP679,2,0,Same Day,9,USD
ORD123637,04-06-2024,BR76,UK,Birmingham,CUST5388,PROD970,Mobile,OnePlus 11,HP,1,916,0.28,0.18,778.23,Net Banking,In-Store,EMP228,1,1,Standard,1,EUR
ORD123638,19-02-2024,BR27,UK,Birmingham,CUST4119,PROD312,TV,LG OLED 48,OnePlus,4,286.47,0.12,0.18,1189.88,Net Banking,In-Store,EMP751,0,1,Standard,10,INR
ORD123639,06-03-2024,BR72,India,Bangalore,CUST3558,PROD478,Mobile,Samsung Galaxy S23,HP,1,1071.63,0.14,0.18,1087.49,Credit Card,Online,EMP384,0,0,Same Day,3,USD
ORD123640,15-02-2023,BR28,UAE,Dubai,CUST3039,PROD280,Mobile,Samsung Galaxy S23,LG,2,236.71,0.13,0.18,486.01,Debit Card,In-Store,EMP289,0,0,Express,7,GBP
ORD123641,12-08-2023,BR91,USA,Los Angeles,CUST9247,PROD960,Accessories,Bluetooth Headphones,LG,5,1987.07,0.2,0.18,9378.97,Credit Card,Online,EMP920,3,1,Standard,2,INR
ORD123642,04-03-2024,BR120,India,Bangalore,CUST5995,PROD617,Accessories,Bluetooth Headphones,HP,4,574.14,0.23,0.18,2086.65,Credit Card,In-Store,EMP860,2,0,Same Day,4,INR
ORD123643,16-09-2023,BR69,UK,London,CUST5448,PROD327,Accessories,Wireless Mouse,LG,3,583.22,0.14,0.18,1775.55,UPI,Online,EMP886,2,1,Same Day,10,USD
ORD123644,30-03-2024,BR63,UK,London,CUST7604,PROD319,TV,Samsung QLED 50,Apple,2,929.62,0.03,0.18,2128.09,Credit Card,Online,EMP522,1,0,Same Day,10,GBP
ORD123645,20-10-2024,BR11,Germany,Hamburg,CUST8273,PROD781,Accessories,Keyboard,Lenovo,5,270.73,0.24,0.18,1213.95,Credit Card,Online,EMP700,0,0,Standard,10,GBP
ORD123646,12-06-2024,BR1,UK,London,CUST5544,PROD336,Tablet,Lenovo Tab P11,HP,2,425.65,0.04,0.18,964.35,Credit Card,In-Store,EMP298,2,1,Standard,9,AED
ORD123647,25-08-2024,BR102,India,Pune,CUST1596,PROD763,Tablet,Lenovo Tab P11,Dell,4,643.96,0.24,0.18,2310.01,UPI,In-Store,EMP343,0,1,Standard,4,GBP
ORD123648,04-02-2023,BR93,India,Delhi,CUST4477,PROD942,Mobile,Samsung Galaxy S23,Lenovo,5,1020.9,0.28,0.18,4336.78,Credit Card,In-Store,EMP329,3,1,Express,9,INR
ORD123649,28-04-2023,BR82,India,Mumbai,CUST6563,PROD303,TV,LG OLED 48,Apple,3,872.82,0.29,0.18,2193.75,Credit Card,In-Store,EMP594,3,1,Standard,9,EUR
ORD123650,08-03-2023,BR18,USA,Dallas,CUST4572,PROD432,Mobile,iPhone 14,OnePlus,4,1264.99,0.04,0.18,5731.92,Net Banking,In-Store,EMP785,1,1,Express,9,EUR
ORD123651,11-11-2023,BR34,USA,Los Angeles,CUST6033,PROD672,Laptop,MacBook Air M2,Samsung,3,1861.3,0.13,0.18,5732.43,UPI,Online,EMP440,2,0,Express,3,AED
ORD123652,05-06-2023,BR51,India,Bangalore,CUST2074,PROD273,Laptop,MacBook Air M2,OnePlus,1,1547.47,0.18,0.18,1497.33,Debit Card,In-Store,EMP204,2,0,Standard,9,AED
ORD123653,23-07-2023,BR72,UK,London,CUST6325,PROD154,Accessories,Wireless Mouse,OnePlus,3,675.4,0.13,0.18,2080.1,Credit Card,Online,EMP940,2,1,Standard,9,INR
ORD123654,04-06-2023,BR68,Germany,Munich,CUST5100,PROD170,TV,LG OLED 48,Samsung,1,1259.07,0.13,0.18,1292.56,Credit Card,In-Store,EMP498,1,1,Same Day,2,GBP
ORD123655,23-07-2023,BR102,USA,Los Angeles,CUST2461,PROD543,Accessories,Bluetooth Headphones,Sony,3,330.22,0.27,0.18,853.35,Cash,In-Store,EMP992,3,1,Same Day,2,INR
ORD123656,15-09-2024,BR88,UK,Birmingham,CUST4415,PROD231,Tablet,Samsung Galaxy Tab,Sony,5,1230.11,0.26,0.18,5370.66,Cash,Online,EMP777,2,0,Standard,8,USD
ORD123657,17-08-2024,BR56,USA,Los Angeles,CUST5538,PROD117,Accessories,Bluetooth Headphones,Apple,2,578.15,0.05,0.18,1296.21,UPI,Online,EMP797,3,1,Standard,9,USD
ORD123658,17-05-2024,BR116,UAE,Dubai,CUST7374,PROD629,TV,LG OLED 48,LG,4,983.52,0.27,0.18,3388.82,Net Banking,Online,EMP385,2,1,Standard,8,EUR
ORD123659,15-07-2024,BR82,USA,Chicago,CUST4006,PROD522,Tablet,Lenovo Tab P11,Dell,4,1654.08,0.27,0.18,5699.3,Cash,Online,EMP875,0,0,Same Day,4,INR
ORD123660,19-03-2024,BR49,UAE,Dubai,CUST5639,PROD337,Tablet,Lenovo Tab P11,HP,5,965.97,0.01,0.18,5642.23,UPI,In-Store,EMP204,1,1,Standard,3,GBP
ORD123661,16-04-2024,BR88,UK,London,CUST4807,PROD239,Tablet,Lenovo Tab P11,LG,3,1534.9,0.27,0.18,3966.49,Net Banking,In-Store,EMP747,3,0,Standard,10,EUR
ORD123662,04-07-2023,BR4,Germany,Hamburg,CUST8644,PROD677,Laptop,Dell XPS 13,Sony,1,1218.75,0.05,0.18,1366.22,Credit Card,Online,EMP525,1,1,Express,9,GBP
ORD123663,18-06-2023,BR73,UK,Birmingham,CUST6282,PROD471,Laptop,MacBook Air M2,Dell,1,628.16,0.06,0.18,696.76,Cash,Online,EMP319,3,0,Standard,7,AED
ORD123664,05-06-2024,BR88,Germany,Hamburg,CUST3356,PROD138,TV,LG OLED 48,Dell,3,1405.23,0.17,0.18,4128.85,Credit Card,In-Store,EMP540,1,1,Standard,9,INR
ORD123665,19-02-2023,BR79,UAE,Abu Dhabi,CUST1060,PROD963,Tablet,Samsung Galaxy Tab,HP,4,460.82,0.24,0.18,1653.05,Debit Card,Online,EMP492,3,1,Same Day,4,AED
ORD123666,24-11-2023,BR108,USA,New York,CUST4428,PROD942,TV,LG OLED 48,Dell,2,1777.82,0.13,0.18,3650.22,Credit Card,Online,EMP705,2,1,Standard,8,EUR
ORD123667,07-04-2023,BR84,USA,Chicago,CUST8069,PROD144,Laptop,HP Spectre x360,LG,5,58.39,0.17,0.18,285.94,UPI,In-Store,EMP224,3,0,Standard,4,USD
ORD123668,29-01-2024,BR24,India,Mumbai,CUST7675,PROD523,TV,LG OLED 48,Sony,3,762.64,0.16,0.18,2267.79,UPI,In-Store,EMP465,2,1,Same Day,1,EUR
ORD123669,20-01-2024,BR23,UAE,Dubai,CUST4656,PROD951,Tablet,iPad Air,Apple,4,1816.95,0.22,0.18,6689.28,Credit Card,In-Store,EMP270,3,1,Same Day,1,GBP
ORD123670,02-10-2024,BR59,USA,Los Angeles,CUST1336,PROD975,Tablet,Samsung Galaxy Tab,Samsung,3,575.06,0.24,0.18,1547.14,Cash,Online,EMP683,2,0,Same Day,7,USD
ORD123671,13-08-2024,BR104,USA,Dallas,CUST2234,PROD405,Tablet,Lenovo Tab P11,HP,5,1584.83,0.04,0.18,8976.48,Cash,In-Store,EMP403,2,1,Standard,3,EUR
ORD123672,22-01-2024,BR37,India,Bangalore,CUST2220,PROD799,Mobile,OnePlus 11,Apple,5,1353.48,0.2,0.18,6388.43,Cash,In-Store,EMP573,0,1,Express,2,EUR
ORD123673,17-07-2024,BR96,USA,Chicago,CUST7274,PROD307,Mobile,iPhone 14,Dell,2,288.52,0.22,0.18,531.11,UPI,In-Store,EMP524,2,0,Same Day,10,AED
ORD123674,20-07-2023,BR17,UAE,Dubai,CUST4284,PROD875,Tablet,Lenovo Tab P11,OnePlus,1,1040.9,0.14,0.18,1056.31,Credit Card,In-Store,EMP489,1,0,Same Day,5,GBP
ORD123675,09-07-2023,BR59,UAE,Abu Dhabi,CUST6775,PROD843,Mobile,Samsung Galaxy S23,OnePlus,1,1777.95,0.18,0.18,1720.34,Credit Card,Online,EMP618,0,0,Same Day,10,EUR
ORD123676,02-01-2024,BR38,USA,New York,CUST5977,PROD156,Laptop,HP Spectre x360,Sony,1,1631.3,0.16,0.18,1616.94,Credit Card,Online,EMP591,2,1,Same Day,7,USD
ORD123677,12-11-2024,BR13,UK,Manchester,CUST6868,PROD818,Accessories,Keyboard,HP,4,777.5,0.24,0.18,2789.05,Debit Card,In-Store,EMP709,1,1,Standard,6,USD
ORD123678,09-04-2023,BR86,USA,New York,CUST1943,PROD127,Laptop,HP Spectre x360,HP,2,1530.61,0.14,0.18,3106.53,Credit Card,In-Store,EMP940,3,0,Same Day,10,GBP
ORD123679,21-04-2024,BR10,Germany,Hamburg,CUST4748,PROD286,Tablet,Samsung Galaxy Tab,LG,2,636.43,0.09,0.18,1366.8,Credit Card,Online,EMP307,2,1,Standard,5,GBP
ORD123680,30-10-2023,BR71,USA,Los Angeles,CUST8114,PROD609,Accessories,Wireless Mouse,Sony,2,1879.24,0.07,0.18,4124.56,Net Banking,Online,EMP539,0,0,Standard,2,AED
ORD123681,23-01-2024,BR24,India,Pune,CUST4287,PROD660,Accessories,Bluetooth Headphones,LG,4,366.33,0.18,0.18,1417.84,Credit Card,Online,EMP429,1,0,Standard,3,EUR
ORD123682,20-03-2023,BR69,USA,Chicago,CUST4239,PROD223,Tablet,Lenovo Tab P11,Apple,5,1732.45,0.15,0.18,8688.24,Net Banking,Online,EMP350,2,1,Standard,7,AED
ORD123683,17-12-2023,BR39,UAE,Abu Dhabi,CUST6935,PROD671,Mobile,Samsung Galaxy S23,HP,3,1479.08,0.17,0.18,4345.83,Cash,Online,EMP429,1,0,Standard,4,INR
ORD123684,29-11-2024,BR26,UK,Birmingham,CUST6444,PROD405,Laptop,HP Spectre x360,OnePlus,2,203.82,0.13,0.18,418.48,UPI,In-Store,EMP277,2,1,Same Day,9,USD
ORD123685,04-01-2023,BR62,India,Mumbai,CUST8875,PROD286,Accessories,Bluetooth Headphones,Sony,4,476.48,0.15,0.18,1911.64,Credit Card,In-Store,EMP303,2,1,Express,5,INR
ORD123686,05-05-2024,BR2,Germany,Berlin,CUST9845,PROD534,TV,Sony Bravia 55,Dell,4,751.66,0.27,0.18,2589.92,Net Banking,In-Store,EMP545,1,0,Express,5,USD
ORD123687,09-08-2023,BR29,India,Pune,CUST1207,PROD502,TV,Samsung QLED 50,Dell,5,1578.4,0.08,0.18,8567.56,UPI,Online,EMP862,3,1,Same Day,10,GBP
ORD123688,28-05-2023,BR119,India,Pune,CUST7946,PROD669,Mobile,Samsung Galaxy S23,HP,1,164.4,0.15,0.18,164.89,Cash,In-Store,EMP255,3,0,Express,7,USD
ORD123689,18-02-2023,BR75,Germany,Berlin,CUST8736,PROD283,TV,Sony Bravia 55,Sony,1,329.75,0.08,0.18,357.98,Net Banking,In-Store,EMP234,2,0,Standard,10,GBP
ORD123690,08-11-2023,BR82,Germany,Hamburg,CUST6170,PROD695,Accessories,Keyboard,Lenovo,1,839.69,0.07,0.18,921.48,Credit Card,In-Store,EMP859,1,1,Express,5,EUR
ORD123691,23-01-2024,BR114,UAE,Dubai,CUST7988,PROD857,Accessories,Keyboard,Dell,3,1643.75,0.02,0.18,5702.5,Credit Card,In-Store,EMP224,3,0,Same Day,2,INR
ORD123692,04-12-2024,BR106,USA,Chicago,CUST6134,PROD621,Mobile,Samsung Galaxy S23,Dell,4,722.37,0.13,0.18,2966.34,Cash,In-Store,EMP609,2,0,Standard,8,GBP
ORD123693,26-05-2024,BR33,UK,Birmingham,CUST8312,PROD478,TV,Samsung QLED 50,Apple,2,1854.06,0.16,0.18,3675.49,Cash,Online,EMP271,3,1,Express,3,AED
ORD123694,09-03-2023,BR97,UAE,Dubai,CUST2868,PROD179,TV,Sony Bravia 55,Dell,2,104.19,0.23,0.18,189.33,Debit Card,In-Store,EMP445,2,1,Standard,7,EUR
ORD123695,13-03-2024,BR51,UK,London,CUST5358,PROD118,Mobile,Samsung Galaxy S23,LG,4,539.12,0.16,0.18,2137.5,Credit Card,Online,EMP640,0,0,Standard,10,AED
ORD123696,25-05-2023,BR117,India,Bangalore,CUST2703,PROD211,Tablet,iPad Air,Samsung,5,302.38,0.28,0.18,1284.51,Cash,Online,EMP674,3,0,Standard,1,USD
ORD123697,12-07-2023,BR10,Germany,Munich,CUST3820,PROD818,Laptop,MacBook Air M2,OnePlus,3,322.17,0.19,0.18,923.79,UPI,In-Store,EMP519,2,1,Standard,7,GBP
ORD123698,21-11-2024,BR27,India,Delhi,CUST5591,PROD976,TV,Samsung QLED 50,OnePlus,1,174.4,0.02,0.18,201.68,Net Banking,In-Store,EMP356,2,1,Express,4,EUR
ORD123699,20-08-2023,BR102,USA,Los Angeles,CUST3246,PROD308,TV,Sony Bravia 55,Samsung,4,1274.05,0.27,0.18,4389.87,Net Banking,In-Store,EMP655,3,1,Standard,5,GBP
ORD123700,26-03-2023,BR44,UK,Birmingham,CUST3983,PROD403,Tablet,iPad Air,Apple,5,1200.1,0.11,0.18,6301.73,Cash,Online,EMP835,3,1,Same Day,8,AED
ORD123701,29-12-2024,BR105,UK,Birmingham,CUST6487,PROD341,Mobile,OnePlus 11,Samsung,4,269.78,0.15,0.18,1082.36,Cash,Online,EMP234,0,0,Same Day,3,INR
ORD123702,26-02-2024,BR61,India,Delhi,CUST2098,PROD123,Tablet,Samsung Galaxy Tab,Lenovo,2,1531.68,0.28,0.18,2602.63,Net Banking,Online,EMP615,1,0,Same Day,9,EUR
ORD123703,02-05-2023,BR85,UAE,Abu Dhabi,CUST3006,PROD525,TV,LG OLED 48,OnePlus,5,769.3,0.28,0.18,3267.99,UPI,Online,EMP262,1,0,Same Day,8,INR
ORD123704,19-07-2023,BR105,USA,Dallas,CUST7974,PROD911,Tablet,Lenovo Tab P11,OnePlus,3,276.12,0.17,0.18,811.3,Net Banking,Online,EMP633,2,1,Express,8,USD
ORD123705,21-12-2024,BR42,UAE,Dubai,CUST1223,PROD603,Laptop,Dell XPS 13,HP,1,137.85,0.04,0.18,156.16,Cash,In-Store,EMP372,1,0,Standard,9,AED
ORD123706,03-07-2024,BR102,UAE,Abu Dhabi,CUST8672,PROD542,TV,LG OLED 48,OnePlus,4,1941.26,0.05,0.18,8704.61,Cash,Online,EMP527,0,1,Standard,5,USD
ORD123707,05-03-2024,BR111,USA,Dallas,CUST5273,PROD222,Laptop,MacBook Air M2,Samsung,5,1274.74,0.23,0.18,5791.14,Cash,Online,EMP561,3,1,Standard,9,GBP
ORD123708,22-04-2023,BR42,UK,Birmingham,CUST3819,PROD630,Accessories,Keyboard,LG,1,911.35,0.02,0.18,1053.89,Cash,In-Store,EMP549,1,0,Same Day,3,EUR
ORD123709,20-11-2024,BR63,UK,London,CUST2807,PROD296,Tablet,Samsung Galaxy Tab,HP,1,1448.8,0.17,0.18,1418.95,Credit Card,Online,EMP965,3,1,Same Day,3,INR
ORD123710,19-10-2024,BR52,UAE,Dubai,CUST6049,PROD332,Laptop,MacBook Air M2,HP,3,247.31,0.04,0.18,840.46,UPI,In-Store,EMP705,3,1,Same Day,6,INR
ORD123711,08-01-2024,BR35,USA,Los Angeles,CUST5834,PROD142,Tablet,Samsung Galaxy Tab,HP,4,1140.93,0.18,0.18,4415.86,Net Banking,In-Store,EMP253,2,1,Same Day,1,USD
ORD123712,04-08-2023,BR114,UAE,Abu Dhabi,CUST5946,PROD341,Laptop,MacBook Air M2,Sony,4,240.32,0.07,0.18,1054.91,Debit Card,Online,EMP358,2,1,Express,2,USD
ORD123713,12-11-2023,BR34,UK,Manchester,CUST7443,PROD163,Accessories,Keyboard,Apple,3,1066.01,0.06,0.18,3547.25,Credit Card,Online,EMP532,2,1,Express,7,INR
ORD123714,24-07-2024,BR27,USA,Chicago,CUST3954,PROD777,TV,LG OLED 48,Sony,3,1896.99,0.14,0.18,5775.2,Cash,In-Store,EMP223,0,1,Same Day,3,INR
ORD123715,10-09-2024,BR106,India,Delhi,CUST4490,PROD237,Accessories,Keyboard,Apple,1,882.81,0.26,0.18,770.87,Debit Card,In-Store,EMP817,1,0,Express,3,USD
ORD123716,17-12-2024,BR94,India,Mumbai,CUST9903,PROD727,Laptop,MacBook Air M2,Sony,2,1029.76,0.08,0.18,2235.81,Net Banking,In-Store,EMP485,2,0,Express,10,EUR
ORD123717,27-05-2024,BR4,UK,London,CUST6287,PROD757,TV,Sony Bravia 55,Apple,3,1646.4,0.07,0.18,5420.28,Credit Card,Online,EMP892,1,0,Same Day,4,AED
ORD123718,04-02-2024,BR97,Germany,Berlin,CUST7421,PROD670,Accessories,Keyboard,OnePlus,3,750.54,0.01,0.18,2630.34,UPI,Online,EMP510,0,1,Express,5,USD
ORD123719,25-02-2023,BR33,India,Delhi,CUST3689,PROD561,Mobile,iPhone 14,Lenovo,4,1030.82,0.11,0.18,4330.27,Credit Card,Online,EMP710,1,0,Standard,10,INR
ORD123720,26-06-2023,BR85,India,Delhi,CUST3150,PROD537,Tablet,Lenovo Tab P11,Dell,1,112.01,0.22,0.18,103.09,Credit Card,In-Store,EMP914,1,1,Express,2,EUR
ORD123721,12-06-2024,BR17,UK,Birmingham,CUST8802,PROD397,Tablet,iPad Air,OnePlus,1,455.57,0.29,0.18,381.68,Credit Card,In-Store,EMP411,3,1,Standard,1,INR
ORD123722,27-08-2024,BR11,UK,London,CUST6136,PROD546,Mobile,OnePlus 11,Dell,4,1447.64,0.14,0.18,5876.26,Net Banking,Online,EMP947,3,0,Same Day,5,AED
ORD123723,31-10-2023,BR82,UAE,Dubai,CUST4592,PROD790,TV,Samsung QLED 50,Sony,4,71.75,0.26,0.18,250.61,UPI,In-Store,EMP769,2,0,Express,5,EUR
ORD123724,16-06-2024,BR70,UK,Birmingham,CUST5673,PROD822,TV,LG OLED 48,OnePlus,4,1734.33,0.29,0.18,5812.09,Cash,In-Store,EMP460,1,0,Express,6,USD
ORD123725,30-01-2024,BR85,USA,Dallas,CUST4265,PROD757,TV,Sony Bravia 55,Dell,2,504.83,0.28,0.18,857.81,Debit Card,Online,EMP664,2,0,Same Day,9,GBP
ORD123726,22-02-2023,BR14,India,Pune,CUST2208,PROD971,Mobile,OnePlus 11,Samsung,3,1451.08,0.21,0.18,4058.09,Credit Card,Online,EMP610,1,1,Express,1,AED
ORD123727,12-10-2023,BR38,UAE,Dubai,CUST8659,PROD139,Laptop,MacBook Air M2,Sony,2,908,0.01,0.18,2121.45,Debit Card,In-Store,EMP444,1,1,Standard,1,AED
ORD123728,24-01-2023,BR31,UAE,Dubai,CUST6887,PROD936,Mobile,Samsung Galaxy S23,Lenovo,2,727.62,0.04,0.18,1648.5,Credit Card,Online,EMP785,3,1,Express,2,AED
ORD123729,06-07-2024,BR30,USA,Los Angeles,CUST3595,PROD149,Tablet,Samsung Galaxy Tab,Samsung,5,299.72,0.12,0.18,1556.15,Credit Card,Online,EMP492,2,0,Same Day,2,INR
ORD123730,06-07-2023,BR76,India,Delhi,CUST5960,PROD910,Laptop,MacBook Air M2,Apple,2,1352.78,0.29,0.18,2266.72,Cash,In-Store,EMP798,0,1,Standard,8,EUR
ORD123731,12-06-2024,BR83,UK,London,CUST9357,PROD844,Laptop,HP Spectre x360,Apple,3,726.85,0.13,0.18,2238.55,Credit Card,In-Store,EMP422,3,0,Express,8,EUR
ORD123732,29-06-2023,BR19,USA,New York,CUST2626,PROD779,Tablet,Lenovo Tab P11,Lenovo,1,836.94,0.11,0.18,878.95,Cash,In-Store,EMP570,1,1,Express,4,INR
ORD123733,11-01-2023,BR57,Germany,Berlin,CUST9109,PROD429,Tablet,Lenovo Tab P11,Lenovo,3,653.81,0.18,0.18,1897.88,Net Banking,Online,EMP592,3,0,Same Day,4,EUR
ORD123734,16-08-2024,BR101,UAE,Abu Dhabi,CUST1582,PROD450,TV,Samsung QLED 50,Samsung,2,954.41,0.08,0.18,2072.21,Cash,Online,EMP382,0,0,Same Day,6,USD
ORD123735,30-06-2024,BR79,UK,Birmingham,CUST2452,PROD762,Laptop,HP Spectre x360,Sony,1,931.84,0.05,0.18,1044.59,UPI,Online,EMP426,0,1,Standard,2,EUR
ORD123736,15-09-2023,BR84,Germany,Hamburg,CUST2549,PROD261,Tablet,Samsung Galaxy Tab,Lenovo,5,1738.64,0.19,0.18,8308.96,Net Banking,Online,EMP729,2,1,Same Day,3,AED
ORD123737,02-08-2024,BR51,UAE,Dubai,CUST1364,PROD212,Laptop,HP Spectre x360,LG,3,159.79,0.12,0.18,497.78,Cash,In-Store,EMP966,3,0,Express,6,EUR
ORD123738,15-04-2023,BR66,India,Delhi,CUST5298,PROD962,Tablet,Lenovo Tab P11,Sony,3,1476.39,0.26,0.18,3867.55,Credit Card,Online,EMP270,0,1,Same Day,9,AED
ORD123739,13-08-2023,BR62,USA,Dallas,CUST2848,PROD872,Accessories,Wireless Mouse,Lenovo,5,1430.37,0.01,0.18,8354.79,Cash,In-Store,EMP602,2,0,Same Day,9,EUR
ORD123740,24-01-2024,BR116,UK,Manchester,CUST8603,PROD439,TV,LG OLED 48,Samsung,4,910.67,0.25,0.18,3223.77,Cash,In-Store,EMP577,2,1,Express,4,USD
ORD123741,29-04-2023,BR32,India,Delhi,CUST2097,PROD167,Tablet,Samsung Galaxy Tab,Lenovo,2,263.88,0.25,0.18,467.07,Net Banking,Online,EMP769,2,1,Standard,2,USD
ORD123742,13-05-2024,BR71,UAE,Dubai,CUST2551,PROD107,Tablet,Lenovo Tab P11,Apple,1,1853.81,0,0.18,2187.5,Debit Card,Online,EMP556,2,1,Express,2,EUR
ORD123743,28-01-2024,BR120,India,Bangalore,CUST5723,PROD444,Accessories,Bluetooth Headphones,OnePlus,1,1541.99,0.17,0.18,1510.23,Cash,In-Store,EMP947,3,1,Standard,2,GBP
ORD123744,02-05-2023,BR54,UAE,Abu Dhabi,CUST4206,PROD101,Laptop,MacBook Air M2,LG,3,1839.99,0.28,0.18,4689.77,Credit Card,Online,EMP219,1,1,Express,8,USD
ORD123745,04-02-2023,BR98,Germany,Munich,CUST1719,PROD452,Tablet,Samsung Galaxy Tab,HP,1,1463.68,0.23,0.18,1329.9,UPI,Online,EMP641,1,1,Same Day,10,INR
ORD123746,27-05-2023,BR100,USA,New York,CUST7767,PROD159,TV,Sony Bravia 55,Sony,3,549.25,0.3,0.18,1361.04,Debit Card,In-Store,EMP462,0,0,Standard,4,INR
ORD123747,19-01-2023,BR84,UK,London,CUST3644,PROD468,Accessories,Bluetooth Headphones,Dell,2,1278.36,0.2,0.18,2413.54,UPI,Online,EMP220,0,0,Standard,6,EUR
ORD123748,04-08-2024,BR86,USA,Los Angeles,CUST7612,PROD381,Tablet,Lenovo Tab P11,LG,3,711.83,0.09,0.18,2293.09,Net Banking,In-Store,EMP915,3,0,Same Day,3,GBP
ORD123749,18-09-2024,BR45,India,Bangalore,CUST8889,PROD219,Mobile,Samsung Galaxy S23,Lenovo,2,619.14,0.25,0.18,1095.88,Net Banking,Online,EMP735,1,0,Same Day,8,AED
ORD123750,13-01-2023,BR92,India,Pune,CUST4723,PROD453,Tablet,Samsung Galaxy Tab,LG,3,1808.31,0.04,0.18,6145.36,UPI,In-Store,EMP409,1,0,Standard,5,INR
ORD123751,14-07-2023,BR90,USA,Dallas,CUST2283,PROD828,TV,Sony Bravia 55,Dell,4,1186.49,0.15,0.18,4760.2,Net Banking,Online,EMP631,0,1,Same Day,4,INR
ORD123752,05-09-2023,BR81,India,Mumbai,CUST7767,PROD107,Accessories,Wireless Mouse,OnePlus,5,1560.5,0.1,0.18,8286.25,Cash,In-Store,EMP967,2,1,Standard,2,GBP
ORD123753,21-10-2023,BR105,UK,Birmingham,CUST9253,PROD784,Mobile,iPhone 14,Samsung,1,1666.57,0.16,0.18,1651.9,UPI,Online,EMP972,2,1,Same Day,1,INR
ORD123754,04-05-2023,BR109,India,Bangalore,CUST2579,PROD583,Mobile,iPhone 14,Apple,2,1902.42,0.08,0.18,4130.53,Cash,In-Store,EMP573,1,0,Express,1,GBP
ORD123755,06-12-2024,BR99,Germany,Berlin,CUST3221,PROD197,Accessories,Wireless Mouse,Dell,5,510.34,0.04,0.18,2890.57,Cash,In-Store,EMP705,1,0,Same Day,5,USD
ORD123756,27-10-2024,BR62,USA,Chicago,CUST7452,PROD808,Mobile,OnePlus 11,Apple,4,1499.31,0.14,0.18,6086,Credit Card,Online,EMP689,3,0,Express,4,EUR
ORD123757,05-11-2024,BR23,USA,Chicago,CUST8480,PROD909,Mobile,OnePlus 11,Lenovo,1,737.86,0.03,0.18,844.55,Credit Card,Online,EMP794,3,0,Express,2,AED
ORD123758,09-12-2023,BR80,UAE,Abu Dhabi,CUST8202,PROD574,Mobile,iPhone 14,HP,3,371.14,0.09,0.18,1195.59,UPI,In-Store,EMP919,3,1,Same Day,1,AED
ORD123759,28-07-2024,BR10,UAE,Abu Dhabi,CUST2015,PROD441,Accessories,Wireless Mouse,LG,3,745.14,0.05,0.18,2505.91,Credit Card,In-Store,EMP266,2,0,Express,1,EUR
ORD123760,11-10-2023,BR52,USA,New York,CUST7062,PROD491,TV,LG OLED 48,Sony,2,583.41,0.28,0.18,991.33,Credit Card,In-Store,EMP869,2,1,Same Day,6,GBP
ORD123761,04-07-2024,BR37,UAE,Dubai,CUST7592,PROD467,Tablet,Samsung Galaxy Tab,Apple,2,1087,0.26,0.18,1898.34,Debit Card,Online,EMP407,1,0,Standard,7,GBP
ORD123762,01-08-2024,BR99,Germany,Berlin,CUST7809,PROD357,Mobile,Samsung Galaxy S23,Dell,1,1680.23,0.28,0.18,1427.52,Credit Card,In-Store,EMP911,0,1,Standard,9,INR
ORD123763,23-02-2023,BR72,India,Delhi,CUST8334,PROD568,Laptop,HP Spectre x360,Lenovo,1,199.27,0.07,0.18,218.68,Debit Card,In-Store,EMP723,3,1,Standard,3,GBP
ORD123764,16-11-2023,BR84,India,Bangalore,CUST9419,PROD184,TV,Sony Bravia 55,HP,3,765.71,0.04,0.18,2602.19,Credit Card,Online,EMP356,1,0,Standard,4,USD
ORD123765,20-11-2024,BR39,UK,Birmingham,CUST8426,PROD742,Tablet,Lenovo Tab P11,HP,1,1614.22,0.27,0.18,1390.49,Cash,Online,EMP277,2,1,Same Day,6,GBP
ORD123766,26-06-2023,BR63,Germany,Berlin,CUST8915,PROD677,Accessories,Wireless Mouse,OnePlus,2,940.69,0.21,0.18,1753.82,Debit Card,Online,EMP634,1,1,Express,3,GBP
ORD123767,30-11-2023,BR83,USA,Dallas,CUST4376,PROD588,Laptop,MacBook Air M2,Sony,3,1904.21,0.17,0.18,5594.95,Net Banking,In-Store,EMP872,0,1,Same Day,3,AED
ORD123768,11-08-2023,BR20,India,Delhi,CUST1170,PROD663,Accessories,Keyboard,Dell,3,951.06,0.27,0.18,2457.73,UPI,In-Store,EMP577,2,1,Standard,2,EUR
ORD123769,08-02-2023,BR77,USA,New York,CUST9368,PROD164,Accessories,Keyboard,Sony,1,735.58,0.28,0.18,624.95,Cash,Online,EMP870,3,1,Standard,8,EUR
ORD123770,21-01-2023,BR12,UAE,Dubai,CUST2191,PROD858,TV,LG OLED 48,Sony,2,1590.92,0.05,0.18,3566.84,Credit Card,Online,EMP318,1,1,Express,8,USD
ORD123771,05-01-2024,BR34,India,Pune,CUST6803,PROD863,Mobile,iPhone 14,OnePlus,1,482.78,0.09,0.18,518.41,Net Banking,In-Store,EMP458,3,1,Standard,10,AED
ORD123772,23-09-2024,BR27,USA,Chicago,CUST6460,PROD108,Mobile,iPhone 14,Sony,3,433.37,0.17,0.18,1273.33,Debit Card,In-Store,EMP581,3,1,Same Day,10,GBP
ORD123773,31-12-2023,BR92,India,Delhi,CUST1016,PROD762,Accessories,Keyboard,OnePlus,5,1774.31,0.04,0.18,10049.69,Debit Card,Online,EMP539,0,1,Same Day,8,EUR
ORD123774,30-09-2023,BR24,USA,Los Angeles,CUST9569,PROD958,Mobile,Samsung Galaxy S23,HP,3,551.17,0.13,0.18,1697.49,Cash,In-Store,EMP992,2,0,Same Day,6,AED
ORD123775,26-05-2023,BR26,India,Delhi,CUST6417,PROD469,Accessories,Keyboard,Sony,3,208.51,0.07,0.18,686.46,Credit Card,In-Store,EMP659,0,1,Standard,2,AED
ORD123776,29-01-2023,BR3,USA,New York,CUST1628,PROD554,TV,Sony Bravia 55,HP,5,487.41,0.15,0.18,2444.36,Net Banking,Online,EMP567,1,0,Express,4,INR
ORD123777,06-01-2024,BR103,UK,Manchester,CUST5044,PROD800,Tablet,Samsung Galaxy Tab,LG,2,1410.74,0.12,0.18,2929.82,Credit Card,Online,EMP827,0,0,Express,1,EUR
ORD123778,31-03-2023,BR6,UAE,Abu Dhabi,CUST3061,PROD235,Mobile,OnePlus 11,HP,3,1353.69,0.15,0.18,4073.25,Cash,Online,EMP480,0,1,Standard,4,AED
ORD123779,05-02-2023,BR109,India,Mumbai,CUST3357,PROD179,Tablet,iPad Air,Apple,5,1221.52,0.16,0.18,6053.85,UPI,Online,EMP511,0,1,Express,3,AED
ORD123780,25-10-2023,BR51,UK,Manchester,CUST5894,PROD255,Laptop,Dell XPS 13,LG,3,1651.31,0.27,0.18,4267.32,Credit Card,In-Store,EMP242,2,1,Same Day,1,INR
ORD123781,22-11-2023,BR71,UAE,Dubai,CUST4524,PROD886,Mobile,Samsung Galaxy S23,Dell,2,196.37,0.25,0.18,347.57,UPI,In-Store,EMP606,0,0,Standard,1,INR
ORD123782,07-06-2023,BR117,Germany,Hamburg,CUST5996,PROD721,Tablet,iPad Air,Lenovo,4,326.55,0.27,0.18,1125.16,UPI,Online,EMP579,3,1,Standard,7,GBP
ORD123783,05-08-2023,BR103,Germany,Hamburg,CUST7701,PROD154,Accessories,Keyboard,Sony,2,401.76,0.08,0.18,872.3,Credit Card,Online,EMP801,0,0,Same Day,5,AED
ORD123784,12-05-2023,BR105,UAE,Dubai,CUST5298,PROD965,Tablet,Samsung Galaxy Tab,OnePlus,3,271.41,0.29,0.18,682.16,UPI,In-Store,EMP808,3,1,Same Day,10,INR
ORD123785,08-10-2024,BR83,Germany,Berlin,CUST9816,PROD957,Accessories,Wireless Mouse,OnePlus,1,88.61,0.06,0.18,98.29,Credit Card,Online,EMP484,3,0,Same Day,6,USD
ORD123786,17-11-2023,BR3,UK,Manchester,CUST5291,PROD438,Tablet,iPad Air,LG,3,1089.91,0.12,0.18,3395.29,Cash,Online,EMP473,0,0,Same Day,3,AED
ORD123787,29-07-2024,BR28,Germany,Berlin,CUST4852,PROD671,TV,Samsung QLED 50,Apple,2,714.73,0.25,0.18,1265.07,Cash,In-Store,EMP863,0,1,Standard,5,EUR
ORD123788,09-09-2023,BR33,USA,Dallas,CUST2156,PROD907,Tablet,Samsung Galaxy Tab,Dell,1,1425.95,0.12,0.18,1480.71,Cash,In-Store,EMP710,3,0,Same Day,6,AED
ORD123789,08-12-2023,BR106,Germany,Berlin,CUST2405,PROD775,Laptop,Dell XPS 13,OnePlus,5,847.8,0.27,0.18,3651.47,Credit Card,In-Store,EMP948,1,0,Standard,1,AED
ORD123790,04-12-2023,BR90,Germany,Hamburg,CUST9576,PROD739,TV,LG OLED 48,Lenovo,3,1285.75,0.04,0.18,4369.49,Debit Card,Online,EMP297,1,0,Same Day,7,AED
ORD123791,09-03-2024,BR27,USA,Chicago,CUST8208,PROD583,Tablet,iPad Air,OnePlus,3,1979.62,0.19,0.18,5676.36,Credit Card,In-Store,EMP573,1,0,Express,6,INR
ORD123792,22-11-2024,BR73,UAE,Abu Dhabi,CUST9992,PROD417,Tablet,iPad Air,Apple,2,79.59,0.05,0.18,178.44,UPI,In-Store,EMP882,0,0,Express,10,GBP
ORD123793,14-04-2023,BR23,UK,London,CUST6916,PROD325,Tablet,iPad Air,Sony,1,971.86,0.03,0.18,1112.39,Debit Card,Online,EMP276,0,0,Same Day,5,EUR
ORD123794,03-07-2023,BR44,UAE,Abu Dhabi,CUST1345,PROD281,Accessories,Keyboard,Dell,2,775.35,0.14,0.18,1573.65,Net Banking,In-Store,EMP757,2,1,Standard,7,USD
ORD123795,20-12-2023,BR36,UK,Birmingham,CUST7487,PROD969,TV,LG OLED 48,LG,1,299.59,0,0.18,353.52,UPI,Online,EMP699,1,1,Same Day,2,EUR
ORD123796,09-10-2024,BR79,UK,Manchester,CUST3751,PROD450,Accessories,Keyboard,Lenovo,4,769.87,0.21,0.18,2870.69,Net Banking,In-Store,EMP867,0,1,Standard,5,GBP
ORD123797,09-06-2024,BR107,UK,London,CUST8351,PROD963,Laptop,MacBook Air M2,Dell,4,881.88,0.18,0.18,3413.23,Net Banking,In-Store,EMP229,3,1,Standard,4,USD
ORD123798,04-09-2024,BR83,Germany,Munich,CUST9732,PROD398,Accessories,Bluetooth Headphones,Sony,1,84.19,0.26,0.18,73.51,Cash,In-Store,EMP271,1,0,Standard,3,GBP
ORD123799,25-10-2024,BR7,UAE,Dubai,CUST2229,PROD501,Laptop,Dell XPS 13,LG,4,577.44,0.24,0.18,2071.39,Debit Card,In-Store,EMP703,0,0,Standard,5,USD
ORD123800,21-06-2023,BR49,UK,London,CUST1825,PROD786,Mobile,OnePlus 11,Sony,5,1934.65,0,0.18,11414.43,Net Banking,In-Store,EMP232,1,1,Standard,3,AED
ORD123801,12-01-2023,BR65,USA,New York,CUST7585,PROD289,TV,Sony Bravia 55,HP,1,1310.36,0.14,0.18,1329.75,Net Banking,In-Store,EMP642,1,1,Standard,9,GBP
ORD123802,24-07-2023,BR8,Germany,Berlin,CUST3455,PROD397,Laptop,MacBook Air M2,LG,5,782.03,0.21,0.18,3645.04,Credit Card,In-Store,EMP326,2,1,Express,4,EUR
ORD123803,11-05-2023,BR14,India,Delhi,CUST1647,PROD970,TV,Sony Bravia 55,Apple,2,111.69,0.19,0.18,213.51,Credit Card,Online,EMP988,1,1,Same Day,7,INR
ORD123804,17-03-2024,BR25,UK,London,CUST1350,PROD787,Tablet,Samsung Galaxy Tab,Apple,3,1236.82,0.15,0.18,3721.59,Net Banking,In-Store,EMP715,3,1,Express,10,USD
ORD123805,31-07-2023,BR3,India,Pune,CUST3137,PROD314,TV,LG OLED 48,LG,4,241.13,0.29,0.18,808.07,Net Banking,In-Store,EMP634,0,0,Standard,5,INR
ORD123806,04-10-2023,BR103,UAE,Abu Dhabi,CUST3175,PROD854,Tablet,iPad Air,Apple,4,1098.55,0.24,0.18,3940.72,Cash,In-Store,EMP490,1,0,Same Day,5,EUR
ORD123807,02-10-2024,BR60,USA,Los Angeles,CUST1371,PROD988,Mobile,iPhone 14,Dell,1,1325.25,0.14,0.18,1344.86,Cash,Online,EMP497,3,1,Standard,7,EUR
ORD123808,16-02-2024,BR115,India,Mumbai,CUST5641,PROD433,Mobile,iPhone 14,Sony,5,1251.37,0.12,0.18,6497.11,Net Banking,In-Store,EMP820,2,1,Express,7,EUR
ORD123809,01-10-2023,BR51,Germany,Munich,CUST1750,PROD961,TV,Samsung QLED 50,Lenovo,1,1776.82,0.3,0.18,1467.65,Debit Card,Online,EMP500,0,0,Standard,7,GBP
ORD123810,15-12-2023,BR78,UK,London,CUST6798,PROD806,Accessories,Wireless Mouse,Apple,3,909.06,0.06,0.18,3024.99,Net Banking,Online,EMP408,1,1,Same Day,5,INR
ORD123811,04-10-2024,BR96,India,Pune,CUST1112,PROD880,Laptop,MacBook Air M2,HP,5,910.81,0.24,0.18,4084.07,Cash,Online,EMP203,2,0,Same Day,7,INR
ORD123812,24-10-2023,BR81,India,Delhi,CUST1841,PROD722,Tablet,Lenovo Tab P11,HP,5,875.31,0.02,0.18,5061.04,Cash,In-Store,EMP480,3,1,Same Day,6,EUR
ORD123813,16-04-2024,BR107,USA,Los Angeles,CUST7231,PROD819,Laptop,Dell XPS 13,LG,2,1525.92,0.12,0.18,3169.03,Cash,In-Store,EMP338,1,1,Same Day,5,GBP
ORD123814,29-01-2023,BR58,UK,Manchester,CUST1704,PROD102,Laptop,MacBook Air M2,LG,4,1470.69,0.29,0.18,4928.58,Credit Card,In-Store,EMP671,1,0,Standard,8,USD
ORD123815,28-05-2023,BR23,India,Delhi,CUST5525,PROD191,Mobile,OnePlus 11,OnePlus,5,1219.14,0.01,0.18,7121,UPI,Online,EMP308,3,1,Standard,5,EUR
ORD123816,02-01-2023,BR11,Germany,Berlin,CUST3301,PROD562,Mobile,iPhone 14,HP,3,531.04,0.01,0.18,1861.08,Credit Card,Online,EMP416,3,1,Express,9,GBP
ORD123817,29-01-2024,BR38,UAE,Dubai,CUST1725,PROD331,Laptop,MacBook Air M2,OnePlus,5,1205.76,0.11,0.18,6331.45,UPI,In-Store,EMP581,2,1,Standard,2,INR
ORD123818,25-02-2024,BR34,Germany,Munich,CUST8724,PROD922,Laptop,MacBook Air M2,HP,1,1820.47,0.01,0.18,2126.67,Net Banking,Online,EMP959,1,1,Standard,1,USD
ORD123819,09-05-2023,BR66,Germany,Hamburg,CUST8729,PROD534,Accessories,Bluetooth Headphones,Dell,3,582.16,0.08,0.18,1895.98,Net Banking,In-Store,EMP337,1,0,Standard,5,EUR
ORD123820,27-05-2024,BR87,UAE,Abu Dhabi,CUST8450,PROD676,Tablet,Lenovo Tab P11,Sony,2,480.8,0.2,0.18,907.75,Credit Card,In-Store,EMP459,3,0,Same Day,8,EUR
ORD123821,26-03-2023,BR10,UAE,Abu Dhabi,CUST9535,PROD715,Tablet,iPad Air,Apple,5,940.3,0.18,0.18,4549.17,Debit Card,Online,EMP742,2,1,Standard,2,USD
ORD123822,12-12-2023,BR35,Germany,Munich,CUST5734,PROD866,Tablet,Lenovo Tab P11,OnePlus,4,1029.49,0.07,0.18,4519.05,UPI,Online,EMP874,2,1,Standard,3,EUR
ORD123823,18-11-2023,BR68,UK,London,CUST4756,PROD263,Tablet,iPad Air,HP,4,1036.59,0.23,0.18,3767.38,UPI,In-Store,EMP390,3,0,Express,3,EUR
ORD123824,23-09-2024,BR41,USA,Los Angeles,CUST4668,PROD157,Mobile,iPhone 14,Samsung,3,1291.91,0.2,0.18,3658.69,UPI,In-Store,EMP629,3,1,Same Day,6,AED
ORD123825,19-04-2023,BR72,UK,London,CUST8254,PROD342,Accessories,Wireless Mouse,Dell,5,1499.98,0.14,0.18,7610.9,Debit Card,Online,EMP593,2,1,Same Day,1,USD
ORD123826,22-11-2023,BR37,UAE,Abu Dhabi,CUST3874,PROD638,TV,Samsung QLED 50,Apple,4,550.62,0,0.18,2598.93,UPI,In-Store,EMP876,2,1,Express,7,EUR
ORD123827,28-12-2024,BR94,UK,Birmingham,CUST8225,PROD610,TV,LG OLED 48,OnePlus,3,1954.22,0.12,0.18,6087.79,Debit Card,In-Store,EMP620,2,0,Express,6,INR
ORD123828,08-09-2024,BR45,Germany,Munich,CUST9380,PROD587,Laptop,HP Spectre x360,Dell,1,1558.78,0.29,0.18,1305.95,Debit Card,Online,EMP696,2,0,Same Day,8,EUR
ORD123829,19-10-2023,BR106,India,Bangalore,CUST9248,PROD560,Laptop,Dell XPS 13,HP,4,1263.95,0.12,0.18,5249.94,Cash,Online,EMP860,3,0,Express,7,USD
ORD123830,25-10-2023,BR94,USA,Dallas,CUST6345,PROD322,Tablet,iPad Air,LG,2,1551.65,0.2,0.18,2929.52,Net Banking,Online,EMP894,3,0,Same Day,7,USD
ORD123831,07-07-2023,BR62,UAE,Dubai,CUST4344,PROD690,Accessories,Wireless Mouse,Apple,4,1374.36,0.06,0.18,6097.76,UPI,Online,EMP682,3,1,Same Day,1,EUR
ORD123832,11-02-2023,BR26,USA,Chicago,CUST7178,PROD397,Tablet,Lenovo Tab P11,Samsung,4,1813.88,0.1,0.18,7705.36,UPI,In-Store,EMP833,3,1,Same Day,5,EUR
ORD123833,05-06-2023,BR110,USA,New York,CUST4712,PROD853,TV,Sony Bravia 55,LG,1,1572.61,0.2,0.18,1484.54,Net Banking,Online,EMP892,0,0,Express,1,EUR
ORD123834,28-07-2023,BR75,UK,London,CUST6735,PROD148,Laptop,HP Spectre x360,Samsung,3,1724.21,0.01,0.18,6042.67,Debit Card,In-Store,EMP802,0,1,Express,4,EUR
ORD123835,09-07-2023,BR17,UK,London,CUST9388,PROD606,Tablet,iPad Air,Lenovo,2,1845.42,0.14,0.18,3745.46,Net Banking,Online,EMP691,2,1,Express,6,INR
ORD123836,05-04-2024,BR17,UK,Manchester,CUST4094,PROD266,Laptop,HP Spectre x360,Sony,4,756.37,0.3,0.18,2499.05,Credit Card,In-Store,EMP246,3,1,Same Day,10,AED
ORD123837,15-08-2023,BR17,India,Bangalore,CUST4506,PROD127,Accessories,Keyboard,Apple,5,723.84,0.21,0.18,3373.82,UPI,In-Store,EMP507,3,1,Same Day,4,AED
ORD123838,14-04-2024,BR57,India,Delhi,CUST6412,PROD525,TV,Samsung QLED 50,Dell,1,1843.76,0.14,0.18,1871.05,UPI,Online,EMP869,2,0,Express,8,GBP
ORD123839,24-06-2024,BR37,UAE,Dubai,CUST5176,PROD225,TV,Sony Bravia 55,OnePlus,3,1522.88,0.01,0.18,5337.09,Net Banking,In-Store,EMP751,2,1,Express,5,EUR
ORD123840,29-01-2023,BR48,UAE,Dubai,CUST6948,PROD171,TV,Samsung QLED 50,Apple,2,1295.95,0.09,0.18,2783.18,Net Banking,Online,EMP858,0,1,Express,8,USD
ORD123841,15-05-2024,BR60,India,Mumbai,CUST1439,PROD237,Mobile,Samsung Galaxy S23,Dell,4,1743.47,0.06,0.18,7735.43,Debit Card,Online,EMP892,1,1,Same Day,3,GBP
ORD123842,31-08-2023,BR93,Germany,Berlin,CUST2649,PROD727,Tablet,Samsung Galaxy Tab,OnePlus,1,1199.43,0.17,0.18,1174.72,Cash,Online,EMP361,1,1,Express,8,EUR
ORD123843,23-06-2023,BR13,USA,Chicago,CUST9847,PROD953,Accessories,Keyboard,LG,3,237.38,0.02,0.18,823.52,Credit Card,In-Store,EMP935,1,1,Express,7,USD
ORD123844,16-11-2024,BR97,UAE,Dubai,CUST3279,PROD254,TV,LG OLED 48,Sony,1,102.62,0.01,0.18,119.88,UPI,Online,EMP993,3,1,Standard,4,EUR
ORD123845,18-09-2023,BR11,USA,Dallas,CUST1313,PROD409,Mobile,Samsung Galaxy S23,LG,2,1676.63,0.18,0.18,3244.61,Credit Card,Online,EMP331,1,0,Express,9,AED
ORD123846,31-01-2024,BR18,Germany,Hamburg,CUST9202,PROD351,Laptop,HP Spectre x360,LG,1,1409.4,0.27,0.18,1214.06,Net Banking,In-Store,EMP893,3,1,Same Day,6,GBP
ORD123847,08-12-2024,BR33,UAE,Abu Dhabi,CUST8265,PROD206,TV,LG OLED 48,Lenovo,4,917.95,0.22,0.18,3379.52,Cash,In-Store,EMP797,3,0,Same Day,9,AED
ORD123848,14-05-2023,BR27,India,Pune,CUST8277,PROD490,Mobile,OnePlus 11,Lenovo,5,1714.59,0.28,0.18,7283.58,Cash,In-Store,EMP659,2,1,Standard,6,AED
ORD123849,04-08-2023,BR41,USA,Chicago,CUST9981,PROD758,Tablet,iPad Air,Apple,2,67.14,0.05,0.18,150.53,UPI,Online,EMP281,2,1,Same Day,4,EUR
ORD123850,05-05-2023,BR90,India,Pune,CUST8361,PROD817,Mobile,Samsung Galaxy S23,HP,1,670.22,0.17,0.18,656.41,Credit Card,Online,EMP212,0,0,Express,7,AED
ORD123851,19-11-2024,BR81,UK,Manchester,CUST9957,PROD176,Mobile,iPhone 14,Samsung,5,1891.69,0.19,0.18,9040.39,Cash,In-Store,EMP288,3,0,Standard,5,EUR
ORD123852,28-01-2023,BR74,UAE,Abu Dhabi,CUST9985,PROD754,Mobile,OnePlus 11,HP,4,878.64,0.25,0.18,3110.39,Credit Card,Online,EMP870,1,1,Same Day,10,GBP
ORD123853,22-04-2023,BR7,UK,Manchester,CUST7553,PROD860,Tablet,Samsung Galaxy Tab,Samsung,3,625.74,0.14,0.18,1905,UPI,In-Store,EMP813,0,1,Express,3,USD
ORD123854,14-09-2023,BR29,USA,Dallas,CUST5817,PROD265,Accessories,Keyboard,Samsung,2,1212.41,0.08,0.18,2632.38,Credit Card,Online,EMP987,3,0,Standard,9,AED
ORD123855,06-09-2024,BR1,USA,Los Angeles,CUST2076,PROD251,Accessories,Bluetooth Headphones,Samsung,1,466.35,0.12,0.18,484.26,Debit Card,In-Store,EMP386,1,1,Express,5,INR
ORD123856,29-03-2024,BR103,Germany,Munich,CUST7809,PROD516,Tablet,Samsung Galaxy Tab,LG,3,1142.5,0.03,0.18,3923.12,Debit Card,In-Store,EMP591,3,1,Same Day,9,USD
ORD123857,08-08-2023,BR53,UK,Manchester,CUST5050,PROD151,TV,Sony Bravia 55,Lenovo,5,1451.57,0.17,0.18,7108.34,Cash,Online,EMP927,1,1,Same Day,2,EUR
ORD123858,20-09-2023,BR40,India,Mumbai,CUST9792,PROD337,Laptop,HP Spectre x360,LG,2,740.84,0.08,0.18,1608.51,Credit Card,In-Store,EMP944,0,0,Express,7,GBP
ORD123859,06-04-2024,BR79,India,Delhi,CUST7965,PROD810,Accessories,Keyboard,Dell,3,859.06,0.07,0.18,2828.2,Credit Card,Online,EMP867,2,1,Same Day,10,GBP
ORD123860,20-04-2023,BR36,UAE,Dubai,CUST3771,PROD298,Tablet,Samsung Galaxy Tab,Samsung,4,86.51,0.19,0.18,330.75,UPI,Online,EMP532,1,1,Same Day,9,INR
ORD123861,29-04-2023,BR11,UAE,Dubai,CUST5141,PROD195,Laptop,HP Spectre x360,Lenovo,1,669.45,0.21,0.18,624.06,Credit Card,Online,EMP889,0,1,Same Day,8,EUR
ORD123862,02-11-2024,BR45,UAE,Abu Dhabi,CUST8523,PROD842,Accessories,Bluetooth Headphones,Sony,4,61.89,0.12,0.18,257.07,Debit Card,Online,EMP786,3,0,Express,2,USD
ORD123863,16-06-2024,BR74,Germany,Munich,CUST7465,PROD390,TV,LG OLED 48,HP,1,1864.38,0.12,0.18,1935.97,Credit Card,Online,EMP987,2,0,Standard,10,AED
ORD123864,17-03-2024,BR115,USA,New York,CUST8239,PROD621,Tablet,Lenovo Tab P11,Samsung,3,735.13,0.08,0.18,2394.17,UPI,Online,EMP342,3,0,Same Day,5,GBP
ORD123865,06-02-2023,BR67,UAE,Abu Dhabi,CUST5797,PROD262,TV,Sony Bravia 55,LG,2,1747.99,0.08,0.18,3795.24,Net Banking,In-Store,EMP348,2,0,Standard,1,GBP
ORD123866,18-10-2023,BR41,UK,Manchester,CUST6293,PROD944,Accessories,Bluetooth Headphones,Sony,1,220.23,0.02,0.18,254.67,UPI,In-Store,EMP966,1,0,Standard,1,USD
ORD123867,25-06-2023,BR17,Germany,Munich,CUST2828,PROD813,Tablet,iPad Air,OnePlus,1,697.11,0.11,0.18,732.1,Credit Card,Online,EMP382,3,1,Express,9,AED
ORD123868,13-05-2024,BR32,India,Bangalore,CUST3853,PROD437,Mobile,OnePlus 11,HP,5,485.55,0.27,0.18,2091.26,Debit Card,In-Store,EMP522,3,1,Express,7,GBP
ORD123869,20-10-2024,BR43,USA,Los Angeles,CUST2348,PROD185,TV,Sony Bravia 55,Samsung,5,832.13,0.08,0.18,4516.8,UPI,Online,EMP531,0,1,Express,7,EUR
ORD123870,24-01-2023,BR55,India,Mumbai,CUST6420,PROD726,TV,Sony Bravia 55,OnePlus,5,370.89,0.03,0.18,2122.6,Debit Card,In-Store,EMP497,0,0,Same Day,1,GBP
ORD123871,24-01-2023,BR12,Germany,Hamburg,CUST4622,PROD252,Laptop,HP Spectre x360,Apple,5,1574.01,0.09,0.18,8450.86,UPI,Online,EMP702,1,0,Same Day,7,USD
ORD123872,24-10-2023,BR94,Germany,Munich,CUST3865,PROD334,Laptop,HP Spectre x360,Apple,1,1935.63,0.14,0.18,1964.28,Credit Card,Online,EMP709,3,0,Same Day,4,INR
ORD123873,12-10-2024,BR74,UK,Birmingham,CUST8411,PROD396,TV,LG OLED 48,LG,2,1328.28,0.24,0.18,2382.4,UPI,Online,EMP971,2,0,Same Day,3,INR
ORD123874,23-04-2023,BR43,Germany,Munich,CUST5228,PROD478,Accessories,Bluetooth Headphones,OnePlus,2,1810.57,0.09,0.18,3888.38,Net Banking,In-Store,EMP645,2,0,Express,9,AED
ORD123875,10-06-2024,BR52,USA,Chicago,CUST5988,PROD512,TV,Sony Bravia 55,Samsung,1,750.27,0.09,0.18,805.64,Net Banking,Online,EMP929,0,0,Same Day,7,USD
ORD123876,28-09-2023,BR14,USA,New York,CUST2114,PROD847,Mobile,OnePlus 11,Apple,1,882.49,0.3,0.18,728.94,UPI,In-Store,EMP902,1,1,Express,10,USD
ORD123877,16-06-2023,BR107,Germany,Hamburg,CUST4954,PROD223,TV,Samsung QLED 50,HP,3,738.58,0.15,0.18,2222.39,UPI,Online,EMP647,3,1,Standard,7,AED
ORD123878,22-06-2023,BR115,Germany,Berlin,CUST9819,PROD937,Tablet,iPad Air,Apple,4,467.17,0.08,0.18,2028.64,Credit Card,Online,EMP998,3,0,Express,9,AED
ORD123879,04-05-2024,BR19,India,Bangalore,CUST1977,PROD151,Laptop,HP Spectre x360,HP,2,540.02,0.19,0.18,1032.3,Cash,In-Store,EMP557,1,0,Same Day,10,EUR
ORD123880,11-01-2023,BR49,India,Mumbai,CUST2226,PROD152,TV,Sony Bravia 55,HP,3,498.62,0.12,0.18,1553.3,UPI,Online,EMP496,0,1,Same Day,7,AED
ORD123881,14-02-2023,BR1,UK,Birmingham,CUST9573,PROD610,Accessories,Keyboard,Apple,5,1180.44,0.28,0.18,5014.51,Credit Card,Online,EMP292,0,0,Standard,5,USD
ORD123882,28-11-2024,BR48,UAE,Dubai,CUST8476,PROD471,TV,Sony Bravia 55,LG,3,1927.68,0.07,0.18,6346.31,UPI,Online,EMP642,2,1,Standard,2,INR
ORD123883,29-03-2023,BR70,Germany,Munich,CUST1364,PROD291,Mobile,OnePlus 11,Lenovo,4,207.39,0.15,0.18,832.05,Cash,In-Store,EMP442,1,0,Standard,3,AED
ORD123884,17-08-2023,BR117,USA,Dallas,CUST7773,PROD666,Tablet,Samsung Galaxy Tab,LG,1,1586.71,0.08,0.18,1722.53,Debit Card,In-Store,EMP768,3,1,Same Day,5,AED
ORD123885,26-10-2024,BR15,UAE,Abu Dhabi,CUST8018,PROD144,Mobile,Samsung Galaxy S23,Apple,1,1993.69,0.19,0.18,1905.57,Debit Card,In-Store,EMP607,2,0,Standard,7,GBP
ORD123886,15-09-2023,BR62,UAE,Abu Dhabi,CUST2727,PROD554,Tablet,iPad Air,Samsung,5,1879.18,0.16,0.18,9313.22,Net Banking,In-Store,EMP542,1,1,Express,6,EUR
ORD123887,21-08-2024,BR15,Germany,Hamburg,CUST9513,PROD502,Laptop,Dell XPS 13,LG,2,727.47,0.1,0.18,1545.15,Net Banking,In-Store,EMP365,0,0,Same Day,1,GBP
ORD123888,14-09-2023,BR46,UAE,Abu Dhabi,CUST2209,PROD272,Accessories,Bluetooth Headphones,Samsung,1,1093.96,0.26,0.18,955.25,Cash,In-Store,EMP822,1,0,Standard,3,USD
ORD123889,19-04-2024,BR66,UAE,Dubai,CUST1110,PROD603,Tablet,Samsung Galaxy Tab,LG,5,882.14,0.04,0.18,4996.44,Credit Card,In-Store,EMP497,0,0,Express,5,INR
ORD123890,07-09-2024,BR100,UK,Manchester,CUST4524,PROD454,TV,Sony Bravia 55,HP,2,1509.31,0.11,0.18,3170.15,UPI,Online,EMP508,0,1,Standard,4,EUR
ORD123891,03-01-2024,BR114,India,Pune,CUST2308,PROD428,Tablet,iPad Air,Lenovo,3,1030.49,0.24,0.18,2772.43,Cash,In-Store,EMP277,2,0,Express,6,EUR
ORD123892,09-02-2023,BR69,USA,New York,CUST9134,PROD857,Mobile,iPhone 14,Lenovo,2,623.53,0.04,0.18,1412.67,Net Banking,Online,EMP346,1,0,Standard,5,EUR
ORD123893,18-01-2024,BR40,India,Mumbai,CUST2138,PROD810,Laptop,MacBook Air M2,Dell,2,882.06,0.29,0.18,1477.98,Cash,In-Store,EMP534,0,0,Standard,5,EUR
ORD123894,22-03-2023,BR81,Germany,Munich,CUST8273,PROD312,Accessories,Wireless Mouse,Sony,3,849.22,0.15,0.18,2555.3,Credit Card,Online,EMP519,3,0,Standard,8,USD
ORD123895,10-01-2024,BR9,UK,London,CUST7507,PROD997,Laptop,HP Spectre x360,Dell,1,259.7,0.04,0.18,294.19,Net Banking,Online,EMP726,2,0,Standard,7,USD
ORD123896,14-09-2024,BR82,UK,Manchester,CUST3776,PROD529,Accessories,Bluetooth Headphones,LG,4,391.66,0.21,0.18,1460.42,Credit Card,In-Store,EMP512,2,1,Standard,5,AED
ORD123897,09-04-2023,BR112,India,Mumbai,CUST4768,PROD289,TV,Samsung QLED 50,HP,1,278.09,0.13,0.18,285.49,Credit Card,Online,EMP631,0,0,Express,5,EUR
ORD123898,25-01-2023,BR88,UAE,Dubai,CUST5384,PROD354,Mobile,Samsung Galaxy S23,Samsung,1,1674.13,0.18,0.18,1619.89,Credit Card,In-Store,EMP799,1,1,Express,10,USD
ORD123899,30-09-2023,BR16,UK,Manchester,CUST5418,PROD998,TV,LG OLED 48,LG,5,1999.54,0.26,0.18,8729.99,Debit Card,Online,EMP981,3,1,Standard,8,GBP
ORD123900,13-04-2023,BR11,UK,London,CUST1506,PROD161,TV,Sony Bravia 55,OnePlus,4,1854.45,0.24,0.18,6652.28,Debit Card,In-Store,EMP367,0,0,Standard,9,EUR
ORD123901,10-03-2024,BR39,Germany,Hamburg,CUST2082,PROD866,Accessories,Bluetooth Headphones,LG,4,1519.1,0.16,0.18,6022.93,UPI,Online,EMP627,0,1,Express,3,USD
ORD123902,14-08-2024,BR12,UK,Birmingham,CUST2486,PROD466,Laptop,Dell XPS 13,Lenovo,3,1088.07,0.11,0.18,3428.07,Cash,In-Store,EMP533,3,1,Same Day,6,AED
ORD123903,30-06-2023,BR3,UAE,Abu Dhabi,CUST5388,PROD540,Mobile,OnePlus 11,Apple,1,298.53,0.1,0.18,317.04,Cash,In-Store,EMP537,0,1,Express,7,INR
ORD123904,28-07-2023,BR62,India,Pune,CUST4495,PROD891,Accessories,Keyboard,HP,4,86.37,0.13,0.18,354.67,Debit Card,In-Store,EMP767,0,0,Same Day,3,GBP
ORD123905,18-07-2023,BR27,UAE,Abu Dhabi,CUST5457,PROD676,Laptop,Dell XPS 13,Samsung,3,1020.29,0.09,0.18,3286.76,Credit Card,In-Store,EMP662,0,1,Same Day,1,USD
ORD123906,15-01-2024,BR57,Germany,Munich,CUST2962,PROD162,Accessories,Keyboard,Samsung,4,1992.97,0.05,0.18,8936.48,Debit Card,Online,EMP272,2,0,Same Day,2,INR
ORD123907,16-05-2024,BR49,Germany,Berlin,CUST5359,PROD884,Laptop,HP Spectre x360,Dell,3,699.74,0.04,0.18,2378,Credit Card,Online,EMP303,0,0,Express,3,USD
ORD123908,02-11-2024,BR11,UAE,Dubai,CUST8342,PROD855,Laptop,MacBook Air M2,LG,3,1440.53,0.05,0.18,4844.5,Credit Card,Online,EMP470,3,1,Standard,7,USD
ORD123909,11-10-2024,BR45,USA,Los Angeles,CUST5499,PROD468,Mobile,Samsung Galaxy S23,Dell,4,126.44,0.16,0.18,501.31,Net Banking,In-Store,EMP505,2,0,Same Day,5,USD
ORD123910,28-03-2024,BR55,UK,Manchester,CUST7983,PROD613,TV,Sony Bravia 55,Sony,3,1763.83,0.19,0.18,5057.61,Net Banking,In-Store,EMP227,1,0,Express,7,AED
ORD123911,13-08-2024,BR43,USA,New York,CUST3713,PROD162,Tablet,Lenovo Tab P11,Dell,3,1024.21,0.04,0.18,3480.68,UPI,Online,EMP471,3,0,Standard,6,GBP
ORD123912,06-07-2023,BR87,USA,Los Angeles,CUST3227,PROD742,Accessories,Wireless Mouse,OnePlus,1,1201.83,0.13,0.18,1233.8,UPI,In-Store,EMP364,1,1,Same Day,5,USD
ORD123913,27-06-2024,BR119,USA,Chicago,CUST1012,PROD553,TV,LG OLED 48,LG,4,1923.18,0.18,0.18,7443.48,Cash,In-Store,EMP355,3,0,Express,1,EUR
ORD123914,20-04-2024,BR118,Germany,Munich,CUST6877,PROD843,Tablet,Samsung Galaxy Tab,Apple,2,1781.54,0.12,0.18,3699.9,Cash,In-Store,EMP427,2,1,Express,4,USD
ORD123915,10-12-2024,BR63,UK,Birmingham,CUST3299,PROD288,Laptop,HP Spectre x360,Sony,1,848.9,0.2,0.18,801.36,Credit Card,Online,EMP909,1,1,Same Day,5,GBP
ORD123916,25-07-2023,BR56,India,Delhi,CUST3539,PROD900,TV,LG OLED 48,Lenovo,2,985.21,0.28,0.18,1674.07,Net Banking,Online,EMP439,2,0,Same Day,4,AED
ORD123917,07-03-2023,BR30,USA,Dallas,CUST4988,PROD680,Accessories,Wireless Mouse,LG,4,908.52,0.29,0.18,3044.63,Net Banking,In-Store,EMP891,1,1,Standard,3,USD
ORD123918,30-06-2024,BR102,USA,Chicago,CUST7966,PROD433,Tablet,iPad Air,Samsung,4,1749.03,0.14,0.18,7099.66,Cash,Online,EMP340,1,1,Same Day,1,EUR
ORD123919,06-11-2024,BR9,Germany,Hamburg,CUST8526,PROD666,Tablet,iPad Air,Sony,1,1151.18,0.27,0.18,991.63,Cash,In-Store,EMP530,3,0,Express,4,GBP
ORD123920,14-05-2024,BR11,UAE,Dubai,CUST1231,PROD918,Accessories,Keyboard,Lenovo,5,1763.83,0.26,0.18,7700.88,Debit Card,Online,EMP365,2,1,Standard,7,GBP
ORD123921,03-06-2023,BR63,India,Mumbai,CUST5876,PROD317,Laptop,HP Spectre x360,Samsung,5,1921.19,0.08,0.18,10428.22,Credit Card,Online,EMP352,0,0,Express,4,GBP
ORD123922,18-12-2023,BR74,Germany,Berlin,CUST1573,PROD638,Laptop,MacBook Air M2,OnePlus,2,1206.07,0.07,0.18,2647.08,Debit Card,Online,EMP412,3,0,Standard,3,INR
ORD123923,08-02-2024,BR78,UK,Manchester,CUST8335,PROD331,Accessories,Bluetooth Headphones,Lenovo,2,546,0.03,0.18,1249.9,UPI,In-Store,EMP624,0,1,Same Day,9,EUR
ORD123924,18-11-2023,BR32,India,Mumbai,CUST5235,PROD173,Tablet,Lenovo Tab P11,Sony,2,1501.28,0.11,0.18,3153.29,Debit Card,In-Store,EMP252,2,0,Same Day,2,INR
ORD123925,07-04-2024,BR29,Germany,Berlin,CUST2198,PROD751,TV,Samsung QLED 50,HP,2,1056.35,0.2,0.18,1994.39,Net Banking,Online,EMP531,1,1,Same Day,10,AED
ORD123926,13-02-2024,BR47,UK,London,CUST8852,PROD873,TV,LG OLED 48,LG,2,368.26,0.04,0.18,834.33,Credit Card,In-Store,EMP915,2,1,Standard,2,EUR
ORD123927,08-12-2023,BR90,India,Mumbai,CUST2271,PROD198,Mobile,OnePlus 11,Samsung,3,1868.84,0.29,0.18,4697.14,Credit Card,Online,EMP529,1,1,Standard,6,EUR
ORD123928,17-12-2023,BR87,UK,Birmingham,CUST4236,PROD503,Accessories,Wireless Mouse,Dell,4,472.44,0.16,0.18,1873.13,Net Banking,In-Store,EMP716,0,1,Standard,8,EUR
ORD123929,19-12-2024,BR25,UAE,Abu Dhabi,CUST9198,PROD115,TV,Samsung QLED 50,Lenovo,2,1492.57,0.3,0.18,2465.73,Debit Card,In-Store,EMP813,3,0,Same Day,4,INR
ORD123930,27-04-2024,BR48,USA,Dallas,CUST4355,PROD691,Laptop,Dell XPS 13,Samsung,2,1399.05,0.1,0.18,2971.58,Debit Card,In-Store,EMP506,3,0,Same Day,8,GBP
ORD123931,15-06-2024,BR99,USA,New York,CUST6723,PROD974,Laptop,HP Spectre x360,Lenovo,3,1778.42,0.22,0.18,4910.57,Credit Card,In-Store,EMP386,1,1,Same Day,7,INR
ORD123932,01-01-2024,BR120,India,Bangalore,CUST9721,PROD659,Laptop,MacBook Air M2,Dell,3,1206.57,0.2,0.18,3417.01,Credit Card,Online,EMP485,3,1,Standard,10,AED
ORD123933,11-12-2023,BR39,India,Delhi,CUST6748,PROD736,Laptop,HP Spectre x360,Dell,3,1148.8,0.19,0.18,3294.07,UPI,Online,EMP243,1,1,Express,6,EUR
ORD123934,31-03-2024,BR100,UK,London,CUST2263,PROD597,Accessories,Bluetooth Headphones,Samsung,3,1969.61,0.06,0.18,6554.07,Debit Card,In-Store,EMP907,0,1,Express,8,INR
ORD123935,03-03-2024,BR58,UAE,Dubai,CUST9597,PROD193,Mobile,Samsung Galaxy S23,Samsung,4,1636.03,0.17,0.18,6409.31,Cash,In-Store,EMP613,1,1,Same Day,9,GBP
ORD123936,04-03-2024,BR15,UAE,Dubai,CUST2377,PROD163,Mobile,OnePlus 11,LG,3,1721.73,0.1,0.18,5485.43,UPI,Online,EMP508,0,0,Standard,1,USD
ORD123937,17-04-2024,BR27,UAE,Abu Dhabi,CUST4433,PROD361,Laptop,Dell XPS 13,HP,2,1851.86,0.06,0.18,4108.17,Cash,In-Store,EMP315,1,1,Standard,2,EUR
ORD123938,15-06-2023,BR17,Germany,Munich,CUST2523,PROD814,Mobile,iPhone 14,Dell,2,573.5,0.21,0.18,1069.23,UPI,In-Store,EMP254,2,0,Standard,7,INR
ORD123939,28-03-2024,BR45,India,Bangalore,CUST8904,PROD934,Accessories,Keyboard,Sony,3,1538.07,0.27,0.18,3974.68,Debit Card,In-Store,EMP781,3,0,Standard,1,EUR
ORD123940,25-03-2023,BR51,UAE,Abu Dhabi,CUST2554,PROD551,Mobile,iPhone 14,HP,3,1217.37,0.11,0.18,3835.45,Cash,In-Store,EMP612,0,0,Standard,3,USD
ORD123941,06-03-2024,BR40,UAE,Abu Dhabi,CUST2076,PROD516,TV,LG OLED 48,Sony,2,1264.38,0.17,0.18,2476.67,Debit Card,In-Store,EMP312,0,1,Express,4,AED
ORD123942,09-05-2024,BR22,UAE,Abu Dhabi,CUST6813,PROD291,Mobile,OnePlus 11,Dell,3,1080.4,0.26,0.18,2830.22,Cash,Online,EMP429,3,1,Standard,7,EUR
ORD123943,11-09-2024,BR22,UK,Manchester,CUST8027,PROD656,Tablet,iPad Air,Lenovo,2,855.37,0.06,0.18,1897.55,Net Banking,Online,EMP774,3,1,Standard,2,AED
ORD123944,14-03-2023,BR30,India,Mumbai,CUST3777,PROD312,Mobile,OnePlus 11,Samsung,2,675.8,0.26,0.18,1180.22,Debit Card,In-Store,EMP498,3,1,Express,5,USD
ORD123945,14-08-2023,BR52,Germany,Berlin,CUST9245,PROD412,Mobile,OnePlus 11,LG,5,1707.59,0.22,0.18,7858.33,Credit Card,Online,EMP274,2,1,Standard,5,INR
ORD123946,23-02-2024,BR75,Germany,Hamburg,CUST6807,PROD206,Laptop,Dell XPS 13,Apple,1,613.59,0.03,0.18,702.32,Credit Card,Online,EMP524,0,1,Standard,5,AED
ORD123947,08-09-2024,BR4,UAE,Dubai,CUST7557,PROD670,Mobile,OnePlus 11,Dell,2,189.48,0.18,0.18,366.68,Net Banking,In-Store,EMP871,3,0,Same Day,7,GBP
ORD123948,07-01-2024,BR62,USA,Chicago,CUST5015,PROD320,Accessories,Bluetooth Headphones,HP,1,1096.92,0.08,0.18,1190.82,UPI,Online,EMP214,3,1,Same Day,2,INR
ORD123949,07-12-2024,BR20,Germany,Munich,CUST5882,PROD238,TV,Sony Bravia 55,Sony,2,892.05,0.22,0.18,1642.09,Credit Card,Online,EMP950,1,0,Express,6,AED
ORD123950,24-07-2024,BR88,Germany,Munich,CUST8288,PROD668,Laptop,MacBook Air M2,Samsung,1,162.83,0.25,0.18,144.1,Debit Card,In-Store,EMP562,0,0,Same Day,4,EUR
ORD123951,11-09-2023,BR83,USA,New York,CUST4701,PROD478,Accessories,Wireless Mouse,Dell,2,355.75,0.21,0.18,663.26,Cash,Online,EMP385,3,0,Standard,9,AED
ORD123952,27-03-2024,BR97,UAE,Abu Dhabi,CUST2335,PROD393,Laptop,HP Spectre x360,OnePlus,5,167.14,0.24,0.18,749.46,UPI,Online,EMP526,2,1,Standard,1,AED
ORD123953,18-04-2023,BR75,UK,Manchester,CUST8693,PROD421,Accessories,Bluetooth Headphones,Apple,3,1899.08,0.08,0.18,6184.92,UPI,Online,EMP910,1,0,Same Day,3,EUR
ORD123954,23-03-2024,BR110,UAE,Dubai,CUST6147,PROD809,Laptop,HP Spectre x360,LG,2,1428.32,0.1,0.18,3033.75,Net Banking,Online,EMP721,3,0,Express,4,GBP
ORD123955,28-10-2023,BR33,UAE,Abu Dhabi,CUST1145,PROD503,Tablet,Lenovo Tab P11,Lenovo,2,1989.48,0.19,0.18,3803.09,Cash,Online,EMP703,1,1,Express,6,AED
ORD123956,22-07-2024,BR94,India,Pune,CUST7276,PROD251,Accessories,Bluetooth Headphones,Dell,5,1396.98,0.12,0.18,7253.12,Credit Card,In-Store,EMP251,1,1,Express,2,GBP
ORD123957,03-10-2023,BR109,India,Bangalore,CUST3230,PROD457,Laptop,MacBook Air M2,Lenovo,2,1086.77,0.1,0.18,2308.3,Credit Card,In-Store,EMP444,0,1,Express,3,INR
ORD123958,02-06-2024,BR112,UK,London,CUST9492,PROD108,Mobile,iPhone 14,Apple,2,225.58,0.14,0.18,457.84,Cash,Online,EMP547,0,1,Same Day,5,USD
ORD123959,16-01-2023,BR89,USA,Dallas,CUST8257,PROD659,Laptop,MacBook Air M2,Lenovo,3,182.59,0.16,0.18,542.95,Net Banking,Online,EMP936,1,0,Same Day,9,USD
ORD123960,03-06-2024,BR66,Germany,Hamburg,CUST4835,PROD502,Tablet,iPad Air,OnePlus,2,56.67,0.17,0.18,111.01,Debit Card,Online,EMP432,2,0,Same Day,8,EUR
ORD123961,11-01-2024,BR24,USA,Chicago,CUST1495,PROD940,Mobile,Samsung Galaxy S23,Dell,5,1460.69,0.21,0.18,6808.28,Credit Card,Online,EMP844,0,0,Same Day,8,INR
ORD123962,08-08-2023,BR59,UK,Birmingham,CUST1222,PROD821,Mobile,OnePlus 11,Samsung,5,1509.49,0.09,0.18,8104.45,Credit Card,In-Store,EMP792,2,1,Same Day,2,USD
ORD123963,12-08-2023,BR31,Germany,Munich,CUST7344,PROD375,Laptop,Dell XPS 13,Sony,3,1959.35,0.15,0.18,5895.68,Credit Card,In-Store,EMP717,3,0,Standard,9,AED
ORD123964,30-11-2024,BR3,UAE,Dubai,CUST8410,PROD997,Laptop,HP Spectre x360,Apple,1,1735.4,0.01,0.18,2027.29,Net Banking,Online,EMP691,2,0,Standard,8,GBP
ORD123965,16-07-2024,BR39,Germany,Hamburg,CUST8549,PROD775,Accessories,Wireless Mouse,LG,5,1783.15,0.21,0.18,8311.26,Net Banking,In-Store,EMP455,0,0,Standard,8,INR
ORD123966,09-09-2024,BR87,UAE,Abu Dhabi,CUST5230,PROD800,TV,Samsung QLED 50,Apple,1,1813.81,0.17,0.18,1776.45,Cash,In-Store,EMP823,0,1,Same Day,6,USD
ORD123967,14-02-2023,BR106,UAE,Abu Dhabi,CUST6275,PROD629,Laptop,HP Spectre x360,Samsung,3,1836.08,0.14,0.18,5589.76,Credit Card,Online,EMP807,1,1,Express,10,USD
ORD123968,13-09-2024,BR12,Germany,Hamburg,CUST5204,PROD816,Tablet,Lenovo Tab P11,Sony,2,1851.04,0.03,0.18,4237.4,Cash,Online,EMP633,0,0,Standard,4,AED
ORD123969,04-03-2023,BR41,USA,Los Angeles,CUST9924,PROD542,Accessories,Bluetooth Headphones,Lenovo,4,1600.96,0.03,0.18,7329.84,Net Banking,Online,EMP791,3,1,Same Day,2,AED
ORD123970,04-01-2024,BR65,UAE,Dubai,CUST4489,PROD344,Tablet,Lenovo Tab P11,LG,2,1154.54,0.01,0.18,2697.47,Net Banking,Online,EMP757,1,0,Express,7,USD
ORD123971,04-10-2024,BR45,UK,Manchester,CUST4990,PROD961,Laptop,MacBook Air M2,Dell,3,215.42,0.22,0.18,594.82,Cash,In-Store,EMP545,3,0,Same Day,7,AED
ORD123972,02-08-2023,BR14,India,Bangalore,CUST1814,PROD393,Tablet,iPad Air,Apple,3,1063.32,0.08,0.18,3463.02,UPI,In-Store,EMP862,3,0,Same Day,10,INR
ORD123973,23-04-2024,BR86,UK,London,CUST8074,PROD664,Tablet,Samsung Galaxy Tab,Samsung,5,670.44,0.11,0.18,3520.48,Debit Card,Online,EMP682,1,0,Standard,7,EUR
ORD123974,06-05-2024,BR3,Germany,Berlin,CUST1652,PROD126,TV,LG OLED 48,LG,3,786.47,0.17,0.18,2310.81,UPI,Online,EMP287,1,1,Same Day,5,GBP
ORD123975,25-01-2024,BR85,USA,New York,CUST8756,PROD123,TV,Sony Bravia 55,Samsung,4,802.59,0.04,0.18,3636.7,Credit Card,Online,EMP411,1,1,Express,1,USD
ORD123976,04-04-2024,BR63,India,Bangalore,CUST2208,PROD460,Laptop,MacBook Air M2,OnePlus,4,1786.03,0.13,0.18,7334.15,Net Banking,Online,EMP290,3,0,Express,1,INR
ORD123977,27-07-2023,BR81,India,Delhi,CUST5822,PROD325,Mobile,OnePlus 11,Samsung,5,953.59,0.29,0.18,3994.59,Credit Card,In-Store,EMP657,2,1,Standard,1,AED
ORD123978,26-01-2023,BR95,UAE,Abu Dhabi,CUST9650,PROD360,Tablet,iPad Air,LG,3,237.72,0.22,0.18,656.39,Cash,In-Store,EMP289,2,1,Same Day,8,USD
ORD123979,23-04-2023,BR87,UK,Manchester,CUST4213,PROD444,Tablet,Samsung Galaxy Tab,Samsung,3,1827.76,0.19,0.18,5240.92,Cash,In-Store,EMP452,2,0,Standard,8,EUR
ORD123980,24-06-2023,BR106,Germany,Berlin,CUST9308,PROD680,Laptop,MacBook Air M2,OnePlus,5,430.68,0.29,0.18,1804.12,Net Banking,In-Store,EMP871,3,0,Express,9,AED
ORD123981,28-09-2024,BR106,India,Mumbai,CUST8611,PROD381,Accessories,Wireless Mouse,OnePlus,3,1866.13,0.15,0.18,5615.19,Credit Card,In-Store,EMP720,3,1,Same Day,8,EUR
ORD123982,09-05-2023,BR35,India,Bangalore,CUST7148,PROD378,Tablet,Lenovo Tab P11,Dell,3,69.64,0.11,0.18,219.41,Debit Card,Online,EMP628,3,0,Express,5,GBP
ORD123983,17-12-2023,BR39,UK,London,CUST3034,PROD974,Mobile,OnePlus 11,Apple,5,540.29,0.14,0.18,2741.43,UPI,Online,EMP233,3,0,Standard,2,GBP
ORD123984,23-09-2023,BR5,Germany,Hamburg,CUST7765,PROD255,Tablet,iPad Air,Lenovo,1,1356.25,0.19,0.18,1296.3,Credit Card,In-Store,EMP767,0,1,Standard,9,INR
ORD123985,17-11-2024,BR75,Germany,Hamburg,CUST1166,PROD252,Accessories,Keyboard,Samsung,2,202.51,0.14,0.18,411.01,Debit Card,Online,EMP872,0,1,Same Day,3,INR
ORD123986,14-05-2023,BR12,USA,Los Angeles,CUST7730,PROD445,Tablet,Samsung Galaxy Tab,Samsung,3,348.04,0.24,0.18,936.37,Cash,In-Store,EMP691,1,1,Same Day,3,GBP
ORD123987,09-05-2023,BR2,Germany,Berlin,CUST6138,PROD594,Laptop,Dell XPS 13,OnePlus,1,914.55,0.03,0.18,1046.79,Cash,In-Store,EMP264,0,1,Express,7,GBP
ORD123988,20-09-2023,BR63,UK,London,CUST9225,PROD229,Accessories,Bluetooth Headphones,Samsung,5,1610.02,0.25,0.18,7124.34,Debit Card,Online,EMP782,0,1,Same Day,10,GBP
ORD123989,14-01-2023,BR37,UAE,Dubai,CUST7120,PROD527,Mobile,Samsung Galaxy S23,HP,3,351.84,0.14,0.18,1071.14,Credit Card,Online,EMP531,2,1,Express,6,GBP
ORD123990,09-02-2023,BR33,Germany,Hamburg,CUST2830,PROD936,Laptop,HP Spectre x360,Sony,3,1101.77,0.08,0.18,3588.24,Cash,In-Store,EMP243,2,0,Standard,6,EUR
ORD123991,16-09-2024,BR98,UK,London,CUST5572,PROD247,Tablet,Lenovo Tab P11,Sony,3,1262.05,0.27,0.18,3261.39,Debit Card,Online,EMP290,0,0,Standard,6,AED
ORD123992,27-12-2024,BR84,Germany,Berlin,CUST6951,PROD790,Mobile,OnePlus 11,LG,5,117.81,0.2,0.18,556.06,Credit Card,Online,EMP999,0,0,Express,3,INR
ORD123993,10-02-2023,BR3,India,Bangalore,CUST8984,PROD387,Tablet,iPad Air,HP,4,1542.24,0.1,0.18,6551.44,Net Banking,In-Store,EMP827,0,1,Express,2,USD
ORD123994,09-04-2023,BR101,Germany,Hamburg,CUST1369,PROD269,Laptop,HP Spectre x360,HP,5,1305.59,0.19,0.18,6239.41,Debit Card,In-Store,EMP615,3,0,Standard,6,EUR
ORD123995,11-10-2023,BR62,UAE,Dubai,CUST4583,PROD961,Accessories,Bluetooth Headphones,Apple,2,1177.99,0.28,0.18,2001.64,Debit Card,Online,EMP263,0,1,Same Day,3,EUR
ORD123996,28-10-2024,BR68,UAE,Dubai,CUST3663,PROD278,Accessories,Bluetooth Headphones,OnePlus,2,1939.17,0.18,0.18,3752.68,Net Banking,In-Store,EMP474,2,0,Same Day,10,AED
ORD123997,31-07-2024,BR9,India,Bangalore,CUST5027,PROD744,Tablet,Samsung Galaxy Tab,Samsung,1,972.82,0.03,0.18,1113.49,Net Banking,Online,EMP644,0,0,Standard,3,AED
ORD123998,26-07-2023,BR77,UK,Manchester,CUST3419,PROD265,Tablet,Lenovo Tab P11,Dell,1,92.79,0.15,0.18,93.07,Cash,Online,EMP621,0,1,Same Day,4,AED
ORD123999,14-11-2023,BR104,UAE,Dubai,CUST8237,PROD603,Accessories,Wireless Mouse,Dell,5,1422.95,0.24,0.18,6380.51,Debit Card,Online,EMP546,0,1,Same Day,6,EUR
ORD124000,14-04-2024,BR65,India,Mumbai,CUST3058,PROD784,TV,Samsung QLED 50,LG,2,142.75,0.04,0.18,323.41,UPI,In-Store,EMP901,1,1,Standard,8,EUR
ORD124001,27-04-2023,BR64,Germany,Hamburg,CUST7875,PROD967,TV,Sony Bravia 55,Apple,5,1599.3,0.05,0.18,8964.08,UPI,Online,EMP935,2,0,Same Day,6,AED
ORD124002,07-10-2023,BR92,UAE,Dubai,CUST3516,PROD361,Mobile,iPhone 14,Sony,3,647.84,0.23,0.18,1765.88,UPI,In-Store,EMP569,0,1,Standard,9,GBP
ORD124003,11-01-2023,BR33,India,Delhi,CUST7245,PROD814,Accessories,Keyboard,Samsung,5,580.94,0.13,0.18,2981.97,Net Banking,In-Store,EMP457,3,1,Standard,3,USD
ORD124004,31-12-2023,BR88,UK,London,CUST2992,PROD308,TV,LG OLED 48,Sony,2,1132.54,0.26,0.18,1977.87,Debit Card,In-Store,EMP463,0,1,Same Day,1,EUR
ORD124005,05-06-2024,BR76,UAE,Abu Dhabi,CUST4854,PROD172,Tablet,iPad Air,Dell,1,962.47,0.17,0.18,942.64,Net Banking,Online,EMP469,1,0,Express,7,AED
ORD124006,27-09-2024,BR36,Germany,Munich,CUST4429,PROD248,Laptop,MacBook Air M2,Sony,5,1861.21,0.23,0.18,8455.48,Cash,In-Store,EMP226,3,0,Same Day,4,INR
ORD124007,22-02-2023,BR4,UK,Birmingham,CUST2896,PROD185,Laptop,HP Spectre x360,Lenovo,3,581.03,0,0.18,2056.85,Debit Card,Online,EMP970,2,0,Same Day,2,USD
ORD124008,07-01-2023,BR80,UK,Manchester,CUST9982,PROD839,Accessories,Keyboard,Sony,5,596.56,0.06,0.18,3308.52,UPI,In-Store,EMP420,2,0,Standard,1,EUR
ORD124009,01-04-2024,BR97,UK,London,CUST5974,PROD592,Accessories,Keyboard,HP,2,467.06,0.26,0.18,815.67,Net Banking,Online,EMP560,2,0,Same Day,1,EUR
ORD124010,28-08-2023,BR39,UK,Birmingham,CUST8163,PROD672,TV,Sony Bravia 55,Sony,3,1806.45,0.12,0.18,5627.45,UPI,Online,EMP433,3,0,Express,5,AED
ORD124011,11-01-2024,BR61,UAE,Dubai,CUST5461,PROD289,TV,LG OLED 48,OnePlus,5,901.43,0.13,0.18,4627.04,UPI,Online,EMP684,2,1,Same Day,2,EUR
ORD124012,12-08-2023,BR21,USA,Los Angeles,CUST6900,PROD224,Tablet,Lenovo Tab P11,Sony,2,909.49,0.15,0.18,1824.44,Cash,In-Store,EMP383,3,1,Same Day,8,USD
ORD124013,29-05-2023,BR22,Germany,Hamburg,CUST9400,PROD187,Accessories,Bluetooth Headphones,OnePlus,3,794.6,0.29,0.18,1997.15,Debit Card,In-Store,EMP915,0,1,Same Day,8,GBP
ORD124014,01-11-2024,BR91,UK,Manchester,CUST8825,PROD612,Laptop,HP Spectre x360,LG,4,568.37,0.13,0.18,2333.95,Cash,Online,EMP474,0,1,Express,8,USD
ORD124015,09-08-2023,BR54,USA,Chicago,CUST9713,PROD404,Mobile,iPhone 14,Sony,1,734.25,0.05,0.18,823.09,Cash,In-Store,EMP837,0,1,Standard,1,INR
ORD124016,11-06-2023,BR74,Germany,Hamburg,CUST2247,PROD816,Accessories,Wireless Mouse,Sony,5,1115.19,0.28,0.18,4737.33,Net Banking,In-Store,EMP763,0,1,Standard,4,EUR
ORD124017,25-07-2024,BR47,USA,New York,CUST2931,PROD874,TV,LG OLED 48,Lenovo,3,1651.45,0.24,0.18,4443.06,UPI,In-Store,EMP921,1,0,Express,6,INR
ORD124018,15-02-2024,BR92,Germany,Berlin,CUST8273,PROD936,Mobile,Samsung Galaxy S23,Apple,2,753.88,0.02,0.18,1743.57,Credit Card,In-Store,EMP251,1,0,Same Day,6,USD
ORD124019,16-10-2024,BR98,India,Pune,CUST1881,PROD351,Laptop,HP Spectre x360,Lenovo,5,528.13,0.26,0.18,2305.82,Credit Card,In-Store,EMP840,2,1,Standard,8,GBP
ORD124020,27-07-2024,BR15,UK,Birmingham,CUST3085,PROD248,Laptop,Dell XPS 13,Sony,5,564.04,0.28,0.18,2396.04,Debit Card,In-Store,EMP859,0,0,Same Day,9,USD
ORD124021,22-05-2023,BR12,Germany,Munich,CUST4528,PROD103,TV,LG OLED 48,Sony,4,498.18,0.06,0.18,2210.33,Net Banking,In-Store,EMP674,2,0,Standard,10,EUR
ORD124022,29-09-2024,BR79,Germany,Munich,CUST1627,PROD180,Accessories,Bluetooth Headphones,LG,5,621.72,0.06,0.18,3448.06,Net Banking,In-Store,EMP202,1,0,Same Day,6,INR
ORD124023,01-01-2024,BR25,UAE,Abu Dhabi,CUST2732,PROD234,TV,Sony Bravia 55,Samsung,1,1478.13,0,0.18,1744.19,Cash,Online,EMP966,2,1,Same Day,8,INR
ORD124024,12-12-2023,BR78,UK,London,CUST5365,PROD909,Mobile,OnePlus 11,LG,3,664.86,0.11,0.18,2094.71,Cash,Online,EMP676,3,0,Standard,3,EUR
ORD124025,16-05-2024,BR78,USA,Chicago,CUST2577,PROD713,Laptop,MacBook Air M2,LG,4,480.62,0.28,0.18,1633.34,UPI,In-Store,EMP578,1,1,Same Day,3,INR
ORD124026,13-05-2023,BR53,India,Pune,CUST1756,PROD639,Mobile,Samsung Galaxy S23,LG,3,1247.89,0.16,0.18,3710.73,UPI,Online,EMP421,0,1,Express,10,USD
ORD124027,30-07-2023,BR49,India,Pune,CUST3252,PROD289,TV,Sony Bravia 55,LG,2,87.99,0.16,0.18,174.43,Net Banking,Online,EMP565,2,0,Express,8,EUR
ORD124028,10-11-2023,BR92,UK,London,CUST1625,PROD758,TV,Samsung QLED 50,Sony,1,1878.16,0.26,0.18,1640.01,Cash,In-Store,EMP951,0,0,Standard,7,INR
ORD124029,24-12-2023,BR31,UAE,Abu Dhabi,CUST1443,PROD729,Tablet,iPad Air,Dell,4,1343.99,0.03,0.18,6153.32,Cash,In-Store,EMP578,0,1,Express,8,AED
ORD124030,16-02-2023,BR120,India,Mumbai,CUST5181,PROD984,TV,LG OLED 48,HP,5,1365.26,0.24,0.18,6121.83,Net Banking,Online,EMP453,0,1,Same Day,10,USD
ORD124031,20-03-2023,BR101,UAE,Abu Dhabi,CUST8233,PROD637,Accessories,Keyboard,Lenovo,4,1903.09,0.01,0.18,8892.76,UPI,In-Store,EMP567,0,1,Express,6,INR
ORD124032,05-12-2024,BR104,UAE,Abu Dhabi,CUST9240,PROD777,Tablet,Samsung Galaxy Tab,Sony,5,237.34,0.16,0.18,1176.26,Debit Card,In-Store,EMP824,1,1,Same Day,7,INR
ORD124033,04-12-2024,BR6,India,Pune,CUST4470,PROD334,TV,LG OLED 48,Apple,2,189.04,0.01,0.18,441.67,Cash,Online,EMP356,0,1,Standard,3,GBP
ORD124034,10-03-2023,BR97,USA,Chicago,CUST1605,PROD306,Tablet,iPad Air,Samsung,1,1879.03,0.06,0.18,2084.22,UPI,In-Store,EMP539,0,0,Standard,10,INR
ORD124035,26-04-2023,BR107,UAE,Dubai,CUST4593,PROD901,Mobile,Samsung Galaxy S23,Dell,2,582.92,0.22,0.18,1073.04,Debit Card,In-Store,EMP656,3,1,Same Day,9,USD
ORD124036,12-09-2024,BR77,USA,Dallas,CUST6414,PROD431,Laptop,HP Spectre x360,HP,2,1570.52,0.1,0.18,3335.78,Cash,Online,EMP688,1,1,Express,6,USD
ORD124037,19-10-2024,BR80,Germany,Berlin,CUST4683,PROD594,Tablet,Lenovo Tab P11,Samsung,3,1205.7,0.27,0.18,3115.77,Cash,In-Store,EMP898,0,1,Standard,10,INR
ORD124038,01-06-2023,BR60,Germany,Munich,CUST7627,PROD363,Accessories,Wireless Mouse,Sony,1,1846.35,0.07,0.18,2026.18,Debit Card,Online,EMP411,2,0,Standard,7,EUR
ORD124039,15-06-2024,BR67,UAE,Abu Dhabi,CUST1117,PROD583,Mobile,OnePlus 11,Samsung,5,1247.26,0.28,0.18,5298.36,Cash,In-Store,EMP767,0,1,Standard,1,USD
ORD124040,14-02-2024,BR93,Germany,Hamburg,CUST7814,PROD174,Accessories,Keyboard,LG,4,1436.31,0.13,0.18,5898.06,Net Banking,In-Store,EMP924,0,0,Same Day,10,AED
ORD124041,22-07-2024,BR56,India,Mumbai,CUST9939,PROD488,Mobile,Samsung Galaxy S23,Sony,4,635.38,0.2,0.18,2399.19,Debit Card,In-Store,EMP368,2,1,Standard,9,GBP
ORD124042,26-07-2024,BR57,India,Mumbai,CUST2635,PROD875,TV,Samsung QLED 50,LG,5,1903.99,0.22,0.18,8762.16,UPI,In-Store,EMP655,2,1,Same Day,1,GBP
ORD124043,16-02-2023,BR50,UK,Manchester,CUST7644,PROD740,Tablet,iPad Air,Sony,2,1112.8,0.16,0.18,2206.01,UPI,Online,EMP661,3,1,Same Day,5,INR
ORD124044,30-10-2023,BR44,India,Pune,CUST6049,PROD277,Mobile,iPhone 14,Samsung,2,1434.77,0.05,0.18,3216.75,Cash,Online,EMP771,2,0,Same Day,7,GBP
ORD124045,28-11-2024,BR45,India,Bangalore,CUST8978,PROD424,TV,Samsung QLED 50,LG,2,256.53,0.02,0.18,593.3,UPI,In-Store,EMP658,1,0,Same Day,1,USD
ORD124046,28-10-2023,BR2,Germany,Berlin,CUST2773,PROD470,Tablet,Lenovo Tab P11,Lenovo,1,93.52,0.21,0.18,87.18,Net Banking,Online,EMP384,0,1,Express,7,INR
ORD124047,08-12-2024,BR72,UK,London,CUST8438,PROD558,Mobile,Samsung Galaxy S23,Samsung,5,1362.58,0.18,0.18,6592.16,Credit Card,Online,EMP780,1,0,Same Day,7,USD
ORD124048,11-08-2024,BR90,Germany,Hamburg,CUST9429,PROD884,Mobile,OnePlus 11,OnePlus,4,1771.14,0.16,0.18,7022.22,Debit Card,Online,EMP989,1,1,Standard,2,GBP
ORD124049,14-12-2024,BR113,UAE,Dubai,CUST7522,PROD734,Accessories,Wireless Mouse,Lenovo,4,989.34,0.04,0.18,4482.9,Cash,In-Store,EMP601,2,1,Express,3,EUR
ORD124050,20-10-2023,BR116,Germany,Berlin,CUST2378,PROD106,TV,Samsung QLED 50,Samsung,5,1582.5,0.09,0.18,8496.44,UPI,Online,EMP753,2,1,Standard,1,EUR
ORD124051,25-05-2024,BR9,UK,Birmingham,CUST1214,PROD815,Laptop,Dell XPS 13,Sony,1,1459.62,0.02,0.18,1687.9,Credit Card,Online,EMP842,0,1,Same Day,4,AED
ORD124052,17-07-2023,BR69,USA,Los Angeles,CUST5691,PROD176,Laptop,MacBook Air M2,Samsung,4,1225.82,0.14,0.18,4975.85,Net Banking,Online,EMP479,0,0,Standard,3,EUR
ORD124053,19-07-2024,BR16,Germany,Hamburg,CUST8616,PROD116,TV,Sony Bravia 55,Dell,1,625.82,0.09,0.18,672.01,Net Banking,In-Store,EMP926,0,0,Same Day,4,USD
ORD124054,09-06-2024,BR64,USA,New York,CUST1845,PROD898,Mobile,OnePlus 11,Apple,2,687.57,0.2,0.18,1298.13,Cash,Online,EMP908,1,1,Same Day,5,USD
ORD124055,12-01-2023,BR90,UAE,Dubai,CUST4276,PROD851,Tablet,iPad Air,Dell,3,821.57,0.12,0.18,2559.35,Net Banking,Online,EMP211,1,1,Express,3,EUR
ORD124056,20-05-2023,BR8,Germany,Hamburg,CUST6363,PROD449,Accessories,Wireless Mouse,Lenovo,3,1603.66,0.19,0.18,4598.33,Net Banking,In-Store,EMP914,3,1,Same Day,5,USD
ORD124057,04-11-2023,BR19,India,Delhi,CUST4880,PROD703,Tablet,Samsung Galaxy Tab,Samsung,3,544.91,0.02,0.18,1890.4,Credit Card,In-Store,EMP367,0,1,Same Day,10,INR
ORD124058,26-04-2023,BR93,UK,Manchester,CUST6639,PROD600,TV,LG OLED 48,OnePlus,4,250.32,0.1,0.18,1063.36,UPI,In-Store,EMP481,1,1,Same Day,2,EUR
ORD124059,07-09-2024,BR80,UK,London,CUST4531,PROD973,Accessories,Keyboard,HP,5,379.61,0.29,0.18,1590.19,UPI,Online,EMP414,3,0,Express,10,AED
ORD124060,26-06-2024,BR57,USA,Dallas,CUST7017,PROD159,Mobile,OnePlus 11,Samsung,3,564.57,0.29,0.18,1418.99,Net Banking,In-Store,EMP227,2,1,Standard,10,INR
ORD124061,09-03-2024,BR60,UAE,Abu Dhabi,CUST5865,PROD537,Accessories,Wireless Mouse,Samsung,4,374.52,0.23,0.18,1361.16,Credit Card,In-Store,EMP284,2,0,Same Day,3,GBP
ORD124062,21-06-2023,BR104,UK,Birmingham,CUST8281,PROD406,Accessories,Bluetooth Headphones,Lenovo,2,1941.42,0.11,0.18,4077.76,Cash,In-Store,EMP700,3,1,Express,10,GBP
ORD124063,06-06-2024,BR44,USA,New York,CUST8673,PROD626,Laptop,HP Spectre x360,OnePlus,5,1588.36,0.12,0.18,8246.77,Net Banking,In-Store,EMP691,1,1,Standard,3,AED
ORD124064,22-05-2024,BR99,UK,London,CUST3399,PROD386,Accessories,Keyboard,OnePlus,4,916.16,0.04,0.18,4151.3,Cash,In-Store,EMP520,2,1,Standard,3,USD
ORD124065,22-08-2023,BR71,India,Mumbai,CUST2290,PROD858,TV,LG OLED 48,Lenovo,3,1047.26,0.08,0.18,3410.72,Cash,In-Store,EMP427,2,0,Same Day,10,AED
ORD124066,19-03-2024,BR119,India,Bangalore,CUST3640,PROD937,Tablet,Lenovo Tab P11,Samsung,3,126.28,0.21,0.18,353.15,Cash,In-Store,EMP275,0,0,Same Day,3,AED
ORD124067,06-09-2024,BR11,India,Mumbai,CUST7033,PROD219,Laptop,Dell XPS 13,Samsung,3,1342.44,0.25,0.18,3564.18,Debit Card,Online,EMP525,2,0,Standard,7,USD
ORD124068,14-03-2024,BR19,USA,Los Angeles,CUST6329,PROD821,Tablet,Lenovo Tab P11,HP,5,260.63,0.2,0.18,1230.17,Cash,In-Store,EMP502,3,1,Standard,2,USD
ORD124069,04-11-2024,BR7,USA,Dallas,CUST5122,PROD975,TV,Samsung QLED 50,Apple,4,95.6,0.24,0.18,342.94,Cash,Online,EMP311,3,0,Same Day,2,AED
ORD124070,11-12-2023,BR95,USA,Chicago,CUST4379,PROD197,TV,Samsung QLED 50,Sony,1,1039.91,0.25,0.18,920.32,Debit Card,Online,EMP271,0,0,Same Day,9,INR
ORD124071,06-04-2023,BR14,India,Delhi,CUST3192,PROD365,TV,Samsung QLED 50,Lenovo,1,491.04,0.11,0.18,515.69,UPI,Online,EMP804,1,1,Standard,8,USD
ORD124072,04-11-2024,BR46,USA,Dallas,CUST5032,PROD744,Tablet,iPad Air,Apple,2,1024.55,0.17,0.18,2006.89,Debit Card,In-Store,EMP944,1,0,Same Day,2,AED
ORD124073,12-02-2024,BR69,UK,Birmingham,CUST6014,PROD523,TV,Sony Bravia 55,Dell,4,1676.38,0.25,0.18,5934.39,UPI,Online,EMP445,1,1,Express,6,AED
ORD124074,15-06-2024,BR43,Germany,Berlin,CUST2670,PROD642,Laptop,HP Spectre x360,OnePlus,1,1256.91,0,0.18,1483.15,Net Banking,In-Store,EMP846,2,1,Express,9,EUR
ORD124075,16-07-2024,BR34,UK,Manchester,CUST2671,PROD327,Mobile,Samsung Galaxy S23,Sony,1,274.24,0.19,0.18,262.12,Net Banking,Online,EMP997,3,0,Same Day,2,EUR
ORD124076,19-08-2023,BR64,UK,Birmingham,CUST7726,PROD487,Mobile,iPhone 14,LG,5,1954.47,0.06,0.18,10839.49,Credit Card,In-Store,EMP913,0,1,Same Day,10,USD
ORD124077,27-11-2023,BR80,UAE,Dubai,CUST3717,PROD196,TV,Sony Bravia 55,OnePlus,2,720.64,0.15,0.18,1445.6,Debit Card,Online,EMP681,0,1,Same Day,1,EUR
ORD124078,20-10-2024,BR41,UAE,Abu Dhabi,CUST6380,PROD928,Laptop,Dell XPS 13,OnePlus,5,291.88,0.04,0.18,1653.21,Cash,Online,EMP332,3,0,Same Day,10,INR
ORD124079,23-03-2023,BR29,India,Pune,CUST3658,PROD540,Mobile,iPhone 14,HP,3,216.14,0.23,0.18,589.15,Credit Card,In-Store,EMP300,1,0,Standard,9,INR
ORD124080,29-07-2024,BR64,USA,Dallas,CUST6446,PROD447,TV,Sony Bravia 55,LG,4,345.56,0.2,0.18,1304.83,Debit Card,In-Store,EMP945,2,0,Standard,9,USD
ORD124081,13-02-2023,BR27,Germany,Berlin,CUST9172,PROD341,Accessories,Keyboard,Apple,4,706.69,0.17,0.18,2768.53,Credit Card,Online,EMP894,3,0,Express,2,AED
ORD124082,22-01-2024,BR78,UAE,Dubai,CUST4397,PROD601,Mobile,iPhone 14,Apple,2,596.32,0.15,0.18,1196.22,Cash,Online,EMP273,3,0,Same Day,2,USD
ORD124083,09-09-2024,BR83,UAE,Abu Dhabi,CUST3042,PROD824,Tablet,Lenovo Tab P11,LG,4,1608.15,0.24,0.18,5768.76,Net Banking,In-Store,EMP565,2,0,Express,6,INR
ORD124084,19-04-2023,BR100,Germany,Hamburg,CUST3169,PROD551,Accessories,Wireless Mouse,Dell,2,1230.95,0.17,0.18,2411.18,Cash,In-Store,EMP431,0,1,Standard,5,GBP
ORD124085,06-05-2024,BR14,USA,New York,CUST7492,PROD761,Accessories,Keyboard,OnePlus,4,523.22,0.27,0.18,1802.81,Credit Card,Online,EMP294,3,0,Express,9,INR
ORD124086,29-06-2024,BR79,UK,London,CUST3786,PROD125,Tablet,iPad Air,Lenovo,2,252.66,0.25,0.18,447.21,Credit Card,In-Store,EMP737,0,0,Standard,3,GBP
ORD124087,02-05-2024,BR7,India,Pune,CUST3867,PROD487,TV,Samsung QLED 50,Dell,1,357.75,0.14,0.18,363.04,Credit Card,Online,EMP912,0,1,Same Day,5,GBP
ORD124088,15-05-2023,BR14,UK,Manchester,CUST1437,PROD435,Tablet,Samsung Galaxy Tab,Samsung,1,420.26,0.18,0.18,406.64,Net Banking,In-Store,EMP853,1,1,Express,9,EUR
ORD124089,10-02-2024,BR87,UK,Manchester,CUST5900,PROD401,Tablet,Samsung Galaxy Tab,Samsung,1,627.89,0.15,0.18,629.77,Cash,Online,EMP557,2,0,Same Day,1,INR
ORD124090,05-12-2023,BR43,UK,Manchester,CUST6495,PROD444,Tablet,Lenovo Tab P11,Samsung,5,927.62,0.14,0.18,4706.74,Credit Card,Online,EMP250,1,0,Same Day,6,USD
ORD124091,28-10-2024,BR64,India,Delhi,CUST7068,PROD967,Tablet,Lenovo Tab P11,Dell,1,1849.12,0.15,0.18,1854.67,Debit Card,In-Store,EMP364,2,1,Express,6,EUR
ORD124092,12-03-2024,BR11,UAE,Dubai,CUST3839,PROD507,Mobile,OnePlus 11,Apple,5,573.3,0.27,0.18,2469.2,Cash,In-Store,EMP224,3,0,Same Day,7,AED
ORD124093,26-10-2024,BR9,Germany,Hamburg,CUST1720,PROD903,Mobile,Samsung Galaxy S23,Lenovo,1,1362.6,0.27,0.18,1173.74,Debit Card,In-Store,EMP514,2,1,Standard,8,GBP
ORD124094,27-05-2024,BR78,Germany,Munich,CUST8514,PROD391,TV,LG OLED 48,Dell,4,1942.92,0.07,0.18,8528.64,UPI,Online,EMP578,3,1,Standard,7,EUR
ORD124095,30-04-2024,BR104,India,Mumbai,CUST2494,PROD429,Tablet,iPad Air,LG,5,1750.72,0.29,0.18,7333.77,Debit Card,In-Store,EMP286,0,1,Same Day,8,AED
ORD124096,06-09-2024,BR117,UK,London,CUST2456,PROD212,TV,Sony Bravia 55,Lenovo,3,779.46,0.28,0.18,1986.69,Credit Card,Online,EMP823,0,1,Express,4,AED
ORD124097,20-12-2023,BR25,USA,Los Angeles,CUST6959,PROD882,Laptop,HP Spectre x360,Lenovo,3,880.16,0.05,0.18,2959.98,Debit Card,In-Store,EMP900,1,1,Standard,2,USD
ORD124098,29-06-2024,BR52,UK,Birmingham,CUST7230,PROD527,Mobile,iPhone 14,LG,3,714.35,0.28,0.18,1820.74,Debit Card,Online,EMP666,0,0,Same Day,7,GBP
ORD124099,30-06-2023,BR107,USA,Dallas,CUST9614,PROD624,Laptop,MacBook Air M2,LG,3,1462.54,0.11,0.18,4607.88,Cash,In-Store,EMP799,1,0,Same Day,9,USD
ORD124100,29-06-2023,BR61,India,Mumbai,CUST6149,PROD760,Tablet,iPad Air,Samsung,5,1141,0.29,0.18,4779.65,Credit Card,Online,EMP260,2,1,Express,10,INR
ORD124101,18-09-2023,BR109,India,Mumbai,CUST6067,PROD614,TV,LG OLED 48,LG,4,1002.43,0.26,0.18,3501.29,Debit Card,Online,EMP471,1,1,Same Day,10,EUR
ORD124102,09-05-2024,BR76,UK,London,CUST8584,PROD748,TV,Samsung QLED 50,Lenovo,1,1595.96,0.24,0.18,1431.26,Debit Card,Online,EMP504,2,1,Same Day,4,GBP
ORD124103,30-12-2023,BR54,UAE,Dubai,CUST7116,PROD319,Tablet,Samsung Galaxy Tab,OnePlus,5,1620.7,0.1,0.18,8605.92,UPI,Online,EMP242,3,0,Same Day,9,USD
ORD124104,13-06-2023,BR84,Germany,Hamburg,CUST9913,PROD582,Laptop,MacBook Air M2,Sony,3,1330.82,0.01,0.18,4663.99,Credit Card,In-Store,EMP299,0,0,Express,7,EUR
ORD124105,29-02-2024,BR118,India,Bangalore,CUST7299,PROD396,Mobile,Samsung Galaxy S23,Sony,5,999.16,0.17,0.18,4892.89,UPI,In-Store,EMP338,0,1,Same Day,9,GBP
ORD124106,07-04-2024,BR19,USA,Chicago,CUST4533,PROD679,Mobile,iPhone 14,HP,2,719.75,0.03,0.18,1647.65,UPI,Online,EMP731,2,0,Standard,5,INR
ORD124107,17-03-2023,BR43,USA,New York,CUST1088,PROD563,Accessories,Wireless Mouse,Apple,4,1433.33,0.09,0.18,6156.44,Credit Card,Online,EMP665,0,1,Same Day,10,EUR
ORD124108,08-06-2024,BR120,UK,London,CUST5869,PROD815,Laptop,MacBook Air M2,Samsung,2,76.93,0.01,0.18,179.74,UPI,In-Store,EMP306,3,1,Express,1,GBP
ORD124109,29-12-2023,BR8,Germany,Hamburg,CUST1461,PROD718,Laptop,HP Spectre x360,Sony,1,1812.97,0.11,0.18,1903.98,UPI,Online,EMP766,3,0,Same Day,6,EUR
ORD124110,02-04-2023,BR70,India,Pune,CUST1905,PROD716,Mobile,Samsung Galaxy S23,Samsung,4,1149.49,0.04,0.18,5208.57,Net Banking,In-Store,EMP661,2,0,Same Day,5,AED
ORD124111,26-02-2024,BR109,India,Mumbai,CUST3620,PROD552,Mobile,iPhone 14,Apple,3,611.39,0.07,0.18,2012.82,UPI,Online,EMP217,3,1,Standard,8,GBP
ORD124112,13-11-2023,BR71,USA,Chicago,CUST2871,PROD506,Tablet,Lenovo Tab P11,Lenovo,5,843.66,0.1,0.18,4479.83,Net Banking,In-Store,EMP386,1,0,Express,8,GBP
ORD124113,29-03-2024,BR85,India,Mumbai,CUST5068,PROD546,Laptop,HP Spectre x360,OnePlus,2,345.77,0.14,0.18,701.77,Cash,Online,EMP352,1,0,Standard,7,INR
ORD124114,30-08-2023,BR37,Germany,Hamburg,CUST6704,PROD860,Tablet,Samsung Galaxy Tab,Samsung,2,1295.28,0.07,0.18,2842.88,Credit Card,Online,EMP651,3,0,Standard,6,AED
ORD124115,04-03-2024,BR86,UK,London,CUST9679,PROD181,Mobile,OnePlus 11,OnePlus,3,1778.61,0.27,0.18,4596.28,Debit Card,Online,EMP527,0,1,Standard,5,AED
ORD124116,28-05-2024,BR81,UAE,Dubai,CUST2773,PROD161,Laptop,MacBook Air M2,Sony,4,1420.57,0.12,0.18,5900.48,Cash,In-Store,EMP694,2,1,Same Day,9,INR
ORD124117,12-12-2024,BR1,UK,Manchester,CUST7861,PROD696,Laptop,HP Spectre x360,OnePlus,5,1133.33,0.18,0.18,5483.05,Net Banking,Online,EMP709,1,1,Standard,4,AED
ORD124118,04-11-2024,BR98,Germany,Hamburg,CUST7421,PROD994,Accessories,Bluetooth Headphones,OnePlus,5,1770.74,0.19,0.18,8462.37,Credit Card,In-Store,EMP822,3,1,Same Day,10,INR
ORD124119,29-12-2024,BR106,India,Bangalore,CUST9871,PROD977,Mobile,iPhone 14,Dell,3,613.24,0.1,0.18,1953.78,Credit Card,In-Store,EMP257,3,0,Same Day,7,AED
ORD124120,27-05-2024,BR95,Germany,Munich,CUST3451,PROD717,TV,Samsung QLED 50,HP,3,1153.35,0.24,0.18,3102.97,Cash,Online,EMP868,2,1,Express,4,GBP
ORD124121,30-05-2024,BR37,India,Mumbai,CUST5325,PROD870,Mobile,iPhone 14,HP,3,1618.94,0.17,0.18,4756.77,Debit Card,In-Store,EMP487,2,1,Standard,9,AED
ORD124122,17-05-2023,BR53,USA,Chicago,CUST3968,PROD486,Laptop,HP Spectre x360,Dell,4,928.63,0.25,0.18,3287.35,UPI,In-Store,EMP377,2,0,Standard,10,USD
ORD124123,14-09-2023,BR30,USA,Chicago,CUST2520,PROD734,TV,Sony Bravia 55,Samsung,3,1714.28,0.08,0.18,5583.07,UPI,In-Store,EMP322,0,0,Same Day,2,EUR
ORD124124,04-08-2024,BR67,UK,Birmingham,CUST2821,PROD420,Mobile,Samsung Galaxy S23,Dell,2,1259.08,0.3,0.18,2080,Credit Card,Online,EMP883,2,0,Standard,8,USD
ORD124125,10-09-2024,BR66,USA,Los Angeles,CUST9434,PROD512,Laptop,HP Spectre x360,Sony,4,1926.48,0.3,0.18,6365.09,Debit Card,Online,EMP471,2,1,Same Day,6,AED
ORD124126,26-06-2024,BR11,UK,Birmingham,CUST9240,PROD759,Tablet,iPad Air,OnePlus,4,1848.97,0.19,0.18,7068.98,UPI,In-Store,EMP434,0,0,Standard,9,AED
ORD124127,05-10-2024,BR88,India,Bangalore,CUST7521,PROD442,Accessories,Keyboard,HP,1,1274.03,0.15,0.18,1277.85,UPI,In-Store,EMP862,1,0,Same Day,5,AED
ORD124128,26-02-2023,BR5,UAE,Dubai,CUST1347,PROD320,TV,Sony Bravia 55,LG,5,414.41,0.05,0.18,2322.77,Credit Card,Online,EMP629,0,1,Same Day,9,INR
ORD124129,11-09-2023,BR120,UK,Manchester,CUST3421,PROD954,Accessories,Keyboard,Sony,4,1454.44,0.11,0.18,6109.81,Net Banking,Online,EMP960,3,1,Same Day,2,GBP
ORD124130,19-09-2023,BR74,Germany,Hamburg,CUST3927,PROD700,Mobile,OnePlus 11,Lenovo,3,661.24,0.1,0.18,2106.71,Debit Card,Online,EMP213,2,1,Standard,6,INR
ORD124131,05-07-2024,BR118,Germany,Munich,CUST5240,PROD187,Mobile,Samsung Galaxy S23,HP,4,1941.58,0.02,0.18,8980.97,UPI,Online,EMP864,0,1,Same Day,1,AED
ORD124132,07-10-2024,BR32,USA,New York,CUST9740,PROD119,Laptop,Dell XPS 13,Lenovo,4,624.78,0.07,0.18,2742.53,UPI,In-Store,EMP931,2,1,Express,8,EUR
ORD124133,30-11-2024,BR111,UK,Manchester,CUST6436,PROD447,Laptop,Dell XPS 13,Apple,4,1374.54,0.16,0.18,5449.78,Credit Card,Online,EMP563,0,0,Same Day,4,INR
ORD124134,30-07-2023,BR109,Germany,Munich,CUST6285,PROD532,Accessories,Bluetooth Headphones,Samsung,3,1711.93,0.14,0.18,5211.8,UPI,Online,EMP933,2,0,Standard,3,INR
ORD124135,07-08-2023,BR30,UK,Manchester,CUST9504,PROD674,Mobile,Samsung Galaxy S23,Samsung,1,1581.23,0.18,0.18,1530,Debit Card,In-Store,EMP868,3,0,Express,8,INR
ORD124136,17-06-2024,BR67,UAE,Dubai,CUST9123,PROD504,Tablet,Samsung Galaxy Tab,Dell,5,213,0.05,0.18,1193.87,Net Banking,In-Store,EMP700,3,1,Standard,9,AED
ORD124137,24-09-2023,BR118,India,Bangalore,CUST7510,PROD605,TV,LG OLED 48,OnePlus,5,1934.13,0.16,0.18,9585.55,UPI,In-Store,EMP566,1,1,Express,1,INR
ORD124138,21-03-2024,BR10,USA,New York,CUST3936,PROD126,Accessories,Keyboard,Apple,1,171.62,0.05,0.18,192.39,Debit Card,Online,EMP792,1,0,Same Day,4,EUR
ORD124139,11-11-2023,BR60,USA,Los Angeles,CUST4960,PROD263,Mobile,iPhone 14,HP,4,1234.33,0.08,0.18,5359.95,UPI,Online,EMP683,1,0,Standard,1,EUR
ORD124140,19-02-2024,BR81,USA,New York,CUST1425,PROD368,Laptop,Dell XPS 13,Apple,4,1861.81,0.25,0.18,6590.81,Credit Card,Online,EMP257,1,0,Same Day,2,AED
ORD124141,14-08-2023,BR98,USA,New York,CUST6046,PROD639,Laptop,MacBook Air M2,Samsung,5,1524.02,0.07,0.18,8362.3,Net Banking,Online,EMP456,0,1,Same Day,8,AED
ORD124142,14-11-2024,BR28,USA,Chicago,CUST2219,PROD997,Mobile,iPhone 14,Lenovo,4,652.03,0.1,0.18,2769.82,Debit Card,In-Store,EMP504,3,1,Express,7,INR
ORD124143,11-11-2024,BR114,UK,London,CUST7320,PROD752,Laptop,Dell XPS 13,Sony,1,370.83,0.15,0.18,371.94,Cash,Online,EMP726,3,0,Same Day,3,USD
ORD124144,28-03-2024,BR95,India,Mumbai,CUST7161,PROD646,Laptop,HP Spectre x360,Apple,2,260.03,0.26,0.18,454.12,UPI,Online,EMP509,1,1,Standard,10,EUR
ORD124145,03-06-2023,BR75,USA,Dallas,CUST6828,PROD451,Mobile,OnePlus 11,Apple,3,299.95,0.2,0.18,849.46,UPI,Online,EMP622,1,1,Express,6,GBP
ORD124146,15-02-2023,BR73,Germany,Munich,CUST5910,PROD107,Accessories,Wireless Mouse,Sony,5,319.23,0.12,0.18,1657.44,Debit Card,Online,EMP400,1,1,Express,7,EUR
ORD124147,20-09-2023,BR69,USA,Los Angeles,CUST5744,PROD816,TV,Samsung QLED 50,Apple,2,1545.7,0.03,0.18,3538.42,Cash,In-Store,EMP280,0,0,Same Day,6,USD
ORD124148,03-10-2023,BR107,India,Mumbai,CUST2678,PROD804,Mobile,Samsung Galaxy S23,Lenovo,4,1494.71,0.1,0.18,6349.53,Cash,In-Store,EMP278,3,0,Same Day,2,USD
ORD124149,10-07-2024,BR114,USA,New York,CUST4936,PROD309,Laptop,Dell XPS 13,Sony,1,1949.41,0.29,0.18,1633.22,Net Banking,Online,EMP904,3,1,Same Day,4,GBP
ORD124150,18-05-2023,BR24,India,Bangalore,CUST9992,PROD761,TV,Samsung QLED 50,LG,2,1175,0.1,0.18,2495.7,Cash,Online,EMP525,0,1,Same Day,4,GBP
ORD124151,15-11-2024,BR94,UK,Manchester,CUST8437,PROD708,Laptop,HP Spectre x360,LG,5,280.1,0.16,0.18,1388.18,Net Banking,Online,EMP494,0,0,Standard,7,USD
ORD124152,28-02-2023,BR38,UAE,Abu Dhabi,CUST9973,PROD102,TV,LG OLED 48,Samsung,4,132.08,0.19,0.18,504.97,Credit Card,In-Store,EMP961,0,1,Standard,6,EUR
ORD124153,06-10-2024,BR71,USA,New York,CUST6469,PROD888,Mobile,Samsung Galaxy S23,Apple,2,120.94,0.25,0.18,214.06,Debit Card,Online,EMP525,0,0,Same Day,9,USD
ORD124154,10-08-2024,BR113,India,Delhi,CUST5402,PROD247,TV,Samsung QLED 50,Lenovo,5,703.28,0.24,0.18,3153.51,Cash,In-Store,EMP881,1,1,Express,6,USD
ORD124155,02-02-2024,BR6,India,Mumbai,CUST6926,PROD295,Laptop,Dell XPS 13,LG,4,325.84,0.08,0.18,1414.93,Cash,In-Store,EMP310,3,1,Express,2,GBP
ORD124156,19-07-2024,BR90,India,Delhi,CUST8897,PROD854,Laptop,MacBook Air M2,Dell,3,1191.23,0.02,0.18,4132.62,Net Banking,In-Store,EMP280,1,0,Same Day,1,INR
ORD124157,18-08-2023,BR57,India,Delhi,CUST5342,PROD462,Accessories,Keyboard,HP,5,644.74,0.22,0.18,2967.09,Cash,Online,EMP336,2,0,Standard,7,INR
ORD124158,29-01-2023,BR64,USA,New York,CUST9804,PROD771,Mobile,OnePlus 11,Sony,5,1079.21,0.22,0.18,4966.52,Debit Card,Online,EMP971,1,0,Standard,1,INR
ORD124159,24-09-2024,BR45,Germany,Munich,CUST2599,PROD614,Mobile,Samsung Galaxy S23,OnePlus,2,848.25,0.23,0.18,1541.44,Net Banking,Online,EMP388,0,0,Same Day,1,INR
ORD124160,08-01-2024,BR55,UAE,Dubai,CUST1547,PROD115,TV,Sony Bravia 55,LG,2,1087.01,0.08,0.18,2360.12,Cash,Online,EMP452,2,0,Express,8,USD
ORD124161,24-06-2023,BR4,India,Mumbai,CUST3885,PROD551,Tablet,iPad Air,LG,4,863.14,0.21,0.18,3218.48,UPI,In-Store,EMP432,3,0,Standard,7,USD
ORD124162,31-01-2023,BR76,UK,Birmingham,CUST8590,PROD823,Laptop,Dell XPS 13,Apple,3,1750.31,0.03,0.18,6010.21,Debit Card,Online,EMP316,3,1,Express,7,AED
ORD124163,30-03-2023,BR55,UAE,Abu Dhabi,CUST7111,PROD813,Tablet,iPad Air,Lenovo,2,658.15,0.14,0.18,1335.78,UPI,Online,EMP348,0,0,Express,9,GBP
ORD124164,21-01-2024,BR62,UK,Manchester,CUST8080,PROD410,Laptop,Dell XPS 13,OnePlus,5,1587.9,0.19,0.18,7588.57,UPI,In-Store,EMP746,1,0,Express,5,AED
ORD124165,09-09-2023,BR73,Germany,Berlin,CUST3906,PROD611,TV,Sony Bravia 55,Samsung,5,1099.57,0.28,0.18,4670.97,UPI,In-Store,EMP352,2,0,Express,7,EUR
ORD124166,30-06-2024,BR59,India,Delhi,CUST9865,PROD102,Accessories,Bluetooth Headphones,Lenovo,2,1511.16,0.08,0.18,3281.03,UPI,In-Store,EMP512,2,0,Express,8,AED
ORD124167,30-12-2023,BR87,Germany,Hamburg,CUST6782,PROD279,TV,LG OLED 48,LG,2,1131.06,0.21,0.18,2108.75,Cash,In-Store,EMP490,3,0,Standard,4,GBP
ORD124168,05-05-2023,BR20,UAE,Abu Dhabi,CUST4995,PROD681,TV,Sony Bravia 55,Lenovo,3,952.44,0.29,0.18,2393.86,Net Banking,Online,EMP648,2,0,Express,1,USD
ORD124169,12-04-2024,BR1,UK,London,CUST2747,PROD828,TV,Sony Bravia 55,OnePlus,2,1094.09,0.17,0.18,2143.1,UPI,In-Store,EMP957,3,0,Standard,1,USD
ORD124170,27-02-2024,BR38,Germany,Berlin,CUST3337,PROD152,Tablet,Samsung Galaxy Tab,OnePlus,4,62.9,0.13,0.18,258.29,Net Banking,Online,EMP564,3,1,Express,5,GBP
ORD124171,22-11-2023,BR9,India,Mumbai,CUST1375,PROD691,Accessories,Keyboard,Apple,1,271.71,0.03,0.18,311,Debit Card,Online,EMP787,0,1,Standard,9,EUR
ORD124172,07-12-2023,BR96,UK,Birmingham,CUST2445,PROD136,Tablet,iPad Air,Sony,2,722.61,0.11,0.18,1517.77,Net Banking,Online,EMP327,0,0,Express,3,AED
ORD124173,21-02-2024,BR51,USA,Chicago,CUST2731,PROD729,TV,Samsung QLED 50,LG,5,501.98,0.15,0.18,2517.43,Debit Card,Online,EMP893,1,0,Express,10,INR
ORD124174,20-01-2023,BR88,India,Mumbai,CUST6974,PROD305,Tablet,Lenovo Tab P11,Samsung,4,1930.51,0.01,0.18,9020.89,Debit Card,Online,EMP715,1,1,Same Day,8,AED
ORD124175,08-05-2024,BR22,UAE,Abu Dhabi,CUST4110,PROD766,Tablet,Lenovo Tab P11,OnePlus,3,1525.06,0.29,0.18,3833.09,Debit Card,Online,EMP559,2,1,Same Day,7,AED
ORD124176,26-01-2023,BR64,USA,Dallas,CUST3735,PROD241,Accessories,Bluetooth Headphones,Dell,4,1047.57,0.2,0.18,3955.62,Net Banking,In-Store,EMP256,3,1,Express,6,AED
ORD124177,12-04-2023,BR45,UK,London,CUST1403,PROD162,Laptop,MacBook Air M2,LG,4,1955.49,0.23,0.18,7107.03,UPI,In-Store,EMP223,3,1,Express,3,EUR
ORD124178,17-10-2024,BR51,Germany,Berlin,CUST7576,PROD563,Laptop,HP Spectre x360,OnePlus,2,177.76,0.06,0.18,394.34,Cash,Online,EMP503,0,0,Standard,8,GBP
ORD124179,17-08-2024,BR99,USA,Los Angeles,CUST2375,PROD215,Mobile,Samsung Galaxy S23,OnePlus,5,1763.33,0.11,0.18,9259.25,Debit Card,Online,EMP277,0,1,Standard,5,EUR
ORD124180,24-10-2024,BR99,USA,Dallas,CUST8854,PROD226,TV,Samsung QLED 50,LG,5,179.04,0.22,0.18,823.94,UPI,Online,EMP997,1,1,Express,8,EUR
ORD124181,13-02-2023,BR69,UK,Birmingham,CUST6736,PROD418,Mobile,Samsung Galaxy S23,Sony,5,1053.65,0.03,0.18,6030.04,UPI,In-Store,EMP789,0,0,Same Day,8,EUR
ORD124182,22-07-2023,BR72,India,Delhi,CUST7833,PROD681,Tablet,iPad Air,OnePlus,2,1032.6,0.14,0.18,2095.76,Credit Card,Online,EMP738,1,0,Standard,5,INR
ORD124183,19-09-2023,BR19,UK,Birmingham,CUST6652,PROD712,Mobile,OnePlus 11,Apple,5,831.09,0.27,0.18,3579.5,Cash,In-Store,EMP393,2,0,Standard,6,AED
ORD124184,03-05-2024,BR82,UAE,Dubai,CUST3673,PROD348,Mobile,iPhone 14,LG,2,1941.03,0.24,0.18,3481.43,Credit Card,Online,EMP592,3,1,Standard,10,USD
ORD124185,27-06-2024,BR113,UK,Manchester,CUST4513,PROD468,Mobile,Samsung Galaxy S23,Samsung,3,240.1,0.09,0.18,773.46,Debit Card,Online,EMP424,2,1,Express,9,INR
ORD124186,30-01-2023,BR17,USA,Chicago,CUST7200,PROD545,Accessories,Keyboard,OnePlus,2,430.46,0.29,0.18,721.28,UPI,In-Store,EMP205,0,1,Standard,10,GBP
ORD124187,23-12-2024,BR110,India,Pune,CUST8584,PROD577,Laptop,Dell XPS 13,Sony,4,67.73,0.12,0.18,281.32,Cash,In-Store,EMP457,2,0,Standard,6,USD
ORD124188,17-03-2024,BR57,Germany,Munich,CUST9557,PROD222,TV,LG OLED 48,Dell,3,1581.44,0.23,0.18,4310.69,Debit Card,In-Store,EMP726,1,1,Standard,8,AED
ORD124189,11-02-2023,BR4,India,Bangalore,CUST4110,PROD176,Mobile,OnePlus 11,OnePlus,5,623.42,0.09,0.18,3347.14,Cash,Online,EMP682,1,0,Same Day,10,USD
ORD124190,08-09-2023,BR26,Germany,Munich,CUST1666,PROD888,TV,LG OLED 48,OnePlus,4,1722.39,0.13,0.18,7072.82,UPI,In-Store,EMP485,1,0,Standard,9,USD
ORD124191,05-07-2024,BR14,USA,Los Angeles,CUST3333,PROD688,Tablet,Samsung Galaxy Tab,Sony,1,993.61,0.3,0.18,820.72,Cash,In-Store,EMP483,0,1,Same Day,5,GBP
ORD124192,18-01-2023,BR104,USA,Chicago,CUST3732,PROD820,Accessories,Bluetooth Headphones,HP,1,1084.43,0.19,0.18,1036.5,Credit Card,Online,EMP279,0,1,Standard,1,USD
ORD124193,15-10-2023,BR2,USA,Los Angeles,CUST5384,PROD929,Accessories,Keyboard,Dell,3,419.62,0.14,0.18,1277.49,Cash,Online,EMP411,2,1,Standard,3,EUR
ORD124194,14-05-2023,BR19,India,Delhi,CUST7796,PROD309,TV,LG OLED 48,Sony,3,1126.37,0.06,0.18,3748.11,Cash,Online,EMP954,1,1,Same Day,7,GBP
ORD124195,22-09-2023,BR119,USA,Dallas,CUST6479,PROD694,Tablet,iPad Air,HP,5,1114.77,0.05,0.18,6248.29,Cash,Online,EMP703,2,0,Standard,5,EUR
ORD124196,11-02-2024,BR59,USA,Chicago,CUST1213,PROD961,Laptop,MacBook Air M2,Samsung,2,1862.55,0.07,0.18,4087.92,Debit Card,Online,EMP679,1,1,Express,6,AED
ORD124197,04-04-2024,BR15,UAE,Abu Dhabi,CUST7315,PROD623,Tablet,Lenovo Tab P11,Dell,2,176.64,0.19,0.18,337.67,Debit Card,Online,EMP574,2,0,Same Day,1,GBP
ORD124198,05-05-2024,BR10,USA,Chicago,CUST3235,PROD100,Laptop,Dell XPS 13,Lenovo,4,1141.54,0.3,0.18,3771.65,UPI,In-Store,EMP985,2,0,Express,3,USD
ORD124199,26-08-2023,BR83,India,Pune,CUST6223,PROD735,Tablet,Lenovo Tab P11,OnePlus,4,707.71,0.26,0.18,2471.89,Credit Card,Online,EMP860,3,1,Standard,3,AED
ORD124200,19-02-2024,BR44,Germany,Hamburg,CUST3278,PROD240,Laptop,HP Spectre x360,Apple,5,929.52,0.23,0.18,4222.81,Cash,Online,EMP239,2,0,Express,1,AED
ORD124201,05-01-2024,BR103,UAE,Abu Dhabi,CUST1194,PROD499,TV,Samsung QLED 50,Dell,4,855.33,0.05,0.18,3835.3,Debit Card,Online,EMP593,0,1,Standard,9,AED
ORD124202,18-03-2023,BR65,UAE,Dubai,CUST9318,PROD191,Mobile,OnePlus 11,Lenovo,3,1303.97,0.12,0.18,4062.13,Cash,Online,EMP949,1,1,Same Day,3,INR
ORD124203,31-07-2023,BR113,India,Mumbai,CUST6579,PROD446,Mobile,iPhone 14,Dell,5,631.55,0.28,0.18,2682.82,Cash,Online,EMP526,3,1,Standard,6,USD
ORD124204,16-12-2024,BR33,India,Pune,CUST2480,PROD620,Accessories,Keyboard,LG,1,853.19,0.08,0.18,926.22,Credit Card,Online,EMP701,0,1,Express,8,GBP
ORD124205,02-02-2024,BR118,USA,Chicago,CUST4566,PROD891,TV,Samsung QLED 50,Sony,1,667.3,0.02,0.18,771.67,Credit Card,In-Store,EMP387,2,0,Same Day,2,AED
ORD124206,30-01-2023,BR69,Germany,Hamburg,CUST6740,PROD920,Mobile,OnePlus 11,Lenovo,3,58.52,0.09,0.18,188.52,Net Banking,Online,EMP492,1,0,Express,2,AED
ORD124207,22-05-2023,BR68,UAE,Dubai,CUST9591,PROD786,Tablet,Lenovo Tab P11,OnePlus,4,1021.43,0.18,0.18,3953.34,Cash,In-Store,EMP485,2,0,Standard,1,GBP
ORD124208,27-06-2023,BR53,USA,Los Angeles,CUST6293,PROD312,Laptop,MacBook Air M2,HP,2,852.94,0.05,0.18,1912.29,Credit Card,Online,EMP317,3,1,Standard,2,GBP
ORD124209,22-10-2023,BR38,UK,Manchester,CUST7565,PROD330,Mobile,iPhone 14,Apple,5,118.17,0,0.18,697.2,UPI,Online,EMP366,1,0,Express,8,INR
ORD124210,05-12-2024,BR83,India,Bangalore,CUST1645,PROD583,Tablet,Lenovo Tab P11,Apple,1,527.47,0.15,0.18,529.05,Net Banking,In-Store,EMP500,2,0,Express,10,INR
ORD124211,12-04-2024,BR10,UK,Manchester,CUST6639,PROD311,Tablet,Lenovo Tab P11,HP,5,1942.96,0.23,0.18,8826.87,Debit Card,Online,EMP203,3,0,Same Day,6,USD
ORD124212,25-10-2024,BR90,Germany,Berlin,CUST8351,PROD875,Accessories,Wireless Mouse,LG,4,80.91,0.03,0.18,370.44,Credit Card,Online,EMP227,0,0,Express,6,EUR
ORD124213,06-08-2024,BR58,Germany,Berlin,CUST9791,PROD983,Accessories,Bluetooth Headphones,Dell,5,1604.57,0.03,0.18,9182.95,Debit Card,In-Store,EMP746,3,1,Standard,9,USD
ORD124214,04-08-2024,BR27,UK,London,CUST5645,PROD673,TV,Sony Bravia 55,Lenovo,4,374.87,0.07,0.18,1645.53,Cash,Online,EMP707,3,0,Express,10,INR
ORD124215,22-11-2024,BR60,USA,Chicago,CUST2823,PROD621,Tablet,iPad Air,LG,2,1931.62,0.12,0.18,4011.59,Credit Card,Online,EMP771,1,1,Standard,6,AED
ORD124216,28-12-2024,BR96,Germany,Hamburg,CUST3112,PROD414,Mobile,iPhone 14,Samsung,3,559.22,0.17,0.18,1643.1,Cash,Online,EMP279,3,0,Express,9,GBP
ORD124217,08-03-2024,BR5,UK,Birmingham,CUST6032,PROD877,TV,LG OLED 48,Samsung,4,1531.25,0.16,0.18,6071.1,Debit Card,In-Store,EMP479,3,1,Standard,4,INR
ORD124218,13-03-2024,BR4,Germany,Munich,CUST9695,PROD972,Mobile,iPhone 14,LG,3,464.98,0.11,0.18,1464.97,UPI,In-Store,EMP787,0,0,Same Day,6,GBP
ORD124219,14-07-2024,BR94,Germany,Munich,CUST5405,PROD960,TV,LG OLED 48,OnePlus,1,1152.6,0.08,0.18,1251.26,Cash,Online,EMP668,2,1,Standard,6,GBP
ORD124220,12-12-2023,BR35,Germany,Berlin,CUST1585,PROD710,Laptop,Dell XPS 13,Dell,2,544.18,0.21,0.18,1014.57,UPI,In-Store,EMP364,1,1,Standard,9,INR
ORD124221,01-08-2023,BR15,UK,Manchester,CUST1056,PROD220,TV,Sony Bravia 55,Sony,3,1220.3,0.12,0.18,3801.48,Credit Card,In-Store,EMP950,2,1,Standard,6,GBP
ORD124222,30-05-2024,BR59,USA,Chicago,CUST6332,PROD727,Accessories,Wireless Mouse,Dell,3,1126.51,0.12,0.18,3509.3,UPI,Online,EMP343,3,1,Express,9,INR
ORD124223,23-11-2024,BR10,USA,Chicago,CUST3339,PROD770,Laptop,HP Spectre x360,Dell,5,692.44,0.05,0.18,3881.13,UPI,In-Store,EMP308,0,1,Same Day,5,GBP
ORD124224,29-03-2023,BR21,UAE,Dubai,CUST2483,PROD611,Tablet,Lenovo Tab P11,Sony,1,927.78,0.02,0.18,1072.88,UPI,In-Store,EMP868,3,1,Express,8,AED
ORD124225,14-06-2023,BR82,USA,New York,CUST5149,PROD540,Tablet,Lenovo Tab P11,LG,4,982.01,0.19,0.18,3754.42,Debit Card,In-Store,EMP246,0,0,Standard,9,USD
ORD124226,23-11-2023,BR41,UAE,Dubai,CUST5585,PROD560,Accessories,Bluetooth Headphones,HP,3,82.83,0.29,0.18,208.18,UPI,Online,EMP921,1,1,Same Day,8,GBP
ORD124227,13-10-2024,BR25,UK,London,CUST8174,PROD788,Laptop,Dell XPS 13,Lenovo,5,1065.96,0.22,0.18,4905.55,Cash,In-Store,EMP315,0,1,Express,2,EUR
ORD124228,28-02-2023,BR103,USA,New York,CUST2235,PROD471,Laptop,Dell XPS 13,LG,3,858.01,0.22,0.18,2369.14,Debit Card,In-Store,EMP306,1,1,Same Day,4,INR
ORD124229,07-03-2024,BR36,USA,Los Angeles,CUST5667,PROD616,TV,LG OLED 48,Apple,5,1429.22,0.17,0.18,6998.89,Net Banking,Online,EMP577,0,0,Express,1,AED
ORD124230,30-10-2023,BR58,USA,New York,CUST5033,PROD252,TV,Sony Bravia 55,Apple,2,1411.88,0.15,0.18,2832.23,UPI,Online,EMP360,3,1,Express,5,GBP
ORD124231,14-03-2024,BR8,UAE,Abu Dhabi,CUST3199,PROD422,Mobile,OnePlus 11,Sony,5,1033.64,0.2,0.18,4878.78,Cash,In-Store,EMP950,3,1,Express,6,AED
ORD124232,24-10-2023,BR70,UAE,Abu Dhabi,CUST7889,PROD882,Accessories,Keyboard,HP,1,331.12,0.13,0.18,339.93,Debit Card,In-Store,EMP743,0,0,Express,1,EUR
ORD124233,03-01-2024,BR88,Germany,Hamburg,CUST2709,PROD116,TV,Sony Bravia 55,Samsung,5,119.91,0.1,0.18,636.72,Net Banking,Online,EMP786,3,0,Standard,8,AED
ORD124234,02-06-2023,BR22,India,Delhi,CUST3277,PROD550,Tablet,Lenovo Tab P11,OnePlus,3,1262.89,0,0.18,4470.63,Debit Card,In-Store,EMP399,0,0,Standard,7,INR
ORD124235,27-04-2024,BR120,India,Delhi,CUST6331,PROD361,Tablet,iPad Air,Samsung,1,289.61,0.26,0.18,252.89,Cash,Online,EMP265,1,0,Standard,5,AED
ORD124236,01-03-2024,BR79,India,Pune,CUST6424,PROD632,Laptop,Dell XPS 13,OnePlus,3,667.8,0.29,0.18,1678.45,Cash,In-Store,EMP874,2,0,Express,10,USD
ORD124237,09-04-2024,BR26,India,Mumbai,CUST9212,PROD896,Mobile,iPhone 14,Lenovo,2,132.79,0.21,0.18,247.57,UPI,Online,EMP859,1,1,Standard,1,USD
ORD124238,13-09-2023,BR27,Germany,Hamburg,CUST8995,PROD639,Tablet,iPad Air,OnePlus,3,1270.31,0.05,0.18,4272.05,Credit Card,Online,EMP677,0,1,Standard,3,USD
ORD124239,30-07-2024,BR7,UAE,Abu Dhabi,CUST6662,PROD843,TV,Sony Bravia 55,LG,2,1031.39,0.07,0.18,2263.69,Cash,Online,EMP239,3,1,Express,9,AED
ORD124240,14-06-2023,BR77,USA,New York,CUST1856,PROD775,Accessories,Wireless Mouse,LG,1,1214.64,0.18,0.18,1175.29,Credit Card,Online,EMP309,0,0,Express,4,AED
ORD124241,23-05-2024,BR81,Germany,Berlin,CUST4438,PROD211,TV,LG OLED 48,Sony,5,723.1,0.11,0.18,3797,Cash,In-Store,EMP357,3,0,Same Day,5,GBP
ORD124242,12-01-2023,BR78,Germany,Hamburg,CUST8470,PROD207,Mobile,OnePlus 11,Apple,2,622.91,0.06,0.18,1381.86,UPI,In-Store,EMP788,0,0,Express,10,AED
ORD124243,14-10-2023,BR8,USA,Chicago,CUST3832,PROD979,TV,LG OLED 48,Sony,3,1354.28,0.26,0.18,3547.67,Credit Card,In-Store,EMP302,0,0,Express,1,USD
ORD124244,04-08-2023,BR49,UK,Manchester,CUST9731,PROD399,Laptop,Dell XPS 13,OnePlus,1,602.07,0.01,0.18,703.34,Debit Card,Online,EMP858,3,0,Express,3,USD
ORD124245,04-01-2023,BR70,USA,Los Angeles,CUST5133,PROD970,TV,Samsung QLED 50,OnePlus,2,1878.55,0.02,0.18,4344.71,Cash,Online,EMP706,1,0,Express,9,EUR
ORD124246,14-11-2024,BR118,India,Pune,CUST8655,PROD921,TV,Sony Bravia 55,Dell,3,1154.08,0.12,0.18,3595.19,UPI,In-Store,EMP698,3,1,Express,1,AED
ORD124247,18-05-2024,BR106,USA,Dallas,CUST2872,PROD709,Tablet,Lenovo Tab P11,Samsung,4,1961,0.21,0.18,7312.18,Credit Card,Online,EMP454,3,0,Express,7,EUR
ORD124248,12-04-2023,BR120,UAE,Abu Dhabi,CUST3262,PROD308,Tablet,Lenovo Tab P11,LG,5,912.22,0.18,0.18,4413.32,Credit Card,Online,EMP764,2,1,Standard,9,USD
ORD124249,13-10-2023,BR61,USA,Dallas,CUST1171,PROD696,Accessories,Wireless Mouse,Dell,2,509.7,0.25,0.18,902.17,UPI,In-Store,EMP720,1,0,Standard,9,USD
ORD124250,19-10-2024,BR86,India,Bangalore,CUST4052,PROD868,TV,Sony Bravia 55,Samsung,5,749.36,0.01,0.18,4377.01,Debit Card,In-Store,EMP268,0,1,Express,1,INR
ORD124251,11-02-2024,BR101,USA,Los Angeles,CUST7353,PROD482,Accessories,Bluetooth Headphones,Lenovo,3,860.91,0.03,0.18,2956.19,UPI,In-Store,EMP837,0,0,Standard,6,INR
ORD124252,29-12-2023,BR41,Germany,Hamburg,CUST6836,PROD298,Laptop,MacBook Air M2,OnePlus,2,331.5,0.27,0.18,571.11,Net Banking,Online,EMP980,2,1,Same Day,1,INR
ORD124253,23-07-2023,BR111,India,Bangalore,CUST5852,PROD246,Mobile,OnePlus 11,Samsung,3,1403.54,0.27,0.18,3627.03,Credit Card,In-Store,EMP321,1,0,Same Day,4,EUR
ORD124254,12-12-2023,BR30,India,Mumbai,CUST6945,PROD998,TV,Sony Bravia 55,Samsung,2,638.47,0.06,0.18,1416.38,Credit Card,Online,EMP287,2,0,Same Day,1,EUR
ORD124255,12-03-2023,BR66,USA,Chicago,CUST3901,PROD814,Tablet,Lenovo Tab P11,LG,4,1546.58,0.24,0.18,5547.89,Cash,Online,EMP867,1,1,Express,10,GBP
ORD124256,12-10-2024,BR95,UAE,Dubai,CUST9064,PROD233,Mobile,iPhone 14,Dell,5,81.38,0.15,0.18,408.12,Debit Card,In-Store,EMP580,2,1,Standard,2,AED
ORD124257,17-01-2024,BR111,UK,London,CUST4856,PROD655,Mobile,Samsung Galaxy S23,HP,5,1369.8,0.09,0.18,7354.46,Debit Card,In-Store,EMP649,2,1,Same Day,7,GBP
ORD124258,22-11-2023,BR102,Germany,Berlin,CUST5733,PROD464,TV,LG OLED 48,Samsung,1,244.68,0.04,0.18,277.17,Debit Card,In-Store,EMP989,1,0,Standard,5,INR
ORD124259,20-05-2023,BR117,India,Pune,CUST7950,PROD179,TV,Samsung QLED 50,Samsung,1,1881.36,0.25,0.18,1665,Net Banking,In-Store,EMP212,1,1,Same Day,2,INR
ORD124260,20-10-2023,BR90,Germany,Munich,CUST9169,PROD640,Laptop,Dell XPS 13,Apple,3,967.42,0.04,0.18,3287.68,Net Banking,Online,EMP849,3,1,Standard,10,EUR
ORD124261,21-08-2024,BR76,UK,Birmingham,CUST4894,PROD343,Mobile,Samsung Galaxy S23,OnePlus,1,890.22,0.08,0.18,966.42,Net Banking,In-Store,EMP347,2,0,Standard,9,EUR
ORD124262,07-06-2023,BR79,India,Mumbai,CUST7095,PROD669,Mobile,iPhone 14,Apple,1,1148.17,0.23,0.18,1043.23,Cash,Online,EMP732,1,1,Express,4,EUR
ORD124263,14-03-2024,BR116,USA,Dallas,CUST9010,PROD814,Mobile,OnePlus 11,Samsung,2,414.15,0.26,0.18,723.27,Debit Card,Online,EMP308,3,1,Standard,6,INR
ORD124264,23-12-2023,BR58,Germany,Hamburg,CUST5080,PROD369,Accessories,Bluetooth Headphones,OnePlus,4,1150.43,0.12,0.18,4778.43,Debit Card,Online,EMP572,1,0,Same Day,2,EUR
ORD124265,18-07-2024,BR119,USA,Chicago,CUST6117,PROD102,Tablet,Lenovo Tab P11,Lenovo,5,1590.97,0.05,0.18,8917.39,Debit Card,Online,EMP472,3,0,Same Day,4,GBP
ORD124266,16-01-2023,BR103,Germany,Munich,CUST6396,PROD613,Accessories,Keyboard,HP,4,929.36,0.19,0.18,3553.13,Debit Card,Online,EMP527,2,1,Same Day,10,EUR
ORD124267,10-06-2023,BR95,UAE,Dubai,CUST1006,PROD525,Accessories,Bluetooth Headphones,Lenovo,1,1890.17,0.26,0.18,1650.5,UPI,In-Store,EMP882,0,1,Standard,1,AED
ORD124268,09-08-2023,BR79,UK,Birmingham,CUST8264,PROD748,Laptop,HP Spectre x360,Sony,5,1362.03,0.21,0.18,6348.42,Debit Card,In-Store,EMP863,2,0,Standard,10,AED
ORD124269,10-09-2024,BR93,UK,Manchester,CUST4482,PROD403,Tablet,Samsung Galaxy Tab,Dell,2,385.7,0.15,0.18,773.71,Credit Card,Online,EMP490,2,0,Express,8,EUR
ORD124270,21-10-2023,BR31,India,Bangalore,CUST6745,PROD778,Laptop,Dell XPS 13,Sony,2,1015.63,0.23,0.18,1845.6,Cash,Online,EMP523,3,0,Standard,5,AED
ORD124271,19-12-2023,BR74,UAE,Dubai,CUST5679,PROD420,Accessories,Bluetooth Headphones,LG,1,1033.33,0.04,0.18,1170.56,UPI,In-Store,EMP713,0,1,Express,4,EUR
ORD124272,04-01-2023,BR99,Germany,Berlin,CUST5304,PROD327,Tablet,iPad Air,Lenovo,4,1978.32,0.22,0.18,7283.38,Net Banking,In-Store,EMP640,0,1,Express,5,INR
ORD124273,16-09-2024,BR74,India,Delhi,CUST4415,PROD606,Tablet,Lenovo Tab P11,Sony,4,1676.77,0.01,0.18,7835.21,Cash,In-Store,EMP981,3,1,Standard,6,INR
ORD124274,23-08-2024,BR120,UK,Birmingham,CUST8777,PROD714,Accessories,Wireless Mouse,HP,3,729.57,0.11,0.18,2298.58,Debit Card,In-Store,EMP332,2,0,Same Day,1,EUR
ORD124275,03-10-2023,BR108,UK,London,CUST7143,PROD531,TV,Sony Bravia 55,Dell,3,698.41,0.14,0.18,2126.24,Cash,In-Store,EMP541,2,1,Same Day,6,INR
ORD124276,10-11-2024,BR98,UAE,Dubai,CUST3041,PROD450,TV,LG OLED 48,Sony,4,246.38,0.14,0.18,1000.11,Debit Card,Online,EMP412,1,1,Express,8,EUR
ORD124277,11-01-2023,BR49,Germany,Hamburg,CUST5980,PROD707,Accessories,Bluetooth Headphones,Dell,4,100.09,0.26,0.18,349.59,Cash,In-Store,EMP868,1,1,Express,3,USD
ORD124278,06-07-2023,BR16,UK,Manchester,CUST6841,PROD676,Mobile,Samsung Galaxy S23,Dell,3,158.55,0.18,0.18,460.24,UPI,In-Store,EMP425,0,0,Same Day,4,AED
ORD124279,30-10-2023,BR24,Germany,Hamburg,CUST7133,PROD236,Tablet,iPad Air,Lenovo,3,257.64,0.15,0.18,775.24,Net Banking,In-Store,EMP716,3,1,Same Day,9,GBP
ORD124280,13-06-2024,BR26,India,Mumbai,CUST4494,PROD344,Tablet,Samsung Galaxy Tab,HP,2,272,0.05,0.18,609.82,Cash,In-Store,EMP750,3,0,Same Day,9,GBP
ORD124281,26-12-2023,BR110,Germany,Berlin,CUST7508,PROD670,Mobile,Samsung Galaxy S23,OnePlus,5,1640.19,0.29,0.18,6870.76,Cash,In-Store,EMP358,1,1,Standard,4,INR
ORD124282,28-07-2023,BR9,Germany,Berlin,CUST8247,PROD902,Tablet,iPad Air,Dell,3,690.67,0.21,0.18,1931.53,Credit Card,In-Store,EMP970,3,0,Same Day,3,USD
ORD124283,05-05-2023,BR20,India,Pune,CUST8050,PROD117,Mobile,iPhone 14,HP,5,839.61,0.2,0.18,3962.96,Debit Card,In-Store,EMP453,3,1,Express,1,GBP
ORD124284,18-02-2023,BR13,UAE,Dubai,CUST6087,PROD242,Tablet,Samsung Galaxy Tab,Sony,3,1849.72,0.13,0.18,5696.77,Net Banking,Online,EMP815,1,0,Express,7,GBP
ORD124285,26-06-2023,BR95,UAE,Abu Dhabi,CUST5568,PROD986,TV,Samsung QLED 50,Samsung,2,1276.46,0.14,0.18,2590.7,UPI,In-Store,EMP588,3,1,Standard,3,GBP
ORD124286,20-04-2023,BR79,UK,London,CUST7859,PROD674,Accessories,Bluetooth Headphones,HP,3,1859.97,0.03,0.18,6386.76,Net Banking,In-Store,EMP242,2,0,Same Day,6,GBP
ORD124287,01-11-2023,BR19,India,Mumbai,CUST9456,PROD414,Mobile,OnePlus 11,Dell,1,965.28,0.15,0.18,968.18,Debit Card,In-Store,EMP997,1,0,Express,9,INR
ORD124288,13-07-2023,BR42,UK,Birmingham,CUST6498,PROD451,Laptop,HP Spectre x360,Samsung,3,1574.55,0.02,0.18,5462.43,Credit Card,Online,EMP844,0,1,Express,1,USD
ORD124289,31-07-2024,BR79,Germany,Berlin,CUST5263,PROD703,Laptop,MacBook Air M2,Lenovo,2,598.83,0.27,0.18,1031.66,Credit Card,Online,EMP680,1,1,Same Day,7,GBP
ORD124290,08-01-2024,BR108,Germany,Hamburg,CUST5116,PROD788,Accessories,Bluetooth Headphones,Dell,3,587.41,0.19,0.18,1684.34,Credit Card,Online,EMP989,0,0,Standard,9,AED
ORD124291,14-04-2024,BR64,UAE,Abu Dhabi,CUST5596,PROD766,Tablet,iPad Air,HP,5,1756.07,0.04,0.18,9946.38,Cash,Online,EMP669,3,1,Standard,5,USD
ORD124292,27-12-2023,BR35,India,Pune,CUST2202,PROD923,Accessories,Keyboard,Lenovo,1,432.81,0.16,0.18,429,Cash,In-Store,EMP525,0,0,Same Day,3,GBP
ORD124293,19-12-2024,BR36,UAE,Dubai,CUST2019,PROD516,Laptop,Dell XPS 13,Samsung,4,1594.26,0.17,0.18,6245.67,Debit Card,In-Store,EMP943,2,1,Express,3,EUR
ORD124294,12-01-2023,BR95,UAE,Abu Dhabi,CUST1313,PROD922,Mobile,OnePlus 11,Sony,4,496.53,0.1,0.18,2109.26,Cash,Online,EMP857,3,1,Express,7,EUR
ORD124295,21-02-2024,BR39,Germany,Berlin,CUST3897,PROD870,Laptop,MacBook Air M2,Dell,4,1115.53,0.05,0.18,5002.04,Net Banking,In-Store,EMP453,3,0,Standard,2,AED
ORD124296,25-11-2023,BR66,UK,London,CUST7617,PROD400,Accessories,Wireless Mouse,LG,2,395.12,0.17,0.18,773.96,Credit Card,Online,EMP499,3,1,Same Day,7,USD
ORD124297,20-04-2024,BR33,India,Pune,CUST2445,PROD935,Tablet,Lenovo Tab P11,Dell,4,678.95,0.06,0.18,3012.37,Cash,In-Store,EMP524,1,0,Express,3,USD
ORD124298,01-12-2023,BR111,USA,Chicago,CUST7227,PROD660,Mobile,Samsung Galaxy S23,Lenovo,3,1077.68,0.2,0.18,3051.99,Credit Card,In-Store,EMP989,0,1,Standard,9,GBP
ORD124299,16-05-2023,BR103,USA,Chicago,CUST6616,PROD675,TV,Sony Bravia 55,Dell,5,757.99,0.08,0.18,4114.37,Cash,Online,EMP659,0,1,Express,10,INR
ORD124300,28-11-2023,BR19,UK,Manchester,CUST7966,PROD738,Accessories,Keyboard,Apple,5,735.34,0.07,0.18,4034.81,Debit Card,Online,EMP547,0,0,Standard,1,AED
ORD124301,19-10-2024,BR69,USA,Chicago,CUST9437,PROD816,Tablet,Lenovo Tab P11,Dell,1,228.81,0.11,0.18,240.3,Debit Card,Online,EMP275,1,0,Standard,7,INR
ORD124302,16-10-2024,BR17,India,Pune,CUST3395,PROD819,Mobile,OnePlus 11,OnePlus,2,1111.98,0.23,0.18,2020.69,UPI,Online,EMP821,3,0,Standard,4,EUR
ORD124303,27-06-2023,BR43,Germany,Berlin,CUST2520,PROD853,Laptop,MacBook Air M2,HP,2,1150.88,0.24,0.18,2064.22,Net Banking,Online,EMP676,2,0,Standard,8,AED
ORD124304,27-07-2023,BR62,UK,London,CUST3087,PROD715,Mobile,OnePlus 11,Samsung,4,1382.69,0.15,0.18,5547.35,Net Banking,Online,EMP673,0,0,Standard,5,EUR
ORD124305,16-11-2023,BR74,Germany,Hamburg,CUST1971,PROD428,Laptop,Dell XPS 13,Dell,5,908.88,0.12,0.18,4718.9,Net Banking,In-Store,EMP655,0,0,Express,7,USD
ORD124306,03-03-2023,BR51,UK,Birmingham,CUST5488,PROD681,Laptop,HP Spectre x360,Samsung,4,1516.72,0.01,0.18,7087.33,UPI,In-Store,EMP750,1,1,Standard,5,GBP
ORD124307,05-12-2024,BR37,Germany,Hamburg,CUST2074,PROD411,Accessories,Bluetooth Headphones,Samsung,4,147.69,0.13,0.18,606.47,UPI,In-Store,EMP781,1,0,Same Day,4,USD
ORD124308,02-11-2024,BR38,UAE,Dubai,CUST5845,PROD558,TV,Samsung QLED 50,Sony,4,1759.17,0.07,0.18,7722.05,Net Banking,In-Store,EMP360,0,0,Standard,3,EUR
ORD124309,25-10-2023,BR74,UAE,Dubai,CUST2812,PROD391,TV,Samsung QLED 50,Apple,4,1863,0.12,0.18,7738.16,Debit Card,Online,EMP241,0,1,Express,10,INR
ORD124310,22-05-2023,BR110,India,Mumbai,CUST7253,PROD811,Mobile,iPhone 14,Apple,3,948.23,0.24,0.18,2551.12,UPI,In-Store,EMP747,0,1,Express,3,USD
ORD124311,14-03-2024,BR78,UK,Manchester,CUST7309,PROD108,Accessories,Bluetooth Headphones,Sony,3,839.62,0.11,0.18,2645.31,Credit Card,Online,EMP421,2,0,Standard,7,GBP
ORD124312,15-08-2024,BR54,UK,London,CUST5462,PROD637,Laptop,HP Spectre x360,LG,5,1954.39,0.22,0.18,8994.1,Cash,Online,EMP639,0,0,Standard,6,INR
ORD124313,31-12-2024,BR81,UAE,Abu Dhabi,CUST6652,PROD784,Accessories,Wireless Mouse,Apple,2,1412.24,0.07,0.18,3099.58,UPI,In-Store,EMP920,0,1,Same Day,4,INR
ORD124314,11-12-2024,BR87,Germany,Hamburg,CUST8270,PROD886,Accessories,Keyboard,Lenovo,2,561.09,0.3,0.18,926.92,Net Banking,In-Store,EMP637,3,0,Standard,5,AED
ORD124315,19-11-2024,BR68,UK,Manchester,CUST4739,PROD120,Laptop,MacBook Air M2,LG,1,1551.5,0.12,0.18,1611.08,Net Banking,Online,EMP864,0,0,Standard,10,GBP
ORD124316,12-08-2024,BR16,USA,Chicago,CUST7816,PROD160,Laptop,Dell XPS 13,Lenovo,2,1887.41,0.26,0.18,3296.17,Credit Card,Online,EMP337,0,1,Express,2,AED
ORD124317,05-05-2023,BR6,Germany,Munich,CUST2833,PROD505,TV,Sony Bravia 55,LG,3,537.82,0.07,0.18,1770.61,Cash,Online,EMP709,2,0,Same Day,5,AED
ORD124318,21-02-2023,BR70,India,Delhi,CUST4291,PROD647,TV,Sony Bravia 55,Sony,4,1712.18,0.01,0.18,8000.67,Cash,Online,EMP361,3,1,Same Day,10,INR
ORD124319,22-01-2024,BR33,USA,Los Angeles,CUST5243,PROD939,TV,LG OLED 48,HP,4,1716.24,0.11,0.18,7209.58,Net Banking,In-Store,EMP971,1,0,Same Day,2,USD
ORD124320,27-08-2024,BR84,India,Delhi,CUST3218,PROD326,Accessories,Bluetooth Headphones,Samsung,4,1966.44,0.26,0.18,6868.38,Debit Card,In-Store,EMP489,2,1,Express,5,AED
ORD124321,05-02-2023,BR10,Germany,Berlin,CUST8196,PROD493,TV,LG OLED 48,Dell,4,342.25,0.16,0.18,1356.95,Credit Card,Online,EMP725,0,1,Same Day,1,AED
ORD124322,02-04-2024,BR31,UAE,Abu Dhabi,CUST6647,PROD724,Accessories,Keyboard,Samsung,3,581.38,0.13,0.18,1790.53,UPI,Online,EMP808,3,0,Same Day,2,AED
ORD124323,14-11-2024,BR25,UK,Manchester,CUST9685,PROD668,Laptop,Dell XPS 13,HP,2,913,0.04,0.18,2068.49,UPI,Online,EMP236,1,1,Express,3,AED
ORD124324,29-07-2023,BR69,USA,New York,CUST9642,PROD667,Accessories,Wireless Mouse,Dell,1,715.17,0.05,0.18,801.71,Credit Card,In-Store,EMP656,0,0,Standard,1,USD
ORD124325,25-04-2023,BR90,UK,Birmingham,CUST9412,PROD830,TV,Samsung QLED 50,HP,3,1515.28,0.27,0.18,3915.79,Debit Card,In-Store,EMP481,2,0,Same Day,2,EUR
ORD124326,19-02-2024,BR31,Germany,Hamburg,CUST6717,PROD721,Mobile,OnePlus 11,Lenovo,4,800.17,0.2,0.18,3021.44,Credit Card,In-Store,EMP592,2,0,Express,5,GBP
ORD124327,01-07-2024,BR66,UAE,Dubai,CUST1507,PROD190,Accessories,Keyboard,HP,3,1785.68,0.11,0.18,5625.96,Debit Card,In-Store,EMP665,2,1,Same Day,9,USD
ORD124328,22-04-2024,BR13,UAE,Dubai,CUST1534,PROD100,Accessories,Keyboard,HP,3,1591.31,0.3,0.18,3943.27,Cash,In-Store,EMP606,2,0,Express,5,USD
ORD124329,06-11-2024,BR52,USA,Los Angeles,CUST6704,PROD513,Laptop,Dell XPS 13,Lenovo,5,569.18,0.1,0.18,3022.35,UPI,Online,EMP631,1,1,Express,3,EUR
ORD124330,11-06-2024,BR106,Germany,Hamburg,CUST5821,PROD122,TV,LG OLED 48,Dell,2,1776.75,0.2,0.18,3354.5,Credit Card,Online,EMP966,3,1,Standard,2,USD
ORD124331,20-01-2023,BR18,Germany,Hamburg,CUST1891,PROD260,Tablet,Samsung Galaxy Tab,Lenovo,3,655.46,0.24,0.18,1763.45,Debit Card,Online,EMP519,2,0,Standard,7,EUR
ORD124332,26-10-2024,BR115,USA,Dallas,CUST5375,PROD908,TV,Sony Bravia 55,OnePlus,1,500.96,0.04,0.18,567.49,Cash,In-Store,EMP689,0,0,Same Day,1,INR
ORD124333,19-11-2024,BR100,USA,New York,CUST6149,PROD562,Tablet,Lenovo Tab P11,OnePlus,1,1967.92,0.16,0.18,1950.6,UPI,Online,EMP431,0,1,Same Day,5,GBP
ORD124334,19-11-2023,BR5,UAE,Abu Dhabi,CUST8064,PROD578,Accessories,Keyboard,OnePlus,1,106.84,0.29,0.18,89.51,Cash,In-Store,EMP525,2,0,Standard,1,INR
ORD124335,11-01-2023,BR97,UAE,Abu Dhabi,CUST7578,PROD516,TV,LG OLED 48,Apple,5,1216.33,0.19,0.18,5812.84,Net Banking,Online,EMP655,0,1,Standard,1,USD
ORD124336,29-06-2023,BR46,UAE,Abu Dhabi,CUST2049,PROD293,TV,Sony Bravia 55,Samsung,2,894.18,0.1,0.18,1899.24,Debit Card,Online,EMP677,3,1,Express,1,GBP
ORD124337,01-07-2024,BR80,UAE,Abu Dhabi,CUST9730,PROD514,Tablet,iPad Air,LG,2,1975.55,0.23,0.18,3589.97,UPI,Online,EMP529,1,1,Express,10,EUR
ORD124338,29-11-2023,BR65,UK,Birmingham,CUST3479,PROD220,TV,Samsung QLED 50,Sony,2,1248.96,0.17,0.18,2446.46,Credit Card,Online,EMP704,0,0,Express,3,AED
ORD124339,29-06-2024,BR39,Germany,Hamburg,CUST4158,PROD303,Tablet,Lenovo Tab P11,Apple,4,1736.03,0.04,0.18,7866.3,Debit Card,In-Store,EMP570,3,0,Standard,4,INR
ORD124340,11-04-2024,BR39,Germany,Berlin,CUST7943,PROD531,Tablet,Samsung Galaxy Tab,Apple,3,127.25,0.1,0.18,405.42,UPI,In-Store,EMP626,0,0,Standard,1,INR
ORD124341,24-09-2023,BR86,India,Pune,CUST1621,PROD249,Accessories,Wireless Mouse,Sony,5,534.89,0.21,0.18,2493.12,UPI,In-Store,EMP773,2,0,Express,5,EUR
ORD124342,19-04-2024,BR9,UK,Birmingham,CUST5372,PROD385,Accessories,Keyboard,Dell,4,1076.8,0.22,0.18,3964.35,Net Banking,In-Store,EMP954,2,0,Express,1,AED
ORD124343,10-12-2024,BR48,UK,Manchester,CUST7455,PROD375,Tablet,iPad Air,Apple,4,655.53,0.04,0.18,2970.34,Net Banking,In-Store,EMP334,1,0,Same Day,3,USD
ORD124344,14-09-2024,BR14,USA,Los Angeles,CUST8678,PROD633,TV,Samsung QLED 50,OnePlus,2,1401.67,0.24,0.18,2514.04,Net Banking,In-Store,EMP786,0,0,Express,6,GBP
ORD124345,14-01-2024,BR46,USA,Dallas,CUST6249,PROD511,Accessories,Keyboard,Samsung,1,276.65,0.07,0.18,303.6,Cash,Online,EMP217,2,1,Express,10,AED
ORD124346,17-01-2024,BR82,UK,London,CUST3849,PROD307,Accessories,Keyboard,HP,5,782.24,0.14,0.18,3969.09,Credit Card,Online,EMP830,0,1,Express,9,INR
ORD124347,05-12-2023,BR111,Germany,Hamburg,CUST9592,PROD116,Laptop,HP Spectre x360,HP,1,1754.99,0.07,0.18,1925.93,UPI,In-Store,EMP398,0,0,Express,8,USD
ORD124348,19-01-2023,BR22,India,Pune,CUST6930,PROD238,Laptop,Dell XPS 13,OnePlus,2,141.85,0.15,0.18,284.55,Debit Card,Online,EMP481,3,0,Same Day,9,EUR
ORD124349,19-06-2024,BR118,USA,Chicago,CUST2521,PROD973,Laptop,HP Spectre x360,HP,2,1504.09,0.3,0.18,2484.76,Credit Card,In-Store,EMP957,2,0,Standard,5,GBP
ORD124350,16-03-2023,BR17,USA,Los Angeles,CUST9631,PROD429,Tablet,iPad Air,HP,1,1693.41,0.1,0.18,1798.4,Debit Card,Online,EMP569,3,1,Express,10,USD
ORD124351,17-04-2023,BR64,India,Delhi,CUST7814,PROD954,Mobile,Samsung Galaxy S23,Samsung,2,270.75,0.02,0.18,626.19,UPI,Online,EMP452,3,1,Same Day,6,AED
ORD124352,23-11-2024,BR71,UAE,Abu Dhabi,CUST6940,PROD957,Mobile,iPhone 14,Samsung,1,220.98,0.12,0.18,229.47,UPI,In-Store,EMP429,1,1,Same Day,1,INR
ORD124353,22-08-2023,BR92,USA,Chicago,CUST9630,PROD653,Tablet,Lenovo Tab P11,Apple,5,1567.78,0.04,0.18,8879.91,Debit Card,In-Store,EMP651,3,1,Same Day,8,EUR
ORD124354,12-07-2024,BR61,India,Bangalore,CUST7794,PROD579,TV,Samsung QLED 50,Dell,3,441.61,0.12,0.18,1375.7,Debit Card,Online,EMP275,3,0,Same Day,9,USD
ORD124355,13-11-2024,BR103,India,Delhi,CUST3877,PROD597,Accessories,Bluetooth Headphones,LG,2,1982.56,0.16,0.18,3930.23,Credit Card,In-Store,EMP613,3,0,Standard,3,INR
ORD124356,02-10-2023,BR84,India,Mumbai,CUST8274,PROD815,Laptop,Dell XPS 13,Apple,5,449.22,0.26,0.18,1961.29,Cash,Online,EMP731,1,0,Standard,1,INR
ORD124357,25-05-2023,BR57,Germany,Berlin,CUST9158,PROD697,TV,Samsung QLED 50,OnePlus,4,1976.1,0.24,0.18,7088.67,UPI,Online,EMP732,0,1,Standard,4,USD
ORD124358,19-07-2023,BR73,UK,London,CUST9766,PROD936,Mobile,Samsung Galaxy S23,Sony,2,656.04,0.27,0.18,1130.23,Credit Card,In-Store,EMP488,1,0,Same Day,5,GBP
ORD124359,27-04-2023,BR105,UK,Manchester,CUST3753,PROD601,Tablet,iPad Air,Lenovo,4,1369.73,0.1,0.18,5818.61,Credit Card,Online,EMP245,1,1,Same Day,6,AED
ORD124360,27-02-2023,BR10,UAE,Dubai,CUST9308,PROD233,TV,Sony Bravia 55,Samsung,4,1686.43,0.16,0.18,6686.36,Cash,Online,EMP252,3,1,Express,3,INR
ORD124361,22-01-2023,BR108,UK,Manchester,CUST3773,PROD761,Laptop,MacBook Air M2,LG,3,1332.39,0.02,0.18,4622.33,UPI,In-Store,EMP565,1,1,Standard,2,EUR
ORD124362,17-02-2024,BR40,UAE,Abu Dhabi,CUST5656,PROD977,TV,Sony Bravia 55,Samsung,3,800.16,0.08,0.18,2605.96,UPI,Online,EMP412,0,1,Standard,2,USD
ORD124363,30-09-2024,BR76,USA,Chicago,CUST5729,PROD204,Mobile,iPhone 14,LG,2,1886.18,0.12,0.18,3917.22,UPI,In-Store,EMP280,2,1,Same Day,6,EUR
ORD124364,01-11-2023,BR95,UK,Birmingham,CUST2239,PROD986,Accessories,Bluetooth Headphones,LG,1,1734.13,0.21,0.18,1616.56,Debit Card,Online,EMP861,2,0,Express,1,EUR
ORD124365,01-05-2023,BR6,India,Delhi,CUST6835,PROD661,Laptop,Dell XPS 13,Sony,2,1429.89,0.15,0.18,2868.36,Credit Card,Online,EMP918,2,0,Express,10,EUR
ORD124366,02-06-2023,BR93,UAE,Dubai,CUST4238,PROD827,Mobile,OnePlus 11,Samsung,5,1736.17,0.14,0.18,8809.33,Cash,Online,EMP858,3,1,Standard,6,GBP
ORD124367,15-05-2023,BR22,UAE,Dubai,CUST2115,PROD154,TV,Samsung QLED 50,Lenovo,3,843.91,0,0.18,2987.44,Cash,Online,EMP282,0,1,Same Day,8,EUR
ORD124368,10-10-2023,BR4,Germany,Berlin,CUST4456,PROD536,TV,Samsung QLED 50,Dell,4,514.33,0,0.18,2427.64,Cash,Online,EMP779,0,1,Standard,2,EUR
ORD124369,15-05-2024,BR5,Germany,Berlin,CUST6443,PROD657,TV,Sony Bravia 55,LG,5,1107.8,0.01,0.18,6470.66,Cash,Online,EMP461,3,1,Standard,3,INR
ORD124370,18-01-2023,BR19,Germany,Berlin,CUST4834,PROD167,Laptop,HP Spectre x360,Samsung,5,1916.76,0.22,0.18,8820.93,Cash,Online,EMP514,2,1,Express,3,GBP
ORD124371,18-12-2024,BR100,UAE,Dubai,CUST3485,PROD874,Tablet,Lenovo Tab P11,Sony,1,1060.32,0.23,0.18,963.41,Debit Card,In-Store,EMP272,2,1,Same Day,1,GBP
ORD124372,09-04-2024,BR88,Germany,Hamburg,CUST6375,PROD720,Laptop,HP Spectre x360,Lenovo,5,91.42,0,0.18,539.38,Net Banking,Online,EMP795,0,0,Express,2,AED
ORD124373,31-03-2023,BR67,UK,Manchester,CUST5603,PROD719,Accessories,Keyboard,LG,2,1233.65,0.11,0.18,2591.16,Cash,Online,EMP752,0,0,Express,8,INR
ORD124374,10-12-2024,BR32,UK,Birmingham,CUST2989,PROD965,Tablet,iPad Air,Sony,4,128.39,0.01,0.18,599.94,Credit Card,Online,EMP209,3,1,Standard,8,USD
ORD124375,05-10-2024,BR42,India,Delhi,CUST9468,PROD634,Mobile,OnePlus 11,Dell,2,1660.39,0.1,0.18,3526.67,UPI,Online,EMP387,2,1,Standard,2,GBP
ORD124376,24-05-2023,BR18,Germany,Berlin,CUST6554,PROD961,Laptop,HP Spectre x360,Sony,4,302.85,0.23,0.18,1100.68,UPI,Online,EMP603,1,1,Express,5,INR
ORD124377,09-06-2024,BR72,India,Delhi,CUST7927,PROD593,Tablet,Samsung Galaxy Tab,HP,1,336.32,0.05,0.18,377.01,Debit Card,Online,EMP285,2,1,Express,3,GBP
ORD124378,12-07-2023,BR68,India,Mumbai,CUST3384,PROD299,Laptop,HP Spectre x360,Dell,3,381.1,0.01,0.18,1335.6,Debit Card,In-Store,EMP271,3,1,Standard,4,EUR
ORD124379,23-12-2024,BR46,UAE,Dubai,CUST4009,PROD643,Laptop,MacBook Air M2,OnePlus,3,829.5,0.18,0.18,2407.87,Debit Card,Online,EMP201,2,1,Express,6,EUR
ORD124380,04-11-2024,BR33,UK,Birmingham,CUST2618,PROD980,TV,Sony Bravia 55,Sony,2,56.06,0.2,0.18,105.84,UPI,In-Store,EMP811,0,0,Express,8,INR
ORD124381,20-11-2024,BR3,USA,Los Angeles,CUST1842,PROD257,Accessories,Bluetooth Headphones,LG,3,369.04,0.09,0.18,1188.83,Debit Card,Online,EMP490,0,1,Standard,2,EUR
ORD124382,06-01-2024,BR94,UK,London,CUST6660,PROD627,Accessories,Keyboard,LG,4,280.37,0.03,0.18,1283.65,Debit Card,Online,EMP948,1,1,Standard,10,EUR
ORD124383,24-11-2023,BR111,Germany,Berlin,CUST5968,PROD278,Tablet,Samsung Galaxy Tab,OnePlus,1,740.7,0.29,0.18,620.56,Net Banking,Online,EMP844,1,1,Express,10,GBP
ORD124384,10-05-2024,BR6,UK,Manchester,CUST3779,PROD789,Tablet,iPad Air,Samsung,1,512.15,0.17,0.18,501.6,Debit Card,Online,EMP647,2,0,Same Day,8,USD
ORD124385,25-04-2024,BR109,UAE,Abu Dhabi,CUST5349,PROD968,TV,Samsung QLED 50,LG,1,631.44,0.16,0.18,625.88,UPI,In-Store,EMP876,0,0,Standard,5,AED
ORD124386,22-05-2023,BR53,UAE,Dubai,CUST8545,PROD829,Accessories,Wireless Mouse,HP,2,493.91,0.23,0.18,897.53,Credit Card,Online,EMP370,0,0,Same Day,10,INR
ORD124387,08-10-2024,BR29,UK,Manchester,CUST3023,PROD218,TV,Sony Bravia 55,OnePlus,2,1591.45,0.21,0.18,2967.1,Credit Card,Online,EMP647,3,0,Same Day,4,GBP
ORD124388,01-03-2024,BR32,UK,Manchester,CUST6475,PROD287,Mobile,Samsung Galaxy S23,Dell,3,1884.73,0.11,0.18,5938.03,Credit Card,Online,EMP889,1,0,Standard,8,USD
ORD124389,24-05-2023,BR82,India,Mumbai,CUST9985,PROD181,Laptop,HP Spectre x360,OnePlus,1,308.51,0.16,0.18,305.8,Cash,In-Store,EMP577,2,1,Standard,4,INR
ORD124390,04-06-2024,BR56,USA,Dallas,CUST1848,PROD308,Mobile,iPhone 14,Apple,5,1961.36,0.11,0.18,10299.1,Credit Card,Online,EMP945,3,1,Express,1,AED
ORD124391,17-08-2024,BR63,Germany,Hamburg,CUST4803,PROD726,Mobile,Samsung Galaxy S23,LG,2,287.7,0.09,0.18,617.86,UPI,Online,EMP489,0,1,Standard,7,INR
ORD124392,25-03-2023,BR97,Germany,Berlin,CUST3357,PROD901,TV,LG OLED 48,OnePlus,1,471.74,0.17,0.18,462.02,Cash,Online,EMP507,3,1,Standard,9,EUR
ORD124393,13-06-2024,BR69,UK,London,CUST9750,PROD404,Mobile,iPhone 14,Samsung,4,868.72,0,0.18,4100.36,Cash,In-Store,EMP507,0,1,Standard,6,GBP
ORD124394,29-10-2023,BR99,UAE,Abu Dhabi,CUST3395,PROD254,Accessories,Bluetooth Headphones,Dell,1,923.83,0.04,0.18,1046.51,Net Banking,In-Store,EMP954,3,1,Express,6,USD
ORD124395,22-07-2024,BR28,Germany,Munich,CUST9114,PROD230,Accessories,Keyboard,Sony,5,1418.54,0.1,0.18,7532.45,Cash,Online,EMP993,3,1,Same Day,10,USD
ORD124396,06-02-2023,BR54,UK,London,CUST8300,PROD497,Laptop,HP Spectre x360,Apple,5,193.91,0.16,0.18,961.02,Debit Card,Online,EMP893,0,0,Same Day,8,EUR
ORD124397,04-11-2024,BR57,UAE,Abu Dhabi,CUST1749,PROD655,TV,Samsung QLED 50,Apple,3,1549.84,0.06,0.18,5157.25,Debit Card,Online,EMP374,1,0,Same Day,7,AED
ORD124398,15-06-2024,BR17,Germany,Hamburg,CUST9372,PROD492,Tablet,Samsung Galaxy Tab,LG,3,591.14,0.15,0.18,1778.74,Cash,Online,EMP776,0,1,Same Day,9,EUR
ORD124399,11-03-2023,BR62,USA,New York,CUST4273,PROD779,Laptop,HP Spectre x360,HP,5,1642.41,0.24,0.18,7364.57,Cash,Online,EMP882,3,1,Express,5,AED
ORD124400,20-11-2024,BR19,USA,Chicago,CUST7953,PROD876,Accessories,Wireless Mouse,Dell,3,1322.89,0.15,0.18,3980.58,Credit Card,In-Store,EMP760,1,1,Same Day,1,AED
ORD124401,14-09-2023,BR46,Germany,Munich,CUST6753,PROD504,Laptop,MacBook Air M2,Lenovo,5,1611.48,0,0.18,9507.73,Net Banking,Online,EMP821,3,1,Express,2,GBP
ORD124402,10-09-2023,BR44,India,Pune,CUST5889,PROD732,TV,Sony Bravia 55,Apple,1,460.4,0.26,0.18,402.02,Credit Card,Online,EMP881,1,1,Standard,2,GBP
ORD124403,14-04-2023,BR64,UAE,Abu Dhabi,CUST5283,PROD657,Mobile,Samsung Galaxy S23,Samsung,4,1017.08,0.07,0.18,4464.57,Net Banking,In-Store,EMP316,3,1,Express,8,GBP
ORD124404,22-05-2023,BR118,UAE,Abu Dhabi,CUST2159,PROD693,TV,Sony Bravia 55,Samsung,4,1297.15,0.23,0.18,4714.36,Net Banking,Online,EMP205,3,1,Standard,7,EUR
ORD124405,21-12-2024,BR28,UAE,Abu Dhabi,CUST6250,PROD288,Tablet,Samsung Galaxy Tab,Sony,1,1470.36,0.12,0.18,1526.82,Net Banking,In-Store,EMP955,1,1,Same Day,4,AED
ORD124406,04-10-2023,BR107,UK,Birmingham,CUST7378,PROD183,TV,Sony Bravia 55,Sony,4,1807.24,0.03,0.18,8274.27,Net Banking,In-Store,EMP920,3,1,Same Day,5,USD
ORD124407,07-10-2023,BR96,UAE,Abu Dhabi,CUST3611,PROD787,Tablet,Lenovo Tab P11,OnePlus,4,1860.24,0.01,0.18,8692.53,Credit Card,Online,EMP446,0,0,Same Day,10,USD
ORD124408,10-05-2023,BR74,India,Mumbai,CUST4564,PROD696,Mobile,iPhone 14,Lenovo,2,1079.62,0.02,0.18,2496.95,Cash,Online,EMP541,1,0,Same Day,2,AED
ORD124409,19-03-2023,BR52,USA,Dallas,CUST3415,PROD941,Tablet,iPad Air,Apple,3,341.61,0.27,0.18,882.79,UPI,In-Store,EMP694,0,1,Standard,5,USD
ORD124410,03-09-2024,BR84,USA,Los Angeles,CUST4716,PROD530,Accessories,Wireless Mouse,HP,4,1205.21,0.11,0.18,5062.85,Debit Card,Online,EMP286,2,0,Same Day,7,AED
ORD124411,21-07-2024,BR29,UK,London,CUST9806,PROD555,Tablet,iPad Air,Apple,1,1420.55,0.04,0.18,1609.2,Debit Card,In-Store,EMP618,0,0,Same Day,10,USD
ORD124412,31-03-2023,BR20,USA,Dallas,CUST5069,PROD317,TV,Samsung QLED 50,Sony,2,1727.18,0,0.18,4076.14,Cash,Online,EMP795,3,0,Express,3,AED
ORD124413,27-09-2023,BR21,USA,Dallas,CUST2595,PROD785,Mobile,iPhone 14,Samsung,4,1943.3,0.03,0.18,8897.2,Debit Card,In-Store,EMP587,2,0,Express,7,EUR
ORD124414,26-10-2023,BR50,Germany,Munich,CUST3949,PROD571,Accessories,Wireless Mouse,Lenovo,5,1387.83,0.08,0.18,7533.14,Cash,In-Store,EMP494,0,0,Standard,7,EUR
ORD124415,02-01-2024,BR21,UK,London,CUST7804,PROD603,Mobile,iPhone 14,HP,3,1794.91,0.17,0.18,5273.8,Credit Card,In-Store,EMP601,3,0,Standard,1,INR
ORD124416,30-01-2023,BR119,India,Delhi,CUST6366,PROD995,Laptop,HP Spectre x360,LG,1,724.36,0.04,0.18,820.56,Credit Card,In-Store,EMP864,1,1,Express,6,USD
ORD124417,21-04-2023,BR38,UAE,Abu Dhabi,CUST2984,PROD435,Laptop,Dell XPS 13,Samsung,3,261,0.05,0.18,877.74,UPI,Online,EMP514,0,1,Express,5,EUR
ORD124418,19-03-2023,BR50,UAE,Dubai,CUST8445,PROD228,Mobile,Samsung Galaxy S23,Samsung,3,852,0.13,0.18,2623.99,Debit Card,In-Store,EMP492,1,0,Standard,7,GBP
ORD124419,13-03-2024,BR84,USA,Dallas,CUST9778,PROD895,Tablet,Lenovo Tab P11,Apple,1,1010.94,0.08,0.18,1097.48,Credit Card,Online,EMP397,0,1,Standard,7,AED
ORD124420,15-04-2023,BR113,India,Mumbai,CUST5685,PROD511,TV,Samsung QLED 50,HP,4,285.18,0.17,0.18,1117.22,Debit Card,Online,EMP609,1,0,Standard,7,USD
ORD124421,12-11-2024,BR50,UK,Manchester,CUST8269,PROD968,Accessories,Wireless Mouse,Samsung,5,1492.66,0.22,0.18,6869.22,Cash,In-Store,EMP409,0,1,Same Day,9,USD
ORD124422,24-03-2024,BR54,India,Mumbai,CUST6327,PROD237,Mobile,OnePlus 11,HP,4,1427.34,0.3,0.18,4715.93,Credit Card,In-Store,EMP662,2,1,Same Day,10,EUR
ORD124423,15-01-2024,BR36,USA,Chicago,CUST6206,PROD426,TV,Sony Bravia 55,Samsung,5,1772.09,0.07,0.18,9723.46,Debit Card,Online,EMP423,1,0,Standard,2,GBP
ORD124424,24-05-2024,BR107,India,Delhi,CUST3137,PROD339,Tablet,Samsung Galaxy Tab,Dell,1,138.66,0.17,0.18,135.8,UPI,Online,EMP549,1,1,Same Day,2,EUR
ORD124425,13-03-2023,BR36,Germany,Berlin,CUST3439,PROD112,Laptop,HP Spectre x360,Lenovo,1,607.36,0.19,0.18,580.51,Net Banking,In-Store,EMP733,0,1,Same Day,8,AED
ORD124426,28-12-2024,BR111,UK,Manchester,CUST5807,PROD881,Accessories,Bluetooth Headphones,Samsung,3,590.35,0.2,0.18,1671.87,Net Banking,Online,EMP312,1,0,Standard,8,USD
ORD124427,18-03-2024,BR105,UK,London,CUST7266,PROD373,TV,Sony Bravia 55,Apple,5,297.2,0.01,0.18,1735.95,Credit Card,Online,EMP546,3,0,Same Day,6,INR
ORD124428,11-03-2023,BR108,USA,Chicago,CUST2898,PROD381,Tablet,Samsung Galaxy Tab,Samsung,3,768.16,0.15,0.18,2311.39,Cash,Online,EMP367,1,1,Same Day,2,AED
ORD124429,16-04-2023,BR12,Germany,Munich,CUST9557,PROD434,Laptop,HP Spectre x360,Samsung,2,1318.62,0.24,0.18,2365.08,Cash,Online,EMP491,2,0,Same Day,9,GBP
ORD124430,26-08-2023,BR4,UK,London,CUST4955,PROD190,Tablet,Samsung Galaxy Tab,Lenovo,1,1258.49,0.03,0.18,1440.47,Cash,In-Store,EMP924,2,1,Same Day,8,AED
ORD124431,30-04-2024,BR33,USA,Los Angeles,CUST9761,PROD695,Accessories,Keyboard,Apple,5,156.89,0.19,0.18,749.78,Debit Card,In-Store,EMP658,3,1,Same Day,9,INR
ORD124432,09-09-2024,BR67,Germany,Berlin,CUST7496,PROD934,TV,Samsung QLED 50,LG,1,275.19,0.25,0.18,243.54,Credit Card,In-Store,EMP818,1,0,Standard,6,INR
ORD124433,22-03-2023,BR89,India,Mumbai,CUST5360,PROD848,TV,Sony Bravia 55,Dell,4,395.82,0.01,0.18,1849.59,Credit Card,In-Store,EMP812,1,0,Same Day,2,GBP
ORD124434,17-10-2023,BR89,Germany,Berlin,CUST3629,PROD538,Laptop,MacBook Air M2,Apple,1,1818.85,0.16,0.18,1802.84,UPI,In-Store,EMP950,3,1,Standard,6,AED
ORD124435,31-05-2024,BR51,India,Delhi,CUST8498,PROD716,Tablet,Lenovo Tab P11,Lenovo,2,396.73,0.14,0.18,805.2,Debit Card,Online,EMP860,3,1,Same Day,6,GBP
ORD124436,12-11-2023,BR105,Germany,Hamburg,CUST2343,PROD479,Accessories,Bluetooth Headphones,Lenovo,1,153.39,0.11,0.18,161.09,Net Banking,In-Store,EMP390,2,0,Standard,4,INR
ORD124437,17-06-2023,BR88,India,Mumbai,CUST3647,PROD717,Mobile,iPhone 14,OnePlus,4,893.03,0.1,0.18,3793.59,Cash,Online,EMP737,1,0,Same Day,5,GBP
ORD124438,12-09-2024,BR15,UAE,Abu Dhabi,CUST8016,PROD553,Accessories,Keyboard,OnePlus,4,1582.53,0.14,0.18,6423.81,Credit Card,In-Store,EMP205,2,0,Standard,5,GBP
ORD124439,30-01-2024,BR76,UAE,Abu Dhabi,CUST6416,PROD430,Tablet,Lenovo Tab P11,LG,3,417.3,0.29,0.18,1048.84,Credit Card,Online,EMP242,0,1,Express,8,GBP
ORD124440,04-01-2024,BR11,UAE,Abu Dhabi,CUST7844,PROD199,TV,Sony Bravia 55,Sony,1,472.25,0.28,0.18,401.22,Net Banking,In-Store,EMP718,2,1,Standard,7,GBP
ORD124441,25-11-2024,BR5,India,Pune,CUST3947,PROD842,TV,LG OLED 48,OnePlus,2,1162.91,0.05,0.18,2607.24,Cash,Online,EMP481,1,1,Express,8,EUR
ORD124442,25-05-2023,BR10,USA,Dallas,CUST7535,PROD701,Laptop,HP Spectre x360,OnePlus,4,689.01,0.25,0.18,2439.1,UPI,Online,EMP269,2,0,Standard,2,INR
ORD124443,26-03-2023,BR115,UAE,Abu Dhabi,CUST6429,PROD598,Mobile,OnePlus 11,Samsung,2,861.21,0.24,0.18,1544.67,Net Banking,Online,EMP248,3,0,Standard,6,AED
ORD124444,07-02-2024,BR3,UK,Manchester,CUST3310,PROD502,TV,Sony Bravia 55,Lenovo,5,1071.5,0.27,0.18,4614.95,UPI,Online,EMP518,1,0,Express,6,EUR
ORD124445,27-06-2023,BR90,USA,Chicago,CUST8671,PROD583,Laptop,MacBook Air M2,Samsung,4,660.26,0.12,0.18,2742.46,Debit Card,In-Store,EMP719,2,0,Same Day,5,USD
ORD124446,27-09-2023,BR17,UAE,Dubai,CUST9276,PROD239,Accessories,Bluetooth Headphones,HP,3,816.57,0.13,0.18,2514.87,Credit Card,Online,EMP850,1,1,Standard,7,AED
ORD124447,24-08-2024,BR83,UK,Birmingham,CUST6075,PROD659,Mobile,iPhone 14,Apple,4,1874.57,0.03,0.18,8582.53,UPI,Online,EMP345,2,0,Standard,2,AED
ORD124448,11-02-2024,BR48,USA,Los Angeles,CUST5618,PROD373,Mobile,OnePlus 11,Dell,5,1830.88,0.19,0.18,8749.78,Cash,Online,EMP325,2,0,Same Day,3,GBP
ORD124449,06-02-2024,BR88,UAE,Abu Dhabi,CUST8265,PROD419,TV,LG OLED 48,LG,1,1243.08,0,0.18,1466.83,Net Banking,Online,EMP778,0,0,Standard,9,EUR
ORD124450,14-10-2023,BR9,UAE,Dubai,CUST6057,PROD803,Accessories,Bluetooth Headphones,Dell,4,1090.85,0.04,0.18,4942.86,UPI,In-Store,EMP486,3,1,Same Day,1,GBP
ORD124451,14-10-2024,BR60,UAE,Abu Dhabi,CUST3886,PROD770,Accessories,Wireless Mouse,LG,3,1278.66,0.09,0.18,4119.08,Net Banking,In-Store,EMP511,3,0,Express,2,GBP
ORD124452,04-06-2024,BR110,Germany,Hamburg,CUST7671,PROD738,Mobile,Samsung Galaxy S23,Samsung,3,769.96,0.29,0.18,1935.22,Debit Card,In-Store,EMP443,3,0,Same Day,4,GBP
ORD124453,29-04-2023,BR74,UK,London,CUST9755,PROD702,Laptop,Dell XPS 13,Sony,2,1011.28,0.21,0.18,1885.43,Net Banking,In-Store,EMP954,2,0,Express,1,EUR
ORD124454,30-03-2023,BR45,Germany,Hamburg,CUST2070,PROD748,Laptop,Dell XPS 13,LG,5,1237.86,0.13,0.18,6353.94,Credit Card,Online,EMP478,0,1,Standard,5,GBP
ORD124455,26-07-2024,BR37,USA,Chicago,CUST2133,PROD526,Laptop,MacBook Air M2,Apple,2,52.02,0.13,0.18,106.81,Debit Card,Online,EMP815,2,0,Standard,10,USD
ORD124456,02-07-2024,BR23,UAE,Dubai,CUST4195,PROD855,Mobile,OnePlus 11,Dell,2,699.01,0.18,0.18,1352.72,Credit Card,Online,EMP732,0,1,Standard,7,INR
ORD124457,02-03-2023,BR73,India,Bangalore,CUST9252,PROD332,TV,LG OLED 48,Dell,2,118.77,0.14,0.18,241.06,Cash,In-Store,EMP440,1,1,Express,1,EUR
ORD124458,15-08-2023,BR94,India,Mumbai,CUST9420,PROD784,Accessories,Wireless Mouse,Dell,4,1534.69,0.1,0.18,6519.36,Debit Card,Online,EMP341,0,1,Standard,9,INR
ORD124459,15-07-2024,BR7,India,Mumbai,CUST4373,PROD375,Tablet,Lenovo Tab P11,LG,3,1422.05,0.21,0.18,3976.91,Cash,In-Store,EMP264,0,1,Express,10,AED
ORD124460,03-04-2024,BR78,India,Pune,CUST7842,PROD332,TV,Sony Bravia 55,Sony,2,1113.8,0.03,0.18,2549.71,UPI,Online,EMP417,2,1,Same Day,3,AED
ORD124461,27-04-2024,BR14,UAE,Dubai,CUST7469,PROD871,Accessories,Keyboard,HP,5,1466.56,0.1,0.18,7787.43,Net Banking,Online,EMP579,2,1,Express,8,EUR
ORD124462,09-03-2023,BR9,UK,Birmingham,CUST1654,PROD734,Accessories,Keyboard,Apple,2,315.13,0.23,0.18,572.65,Cash,In-Store,EMP865,2,0,Express,6,USD
ORD124463,08-06-2023,BR70,Germany,Munich,CUST3185,PROD340,TV,LG OLED 48,Dell,1,922.89,0.15,0.18,925.66,UPI,In-Store,EMP391,2,0,Same Day,8,USD
ORD124464,12-04-2023,BR98,UAE,Dubai,CUST2778,PROD163,TV,LG OLED 48,OnePlus,4,347.67,0.22,0.18,1279.98,UPI,In-Store,EMP560,1,1,Standard,10,USD
ORD124465,14-06-2024,BR110,Germany,Hamburg,CUST6608,PROD860,Laptop,Dell XPS 13,Lenovo,1,203.98,0.06,0.18,226.25,Cash,In-Store,EMP940,0,1,Standard,3,GBP
ORD124466,11-10-2024,BR28,Germany,Hamburg,CUST5088,PROD199,TV,Sony Bravia 55,LG,1,1563.22,0.26,0.18,1365,Net Banking,In-Store,EMP909,2,1,Same Day,4,USD
ORD124467,02-10-2023,BR87,USA,Los Angeles,CUST8496,PROD849,Accessories,Wireless Mouse,OnePlus,1,601.69,0.21,0.18,560.9,Net Banking,Online,EMP350,2,0,Express,8,GBP
ORD124468,29-12-2023,BR111,Germany,Hamburg,CUST1191,PROD574,Tablet,iPad Air,OnePlus,5,1252.56,0.06,0.18,6946.7,Debit Card,Online,EMP208,1,0,Express,5,USD
ORD124469,07-06-2023,BR56,USA,New York,CUST9133,PROD850,Laptop,MacBook Air M2,Lenovo,5,1564.46,0.26,0.18,6830.43,UPI,In-Store,EMP260,2,0,Same Day,6,USD
ORD124470,01-07-2024,BR65,India,Bangalore,CUST6553,PROD366,TV,Samsung QLED 50,Sony,3,1229.25,0.21,0.18,3437.72,Credit Card,Online,EMP610,0,0,Express,3,GBP
ORD124471,08-05-2023,BR2,India,Pune,CUST5993,PROD774,Tablet,Samsung Galaxy Tab,HP,1,1221.36,0.08,0.18,1325.91,Debit Card,In-Store,EMP672,1,0,Express,4,INR
ORD124472,23-02-2024,BR38,USA,Dallas,CUST2128,PROD969,Tablet,iPad Air,HP,3,1662.64,0.21,0.18,4649.74,UPI,In-Store,EMP244,2,1,Standard,10,USD
ORD124473,14-03-2023,BR55,Germany,Berlin,CUST9578,PROD703,Mobile,OnePlus 11,Samsung,3,1481.85,0.16,0.18,4406.43,UPI,Online,EMP340,1,0,Express,5,GBP
ORD124474,06-07-2024,BR99,UK,Manchester,CUST8456,PROD906,Laptop,HP Spectre x360,Samsung,5,1474.79,0.15,0.18,7396.07,Debit Card,Online,EMP621,1,1,Express,7,EUR
ORD124475,08-10-2023,BR80,USA,New York,CUST8017,PROD190,Mobile,Samsung Galaxy S23,Samsung,3,1371.96,0.05,0.18,4613.9,Credit Card,In-Store,EMP656,2,1,Standard,2,GBP
ORD124476,16-10-2023,BR10,Germany,Hamburg,CUST7596,PROD202,TV,Sony Bravia 55,Apple,3,1866.46,0.03,0.18,6409.05,Cash,Online,EMP912,1,0,Express,7,EUR
ORD124477,16-10-2024,BR81,UAE,Abu Dhabi,CUST5597,PROD353,Accessories,Wireless Mouse,LG,1,1245.05,0.01,0.18,1454.47,Debit Card,In-Store,EMP237,1,1,Express,5,INR
ORD124478,10-09-2024,BR65,India,Pune,CUST9186,PROD744,Laptop,MacBook Air M2,OnePlus,3,1899.27,0.09,0.18,6118.31,Net Banking,Online,EMP599,1,0,Express,10,GBP
ORD124479,28-05-2024,BR110,UK,London,CUST9212,PROD926,TV,Sony Bravia 55,Dell,4,1348.32,0.21,0.18,5027.62,Credit Card,Online,EMP885,0,1,Express,2,INR
ORD124480,04-05-2024,BR22,Germany,Munich,CUST1124,PROD365,Laptop,HP Spectre x360,Dell,4,483.16,0.12,0.18,2006.85,UPI,Online,EMP492,3,0,Standard,2,EUR
ORD124481,11-04-2024,BR120,UAE,Dubai,CUST1710,PROD367,Laptop,Dell XPS 13,Lenovo,5,1785.34,0.2,0.18,8426.8,Cash,In-Store,EMP696,1,1,Express,3,AED
ORD124482,27-04-2023,BR25,Germany,Berlin,CUST3745,PROD801,Laptop,HP Spectre x360,LG,4,145.98,0.22,0.18,537.44,Cash,In-Store,EMP364,2,1,Standard,3,INR
ORD124483,08-12-2024,BR80,Germany,Munich,CUST9687,PROD842,TV,Samsung QLED 50,OnePlus,5,1197.22,0.18,0.18,5792.15,UPI,In-Store,EMP853,2,1,Standard,5,AED
ORD124484,11-03-2023,BR96,UAE,Abu Dhabi,CUST5002,PROD251,Tablet,Samsung Galaxy Tab,Samsung,2,1176.98,0.11,0.18,2472.13,Debit Card,Online,EMP996,3,1,Standard,6,INR
ORD124485,09-05-2024,BR37,Germany,Berlin,CUST4253,PROD145,TV,Sony Bravia 55,Apple,3,1258.5,0.01,0.18,4410.54,Cash,In-Store,EMP622,3,1,Standard,10,EUR
ORD124486,02-03-2023,BR18,UK,Birmingham,CUST8250,PROD743,Laptop,MacBook Air M2,Dell,4,550.13,0.18,0.18,2129.22,UPI,Online,EMP314,0,0,Same Day,3,INR
ORD124487,30-01-2024,BR107,UAE,Dubai,CUST9351,PROD848,Mobile,Samsung Galaxy S23,Lenovo,5,306.23,0.29,0.18,1282.8,Net Banking,Online,EMP882,3,1,Same Day,9,GBP
ORD124488,10-10-2024,BR3,USA,Chicago,CUST7615,PROD413,Laptop,MacBook Air M2,LG,4,269.27,0.29,0.18,902.38,UPI,In-Store,EMP807,2,1,Standard,6,USD
ORD124489,05-07-2023,BR119,India,Mumbai,CUST8461,PROD258,TV,Sony Bravia 55,LG,2,78.73,0.19,0.18,150.5,Net Banking,In-Store,EMP770,1,0,Same Day,8,GBP
ORD124490,12-04-2023,BR117,UK,Birmingham,CUST2699,PROD647,Mobile,OnePlus 11,Lenovo,4,1203.37,0.13,0.18,4941.52,UPI,Online,EMP249,1,0,Express,2,GBP
ORD124491,28-07-2023,BR101,USA,New York,CUST3329,PROD462,Laptop,HP Spectre x360,Sony,3,1255.66,0.25,0.18,3333.78,Debit Card,In-Store,EMP640,1,0,Express,7,AED
ORD124492,13-01-2023,BR41,UK,London,CUST9719,PROD205,Accessories,Bluetooth Headphones,Samsung,4,170.66,0.09,0.18,733.02,Debit Card,In-Store,EMP583,0,1,Same Day,7,EUR
ORD124493,28-06-2023,BR60,Germany,Munich,CUST4351,PROD486,Tablet,iPad Air,Sony,4,1763.42,0.2,0.18,6658.67,Net Banking,In-Store,EMP434,3,0,Express,10,EUR
ORD124494,14-04-2024,BR83,USA,Los Angeles,CUST6041,PROD787,Laptop,Dell XPS 13,Sony,3,443.76,0.23,0.18,1209.6,Credit Card,In-Store,EMP943,2,1,Express,3,INR
ORD124495,27-09-2023,BR28,UK,Birmingham,CUST6948,PROD251,TV,Sony Bravia 55,OnePlus,1,425.65,0.23,0.18,386.75,Cash,Online,EMP368,2,1,Same Day,6,EUR
ORD124496,21-09-2023,BR11,UK,Birmingham,CUST4489,PROD955,TV,LG OLED 48,Samsung,5,981.29,0.13,0.18,5036.96,Cash,Online,EMP504,2,1,Express,2,EUR
ORD124497,23-02-2024,BR69,Germany,Hamburg,CUST7893,PROD426,TV,LG OLED 48,LG,2,1835.69,0.12,0.18,3812.36,Cash,Online,EMP612,0,0,Standard,8,AED
ORD124498,03-09-2024,BR51,UAE,Dubai,CUST8934,PROD697,Accessories,Keyboard,OnePlus,1,1052.9,0.15,0.18,1056.06,Debit Card,Online,EMP309,0,1,Standard,10,INR
ORD124499,19-05-2024,BR117,UAE,Abu Dhabi,CUST7147,PROD494,Mobile,iPhone 14,HP,1,1979.27,0.04,0.18,2242.12,Cash,Online,EMP853,2,1,Express,9,AED
ORD124500,01-03-2024,BR38,India,Pune,CUST4302,PROD916,TV,Samsung QLED 50,Lenovo,5,539.2,0.25,0.18,2385.96,Credit Card,Online,EMP723,2,0,Express,9,EUR
ORD124501,02-04-2024,BR73,USA,Dallas,CUST2038,PROD863,Tablet,Lenovo Tab P11,Apple,3,1956.62,0.13,0.18,6026,UPI,Online,EMP979,3,0,Standard,7,USD
ORD124502,02-07-2023,BR21,UAE,Abu Dhabi,CUST3996,PROD433,Mobile,Samsung Galaxy S23,OnePlus,4,1871.35,0.16,0.18,7419.53,Net Banking,Online,EMP694,2,0,Standard,2,USD
ORD124503,25-07-2023,BR78,UK,Manchester,CUST2851,PROD349,Mobile,iPhone 14,Apple,3,1781,0.29,0.18,4476.37,Credit Card,In-Store,EMP383,3,0,Same Day,7,USD
ORD124504,30-05-2023,BR96,USA,Los Angeles,CUST5971,PROD624,Mobile,OnePlus 11,Sony,1,963.11,0.15,0.18,966,Debit Card,Online,EMP961,1,0,Standard,7,GBP
ORD124505,02-08-2024,BR94,UK,Birmingham,CUST5831,PROD435,Tablet,Lenovo Tab P11,Lenovo,1,275.18,0.25,0.18,243.53,Net Banking,Online,EMP520,3,1,Express,10,GBP
ORD124506,24-07-2023,BR106,India,Mumbai,CUST3054,PROD598,Laptop,Dell XPS 13,Dell,1,322.86,0.21,0.18,300.97,Credit Card,In-Store,EMP355,1,0,Express,4,INR
ORD124507,30-07-2024,BR91,India,Delhi,CUST2342,PROD403,TV,Sony Bravia 55,Dell,5,1835.14,0.08,0.18,9961.14,UPI,Online,EMP827,1,1,Standard,7,USD
ORD124508,26-01-2024,BR78,UK,London,CUST3258,PROD631,TV,LG OLED 48,Samsung,4,1584.86,0.15,0.18,6358.46,UPI,In-Store,EMP437,0,1,Express,8,INR
ORD124509,26-04-2023,BR67,USA,Dallas,CUST3790,PROD970,Laptop,MacBook Air M2,Dell,2,464.06,0.3,0.18,766.63,UPI,Online,EMP654,3,1,Same Day,4,INR
ORD124510,01-01-2023,BR105,UK,Birmingham,CUST8716,PROD916,Accessories,Wireless Mouse,Sony,4,1874.02,0.08,0.18,8137.74,Cash,Online,EMP548,1,0,Express,7,AED
ORD124511,27-01-2023,BR93,USA,Chicago,CUST3090,PROD708,Accessories,Keyboard,Lenovo,5,142.01,0.15,0.18,712.18,Net Banking,Online,EMP953,1,1,Express,10,GBP
ORD124512,29-06-2024,BR35,UAE,Dubai,CUST8141,PROD602,Mobile,Samsung Galaxy S23,Dell,2,453.07,0.12,0.18,940.94,UPI,Online,EMP438,2,0,Standard,2,EUR
ORD124513,10-03-2024,BR71,Germany,Munich,CUST8632,PROD741,TV,Sony Bravia 55,Apple,5,1201.24,0.06,0.18,6662.08,UPI,In-Store,EMP805,0,0,Standard,3,EUR
ORD124514,24-11-2023,BR45,USA,New York,CUST4062,PROD172,Accessories,Keyboard,LG,5,345.07,0.01,0.18,2015.55,Credit Card,In-Store,EMP972,0,0,Same Day,2,AED
ORD124515,05-08-2023,BR85,UK,Manchester,CUST2244,PROD249,Accessories,Keyboard,OnePlus,3,1453.1,0.02,0.18,5041.09,Cash,Online,EMP570,2,0,Standard,6,EUR
ORD124516,12-02-2024,BR41,UK,Manchester,CUST7108,PROD866,Laptop,Dell XPS 13,HP,2,1222.43,0.09,0.18,2625.29,Cash,Online,EMP854,0,0,Express,7,INR
ORD124517,21-07-2023,BR81,USA,Chicago,CUST2699,PROD528,Mobile,Samsung Galaxy S23,OnePlus,3,197.29,0.01,0.18,691.42,Net Banking,In-Store,EMP482,3,0,Express,3,AED
ORD124518,04-02-2023,BR50,UAE,Abu Dhabi,CUST3523,PROD804,Mobile,iPhone 14,Lenovo,4,1404.84,0.18,0.18,5437.29,Cash,Online,EMP823,2,1,Standard,1,GBP
ORD124519,25-09-2023,BR7,Germany,Berlin,CUST4850,PROD982,TV,Sony Bravia 55,Dell,1,1320.4,0.04,0.18,1495.75,Cash,In-Store,EMP870,1,0,Standard,8,USD
ORD124520,24-10-2024,BR57,UK,London,CUST2208,PROD877,Laptop,MacBook Air M2,Apple,5,1312.17,0.27,0.18,5651.52,UPI,In-Store,EMP732,0,1,Express,1,GBP
ORD124521,10-09-2024,BR103,India,Pune,CUST5840,PROD225,Tablet,iPad Air,Samsung,3,1534.13,0.28,0.18,3910.19,Credit Card,Online,EMP824,3,1,Standard,2,EUR
ORD124522,28-06-2024,BR44,USA,New York,CUST3405,PROD575,Tablet,Samsung Galaxy Tab,OnePlus,4,859.63,0.09,0.18,3692.28,Net Banking,In-Store,EMP534,1,1,Same Day,5,EUR
ORD124523,02-10-2023,BR120,India,Pune,CUST4700,PROD719,Tablet,Samsung Galaxy Tab,Sony,5,1426.17,0.24,0.18,6394.95,UPI,Online,EMP870,0,0,Express,2,INR
ORD124524,07-09-2024,BR116,UAE,Dubai,CUST4770,PROD302,Tablet,Samsung Galaxy Tab,Lenovo,2,1472.19,0.15,0.18,2953.21,Debit Card,In-Store,EMP790,0,1,Express,4,EUR
ORD124525,21-06-2024,BR30,UK,London,CUST4980,PROD740,Tablet,Lenovo Tab P11,HP,5,649.14,0.3,0.18,2680.95,Cash,In-Store,EMP713,2,1,Same Day,4,EUR
ORD124526,23-04-2023,BR2,Germany,Munich,CUST2827,PROD529,Tablet,Lenovo Tab P11,Sony,3,1748.89,0.26,0.18,4581.39,UPI,In-Store,EMP359,0,1,Standard,5,EUR
ORD124527,13-10-2024,BR18,USA,Los Angeles,CUST2995,PROD356,Tablet,Lenovo Tab P11,OnePlus,5,675.37,0.27,0.18,2908.82,Debit Card,In-Store,EMP757,3,0,Standard,7,INR
ORD124528,24-01-2024,BR88,UK,London,CUST9696,PROD596,Tablet,iPad Air,Dell,1,625.26,0.25,0.18,553.36,UPI,Online,EMP428,3,0,Express,9,USD
ORD124529,12-02-2024,BR78,India,Bangalore,CUST6480,PROD803,TV,LG OLED 48,Samsung,3,1943.99,0.26,0.18,5092.48,Cash,In-Store,EMP875,1,0,Express,6,AED
ORD124530,10-04-2023,BR114,UAE,Abu Dhabi,CUST1965,PROD683,Accessories,Keyboard,Samsung,5,1349.17,0.27,0.18,5810.88,Net Banking,In-Store,EMP777,2,0,Express,5,AED
ORD124531,20-11-2024,BR95,UK,Manchester,CUST3199,PROD103,Accessories,Keyboard,Dell,4,401.86,0.08,0.18,1745.04,Cash,Online,EMP546,2,0,Express,5,GBP
ORD124532,03-07-2023,BR23,UK,Birmingham,CUST9021,PROD170,Mobile,iPhone 14,LG,4,1493.54,0.12,0.18,6203.57,Cash,In-Store,EMP565,1,0,Standard,1,GBP
ORD124533,23-02-2023,BR81,Germany,Hamburg,CUST8412,PROD884,TV,LG OLED 48,Apple,3,762.74,0.21,0.18,2133.08,Cash,In-Store,EMP452,1,1,Same Day,7,USD
ORD124534,05-03-2024,BR28,UK,Birmingham,CUST4884,PROD771,TV,Samsung QLED 50,OnePlus,5,342.78,0.28,0.18,1456.13,Credit Card,Online,EMP523,0,1,Standard,10,USD
ORD124535,19-09-2023,BR107,India,Pune,CUST5877,PROD972,Mobile,OnePlus 11,Sony,2,678.42,0.24,0.18,1216.81,Debit Card,Online,EMP351,0,0,Same Day,4,EUR
ORD124536,28-02-2023,BR103,UK,Manchester,CUST6572,PROD783,Accessories,Wireless Mouse,OnePlus,3,439.61,0.1,0.18,1400.6,Cash,In-Store,EMP213,1,1,Same Day,4,EUR
ORD124537,19-11-2024,BR27,UK,London,CUST1664,PROD938,Mobile,Samsung Galaxy S23,Dell,5,169.5,0.2,0.18,800.04,Cash,Online,EMP549,1,1,Standard,10,GBP
ORD124538,25-06-2024,BR89,UK,Manchester,CUST5562,PROD326,TV,LG OLED 48,Sony,4,1364.43,0.27,0.18,4701.28,Cash,Online,EMP717,2,1,Same Day,2,AED
ORD124539,18-03-2023,BR85,UK,London,CUST3362,PROD698,Laptop,Dell XPS 13,Dell,1,1558.36,0.07,0.18,1710.14,Credit Card,Online,EMP770,0,1,Standard,5,USD
ORD124540,27-05-2023,BR48,UK,Birmingham,CUST7634,PROD339,Accessories,Bluetooth Headphones,Apple,3,1267.58,0.2,0.18,3589.79,Debit Card,In-Store,EMP612,2,0,Same Day,3,AED
ORD124541,28-05-2023,BR77,Germany,Hamburg,CUST6699,PROD775,TV,Samsung QLED 50,Lenovo,3,1655.93,0.02,0.18,5744.75,UPI,Online,EMP618,2,0,Express,7,EUR
ORD124542,21-02-2023,BR45,Germany,Berlin,CUST8285,PROD833,Mobile,Samsung Galaxy S23,OnePlus,1,1566.08,0.04,0.18,1774.06,Debit Card,Online,EMP537,2,0,Express,6,INR
ORD124543,08-12-2024,BR39,Germany,Munich,CUST1341,PROD304,Accessories,Wireless Mouse,HP,5,1887.43,0.2,0.18,8908.67,Credit Card,Online,EMP551,0,0,Same Day,8,EUR
ORD124544,11-03-2024,BR11,USA,Los Angeles,CUST4054,PROD353,Laptop,HP Spectre x360,HP,2,546.35,0.23,0.18,992.83,UPI,Online,EMP301,3,1,Express,6,GBP
ORD124545,17-01-2024,BR37,UAE,Dubai,CUST8938,PROD670,Tablet,Samsung Galaxy Tab,OnePlus,1,1235.89,0.24,0.18,1108.35,Net Banking,Online,EMP297,1,1,Express,1,EUR
ORD124546,19-03-2024,BR105,USA,Los Angeles,CUST6542,PROD378,TV,Sony Bravia 55,Lenovo,5,1197.58,0.09,0.18,6429.81,Net Banking,Online,EMP574,0,1,Express,3,INR
ORD124547,08-05-2023,BR93,USA,Los Angeles,CUST3339,PROD889,TV,LG OLED 48,Lenovo,1,1703.33,0.18,0.18,1648.14,UPI,Online,EMP447,0,0,Express,3,GBP
ORD124548,17-04-2024,BR63,USA,Chicago,CUST8367,PROD359,TV,Sony Bravia 55,Sony,5,1546.14,0.18,0.18,7480.23,Debit Card,Online,EMP261,2,0,Express,6,EUR
ORD124549,20-08-2024,BR56,UK,Birmingham,CUST5649,PROD826,Tablet,Samsung Galaxy Tab,Apple,5,1318.85,0.24,0.18,5913.72,Credit Card,In-Store,EMP835,2,1,Express,1,INR
ORD124550,31-05-2024,BR16,Germany,Hamburg,CUST7430,PROD358,Tablet,Lenovo Tab P11,Apple,2,500.74,0.23,0.18,909.94,Credit Card,Online,EMP983,2,0,Express,1,AED
ORD124551,20-06-2023,BR27,Germany,Hamburg,CUST8618,PROD399,TV,Sony Bravia 55,HP,4,760.87,0.14,0.18,3088.52,Net Banking,In-Store,EMP656,0,0,Standard,10,USD
ORD124552,24-02-2023,BR33,UK,London,CUST1614,PROD471,Accessories,Wireless Mouse,Sony,2,1361.77,0.3,0.18,2249.64,Net Banking,Online,EMP669,3,0,Standard,7,USD
ORD124553,17-02-2023,BR45,Germany,Hamburg,CUST3813,PROD221,Accessories,Bluetooth Headphones,Dell,2,456.24,0.22,0.18,839.85,Cash,In-Store,EMP803,0,1,Standard,9,GBP
ORD124554,19-10-2023,BR6,Germany,Munich,CUST9994,PROD333,Accessories,Wireless Mouse,Lenovo,3,1095.82,0.18,0.18,3180.95,Cash,In-Store,EMP851,3,1,Standard,3,USD
ORD124555,26-10-2024,BR14,UK,Birmingham,CUST6887,PROD913,Laptop,HP Spectre x360,Sony,4,622.12,0.13,0.18,2554.67,UPI,In-Store,EMP484,2,1,Standard,5,GBP
ORD124556,02-03-2023,BR35,UAE,Abu Dhabi,CUST2961,PROD832,Mobile,OnePlus 11,Samsung,5,1473.37,0.3,0.18,6085.02,Net Banking,Online,EMP365,0,0,Express,2,USD
ORD124557,13-03-2024,BR47,USA,Dallas,CUST6196,PROD442,Tablet,iPad Air,OnePlus,5,704.63,0.12,0.18,3658.44,Debit Card,In-Store,EMP385,0,0,Standard,1,EUR
ORD124558,01-05-2023,BR13,UK,Manchester,CUST9848,PROD881,Tablet,Lenovo Tab P11,Samsung,4,185.11,0.16,0.18,733.92,Net Banking,Online,EMP514,0,1,Express,8,GBP
ORD124559,03-10-2024,BR56,India,Bangalore,CUST3381,PROD542,Laptop,HP Spectre x360,Apple,2,1335.25,0.26,0.18,2331.88,Debit Card,Online,EMP271,0,0,Same Day,8,USD
ORD124560,18-10-2023,BR116,UK,London,CUST4770,PROD227,Laptop,MacBook Air M2,Sony,4,552.77,0.21,0.18,2061.17,Debit Card,In-Store,EMP729,1,0,Same Day,10,EUR
ORD124561,31-08-2023,BR71,India,Pune,CUST9205,PROD117,Accessories,Keyboard,Samsung,5,94.57,0.01,0.18,552.38,Cash,Online,EMP447,2,0,Standard,8,INR
ORD124562,28-09-2024,BR24,USA,Dallas,CUST4881,PROD939,TV,Samsung QLED 50,Lenovo,1,505.08,0.09,0.18,542.35,UPI,Online,EMP202,0,1,Standard,10,AED
ORD124563,09-10-2023,BR5,India,Pune,CUST6087,PROD890,Mobile,iPhone 14,Dell,5,1303.6,0.03,0.18,7460.5,Debit Card,Online,EMP234,0,1,Same Day,9,GBP
ORD124564,13-04-2023,BR31,India,Bangalore,CUST5229,PROD647,Tablet,Lenovo Tab P11,Apple,4,475.41,0.04,0.18,2154.18,Cash,In-Store,EMP375,0,0,Standard,7,AED
ORD124565,17-03-2023,BR43,Germany,Munich,CUST6376,PROD889,Tablet,Samsung Galaxy Tab,Samsung,5,1912.46,0.17,0.18,9365.32,Debit Card,Online,EMP830,2,0,Standard,5,GBP
ORD124566,05-02-2024,BR52,India,Mumbai,CUST3461,PROD880,Laptop,Dell XPS 13,Dell,2,1357.28,0.23,0.18,2466.45,UPI,Online,EMP737,2,1,Standard,5,USD
ORD124567,21-02-2023,BR95,India,Mumbai,CUST1775,PROD168,Accessories,Keyboard,Samsung,1,892.27,0.27,0.18,768.6,Credit Card,In-Store,EMP689,1,0,Express,8,AED
ORD124568,28-02-2024,BR120,India,Bangalore,CUST7849,PROD658,Tablet,Lenovo Tab P11,OnePlus,1,114.86,0.03,0.18,131.47,Cash,Online,EMP342,3,0,Standard,2,USD
ORD124569,17-05-2024,BR76,India,Bangalore,CUST7946,PROD113,Tablet,iPad Air,OnePlus,1,1166.06,0.06,0.18,1293.39,Debit Card,Online,EMP528,2,1,Standard,1,AED
ORD124570,11-05-2023,BR83,UK,Manchester,CUST9924,PROD200,Mobile,Samsung Galaxy S23,LG,2,635.78,0.02,0.18,1470.43,Debit Card,Online,EMP335,0,1,Express,2,USD
ORD124571,16-04-2024,BR50,India,Mumbai,CUST6284,PROD519,TV,Sony Bravia 55,LG,5,802.76,0.24,0.18,3599.58,Net Banking,In-Store,EMP268,0,0,Same Day,2,INR
ORD124572,09-06-2024,BR52,UK,Birmingham,CUST4668,PROD961,TV,LG OLED 48,Dell,2,257.02,0.08,0.18,558.04,Debit Card,Online,EMP897,3,0,Express,2,EUR
ORD124573,17-03-2023,BR68,Germany,Berlin,CUST9171,PROD816,Accessories,Wireless Mouse,OnePlus,4,375.12,0.2,0.18,1416.45,Net Banking,Online,EMP771,3,1,Same Day,2,INR
ORD124574,08-12-2023,BR5,UAE,Abu Dhabi,CUST3277,PROD527,Mobile,iPhone 14,Apple,5,416.49,0.13,0.18,2137.84,Credit Card,Online,EMP224,3,0,Same Day,4,USD
ORD124575,16-03-2024,BR4,India,Mumbai,CUST5878,PROD900,TV,Sony Bravia 55,LG,5,786.73,0.1,0.18,4177.54,UPI,In-Store,EMP273,0,0,Standard,10,INR
ORD124576,30-09-2024,BR74,USA,Chicago,CUST8397,PROD108,TV,Sony Bravia 55,Sony,5,1325.7,0.11,0.18,6961.25,UPI,Online,EMP265,0,1,Same Day,10,GBP
ORD124577,01-08-2023,BR71,UAE,Dubai,CUST2169,PROD295,Accessories,Bluetooth Headphones,Dell,2,1459.15,0.29,0.18,2444.95,Credit Card,In-Store,EMP768,2,0,Same Day,9,EUR
ORD124578,03-07-2024,BR28,USA,Dallas,CUST5517,PROD887,TV,Sony Bravia 55,Apple,5,1353.79,0.15,0.18,6789.26,UPI,Online,EMP900,1,1,Standard,4,USD
ORD124579,13-08-2023,BR70,UK,Manchester,CUST2162,PROD382,Mobile,iPhone 14,OnePlus,5,679.56,0.29,0.18,2846.68,Debit Card,Online,EMP583,1,0,Standard,8,INR
ORD124580,13-12-2023,BR11,UAE,Dubai,CUST5088,PROD283,Mobile,iPhone 14,Samsung,1,1348.53,0.07,0.18,1479.88,Credit Card,In-Store,EMP425,1,0,Express,10,INR
ORD124581,07-05-2023,BR42,India,Delhi,CUST7863,PROD627,Mobile,Samsung Galaxy S23,Sony,2,1659.65,0.08,0.18,3603.43,Credit Card,Online,EMP689,2,0,Express,2,GBP
ORD124582,23-03-2023,BR29,UAE,Abu Dhabi,CUST7935,PROD511,Tablet,Lenovo Tab P11,Apple,1,1592.89,0.25,0.18,1409.71,Net Banking,Online,EMP993,1,1,Standard,6,AED
ORD124583,31-01-2023,BR47,UK,London,CUST3271,PROD703,Tablet,iPad Air,HP,2,1923.31,0.28,0.18,3268.09,Net Banking,Online,EMP203,1,1,Standard,7,INR
ORD124584,19-04-2024,BR2,USA,New York,CUST5931,PROD185,Tablet,Lenovo Tab P11,Apple,1,1895.17,0.01,0.18,2213.94,Cash,In-Store,EMP562,1,0,Standard,2,EUR
ORD124585,21-11-2024,BR63,Germany,Munich,CUST3379,PROD447,Laptop,MacBook Air M2,Dell,5,1533.45,0.13,0.18,7871.2,Debit Card,In-Store,EMP544,3,1,Same Day,3,AED
ORD124586,05-03-2023,BR114,UK,Birmingham,CUST6515,PROD396,Accessories,Keyboard,Samsung,2,1788.24,0.15,0.18,3587.21,Debit Card,Online,EMP774,2,0,Standard,5,EUR
ORD124587,28-01-2024,BR20,Germany,Berlin,CUST4534,PROD896,Accessories,Wireless Mouse,Samsung,1,373.75,0.14,0.18,379.28,Net Banking,In-Store,EMP352,1,1,Same Day,6,USD
ORD124588,12-08-2023,BR71,USA,Los Angeles,CUST5776,PROD205,Accessories,Bluetooth Headphones,Lenovo,5,940.65,0.05,0.18,5272.34,Cash,Online,EMP691,3,0,Express,5,GBP
ORD124589,02-07-2023,BR104,UK,London,CUST1976,PROD733,Mobile,iPhone 14,OnePlus,4,816.94,0.02,0.18,3778.84,Net Banking,Online,EMP937,2,1,Express,4,EUR
ORD124590,03-01-2024,BR66,UK,London,CUST6501,PROD513,Accessories,Wireless Mouse,Dell,1,1603.66,0.13,0.18,1646.32,Debit Card,In-Store,EMP201,1,1,Express,8,INR
ORD124591,02-07-2023,BR56,India,Pune,CUST1609,PROD941,Tablet,Lenovo Tab P11,Dell,5,1251.13,0.05,0.18,7012.58,Debit Card,In-Store,EMP756,3,1,Same Day,2,USD
ORD124592,20-07-2023,BR57,India,Pune,CUST4016,PROD824,Accessories,Wireless Mouse,Lenovo,3,1942.09,0.24,0.18,5225,Cash,In-Store,EMP911,1,0,Express,9,GBP
ORD124593,02-04-2023,BR49,UAE,Dubai,CUST4017,PROD849,Tablet,Lenovo Tab P11,Samsung,1,54.95,0.06,0.18,60.95,Debit Card,Online,EMP968,0,1,Same Day,9,INR
ORD124594,12-05-2023,BR78,Germany,Berlin,CUST2478,PROD504,Laptop,MacBook Air M2,Sony,1,924.39,0.07,0.18,1014.43,Debit Card,Online,EMP561,0,0,Express,6,USD
ORD124595,07-02-2023,BR21,USA,Dallas,CUST3334,PROD658,Mobile,Samsung Galaxy S23,Dell,4,447.86,0.29,0.18,1500.87,UPI,Online,EMP557,2,0,Express,1,USD
ORD124596,08-01-2023,BR38,India,Bangalore,CUST4572,PROD606,Laptop,HP Spectre x360,Apple,2,218.07,0.11,0.18,458.03,UPI,In-Store,EMP321,2,0,Standard,7,AED
ORD124597,22-10-2023,BR95,USA,Chicago,CUST9992,PROD707,Tablet,Samsung Galaxy Tab,HP,2,1850.74,0.21,0.18,3450.52,Net Banking,In-Store,EMP673,3,1,Same Day,2,AED
ORD124598,02-02-2023,BR63,Germany,Hamburg,CUST9295,PROD673,TV,Sony Bravia 55,HP,3,904.81,0.22,0.18,2498.36,Net Banking,Online,EMP763,1,1,Express,8,USD
ORD124599,27-08-2023,BR10,USA,Dallas,CUST5283,PROD261,Accessories,Keyboard,HP,3,1147.95,0.05,0.18,3860.56,Credit Card,Online,EMP582,2,0,Express,6,GBP
ORD124600,10-04-2023,BR13,USA,Dallas,CUST7207,PROD698,Tablet,Lenovo Tab P11,Dell,3,1084.7,0.2,0.18,3071.87,UPI,Online,EMP377,0,0,Express,2,USD
ORD124601,20-06-2024,BR84,India,Bangalore,CUST3794,PROD678,Mobile,iPhone 14,Apple,1,113.39,0.13,0.18,116.41,UPI,In-Store,EMP980,2,1,Express,5,AED
ORD124602,15-05-2023,BR101,USA,Chicago,CUST6267,PROD701,TV,LG OLED 48,Samsung,2,1522.62,0.13,0.18,3126.24,Cash,Online,EMP502,1,1,Express,6,AED
ORD124603,09-08-2024,BR67,India,Bangalore,CUST3319,PROD410,Accessories,Wireless Mouse,HP,1,734.17,0.29,0.18,615.09,Credit Card,In-Store,EMP265,2,1,Same Day,9,AED
ORD124604,17-07-2023,BR68,UK,London,CUST4105,PROD337,Laptop,HP Spectre x360,Sony,2,476.09,0.19,0.18,910.09,UPI,In-Store,EMP475,3,0,Standard,1,INR
ORD124605,22-01-2023,BR101,Germany,Berlin,CUST6379,PROD285,TV,Samsung QLED 50,Apple,1,847.4,0.21,0.18,789.95,Net Banking,Online,EMP987,2,1,Standard,1,GBP
ORD124606,02-08-2023,BR98,UAE,Abu Dhabi,CUST4437,PROD579,Tablet,Lenovo Tab P11,Lenovo,2,1490.26,0.16,0.18,2954.29,Cash,In-Store,EMP904,0,0,Express,5,INR
ORD124607,28-11-2024,BR56,USA,Los Angeles,CUST7135,PROD840,TV,Sony Bravia 55,Sony,1,841.8,0.05,0.18,943.66,Credit Card,In-Store,EMP982,2,0,Same Day,8,AED
ORD124608,24-08-2024,BR71,Germany,Munich,CUST1853,PROD168,Tablet,Lenovo Tab P11,Dell,3,1605.01,0.12,0.18,4999.93,Net Banking,In-Store,EMP961,2,0,Same Day,2,GBP
ORD124609,04-10-2023,BR21,Germany,Hamburg,CUST4180,PROD447,Tablet,iPad Air,HP,3,1892.56,0.18,0.18,5493.72,Net Banking,In-Store,EMP363,1,1,Same Day,2,AED
ORD124610,10-02-2023,BR111,UK,London,CUST7667,PROD580,Tablet,Lenovo Tab P11,Lenovo,4,1079.88,0.06,0.18,4791.21,Debit Card,Online,EMP556,0,0,Express,3,EUR
ORD124611,07-08-2023,BR31,India,Mumbai,CUST5295,PROD328,Tablet,iPad Air,OnePlus,5,997.02,0.21,0.18,4647.11,Debit Card,In-Store,EMP953,0,1,Standard,2,GBP
ORD124612,31-08-2024,BR109,USA,Los Angeles,CUST7589,PROD981,Mobile,Samsung Galaxy S23,Samsung,3,1561.82,0.21,0.18,4367.79,UPI,Online,EMP736,2,1,Standard,3,EUR
ORD124613,27-05-2023,BR47,UAE,Dubai,CUST5074,PROD414,Laptop,HP Spectre x360,Samsung,1,445.07,0.18,0.18,430.65,Net Banking,Online,EMP740,1,1,Same Day,2,USD
ORD124614,08-06-2023,BR30,India,Mumbai,CUST9810,PROD847,Tablet,iPad Air,Apple,1,1625.12,0.11,0.18,1706.7,Debit Card,Online,EMP701,1,0,Standard,10,USD
ORD124615,27-01-2024,BR101,Germany,Munich,CUST1764,PROD686,Laptop,Dell XPS 13,LG,1,1365.69,0.22,0.18,1256.98,UPI,In-Store,EMP388,1,1,Express,10,EUR
ORD124616,04-05-2024,BR34,UK,Manchester,CUST7753,PROD181,Mobile,OnePlus 11,Sony,1,767.74,0.03,0.18,878.76,Cash,Online,EMP694,3,0,Standard,9,USD
ORD124617,22-04-2023,BR84,UK,Birmingham,CUST7013,PROD182,Mobile,Samsung Galaxy S23,Dell,1,1150.3,0.24,0.18,1031.59,Cash,Online,EMP864,2,1,Same Day,6,INR
ORD124618,29-11-2024,BR61,USA,Los Angeles,CUST8233,PROD896,TV,Sony Bravia 55,Samsung,1,1599.64,0.29,0.18,1340.18,UPI,In-Store,EMP494,2,1,Express,7,USD
ORD124619,08-06-2024,BR46,India,Pune,CUST3210,PROD212,Laptop,MacBook Air M2,HP,4,1847.05,0.26,0.18,6451.38,Net Banking,In-Store,EMP699,3,1,Standard,2,EUR
ORD124620,20-06-2024,BR52,USA,Chicago,CUST3689,PROD755,Tablet,iPad Air,Apple,5,1327.61,0.17,0.18,6501.31,UPI,In-Store,EMP357,2,1,Express,1,USD
ORD124621,01-03-2024,BR60,India,Delhi,CUST9617,PROD618,TV,LG OLED 48,HP,3,417.4,0.17,0.18,1226.4,Net Banking,Online,EMP202,3,1,Express,9,USD
ORD124622,16-03-2023,BR109,India,Delhi,CUST4810,PROD882,Laptop,Dell XPS 13,HP,3,168.91,0.25,0.18,448.46,Cash,Online,EMP643,1,1,Standard,8,GBP
ORD124623,18-10-2023,BR114,India,Mumbai,CUST6942,PROD244,Mobile,iPhone 14,Sony,2,524.95,0.21,0.18,978.72,Cash,In-Store,EMP548,3,1,Standard,3,AED
ORD124624,08-10-2024,BR32,UK,Manchester,CUST5810,PROD660,Accessories,Keyboard,Apple,3,1089.28,0.28,0.18,2776.36,Debit Card,Online,EMP895,0,0,Express,7,EUR
ORD124625,31-03-2024,BR22,UAE,Abu Dhabi,CUST2877,PROD575,Laptop,HP Spectre x360,Sony,3,450.11,0.28,0.18,1147.24,Debit Card,Online,EMP887,3,0,Standard,4,EUR
ORD124626,14-06-2023,BR14,Germany,Berlin,CUST2232,PROD107,Accessories,Wireless Mouse,OnePlus,2,546.88,0.14,0.18,1109.95,Debit Card,Online,EMP535,1,1,Express,10,USD
ORD124627,15-04-2024,BR19,UK,Birmingham,CUST4013,PROD652,Tablet,Lenovo Tab P11,HP,3,1870.67,0.22,0.18,5165.29,Debit Card,In-Store,EMP734,1,0,Standard,2,EUR
ORD124628,18-07-2024,BR16,UAE,Abu Dhabi,CUST4784,PROD408,Tablet,iPad Air,LG,1,765.25,0.19,0.18,731.43,UPI,Online,EMP678,3,1,Standard,4,INR
ORD124629,12-09-2023,BR40,UAE,Dubai,CUST6520,PROD835,Accessories,Keyboard,LG,2,1740.95,0.12,0.18,3615.6,Credit Card,In-Store,EMP213,0,0,Standard,7,INR
ORD124630,05-03-2024,BR113,UAE,Abu Dhabi,CUST2522,PROD228,Mobile,iPhone 14,Apple,4,552.67,0.16,0.18,2191.23,Debit Card,In-Store,EMP853,1,1,Same Day,8,INR
ORD124631,16-04-2024,BR39,UK,Manchester,CUST3875,PROD794,Accessories,Keyboard,Lenovo,3,169.24,0.03,0.18,581.14,Credit Card,In-Store,EMP977,2,1,Standard,3,EUR
ORD124632,10-02-2024,BR6,India,Pune,CUST7081,PROD441,Accessories,Wireless Mouse,Lenovo,5,1097.85,0.06,0.18,6088.68,Cash,In-Store,EMP712,0,1,Same Day,5,AED
ORD124633,07-07-2024,BR119,USA,Los Angeles,CUST3735,PROD297,Tablet,Samsung Galaxy Tab,Apple,4,920.24,0.01,0.18,4300.1,UPI,In-Store,EMP702,3,0,Same Day,9,USD
ORD124634,21-05-2023,BR35,India,Bangalore,CUST8183,PROD866,Mobile,Samsung Galaxy S23,HP,4,681.95,0.07,0.18,2993.49,UPI,Online,EMP764,1,0,Same Day,2,INR
ORD124635,28-08-2024,BR19,UAE,Dubai,CUST7495,PROD111,TV,Samsung QLED 50,Samsung,5,1111.52,0.23,0.18,5049.64,Credit Card,Online,EMP557,0,0,Express,8,EUR
ORD124636,11-09-2023,BR5,UK,London,CUST6272,PROD449,Tablet,Samsung Galaxy Tab,Samsung,5,1688.19,0.04,0.18,9561.91,Cash,In-Store,EMP477,3,0,Standard,10,USD
ORD124637,04-06-2023,BR52,UAE,Abu Dhabi,CUST2431,PROD353,Mobile,Samsung Galaxy S23,Lenovo,5,499.32,0.18,0.18,2415.71,Net Banking,In-Store,EMP573,0,0,Express,10,EUR
ORD124638,04-11-2024,BR60,India,Delhi,CUST2635,PROD277,Tablet,iPad Air,LG,4,1967.61,0.15,0.18,7894.05,Credit Card,In-Store,EMP211,2,0,Standard,10,INR
ORD124639,14-02-2024,BR82,UK,Birmingham,CUST9704,PROD865,Mobile,Samsung Galaxy S23,OnePlus,5,222.83,0.09,0.18,1196.37,Net Banking,Online,EMP941,2,1,Standard,2,USD
ORD124640,16-02-2023,BR93,UK,Birmingham,CUST5106,PROD829,Laptop,HP Spectre x360,Lenovo,5,431.48,0.23,0.18,1960.21,Credit Card,In-Store,EMP238,3,0,Same Day,5,USD
ORD124641,08-02-2024,BR87,India,Mumbai,CUST6723,PROD603,Tablet,Samsung Galaxy Tab,Apple,4,406.69,0.12,0.18,1689.23,UPI,Online,EMP942,0,0,Standard,5,USD
ORD124642,03-02-2024,BR33,India,Mumbai,CUST6735,PROD893,TV,Samsung QLED 50,Sony,4,307.18,0.23,0.18,1116.41,Credit Card,In-Store,EMP821,2,1,Same Day,4,EUR
ORD124643,22-09-2024,BR104,UAE,Dubai,CUST4746,PROD885,TV,LG OLED 48,Samsung,4,382.59,0.26,0.18,1336.31,Net Banking,Online,EMP682,2,0,Standard,4,GBP
ORD124644,13-06-2023,BR94,USA,Los Angeles,CUST9721,PROD258,TV,Samsung QLED 50,LG,1,431.58,0.13,0.18,443.06,Cash,Online,EMP286,1,0,Express,1,USD
ORD124645,13-09-2023,BR110,UAE,Abu Dhabi,CUST1542,PROD576,Laptop,HP Spectre x360,Samsung,1,257.64,0.27,0.18,221.93,UPI,In-Store,EMP219,3,1,Express,6,INR
ORD124646,06-10-2023,BR95,USA,Dallas,CUST5720,PROD404,Tablet,Lenovo Tab P11,Lenovo,3,70.82,0.06,0.18,235.66,Cash,Online,EMP277,1,0,Same Day,4,GBP
ORD124647,28-10-2024,BR45,Germany,Berlin,CUST1553,PROD186,Mobile,Samsung Galaxy S23,Apple,4,1470.55,0.02,0.18,6802.18,Net Banking,Online,EMP355,0,1,Same Day,9,AED
ORD124648,03-12-2024,BR98,UAE,Dubai,CUST5666,PROD228,Accessories,Bluetooth Headphones,Dell,5,703.7,0.06,0.18,3902.72,Cash,In-Store,EMP725,3,1,Express,7,EUR
ORD124649,14-09-2024,BR2,USA,New York,CUST1952,PROD636,Laptop,MacBook Air M2,HP,5,606.27,0.09,0.18,3255.06,Credit Card,Online,EMP903,0,1,Same Day,8,USD
ORD124650,26-09-2024,BR83,Germany,Berlin,CUST8452,PROD592,Accessories,Bluetooth Headphones,Apple,3,1959.68,0.27,0.18,5064.21,Debit Card,Online,EMP290,1,0,Standard,1,INR
ORD124651,07-11-2024,BR112,Germany,Munich,CUST5188,PROD990,Accessories,Wireless Mouse,Sony,4,386.39,0.27,0.18,1331.35,Credit Card,Online,EMP654,2,0,Same Day,6,EUR
ORD124652,05-04-2024,BR97,UK,Birmingham,CUST1057,PROD559,Accessories,Keyboard,Dell,5,1598.43,0.16,0.18,7921.82,Cash,In-Store,EMP451,1,0,Express,4,USD
ORD124653,11-06-2023,BR10,UK,Manchester,CUST7192,PROD344,Laptop,MacBook Air M2,Lenovo,1,667.8,0.21,0.18,622.52,Net Banking,In-Store,EMP526,0,0,Express,6,INR
ORD124654,18-03-2024,BR34,UAE,Dubai,CUST1445,PROD451,Accessories,Wireless Mouse,Lenovo,5,1679.21,0.2,0.18,7925.87,Cash,In-Store,EMP438,1,0,Standard,7,USD
ORD124655,11-07-2024,BR93,UAE,Abu Dhabi,CUST2007,PROD423,TV,Sony Bravia 55,LG,2,681.45,0.16,0.18,1350.91,Cash,In-Store,EMP960,0,0,Same Day,1,GBP
ORD124656,16-12-2024,BR87,USA,Dallas,CUST4207,PROD487,Mobile,OnePlus 11,Samsung,5,833.46,0.12,0.18,4327.32,Debit Card,In-Store,EMP331,3,0,Standard,7,GBP
ORD124657,03-09-2024,BR1,Germany,Munich,CUST8383,PROD411,Accessories,Bluetooth Headphones,Dell,5,581.3,0.24,0.18,2606.55,Cash,In-Store,EMP644,1,0,Standard,7,GBP
ORD124658,11-11-2024,BR83,Germany,Berlin,CUST9582,PROD574,TV,Samsung QLED 50,OnePlus,4,285.2,0.01,0.18,1332.68,UPI,In-Store,EMP383,3,1,Same Day,4,GBP
ORD124659,10-04-2024,BR71,Germany,Hamburg,CUST6419,PROD788,Tablet,Samsung Galaxy Tab,Sony,3,1965.47,0.24,0.18,5287.9,Credit Card,In-Store,EMP332,3,0,Same Day,8,EUR
ORD124660,07-12-2023,BR92,UAE,Abu Dhabi,CUST9927,PROD122,Mobile,OnePlus 11,Dell,1,1437.24,0.24,0.18,1288.92,UPI,Online,EMP887,2,1,Express,9,EUR
ORD124661,30-07-2023,BR81,Germany,Berlin,CUST6770,PROD557,Accessories,Keyboard,Apple,1,838.06,0.03,0.18,959.24,Cash,In-Store,EMP676,2,0,Same Day,2,INR
ORD124662,06-10-2023,BR57,UK,Birmingham,CUST6488,PROD517,TV,Sony Bravia 55,Samsung,2,197.92,0.16,0.18,392.36,Cash,Online,EMP331,3,0,Same Day,5,AED
ORD124663,02-01-2024,BR34,India,Mumbai,CUST5493,PROD994,Accessories,Keyboard,Samsung,2,1224.42,0.05,0.18,2745.15,Net Banking,Online,EMP819,1,1,Express,7,AED
ORD124664,11-08-2024,BR5,UAE,Abu Dhabi,CUST7469,PROD871,Laptop,HP Spectre x360,OnePlus,5,1676.61,0.14,0.18,8507.12,Net Banking,Online,EMP381,1,0,Express,7,INR
ORD124665,13-07-2023,BR41,India,Delhi,CUST5952,PROD835,Mobile,iPhone 14,Sony,1,1970.18,0.14,0.18,1999.34,Credit Card,In-Store,EMP507,1,0,Standard,2,INR
ORD124666,15-01-2023,BR9,Germany,Munich,CUST8200,PROD452,Accessories,Wireless Mouse,OnePlus,2,1387.33,0.11,0.18,2913.95,Cash,In-Store,EMP501,0,1,Same Day,7,GBP
ORD124667,18-04-2023,BR37,India,Mumbai,CUST1270,PROD313,Mobile,Samsung Galaxy S23,LG,3,366.39,0.13,0.18,1128.41,Cash,In-Store,EMP835,2,0,Standard,8,EUR
ORD124668,17-01-2023,BR52,UAE,Abu Dhabi,CUST7817,PROD732,Tablet,Samsung Galaxy Tab,Apple,3,1091.35,0.28,0.18,2781.63,Debit Card,In-Store,EMP259,1,1,Express,4,AED
ORD124669,24-03-2023,BR11,India,Mumbai,CUST5603,PROD361,Mobile,Samsung Galaxy S23,Sony,5,1807.58,0.25,0.18,7998.54,UPI,Online,EMP589,3,1,Express,10,INR
ORD124670,01-06-2023,BR117,UAE,Abu Dhabi,CUST9717,PROD260,Tablet,iPad Air,Apple,2,1504.91,0.01,0.18,3516.07,UPI,Online,EMP486,0,0,Express,9,USD
ORD124671,12-04-2023,BR3,UAE,Dubai,CUST8684,PROD472,TV,LG OLED 48,Apple,3,1891.84,0.24,0.18,5089.81,Cash,Online,EMP367,0,0,Express,5,AED
ORD124672,15-04-2024,BR9,UAE,Abu Dhabi,CUST8308,PROD343,Laptop,MacBook Air M2,HP,3,575.92,0.06,0.18,1916.43,UPI,Online,EMP941,1,0,Same Day,3,INR
ORD124673,06-03-2024,BR114,Germany,Munich,CUST1954,PROD899,Laptop,HP Spectre x360,Apple,2,1346.06,0.01,0.18,3144.93,UPI,Online,EMP963,2,1,Same Day,6,INR
ORD124674,23-10-2023,BR49,USA,Chicago,CUST5482,PROD673,Accessories,Wireless Mouse,LG,2,1866.05,0.27,0.18,3214.83,UPI,In-Store,EMP752,0,1,Same Day,1,AED
ORD124675,15-12-2024,BR38,India,Bangalore,CUST9110,PROD589,Tablet,Samsung Galaxy Tab,Samsung,3,1796.11,0.17,0.18,5277.33,Net Banking,Online,EMP613,0,0,Express,4,GBP
ORD124676,01-05-2024,BR6,India,Delhi,CUST9450,PROD984,Accessories,Keyboard,Dell,1,266.72,0.26,0.18,232.9,Cash,Online,EMP736,3,1,Express,7,GBP
ORD124677,25-07-2023,BR53,UAE,Abu Dhabi,CUST6309,PROD563,Accessories,Bluetooth Headphones,Sony,2,348.94,0.28,0.18,592.92,Net Banking,Online,EMP510,2,1,Standard,10,GBP
ORD124678,09-10-2023,BR10,India,Bangalore,CUST6581,PROD693,Mobile,Samsung Galaxy S23,Sony,4,358.23,0.27,0.18,1234.32,Credit Card,In-Store,EMP510,2,1,Standard,1,USD
ORD124679,19-12-2024,BR65,USA,Los Angeles,CUST4625,PROD560,Accessories,Keyboard,Lenovo,1,778.6,0.14,0.18,790.12,Debit Card,Online,EMP285,0,1,Same Day,5,EUR
ORD124680,13-12-2024,BR116,UAE,Abu Dhabi,CUST1267,PROD800,Mobile,iPhone 14,Samsung,1,1498.95,0.09,0.18,1609.57,UPI,Online,EMP274,1,1,Express,3,EUR
ORD124681,14-07-2024,BR65,India,Mumbai,CUST7589,PROD990,Accessories,Wireless Mouse,Dell,3,1935.25,0.23,0.18,5275.1,Debit Card,Online,EMP655,0,1,Same Day,2,USD
ORD124682,02-02-2024,BR22,UAE,Dubai,CUST5826,PROD861,Mobile,iPhone 14,LG,2,1288.23,0.16,0.18,2553.79,Net Banking,In-Store,EMP354,2,0,Same Day,1,INR
ORD124683,22-06-2024,BR73,USA,New York,CUST6999,PROD242,TV,LG OLED 48,HP,5,1021.27,0.03,0.18,5844.73,Net Banking,Online,EMP800,1,1,Express,10,GBP
ORD124684,20-12-2023,BR58,UK,Manchester,CUST6517,PROD882,TV,Samsung QLED 50,HP,5,281.39,0.04,0.18,1593.79,Cash,Online,EMP699,3,1,Express,6,AED
ORD124685,06-07-2023,BR20,UAE,Abu Dhabi,CUST7217,PROD182,Accessories,Keyboard,LG,2,82.21,0.22,0.18,151.33,Credit Card,Online,EMP938,0,0,Standard,3,GBP
ORD124686,21-06-2024,BR29,India,Delhi,CUST1263,PROD955,Mobile,Samsung Galaxy S23,OnePlus,3,729.92,0.06,0.18,2428.88,Cash,In-Store,EMP263,2,1,Same Day,10,USD
ORD124687,03-12-2024,BR24,Germany,Berlin,CUST4027,PROD984,Tablet,iPad Air,Samsung,2,965.59,0.28,0.18,1640.73,Net Banking,In-Store,EMP383,2,1,Standard,3,INR
ORD124688,07-06-2023,BR116,Germany,Berlin,CUST1021,PROD610,Accessories,Keyboard,OnePlus,1,1021.11,0.02,0.18,1180.81,Credit Card,Online,EMP349,0,0,Same Day,2,USD
ORD124689,08-03-2023,BR47,USA,New York,CUST7352,PROD892,Tablet,iPad Air,Samsung,5,1835.96,0.03,0.18,10507.2,UPI,Online,EMP745,2,0,Express,9,GBP
ORD124690,01-08-2023,BR83,Germany,Hamburg,CUST8407,PROD469,Tablet,Lenovo Tab P11,Lenovo,3,850.19,0.18,0.18,2467.93,Debit Card,Online,EMP262,0,0,Same Day,2,GBP
ORD124691,20-11-2024,BR83,UK,London,CUST6144,PROD692,TV,LG OLED 48,OnePlus,3,1506.93,0.22,0.18,4160.94,Debit Card,Online,EMP909,2,1,Standard,10,EUR
ORD124692,05-07-2023,BR17,Germany,Hamburg,CUST1181,PROD662,Tablet,Samsung Galaxy Tab,Dell,4,430.84,0.04,0.18,1952.22,UPI,In-Store,EMP898,2,1,Express,6,AED
ORD124693,06-05-2024,BR94,USA,Chicago,CUST6241,PROD400,Mobile,Samsung Galaxy S23,Samsung,2,728.73,0.22,0.18,1341.45,Net Banking,In-Store,EMP930,0,0,Express,8,USD
ORD124694,01-05-2023,BR99,UK,Manchester,CUST5262,PROD262,TV,LG OLED 48,LG,4,373.57,0.06,0.18,1657.46,Cash,In-Store,EMP479,0,0,Standard,10,INR
ORD124695,30-08-2023,BR37,India,Delhi,CUST2566,PROD477,Tablet,Lenovo Tab P11,Sony,5,229.53,0.22,0.18,1056.3,Debit Card,In-Store,EMP348,1,0,Same Day,6,USD
ORD124696,05-11-2023,BR23,India,Pune,CUST1086,PROD486,Laptop,HP Spectre x360,OnePlus,3,399.7,0.12,0.18,1245.15,Debit Card,Online,EMP250,2,0,Standard,2,USD
ORD124697,01-06-2023,BR107,Germany,Munich,CUST5986,PROD171,Laptop,Dell XPS 13,Apple,1,1465.47,0.21,0.18,1366.11,Credit Card,In-Store,EMP881,2,0,Standard,9,AED
ORD124698,17-12-2024,BR91,India,Delhi,CUST2630,PROD374,Laptop,Dell XPS 13,Sony,1,1486.41,0.03,0.18,1701.34,Net Banking,In-Store,EMP658,3,0,Same Day,5,AED
ORD124699,23-05-2024,BR45,Germany,Munich,CUST1844,PROD643,Mobile,iPhone 14,Samsung,1,1896.08,0.02,0.18,2192.63,Cash,Online,EMP464,0,1,Same Day,5,AED
ORD124700,13-08-2024,BR80,UK,Birmingham,CUST7405,PROD978,Laptop,Dell XPS 13,Apple,1,1578.9,0.02,0.18,1825.84,Cash,In-Store,EMP845,0,0,Standard,6,EUR
ORD124701,30-10-2024,BR116,UK,Manchester,CUST9694,PROD477,Tablet,iPad Air,Lenovo,5,1949.36,0.25,0.18,8625.92,Credit Card,In-Store,EMP603,0,0,Express,2,GBP
ORD124702,21-10-2024,BR118,India,Delhi,CUST4721,PROD350,Accessories,Wireless Mouse,LG,5,446.64,0.06,0.18,2477.07,Net Banking,In-Store,EMP765,3,0,Standard,9,AED
ORD124703,28-06-2024,BR36,UAE,Abu Dhabi,CUST7630,PROD780,Tablet,Samsung Galaxy Tab,OnePlus,5,228.38,0.19,0.18,1091.43,Credit Card,In-Store,EMP707,2,0,Standard,10,GBP
ORD124704,01-06-2024,BR71,Germany,Hamburg,CUST7460,PROD668,Tablet,Samsung Galaxy Tab,Apple,3,1782.97,0.19,0.18,5112.49,Cash,Online,EMP386,2,1,Express,10,AED
ORD124705,22-10-2023,BR113,UK,London,CUST3872,PROD482,Accessories,Keyboard,Lenovo,2,664.59,0.13,0.18,1364.54,UPI,In-Store,EMP334,3,0,Express,2,USD
ORD124706,10-06-2023,BR15,Germany,Munich,CUST6083,PROD144,Laptop,HP Spectre x360,Lenovo,5,1264.71,0.02,0.18,7312.55,Cash,Online,EMP398,0,0,Same Day,5,EUR
ORD124707,15-04-2024,BR19,UAE,Abu Dhabi,CUST9623,PROD790,Tablet,Lenovo Tab P11,LG,2,82.83,0.11,0.18,173.98,Debit Card,Online,EMP736,0,0,Standard,1,EUR
ORD124708,06-11-2024,BR55,USA,Dallas,CUST6414,PROD294,Accessories,Bluetooth Headphones,Dell,4,1907.24,0.27,0.18,6571.59,Cash,Online,EMP511,2,0,Express,9,INR
ORD124709,19-02-2024,BR50,India,Delhi,CUST7195,PROD726,Accessories,Bluetooth Headphones,HP,1,1690.21,0.27,0.18,1455.95,Cash,Online,EMP989,3,1,Standard,7,USD
ORD124710,19-09-2024,BR72,India,Mumbai,CUST4013,PROD764,Tablet,Lenovo Tab P11,Sony,2,176.44,0.11,0.18,370.59,Net Banking,In-Store,EMP556,2,0,Standard,6,EUR
ORD124711,03-03-2024,BR84,Germany,Berlin,CUST2647,PROD847,Tablet,Samsung Galaxy Tab,Apple,1,1287.42,0.26,0.18,1124.18,Net Banking,Online,EMP434,0,0,Same Day,10,EUR
ORD124712,20-07-2024,BR46,Germany,Hamburg,CUST3574,PROD187,Accessories,Bluetooth Headphones,Lenovo,5,633.95,0.24,0.18,2842.63,Cash,In-Store,EMP485,1,0,Standard,1,INR
ORD124713,14-05-2023,BR101,USA,Dallas,CUST8907,PROD420,TV,Samsung QLED 50,OnePlus,4,1772.24,0.17,0.18,6942.93,UPI,Online,EMP594,2,0,Express,3,EUR
ORD124714,24-12-2024,BR81,UAE,Abu Dhabi,CUST6233,PROD479,Accessories,Keyboard,Samsung,1,1209.59,0.23,0.18,1099.03,Cash,Online,EMP498,3,0,Standard,2,EUR
ORD124715,12-12-2024,BR64,UAE,Dubai,CUST7514,PROD398,Accessories,Bluetooth Headphones,Dell,3,1695.06,0.17,0.18,4980.43,Debit Card,Online,EMP833,0,0,Standard,2,INR
ORD124716,21-07-2023,BR39,UAE,Dubai,CUST5721,PROD744,Tablet,Samsung Galaxy Tab,Lenovo,3,1825.57,0.05,0.18,6139.39,Debit Card,Online,EMP878,1,0,Same Day,7,GBP
ORD124717,23-11-2023,BR110,India,Pune,CUST4520,PROD224,Mobile,iPhone 14,HP,5,1523.54,0.08,0.18,8269.78,Credit Card,In-Store,EMP881,0,0,Express,4,AED
ORD124718,30-07-2024,BR91,USA,Los Angeles,CUST1769,PROD247,Laptop,Dell XPS 13,Dell,5,149.84,0.14,0.18,760.29,UPI,Online,EMP683,2,1,Standard,2,INR
ORD124719,10-01-2023,BR23,UK,Manchester,CUST6424,PROD818,Tablet,Lenovo Tab P11,LG,1,1164.81,0.18,0.18,1127.07,Debit Card,In-Store,EMP810,1,0,Standard,3,INR
ORD124720,25-11-2024,BR88,UAE,Dubai,CUST3738,PROD620,Tablet,Samsung Galaxy Tab,HP,5,1094.73,0.29,0.18,4585.82,Credit Card,Online,EMP442,0,1,Same Day,2,USD
ORD124721,21-12-2023,BR105,UAE,Dubai,CUST6407,PROD131,Laptop,MacBook Air M2,HP,3,380.02,0.25,0.18,1008.95,Credit Card,In-Store,EMP953,0,1,Standard,6,USD
ORD124722,01-04-2023,BR62,USA,Dallas,CUST3166,PROD565,Accessories,Keyboard,Sony,3,1903.94,0.21,0.18,5324.56,UPI,Online,EMP916,1,0,Same Day,10,AED
ORD124723,01-09-2023,BR56,UAE,Abu Dhabi,CUST9112,PROD362,Tablet,Lenovo Tab P11,HP,3,544.38,0.25,0.18,1445.33,Debit Card,In-Store,EMP502,0,0,Same Day,3,INR
ORD124724,04-02-2023,BR77,USA,Chicago,CUST7634,PROD221,Mobile,Samsung Galaxy S23,Apple,2,1347.65,0.22,0.18,2480.75,Cash,Online,EMP459,0,0,Express,10,INR
ORD124725,13-01-2024,BR10,USA,Chicago,CUST8885,PROD770,Tablet,Lenovo Tab P11,LG,5,1133.23,0.15,0.18,5683.15,Credit Card,In-Store,EMP504,2,0,Standard,4,USD
ORD124726,20-08-2023,BR95,India,Pune,CUST7600,PROD654,Accessories,Keyboard,Samsung,3,64.45,0.29,0.18,161.99,UPI,Online,EMP960,1,0,Standard,7,USD
ORD124727,15-03-2024,BR116,UK,London,CUST9421,PROD986,Laptop,HP Spectre x360,OnePlus,3,1513.71,0.21,0.18,4233.24,Cash,In-Store,EMP813,2,0,Standard,9,INR
ORD124728,31-10-2024,BR95,Germany,Berlin,CUST7515,PROD948,Tablet,iPad Air,Apple,2,741.49,0.04,0.18,1679.92,Cash,Online,EMP209,3,0,Same Day,1,GBP
ORD124729,24-11-2024,BR3,UAE,Abu Dhabi,CUST6356,PROD262,TV,LG OLED 48,HP,4,1353.56,0.03,0.18,6197.14,Credit Card,Online,EMP877,0,1,Express,9,EUR
ORD124730,02-06-2024,BR43,Germany,Munich,CUST5593,PROD192,Tablet,Lenovo Tab P11,LG,2,930.63,0.24,0.18,1669.18,UPI,In-Store,EMP787,3,1,Express,10,GBP
ORD124731,18-10-2023,BR38,UAE,Dubai,CUST5547,PROD765,Tablet,Samsung Galaxy Tab,Samsung,2,1553.53,0.25,0.18,2749.75,Credit Card,In-Store,EMP324,0,1,Same Day,3,AED
ORD124732,26-12-2024,BR60,UK,Birmingham,CUST2923,PROD361,Accessories,Bluetooth Headphones,Lenovo,4,763.89,0.26,0.18,2668.11,Net Banking,In-Store,EMP633,3,1,Standard,3,GBP
ORD124733,20-07-2024,BR38,USA,New York,CUST9924,PROD261,TV,LG OLED 48,LG,3,265.17,0.19,0.18,760.35,Cash,Online,EMP760,1,1,Same Day,7,USD
ORD124734,03-09-2024,BR35,USA,Chicago,CUST2653,PROD104,Accessories,Keyboard,Dell,1,1105.26,0.27,0.18,952.07,Credit Card,In-Store,EMP265,1,0,Same Day,7,USD
ORD124735,19-06-2024,BR38,USA,New York,CUST3778,PROD578,Tablet,Samsung Galaxy Tab,Sony,1,1431.69,0.29,0.18,1199.47,Cash,Online,EMP953,1,0,Standard,8,USD
ORD124736,14-03-2023,BR105,India,Bangalore,CUST4992,PROD141,Laptop,MacBook Air M2,Samsung,3,967.29,0.3,0.18,2396.94,Net Banking,In-Store,EMP558,1,1,Same Day,3,AED
ORD124737,13-04-2023,BR96,UAE,Abu Dhabi,CUST1250,PROD162,Tablet,iPad Air,OnePlus,4,1697.1,0.16,0.18,6728.66,Net Banking,Online,EMP785,0,1,Same Day,7,INR
ORD124738,19-04-2023,BR68,UK,London,CUST6554,PROD890,Accessories,Wireless Mouse,Dell,1,1806.01,0.16,0.18,1790.12,Debit Card,In-Store,EMP844,0,0,Express,4,INR
ORD124739,18-12-2024,BR46,UK,London,CUST8467,PROD908,Laptop,MacBook Air M2,Samsung,2,175.17,0.1,0.18,372.06,Cash,In-Store,EMP965,2,0,Same Day,1,GBP
ORD124740,09-10-2024,BR92,India,Mumbai,CUST5051,PROD740,Laptop,MacBook Air M2,LG,5,1137.6,0.19,0.18,5436.59,UPI,In-Store,EMP827,0,1,Standard,2,INR
ORD124741,27-07-2023,BR6,USA,Los Angeles,CUST7536,PROD666,Laptop,Dell XPS 13,Sony,1,1622.5,0.17,0.18,1589.08,Net Banking,In-Store,EMP762,2,0,Same Day,10,EUR
ORD124742,29-10-2024,BR6,UK,London,CUST4374,PROD982,TV,LG OLED 48,Dell,5,1881.65,0.27,0.18,8104.27,Credit Card,Online,EMP390,0,0,Express,1,GBP
ORD124743,04-06-2023,BR64,Germany,Hamburg,CUST1599,PROD340,TV,LG OLED 48,Apple,2,516.51,0.11,0.18,1084.88,Debit Card,Online,EMP467,2,1,Express,1,EUR
ORD124744,11-06-2023,BR112,UK,Manchester,CUST4774,PROD886,Accessories,Keyboard,Dell,1,1004.92,0.12,0.18,1043.51,Net Banking,In-Store,EMP689,0,0,Same Day,5,INR
ORD124745,07-02-2023,BR23,India,Mumbai,CUST5391,PROD420,Mobile,OnePlus 11,Sony,1,483.3,0.07,0.18,530.37,UPI,Online,EMP808,2,1,Same Day,1,EUR
ORD124746,03-11-2024,BR48,UAE,Abu Dhabi,CUST4862,PROD670,Mobile,iPhone 14,Dell,3,913.74,0.14,0.18,2781.79,Cash,In-Store,EMP647,3,1,Standard,10,EUR
ORD124747,20-03-2024,BR118,USA,Dallas,CUST3190,PROD324,Mobile,Samsung Galaxy S23,Apple,5,1261.71,0.22,0.18,5806.39,Debit Card,In-Store,EMP255,0,0,Standard,9,AED
ORD124748,20-02-2024,BR9,UK,London,CUST7181,PROD854,Laptop,Dell XPS 13,OnePlus,4,979.96,0.11,0.18,4116.62,UPI,Online,EMP740,1,1,Same Day,4,USD
ORD124749,01-06-2024,BR113,USA,Dallas,CUST9665,PROD225,Accessories,Bluetooth Headphones,Lenovo,3,268.57,0.27,0.18,694.04,Cash,In-Store,EMP636,1,0,Same Day,5,GBP
ORD124750,12-04-2023,BR47,USA,Chicago,CUST5614,PROD283,Laptop,HP Spectre x360,Sony,2,1437.77,0.02,0.18,3325.27,UPI,Online,EMP636,1,1,Standard,9,GBP
ORD124751,22-05-2023,BR100,UAE,Abu Dhabi,CUST4168,PROD287,TV,LG OLED 48,OnePlus,1,186.9,0.21,0.18,174.23,Credit Card,Online,EMP489,0,0,Express,5,INR
ORD124752,06-03-2024,BR53,Germany,Hamburg,CUST8377,PROD882,Tablet,Lenovo Tab P11,Samsung,5,735.6,0.08,0.18,3992.84,Credit Card,Online,EMP363,2,0,Express,3,USD
ORD124753,14-11-2024,BR65,India,Mumbai,CUST4131,PROD684,Tablet,Lenovo Tab P11,LG,3,428.34,0.02,0.18,1486,Credit Card,In-Store,EMP847,0,1,Express,7,GBP
ORD124754,11-12-2023,BR69,USA,Dallas,CUST7525,PROD614,Mobile,iPhone 14,Samsung,5,837.38,0.13,0.18,4298.27,Cash,Online,EMP286,3,1,Standard,8,USD
ORD124755,15-07-2024,BR98,India,Pune,CUST8395,PROD859,Mobile,OnePlus 11,Apple,3,241.23,0,0.18,853.95,Debit Card,In-Store,EMP990,3,0,Standard,3,AED
ORD124756,28-04-2024,BR70,UAE,Dubai,CUST5751,PROD222,Mobile,iPhone 14,Samsung,4,294.26,0.05,0.18,1319.46,Cash,Online,EMP591,3,0,Same Day,2,INR
ORD124757,02-05-2023,BR109,USA,Dallas,CUST3705,PROD765,Tablet,Samsung Galaxy Tab,Sony,3,1342.15,0.15,0.18,4038.53,Cash,In-Store,EMP998,1,0,Express,8,INR
ORD124758,07-09-2024,BR28,Germany,Berlin,CUST1901,PROD303,Accessories,Wireless Mouse,Sony,5,235.86,0.02,0.18,1363.74,Credit Card,In-Store,EMP983,0,1,Same Day,6,INR
ORD124759,14-02-2024,BR99,USA,Dallas,CUST2903,PROD235,Laptop,HP Spectre x360,Dell,2,583.97,0.07,0.18,1281.7,UPI,In-Store,EMP291,0,1,Express,6,AED
ORD124760,20-02-2023,BR115,India,Delhi,CUST4576,PROD492,Mobile,OnePlus 11,Samsung,1,175.06,0.02,0.18,202.44,Debit Card,Online,EMP801,1,1,Standard,3,EUR
ORD124761,09-03-2024,BR77,UAE,Dubai,CUST9408,PROD261,Mobile,iPhone 14,LG,5,898.78,0.2,0.18,4242.24,Credit Card,In-Store,EMP568,0,0,Same Day,8,GBP
ORD124762,15-05-2023,BR84,UAE,Abu Dhabi,CUST9308,PROD787,TV,Sony Bravia 55,Sony,1,1334.88,0.02,0.18,1543.66,Net Banking,Online,EMP380,2,0,Standard,1,GBP
ORD124763,07-02-2023,BR24,USA,Los Angeles,CUST3519,PROD461,Accessories,Wireless Mouse,HP,3,1146.44,0.07,0.18,3774.31,Credit Card,In-Store,EMP528,0,0,Express,3,AED
ORD124764,02-01-2024,BR99,India,Delhi,CUST4204,PROD909,TV,Samsung QLED 50,LG,1,1081.26,0.04,0.18,1224.85,Debit Card,In-Store,EMP868,0,0,Same Day,2,AED
ORD124765,02-09-2024,BR37,UAE,Dubai,CUST8850,PROD598,TV,Sony Bravia 55,LG,3,536.87,0.23,0.18,1463.4,UPI,In-Store,EMP536,0,0,Express,6,GBP
ORD124766,20-08-2023,BR19,Germany,Munich,CUST7228,PROD809,Laptop,Dell XPS 13,HP,4,1272.62,0.01,0.18,5946.7,Credit Card,In-Store,EMP787,1,0,Express,6,USD
ORD124767,17-03-2024,BR11,Germany,Berlin,CUST4939,PROD127,Mobile,iPhone 14,HP,1,1579.73,0.1,0.18,1677.67,Credit Card,In-Store,EMP834,1,0,Express,8,USD
ORD124768,25-03-2023,BR26,USA,New York,CUST9010,PROD527,TV,Samsung QLED 50,LG,1,1891.49,0.29,0.18,1584.69,Cash,In-Store,EMP276,0,1,Standard,8,GBP
ORD124769,25-05-2023,BR60,India,Pune,CUST1609,PROD539,Mobile,iPhone 14,Apple,4,1084.57,0.18,0.18,4197.72,Debit Card,In-Store,EMP609,2,0,Express,6,AED
ORD124770,21-09-2023,BR12,UK,Birmingham,CUST8340,PROD685,Accessories,Wireless Mouse,OnePlus,2,1107.59,0.29,0.18,1855.88,Debit Card,In-Store,EMP926,2,0,Standard,10,EUR
ORD124771,28-06-2023,BR4,Germany,Munich,CUST4518,PROD115,Tablet,iPad Air,HP,1,425.19,0.16,0.18,421.45,Net Banking,Online,EMP956,3,1,Express,3,AED
ORD124772,22-10-2023,BR46,India,Pune,CUST6160,PROD882,Tablet,Lenovo Tab P11,OnePlus,4,1065.62,0.23,0.18,3872.89,Credit Card,In-Store,EMP245,1,1,Express,5,USD
ORD124773,23-12-2024,BR97,India,Bangalore,CUST5777,PROD629,TV,Samsung QLED 50,Lenovo,1,1667.5,0.04,0.18,1888.94,Net Banking,In-Store,EMP304,3,0,Same Day,8,GBP
ORD124774,27-02-2023,BR109,USA,Chicago,CUST4358,PROD389,Tablet,iPad Air,Lenovo,3,891.93,0.11,0.18,2810.11,UPI,Online,EMP546,3,1,Express,1,AED
ORD124775,21-12-2024,BR113,USA,Dallas,CUST1805,PROD603,Tablet,Lenovo Tab P11,Lenovo,3,1876.18,0.03,0.18,6442.43,UPI,In-Store,EMP697,0,0,Express,4,GBP
ORD124776,27-03-2024,BR63,UAE,Dubai,CUST6782,PROD174,TV,Samsung QLED 50,LG,4,807.78,0.17,0.18,3164.56,UPI,In-Store,EMP786,2,1,Same Day,10,USD
ORD124777,16-10-2023,BR60,UK,Manchester,CUST5369,PROD717,Tablet,Samsung Galaxy Tab,Sony,3,159.09,0.22,0.18,439.28,UPI,In-Store,EMP745,2,1,Same Day,1,USD
ORD124778,15-04-2023,BR79,UAE,Abu Dhabi,CUST2974,PROD198,Tablet,iPad Air,Apple,2,968.55,0.17,0.18,1897.2,Credit Card,Online,EMP764,3,0,Express,5,USD
ORD124779,06-12-2024,BR74,USA,Chicago,CUST7346,PROD200,Accessories,Keyboard,LG,5,1111.12,0.26,0.18,4851.15,Debit Card,In-Store,EMP380,3,0,Express,5,EUR
ORD124780,31-03-2023,BR6,UK,Manchester,CUST3848,PROD359,TV,Sony Bravia 55,Sony,5,1129.88,0.04,0.18,6399.64,Credit Card,In-Store,EMP221,3,1,Express,8,GBP
ORD124781,02-08-2024,BR12,UAE,Abu Dhabi,CUST7006,PROD276,Laptop,HP Spectre x360,Sony,3,1139.06,0.09,0.18,3669.37,Credit Card,Online,EMP902,1,1,Standard,10,AED
ORD124782,19-04-2024,BR59,USA,Chicago,CUST4857,PROD746,TV,LG OLED 48,Apple,5,328.28,0.2,0.18,1549.48,Net Banking,Online,EMP624,1,1,Same Day,9,GBP
ORD124783,14-06-2023,BR39,USA,Los Angeles,CUST9521,PROD606,TV,Sony Bravia 55,Sony,1,310.29,0,0.18,366.14,UPI,In-Store,EMP667,2,0,Standard,5,INR
ORD124784,14-07-2024,BR39,USA,Chicago,CUST7053,PROD674,Mobile,iPhone 14,Sony,1,540.91,0.14,0.18,548.92,Cash,Online,EMP411,1,1,Express,7,EUR
ORD124785,20-12-2024,BR95,UK,Birmingham,CUST7624,PROD340,Accessories,Keyboard,HP,5,79.41,0.01,0.18,463.83,Net Banking,In-Store,EMP535,2,0,Standard,9,EUR
ORD124786,03-10-2024,BR30,Germany,Berlin,CUST8336,PROD149,Accessories,Wireless Mouse,Samsung,5,288.48,0.27,0.18,1242.48,UPI,In-Store,EMP256,2,1,Express,7,USD
ORD124787,13-07-2023,BR82,UAE,Abu Dhabi,CUST4255,PROD574,Mobile,OnePlus 11,OnePlus,4,1795.9,0.26,0.18,6272.72,Debit Card,Online,EMP882,2,0,Same Day,2,USD
ORD124788,18-02-2024,BR28,India,Delhi,CUST8991,PROD140,TV,LG OLED 48,Dell,5,1936.68,0.25,0.18,8569.81,Credit Card,Online,EMP544,0,0,Express,5,INR
ORD124789,23-09-2024,BR66,USA,Dallas,CUST9844,PROD755,Laptop,MacBook Air M2,HP,2,1454.67,0.2,0.18,2746.42,Credit Card,Online,EMP214,2,0,Same Day,5,USD
ORD124790,20-04-2024,BR107,UK,London,CUST5196,PROD712,Accessories,Bluetooth Headphones,HP,2,213.13,0.21,0.18,397.36,Debit Card,In-Store,EMP535,1,1,Same Day,7,INR
ORD124791,08-02-2024,BR40,UAE,Dubai,CUST3754,PROD875,TV,Samsung QLED 50,Sony,4,122.43,0.29,0.18,410.29,Cash,In-Store,EMP777,0,1,Standard,8,INR
ORD124792,28-11-2024,BR88,UAE,Abu Dhabi,CUST4950,PROD626,Accessories,Bluetooth Headphones,Apple,4,1972.26,0.07,0.18,8657.43,UPI,In-Store,EMP951,3,1,Express,8,GBP
ORD124793,22-07-2024,BR105,Germany,Munich,CUST3331,PROD284,Tablet,Lenovo Tab P11,OnePlus,3,1807.34,0.05,0.18,6078.08,Net Banking,In-Store,EMP229,1,1,Standard,3,EUR
ORD124794,19-07-2023,BR107,Germany,Hamburg,CUST4005,PROD433,Tablet,Lenovo Tab P11,Sony,1,935.7,0.1,0.18,993.71,UPI,Online,EMP551,0,1,Same Day,7,USD
ORD124795,28-05-2023,BR28,UK,London,CUST8748,PROD499,TV,Samsung QLED 50,Sony,4,1758.35,0.21,0.18,6556.54,Debit Card,Online,EMP687,0,0,Standard,10,GBP
ORD124796,10-10-2023,BR104,UAE,Abu Dhabi,CUST4342,PROD774,Tablet,iPad Air,OnePlus,1,683.05,0.04,0.18,773.76,Cash,In-Store,EMP735,1,1,Express,4,INR
ORD124797,16-07-2024,BR55,UK,Birmingham,CUST7149,PROD234,TV,LG OLED 48,Sony,1,1369.88,0.2,0.18,1293.17,UPI,Online,EMP272,3,1,Express,4,EUR
ORD124798,10-03-2023,BR3,USA,Los Angeles,CUST8578,PROD584,Laptop,HP Spectre x360,OnePlus,4,258.03,0.1,0.18,1096.11,Cash,Online,EMP718,3,1,Same Day,6,AED
ORD124799,24-05-2024,BR92,USA,Chicago,CUST3855,PROD287,Mobile,OnePlus 11,Lenovo,5,125.44,0.28,0.18,532.87,Cash,Online,EMP489,2,1,Same Day,5,AED
ORD124800,02-04-2024,BR73,UK,Manchester,CUST6358,PROD487,TV,Sony Bravia 55,LG,5,693.81,0.02,0.18,4011.61,Net Banking,In-Store,EMP469,3,1,Same Day,6,EUR
ORD124801,20-08-2023,BR2,UK,Birmingham,CUST2323,PROD370,Laptop,Dell XPS 13,Dell,1,907.21,0.2,0.18,856.41,Credit Card,Online,EMP953,1,1,Same Day,4,EUR
ORD124802,20-12-2024,BR25,UAE,Dubai,CUST1071,PROD753,Mobile,Samsung Galaxy S23,LG,5,986.26,0.05,0.18,5527.99,Cash,Online,EMP571,0,1,Same Day,3,INR
ORD124803,30-08-2023,BR40,UK,Birmingham,CUST1097,PROD446,Accessories,Bluetooth Headphones,Apple,4,1273.24,0.16,0.18,5048.14,Net Banking,In-Store,EMP289,1,1,Express,3,USD
ORD124804,21-06-2023,BR20,Germany,Munich,CUST8017,PROD325,Laptop,HP Spectre x360,Dell,2,1713.31,0.03,0.18,3922.11,Debit Card,Online,EMP925,3,0,Express,4,INR
ORD124805,22-08-2024,BR33,UAE,Abu Dhabi,CUST7930,PROD615,Tablet,Samsung Galaxy Tab,Dell,2,1300.65,0.28,0.18,2210.06,Credit Card,In-Store,EMP568,3,1,Same Day,3,USD
ORD124806,07-05-2024,BR93,UK,Manchester,CUST1773,PROD134,Accessories,Bluetooth Headphones,Dell,4,287.65,0.02,0.18,1330.55,Cash,Online,EMP472,1,1,Same Day,2,GBP
ORD124807,13-11-2024,BR84,UK,Birmingham,CUST3505,PROD319,TV,LG OLED 48,Samsung,1,1059.26,0.12,0.18,1099.94,Credit Card,In-Store,EMP224,1,1,Standard,10,INR
ORD124808,07-03-2024,BR78,USA,Los Angeles,CUST3548,PROD423,Accessories,Wireless Mouse,Samsung,3,513.98,0.04,0.18,1746.71,Cash,Online,EMP290,3,1,Standard,6,EUR
ORD124809,26-02-2024,BR36,UAE,Abu Dhabi,CUST5603,PROD692,Accessories,Bluetooth Headphones,LG,3,457.26,0.01,0.18,1602.51,Net Banking,Online,EMP493,0,1,Same Day,4,USD
ORD124810,16-08-2024,BR105,UK,Manchester,CUST7186,PROD196,Mobile,iPhone 14,Apple,2,937.73,0.27,0.18,1615.52,Net Banking,Online,EMP944,3,0,Same Day,10,GBP
ORD124811,06-06-2023,BR42,UAE,Dubai,CUST6344,PROD694,Mobile,OnePlus 11,Lenovo,5,789.87,0.05,0.18,4427.22,UPI,In-Store,EMP995,1,1,Express,5,GBP
ORD124812,23-05-2023,BR116,UK,Birmingham,CUST6688,PROD226,Laptop,MacBook Air M2,LG,3,1407.84,0.11,0.18,4435.54,Credit Card,In-Store,EMP838,3,0,Same Day,5,EUR
ORD124813,24-04-2024,BR45,UK,Birmingham,CUST8672,PROD294,TV,LG OLED 48,LG,4,190.03,0.21,0.18,708.58,Net Banking,Online,EMP231,3,1,Standard,2,USD
ORD124814,20-12-2024,BR31,UK,Manchester,CUST5734,PROD440,TV,LG OLED 48,Dell,3,518.04,0.16,0.18,1540.44,Credit Card,In-Store,EMP629,3,1,Express,9,EUR
ORD124815,21-07-2023,BR89,India,Pune,CUST7454,PROD470,Accessories,Wireless Mouse,Samsung,5,1139.23,0.09,0.18,6116.53,Net Banking,Online,EMP484,0,0,Standard,9,USD
ORD124816,08-11-2023,BR12,USA,New York,CUST6635,PROD242,Tablet,iPad Air,Samsung,1,70.64,0.22,0.18,65.02,Credit Card,Online,EMP698,1,1,Standard,7,AED
ORD124817,23-08-2023,BR57,UK,London,CUST6926,PROD868,Mobile,iPhone 14,Lenovo,4,893.46,0.2,0.18,3373.7,Credit Card,Online,EMP448,1,0,Same Day,6,USD
ORD124818,05-05-2023,BR87,USA,Los Angeles,CUST9056,PROD309,TV,Samsung QLED 50,LG,1,1793.9,0.23,0.18,1629.94,Credit Card,Online,EMP652,3,0,Standard,6,INR
ORD124819,06-10-2023,BR110,UK,Manchester,CUST9457,PROD673,Laptop,Dell XPS 13,OnePlus,2,850.47,0.15,0.18,1706.04,Debit Card,Online,EMP581,1,1,Standard,3,GBP
ORD124820,17-08-2024,BR113,UK,Manchester,CUST3688,PROD506,Mobile,iPhone 14,Apple,2,1980.21,0.14,0.18,4019.03,Cash,Online,EMP436,2,1,Same Day,4,INR
ORD124821,04-08-2023,BR37,India,Pune,CUST2654,PROD419,TV,Sony Bravia 55,Dell,4,55.59,0.13,0.18,228.27,Debit Card,In-Store,EMP708,0,1,Standard,5,EUR
ORD124822,30-09-2024,BR44,USA,Los Angeles,CUST8900,PROD498,Accessories,Bluetooth Headphones,Apple,1,548.26,0.24,0.18,491.68,Credit Card,In-Store,EMP274,0,1,Express,6,GBP
ORD124823,03-09-2024,BR20,UAE,Dubai,CUST3135,PROD406,Accessories,Bluetooth Headphones,LG,2,506.6,0.19,0.18,968.42,UPI,In-Store,EMP608,1,1,Standard,6,INR
ORD124824,09-08-2024,BR55,Germany,Munich,CUST9356,PROD573,Tablet,iPad Air,HP,3,564.3,0,0.18,1997.62,Cash,In-Store,EMP597,2,0,Express,4,AED
ORD124825,24-12-2023,BR91,India,Delhi,CUST1012,PROD524,TV,LG OLED 48,Apple,1,439.38,0.16,0.18,435.51,Net Banking,In-Store,EMP219,2,0,Standard,4,EUR
ORD124826,18-06-2024,BR65,India,Delhi,CUST1749,PROD226,TV,LG OLED 48,Apple,1,509.28,0.09,0.18,546.86,UPI,In-Store,EMP567,3,1,Express,7,EUR
ORD124827,07-12-2024,BR113,USA,New York,CUST8848,PROD257,Accessories,Wireless Mouse,Lenovo,1,984.02,0.09,0.18,1056.64,Credit Card,In-Store,EMP238,2,1,Standard,3,EUR
ORD124828,03-10-2024,BR5,USA,Los Angeles,CUST2478,PROD535,TV,Sony Bravia 55,Sony,5,750.35,0.04,0.18,4249.98,Cash,Online,EMP289,2,1,Express,6,AED
ORD124829,23-05-2023,BR76,USA,Los Angeles,CUST7134,PROD358,Mobile,OnePlus 11,Apple,2,506.65,0.06,0.18,1123.95,Credit Card,In-Store,EMP707,0,1,Express,1,INR
ORD124830,17-12-2024,BR27,Germany,Hamburg,CUST2414,PROD780,Mobile,Samsung Galaxy S23,Samsung,3,745.16,0.14,0.18,2268.57,Cash,Online,EMP822,1,0,Express,9,AED
ORD124831,10-12-2023,BR92,UK,Manchester,CUST8809,PROD821,Tablet,Lenovo Tab P11,OnePlus,3,722.19,0.07,0.18,2377.59,Credit Card,In-Store,EMP988,2,0,Standard,3,GBP
ORD124832,01-04-2023,BR36,UK,Birmingham,CUST6372,PROD579,TV,LG OLED 48,LG,1,1495.71,0.16,0.18,1482.55,UPI,Online,EMP473,0,1,Same Day,5,GBP
ORD124833,27-08-2023,BR11,UAE,Dubai,CUST1504,PROD685,Accessories,Bluetooth Headphones,OnePlus,1,105.74,0.28,0.18,89.84,Net Banking,In-Store,EMP358,0,0,Same Day,2,GBP
ORD124834,23-05-2024,BR92,UAE,Abu Dhabi,CUST9740,PROD967,Laptop,Dell XPS 13,Samsung,3,213.77,0.1,0.18,681.07,Net Banking,Online,EMP491,1,1,Same Day,7,AED
ORD124835,31-07-2024,BR29,Germany,Munich,CUST1543,PROD719,Mobile,Samsung Galaxy S23,LG,2,1640.68,0.02,0.18,3794.56,Credit Card,Online,EMP647,0,0,Express,10,INR
ORD124836,20-11-2023,BR78,UAE,Abu Dhabi,CUST3405,PROD601,TV,LG OLED 48,Sony,1,479.57,0.24,0.18,430.08,Net Banking,Online,EMP262,0,0,Standard,3,INR
ORD124837,24-02-2024,BR32,USA,New York,CUST3098,PROD590,Laptop,HP Spectre x360,Lenovo,4,1809.96,0.27,0.18,6236.4,Net Banking,In-Store,EMP328,0,1,Standard,10,GBP
ORD124838,04-06-2023,BR11,Germany,Munich,CUST8778,PROD391,Accessories,Keyboard,LG,5,188.39,0.07,0.18,1033.7,Cash,In-Store,EMP249,3,1,Same Day,7,USD
ORD124839,18-09-2024,BR116,UK,London,CUST5954,PROD864,Tablet,Samsung Galaxy Tab,HP,1,1797.65,0.06,0.18,1993.95,Cash,Online,EMP287,2,0,Express,6,AED
ORD124840,28-11-2024,BR8,Germany,Berlin,CUST9412,PROD487,Tablet,Lenovo Tab P11,Lenovo,5,1506.54,0.22,0.18,6933.1,Cash,In-Store,EMP740,1,1,Express,1,GBP
ORD124841,18-02-2024,BR31,India,Delhi,CUST3169,PROD242,Accessories,Wireless Mouse,Sony,5,368.93,0.09,0.18,1980.79,UPI,In-Store,EMP955,2,1,Express,5,USD
ORD124842,24-06-2023,BR47,India,Pune,CUST4520,PROD201,Laptop,HP Spectre x360,LG,2,1497.9,0.12,0.18,3110.84,Net Banking,In-Store,EMP213,0,1,Express,9,EUR
ORD124843,20-06-2023,BR17,UAE,Dubai,CUST1010,PROD122,Mobile,OnePlus 11,OnePlus,5,1541.06,0.19,0.18,7364.73,Cash,In-Store,EMP822,1,1,Same Day,6,INR
ORD124844,01-06-2023,BR96,USA,Los Angeles,CUST9817,PROD674,Mobile,iPhone 14,Sony,2,652.97,0.14,0.18,1325.27,Net Banking,In-Store,EMP574,0,1,Same Day,10,AED
ORD124845,18-03-2024,BR49,India,Delhi,CUST3338,PROD752,Accessories,Bluetooth Headphones,Samsung,3,1758.15,0.01,0.18,6161.61,Debit Card,Online,EMP742,2,1,Same Day,9,AED
ORD124846,14-09-2023,BR13,UK,Birmingham,CUST3648,PROD866,Tablet,Lenovo Tab P11,Apple,1,1619.42,0.08,0.18,1758.04,Credit Card,Online,EMP614,0,1,Standard,5,GBP
ORD124847,30-03-2024,BR3,UK,Manchester,CUST1077,PROD157,Accessories,Keyboard,Sony,3,1540.96,0.05,0.18,5182.25,Net Banking,In-Store,EMP337,1,1,Express,2,INR
ORD124848,27-12-2023,BR19,UAE,Abu Dhabi,CUST9798,PROD721,Laptop,HP Spectre x360,Dell,2,1050.17,0.11,0.18,2205.78,Net Banking,In-Store,EMP218,3,1,Same Day,1,INR
ORD124849,07-12-2024,BR8,UAE,Abu Dhabi,CUST3878,PROD112,Mobile,OnePlus 11,OnePlus,3,762.24,0.15,0.18,2293.58,Net Banking,Online,EMP392,1,0,Express,7,GBP
ORD124850,05-09-2023,BR78,UK,London,CUST5713,PROD426,Laptop,HP Spectre x360,Lenovo,1,984.09,0.23,0.18,894.14,Net Banking,In-Store,EMP671,2,1,Standard,10,GBP
ORD124851,14-07-2023,BR35,USA,Los Angeles,CUST8246,PROD306,TV,Sony Bravia 55,Lenovo,5,948.15,0.15,0.18,4754.97,UPI,In-Store,EMP850,2,0,Same Day,2,GBP
ORD124852,30-07-2024,BR80,UK,London,CUST3999,PROD117,Mobile,OnePlus 11,Samsung,3,1982.71,0.22,0.18,5474.66,Cash,In-Store,EMP570,0,0,Express,7,INR
ORD124853,06-03-2023,BR27,UAE,Dubai,CUST6972,PROD606,Mobile,iPhone 14,LG,3,667.27,0.17,0.18,1960.57,Cash,Online,EMP568,0,1,Standard,3,USD
ORD124854,21-10-2024,BR93,Germany,Berlin,CUST2079,PROD892,Accessories,Bluetooth Headphones,Lenovo,4,1048.06,0.18,0.18,4056.41,Cash,Online,EMP995,1,0,Express,3,INR
ORD124855,09-03-2023,BR9,India,Mumbai,CUST2769,PROD745,TV,LG OLED 48,Dell,3,407.48,0.05,0.18,1370.36,Credit Card,Online,EMP491,2,0,Standard,7,AED
ORD124856,02-01-2024,BR67,UK,Birmingham,CUST6548,PROD895,Laptop,Dell XPS 13,Sony,4,1163.17,0.12,0.18,4831.34,UPI,In-Store,EMP852,1,1,Same Day,2,USD
ORD124857,23-03-2023,BR1,UAE,Dubai,CUST2489,PROD287,Accessories,Keyboard,Dell,1,768.91,0.14,0.18,780.29,Credit Card,Online,EMP613,0,0,Express,3,USD
ORD124858,12-12-2024,BR66,Germany,Munich,CUST9426,PROD845,Accessories,Keyboard,HP,1,963.25,0.29,0.18,807.01,Credit Card,In-Store,EMP690,2,0,Same Day,4,EUR
ORD124859,06-05-2023,BR5,USA,Chicago,CUST3296,PROD361,Mobile,OnePlus 11,Samsung,1,1093.65,0.13,0.18,1122.74,Debit Card,In-Store,EMP666,0,0,Express,6,AED
ORD124860,22-09-2023,BR71,UK,Birmingham,CUST3750,PROD499,Accessories,Bluetooth Headphones,Sony,1,649.2,0.22,0.18,597.52,Net Banking,In-Store,EMP530,0,1,Standard,2,AED
ORD124861,31-12-2023,BR82,UAE,Dubai,CUST8177,PROD112,Laptop,HP Spectre x360,Samsung,1,1186.76,0.03,0.18,1358.37,Net Banking,Online,EMP575,3,1,Same Day,9,USD
ORD124862,25-04-2023,BR39,UK,Manchester,CUST1417,PROD502,Mobile,OnePlus 11,Apple,3,1915.14,0.12,0.18,5966.04,Cash,Online,EMP466,3,1,Standard,6,INR
ORD124863,26-02-2024,BR33,Germany,Hamburg,CUST7839,PROD145,Accessories,Keyboard,Apple,4,377.34,0.18,0.18,1460.46,Cash,Online,EMP545,3,0,Express,1,GBP
ORD124864,13-05-2024,BR61,UK,Manchester,CUST3592,PROD459,Accessories,Bluetooth Headphones,HP,5,609.25,0.05,0.18,3414.85,Debit Card,In-Store,EMP563,3,0,Express,4,AED
ORD124865,09-10-2023,BR2,USA,Chicago,CUST9985,PROD896,Mobile,OnePlus 11,Lenovo,1,81.02,0.12,0.18,84.13,Net Banking,In-Store,EMP495,3,1,Standard,8,AED
ORD124866,18-03-2023,BR98,UK,London,CUST7200,PROD901,Accessories,Wireless Mouse,Dell,1,1312.49,0.24,0.18,1177.04,Debit Card,Online,EMP752,2,0,Standard,2,AED
ORD124867,14-12-2023,BR11,UAE,Dubai,CUST6456,PROD582,Mobile,Samsung Galaxy S23,Dell,5,1570.48,0.18,0.18,7597.98,Debit Card,In-Store,EMP250,0,0,Express,10,INR
ORD124868,14-07-2023,BR52,UK,Manchester,CUST1426,PROD763,TV,Sony Bravia 55,Dell,4,1563.48,0.02,0.18,7232.03,Credit Card,In-Store,EMP633,2,0,Standard,7,GBP
ORD124869,21-02-2024,BR79,UK,Birmingham,CUST5934,PROD730,Tablet,Lenovo Tab P11,Apple,1,104.59,0.04,0.18,118.48,Credit Card,In-Store,EMP285,1,1,Express,6,EUR
ORD124870,13-08-2024,BR85,India,Bangalore,CUST1973,PROD793,Mobile,Samsung Galaxy S23,Lenovo,5,589.92,0.28,0.18,2505.98,UPI,Online,EMP221,1,0,Same Day,5,GBP
ORD124871,11-07-2023,BR24,UK,Manchester,CUST7862,PROD887,Laptop,Dell XPS 13,LG,4,185.64,0.14,0.18,753.55,Net Banking,Online,EMP696,1,1,Standard,10,USD
ORD124872,23-11-2023,BR75,UAE,Abu Dhabi,CUST4840,PROD707,Tablet,Lenovo Tab P11,Sony,2,786.41,0.24,0.18,1410.5,UPI,In-Store,EMP518,1,1,Same Day,5,USD
ORD124873,31-05-2023,BR35,India,Bangalore,CUST5947,PROD232,Mobile,OnePlus 11,Samsung,5,1956.69,0.22,0.18,9004.69,Debit Card,In-Store,EMP466,3,1,Standard,9,GBP
ORD124874,11-02-2024,BR3,India,Delhi,CUST9992,PROD920,Tablet,Samsung Galaxy Tab,Apple,1,112.54,0.28,0.18,95.61,Credit Card,In-Store,EMP547,2,1,Same Day,3,USD
ORD124875,28-06-2024,BR43,Germany,Munich,CUST2471,PROD848,Mobile,Samsung Galaxy S23,Apple,2,76.57,0.21,0.18,142.76,Net Banking,In-Store,EMP664,0,1,Standard,5,USD
ORD124876,17-11-2024,BR23,UAE,Dubai,CUST9451,PROD445,Mobile,OnePlus 11,Apple,3,564.38,0.05,0.18,1898.01,Debit Card,Online,EMP610,0,0,Standard,3,USD
ORD124877,07-07-2023,BR6,India,Bangalore,CUST1930,PROD150,TV,LG OLED 48,Lenovo,4,456.43,0.1,0.18,1938.91,Debit Card,Online,EMP972,2,0,Standard,2,USD
ORD124878,02-03-2024,BR10,UK,London,CUST2295,PROD844,Accessories,Bluetooth Headphones,Dell,2,1002.65,0.09,0.18,2153.29,UPI,Online,EMP573,1,1,Same Day,4,AED
ORD124879,01-04-2023,BR72,India,Delhi,CUST9724,PROD886,Mobile,OnePlus 11,Samsung,3,819.55,0.19,0.18,2349.98,Cash,In-Store,EMP256,1,0,Express,2,INR
ORD124880,10-11-2023,BR59,Germany,Hamburg,CUST6949,PROD106,Mobile,iPhone 14,Sony,4,524.49,0.15,0.18,2104.25,Cash,Online,EMP317,2,0,Express,1,AED
ORD124881,01-01-2023,BR3,UK,Birmingham,CUST8176,PROD592,TV,Samsung QLED 50,Apple,2,1713.11,0.12,0.18,3557.79,Credit Card,In-Store,EMP333,1,0,Same Day,4,GBP
ORD124882,12-02-2023,BR118,Germany,Berlin,CUST7631,PROD396,Tablet,Samsung Galaxy Tab,HP,2,649.89,0.07,0.18,1426.38,Debit Card,Online,EMP940,0,0,Standard,4,USD
ORD124883,28-11-2023,BR46,USA,New York,CUST5087,PROD250,TV,LG OLED 48,OnePlus,4,994.49,0.11,0.18,4177.65,Debit Card,Online,EMP396,3,0,Standard,3,USD
ORD124884,17-06-2023,BR72,India,Mumbai,CUST6226,PROD697,Tablet,iPad Air,LG,5,1277.94,0.08,0.18,6936.66,Cash,In-Store,EMP746,1,1,Same Day,8,INR
ORD124885,04-03-2024,BR20,UAE,Dubai,CUST9931,PROD907,Mobile,Samsung Galaxy S23,Dell,5,1500.93,0.26,0.18,6553.06,Cash,In-Store,EMP501,1,0,Standard,6,INR
ORD124886,07-04-2023,BR10,UAE,Dubai,CUST2982,PROD609,Laptop,HP Spectre x360,Dell,3,1011.96,0.26,0.18,2650.93,Debit Card,Online,EMP594,2,1,Same Day,10,GBP
ORD124887,19-02-2024,BR9,UAE,Dubai,CUST9469,PROD190,TV,LG OLED 48,Sony,1,1345.82,0.07,0.18,1476.9,Cash,Online,EMP982,3,0,Express,4,GBP
ORD124888,17-09-2023,BR105,India,Mumbai,CUST1520,PROD852,TV,Samsung QLED 50,Dell,1,1334.21,0.27,0.18,1149.29,Credit Card,Online,EMP603,2,1,Express,9,INR
ORD124889,29-03-2023,BR100,India,Bangalore,CUST8787,PROD346,TV,LG OLED 48,Sony,5,848.23,0.18,0.18,4103.74,Net Banking,Online,EMP749,3,0,Standard,2,USD
ORD124890,20-02-2023,BR94,India,Delhi,CUST7701,PROD871,Mobile,OnePlus 11,Sony,3,1065.47,0.03,0.18,3658.61,Net Banking,In-Store,EMP228,1,0,Standard,8,AED
ORD124891,06-11-2023,BR109,UK,Birmingham,CUST9285,PROD544,Accessories,Wireless Mouse,HP,5,105.38,0.01,0.18,615.52,Debit Card,Online,EMP893,0,0,Standard,2,INR
ORD124892,15-03-2023,BR19,UK,London,CUST9706,PROD718,Laptop,Dell XPS 13,Lenovo,5,1467.78,0.23,0.18,6668.12,UPI,Online,EMP933,2,0,Same Day,10,INR
ORD124893,13-01-2023,BR4,Germany,Munich,CUST5585,PROD313,Laptop,MacBook Air M2,Samsung,1,248.2,0.17,0.18,243.09,Cash,Online,EMP861,3,0,Same Day,2,AED
ORD124894,07-02-2024,BR91,UK,Manchester,CUST8953,PROD951,Accessories,Wireless Mouse,Apple,4,1477.07,0.11,0.18,6204.88,UPI,Online,EMP554,0,1,Express,4,GBP
ORD124895,26-06-2023,BR117,UK,London,CUST8634,PROD276,TV,Samsung QLED 50,Apple,1,781.52,0.09,0.18,839.2,Debit Card,In-Store,EMP648,0,0,Express,7,USD
ORD124896,25-10-2024,BR116,USA,Chicago,CUST1711,PROD273,TV,Samsung QLED 50,Apple,3,736.16,0.28,0.18,1876.32,Cash,Online,EMP224,1,0,Same Day,8,GBP
ORD124897,25-12-2023,BR18,India,Pune,CUST2737,PROD478,Accessories,Wireless Mouse,Samsung,3,888.58,0.19,0.18,2547.91,Debit Card,Online,EMP384,0,1,Standard,5,INR
ORD124898,08-04-2024,BR52,USA,Los Angeles,CUST9083,PROD918,Laptop,HP Spectre x360,Apple,1,1346.97,0.17,0.18,1319.22,UPI,In-Store,EMP819,0,0,Standard,1,EUR
ORD124899,22-04-2024,BR114,Germany,Berlin,CUST8684,PROD616,Mobile,Samsung Galaxy S23,Lenovo,4,506.78,0.02,0.18,2344.16,UPI,Online,EMP317,2,1,Express,1,INR
ORD124900,16-05-2024,BR15,UAE,Abu Dhabi,CUST6422,PROD137,Tablet,Samsung Galaxy Tab,Sony,3,90.75,0.13,0.18,279.49,Net Banking,In-Store,EMP824,0,1,Same Day,6,EUR
ORD124901,08-05-2023,BR76,USA,Dallas,CUST2030,PROD698,Tablet,Lenovo Tab P11,Dell,3,1670.53,0.19,0.18,4790.08,Net Banking,In-Store,EMP920,0,0,Same Day,6,GBP
ORD124902,27-04-2024,BR115,UAE,Dubai,CUST1761,PROD559,Accessories,Bluetooth Headphones,Samsung,2,1413.38,0.11,0.18,2968.66,Net Banking,In-Store,EMP495,0,0,Express,6,EUR
ORD124903,26-12-2023,BR78,India,Pune,CUST5332,PROD666,Laptop,HP Spectre x360,HP,3,1690.56,0.16,0.18,5027.05,Debit Card,Online,EMP636,3,1,Same Day,10,GBP
ORD124904,06-08-2023,BR19,Germany,Hamburg,CUST5530,PROD635,Mobile,Samsung Galaxy S23,Samsung,5,1700.88,0.26,0.18,7426.04,UPI,In-Store,EMP835,3,1,Same Day,4,INR
ORD124905,29-09-2024,BR8,UK,Birmingham,CUST8313,PROD366,Laptop,HP Spectre x360,Dell,2,304.79,0.29,0.18,510.71,UPI,Online,EMP386,0,1,Standard,6,EUR
ORD124906,10-10-2024,BR84,India,Pune,CUST7456,PROD324,Tablet,Lenovo Tab P11,HP,4,577.22,0.07,0.18,2533.76,Debit Card,In-Store,EMP812,1,1,Same Day,8,EUR
ORD124907,23-06-2024,BR71,UK,Birmingham,CUST2524,PROD202,Tablet,Samsung Galaxy Tab,Sony,2,1377.99,0.17,0.18,2699.21,Debit Card,In-Store,EMP243,3,1,Standard,8,INR
ORD124908,16-02-2023,BR62,India,Mumbai,CUST6930,PROD624,TV,LG OLED 48,Sony,2,1443.24,0.24,0.18,2588.6,UPI,Online,EMP700,0,1,Express,1,INR
ORD124909,12-03-2023,BR3,UK,London,CUST8249,PROD758,Tablet,iPad Air,Apple,2,287.2,0.08,0.18,623.57,Net Banking,Online,EMP904,2,0,Express,6,EUR
ORD124910,08-02-2023,BR57,UK,Birmingham,CUST4266,PROD457,Tablet,Samsung Galaxy Tab,Apple,2,86.9,0.13,0.18,178.42,Cash,In-Store,EMP535,2,0,Express,1,EUR
ORD124911,30-10-2023,BR97,UAE,Abu Dhabi,CUST8540,PROD626,Tablet,Samsung Galaxy Tab,HP,4,1130.67,0.16,0.18,4482.88,Credit Card,In-Store,EMP483,2,0,Express,7,GBP
ORD124912,22-05-2023,BR69,USA,Los Angeles,CUST8634,PROD611,TV,LG OLED 48,OnePlus,1,315.31,0.15,0.18,316.26,UPI,In-Store,EMP339,2,1,Express,10,USD
ORD124913,18-02-2024,BR56,UAE,Abu Dhabi,CUST5183,PROD138,Laptop,MacBook Air M2,OnePlus,3,168.79,0.12,0.18,525.81,Credit Card,Online,EMP560,2,1,Same Day,6,INR
ORD124914,10-10-2023,BR116,India,Bangalore,CUST2375,PROD743,Accessories,Wireless Mouse,Lenovo,2,1461.64,0.16,0.18,2897.56,Net Banking,In-Store,EMP466,0,1,Same Day,2,USD
ORD124915,24-06-2024,BR27,UAE,Dubai,CUST5150,PROD420,Tablet,Samsung Galaxy Tab,OnePlus,3,413.61,0.23,0.18,1127.42,Net Banking,Online,EMP970,3,0,Express,1,INR
ORD124916,08-08-2023,BR22,UAE,Dubai,CUST9691,PROD472,Mobile,Samsung Galaxy S23,Lenovo,2,651.01,0.25,0.18,1152.29,Cash,In-Store,EMP414,0,0,Same Day,6,USD
ORD124917,20-11-2024,BR117,UAE,Abu Dhabi,CUST6710,PROD838,TV,Samsung QLED 50,OnePlus,2,815.98,0.16,0.18,1617.6,Credit Card,Online,EMP688,2,1,Express,8,USD
ORD124918,10-01-2023,BR49,Germany,Berlin,CUST2936,PROD865,TV,LG OLED 48,Sony,4,783.8,0.18,0.18,3033.62,Net Banking,In-Store,EMP832,3,1,Same Day,3,INR
ORD124919,02-08-2024,BR12,UAE,Abu Dhabi,CUST6012,PROD772,Tablet,Samsung Galaxy Tab,HP,3,203.94,0.17,0.18,599.22,Net Banking,Online,EMP719,0,0,Standard,7,AED
ORD124920,08-05-2024,BR99,India,Pune,CUST3336,PROD153,Tablet,iPad Air,LG,2,1213.05,0.25,0.18,2147.1,UPI,Online,EMP661,2,0,Same Day,1,USD
ORD124921,21-04-2024,BR32,UK,London,CUST7395,PROD439,Tablet,iPad Air,Samsung,1,1251.69,0.14,0.18,1270.22,Net Banking,In-Store,EMP337,3,1,Same Day,7,USD
ORD124922,02-04-2023,BR3,India,Bangalore,CUST7758,PROD189,Tablet,Lenovo Tab P11,Lenovo,4,589.63,0.26,0.18,2059.46,Net Banking,Online,EMP291,3,0,Same Day,9,USD
ORD124923,29-08-2024,BR24,Germany,Berlin,CUST5951,PROD809,Accessories,Bluetooth Headphones,Apple,4,441.91,0.01,0.18,2064.96,UPI,Online,EMP456,3,1,Standard,4,USD
ORD124924,11-07-2023,BR22,UK,London,CUST6738,PROD817,Mobile,Samsung Galaxy S23,LG,2,427.13,0,0.18,1008.03,Cash,Online,EMP524,0,1,Express,4,GBP
ORD124925,30-08-2024,BR108,UK,Manchester,CUST6409,PROD700,Laptop,Dell XPS 13,Sony,1,670.27,0.13,0.18,688.1,Net Banking,Online,EMP256,3,0,Same Day,4,USD
ORD124926,05-03-2024,BR103,UAE,Abu Dhabi,CUST7863,PROD564,Accessories,Keyboard,OnePlus,5,1737.72,0.27,0.18,7484.36,Credit Card,In-Store,EMP358,1,1,Same Day,8,EUR
ORD124927,17-12-2024,BR99,UAE,Abu Dhabi,CUST7007,PROD644,Laptop,HP Spectre x360,Sony,3,533.33,0.08,0.18,1736.95,Net Banking,In-Store,EMP924,3,1,Standard,10,AED
ORD124928,15-03-2023,BR19,UK,London,CUST7418,PROD184,Accessories,Bluetooth Headphones,HP,3,965.33,0.07,0.18,3178.06,Cash,Online,EMP599,0,0,Standard,4,USD
ORD124929,11-11-2024,BR34,Germany,Berlin,CUST3678,PROD446,Tablet,Lenovo Tab P11,LG,5,1099.22,0.23,0.18,4993.76,Cash,Online,EMP720,3,1,Express,6,USD
ORD124930,05-07-2023,BR19,Germany,Hamburg,CUST9234,PROD312,Accessories,Keyboard,Sony,4,1975.73,0.24,0.18,7087.34,Debit Card,In-Store,EMP242,0,1,Same Day,3,INR
ORD124931,09-11-2023,BR80,UAE,Dubai,CUST7902,PROD150,Tablet,iPad Air,Lenovo,1,1164.6,0.29,0.18,975.7,Cash,In-Store,EMP241,2,1,Express,1,USD
ORD124932,03-11-2024,BR44,UK,Birmingham,CUST7465,PROD471,Tablet,iPad Air,HP,3,460.65,0.16,0.18,1369.79,UPI,Online,EMP710,3,1,Express,4,AED
ORD124933,11-06-2023,BR27,Germany,Munich,CUST3325,PROD414,Mobile,Samsung Galaxy S23,Lenovo,3,1713.5,0.05,0.18,5762.5,Cash,Online,EMP757,1,1,Same Day,9,INR
ORD124934,06-11-2023,BR63,India,Bangalore,CUST4086,PROD666,Laptop,HP Spectre x360,Sony,5,717.78,0.14,0.18,3642.02,Cash,In-Store,EMP504,3,0,Same Day,7,EUR
ORD124935,27-01-2024,BR118,UK,Manchester,CUST6647,PROD128,Accessories,Keyboard,OnePlus,1,894.43,0.2,0.18,844.34,UPI,In-Store,EMP567,1,1,Express,1,GBP
ORD124936,21-12-2023,BR110,UAE,Abu Dhabi,CUST8213,PROD359,Mobile,iPhone 14,Samsung,5,1867.24,0.11,0.18,9804.88,UPI,In-Store,EMP413,2,1,Standard,9,GBP
ORD124937,03-11-2024,BR45,Germany,Hamburg,CUST7180,PROD610,Tablet,iPad Air,Lenovo,3,552.06,0.02,0.18,1915.21,Cash,Online,EMP503,0,1,Express,10,AED
ORD124938,30-08-2024,BR8,UAE,Abu Dhabi,CUST9072,PROD213,Tablet,iPad Air,HP,1,736.49,0.09,0.18,790.84,Net Banking,In-Store,EMP369,1,0,Same Day,10,AED
ORD124939,13-05-2023,BR96,UAE,Dubai,CUST4101,PROD986,Laptop,HP Spectre x360,Apple,4,857.88,0.3,0.18,2834.44,Net Banking,In-Store,EMP268,2,0,Standard,10,GBP
ORD124940,28-03-2024,BR89,Germany,Hamburg,CUST5157,PROD437,Mobile,OnePlus 11,Samsung,2,163.8,0.13,0.18,336.31,Credit Card,Online,EMP880,2,1,Same Day,9,USD
ORD124941,24-03-2024,BR46,USA,Los Angeles,CUST7946,PROD321,Laptop,MacBook Air M2,LG,1,223.89,0.16,0.18,221.92,Debit Card,Online,EMP872,0,1,Same Day,6,AED
ORD124942,13-01-2024,BR117,Germany,Berlin,CUST4154,PROD946,Laptop,HP Spectre x360,OnePlus,1,538.01,0.18,0.18,520.58,Debit Card,Online,EMP990,2,0,Express,8,INR
ORD124943,04-03-2024,BR47,India,Pune,CUST7898,PROD156,TV,LG OLED 48,Lenovo,1,907.14,0.16,0.18,899.16,UPI,Online,EMP434,0,1,Express,10,AED
ORD124944,21-06-2024,BR120,UAE,Dubai,CUST4126,PROD786,Accessories,Bluetooth Headphones,LG,4,798.64,0.05,0.18,3581.1,Credit Card,Online,EMP444,0,1,Same Day,6,EUR
ORD124945,30-08-2024,BR29,UK,Birmingham,CUST5021,PROD786,TV,Sony Bravia 55,OnePlus,4,1304.75,0.07,0.18,5727.33,Debit Card,In-Store,EMP285,0,0,Standard,1,AED
ORD124946,09-07-2023,BR26,UAE,Abu Dhabi,CUST8070,PROD636,Accessories,Keyboard,OnePlus,2,263.31,0.06,0.18,584.13,Cash,Online,EMP452,1,1,Standard,10,USD
ORD124947,13-10-2023,BR115,UK,London,CUST1229,PROD137,Accessories,Wireless Mouse,HP,3,86.18,0.24,0.18,231.86,Credit Card,Online,EMP970,0,1,Express,8,EUR
ORD124948,02-03-2024,BR92,UK,Manchester,CUST7917,PROD755,Tablet,Lenovo Tab P11,Lenovo,3,402.51,0.24,0.18,1082.91,Net Banking,Online,EMP850,3,0,Standard,1,GBP
ORD124949,01-03-2024,BR107,India,Bangalore,CUST6946,PROD152,Accessories,Bluetooth Headphones,HP,2,521.61,0.25,0.18,923.25,Credit Card,Online,EMP565,0,1,Standard,3,GBP
ORD124950,14-02-2024,BR4,Germany,Berlin,CUST7332,PROD821,TV,Samsung QLED 50,Sony,2,968.14,0.22,0.18,1782.15,Cash,In-Store,EMP612,0,0,Standard,2,EUR
ORD124951,10-07-2024,BR17,Germany,Hamburg,CUST7944,PROD449,Tablet,Samsung Galaxy Tab,Dell,3,830.87,0.03,0.18,2853.04,Debit Card,Online,EMP492,0,1,Standard,6,AED
ORD124952,12-12-2024,BR24,UK,Manchester,CUST2025,PROD218,Accessories,Wireless Mouse,HP,4,91.64,0.13,0.18,376.31,Debit Card,In-Store,EMP983,0,0,Standard,7,GBP
ORD124953,27-06-2023,BR55,India,Pune,CUST6133,PROD371,Accessories,Bluetooth Headphones,Lenovo,1,1530.95,0.1,0.18,1625.87,UPI,Online,EMP967,2,0,Same Day,10,GBP
ORD124954,17-10-2024,BR112,Germany,Munich,CUST8891,PROD552,Mobile,iPhone 14,HP,2,1258.18,0.19,0.18,2405.14,UPI,In-Store,EMP347,3,0,Same Day,9,USD
ORD124955,18-02-2023,BR22,USA,Los Angeles,CUST1058,PROD417,TV,Samsung QLED 50,OnePlus,1,1033.96,0.29,0.18,866.25,Cash,In-Store,EMP740,0,1,Express,10,EUR
ORD124956,08-12-2023,BR98,UAE,Abu Dhabi,CUST7479,PROD822,Mobile,iPhone 14,Samsung,3,1662.82,0.2,0.18,4709.11,Credit Card,In-Store,EMP395,0,0,Standard,6,USD
ORD124957,28-04-2024,BR39,UK,Birmingham,CUST3992,PROD234,Mobile,OnePlus 11,OnePlus,4,1134.82,0.23,0.18,4124.39,Credit Card,In-Store,EMP784,1,0,Express,4,EUR
ORD124958,18-03-2023,BR45,Germany,Berlin,CUST5181,PROD251,Mobile,iPhone 14,Apple,4,821.77,0.18,0.18,3180.58,Net Banking,Online,EMP515,1,0,Same Day,5,USD
ORD124959,08-03-2023,BR81,Germany,Hamburg,CUST1766,PROD458,Mobile,iPhone 14,Sony,3,1219.58,0.17,0.18,3583.37,Credit Card,In-Store,EMP821,1,0,Standard,3,INR
ORD124960,18-01-2023,BR39,UK,Manchester,CUST9065,PROD170,Tablet,Lenovo Tab P11,LG,2,1253.31,0.05,0.18,2809.92,Credit Card,Online,EMP863,3,1,Express,9,EUR
ORD124961,01-04-2024,BR10,USA,Dallas,CUST1016,PROD492,Mobile,OnePlus 11,LG,5,402.81,0.29,0.18,1687.37,Credit Card,Online,EMP319,0,0,Express,5,GBP
ORD124962,09-11-2023,BR14,Germany,Hamburg,CUST7340,PROD375,Accessories,Keyboard,Dell,2,784.92,0.06,0.18,1741.27,Cash,In-Store,EMP579,0,0,Standard,6,AED
ORD124963,16-07-2023,BR78,UK,Birmingham,CUST1659,PROD879,Mobile,iPhone 14,Samsung,5,1473.53,0.14,0.18,7476.69,Debit Card,Online,EMP337,1,0,Same Day,3,GBP
ORD124964,18-09-2023,BR115,UK,Manchester,CUST1097,PROD903,Tablet,iPad Air,Sony,2,1907.46,0.26,0.18,3331.19,UPI,In-Store,EMP534,1,1,Same Day,1,USD
ORD124965,26-02-2024,BR65,UAE,Dubai,CUST6990,PROD125,Tablet,iPad Air,OnePlus,2,882.69,0.06,0.18,1958.16,Net Banking,In-Store,EMP550,2,1,Express,6,AED
ORD124966,07-06-2024,BR117,UK,Birmingham,CUST9680,PROD465,TV,LG OLED 48,Sony,1,60.66,0.12,0.18,62.99,Cash,Online,EMP204,1,0,Same Day,4,USD
ORD124967,07-01-2024,BR61,USA,Los Angeles,CUST2870,PROD531,TV,LG OLED 48,Dell,2,606.31,0.21,0.18,1130.4,Credit Card,Online,EMP649,1,1,Standard,9,AED
ORD124968,26-02-2023,BR84,Germany,Hamburg,CUST9756,PROD945,Tablet,iPad Air,HP,2,1140.01,0.27,0.18,1964.01,Cash,Online,EMP941,3,0,Same Day,2,USD
ORD124969,22-01-2024,BR84,India,Delhi,CUST3754,PROD219,Laptop,MacBook Air M2,OnePlus,3,943.48,0.15,0.18,2838.93,Cash,Online,EMP236,3,1,Standard,8,USD
ORD124970,12-06-2024,BR79,Germany,Berlin,CUST5491,PROD689,TV,Samsung QLED 50,Dell,3,1822.83,0.01,0.18,6388.29,Cash,Online,EMP271,2,0,Express,8,EUR
ORD124971,24-08-2023,BR64,Germany,Munich,CUST4686,PROD255,Mobile,OnePlus 11,LG,1,1951.6,0.11,0.18,2049.57,Net Banking,In-Store,EMP915,3,0,Same Day,4,USD
ORD124972,26-06-2024,BR59,India,Delhi,CUST1344,PROD828,Accessories,Bluetooth Headphones,Dell,2,65.74,0.02,0.18,152.04,Cash,In-Store,EMP243,2,1,Same Day,2,EUR
ORD124973,04-07-2024,BR62,UK,London,CUST9797,PROD700,Accessories,Bluetooth Headphones,Sony,3,737.49,0.1,0.18,2349.64,Net Banking,In-Store,EMP985,0,0,Express,10,INR
ORD124974,24-10-2024,BR71,USA,New York,CUST7051,PROD628,Mobile,Samsung Galaxy S23,Lenovo,1,1414.81,0.28,0.18,1202.02,Credit Card,In-Store,EMP590,2,1,Express,4,USD
ORD124975,30-09-2024,BR100,Germany,Berlin,CUST7756,PROD796,Tablet,iPad Air,Samsung,2,464.87,0,0.18,1097.09,Net Banking,Online,EMP690,0,1,Express,6,USD
ORD124976,11-12-2024,BR76,UK,Birmingham,CUST3162,PROD911,Accessories,Bluetooth Headphones,Apple,5,696.92,0.18,0.18,3371.7,Cash,In-Store,EMP407,1,0,Express,3,AED
ORD124977,28-09-2023,BR12,USA,Dallas,CUST2337,PROD449,Tablet,Lenovo Tab P11,Samsung,5,758.14,0.09,0.18,4070.45,Debit Card,Online,EMP415,3,0,Express,9,USD
ORD124978,06-02-2023,BR84,India,Pune,CUST6180,PROD939,Accessories,Wireless Mouse,LG,4,718.75,0.17,0.18,2815.78,Credit Card,Online,EMP331,1,1,Same Day,4,GBP
ORD124979,07-08-2023,BR20,India,Mumbai,CUST4911,PROD385,TV,Samsung QLED 50,Dell,2,1112.74,0.1,0.18,2363.46,Debit Card,In-Store,EMP432,1,0,Express,4,AED
ORD124980,17-06-2024,BR39,UAE,Dubai,CUST4659,PROD364,Tablet,iPad Air,OnePlus,1,707.91,0.04,0.18,801.92,Cash,In-Store,EMP329,1,0,Standard,2,AED
ORD124981,19-06-2024,BR36,USA,Dallas,CUST6828,PROD991,Mobile,iPhone 14,HP,3,1701.38,0.23,0.18,4637.62,Net Banking,In-Store,EMP807,0,1,Same Day,6,USD
ORD124982,03-05-2023,BR56,UAE,Abu Dhabi,CUST9754,PROD784,Laptop,HP Spectre x360,OnePlus,1,1337.63,0.25,0.18,1183.8,Cash,Online,EMP525,1,1,Express,8,USD
ORD124983,20-11-2023,BR75,Germany,Munich,CUST9831,PROD189,Accessories,Bluetooth Headphones,Sony,4,1429.68,0.06,0.18,6343.2,Debit Card,In-Store,EMP933,2,1,Express,1,AED
ORD124984,02-05-2024,BR85,UK,Birmingham,CUST3675,PROD693,Mobile,iPhone 14,Apple,3,372.05,0.26,0.18,974.62,Cash,In-Store,EMP900,0,0,Same Day,2,USD
ORD124985,28-04-2023,BR34,UK,Birmingham,CUST1471,PROD961,Laptop,MacBook Air M2,HP,2,1847.38,0.17,0.18,3618.65,Debit Card,In-Store,EMP838,2,0,Standard,10,AED
ORD124986,08-10-2023,BR55,India,Mumbai,CUST5240,PROD561,Tablet,Samsung Galaxy Tab,Sony,1,1345.53,0.01,0.18,1571.85,Credit Card,In-Store,EMP241,3,1,Express,10,GBP
ORD124987,21-11-2024,BR72,India,Mumbai,CUST4534,PROD322,Mobile,OnePlus 11,Sony,2,1873.34,0.17,0.18,3669.5,Credit Card,In-Store,EMP301,0,1,Standard,6,GBP
ORD124988,23-03-2024,BR35,UAE,Dubai,CUST3751,PROD546,Mobile,OnePlus 11,LG,1,793.6,0.01,0.18,927.08,Debit Card,In-Store,EMP681,2,1,Express,1,INR
ORD124989,07-01-2024,BR93,USA,New York,CUST6613,PROD840,Mobile,Samsung Galaxy S23,Lenovo,5,1231.63,0.16,0.18,6103.96,Cash,Online,EMP559,0,0,Standard,6,USD
ORD124990,04-08-2024,BR70,UAE,Abu Dhabi,CUST5657,PROD923,TV,Sony Bravia 55,Lenovo,5,1002.81,0.07,0.18,5502.42,UPI,In-Store,EMP200,1,1,Standard,10,USD
ORD124991,17-10-2023,BR34,UAE,Abu Dhabi,CUST9314,PROD413,Mobile,OnePlus 11,OnePlus,4,333.33,0.09,0.18,1431.72,Debit Card,Online,EMP492,1,1,Express,1,INR
ORD124992,13-09-2024,BR111,India,Bangalore,CUST1996,PROD779,Tablet,Samsung Galaxy Tab,Apple,1,1384.81,0.14,0.18,1405.31,Cash,Online,EMP829,0,0,Same Day,6,GBP
ORD124993,18-11-2023,BR51,UAE,Dubai,CUST3425,PROD630,Mobile,iPhone 14,OnePlus,1,305.01,0.1,0.18,323.92,Credit Card,In-Store,EMP812,3,0,Standard,2,INR
ORD124994,25-07-2024,BR43,USA,Dallas,CUST5771,PROD253,TV,LG OLED 48,Sony,3,1778.27,0.29,0.18,4469.5,Cash,In-Store,EMP948,1,1,Express,4,INR
ORD124995,04-08-2023,BR73,USA,New York,CUST6229,PROD346,TV,Samsung QLED 50,HP,1,804.31,0.16,0.18,797.23,Net Banking,In-Store,EMP327,1,0,Standard,2,AED
ORD124996,12-04-2024,BR39,Germany,Munich,CUST5471,PROD574,Accessories,Bluetooth Headphones,Lenovo,4,1975.27,0.24,0.18,7085.69,Debit Card,In-Store,EMP364,3,1,Express,5,INR
ORD124997,20-04-2023,BR45,USA,Los Angeles,CUST2569,PROD730,Accessories,Bluetooth Headphones,OnePlus,2,786.6,0.13,0.18,1615.05,Debit Card,Online,EMP658,3,0,Standard,1,GBP
ORD124998,09-08-2024,BR55,UK,London,CUST4473,PROD135,Tablet,iPad Air,Samsung,1,1154.88,0.21,0.18,1076.58,Credit Card,In-Store,EMP876,2,0,Express,10,AED
ORD124999,27-03-2024,BR83,UK,Manchester,CUST6556,PROD355,TV,LG OLED 48,Dell,3,1814.13,0.29,0.18,4559.63,Cash,In-Store,EMP746,3,0,Express,7,INR
ORD125000,28-05-2023,BR23,Germany,Hamburg,CUST4495,PROD604,TV,LG OLED 48,Samsung,5,255.18,0.14,0.18,1294.78,Net Banking,In-Store,EMP963,1,0,Standard,3,AED
