OrderID,OrderDate,BranchID,Country,City,CustomerID,ProductID,ProductCategory,ProductName,Brand,Quantity,UnitPrice,DiscountRate,TaxRate,TotalAmount,PaymentMethod,SalesChannel,EmployeeID,WarrantyYears,ReturnFlag,ShipmentMode,DeliveryDays,Currency
ORD130001,22-08-2024,BR79,USA,New York,CUST2154,PROD308,Accessories,Keyboard,Lenovo,1,1855.87,0.22,0.18,1708.14,Debit Card,In-Store,EMP975,0,0,Express,2,AED
ORD130002,27-08-2024,BR19,UAE,Abu Dhabi,CUST8189,PROD544,Accessories,Bluetooth Headphones,Samsung,5,909.61,0.28,0.18,3864.02,Credit Card,Online,EMP246,1,1,Standard,5,EUR
ORD130003,29-02-2024,BR104,UAE,Abu Dhabi,CUST7612,PROD123,Laptop,Dell XPS 13,Lenovo,5,1330.78,0.03,0.18,7616.05,Net Banking,In-Store,EMP288,0,0,Same Day,2,INR
ORD130004,01-06-2024,BR23,India,Mumbai,CUST8760,PROD906,Accessories,Wireless Mouse,LG,3,1442,0.24,0.18,3879.56,Cash,In-Store,EMP725,1,0,Express,1,INR
ORD130005,24-01-2023,BR81,UAE,Abu Dhabi,CUST2194,PROD369,Accessories,Bluetooth Headphones,Samsung,3,54.86,0.19,0.18,157.31,Credit Card,Online,EMP721,0,0,Standard,9,USD
ORD130006,27-09-2024,BR67,India,Mumbai,CUST8588,PROD818,Tablet,Samsung Galaxy Tab,LG,2,81.23,0.24,0.18,145.69,UPI,Online,EMP508,2,1,Express,3,GBP
ORD130007,21-02-2024,BR15,India,Bangalore,CUST2647,PROD709,Accessories,Keyboard,Dell,2,889.71,0.1,0.18,1889.74,Debit Card,Online,EMP736,0,1,Same Day,7,GBP
ORD130008,04-09-2024,BR106,UAE,Abu Dhabi,CUST8164,PROD432,Tablet,iPad Air,HP,3,527.79,0.21,0.18,1476.02,Debit Card,Online,EMP206,1,1,Express,6,USD
ORD130009,29-06-2024,BR52,India,Pune,CUST8880,PROD328,Accessories,Bluetooth Headphones,Samsung,4,149.16,0.02,0.18,689.95,Net Banking,In-Store,EMP249,0,1,Express,9,GBP
ORD130010,27-02-2024,BR118,UK,Birmingham,CUST8303,PROD700,Tablet,Samsung Galaxy Tab,Samsung,1,605.94,0.05,0.18,679.26,Credit Card,In-Store,EMP814,3,0,Same Day,3,USD
ORD130011,19-09-2023,BR54,UK,Manchester,CUST1023,PROD823,Accessories,Wireless Mouse,HP,1,923.09,0.15,0.18,925.86,UPI,Online,EMP706,1,1,Standard,6,INR
ORD130012,05-07-2023,BR109,India,Mumbai,CUST3637,PROD707,TV,Sony Bravia 55,OnePlus,4,406.38,0,0.18,1918.11,UPI,Online,EMP783,0,0,Standard,1,GBP
ORD130013,02-09-2024,BR104,India,Delhi,CUST7473,PROD942,Mobile,OnePlus 11,Samsung,2,1299.47,0.26,0.18,2269.39,UPI,In-Store,EMP937,1,1,Same Day,7,USD
ORD130014,15-07-2023,BR69,USA,New York,CUST9468,PROD916,TV,Sony Bravia 55,Apple,5,793.02,0.03,0.18,4538.45,Net Banking,Online,EMP745,1,0,Same Day,9,INR
ORD130015,03-06-2024,BR29,Germany,Munich,CUST3664,PROD936,Accessories,Keyboard,Samsung,2,685.59,0.09,0.18,1472.37,Credit Card,Online,EMP666,1,0,Express,9,AED
ORD130016,22-07-2023,BR104,India,Mumbai,CUST3910,PROD696,Tablet,Lenovo Tab P11,Lenovo,4,748.46,0.01,0.18,3497.4,Debit Card,Online,EMP405,1,1,Express,3,USD
ORD130017,11-08-2023,BR26,Germany,Berlin,CUST1194,PROD485,Mobile,OnePlus 11,Lenovo,4,1240.25,0.26,0.18,4331.95,UPI,In-Store,EMP252,2,1,Standard,1,USD
ORD130018,23-06-2024,BR25,USA,Los Angeles,CUST2216,PROD428,TV,LG OLED 48,LG,3,212.26,0.05,0.18,713.83,Net Banking,Online,EMP780,0,1,Standard,2,INR
ORD130019,27-08-2024,BR34,USA,New York,CUST1661,PROD761,Accessories,Bluetooth Headphones,Sony,3,330.75,0.07,0.18,1088.9,Cash,Online,EMP831,3,0,Same Day,7,USD
ORD130020,23-04-2023,BR80,USA,Dallas,CUST1319,PROD494,Accessories,Bluetooth Headphones,Dell,4,541.75,0.21,0.18,2020.08,Cash,Online,EMP411,0,1,Same Day,7,INR
ORD130021,30-03-2024,BR119,USA,Dallas,CUST5963,PROD309,Laptop,MacBook Air M2,Sony,5,275.76,0.03,0.18,1578.17,Cash,In-Store,EMP210,3,0,Express,3,USD
ORD130022,11-02-2024,BR2,UAE,Dubai,CUST7444,PROD526,Mobile,Samsung Galaxy S23,Dell,5,1873.15,0.27,0.18,8067.66,Credit Card,Online,EMP506,2,1,Standard,10,AED
ORD130023,28-08-2024,BR35,Germany,Munich,CUST8993,PROD240,Laptop,MacBook Air M2,Samsung,4,1654.98,0.27,0.18,5702.4,Credit Card,In-Store,EMP728,0,1,Standard,4,INR
ORD130024,16-10-2023,BR47,UK,London,CUST4067,PROD226,Laptop,HP Spectre x360,LG,4,945.71,0.24,0.18,3392.45,Cash,In-Store,EMP525,1,1,Standard,3,GBP
ORD130025,17-02-2024,BR34,UAE,Abu Dhabi,CUST7005,PROD311,Mobile,iPhone 14,Apple,5,281.2,0.02,0.18,1625.9,Net Banking,In-Store,EMP379,0,0,Express,7,EUR
ORD130026,21-09-2023,BR81,Germany,Hamburg,CUST1401,PROD450,TV,LG OLED 48,Lenovo,3,76.01,0.2,0.18,215.26,Credit Card,Online,EMP833,0,0,Express,1,GBP
ORD130027,27-02-2024,BR58,UK,London,CUST1080,PROD269,Tablet,Samsung Galaxy Tab,Lenovo,1,1460.73,0.21,0.18,1361.69,Credit Card,Online,EMP578,3,0,Express,3,EUR
ORD130028,02-10-2024,BR78,UK,London,CUST3841,PROD108,Mobile,iPhone 14,LG,1,774.76,0,0.18,914.22,Cash,In-Store,EMP928,3,1,Express,7,AED
ORD130029,17-04-2023,BR114,UAE,Dubai,CUST9741,PROD876,Tablet,iPad Air,HP,1,541.6,0.23,0.18,492.1,Cash,Online,EMP620,3,0,Same Day,2,INR
ORD130030,19-01-2024,BR95,UK,Birmingham,CUST9527,PROD226,TV,LG OLED 48,OnePlus,4,1677.85,0.09,0.18,7206.7,Cash,In-Store,EMP620,1,1,Same Day,4,INR
ORD130031,12-10-2024,BR86,USA,Chicago,CUST6869,PROD235,Mobile,Samsung Galaxy S23,Dell,2,1355.76,0.01,0.18,3167.6,Net Banking,Online,EMP643,2,0,Express,2,USD
ORD130032,11-02-2024,BR56,UAE,Abu Dhabi,CUST2551,PROD847,Mobile,iPhone 14,Dell,2,184.23,0.05,0.18,413.04,UPI,In-Store,EMP290,3,1,Same Day,4,INR
ORD130033,07-08-2023,BR49,UK,Birmingham,CUST1595,PROD645,TV,Sony Bravia 55,HP,5,1191.46,0.11,0.18,6256.36,Debit Card,In-Store,EMP997,0,1,Standard,9,INR
ORD130034,17-04-2023,BR26,Germany,Berlin,CUST3381,PROD276,Tablet,Samsung Galaxy Tab,HP,5,1315.93,0.29,0.18,5512.43,UPI,In-Store,EMP977,2,1,Same Day,7,EUR
ORD130035,07-05-2024,BR109,Germany,Hamburg,CUST7409,PROD595,Mobile,Samsung Galaxy S23,Apple,2,1914.54,0.15,0.18,3840.57,Cash,Online,EMP783,2,1,Same Day,9,EUR
ORD130036,22-02-2024,BR52,UAE,Abu Dhabi,CUST4267,PROD713,Tablet,iPad Air,HP,1,991.56,0,0.18,1170.04,Cash,Online,EMP307,1,0,Same Day,9,EUR
ORD130037,27-01-2024,BR113,India,Delhi,CUST6585,PROD803,Tablet,Lenovo Tab P11,Apple,5,733.26,0.15,0.18,3677.3,Credit Card,Online,EMP933,3,0,Standard,9,EUR
ORD130038,21-09-2023,BR81,India,Mumbai,CUST3611,PROD236,Tablet,Samsung Galaxy Tab,LG,5,1218.56,0.02,0.18,7045.71,UPI,Online,EMP834,0,0,Standard,10,EUR
ORD130039,18-07-2023,BR4,USA,New York,CUST1282,PROD428,TV,Samsung QLED 50,Lenovo,4,1975.85,0.02,0.18,9139.49,Credit Card,In-Store,EMP204,2,1,Same Day,5,EUR
ORD130040,05-08-2024,BR70,India,Bangalore,CUST8940,PROD670,Laptop,HP Spectre x360,LG,1,407.66,0.05,0.18,456.99,Net Banking,Online,EMP501,3,0,Same Day,1,INR
ORD130041,12-01-2024,BR102,USA,Dallas,CUST2766,PROD456,Tablet,Lenovo Tab P11,Dell,3,245.78,0.24,0.18,661.25,Debit Card,In-Store,EMP382,0,1,Express,9,INR
ORD130042,21-12-2023,BR77,UK,Birmingham,CUST8865,PROD316,Accessories,Bluetooth Headphones,LG,5,1307.25,0.29,0.18,5476.07,Cash,In-Store,EMP542,3,0,Standard,1,EUR
ORD130043,09-10-2023,BR68,India,Mumbai,CUST9448,PROD778,Mobile,Samsung Galaxy S23,Samsung,4,113.81,0.16,0.18,451.23,Credit Card,Online,EMP325,3,0,Express,5,INR
ORD130044,23-07-2023,BR21,USA,Chicago,CUST1320,PROD644,Mobile,OnePlus 11,LG,5,665.26,0.08,0.18,3611.03,Credit Card,Online,EMP618,3,1,Express,8,GBP
ORD130045,13-12-2023,BR119,USA,Los Angeles,CUST8325,PROD954,Mobile,OnePlus 11,Lenovo,4,971.06,0.01,0.18,4537.57,UPI,Online,EMP252,1,1,Same Day,4,AED
ORD130046,05-04-2024,BR43,India,Bangalore,CUST8314,PROD860,Accessories,Keyboard,Samsung,2,1921.8,0.1,0.18,4081.9,Credit Card,In-Store,EMP419,0,0,Express,1,INR
ORD130047,13-11-2023,BR101,UK,Manchester,CUST9363,PROD138,Accessories,Bluetooth Headphones,Dell,5,1631.38,0.29,0.18,6833.85,Net Banking,In-Store,EMP521,3,1,Standard,5,INR
ORD130048,08-09-2023,BR95,UAE,Abu Dhabi,CUST4137,PROD104,Laptop,MacBook Air M2,Apple,3,529.41,0.03,0.18,1817.89,Credit Card,In-Store,EMP992,2,0,Standard,9,GBP
ORD130049,19-10-2023,BR80,India,Mumbai,CUST8729,PROD313,Tablet,Lenovo Tab P11,HP,3,1960.77,0.06,0.18,6524.66,UPI,Online,EMP788,0,0,Express,9,INR
ORD130050,20-11-2023,BR81,India,Bangalore,CUST6507,PROD578,Accessories,Keyboard,Samsung,5,590.7,0.23,0.18,2683.55,Debit Card,Online,EMP752,3,1,Standard,4,USD
ORD130051,28-07-2024,BR44,India,Mumbai,CUST2899,PROD572,Accessories,Bluetooth Headphones,OnePlus,1,365.55,0.1,0.18,388.21,Net Banking,Online,EMP267,3,0,Same Day,7,INR
ORD130052,08-04-2023,BR63,Germany,Berlin,CUST8709,PROD245,TV,Samsung QLED 50,Apple,2,991.04,0.12,0.18,2058.19,Cash,In-Store,EMP799,0,1,Standard,5,USD
ORD130053,28-08-2023,BR73,India,Bangalore,CUST8880,PROD494,Mobile,OnePlus 11,Dell,4,573.33,0.17,0.18,2246.08,Cash,Online,EMP466,1,1,Same Day,8,AED
ORD130054,08-03-2023,BR59,India,Bangalore,CUST6060,PROD129,Mobile,OnePlus 11,Samsung,5,1706.55,0.1,0.18,9061.78,Credit Card,Online,EMP870,1,1,Standard,5,USD
ORD130055,02-11-2023,BR53,Germany,Munich,CUST3098,PROD696,Mobile,iPhone 14,OnePlus,1,1120.99,0.01,0.18,1309.54,UPI,In-Store,EMP934,1,1,Standard,8,EUR
ORD130056,15-03-2023,BR84,UK,Birmingham,CUST4781,PROD135,Laptop,MacBook Air M2,Lenovo,5,265.9,0.08,0.18,1443.31,UPI,In-Store,EMP543,3,1,Standard,8,USD
ORD130057,26-01-2023,BR102,India,Mumbai,CUST4612,PROD800,Accessories,Wireless Mouse,HP,1,814.88,0.01,0.18,951.94,Net Banking,In-Store,EMP911,3,0,Same Day,8,EUR
ORD130058,09-10-2023,BR12,India,Delhi,CUST4630,PROD110,Laptop,MacBook Air M2,OnePlus,4,886.92,0.15,0.18,3558.32,UPI,Online,EMP498,1,0,Express,1,USD
ORD130059,13-10-2024,BR84,India,Mumbai,CUST9668,PROD255,Mobile,OnePlus 11,Apple,5,1718.5,0.23,0.18,7807.15,Cash,Online,EMP678,1,1,Standard,3,AED
ORD130060,07-06-2024,BR9,UAE,Abu Dhabi,CUST8878,PROD241,Mobile,Samsung Galaxy S23,Apple,5,1818.49,0.16,0.18,9012.44,Debit Card,Online,EMP824,0,1,Same Day,3,GBP
ORD130061,16-06-2023,BR87,Germany,Munich,CUST2287,PROD481,Laptop,HP Spectre x360,Dell,2,1572.24,0.07,0.18,3450.75,Debit Card,Online,EMP952,2,1,Same Day,7,AED
ORD130062,09-01-2024,BR104,Germany,Berlin,CUST6720,PROD479,Accessories,Bluetooth Headphones,Dell,1,350.64,0.3,0.18,289.63,Net Banking,In-Store,EMP605,3,1,Express,1,EUR
ORD130063,04-10-2024,BR10,UAE,Abu Dhabi,CUST2505,PROD333,Accessories,Keyboard,OnePlus,5,251.61,0.13,0.18,1291.51,Cash,Online,EMP509,2,0,Standard,8,EUR
ORD130064,09-06-2023,BR42,Germany,Munich,CUST2383,PROD968,Tablet,Samsung Galaxy Tab,OnePlus,5,1254.11,0.1,0.18,6659.32,Net Banking,Online,EMP289,2,0,Express,8,INR
ORD130065,14-03-2023,BR10,Germany,Berlin,CUST8103,PROD290,Laptop,HP Spectre x360,Samsung,1,796.29,0.18,0.18,770.49,Credit Card,In-Store,EMP412,3,1,Standard,2,GBP
ORD130066,02-12-2024,BR36,India,Mumbai,CUST6366,PROD450,Mobile,Samsung Galaxy S23,Apple,3,675.98,0.23,0.18,1842.59,UPI,Online,EMP724,0,0,Same Day,7,INR
ORD130067,10-04-2023,BR63,UK,London,CUST8902,PROD250,Mobile,iPhone 14,Lenovo,2,976.52,0.09,0.18,2097.17,Net Banking,In-Store,EMP651,1,1,Same Day,7,GBP
ORD130068,26-06-2024,BR11,Germany,Berlin,CUST5080,PROD283,Mobile,OnePlus 11,Dell,1,1687.57,0.28,0.18,1433.76,Debit Card,Online,EMP404,1,1,Same Day,1,EUR
ORD130069,01-08-2024,BR59,UK,Birmingham,CUST5623,PROD677,Accessories,Bluetooth Headphones,LG,3,556.08,0.28,0.18,1417.34,Credit Card,Online,EMP283,3,0,Express,4,GBP
ORD130070,29-09-2024,BR94,Germany,Hamburg,CUST6223,PROD176,Tablet,iPad Air,Lenovo,2,750.13,0.23,0.18,1363.14,UPI,In-Store,EMP932,2,0,Same Day,3,GBP
ORD130071,22-04-2024,BR113,UK,Manchester,CUST1638,PROD230,TV,LG OLED 48,Samsung,1,406.72,0,0.18,479.93,Net Banking,Online,EMP771,1,1,Standard,10,USD
ORD130072,21-09-2024,BR51,USA,Chicago,CUST6752,PROD349,TV,Sony Bravia 55,OnePlus,1,332.01,0.12,0.18,344.76,Debit Card,In-Store,EMP554,0,1,Standard,4,GBP
ORD130073,24-09-2024,BR13,UAE,Abu Dhabi,CUST7410,PROD829,Mobile,OnePlus 11,Sony,5,1763.62,0.04,0.18,9989.14,Net Banking,In-Store,EMP484,2,0,Standard,6,EUR
ORD130074,01-01-2024,BR120,UK,London,CUST7461,PROD171,Mobile,OnePlus 11,HP,3,137.29,0.27,0.18,354.78,Credit Card,Online,EMP447,2,0,Same Day,10,INR
ORD130075,11-11-2023,BR94,UAE,Dubai,CUST1922,PROD889,Accessories,Keyboard,LG,3,174.99,0.07,0.18,576.1,UPI,Online,EMP807,2,1,Same Day,7,GBP
ORD130076,23-04-2024,BR65,UAE,Abu Dhabi,CUST9956,PROD582,TV,Sony Bravia 55,LG,4,213.76,0.17,0.18,837.43,UPI,Online,EMP741,3,1,Same Day,7,GBP
ORD130077,26-07-2024,BR24,UAE,Dubai,CUST9388,PROD394,Mobile,OnePlus 11,OnePlus,1,931.83,0.15,0.18,934.63,Cash,In-Store,EMP751,2,1,Standard,4,INR
ORD130078,02-09-2024,BR39,Germany,Munich,CUST3401,PROD986,Tablet,iPad Air,Sony,1,930.48,0.01,0.18,1086.99,Net Banking,In-Store,EMP688,2,0,Express,5,INR
ORD130079,12-05-2024,BR115,Germany,Hamburg,CUST8390,PROD137,Laptop,MacBook Air M2,Dell,5,587.06,0.08,0.18,3186.56,Cash,Online,EMP355,1,0,Standard,1,INR
ORD130080,26-10-2023,BR56,USA,Dallas,CUST6498,PROD302,Tablet,Samsung Galaxy Tab,OnePlus,3,1716.9,0.17,0.18,5044.6,Cash,Online,EMP220,2,0,Same Day,9,GBP
ORD130081,28-07-2024,BR77,India,Bangalore,CUST7150,PROD965,TV,Sony Bravia 55,OnePlus,5,1782.46,0.09,0.18,9570.03,UPI,In-Store,EMP934,1,1,Same Day,8,USD
ORD130082,30-05-2024,BR19,India,Mumbai,CUST1895,PROD915,Mobile,OnePlus 11,Apple,3,285.13,0.22,0.18,787.3,Debit Card,In-Store,EMP730,0,1,Standard,8,AED
ORD130083,20-02-2023,BR50,UAE,Dubai,CUST2791,PROD639,Tablet,iPad Air,Lenovo,1,1406.8,0.16,0.18,1394.42,Net Banking,Online,EMP768,0,0,Standard,5,EUR
ORD130084,28-03-2023,BR46,UK,Manchester,CUST7803,PROD799,Accessories,Bluetooth Headphones,Dell,1,1665.32,0.25,0.18,1473.81,Cash,Online,EMP514,0,1,Standard,8,AED
ORD130085,14-08-2023,BR22,India,Pune,CUST5776,PROD716,Tablet,Samsung Galaxy Tab,Dell,1,81.74,0.29,0.18,68.48,Net Banking,Online,EMP610,1,1,Same Day,5,AED
ORD130086,08-09-2023,BR2,Germany,Berlin,CUST9533,PROD480,Accessories,Keyboard,HP,1,337.38,0.2,0.18,318.49,Cash,In-Store,EMP417,3,0,Express,10,USD
ORD130087,13-09-2024,BR57,India,Pune,CUST3628,PROD177,TV,Samsung QLED 50,Dell,3,1155.34,0.14,0.18,3517.32,UPI,Online,EMP627,2,1,Express,4,AED
ORD130088,31-03-2024,BR68,UAE,Dubai,CUST3677,PROD116,Mobile,OnePlus 11,Samsung,3,1837.92,0.13,0.18,5660.43,Credit Card,Online,EMP458,3,1,Same Day,9,GBP
ORD130089,17-04-2023,BR54,India,Mumbai,CUST9592,PROD333,Tablet,Lenovo Tab P11,Lenovo,1,583.9,0.15,0.18,585.65,Credit Card,In-Store,EMP541,1,0,Same Day,1,INR
ORD130090,30-05-2023,BR65,Germany,Munich,CUST9098,PROD215,Laptop,HP Spectre x360,Sony,5,1550.06,0.11,0.18,8139.37,Credit Card,Online,EMP901,2,0,Same Day,6,EUR
ORD130091,31-01-2023,BR84,USA,Chicago,CUST3988,PROD110,Tablet,iPad Air,HP,1,752.63,0.08,0.18,817.06,Net Banking,In-Store,EMP804,0,0,Same Day,6,USD
ORD130092,31-01-2024,BR3,UK,London,CUST6791,PROD228,Mobile,Samsung Galaxy S23,Apple,5,1403.62,0.05,0.18,7867.29,UPI,Online,EMP665,2,0,Standard,8,USD
ORD130093,01-04-2023,BR48,USA,Chicago,CUST5048,PROD742,TV,Samsung QLED 50,Lenovo,1,328.04,0.12,0.18,340.64,Cash,Online,EMP581,0,0,Standard,3,USD
ORD130094,10-06-2024,BR48,India,Pune,CUST8835,PROD501,TV,Samsung QLED 50,Apple,5,1745.35,0.1,0.18,9267.81,Cash,In-Store,EMP518,0,0,Standard,8,EUR
ORD130095,28-04-2024,BR119,UK,London,CUST8666,PROD568,Accessories,Wireless Mouse,HP,2,1783.41,0.28,0.18,3030.37,Debit Card,In-Store,EMP329,0,1,Express,5,AED
ORD130096,18-12-2023,BR23,India,Delhi,CUST4797,PROD391,Laptop,Dell XPS 13,OnePlus,3,1389.33,0.09,0.18,4475.59,Cash,In-Store,EMP880,0,1,Same Day,1,EUR
ORD130097,24-04-2023,BR102,USA,New York,CUST7679,PROD834,Accessories,Keyboard,Sony,2,1199.75,0.26,0.18,2095.24,Cash,Online,EMP319,3,0,Same Day,4,USD
ORD130098,16-02-2024,BR27,Germany,Berlin,CUST4836,PROD296,Mobile,iPhone 14,HP,5,1261.93,0.04,0.18,7147.57,Debit Card,In-Store,EMP913,1,0,Standard,10,INR
ORD130099,23-01-2024,BR72,UK,Manchester,CUST8747,PROD880,Accessories,Keyboard,Dell,3,1468.99,0.22,0.18,4056.18,Cash,In-Store,EMP565,0,1,Same Day,8,EUR
ORD130100,27-02-2024,BR96,USA,Chicago,CUST5914,PROD404,Laptop,MacBook Air M2,Sony,5,1989.98,0.17,0.18,9744.93,UPI,Online,EMP542,3,0,Same Day,1,USD
ORD130101,09-04-2024,BR119,UK,Birmingham,CUST3379,PROD881,Tablet,Lenovo Tab P11,Dell,1,1435.01,0.13,0.18,1473.18,Net Banking,In-Store,EMP471,3,0,Same Day,8,EUR
ORD130102,05-03-2024,BR89,UK,London,CUST2286,PROD792,Mobile,iPhone 14,Dell,3,145.38,0.07,0.18,478.62,UPI,In-Store,EMP651,0,1,Same Day,1,AED
ORD130103,03-09-2024,BR52,USA,New York,CUST2143,PROD258,Tablet,Lenovo Tab P11,Samsung,2,1219.26,0.01,0.18,2848.68,UPI,In-Store,EMP594,2,0,Express,5,EUR
ORD130104,13-03-2023,BR6,UK,London,CUST9537,PROD265,TV,Samsung QLED 50,Sony,3,1673.81,0.11,0.18,5273.51,Credit Card,In-Store,EMP251,2,0,Standard,3,INR
ORD130105,07-03-2023,BR103,India,Pune,CUST4330,PROD214,Accessories,Bluetooth Headphones,Samsung,5,1400.81,0.14,0.18,7107.71,UPI,Online,EMP323,3,1,Standard,10,EUR
ORD130106,06-06-2024,BR10,Germany,Hamburg,CUST1186,PROD940,Tablet,iPad Air,Samsung,1,796.71,0.26,0.18,695.69,Cash,Online,EMP959,0,0,Express,10,AED
ORD130107,15-04-2023,BR18,USA,Los Angeles,CUST6742,PROD220,Mobile,OnePlus 11,Sony,2,286.47,0.11,0.18,601.7,Credit Card,Online,EMP868,2,1,Same Day,2,AED
ORD130108,16-02-2024,BR23,USA,Chicago,CUST6991,PROD998,Mobile,Samsung Galaxy S23,Dell,3,968.47,0.09,0.18,3119.83,Debit Card,Online,EMP352,0,1,Same Day,3,INR
ORD130109,23-03-2024,BR46,UAE,Abu Dhabi,CUST2042,PROD204,Laptop,HP Spectre x360,LG,5,1792.41,0.18,0.18,8671.68,Net Banking,In-Store,EMP988,0,1,Standard,8,EUR
ORD130110,02-06-2024,BR83,USA,New York,CUST5998,PROD551,Mobile,Samsung Galaxy S23,Apple,4,368.38,0.03,0.18,1686.59,Credit Card,Online,EMP564,2,1,Same Day,8,USD
ORD130111,11-03-2024,BR9,India,Bangalore,CUST8008,PROD162,Laptop,MacBook Air M2,OnePlus,5,1971.35,0.2,0.18,9304.77,UPI,In-Store,EMP206,3,0,Same Day,8,AED
ORD130112,14-10-2023,BR53,UK,Birmingham,CUST3680,PROD967,TV,LG OLED 48,HP,5,1690.88,0.01,0.18,9876.43,UPI,In-Store,EMP915,2,1,Express,7,USD
ORD130113,01-03-2024,BR59,Germany,Berlin,CUST5795,PROD818,Tablet,Samsung Galaxy Tab,HP,4,1309.78,0.14,0.18,5316.66,Cash,Online,EMP716,0,1,Standard,2,AED
ORD130114,10-07-2023,BR105,USA,Dallas,CUST1071,PROD462,Laptop,Dell XPS 13,Dell,4,610.36,0.3,0.18,2016.63,Net Banking,Online,EMP531,2,0,Standard,2,AED
ORD130115,02-02-2023,BR41,UK,Manchester,CUST7214,PROD712,Laptop,MacBook Air M2,OnePlus,2,1338.66,0.1,0.18,2843.31,Net Banking,In-Store,EMP457,1,0,Express,8,INR
ORD130116,21-11-2023,BR34,USA,Dallas,CUST4916,PROD932,Mobile,Samsung Galaxy S23,Dell,2,1052.45,0.15,0.18,2111.21,UPI,Online,EMP537,0,0,Standard,8,INR
ORD130117,25-02-2024,BR43,UAE,Abu Dhabi,CUST2069,PROD790,Mobile,iPhone 14,HP,3,1036.81,0.22,0.18,2862.84,Net Banking,In-Store,EMP289,3,1,Express,7,AED
ORD130118,08-08-2024,BR104,India,Delhi,CUST9433,PROD583,TV,Samsung QLED 50,Apple,5,363.73,0.1,0.18,1931.41,Cash,In-Store,EMP512,2,0,Standard,7,USD
ORD130119,02-10-2023,BR40,UAE,Dubai,CUST6438,PROD444,Mobile,OnePlus 11,Dell,1,1886.33,0.06,0.18,2092.32,Credit Card,In-Store,EMP530,0,1,Standard,2,USD
ORD130120,01-08-2023,BR116,India,Delhi,CUST4856,PROD313,TV,Sony Bravia 55,LG,4,199.21,0.16,0.18,789.83,Cash,In-Store,EMP592,2,1,Express,2,GBP
ORD130121,07-09-2024,BR52,UK,Manchester,CUST7414,PROD719,Laptop,MacBook Air M2,Dell,3,178.67,0.19,0.18,512.32,Net Banking,In-Store,EMP472,0,0,Same Day,7,INR
ORD130122,13-07-2024,BR74,UAE,Dubai,CUST6607,PROD705,Accessories,Wireless Mouse,Sony,5,1006.12,0.11,0.18,5283.14,Cash,Online,EMP966,2,0,Express,4,USD
ORD130123,12-05-2024,BR110,Germany,Munich,CUST6357,PROD439,Tablet,Samsung Galaxy Tab,Dell,4,631.15,0.26,0.18,2204.48,Net Banking,In-Store,EMP855,0,0,Standard,4,AED
ORD130124,01-09-2023,BR119,India,Mumbai,CUST6385,PROD855,TV,Samsung QLED 50,Dell,4,1428.97,0.27,0.18,4923.66,Credit Card,Online,EMP617,2,1,Same Day,10,EUR
ORD130125,15-05-2024,BR99,USA,Los Angeles,CUST2809,PROD382,Laptop,HP Spectre x360,Samsung,4,1085.7,0.22,0.18,3997.11,Debit Card,In-Store,EMP649,3,1,Same Day,4,USD
ORD130126,26-03-2023,BR50,Germany,Munich,CUST8426,PROD309,Accessories,Keyboard,LG,4,471.9,0.1,0.18,2004.63,Debit Card,Online,EMP281,1,1,Express,9,INR
ORD130127,16-07-2023,BR88,UK,London,CUST4312,PROD293,Mobile,iPhone 14,HP,5,1253.43,0.22,0.18,5768.28,Credit Card,In-Store,EMP402,3,1,Express,8,EUR
ORD130128,25-11-2023,BR91,UK,Birmingham,CUST3918,PROD875,TV,Sony Bravia 55,Dell,2,1538.89,0.09,0.18,3304.92,UPI,In-Store,EMP294,1,1,Standard,1,INR
ORD130129,21-06-2024,BR99,USA,Los Angeles,CUST7007,PROD295,Laptop,HP Spectre x360,Dell,5,538.43,0.21,0.18,2509.62,Debit Card,Online,EMP531,1,1,Express,2,AED
ORD130130,09-05-2024,BR29,UAE,Dubai,CUST5512,PROD362,Tablet,iPad Air,Samsung,5,740.27,0.18,0.18,3581.43,Credit Card,Online,EMP253,1,0,Same Day,1,GBP
ORD130131,23-12-2024,BR48,USA,Dallas,CUST3002,PROD522,Accessories,Keyboard,Sony,4,1305.23,0.25,0.18,4620.51,Debit Card,In-Store,EMP894,0,0,Same Day,2,GBP
ORD130132,11-07-2023,BR105,UK,London,CUST4246,PROD675,Accessories,Keyboard,HP,5,981.32,0.14,0.18,4979.22,Debit Card,Online,EMP824,2,0,Same Day,9,INR
ORD130133,07-01-2024,BR50,USA,Dallas,CUST1651,PROD813,Mobile,iPhone 14,Sony,5,373.1,0,0.18,2201.29,Net Banking,In-Store,EMP287,0,1,Standard,6,USD
ORD130134,20-03-2024,BR33,Germany,Munich,CUST7624,PROD120,Mobile,OnePlus 11,OnePlus,3,473.81,0.11,0.18,1492.79,Net Banking,Online,EMP611,3,0,Express,3,AED
ORD130135,30-07-2024,BR67,UAE,Abu Dhabi,CUST1328,PROD314,Tablet,Samsung Galaxy Tab,Sony,4,1975.3,0.25,0.18,6992.56,Credit Card,In-Store,EMP529,1,1,Same Day,1,EUR
ORD130136,29-10-2024,BR35,USA,Los Angeles,CUST9941,PROD876,TV,Sony Bravia 55,Lenovo,2,62.49,0.12,0.18,129.78,Credit Card,Online,EMP364,3,1,Standard,3,EUR
ORD130137,11-01-2024,BR120,Germany,Hamburg,CUST4799,PROD555,Accessories,Bluetooth Headphones,OnePlus,3,1242.74,0.27,0.18,3211.49,UPI,Online,EMP349,1,1,Express,8,AED
ORD130138,10-01-2023,BR93,Germany,Munich,CUST4222,PROD297,Laptop,HP Spectre x360,OnePlus,2,1380.63,0.05,0.18,3095.37,Debit Card,In-Store,EMP763,1,0,Same Day,2,AED
ORD130139,04-03-2024,BR3,UK,London,CUST8857,PROD735,Mobile,OnePlus 11,Lenovo,2,458.22,0.11,0.18,962.45,Credit Card,In-Store,EMP374,3,0,Same Day,1,EUR
ORD130140,14-04-2023,BR99,UK,London,CUST9684,PROD629,Accessories,Keyboard,Samsung,1,114.94,0.2,0.18,108.5,UPI,Online,EMP275,1,1,Standard,4,AED
ORD130141,28-11-2023,BR6,USA,Los Angeles,CUST7107,PROD613,TV,Sony Bravia 55,Lenovo,2,969.42,0.08,0.18,2104.8,UPI,Online,EMP640,3,0,Same Day,4,EUR
ORD130142,23-12-2024,BR45,UK,Birmingham,CUST2600,PROD272,Accessories,Bluetooth Headphones,OnePlus,4,331.52,0.07,0.18,1455.24,Net Banking,In-Store,EMP522,2,0,Same Day,10,USD
ORD130143,18-02-2023,BR31,Germany,Munich,CUST3035,PROD711,TV,Sony Bravia 55,OnePlus,5,923.53,0.26,0.18,4032.13,Credit Card,Online,EMP801,1,1,Express,10,GBP
ORD130144,12-03-2023,BR103,UK,Manchester,CUST3598,PROD106,Mobile,iPhone 14,Dell,5,1223.95,0.21,0.18,5704.83,UPI,Online,EMP943,0,1,Express,5,GBP
ORD130145,31-07-2024,BR62,UAE,Abu Dhabi,CUST4238,PROD210,Accessories,Keyboard,Apple,3,1069.33,0.23,0.18,2914.78,Credit Card,Online,EMP936,0,0,Express,5,EUR
ORD130146,21-12-2024,BR104,India,Mumbai,CUST6562,PROD629,Tablet,Lenovo Tab P11,Apple,3,1880.81,0.03,0.18,6458.33,UPI,In-Store,EMP644,3,0,Standard,8,USD
ORD130147,24-04-2023,BR103,UAE,Abu Dhabi,CUST2818,PROD121,Mobile,Samsung Galaxy S23,Dell,3,1757.14,0.02,0.18,6095.87,UPI,In-Store,EMP497,2,1,Standard,7,EUR
ORD130148,11-12-2024,BR102,UK,Manchester,CUST9713,PROD726,TV,Sony Bravia 55,OnePlus,3,1271.1,0.24,0.18,3419.77,Credit Card,Online,EMP750,0,1,Same Day,6,INR
ORD130149,06-12-2023,BR77,USA,Dallas,CUST4314,PROD467,Mobile,OnePlus 11,Sony,3,890.92,0.29,0.18,2239.24,Debit Card,Online,EMP885,2,0,Same Day,6,GBP
ORD130150,11-06-2024,BR38,Germany,Hamburg,CUST4772,PROD654,TV,Samsung QLED 50,HP,1,1931.39,0.27,0.18,1663.7,UPI,Online,EMP222,0,1,Express,10,AED
ORD130151,06-11-2023,BR9,Germany,Munich,CUST1148,PROD766,TV,Samsung QLED 50,Apple,4,1266.97,0.21,0.18,4724.28,UPI,Online,EMP611,0,1,Express,10,USD
ORD130152,19-06-2024,BR72,UAE,Abu Dhabi,CUST4955,PROD564,Tablet,Lenovo Tab P11,Lenovo,2,1316.55,0.04,0.18,2982.78,Credit Card,In-Store,EMP308,0,1,Express,2,GBP
ORD130153,01-05-2023,BR45,UAE,Abu Dhabi,CUST5941,PROD582,Mobile,iPhone 14,Apple,3,1553.68,0.05,0.18,5225.03,Net Banking,In-Store,EMP515,1,0,Express,2,INR
ORD130154,05-11-2023,BR31,USA,Dallas,CUST4354,PROD961,Laptop,MacBook Air M2,Apple,5,153.85,0.21,0.18,717.09,Cash,Online,EMP444,3,1,Standard,9,USD
ORD130155,19-02-2024,BR53,India,Bangalore,CUST5233,PROD387,Tablet,Lenovo Tab P11,OnePlus,1,539.88,0.16,0.18,535.13,Credit Card,In-Store,EMP543,1,0,Same Day,2,EUR
ORD130156,06-01-2024,BR12,Germany,Hamburg,CUST4647,PROD697,TV,Sony Bravia 55,Dell,5,272.4,0.25,0.18,1205.37,Cash,In-Store,EMP942,2,0,Standard,7,AED
ORD130157,11-07-2023,BR44,India,Delhi,CUST4069,PROD821,TV,Sony Bravia 55,LG,3,1510.2,0.24,0.18,4063.04,Net Banking,Online,EMP300,3,0,Same Day,7,GBP
ORD130158,23-05-2024,BR16,India,Delhi,CUST5751,PROD106,Tablet,Samsung Galaxy Tab,Samsung,3,792.26,0.2,0.18,2243.68,Cash,Online,EMP703,1,1,Same Day,1,GBP
ORD130159,23-09-2023,BR75,Germany,Berlin,CUST4238,PROD713,Accessories,Keyboard,LG,2,348.03,0.28,0.18,591.37,Credit Card,In-Store,EMP887,2,0,Express,4,INR
ORD130160,18-09-2023,BR48,India,Delhi,CUST3426,PROD816,Accessories,Bluetooth Headphones,Sony,1,1412.91,0.19,0.18,1350.46,Cash,In-Store,EMP619,0,0,Standard,5,AED
ORD130161,14-06-2023,BR97,Germany,Berlin,CUST1801,PROD222,TV,LG OLED 48,Sony,5,331.62,0.21,0.18,1545.68,Credit Card,In-Store,EMP286,1,0,Same Day,5,GBP
ORD130162,14-08-2024,BR120,UK,Birmingham,CUST8097,PROD870,TV,Sony Bravia 55,Sony,5,234.46,0.09,0.18,1258.82,UPI,Online,EMP905,1,1,Express,6,GBP
ORD130163,20-01-2023,BR1,UAE,Abu Dhabi,CUST2132,PROD759,Mobile,iPhone 14,LG,2,747.11,0.12,0.18,1551.6,Credit Card,In-Store,EMP420,0,1,Same Day,9,GBP
ORD130164,02-05-2024,BR20,Germany,Berlin,CUST4327,PROD362,TV,LG OLED 48,LG,1,66.34,0.02,0.18,76.72,UPI,In-Store,EMP894,2,0,Standard,5,USD
ORD130165,01-06-2023,BR78,India,Pune,CUST3449,PROD770,Tablet,Lenovo Tab P11,Apple,2,706,0.13,0.18,1449.56,UPI,Online,EMP369,3,1,Standard,6,INR
ORD130166,11-02-2024,BR50,UK,Manchester,CUST3272,PROD970,Tablet,iPad Air,Apple,1,1992.11,0.01,0.18,2327.18,Debit Card,Online,EMP420,1,1,Standard,3,INR
ORD130167,05-06-2024,BR9,India,Pune,CUST8727,PROD795,Accessories,Wireless Mouse,Dell,3,1075.33,0.02,0.18,3730.53,Net Banking,Online,EMP635,3,0,Same Day,7,GBP
ORD130168,21-10-2023,BR54,UK,London,CUST4442,PROD912,Accessories,Keyboard,Samsung,3,330.53,0.18,0.18,959.46,Credit Card,In-Store,EMP253,3,0,Standard,6,EUR
ORD130169,15-04-2023,BR36,USA,Chicago,CUST6480,PROD112,TV,Samsung QLED 50,HP,5,1616.27,0.19,0.18,7724.15,Cash,In-Store,EMP253,1,1,Standard,5,AED
ORD130170,16-04-2024,BR59,UK,London,CUST3799,PROD364,Accessories,Wireless Mouse,HP,4,1927.01,0.22,0.18,7094.48,Cash,Online,EMP768,2,1,Same Day,8,INR
ORD130171,03-12-2024,BR24,Germany,Berlin,CUST8178,PROD222,Laptop,HP Spectre x360,LG,3,532.74,0.25,0.18,1414.42,Debit Card,Online,EMP494,3,0,Standard,6,USD
ORD130172,21-11-2024,BR8,India,Delhi,CUST5828,PROD199,Laptop,MacBook Air M2,Dell,5,1505.61,0.26,0.18,6573.49,Cash,Online,EMP478,2,0,Standard,5,GBP
ORD130173,19-02-2024,BR45,USA,Los Angeles,CUST7832,PROD922,TV,LG OLED 48,Dell,1,1735.49,0.1,0.18,1843.09,Debit Card,Online,EMP248,0,0,Same Day,8,GBP
ORD130174,16-02-2024,BR96,USA,Los Angeles,CUST7538,PROD635,Tablet,iPad Air,HP,2,585.58,0.2,0.18,1105.58,Net Banking,In-Store,EMP986,2,1,Same Day,3,AED
ORD130175,27-07-2023,BR45,USA,New York,CUST9845,PROD686,Tablet,Samsung Galaxy Tab,Samsung,3,671.25,0.12,0.18,2091.08,Credit Card,In-Store,EMP348,2,1,Standard,10,AED
ORD130176,24-07-2023,BR30,USA,Los Angeles,CUST1780,PROD116,TV,Samsung QLED 50,Apple,5,1557.87,0.2,0.18,7353.15,UPI,Online,EMP468,2,1,Express,10,USD
ORD130177,22-02-2023,BR57,Germany,Hamburg,CUST7322,PROD524,Laptop,MacBook Air M2,Sony,2,1127.41,0.15,0.18,2261.58,UPI,Online,EMP442,1,0,Express,9,INR
ORD130178,16-07-2023,BR91,UAE,Abu Dhabi,CUST8398,PROD170,Tablet,Samsung Galaxy Tab,HP,1,1947.32,0.21,0.18,1815.29,Credit Card,In-Store,EMP366,2,0,Standard,4,USD
ORD130179,24-02-2023,BR49,Germany,Hamburg,CUST4059,PROD914,Accessories,Bluetooth Headphones,LG,1,1210.95,0.06,0.18,1343.19,UPI,Online,EMP893,3,1,Same Day,3,EUR
ORD130180,30-10-2024,BR40,UK,London,CUST7560,PROD454,Tablet,Lenovo Tab P11,HP,1,1477.35,0.06,0.18,1638.68,UPI,In-Store,EMP935,1,1,Same Day,4,AED
ORD130181,15-10-2024,BR111,UAE,Dubai,CUST2316,PROD815,Tablet,Samsung Galaxy Tab,Apple,2,1989.05,0.05,0.18,4459.45,UPI,In-Store,EMP788,3,0,Express,9,USD
ORD130182,26-02-2024,BR38,Germany,Hamburg,CUST5139,PROD695,Mobile,Samsung Galaxy S23,LG,5,1484.66,0.02,0.18,8584.3,Debit Card,In-Store,EMP572,0,1,Standard,1,GBP
ORD130183,23-09-2024,BR23,India,Bangalore,CUST5063,PROD946,Mobile,Samsung Galaxy S23,Sony,5,1902.1,0.17,0.18,9314.58,Net Banking,Online,EMP421,3,1,Express,9,USD
ORD130184,12-06-2023,BR8,UK,Birmingham,CUST4013,PROD550,Accessories,Keyboard,Lenovo,1,416.77,0.13,0.18,427.86,Cash,In-Store,EMP671,1,0,Express,6,INR
ORD130185,07-06-2024,BR28,UAE,Dubai,CUST8670,PROD717,Laptop,MacBook Air M2,Samsung,4,530.23,0.21,0.18,1977.12,Cash,In-Store,EMP724,1,1,Same Day,9,EUR
ORD130186,28-09-2024,BR29,USA,Dallas,CUST9926,PROD555,Tablet,iPad Air,Dell,3,1686.9,0.04,0.18,5732.76,Debit Card,Online,EMP973,1,0,Same Day,10,EUR
ORD130187,31-12-2024,BR67,Germany,Berlin,CUST6680,PROD313,Laptop,HP Spectre x360,HP,5,117.78,0.01,0.18,687.95,Credit Card,In-Store,EMP756,0,1,Standard,1,GBP
ORD130188,21-07-2024,BR86,USA,Dallas,CUST5916,PROD379,Tablet,Samsung Galaxy Tab,Samsung,3,1465.1,0.28,0.18,3734.25,Cash,Online,EMP371,0,0,Same Day,9,EUR
ORD130189,12-07-2024,BR101,UK,London,CUST8972,PROD654,TV,LG OLED 48,HP,4,1996.4,0,0.18,9423.01,UPI,In-Store,EMP509,1,0,Standard,7,GBP
ORD130190,27-07-2023,BR17,USA,New York,CUST3552,PROD979,Laptop,HP Spectre x360,OnePlus,4,1269.06,0.3,0.18,4192.97,UPI,Online,EMP856,1,1,Standard,10,AED
ORD130191,24-07-2023,BR32,USA,New York,CUST5091,PROD952,Laptop,HP Spectre x360,HP,2,1839.86,0.28,0.18,3126.29,Credit Card,Online,EMP497,0,0,Express,3,EUR
ORD130192,08-03-2024,BR38,UAE,Abu Dhabi,CUST1195,PROD745,Accessories,Keyboard,Apple,5,366.46,0.14,0.18,1859.42,UPI,In-Store,EMP689,0,0,Express,8,INR
ORD130193,21-02-2024,BR64,Germany,Berlin,CUST6290,PROD295,TV,Sony Bravia 55,OnePlus,2,1899.87,0.24,0.18,3407.61,Credit Card,In-Store,EMP674,1,1,Express,3,EUR
ORD130194,30-05-2023,BR45,Germany,Berlin,CUST5713,PROD551,Accessories,Bluetooth Headphones,LG,3,489.46,0,0.18,1732.69,Cash,In-Store,EMP228,2,0,Same Day,8,EUR
ORD130195,29-09-2024,BR88,UK,Birmingham,CUST5258,PROD250,Accessories,Bluetooth Headphones,Dell,5,659.75,0.1,0.18,3503.27,Debit Card,In-Store,EMP339,2,0,Same Day,3,USD
ORD130196,06-03-2024,BR23,USA,Dallas,CUST3482,PROD543,TV,Samsung QLED 50,LG,1,944.14,0.02,0.18,1091.8,UPI,In-Store,EMP455,2,1,Express,5,USD
ORD130197,28-07-2023,BR7,UAE,Dubai,CUST1174,PROD163,Laptop,HP Spectre x360,OnePlus,3,585.26,0.07,0.18,1926.79,Net Banking,In-Store,EMP379,2,0,Standard,6,USD
ORD130198,01-04-2023,BR12,UAE,Dubai,CUST6453,PROD487,Tablet,Lenovo Tab P11,OnePlus,3,950.79,0.2,0.18,2692.64,UPI,In-Store,EMP943,2,0,Express,8,USD
ORD130199,10-04-2023,BR96,UAE,Abu Dhabi,CUST3096,PROD669,Laptop,MacBook Air M2,Dell,4,862.14,0.27,0.18,2970.59,Credit Card,Online,EMP689,2,1,Express,9,USD
ORD130200,06-04-2023,BR21,USA,Chicago,CUST5836,PROD973,Accessories,Bluetooth Headphones,Dell,3,1301.6,0.12,0.18,4054.74,UPI,Online,EMP361,2,1,Same Day,9,EUR
ORD130201,08-11-2023,BR51,Germany,Munich,CUST5938,PROD671,Laptop,MacBook Air M2,OnePlus,4,1720.87,0.19,0.18,6579.23,Debit Card,In-Store,EMP484,3,1,Standard,5,AED
ORD130202,18-11-2024,BR77,UK,Manchester,CUST5937,PROD460,Mobile,iPhone 14,Sony,5,601.76,0.17,0.18,2946.82,Debit Card,Online,EMP455,2,1,Standard,3,GBP
ORD130203,17-10-2023,BR69,India,Delhi,CUST8555,PROD991,Mobile,iPhone 14,OnePlus,1,384.96,0.27,0.18,331.6,UPI,In-Store,EMP823,0,1,Express,5,AED
ORD130204,25-09-2023,BR59,UK,Birmingham,CUST1267,PROD939,Mobile,Samsung Galaxy S23,Dell,2,390.12,0.12,0.18,810.2,Cash,In-Store,EMP840,1,0,Same Day,5,GBP
ORD130205,21-03-2024,BR19,India,Delhi,CUST7180,PROD399,Tablet,iPad Air,OnePlus,2,280.05,0.03,0.18,641.09,Net Banking,In-Store,EMP962,0,1,Standard,4,GBP
ORD130206,08-10-2024,BR102,USA,Los Angeles,CUST4763,PROD849,Mobile,Samsung Galaxy S23,LG,3,153.61,0.22,0.18,424.15,Debit Card,Online,EMP477,1,1,Same Day,5,USD
ORD130207,16-12-2024,BR31,UK,London,CUST5227,PROD835,Tablet,Lenovo Tab P11,Dell,2,1637.44,0.06,0.18,3632.5,Cash,In-Store,EMP609,2,0,Same Day,1,INR
ORD130208,28-11-2023,BR63,USA,Chicago,CUST2139,PROD433,Mobile,Samsung Galaxy S23,Lenovo,5,1854.86,0.25,0.18,8207.76,UPI,In-Store,EMP561,1,0,Standard,10,AED
ORD130209,22-03-2024,BR22,UAE,Dubai,CUST9193,PROD842,Laptop,HP Spectre x360,HP,3,675.61,0.12,0.18,2104.66,Credit Card,In-Store,EMP670,2,1,Standard,7,USD
ORD130210,04-11-2024,BR108,India,Pune,CUST7780,PROD181,Tablet,iPad Air,HP,4,838.74,0.18,0.18,3246.26,Credit Card,Online,EMP380,0,1,Express,3,INR
ORD130211,10-09-2023,BR16,India,Pune,CUST5429,PROD657,Accessories,Wireless Mouse,Lenovo,2,594.28,0.16,0.18,1178.1,UPI,Online,EMP883,2,1,Same Day,5,GBP
ORD130212,31-10-2023,BR106,Germany,Berlin,CUST8175,PROD583,Accessories,Wireless Mouse,Lenovo,1,798.23,0.03,0.18,913.65,Credit Card,Online,EMP359,0,1,Express,8,GBP
ORD130213,23-03-2024,BR42,India,Pune,CUST5858,PROD484,TV,LG OLED 48,Sony,3,1573.22,0.14,0.18,4789.51,Credit Card,In-Store,EMP358,3,1,Express,8,EUR
ORD130214,20-12-2024,BR118,UAE,Abu Dhabi,CUST6757,PROD415,TV,LG OLED 48,Lenovo,3,657.65,0.15,0.18,1978.87,UPI,Online,EMP559,1,0,Standard,4,AED
ORD130215,20-05-2024,BR106,USA,Los Angeles,CUST6628,PROD983,Laptop,Dell XPS 13,Samsung,4,207.47,0.19,0.18,793.2,Cash,In-Store,EMP535,2,1,Express,1,INR
ORD130216,21-10-2024,BR34,India,Mumbai,CUST6601,PROD802,Tablet,Samsung Galaxy Tab,LG,4,544.23,0.24,0.18,1952.26,Credit Card,In-Store,EMP538,2,1,Express,1,EUR
ORD130217,26-01-2023,BR83,Germany,Munich,CUST4707,PROD717,Mobile,iPhone 14,LG,1,1449.14,0.08,0.18,1573.19,Net Banking,In-Store,EMP207,2,1,Same Day,8,USD
ORD130218,26-09-2023,BR57,Germany,Munich,CUST8553,PROD695,Laptop,HP Spectre x360,Apple,4,1898.66,0.22,0.18,6990.11,Cash,In-Store,EMP680,1,1,Same Day,5,EUR
ORD130219,19-07-2023,BR109,UK,Manchester,CUST6372,PROD805,TV,LG OLED 48,LG,5,1226.55,0.07,0.18,6730.08,UPI,Online,EMP409,2,1,Express,5,USD
ORD130220,09-11-2023,BR113,USA,Los Angeles,CUST9778,PROD195,TV,LG OLED 48,Lenovo,4,1066.95,0.11,0.18,4482.04,Cash,In-Store,EMP646,3,1,Same Day,6,GBP
ORD130221,27-06-2023,BR115,Germany,Berlin,CUST6629,PROD255,TV,Samsung QLED 50,OnePlus,4,1664,0.02,0.18,7697,Net Banking,In-Store,EMP586,0,0,Express,9,EUR
ORD130222,09-01-2023,BR23,Germany,Berlin,CUST6963,PROD425,Mobile,iPhone 14,Lenovo,3,874.88,0.08,0.18,2849.31,UPI,Online,EMP664,2,1,Express,10,USD
ORD130223,04-12-2023,BR26,USA,New York,CUST2800,PROD440,Accessories,Bluetooth Headphones,OnePlus,2,1710.37,0.08,0.18,3713.56,Cash,Online,EMP459,1,1,Standard,7,USD
ORD130224,19-09-2023,BR112,India,Bangalore,CUST1327,PROD264,Tablet,Lenovo Tab P11,Dell,5,559.37,0.26,0.18,2442.21,Net Banking,In-Store,EMP769,0,0,Standard,5,AED
ORD130225,02-07-2023,BR111,UK,Birmingham,CUST7782,PROD381,Laptop,HP Spectre x360,Dell,4,1498.54,0.18,0.18,5799.95,Credit Card,Online,EMP291,2,1,Standard,3,AED
ORD130226,10-03-2024,BR63,USA,Dallas,CUST5221,PROD929,TV,LG OLED 48,Samsung,4,310.41,0.08,0.18,1347.92,UPI,Online,EMP720,3,1,Express,10,AED
ORD130227,11-04-2024,BR30,USA,New York,CUST8010,PROD397,TV,LG OLED 48,Samsung,5,1331.35,0.04,0.18,7540.77,Net Banking,In-Store,EMP750,2,0,Express,4,EUR
ORD130228,25-01-2023,BR75,Germany,Munich,CUST2783,PROD266,Mobile,Samsung Galaxy S23,Lenovo,2,1358.29,0.2,0.18,2564.45,Debit Card,Online,EMP659,0,1,Express,5,INR
ORD130229,27-12-2023,BR8,USA,Dallas,CUST9821,PROD590,TV,Sony Bravia 55,HP,1,1449.85,0.02,0.18,1676.61,Net Banking,In-Store,EMP370,2,1,Same Day,10,INR
ORD130230,08-02-2023,BR73,India,Mumbai,CUST9384,PROD258,Laptop,Dell XPS 13,Samsung,2,1406.84,0.12,0.18,2921.73,UPI,In-Store,EMP447,3,1,Same Day,9,EUR
ORD130231,10-11-2023,BR15,USA,Los Angeles,CUST7573,PROD749,Tablet,Lenovo Tab P11,Dell,1,333.76,0.27,0.18,287.5,Net Banking,In-Store,EMP815,1,0,Same Day,6,EUR
ORD130232,28-01-2024,BR43,UAE,Dubai,CUST1750,PROD874,TV,Samsung QLED 50,LG,2,159.35,0.01,0.18,372.31,Cash,In-Store,EMP532,1,0,Express,6,GBP
ORD130233,20-12-2023,BR106,India,Bangalore,CUST5773,PROD377,Accessories,Bluetooth Headphones,Apple,2,621.91,0.01,0.18,1453.03,UPI,In-Store,EMP644,2,1,Standard,1,GBP
ORD130234,11-12-2024,BR43,USA,Chicago,CUST3815,PROD911,Laptop,MacBook Air M2,LG,4,1820.05,0.07,0.18,7989.29,Net Banking,Online,EMP758,3,1,Express,8,EUR
ORD130235,03-08-2024,BR112,India,Bangalore,CUST4170,PROD900,Laptop,Dell XPS 13,Samsung,4,821.12,0.18,0.18,3178.06,UPI,In-Store,EMP208,0,1,Express,7,USD
ORD130236,02-04-2023,BR27,Germany,Munich,CUST4823,PROD683,Accessories,Keyboard,Apple,4,1846.4,0.1,0.18,7843.51,UPI,Online,EMP865,2,0,Standard,7,INR
ORD130237,31-10-2024,BR116,UAE,Abu Dhabi,CUST3574,PROD467,Accessories,Keyboard,Sony,2,1692.99,0.03,0.18,3875.59,Net Banking,In-Store,EMP616,0,1,Standard,1,USD
ORD130238,03-04-2024,BR116,USA,Dallas,CUST3223,PROD560,Tablet,iPad Air,OnePlus,5,552.46,0.24,0.18,2477.23,Credit Card,In-Store,EMP713,1,1,Express,8,USD
ORD130239,26-02-2024,BR49,UAE,Dubai,CUST5051,PROD448,Tablet,iPad Air,Dell,2,1440.03,0.25,0.18,2548.85,Credit Card,Online,EMP633,2,0,Express,7,INR
ORD130240,18-03-2023,BR87,India,Delhi,CUST5840,PROD425,Tablet,Lenovo Tab P11,OnePlus,1,1891.37,0.09,0.18,2030.95,Debit Card,In-Store,EMP769,0,0,Standard,8,INR
ORD130241,17-08-2024,BR65,USA,Dallas,CUST8054,PROD544,Laptop,HP Spectre x360,LG,1,626.3,0.25,0.18,554.28,Net Banking,In-Store,EMP283,0,0,Same Day,2,AED
ORD130242,01-02-2024,BR102,USA,Los Angeles,CUST6565,PROD999,Mobile,iPhone 14,Sony,5,1797.87,0,0.18,10607.43,Cash,Online,EMP745,1,1,Same Day,4,GBP
ORD130243,17-03-2024,BR66,India,Bangalore,CUST1230,PROD651,Mobile,Samsung Galaxy S23,Lenovo,3,324.08,0,0.18,1147.24,Cash,Online,EMP324,2,1,Express,4,EUR
ORD130244,29-11-2024,BR55,India,Pune,CUST7217,PROD957,Laptop,MacBook Air M2,Lenovo,5,1988.95,0.05,0.18,11148.06,Net Banking,In-Store,EMP565,3,0,Same Day,9,AED
ORD130245,12-07-2023,BR44,USA,Los Angeles,CUST8529,PROD448,Accessories,Keyboard,Sony,4,1404.48,0.19,0.18,5369.61,Net Banking,Online,EMP814,3,0,Express,2,GBP
ORD130246,27-09-2023,BR90,India,Bangalore,CUST7811,PROD881,TV,LG OLED 48,Apple,5,692.56,0.08,0.18,3759.22,Cash,In-Store,EMP955,3,1,Express,1,EUR
ORD130247,22-01-2023,BR86,UK,London,CUST7941,PROD438,Tablet,Samsung Galaxy Tab,Apple,3,866.54,0.29,0.18,2177.96,Credit Card,In-Store,EMP723,1,0,Standard,10,USD
ORD130248,03-09-2024,BR48,UK,Birmingham,CUST9922,PROD517,Tablet,Samsung Galaxy Tab,Dell,5,1682.4,0.28,0.18,7146.84,Debit Card,Online,EMP237,0,0,Express,1,USD
ORD130249,14-07-2024,BR36,Germany,Berlin,CUST8746,PROD981,Laptop,Dell XPS 13,HP,2,617.19,0.24,0.18,1106.99,Credit Card,Online,EMP848,2,0,Standard,2,INR
ORD130250,25-09-2024,BR89,USA,Los Angeles,CUST8953,PROD744,Accessories,Keyboard,Apple,5,221.2,0.08,0.18,1200.67,Debit Card,Online,EMP793,1,1,Same Day,6,INR
ORD130251,07-04-2024,BR20,Germany,Berlin,CUST5759,PROD803,TV,Samsung QLED 50,Samsung,3,1283.06,0.09,0.18,4133.25,Debit Card,In-Store,EMP547,1,0,Express,9,GBP
ORD130252,12-12-2023,BR117,UAE,Abu Dhabi,CUST9910,PROD811,Accessories,Keyboard,Sony,5,1625.57,0.28,0.18,6905.42,Credit Card,Online,EMP644,1,0,Same Day,5,GBP
ORD130253,25-02-2024,BR91,USA,Los Angeles,CUST2772,PROD840,TV,LG OLED 48,OnePlus,3,946.58,0.08,0.18,3082.82,Net Banking,Online,EMP928,0,0,Same Day,2,EUR
ORD130254,06-11-2024,BR51,UK,London,CUST8793,PROD581,Mobile,Samsung Galaxy S23,Samsung,2,811.03,0.2,0.18,1531.22,Debit Card,In-Store,EMP593,2,1,Express,4,USD
ORD130255,29-12-2024,BR102,USA,Dallas,CUST7875,PROD617,TV,Samsung QLED 50,Dell,2,1537.65,0.04,0.18,3483.7,Cash,Online,EMP786,3,1,Standard,5,USD
ORD130256,29-08-2024,BR109,UK,Birmingham,CUST7519,PROD338,TV,Samsung QLED 50,Dell,2,1619.01,0.22,0.18,2980.27,Net Banking,In-Store,EMP844,1,1,Express,3,INR
ORD130257,05-07-2024,BR70,USA,Dallas,CUST1964,PROD513,Mobile,OnePlus 11,HP,2,156.23,0.09,0.18,335.52,Net Banking,Online,EMP957,2,1,Same Day,3,EUR
ORD130258,21-05-2023,BR95,Germany,Munich,CUST4669,PROD777,Accessories,Wireless Mouse,Samsung,3,1584.24,0.06,0.18,5271.72,Cash,In-Store,EMP295,3,0,Same Day,7,EUR
ORD130259,21-04-2023,BR26,USA,Chicago,CUST7342,PROD120,Tablet,Lenovo Tab P11,Dell,2,1133.98,0.03,0.18,2595.91,Cash,Online,EMP361,3,0,Same Day,1,AED
ORD130260,09-09-2024,BR108,India,Pune,CUST2577,PROD187,TV,LG OLED 48,OnePlus,4,619.12,0.19,0.18,2367.02,Cash,In-Store,EMP822,2,1,Standard,8,INR
ORD130261,05-08-2024,BR35,India,Mumbai,CUST1681,PROD623,Tablet,Lenovo Tab P11,Dell,5,419.05,0.06,0.18,2324.05,Cash,Online,EMP259,3,0,Same Day,7,GBP
ORD130262,17-10-2024,BR120,UK,Manchester,CUST9345,PROD632,TV,LG OLED 48,Dell,5,501.75,0.17,0.18,2457.07,Credit Card,In-Store,EMP542,0,0,Same Day,5,EUR
ORD130263,17-08-2024,BR24,India,Pune,CUST9537,PROD826,Accessories,Bluetooth Headphones,Lenovo,5,1473.81,0.11,0.18,7738.98,Cash,Online,EMP751,1,1,Express,1,GBP
ORD130264,08-02-2023,BR71,UK,Birmingham,CUST2677,PROD953,Tablet,Lenovo Tab P11,Dell,3,800.04,0.3,0.18,1982.5,Credit Card,Online,EMP502,0,1,Express,5,GBP
ORD130265,21-05-2023,BR98,USA,New York,CUST9491,PROD794,Accessories,Wireless Mouse,Apple,3,1399.12,0.11,0.18,4408.07,Net Banking,Online,EMP840,3,0,Same Day,1,GBP
ORD130266,14-05-2024,BR87,India,Mumbai,CUST7470,PROD414,Mobile,OnePlus 11,OnePlus,1,1333.43,0.08,0.18,1447.57,Net Banking,In-Store,EMP237,1,1,Standard,7,AED
ORD130267,20-10-2024,BR99,UAE,Abu Dhabi,CUST3488,PROD677,TV,Sony Bravia 55,Lenovo,2,743.49,0.26,0.18,1298.43,Cash,In-Store,EMP286,2,1,Standard,5,EUR
ORD130268,22-04-2024,BR30,UAE,Abu Dhabi,CUST1543,PROD855,Mobile,Samsung Galaxy S23,LG,5,1819.58,0.05,0.18,10198.75,Cash,Online,EMP907,2,1,Standard,2,INR
ORD130269,22-02-2023,BR12,UK,Birmingham,CUST7118,PROD414,Accessories,Wireless Mouse,Samsung,1,1182.48,0.02,0.18,1367.42,Credit Card,Online,EMP738,0,0,Express,8,AED
ORD130270,06-08-2023,BR69,India,Bangalore,CUST5946,PROD618,TV,LG OLED 48,Apple,4,1629.21,0.25,0.18,5767.4,Net Banking,In-Store,EMP376,3,1,Express,3,USD
ORD130271,20-05-2024,BR78,India,Bangalore,CUST8920,PROD327,Mobile,iPhone 14,Lenovo,1,64.3,0.23,0.18,58.42,Net Banking,In-Store,EMP706,0,1,Same Day,4,GBP
ORD130272,13-05-2024,BR48,Germany,Berlin,CUST7685,PROD869,TV,Samsung QLED 50,Samsung,1,136.63,0.02,0.18,158,UPI,In-Store,EMP403,2,0,Express,7,USD
ORD130273,28-12-2024,BR58,UK,Manchester,CUST4757,PROD801,Laptop,Dell XPS 13,Sony,1,724.18,0.03,0.18,828.9,UPI,In-Store,EMP496,0,0,Same Day,7,GBP
ORD130274,27-03-2024,BR89,UK,Birmingham,CUST7672,PROD491,Mobile,Samsung Galaxy S23,Samsung,1,1642.38,0.3,0.18,1356.61,Credit Card,In-Store,EMP669,3,1,Express,5,INR
ORD130275,02-12-2024,BR38,UAE,Abu Dhabi,CUST3976,PROD739,Tablet,Samsung Galaxy Tab,OnePlus,1,489.44,0.18,0.18,473.58,UPI,In-Store,EMP335,1,0,Express,5,INR
ORD130276,21-12-2023,BR40,India,Delhi,CUST6167,PROD234,Tablet,Samsung Galaxy Tab,HP,5,621.82,0.1,0.18,3301.86,Cash,Online,EMP705,1,1,Standard,9,GBP
ORD130277,18-08-2023,BR7,UAE,Dubai,CUST6419,PROD513,TV,Sony Bravia 55,LG,1,986.36,0.16,0.18,977.68,Cash,In-Store,EMP697,0,1,Express,6,USD
ORD130278,01-05-2024,BR101,USA,New York,CUST5496,PROD432,Laptop,HP Spectre x360,Apple,4,561.32,0.03,0.18,2569.95,UPI,Online,EMP396,0,1,Same Day,4,USD
ORD130279,10-02-2024,BR29,India,Delhi,CUST3939,PROD513,Laptop,Dell XPS 13,Lenovo,1,253.33,0.11,0.18,266.05,Credit Card,In-Store,EMP692,2,1,Same Day,2,USD
ORD130280,23-12-2023,BR61,UAE,Abu Dhabi,CUST5122,PROD185,Accessories,Keyboard,OnePlus,4,80.91,0.09,0.18,347.52,UPI,In-Store,EMP461,1,0,Standard,1,GBP
ORD130281,19-08-2023,BR19,UK,London,CUST2857,PROD295,Tablet,Lenovo Tab P11,LG,4,491.43,0.18,0.18,1902.03,UPI,Online,EMP647,1,0,Standard,6,EUR
ORD130282,31-08-2023,BR27,India,Pune,CUST9557,PROD776,Laptop,Dell XPS 13,Apple,3,788.79,0.1,0.18,2513.08,UPI,In-Store,EMP770,3,0,Standard,2,EUR
ORD130283,29-05-2023,BR22,UK,Manchester,CUST5835,PROD495,Laptop,HP Spectre x360,HP,2,895.88,0.05,0.18,2008.56,Debit Card,Online,EMP575,2,0,Express,7,INR
ORD130284,28-10-2024,BR117,UK,Manchester,CUST6675,PROD754,Accessories,Wireless Mouse,Samsung,2,1888.1,0.17,0.18,3698.41,Net Banking,Online,EMP654,2,1,Same Day,9,INR
ORD130285,19-06-2024,BR84,USA,Los Angeles,CUST2065,PROD112,Laptop,MacBook Air M2,LG,2,1657.36,0.11,0.18,3481.12,Net Banking,In-Store,EMP551,1,0,Standard,4,AED
ORD130286,17-11-2024,BR103,UK,Birmingham,CUST4448,PROD656,Mobile,Samsung Galaxy S23,Samsung,2,1865.38,0.02,0.18,4314.25,Debit Card,Online,EMP635,0,1,Standard,1,AED
ORD130287,24-07-2023,BR83,USA,Dallas,CUST8269,PROD607,Mobile,OnePlus 11,OnePlus,2,1302.44,0.03,0.18,2981.55,Net Banking,Online,EMP849,3,1,Standard,3,GBP
ORD130288,26-12-2024,BR119,Germany,Berlin,CUST6886,PROD160,Tablet,Samsung Galaxy Tab,Sony,2,455.26,0.18,0.18,881.02,Debit Card,In-Store,EMP648,2,0,Express,3,EUR
ORD130289,13-04-2023,BR55,UK,Manchester,CUST4848,PROD237,Laptop,MacBook Air M2,Lenovo,5,1683.93,0.12,0.18,8742.96,Cash,Online,EMP361,2,0,Standard,5,AED
ORD130290,03-07-2024,BR17,USA,New York,CUST6742,PROD553,Laptop,Dell XPS 13,Samsung,2,686.81,0.17,0.18,1345.32,Net Banking,Online,EMP825,1,1,Same Day,3,AED
ORD130291,19-02-2023,BR119,India,Pune,CUST8497,PROD481,Laptop,HP Spectre x360,Sony,1,1075.98,0.02,0.18,1244.26,Net Banking,In-Store,EMP554,2,0,Same Day,6,INR
ORD130292,24-08-2024,BR88,India,Delhi,CUST4292,PROD990,Laptop,HP Spectre x360,OnePlus,5,1535.38,0.23,0.18,6975.23,Debit Card,Online,EMP666,1,0,Same Day,9,EUR
ORD130293,20-03-2024,BR76,USA,Los Angeles,CUST1258,PROD900,TV,Samsung QLED 50,Apple,3,1008.06,0.21,0.18,2819.14,Credit Card,In-Store,EMP886,2,1,Same Day,1,USD
ORD130294,31-05-2024,BR48,India,Bangalore,CUST2358,PROD675,Tablet,iPad Air,Dell,4,1681.66,0.24,0.18,6032.45,Net Banking,Online,EMP994,2,0,Standard,1,INR
ORD130295,08-11-2023,BR55,USA,New York,CUST6774,PROD740,Laptop,MacBook Air M2,HP,1,1789.4,0.18,0.18,1731.42,Debit Card,In-Store,EMP577,0,0,Express,5,EUR
ORD130296,23-02-2024,BR111,Germany,Munich,CUST7294,PROD124,Mobile,Samsung Galaxy S23,Lenovo,5,833.08,0.09,0.18,4472.81,UPI,Online,EMP234,2,1,Same Day,8,USD
ORD130297,08-02-2023,BR28,India,Mumbai,CUST4694,PROD669,TV,Samsung QLED 50,Dell,2,449.39,0.08,0.18,975.72,Debit Card,Online,EMP214,1,0,Express,10,USD
ORD130298,19-08-2024,BR79,USA,New York,CUST2529,PROD221,Laptop,HP Spectre x360,HP,2,1384.47,0.08,0.18,3005.96,Debit Card,In-Store,EMP433,2,1,Express,10,INR
ORD130299,15-11-2023,BR25,USA,New York,CUST2391,PROD234,TV,LG OLED 48,Lenovo,5,1204.04,0.2,0.18,5683.07,Cash,Online,EMP738,2,0,Standard,3,INR
ORD130300,22-12-2023,BR59,Germany,Hamburg,CUST6050,PROD294,Laptop,Dell XPS 13,Dell,2,332.46,0.1,0.18,706.15,UPI,Online,EMP649,0,0,Same Day,8,AED
ORD130301,07-05-2023,BR64,UK,Manchester,CUST9230,PROD392,Tablet,Lenovo Tab P11,Apple,1,342.02,0.18,0.18,330.94,Net Banking,In-Store,EMP550,1,0,Standard,4,AED
ORD130302,30-08-2023,BR16,UAE,Dubai,CUST6841,PROD122,Tablet,iPad Air,Apple,3,1776.72,0.16,0.18,5283.25,Cash,Online,EMP907,2,1,Same Day,1,INR
ORD130303,07-03-2023,BR99,India,Delhi,CUST8955,PROD350,Laptop,HP Spectre x360,Apple,3,1940.08,0.07,0.18,6387.13,Cash,In-Store,EMP358,3,1,Express,9,USD
ORD130304,07-11-2023,BR26,UAE,Abu Dhabi,CUST2658,PROD615,Tablet,Lenovo Tab P11,Dell,2,1606.62,0.13,0.18,3298.71,UPI,Online,EMP578,1,1,Standard,8,AED
ORD130305,19-09-2024,BR72,USA,Chicago,CUST7177,PROD806,TV,LG OLED 48,Sony,1,1872.4,0.14,0.18,1900.11,UPI,In-Store,EMP952,1,1,Express,4,INR
ORD130306,05-08-2024,BR96,Germany,Munich,CUST9250,PROD660,Tablet,iPad Air,OnePlus,5,1440.75,0.18,0.18,6970.35,Credit Card,Online,EMP654,1,1,Same Day,10,GBP
ORD130307,22-10-2023,BR104,Germany,Munich,CUST1222,PROD303,Laptop,HP Spectre x360,Apple,1,1848.78,0.01,0.18,2159.74,UPI,In-Store,EMP396,1,0,Express,6,GBP
ORD130308,04-10-2024,BR64,UAE,Abu Dhabi,CUST1974,PROD953,Laptop,HP Spectre x360,Samsung,2,662.11,0.11,0.18,1390.7,Debit Card,Online,EMP712,1,1,Standard,10,USD
ORD130309,10-03-2024,BR33,Germany,Berlin,CUST7335,PROD356,Laptop,HP Spectre x360,HP,1,1675.55,0.01,0.18,1957.38,Cash,In-Store,EMP347,3,1,Express,8,AED
ORD130310,09-01-2023,BR108,Germany,Munich,CUST6964,PROD502,Accessories,Bluetooth Headphones,Dell,5,1030.09,0.03,0.18,5895.21,Net Banking,In-Store,EMP421,2,1,Same Day,9,AED
ORD130311,29-12-2024,BR111,UK,London,CUST1535,PROD363,Accessories,Keyboard,HP,4,1454.77,0.03,0.18,6660.52,Debit Card,Online,EMP377,0,1,Standard,5,EUR
ORD130312,13-11-2024,BR62,USA,Dallas,CUST6586,PROD357,TV,Sony Bravia 55,Apple,1,1843.28,0.05,0.18,2066.32,UPI,Online,EMP211,0,0,Same Day,8,EUR
ORD130313,25-06-2023,BR69,UAE,Dubai,CUST5083,PROD485,TV,Sony Bravia 55,OnePlus,3,287.98,0.11,0.18,907.31,Cash,Online,EMP360,2,1,Standard,6,USD
ORD130314,21-05-2023,BR30,UAE,Dubai,CUST3518,PROD760,Laptop,MacBook Air M2,Apple,4,76.88,0.05,0.18,344.73,Credit Card,Online,EMP221,3,0,Standard,7,GBP
ORD130315,01-04-2024,BR51,Germany,Berlin,CUST8398,PROD747,Tablet,Lenovo Tab P11,Lenovo,3,1219.47,0.06,0.18,4057.91,Debit Card,Online,EMP461,1,1,Standard,9,USD
ORD130316,16-12-2023,BR24,Germany,Hamburg,CUST1998,PROD634,Tablet,Samsung Galaxy Tab,Lenovo,1,582.75,0.13,0.18,598.25,Cash,Online,EMP249,2,1,Same Day,3,AED
ORD130317,09-01-2024,BR64,Germany,Munich,CUST5457,PROD176,Laptop,HP Spectre x360,Samsung,4,680.33,0.2,0.18,2568.93,Credit Card,In-Store,EMP427,0,1,Same Day,7,USD
ORD130318,21-06-2024,BR84,UAE,Abu Dhabi,CUST2414,PROD116,Laptop,Dell XPS 13,Dell,2,659.12,0.19,0.18,1259.97,Debit Card,In-Store,EMP504,1,0,Express,9,EUR
ORD130319,13-02-2023,BR15,USA,New York,CUST5274,PROD303,Tablet,Lenovo Tab P11,Sony,1,1754.67,0.22,0.18,1615,Debit Card,Online,EMP540,1,1,Standard,1,USD
ORD130320,26-02-2023,BR15,UAE,Dubai,CUST6886,PROD229,Tablet,Samsung Galaxy Tab,Samsung,4,1814.64,0.14,0.18,7365.99,UPI,In-Store,EMP889,2,1,Express,6,GBP
ORD130321,14-02-2023,BR26,UK,Manchester,CUST9651,PROD762,Mobile,Samsung Galaxy S23,HP,2,266.53,0.22,0.18,490.63,UPI,Online,EMP727,1,0,Express,6,USD
ORD130322,19-02-2023,BR86,UK,Birmingham,CUST3941,PROD943,Accessories,Keyboard,HP,4,555,0,0.18,2619.6,Credit Card,In-Store,EMP541,1,1,Same Day,7,USD
ORD130323,03-12-2023,BR49,USA,Dallas,CUST3517,PROD501,TV,LG OLED 48,Samsung,1,1840.87,0.23,0.18,1672.61,Debit Card,Online,EMP709,1,0,Same Day,6,GBP
ORD130324,10-01-2023,BR41,USA,Los Angeles,CUST4152,PROD638,Mobile,Samsung Galaxy S23,Samsung,3,1652.15,0.26,0.18,4327.97,Cash,In-Store,EMP305,2,0,Standard,8,USD
ORD130325,09-03-2023,BR21,India,Pune,CUST6951,PROD225,Mobile,iPhone 14,Dell,5,1835.32,0.17,0.18,8987.56,UPI,Online,EMP722,0,0,Express,10,USD
ORD130326,01-04-2023,BR89,UAE,Dubai,CUST6637,PROD842,Laptop,MacBook Air M2,Apple,5,1120.46,0.07,0.18,6147.96,Debit Card,In-Store,EMP614,0,1,Express,10,USD
ORD130327,29-01-2023,BR105,UK,Manchester,CUST8391,PROD882,Accessories,Keyboard,Lenovo,4,585.25,0.16,0.18,2320.4,UPI,Online,EMP475,2,0,Express,4,GBP
ORD130328,15-03-2023,BR64,UAE,Abu Dhabi,CUST7532,PROD417,Tablet,Lenovo Tab P11,Apple,1,1298.64,0.11,0.18,1363.83,Debit Card,Online,EMP507,0,0,Same Day,3,AED
ORD130329,21-05-2023,BR28,USA,Los Angeles,CUST8580,PROD326,Accessories,Wireless Mouse,Dell,2,1086.47,0.13,0.18,2230.74,Net Banking,In-Store,EMP211,3,0,Standard,10,USD
ORD130330,05-03-2024,BR57,Germany,Berlin,CUST9188,PROD782,Mobile,OnePlus 11,Dell,1,1572.17,0.28,0.18,1335.72,Debit Card,In-Store,EMP356,3,1,Same Day,6,INR
ORD130331,15-08-2024,BR90,Germany,Munich,CUST9239,PROD421,Laptop,Dell XPS 13,Sony,5,1006.05,0.07,0.18,5520.2,UPI,Online,EMP790,1,1,Standard,9,INR
ORD130332,24-06-2023,BR78,India,Delhi,CUST3675,PROD452,Accessories,Wireless Mouse,Lenovo,4,1856.8,0.06,0.18,8238.25,Debit Card,Online,EMP596,1,1,Standard,1,EUR
ORD130333,23-02-2024,BR113,India,Delhi,CUST6147,PROD814,TV,Sony Bravia 55,LG,2,1050.05,0.15,0.18,2106.4,Credit Card,Online,EMP994,1,1,Standard,7,EUR
ORD130334,28-01-2023,BR90,UAE,Dubai,CUST8267,PROD101,Tablet,Samsung Galaxy Tab,LG,2,260.37,0.22,0.18,479.29,Cash,Online,EMP208,0,0,Express,5,INR
ORD130335,27-10-2024,BR81,India,Delhi,CUST5366,PROD242,Accessories,Keyboard,Samsung,5,973.5,0.27,0.18,4192.86,Debit Card,In-Store,EMP597,3,0,Same Day,6,EUR
ORD130336,06-01-2024,BR89,UAE,Abu Dhabi,CUST7024,PROD705,Laptop,MacBook Air M2,HP,3,1178.18,0.2,0.18,3336.61,Debit Card,Online,EMP321,1,1,Standard,1,GBP
ORD130337,19-10-2023,BR12,India,Delhi,CUST9269,PROD817,Tablet,Lenovo Tab P11,Sony,2,1705,0,0.18,4023.8,UPI,In-Store,EMP817,2,0,Express,5,GBP
ORD130338,01-07-2024,BR114,India,Pune,CUST9907,PROD256,Mobile,Samsung Galaxy S23,OnePlus,4,588.65,0.17,0.18,2306.1,UPI,In-Store,EMP767,0,0,Express,6,AED
ORD130339,22-08-2023,BR30,Germany,Munich,CUST5721,PROD639,Mobile,Samsung Galaxy S23,Sony,4,882.36,0.03,0.18,4039.8,Debit Card,Online,EMP808,3,0,Standard,4,USD
ORD130340,16-06-2023,BR80,UAE,Dubai,CUST6199,PROD152,TV,Sony Bravia 55,Dell,2,1034.96,0.1,0.18,2198.26,Debit Card,In-Store,EMP630,1,1,Same Day,6,USD
ORD130341,05-07-2024,BR78,USA,Los Angeles,CUST6148,PROD189,Tablet,Lenovo Tab P11,Apple,3,273.84,0.12,0.18,853.07,UPI,Online,EMP488,2,1,Express,4,GBP
ORD130342,08-06-2024,BR49,India,Bangalore,CUST2695,PROD968,Mobile,iPhone 14,LG,2,1091.81,0.18,0.18,2112.87,Debit Card,In-Store,EMP785,3,1,Express,8,GBP
ORD130343,29-04-2023,BR44,Germany,Berlin,CUST4315,PROD185,TV,Sony Bravia 55,HP,3,981.6,0.27,0.18,2536.65,Net Banking,Online,EMP885,3,1,Express,5,USD
ORD130344,17-01-2023,BR112,India,Mumbai,CUST7590,PROD334,Tablet,Lenovo Tab P11,HP,3,1935.6,0.09,0.18,6235.34,Credit Card,Online,EMP550,3,0,Express,1,INR
ORD130345,24-04-2024,BR4,USA,Chicago,CUST9763,PROD399,Accessories,Bluetooth Headphones,Apple,4,1703.59,0.3,0.18,5628.66,Cash,In-Store,EMP723,1,1,Express,5,INR
ORD130346,23-12-2024,BR46,Germany,Hamburg,CUST9947,PROD295,Accessories,Bluetooth Headphones,HP,1,1838.39,0.08,0.18,1995.76,Credit Card,In-Store,EMP293,3,1,Standard,7,GBP
ORD130347,30-07-2024,BR104,UK,London,CUST7719,PROD276,Tablet,Samsung Galaxy Tab,OnePlus,5,1547.97,0.05,0.18,8676.37,UPI,Online,EMP682,2,1,Express,4,AED
ORD130348,02-02-2024,BR75,Germany,Berlin,CUST8818,PROD681,Tablet,iPad Air,Apple,1,713.96,0.28,0.18,606.58,Cash,Online,EMP829,0,1,Express,6,GBP
ORD130349,19-03-2023,BR84,India,Pune,CUST3387,PROD936,Tablet,Lenovo Tab P11,OnePlus,1,1715.05,0.23,0.18,1558.29,Net Banking,Online,EMP421,0,1,Standard,4,AED
ORD130350,16-04-2024,BR24,UK,Birmingham,CUST1355,PROD830,Accessories,Bluetooth Headphones,Dell,3,157.28,0.09,0.18,506.66,Credit Card,In-Store,EMP273,3,0,Express,3,AED
ORD130351,16-11-2023,BR41,Germany,Berlin,CUST4369,PROD846,TV,Sony Bravia 55,Sony,1,1591.11,0.24,0.18,1426.91,Net Banking,In-Store,EMP535,1,1,Same Day,2,EUR
ORD130352,16-01-2024,BR47,USA,New York,CUST9987,PROD530,Tablet,Lenovo Tab P11,Sony,3,404.45,0.05,0.18,1360.17,Debit Card,Online,EMP414,0,1,Standard,1,EUR
ORD130353,12-08-2023,BR27,Germany,Hamburg,CUST5669,PROD166,Mobile,OnePlus 11,Apple,5,275.41,0.29,0.18,1153.69,Debit Card,Online,EMP553,2,1,Express,4,GBP
ORD130354,12-09-2024,BR82,Germany,Berlin,CUST1187,PROD724,TV,Samsung QLED 50,OnePlus,1,607.7,0.07,0.18,666.89,Credit Card,In-Store,EMP455,1,1,Standard,6,INR
ORD130355,07-01-2024,BR109,USA,Dallas,CUST1223,PROD914,Mobile,Samsung Galaxy S23,OnePlus,4,868.51,0.21,0.18,3238.5,UPI,Online,EMP856,2,0,Express,9,EUR
ORD130356,31-01-2024,BR101,Germany,Berlin,CUST6745,PROD327,Mobile,Samsung Galaxy S23,Sony,1,1673.97,0.2,0.18,1580.23,Credit Card,In-Store,EMP879,3,0,Same Day,3,USD
ORD130357,14-11-2024,BR3,USA,Dallas,CUST5731,PROD869,TV,LG OLED 48,Sony,4,1889.86,0.26,0.18,6600.9,Credit Card,In-Store,EMP891,1,1,Express,4,AED
ORD130358,29-11-2024,BR116,Germany,Berlin,CUST3052,PROD991,Tablet,iPad Air,LG,2,944.33,0.25,0.18,1671.46,Debit Card,In-Store,EMP865,3,0,Same Day,9,INR
ORD130359,25-05-2024,BR103,UAE,Abu Dhabi,CUST7893,PROD150,Laptop,HP Spectre x360,LG,5,573.96,0.1,0.18,3047.73,Credit Card,In-Store,EMP409,0,1,Express,6,USD
ORD130360,10-03-2024,BR77,UK,London,CUST7931,PROD374,Accessories,Keyboard,Lenovo,2,874.69,0.1,0.18,1857.84,Net Banking,Online,EMP226,3,0,Standard,6,USD
ORD130361,03-12-2024,BR29,Germany,Berlin,CUST2040,PROD800,Tablet,Samsung Galaxy Tab,LG,5,881.01,0.25,0.18,3898.47,UPI,Online,EMP236,1,0,Same Day,9,AED
ORD130362,02-01-2023,BR15,UAE,Dubai,CUST6102,PROD807,Tablet,Samsung Galaxy Tab,OnePlus,3,1304.33,0.15,0.18,3924.73,UPI,In-Store,EMP270,0,0,Standard,6,USD
ORD130363,27-05-2023,BR12,Germany,Hamburg,CUST8734,PROD880,Laptop,MacBook Air M2,Samsung,2,268.77,0.14,0.18,545.5,Debit Card,Online,EMP704,0,0,Same Day,10,AED
ORD130364,09-07-2024,BR11,USA,New York,CUST2017,PROD371,Mobile,iPhone 14,Samsung,3,68.82,0.17,0.18,202.21,Net Banking,In-Store,EMP777,3,0,Express,9,INR
ORD130365,12-07-2024,BR37,India,Mumbai,CUST5128,PROD426,Accessories,Wireless Mouse,Sony,5,330.89,0.1,0.18,1757.03,Net Banking,Online,EMP682,1,1,Express,5,USD
ORD130366,28-01-2024,BR83,Germany,Munich,CUST1365,PROD667,Mobile,iPhone 14,Apple,5,1838.32,0.01,0.18,10737.63,Credit Card,Online,EMP498,2,1,Express,6,EUR
ORD130367,22-08-2023,BR100,UAE,Abu Dhabi,CUST9149,PROD223,TV,Sony Bravia 55,HP,3,927.36,0.25,0.18,2462.14,Net Banking,In-Store,EMP819,1,1,Same Day,8,INR
ORD130368,04-10-2024,BR23,UAE,Abu Dhabi,CUST4133,PROD542,Tablet,iPad Air,Dell,3,319.88,0.09,0.18,1030.46,Debit Card,In-Store,EMP587,2,1,Express,10,GBP
ORD130369,16-12-2023,BR40,UK,Manchester,CUST4808,PROD344,Mobile,iPhone 14,Sony,3,1985.05,0.28,0.18,5059.5,Debit Card,In-Store,EMP993,3,1,Standard,2,USD
ORD130370,27-11-2024,BR46,India,Mumbai,CUST7973,PROD940,Tablet,Samsung Galaxy Tab,OnePlus,4,1522.54,0.11,0.18,6395.89,Cash,In-Store,EMP204,1,0,Express,5,AED
ORD130371,30-10-2023,BR57,UK,London,CUST3433,PROD562,Laptop,HP Spectre x360,HP,2,264.49,0.26,0.18,461.91,Cash,Online,EMP345,0,0,Standard,5,GBP
ORD130372,09-09-2023,BR76,USA,Los Angeles,CUST1725,PROD969,Accessories,Keyboard,HP,4,797.91,0,0.18,3766.14,Net Banking,In-Store,EMP225,2,0,Same Day,9,GBP
ORD130373,16-11-2024,BR70,UK,Manchester,CUST3954,PROD614,Tablet,Lenovo Tab P11,OnePlus,4,541.16,0.21,0.18,2017.88,UPI,Online,EMP254,0,0,Same Day,5,GBP
ORD130374,27-05-2024,BR13,UK,Birmingham,CUST7744,PROD706,TV,LG OLED 48,Dell,5,1380.61,0.28,0.18,5864.83,Debit Card,In-Store,EMP289,3,1,Same Day,1,GBP
ORD130375,31-03-2024,BR5,UK,Birmingham,CUST7937,PROD268,Laptop,HP Spectre x360,LG,4,1173.87,0.28,0.18,3989.28,Net Banking,In-Store,EMP968,1,1,Express,10,USD
ORD130376,23-11-2024,BR54,USA,Los Angeles,CUST2232,PROD938,Tablet,Lenovo Tab P11,Dell,1,774.04,0.26,0.18,675.89,Cash,In-Store,EMP717,3,0,Same Day,1,INR
ORD130377,06-08-2023,BR114,UK,London,CUST8561,PROD306,Mobile,iPhone 14,OnePlus,5,204.59,0.24,0.18,917.38,Credit Card,In-Store,EMP970,3,0,Same Day,2,EUR
ORD130378,26-09-2024,BR17,UAE,Abu Dhabi,CUST5775,PROD235,Mobile,OnePlus 11,LG,2,1987.42,0.23,0.18,3611.54,Net Banking,Online,EMP351,0,1,Express,10,USD
ORD130379,06-11-2024,BR44,Germany,Hamburg,CUST2125,PROD989,TV,Sony Bravia 55,Sony,5,99.3,0.03,0.18,568.29,UPI,Online,EMP273,3,0,Same Day,7,USD
ORD130380,18-11-2023,BR84,Germany,Berlin,CUST6540,PROD744,Accessories,Wireless Mouse,Samsung,4,464.41,0.27,0.18,1600.17,Net Banking,In-Store,EMP815,1,1,Same Day,4,INR
ORD130381,14-03-2024,BR62,India,Bangalore,CUST4047,PROD213,Accessories,Keyboard,LG,1,760.01,0.06,0.18,843,Cash,In-Store,EMP631,0,0,Same Day,2,EUR
ORD130382,07-11-2023,BR94,UK,Birmingham,CUST1663,PROD299,Accessories,Wireless Mouse,Sony,3,930.07,0.03,0.18,3193.67,Credit Card,Online,EMP484,1,0,Express,10,INR
ORD130383,13-01-2024,BR51,Germany,Berlin,CUST6039,PROD419,Tablet,Lenovo Tab P11,Samsung,5,1816.36,0.11,0.18,9537.71,Debit Card,Online,EMP262,2,0,Same Day,9,INR
ORD130384,29-04-2024,BR42,India,Mumbai,CUST3866,PROD986,Mobile,iPhone 14,LG,2,470.27,0.28,0.18,799.08,Cash,In-Store,EMP239,1,0,Same Day,1,EUR
ORD130385,10-08-2024,BR37,Germany,Hamburg,CUST5045,PROD952,Mobile,Samsung Galaxy S23,Apple,2,1175.36,0.08,0.18,2551.94,Debit Card,Online,EMP928,2,1,Same Day,8,USD
ORD130386,14-09-2023,BR33,UAE,Abu Dhabi,CUST2949,PROD352,Mobile,Samsung Galaxy S23,Apple,3,1672.73,0.02,0.18,5803.03,Debit Card,In-Store,EMP848,3,0,Express,4,INR
ORD130387,12-12-2023,BR120,USA,Dallas,CUST6230,PROD795,Mobile,OnePlus 11,HP,4,207.11,0.13,0.18,850.48,Net Banking,In-Store,EMP955,3,1,Express,8,AED
ORD130388,17-09-2024,BR75,Germany,Munich,CUST1822,PROD433,TV,LG OLED 48,Dell,2,990.16,0.01,0.18,2313.41,UPI,In-Store,EMP772,2,0,Express,5,GBP
ORD130389,01-05-2023,BR32,UAE,Dubai,CUST1651,PROD183,Tablet,Lenovo Tab P11,Sony,4,360.97,0.15,0.18,1448.21,Credit Card,Online,EMP712,0,0,Standard,10,GBP
ORD130390,03-08-2024,BR15,India,Pune,CUST1313,PROD720,Mobile,iPhone 14,HP,3,1629.71,0.01,0.18,5711.48,Credit Card,In-Store,EMP816,0,0,Same Day,8,INR
ORD130391,19-06-2024,BR48,USA,Dallas,CUST4719,PROD394,TV,Samsung QLED 50,Apple,1,204.75,0.19,0.18,195.7,Net Banking,Online,EMP732,3,0,Express,1,AED
ORD130392,06-11-2024,BR38,Germany,Berlin,CUST6084,PROD303,Laptop,HP Spectre x360,Dell,3,177.32,0.24,0.18,477.06,UPI,Online,EMP321,2,0,Standard,2,USD
ORD130393,03-09-2024,BR84,India,Mumbai,CUST2892,PROD878,Tablet,iPad Air,Sony,4,270.23,0.02,0.18,1249.98,Debit Card,Online,EMP524,0,1,Express,5,AED
ORD130394,01-08-2024,BR68,UK,Birmingham,CUST1284,PROD319,TV,Samsung QLED 50,Lenovo,1,689.24,0.05,0.18,772.64,Cash,In-Store,EMP423,2,1,Express,2,EUR
ORD130395,13-08-2023,BR58,UAE,Dubai,CUST8899,PROD695,Accessories,Keyboard,OnePlus,5,63.03,0.22,0.18,290.06,Cash,Online,EMP822,2,0,Express,1,AED
ORD130396,17-01-2023,BR67,USA,Chicago,CUST2124,PROD860,TV,Samsung QLED 50,Apple,3,843.23,0.2,0.18,2388.03,Net Banking,Online,EMP283,2,1,Express,9,EUR
ORD130397,01-01-2024,BR44,Germany,Munich,CUST4200,PROD506,Mobile,OnePlus 11,OnePlus,5,254.53,0.02,0.18,1471.69,UPI,In-Store,EMP657,0,1,Standard,10,USD
ORD130398,16-03-2024,BR4,UAE,Abu Dhabi,CUST7696,PROD199,TV,Samsung QLED 50,LG,1,965.78,0.15,0.18,968.68,Net Banking,Online,EMP744,0,0,Express,2,EUR
ORD130399,31-10-2023,BR15,India,Pune,CUST4007,PROD485,Mobile,OnePlus 11,Sony,5,1188.81,0.24,0.18,5330.62,Credit Card,Online,EMP889,1,0,Express,10,EUR
ORD130400,05-03-2023,BR69,UK,London,CUST1858,PROD281,Mobile,OnePlus 11,LG,1,248.9,0.16,0.18,246.71,Debit Card,In-Store,EMP645,1,0,Same Day,6,INR
ORD130401,15-05-2023,BR105,India,Pune,CUST2643,PROD807,TV,Sony Bravia 55,HP,3,270.65,0.02,0.18,938.94,Debit Card,In-Store,EMP676,2,1,Express,4,EUR
ORD130402,05-07-2024,BR83,UK,London,CUST3074,PROD287,Tablet,Lenovo Tab P11,LG,3,1264.86,0.22,0.18,3492.53,Cash,In-Store,EMP298,2,1,Standard,5,GBP
ORD130403,31-05-2024,BR60,USA,Los Angeles,CUST7350,PROD175,Laptop,MacBook Air M2,Lenovo,4,1263.5,0.25,0.18,4472.79,UPI,In-Store,EMP663,1,1,Same Day,6,USD
ORD130404,11-09-2024,BR51,USA,Dallas,CUST7521,PROD530,Mobile,iPhone 14,OnePlus,1,89,0.19,0.18,85.07,Net Banking,In-Store,EMP580,2,0,Express,7,AED
ORD130405,04-06-2023,BR114,India,Pune,CUST3633,PROD588,Mobile,iPhone 14,Apple,1,1065.83,0.19,0.18,1018.72,Debit Card,In-Store,EMP656,2,0,Same Day,2,INR
ORD130406,31-12-2024,BR103,UK,Birmingham,CUST2539,PROD435,TV,Samsung QLED 50,Samsung,2,601.16,0.04,0.18,1361.99,Cash,Online,EMP808,0,1,Same Day,8,AED
ORD130407,04-02-2024,BR42,USA,Dallas,CUST2491,PROD323,Accessories,Bluetooth Headphones,Sony,1,1960.9,0.2,0.18,1851.09,Cash,Online,EMP423,3,1,Express,3,GBP
ORD130408,28-09-2023,BR44,India,Pune,CUST6034,PROD516,Mobile,OnePlus 11,OnePlus,4,1750,0.25,0.18,6195,Cash,Online,EMP623,0,0,Express,1,EUR
ORD130409,07-01-2023,BR4,India,Bangalore,CUST9422,PROD471,Laptop,MacBook Air M2,LG,4,730.38,0.1,0.18,3102.65,Credit Card,Online,EMP798,2,0,Standard,5,AED
ORD130410,16-07-2024,BR77,UK,Birmingham,CUST5821,PROD368,TV,LG OLED 48,OnePlus,2,500.1,0.11,0.18,1050.41,Net Banking,In-Store,EMP800,0,1,Standard,3,AED
ORD130411,09-06-2024,BR84,Germany,Berlin,CUST9401,PROD452,Tablet,Lenovo Tab P11,Apple,3,1539.73,0.06,0.18,5123.61,Net Banking,In-Store,EMP788,3,0,Standard,7,EUR
ORD130412,17-05-2024,BR70,India,Delhi,CUST8741,PROD159,TV,Samsung QLED 50,Dell,5,122.88,0.13,0.18,630.74,Debit Card,Online,EMP306,3,1,Express,6,INR
ORD130413,15-11-2023,BR39,India,Mumbai,CUST2646,PROD584,TV,Samsung QLED 50,Apple,3,1437.08,0.13,0.18,4425.92,Debit Card,In-Store,EMP701,0,1,Same Day,4,USD
ORD130414,01-09-2024,BR86,USA,New York,CUST6974,PROD727,Mobile,Samsung Galaxy S23,Dell,2,1477.59,0.25,0.18,2615.33,UPI,In-Store,EMP961,3,1,Same Day,2,GBP
ORD130415,15-07-2023,BR100,UAE,Abu Dhabi,CUST6666,PROD159,Tablet,Samsung Galaxy Tab,Lenovo,4,1362.27,0.15,0.18,5465.43,Debit Card,Online,EMP993,0,1,Same Day,2,GBP
ORD130416,29-02-2024,BR4,USA,Chicago,CUST9588,PROD379,Tablet,Samsung Galaxy Tab,LG,3,638.25,0.15,0.18,1920.49,Net Banking,In-Store,EMP224,3,0,Express,7,USD
ORD130417,20-09-2023,BR111,UAE,Dubai,CUST6647,PROD208,Tablet,Samsung Galaxy Tab,Lenovo,3,182.03,0.03,0.18,625.05,Net Banking,In-Store,EMP357,2,0,Express,4,USD
ORD130418,04-08-2024,BR90,Germany,Munich,CUST8191,PROD243,Accessories,Keyboard,Samsung,4,202.92,0.12,0.18,842.85,Credit Card,In-Store,EMP762,0,1,Standard,4,EUR
ORD130419,15-02-2023,BR54,UK,London,CUST1039,PROD588,Laptop,MacBook Air M2,Sony,2,239.09,0.09,0.18,513.47,Debit Card,In-Store,EMP986,3,1,Same Day,8,GBP
ORD130420,22-01-2024,BR27,USA,New York,CUST4221,PROD726,Tablet,Lenovo Tab P11,Samsung,3,1366.98,0.28,0.18,3484.16,UPI,In-Store,EMP952,2,0,Same Day,6,EUR
ORD130421,04-07-2023,BR84,UAE,Abu Dhabi,CUST3160,PROD856,Tablet,Lenovo Tab P11,Lenovo,4,303.75,0.29,0.18,1017.93,Credit Card,Online,EMP475,3,0,Standard,8,INR
ORD130422,07-09-2023,BR95,Germany,Berlin,CUST7166,PROD255,Accessories,Keyboard,Dell,3,233.99,0.21,0.18,654.38,Net Banking,Online,EMP550,2,1,Standard,8,GBP
ORD130423,30-12-2023,BR68,UK,London,CUST4630,PROD208,Accessories,Bluetooth Headphones,HP,1,814.79,0.24,0.18,730.7,Cash,Online,EMP794,1,0,Same Day,2,USD
ORD130424,24-01-2024,BR108,USA,New York,CUST4904,PROD690,Accessories,Keyboard,Sony,2,799.8,0.05,0.18,1793.15,Debit Card,Online,EMP683,1,1,Standard,1,AED
ORD130425,07-04-2024,BR109,UAE,Abu Dhabi,CUST1459,PROD356,Laptop,MacBook Air M2,LG,3,966,0.14,0.18,2940.89,UPI,In-Store,EMP819,3,1,Express,3,EUR
ORD130426,22-07-2024,BR9,UK,Manchester,CUST6907,PROD906,Mobile,iPhone 14,Samsung,3,759.48,0.05,0.18,2554.13,Net Banking,In-Store,EMP777,2,0,Standard,9,INR
ORD130427,14-11-2024,BR37,Germany,Munich,CUST3548,PROD741,Laptop,MacBook Air M2,Lenovo,3,1760.51,0.08,0.18,5733.63,Debit Card,In-Store,EMP372,2,1,Express,8,EUR
ORD130428,31-01-2024,BR51,UK,London,CUST6135,PROD119,Tablet,Samsung Galaxy Tab,OnePlus,3,1279.81,0.11,0.18,4032.17,Net Banking,In-Store,EMP437,0,1,Express,2,USD
ORD130429,18-08-2023,BR25,India,Delhi,CUST1739,PROD446,Tablet,Samsung Galaxy Tab,LG,5,321.21,0.28,0.18,1364.5,Cash,In-Store,EMP756,1,1,Same Day,8,GBP
ORD130430,12-08-2023,BR68,India,Delhi,CUST7468,PROD771,TV,Samsung QLED 50,Apple,5,1282.06,0.29,0.18,5370.55,Net Banking,Online,EMP627,2,0,Same Day,4,EUR
ORD130431,07-07-2024,BR27,UK,Birmingham,CUST6616,PROD939,Laptop,Dell XPS 13,OnePlus,2,163.63,0.26,0.18,285.76,UPI,In-Store,EMP795,1,1,Express,5,GBP
ORD130432,15-04-2024,BR119,UAE,Dubai,CUST4581,PROD335,Tablet,iPad Air,Samsung,3,712.04,0.06,0.18,2369.38,Net Banking,In-Store,EMP930,2,0,Standard,6,EUR
ORD130433,28-09-2023,BR105,USA,Chicago,CUST8944,PROD499,Tablet,Lenovo Tab P11,Samsung,1,1658.32,0.27,0.18,1428.48,Debit Card,Online,EMP511,1,0,Same Day,6,GBP
ORD130434,20-11-2024,BR46,USA,New York,CUST7603,PROD976,Accessories,Wireless Mouse,Apple,1,848.7,0.29,0.18,711.04,Debit Card,Online,EMP269,0,0,Same Day,8,AED
ORD130435,08-02-2024,BR14,UK,Manchester,CUST9881,PROD302,Laptop,Dell XPS 13,Samsung,2,1198.07,0.23,0.18,2177.13,Cash,Online,EMP645,2,0,Same Day,3,INR
ORD130436,20-07-2024,BR44,UAE,Dubai,CUST1685,PROD282,Mobile,iPhone 14,HP,4,612.81,0.05,0.18,2747.84,Net Banking,Online,EMP901,3,0,Express,9,USD
ORD130437,28-08-2023,BR56,UAE,Dubai,CUST3137,PROD240,Accessories,Bluetooth Headphones,HP,5,1058.66,0.27,0.18,4559.65,Credit Card,Online,EMP740,0,0,Standard,9,INR
ORD130438,09-09-2023,BR55,UK,London,CUST9679,PROD910,Tablet,iPad Air,Lenovo,5,721.1,0.11,0.18,3786.5,Credit Card,In-Store,EMP490,3,1,Same Day,8,EUR
ORD130439,14-01-2024,BR59,India,Mumbai,CUST3614,PROD730,Laptop,HP Spectre x360,Dell,3,1452.05,0.06,0.18,4831.84,Credit Card,Online,EMP643,0,0,Standard,8,AED
ORD130440,24-06-2023,BR9,UAE,Abu Dhabi,CUST2357,PROD104,Accessories,Keyboard,Lenovo,2,1070.67,0.02,0.18,2476.25,Credit Card,In-Store,EMP261,3,0,Same Day,9,EUR
ORD130441,05-12-2023,BR96,USA,New York,CUST7633,PROD249,Accessories,Wireless Mouse,Sony,4,1092,0.09,0.18,4690.36,Net Banking,In-Store,EMP805,0,1,Same Day,1,INR
ORD130442,12-05-2024,BR14,Germany,Berlin,CUST1560,PROD948,Tablet,iPad Air,Sony,2,1224.87,0.05,0.18,2746.16,Net Banking,In-Store,EMP762,3,1,Standard,9,EUR
ORD130443,07-01-2023,BR79,Germany,Berlin,CUST6730,PROD136,Mobile,iPhone 14,Lenovo,2,1143.61,0.19,0.18,2186.12,Net Banking,In-Store,EMP908,3,0,Same Day,5,GBP
ORD130444,10-02-2024,BR101,Germany,Munich,CUST2338,PROD536,Mobile,Samsung Galaxy S23,Lenovo,5,1139.36,0.17,0.18,5579.45,Debit Card,Online,EMP653,2,1,Express,3,GBP
ORD130445,26-07-2023,BR91,UAE,Abu Dhabi,CUST1307,PROD805,Laptop,Dell XPS 13,Sony,3,181.49,0.13,0.18,558.95,Credit Card,Online,EMP233,0,1,Same Day,2,AED
ORD130446,06-10-2024,BR51,USA,New York,CUST5984,PROD708,Laptop,HP Spectre x360,Lenovo,1,1794.25,0.25,0.18,1587.91,Net Banking,Online,EMP465,2,1,Same Day,10,USD
ORD130447,10-07-2024,BR38,USA,Los Angeles,CUST7730,PROD226,Accessories,Bluetooth Headphones,Sony,2,1300.92,0.15,0.18,2609.65,Credit Card,Online,EMP910,1,0,Express,7,AED
ORD130448,29-08-2023,BR93,UK,Manchester,CUST7461,PROD961,Mobile,iPhone 14,Sony,4,1341.86,0.19,0.18,5130.2,Credit Card,In-Store,EMP200,3,0,Standard,8,AED
ORD130449,17-11-2024,BR115,UAE,Abu Dhabi,CUST5037,PROD301,Tablet,iPad Air,Dell,5,386.48,0.13,0.18,1983.8,Debit Card,In-Store,EMP435,1,1,Same Day,10,GBP
ORD130450,06-11-2023,BR19,UK,Manchester,CUST2594,PROD903,Laptop,HP Spectre x360,Lenovo,3,434.58,0.11,0.18,1369.19,Net Banking,Online,EMP439,3,0,Standard,6,AED
ORD130451,16-02-2024,BR95,Germany,Munich,CUST7942,PROD585,Laptop,MacBook Air M2,LG,3,321.54,0.22,0.18,887.84,UPI,Online,EMP609,3,1,Standard,1,GBP
ORD130452,27-10-2023,BR80,India,Bangalore,CUST2406,PROD887,Tablet,iPad Air,LG,1,1832.85,0.23,0.18,1665.33,Net Banking,Online,EMP280,3,1,Same Day,9,EUR
ORD130453,04-04-2024,BR53,UK,Manchester,CUST4498,PROD490,TV,Samsung QLED 50,Samsung,4,602.11,0.06,0.18,2671.44,Credit Card,In-Store,EMP504,2,0,Standard,10,INR
ORD130454,14-05-2024,BR34,Germany,Berlin,CUST7282,PROD662,TV,Sony Bravia 55,Samsung,4,687.76,0.23,0.18,2499.59,Credit Card,In-Store,EMP281,2,1,Express,5,EUR
ORD130455,05-03-2024,BR95,Germany,Hamburg,CUST3762,PROD326,Tablet,iPad Air,Samsung,4,1831.75,0.09,0.18,7867.73,Cash,Online,EMP803,2,0,Express,4,EUR
ORD130456,12-05-2024,BR27,Germany,Munich,CUST4148,PROD793,Tablet,Lenovo Tab P11,HP,3,1219.75,0,0.18,4317.91,UPI,In-Store,EMP895,2,0,Express,4,EUR
ORD130457,15-08-2023,BR82,UAE,Dubai,CUST6060,PROD900,Laptop,Dell XPS 13,HP,4,1020.85,0.18,0.18,3951.1,UPI,Online,EMP425,0,0,Same Day,2,GBP
ORD130458,23-11-2023,BR71,Germany,Hamburg,CUST2692,PROD704,TV,Samsung QLED 50,Apple,3,504.6,0.15,0.18,1518.34,Debit Card,Online,EMP654,2,0,Standard,5,GBP
ORD130459,25-08-2024,BR49,UK,Birmingham,CUST5142,PROD567,Tablet,Samsung Galaxy Tab,Sony,1,709.85,0.24,0.18,636.59,Net Banking,Online,EMP623,1,0,Standard,2,EUR
ORD130460,02-11-2024,BR89,USA,Los Angeles,CUST3905,PROD417,Laptop,HP Spectre x360,Lenovo,2,707.43,0.07,0.18,1552.67,Credit Card,In-Store,EMP463,0,0,Same Day,5,AED
ORD130461,22-01-2023,BR78,Germany,Hamburg,CUST9137,PROD368,Laptop,HP Spectre x360,Apple,2,424.49,0.09,0.18,911.63,Net Banking,In-Store,EMP846,1,1,Same Day,8,EUR
ORD130462,04-03-2023,BR57,UAE,Abu Dhabi,CUST5145,PROD141,TV,Sony Bravia 55,Samsung,5,1210.65,0.15,0.18,6071.41,UPI,In-Store,EMP804,2,1,Same Day,6,USD
ORD130463,17-11-2024,BR45,UK,London,CUST6660,PROD820,Laptop,Dell XPS 13,Sony,5,766.48,0.03,0.18,4386.57,Cash,In-Store,EMP315,1,1,Express,10,EUR
ORD130464,17-01-2024,BR104,India,Mumbai,CUST8504,PROD615,Tablet,Lenovo Tab P11,LG,5,436.82,0.01,0.18,2551.47,Credit Card,In-Store,EMP355,3,1,Standard,4,GBP
ORD130465,27-06-2024,BR99,Germany,Berlin,CUST4119,PROD334,Laptop,HP Spectre x360,Sony,4,254.98,0.11,0.18,1071.12,Credit Card,In-Store,EMP775,0,0,Express,4,EUR
ORD130466,16-04-2024,BR5,Germany,Hamburg,CUST8234,PROD258,Tablet,Samsung Galaxy Tab,OnePlus,3,1919.18,0.03,0.18,6590.08,Debit Card,Online,EMP894,1,1,Standard,9,AED
ORD130467,21-05-2023,BR84,India,Mumbai,CUST7271,PROD786,TV,Samsung QLED 50,Apple,5,1196.18,0.28,0.18,5081.37,Cash,Online,EMP434,1,1,Standard,7,GBP
ORD130468,20-05-2023,BR8,India,Bangalore,CUST5885,PROD824,Accessories,Keyboard,OnePlus,3,558.56,0.01,0.18,1957.53,Credit Card,In-Store,EMP879,3,1,Express,5,AED
ORD130469,21-06-2023,BR97,UK,Birmingham,CUST2717,PROD322,Tablet,Lenovo Tab P11,Samsung,5,1860.39,0.24,0.18,8341.99,UPI,Online,EMP899,0,1,Express,10,USD
ORD130470,24-04-2023,BR6,UAE,Abu Dhabi,CUST8204,PROD753,Laptop,HP Spectre x360,HP,3,1225.03,0.23,0.18,3339.19,UPI,In-Store,EMP211,2,1,Express,9,AED
ORD130471,25-06-2023,BR100,Germany,Berlin,CUST5099,PROD510,Tablet,iPad Air,Dell,1,871.93,0.21,0.18,812.81,Net Banking,In-Store,EMP775,3,1,Standard,8,AED
ORD130472,20-02-2023,BR5,India,Delhi,CUST7576,PROD970,Mobile,iPhone 14,HP,2,947.86,0.26,0.18,1655.34,Net Banking,In-Store,EMP749,1,0,Express,8,EUR
ORD130473,27-08-2023,BR3,UAE,Abu Dhabi,CUST7259,PROD673,TV,Samsung QLED 50,Sony,1,1379.25,0.22,0.18,1269.46,UPI,In-Store,EMP363,2,0,Same Day,7,AED
ORD130474,03-07-2024,BR22,India,Bangalore,CUST4779,PROD727,Tablet,iPad Air,Apple,1,1595.6,0,0.18,1882.81,Cash,In-Store,EMP521,2,1,Express,10,USD
ORD130475,26-07-2024,BR51,UK,London,CUST1840,PROD479,Tablet,Lenovo Tab P11,LG,5,1226.24,0.19,0.18,5860.2,Credit Card,Online,EMP538,1,1,Express,10,GBP
ORD130476,19-04-2024,BR13,USA,Los Angeles,CUST2384,PROD765,Tablet,iPad Air,Samsung,4,122.66,0.19,0.18,468.95,Credit Card,In-Store,EMP999,2,0,Standard,4,USD
ORD130477,24-10-2023,BR25,UK,London,CUST2923,PROD817,Mobile,OnePlus 11,Lenovo,4,1476.18,0.03,0.18,6758.54,Cash,In-Store,EMP306,0,0,Same Day,10,GBP
ORD130478,06-11-2024,BR14,UK,Birmingham,CUST5728,PROD939,Mobile,Samsung Galaxy S23,Apple,1,184.73,0.09,0.18,198.36,Cash,Online,EMP803,1,1,Express,3,INR
ORD130479,12-04-2023,BR102,USA,Los Angeles,CUST9813,PROD560,Mobile,OnePlus 11,Samsung,5,1634.42,0.06,0.18,9064.49,UPI,In-Store,EMP734,3,0,Standard,1,INR
ORD130480,12-04-2024,BR70,UAE,Abu Dhabi,CUST9629,PROD126,TV,Samsung QLED 50,Lenovo,2,302.01,0.02,0.18,698.49,Credit Card,In-Store,EMP969,2,0,Standard,5,INR
ORD130481,15-12-2024,BR75,India,Pune,CUST5106,PROD434,Accessories,Bluetooth Headphones,Apple,1,204.42,0.06,0.18,226.74,Net Banking,Online,EMP213,0,1,Express,8,GBP
ORD130482,13-03-2024,BR113,UAE,Abu Dhabi,CUST2171,PROD559,Tablet,iPad Air,OnePlus,1,1448.21,0.2,0.18,1367.11,Credit Card,In-Store,EMP484,0,1,Express,9,INR
ORD130483,07-07-2024,BR86,UAE,Abu Dhabi,CUST7666,PROD274,Laptop,MacBook Air M2,Sony,4,577.8,0,0.18,2727.22,Credit Card,Online,EMP955,1,1,Express,6,GBP
ORD130484,16-07-2024,BR30,India,Pune,CUST3247,PROD744,Tablet,iPad Air,LG,2,1173.67,0.26,0.18,2049.7,Credit Card,In-Store,EMP701,1,1,Express,9,USD
ORD130485,06-04-2024,BR30,UK,London,CUST2607,PROD777,TV,Samsung QLED 50,Dell,4,1758.63,0.27,0.18,6059.54,Credit Card,Online,EMP805,3,0,Same Day,8,GBP
ORD130486,19-02-2023,BR56,India,Bangalore,CUST1876,PROD278,Laptop,MacBook Air M2,LG,2,1687.8,0.26,0.18,2947.57,Cash,In-Store,EMP318,2,1,Express,7,EUR
ORD130487,26-02-2023,BR51,Germany,Berlin,CUST5077,PROD809,Tablet,Lenovo Tab P11,Apple,4,1652.94,0.18,0.18,6397.54,Cash,In-Store,EMP757,2,0,Express,5,USD
ORD130488,10-01-2023,BR15,USA,Los Angeles,CUST1999,PROD625,Tablet,iPad Air,Lenovo,3,481.41,0.05,0.18,1618.98,Net Banking,In-Store,EMP617,1,0,Express,2,USD
ORD130489,29-01-2023,BR22,UK,Birmingham,CUST7323,PROD670,Laptop,HP Spectre x360,Samsung,5,622.35,0.17,0.18,3047.65,Credit Card,Online,EMP513,2,1,Express,5,GBP
ORD130490,07-06-2024,BR21,UAE,Abu Dhabi,CUST5271,PROD571,Tablet,Lenovo Tab P11,Lenovo,1,771.74,0.01,0.18,901.55,UPI,Online,EMP797,1,0,Same Day,7,EUR
ORD130491,27-03-2023,BR120,UK,Birmingham,CUST4632,PROD857,Laptop,MacBook Air M2,HP,5,1140.56,0.25,0.18,5046.98,UPI,In-Store,EMP305,1,1,Same Day,10,USD
ORD130492,12-11-2024,BR98,USA,Los Angeles,CUST1448,PROD630,Tablet,Samsung Galaxy Tab,Apple,3,1322.44,0.2,0.18,3745.15,Net Banking,Online,EMP327,0,1,Standard,6,GBP
ORD130493,07-07-2023,BR87,USA,New York,CUST2268,PROD645,Accessories,Wireless Mouse,Dell,2,860.57,0.13,0.18,1766.92,Credit Card,Online,EMP474,1,1,Same Day,10,GBP
ORD130494,02-02-2023,BR47,UAE,Dubai,CUST1681,PROD533,Tablet,Lenovo Tab P11,Apple,2,739.19,0.19,0.18,1413.04,Cash,In-Store,EMP375,3,1,Same Day,2,USD
ORD130495,20-01-2023,BR86,UAE,Dubai,CUST7815,PROD556,Tablet,Lenovo Tab P11,Apple,4,1106.26,0.02,0.18,5117.12,Cash,Online,EMP591,0,0,Same Day,8,EUR
ORD130496,31-12-2023,BR36,UAE,Dubai,CUST4834,PROD930,TV,LG OLED 48,HP,1,728.67,0.3,0.18,601.88,Credit Card,In-Store,EMP498,1,1,Same Day,9,EUR
ORD130497,18-06-2023,BR21,UAE,Abu Dhabi,CUST3723,PROD339,Tablet,Samsung Galaxy Tab,LG,4,973.86,0.04,0.18,4412.75,UPI,In-Store,EMP202,3,0,Express,9,EUR
ORD130498,08-01-2024,BR115,UK,Birmingham,CUST2824,PROD326,Tablet,Lenovo Tab P11,HP,2,1551.65,0.27,0.18,2673.18,UPI,In-Store,EMP467,2,1,Same Day,6,EUR
ORD130499,19-09-2023,BR49,USA,Dallas,CUST2744,PROD849,TV,LG OLED 48,Samsung,2,1988.17,0.2,0.18,3753.66,Debit Card,In-Store,EMP697,3,1,Standard,2,AED
ORD130500,29-03-2024,BR7,UAE,Dubai,CUST9104,PROD436,Laptop,Dell XPS 13,Dell,4,1352.55,0.21,0.18,5043.39,UPI,Online,EMP302,0,0,Standard,6,USD
ORD130501,30-12-2024,BR74,USA,New York,CUST8200,PROD381,Mobile,Samsung Galaxy S23,Sony,5,923.2,0.05,0.18,5174.54,Debit Card,In-Store,EMP889,1,0,Same Day,3,USD
ORD130502,18-02-2023,BR99,UAE,Abu Dhabi,CUST5374,PROD444,Laptop,MacBook Air M2,Dell,4,434.46,0.03,0.18,1989.13,Credit Card,In-Store,EMP564,3,1,Standard,6,GBP
ORD130503,29-04-2023,BR96,India,Delhi,CUST6183,PROD966,Accessories,Keyboard,OnePlus,2,1971.42,0.18,0.18,3815.09,Net Banking,Online,EMP934,2,0,Same Day,3,INR
ORD130504,26-10-2023,BR96,UAE,Dubai,CUST9658,PROD319,Tablet,Samsung Galaxy Tab,LG,3,271.74,0.07,0.18,894.62,Credit Card,In-Store,EMP897,3,0,Same Day,9,EUR
ORD130505,17-03-2023,BR69,UAE,Abu Dhabi,CUST8184,PROD238,Laptop,HP Spectre x360,Apple,2,1021.87,0.17,0.18,2001.64,Credit Card,Online,EMP399,3,0,Express,9,AED
ORD130506,22-08-2023,BR7,UAE,Abu Dhabi,CUST6630,PROD466,Tablet,iPad Air,Lenovo,3,1020.84,0.23,0.18,2782.61,Credit Card,Online,EMP674,2,0,Express,7,INR
ORD130507,13-02-2023,BR73,India,Pune,CUST8861,PROD423,Tablet,iPad Air,Sony,1,790.14,0.03,0.18,904.39,Credit Card,Online,EMP666,3,0,Same Day,9,GBP
ORD130508,02-02-2023,BR23,UAE,Abu Dhabi,CUST2153,PROD168,Accessories,Bluetooth Headphones,Apple,4,978.35,0.23,0.18,3555.72,UPI,Online,EMP430,3,0,Same Day,10,AED
ORD130509,23-03-2023,BR85,Germany,Hamburg,CUST8937,PROD893,TV,Samsung QLED 50,Sony,2,246.17,0.03,0.18,563.53,Credit Card,In-Store,EMP298,2,0,Same Day,7,USD
ORD130510,30-06-2024,BR43,Germany,Hamburg,CUST5923,PROD274,TV,LG OLED 48,Apple,5,852.3,0.16,0.18,4224,Net Banking,Online,EMP431,3,0,Express,7,GBP
ORD130511,30-09-2023,BR34,India,Bangalore,CUST1449,PROD691,Accessories,Wireless Mouse,HP,3,1602.88,0.28,0.18,4085.42,Cash,In-Store,EMP451,1,0,Express,7,GBP
ORD130512,05-02-2023,BR70,India,Mumbai,CUST1043,PROD164,TV,LG OLED 48,Lenovo,5,1044.86,0.17,0.18,5116.68,UPI,In-Store,EMP341,1,0,Same Day,7,USD
ORD130513,13-08-2024,BR16,USA,Los Angeles,CUST6088,PROD444,Accessories,Wireless Mouse,Sony,2,104.42,0.08,0.18,226.72,Net Banking,Online,EMP572,0,1,Standard,8,USD
ORD130514,14-06-2023,BR102,UK,Manchester,CUST3664,PROD402,Accessories,Keyboard,Lenovo,5,1267.05,0.06,0.18,7027.06,Credit Card,Online,EMP383,3,0,Express,5,INR
ORD130515,08-07-2024,BR65,UAE,Dubai,CUST9006,PROD522,Mobile,Samsung Galaxy S23,LG,2,1968.69,0.07,0.18,4320.88,UPI,Online,EMP796,0,1,Same Day,9,GBP
ORD130516,01-01-2024,BR19,UK,London,CUST8193,PROD203,Accessories,Wireless Mouse,Dell,5,929.46,0.26,0.18,4058.02,Net Banking,In-Store,EMP451,2,0,Standard,10,USD
ORD130517,09-04-2024,BR23,India,Pune,CUST8306,PROD376,Tablet,iPad Air,Sony,1,1881.65,0,0.18,2220.35,Credit Card,In-Store,EMP654,0,0,Same Day,1,GBP
ORD130518,27-10-2024,BR75,Germany,Berlin,CUST9635,PROD454,Laptop,Dell XPS 13,Apple,2,271.19,0.07,0.18,595.21,UPI,In-Store,EMP648,3,0,Express,3,INR
ORD130519,25-03-2023,BR111,Germany,Hamburg,CUST4878,PROD832,TV,Samsung QLED 50,Lenovo,4,1538.93,0.25,0.18,5447.81,UPI,In-Store,EMP711,3,1,Same Day,4,GBP
ORD130520,28-04-2024,BR97,India,Pune,CUST5551,PROD858,Mobile,iPhone 14,LG,2,830.37,0.09,0.18,1783.3,Cash,In-Store,EMP746,3,1,Standard,3,AED
ORD130521,09-08-2023,BR43,UK,Manchester,CUST8928,PROD773,Accessories,Wireless Mouse,Samsung,2,1139.48,0.21,0.18,2124.45,Cash,In-Store,EMP274,2,0,Express,7,INR
ORD130522,20-06-2023,BR63,USA,Dallas,CUST1140,PROD576,Laptop,HP Spectre x360,Sony,1,1318.9,0.25,0.18,1167.23,Net Banking,In-Store,EMP820,3,1,Standard,7,AED
ORD130523,03-02-2023,BR93,USA,New York,CUST9864,PROD105,Laptop,HP Spectre x360,OnePlus,4,224.08,0.24,0.18,803.82,Credit Card,In-Store,EMP324,2,0,Same Day,7,AED
ORD130524,02-03-2023,BR47,UK,London,CUST1733,PROD312,Accessories,Wireless Mouse,OnePlus,5,616.78,0.16,0.18,3056.76,UPI,In-Store,EMP280,2,1,Express,2,AED
ORD130525,31-05-2024,BR114,USA,Los Angeles,CUST9341,PROD994,TV,Samsung QLED 50,OnePlus,4,1656.21,0.28,0.18,5628.46,Debit Card,Online,EMP779,2,0,Express,1,AED
ORD130526,27-10-2023,BR94,India,Bangalore,CUST7300,PROD866,Tablet,Lenovo Tab P11,Apple,2,1276.11,0.24,0.18,2288.83,Cash,In-Store,EMP315,3,1,Same Day,10,GBP
ORD130527,25-03-2023,BR78,USA,New York,CUST1262,PROD284,Mobile,Samsung Galaxy S23,HP,4,1410.83,0.23,0.18,5127.52,Cash,In-Store,EMP689,2,0,Standard,4,USD
ORD130528,12-08-2023,BR49,India,Delhi,CUST1253,PROD200,Mobile,Samsung Galaxy S23,LG,2,338.08,0.18,0.18,654.25,Net Banking,Online,EMP976,2,0,Express,9,GBP
ORD130529,17-07-2024,BR89,Germany,Berlin,CUST7458,PROD260,Laptop,Dell XPS 13,LG,2,929.45,0.19,0.18,1776.74,Cash,Online,EMP969,0,1,Same Day,7,EUR
ORD130530,21-06-2024,BR50,USA,Chicago,CUST6467,PROD629,Accessories,Bluetooth Headphones,Sony,4,1223.11,0.19,0.18,4676.19,UPI,Online,EMP467,3,0,Express,6,AED
ORD130531,13-08-2024,BR107,Germany,Berlin,CUST9597,PROD399,Mobile,iPhone 14,Apple,4,1286.29,0.18,0.18,4978.46,UPI,In-Store,EMP894,3,0,Express,2,INR
ORD130532,26-12-2023,BR62,India,Pune,CUST1818,PROD375,Mobile,Samsung Galaxy S23,Lenovo,2,1930.12,0.24,0.18,3461.86,Net Banking,In-Store,EMP225,1,1,Standard,1,AED
ORD130533,15-08-2024,BR118,UAE,Dubai,CUST6673,PROD936,Tablet,Samsung Galaxy Tab,LG,3,746.55,0.17,0.18,2193.51,Cash,Online,EMP328,3,0,Same Day,8,AED
ORD130534,11-06-2024,BR89,UAE,Dubai,CUST8421,PROD498,Accessories,Wireless Mouse,LG,5,1845.97,0.04,0.18,10455.57,Debit Card,Online,EMP703,1,1,Express,8,USD
ORD130535,24-12-2023,BR111,Germany,Berlin,CUST8065,PROD998,Laptop,MacBook Air M2,Apple,2,1342.1,0.28,0.18,2280.5,Credit Card,Online,EMP683,2,0,Same Day,6,INR
ORD130536,11-10-2024,BR104,India,Pune,CUST2003,PROD496,TV,Samsung QLED 50,HP,5,1489.43,0.11,0.18,7821,Debit Card,In-Store,EMP704,2,1,Standard,3,USD
ORD130537,04-12-2024,BR27,India,Mumbai,CUST7104,PROD832,Mobile,iPhone 14,Sony,2,1525.76,0.11,0.18,3204.71,Debit Card,In-Store,EMP465,1,0,Same Day,6,GBP
ORD130538,22-09-2023,BR18,USA,Dallas,CUST6388,PROD483,Accessories,Keyboard,Sony,2,848.3,0.13,0.18,1741.73,Credit Card,In-Store,EMP219,0,0,Express,3,EUR
ORD130539,13-06-2024,BR42,Germany,Hamburg,CUST2271,PROD134,Tablet,Samsung Galaxy Tab,Dell,3,52.32,0.2,0.18,148.17,Cash,In-Store,EMP982,1,0,Same Day,10,GBP
ORD130540,30-11-2023,BR15,India,Pune,CUST9940,PROD686,Tablet,Lenovo Tab P11,OnePlus,5,761,0.18,0.18,3681.72,Debit Card,In-Store,EMP560,2,0,Standard,9,GBP
ORD130541,09-02-2023,BR94,USA,Dallas,CUST7232,PROD658,Laptop,Dell XPS 13,OnePlus,1,170.63,0.04,0.18,193.29,Cash,In-Store,EMP205,1,0,Same Day,1,GBP
ORD130542,08-06-2024,BR28,UK,Birmingham,CUST5936,PROD626,Mobile,Samsung Galaxy S23,OnePlus,1,845.67,0.1,0.18,898.1,Net Banking,Online,EMP419,1,0,Standard,8,INR
ORD130543,15-07-2023,BR22,UK,Birmingham,CUST8684,PROD764,TV,LG OLED 48,Sony,5,50.56,0.13,0.18,259.52,Credit Card,In-Store,EMP658,3,0,Express,2,INR
ORD130544,13-05-2024,BR86,UAE,Dubai,CUST2893,PROD171,TV,Sony Bravia 55,LG,3,699.61,0.06,0.18,2328.02,Credit Card,In-Store,EMP964,3,0,Standard,10,AED
ORD130545,14-06-2024,BR30,Germany,Berlin,CUST6013,PROD685,Accessories,Bluetooth Headphones,Lenovo,2,763.15,0.27,0.18,1314.75,Debit Card,In-Store,EMP555,0,1,Express,4,AED
ORD130546,01-10-2023,BR107,UAE,Dubai,CUST4290,PROD438,Laptop,MacBook Air M2,OnePlus,3,1439.64,0.2,0.18,4077.06,Debit Card,In-Store,EMP914,2,0,Standard,9,EUR
ORD130547,02-04-2023,BR100,India,Bangalore,CUST7055,PROD164,TV,Samsung QLED 50,LG,5,1664.64,0.06,0.18,9232.09,Credit Card,In-Store,EMP638,3,0,Standard,9,INR
ORD130548,01-12-2024,BR85,UK,Birmingham,CUST8423,PROD692,TV,Samsung QLED 50,Samsung,3,1799.73,0.28,0.18,4587.15,Credit Card,In-Store,EMP425,0,1,Same Day,3,USD
ORD130549,22-12-2023,BR34,India,Pune,CUST1138,PROD463,Laptop,HP Spectre x360,HP,3,1492.1,0.06,0.18,4965.11,Net Banking,Online,EMP218,1,0,Standard,1,INR
ORD130550,01-06-2024,BR33,India,Bangalore,CUST1806,PROD256,Accessories,Keyboard,Sony,4,1164.42,0.08,0.18,5056.38,Debit Card,Online,EMP669,0,1,Standard,10,GBP
ORD130551,30-12-2024,BR68,Germany,Munich,CUST1245,PROD119,Accessories,Keyboard,OnePlus,4,257.14,0.19,0.18,983.1,Net Banking,Online,EMP289,3,1,Standard,8,USD
ORD130552,08-12-2023,BR109,UAE,Abu Dhabi,CUST2800,PROD140,Laptop,Dell XPS 13,Samsung,5,1741.65,0.29,0.18,7295.77,UPI,Online,EMP772,3,1,Express,6,EUR
ORD130553,02-03-2023,BR7,Germany,Munich,CUST5924,PROD957,Tablet,Lenovo Tab P11,Lenovo,1,944.1,0.18,0.18,913.51,Cash,Online,EMP501,1,1,Standard,9,AED
ORD130554,20-09-2023,BR67,UK,London,CUST7408,PROD196,Accessories,Keyboard,HP,5,148.76,0.28,0.18,631.93,Cash,Online,EMP538,3,0,Express,3,USD
ORD130555,08-02-2023,BR24,Germany,Hamburg,CUST4724,PROD386,Tablet,Lenovo Tab P11,Dell,3,851.49,0.07,0.18,2803.28,UPI,Online,EMP644,2,0,Standard,3,INR
ORD130556,11-06-2023,BR77,India,Bangalore,CUST3107,PROD875,Mobile,OnePlus 11,OnePlus,4,123.02,0.29,0.18,412.26,UPI,In-Store,EMP272,1,1,Same Day,4,EUR
ORD130557,02-04-2024,BR92,UAE,Abu Dhabi,CUST5718,PROD269,TV,Sony Bravia 55,LG,5,1990.32,0.28,0.18,8454.88,Cash,In-Store,EMP682,1,0,Standard,2,GBP
ORD130558,11-10-2023,BR106,UK,Birmingham,CUST5271,PROD957,Laptop,HP Spectre x360,LG,1,1856.56,0.23,0.18,1686.87,UPI,In-Store,EMP286,3,1,Standard,1,AED
ORD130559,17-01-2024,BR33,USA,New York,CUST8310,PROD916,Tablet,Lenovo Tab P11,Dell,3,1046.15,0.03,0.18,3592.27,Debit Card,Online,EMP863,3,1,Standard,2,INR
ORD130560,30-07-2024,BR79,Germany,Berlin,CUST1158,PROD792,Tablet,Lenovo Tab P11,Lenovo,4,209.03,0.15,0.18,838.63,Cash,In-Store,EMP982,0,0,Express,5,AED
ORD130561,31-07-2023,BR19,UK,Manchester,CUST8707,PROD139,TV,Sony Bravia 55,Dell,5,1854.19,0.29,0.18,7767.2,Credit Card,Online,EMP337,2,0,Standard,8,USD
ORD130562,14-06-2023,BR70,India,Pune,CUST8757,PROD471,Accessories,Wireless Mouse,HP,4,947.89,0.12,0.18,3937.16,Net Banking,In-Store,EMP371,0,1,Same Day,6,GBP
ORD130563,05-11-2023,BR108,UAE,Abu Dhabi,CUST5691,PROD354,Accessories,Bluetooth Headphones,LG,4,157.62,0.26,0.18,550.54,Credit Card,In-Store,EMP324,3,0,Same Day,1,USD
ORD130564,07-11-2023,BR80,Germany,Hamburg,CUST7362,PROD383,Accessories,Wireless Mouse,Apple,5,1485.69,0.25,0.18,6574.18,Credit Card,In-Store,EMP920,3,0,Express,5,EUR
ORD130565,20-01-2024,BR105,Germany,Munich,CUST8337,PROD252,Tablet,Lenovo Tab P11,Dell,3,812.27,0.17,0.18,2386.61,UPI,In-Store,EMP725,2,0,Standard,1,EUR
ORD130566,20-11-2024,BR62,UAE,Abu Dhabi,CUST3349,PROD525,Laptop,HP Spectre x360,HP,3,210.52,0.27,0.18,544.03,Credit Card,In-Store,EMP807,3,1,Standard,10,INR
ORD130567,11-03-2023,BR55,UAE,Abu Dhabi,CUST7748,PROD414,Laptop,MacBook Air M2,Lenovo,4,1554.22,0,0.18,7335.92,UPI,In-Store,EMP798,1,0,Same Day,1,USD
ORD130568,13-08-2024,BR75,USA,Los Angeles,CUST8946,PROD722,Accessories,Bluetooth Headphones,Lenovo,3,390.77,0.14,0.18,1189.66,UPI,In-Store,EMP581,2,1,Same Day,4,INR
ORD130569,01-12-2023,BR63,UK,London,CUST6873,PROD465,Mobile,OnePlus 11,Sony,2,1557.59,0.17,0.18,3051.01,Credit Card,Online,EMP942,2,1,Standard,1,GBP
ORD130570,18-11-2023,BR107,India,Bangalore,CUST7139,PROD325,Mobile,iPhone 14,OnePlus,2,1642.94,0.13,0.18,3373.28,Net Banking,In-Store,EMP470,3,0,Express,1,AED
ORD130571,06-01-2024,BR57,UAE,Dubai,CUST4213,PROD112,Laptop,MacBook Air M2,HP,3,768.43,0.13,0.18,2366.61,Cash,In-Store,EMP631,2,0,Standard,4,EUR
ORD130572,03-03-2024,BR105,India,Delhi,CUST2949,PROD433,Mobile,Samsung Galaxy S23,Sony,3,184.92,0.29,0.18,464.78,Cash,Online,EMP350,3,1,Same Day,8,EUR
ORD130573,27-02-2023,BR37,India,Bangalore,CUST3429,PROD435,Mobile,iPhone 14,Dell,5,1813.74,0.26,0.18,7918.79,Cash,Online,EMP657,3,1,Standard,2,AED
ORD130574,11-02-2023,BR83,USA,Chicago,CUST3707,PROD892,Laptop,HP Spectre x360,Apple,2,793.51,0.15,0.18,1591.78,UPI,In-Store,EMP428,2,1,Same Day,9,INR
ORD130575,03-09-2023,BR110,UK,London,CUST4125,PROD470,Accessories,Keyboard,OnePlus,3,560.97,0,0.18,1985.83,Cash,In-Store,EMP753,1,0,Express,4,EUR
ORD130576,29-11-2024,BR105,Germany,Munich,CUST2456,PROD397,Laptop,HP Spectre x360,Lenovo,5,541.77,0.16,0.18,2685.01,Credit Card,In-Store,EMP279,2,1,Same Day,8,AED
ORD130577,17-08-2023,BR18,UAE,Dubai,CUST7105,PROD809,Laptop,MacBook Air M2,OnePlus,2,718.09,0.23,0.18,1304.91,Net Banking,In-Store,EMP779,0,1,Express,4,EUR
ORD130578,27-04-2024,BR51,USA,Chicago,CUST2470,PROD937,Accessories,Keyboard,Sony,3,1795.3,0.28,0.18,4575.86,Cash,In-Store,EMP719,1,0,Express,7,EUR
ORD130579,14-08-2024,BR38,UK,Birmingham,CUST1283,PROD708,Laptop,HP Spectre x360,Lenovo,4,1186.73,0.25,0.18,4201.02,Debit Card,Online,EMP580,0,1,Same Day,5,AED
ORD130580,25-02-2023,BR21,Germany,Berlin,CUST8810,PROD272,Tablet,Lenovo Tab P11,OnePlus,2,111.32,0.02,0.18,257.46,Net Banking,Online,EMP643,3,1,Same Day,5,GBP
ORD130581,18-06-2024,BR112,India,Delhi,CUST6774,PROD124,Mobile,iPhone 14,Dell,1,1899.5,0.03,0.18,2174.17,Cash,Online,EMP306,1,0,Same Day,10,EUR
ORD130582,18-06-2024,BR60,Germany,Berlin,CUST4847,PROD407,Mobile,iPhone 14,Dell,1,982.45,0.16,0.18,973.8,Debit Card,Online,EMP853,2,0,Express,9,USD
ORD130583,22-08-2023,BR37,UK,London,CUST4994,PROD664,Tablet,iPad Air,Dell,4,1732.89,0.24,0.18,6216.22,Net Banking,In-Store,EMP909,2,0,Express,4,USD
ORD130584,03-09-2024,BR2,UK,London,CUST7877,PROD500,Tablet,Lenovo Tab P11,Dell,3,1706.66,0.13,0.18,5256.17,Credit Card,In-Store,EMP405,2,1,Standard,3,GBP
ORD130585,17-03-2024,BR42,India,Bangalore,CUST4363,PROD271,Tablet,Lenovo Tab P11,Samsung,1,1329.57,0.19,0.18,1270.8,Net Banking,In-Store,EMP776,1,1,Same Day,8,USD
ORD130586,14-04-2024,BR17,UAE,Dubai,CUST8436,PROD275,Laptop,MacBook Air M2,Dell,5,501.19,0.02,0.18,2897.88,UPI,In-Store,EMP480,0,0,Standard,10,USD
ORD130587,06-11-2023,BR53,India,Mumbai,CUST4632,PROD731,TV,LG OLED 48,Lenovo,4,817.6,0.04,0.18,3704.71,Cash,Online,EMP939,1,1,Express,7,EUR
ORD130588,05-11-2024,BR109,India,Pune,CUST2870,PROD456,Laptop,HP Spectre x360,Dell,4,1616.54,0.24,0.18,5798.85,UPI,In-Store,EMP596,0,0,Express,2,EUR
ORD130589,01-02-2023,BR100,UK,London,CUST6934,PROD566,Laptop,Dell XPS 13,Samsung,3,768.2,0.15,0.18,2311.51,Credit Card,In-Store,EMP346,0,1,Standard,1,INR
ORD130590,21-02-2023,BR87,UK,London,CUST5930,PROD901,Accessories,Wireless Mouse,Apple,4,733.69,0.03,0.18,3359.13,Credit Card,Online,EMP810,3,0,Standard,2,EUR
ORD130591,23-01-2023,BR1,Germany,Hamburg,CUST6842,PROD626,TV,Samsung QLED 50,Dell,3,1897.62,0.26,0.18,4971.01,Credit Card,In-Store,EMP492,1,1,Express,2,EUR
ORD130592,12-10-2024,BR69,UK,Birmingham,CUST2101,PROD979,TV,Sony Bravia 55,Lenovo,1,474.66,0.06,0.18,526.49,Net Banking,In-Store,EMP480,1,0,Express,9,GBP
ORD130593,11-01-2024,BR97,UAE,Dubai,CUST7024,PROD729,Accessories,Wireless Mouse,Dell,1,756.49,0.05,0.18,848.03,UPI,Online,EMP454,3,0,Same Day,5,GBP
ORD130594,16-08-2023,BR60,Germany,Hamburg,CUST8106,PROD782,Tablet,iPad Air,Apple,1,759.69,0.01,0.18,887.47,Cash,In-Store,EMP257,0,0,Standard,8,INR
ORD130595,05-01-2024,BR75,USA,Chicago,CUST4192,PROD302,Accessories,Wireless Mouse,OnePlus,4,1070.65,0.07,0.18,4699.73,Credit Card,Online,EMP726,0,1,Same Day,8,GBP
ORD130596,13-06-2023,BR71,USA,Los Angeles,CUST2352,PROD197,Laptop,Dell XPS 13,OnePlus,3,1892.29,0.09,0.18,6095.82,Debit Card,Online,EMP503,1,1,Standard,8,USD
ORD130597,26-06-2024,BR119,India,Mumbai,CUST8911,PROD557,TV,Samsung QLED 50,Lenovo,3,739.97,0.25,0.18,1964.62,Credit Card,In-Store,EMP250,1,0,Standard,1,USD
ORD130598,10-01-2023,BR73,UK,Manchester,CUST5593,PROD844,Mobile,Samsung Galaxy S23,Sony,2,58.43,0.04,0.18,132.38,Cash,Online,EMP846,2,0,Standard,2,INR
ORD130599,02-11-2024,BR84,UK,Manchester,CUST9145,PROD907,Accessories,Wireless Mouse,Lenovo,1,683.2,0.25,0.18,604.63,Cash,Online,EMP872,3,1,Express,2,GBP
ORD130600,20-05-2023,BR45,USA,Dallas,CUST9303,PROD227,Accessories,Keyboard,Lenovo,5,1246.23,0.03,0.18,7132.17,UPI,In-Store,EMP456,2,0,Standard,10,EUR
ORD130601,29-01-2023,BR60,UK,Birmingham,CUST4351,PROD488,Mobile,iPhone 14,Apple,3,1258.95,0.13,0.18,3877.31,Debit Card,In-Store,EMP532,2,0,Express,3,INR
ORD130602,25-04-2024,BR110,UAE,Dubai,CUST9353,PROD764,TV,LG OLED 48,Samsung,5,349.06,0.19,0.18,1668.16,Cash,In-Store,EMP231,2,1,Standard,8,EUR
ORD130603,27-04-2023,BR12,UK,London,CUST6890,PROD640,TV,Sony Bravia 55,OnePlus,1,919.61,0.18,0.18,889.81,Cash,Online,EMP986,3,1,Standard,9,INR
ORD130604,14-05-2023,BR15,India,Mumbai,CUST5381,PROD923,Tablet,Samsung Galaxy Tab,Samsung,1,394.47,0.28,0.18,335.14,Cash,Online,EMP255,1,0,Standard,1,AED
ORD130605,14-03-2023,BR102,Germany,Munich,CUST3391,PROD403,Mobile,Samsung Galaxy S23,Samsung,2,1849.99,0.14,0.18,3754.74,Credit Card,In-Store,EMP858,0,1,Same Day,8,AED
ORD130606,25-09-2023,BR27,UK,Birmingham,CUST6079,PROD329,Mobile,Samsung Galaxy S23,HP,2,1026.7,0.23,0.18,1865.72,Net Banking,Online,EMP903,1,0,Express,7,INR
ORD130607,28-10-2024,BR85,UK,Birmingham,CUST3593,PROD845,Mobile,Samsung Galaxy S23,Dell,1,733.61,0.27,0.18,631.93,UPI,Online,EMP203,2,0,Same Day,6,GBP
ORD130608,31-01-2023,BR115,India,Bangalore,CUST7978,PROD517,TV,LG OLED 48,HP,3,347.46,0.13,0.18,1070.11,Credit Card,In-Store,EMP876,2,1,Same Day,10,GBP
ORD130609,17-03-2024,BR4,India,Mumbai,CUST4381,PROD798,Accessories,Bluetooth Headphones,HP,2,175.47,0.29,0.18,294.02,Net Banking,In-Store,EMP347,1,1,Same Day,3,INR
ORD130610,27-04-2024,BR103,UK,Manchester,CUST9964,PROD264,Tablet,Lenovo Tab P11,OnePlus,5,1341.91,0.11,0.18,7046.37,Net Banking,Online,EMP419,1,0,Standard,6,AED
ORD130611,21-02-2024,BR99,India,Delhi,CUST1127,PROD220,Laptop,Dell XPS 13,Sony,2,1467.23,0.05,0.18,3289.53,Credit Card,In-Store,EMP991,0,1,Express,2,USD
ORD130612,06-08-2024,BR44,USA,Chicago,CUST7654,PROD554,Accessories,Keyboard,Lenovo,4,1805.74,0.24,0.18,6477.55,UPI,In-Store,EMP814,1,1,Express,10,EUR
ORD130613,12-12-2024,BR66,India,Pune,CUST1945,PROD420,Tablet,iPad Air,Sony,3,1058.58,0.21,0.18,2960.42,Cash,In-Store,EMP382,3,1,Standard,8,EUR
ORD130614,11-08-2024,BR61,UAE,Abu Dhabi,CUST2917,PROD205,Mobile,OnePlus 11,HP,4,145.49,0.06,0.18,645.51,Net Banking,Online,EMP517,2,0,Standard,2,USD
ORD130615,04-06-2024,BR29,UK,Birmingham,CUST7565,PROD730,Accessories,Wireless Mouse,Apple,3,564.61,0.13,0.18,1738.89,Net Banking,Online,EMP759,1,0,Express,9,INR
ORD130616,06-03-2024,BR39,UAE,Dubai,CUST3420,PROD546,Mobile,OnePlus 11,LG,3,1585.26,0.2,0.18,4489.46,Net Banking,In-Store,EMP421,0,0,Express,7,EUR
ORD130617,13-05-2023,BR80,UK,London,CUST6867,PROD201,Laptop,Dell XPS 13,Samsung,2,1111.77,0.05,0.18,2492.59,Credit Card,Online,EMP872,2,1,Same Day,4,INR
ORD130618,05-04-2023,BR113,UK,Birmingham,CUST8715,PROD792,Accessories,Wireless Mouse,Apple,4,1606.41,0.21,0.18,5989.98,Credit Card,Online,EMP296,1,0,Same Day,1,AED
ORD130619,31-12-2024,BR71,India,Mumbai,CUST6783,PROD275,TV,LG OLED 48,Lenovo,3,1294.07,0.09,0.18,4168.72,Debit Card,In-Store,EMP541,3,1,Standard,3,INR
ORD130620,17-10-2023,BR96,USA,Dallas,CUST5012,PROD181,TV,Samsung QLED 50,Dell,4,791.9,0.15,0.18,3177.1,Net Banking,Online,EMP278,3,1,Standard,1,AED
ORD130621,26-10-2024,BR32,Germany,Hamburg,CUST1335,PROD687,Laptop,MacBook Air M2,Sony,1,903.71,0.03,0.18,1034.39,Credit Card,Online,EMP239,3,0,Same Day,9,EUR
ORD130622,04-02-2024,BR98,Germany,Munich,CUST4369,PROD397,Tablet,iPad Air,OnePlus,5,626.76,0.18,0.18,3032.26,Net Banking,Online,EMP750,3,0,Same Day,8,GBP
ORD130623,13-08-2024,BR47,Germany,Berlin,CUST9790,PROD329,Laptop,MacBook Air M2,Dell,5,553.32,0.25,0.18,2448.44,UPI,Online,EMP274,1,0,Standard,10,EUR
ORD130624,31-08-2023,BR103,USA,New York,CUST8242,PROD301,Accessories,Wireless Mouse,HP,2,314.94,0.23,0.18,572.31,Credit Card,In-Store,EMP853,0,1,Express,4,GBP
ORD130625,11-03-2024,BR54,Germany,Hamburg,CUST5140,PROD982,Mobile,OnePlus 11,Apple,1,1055.98,0.13,0.18,1084.07,UPI,In-Store,EMP918,0,0,Express,4,GBP
ORD130626,26-01-2023,BR95,USA,Dallas,CUST5542,PROD195,Tablet,iPad Air,LG,2,1144.94,0.1,0.18,2431.85,UPI,In-Store,EMP983,3,0,Standard,2,EUR
ORD130627,09-10-2024,BR27,India,Mumbai,CUST8725,PROD188,Laptop,MacBook Air M2,Sony,3,1877.18,0.09,0.18,6047.15,UPI,In-Store,EMP242,0,0,Express,3,USD
ORD130628,20-02-2023,BR97,India,Mumbai,CUST8775,PROD571,Accessories,Wireless Mouse,Sony,3,1027.78,0.29,0.18,2583.22,Debit Card,In-Store,EMP514,2,0,Express,4,GBP
ORD130629,18-02-2023,BR100,UK,Birmingham,CUST9240,PROD295,Tablet,Samsung Galaxy Tab,Dell,5,1596.87,0.28,0.18,6783.5,Net Banking,In-Store,EMP507,0,1,Same Day,9,AED
ORD130630,09-06-2023,BR98,India,Bangalore,CUST5312,PROD598,Accessories,Keyboard,LG,4,1728.47,0.04,0.18,7832.04,Cash,In-Store,EMP992,0,1,Standard,1,USD
ORD130631,28-04-2023,BR78,UAE,Abu Dhabi,CUST2880,PROD238,Laptop,Dell XPS 13,HP,2,88.58,0.22,0.18,163.06,UPI,Online,EMP564,1,0,Express,10,GBP
ORD130632,18-08-2023,BR56,India,Pune,CUST3308,PROD886,Laptop,Dell XPS 13,LG,4,298.75,0.12,0.18,1240.89,Net Banking,In-Store,EMP984,0,1,Same Day,5,USD
ORD130633,14-12-2024,BR97,UAE,Dubai,CUST5442,PROD739,Laptop,Dell XPS 13,Lenovo,5,462.62,0.14,0.18,2347.33,Credit Card,Online,EMP625,3,1,Express,3,INR
ORD130634,19-01-2024,BR25,UAE,Dubai,CUST1655,PROD747,TV,Sony Bravia 55,HP,4,404.09,0.03,0.18,1850.09,Debit Card,Online,EMP864,3,0,Express,4,USD
ORD130635,10-12-2023,BR96,UK,Manchester,CUST2535,PROD504,Laptop,Dell XPS 13,Lenovo,4,1574.46,0.3,0.18,5202.02,Net Banking,Online,EMP616,0,0,Express,2,USD
ORD130636,23-03-2024,BR63,India,Mumbai,CUST6519,PROD674,Accessories,Wireless Mouse,Lenovo,1,899.5,0.14,0.18,912.81,UPI,Online,EMP634,3,0,Express,2,GBP
ORD130637,16-01-2023,BR96,UK,London,CUST6496,PROD881,Tablet,Samsung Galaxy Tab,Samsung,2,1337.31,0.08,0.18,2903.57,Debit Card,Online,EMP715,2,1,Standard,9,USD
ORD130638,28-12-2024,BR98,Germany,Berlin,CUST4411,PROD687,Accessories,Keyboard,Lenovo,3,1744.31,0.01,0.18,6113.11,Debit Card,In-Store,EMP799,3,1,Express,7,USD
ORD130639,02-06-2023,BR35,UK,Manchester,CUST1882,PROD582,Laptop,HP Spectre x360,Dell,2,589.34,0.3,0.18,973.59,Cash,In-Store,EMP388,1,0,Standard,9,USD
ORD130640,11-07-2023,BR56,India,Pune,CUST5708,PROD540,Accessories,Keyboard,Sony,3,1560.86,0.24,0.18,4199.34,Cash,Online,EMP250,0,1,Standard,4,EUR
ORD130641,08-05-2023,BR29,Germany,Munich,CUST5053,PROD783,Accessories,Bluetooth Headphones,Samsung,3,379.51,0.27,0.18,980.73,Net Banking,In-Store,EMP416,0,1,Express,4,INR
ORD130642,19-12-2023,BR53,USA,Los Angeles,CUST9874,PROD658,Accessories,Keyboard,LG,1,1521.8,0.27,0.18,1310.88,Credit Card,Online,EMP862,1,1,Same Day,4,AED
ORD130643,17-01-2023,BR7,India,Mumbai,CUST1292,PROD182,TV,Samsung QLED 50,OnePlus,3,955.44,0.12,0.18,2976.39,UPI,In-Store,EMP985,2,0,Same Day,10,AED
ORD130644,15-08-2024,BR96,UK,Birmingham,CUST7885,PROD251,Laptop,Dell XPS 13,Sony,4,311.65,0.29,0.18,1044.4,Credit Card,In-Store,EMP663,2,0,Standard,5,GBP
ORD130645,17-03-2023,BR32,USA,New York,CUST3090,PROD791,TV,Sony Bravia 55,OnePlus,1,1892.02,0.14,0.18,1920.02,UPI,Online,EMP782,2,1,Express,4,EUR
ORD130646,26-03-2023,BR19,USA,Chicago,CUST3306,PROD449,Accessories,Wireless Mouse,OnePlus,4,1959.58,0.03,0.18,8971.74,Cash,Online,EMP895,0,1,Same Day,6,INR
ORD130647,28-05-2023,BR26,UK,Birmingham,CUST9113,PROD397,Accessories,Wireless Mouse,HP,3,871.39,0.15,0.18,2622.01,Credit Card,Online,EMP742,0,0,Same Day,4,INR
ORD130648,17-01-2024,BR4,India,Delhi,CUST9810,PROD429,Mobile,OnePlus 11,Apple,1,234.1,0.25,0.18,207.18,Net Banking,Online,EMP555,1,0,Express,3,AED
ORD130649,01-03-2023,BR9,Germany,Hamburg,CUST1435,PROD864,Mobile,Samsung Galaxy S23,Dell,4,588.64,0.15,0.18,2361.62,UPI,Online,EMP594,1,0,Standard,1,INR
ORD130650,19-01-2024,BR2,Germany,Munich,CUST8556,PROD158,Tablet,Samsung Galaxy Tab,Lenovo,1,1631.1,0.12,0.18,1693.73,Net Banking,Online,EMP658,3,1,Standard,7,GBP
ORD130651,17-09-2024,BR93,Germany,Munich,CUST5090,PROD223,Accessories,Keyboard,Lenovo,1,177.96,0.09,0.18,191.09,Credit Card,Online,EMP514,3,1,Standard,7,EUR
ORD130652,22-01-2024,BR91,UAE,Dubai,CUST2716,PROD778,TV,Sony Bravia 55,OnePlus,2,1071.38,0.25,0.18,1896.34,UPI,Online,EMP995,1,1,Same Day,9,EUR
ORD130653,08-04-2024,BR39,India,Delhi,CUST6090,PROD337,Laptop,MacBook Air M2,Lenovo,5,701.06,0.25,0.18,3102.19,Debit Card,In-Store,EMP316,1,1,Standard,10,EUR
ORD130654,25-05-2023,BR46,Germany,Berlin,CUST3314,PROD870,TV,LG OLED 48,Sony,5,1734.68,0.18,0.18,8392.38,Cash,In-Store,EMP886,3,0,Standard,1,INR
ORD130655,13-04-2024,BR41,UK,Birmingham,CUST8832,PROD752,TV,LG OLED 48,Dell,3,1416.78,0.23,0.18,3861.86,Cash,In-Store,EMP626,2,1,Standard,9,GBP
ORD130656,05-12-2024,BR108,UAE,Dubai,CUST5664,PROD386,Mobile,iPhone 14,HP,4,123.18,0.29,0.18,412.8,Cash,Online,EMP484,2,1,Standard,2,INR
ORD130657,15-09-2024,BR40,USA,New York,CUST9940,PROD233,Tablet,Lenovo Tab P11,Apple,5,301.78,0.02,0.18,1744.89,Credit Card,Online,EMP933,2,1,Same Day,1,AED
ORD130658,18-04-2023,BR76,UAE,Dubai,CUST1882,PROD235,Accessories,Wireless Mouse,Samsung,5,1410.95,0.04,0.18,7991.62,Debit Card,In-Store,EMP611,0,1,Standard,7,AED
ORD130659,20-10-2023,BR42,Germany,Hamburg,CUST6506,PROD400,Laptop,MacBook Air M2,Samsung,5,899.76,0.15,0.18,4512.3,Debit Card,Online,EMP305,1,0,Same Day,9,INR
ORD130660,04-03-2023,BR13,Germany,Munich,CUST1430,PROD565,Accessories,Keyboard,HP,1,1573.99,0.03,0.18,1801.59,Net Banking,In-Store,EMP308,1,1,Same Day,4,GBP
ORD130661,12-04-2023,BR76,India,Pune,CUST4068,PROD773,Laptop,MacBook Air M2,Apple,5,284.01,0.14,0.18,1441.07,Credit Card,Online,EMP514,2,1,Standard,3,USD
ORD130662,19-05-2024,BR7,USA,Los Angeles,CUST6567,PROD847,Accessories,Wireless Mouse,OnePlus,1,1041.14,0.28,0.18,884.55,Cash,In-Store,EMP563,1,0,Standard,2,GBP
ORD130663,27-01-2024,BR13,UAE,Dubai,CUST7298,PROD696,Accessories,Wireless Mouse,Apple,4,282.91,0.27,0.18,974.79,UPI,In-Store,EMP695,2,1,Standard,10,AED
ORD130664,25-12-2024,BR18,UK,Manchester,CUST9848,PROD339,Mobile,iPhone 14,LG,4,517.03,0.24,0.18,1854.69,Net Banking,In-Store,EMP633,3,0,Standard,5,AED
ORD130665,13-10-2024,BR82,UAE,Abu Dhabi,CUST6073,PROD406,Tablet,iPad Air,Apple,1,233.21,0.13,0.18,239.41,UPI,In-Store,EMP869,3,1,Standard,10,INR
ORD130666,30-09-2023,BR95,UK,Manchester,CUST1196,PROD663,Laptop,MacBook Air M2,Dell,1,397.93,0.27,0.18,342.78,Credit Card,In-Store,EMP493,1,1,Standard,5,AED
ORD130667,12-12-2024,BR13,Germany,Hamburg,CUST1131,PROD713,Mobile,OnePlus 11,Lenovo,3,447.22,0.26,0.18,1171.54,Cash,In-Store,EMP815,1,1,Express,9,AED
ORD130668,02-07-2023,BR119,Germany,Munich,CUST6680,PROD693,Laptop,Dell XPS 13,Sony,4,1017.5,0.06,0.18,4514.44,Debit Card,Online,EMP825,2,1,Same Day,2,GBP
ORD130669,30-03-2023,BR108,USA,Dallas,CUST4255,PROD312,Mobile,OnePlus 11,OnePlus,5,59.23,0.19,0.18,283.06,Credit Card,Online,EMP319,2,1,Same Day,5,USD
ORD130670,02-04-2024,BR108,Germany,Berlin,CUST2653,PROD117,Accessories,Wireless Mouse,Lenovo,5,1800.18,0.29,0.18,7540.95,Cash,Online,EMP316,3,0,Standard,5,USD
ORD130671,25-11-2024,BR115,Germany,Munich,CUST6261,PROD395,Laptop,Dell XPS 13,Sony,4,1067.59,0.11,0.18,4484.73,Debit Card,In-Store,EMP824,2,0,Standard,6,AED
ORD130672,08-01-2024,BR116,USA,Los Angeles,CUST5987,PROD817,Tablet,Lenovo Tab P11,Samsung,4,1794.69,0.06,0.18,7962.68,Cash,Online,EMP716,2,0,Standard,9,EUR
ORD130673,24-11-2024,BR86,UK,London,CUST8331,PROD156,Accessories,Wireless Mouse,Lenovo,2,404.01,0.3,0.18,667.42,Debit Card,In-Store,EMP644,0,1,Same Day,3,EUR
ORD130674,26-09-2023,BR100,UAE,Abu Dhabi,CUST3486,PROD921,TV,Sony Bravia 55,OnePlus,1,763.72,0.14,0.18,775.02,Cash,In-Store,EMP696,3,1,Standard,1,AED
ORD130675,09-05-2024,BR67,USA,Chicago,CUST7494,PROD980,Mobile,iPhone 14,HP,5,839.33,0.11,0.18,4407.32,Net Banking,Online,EMP243,1,1,Same Day,6,INR
ORD130676,10-05-2024,BR103,USA,New York,CUST5750,PROD270,Tablet,iPad Air,HP,2,1350.03,0.28,0.18,2293.97,Credit Card,In-Store,EMP471,2,0,Same Day,1,INR
ORD130677,16-01-2024,BR20,UAE,Abu Dhabi,CUST8859,PROD383,Mobile,OnePlus 11,Apple,4,1838.51,0.3,0.18,6074.44,Credit Card,Online,EMP372,2,1,Same Day,5,AED
ORD130678,25-08-2023,BR13,Germany,Hamburg,CUST3050,PROD168,Mobile,iPhone 14,HP,3,195.19,0.25,0.18,518.23,Debit Card,In-Store,EMP917,2,0,Express,2,USD
ORD130679,27-02-2024,BR15,USA,New York,CUST3262,PROD731,Accessories,Keyboard,Apple,1,1193.67,0.27,0.18,1028.23,Credit Card,In-Store,EMP237,2,1,Express,9,USD
ORD130680,26-06-2023,BR97,USA,Dallas,CUST9002,PROD377,Accessories,Bluetooth Headphones,HP,4,1861.93,0.23,0.18,6767,UPI,In-Store,EMP952,0,0,Standard,10,AED
ORD130681,23-10-2023,BR30,UK,Birmingham,CUST3356,PROD722,Mobile,OnePlus 11,Lenovo,1,415.09,0.15,0.18,416.34,Credit Card,Online,EMP411,0,1,Express,10,GBP
ORD130682,18-09-2023,BR87,UK,Manchester,CUST2342,PROD904,Accessories,Bluetooth Headphones,Sony,5,1254.61,0.15,0.18,6291.87,Debit Card,In-Store,EMP935,0,0,Same Day,1,USD
ORD130683,27-06-2024,BR43,India,Mumbai,CUST4442,PROD815,Tablet,Lenovo Tab P11,OnePlus,5,690.51,0.01,0.18,4033.27,Debit Card,Online,EMP404,3,1,Same Day,10,EUR
ORD130684,11-11-2023,BR21,UAE,Dubai,CUST7598,PROD103,Tablet,Samsung Galaxy Tab,OnePlus,2,1512.16,0.2,0.18,2854.96,Net Banking,Online,EMP536,1,0,Standard,8,GBP
ORD130685,23-05-2024,BR51,UK,Manchester,CUST8232,PROD659,Laptop,Dell XPS 13,LG,1,1256.55,0.26,0.18,1097.22,UPI,In-Store,EMP775,0,1,Same Day,8,INR
ORD130686,31-05-2023,BR119,Germany,Munich,CUST1393,PROD391,TV,LG OLED 48,OnePlus,2,1570.83,0.11,0.18,3299.37,UPI,Online,EMP744,0,0,Same Day,6,AED
ORD130687,26-04-2023,BR64,USA,Dallas,CUST3544,PROD881,Tablet,Lenovo Tab P11,Apple,1,1799.39,0.19,0.18,1719.86,Debit Card,Online,EMP998,1,1,Standard,5,GBP
ORD130688,31-10-2023,BR96,India,Pune,CUST7648,PROD950,Accessories,Keyboard,HP,5,836.95,0.07,0.18,4592.34,Net Banking,Online,EMP239,0,0,Same Day,10,EUR
ORD130689,24-10-2023,BR35,Germany,Munich,CUST5992,PROD957,Tablet,Samsung Galaxy Tab,HP,1,1223.43,0.06,0.18,1357.03,Credit Card,Online,EMP951,1,1,Standard,9,EUR
ORD130690,09-08-2024,BR84,UK,Manchester,CUST4687,PROD518,Mobile,iPhone 14,OnePlus,4,767.59,0.06,0.18,3405.64,Net Banking,Online,EMP397,2,0,Standard,3,EUR
ORD130691,09-12-2024,BR62,USA,Dallas,CUST5564,PROD152,Accessories,Bluetooth Headphones,Apple,3,537.41,0.24,0.18,1445.85,Net Banking,Online,EMP312,0,0,Same Day,3,USD
ORD130692,01-11-2023,BR109,USA,New York,CUST1409,PROD191,TV,Samsung QLED 50,Samsung,3,939.69,0.16,0.18,2794.26,UPI,Online,EMP869,0,0,Express,5,USD
ORD130693,21-12-2024,BR79,USA,Dallas,CUST5201,PROD892,Tablet,iPad Air,OnePlus,4,486.52,0.15,0.18,1951.92,UPI,Online,EMP801,3,0,Standard,3,AED
ORD130694,13-05-2024,BR96,India,Bangalore,CUST2881,PROD926,TV,Samsung QLED 50,Dell,4,532.79,0.12,0.18,2213,Cash,In-Store,EMP738,2,0,Express,4,INR
ORD130695,16-08-2024,BR103,USA,New York,CUST4954,PROD633,Mobile,Samsung Galaxy S23,OnePlus,4,64.49,0.09,0.18,277,UPI,In-Store,EMP531,2,0,Express,1,EUR
ORD130696,09-01-2023,BR112,India,Delhi,CUST2686,PROD679,Accessories,Bluetooth Headphones,Samsung,5,444.01,0.2,0.18,2095.73,UPI,In-Store,EMP998,2,1,Express,5,EUR
ORD130697,09-05-2024,BR5,India,Bangalore,CUST8664,PROD155,Accessories,Keyboard,LG,3,68.4,0.19,0.18,196.13,Credit Card,Online,EMP843,3,1,Express,8,AED
ORD130698,11-06-2023,BR92,UAE,Abu Dhabi,CUST2259,PROD725,TV,LG OLED 48,Samsung,5,1259.28,0.17,0.18,6166.69,Net Banking,In-Store,EMP933,1,1,Standard,6,EUR
ORD130699,17-11-2024,BR15,UK,Birmingham,CUST4066,PROD134,TV,Samsung QLED 50,Samsung,2,1964.3,0.03,0.18,4496.68,Debit Card,In-Store,EMP585,0,0,Standard,10,INR
ORD130700,10-11-2024,BR85,USA,Chicago,CUST9588,PROD384,Mobile,OnePlus 11,LG,4,1907.05,0.23,0.18,6930.98,UPI,Online,EMP415,3,0,Express,5,USD
ORD130701,12-01-2024,BR116,UK,Birmingham,CUST1992,PROD347,TV,Sony Bravia 55,HP,3,775,0.28,0.18,1975.32,Credit Card,Online,EMP506,3,0,Same Day,7,EUR
ORD130702,11-12-2024,BR52,India,Mumbai,CUST8676,PROD203,Accessories,Bluetooth Headphones,LG,2,79.52,0.14,0.18,161.39,Credit Card,In-Store,EMP909,2,0,Same Day,6,GBP
ORD130703,26-03-2024,BR8,Germany,Munich,CUST5009,PROD327,TV,Samsung QLED 50,Dell,2,612.73,0.16,0.18,1214.68,Debit Card,In-Store,EMP821,2,1,Express,4,GBP
ORD130704,07-03-2024,BR76,UK,Manchester,CUST8962,PROD545,TV,LG OLED 48,Sony,1,1402.54,0.1,0.18,1489.5,Credit Card,In-Store,EMP652,0,0,Same Day,4,AED
ORD130705,14-08-2024,BR50,Germany,Munich,CUST7062,PROD317,TV,LG OLED 48,LG,5,1413.72,0.24,0.18,6339.12,Debit Card,In-Store,EMP567,2,0,Same Day,6,AED
ORD130706,01-05-2024,BR71,USA,New York,CUST2925,PROD154,Tablet,iPad Air,Apple,1,124.07,0.17,0.18,121.51,Net Banking,Online,EMP452,1,0,Express,5,INR
ORD130707,24-03-2024,BR61,UAE,Abu Dhabi,CUST9457,PROD181,Mobile,iPhone 14,Lenovo,2,1184.89,0.29,0.18,1985.4,Credit Card,In-Store,EMP329,1,0,Same Day,6,INR
ORD130708,20-09-2023,BR66,UK,London,CUST9875,PROD147,Tablet,Lenovo Tab P11,HP,1,1082.84,0.11,0.18,1137.2,Debit Card,In-Store,EMP533,2,1,Express,10,USD
ORD130709,16-06-2024,BR104,USA,Chicago,CUST2295,PROD684,Accessories,Wireless Mouse,Apple,4,1267.39,0.06,0.18,5623.16,UPI,In-Store,EMP624,2,0,Express,2,AED
ORD130710,21-09-2023,BR30,Germany,Hamburg,CUST7821,PROD451,Accessories,Keyboard,OnePlus,2,1315.09,0.05,0.18,2948.43,Debit Card,In-Store,EMP964,2,1,Express,3,INR
ORD130711,11-02-2024,BR76,India,Pune,CUST4673,PROD843,Tablet,Samsung Galaxy Tab,Lenovo,4,568.7,0.21,0.18,2120.57,Net Banking,In-Store,EMP346,3,0,Express,3,AED
ORD130712,26-01-2024,BR39,Germany,Munich,CUST7059,PROD975,TV,LG OLED 48,Samsung,4,1329.3,0.18,0.18,5144.92,Cash,Online,EMP933,0,1,Express,5,INR
ORD130713,22-11-2024,BR66,UK,London,CUST4633,PROD343,Laptop,HP Spectre x360,OnePlus,2,899.04,0.08,0.18,1952,Net Banking,Online,EMP784,1,1,Standard,9,EUR
ORD130714,18-01-2024,BR107,USA,New York,CUST6026,PROD625,Mobile,OnePlus 11,Apple,1,139.46,0.08,0.18,151.4,Credit Card,In-Store,EMP437,2,1,Standard,10,INR
ORD130715,30-10-2024,BR68,India,Bangalore,CUST2636,PROD652,Mobile,iPhone 14,Lenovo,4,1111.4,0.03,0.18,5088.43,Credit Card,Online,EMP352,0,0,Express,7,EUR
ORD130716,28-09-2023,BR101,Germany,Munich,CUST1850,PROD648,Accessories,Bluetooth Headphones,HP,3,253.84,0.29,0.18,638,Net Banking,In-Store,EMP687,0,0,Same Day,7,INR
ORD130717,30-10-2023,BR73,USA,New York,CUST1922,PROD192,Tablet,Lenovo Tab P11,Dell,5,1067.67,0.09,0.18,5732.32,Cash,Online,EMP300,1,1,Express,10,GBP
ORD130718,21-05-2024,BR35,UK,Birmingham,CUST1437,PROD775,Mobile,OnePlus 11,OnePlus,4,1453.73,0.09,0.18,6244.06,Debit Card,Online,EMP851,0,1,Express,4,INR
ORD130719,21-08-2023,BR41,UAE,Dubai,CUST6355,PROD744,Tablet,Samsung Galaxy Tab,Apple,4,899.37,0.17,0.18,3523.37,Credit Card,Online,EMP386,0,1,Express,4,GBP
ORD130720,08-02-2024,BR96,USA,Los Angeles,CUST6632,PROD535,Accessories,Bluetooth Headphones,Dell,3,648.31,0.12,0.18,2019.62,Cash,In-Store,EMP324,1,1,Standard,7,INR
ORD130721,19-04-2023,BR102,UK,London,CUST2225,PROD777,Mobile,OnePlus 11,Sony,2,1809.06,0.28,0.18,3073.95,Net Banking,Online,EMP881,2,0,Standard,6,GBP
ORD130722,16-09-2024,BR92,India,Pune,CUST8020,PROD229,TV,Sony Bravia 55,Apple,5,484.57,0.09,0.18,2601.66,Cash,In-Store,EMP468,2,0,Standard,7,AED
ORD130723,03-04-2023,BR98,USA,Los Angeles,CUST4803,PROD439,Laptop,Dell XPS 13,LG,3,1702.13,0.25,0.18,4519.16,Net Banking,Online,EMP701,2,0,Same Day,6,EUR
ORD130724,12-10-2024,BR24,Germany,Hamburg,CUST2890,PROD691,Laptop,Dell XPS 13,Apple,2,1066.89,0.08,0.18,2316.43,Debit Card,Online,EMP377,0,0,Same Day,10,USD
ORD130725,29-11-2023,BR102,India,Mumbai,CUST6694,PROD948,Accessories,Wireless Mouse,LG,3,1371.16,0.17,0.18,4028.74,Cash,Online,EMP912,1,0,Standard,3,GBP
ORD130726,28-05-2024,BR93,India,Delhi,CUST7541,PROD546,Laptop,MacBook Air M2,HP,5,1101.83,0.26,0.18,4810.59,Debit Card,Online,EMP290,3,0,Standard,4,GBP
ORD130727,14-11-2024,BR94,Germany,Berlin,CUST5785,PROD473,Accessories,Keyboard,Dell,3,1148.98,0.15,0.18,3457.28,Debit Card,Online,EMP691,2,0,Express,8,AED
ORD130728,27-03-2024,BR13,USA,New York,CUST3783,PROD916,Mobile,iPhone 14,Dell,4,130.45,0.18,0.18,504.89,Debit Card,Online,EMP754,0,0,Same Day,2,EUR
ORD130729,19-06-2023,BR24,UK,Manchester,CUST1477,PROD236,Accessories,Keyboard,Dell,3,520,0.28,0.18,1325.38,Net Banking,In-Store,EMP742,2,1,Express,3,EUR
ORD130730,10-04-2024,BR52,India,Mumbai,CUST8976,PROD936,TV,LG OLED 48,HP,4,183.71,0.18,0.18,711.03,UPI,In-Store,EMP664,0,0,Standard,3,USD
ORD130731,17-09-2024,BR12,UAE,Abu Dhabi,CUST5504,PROD473,Tablet,Samsung Galaxy Tab,LG,1,1788.1,0.16,0.18,1772.36,Debit Card,Online,EMP559,0,0,Express,4,USD
ORD130732,26-08-2024,BR51,UAE,Abu Dhabi,CUST6840,PROD173,Accessories,Keyboard,Lenovo,3,1964.93,0.27,0.18,5077.77,Debit Card,In-Store,EMP724,1,1,Same Day,8,AED
ORD130733,24-08-2024,BR34,USA,New York,CUST2063,PROD126,Accessories,Bluetooth Headphones,HP,2,1221.14,0.1,0.18,2593.7,Debit Card,In-Store,EMP820,3,1,Standard,5,USD
ORD130734,29-08-2023,BR26,UAE,Dubai,CUST2847,PROD658,Tablet,Samsung Galaxy Tab,HP,1,974.19,0.16,0.18,965.62,Net Banking,In-Store,EMP680,3,0,Express,3,USD
ORD130735,08-04-2023,BR58,USA,Los Angeles,CUST8195,PROD653,Mobile,Samsung Galaxy S23,Dell,1,1628.56,0.11,0.18,1710.31,Debit Card,In-Store,EMP786,1,0,Same Day,4,EUR
ORD130736,30-03-2023,BR111,USA,Chicago,CUST1653,PROD383,TV,Sony Bravia 55,HP,4,554.31,0.19,0.18,2119.24,UPI,Online,EMP403,1,0,Express,3,INR
ORD130737,15-07-2023,BR8,India,Mumbai,CUST6702,PROD221,Mobile,iPhone 14,OnePlus,1,1921.26,0.13,0.18,1972.37,Net Banking,Online,EMP448,1,1,Standard,1,USD
ORD130738,17-07-2024,BR68,India,Bangalore,CUST3020,PROD790,TV,LG OLED 48,Samsung,5,221.15,0.26,0.18,965.54,Net Banking,Online,EMP705,2,0,Express,5,USD
ORD130739,15-07-2023,BR120,Germany,Munich,CUST5084,PROD671,TV,LG OLED 48,Lenovo,5,561.01,0.28,0.18,2383.17,Debit Card,Online,EMP900,0,1,Same Day,4,AED
ORD130740,18-07-2023,BR91,UAE,Dubai,CUST6096,PROD329,TV,Samsung QLED 50,Samsung,5,1526.02,0.19,0.18,7292.85,Credit Card,In-Store,EMP250,0,1,Standard,5,INR
ORD130741,01-10-2023,BR71,Germany,Munich,CUST6325,PROD806,Accessories,Wireless Mouse,HP,1,551.46,0,0.18,650.72,UPI,In-Store,EMP562,0,1,Express,1,AED
ORD130742,17-01-2023,BR107,USA,New York,CUST9867,PROD785,Tablet,Lenovo Tab P11,LG,2,1189.48,0.13,0.18,2442.24,UPI,Online,EMP453,1,1,Same Day,2,USD
ORD130743,18-01-2023,BR28,USA,Los Angeles,CUST8932,PROD862,Tablet,Lenovo Tab P11,Dell,2,834.46,0.22,0.18,1536.07,Credit Card,Online,EMP615,0,1,Standard,3,INR
ORD130744,29-08-2024,BR93,UK,Manchester,CUST2449,PROD801,TV,LG OLED 48,Samsung,2,1870.7,0.09,0.18,4017.52,Cash,In-Store,EMP691,3,0,Express,6,AED
ORD130745,28-11-2024,BR54,UAE,Dubai,CUST6136,PROD189,Laptop,MacBook Air M2,Sony,2,610.01,0.03,0.18,1396.43,UPI,In-Store,EMP431,2,0,Express,6,INR
ORD130746,27-02-2023,BR91,India,Bangalore,CUST4894,PROD115,Accessories,Bluetooth Headphones,OnePlus,3,1150.44,0.12,0.18,3583.85,Net Banking,Online,EMP474,2,1,Same Day,9,GBP
ORD130747,25-06-2023,BR112,UAE,Abu Dhabi,CUST6306,PROD686,Accessories,Bluetooth Headphones,Dell,4,1833.43,0.16,0.18,7269.18,UPI,Online,EMP257,2,1,Express,6,INR
ORD130748,12-09-2024,BR24,Germany,Hamburg,CUST3974,PROD884,Tablet,iPad Air,LG,5,405.48,0.2,0.18,1913.87,Debit Card,Online,EMP475,3,0,Same Day,9,GBP
ORD130749,16-09-2023,BR23,USA,Dallas,CUST4953,PROD574,Mobile,OnePlus 11,Sony,5,380.33,0.28,0.18,1615.64,Net Banking,Online,EMP787,3,0,Standard,3,USD
ORD130750,02-04-2024,BR53,UK,London,CUST1897,PROD682,Accessories,Bluetooth Headphones,Lenovo,5,605.11,0.17,0.18,2963.22,UPI,In-Store,EMP764,1,1,Same Day,6,AED
ORD130751,26-07-2024,BR114,UK,London,CUST1621,PROD430,Mobile,OnePlus 11,OnePlus,3,1825.63,0.12,0.18,5687.2,Credit Card,Online,EMP913,1,1,Express,4,INR
ORD130752,23-05-2024,BR11,UK,Manchester,CUST5343,PROD471,Mobile,OnePlus 11,LG,5,1458.64,0.21,0.18,6798.72,Net Banking,In-Store,EMP927,2,1,Same Day,2,INR
ORD130753,30-05-2023,BR15,UK,London,CUST8928,PROD988,Mobile,OnePlus 11,LG,3,695.17,0.14,0.18,2116.38,Credit Card,In-Store,EMP998,0,1,Express,2,GBP
ORD130754,10-05-2023,BR43,UK,Birmingham,CUST7580,PROD543,TV,Samsung QLED 50,Apple,2,1280.06,0.08,0.18,2779.27,Cash,In-Store,EMP680,2,1,Standard,5,INR
ORD130755,06-10-2023,BR94,UK,Manchester,CUST4469,PROD610,Mobile,Samsung Galaxy S23,Dell,3,1139.95,0.07,0.18,3752.94,Cash,In-Store,EMP964,0,0,Standard,4,GBP
ORD130756,20-01-2023,BR48,USA,Dallas,CUST8280,PROD751,TV,Sony Bravia 55,Dell,1,318.41,0.13,0.18,326.88,Net Banking,In-Store,EMP444,2,1,Same Day,7,INR
ORD130757,19-05-2024,BR72,India,Mumbai,CUST5153,PROD236,Accessories,Bluetooth Headphones,LG,1,452.16,0.22,0.18,416.17,Cash,In-Store,EMP856,3,1,Same Day,10,INR
ORD130758,01-05-2024,BR95,India,Mumbai,CUST2062,PROD604,Laptop,Dell XPS 13,Lenovo,5,1438.59,0.24,0.18,6450.64,Debit Card,Online,EMP470,0,0,Same Day,10,GBP
ORD130759,07-08-2024,BR56,India,Delhi,CUST3964,PROD177,Laptop,Dell XPS 13,HP,1,53.83,0.08,0.18,58.44,UPI,In-Store,EMP366,0,1,Same Day,3,GBP
ORD130760,29-04-2023,BR61,UAE,Dubai,CUST7516,PROD141,Tablet,Samsung Galaxy Tab,HP,1,1267.97,0.19,0.18,1211.93,Debit Card,In-Store,EMP350,3,1,Same Day,2,GBP
ORD130761,29-05-2024,BR31,Germany,Hamburg,CUST8775,PROD763,Accessories,Wireless Mouse,LG,3,888.89,0.05,0.18,2989.34,Credit Card,Online,EMP268,2,0,Standard,8,GBP
ORD130762,20-12-2024,BR78,USA,Chicago,CUST4465,PROD158,Tablet,Samsung Galaxy Tab,LG,5,1217.43,0.12,0.18,6320.9,Debit Card,Online,EMP372,1,1,Standard,2,EUR
ORD130763,22-01-2024,BR62,India,Bangalore,CUST6957,PROD750,TV,Samsung QLED 50,Lenovo,1,216.74,0.29,0.18,181.58,Debit Card,Online,EMP584,2,0,Express,6,INR
ORD130764,18-05-2023,BR115,UK,Birmingham,CUST7752,PROD855,Mobile,iPhone 14,OnePlus,1,1091.09,0.03,0.18,1248.86,Debit Card,In-Store,EMP402,3,0,Standard,7,EUR
ORD130765,26-07-2023,BR63,India,Bangalore,CUST9612,PROD499,Laptop,HP Spectre x360,HP,5,747.11,0.2,0.18,3526.36,Cash,In-Store,EMP935,1,0,Express,3,EUR
ORD130766,16-02-2023,BR5,USA,Los Angeles,CUST5619,PROD171,Accessories,Wireless Mouse,OnePlus,5,226,0.12,0.18,1173.39,Cash,Online,EMP768,3,0,Standard,8,EUR
ORD130767,19-03-2024,BR55,India,Delhi,CUST7816,PROD781,TV,Samsung QLED 50,Samsung,2,914.05,0.23,0.18,1661.01,UPI,In-Store,EMP356,2,1,Standard,1,GBP
ORD130768,27-05-2024,BR55,UAE,Dubai,CUST1495,PROD668,TV,LG OLED 48,Apple,2,334.9,0.3,0.18,553.25,UPI,In-Store,EMP413,0,0,Express,3,USD
ORD130769,19-07-2024,BR89,UK,London,CUST2925,PROD321,TV,Sony Bravia 55,LG,5,1781.5,0.16,0.18,8829.11,Credit Card,In-Store,EMP531,2,1,Standard,7,AED
ORD130770,29-06-2023,BR1,USA,New York,CUST3127,PROD263,Mobile,OnePlus 11,Apple,5,1784.09,0.17,0.18,8736.69,Credit Card,In-Store,EMP337,0,1,Express,10,GBP
ORD130771,12-08-2024,BR26,UAE,Dubai,CUST9628,PROD968,Laptop,MacBook Air M2,Lenovo,3,1239.51,0.26,0.18,3247.02,Cash,In-Store,EMP605,1,1,Standard,2,GBP
ORD130772,17-05-2023,BR42,UK,London,CUST4060,PROD769,Laptop,HP Spectre x360,Dell,4,1226.39,0.03,0.18,5614.9,UPI,Online,EMP947,3,1,Express,1,INR
ORD130773,16-01-2024,BR29,Germany,Hamburg,CUST2377,PROD433,Accessories,Bluetooth Headphones,Samsung,3,1840.15,0.05,0.18,6188.42,Cash,In-Store,EMP392,2,0,Express,1,AED
ORD130774,06-12-2023,BR82,UAE,Abu Dhabi,CUST7827,PROD255,TV,Samsung QLED 50,HP,5,920.8,0.09,0.18,4943.78,Cash,In-Store,EMP304,2,1,Express,10,AED
ORD130775,05-02-2023,BR31,Germany,Berlin,CUST4561,PROD929,TV,Sony Bravia 55,Sony,1,1997.62,0.13,0.18,2050.76,Net Banking,In-Store,EMP209,1,0,Same Day,7,GBP
ORD130776,30-09-2024,BR35,Germany,Hamburg,CUST5549,PROD385,Mobile,OnePlus 11,Apple,4,600.27,0.26,0.18,2096.62,UPI,Online,EMP854,1,0,Standard,2,AED
ORD130777,14-01-2024,BR43,UK,London,CUST2529,PROD636,Accessories,Bluetooth Headphones,OnePlus,5,1459.09,0.13,0.18,7489.51,Cash,In-Store,EMP534,1,0,Express,3,USD
ORD130778,22-10-2024,BR36,UK,Birmingham,CUST3509,PROD987,TV,Sony Bravia 55,Apple,2,169.54,0.04,0.18,384.11,Debit Card,Online,EMP334,3,0,Same Day,6,EUR
ORD130779,29-05-2023,BR50,USA,Chicago,CUST5374,PROD351,Mobile,iPhone 14,Sony,4,182.93,0.23,0.18,664.84,Net Banking,Online,EMP551,1,1,Standard,7,INR
ORD130780,12-09-2024,BR5,UK,Birmingham,CUST6876,PROD482,Laptop,HP Spectre x360,Lenovo,3,543.78,0.02,0.18,1886.48,Credit Card,In-Store,EMP903,1,0,Express,1,EUR
ORD130781,09-07-2024,BR14,India,Pune,CUST7395,PROD391,TV,Sony Bravia 55,Apple,4,1908.54,0.01,0.18,8918.23,Debit Card,In-Store,EMP836,3,1,Standard,4,USD
ORD130782,23-11-2024,BR52,Germany,Munich,CUST3415,PROD930,Laptop,Dell XPS 13,OnePlus,1,1390.04,0.07,0.18,1525.43,Net Banking,In-Store,EMP368,2,0,Express,9,EUR
ORD130783,24-07-2024,BR93,Germany,Berlin,CUST6382,PROD642,Tablet,iPad Air,Samsung,4,1907.37,0.16,0.18,7562.34,Net Banking,In-Store,EMP268,0,1,Standard,10,EUR
ORD130784,12-04-2023,BR53,Germany,Berlin,CUST2457,PROD290,Laptop,HP Spectre x360,LG,2,1181.49,0.12,0.18,2453.72,Cash,Online,EMP817,2,1,Same Day,10,INR
ORD130785,26-09-2023,BR66,USA,New York,CUST8358,PROD272,TV,Samsung QLED 50,Sony,5,1001.28,0.08,0.18,5434.95,UPI,Online,EMP621,0,0,Standard,9,GBP
ORD130786,14-01-2023,BR106,UK,London,CUST3829,PROD534,Mobile,iPhone 14,Samsung,1,1745.63,0.28,0.18,1483.09,Net Banking,In-Store,EMP869,1,1,Same Day,8,USD
ORD130787,30-05-2023,BR68,UAE,Dubai,CUST3436,PROD935,Laptop,HP Spectre x360,LG,5,1132.44,0.21,0.18,5278.3,UPI,Online,EMP818,1,0,Express,7,GBP
ORD130788,19-10-2023,BR16,India,Pune,CUST7412,PROD118,Laptop,MacBook Air M2,Samsung,5,463.59,0.15,0.18,2324.9,Cash,Online,EMP519,3,0,Standard,9,AED
ORD130789,12-07-2023,BR73,Germany,Munich,CUST3385,PROD947,Laptop,Dell XPS 13,Lenovo,5,1829.88,0.1,0.18,9716.66,UPI,Online,EMP785,1,0,Express,9,EUR
ORD130790,18-10-2023,BR81,UAE,Abu Dhabi,CUST2370,PROD921,Accessories,Keyboard,Lenovo,5,1674.44,0.05,0.18,9385.24,Net Banking,In-Store,EMP999,2,1,Express,7,EUR
ORD130791,12-10-2024,BR50,UAE,Abu Dhabi,CUST5207,PROD273,Accessories,Wireless Mouse,Apple,1,1152.13,0.14,0.18,1169.18,Net Banking,In-Store,EMP460,3,1,Same Day,6,INR
ORD130792,19-09-2023,BR73,UK,Birmingham,CUST1882,PROD960,Tablet,iPad Air,Dell,4,525.79,0.08,0.18,2283.19,Net Banking,Online,EMP899,2,1,Standard,4,USD
ORD130793,04-11-2024,BR26,UK,Manchester,CUST8336,PROD232,Tablet,iPad Air,Lenovo,4,1893.81,0.15,0.18,7597.97,Cash,In-Store,EMP756,3,1,Express,6,EUR
ORD130794,22-08-2024,BR36,Germany,Berlin,CUST4980,PROD302,Accessories,Bluetooth Headphones,Dell,1,592.99,0.06,0.18,657.74,UPI,Online,EMP309,2,1,Express,5,GBP
ORD130795,22-08-2024,BR90,UAE,Dubai,CUST9288,PROD901,Mobile,iPhone 14,Sony,5,539.12,0.08,0.18,2926.34,UPI,In-Store,EMP641,2,0,Standard,8,AED
ORD130796,16-06-2023,BR38,UK,London,CUST3955,PROD752,TV,Samsung QLED 50,OnePlus,4,1784.99,0.3,0.18,5897.61,Debit Card,Online,EMP381,2,0,Same Day,1,GBP
ORD130797,16-07-2023,BR21,India,Pune,CUST8116,PROD114,Tablet,Samsung Galaxy Tab,Dell,3,1620.73,0.18,0.18,4704.66,UPI,Online,EMP912,1,0,Standard,4,INR
ORD130798,25-06-2024,BR32,UAE,Dubai,CUST9197,PROD262,Tablet,Lenovo Tab P11,HP,3,1318.49,0.16,0.18,3920.66,Credit Card,In-Store,EMP688,2,0,Same Day,5,USD
ORD130799,07-02-2024,BR23,UK,Manchester,CUST5655,PROD741,Laptop,MacBook Air M2,Lenovo,4,567.57,0.01,0.18,2652.14,Debit Card,In-Store,EMP845,3,1,Standard,5,AED
ORD130800,31-10-2023,BR75,UAE,Dubai,CUST4767,PROD258,TV,Samsung QLED 50,Lenovo,5,1293.54,0.17,0.18,6334.47,Debit Card,Online,EMP442,1,1,Same Day,5,EUR
ORD130801,04-09-2023,BR79,UAE,Abu Dhabi,CUST1332,PROD223,Laptop,HP Spectre x360,Lenovo,2,1421.5,0.26,0.18,2482.51,Credit Card,Online,EMP538,1,1,Express,8,USD
ORD130802,04-02-2023,BR112,UK,London,CUST6849,PROD833,Mobile,Samsung Galaxy S23,OnePlus,1,992.93,0.05,0.18,1113.07,Credit Card,In-Store,EMP412,0,1,Same Day,7,GBP
ORD130803,17-09-2023,BR64,UK,London,CUST1446,PROD882,Accessories,Bluetooth Headphones,Dell,2,1498.38,0.11,0.18,3147.2,Debit Card,In-Store,EMP294,0,0,Same Day,7,EUR
ORD130804,29-04-2024,BR107,UK,Manchester,CUST5445,PROD991,Mobile,OnePlus 11,Samsung,1,507.15,0.18,0.18,490.72,Cash,Online,EMP814,3,0,Standard,4,INR
ORD130805,21-10-2024,BR80,USA,New York,CUST8607,PROD767,Laptop,MacBook Air M2,LG,1,305.7,0.28,0.18,259.72,Cash,In-Store,EMP326,2,0,Same Day,1,INR
ORD130806,08-05-2023,BR47,Germany,Munich,CUST5821,PROD481,Tablet,iPad Air,Samsung,5,1210.34,0.2,0.18,5712.8,UPI,In-Store,EMP786,3,1,Standard,6,GBP
ORD130807,23-05-2023,BR82,UAE,Abu Dhabi,CUST6720,PROD224,TV,Sony Bravia 55,LG,2,1724.41,0.02,0.18,3988.22,Credit Card,In-Store,EMP318,2,0,Standard,10,USD
ORD130808,26-03-2023,BR52,India,Mumbai,CUST4466,PROD486,Mobile,OnePlus 11,Apple,4,1305,0.06,0.18,5790.02,Cash,In-Store,EMP327,0,1,Express,8,INR
ORD130809,13-09-2024,BR69,India,Pune,CUST9469,PROD926,Mobile,Samsung Galaxy S23,Dell,5,925.35,0.24,0.18,4149.27,UPI,In-Store,EMP591,2,0,Same Day,4,AED
ORD130810,26-06-2023,BR89,India,Delhi,CUST8746,PROD426,Tablet,Lenovo Tab P11,Dell,2,891.24,0.1,0.18,1892.99,Debit Card,In-Store,EMP935,3,0,Express,4,EUR
ORD130811,08-04-2023,BR96,USA,Dallas,CUST2993,PROD296,Mobile,Samsung Galaxy S23,HP,5,1484.39,0.08,0.18,8057.27,Debit Card,Online,EMP933,3,0,Standard,4,GBP
ORD130812,06-05-2023,BR72,Germany,Hamburg,CUST9078,PROD853,Tablet,Lenovo Tab P11,Lenovo,2,1614.39,0.18,0.18,3124.17,UPI,In-Store,EMP643,0,1,Same Day,1,USD
ORD130813,29-01-2023,BR63,Germany,Berlin,CUST1456,PROD411,Mobile,OnePlus 11,OnePlus,2,1767.24,0.27,0.18,3044.6,Net Banking,Online,EMP991,2,0,Standard,9,AED
ORD130814,28-04-2023,BR55,India,Mumbai,CUST5325,PROD385,Laptop,Dell XPS 13,LG,2,973.86,0.01,0.18,2275.33,Credit Card,In-Store,EMP394,0,0,Standard,9,EUR
ORD130815,09-12-2023,BR66,UAE,Dubai,CUST7721,PROD610,Mobile,iPhone 14,LG,1,1939.41,0.16,0.18,1922.34,Cash,Online,EMP379,2,0,Standard,9,USD
ORD130816,11-11-2024,BR19,Germany,Berlin,CUST4961,PROD197,Accessories,Keyboard,LG,3,221.44,0.11,0.18,697.67,Debit Card,In-Store,EMP733,2,1,Same Day,6,INR
ORD130817,01-11-2024,BR61,India,Pune,CUST6644,PROD402,TV,Sony Bravia 55,Dell,5,206.95,0.05,0.18,1159.95,Debit Card,Online,EMP603,0,0,Standard,8,AED
ORD130818,01-06-2024,BR72,India,Mumbai,CUST9705,PROD341,Laptop,MacBook Air M2,HP,5,143.43,0.1,0.18,761.61,Cash,In-Store,EMP387,0,0,Same Day,4,GBP
ORD130819,20-06-2024,BR19,Germany,Munich,CUST4817,PROD430,Accessories,Keyboard,Samsung,5,1636.86,0.2,0.18,7725.98,Cash,In-Store,EMP354,0,0,Standard,4,INR
ORD130820,09-02-2024,BR21,UK,Manchester,CUST5265,PROD111,Tablet,iPad Air,LG,4,1425.02,0.26,0.18,4977.31,Credit Card,Online,EMP463,1,0,Same Day,5,INR
ORD130821,29-12-2024,BR4,UAE,Abu Dhabi,CUST1398,PROD942,Laptop,Dell XPS 13,Samsung,4,726.93,0.22,0.18,2676.27,Net Banking,In-Store,EMP658,1,1,Express,8,GBP
ORD130822,10-05-2023,BR67,India,Mumbai,CUST5241,PROD223,Tablet,iPad Air,OnePlus,5,371.64,0.25,0.18,1644.51,Net Banking,Online,EMP246,0,1,Standard,7,USD
ORD130823,16-04-2023,BR91,USA,New York,CUST4682,PROD185,TV,Sony Bravia 55,OnePlus,1,1185.49,0.18,0.18,1147.08,UPI,In-Store,EMP319,2,1,Standard,4,INR
ORD130824,29-07-2023,BR99,India,Pune,CUST6201,PROD153,Laptop,HP Spectre x360,OnePlus,4,1473.97,0.23,0.18,5357,Debit Card,Online,EMP607,1,1,Standard,7,EUR
ORD130825,11-05-2024,BR60,UK,Birmingham,CUST9994,PROD846,Mobile,iPhone 14,Apple,4,559.61,0.28,0.18,1901.78,Debit Card,In-Store,EMP437,0,1,Same Day,5,GBP
ORD130826,12-07-2024,BR39,UAE,Dubai,CUST6658,PROD838,TV,Sony Bravia 55,OnePlus,3,624.85,0.09,0.18,2012.89,Debit Card,Online,EMP750,3,1,Express,8,USD
ORD130827,31-03-2023,BR55,UK,Manchester,CUST2512,PROD196,Tablet,iPad Air,Apple,5,1344.34,0.09,0.18,7217.76,Credit Card,In-Store,EMP794,2,1,Standard,4,EUR
ORD130828,19-08-2024,BR14,USA,New York,CUST1206,PROD280,Mobile,iPhone 14,Dell,1,1366.43,0.08,0.18,1483.4,Cash,In-Store,EMP969,1,0,Express,8,EUR
ORD130829,23-06-2024,BR35,Germany,Hamburg,CUST7908,PROD502,Tablet,Samsung Galaxy Tab,OnePlus,5,357.02,0.27,0.18,1537.69,Net Banking,Online,EMP677,0,1,Standard,4,AED
ORD130830,22-07-2024,BR82,India,Delhi,CUST8950,PROD935,Laptop,MacBook Air M2,Apple,5,619.3,0.03,0.18,3544.25,Net Banking,Online,EMP530,3,1,Express,6,AED
ORD130831,06-10-2023,BR12,India,Pune,CUST6580,PROD101,Laptop,Dell XPS 13,OnePlus,3,958.44,0.05,0.18,3223.23,Cash,Online,EMP956,3,1,Same Day,3,INR
ORD130832,25-05-2023,BR59,UAE,Abu Dhabi,CUST8862,PROD788,Accessories,Keyboard,LG,5,766.09,0.1,0.18,4067.94,Cash,Online,EMP728,3,1,Express,3,EUR
ORD130833,23-01-2024,BR21,UAE,Dubai,CUST5738,PROD591,Mobile,Samsung Galaxy S23,Samsung,5,299.72,0,0.18,1768.35,Credit Card,Online,EMP459,0,0,Standard,10,AED
ORD130834,27-03-2024,BR9,UAE,Dubai,CUST1745,PROD277,TV,Samsung QLED 50,Lenovo,3,1642.63,0.27,0.18,4244.88,Cash,Online,EMP749,2,0,Express,10,EUR
ORD130835,06-05-2023,BR106,USA,Los Angeles,CUST1115,PROD446,Accessories,Keyboard,Dell,4,810.97,0.08,0.18,3521.56,Cash,In-Store,EMP906,0,1,Express,8,AED
ORD130836,14-05-2023,BR65,UK,Manchester,CUST9467,PROD989,TV,LG OLED 48,Lenovo,3,1916.08,0.09,0.18,6172.46,Debit Card,Online,EMP369,3,1,Standard,5,EUR
ORD130837,21-11-2023,BR119,USA,New York,CUST7133,PROD182,Mobile,Samsung Galaxy S23,Lenovo,5,376.26,0.24,0.18,1687.15,Credit Card,Online,EMP303,1,0,Same Day,1,GBP
ORD130838,31-01-2023,BR105,UAE,Dubai,CUST9772,PROD519,Laptop,MacBook Air M2,LG,3,543.51,0.19,0.18,1558.46,Net Banking,In-Store,EMP517,3,1,Same Day,4,AED
ORD130839,25-03-2024,BR85,UK,Birmingham,CUST4274,PROD421,Accessories,Wireless Mouse,Samsung,2,897.66,0.17,0.18,1758.34,Debit Card,Online,EMP386,0,0,Same Day,6,USD
ORD130840,23-05-2023,BR20,UAE,Dubai,CUST6501,PROD872,TV,Sony Bravia 55,Samsung,2,1610.92,0.25,0.18,2851.33,UPI,Online,EMP387,0,0,Standard,8,INR
ORD130841,07-01-2023,BR82,Germany,Hamburg,CUST6468,PROD591,TV,Samsung QLED 50,OnePlus,3,789.85,0.26,0.18,2069.09,Cash,Online,EMP392,1,0,Same Day,8,GBP
ORD130842,17-12-2023,BR67,Germany,Hamburg,CUST2685,PROD987,Tablet,iPad Air,Lenovo,4,906.39,0.04,0.18,4107.03,Debit Card,Online,EMP846,2,1,Same Day,6,EUR
ORD130843,29-04-2023,BR77,India,Pune,CUST3412,PROD387,Mobile,Samsung Galaxy S23,Samsung,5,158.23,0.19,0.18,756.18,UPI,Online,EMP805,0,1,Express,7,INR
ORD130844,08-09-2024,BR117,UAE,Abu Dhabi,CUST4548,PROD910,Accessories,Bluetooth Headphones,LG,5,1322.97,0.21,0.18,6166.36,UPI,Online,EMP469,3,1,Express,7,USD
ORD130845,19-06-2023,BR111,Germany,Munich,CUST5220,PROD164,Laptop,Dell XPS 13,Sony,2,1119.82,0.01,0.18,2616.35,UPI,Online,EMP245,1,1,Standard,7,INR
ORD130846,31-12-2024,BR29,UAE,Dubai,CUST4649,PROD943,Laptop,Dell XPS 13,HP,4,1520.73,0.07,0.18,6675.4,Cash,In-Store,EMP870,3,0,Standard,10,GBP
ORD130847,11-08-2024,BR39,UK,London,CUST3455,PROD817,Mobile,Samsung Galaxy S23,LG,1,532.1,0.04,0.18,602.76,Net Banking,In-Store,EMP819,0,1,Standard,7,INR
ORD130848,01-11-2023,BR22,Germany,Munich,CUST2073,PROD491,Mobile,OnePlus 11,Lenovo,2,1253.63,0.25,0.18,2218.93,UPI,Online,EMP234,0,0,Express,7,AED
ORD130849,13-08-2023,BR34,UK,Birmingham,CUST4924,PROD410,Accessories,Wireless Mouse,Dell,2,363.64,0.27,0.18,626.48,Cash,Online,EMP377,0,0,Express,1,EUR
ORD130850,31-08-2023,BR62,UAE,Abu Dhabi,CUST1907,PROD742,Tablet,Samsung Galaxy Tab,OnePlus,3,680.6,0.15,0.18,2047.93,Cash,Online,EMP596,0,0,Express,9,INR
ORD130851,05-12-2024,BR94,Germany,Hamburg,CUST5259,PROD117,Laptop,HP Spectre x360,Lenovo,3,204.68,0.22,0.18,565.16,Net Banking,Online,EMP287,2,0,Express,3,USD
ORD130852,04-07-2024,BR79,UK,Manchester,CUST1091,PROD644,Accessories,Bluetooth Headphones,Apple,5,1495.33,0.28,0.18,6352.16,Cash,In-Store,EMP512,1,1,Same Day,4,USD
ORD130853,12-02-2023,BR65,USA,Los Angeles,CUST6496,PROD786,Tablet,Samsung Galaxy Tab,Apple,1,1446.85,0.02,0.18,1673.14,Credit Card,Online,EMP877,3,1,Standard,6,AED
ORD130854,26-10-2023,BR69,UAE,Abu Dhabi,CUST8800,PROD944,Tablet,Lenovo Tab P11,LG,5,1398.26,0.05,0.18,7837.25,Credit Card,Online,EMP767,1,0,Same Day,2,EUR
ORD130855,14-05-2023,BR43,India,Mumbai,CUST5198,PROD515,TV,Samsung QLED 50,HP,2,470.61,0.01,0.18,1099.53,UPI,In-Store,EMP821,2,1,Express,6,EUR
ORD130856,15-12-2024,BR116,USA,Chicago,CUST7275,PROD994,TV,Samsung QLED 50,Samsung,1,951.58,0.11,0.18,999.35,UPI,In-Store,EMP234,3,0,Same Day,7,INR
ORD130857,09-10-2023,BR35,India,Pune,CUST4544,PROD630,TV,LG OLED 48,Lenovo,2,874.83,0.27,0.18,1507.16,UPI,Online,EMP871,0,0,Standard,10,USD
ORD130858,14-10-2024,BR75,India,Pune,CUST6458,PROD861,Mobile,iPhone 14,Samsung,3,1188.9,0.17,0.18,3493.23,Credit Card,Online,EMP647,2,0,Same Day,9,EUR
ORD130859,24-10-2023,BR48,UAE,Abu Dhabi,CUST1242,PROD754,Accessories,Keyboard,Dell,5,1180.21,0.23,0.18,5361.69,UPI,In-Store,EMP296,3,1,Standard,1,EUR
ORD130860,17-09-2024,BR67,UK,Manchester,CUST8185,PROD776,Laptop,MacBook Air M2,Apple,1,1257.66,0.16,0.18,1246.59,UPI,Online,EMP788,3,0,Express,7,USD
ORD130861,20-09-2023,BR75,USA,New York,CUST8173,PROD838,Laptop,MacBook Air M2,Apple,2,1039.66,0.25,0.18,1840.2,Cash,In-Store,EMP450,0,0,Same Day,8,EUR
ORD130862,13-04-2024,BR34,Germany,Munich,CUST3270,PROD349,Tablet,Samsung Galaxy Tab,Sony,2,796.75,0.13,0.18,1635.89,Cash,Online,EMP823,1,1,Same Day,4,EUR
ORD130863,24-03-2024,BR25,Germany,Munich,CUST7760,PROD946,Accessories,Wireless Mouse,Lenovo,1,1782.06,0.21,0.18,1661.24,Debit Card,Online,EMP636,2,1,Standard,9,AED
ORD130864,18-03-2023,BR2,UAE,Abu Dhabi,CUST2970,PROD159,Mobile,Samsung Galaxy S23,Dell,2,1829.73,0.05,0.18,4102.25,Cash,In-Store,EMP479,0,1,Express,7,INR
ORD130865,12-06-2024,BR41,India,Bangalore,CUST2021,PROD229,TV,LG OLED 48,Apple,5,1420.92,0.23,0.18,6455.24,Net Banking,In-Store,EMP619,3,0,Standard,4,GBP
ORD130866,28-01-2023,BR31,India,Pune,CUST4305,PROD404,Laptop,HP Spectre x360,Lenovo,4,1624.84,0.14,0.18,6595.55,Debit Card,Online,EMP725,0,0,Same Day,10,USD
ORD130867,10-09-2024,BR109,UK,Manchester,CUST5998,PROD561,Laptop,Dell XPS 13,Sony,5,186.09,0.03,0.18,1064.99,UPI,Online,EMP406,1,0,Express,6,EUR
ORD130868,23-04-2024,BR59,UAE,Abu Dhabi,CUST1944,PROD388,Tablet,iPad Air,LG,2,1522.72,0.11,0.18,3198.32,Cash,Online,EMP454,1,0,Standard,5,USD
ORD130869,26-11-2023,BR25,UAE,Abu Dhabi,CUST7957,PROD361,Mobile,OnePlus 11,Sony,1,1512.52,0.11,0.18,1588.45,Net Banking,Online,EMP696,0,0,Same Day,8,USD
ORD130870,28-06-2024,BR28,UAE,Dubai,CUST4513,PROD549,TV,Samsung QLED 50,LG,1,1039.55,0.2,0.18,981.34,Cash,Online,EMP712,0,1,Standard,3,GBP
ORD130871,02-05-2024,BR25,India,Mumbai,CUST5998,PROD314,Accessories,Wireless Mouse,Samsung,4,1766.17,0.19,0.18,6752.42,Credit Card,In-Store,EMP221,2,0,Standard,9,AED
ORD130872,25-01-2024,BR18,Germany,Hamburg,CUST2182,PROD131,Accessories,Wireless Mouse,OnePlus,1,885.46,0.04,0.18,1003.05,UPI,In-Store,EMP537,0,1,Same Day,9,GBP
ORD130873,09-05-2024,BR117,USA,Dallas,CUST2543,PROD212,Laptop,Dell XPS 13,LG,4,1684.06,0.21,0.18,6279.52,Net Banking,Online,EMP349,2,1,Same Day,8,USD
ORD130874,29-06-2023,BR20,India,Bangalore,CUST1914,PROD359,Accessories,Keyboard,Dell,5,625.26,0.24,0.18,2803.67,Credit Card,In-Store,EMP431,1,0,Standard,6,USD
ORD130875,19-06-2023,BR55,USA,Chicago,CUST2971,PROD362,Accessories,Wireless Mouse,Apple,5,1382.95,0.06,0.18,7669.84,Credit Card,In-Store,EMP575,3,0,Same Day,9,AED
ORD130876,06-03-2023,BR4,USA,Chicago,CUST3154,PROD691,Laptop,HP Spectre x360,HP,5,1468.18,0.27,0.18,6323.45,Net Banking,In-Store,EMP472,1,1,Express,6,EUR
ORD130877,10-10-2024,BR72,USA,New York,CUST5894,PROD382,TV,LG OLED 48,Samsung,5,1779.61,0.19,0.18,8504.76,UPI,Online,EMP695,0,1,Same Day,3,USD
ORD130878,13-04-2023,BR31,UK,Birmingham,CUST1175,PROD636,Tablet,Lenovo Tab P11,Sony,2,1425.28,0.06,0.18,3161.84,UPI,In-Store,EMP295,1,0,Same Day,5,INR
ORD130879,02-01-2024,BR102,USA,Los Angeles,CUST3149,PROD355,Tablet,Samsung Galaxy Tab,Dell,1,1938.38,0.11,0.18,2035.69,Credit Card,In-Store,EMP666,1,1,Same Day,1,EUR
ORD130880,12-01-2023,BR70,USA,Dallas,CUST1950,PROD915,Mobile,OnePlus 11,LG,5,1604.35,0.26,0.18,7004.59,Net Banking,In-Store,EMP403,1,1,Same Day,8,EUR
ORD130881,25-04-2023,BR9,UAE,Abu Dhabi,CUST6567,PROD427,Tablet,Lenovo Tab P11,Sony,1,963.39,0.09,0.18,1034.49,Debit Card,In-Store,EMP499,1,1,Standard,7,INR
ORD130882,12-05-2023,BR29,Germany,Berlin,CUST9554,PROD445,Accessories,Keyboard,Dell,5,530.89,0.11,0.18,2787.7,Debit Card,In-Store,EMP653,1,1,Standard,2,AED
ORD130883,17-11-2023,BR13,Germany,Munich,CUST1122,PROD271,TV,Sony Bravia 55,Samsung,5,1120.01,0.15,0.18,5616.85,Cash,In-Store,EMP974,1,0,Express,4,USD
ORD130884,18-01-2023,BR100,UK,Birmingham,CUST1610,PROD536,TV,Sony Bravia 55,Sony,2,356.53,0.08,0.18,774.1,Credit Card,Online,EMP979,1,0,Express,10,INR
ORD130885,27-11-2024,BR31,UAE,Abu Dhabi,CUST9952,PROD522,Mobile,Samsung Galaxy S23,OnePlus,2,301.76,0.09,0.18,648.06,Cash,In-Store,EMP716,0,0,Standard,8,INR
ORD130886,28-08-2024,BR108,India,Mumbai,CUST1869,PROD950,TV,Sony Bravia 55,OnePlus,1,352.79,0.18,0.18,341.36,Net Banking,Online,EMP388,1,1,Express,6,USD
ORD130887,18-07-2024,BR51,Germany,Munich,CUST7283,PROD359,Accessories,Wireless Mouse,OnePlus,2,1447.05,0.19,0.18,2766.18,Debit Card,Online,EMP796,1,1,Same Day,6,INR
ORD130888,08-06-2023,BR87,India,Mumbai,CUST2747,PROD835,Laptop,MacBook Air M2,LG,5,1801.12,0.16,0.18,8926.35,Net Banking,In-Store,EMP303,0,0,Standard,6,GBP
ORD130889,12-10-2024,BR57,UK,London,CUST1815,PROD200,Tablet,Lenovo Tab P11,Apple,2,1596.9,0.19,0.18,3052.63,Credit Card,Online,EMP264,0,1,Standard,3,EUR
ORD130890,28-08-2023,BR94,UK,London,CUST7678,PROD461,Mobile,iPhone 14,HP,5,1304.91,0.24,0.18,5851.22,UPI,In-Store,EMP700,0,0,Same Day,8,AED
ORD130891,11-02-2023,BR50,UAE,Abu Dhabi,CUST2624,PROD867,TV,Samsung QLED 50,HP,1,984.2,0.18,0.18,952.31,Debit Card,Online,EMP779,1,0,Same Day,10,EUR
ORD130892,06-02-2024,BR67,Germany,Berlin,CUST4789,PROD510,TV,Samsung QLED 50,Dell,1,864.26,0.19,0.18,826.06,Debit Card,Online,EMP790,3,0,Express,9,USD
ORD130893,02-08-2024,BR89,UAE,Dubai,CUST7369,PROD749,Tablet,Lenovo Tab P11,Samsung,4,1536.09,0.24,0.18,5510.26,Debit Card,In-Store,EMP619,3,0,Same Day,3,EUR
ORD130894,03-09-2023,BR27,Germany,Hamburg,CUST8213,PROD542,Mobile,Samsung Galaxy S23,Apple,3,672.17,0.23,0.18,1832.2,Net Banking,In-Store,EMP269,0,0,Express,3,EUR
ORD130895,19-07-2023,BR81,UK,Manchester,CUST6845,PROD515,TV,Samsung QLED 50,Lenovo,2,334.76,0.06,0.18,742.63,Cash,Online,EMP515,0,1,Same Day,1,AED
ORD130896,28-02-2023,BR111,UAE,Dubai,CUST4938,PROD911,Accessories,Keyboard,OnePlus,5,494.02,0.08,0.18,2681.54,UPI,Online,EMP914,1,0,Express,10,GBP
ORD130897,08-10-2023,BR38,Germany,Munich,CUST4036,PROD472,Mobile,iPhone 14,OnePlus,1,1019.78,0.22,0.18,938.61,Credit Card,In-Store,EMP311,2,0,Express,6,GBP
ORD130898,16-01-2023,BR100,UAE,Dubai,CUST4990,PROD200,Tablet,iPad Air,Dell,4,908.14,0.28,0.18,3086.22,Debit Card,Online,EMP901,2,1,Same Day,7,EUR
ORD130899,25-12-2024,BR12,USA,Los Angeles,CUST1966,PROD136,Mobile,OnePlus 11,Sony,4,1174.47,0.28,0.18,3991.32,Debit Card,In-Store,EMP772,3,1,Same Day,2,GBP
ORD130900,25-03-2023,BR108,Germany,Berlin,CUST3609,PROD415,Tablet,iPad Air,Lenovo,1,1279.9,0.15,0.18,1283.74,Net Banking,Online,EMP805,0,0,Standard,9,USD
ORD130901,13-03-2023,BR90,UAE,Abu Dhabi,CUST7918,PROD436,TV,Sony Bravia 55,LG,4,393.2,0.19,0.18,1503.28,Net Banking,Online,EMP821,1,0,Same Day,6,GBP
ORD130902,22-10-2024,BR36,Germany,Hamburg,CUST1370,PROD838,Mobile,OnePlus 11,Dell,3,540.49,0.01,0.18,1894.2,Cash,In-Store,EMP608,1,1,Express,1,AED
ORD130903,08-01-2024,BR13,UK,Birmingham,CUST9336,PROD312,Mobile,Samsung Galaxy S23,Lenovo,3,700.97,0.25,0.18,1861.08,UPI,Online,EMP658,2,1,Express,3,USD
ORD130904,04-11-2023,BR46,Germany,Hamburg,CUST7635,PROD794,TV,Samsung QLED 50,Dell,2,1134.44,0.17,0.18,2222.14,Cash,Online,EMP480,2,1,Express,9,EUR
ORD130905,18-05-2023,BR41,UK,Manchester,CUST5074,PROD145,Laptop,Dell XPS 13,LG,2,1160.12,0.16,0.18,2299.82,Net Banking,Online,EMP226,2,0,Same Day,7,INR
ORD130906,07-01-2024,BR108,UK,Birmingham,CUST6645,PROD804,Tablet,Lenovo Tab P11,Apple,1,1303.93,0.29,0.18,1092.43,Debit Card,Online,EMP302,2,1,Same Day,5,AED
ORD130907,10-12-2024,BR37,Germany,Berlin,CUST6646,PROD718,Mobile,OnePlus 11,Samsung,1,944.05,0.06,0.18,1047.14,Credit Card,Online,EMP875,3,0,Same Day,6,AED
ORD130908,16-09-2023,BR4,USA,New York,CUST4177,PROD955,Laptop,Dell XPS 13,Apple,1,242.9,0.08,0.18,263.69,Net Banking,Online,EMP289,0,1,Standard,6,GBP
ORD130909,26-08-2024,BR16,Germany,Berlin,CUST1636,PROD727,Tablet,Samsung Galaxy Tab,Samsung,1,1283.74,0.24,0.18,1151.26,UPI,Online,EMP688,1,1,Same Day,8,INR
ORD130910,17-01-2024,BR87,Germany,Hamburg,CUST1252,PROD890,Accessories,Bluetooth Headphones,Lenovo,5,743.81,0.02,0.18,4300.71,Net Banking,In-Store,EMP303,2,1,Standard,7,AED
ORD130911,10-02-2024,BR61,USA,New York,CUST9872,PROD913,Accessories,Keyboard,Apple,4,162.21,0.29,0.18,543.6,UPI,In-Store,EMP853,2,1,Standard,10,EUR
ORD130912,01-12-2023,BR33,UK,London,CUST1555,PROD294,Tablet,iPad Air,Dell,1,518.54,0.01,0.18,605.76,Net Banking,Online,EMP224,2,0,Standard,10,USD
ORD130913,08-06-2023,BR77,USA,Los Angeles,CUST9803,PROD838,TV,Sony Bravia 55,Dell,5,1940.89,0.07,0.18,10649.66,Cash,In-Store,EMP360,0,1,Express,2,GBP
ORD130914,17-04-2024,BR26,UK,Manchester,CUST2628,PROD633,TV,Sony Bravia 55,HP,2,1242.85,0.26,0.18,2170.51,Credit Card,In-Store,EMP736,2,1,Same Day,2,INR
ORD130915,13-05-2023,BR73,Germany,Munich,CUST3910,PROD955,Mobile,Samsung Galaxy S23,Dell,5,1306.17,0.11,0.18,6858.7,Net Banking,Online,EMP953,3,1,Same Day,7,INR
ORD130916,07-10-2023,BR110,UK,Birmingham,CUST1889,PROD680,TV,Samsung QLED 50,Sony,4,757.53,0.02,0.18,3504.03,Cash,In-Store,EMP497,3,0,Express,2,AED
ORD130917,24-03-2024,BR63,USA,Los Angeles,CUST2717,PROD212,Accessories,Bluetooth Headphones,OnePlus,2,1019.57,0.12,0.18,2117.44,Debit Card,In-Store,EMP373,1,0,Same Day,4,AED
ORD130918,05-07-2024,BR103,Germany,Munich,CUST6293,PROD464,Accessories,Keyboard,Samsung,2,432.32,0.13,0.18,887.64,Net Banking,Online,EMP444,0,1,Standard,5,INR
ORD130919,30-03-2024,BR19,USA,Dallas,CUST4356,PROD227,Tablet,Samsung Galaxy Tab,HP,5,1372.66,0.25,0.18,6074.02,Credit Card,In-Store,EMP510,3,1,Standard,1,USD
ORD130920,13-08-2023,BR21,UK,London,CUST2456,PROD180,Tablet,Lenovo Tab P11,HP,4,1411.01,0.26,0.18,4928.38,Net Banking,Online,EMP881,2,0,Standard,6,GBP
ORD130921,22-10-2024,BR21,Germany,Munich,CUST7161,PROD841,TV,LG OLED 48,OnePlus,4,1662.12,0.12,0.18,6903.78,Cash,Online,EMP847,1,0,Same Day,9,INR
ORD130922,03-02-2024,BR77,India,Mumbai,CUST4941,PROD657,Tablet,Lenovo Tab P11,Lenovo,1,1919.06,0.02,0.18,2219.2,Debit Card,Online,EMP416,2,1,Same Day,3,EUR
ORD130923,03-12-2023,BR19,UK,Manchester,CUST7355,PROD142,Accessories,Keyboard,Apple,4,1314.26,0.27,0.18,4528.41,Net Banking,In-Store,EMP952,1,1,Express,5,EUR
ORD130924,15-01-2023,BR15,Germany,Hamburg,CUST7585,PROD574,Mobile,iPhone 14,Dell,5,576.28,0.21,0.18,2686.04,Cash,In-Store,EMP977,1,0,Same Day,7,AED
ORD130925,05-02-2024,BR89,Germany,Hamburg,CUST7164,PROD223,Laptop,MacBook Air M2,Samsung,2,526.62,0.19,0.18,1006.69,Debit Card,Online,EMP316,0,1,Express,4,USD
ORD130926,15-08-2023,BR31,UK,London,CUST9280,PROD752,Mobile,iPhone 14,Apple,1,147.88,0.04,0.18,167.52,Credit Card,In-Store,EMP509,1,1,Standard,6,USD
ORD130927,09-07-2023,BR77,USA,Los Angeles,CUST9158,PROD156,Tablet,Samsung Galaxy Tab,Lenovo,4,1739.4,0.28,0.18,5911.18,Cash,In-Store,EMP691,2,1,Standard,1,GBP
ORD130928,23-03-2024,BR76,USA,Los Angeles,CUST3891,PROD998,Accessories,Wireless Mouse,LG,3,1264.9,0.23,0.18,3447.86,Credit Card,In-Store,EMP391,1,0,Standard,5,USD
ORD130929,26-06-2023,BR33,India,Pune,CUST9586,PROD922,Laptop,Dell XPS 13,LG,2,1134.77,0.06,0.18,2517.37,Credit Card,In-Store,EMP406,2,0,Standard,2,GBP
ORD130930,03-06-2023,BR120,USA,Dallas,CUST3435,PROD162,Tablet,iPad Air,Apple,4,188.62,0.17,0.18,738.94,UPI,In-Store,EMP263,0,1,Same Day,6,GBP
ORD130931,21-01-2023,BR26,India,Bangalore,CUST7628,PROD971,Tablet,Lenovo Tab P11,LG,4,940.03,0.25,0.18,3327.71,Credit Card,In-Store,EMP906,2,1,Same Day,3,EUR
ORD130932,15-04-2024,BR41,USA,Dallas,CUST2035,PROD593,Accessories,Keyboard,OnePlus,5,641.16,0.08,0.18,3480.22,Debit Card,In-Store,EMP630,1,1,Standard,8,USD
ORD130933,10-03-2023,BR72,Germany,Munich,CUST7856,PROD572,TV,LG OLED 48,OnePlus,1,1496.57,0.01,0.18,1748.29,Cash,Online,EMP216,3,0,Same Day,3,EUR
ORD130934,18-01-2023,BR102,Germany,Munich,CUST9513,PROD462,Mobile,Samsung Galaxy S23,HP,3,1617.27,0.27,0.18,4179.35,Debit Card,Online,EMP811,0,0,Same Day,7,USD
ORD130935,29-12-2023,BR33,Germany,Munich,CUST5368,PROD562,Mobile,Samsung Galaxy S23,Samsung,4,215.42,0.18,0.18,833.76,UPI,In-Store,EMP558,2,1,Same Day,1,AED
ORD130936,30-06-2023,BR13,India,Delhi,CUST5767,PROD459,Accessories,Wireless Mouse,Apple,3,1258.35,0.13,0.18,3875.47,Debit Card,In-Store,EMP293,3,0,Standard,8,AED
ORD130937,03-06-2023,BR4,Germany,Hamburg,CUST1504,PROD494,Tablet,iPad Air,Sony,1,1201.59,0.08,0.18,1304.45,Debit Card,Online,EMP768,2,1,Same Day,1,USD
ORD130938,17-11-2024,BR45,UK,Birmingham,CUST3290,PROD203,Tablet,Samsung Galaxy Tab,Dell,2,1884.91,0.17,0.18,3692.16,Credit Card,In-Store,EMP513,2,1,Same Day,8,EUR
ORD130939,28-09-2024,BR76,UK,Birmingham,CUST4997,PROD966,Laptop,MacBook Air M2,Samsung,4,1380.16,0.05,0.18,6188.64,Cash,Online,EMP875,1,0,Express,8,USD
ORD130940,04-08-2024,BR49,UAE,Abu Dhabi,CUST7856,PROD406,Laptop,Dell XPS 13,Apple,3,1760.85,0.08,0.18,5734.74,Net Banking,In-Store,EMP475,1,1,Same Day,7,GBP
ORD130941,21-12-2024,BR16,Germany,Hamburg,CUST6814,PROD974,Tablet,Lenovo Tab P11,Sony,2,1592.51,0.04,0.18,3607.99,Credit Card,Online,EMP604,2,1,Express,8,GBP
ORD130942,17-08-2024,BR118,India,Pune,CUST4568,PROD472,Tablet,Samsung Galaxy Tab,Sony,2,265.66,0.04,0.18,601.88,Credit Card,In-Store,EMP209,0,1,Standard,1,USD
ORD130943,11-02-2024,BR63,UK,Birmingham,CUST1467,PROD457,Laptop,Dell XPS 13,OnePlus,5,1213.9,0.21,0.18,5657.99,Cash,In-Store,EMP209,2,0,Express,4,INR
ORD130944,29-09-2023,BR73,UAE,Abu Dhabi,CUST7376,PROD445,Laptop,MacBook Air M2,OnePlus,2,1023.58,0.28,0.18,1739.27,Debit Card,Online,EMP218,2,1,Standard,9,GBP
ORD130945,20-02-2024,BR88,UK,Manchester,CUST9471,PROD527,Laptop,MacBook Air M2,LG,1,1857.23,0.2,0.18,1753.23,Net Banking,In-Store,EMP623,2,1,Same Day,7,AED
ORD130946,02-09-2024,BR18,UAE,Dubai,CUST4497,PROD347,TV,Samsung QLED 50,HP,2,1521.28,0.25,0.18,2692.67,Net Banking,Online,EMP322,1,1,Same Day,5,GBP
ORD130947,11-05-2024,BR10,USA,Los Angeles,CUST3461,PROD493,Mobile,Samsung Galaxy S23,OnePlus,1,965.7,0.15,0.18,968.6,Cash,In-Store,EMP681,1,0,Same Day,9,AED
ORD130948,03-10-2023,BR47,UAE,Abu Dhabi,CUST4277,PROD951,Tablet,iPad Air,Sony,1,1102.7,0.1,0.18,1171.07,Credit Card,In-Store,EMP790,0,1,Express,6,AED
ORD130949,25-10-2023,BR63,Germany,Berlin,CUST8400,PROD606,Accessories,Bluetooth Headphones,Sony,5,1767.56,0.06,0.18,9802.89,Net Banking,In-Store,EMP833,1,0,Standard,10,GBP
ORD130950,19-04-2024,BR2,Germany,Munich,CUST6383,PROD390,Tablet,Lenovo Tab P11,HP,3,1106.52,0.27,0.18,2859.47,Cash,Online,EMP381,1,1,Same Day,7,EUR
ORD130951,01-10-2023,BR12,India,Pune,CUST9074,PROD206,Accessories,Wireless Mouse,Dell,3,361.92,0.04,0.18,1229.95,Credit Card,In-Store,EMP939,1,0,Standard,5,INR
ORD130952,29-10-2024,BR78,India,Mumbai,CUST2756,PROD122,Tablet,iPad Air,Sony,2,1471.8,0.24,0.18,2639.82,Net Banking,In-Store,EMP807,2,0,Same Day,10,USD
ORD130953,01-11-2024,BR96,USA,Chicago,CUST4428,PROD786,Accessories,Keyboard,Dell,5,1645.95,0.14,0.18,8351.55,Net Banking,Online,EMP284,3,1,Same Day,9,USD
ORD130954,03-11-2024,BR103,Germany,Berlin,CUST8012,PROD640,Laptop,MacBook Air M2,LG,4,1601.52,0.23,0.18,5820.56,Net Banking,In-Store,EMP743,1,0,Standard,10,EUR
ORD130955,25-09-2024,BR67,USA,Chicago,CUST8871,PROD187,Mobile,iPhone 14,Sony,1,1459.3,0.04,0.18,1653.1,Cash,Online,EMP255,2,1,Same Day,8,GBP
ORD130956,24-05-2023,BR48,USA,Chicago,CUST5542,PROD447,Mobile,iPhone 14,Sony,5,547.86,0.17,0.18,2682.87,Debit Card,Online,EMP884,0,0,Standard,2,EUR
ORD130957,17-12-2024,BR21,UK,Birmingham,CUST1809,PROD194,TV,Samsung QLED 50,Sony,2,1272.67,0.14,0.18,2583.01,Net Banking,In-Store,EMP535,2,1,Standard,1,GBP
ORD130958,11-10-2023,BR65,UK,Manchester,CUST2945,PROD557,Mobile,OnePlus 11,HP,4,1218.69,0.26,0.18,4256.64,UPI,In-Store,EMP625,0,1,Express,5,GBP
ORD130959,25-10-2023,BR64,India,Delhi,CUST5868,PROD811,Accessories,Bluetooth Headphones,Apple,5,320.68,0.19,0.18,1532.53,Debit Card,In-Store,EMP387,0,0,Standard,10,AED
ORD130960,29-12-2024,BR80,UK,Manchester,CUST4465,PROD735,Laptop,MacBook Air M2,LG,2,725.14,0.16,0.18,1437.52,Debit Card,Online,EMP264,0,1,Express,3,INR
ORD130961,06-06-2023,BR115,India,Bangalore,CUST8782,PROD666,TV,Sony Bravia 55,Samsung,3,194.54,0.12,0.18,606.03,Credit Card,In-Store,EMP214,3,0,Express,5,EUR
ORD130962,23-09-2024,BR58,India,Pune,CUST8568,PROD234,TV,Samsung QLED 50,LG,2,418.86,0.07,0.18,919.31,Net Banking,In-Store,EMP466,0,1,Same Day,10,INR
ORD130963,02-01-2024,BR120,USA,Dallas,CUST9031,PROD662,Laptop,Dell XPS 13,HP,1,1266.7,0.02,0.18,1464.81,Credit Card,In-Store,EMP628,1,1,Standard,6,INR
ORD130964,07-06-2024,BR109,India,Bangalore,CUST1354,PROD507,Accessories,Keyboard,Apple,3,748.5,0.05,0.18,2517.21,Cash,In-Store,EMP968,2,0,Same Day,10,USD
ORD130965,13-07-2023,BR118,USA,Los Angeles,CUST8785,PROD849,Laptop,MacBook Air M2,Dell,5,1065.18,0.22,0.18,4901.96,Cash,In-Store,EMP265,3,1,Same Day,9,INR
ORD130966,15-04-2024,BR36,Germany,Berlin,CUST9259,PROD552,Tablet,Lenovo Tab P11,Lenovo,5,1039.41,0.01,0.18,6071.19,Debit Card,In-Store,EMP290,0,1,Standard,3,AED
ORD130967,03-05-2023,BR84,UK,Birmingham,CUST1792,PROD276,Laptop,Dell XPS 13,Dell,3,1731.56,0.15,0.18,5210.26,Cash,Online,EMP954,0,0,Express,2,INR
ORD130968,23-09-2023,BR46,India,Pune,CUST8653,PROD805,Accessories,Keyboard,LG,1,657.83,0.05,0.18,737.43,UPI,In-Store,EMP953,3,0,Standard,7,GBP
ORD130969,26-12-2023,BR59,USA,New York,CUST3189,PROD352,TV,Sony Bravia 55,Samsung,1,521.23,0.06,0.18,578.15,UPI,In-Store,EMP579,0,1,Standard,4,GBP
ORD130970,22-01-2024,BR44,Germany,Hamburg,CUST1500,PROD814,Laptop,HP Spectre x360,HP,2,657.08,0.22,0.18,1209.55,UPI,In-Store,EMP433,3,0,Standard,3,INR
ORD130971,06-10-2023,BR40,UAE,Abu Dhabi,CUST3194,PROD324,Tablet,iPad Air,HP,3,1997.26,0.28,0.18,5090.62,Cash,In-Store,EMP765,3,0,Express,1,USD
ORD130972,31-12-2023,BR33,USA,Los Angeles,CUST8808,PROD798,Accessories,Keyboard,OnePlus,2,141.1,0.24,0.18,253.08,Debit Card,Online,EMP648,3,0,Express,5,GBP
ORD130973,02-02-2024,BR24,Germany,Hamburg,CUST6102,PROD805,Accessories,Wireless Mouse,Sony,5,680.46,0.02,0.18,3934.42,Credit Card,Online,EMP719,2,1,Express,9,INR
ORD130974,14-03-2024,BR22,India,Mumbai,CUST4736,PROD150,Mobile,Samsung Galaxy S23,OnePlus,4,216.2,0.01,0.18,1010.26,Net Banking,In-Store,EMP541,3,1,Express,8,EUR
ORD130975,03-04-2024,BR4,USA,Chicago,CUST1278,PROD791,TV,Sony Bravia 55,Lenovo,2,609.75,0.04,0.18,1381.45,Debit Card,Online,EMP434,1,1,Same Day,7,AED
ORD130976,10-04-2024,BR16,India,Pune,CUST6087,PROD193,Tablet,iPad Air,OnePlus,1,959.06,0.09,0.18,1029.84,Cash,Online,EMP572,2,0,Standard,5,INR
ORD130977,21-08-2024,BR104,UAE,Dubai,CUST2828,PROD349,Laptop,MacBook Air M2,LG,3,1424.99,0.29,0.18,3581.57,Credit Card,In-Store,EMP476,2,1,Express,6,USD
ORD130978,09-04-2023,BR78,USA,Dallas,CUST1287,PROD637,Mobile,iPhone 14,Lenovo,1,852.61,0.1,0.18,905.47,UPI,Online,EMP936,1,0,Standard,8,INR
ORD130979,19-10-2023,BR112,UAE,Dubai,CUST7426,PROD830,TV,Samsung QLED 50,OnePlus,3,649.25,0.14,0.18,1976.58,Cash,In-Store,EMP370,3,1,Standard,6,AED
ORD130980,26-12-2024,BR48,UK,Manchester,CUST8004,PROD775,Tablet,Lenovo Tab P11,OnePlus,2,674.22,0.19,0.18,1288.84,Debit Card,In-Store,EMP221,2,0,Express,5,AED
ORD130981,15-04-2023,BR50,Germany,Berlin,CUST3421,PROD567,Mobile,iPhone 14,OnePlus,3,1914.3,0.01,0.18,6708.86,Credit Card,In-Store,EMP801,2,0,Same Day,9,EUR
ORD130982,07-06-2024,BR95,UAE,Dubai,CUST6492,PROD197,Mobile,OnePlus 11,Sony,4,723.36,0.16,0.18,2867.98,Cash,In-Store,EMP856,2,0,Same Day,6,INR
ORD130983,06-08-2024,BR39,UK,Birmingham,CUST1409,PROD310,TV,Sony Bravia 55,OnePlus,5,424.55,0.15,0.18,2129.12,Credit Card,Online,EMP908,1,0,Express,4,USD
ORD130984,19-01-2023,BR28,USA,Dallas,CUST2363,PROD378,Tablet,Lenovo Tab P11,HP,2,476.43,0.29,0.18,798.31,UPI,Online,EMP530,2,0,Same Day,8,USD
ORD130985,01-10-2023,BR67,India,Delhi,CUST6388,PROD881,Laptop,Dell XPS 13,Lenovo,3,1859.26,0.21,0.18,5199.61,UPI,Online,EMP330,1,1,Express,8,AED
ORD130986,31-07-2024,BR58,India,Mumbai,CUST8892,PROD120,Tablet,Lenovo Tab P11,HP,5,615.16,0.1,0.18,3266.5,Cash,In-Store,EMP509,3,1,Standard,9,GBP
ORD130987,10-01-2023,BR66,UAE,Abu Dhabi,CUST9002,PROD427,Tablet,iPad Air,OnePlus,4,201.88,0.26,0.18,705.13,Cash,In-Store,EMP271,1,1,Same Day,2,GBP
ORD130988,27-12-2023,BR36,India,Bangalore,CUST4847,PROD143,Tablet,iPad Air,Sony,4,1868.8,0.22,0.18,6880.17,Credit Card,Online,EMP831,0,0,Same Day,1,EUR
ORD130989,09-03-2023,BR120,UK,Manchester,CUST1001,PROD984,Accessories,Bluetooth Headphones,HP,4,1794.17,0.11,0.18,7536.95,Cash,Online,EMP378,2,0,Express,2,EUR
ORD130990,02-12-2023,BR60,UAE,Abu Dhabi,CUST5029,PROD706,Accessories,Bluetooth Headphones,OnePlus,5,821.64,0.09,0.18,4411.39,Credit Card,Online,EMP971,2,0,Standard,6,USD
ORD130991,30-01-2023,BR59,UAE,Abu Dhabi,CUST8326,PROD918,Mobile,OnePlus 11,LG,1,1340.01,0.02,0.18,1549.59,Net Banking,In-Store,EMP771,3,0,Standard,4,EUR
ORD130992,24-11-2023,BR97,Germany,Hamburg,CUST8418,PROD395,Tablet,Lenovo Tab P11,Apple,5,1851.29,0.05,0.18,10376.48,Debit Card,Online,EMP850,2,1,Same Day,5,GBP
ORD130993,03-08-2023,BR23,UK,London,CUST5821,PROD927,Laptop,HP Spectre x360,Apple,3,1498.54,0.15,0.18,4509.11,UPI,In-Store,EMP654,3,1,Same Day,9,EUR
ORD130994,07-08-2024,BR89,Germany,Munich,CUST4713,PROD677,Tablet,Lenovo Tab P11,LG,5,1231.37,0.26,0.18,5376.16,Debit Card,Online,EMP352,1,1,Standard,3,EUR
ORD130995,25-02-2024,BR23,UAE,Dubai,CUST2367,PROD206,Accessories,Bluetooth Headphones,Lenovo,5,663.27,0.09,0.18,3561.1,Credit Card,Online,EMP438,3,1,Standard,9,USD
ORD130996,09-12-2024,BR37,UAE,Dubai,CUST5773,PROD640,Mobile,Samsung Galaxy S23,OnePlus,1,1619.91,0,0.18,1911.49,Cash,In-Store,EMP517,2,1,Express,4,AED
ORD130997,07-05-2024,BR66,UAE,Abu Dhabi,CUST9426,PROD425,Mobile,OnePlus 11,LG,1,1369.42,0.29,0.18,1147.3,Debit Card,Online,EMP534,1,1,Same Day,7,INR
ORD130998,08-05-2023,BR89,USA,Chicago,CUST3152,PROD268,Accessories,Bluetooth Headphones,HP,3,1999.18,0.17,0.18,5873.99,Debit Card,In-Store,EMP286,3,0,Express,8,GBP
ORD130999,04-12-2023,BR94,USA,New York,CUST9625,PROD156,TV,Samsung QLED 50,LG,2,471.61,0.2,0.18,890.4,Debit Card,Online,EMP702,2,0,Standard,6,GBP
ORD131000,22-07-2023,BR29,UK,London,CUST7442,PROD467,Accessories,Keyboard,Sony,2,177.7,0.07,0.18,390.02,Credit Card,In-Store,EMP762,1,0,Express,3,AED
ORD131001,28-07-2024,BR105,USA,Los Angeles,CUST5214,PROD499,Accessories,Bluetooth Headphones,Dell,4,1085.26,0.01,0.18,5071.2,Credit Card,In-Store,EMP450,3,1,Express,4,GBP
ORD131002,28-01-2024,BR22,USA,Chicago,CUST1698,PROD284,Mobile,OnePlus 11,Lenovo,4,1356.44,0.14,0.18,5506.06,Credit Card,In-Store,EMP669,3,1,Express,6,AED
ORD131003,07-08-2024,BR102,Germany,Berlin,CUST2521,PROD342,TV,Sony Bravia 55,Lenovo,5,363.88,0.01,0.18,2125.42,Net Banking,Online,EMP503,3,0,Standard,9,AED
ORD131004,06-11-2023,BR55,Germany,Berlin,CUST3283,PROD440,Tablet,iPad Air,Samsung,3,521.23,0,0.18,1845.15,Cash,Online,EMP862,3,1,Same Day,4,AED
ORD131005,06-02-2023,BR55,UK,London,CUST3799,PROD266,Accessories,Bluetooth Headphones,Apple,5,522.69,0.23,0.18,2374.58,Credit Card,Online,EMP582,3,1,Express,2,INR
ORD131006,06-08-2023,BR9,India,Mumbai,CUST9955,PROD777,TV,Samsung QLED 50,Dell,2,894.72,0.08,0.18,1942.62,UPI,In-Store,EMP593,1,1,Express,4,EUR
ORD131007,30-08-2023,BR67,Germany,Hamburg,CUST7451,PROD875,TV,Sony Bravia 55,LG,1,1576.93,0.18,0.18,1525.84,Debit Card,Online,EMP905,2,1,Express,3,EUR
ORD131008,14-12-2023,BR84,USA,Los Angeles,CUST7752,PROD418,Tablet,Samsung Galaxy Tab,Lenovo,2,1401.22,0.11,0.18,2943.12,Net Banking,In-Store,EMP294,2,1,Same Day,3,EUR
ORD131009,02-10-2024,BR72,India,Mumbai,CUST8980,PROD557,Tablet,Samsung Galaxy Tab,Sony,3,317.45,0.3,0.18,786.64,Debit Card,In-Store,EMP775,0,1,Same Day,6,USD
ORD131010,21-04-2024,BR109,USA,Chicago,CUST9104,PROD833,Mobile,Samsung Galaxy S23,Dell,3,460.59,0.05,0.18,1548.96,Debit Card,In-Store,EMP329,1,1,Express,8,INR
ORD131011,12-08-2023,BR10,India,Mumbai,CUST5369,PROD531,Accessories,Bluetooth Headphones,Sony,2,1174.76,0.16,0.18,2328.84,UPI,In-Store,EMP590,1,0,Standard,4,USD
ORD131012,25-10-2023,BR5,USA,Chicago,CUST1218,PROD255,Laptop,HP Spectre x360,HP,1,1966.57,0.25,0.18,1740.41,Net Banking,Online,EMP601,0,1,Express,4,INR
ORD131013,14-08-2023,BR63,India,Delhi,CUST7306,PROD981,Laptop,Dell XPS 13,OnePlus,4,549.18,0.09,0.18,2358.84,UPI,In-Store,EMP786,2,1,Standard,8,EUR
ORD131014,07-06-2023,BR24,India,Mumbai,CUST1553,PROD680,Accessories,Keyboard,Sony,2,234.97,0.29,0.18,393.72,Cash,Online,EMP996,0,1,Same Day,8,INR
ORD131015,26-02-2024,BR73,India,Mumbai,CUST7071,PROD704,Mobile,Samsung Galaxy S23,Samsung,1,1541.84,0.06,0.18,1710.21,Debit Card,In-Store,EMP354,2,1,Same Day,1,USD
ORD131016,18-12-2023,BR2,Germany,Munich,CUST6880,PROD388,Laptop,HP Spectre x360,HP,5,1827.88,0.18,0.18,8843.28,Cash,In-Store,EMP892,2,1,Standard,4,USD
ORD131017,12-01-2024,BR80,USA,Dallas,CUST9382,PROD115,Accessories,Bluetooth Headphones,Sony,3,1757.17,0.24,0.18,4727.49,UPI,Online,EMP757,2,0,Same Day,3,AED
ORD131018,11-02-2023,BR9,UAE,Dubai,CUST3641,PROD730,Accessories,Wireless Mouse,LG,5,1366.93,0.29,0.18,5726.07,Net Banking,Online,EMP947,2,0,Same Day,7,INR
ORD131019,19-11-2023,BR33,UAE,Dubai,CUST2898,PROD963,Laptop,MacBook Air M2,LG,2,278.6,0.12,0.18,578.6,UPI,In-Store,EMP221,2,1,Same Day,2,GBP
ORD131020,23-01-2023,BR63,UAE,Dubai,CUST2785,PROD954,Mobile,Samsung Galaxy S23,LG,3,1649.98,0.2,0.18,4672.74,Credit Card,In-Store,EMP706,2,1,Express,3,AED
ORD131021,05-04-2023,BR115,India,Mumbai,CUST4395,PROD655,Tablet,iPad Air,HP,1,58.9,0.23,0.18,53.52,Cash,Online,EMP338,0,0,Standard,10,AED
ORD131022,09-12-2024,BR10,UAE,Dubai,CUST8274,PROD906,Accessories,Bluetooth Headphones,HP,3,1897.23,0.3,0.18,4701.34,Credit Card,Online,EMP714,1,1,Standard,1,AED
ORD131023,09-04-2023,BR55,UAE,Abu Dhabi,CUST4159,PROD911,Laptop,HP Spectre x360,Lenovo,2,468.59,0.04,0.18,1061.64,Debit Card,In-Store,EMP334,1,0,Express,4,INR
ORD131024,27-08-2023,BR50,USA,New York,CUST6203,PROD119,TV,Sony Bravia 55,Apple,4,1133.86,0.28,0.18,3853.31,Credit Card,Online,EMP881,2,1,Express,10,GBP
ORD131025,16-09-2024,BR87,UK,Birmingham,CUST9777,PROD795,Accessories,Bluetooth Headphones,Samsung,2,1066.27,0.17,0.18,2088.61,UPI,Online,EMP357,2,0,Express,4,AED
ORD131026,11-05-2024,BR25,UK,Manchester,CUST3143,PROD425,Accessories,Bluetooth Headphones,HP,1,1516.78,0.09,0.18,1628.72,Net Banking,Online,EMP476,1,0,Express,5,GBP
ORD131027,27-08-2023,BR28,Germany,Berlin,CUST5739,PROD196,TV,Samsung QLED 50,Dell,5,1618.7,0,0.18,9550.33,UPI,In-Store,EMP450,1,1,Express,6,USD
ORD131028,01-07-2023,BR105,Germany,Munich,CUST6093,PROD335,Laptop,Dell XPS 13,LG,4,1156.02,0.22,0.18,4256,Cash,Online,EMP556,2,1,Standard,1,AED
ORD131029,15-08-2024,BR114,USA,New York,CUST3193,PROD718,Accessories,Keyboard,Samsung,4,493.39,0.18,0.18,1909.62,UPI,In-Store,EMP773,0,0,Express,3,AED
ORD131030,20-07-2023,BR78,USA,Dallas,CUST5805,PROD821,TV,Sony Bravia 55,OnePlus,2,541.35,0.3,0.18,894.31,Cash,In-Store,EMP555,0,1,Same Day,8,USD
ORD131031,29-03-2023,BR120,UAE,Abu Dhabi,CUST4689,PROD313,Tablet,Samsung Galaxy Tab,Dell,1,1806.8,0.29,0.18,1513.74,Cash,In-Store,EMP811,2,1,Express,6,USD
ORD131032,27-12-2023,BR10,India,Delhi,CUST5770,PROD878,Mobile,Samsung Galaxy S23,Lenovo,4,1468.01,0.13,0.18,6028.24,Cash,In-Store,EMP275,1,0,Express,6,USD
ORD131033,27-01-2023,BR55,UK,Birmingham,CUST8840,PROD284,TV,Sony Bravia 55,Sony,5,665.88,0.24,0.18,2985.81,Net Banking,In-Store,EMP618,2,0,Express,3,AED
ORD131034,29-08-2024,BR3,UK,Birmingham,CUST9621,PROD440,TV,LG OLED 48,Sony,3,1660.13,0.15,0.18,4995.33,Debit Card,In-Store,EMP603,1,1,Standard,10,EUR
ORD131035,05-10-2024,BR101,UK,Birmingham,CUST4735,PROD223,Tablet,Lenovo Tab P11,HP,3,775.71,0.06,0.18,2581.25,Cash,In-Store,EMP881,1,1,Same Day,7,INR
ORD131036,17-01-2024,BR44,USA,Chicago,CUST9935,PROD350,TV,Samsung QLED 50,Apple,4,372.23,0.29,0.18,1247.42,Credit Card,Online,EMP379,1,1,Same Day,6,INR
ORD131037,02-05-2024,BR34,UAE,Abu Dhabi,CUST5892,PROD582,Accessories,Wireless Mouse,OnePlus,3,961.35,0.01,0.18,3369.15,Debit Card,Online,EMP314,1,1,Standard,9,INR
ORD131038,18-09-2024,BR24,Germany,Munich,CUST9017,PROD803,Tablet,Samsung Galaxy Tab,Sony,3,986.38,0.1,0.18,3142.61,Net Banking,Online,EMP921,0,0,Standard,4,INR
ORD131039,26-04-2023,BR112,USA,Los Angeles,CUST1456,PROD304,Tablet,iPad Air,Sony,1,961.82,0.13,0.18,987.4,Cash,In-Store,EMP969,3,1,Express,9,AED
ORD131040,11-11-2023,BR76,India,Delhi,CUST8111,PROD287,Accessories,Keyboard,Samsung,5,989.89,0.22,0.18,4555.47,UPI,Online,EMP879,0,1,Same Day,5,USD
ORD131041,15-08-2023,BR77,UK,Birmingham,CUST6885,PROD585,Accessories,Keyboard,Apple,3,1212.47,0.2,0.18,3433.72,Net Banking,Online,EMP828,0,1,Express,8,USD
ORD131042,19-04-2023,BR86,UK,Manchester,CUST7109,PROD704,TV,Sony Bravia 55,Lenovo,3,1221.38,0.15,0.18,3675.13,Debit Card,In-Store,EMP603,0,1,Same Day,7,GBP
ORD131043,11-03-2024,BR82,Germany,Hamburg,CUST6837,PROD785,Accessories,Bluetooth Headphones,HP,5,1864.66,0.03,0.18,10671.45,UPI,In-Store,EMP491,2,0,Same Day,3,USD
ORD131044,22-04-2024,BR69,USA,New York,CUST3471,PROD533,TV,Samsung QLED 50,Apple,3,1122.13,0.18,0.18,3257.32,Net Banking,In-Store,EMP612,1,1,Express,5,GBP
ORD131045,05-05-2024,BR43,UAE,Abu Dhabi,CUST6826,PROD614,Tablet,Samsung Galaxy Tab,Apple,2,1179.04,0.21,0.18,2198.2,Credit Card,Online,EMP998,2,1,Express,4,EUR
ORD131046,01-11-2023,BR51,UK,London,CUST6751,PROD995,Accessories,Wireless Mouse,Samsung,5,1816.67,0.25,0.18,8038.76,Cash,In-Store,EMP444,0,0,Standard,2,EUR
ORD131047,21-11-2024,BR79,UK,Manchester,CUST6629,PROD483,Accessories,Bluetooth Headphones,Sony,1,1660.36,0.26,0.18,1449.83,Cash,In-Store,EMP707,1,1,Same Day,6,USD
ORD131048,25-12-2023,BR45,USA,Chicago,CUST1332,PROD713,Tablet,iPad Air,Dell,4,1342.53,0.15,0.18,5386.23,Net Banking,In-Store,EMP757,2,0,Same Day,9,INR
ORD131049,05-02-2024,BR11,USA,Los Angeles,CUST4838,PROD164,Laptop,HP Spectre x360,Apple,2,650.98,0.15,0.18,1305.87,Cash,In-Store,EMP669,3,0,Express,5,EUR
ORD131050,26-07-2024,BR22,USA,New York,CUST4012,PROD558,Tablet,Lenovo Tab P11,Dell,1,1579.49,0.05,0.18,1770.61,Debit Card,Online,EMP684,2,0,Same Day,5,USD
ORD131051,06-09-2024,BR79,UK,Manchester,CUST5055,PROD761,TV,Sony Bravia 55,OnePlus,4,1811.82,0.14,0.18,7354.54,Net Banking,In-Store,EMP788,2,0,Same Day,8,GBP
ORD131052,16-05-2024,BR23,USA,Los Angeles,CUST4165,PROD957,Accessories,Bluetooth Headphones,OnePlus,4,1491.01,0.17,0.18,5841.18,UPI,In-Store,EMP668,3,1,Standard,7,EUR
ORD131053,01-09-2023,BR101,UAE,Dubai,CUST6085,PROD902,Accessories,Wireless Mouse,Samsung,4,1223.12,0.24,0.18,4387.58,Debit Card,In-Store,EMP429,2,1,Express,10,INR
ORD131054,19-11-2024,BR27,Germany,Hamburg,CUST9652,PROD213,Mobile,Samsung Galaxy S23,OnePlus,5,148.33,0.21,0.18,691.37,UPI,In-Store,EMP276,1,0,Standard,10,INR
ORD131055,30-08-2024,BR22,UAE,Dubai,CUST4041,PROD875,Laptop,Dell XPS 13,Lenovo,4,383.32,0.16,0.18,1519.79,Cash,In-Store,EMP477,1,1,Express,4,GBP
ORD131056,30-01-2023,BR96,UAE,Abu Dhabi,CUST3022,PROD302,Accessories,Wireless Mouse,Lenovo,4,526.87,0.18,0.18,2039.2,Debit Card,In-Store,EMP483,2,1,Express,7,GBP
ORD131057,04-01-2024,BR2,USA,Chicago,CUST8643,PROD626,Accessories,Wireless Mouse,LG,2,1623.1,0.14,0.18,3294.24,Cash,In-Store,EMP574,3,1,Same Day,7,USD
ORD131058,27-07-2024,BR68,UK,Birmingham,CUST4417,PROD826,Accessories,Keyboard,OnePlus,2,1083.25,0.28,0.18,1840.66,Credit Card,Online,EMP826,0,1,Standard,10,EUR
ORD131059,21-07-2023,BR79,UK,Manchester,CUST2322,PROD499,Mobile,iPhone 14,OnePlus,3,1063.62,0.26,0.18,2786.26,Credit Card,In-Store,EMP270,0,1,Same Day,6,EUR
ORD131060,15-06-2024,BR66,India,Mumbai,CUST4202,PROD811,Tablet,Lenovo Tab P11,Sony,2,987.88,0.22,0.18,1818.49,Credit Card,Online,EMP921,2,0,Same Day,4,GBP
ORD131061,20-05-2024,BR98,UK,Manchester,CUST2400,PROD771,Laptop,HP Spectre x360,LG,4,1888.66,0.06,0.18,8379.61,Cash,In-Store,EMP917,1,1,Standard,8,INR
ORD131062,05-04-2024,BR30,UK,Birmingham,CUST1259,PROD532,Laptop,MacBook Air M2,LG,2,327.82,0.01,0.18,765.92,Cash,Online,EMP912,0,0,Express,2,AED
ORD131063,25-07-2023,BR102,India,Mumbai,CUST2201,PROD876,Tablet,iPad Air,Samsung,4,883.02,0.04,0.18,4001.14,UPI,In-Store,EMP421,2,1,Express,4,USD
ORD131064,27-06-2023,BR48,UAE,Abu Dhabi,CUST3944,PROD376,Tablet,Lenovo Tab P11,Dell,2,576.73,0.08,0.18,1252.2,Net Banking,Online,EMP737,3,0,Standard,6,AED
ORD131065,18-07-2023,BR107,India,Mumbai,CUST3533,PROD857,Mobile,Samsung Galaxy S23,Dell,2,1809.68,0.01,0.18,4228.14,Credit Card,In-Store,EMP573,0,0,Express,10,EUR
ORD131066,30-03-2023,BR31,UK,Manchester,CUST1164,PROD436,Mobile,iPhone 14,OnePlus,1,927.65,0.08,0.18,1007.06,Cash,In-Store,EMP591,0,1,Express,8,GBP
ORD131067,25-05-2024,BR109,USA,Dallas,CUST5783,PROD645,TV,LG OLED 48,LG,5,541.23,0.3,0.18,2235.28,Debit Card,Online,EMP596,3,0,Express,4,INR
ORD131068,13-08-2024,BR106,UK,London,CUST9553,PROD565,Accessories,Wireless Mouse,Apple,3,861.11,0.1,0.18,2743.5,UPI,Online,EMP558,3,1,Standard,5,AED
ORD131069,16-04-2024,BR53,Germany,Berlin,CUST7730,PROD908,TV,Samsung QLED 50,OnePlus,2,1757.08,0.19,0.18,3358.83,Debit Card,Online,EMP630,1,1,Express,10,AED
ORD131070,18-07-2023,BR100,UK,London,CUST3054,PROD591,Laptop,Dell XPS 13,LG,5,949.18,0.3,0.18,3920.11,Credit Card,In-Store,EMP503,2,0,Express,7,AED
ORD131071,10-11-2023,BR99,USA,Dallas,CUST9496,PROD626,Accessories,Bluetooth Headphones,Lenovo,5,1806.09,0.02,0.18,10442.81,Net Banking,Online,EMP375,1,1,Express,4,EUR
ORD131072,25-03-2023,BR51,India,Pune,CUST6955,PROD933,Tablet,Samsung Galaxy Tab,OnePlus,3,1096.48,0.25,0.18,2911.15,Credit Card,Online,EMP233,2,1,Express,2,GBP
ORD131073,09-02-2023,BR119,UK,Birmingham,CUST1948,PROD803,Mobile,OnePlus 11,Samsung,5,1984.6,0.09,0.18,10655.32,Credit Card,In-Store,EMP348,1,1,Same Day,5,USD
ORD131074,05-04-2023,BR25,UAE,Abu Dhabi,CUST6278,PROD268,Laptop,Dell XPS 13,Sony,5,987.51,0.04,0.18,5593.26,Cash,Online,EMP310,1,0,Express,8,AED
ORD131075,26-11-2023,BR46,UK,London,CUST5864,PROD324,TV,Samsung QLED 50,Lenovo,5,1300.65,0.3,0.18,5371.68,UPI,In-Store,EMP633,3,0,Standard,2,INR
ORD131076,28-07-2023,BR29,UK,Manchester,CUST4001,PROD230,Accessories,Wireless Mouse,Apple,5,52.17,0.15,0.18,261.63,UPI,In-Store,EMP529,0,1,Standard,2,EUR
ORD131077,16-10-2024,BR23,USA,Chicago,CUST1761,PROD635,Laptop,Dell XPS 13,LG,2,581.22,0.15,0.18,1165.93,Net Banking,Online,EMP998,2,1,Standard,2,INR
ORD131078,23-01-2023,BR91,India,Mumbai,CUST7141,PROD862,Accessories,Keyboard,Lenovo,3,1226.36,0.12,0.18,3820.36,Cash,Online,EMP436,0,0,Same Day,6,GBP
ORD131079,09-07-2023,BR101,UAE,Dubai,CUST5583,PROD740,TV,Samsung QLED 50,Apple,1,1563.06,0.19,0.18,1493.97,Cash,In-Store,EMP460,3,1,Express,3,EUR
ORD131080,01-06-2024,BR75,Germany,Munich,CUST1044,PROD753,Tablet,Samsung Galaxy Tab,Sony,1,1147.99,0.27,0.18,988.88,Net Banking,In-Store,EMP328,2,1,Same Day,7,INR
ORD131081,17-10-2023,BR39,UK,Manchester,CUST3612,PROD877,TV,Sony Bravia 55,HP,5,1715.26,0.11,0.18,9006.83,Debit Card,In-Store,EMP888,2,0,Express,5,AED
ORD131082,19-08-2024,BR53,UK,London,CUST1581,PROD605,TV,LG OLED 48,OnePlus,1,1081.51,0.2,0.18,1020.95,Net Banking,In-Store,EMP540,1,0,Standard,10,EUR
ORD131083,05-05-2023,BR113,UAE,Abu Dhabi,CUST7333,PROD525,Accessories,Keyboard,Samsung,5,1551.67,0.1,0.18,8239.37,Credit Card,In-Store,EMP911,2,1,Same Day,1,EUR
ORD131084,19-07-2024,BR75,India,Bangalore,CUST1250,PROD545,Accessories,Wireless Mouse,HP,3,692.33,0.17,0.18,2034.2,Debit Card,Online,EMP797,3,0,Standard,9,GBP
ORD131085,27-02-2023,BR36,USA,Dallas,CUST7604,PROD982,Tablet,Samsung Galaxy Tab,Sony,1,1566.65,0.28,0.18,1331.03,Net Banking,Online,EMP549,1,1,Standard,3,USD
ORD131086,10-04-2024,BR34,UK,London,CUST3142,PROD389,TV,Sony Bravia 55,OnePlus,1,1242.22,0.12,0.18,1289.92,Net Banking,In-Store,EMP939,2,1,Standard,9,USD
ORD131087,24-03-2024,BR81,UAE,Dubai,CUST7807,PROD676,Mobile,iPhone 14,Samsung,5,762.23,0.06,0.18,4227.33,Debit Card,In-Store,EMP587,0,1,Express,3,EUR
ORD131088,01-08-2024,BR8,UAE,Abu Dhabi,CUST1851,PROD960,Accessories,Keyboard,LG,1,1816.23,0.27,0.18,1564.5,Credit Card,In-Store,EMP414,1,0,Same Day,10,INR
ORD131089,26-12-2024,BR45,India,Mumbai,CUST5514,PROD860,Accessories,Keyboard,Lenovo,5,834.54,0.08,0.18,4529.88,UPI,In-Store,EMP366,2,0,Express,2,EUR
ORD131090,01-07-2023,BR100,UAE,Abu Dhabi,CUST8896,PROD910,Tablet,iPad Air,Samsung,2,696.77,0.3,0.18,1151.06,Net Banking,Online,EMP641,0,1,Express,5,GBP
ORD131091,12-10-2024,BR29,UK,Manchester,CUST7102,PROD261,Laptop,MacBook Air M2,Sony,1,440.15,0.11,0.18,462.25,UPI,In-Store,EMP421,1,0,Express,9,INR
ORD131092,24-07-2024,BR45,UAE,Dubai,CUST9457,PROD636,Accessories,Wireless Mouse,Dell,1,989.14,0.19,0.18,945.42,Cash,In-Store,EMP237,3,0,Express,5,USD
ORD131093,11-02-2024,BR90,UAE,Dubai,CUST4524,PROD619,Laptop,MacBook Air M2,LG,1,1239.69,0.19,0.18,1184.9,Cash,In-Store,EMP201,3,0,Same Day,7,EUR
ORD131094,12-12-2023,BR6,UK,Birmingham,CUST1006,PROD440,Tablet,Samsung Galaxy Tab,LG,3,633.64,0.18,0.18,1839.33,Debit Card,Online,EMP755,0,0,Standard,10,USD
ORD131095,06-08-2023,BR71,UK,Manchester,CUST5323,PROD381,Laptop,MacBook Air M2,Samsung,5,893.98,0.18,0.18,4325.08,Cash,Online,EMP928,3,0,Express,8,GBP
ORD131096,19-11-2024,BR29,UAE,Dubai,CUST9152,PROD878,Mobile,iPhone 14,OnePlus,2,1595.13,0.19,0.18,3049.25,UPI,In-Store,EMP752,2,0,Standard,5,INR
ORD131097,22-01-2023,BR103,UK,Manchester,CUST5221,PROD641,Accessories,Keyboard,Lenovo,5,1644.74,0.23,0.18,7472.05,UPI,In-Store,EMP836,1,0,Standard,5,GBP
ORD131098,15-01-2024,BR61,Germany,Berlin,CUST3750,PROD891,Tablet,Samsung Galaxy Tab,Sony,4,502.12,0.27,0.18,1730.1,Cash,In-Store,EMP877,0,0,Same Day,5,GBP
ORD131099,15-10-2023,BR102,UAE,Abu Dhabi,CUST6062,PROD122,Mobile,iPhone 14,LG,4,262.64,0.29,0.18,880.16,Credit Card,Online,EMP905,0,0,Standard,9,USD
ORD131100,22-04-2024,BR70,UK,London,CUST3442,PROD947,Tablet,iPad Air,Samsung,5,980.54,0.27,0.18,4223.19,Cash,In-Store,EMP675,0,0,Same Day,7,GBP
ORD131101,27-06-2024,BR22,India,Mumbai,CUST9047,PROD506,Laptop,MacBook Air M2,LG,2,1430.56,0.05,0.18,3207.32,Net Banking,Online,EMP351,2,1,Express,5,AED
ORD131102,15-08-2023,BR44,India,Mumbai,CUST1510,PROD575,Tablet,Samsung Galaxy Tab,OnePlus,2,273.14,0.25,0.18,483.46,Credit Card,Online,EMP592,0,0,Standard,6,EUR
ORD131103,03-02-2023,BR19,USA,New York,CUST2003,PROD104,Mobile,OnePlus 11,Sony,4,1501.81,0.28,0.18,5103.75,Net Banking,Online,EMP270,2,1,Standard,1,INR
ORD131104,04-01-2023,BR73,Germany,Berlin,CUST3388,PROD149,Mobile,Samsung Galaxy S23,LG,5,598.59,0.19,0.18,2860.66,Net Banking,In-Store,EMP629,2,0,Same Day,4,AED
ORD131105,17-04-2024,BR47,USA,New York,CUST3312,PROD233,TV,LG OLED 48,Apple,4,1451.39,0.15,0.18,5822.98,UPI,Online,EMP503,2,1,Same Day,8,USD
ORD131106,03-07-2024,BR40,UAE,Dubai,CUST3349,PROD919,Accessories,Wireless Mouse,HP,2,1245.5,0.18,0.18,2410.29,UPI,In-Store,EMP389,1,1,Express,7,AED
ORD131107,22-09-2023,BR96,India,Bangalore,CUST4157,PROD600,Tablet,iPad Air,Dell,1,609.01,0.24,0.18,546.16,UPI,Online,EMP508,3,1,Same Day,10,AED
ORD131108,01-11-2024,BR34,India,Bangalore,CUST8061,PROD300,Accessories,Bluetooth Headphones,Sony,5,1101.81,0.08,0.18,5980.62,UPI,In-Store,EMP417,2,1,Express,5,EUR
ORD131109,15-07-2024,BR21,USA,Chicago,CUST4539,PROD885,Accessories,Bluetooth Headphones,Lenovo,1,810.21,0.23,0.18,736.16,Credit Card,In-Store,EMP424,2,0,Same Day,5,EUR
ORD131110,03-12-2023,BR47,UAE,Abu Dhabi,CUST7149,PROD364,Laptop,MacBook Air M2,Samsung,1,1598.38,0.05,0.18,1791.78,Net Banking,Online,EMP665,0,1,Express,6,USD
ORD131111,14-01-2023,BR91,India,Mumbai,CUST5023,PROD449,Accessories,Keyboard,Lenovo,4,1887.96,0.2,0.18,7128.94,UPI,Online,EMP767,0,0,Express,10,GBP
ORD131112,18-05-2024,BR106,UK,London,CUST8737,PROD517,Mobile,Samsung Galaxy S23,Apple,4,1342.51,0.27,0.18,4625.75,Debit Card,Online,EMP471,2,0,Same Day,10,AED
ORD131113,22-02-2024,BR8,UK,London,CUST2568,PROD134,Accessories,Wireless Mouse,LG,1,1849.92,0.06,0.18,2051.93,UPI,Online,EMP438,3,1,Same Day,4,AED
ORD131114,28-07-2024,BR30,USA,Los Angeles,CUST3823,PROD387,Accessories,Keyboard,Dell,2,1536.48,0.12,0.18,3190.96,Net Banking,Online,EMP714,3,1,Express,8,GBP
ORD131115,11-03-2024,BR37,USA,Los Angeles,CUST5465,PROD152,Tablet,Lenovo Tab P11,Samsung,4,991.79,0.07,0.18,4353.56,Net Banking,In-Store,EMP968,1,0,Express,5,EUR
ORD131116,17-05-2023,BR27,USA,Dallas,CUST8971,PROD104,TV,Samsung QLED 50,LG,3,1264.29,0.19,0.18,3625.23,UPI,In-Store,EMP211,1,1,Same Day,10,INR
ORD131117,21-12-2024,BR82,India,Bangalore,CUST9900,PROD563,TV,LG OLED 48,OnePlus,1,1447.37,0.29,0.18,1212.61,Cash,In-Store,EMP686,1,1,Same Day,10,EUR
ORD131118,21-01-2023,BR43,India,Pune,CUST6888,PROD258,Laptop,MacBook Air M2,Apple,3,1304.4,0.25,0.18,3463.18,Credit Card,Online,EMP578,3,1,Express,9,GBP
ORD131119,10-06-2024,BR53,Germany,Munich,CUST1292,PROD941,Tablet,Lenovo Tab P11,HP,5,1390.73,0.18,0.18,6728.35,Credit Card,In-Store,EMP717,0,0,Standard,10,EUR
ORD131120,21-11-2024,BR61,UAE,Dubai,CUST9769,PROD500,TV,LG OLED 48,Dell,2,1805.62,0.21,0.18,3366.4,Net Banking,Online,EMP337,2,0,Same Day,10,GBP
ORD131121,04-05-2024,BR7,Germany,Munich,CUST8638,PROD102,Tablet,Samsung Galaxy Tab,HP,2,1781.88,0.03,0.18,4079.08,Net Banking,Online,EMP237,1,0,Standard,6,USD
ORD131122,01-03-2024,BR16,USA,New York,CUST6430,PROD951,Mobile,Samsung Galaxy S23,Apple,3,796.93,0.05,0.18,2680.08,Cash,Online,EMP602,3,0,Express,9,EUR
ORD131123,12-07-2024,BR79,India,Delhi,CUST3844,PROD312,Mobile,iPhone 14,Sony,2,143.96,0.1,0.18,305.77,Net Banking,In-Store,EMP224,0,1,Same Day,10,INR
ORD131124,06-03-2024,BR1,India,Delhi,CUST4227,PROD435,Accessories,Wireless Mouse,Lenovo,3,693.44,0.11,0.18,2184.75,Cash,In-Store,EMP814,1,0,Express,4,EUR
ORD131125,14-02-2024,BR5,USA,Los Angeles,CUST3057,PROD482,Mobile,OnePlus 11,LG,4,1417.6,0.28,0.18,4817.57,Credit Card,Online,EMP279,3,0,Express,6,GBP
ORD131126,20-06-2024,BR89,Germany,Berlin,CUST4508,PROD521,Tablet,Samsung Galaxy Tab,HP,5,657.26,0.05,0.18,3683.94,Cash,Online,EMP459,3,1,Same Day,1,USD
ORD131127,02-08-2023,BR78,USA,New York,CUST3975,PROD811,Laptop,MacBook Air M2,Lenovo,2,731.59,0.11,0.18,1536.63,Credit Card,In-Store,EMP818,1,1,Standard,8,USD
ORD131128,11-03-2024,BR56,India,Pune,CUST5038,PROD233,TV,Samsung QLED 50,OnePlus,1,1335.31,0.21,0.18,1244.78,Debit Card,Online,EMP974,3,1,Standard,3,EUR
ORD131129,24-11-2024,BR58,India,Pune,CUST3172,PROD273,Tablet,iPad Air,HP,5,1548.45,0.28,0.18,6577.82,Debit Card,In-Store,EMP638,0,1,Same Day,3,GBP
ORD131130,16-09-2023,BR61,Germany,Berlin,CUST1176,PROD328,Tablet,Samsung Galaxy Tab,Apple,2,456.05,0.29,0.18,764.16,Credit Card,In-Store,EMP454,1,0,Express,5,USD
ORD131131,29-05-2023,BR54,Germany,Munich,CUST6316,PROD333,Tablet,iPad Air,Lenovo,3,563.31,0.29,0.18,1415.82,UPI,In-Store,EMP467,0,1,Express,4,GBP
ORD131132,22-05-2024,BR115,UAE,Dubai,CUST7048,PROD939,Tablet,iPad Air,Samsung,1,684.64,0.13,0.18,702.85,Credit Card,In-Store,EMP623,0,1,Standard,7,AED
ORD131133,29-12-2023,BR112,Germany,Munich,CUST6856,PROD245,Tablet,Lenovo Tab P11,LG,4,1489.08,0.1,0.18,6325.61,Debit Card,Online,EMP274,0,0,Standard,4,EUR
ORD131134,21-10-2024,BR94,UAE,Dubai,CUST6199,PROD798,Accessories,Bluetooth Headphones,Samsung,3,1742.27,0.17,0.18,5119.14,Net Banking,In-Store,EMP514,1,1,Same Day,7,INR
ORD131135,12-01-2023,BR4,UK,Birmingham,CUST6313,PROD525,Mobile,iPhone 14,Lenovo,3,1615.8,0.21,0.18,4518.75,UPI,In-Store,EMP405,0,1,Standard,9,GBP
ORD131136,03-10-2024,BR75,UAE,Abu Dhabi,CUST2885,PROD512,Mobile,OnePlus 11,LG,2,1125.73,0.1,0.18,2391.05,Cash,In-Store,EMP679,0,0,Express,10,USD
ORD131137,18-05-2023,BR51,UAE,Dubai,CUST5147,PROD609,Mobile,Samsung Galaxy S23,LG,3,1903.22,0.11,0.18,5996.28,Debit Card,Online,EMP360,2,0,Express,6,EUR
ORD131138,05-02-2024,BR61,India,Mumbai,CUST3232,PROD170,TV,Sony Bravia 55,OnePlus,4,1052.98,0.26,0.18,3677.85,UPI,Online,EMP278,1,0,Standard,4,USD
ORD131139,23-01-2024,BR84,Germany,Berlin,CUST2222,PROD793,Mobile,OnePlus 11,LG,2,1415.82,0.22,0.18,2606.24,UPI,Online,EMP789,2,0,Same Day,8,INR
ORD131140,25-01-2024,BR5,USA,Dallas,CUST8884,PROD141,Laptop,MacBook Air M2,Apple,2,1292.27,0.27,0.18,2226.32,Debit Card,Online,EMP928,1,1,Express,6,GBP
ORD131141,12-03-2024,BR3,Germany,Hamburg,CUST2671,PROD704,Tablet,iPad Air,OnePlus,1,1456.19,0.07,0.18,1598.02,Credit Card,Online,EMP330,1,0,Same Day,7,USD
ORD131142,18-09-2024,BR51,USA,Chicago,CUST3022,PROD520,Mobile,OnePlus 11,OnePlus,1,1960.6,0.06,0.18,2174.7,Net Banking,In-Store,EMP424,2,0,Express,8,EUR
ORD131143,13-02-2023,BR59,Germany,Berlin,CUST9231,PROD973,Tablet,Samsung Galaxy Tab,HP,3,1321.35,0.1,0.18,4209.82,Net Banking,In-Store,EMP727,2,0,Standard,6,GBP
ORD131144,15-10-2024,BR45,UK,Manchester,CUST2560,PROD507,Mobile,iPhone 14,HP,5,1652.23,0.15,0.18,8285.93,Credit Card,Online,EMP467,3,0,Standard,4,AED
ORD131145,08-05-2024,BR70,Germany,Munich,CUST7559,PROD916,TV,Sony Bravia 55,Lenovo,1,417.77,0.26,0.18,364.8,UPI,Online,EMP546,2,1,Standard,9,USD
ORD131146,01-02-2024,BR78,UAE,Dubai,CUST8193,PROD468,Tablet,Samsung Galaxy Tab,Dell,3,659.57,0.24,0.18,1774.51,Cash,In-Store,EMP473,3,0,Standard,1,AED
ORD131147,27-12-2024,BR111,UK,London,CUST9634,PROD977,Tablet,Lenovo Tab P11,Samsung,5,1783.8,0.03,0.18,10208.69,Cash,In-Store,EMP662,3,0,Same Day,7,USD
ORD131148,17-12-2023,BR23,UK,Birmingham,CUST3568,PROD114,Mobile,OnePlus 11,Lenovo,5,1503.93,0.03,0.18,8606.99,UPI,In-Store,EMP517,2,1,Express,1,USD
ORD131149,14-02-2024,BR18,Germany,Berlin,CUST1010,PROD468,Tablet,iPad Air,Sony,1,1451.07,0.25,0.18,1284.2,Debit Card,Online,EMP902,2,1,Standard,7,GBP
ORD131150,06-04-2024,BR81,India,Delhi,CUST3751,PROD200,Laptop,Dell XPS 13,Lenovo,2,501.33,0.26,0.18,875.52,Debit Card,Online,EMP957,3,1,Same Day,1,GBP
ORD131151,18-12-2024,BR12,UAE,Dubai,CUST8667,PROD141,Mobile,OnePlus 11,Lenovo,2,1300.01,0.07,0.18,2853.26,Credit Card,In-Store,EMP330,2,1,Same Day,8,AED
ORD131152,17-08-2023,BR11,UK,Birmingham,CUST1420,PROD257,TV,Samsung QLED 50,Dell,4,351.75,0.08,0.18,1527.44,Credit Card,In-Store,EMP201,0,0,Express,4,EUR
ORD131153,21-10-2023,BR113,UK,Birmingham,CUST6816,PROD919,Tablet,Lenovo Tab P11,OnePlus,2,1256.63,0.12,0.18,2609.77,Credit Card,In-Store,EMP732,1,1,Express,1,INR
ORD131154,20-05-2024,BR76,Germany,Hamburg,CUST3936,PROD395,Laptop,Dell XPS 13,Dell,5,804.35,0.06,0.18,4460.93,Net Banking,In-Store,EMP642,3,1,Express,7,EUR
ORD131155,28-11-2023,BR44,USA,Chicago,CUST5705,PROD135,TV,Sony Bravia 55,Apple,4,219.3,0.23,0.18,797.02,UPI,In-Store,EMP700,1,0,Standard,3,EUR
ORD131156,02-12-2024,BR72,USA,Dallas,CUST4793,PROD902,Accessories,Keyboard,HP,5,998.49,0.06,0.18,5537.63,Cash,In-Store,EMP615,3,0,Standard,2,EUR
ORD131157,13-11-2023,BR80,USA,Los Angeles,CUST6882,PROD543,Accessories,Keyboard,OnePlus,5,1124.34,0.19,0.18,5373.22,UPI,In-Store,EMP984,1,1,Same Day,8,INR
ORD131158,22-12-2024,BR29,India,Mumbai,CUST5828,PROD262,TV,LG OLED 48,Apple,3,145.97,0.22,0.18,403.05,Credit Card,Online,EMP458,1,1,Express,2,GBP
ORD131159,23-03-2023,BR31,UK,Manchester,CUST3569,PROD425,Laptop,HP Spectre x360,OnePlus,1,705.32,0.06,0.18,782.34,Credit Card,Online,EMP237,0,0,Express,9,GBP
ORD131160,20-12-2024,BR49,UAE,Abu Dhabi,CUST6885,PROD307,TV,Samsung QLED 50,Sony,3,94.21,0.09,0.18,303.49,Cash,In-Store,EMP402,3,1,Standard,2,USD
ORD131161,13-04-2024,BR105,USA,Los Angeles,CUST6008,PROD569,Laptop,Dell XPS 13,HP,1,820.86,0.16,0.18,813.64,Net Banking,Online,EMP279,1,1,Same Day,10,AED
ORD131162,28-05-2024,BR15,UAE,Abu Dhabi,CUST2058,PROD135,TV,LG OLED 48,Samsung,2,118.55,0.05,0.18,265.79,Cash,In-Store,EMP345,3,1,Standard,3,USD
ORD131163,05-09-2023,BR95,UK,Manchester,CUST3401,PROD350,Tablet,Samsung Galaxy Tab,Samsung,2,1968.37,0.05,0.18,4413.09,Net Banking,Online,EMP661,2,0,Express,9,USD
ORD131164,14-07-2023,BR97,Germany,Hamburg,CUST3270,PROD194,Tablet,iPad Air,Sony,2,422.41,0.05,0.18,947.04,Cash,In-Store,EMP493,2,0,Same Day,6,AED
ORD131165,18-06-2023,BR88,India,Pune,CUST9270,PROD313,Mobile,OnePlus 11,Samsung,4,619.15,0.08,0.18,2688.6,Net Banking,In-Store,EMP818,2,1,Standard,8,INR
ORD131166,06-10-2024,BR88,UAE,Dubai,CUST2436,PROD257,Mobile,Samsung Galaxy S23,Sony,1,1843.8,0.25,0.18,1631.76,Debit Card,Online,EMP376,3,0,Standard,4,INR
ORD131167,07-06-2024,BR2,USA,Los Angeles,CUST3342,PROD770,Mobile,iPhone 14,OnePlus,1,96.81,0.2,0.18,91.39,Credit Card,Online,EMP743,1,0,Same Day,1,EUR
ORD131168,06-05-2024,BR21,UAE,Dubai,CUST1902,PROD150,Laptop,Dell XPS 13,Apple,2,382.74,0.22,0.18,704.55,Net Banking,In-Store,EMP704,1,0,Standard,6,AED
ORD131169,20-06-2023,BR63,Germany,Munich,CUST3966,PROD485,Laptop,Dell XPS 13,OnePlus,1,1517.65,0.21,0.18,1414.75,UPI,In-Store,EMP674,1,1,Standard,8,AED
ORD131170,21-01-2023,BR102,India,Pune,CUST2808,PROD103,Tablet,Samsung Galaxy Tab,Apple,3,1990.34,0.14,0.18,6059.39,Debit Card,Online,EMP941,0,1,Standard,1,USD
ORD131171,23-09-2024,BR115,UAE,Abu Dhabi,CUST4117,PROD719,Tablet,Lenovo Tab P11,HP,5,568.64,0.27,0.18,2449.13,Cash,In-Store,EMP411,2,1,Same Day,8,INR
ORD131172,06-01-2023,BR4,USA,Dallas,CUST8141,PROD114,TV,Sony Bravia 55,OnePlus,2,700.1,0.19,0.18,1338.31,Debit Card,In-Store,EMP676,1,1,Express,9,GBP
ORD131173,09-02-2024,BR16,India,Bangalore,CUST4307,PROD432,Mobile,iPhone 14,OnePlus,4,1365.86,0.06,0.18,6060.05,Credit Card,In-Store,EMP282,2,1,Express,5,EUR
ORD131174,17-05-2023,BR46,Germany,Hamburg,CUST3187,PROD961,Accessories,Wireless Mouse,Dell,4,1053.61,0.23,0.18,3829.24,Debit Card,In-Store,EMP308,0,0,Standard,6,AED
ORD131175,23-07-2023,BR34,Germany,Berlin,CUST7234,PROD649,Laptop,MacBook Air M2,Samsung,4,407.19,0.01,0.18,1902.72,UPI,In-Store,EMP314,3,1,Standard,2,EUR
ORD131176,06-07-2023,BR114,UK,London,CUST3994,PROD916,Mobile,OnePlus 11,LG,5,810.29,0.1,0.18,4302.64,Credit Card,Online,EMP909,3,0,Standard,10,USD
ORD131177,09-03-2024,BR1,UK,London,CUST9204,PROD128,Laptop,HP Spectre x360,Lenovo,2,1511.68,0.2,0.18,2854.05,Net Banking,Online,EMP657,2,0,Express,4,INR
ORD131178,13-09-2023,BR32,UK,Birmingham,CUST5103,PROD764,Mobile,Samsung Galaxy S23,LG,1,1523.77,0.04,0.18,1726.13,Net Banking,In-Store,EMP450,0,1,Standard,9,EUR
ORD131179,19-11-2024,BR1,USA,Los Angeles,CUST1597,PROD922,TV,Sony Bravia 55,Samsung,5,960.65,0.2,0.18,4534.27,Credit Card,Online,EMP573,1,1,Standard,2,AED
ORD131180,01-08-2023,BR82,USA,Los Angeles,CUST2158,PROD487,Accessories,Keyboard,Samsung,5,334.54,0.18,0.18,1618.5,Net Banking,In-Store,EMP291,3,1,Same Day,5,GBP
ORD131181,16-08-2024,BR74,USA,New York,CUST3485,PROD335,Tablet,Lenovo Tab P11,Samsung,1,1279.55,0.06,0.18,1419.28,Debit Card,In-Store,EMP878,1,0,Express,3,EUR
ORD131182,07-11-2023,BR2,Germany,Hamburg,CUST4247,PROD980,Laptop,HP Spectre x360,OnePlus,2,729.39,0.02,0.18,1686.93,Credit Card,Online,EMP517,0,1,Same Day,9,INR
ORD131183,04-10-2023,BR79,India,Bangalore,CUST1957,PROD144,TV,Sony Bravia 55,Dell,3,1732.05,0.1,0.18,5518.31,Cash,Online,EMP422,1,0,Same Day,3,INR
ORD131184,06-10-2024,BR119,UK,London,CUST2694,PROD250,Accessories,Wireless Mouse,Samsung,2,1476.92,0.06,0.18,3276.4,Credit Card,Online,EMP318,2,1,Same Day,10,INR
ORD131185,28-10-2024,BR24,India,Pune,CUST2059,PROD205,Mobile,iPhone 14,Samsung,4,991.38,0.25,0.18,3509.49,Net Banking,In-Store,EMP943,0,1,Standard,10,GBP
ORD131186,02-09-2023,BR73,USA,Los Angeles,CUST1605,PROD290,Laptop,MacBook Air M2,Sony,2,1616.45,0.29,0.18,2708.52,Debit Card,Online,EMP226,2,1,Standard,10,AED
ORD131187,13-03-2023,BR99,UAE,Dubai,CUST1150,PROD297,Laptop,MacBook Air M2,Samsung,5,444.71,0.2,0.18,2099.03,Cash,Online,EMP555,1,0,Express,9,USD
ORD131188,16-11-2023,BR109,USA,Dallas,CUST2714,PROD259,Laptop,Dell XPS 13,HP,3,721.06,0.2,0.18,2042.04,Net Banking,In-Store,EMP273,0,0,Standard,9,AED
ORD131189,17-09-2024,BR14,UAE,Abu Dhabi,CUST2006,PROD906,TV,Samsung QLED 50,OnePlus,3,152.75,0.06,0.18,508.29,Cash,Online,EMP633,3,1,Standard,6,USD
ORD131190,20-09-2024,BR88,UK,Manchester,CUST6629,PROD887,Laptop,MacBook Air M2,Apple,4,258.06,0.23,0.18,937.89,Cash,In-Store,EMP206,3,0,Express,9,EUR
ORD131191,24-06-2023,BR31,Germany,Berlin,CUST7147,PROD531,Accessories,Wireless Mouse,LG,2,997.87,0.12,0.18,2072.38,Net Banking,In-Store,EMP545,2,1,Express,6,GBP
ORD131192,20-01-2023,BR119,UK,Manchester,CUST5502,PROD600,Tablet,iPad Air,Apple,4,943.87,0.06,0.18,4187.76,Debit Card,Online,EMP874,1,0,Same Day,4,EUR
ORD131193,02-02-2023,BR10,India,Mumbai,CUST4633,PROD300,Tablet,Samsung Galaxy Tab,Sony,3,1537.57,0.09,0.18,4953.13,Credit Card,Online,EMP958,0,0,Express,2,USD
ORD131194,26-04-2024,BR8,UAE,Dubai,CUST3415,PROD683,Mobile,iPhone 14,OnePlus,3,1655.16,0.03,0.18,5683.49,Cash,Online,EMP616,2,0,Same Day,5,AED
ORD131195,10-08-2023,BR43,UK,Birmingham,CUST6714,PROD166,Mobile,OnePlus 11,OnePlus,3,762.8,0.04,0.18,2592.3,Net Banking,In-Store,EMP201,3,1,Same Day,10,AED
ORD131196,07-05-2023,BR4,Germany,Munich,CUST8763,PROD839,Laptop,Dell XPS 13,HP,3,783.27,0.08,0.18,2550.95,UPI,In-Store,EMP794,1,1,Standard,1,EUR
ORD131197,10-11-2023,BR20,UK,Birmingham,CUST7323,PROD210,Accessories,Bluetooth Headphones,OnePlus,1,1590.65,0.06,0.18,1764.35,Credit Card,Online,EMP338,3,1,Express,7,USD
ORD131198,13-05-2023,BR53,UAE,Dubai,CUST4028,PROD619,Laptop,HP Spectre x360,Lenovo,1,1693.09,0.26,0.18,1478.41,Debit Card,Online,EMP814,1,0,Standard,6,AED
ORD131199,15-03-2023,BR33,UAE,Abu Dhabi,CUST6078,PROD809,Accessories,Wireless Mouse,Apple,4,113.36,0.17,0.18,444.1,UPI,In-Store,EMP787,0,1,Same Day,8,GBP
ORD131200,11-11-2023,BR96,UAE,Abu Dhabi,CUST9519,PROD716,Accessories,Keyboard,OnePlus,1,1838.64,0.15,0.18,1844.16,UPI,Online,EMP428,1,1,Same Day,8,EUR
ORD131201,25-03-2024,BR81,UK,Birmingham,CUST2441,PROD611,TV,Sony Bravia 55,Apple,5,1883.69,0.29,0.18,7890.78,Cash,Online,EMP850,3,1,Express,2,INR
ORD131202,01-09-2024,BR100,UK,Manchester,CUST5437,PROD292,Tablet,Samsung Galaxy Tab,HP,1,1465.93,0.25,0.18,1297.35,Cash,In-Store,EMP668,1,1,Standard,9,AED
ORD131203,16-10-2023,BR69,Germany,Berlin,CUST6942,PROD862,Tablet,Lenovo Tab P11,Sony,3,251.08,0.08,0.18,817.72,Net Banking,In-Store,EMP679,2,0,Express,5,USD
ORD131204,10-06-2024,BR108,Germany,Munich,CUST8235,PROD435,Accessories,Keyboard,LG,2,156.02,0.04,0.18,353.48,Cash,In-Store,EMP340,0,1,Express,2,AED
ORD131205,20-09-2024,BR110,India,Mumbai,CUST9043,PROD488,Mobile,OnePlus 11,Dell,2,779.38,0.12,0.18,1618.62,Net Banking,Online,EMP854,1,0,Express,7,INR
ORD131206,28-12-2024,BR80,UK,Manchester,CUST2176,PROD677,TV,LG OLED 48,Sony,4,1246.48,0.01,0.18,5824.55,Credit Card,In-Store,EMP427,2,0,Express,2,INR
ORD131207,02-05-2023,BR37,UAE,Dubai,CUST1143,PROD440,Accessories,Keyboard,Samsung,5,1587.88,0.2,0.18,7494.79,Credit Card,Online,EMP723,2,1,Standard,10,INR
ORD131208,14-11-2023,BR106,UAE,Dubai,CUST6902,PROD467,TV,Samsung QLED 50,Lenovo,1,1840.14,0.16,0.18,1823.95,Credit Card,Online,EMP801,1,0,Same Day,1,USD
ORD131209,10-08-2023,BR7,UK,Manchester,CUST6717,PROD993,Accessories,Wireless Mouse,LG,3,733.68,0.09,0.18,2363.48,Cash,In-Store,EMP816,2,0,Standard,4,AED
ORD131210,23-07-2023,BR105,USA,Los Angeles,CUST4302,PROD153,TV,Samsung QLED 50,Dell,2,350.85,0.15,0.18,703.81,UPI,In-Store,EMP724,1,1,Same Day,10,GBP
ORD131211,24-05-2023,BR38,UAE,Dubai,CUST8755,PROD522,TV,Samsung QLED 50,Samsung,5,968.43,0.22,0.18,4456.71,UPI,Online,EMP353,2,1,Standard,9,GBP
ORD131212,01-10-2023,BR53,Germany,Munich,CUST1202,PROD677,TV,Samsung QLED 50,Sony,5,1557.72,0.19,0.18,7444.34,Cash,Online,EMP465,0,0,Express,3,INR
ORD131213,26-08-2023,BR39,UAE,Abu Dhabi,CUST8534,PROD892,TV,Samsung QLED 50,Dell,1,558.62,0.07,0.18,613.03,Net Banking,Online,EMP759,0,0,Express,4,USD
ORD131214,05-02-2024,BR25,UK,Manchester,CUST6017,PROD957,Mobile,OnePlus 11,OnePlus,1,261.63,0.14,0.18,265.5,Net Banking,In-Store,EMP313,2,0,Express,6,GBP
ORD131215,11-06-2023,BR15,UAE,Abu Dhabi,CUST8900,PROD326,Accessories,Wireless Mouse,Sony,5,1729.53,0.14,0.18,8775.64,Credit Card,Online,EMP697,3,1,Same Day,8,AED
ORD131216,16-07-2023,BR106,UAE,Dubai,CUST5226,PROD685,Laptop,HP Spectre x360,Sony,2,1199.05,0.1,0.18,2546.78,Debit Card,In-Store,EMP301,2,0,Standard,10,EUR
ORD131217,01-01-2024,BR22,India,Delhi,CUST6875,PROD831,Laptop,MacBook Air M2,Samsung,4,1443.22,0.14,0.18,5858.32,UPI,In-Store,EMP563,1,0,Express,9,AED
ORD131218,12-10-2024,BR57,UK,Birmingham,CUST1183,PROD820,Accessories,Keyboard,Apple,2,1733.79,0.14,0.18,3518.9,Net Banking,Online,EMP799,1,0,Express,4,EUR
ORD131219,19-11-2023,BR119,Germany,Munich,CUST2965,PROD973,TV,Sony Bravia 55,OnePlus,2,1333.08,0.1,0.18,2831.46,Credit Card,Online,EMP913,0,0,Same Day,9,AED
ORD131220,06-12-2024,BR16,UK,London,CUST8083,PROD250,Accessories,Keyboard,Sony,1,1806.76,0.26,0.18,1577.66,Credit Card,In-Store,EMP502,1,1,Express,8,AED
ORD131221,26-11-2024,BR51,UK,London,CUST6941,PROD365,TV,LG OLED 48,HP,3,1736.59,0.03,0.18,5963.1,Debit Card,In-Store,EMP733,0,1,Express,6,GBP
ORD131222,03-07-2023,BR40,UAE,Abu Dhabi,CUST3243,PROD154,Mobile,Samsung Galaxy S23,Samsung,1,1423.64,0.18,0.18,1377.51,Cash,In-Store,EMP314,1,0,Express,8,EUR
ORD131223,06-06-2024,BR97,Germany,Berlin,CUST7829,PROD742,Accessories,Wireless Mouse,Lenovo,4,1130.16,0.24,0.18,4054.11,UPI,In-Store,EMP450,0,1,Same Day,8,AED
ORD131224,04-06-2024,BR97,India,Mumbai,CUST4010,PROD137,TV,LG OLED 48,HP,3,234.71,0.01,0.18,822.56,Net Banking,Online,EMP493,1,1,Standard,10,GBP
ORD131225,29-01-2024,BR98,USA,Chicago,CUST3068,PROD197,Laptop,Dell XPS 13,Dell,1,139.52,0.29,0.18,116.89,Cash,Online,EMP415,3,1,Standard,2,AED
ORD131226,05-01-2024,BR4,USA,Dallas,CUST9091,PROD538,Laptop,Dell XPS 13,HP,2,1306.71,0.27,0.18,2251.2,Net Banking,In-Store,EMP901,2,0,Standard,7,EUR
ORD131227,20-11-2023,BR19,Germany,Munich,CUST6608,PROD175,Laptop,Dell XPS 13,Dell,3,989.71,0.15,0.18,2978.04,UPI,In-Store,EMP380,3,0,Standard,4,EUR
ORD131228,16-01-2023,BR50,UAE,Abu Dhabi,CUST1787,PROD291,Accessories,Bluetooth Headphones,OnePlus,5,1071.45,0.05,0.18,6005.48,UPI,In-Store,EMP787,0,0,Express,5,GBP
ORD131229,22-11-2023,BR119,India,Delhi,CUST6249,PROD344,TV,LG OLED 48,Samsung,3,1876.54,0.21,0.18,5247.93,Cash,In-Store,EMP425,2,1,Standard,5,INR
ORD131230,02-07-2024,BR27,Germany,Hamburg,CUST5784,PROD427,Laptop,Dell XPS 13,Samsung,1,627.8,0.04,0.18,711.17,Debit Card,Online,EMP244,2,0,Express,10,EUR
ORD131231,15-07-2023,BR68,UK,Manchester,CUST3273,PROD425,Accessories,Keyboard,Sony,3,670.25,0.25,0.18,1779.51,UPI,In-Store,EMP892,0,1,Express,5,USD
ORD131232,24-07-2023,BR35,UK,Birmingham,CUST5861,PROD829,Mobile,iPhone 14,OnePlus,2,1982.64,0.18,0.18,3836.8,Credit Card,Online,EMP247,0,1,Same Day,1,AED
ORD131233,28-07-2023,BR2,USA,Los Angeles,CUST8870,PROD350,Accessories,Keyboard,Sony,2,496.09,0.04,0.18,1123.94,Credit Card,In-Store,EMP840,2,1,Standard,2,USD
ORD131234,05-01-2023,BR68,UAE,Dubai,CUST1043,PROD664,Tablet,Lenovo Tab P11,HP,2,1481.28,0.28,0.18,2516.99,Cash,Online,EMP462,1,1,Standard,2,GBP
ORD131235,30-03-2024,BR115,Germany,Berlin,CUST9476,PROD644,TV,Samsung QLED 50,Sony,3,694.7,0.08,0.18,2262.5,Credit Card,In-Store,EMP591,0,1,Standard,7,USD
ORD131236,07-06-2023,BR55,USA,Los Angeles,CUST3275,PROD986,Tablet,Samsung Galaxy Tab,OnePlus,1,1752.77,0.03,0.18,2006.22,UPI,In-Store,EMP571,2,0,Express,3,USD
ORD131237,27-04-2024,BR21,USA,Chicago,CUST7395,PROD790,TV,Samsung QLED 50,Lenovo,4,137.6,0.22,0.18,506.59,Credit Card,In-Store,EMP500,2,1,Express,4,GBP
ORD131238,18-06-2024,BR34,USA,Chicago,CUST5436,PROD257,Mobile,OnePlus 11,Dell,3,1319.39,0.14,0.18,4016.75,Debit Card,In-Store,EMP828,2,1,Standard,5,USD
ORD131239,01-11-2023,BR60,UAE,Dubai,CUST1571,PROD315,Mobile,iPhone 14,Lenovo,1,591.83,0.01,0.18,691.38,Debit Card,In-Store,EMP386,2,0,Standard,4,EUR
ORD131240,24-06-2023,BR77,UAE,Abu Dhabi,CUST7534,PROD242,Accessories,Bluetooth Headphones,HP,5,938.59,0.28,0.18,3987.13,UPI,Online,EMP397,1,1,Same Day,9,INR
ORD131241,28-06-2023,BR65,UAE,Dubai,CUST1688,PROD335,TV,LG OLED 48,Dell,3,1357.33,0.23,0.18,3699.81,Credit Card,In-Store,EMP261,2,1,Express,3,GBP
ORD131242,17-05-2023,BR108,UK,London,CUST4015,PROD887,Mobile,Samsung Galaxy S23,HP,1,1118.29,0.19,0.18,1068.86,UPI,Online,EMP530,2,1,Express,6,INR
ORD131243,19-07-2024,BR102,USA,Los Angeles,CUST2242,PROD538,Tablet,Lenovo Tab P11,Sony,4,1307.43,0.29,0.18,4381.46,Cash,Online,EMP830,3,0,Express,8,GBP
ORD131244,01-04-2023,BR26,Germany,Hamburg,CUST4538,PROD519,Laptop,Dell XPS 13,Samsung,3,800.79,0.04,0.18,2721.4,Net Banking,In-Store,EMP485,3,1,Same Day,10,INR
ORD131245,31-05-2023,BR43,India,Mumbai,CUST1851,PROD475,TV,Sony Bravia 55,Apple,3,531.43,0.27,0.18,1373.32,Credit Card,Online,EMP537,2,1,Same Day,10,GBP
ORD131246,05-08-2023,BR15,Germany,Munich,CUST8780,PROD593,Laptop,Dell XPS 13,Dell,4,158.83,0.22,0.18,584.75,Credit Card,In-Store,EMP958,2,1,Same Day,5,INR
ORD131247,29-03-2023,BR19,UAE,Abu Dhabi,CUST2972,PROD708,Mobile,OnePlus 11,Dell,3,501.48,0.15,0.18,1508.95,Cash,In-Store,EMP333,1,1,Express,7,EUR
ORD131248,09-05-2024,BR58,India,Delhi,CUST8721,PROD309,Laptop,HP Spectre x360,Dell,2,826.51,0.27,0.18,1423.91,Credit Card,Online,EMP700,0,1,Standard,2,GBP
ORD131249,29-12-2023,BR58,India,Delhi,CUST5463,PROD335,Tablet,Lenovo Tab P11,Sony,3,181,0.09,0.18,583.07,Net Banking,In-Store,EMP271,1,1,Standard,8,GBP
ORD131250,10-06-2024,BR17,India,Bangalore,CUST9586,PROD739,Accessories,Keyboard,Apple,3,1779.13,0.12,0.18,5542.35,Credit Card,Online,EMP467,3,0,Same Day,4,INR
ORD131251,23-12-2024,BR56,Germany,Hamburg,CUST4377,PROD643,TV,Samsung QLED 50,Lenovo,2,395.2,0.01,0.18,923.35,Debit Card,In-Store,EMP971,1,1,Standard,7,AED
ORD131252,24-09-2023,BR33,India,Delhi,CUST6793,PROD455,Tablet,Samsung Galaxy Tab,Samsung,5,920.18,0.09,0.18,4940.45,UPI,Online,EMP260,3,1,Same Day,1,AED
ORD131253,28-02-2023,BR38,UAE,Abu Dhabi,CUST8009,PROD457,Laptop,HP Spectre x360,Samsung,3,1492.35,0.28,0.18,3803.7,UPI,In-Store,EMP241,1,1,Express,5,INR
ORD131254,02-01-2023,BR102,India,Pune,CUST3341,PROD969,Accessories,Bluetooth Headphones,Apple,3,906.03,0.05,0.18,3046.98,Net Banking,In-Store,EMP884,0,1,Express,8,INR
ORD131255,07-02-2023,BR55,India,Mumbai,CUST6176,PROD136,Accessories,Wireless Mouse,LG,3,1757.95,0.29,0.18,4418.43,Net Banking,In-Store,EMP924,1,1,Standard,7,AED
ORD131256,22-09-2024,BR94,USA,Los Angeles,CUST5060,PROD957,Tablet,Samsung Galaxy Tab,OnePlus,3,541,0.24,0.18,1455.51,Cash,In-Store,EMP572,3,0,Standard,2,AED
ORD131257,28-08-2023,BR75,UK,London,CUST9931,PROD470,TV,Sony Bravia 55,Lenovo,2,1374.63,0.24,0.18,2465.54,UPI,In-Store,EMP834,2,0,Express,4,EUR
ORD131258,28-04-2023,BR98,India,Pune,CUST7374,PROD887,TV,LG OLED 48,OnePlus,3,1217.92,0.28,0.18,3104.23,UPI,In-Store,EMP853,0,1,Standard,7,USD
ORD131259,30-05-2024,BR58,India,Pune,CUST3736,PROD787,Mobile,iPhone 14,HP,5,301.8,0.26,0.18,1317.66,Debit Card,Online,EMP813,0,1,Same Day,7,AED
ORD131260,11-09-2023,BR104,UK,London,CUST4393,PROD176,TV,Samsung QLED 50,Apple,5,1589.34,0.2,0.18,7501.68,UPI,In-Store,EMP300,2,1,Same Day,7,INR
ORD131261,15-11-2023,BR56,UK,London,CUST2889,PROD901,Accessories,Keyboard,Apple,3,998.19,0.16,0.18,2968.22,Credit Card,Online,EMP451,2,1,Standard,6,INR
ORD131262,12-05-2023,BR51,UAE,Dubai,CUST8603,PROD126,Accessories,Keyboard,OnePlus,2,420.92,0.08,0.18,913.9,Debit Card,Online,EMP215,1,0,Express,7,EUR
ORD131263,05-03-2023,BR56,USA,Los Angeles,CUST8279,PROD261,Mobile,Samsung Galaxy S23,Apple,5,927.98,0.24,0.18,4161.06,Cash,Online,EMP335,0,1,Standard,4,INR
ORD131264,12-02-2023,BR20,UK,Birmingham,CUST4070,PROD532,TV,LG OLED 48,Apple,3,267.72,0.18,0.18,777.14,Credit Card,In-Store,EMP692,2,1,Same Day,5,AED
ORD131265,08-09-2023,BR17,UK,London,CUST7075,PROD309,Tablet,iPad Air,LG,2,1039.78,0.08,0.18,2257.57,Cash,Online,EMP625,1,0,Same Day,7,EUR
ORD131266,18-04-2023,BR5,India,Delhi,CUST6212,PROD194,Tablet,Samsung Galaxy Tab,LG,1,1228.12,0.15,0.18,1231.8,Debit Card,Online,EMP438,1,0,Express,1,USD
ORD131267,07-07-2024,BR50,UAE,Abu Dhabi,CUST2805,PROD849,Tablet,Samsung Galaxy Tab,Sony,1,149.3,0.19,0.18,142.7,Cash,Online,EMP547,1,0,Same Day,1,GBP
ORD131268,18-08-2024,BR1,Germany,Berlin,CUST8119,PROD821,Mobile,iPhone 14,Apple,4,1664.07,0.15,0.18,6676.25,Credit Card,Online,EMP273,2,0,Same Day,4,EUR
ORD131269,25-03-2024,BR10,UK,London,CUST5875,PROD229,Tablet,Samsung Galaxy Tab,HP,1,724.51,0.17,0.18,709.59,Credit Card,In-Store,EMP518,3,0,Express,2,AED
ORD131270,14-05-2024,BR41,USA,New York,CUST8247,PROD629,TV,Sony Bravia 55,LG,5,193.86,0.1,0.18,1029.4,Credit Card,In-Store,EMP213,0,0,Standard,6,EUR
ORD131271,09-07-2024,BR22,USA,Los Angeles,CUST7460,PROD467,TV,Sony Bravia 55,Samsung,3,1661.29,0.17,0.18,4881.2,Cash,Online,EMP791,3,0,Standard,9,AED
ORD131272,10-01-2024,BR53,India,Mumbai,CUST1943,PROD436,Tablet,iPad Air,Dell,4,1863.12,0.01,0.18,8705.99,Debit Card,In-Store,EMP244,1,0,Same Day,9,AED
ORD131273,12-03-2023,BR47,UAE,Abu Dhabi,CUST3044,PROD799,Accessories,Keyboard,Lenovo,5,1661.32,0.1,0.18,8821.61,Net Banking,In-Store,EMP949,0,0,Standard,9,EUR
ORD131274,11-12-2023,BR11,USA,Chicago,CUST5623,PROD925,Accessories,Keyboard,OnePlus,4,1256.7,0.07,0.18,5516.41,Net Banking,Online,EMP447,0,1,Standard,8,USD
ORD131275,23-11-2023,BR119,UAE,Abu Dhabi,CUST7118,PROD269,Laptop,Dell XPS 13,Sony,2,1885.87,0.26,0.18,3293.48,Cash,In-Store,EMP980,3,0,Express,7,EUR
ORD131276,20-12-2024,BR92,UAE,Abu Dhabi,CUST6096,PROD284,Mobile,Samsung Galaxy S23,Dell,4,383.03,0.22,0.18,1410.16,Credit Card,In-Store,EMP712,2,0,Standard,10,EUR
ORD131277,17-01-2024,BR43,India,Mumbai,CUST5062,PROD946,TV,Sony Bravia 55,Lenovo,3,990.74,0.24,0.18,2665.49,Cash,Online,EMP377,2,0,Express,3,USD
ORD131278,10-08-2024,BR89,Germany,Berlin,CUST2013,PROD173,Tablet,iPad Air,Dell,3,519.55,0.17,0.18,1526.54,Net Banking,In-Store,EMP715,0,1,Express,6,EUR
ORD131279,29-08-2024,BR20,Germany,Berlin,CUST9344,PROD664,Tablet,Samsung Galaxy Tab,OnePlus,4,1881.77,0.24,0.18,6750.29,UPI,In-Store,EMP915,3,1,Same Day,3,AED
ORD131280,05-08-2023,BR62,India,Mumbai,CUST8168,PROD198,TV,LG OLED 48,Samsung,3,615.84,0.01,0.18,2158.27,Cash,In-Store,EMP475,2,1,Standard,2,USD
ORD131281,06-05-2024,BR115,UK,Birmingham,CUST5031,PROD751,Accessories,Keyboard,Samsung,3,1234.72,0.21,0.18,3453.02,UPI,Online,EMP772,3,1,Express,4,GBP
ORD131282,27-10-2023,BR21,UK,Birmingham,CUST5008,PROD873,Mobile,iPhone 14,OnePlus,5,952.05,0.07,0.18,5223.9,UPI,Online,EMP285,3,0,Standard,10,AED
ORD131283,17-08-2023,BR10,UK,Manchester,CUST3213,PROD224,Tablet,Samsung Galaxy Tab,Samsung,5,1587.91,0.28,0.18,6745.44,Credit Card,In-Store,EMP991,3,1,Same Day,3,GBP
ORD131284,27-04-2023,BR26,UAE,Dubai,CUST5734,PROD177,Accessories,Bluetooth Headphones,Sony,3,1774.85,0.16,0.18,5277.69,Cash,Online,EMP740,2,0,Standard,8,EUR
ORD131285,17-11-2024,BR29,India,Mumbai,CUST9455,PROD731,Accessories,Wireless Mouse,Dell,1,1022.72,0.19,0.18,977.52,UPI,In-Store,EMP704,1,1,Standard,7,AED
ORD131286,15-06-2024,BR74,India,Mumbai,CUST4315,PROD110,TV,Samsung QLED 50,OnePlus,4,1157.35,0.19,0.18,4424.78,Credit Card,Online,EMP434,0,0,Standard,7,USD
ORD131287,09-03-2023,BR28,Germany,Berlin,CUST7396,PROD296,Laptop,Dell XPS 13,Sony,2,1545.54,0.06,0.18,3428.63,Credit Card,In-Store,EMP536,1,0,Same Day,7,EUR
ORD131288,09-03-2023,BR3,Germany,Hamburg,CUST8760,PROD957,Tablet,Samsung Galaxy Tab,Apple,2,1222.68,0.23,0.18,2221.85,Cash,Online,EMP698,1,1,Standard,7,INR
ORD131289,29-06-2024,BR20,UK,Manchester,CUST9441,PROD471,Laptop,MacBook Air M2,Lenovo,4,1414.93,0.23,0.18,5142.42,Net Banking,In-Store,EMP500,1,1,Standard,2,AED
ORD131290,21-03-2023,BR40,USA,Dallas,CUST4756,PROD990,Accessories,Wireless Mouse,Dell,4,1943.1,0.03,0.18,8896.29,Credit Card,Online,EMP889,0,0,Express,9,EUR
ORD131291,21-03-2023,BR110,UAE,Abu Dhabi,CUST1440,PROD778,TV,Samsung QLED 50,OnePlus,3,1396.59,0.06,0.18,4647.29,Cash,Online,EMP871,2,0,Express,9,INR
ORD131292,11-01-2024,BR49,India,Mumbai,CUST3374,PROD407,Laptop,Dell XPS 13,HP,5,268.31,0.02,0.18,1551.37,Cash,Online,EMP312,1,1,Standard,6,INR
ORD131293,28-07-2023,BR99,UAE,Dubai,CUST1840,PROD335,Tablet,Samsung Galaxy Tab,HP,5,356.96,0.2,0.18,1684.85,Debit Card,In-Store,EMP501,2,0,Standard,2,EUR
ORD131294,18-01-2023,BR50,UAE,Dubai,CUST5600,PROD481,TV,Sony Bravia 55,Dell,4,312.34,0.04,0.18,1415.28,Credit Card,Online,EMP739,2,0,Same Day,6,AED
ORD131295,30-12-2024,BR28,India,Delhi,CUST3055,PROD777,TV,LG OLED 48,Dell,5,1659.27,0.24,0.18,7440.17,Cash,Online,EMP946,2,1,Express,5,INR
ORD131296,16-05-2024,BR71,USA,Los Angeles,CUST5336,PROD295,Accessories,Wireless Mouse,Apple,5,254.92,0.19,0.18,1218.26,Credit Card,In-Store,EMP596,1,1,Express,6,GBP
ORD131297,21-11-2024,BR29,UK,Manchester,CUST2716,PROD832,TV,Samsung QLED 50,Dell,2,1702.13,0.13,0.18,3494.81,Cash,In-Store,EMP294,0,1,Express,7,INR
ORD131298,12-07-2024,BR39,Germany,Munich,CUST6143,PROD719,Laptop,MacBook Air M2,Sony,1,191.58,0.03,0.18,219.28,UPI,Online,EMP842,0,1,Express,6,EUR
ORD131299,24-01-2024,BR113,UAE,Dubai,CUST1438,PROD989,TV,Sony Bravia 55,Lenovo,3,333.14,0.17,0.18,978.83,UPI,Online,EMP355,1,0,Standard,9,EUR
ORD131300,23-11-2024,BR33,UAE,Abu Dhabi,CUST1217,PROD917,Tablet,iPad Air,LG,4,1785.38,0.14,0.18,7247.21,UPI,Online,EMP372,2,1,Same Day,3,GBP
ORD131301,27-07-2023,BR13,UAE,Abu Dhabi,CUST2713,PROD936,TV,Sony Bravia 55,OnePlus,4,565.55,0.08,0.18,2455.84,Net Banking,In-Store,EMP877,1,0,Standard,5,AED
ORD131302,13-06-2024,BR98,USA,New York,CUST3524,PROD942,Mobile,Samsung Galaxy S23,Samsung,3,1618.13,0.01,0.18,5670.9,Credit Card,Online,EMP576,3,1,Express,3,INR
ORD131303,19-08-2024,BR81,India,Pune,CUST1177,PROD339,TV,LG OLED 48,Samsung,5,1715.86,0.24,0.18,7693.92,Debit Card,Online,EMP380,0,1,Standard,1,GBP
ORD131304,27-04-2023,BR57,Germany,Hamburg,CUST7300,PROD107,Accessories,Wireless Mouse,OnePlus,4,1183.75,0.22,0.18,4358.09,Net Banking,Online,EMP761,2,0,Standard,4,INR
ORD131305,01-01-2023,BR81,UAE,Abu Dhabi,CUST7322,PROD704,Mobile,iPhone 14,LG,5,274.08,0.03,0.18,1568.56,Cash,In-Store,EMP328,3,0,Standard,2,USD
ORD131306,23-10-2023,BR36,UK,London,CUST7840,PROD299,Tablet,Samsung Galaxy Tab,LG,1,1114.16,0.16,0.18,1104.36,Debit Card,In-Store,EMP598,3,0,Standard,1,EUR
ORD131307,01-05-2024,BR79,UAE,Dubai,CUST7467,PROD567,Accessories,Wireless Mouse,Apple,5,399.23,0.02,0.18,2308.35,Credit Card,In-Store,EMP367,2,1,Express,9,INR
ORD131308,11-06-2024,BR86,USA,Dallas,CUST9408,PROD242,Mobile,iPhone 14,Dell,1,563.85,0.18,0.18,545.58,Cash,In-Store,EMP494,3,1,Standard,6,GBP
ORD131309,26-02-2024,BR86,UAE,Abu Dhabi,CUST1965,PROD747,Accessories,Keyboard,Lenovo,5,506.14,0.06,0.18,2807.05,Cash,In-Store,EMP608,0,0,Standard,1,USD
ORD131310,18-08-2024,BR42,UK,Manchester,CUST3102,PROD216,Mobile,iPhone 14,Apple,3,882.98,0.13,0.18,2719.4,Net Banking,In-Store,EMP899,2,1,Express,7,USD
ORD131311,01-03-2023,BR72,India,Bangalore,CUST5323,PROD693,Laptop,Dell XPS 13,Sony,4,1058.19,0.1,0.18,4495.19,Cash,In-Store,EMP555,0,0,Same Day,7,AED
ORD131312,31-12-2023,BR7,UK,Birmingham,CUST9883,PROD953,Tablet,Lenovo Tab P11,LG,2,307.95,0.07,0.18,675.89,Credit Card,Online,EMP967,0,0,Express,9,USD
ORD131313,27-08-2023,BR107,USA,New York,CUST8958,PROD757,Tablet,Lenovo Tab P11,LG,5,504.65,0.08,0.18,2739.24,UPI,Online,EMP434,3,0,Same Day,6,GBP
ORD131314,02-11-2024,BR70,UK,Manchester,CUST4239,PROD352,Tablet,iPad Air,OnePlus,4,1373.31,0.12,0.18,5704.18,Cash,Online,EMP669,3,1,Express,4,INR
ORD131315,21-01-2023,BR39,India,Pune,CUST3379,PROD470,Accessories,Bluetooth Headphones,Lenovo,4,92.99,0.02,0.18,430.13,Debit Card,Online,EMP431,3,0,Same Day,3,AED
ORD131316,03-12-2024,BR20,UK,London,CUST2101,PROD858,TV,LG OLED 48,LG,1,413.97,0.27,0.18,356.59,Net Banking,In-Store,EMP966,2,1,Same Day,8,EUR
ORD131317,16-03-2023,BR19,Germany,Munich,CUST4320,PROD474,TV,Sony Bravia 55,Apple,3,1582.35,0.12,0.18,4929.34,Cash,In-Store,EMP697,1,1,Standard,9,GBP
ORD131318,11-08-2024,BR27,India,Pune,CUST3119,PROD526,Tablet,Samsung Galaxy Tab,LG,4,1003.58,0.01,0.18,4689.53,Debit Card,In-Store,EMP753,3,0,Same Day,3,GBP
ORD131319,02-05-2023,BR71,USA,New York,CUST7071,PROD652,Accessories,Wireless Mouse,Lenovo,1,1377.59,0.26,0.18,1202.91,UPI,In-Store,EMP530,1,0,Same Day,2,GBP
ORD131320,16-08-2023,BR3,USA,New York,CUST2966,PROD993,TV,Samsung QLED 50,Samsung,4,639.03,0.29,0.18,2141.52,Debit Card,In-Store,EMP737,2,1,Standard,1,INR
ORD131321,01-07-2023,BR61,UK,Manchester,CUST6019,PROD347,TV,Samsung QLED 50,LG,2,1613.32,0.24,0.18,2893.65,UPI,In-Store,EMP525,3,0,Standard,1,AED
ORD131322,08-06-2023,BR113,Germany,Berlin,CUST2440,PROD434,Mobile,Samsung Galaxy S23,LG,5,1203.65,0.19,0.18,5752.24,Credit Card,Online,EMP480,1,0,Standard,1,INR
ORD131323,30-08-2024,BR68,Germany,Berlin,CUST8958,PROD664,Tablet,iPad Air,Lenovo,4,1136.74,0.27,0.18,3916.75,Debit Card,In-Store,EMP590,0,1,Standard,4,EUR
ORD131324,05-08-2024,BR30,USA,Dallas,CUST3577,PROD182,Accessories,Wireless Mouse,Sony,4,1074.16,0.3,0.18,3549.02,UPI,In-Store,EMP432,2,0,Express,7,EUR
ORD131325,13-05-2023,BR81,India,Bangalore,CUST4363,PROD697,Accessories,Bluetooth Headphones,Apple,5,1473.9,0.05,0.18,8261.21,UPI,Online,EMP464,1,0,Standard,5,GBP
ORD131326,22-06-2024,BR117,UAE,Abu Dhabi,CUST9411,PROD814,Accessories,Wireless Mouse,Sony,5,473.9,0.09,0.18,2544.37,UPI,Online,EMP954,1,1,Standard,9,GBP
ORD131327,27-07-2024,BR2,UAE,Abu Dhabi,CUST1835,PROD101,Mobile,Samsung Galaxy S23,Apple,2,342.92,0.25,0.18,606.97,Net Banking,Online,EMP256,3,0,Express,6,EUR
ORD131328,29-05-2023,BR19,UK,Birmingham,CUST2525,PROD610,Mobile,Samsung Galaxy S23,OnePlus,1,578.14,0.19,0.18,552.59,UPI,Online,EMP802,2,1,Same Day,5,USD
ORD131329,27-05-2023,BR19,UK,Birmingham,CUST7987,PROD224,Laptop,MacBook Air M2,HP,1,700.09,0.02,0.18,809.58,Cash,Online,EMP451,2,1,Standard,6,AED
ORD131330,19-12-2024,BR51,Germany,Munich,CUST8791,PROD602,Mobile,OnePlus 11,Apple,3,1180.38,0.11,0.18,3718.91,UPI,In-Store,EMP796,0,1,Standard,2,INR
ORD131331,28-08-2024,BR87,UK,London,CUST4119,PROD395,Accessories,Bluetooth Headphones,OnePlus,5,92.68,0.22,0.18,426.51,Credit Card,Online,EMP259,2,0,Express,9,EUR
ORD131332,01-04-2024,BR63,USA,Chicago,CUST8641,PROD635,TV,Sony Bravia 55,LG,3,1437.11,0.02,0.18,4985.62,Net Banking,Online,EMP407,1,1,Standard,6,AED
ORD131333,11-04-2023,BR4,Germany,Munich,CUST5991,PROD448,Tablet,Lenovo Tab P11,Sony,2,1613.56,0.01,0.18,3769.92,Debit Card,Online,EMP669,2,0,Standard,10,USD
ORD131334,05-04-2023,BR1,USA,Chicago,CUST2363,PROD739,TV,Sony Bravia 55,Samsung,2,792.98,0.11,0.18,1665.58,Credit Card,In-Store,EMP454,1,1,Standard,10,USD
ORD131335,29-02-2024,BR111,India,Bangalore,CUST3836,PROD669,TV,Sony Bravia 55,Samsung,1,402.1,0.06,0.18,446.01,UPI,In-Store,EMP404,1,1,Standard,2,USD
ORD131336,10-07-2023,BR55,India,Bangalore,CUST5683,PROD833,Mobile,iPhone 14,Dell,5,1903.27,0.18,0.18,9208.02,Cash,In-Store,EMP835,1,0,Same Day,5,INR
ORD131337,15-09-2023,BR51,India,Pune,CUST6946,PROD376,TV,Samsung QLED 50,Samsung,2,261.53,0.24,0.18,469.08,Credit Card,Online,EMP290,2,1,Express,2,AED
ORD131338,06-07-2024,BR40,UAE,Abu Dhabi,CUST5972,PROD987,Laptop,MacBook Air M2,Apple,5,1568.29,0.24,0.18,7032.21,Net Banking,In-Store,EMP276,2,0,Express,6,EUR
ORD131339,14-02-2023,BR46,Germany,Munich,CUST7218,PROD760,TV,Sony Bravia 55,Lenovo,3,1416.49,0.19,0.18,4061.64,Credit Card,Online,EMP998,3,1,Same Day,9,INR
ORD131340,16-11-2024,BR3,USA,New York,CUST2346,PROD750,Laptop,HP Spectre x360,LG,4,772.86,0.12,0.18,3210.15,Debit Card,Online,EMP327,3,1,Standard,4,GBP
ORD131341,02-11-2023,BR8,India,Pune,CUST2549,PROD641,Tablet,Samsung Galaxy Tab,Samsung,4,1932.46,0.26,0.18,6749.7,UPI,In-Store,EMP893,2,0,Standard,2,USD
ORD131342,25-11-2024,BR49,India,Mumbai,CUST9051,PROD286,Tablet,iPad Air,Apple,5,247.35,0.2,0.18,1167.49,UPI,Online,EMP790,1,0,Standard,9,AED
ORD131343,17-03-2024,BR79,Germany,Berlin,CUST5379,PROD484,Accessories,Keyboard,Apple,1,714.87,0.09,0.18,767.63,UPI,In-Store,EMP713,1,0,Express,9,INR
ORD131344,28-05-2023,BR11,USA,New York,CUST4023,PROD899,Laptop,MacBook Air M2,Lenovo,1,674.58,0.09,0.18,724.36,Cash,In-Store,EMP363,1,1,Express,3,INR
ORD131345,29-07-2024,BR9,UAE,Dubai,CUST8420,PROD919,Accessories,Keyboard,Dell,1,94.96,0.26,0.18,82.92,UPI,Online,EMP902,1,0,Express,3,AED
ORD131346,26-02-2024,BR56,India,Delhi,CUST9519,PROD275,Accessories,Wireless Mouse,Dell,1,1539.43,0.05,0.18,1725.7,Cash,Online,EMP729,3,0,Express,8,AED
ORD131347,19-07-2023,BR46,UAE,Abu Dhabi,CUST5307,PROD470,TV,Samsung QLED 50,HP,3,1473.02,0.08,0.18,4797.33,Cash,In-Store,EMP200,1,0,Standard,3,AED
ORD131348,10-02-2023,BR105,UAE,Abu Dhabi,CUST6793,PROD327,TV,LG OLED 48,Sony,4,381.09,0.14,0.18,1546.92,Net Banking,In-Store,EMP774,3,0,Express,8,USD
ORD131349,10-09-2023,BR84,India,Pune,CUST4494,PROD331,Mobile,Samsung Galaxy S23,Sony,2,1720.09,0.18,0.18,3328.72,Credit Card,Online,EMP737,0,1,Express,4,GBP
ORD131350,18-05-2024,BR68,India,Bangalore,CUST7678,PROD871,TV,LG OLED 48,Apple,1,1530.19,0.06,0.18,1697.29,Cash,In-Store,EMP868,0,1,Express,8,USD
ORD131351,29-10-2024,BR52,UK,Manchester,CUST9803,PROD435,Mobile,Samsung Galaxy S23,Lenovo,4,1077.73,0.18,0.18,4171.25,UPI,Online,EMP478,3,1,Express,10,AED
ORD131352,15-03-2023,BR73,UAE,Dubai,CUST5369,PROD984,Accessories,Bluetooth Headphones,LG,4,587.35,0.13,0.18,2411.89,Net Banking,In-Store,EMP755,1,0,Express,10,USD
ORD131353,27-04-2024,BR88,Germany,Berlin,CUST9409,PROD572,Accessories,Bluetooth Headphones,Lenovo,1,1235.03,0.04,0.18,1399.04,Net Banking,Online,EMP589,3,0,Same Day,3,INR
ORD131354,20-03-2024,BR117,India,Bangalore,CUST4821,PROD132,TV,Samsung QLED 50,LG,5,561.68,0.06,0.18,3115.08,Net Banking,Online,EMP322,3,1,Express,3,EUR
ORD131355,23-06-2023,BR20,UAE,Dubai,CUST6546,PROD114,Laptop,HP Spectre x360,Samsung,2,942.53,0.03,0.18,2157.64,Credit Card,In-Store,EMP292,3,0,Same Day,8,INR
ORD131356,10-01-2024,BR32,USA,Los Angeles,CUST4392,PROD295,Mobile,iPhone 14,Samsung,2,561.79,0.23,0.18,1020.88,Cash,In-Store,EMP385,2,0,Express,3,AED
ORD131357,14-07-2024,BR29,UAE,Abu Dhabi,CUST9249,PROD657,Mobile,OnePlus 11,OnePlus,5,349.56,0.2,0.18,1649.92,Debit Card,Online,EMP941,3,0,Same Day,4,EUR
ORD131358,18-04-2023,BR119,USA,New York,CUST9825,PROD667,Tablet,Samsung Galaxy Tab,Sony,4,613.49,0.18,0.18,2374.45,Net Banking,In-Store,EMP676,3,1,Same Day,4,GBP
ORD131359,11-01-2023,BR83,UAE,Abu Dhabi,CUST1411,PROD488,Tablet,Lenovo Tab P11,LG,1,1676.14,0.18,0.18,1621.83,Net Banking,Online,EMP303,1,1,Standard,5,USD
ORD131360,04-12-2023,BR47,UAE,Dubai,CUST8628,PROD223,Mobile,OnePlus 11,Samsung,3,718.03,0.12,0.18,2236.81,Credit Card,In-Store,EMP925,1,1,Express,6,EUR
ORD131361,14-02-2023,BR114,Germany,Munich,CUST9347,PROD717,Accessories,Bluetooth Headphones,Dell,1,615.47,0.04,0.18,697.2,UPI,In-Store,EMP582,1,0,Standard,2,INR
ORD131362,26-07-2023,BR14,USA,New York,CUST7649,PROD248,Accessories,Keyboard,OnePlus,4,1262.82,0.09,0.18,5424.06,Cash,Online,EMP328,2,1,Standard,4,GBP
ORD131363,17-08-2024,BR77,India,Mumbai,CUST2654,PROD955,Tablet,Lenovo Tab P11,OnePlus,3,1682.47,0.02,0.18,5836.82,Credit Card,Online,EMP533,0,1,Same Day,10,AED
ORD131364,12-09-2023,BR13,India,Delhi,CUST9951,PROD559,Accessories,Bluetooth Headphones,Sony,5,498.1,0.26,0.18,2174.7,Net Banking,Online,EMP485,0,1,Same Day,4,AED
ORD131365,28-03-2023,BR80,India,Delhi,CUST6358,PROD400,Laptop,MacBook Air M2,Apple,3,990.13,0.27,0.18,2558.69,Debit Card,Online,EMP995,1,1,Standard,2,AED
ORD131366,03-08-2024,BR20,UAE,Abu Dhabi,CUST9493,PROD386,Mobile,iPhone 14,Dell,2,597.57,0,0.18,1410.27,UPI,Online,EMP574,0,1,Standard,9,USD
ORD131367,28-09-2023,BR88,USA,Los Angeles,CUST8509,PROD172,Accessories,Keyboard,Apple,5,1649.17,0.21,0.18,7686.78,UPI,In-Store,EMP908,3,0,Express,2,INR
ORD131368,20-12-2024,BR51,USA,Los Angeles,CUST5572,PROD448,TV,LG OLED 48,OnePlus,2,1248.31,0.24,0.18,2238.97,Debit Card,Online,EMP871,1,1,Express,2,INR
ORD131369,08-11-2024,BR118,Germany,Berlin,CUST4638,PROD709,Mobile,Samsung Galaxy S23,Dell,1,505.72,0.09,0.18,543.04,Credit Card,In-Store,EMP822,1,0,Express,3,AED
ORD131370,14-02-2023,BR4,UAE,Abu Dhabi,CUST7883,PROD755,Laptop,MacBook Air M2,Sony,3,1359.37,0.12,0.18,4234.71,UPI,In-Store,EMP491,1,1,Standard,5,EUR
ORD131371,09-06-2024,BR117,UK,Manchester,CUST6975,PROD341,TV,LG OLED 48,Dell,2,1915.31,0.07,0.18,4203.72,Debit Card,Online,EMP297,2,0,Same Day,8,AED
ORD131372,20-04-2024,BR104,USA,Los Angeles,CUST9290,PROD965,Tablet,iPad Air,OnePlus,3,873.43,0.15,0.18,2628.15,Debit Card,Online,EMP676,1,0,Standard,5,EUR
ORD131373,22-12-2024,BR117,UAE,Dubai,CUST3417,PROD145,Laptop,MacBook Air M2,Samsung,3,1946.13,0.17,0.18,5718.12,Net Banking,In-Store,EMP812,2,1,Same Day,9,INR
ORD131374,08-06-2024,BR54,USA,New York,CUST2224,PROD382,Accessories,Bluetooth Headphones,Lenovo,3,110.24,0.05,0.18,370.74,Credit Card,Online,EMP902,1,0,Same Day,10,EUR
ORD131375,19-05-2023,BR98,India,Pune,CUST4379,PROD978,Laptop,MacBook Air M2,Lenovo,1,83.79,0.07,0.18,91.95,Debit Card,In-Store,EMP455,0,1,Express,3,GBP
ORD131376,21-10-2024,BR15,Germany,Hamburg,CUST1620,PROD944,Accessories,Bluetooth Headphones,Dell,1,1591.37,0.26,0.18,1389.58,Debit Card,In-Store,EMP990,0,1,Standard,9,USD
ORD131377,02-07-2023,BR37,Germany,Berlin,CUST9366,PROD700,Tablet,Lenovo Tab P11,HP,2,960.69,0,0.18,2267.23,Cash,In-Store,EMP232,0,1,Express,5,USD
ORD131378,04-10-2023,BR19,India,Mumbai,CUST8018,PROD289,Laptop,Dell XPS 13,LG,1,1687.97,0.13,0.18,1732.87,Net Banking,Online,EMP301,2,1,Express,3,GBP
ORD131379,12-02-2024,BR113,USA,New York,CUST8300,PROD512,Laptop,HP Spectre x360,Dell,2,1952.02,0.1,0.18,4146.09,UPI,Online,EMP325,1,0,Same Day,8,INR
ORD131380,10-01-2024,BR80,UK,London,CUST4091,PROD502,Accessories,Keyboard,Sony,4,593.9,0.03,0.18,2719.11,Credit Card,In-Store,EMP891,3,1,Same Day,4,USD
ORD131381,10-02-2023,BR120,UAE,Abu Dhabi,CUST1261,PROD925,Accessories,Bluetooth Headphones,OnePlus,5,1338.74,0.24,0.18,6002.91,Debit Card,In-Store,EMP223,2,1,Same Day,10,EUR
ORD131382,02-10-2024,BR103,India,Delhi,CUST2492,PROD306,Tablet,Lenovo Tab P11,Sony,5,538.75,0.21,0.18,2511.11,Credit Card,In-Store,EMP278,1,1,Express,7,AED
ORD131383,22-07-2024,BR99,UAE,Dubai,CUST8322,PROD404,Mobile,iPhone 14,LG,4,1546.98,0.26,0.18,5403.29,Credit Card,Online,EMP625,3,1,Express,7,USD
ORD131384,29-06-2023,BR69,Germany,Berlin,CUST7048,PROD661,Tablet,iPad Air,LG,5,1759.41,0.11,0.18,9238.66,UPI,In-Store,EMP769,2,0,Express,9,AED
ORD131385,03-06-2024,BR98,UAE,Dubai,CUST6459,PROD202,TV,Samsung QLED 50,Sony,3,1689.21,0.1,0.18,5381.82,Credit Card,In-Store,EMP829,1,1,Express,6,EUR
ORD131386,08-09-2023,BR83,India,Delhi,CUST6446,PROD455,Laptop,MacBook Air M2,Lenovo,2,1493.4,0.28,0.18,2537.59,Cash,Online,EMP652,3,0,Express,3,USD
ORD131387,05-11-2023,BR92,USA,Dallas,CUST5141,PROD874,Mobile,OnePlus 11,Sony,3,1415.63,0.25,0.18,3758.5,Credit Card,Online,EMP333,2,0,Standard,9,INR
ORD131388,27-06-2024,BR25,Germany,Munich,CUST7572,PROD320,Mobile,OnePlus 11,Sony,5,958.97,0.14,0.18,4865.81,Debit Card,Online,EMP302,0,1,Same Day,3,USD
ORD131389,21-07-2024,BR112,UK,Manchester,CUST1841,PROD529,Laptop,Dell XPS 13,Lenovo,1,1259.19,0.22,0.18,1158.96,Credit Card,Online,EMP714,2,1,Same Day,7,GBP
ORD131390,21-10-2023,BR38,UK,Manchester,CUST6692,PROD731,Mobile,iPhone 14,LG,4,1457.08,0.19,0.18,5570.71,Cash,In-Store,EMP907,3,1,Standard,2,USD
ORD131391,31-08-2023,BR2,UK,London,CUST4649,PROD485,Tablet,iPad Air,HP,5,797.54,0.07,0.18,4376.1,Debit Card,Online,EMP810,2,1,Standard,7,INR
ORD131392,25-08-2023,BR31,UAE,Dubai,CUST2853,PROD204,Laptop,Dell XPS 13,Apple,5,1726.57,0.15,0.18,8658.75,UPI,Online,EMP639,3,0,Express,10,USD
ORD131393,30-11-2024,BR4,UK,London,CUST2905,PROD265,Mobile,iPhone 14,Lenovo,1,222.13,0.27,0.18,191.34,Net Banking,In-Store,EMP244,3,1,Standard,2,GBP
ORD131394,09-01-2023,BR5,Germany,Munich,CUST4833,PROD218,Laptop,HP Spectre x360,Apple,1,724.28,0.15,0.18,726.45,UPI,In-Store,EMP280,0,1,Standard,4,INR
ORD131395,13-11-2023,BR103,India,Pune,CUST9123,PROD874,Laptop,MacBook Air M2,LG,3,72.64,0.24,0.18,195.43,UPI,In-Store,EMP479,1,1,Standard,9,AED
ORD131396,27-02-2024,BR81,Germany,Berlin,CUST8237,PROD312,Mobile,iPhone 14,Dell,2,1460.9,0.23,0.18,2654.75,Net Banking,In-Store,EMP884,2,0,Same Day,4,INR
ORD131397,31-10-2023,BR17,Germany,Hamburg,CUST3349,PROD911,Laptop,MacBook Air M2,HP,3,197.54,0.15,0.18,594.4,UPI,Online,EMP499,1,0,Standard,7,USD
ORD131398,20-07-2023,BR32,UAE,Abu Dhabi,CUST3113,PROD740,Mobile,OnePlus 11,LG,4,774.98,0.19,0.18,2962.9,Cash,In-Store,EMP628,2,0,Same Day,2,GBP
ORD131399,22-09-2023,BR104,Germany,Munich,CUST4967,PROD731,TV,Sony Bravia 55,Lenovo,3,638.03,0.03,0.18,2190.87,UPI,In-Store,EMP639,1,1,Express,1,INR
ORD131400,14-02-2024,BR74,Germany,Berlin,CUST5764,PROD172,Laptop,MacBook Air M2,Lenovo,1,823.88,0.24,0.18,738.86,Credit Card,In-Store,EMP746,3,0,Standard,1,EUR
ORD131401,26-03-2023,BR43,Germany,Munich,CUST5954,PROD680,Accessories,Wireless Mouse,HP,1,1482.54,0.19,0.18,1417.01,Debit Card,Online,EMP750,2,1,Standard,7,USD
ORD131402,29-01-2023,BR59,USA,New York,CUST9341,PROD381,Tablet,Samsung Galaxy Tab,Lenovo,2,1534.98,0.1,0.18,3260.3,Credit Card,Online,EMP302,3,1,Standard,6,AED
ORD131403,09-11-2024,BR33,USA,Chicago,CUST1388,PROD268,Laptop,HP Spectre x360,Lenovo,5,1549.48,0.24,0.18,6947.87,Debit Card,In-Store,EMP875,0,1,Express,6,INR
ORD131404,20-09-2023,BR7,India,Delhi,CUST2888,PROD323,TV,Sony Bravia 55,Dell,5,1781,0.16,0.18,8826.64,Net Banking,In-Store,EMP651,0,0,Standard,9,EUR
ORD131405,08-09-2024,BR3,USA,Chicago,CUST2811,PROD865,Tablet,Lenovo Tab P11,Apple,2,1860.71,0.04,0.18,4215.62,Debit Card,In-Store,EMP882,2,1,Express,1,AED
ORD131406,19-11-2023,BR30,India,Mumbai,CUST1897,PROD148,TV,Samsung QLED 50,Samsung,5,93.44,0.08,0.18,507.19,UPI,In-Store,EMP874,1,1,Same Day,2,GBP
ORD131407,21-07-2023,BR75,UAE,Abu Dhabi,CUST5122,PROD687,TV,LG OLED 48,Sony,5,1220.49,0.03,0.18,6984.86,Debit Card,In-Store,EMP586,1,0,Express,7,GBP
ORD131408,14-09-2023,BR120,USA,Los Angeles,CUST1453,PROD601,TV,Sony Bravia 55,Sony,4,1481.49,0.09,0.18,6363.3,Cash,In-Store,EMP578,0,1,Same Day,7,USD
ORD131409,28-11-2023,BR105,India,Bangalore,CUST3347,PROD233,Laptop,HP Spectre x360,HP,2,387.43,0.18,0.18,749.75,Net Banking,In-Store,EMP747,2,0,Express,7,GBP
ORD131410,15-01-2023,BR63,UK,Birmingham,CUST7803,PROD958,Laptop,Dell XPS 13,OnePlus,2,1532.57,0.02,0.18,3544.53,Debit Card,In-Store,EMP442,3,1,Express,2,AED
ORD131411,21-11-2023,BR8,USA,Dallas,CUST6887,PROD849,TV,LG OLED 48,Apple,1,789.03,0.19,0.18,754.15,Credit Card,In-Store,EMP604,1,1,Same Day,3,GBP
ORD131412,13-01-2023,BR13,India,Pune,CUST5324,PROD477,Tablet,iPad Air,Samsung,1,1223.86,0.05,0.18,1371.95,Credit Card,Online,EMP506,0,0,Standard,10,GBP
ORD131413,18-09-2023,BR117,USA,Dallas,CUST5342,PROD573,Laptop,MacBook Air M2,Samsung,4,1073.67,0.18,0.18,4155.53,Cash,In-Store,EMP494,0,1,Express,6,AED
ORD131414,22-10-2024,BR67,Germany,Munich,CUST7602,PROD879,TV,Samsung QLED 50,HP,2,691.47,0.21,0.18,1289.18,Net Banking,Online,EMP962,2,0,Standard,8,USD
ORD131415,14-10-2023,BR72,USA,Chicago,CUST4738,PROD779,Accessories,Wireless Mouse,OnePlus,2,956.84,0.13,0.18,1964.58,Net Banking,Online,EMP718,2,1,Standard,1,GBP
ORD131416,23-12-2024,BR80,Germany,Berlin,CUST6594,PROD544,Mobile,iPhone 14,LG,2,1826.14,0.12,0.18,3792.53,UPI,In-Store,EMP458,0,0,Express,1,GBP
ORD131417,14-09-2023,BR119,USA,Chicago,CUST8529,PROD745,Accessories,Bluetooth Headphones,Samsung,3,1597.87,0.1,0.18,5090.81,Net Banking,In-Store,EMP392,0,1,Standard,1,EUR
ORD131418,15-03-2023,BR21,India,Mumbai,CUST6063,PROD411,Accessories,Wireless Mouse,HP,5,1078.21,0.28,0.18,4580.24,Net Banking,Online,EMP379,2,1,Standard,8,GBP
ORD131419,26-10-2024,BR12,USA,New York,CUST4014,PROD719,TV,Samsung QLED 50,Sony,5,926.59,0.24,0.18,4154.83,UPI,Online,EMP900,2,0,Same Day,3,EUR
ORD131420,24-10-2024,BR25,UK,Manchester,CUST1923,PROD638,Accessories,Keyboard,LG,2,582.99,0.08,0.18,1265.79,UPI,In-Store,EMP787,0,0,Same Day,2,AED
ORD131421,27-10-2024,BR23,UK,Manchester,CUST7940,PROD285,Laptop,HP Spectre x360,Apple,3,1098.64,0.25,0.18,2916.89,UPI,Online,EMP908,0,0,Express,6,EUR
ORD131422,18-01-2024,BR13,UK,Birmingham,CUST9273,PROD861,Accessories,Bluetooth Headphones,Sony,3,1556,0.24,0.18,4186.26,UPI,In-Store,EMP425,0,1,Standard,9,USD
ORD131423,03-06-2024,BR71,USA,Dallas,CUST9141,PROD830,Laptop,MacBook Air M2,HP,3,458.61,0.03,0.18,1574.78,UPI,Online,EMP786,2,0,Same Day,3,GBP
ORD131424,03-12-2023,BR7,India,Delhi,CUST3439,PROD769,Accessories,Bluetooth Headphones,Dell,2,1959.22,0.19,0.18,3745.24,Credit Card,In-Store,EMP412,1,1,Express,10,GBP
ORD131425,25-11-2023,BR83,Germany,Hamburg,CUST8856,PROD327,TV,Sony Bravia 55,Lenovo,5,894.1,0,0.18,5275.19,Net Banking,Online,EMP272,1,1,Same Day,7,AED
ORD131426,31-12-2024,BR30,India,Pune,CUST6216,PROD395,Accessories,Keyboard,OnePlus,2,360.53,0.3,0.18,595.6,Debit Card,In-Store,EMP711,3,1,Express,3,EUR
ORD131427,19-06-2024,BR110,UAE,Abu Dhabi,CUST5817,PROD430,Mobile,iPhone 14,Apple,3,513.23,0.03,0.18,1762.33,Net Banking,In-Store,EMP520,2,0,Same Day,10,INR
ORD131428,07-06-2023,BR4,UK,Birmingham,CUST2832,PROD302,Accessories,Wireless Mouse,Samsung,3,710.7,0.17,0.18,2088.18,Debit Card,In-Store,EMP904,1,1,Same Day,3,AED
ORD131429,10-11-2023,BR1,UK,Manchester,CUST4292,PROD683,Laptop,MacBook Air M2,Sony,2,1377.58,0.09,0.18,2958.49,Debit Card,In-Store,EMP941,0,0,Express,10,INR
ORD131430,28-09-2024,BR99,India,Pune,CUST2680,PROD854,Accessories,Bluetooth Headphones,HP,1,938.11,0.2,0.18,885.58,Net Banking,Online,EMP590,0,1,Express,10,AED
ORD131431,03-05-2023,BR79,UK,London,CUST2227,PROD906,TV,LG OLED 48,LG,4,780.28,0.08,0.18,3388.29,UPI,In-Store,EMP659,0,1,Express,10,AED
ORD131432,26-02-2023,BR39,Germany,Hamburg,CUST3359,PROD563,Mobile,OnePlus 11,Dell,2,495.75,0.29,0.18,830.68,Cash,In-Store,EMP595,1,0,Same Day,4,USD
ORD131433,07-08-2023,BR103,India,Bangalore,CUST7799,PROD205,TV,Samsung QLED 50,Sony,5,391.71,0.19,0.18,1871.98,Credit Card,In-Store,EMP402,0,1,Standard,1,GBP
ORD131434,24-11-2023,BR37,Germany,Berlin,CUST2520,PROD624,Laptop,HP Spectre x360,HP,3,1177.4,0.1,0.18,3751.2,Net Banking,Online,EMP519,0,1,Express,5,GBP
ORD131435,27-08-2023,BR102,UAE,Dubai,CUST7278,PROD625,TV,Sony Bravia 55,HP,4,665.62,0.24,0.18,2387.71,Debit Card,In-Store,EMP484,1,0,Same Day,5,INR
ORD131436,18-05-2023,BR76,UAE,Dubai,CUST5505,PROD284,Laptop,MacBook Air M2,LG,1,1747.64,0.16,0.18,1732.26,Credit Card,In-Store,EMP925,1,0,Same Day,7,AED
ORD131437,30-05-2023,BR49,India,Pune,CUST2345,PROD224,Accessories,Keyboard,Dell,3,818.9,0.25,0.18,2174.18,Cash,Online,EMP344,2,0,Standard,1,INR
ORD131438,17-07-2023,BR9,USA,New York,CUST3512,PROD280,Laptop,MacBook Air M2,OnePlus,3,487.07,0.11,0.18,1534.56,Credit Card,Online,EMP853,1,0,Same Day,4,EUR
ORD131439,05-04-2024,BR91,UAE,Abu Dhabi,CUST4055,PROD898,Accessories,Wireless Mouse,HP,4,430.9,0.06,0.18,1911.82,Debit Card,In-Store,EMP519,2,1,Express,8,AED
ORD131440,11-11-2024,BR88,UK,Manchester,CUST3980,PROD679,TV,LG OLED 48,Apple,4,1051.18,0.09,0.18,4515.03,Cash,In-Store,EMP741,0,1,Express,3,AED
ORD131441,16-10-2024,BR2,UAE,Abu Dhabi,CUST8818,PROD666,Laptop,HP Spectre x360,Lenovo,1,185.89,0.1,0.18,197.42,Cash,In-Store,EMP891,1,1,Same Day,10,INR
ORD131442,26-06-2024,BR12,Germany,Hamburg,CUST1293,PROD352,Mobile,Samsung Galaxy S23,Lenovo,3,671.44,0.04,0.18,2281.82,Cash,In-Store,EMP775,0,0,Same Day,9,AED
ORD131443,25-06-2023,BR93,India,Mumbai,CUST2093,PROD911,TV,LG OLED 48,LG,3,814.68,0.17,0.18,2393.69,Debit Card,Online,EMP680,2,1,Express,10,USD
ORD131444,12-11-2023,BR65,Germany,Berlin,CUST1567,PROD400,Accessories,Keyboard,Samsung,5,1004.14,0.12,0.18,5213.49,Credit Card,Online,EMP738,2,0,Same Day,2,USD
ORD131445,29-01-2023,BR54,Germany,Hamburg,CUST5962,PROD898,Laptop,Dell XPS 13,OnePlus,4,1319.33,0.18,0.18,5106.33,UPI,In-Store,EMP562,3,1,Standard,7,EUR
ORD131446,24-08-2024,BR28,India,Delhi,CUST5527,PROD565,Tablet,Samsung Galaxy Tab,HP,3,1693.27,0.02,0.18,5874.29,Net Banking,Online,EMP214,2,1,Standard,5,EUR
ORD131447,13-11-2024,BR34,UAE,Abu Dhabi,CUST8254,PROD761,Laptop,MacBook Air M2,Dell,3,1564.77,0.26,0.18,4099.07,UPI,In-Store,EMP274,0,1,Standard,8,INR
ORD131448,22-03-2023,BR83,UK,London,CUST3171,PROD388,TV,Sony Bravia 55,LG,2,75.76,0.08,0.18,164.49,UPI,Online,EMP619,2,1,Express,5,USD
ORD131449,05-08-2024,BR10,UK,Manchester,CUST7210,PROD938,Tablet,Lenovo Tab P11,LG,4,754.95,0.09,0.18,3242.66,UPI,In-Store,EMP843,2,1,Express,5,INR
ORD131450,13-11-2023,BR73,USA,Dallas,CUST7899,PROD247,Mobile,iPhone 14,Sony,4,466.02,0.29,0.18,1561.73,Net Banking,In-Store,EMP900,1,0,Standard,5,USD
ORD131451,05-11-2023,BR27,India,Mumbai,CUST2132,PROD106,Mobile,Samsung Galaxy S23,Lenovo,1,1968.35,0.09,0.18,2113.61,UPI,Online,EMP255,3,0,Same Day,3,AED
ORD131452,19-09-2024,BR48,Germany,Hamburg,CUST4112,PROD763,TV,LG OLED 48,LG,2,383.97,0.23,0.18,697.75,Cash,Online,EMP861,0,1,Same Day,8,AED
ORD131453,10-11-2023,BR50,Germany,Hamburg,CUST9186,PROD456,Tablet,iPad Air,Dell,4,1738.42,0.18,0.18,6728.38,Debit Card,Online,EMP556,0,0,Same Day,10,EUR
ORD131454,21-08-2023,BR81,India,Pune,CUST7122,PROD803,Mobile,OnePlus 11,Lenovo,1,1198.74,0.08,0.18,1301.35,Credit Card,Online,EMP477,3,0,Same Day,3,AED
ORD131455,11-03-2024,BR7,USA,Los Angeles,CUST6490,PROD357,Mobile,OnePlus 11,HP,5,992.5,0.17,0.18,4860.27,Credit Card,In-Store,EMP689,0,1,Same Day,5,INR
ORD131456,06-10-2023,BR101,UK,Manchester,CUST3508,PROD795,Mobile,iPhone 14,Dell,5,1299.53,0.11,0.18,6823.83,Net Banking,Online,EMP914,1,0,Same Day,2,USD
ORD131457,28-02-2024,BR62,USA,Los Angeles,CUST4920,PROD813,Accessories,Bluetooth Headphones,Apple,5,354.58,0.2,0.18,1673.62,Debit Card,Online,EMP481,1,1,Same Day,9,INR
ORD131458,07-06-2023,BR94,USA,Dallas,CUST9496,PROD477,Laptop,HP Spectre x360,Dell,2,1217.17,0.25,0.18,2154.39,Credit Card,In-Store,EMP257,3,1,Express,3,GBP
ORD131459,03-08-2024,BR20,UK,Birmingham,CUST8363,PROD271,Tablet,iPad Air,HP,3,331.75,0.02,0.18,1150.91,UPI,Online,EMP704,3,0,Express,9,GBP
ORD131460,05-12-2024,BR29,USA,New York,CUST2260,PROD373,Mobile,iPhone 14,LG,5,1750.05,0.1,0.18,9292.77,Debit Card,In-Store,EMP646,1,1,Same Day,3,INR
ORD131461,27-07-2023,BR10,USA,New York,CUST3793,PROD582,Accessories,Keyboard,Apple,1,697.32,0.09,0.18,748.78,Credit Card,In-Store,EMP295,3,1,Same Day,9,EUR
ORD131462,09-09-2024,BR47,India,Delhi,CUST6595,PROD213,Laptop,MacBook Air M2,LG,1,1993.25,0.07,0.18,2187.39,Debit Card,Online,EMP309,2,1,Standard,10,GBP
ORD131463,03-07-2023,BR36,UK,London,CUST1343,PROD581,TV,Sony Bravia 55,Apple,5,1297.87,0.3,0.18,5360.2,Net Banking,Online,EMP810,2,1,Standard,2,AED
ORD131464,31-01-2024,BR113,UAE,Dubai,CUST2483,PROD570,Mobile,Samsung Galaxy S23,HP,4,799.55,0.16,0.18,3170.06,UPI,In-Store,EMP257,3,0,Standard,10,GBP
ORD131465,29-06-2024,BR69,UK,Birmingham,CUST2870,PROD812,TV,LG OLED 48,LG,5,1564.14,0.15,0.18,7844.16,Credit Card,In-Store,EMP376,2,0,Same Day,7,EUR
ORD131466,07-12-2023,BR14,USA,Chicago,CUST9210,PROD565,Tablet,iPad Air,Sony,1,496.31,0.05,0.18,556.36,Net Banking,Online,EMP563,0,0,Standard,5,AED
ORD131467,05-08-2023,BR92,USA,New York,CUST2218,PROD767,Laptop,Dell XPS 13,Sony,5,848.01,0.07,0.18,4653.03,Net Banking,Online,EMP423,1,0,Standard,5,INR
ORD131468,20-06-2024,BR23,India,Mumbai,CUST4506,PROD354,Laptop,Dell XPS 13,OnePlus,1,1161.83,0.24,0.18,1041.93,UPI,In-Store,EMP369,2,1,Express,10,INR
ORD131469,09-03-2024,BR51,Germany,Munich,CUST3464,PROD845,Laptop,Dell XPS 13,HP,5,1869.15,0.03,0.18,10697.15,Cash,Online,EMP992,3,1,Same Day,7,GBP
ORD131470,19-09-2023,BR8,Germany,Munich,CUST2710,PROD197,Laptop,MacBook Air M2,HP,4,1580.6,0.11,0.18,6639.78,Net Banking,Online,EMP819,2,0,Express,1,EUR
ORD131471,16-09-2024,BR58,India,Delhi,CUST7178,PROD285,Tablet,Lenovo Tab P11,Dell,5,697.5,0.23,0.18,3168.74,UPI,In-Store,EMP822,3,1,Standard,10,AED
ORD131472,15-09-2024,BR56,UAE,Dubai,CUST8833,PROD946,Laptop,Dell XPS 13,Sony,1,1606.26,0.06,0.18,1781.66,UPI,In-Store,EMP966,1,0,Same Day,4,EUR
ORD131473,08-04-2024,BR43,UAE,Abu Dhabi,CUST2244,PROD753,Mobile,iPhone 14,Dell,4,1700.38,0,0.18,8025.79,Net Banking,In-Store,EMP654,3,0,Express,1,GBP
ORD131474,07-10-2023,BR6,Germany,Berlin,CUST4894,PROD772,Accessories,Bluetooth Headphones,Sony,1,1496.41,0.13,0.18,1536.21,Cash,In-Store,EMP981,3,1,Express,8,GBP
ORD131475,07-07-2024,BR19,India,Pune,CUST5876,PROD433,TV,Samsung QLED 50,Sony,4,238.06,0.21,0.18,887.68,Debit Card,In-Store,EMP792,0,0,Standard,8,EUR
ORD131476,15-07-2024,BR21,UK,Manchester,CUST9234,PROD570,Mobile,OnePlus 11,Dell,1,1159.29,0.03,0.18,1326.92,Debit Card,In-Store,EMP257,2,0,Standard,3,AED
ORD131477,04-01-2024,BR10,UAE,Abu Dhabi,CUST2278,PROD182,Tablet,Samsung Galaxy Tab,LG,2,756.66,0.08,0.18,1642.86,Debit Card,In-Store,EMP819,2,1,Express,9,USD
ORD131478,03-06-2023,BR61,UK,Manchester,CUST6629,PROD996,TV,Samsung QLED 50,Sony,1,1155.1,0.22,0.18,1063.15,UPI,Online,EMP587,0,0,Express,3,GBP
ORD131479,26-06-2024,BR111,UK,Birmingham,CUST8748,PROD156,Mobile,Samsung Galaxy S23,Dell,5,739.76,0.15,0.18,3709.9,Net Banking,In-Store,EMP399,1,1,Standard,7,INR
ORD131480,07-08-2023,BR48,USA,Dallas,CUST2657,PROD814,Accessories,Keyboard,LG,4,1116.77,0.11,0.18,4691.33,Cash,Online,EMP998,1,1,Standard,9,USD
ORD131481,03-12-2023,BR24,India,Delhi,CUST1942,PROD868,Accessories,Bluetooth Headphones,HP,5,1197.79,0.25,0.18,5300.22,Cash,Online,EMP928,1,1,Express,9,INR
ORD131482,17-05-2024,BR96,India,Delhi,CUST8728,PROD738,Laptop,HP Spectre x360,Sony,1,861.51,0.02,0.18,996.25,Cash,In-Store,EMP839,1,0,Express,3,GBP
ORD131483,30-10-2023,BR14,India,Pune,CUST9031,PROD598,Accessories,Bluetooth Headphones,Lenovo,4,734.94,0.3,0.18,2428.24,Net Banking,In-Store,EMP671,2,1,Express,4,USD
ORD131484,18-01-2024,BR8,UK,Birmingham,CUST2001,PROD736,Tablet,iPad Air,OnePlus,4,774.81,0.28,0.18,2633.11,Cash,In-Store,EMP615,0,1,Express,10,GBP
ORD131485,21-08-2023,BR31,India,Pune,CUST7204,PROD435,Accessories,Keyboard,Samsung,4,1399.17,0.28,0.18,4754.94,UPI,Online,EMP870,3,0,Standard,5,EUR
ORD131486,30-12-2023,BR95,UAE,Dubai,CUST3316,PROD245,Accessories,Bluetooth Headphones,Lenovo,3,526.27,0.19,0.18,1509.03,Net Banking,In-Store,EMP696,0,0,Express,10,INR
ORD131487,02-04-2023,BR31,UK,Birmingham,CUST6809,PROD820,TV,Sony Bravia 55,LG,4,534.35,0.18,0.18,2068.15,Net Banking,Online,EMP908,3,0,Same Day,5,EUR
ORD131488,17-11-2023,BR62,USA,Chicago,CUST3094,PROD966,Laptop,HP Spectre x360,Samsung,1,469.49,0.22,0.18,432.12,Credit Card,Online,EMP605,2,1,Express,6,USD
ORD131489,28-04-2024,BR62,Germany,Hamburg,CUST9404,PROD245,Accessories,Keyboard,HP,4,553.44,0.29,0.18,1854.69,Credit Card,In-Store,EMP814,3,0,Express,6,USD
ORD131490,03-11-2023,BR62,UAE,Abu Dhabi,CUST5938,PROD861,TV,LG OLED 48,Lenovo,5,1505.47,0.07,0.18,8260.51,Credit Card,In-Store,EMP344,1,0,Express,2,AED
ORD131491,07-01-2024,BR101,India,Bangalore,CUST2185,PROD897,Laptop,HP Spectre x360,Samsung,5,1968.48,0.3,0.18,8129.82,Cash,In-Store,EMP951,2,0,Express,8,GBP
ORD131492,29-06-2023,BR25,Germany,Munich,CUST7213,PROD317,Accessories,Wireless Mouse,Apple,1,721.86,0.19,0.18,689.95,UPI,In-Store,EMP340,2,0,Standard,5,USD
ORD131493,20-12-2024,BR44,India,Delhi,CUST7410,PROD196,Laptop,Dell XPS 13,Samsung,5,1705.78,0.11,0.18,8957.05,Credit Card,Online,EMP832,0,0,Standard,5,GBP
ORD131494,02-03-2023,BR95,UK,Birmingham,CUST3047,PROD703,Accessories,Keyboard,HP,2,387.99,0.02,0.18,897.34,UPI,In-Store,EMP963,0,1,Same Day,6,GBP
ORD131495,26-01-2023,BR16,India,Pune,CUST3018,PROD319,TV,LG OLED 48,Sony,4,1448.4,0.09,0.18,6221.17,UPI,In-Store,EMP896,3,0,Standard,8,USD
ORD131496,23-12-2024,BR81,Germany,Munich,CUST8403,PROD443,Tablet,Samsung Galaxy Tab,Lenovo,5,434.39,0.25,0.18,1922.18,Credit Card,In-Store,EMP923,2,1,Same Day,3,AED
ORD131497,23-06-2023,BR101,India,Pune,CUST9169,PROD839,TV,Samsung QLED 50,Samsung,5,1962.95,0.12,0.18,10191.64,UPI,In-Store,EMP233,2,1,Same Day,10,EUR
ORD131498,09-12-2023,BR86,UAE,Abu Dhabi,CUST6767,PROD639,Tablet,Lenovo Tab P11,Samsung,2,1100.69,0.06,0.18,2441.77,Net Banking,Online,EMP342,3,1,Same Day,8,GBP
ORD131499,27-02-2023,BR104,UAE,Dubai,CUST2034,PROD630,Tablet,Samsung Galaxy Tab,Samsung,1,929.44,0.22,0.18,855.46,UPI,In-Store,EMP946,2,1,Standard,8,GBP
ORD131500,12-04-2024,BR95,USA,New York,CUST9368,PROD276,Tablet,iPad Air,LG,3,372.71,0.2,0.18,1055.51,Credit Card,Online,EMP836,0,0,Express,5,USD
ORD131501,22-01-2023,BR80,India,Delhi,CUST7872,PROD967,Tablet,Samsung Galaxy Tab,LG,4,1323.31,0.27,0.18,4559.6,Cash,Online,EMP635,1,0,Standard,8,USD
ORD131502,16-07-2024,BR56,UAE,Dubai,CUST6322,PROD309,Accessories,Keyboard,Samsung,5,806.47,0.23,0.18,3663.79,Net Banking,In-Store,EMP711,0,0,Same Day,6,USD
ORD131503,21-04-2024,BR117,UK,Birmingham,CUST7462,PROD324,Mobile,Samsung Galaxy S23,Apple,3,1556.96,0.22,0.18,4299.08,UPI,In-Store,EMP413,3,1,Same Day,3,GBP
ORD131504,05-03-2023,BR5,USA,New York,CUST5468,PROD697,Mobile,OnePlus 11,HP,1,1872.35,0.19,0.18,1789.59,UPI,Online,EMP945,1,0,Standard,6,INR
ORD131505,03-09-2023,BR9,USA,Chicago,CUST7089,PROD616,Accessories,Keyboard,Dell,1,1974.17,0.29,0.18,1653.96,Cash,In-Store,EMP403,0,1,Standard,6,AED
ORD131506,23-10-2024,BR82,USA,Los Angeles,CUST4156,PROD823,Mobile,Samsung Galaxy S23,LG,2,744.02,0.18,0.18,1439.83,Credit Card,Online,EMP636,3,0,Standard,6,USD
ORD131507,28-08-2024,BR107,UAE,Abu Dhabi,CUST4001,PROD446,Accessories,Wireless Mouse,Apple,5,1263.79,0.13,0.18,6487.03,Debit Card,Online,EMP205,0,0,Standard,8,EUR
ORD131508,25-06-2024,BR23,UAE,Dubai,CUST3668,PROD104,TV,LG OLED 48,Dell,5,1133.01,0.16,0.18,5615.2,Cash,Online,EMP967,3,0,Express,3,GBP
ORD131509,25-09-2023,BR98,UAE,Abu Dhabi,CUST3537,PROD137,Laptop,MacBook Air M2,Sony,5,154.57,0.22,0.18,711.33,Cash,In-Store,EMP413,2,1,Same Day,8,USD
ORD131510,19-06-2023,BR12,USA,Los Angeles,CUST8086,PROD127,Accessories,Wireless Mouse,Samsung,1,795.86,0.2,0.18,751.29,Cash,Online,EMP535,3,0,Express,10,GBP
ORD131511,05-10-2024,BR111,India,Mumbai,CUST6203,PROD767,Tablet,Samsung Galaxy Tab,LG,3,1050.59,0.07,0.18,3458.75,Net Banking,In-Store,EMP227,1,0,Express,9,USD
ORD131512,09-09-2023,BR26,UK,Manchester,CUST3056,PROD485,Accessories,Wireless Mouse,Sony,4,309.64,0.03,0.18,1417.66,Cash,In-Store,EMP391,3,0,Same Day,4,EUR
ORD131513,04-06-2024,BR66,UK,London,CUST5424,PROD942,TV,LG OLED 48,OnePlus,5,1000.11,0.01,0.18,5841.64,Cash,In-Store,EMP347,2,1,Same Day,8,INR
ORD131514,29-06-2023,BR58,Germany,Berlin,CUST1316,PROD831,TV,LG OLED 48,Dell,5,945.95,0.09,0.18,5078.81,Debit Card,Online,EMP200,2,1,Express,10,GBP
ORD131515,04-09-2023,BR28,UK,Manchester,CUST2374,PROD398,Accessories,Keyboard,Lenovo,3,937.63,0.03,0.18,3219.63,Net Banking,Online,EMP404,1,1,Standard,1,INR
ORD131516,25-08-2024,BR57,USA,Los Angeles,CUST6344,PROD534,TV,Sony Bravia 55,LG,1,1104.97,0.12,0.18,1147.4,Cash,In-Store,EMP479,3,0,Same Day,7,INR
ORD131517,15-12-2023,BR38,UK,Birmingham,CUST4191,PROD460,Laptop,Dell XPS 13,LG,3,1107.08,0.27,0.18,2860.92,Cash,Online,EMP582,1,0,Express,4,USD
ORD131518,16-08-2023,BR58,UK,London,CUST8397,PROD251,Mobile,iPhone 14,Samsung,1,648.19,0.09,0.18,696.03,Credit Card,In-Store,EMP948,2,1,Express,10,USD
ORD131519,17-08-2024,BR74,UAE,Dubai,CUST7394,PROD112,Mobile,Samsung Galaxy S23,OnePlus,4,1770.39,0.17,0.18,6935.68,UPI,In-Store,EMP640,1,0,Express,4,USD
ORD131520,20-09-2023,BR35,UAE,Dubai,CUST9383,PROD183,Tablet,Samsung Galaxy Tab,OnePlus,1,493.8,0.16,0.18,489.45,Net Banking,In-Store,EMP431,1,1,Same Day,2,EUR
ORD131521,14-05-2024,BR82,UK,London,CUST9866,PROD279,Laptop,MacBook Air M2,Lenovo,5,746.81,0.28,0.18,3172.45,UPI,Online,EMP277,1,1,Standard,10,INR
ORD131522,10-03-2024,BR57,USA,Dallas,CUST1239,PROD418,Mobile,Samsung Galaxy S23,OnePlus,5,1378.36,0.16,0.18,6831.15,Cash,Online,EMP856,1,0,Express,8,USD
ORD131523,29-05-2023,BR53,USA,Los Angeles,CUST6816,PROD756,TV,LG OLED 48,Apple,3,799.65,0.07,0.18,2632.61,UPI,Online,EMP803,1,0,Standard,6,USD
ORD131524,24-10-2024,BR68,Germany,Berlin,CUST4454,PROD815,Mobile,iPhone 14,Dell,5,703.02,0.09,0.18,3774.51,Net Banking,In-Store,EMP737,3,0,Express,5,INR
ORD131525,13-05-2024,BR74,Germany,Berlin,CUST7514,PROD349,Tablet,Lenovo Tab P11,HP,1,521.72,0.02,0.18,603.32,Net Banking,Online,EMP928,2,1,Express,9,AED
ORD131526,02-03-2024,BR61,India,Delhi,CUST1770,PROD597,Accessories,Bluetooth Headphones,LG,3,1911.98,0.01,0.18,6700.73,UPI,In-Store,EMP528,0,1,Express,1,USD
ORD131527,15-07-2024,BR15,UK,London,CUST6289,PROD273,Mobile,Samsung Galaxy S23,OnePlus,4,1043.97,0.3,0.18,3449.28,UPI,Online,EMP808,1,1,Standard,10,GBP
ORD131528,23-09-2023,BR72,India,Pune,CUST5529,PROD477,Tablet,iPad Air,Lenovo,4,1606.29,0.05,0.18,7202.6,Net Banking,Online,EMP487,2,1,Standard,6,USD
ORD131529,04-06-2023,BR31,India,Delhi,CUST3839,PROD892,Tablet,Samsung Galaxy Tab,Sony,1,1316.62,0.01,0.18,1538.08,Net Banking,Online,EMP935,2,0,Standard,8,GBP
ORD131530,20-04-2023,BR99,India,Mumbai,CUST1309,PROD109,Mobile,iPhone 14,Samsung,1,1857.33,0.17,0.18,1819.07,Net Banking,Online,EMP319,3,0,Express,1,EUR
ORD131531,09-10-2023,BR73,Germany,Berlin,CUST6506,PROD556,Mobile,OnePlus 11,Lenovo,3,937.49,0.2,0.18,2654.97,UPI,Online,EMP816,3,0,Express,1,INR
ORD131532,19-07-2024,BR5,India,Pune,CUST9795,PROD751,Tablet,iPad Air,LG,5,182.74,0.16,0.18,905.66,Credit Card,Online,EMP436,2,0,Express,9,GBP
ORD131533,14-07-2024,BR38,UAE,Abu Dhabi,CUST5623,PROD618,Tablet,Samsung Galaxy Tab,HP,1,863.75,0.17,0.18,845.96,Credit Card,In-Store,EMP724,2,1,Express,5,INR
ORD131534,03-04-2023,BR52,India,Bangalore,CUST4978,PROD593,Laptop,MacBook Air M2,HP,4,1186.59,0.11,0.18,4984.63,Net Banking,In-Store,EMP857,0,0,Standard,5,INR
ORD131535,07-09-2023,BR113,UK,London,CUST3951,PROD967,Tablet,iPad Air,Sony,1,1770.07,0.25,0.18,1566.51,Net Banking,In-Store,EMP922,2,1,Standard,8,AED
ORD131536,13-05-2023,BR62,UAE,Abu Dhabi,CUST2694,PROD178,Accessories,Keyboard,Apple,3,1958.92,0.09,0.18,6310.46,UPI,In-Store,EMP367,2,1,Standard,7,AED
ORD131537,02-11-2024,BR25,Germany,Munich,CUST6941,PROD888,Mobile,Samsung Galaxy S23,Lenovo,4,1169.38,0.09,0.18,5022.72,UPI,In-Store,EMP791,3,0,Express,8,GBP
ORD131538,03-10-2024,BR89,USA,Los Angeles,CUST4955,PROD362,Accessories,Keyboard,Dell,1,776.88,0.21,0.18,724.21,UPI,In-Store,EMP322,0,1,Express,6,USD
ORD131539,16-11-2023,BR87,UK,London,CUST5838,PROD699,Mobile,iPhone 14,Apple,5,1390.93,0.27,0.18,5990.74,Cash,In-Store,EMP443,0,0,Standard,10,AED
ORD131540,21-01-2023,BR36,India,Pune,CUST2616,PROD397,TV,LG OLED 48,OnePlus,5,182.52,0.11,0.18,958.41,Credit Card,Online,EMP204,1,0,Standard,6,AED
ORD131541,22-10-2023,BR63,India,Bangalore,CUST4566,PROD274,Tablet,iPad Air,Dell,1,1783.4,0.12,0.18,1851.88,Net Banking,Online,EMP718,1,0,Same Day,2,INR
ORD131542,08-02-2023,BR53,UAE,Dubai,CUST4891,PROD780,Tablet,Samsung Galaxy Tab,HP,1,816.07,0.25,0.18,722.22,UPI,In-Store,EMP739,1,0,Standard,2,EUR
ORD131543,15-05-2023,BR40,India,Delhi,CUST2853,PROD454,Accessories,Keyboard,HP,4,1995,0,0.18,9416.4,Net Banking,In-Store,EMP625,3,0,Standard,6,EUR
ORD131544,23-12-2023,BR5,USA,Los Angeles,CUST8919,PROD245,Laptop,HP Spectre x360,Dell,5,624.64,0.3,0.18,2579.76,Cash,In-Store,EMP802,3,1,Standard,2,AED
ORD131545,07-12-2024,BR101,Germany,Munich,CUST9055,PROD302,TV,LG OLED 48,OnePlus,2,1433.47,0.15,0.18,2875.54,Debit Card,Online,EMP935,0,1,Standard,1,EUR
ORD131546,21-12-2024,BR2,UAE,Dubai,CUST7307,PROD521,Laptop,Dell XPS 13,Samsung,5,1693.39,0.17,0.18,8292.53,Net Banking,In-Store,EMP919,3,1,Standard,8,EUR
ORD131547,13-04-2023,BR84,UK,Manchester,CUST9580,PROD658,Laptop,MacBook Air M2,HP,3,134.38,0,0.18,475.71,Credit Card,In-Store,EMP214,2,0,Standard,3,USD
ORD131548,28-04-2024,BR10,Germany,Munich,CUST5173,PROD993,Tablet,Lenovo Tab P11,OnePlus,3,153.34,0.15,0.18,461.4,Net Banking,In-Store,EMP553,1,1,Express,1,AED
ORD131549,11-05-2024,BR34,UK,London,CUST8279,PROD110,Mobile,OnePlus 11,Sony,3,1946.83,0.09,0.18,6271.52,Net Banking,In-Store,EMP624,0,1,Standard,10,INR
ORD131550,01-06-2024,BR14,UAE,Dubai,CUST1887,PROD297,Tablet,Samsung Galaxy Tab,OnePlus,5,781.28,0.03,0.18,4471.27,Debit Card,Online,EMP688,1,0,Standard,4,AED
ORD131551,11-03-2024,BR20,UK,London,CUST9674,PROD547,Tablet,Samsung Galaxy Tab,Samsung,1,1138.63,0.22,0.18,1048,Net Banking,Online,EMP347,3,0,Same Day,9,INR
ORD131552,25-01-2023,BR65,USA,Chicago,CUST7718,PROD831,TV,Samsung QLED 50,Samsung,2,1956.57,0.15,0.18,3924.88,Credit Card,In-Store,EMP910,2,0,Express,1,USD
ORD131553,28-01-2024,BR90,UAE,Abu Dhabi,CUST7104,PROD729,Tablet,Lenovo Tab P11,Samsung,3,1612.17,0.06,0.18,5364.66,Credit Card,Online,EMP608,1,0,Same Day,5,USD
ORD131554,27-11-2023,BR102,UAE,Dubai,CUST9960,PROD195,Accessories,Wireless Mouse,Lenovo,2,1846.73,0.06,0.18,4096.79,Debit Card,Online,EMP736,2,0,Standard,1,USD
ORD131555,28-02-2024,BR78,Germany,Berlin,CUST6748,PROD724,Laptop,Dell XPS 13,Samsung,5,706.98,0.27,0.18,3044.96,Debit Card,Online,EMP316,2,1,Express,6,GBP
ORD131556,27-10-2024,BR53,UAE,Dubai,CUST3291,PROD834,Accessories,Wireless Mouse,HP,4,341.23,0.02,0.18,1578.39,UPI,Online,EMP257,3,0,Express,3,AED
ORD131557,22-11-2024,BR119,USA,Dallas,CUST4485,PROD939,Accessories,Keyboard,Dell,2,873.72,0.1,0.18,1855.78,Net Banking,In-Store,EMP907,3,0,Same Day,8,INR
ORD131558,10-04-2024,BR42,Germany,Berlin,CUST8174,PROD688,Tablet,Lenovo Tab P11,Apple,2,1024.31,0.14,0.18,2078.94,Net Banking,Online,EMP373,0,1,Standard,2,USD
ORD131559,10-08-2023,BR28,UAE,Dubai,CUST9352,PROD741,Accessories,Wireless Mouse,Dell,3,565.61,0.04,0.18,1922.17,Credit Card,Online,EMP924,0,0,Express,6,GBP
ORD131560,14-01-2024,BR106,Germany,Hamburg,CUST2902,PROD397,Mobile,iPhone 14,OnePlus,5,249.52,0.1,0.18,1324.95,UPI,Online,EMP491,2,1,Same Day,7,EUR
ORD131561,04-11-2024,BR41,Germany,Hamburg,CUST5839,PROD242,Tablet,Samsung Galaxy Tab,OnePlus,1,744.82,0.28,0.18,632.8,UPI,In-Store,EMP755,0,1,Same Day,3,AED
ORD131562,29-08-2023,BR50,UK,Birmingham,CUST7207,PROD840,Mobile,Samsung Galaxy S23,Sony,3,1219.63,0.05,0.18,4101.62,Credit Card,Online,EMP790,3,0,Standard,10,USD
ORD131563,30-10-2023,BR19,USA,Chicago,CUST3945,PROD260,Accessories,Wireless Mouse,Samsung,1,106.97,0.14,0.18,108.55,UPI,In-Store,EMP233,3,0,Express,8,USD
ORD131564,04-06-2024,BR11,India,Mumbai,CUST2400,PROD397,Mobile,OnePlus 11,Samsung,5,423.7,0.1,0.18,2249.85,Net Banking,Online,EMP487,2,0,Same Day,6,EUR
ORD131565,18-11-2024,BR109,UAE,Dubai,CUST8062,PROD288,Accessories,Bluetooth Headphones,Samsung,3,1859.58,0.26,0.18,4871.36,UPI,Online,EMP592,0,1,Same Day,5,USD
ORD131566,13-07-2023,BR16,UAE,Dubai,CUST9124,PROD452,Accessories,Bluetooth Headphones,Apple,4,1379.28,0.17,0.18,5403.47,Debit Card,Online,EMP868,0,0,Same Day,1,USD
ORD131567,21-09-2023,BR92,USA,New York,CUST4598,PROD940,TV,Samsung QLED 50,OnePlus,2,1861.95,0.07,0.18,4086.61,Debit Card,Online,EMP793,2,0,Same Day,2,USD
ORD131568,16-12-2023,BR31,UK,London,CUST9712,PROD727,Tablet,Samsung Galaxy Tab,Dell,3,352.35,0.26,0.18,923.02,Cash,In-Store,EMP373,0,1,Standard,9,AED
ORD131569,28-07-2023,BR74,UK,London,CUST2255,PROD623,TV,Sony Bravia 55,Samsung,5,1819.84,0.14,0.18,9233.87,Debit Card,In-Store,EMP450,2,0,Standard,2,AED
ORD131570,10-01-2024,BR69,USA,Los Angeles,CUST1242,PROD905,Tablet,Samsung Galaxy Tab,HP,1,1965.63,0.3,0.18,1623.61,Credit Card,In-Store,EMP573,1,0,Standard,6,EUR
ORD131571,23-04-2024,BR64,India,Bangalore,CUST7960,PROD506,TV,Samsung QLED 50,HP,4,991.22,0.21,0.18,3696.06,Credit Card,In-Store,EMP236,2,1,Standard,9,AED
ORD131572,25-02-2024,BR59,UAE,Dubai,CUST2681,PROD369,TV,LG OLED 48,Dell,1,1541.26,0.18,0.18,1491.32,Net Banking,Online,EMP333,2,1,Standard,5,AED
ORD131573,07-05-2024,BR65,India,Delhi,CUST8673,PROD443,Laptop,HP Spectre x360,LG,5,674,0.04,0.18,3817.54,UPI,In-Store,EMP813,1,1,Standard,8,USD
ORD131574,29-03-2023,BR68,UAE,Abu Dhabi,CUST8918,PROD214,Tablet,Samsung Galaxy Tab,Lenovo,4,526.17,0.24,0.18,1887.48,Credit Card,Online,EMP453,2,1,Same Day,2,EUR
ORD131575,02-04-2024,BR96,UK,London,CUST2843,PROD274,Accessories,Bluetooth Headphones,LG,2,1065.81,0,0.18,2515.31,Net Banking,Online,EMP855,2,1,Same Day,8,INR
ORD131576,18-04-2024,BR92,India,Bangalore,CUST8213,PROD672,Mobile,Samsung Galaxy S23,LG,3,73.21,0.08,0.18,238.43,Cash,Online,EMP525,0,0,Express,7,USD
ORD131577,05-07-2024,BR7,India,Bangalore,CUST2892,PROD766,Tablet,iPad Air,Dell,3,1303.14,0.07,0.18,4290.2,Debit Card,In-Store,EMP517,2,0,Same Day,4,AED
ORD131578,19-12-2024,BR84,India,Pune,CUST3797,PROD325,Accessories,Wireless Mouse,Sony,4,952.24,0.02,0.18,4404.68,UPI,Online,EMP758,0,1,Standard,2,INR
ORD131579,04-06-2024,BR93,UK,Birmingham,CUST4091,PROD301,Laptop,Dell XPS 13,Samsung,5,742.89,0.15,0.18,3725.59,Cash,Online,EMP412,2,1,Express,8,INR
ORD131580,08-07-2024,BR4,India,Bangalore,CUST4114,PROD780,Accessories,Bluetooth Headphones,Samsung,5,1676.03,0.05,0.18,9394.15,Credit Card,Online,EMP849,1,0,Same Day,4,INR
ORD131581,15-12-2023,BR23,UAE,Abu Dhabi,CUST9618,PROD159,TV,LG OLED 48,Apple,2,295.96,0.2,0.18,558.77,Credit Card,In-Store,EMP558,2,0,Same Day,6,GBP
ORD131582,05-10-2023,BR40,India,Bangalore,CUST9503,PROD505,Laptop,Dell XPS 13,Samsung,3,800.68,0.11,0.18,2522.62,Cash,Online,EMP289,0,1,Standard,7,GBP
ORD131583,05-08-2023,BR53,India,Delhi,CUST1087,PROD309,Tablet,Lenovo Tab P11,Apple,4,847.26,0.13,0.18,3479.19,Cash,In-Store,EMP386,2,1,Same Day,9,INR
ORD131584,04-02-2024,BR14,UK,Manchester,CUST6817,PROD309,Tablet,Lenovo Tab P11,Lenovo,5,160.5,0.27,0.18,691.27,Credit Card,In-Store,EMP980,0,0,Express,5,GBP
ORD131585,23-09-2024,BR21,UAE,Abu Dhabi,CUST4723,PROD439,Accessories,Bluetooth Headphones,LG,4,637.89,0.08,0.18,2769.97,Debit Card,In-Store,EMP377,1,1,Express,3,GBP
ORD131586,25-11-2024,BR38,USA,New York,CUST4934,PROD656,TV,Sony Bravia 55,Lenovo,1,702.03,0.12,0.18,728.99,UPI,In-Store,EMP598,2,1,Standard,7,AED
ORD131587,10-05-2024,BR105,UK,Birmingham,CUST2352,PROD737,Mobile,iPhone 14,Dell,4,1377.22,0.04,0.18,6240.46,Debit Card,In-Store,EMP276,2,0,Express,8,USD
ORD131588,23-08-2023,BR75,UK,London,CUST6044,PROD510,Laptop,HP Spectre x360,Apple,2,352.6,0.04,0.18,798.85,Cash,Online,EMP884,1,0,Standard,7,AED
ORD131589,21-07-2023,BR24,India,Pune,CUST6014,PROD315,Laptop,MacBook Air M2,HP,4,833.43,0.24,0.18,2989.68,Net Banking,Online,EMP518,1,1,Express,6,USD
ORD131590,04-04-2023,BR70,UAE,Abu Dhabi,CUST9655,PROD925,Tablet,iPad Air,Dell,4,293.3,0.27,0.18,1010.59,Debit Card,Online,EMP650,0,0,Standard,3,EUR
ORD131591,21-03-2023,BR119,Germany,Munich,CUST5402,PROD976,Mobile,iPhone 14,Dell,2,955.04,0.19,0.18,1825.65,UPI,Online,EMP385,3,0,Standard,7,INR
ORD131592,06-04-2023,BR4,USA,Chicago,CUST2047,PROD778,Tablet,Lenovo Tab P11,Apple,5,1558.75,0.24,0.18,6989.43,Net Banking,In-Store,EMP543,1,0,Same Day,4,AED
ORD131593,20-03-2024,BR106,UAE,Abu Dhabi,CUST7955,PROD727,Accessories,Wireless Mouse,LG,5,1748.94,0.23,0.18,7945.43,UPI,Online,EMP859,3,0,Standard,9,AED
ORD131594,10-07-2023,BR18,UAE,Dubai,CUST2457,PROD741,Tablet,Lenovo Tab P11,LG,1,1079.98,0.27,0.18,930.29,Debit Card,Online,EMP595,2,0,Same Day,3,INR
ORD131595,20-01-2024,BR58,Germany,Hamburg,CUST6146,PROD397,Laptop,Dell XPS 13,Lenovo,1,976.19,0.1,0.18,1036.71,Net Banking,Online,EMP871,0,0,Standard,3,INR
ORD131596,08-06-2023,BR92,India,Bangalore,CUST9101,PROD395,TV,Sony Bravia 55,Lenovo,2,747.63,0.04,0.18,1693.83,Credit Card,In-Store,EMP635,1,0,Standard,10,EUR
ORD131597,19-11-2023,BR5,UK,Manchester,CUST4986,PROD913,TV,Sony Bravia 55,HP,4,103.95,0.22,0.18,382.7,Cash,In-Store,EMP272,1,1,Standard,2,AED
ORD131598,28-11-2023,BR117,Germany,Hamburg,CUST4266,PROD178,Accessories,Bluetooth Headphones,Dell,1,822.34,0.18,0.18,795.7,Credit Card,In-Store,EMP695,1,1,Same Day,2,INR
ORD131599,12-11-2023,BR111,UAE,Dubai,CUST8065,PROD988,Mobile,Samsung Galaxy S23,Dell,3,857.78,0.07,0.18,2823.98,Debit Card,Online,EMP508,3,0,Express,9,AED
ORD131600,21-06-2024,BR16,UK,Manchester,CUST2504,PROD909,Laptop,Dell XPS 13,OnePlus,2,321.74,0.21,0.18,599.85,Net Banking,Online,EMP580,2,0,Standard,7,EUR
ORD131601,16-11-2023,BR70,India,Mumbai,CUST3555,PROD882,TV,Sony Bravia 55,Sony,4,600.47,0.18,0.18,2324.06,Debit Card,Online,EMP730,3,0,Express,5,EUR
ORD131602,13-09-2023,BR35,UAE,Dubai,CUST9062,PROD993,Tablet,iPad Air,Dell,1,222.49,0.13,0.18,228.41,Net Banking,Online,EMP204,3,1,Standard,9,GBP
ORD131603,11-05-2024,BR28,UAE,Abu Dhabi,CUST1759,PROD761,Tablet,iPad Air,Apple,2,1111.59,0.21,0.18,2072.45,Debit Card,Online,EMP320,3,1,Same Day,2,GBP
ORD131604,02-02-2023,BR86,UAE,Abu Dhabi,CUST8170,PROD839,Laptop,HP Spectre x360,Apple,2,1886.49,0.21,0.18,3517.17,Debit Card,Online,EMP692,3,1,Express,9,GBP
ORD131605,20-07-2023,BR37,USA,New York,CUST8832,PROD764,Tablet,iPad Air,OnePlus,2,1737.35,0.26,0.18,3034.11,Net Banking,Online,EMP268,1,0,Same Day,5,GBP
ORD131606,28-05-2024,BR25,India,Mumbai,CUST9444,PROD755,Accessories,Wireless Mouse,Lenovo,5,1916.31,0.16,0.18,9497.23,Cash,In-Store,EMP448,3,1,Same Day,1,EUR
ORD131607,15-05-2024,BR104,India,Pune,CUST4090,PROD551,Laptop,MacBook Air M2,Dell,3,1979.24,0.05,0.18,6656.18,Net Banking,Online,EMP798,0,0,Express,7,AED
ORD131608,10-01-2024,BR17,UK,Birmingham,CUST9479,PROD707,TV,Samsung QLED 50,Dell,1,1563.6,0.21,0.18,1457.59,Net Banking,Online,EMP827,0,1,Same Day,7,GBP
ORD131609,29-03-2024,BR100,USA,Dallas,CUST7876,PROD262,Mobile,Samsung Galaxy S23,Samsung,4,1971.55,0.06,0.18,8747.37,UPI,Online,EMP711,0,0,Standard,1,INR
ORD131610,05-11-2024,BR94,Germany,Hamburg,CUST9158,PROD523,Tablet,Samsung Galaxy Tab,HP,2,1152.51,0.16,0.18,2284.74,UPI,In-Store,EMP613,1,0,Same Day,8,EUR
ORD131611,19-06-2023,BR86,India,Mumbai,CUST7534,PROD189,Mobile,OnePlus 11,Apple,1,1948.45,0.09,0.18,2092.25,Net Banking,Online,EMP606,2,0,Same Day,3,INR
ORD131612,31-08-2024,BR17,India,Delhi,CUST2717,PROD937,Laptop,Dell XPS 13,OnePlus,2,342.86,0.11,0.18,720.14,Credit Card,In-Store,EMP275,1,1,Standard,5,USD
ORD131613,09-11-2024,BR120,Germany,Munich,CUST8374,PROD688,Laptop,Dell XPS 13,Dell,5,68.59,0.29,0.18,287.32,UPI,Online,EMP407,3,1,Standard,3,INR
ORD131614,22-08-2023,BR36,UK,Birmingham,CUST7937,PROD246,TV,Sony Bravia 55,LG,2,1966.37,0.02,0.18,4547.82,Net Banking,In-Store,EMP547,3,1,Same Day,1,GBP
ORD131615,24-04-2024,BR35,USA,Dallas,CUST4752,PROD355,Laptop,Dell XPS 13,Dell,4,1792.08,0.19,0.18,6851.48,Credit Card,In-Store,EMP714,3,1,Standard,1,INR
ORD131616,08-03-2024,BR116,India,Bangalore,CUST9353,PROD739,Mobile,OnePlus 11,Dell,1,663.71,0.28,0.18,563.89,Net Banking,Online,EMP606,0,1,Same Day,8,INR
ORD131617,26-08-2023,BR91,USA,New York,CUST1519,PROD896,Accessories,Bluetooth Headphones,Dell,3,569.49,0.29,0.18,1431.36,Cash,Online,EMP469,0,1,Standard,4,GBP
ORD131618,18-02-2023,BR112,USA,New York,CUST7222,PROD859,Laptop,MacBook Air M2,Samsung,5,1443.12,0.13,0.18,7407.53,Credit Card,In-Store,EMP698,1,0,Same Day,10,USD
ORD131619,29-12-2023,BR62,USA,Dallas,CUST1595,PROD202,Laptop,HP Spectre x360,OnePlus,4,1137.7,0.08,0.18,4940.35,Credit Card,Online,EMP517,1,1,Standard,4,EUR
ORD131620,27-08-2024,BR34,Germany,Berlin,CUST9709,PROD805,Tablet,Lenovo Tab P11,Sony,5,1847.74,0.17,0.18,9048.38,Debit Card,In-Store,EMP721,2,0,Express,9,EUR
ORD131621,27-06-2024,BR22,UAE,Abu Dhabi,CUST6090,PROD491,Laptop,HP Spectre x360,HP,4,1672.77,0.13,0.18,6869.06,Credit Card,Online,EMP679,2,0,Standard,8,EUR
ORD131622,26-03-2023,BR50,UK,Manchester,CUST6933,PROD680,Mobile,OnePlus 11,LG,5,407.3,0.28,0.18,1730.21,Cash,Online,EMP508,2,1,Same Day,7,AED
ORD131623,12-11-2023,BR57,India,Delhi,CUST4601,PROD765,Laptop,MacBook Air M2,Samsung,5,700.53,0.29,0.18,2934.52,Net Banking,In-Store,EMP341,3,1,Express,8,USD
ORD131624,29-10-2024,BR80,UAE,Abu Dhabi,CUST3966,PROD155,Mobile,iPhone 14,Lenovo,4,444.15,0.13,0.18,1823.86,Debit Card,Online,EMP377,2,1,Express,4,USD
ORD131625,28-02-2023,BR33,UK,London,CUST1202,PROD403,Laptop,MacBook Air M2,Samsung,4,1926.93,0.28,0.18,6548.48,Net Banking,In-Store,EMP454,3,0,Express,8,GBP
ORD131626,08-09-2024,BR95,USA,New York,CUST2087,PROD620,Accessories,Wireless Mouse,Lenovo,5,1241.63,0.19,0.18,5933.75,Debit Card,Online,EMP824,3,0,Same Day,4,USD
ORD131627,23-09-2023,BR63,USA,Chicago,CUST8500,PROD148,Accessories,Keyboard,Dell,5,1519.44,0.01,0.18,8875.05,Net Banking,Online,EMP738,0,1,Express,7,EUR
ORD131628,30-03-2024,BR104,Germany,Munich,CUST1844,PROD869,Accessories,Keyboard,OnePlus,3,1040.73,0.05,0.18,3499.97,UPI,Online,EMP215,1,1,Express,8,INR
ORD131629,03-06-2024,BR24,UAE,Dubai,CUST6293,PROD904,Mobile,Samsung Galaxy S23,LG,5,816.64,0.21,0.18,3806.36,Credit Card,Online,EMP999,0,0,Same Day,9,GBP
ORD131630,21-08-2023,BR5,UAE,Abu Dhabi,CUST2887,PROD750,Accessories,Wireless Mouse,HP,3,1478.44,0.12,0.18,4605.64,Net Banking,Online,EMP731,0,1,Standard,2,EUR
ORD131631,26-04-2023,BR57,India,Pune,CUST8218,PROD969,Accessories,Bluetooth Headphones,LG,1,1142.39,0.23,0.18,1037.98,Cash,Online,EMP693,2,0,Standard,1,GBP
ORD131632,12-11-2024,BR41,UK,Manchester,CUST4146,PROD674,Laptop,MacBook Air M2,Lenovo,1,1577.82,0.08,0.18,1712.88,Credit Card,In-Store,EMP573,1,0,Standard,8,USD
ORD131633,23-12-2024,BR88,Germany,Berlin,CUST9829,PROD384,Laptop,MacBook Air M2,Lenovo,5,1844.41,0.15,0.18,9249.72,UPI,In-Store,EMP309,0,1,Same Day,1,EUR
ORD131634,07-09-2024,BR45,UK,London,CUST7600,PROD838,Tablet,iPad Air,LG,2,1494.16,0.08,0.18,3244.12,Credit Card,Online,EMP247,2,1,Express,4,AED
ORD131635,12-04-2023,BR18,UAE,Dubai,CUST7823,PROD105,Laptop,HP Spectre x360,Lenovo,2,1916.95,0.03,0.18,4388.28,Credit Card,In-Store,EMP394,3,0,Same Day,3,AED
ORD131636,21-02-2023,BR18,UK,Birmingham,CUST8489,PROD568,Accessories,Keyboard,Dell,1,757.33,0.03,0.18,866.84,Cash,Online,EMP670,1,0,Same Day,3,USD
ORD131637,07-02-2024,BR6,UK,Birmingham,CUST9719,PROD963,Mobile,OnePlus 11,LG,2,1656.59,0.05,0.18,3714.07,Net Banking,In-Store,EMP322,1,0,Express,1,USD
ORD131638,08-03-2024,BR120,USA,Los Angeles,CUST7112,PROD596,Laptop,Dell XPS 13,OnePlus,2,397.96,0.28,0.18,676.21,Net Banking,In-Store,EMP587,2,1,Same Day,10,GBP
ORD131639,08-05-2024,BR74,India,Pune,CUST6802,PROD958,Mobile,OnePlus 11,Samsung,2,877.75,0.27,0.18,1512.19,Debit Card,In-Store,EMP629,2,1,Same Day,9,INR
ORD131640,18-08-2023,BR96,India,Pune,CUST7583,PROD296,Laptop,HP Spectre x360,HP,4,1199.29,0.21,0.18,4471.91,Net Banking,In-Store,EMP217,3,0,Standard,3,USD
ORD131641,25-06-2024,BR34,UK,Manchester,CUST4697,PROD122,Mobile,iPhone 14,Samsung,2,128.83,0.3,0.18,212.83,Debit Card,In-Store,EMP697,1,0,Standard,7,GBP
ORD131642,05-02-2024,BR87,Germany,Berlin,CUST3489,PROD485,TV,LG OLED 48,Apple,1,1583.52,0.22,0.18,1457.47,Cash,In-Store,EMP486,0,0,Express,4,INR
ORD131643,06-09-2024,BR64,UAE,Abu Dhabi,CUST2920,PROD366,Laptop,HP Spectre x360,Sony,2,132.17,0.26,0.18,230.82,UPI,Online,EMP968,2,0,Standard,1,INR
ORD131644,15-09-2023,BR18,India,Mumbai,CUST3799,PROD433,TV,Sony Bravia 55,Sony,4,781.74,0.29,0.18,2619.77,Credit Card,In-Store,EMP216,2,0,Express,5,AED
ORD131645,12-04-2023,BR73,UAE,Abu Dhabi,CUST4122,PROD619,Tablet,iPad Air,Dell,2,686.38,0.16,0.18,1360.68,Debit Card,In-Store,EMP563,1,1,Same Day,10,AED
ORD131646,31-12-2024,BR28,Germany,Hamburg,CUST9762,PROD540,Mobile,iPhone 14,LG,3,1198.83,0.05,0.18,4031.67,Cash,In-Store,EMP246,0,1,Same Day,7,EUR
ORD131647,04-02-2023,BR113,India,Mumbai,CUST6739,PROD326,TV,Sony Bravia 55,OnePlus,4,1763.57,0.27,0.18,6076.56,Credit Card,In-Store,EMP699,3,1,Same Day,5,INR
ORD131648,21-02-2024,BR10,Germany,Hamburg,CUST6168,PROD977,Tablet,Samsung Galaxy Tab,LG,1,340.34,0.13,0.18,349.39,Cash,Online,EMP323,1,1,Express,9,EUR
ORD131649,08-07-2023,BR87,USA,Dallas,CUST7673,PROD569,TV,Sony Bravia 55,Apple,4,735.05,0.16,0.18,2914.33,Debit Card,Online,EMP675,1,0,Express,7,GBP
ORD131650,28-11-2023,BR54,Germany,Munich,CUST4915,PROD757,Tablet,Lenovo Tab P11,Dell,5,1423.92,0.2,0.18,6720.9,UPI,Online,EMP274,3,1,Express,5,GBP
ORD131651,15-02-2024,BR64,USA,Chicago,CUST5647,PROD542,TV,Sony Bravia 55,Sony,5,249.9,0.24,0.18,1120.55,Debit Card,In-Store,EMP541,2,0,Same Day,1,EUR
ORD131652,16-10-2023,BR75,USA,Chicago,CUST9861,PROD484,Laptop,HP Spectre x360,OnePlus,2,1203.6,0.03,0.18,2755.28,Debit Card,Online,EMP993,1,1,Express,2,GBP
ORD131653,03-02-2024,BR83,Germany,Munich,CUST1767,PROD822,Laptop,Dell XPS 13,Dell,2,1070.27,0.28,0.18,1818.6,UPI,In-Store,EMP346,3,1,Same Day,6,USD
ORD131654,13-07-2023,BR13,India,Delhi,CUST6278,PROD551,Laptop,Dell XPS 13,LG,4,515.33,0.23,0.18,1872.92,UPI,Online,EMP246,0,0,Standard,4,USD
ORD131655,28-12-2023,BR16,UAE,Abu Dhabi,CUST3979,PROD878,Accessories,Wireless Mouse,LG,2,1369.78,0.24,0.18,2456.84,Debit Card,Online,EMP313,1,0,Express,7,EUR
ORD131656,29-07-2023,BR52,Germany,Munich,CUST3597,PROD854,Tablet,Lenovo Tab P11,OnePlus,3,1333.04,0.26,0.18,3492.03,Cash,In-Store,EMP432,1,1,Same Day,9,GBP
ORD131657,23-03-2023,BR68,Germany,Munich,CUST4960,PROD805,Tablet,Samsung Galaxy Tab,OnePlus,5,666.34,0.16,0.18,3302.38,UPI,Online,EMP301,3,0,Standard,10,INR
ORD131658,07-06-2024,BR116,India,Pune,CUST1081,PROD978,Tablet,iPad Air,Lenovo,5,661.94,0.09,0.18,3553.96,Credit Card,Online,EMP220,0,1,Standard,2,INR
ORD131659,27-05-2023,BR82,India,Mumbai,CUST8701,PROD888,TV,LG OLED 48,Dell,2,1961.71,0.23,0.18,3564.82,Debit Card,Online,EMP499,0,0,Standard,10,AED
ORD131660,12-12-2023,BR112,UK,Manchester,CUST7389,PROD681,Accessories,Bluetooth Headphones,Dell,4,1468.35,0.18,0.18,5683.1,Credit Card,In-Store,EMP566,1,0,Standard,3,EUR
ORD131661,25-11-2024,BR120,India,Delhi,CUST7836,PROD963,Accessories,Keyboard,OnePlus,1,68.66,0.04,0.18,77.78,Net Banking,In-Store,EMP429,3,1,Standard,2,INR
ORD131662,03-08-2024,BR117,UAE,Dubai,CUST6527,PROD334,Laptop,Dell XPS 13,HP,3,1550.14,0.22,0.18,4280.25,Credit Card,Online,EMP383,3,0,Standard,1,AED
ORD131663,18-10-2024,BR17,India,Delhi,CUST2268,PROD753,Mobile,iPhone 14,OnePlus,5,557.4,0.17,0.18,2729.59,Debit Card,In-Store,EMP801,2,0,Standard,9,AED
ORD131664,27-01-2024,BR117,Germany,Hamburg,CUST9276,PROD866,Laptop,HP Spectre x360,OnePlus,4,1454.7,0.02,0.18,6728.86,Debit Card,In-Store,EMP924,3,1,Same Day,6,USD
ORD131665,02-07-2024,BR37,UAE,Dubai,CUST9123,PROD531,TV,Samsung QLED 50,LG,1,1377.3,0.17,0.18,1348.93,Net Banking,In-Store,EMP350,0,0,Standard,10,USD
ORD131666,28-04-2023,BR13,USA,New York,CUST1401,PROD422,Accessories,Keyboard,Sony,2,389.45,0.26,0.18,680.14,UPI,In-Store,EMP876,1,0,Same Day,1,USD
ORD131667,29-05-2024,BR20,Germany,Munich,CUST1631,PROD890,TV,Samsung QLED 50,LG,4,1361.34,0,0.18,6425.52,Net Banking,In-Store,EMP665,2,0,Express,3,EUR
ORD131668,01-10-2024,BR97,UAE,Dubai,CUST1841,PROD137,Mobile,Samsung Galaxy S23,LG,2,985.05,0.02,0.18,2278.22,UPI,Online,EMP236,2,1,Express,5,USD
ORD131669,21-07-2024,BR88,Germany,Berlin,CUST8482,PROD797,TV,Samsung QLED 50,Lenovo,3,561.36,0.07,0.18,1848.11,Cash,In-Store,EMP609,2,1,Express,9,USD
ORD131670,28-06-2023,BR12,India,Pune,CUST4519,PROD527,Accessories,Wireless Mouse,Samsung,5,442.64,0.27,0.18,1906.45,UPI,In-Store,EMP754,3,1,Express,7,EUR
ORD131671,30-03-2023,BR14,India,Bangalore,CUST9505,PROD259,Tablet,Lenovo Tab P11,HP,5,695.53,0.17,0.18,3406.01,Cash,Online,EMP511,3,0,Express,5,INR
ORD131672,12-06-2023,BR24,USA,Chicago,CUST9109,PROD738,Tablet,Lenovo Tab P11,HP,1,1413.83,0.16,0.18,1401.39,Cash,In-Store,EMP922,2,0,Standard,2,AED
ORD131673,18-05-2023,BR37,Germany,Berlin,CUST3112,PROD864,Tablet,Lenovo Tab P11,OnePlus,3,172.63,0.12,0.18,537.78,UPI,Online,EMP227,0,1,Same Day,8,AED
ORD131674,29-03-2023,BR78,USA,New York,CUST1104,PROD751,Accessories,Wireless Mouse,LG,5,1011.53,0.23,0.18,4595.38,Net Banking,In-Store,EMP809,1,1,Standard,8,EUR
ORD131675,16-05-2023,BR8,UK,London,CUST9697,PROD885,TV,Samsung QLED 50,LG,2,1095.93,0.24,0.18,1965.66,Credit Card,Online,EMP954,3,1,Same Day,8,AED
ORD131676,23-09-2024,BR67,India,Bangalore,CUST1139,PROD527,Mobile,Samsung Galaxy S23,HP,2,1891.04,0.26,0.18,3302.51,Debit Card,In-Store,EMP990,0,0,Same Day,5,GBP
ORD131677,06-07-2024,BR102,Germany,Hamburg,CUST5364,PROD631,Mobile,Samsung Galaxy S23,LG,3,387.75,0.02,0.18,1345.18,UPI,In-Store,EMP698,3,0,Express,7,USD
ORD131678,03-01-2023,BR34,UK,Manchester,CUST4467,PROD278,Accessories,Keyboard,Apple,5,1231.07,0.04,0.18,6972.78,Debit Card,Online,EMP951,1,1,Same Day,5,GBP
ORD131679,16-04-2023,BR42,UK,London,CUST1465,PROD145,Tablet,Lenovo Tab P11,Apple,2,242.64,0.16,0.18,481.01,Net Banking,In-Store,EMP728,1,1,Express,6,USD
ORD131680,21-05-2023,BR23,UAE,Abu Dhabi,CUST4271,PROD582,Tablet,iPad Air,LG,3,851.74,0.25,0.18,2261.37,Net Banking,Online,EMP568,1,1,Same Day,5,AED
ORD131681,10-07-2023,BR27,UAE,Abu Dhabi,CUST8262,PROD803,Accessories,Keyboard,Lenovo,2,1908.64,0.03,0.18,4369.26,Credit Card,In-Store,EMP269,0,1,Same Day,8,EUR
ORD131682,10-11-2024,BR49,UK,Manchester,CUST8995,PROD435,Laptop,Dell XPS 13,Apple,3,1178.71,0.28,0.18,3004.3,UPI,In-Store,EMP498,1,1,Same Day,9,USD
ORD131683,31-08-2024,BR87,UAE,Dubai,CUST5876,PROD471,Accessories,Bluetooth Headphones,Samsung,4,1007.17,0.09,0.18,4326,Credit Card,In-Store,EMP209,2,1,Same Day,5,USD
ORD131684,07-06-2023,BR54,UK,Birmingham,CUST7491,PROD613,Laptop,Dell XPS 13,Lenovo,2,1524.11,0.05,0.18,3417.05,Credit Card,Online,EMP717,2,1,Same Day,9,INR
ORD131685,06-05-2023,BR1,UAE,Abu Dhabi,CUST6284,PROD956,Mobile,OnePlus 11,Samsung,3,1947.26,0.12,0.18,6066.1,Cash,Online,EMP382,3,0,Express,2,AED
ORD131686,29-08-2024,BR2,India,Bangalore,CUST9429,PROD480,Accessories,Keyboard,HP,5,614.07,0.14,0.18,3115.79,Debit Card,Online,EMP370,0,0,Express,5,AED
ORD131687,14-07-2024,BR1,UK,London,CUST1603,PROD403,Tablet,iPad Air,LG,4,642.9,0.05,0.18,2882.76,Net Banking,Online,EMP702,0,1,Standard,1,EUR
ORD131688,02-11-2024,BR9,USA,Chicago,CUST3593,PROD104,Accessories,Keyboard,Samsung,2,1889.15,0,0.18,4458.39,Net Banking,In-Store,EMP833,3,1,Same Day,4,GBP
ORD131689,14-12-2023,BR52,India,Mumbai,CUST3327,PROD157,Laptop,HP Spectre x360,LG,2,570.34,0.25,0.18,1009.5,Debit Card,In-Store,EMP811,1,0,Standard,9,USD
ORD131690,31-12-2024,BR20,UK,London,CUST5694,PROD511,Laptop,Dell XPS 13,Lenovo,4,822.15,0.24,0.18,2949.22,Cash,In-Store,EMP555,3,1,Standard,7,USD
ORD131691,14-11-2024,BR17,Germany,Berlin,CUST5337,PROD194,TV,Sony Bravia 55,Samsung,4,1783.65,0.22,0.18,6566.69,Cash,In-Store,EMP772,3,1,Same Day,5,EUR
ORD131692,12-12-2024,BR111,USA,New York,CUST7405,PROD355,TV,LG OLED 48,Samsung,3,995.24,0.28,0.18,2536.67,Net Banking,Online,EMP383,2,1,Same Day,10,INR
ORD131693,28-03-2024,BR58,UAE,Dubai,CUST5240,PROD918,Mobile,Samsung Galaxy S23,Dell,1,1443.05,0.24,0.18,1294.13,Cash,In-Store,EMP663,0,0,Standard,5,USD
ORD131694,07-12-2024,BR16,UAE,Abu Dhabi,CUST2086,PROD340,Tablet,Lenovo Tab P11,LG,2,105.62,0.11,0.18,221.84,Credit Card,Online,EMP951,3,0,Express,4,GBP
ORD131695,21-06-2023,BR72,UK,Manchester,CUST3308,PROD265,Accessories,Wireless Mouse,Lenovo,4,1864.14,0.03,0.18,8534.78,Cash,Online,EMP388,2,0,Same Day,7,INR
ORD131696,15-10-2024,BR66,UAE,Dubai,CUST7105,PROD388,TV,LG OLED 48,OnePlus,5,1176.85,0.21,0.18,5485.3,Cash,Online,EMP890,3,1,Express,1,INR
ORD131697,15-12-2024,BR40,UAE,Dubai,CUST8088,PROD692,Laptop,HP Spectre x360,LG,1,1695.14,0.01,0.18,1980.26,Credit Card,In-Store,EMP253,0,0,Same Day,8,GBP
ORD131698,17-11-2023,BR25,UAE,Abu Dhabi,CUST6431,PROD174,Accessories,Keyboard,Apple,1,560.29,0.23,0.18,509.08,Credit Card,Online,EMP741,0,1,Express,1,INR
ORD131699,09-03-2023,BR63,Germany,Hamburg,CUST3213,PROD932,Accessories,Bluetooth Headphones,Lenovo,5,314.49,0.07,0.18,1725.61,UPI,Online,EMP598,1,0,Express,9,GBP
ORD131700,13-08-2023,BR28,USA,Chicago,CUST7966,PROD477,Mobile,iPhone 14,HP,2,1327.3,0.16,0.18,2631.24,Debit Card,Online,EMP676,0,1,Express,1,GBP
ORD131701,13-01-2024,BR11,Germany,Hamburg,CUST8606,PROD119,Accessories,Wireless Mouse,Lenovo,4,229.95,0.24,0.18,824.88,Debit Card,In-Store,EMP457,1,0,Express,2,USD
ORD131702,06-11-2023,BR48,UK,Birmingham,CUST3932,PROD889,Mobile,Samsung Galaxy S23,Lenovo,1,731.63,0.01,0.18,854.69,Net Banking,Online,EMP369,2,0,Same Day,1,GBP
ORD131703,02-10-2024,BR16,UAE,Dubai,CUST3996,PROD319,Laptop,HP Spectre x360,Apple,3,922.33,0.17,0.18,2709.99,Net Banking,Online,EMP268,0,0,Same Day,9,INR
ORD131704,28-07-2023,BR94,USA,New York,CUST9651,PROD708,Accessories,Keyboard,Apple,5,753.88,0.27,0.18,3246.96,Net Banking,Online,EMP642,2,1,Standard,7,EUR
ORD131705,18-06-2024,BR48,UAE,Dubai,CUST5967,PROD279,TV,Sony Bravia 55,Samsung,1,1147.25,0.1,0.18,1218.38,Net Banking,In-Store,EMP470,2,1,Same Day,8,INR
ORD131706,05-07-2023,BR34,UAE,Dubai,CUST1308,PROD929,Tablet,Samsung Galaxy Tab,Dell,3,1938.13,0.16,0.18,5763.22,UPI,In-Store,EMP590,1,1,Same Day,10,EUR
ORD131707,10-03-2023,BR4,Germany,Munich,CUST5726,PROD551,TV,LG OLED 48,Samsung,5,421.65,0.08,0.18,2288.72,Debit Card,In-Store,EMP216,3,1,Same Day,5,GBP
ORD131708,08-05-2024,BR98,Germany,Berlin,CUST8586,PROD696,Tablet,Lenovo Tab P11,OnePlus,1,1065.58,0.01,0.18,1244.81,Net Banking,In-Store,EMP591,3,0,Express,1,INR
ORD131709,17-12-2023,BR36,USA,Chicago,CUST2265,PROD770,Mobile,Samsung Galaxy S23,OnePlus,4,483.82,0.28,0.18,1644.21,Debit Card,Online,EMP395,0,0,Standard,7,INR
ORD131710,27-06-2024,BR17,Germany,Berlin,CUST7503,PROD286,Tablet,iPad Air,Samsung,3,1187.46,0.09,0.18,3825.28,Cash,Online,EMP254,0,0,Same Day,9,AED
ORD131711,22-07-2023,BR89,India,Mumbai,CUST9846,PROD110,Laptop,HP Spectre x360,Samsung,3,876.03,0.13,0.18,2698,Debit Card,Online,EMP973,0,0,Express,9,EUR
ORD131712,14-11-2023,BR116,USA,Dallas,CUST6551,PROD295,Mobile,Samsung Galaxy S23,Sony,2,167.92,0.13,0.18,344.77,Net Banking,Online,EMP965,3,0,Same Day,5,INR
ORD131713,20-10-2023,BR36,UAE,Abu Dhabi,CUST9201,PROD890,Tablet,Samsung Galaxy Tab,Apple,2,127.26,0.21,0.18,237.26,Credit Card,In-Store,EMP470,1,0,Express,9,EUR
ORD131714,27-04-2023,BR6,India,Pune,CUST5215,PROD306,TV,Sony Bravia 55,HP,2,332.34,0.29,0.18,556.87,Net Banking,Online,EMP879,3,0,Standard,3,INR
ORD131715,05-10-2024,BR29,India,Delhi,CUST5893,PROD820,TV,LG OLED 48,Samsung,4,1469.9,0.16,0.18,5827.86,Net Banking,Online,EMP432,1,0,Same Day,5,USD
ORD131716,31-01-2023,BR25,USA,Dallas,CUST5784,PROD998,Laptop,Dell XPS 13,Lenovo,5,1262.46,0.1,0.18,6703.66,UPI,In-Store,EMP380,2,0,Standard,8,GBP
ORD131717,16-05-2023,BR100,USA,New York,CUST9667,PROD777,Tablet,Samsung Galaxy Tab,LG,5,674.03,0.25,0.18,2982.58,Debit Card,Online,EMP941,3,0,Standard,1,AED
ORD131718,08-12-2023,BR105,Germany,Munich,CUST6340,PROD343,Tablet,Samsung Galaxy Tab,Apple,4,1875.83,0.13,0.18,7702.91,Credit Card,Online,EMP563,0,0,Standard,10,EUR
ORD131719,25-09-2023,BR114,Germany,Munich,CUST2655,PROD272,TV,LG OLED 48,LG,5,725.36,0.2,0.18,3423.7,Cash,Online,EMP619,3,0,Express,3,GBP
ORD131720,23-03-2023,BR2,UAE,Abu Dhabi,CUST2277,PROD117,Laptop,Dell XPS 13,Samsung,5,1391.22,0.11,0.18,7305.3,Net Banking,In-Store,EMP332,1,1,Standard,2,EUR
ORD131721,04-02-2024,BR112,USA,Los Angeles,CUST2158,PROD578,TV,Samsung QLED 50,Apple,5,1153.03,0.21,0.18,5374.27,Cash,Online,EMP933,0,1,Same Day,10,INR
ORD131722,12-03-2023,BR64,USA,New York,CUST9716,PROD569,Laptop,HP Spectre x360,LG,5,1633.15,0.26,0.18,7130.33,Credit Card,Online,EMP437,3,1,Express,4,EUR
ORD131723,18-01-2024,BR113,India,Pune,CUST1615,PROD151,Mobile,OnePlus 11,LG,4,829.92,0.19,0.18,3172.95,Net Banking,Online,EMP799,1,0,Express,5,INR
ORD131724,11-08-2023,BR107,USA,New York,CUST7230,PROD703,Mobile,OnePlus 11,Sony,2,925.93,0.05,0.18,2075.94,Debit Card,In-Store,EMP695,0,0,Same Day,1,INR
ORD131725,15-02-2023,BR71,USA,Dallas,CUST3860,PROD351,Accessories,Bluetooth Headphones,Apple,5,784.69,0,0.18,4629.67,Debit Card,In-Store,EMP282,2,1,Same Day,3,EUR
ORD131726,14-03-2024,BR69,India,Delhi,CUST6817,PROD313,Laptop,Dell XPS 13,OnePlus,2,1899.5,0.01,0.18,4437.99,UPI,Online,EMP859,2,0,Standard,2,INR
ORD131727,10-03-2024,BR45,UAE,Abu Dhabi,CUST4585,PROD672,Accessories,Wireless Mouse,Lenovo,2,163.9,0.26,0.18,286.23,Credit Card,Online,EMP710,1,1,Same Day,5,USD
ORD131728,15-02-2024,BR6,India,Delhi,CUST3401,PROD592,Accessories,Keyboard,OnePlus,3,1443.31,0.2,0.18,4087.45,Cash,In-Store,EMP966,3,1,Express,10,GBP
ORD131729,10-08-2023,BR89,UK,Birmingham,CUST3640,PROD614,Accessories,Wireless Mouse,HP,4,914.81,0.06,0.18,4058.83,Net Banking,Online,EMP731,3,0,Express,7,INR
ORD131730,20-01-2024,BR64,Germany,Munich,CUST1067,PROD334,Mobile,iPhone 14,LG,2,977.6,0.23,0.18,1776.49,Credit Card,Online,EMP961,1,1,Standard,3,INR
ORD131731,31-07-2023,BR42,UAE,Abu Dhabi,CUST1577,PROD497,TV,Samsung QLED 50,Dell,4,344.96,0.06,0.18,1530.52,UPI,In-Store,EMP415,0,1,Standard,10,INR
ORD131732,22-01-2023,BR20,UK,London,CUST7751,PROD878,Tablet,Lenovo Tab P11,OnePlus,5,1924.39,0.18,0.18,9310.2,Debit Card,Online,EMP242,1,1,Same Day,8,INR
ORD131733,16-03-2024,BR18,UAE,Dubai,CUST9383,PROD565,TV,Samsung QLED 50,OnePlus,3,650.34,0.17,0.18,1910.83,Cash,Online,EMP744,3,1,Express,8,AED
ORD131734,06-08-2023,BR75,India,Delhi,CUST4729,PROD218,Tablet,Lenovo Tab P11,Sony,1,498.38,0.29,0.18,417.54,UPI,Online,EMP412,3,1,Same Day,9,INR
ORD131735,26-08-2024,BR15,UAE,Dubai,CUST8795,PROD246,Accessories,Wireless Mouse,LG,3,1120.7,0.27,0.18,2896.11,Net Banking,In-Store,EMP478,2,1,Standard,9,AED
ORD131736,03-03-2024,BR15,UAE,Abu Dhabi,CUST6632,PROD128,TV,Samsung QLED 50,LG,2,621.39,0.24,0.18,1114.53,Cash,In-Store,EMP843,2,0,Same Day,3,GBP
ORD131737,28-07-2024,BR70,India,Bangalore,CUST6798,PROD526,Laptop,HP Spectre x360,HP,3,905.01,0.01,0.18,3171.7,Debit Card,Online,EMP426,0,1,Standard,10,GBP
ORD131738,01-07-2023,BR78,UK,Birmingham,CUST2701,PROD561,Laptop,HP Spectre x360,Sony,4,1637.28,0.18,0.18,6336.93,Credit Card,Online,EMP594,3,0,Standard,3,EUR
ORD131739,04-11-2023,BR115,Germany,Hamburg,CUST3626,PROD678,Accessories,Keyboard,Apple,4,1862.45,0.2,0.18,7032.61,Cash,Online,EMP538,2,0,Same Day,3,USD
ORD131740,01-08-2023,BR7,USA,New York,CUST1715,PROD540,Tablet,iPad Air,Dell,2,1654.66,0.07,0.18,3631.65,Cash,Online,EMP738,3,1,Express,1,GBP
ORD131741,15-12-2024,BR107,USA,Chicago,CUST4463,PROD994,Accessories,Keyboard,Apple,4,1365.53,0.12,0.18,5671.87,Cash,Online,EMP704,0,0,Express,1,AED
ORD131742,27-05-2024,BR93,USA,Dallas,CUST7126,PROD905,Tablet,Samsung Galaxy Tab,LG,2,516.87,0.05,0.18,1158.82,Credit Card,Online,EMP335,1,0,Standard,8,INR
ORD131743,13-11-2024,BR110,UAE,Dubai,CUST4304,PROD147,TV,LG OLED 48,Samsung,1,1809.76,0.06,0.18,2007.39,Credit Card,In-Store,EMP817,0,0,Express,5,EUR
ORD131744,23-09-2024,BR54,UAE,Abu Dhabi,CUST5254,PROD666,TV,Samsung QLED 50,OnePlus,4,954.94,0.07,0.18,4191.8,Credit Card,Online,EMP430,0,0,Standard,5,EUR
ORD131745,20-09-2023,BR25,UK,London,CUST6582,PROD611,TV,Sony Bravia 55,LG,1,347.8,0.25,0.18,307.8,Cash,Online,EMP608,0,1,Express,7,AED
ORD131746,06-03-2024,BR114,India,Pune,CUST6282,PROD168,Tablet,iPad Air,Dell,5,144.39,0.17,0.18,707.08,Debit Card,In-Store,EMP394,0,0,Standard,8,GBP
ORD131747,15-10-2023,BR94,UK,London,CUST1592,PROD872,Accessories,Bluetooth Headphones,LG,1,830.93,0.07,0.18,911.86,Credit Card,Online,EMP616,3,0,Same Day,3,INR
ORD131748,13-11-2024,BR96,UAE,Abu Dhabi,CUST5252,PROD832,Accessories,Keyboard,Apple,3,1842.67,0.13,0.18,5675.06,Debit Card,Online,EMP760,0,1,Express,10,AED
ORD131749,10-11-2023,BR8,UAE,Abu Dhabi,CUST9598,PROD867,Accessories,Keyboard,Samsung,2,1084.53,0.09,0.18,2329.14,Net Banking,Online,EMP663,0,1,Express,5,GBP
ORD131750,07-10-2024,BR38,USA,Dallas,CUST6962,PROD673,Mobile,OnePlus 11,OnePlus,3,557.18,0.1,0.18,1775.18,UPI,In-Store,EMP558,2,0,Standard,10,INR
ORD131751,11-01-2024,BR113,India,Bangalore,CUST9007,PROD112,TV,LG OLED 48,Apple,2,1200.92,0.07,0.18,2635.78,Debit Card,In-Store,EMP860,1,0,Express,1,GBP
ORD131752,04-12-2024,BR52,UK,Manchester,CUST4944,PROD291,Accessories,Wireless Mouse,OnePlus,3,1684.2,0.02,0.18,5842.83,UPI,Online,EMP923,3,1,Express,1,INR
ORD131753,17-04-2024,BR11,Germany,Berlin,CUST1940,PROD874,Mobile,Samsung Galaxy S23,OnePlus,5,211.46,0.15,0.18,1060.47,UPI,Online,EMP278,1,0,Express,10,EUR
ORD131754,10-07-2024,BR33,USA,Dallas,CUST7159,PROD383,Laptop,HP Spectre x360,Sony,4,1953.91,0.11,0.18,8207.99,UPI,In-Store,EMP352,2,0,Same Day,3,GBP
ORD131755,17-07-2023,BR100,UK,Manchester,CUST6294,PROD208,Accessories,Keyboard,Dell,5,417.27,0.27,0.18,1797.18,UPI,In-Store,EMP458,0,1,Standard,3,EUR
ORD131756,13-02-2023,BR99,USA,Chicago,CUST7299,PROD797,Accessories,Wireless Mouse,Apple,4,912.24,0.28,0.18,3100.16,UPI,In-Store,EMP706,2,1,Standard,1,USD
ORD131757,30-04-2024,BR104,USA,Los Angeles,CUST5603,PROD790,Accessories,Bluetooth Headphones,LG,5,278.35,0.25,0.18,1231.7,UPI,Online,EMP255,1,0,Same Day,7,EUR
ORD131758,29-12-2023,BR32,UK,Manchester,CUST5296,PROD720,Mobile,OnePlus 11,Apple,4,1201.48,0.06,0.18,5330.73,UPI,In-Store,EMP909,2,0,Same Day,6,AED
ORD131759,17-12-2023,BR3,USA,Chicago,CUST4225,PROD923,Tablet,Samsung Galaxy Tab,OnePlus,2,1477.67,0.1,0.18,3138.57,Credit Card,In-Store,EMP291,0,0,Standard,5,GBP
ORD131760,02-01-2023,BR102,UAE,Abu Dhabi,CUST4009,PROD648,Tablet,Lenovo Tab P11,Samsung,5,1200.02,0.23,0.18,5451.69,Debit Card,In-Store,EMP690,0,1,Express,1,EUR
ORD131761,29-02-2024,BR18,UK,Birmingham,CUST5013,PROD351,Accessories,Bluetooth Headphones,Lenovo,1,82.44,0.14,0.18,83.66,Debit Card,Online,EMP915,2,1,Express,1,USD
ORD131762,25-12-2024,BR3,Germany,Berlin,CUST1682,PROD116,Accessories,Keyboard,Apple,1,939.95,0.08,0.18,1020.41,Credit Card,In-Store,EMP952,3,1,Standard,4,INR
ORD131763,07-11-2024,BR47,USA,New York,CUST2683,PROD418,Laptop,MacBook Air M2,Samsung,3,350.89,0.05,0.18,1180.04,Credit Card,In-Store,EMP629,3,0,Same Day,3,EUR
ORD131764,05-04-2024,BR104,USA,Los Angeles,CUST2850,PROD470,Laptop,MacBook Air M2,Apple,1,1692.23,0.26,0.18,1477.66,Cash,In-Store,EMP830,0,1,Same Day,6,INR
ORD131765,11-05-2023,BR91,UAE,Abu Dhabi,CUST6385,PROD552,Laptop,HP Spectre x360,OnePlus,1,1539.57,0.02,0.18,1780.36,UPI,Online,EMP288,2,0,Express,7,GBP
ORD131766,01-08-2024,BR120,Germany,Berlin,CUST3241,PROD374,Mobile,Samsung Galaxy S23,Dell,5,690.2,0.01,0.18,4031.46,Debit Card,In-Store,EMP281,0,0,Standard,9,GBP
ORD131767,13-04-2023,BR52,UK,London,CUST8494,PROD315,Tablet,iPad Air,Dell,4,441.94,0.24,0.18,1585.33,Credit Card,In-Store,EMP240,0,1,Standard,7,AED
ORD131768,31-08-2024,BR21,Germany,Berlin,CUST8108,PROD595,Laptop,Dell XPS 13,Apple,4,1329.25,0.22,0.18,4893.77,Debit Card,In-Store,EMP407,2,1,Express,3,USD
ORD131769,06-02-2024,BR57,USA,Los Angeles,CUST8933,PROD818,Mobile,OnePlus 11,Lenovo,1,373.75,0.22,0.18,344,Debit Card,Online,EMP779,1,1,Express,5,USD
ORD131770,07-12-2024,BR39,Germany,Hamburg,CUST9879,PROD848,Tablet,Samsung Galaxy Tab,Samsung,3,1483.76,0.12,0.18,4622.21,Debit Card,In-Store,EMP436,1,1,Express,4,AED
ORD131771,27-05-2023,BR60,UAE,Dubai,CUST7284,PROD784,Tablet,Samsung Galaxy Tab,HP,4,965.91,0.22,0.18,3556.09,Cash,In-Store,EMP934,2,1,Express,1,USD
ORD131772,11-01-2024,BR95,UAE,Dubai,CUST6071,PROD637,Laptop,MacBook Air M2,Lenovo,5,1993.46,0.17,0.18,9761.97,Cash,Online,EMP447,3,1,Express,4,USD
ORD131773,08-10-2024,BR78,Germany,Munich,CUST3843,PROD270,Mobile,Samsung Galaxy S23,HP,2,1729.64,0.25,0.18,3061.46,Cash,In-Store,EMP416,0,0,Standard,1,AED
ORD131774,18-08-2023,BR40,India,Bangalore,CUST5895,PROD926,Laptop,Dell XPS 13,Dell,2,1524.67,0.25,0.18,2698.67,Credit Card,In-Store,EMP841,1,0,Standard,8,USD
ORD131775,10-01-2024,BR90,Germany,Hamburg,CUST5091,PROD130,Accessories,Wireless Mouse,HP,4,1947.06,0.16,0.18,7719.7,Cash,In-Store,EMP750,0,1,Same Day,10,GBP
ORD131776,25-11-2024,BR52,India,Delhi,CUST2094,PROD509,Tablet,Lenovo Tab P11,Lenovo,3,1758.76,0.2,0.18,4980.81,Debit Card,In-Store,EMP677,2,0,Standard,3,AED
ORD131777,21-06-2024,BR113,India,Delhi,CUST4113,PROD357,Mobile,iPhone 14,OnePlus,2,451.22,0.06,0.18,1000.99,Cash,Online,EMP736,3,1,Same Day,10,GBP
ORD131778,17-12-2023,BR88,USA,Dallas,CUST7723,PROD127,TV,LG OLED 48,LG,4,778.16,0.07,0.18,3415.81,Debit Card,In-Store,EMP990,1,0,Express,1,AED
ORD131779,15-05-2024,BR94,UK,Birmingham,CUST1922,PROD925,TV,Samsung QLED 50,LG,2,1576.62,0.25,0.18,2790.62,Credit Card,Online,EMP736,1,0,Express,3,USD
ORD131780,16-04-2023,BR55,UK,Manchester,CUST1805,PROD814,Tablet,Samsung Galaxy Tab,Apple,1,1020.68,0.17,0.18,999.65,UPI,In-Store,EMP375,3,0,Standard,9,INR
ORD131781,18-09-2023,BR34,India,Mumbai,CUST7030,PROD655,Mobile,OnePlus 11,LG,4,545.56,0.21,0.18,2034.28,Cash,Online,EMP686,0,1,Express,2,INR
ORD131782,08-08-2023,BR38,India,Bangalore,CUST7230,PROD341,Accessories,Bluetooth Headphones,LG,1,1361.09,0.05,0.18,1525.78,Credit Card,In-Store,EMP393,0,1,Express,7,EUR
ORD131783,30-10-2023,BR49,UK,Birmingham,CUST8068,PROD931,Mobile,OnePlus 11,LG,5,1580.25,0.07,0.18,8670.83,Cash,Online,EMP827,2,1,Express,4,EUR
ORD131784,23-01-2023,BR47,UK,London,CUST4680,PROD629,Mobile,OnePlus 11,HP,3,1121.95,0.05,0.18,3773.12,Credit Card,Online,EMP778,2,0,Express,2,INR
ORD131785,02-07-2023,BR10,India,Bangalore,CUST1311,PROD406,Laptop,Dell XPS 13,Apple,1,71.96,0.29,0.18,60.29,Credit Card,In-Store,EMP663,3,0,Same Day,7,USD
ORD131786,30-09-2024,BR38,UK,Manchester,CUST1501,PROD331,Accessories,Bluetooth Headphones,Sony,1,881.99,0.14,0.18,895.04,Net Banking,Online,EMP369,3,0,Standard,8,GBP
ORD131787,05-02-2024,BR33,India,Delhi,CUST2729,PROD184,Mobile,Samsung Galaxy S23,HP,2,604.4,0.1,0.18,1283.75,Cash,In-Store,EMP530,1,0,Express,7,INR
ORD131788,20-04-2024,BR89,Germany,Hamburg,CUST7136,PROD143,Mobile,Samsung Galaxy S23,LG,4,561.63,0.25,0.18,1988.17,Cash,In-Store,EMP610,0,1,Standard,5,USD
ORD131789,27-12-2024,BR76,UK,London,CUST8435,PROD493,Laptop,MacBook Air M2,Sony,1,1169.2,0.18,0.18,1131.32,Cash,In-Store,EMP408,2,0,Standard,3,GBP
ORD131790,15-06-2024,BR116,Germany,Hamburg,CUST6228,PROD165,Mobile,OnePlus 11,Samsung,2,740.36,0.14,0.18,1502.63,Cash,Online,EMP847,2,0,Standard,6,INR
ORD131791,05-05-2024,BR109,UAE,Abu Dhabi,CUST4329,PROD368,TV,Samsung QLED 50,Sony,4,1753.58,0.09,0.18,7531.98,UPI,In-Store,EMP715,2,1,Express,4,AED
ORD131792,24-04-2024,BR63,USA,Los Angeles,CUST7766,PROD668,Mobile,iPhone 14,HP,2,208.3,0.28,0.18,353.94,Cash,In-Store,EMP978,1,0,Same Day,10,GBP
ORD131793,05-09-2024,BR35,Germany,Berlin,CUST1858,PROD536,Mobile,Samsung Galaxy S23,Apple,5,1473.4,0.13,0.18,7562.96,Credit Card,Online,EMP366,2,1,Express,10,EUR
ORD131794,02-12-2023,BR11,UK,Birmingham,CUST6836,PROD570,Accessories,Keyboard,Dell,1,1698.97,0.29,0.18,1423.4,Net Banking,In-Store,EMP840,3,0,Standard,8,INR
ORD131795,02-08-2023,BR31,UK,Birmingham,CUST8843,PROD121,Mobile,OnePlus 11,OnePlus,4,902.33,0.15,0.18,3620.15,Debit Card,Online,EMP623,2,0,Same Day,9,EUR
ORD131796,22-12-2024,BR40,Germany,Munich,CUST6805,PROD339,Mobile,iPhone 14,LG,3,1444.2,0.18,0.18,4192.22,Net Banking,Online,EMP608,2,1,Express,7,GBP
ORD131797,21-03-2024,BR94,UK,Manchester,CUST1473,PROD782,Accessories,Wireless Mouse,Lenovo,1,1356.17,0.08,0.18,1472.26,Cash,In-Store,EMP781,2,0,Express,1,INR
ORD131798,21-04-2024,BR52,USA,New York,CUST7294,PROD403,Tablet,Lenovo Tab P11,LG,3,1672.89,0.29,0.18,4204.64,Cash,In-Store,EMP392,2,0,Standard,1,EUR
ORD131799,10-03-2023,BR24,UAE,Abu Dhabi,CUST4366,PROD896,TV,Samsung QLED 50,Lenovo,4,124.6,0.05,0.18,558.71,Debit Card,In-Store,EMP910,1,1,Express,1,GBP
ORD131800,17-10-2024,BR114,UAE,Dubai,CUST9640,PROD478,Laptop,HP Spectre x360,Apple,5,1660.43,0.04,0.18,9404.68,Debit Card,In-Store,EMP509,3,1,Express,9,GBP
ORD131801,28-08-2023,BR100,UK,London,CUST7954,PROD757,Accessories,Bluetooth Headphones,Sony,3,550.77,0.26,0.18,1442.8,Net Banking,Online,EMP620,3,0,Same Day,10,GBP
ORD131802,27-01-2024,BR77,UAE,Dubai,CUST3678,PROD981,Mobile,OnePlus 11,Lenovo,3,472.23,0.23,0.18,1287.2,UPI,In-Store,EMP726,0,1,Express,8,GBP
ORD131803,31-03-2024,BR100,UAE,Abu Dhabi,CUST8273,PROD196,Tablet,Lenovo Tab P11,OnePlus,2,1915.92,0.13,0.18,3933.77,Debit Card,Online,EMP385,0,0,Standard,2,EUR
ORD131804,16-12-2024,BR41,USA,Los Angeles,CUST1153,PROD360,TV,Sony Bravia 55,Sony,1,1916.7,0.12,0.18,1990.3,Cash,Online,EMP630,3,0,Standard,2,AED
ORD131805,15-08-2023,BR91,India,Mumbai,CUST5732,PROD513,Accessories,Wireless Mouse,Dell,1,1110.86,0.02,0.18,1284.6,Credit Card,In-Store,EMP539,3,0,Standard,5,GBP
ORD131806,12-12-2023,BR9,India,Pune,CUST2792,PROD687,Tablet,iPad Air,Dell,5,1660.78,0.02,0.18,9602.63,Cash,In-Store,EMP615,3,1,Express,9,AED
ORD131807,24-10-2023,BR57,UK,Manchester,CUST4393,PROD348,Tablet,Lenovo Tab P11,HP,5,430.56,0.21,0.18,2006.84,Credit Card,Online,EMP317,0,0,Express,7,EUR
ORD131808,25-01-2023,BR97,India,Bangalore,CUST9230,PROD819,Accessories,Bluetooth Headphones,Sony,3,1063.29,0.03,0.18,3651.13,Credit Card,In-Store,EMP237,0,1,Same Day,10,EUR
ORD131809,24-05-2023,BR46,India,Mumbai,CUST5201,PROD928,Mobile,Samsung Galaxy S23,Dell,2,1001.39,0.01,0.18,2339.65,UPI,In-Store,EMP805,0,0,Express,8,USD
ORD131810,19-05-2023,BR59,UAE,Dubai,CUST9753,PROD736,TV,Sony Bravia 55,OnePlus,2,1722.92,0.06,0.18,3822.13,Cash,Online,EMP772,0,0,Standard,4,USD
ORD131811,13-10-2024,BR65,India,Bangalore,CUST7646,PROD844,Laptop,HP Spectre x360,OnePlus,4,493.83,0.22,0.18,1818.08,Cash,In-Store,EMP476,3,0,Express,2,AED
ORD131812,13-01-2024,BR1,UAE,Dubai,CUST5881,PROD669,Laptop,MacBook Air M2,Apple,2,1251.88,0.11,0.18,2629.45,Cash,In-Store,EMP960,0,1,Express,9,AED
ORD131813,03-05-2024,BR88,Germany,Hamburg,CUST5264,PROD259,Tablet,iPad Air,LG,1,1256.49,0.19,0.18,1200.95,Net Banking,Online,EMP337,2,0,Express,5,INR
ORD131814,05-06-2023,BR63,USA,Chicago,CUST6275,PROD275,Accessories,Wireless Mouse,Dell,3,581.59,0.11,0.18,1832.36,Debit Card,In-Store,EMP478,0,1,Same Day,5,USD
ORD131815,17-04-2024,BR80,Germany,Hamburg,CUST4135,PROD356,Accessories,Keyboard,Samsung,1,1356.22,0.2,0.18,1280.27,Cash,Online,EMP243,1,1,Same Day,3,INR
ORD131816,02-09-2024,BR7,UK,Birmingham,CUST6780,PROD389,Mobile,iPhone 14,Lenovo,1,1875.89,0.21,0.18,1748.7,Credit Card,Online,EMP645,0,0,Express,4,EUR
ORD131817,15-11-2024,BR76,UAE,Abu Dhabi,CUST3022,PROD797,Tablet,iPad Air,Dell,3,553.75,0.1,0.18,1764.25,Credit Card,Online,EMP234,1,1,Same Day,1,INR
ORD131818,18-08-2024,BR10,USA,Dallas,CUST9732,PROD850,Mobile,Samsung Galaxy S23,Samsung,3,1680.55,0.29,0.18,4223.89,Debit Card,Online,EMP984,2,0,Standard,9,INR
ORD131819,16-10-2023,BR32,UAE,Dubai,CUST1825,PROD843,Accessories,Keyboard,Dell,2,119.94,0.09,0.18,257.58,UPI,Online,EMP549,3,1,Same Day,10,AED
ORD131820,31-07-2023,BR7,UAE,Dubai,CUST8766,PROD442,Tablet,iPad Air,OnePlus,1,1354.37,0.29,0.18,1134.69,Cash,Online,EMP243,3,0,Standard,2,USD
ORD131821,29-12-2023,BR83,UAE,Abu Dhabi,CUST7961,PROD149,Accessories,Wireless Mouse,Sony,5,331.09,0.22,0.18,1523.68,Credit Card,In-Store,EMP775,2,1,Express,5,INR
ORD131822,15-01-2023,BR83,UAE,Dubai,CUST4592,PROD366,TV,LG OLED 48,LG,5,788.54,0.25,0.18,3489.29,UPI,In-Store,EMP454,0,1,Express,10,INR
ORD131823,29-02-2024,BR96,India,Bangalore,CUST1962,PROD571,Laptop,Dell XPS 13,Lenovo,2,1038.72,0.18,0.18,2010.13,Net Banking,In-Store,EMP422,3,0,Standard,10,GBP
ORD131824,05-09-2024,BR31,Germany,Munich,CUST7450,PROD469,Accessories,Wireless Mouse,LG,2,1327.72,0.19,0.18,2538.07,Cash,In-Store,EMP344,2,0,Same Day,4,GBP
ORD131825,15-05-2023,BR4,UAE,Abu Dhabi,CUST5154,PROD338,TV,Samsung QLED 50,HP,3,1056.88,0.08,0.18,3442.05,Net Banking,In-Store,EMP638,1,0,Express,6,GBP
ORD131826,16-07-2024,BR15,India,Delhi,CUST4938,PROD414,Mobile,iPhone 14,Apple,4,1171.84,0.17,0.18,4590.8,Cash,Online,EMP953,1,0,Standard,1,AED
ORD131827,25-04-2023,BR24,India,Bangalore,CUST8464,PROD240,Laptop,HP Spectre x360,LG,1,754.77,0.14,0.18,765.94,Net Banking,Online,EMP908,3,1,Same Day,9,AED
ORD131828,16-12-2023,BR61,UK,Birmingham,CUST4920,PROD176,Accessories,Wireless Mouse,Apple,4,1425.54,0.19,0.18,5450.12,Credit Card,In-Store,EMP599,3,0,Standard,2,INR
ORD131829,13-02-2023,BR81,UK,Manchester,CUST5733,PROD725,Accessories,Keyboard,Sony,2,844.63,0.02,0.18,1953.46,Cash,Online,EMP596,2,1,Same Day,3,INR
ORD131830,15-10-2024,BR46,Germany,Berlin,CUST9856,PROD158,TV,Samsung QLED 50,HP,4,431.19,0.24,0.18,1546.76,Net Banking,Online,EMP648,2,1,Same Day,8,EUR
ORD131831,25-06-2024,BR92,India,Mumbai,CUST1460,PROD868,Mobile,Samsung Galaxy S23,Samsung,4,430.67,0,0.18,2032.76,Net Banking,In-Store,EMP964,2,0,Standard,2,EUR
ORD131832,14-03-2024,BR117,Germany,Hamburg,CUST4391,PROD496,Accessories,Keyboard,Samsung,1,874.88,0.01,0.18,1022.03,Net Banking,In-Store,EMP486,1,0,Express,6,USD
ORD131833,17-10-2023,BR10,India,Bangalore,CUST3303,PROD558,Accessories,Keyboard,Dell,5,1685.68,0.27,0.18,7260.22,Net Banking,In-Store,EMP358,2,0,Same Day,7,INR
ORD131834,23-04-2023,BR23,Germany,Berlin,CUST7637,PROD525,Accessories,Bluetooth Headphones,Samsung,3,1966.36,0.2,0.18,5568.73,Debit Card,Online,EMP219,3,1,Standard,1,EUR
ORD131835,29-04-2024,BR65,India,Mumbai,CUST2673,PROD754,Laptop,HP Spectre x360,Lenovo,2,1619.78,0,0.18,3822.68,Credit Card,Online,EMP750,0,1,Standard,10,USD
ORD131836,14-02-2024,BR42,Germany,Hamburg,CUST6094,PROD831,Laptop,Dell XPS 13,Apple,1,440.61,0.15,0.18,441.93,Net Banking,In-Store,EMP644,0,0,Express,3,EUR
ORD131837,15-09-2024,BR50,UK,Birmingham,CUST6685,PROD235,Mobile,Samsung Galaxy S23,LG,5,69.88,0.2,0.18,329.83,UPI,In-Store,EMP491,2,0,Same Day,10,INR
ORD131838,03-09-2024,BR58,USA,Los Angeles,CUST1950,PROD630,TV,Samsung QLED 50,HP,4,1580.33,0.21,0.18,5892.73,Debit Card,Online,EMP635,2,1,Standard,7,INR
ORD131839,07-10-2024,BR79,UAE,Abu Dhabi,CUST9427,PROD265,TV,LG OLED 48,Lenovo,5,1373.24,0.2,0.18,6481.69,Credit Card,Online,EMP230,2,0,Express,5,AED
ORD131840,15-01-2023,BR19,Germany,Hamburg,CUST5013,PROD434,Laptop,HP Spectre x360,OnePlus,2,385.76,0.28,0.18,655.48,Credit Card,In-Store,EMP511,0,0,Express,1,INR
ORD131841,06-11-2023,BR52,USA,Chicago,CUST2296,PROD247,Laptop,Dell XPS 13,LG,4,357.2,0.02,0.18,1652.26,Debit Card,In-Store,EMP875,1,0,Standard,3,INR
ORD131842,12-05-2024,BR77,India,Delhi,CUST5089,PROD341,Laptop,HP Spectre x360,Dell,3,1516.34,0.3,0.18,3757.49,Net Banking,In-Store,EMP959,3,0,Same Day,9,EUR
ORD131843,11-05-2023,BR68,Germany,Munich,CUST8957,PROD707,Mobile,iPhone 14,OnePlus,2,1723.55,0.21,0.18,3213.39,Credit Card,Online,EMP229,2,0,Express,3,GBP
ORD131844,26-07-2023,BR115,UK,Birmingham,CUST8111,PROD779,Tablet,iPad Air,Samsung,2,1416.54,0.16,0.18,2808.15,Credit Card,Online,EMP627,1,0,Standard,1,AED
ORD131845,26-08-2024,BR46,Germany,Munich,CUST5154,PROD180,Accessories,Wireless Mouse,LG,2,584.57,0.2,0.18,1103.67,Credit Card,In-Store,EMP513,2,1,Same Day,7,GBP
ORD131846,15-10-2023,BR111,UK,Manchester,CUST2790,PROD664,TV,Samsung QLED 50,Apple,4,1450.53,0.08,0.18,6298.78,Cash,In-Store,EMP487,0,0,Express,9,EUR
ORD131847,11-08-2024,BR104,India,Delhi,CUST3849,PROD829,Mobile,Samsung Galaxy S23,OnePlus,1,1794.03,0.04,0.18,2032.28,Credit Card,In-Store,EMP922,0,1,Same Day,4,AED
ORD131848,25-08-2023,BR109,USA,Los Angeles,CUST8548,PROD807,Laptop,MacBook Air M2,Lenovo,4,966.81,0.21,0.18,3605.04,UPI,In-Store,EMP325,0,1,Express,6,USD
ORD131849,23-11-2024,BR79,Germany,Hamburg,CUST6208,PROD134,Tablet,iPad Air,OnePlus,5,1973.53,0.13,0.18,10130.13,UPI,In-Store,EMP614,1,1,Express,4,EUR
ORD131850,14-10-2024,BR92,USA,New York,CUST7240,PROD502,Mobile,OnePlus 11,Lenovo,4,993.72,0.1,0.18,4221.32,Cash,In-Store,EMP747,1,0,Express,4,AED
ORD131851,30-04-2023,BR75,India,Bangalore,CUST7933,PROD396,Mobile,Samsung Galaxy S23,Apple,3,1118.43,0.08,0.18,3642.5,UPI,In-Store,EMP787,0,1,Standard,9,USD
ORD131852,14-09-2023,BR37,UAE,Abu Dhabi,CUST5744,PROD643,Mobile,OnePlus 11,HP,2,1115.73,0.05,0.18,2501.47,Debit Card,Online,EMP970,0,1,Same Day,5,GBP
ORD131853,15-04-2024,BR75,India,Pune,CUST9642,PROD569,Accessories,Bluetooth Headphones,Dell,4,451.46,0.06,0.18,2003.04,UPI,Online,EMP783,0,0,Same Day,9,EUR
ORD131854,12-07-2023,BR60,India,Bangalore,CUST3268,PROD164,TV,Samsung QLED 50,Apple,4,145.71,0.05,0.18,653.36,Net Banking,Online,EMP471,1,0,Standard,3,EUR
ORD131855,23-10-2024,BR44,Germany,Munich,CUST1320,PROD468,Laptop,MacBook Air M2,Samsung,5,1964.64,0.27,0.18,8461.7,Credit Card,Online,EMP926,0,0,Standard,6,AED
ORD131856,21-01-2024,BR56,UK,Manchester,CUST2563,PROD843,TV,LG OLED 48,Sony,5,1961.64,0.19,0.18,9374.68,Debit Card,Online,EMP833,2,1,Express,2,INR
ORD131857,23-08-2023,BR91,UK,Manchester,CUST5611,PROD200,Accessories,Bluetooth Headphones,OnePlus,5,528.72,0.01,0.18,3088.25,Cash,In-Store,EMP865,1,1,Express,10,INR
ORD131858,07-09-2023,BR65,UAE,Abu Dhabi,CUST8915,PROD817,Mobile,iPhone 14,Sony,2,158.14,0.29,0.18,264.98,Credit Card,Online,EMP728,3,0,Standard,3,USD
ORD131859,09-09-2024,BR115,India,Mumbai,CUST3399,PROD807,Accessories,Bluetooth Headphones,Sony,1,1703.43,0.2,0.18,1608.04,Debit Card,In-Store,EMP210,0,1,Same Day,7,EUR
ORD131860,06-05-2023,BR66,India,Bangalore,CUST6928,PROD190,Tablet,iPad Air,Apple,2,1135.96,0,0.18,2680.87,UPI,In-Store,EMP606,0,1,Express,10,EUR
ORD131861,25-01-2024,BR109,India,Bangalore,CUST7451,PROD880,TV,Samsung QLED 50,OnePlus,1,1982.17,0.29,0.18,1660.66,Debit Card,Online,EMP471,1,0,Express,7,AED
ORD131862,09-11-2024,BR104,UAE,Dubai,CUST7859,PROD750,Laptop,Dell XPS 13,HP,1,1936.54,0.25,0.18,1713.84,Credit Card,Online,EMP725,2,0,Same Day,10,INR
ORD131863,18-03-2023,BR31,UAE,Dubai,CUST9493,PROD743,Tablet,Samsung Galaxy Tab,Sony,2,1652.47,0.28,0.18,2807.88,Credit Card,In-Store,EMP231,0,1,Same Day,7,GBP
ORD131864,31-08-2024,BR101,USA,Dallas,CUST6751,PROD680,Accessories,Bluetooth Headphones,LG,2,461.31,0.17,0.18,903.61,Debit Card,In-Store,EMP241,1,0,Same Day,2,AED
ORD131865,15-10-2023,BR79,Germany,Berlin,CUST2115,PROD586,Laptop,HP Spectre x360,LG,4,1537.59,0.17,0.18,6023.66,UPI,Online,EMP305,0,0,Express,3,GBP
ORD131866,15-04-2023,BR34,India,Delhi,CUST5671,PROD229,Tablet,Lenovo Tab P11,OnePlus,2,1329.99,0.11,0.18,2793.51,Credit Card,Online,EMP697,3,0,Express,9,INR
ORD131867,20-07-2024,BR103,USA,Dallas,CUST1487,PROD198,Laptop,HP Spectre x360,Apple,2,1069.9,0.15,0.18,2146.22,UPI,Online,EMP879,1,1,Standard,4,INR
ORD131868,18-05-2024,BR80,UK,Manchester,CUST4425,PROD172,Mobile,iPhone 14,Sony,2,657.28,0.15,0.18,1318.5,Cash,Online,EMP601,3,0,Express,5,GBP
ORD131869,10-07-2024,BR72,UK,London,CUST6889,PROD509,Laptop,HP Spectre x360,Apple,5,1715.18,0.17,0.18,8399.24,Credit Card,Online,EMP766,2,1,Same Day,7,GBP
ORD131870,24-09-2023,BR44,UAE,Dubai,CUST4637,PROD786,Tablet,Samsung Galaxy Tab,Sony,3,178.21,0.03,0.18,611.94,Net Banking,In-Store,EMP929,3,1,Same Day,9,USD
ORD131871,03-06-2024,BR37,India,Delhi,CUST9048,PROD978,Mobile,OnePlus 11,Lenovo,2,416.97,0.26,0.18,728.2,Net Banking,In-Store,EMP751,3,1,Express,1,USD
ORD131872,22-10-2023,BR13,USA,Los Angeles,CUST9110,PROD291,Mobile,OnePlus 11,Sony,3,558.03,0.28,0.18,1422.31,Debit Card,In-Store,EMP488,2,1,Standard,9,EUR
ORD131873,16-01-2023,BR82,UK,Birmingham,CUST4924,PROD675,Tablet,Samsung Galaxy Tab,Lenovo,1,443.87,0.1,0.18,471.39,UPI,Online,EMP736,1,1,Same Day,7,EUR
ORD131874,23-02-2023,BR12,Germany,Hamburg,CUST5637,PROD385,TV,Sony Bravia 55,Lenovo,3,143.56,0.12,0.18,447.22,Net Banking,Online,EMP359,2,1,Same Day,3,EUR
ORD131875,25-10-2023,BR26,UAE,Dubai,CUST7180,PROD796,Laptop,HP Spectre x360,Sony,2,136.41,0.08,0.18,296.17,UPI,Online,EMP501,3,1,Same Day,3,USD
ORD131876,23-10-2023,BR21,UK,London,CUST4234,PROD189,Mobile,iPhone 14,LG,2,592.32,0.25,0.18,1048.41,Credit Card,In-Store,EMP395,3,1,Standard,3,AED
ORD131877,16-06-2024,BR23,UAE,Abu Dhabi,CUST9788,PROD704,Mobile,OnePlus 11,Dell,5,1978.4,0.22,0.18,9104.6,UPI,In-Store,EMP323,2,0,Same Day,1,EUR
ORD131878,11-07-2024,BR44,UK,Birmingham,CUST2864,PROD707,TV,Samsung QLED 50,HP,2,1970.04,0.26,0.18,3440.48,Net Banking,Online,EMP410,1,1,Standard,9,EUR
ORD131879,17-02-2023,BR10,USA,New York,CUST5280,PROD554,Tablet,iPad Air,Samsung,2,1237.14,0.22,0.18,2277.33,UPI,In-Store,EMP885,0,0,Express,3,AED
ORD131880,12-01-2023,BR75,UK,Birmingham,CUST7255,PROD641,TV,LG OLED 48,Samsung,1,1368.73,0.13,0.18,1405.14,Cash,Online,EMP744,3,0,Standard,7,USD
ORD131881,05-10-2024,BR62,India,Bangalore,CUST7893,PROD108,TV,LG OLED 48,Dell,5,728.87,0.09,0.18,3913.3,Credit Card,Online,EMP942,1,1,Standard,1,AED
ORD131882,26-08-2023,BR104,UK,London,CUST7169,PROD126,TV,LG OLED 48,Lenovo,1,1676.35,0.25,0.18,1483.57,Credit Card,Online,EMP305,2,1,Standard,7,GBP
ORD131883,09-12-2023,BR27,UK,Birmingham,CUST2062,PROD627,TV,LG OLED 48,Sony,4,1723.67,0.15,0.18,6915.36,Cash,In-Store,EMP522,0,1,Express,10,AED
ORD131884,09-07-2023,BR99,USA,New York,CUST1910,PROD187,Tablet,Samsung Galaxy Tab,Samsung,1,1567.59,0.19,0.18,1498.3,Net Banking,In-Store,EMP302,1,1,Express,5,AED
ORD131885,03-01-2023,BR69,USA,Dallas,CUST9742,PROD931,Mobile,Samsung Galaxy S23,Samsung,1,606.94,0.24,0.18,544.3,Cash,Online,EMP762,3,1,Same Day,4,INR
ORD131886,15-11-2024,BR7,India,Mumbai,CUST1570,PROD194,Tablet,iPad Air,Sony,2,919.78,0.12,0.18,1910.2,Credit Card,In-Store,EMP219,2,0,Standard,9,GBP
ORD131887,16-08-2023,BR27,UAE,Abu Dhabi,CUST6212,PROD140,Accessories,Keyboard,LG,1,434.86,0.01,0.18,508,Credit Card,In-Store,EMP304,2,1,Express,8,INR
ORD131888,10-04-2024,BR96,India,Bangalore,CUST2462,PROD692,Laptop,HP Spectre x360,HP,4,604.41,0.02,0.18,2795.76,Debit Card,In-Store,EMP635,0,0,Express,1,INR
ORD131889,07-10-2023,BR67,UK,Manchester,CUST3366,PROD158,Tablet,Lenovo Tab P11,Sony,4,1264.63,0.01,0.18,5909.36,Net Banking,In-Store,EMP691,0,0,Standard,8,EUR
ORD131890,17-02-2024,BR24,Germany,Munich,CUST4542,PROD777,Mobile,iPhone 14,Lenovo,3,1178.23,0.28,0.18,3003.07,Cash,Online,EMP685,2,1,Express,6,AED
ORD131891,07-09-2024,BR12,UK,Manchester,CUST5143,PROD812,Tablet,iPad Air,Sony,1,606.71,0.03,0.18,694.44,Cash,In-Store,EMP972,3,1,Standard,7,AED
ORD131892,22-03-2024,BR110,UK,London,CUST8233,PROD877,Laptop,HP Spectre x360,Dell,5,216.34,0.23,0.18,982.83,Debit Card,Online,EMP475,1,0,Standard,8,USD
ORD131893,23-11-2023,BR104,UAE,Abu Dhabi,CUST2902,PROD706,Laptop,Dell XPS 13,OnePlus,4,1344.49,0.11,0.18,5647.93,UPI,Online,EMP340,2,0,Express,9,INR
ORD131894,21-07-2024,BR64,Germany,Berlin,CUST4038,PROD174,Laptop,HP Spectre x360,Samsung,1,1962.64,0.14,0.18,1991.69,Net Banking,In-Store,EMP555,2,0,Standard,8,GBP
ORD131895,30-10-2023,BR38,USA,Los Angeles,CUST7995,PROD663,Accessories,Keyboard,OnePlus,3,808.6,0,0.18,2862.44,Net Banking,Online,EMP484,1,0,Same Day,6,USD
ORD131896,04-03-2023,BR29,USA,Dallas,CUST7984,PROD312,Accessories,Keyboard,Sony,2,363.28,0.02,0.18,840.19,Credit Card,In-Store,EMP585,3,0,Express,2,AED
ORD131897,06-05-2024,BR94,Germany,Hamburg,CUST4273,PROD228,Accessories,Keyboard,HP,2,1028.95,0.2,0.18,1942.66,Credit Card,Online,EMP844,1,1,Express,5,GBP
ORD131898,26-06-2023,BR19,UK,Birmingham,CUST6470,PROD800,Laptop,Dell XPS 13,Dell,2,1744.83,0.07,0.18,3829.55,Credit Card,In-Store,EMP753,3,1,Same Day,8,USD
ORD131899,26-02-2024,BR116,UK,London,CUST4602,PROD210,TV,Sony Bravia 55,Apple,2,984.21,0.15,0.18,1974.33,Net Banking,Online,EMP733,3,0,Standard,8,INR
ORD131900,28-10-2024,BR6,Germany,Hamburg,CUST4349,PROD872,Laptop,MacBook Air M2,Sony,3,414.73,0.14,0.18,1262.6,UPI,Online,EMP389,3,1,Standard,6,GBP
ORD131901,09-11-2024,BR67,USA,Los Angeles,CUST3033,PROD646,Mobile,OnePlus 11,Dell,5,580.02,0.04,0.18,3285.23,UPI,Online,EMP589,2,0,Same Day,5,INR
ORD131902,19-06-2024,BR76,USA,New York,CUST7704,PROD398,Mobile,OnePlus 11,LG,1,716.54,0.23,0.18,651.05,Cash,In-Store,EMP918,3,1,Same Day,10,AED
ORD131903,27-11-2023,BR45,USA,Los Angeles,CUST7948,PROD407,Accessories,Bluetooth Headphones,Sony,1,551.08,0.02,0.18,637.27,UPI,Online,EMP500,0,0,Express,4,EUR
ORD131904,06-10-2023,BR56,UK,Birmingham,CUST6378,PROD667,TV,Sony Bravia 55,Apple,5,1178.45,0.17,0.18,5770.87,Cash,In-Store,EMP259,2,1,Express,2,USD
ORD131905,07-10-2024,BR22,USA,Chicago,CUST2375,PROD798,Mobile,OnePlus 11,Lenovo,2,502,0.19,0.18,959.62,Debit Card,Online,EMP937,1,1,Same Day,4,EUR
ORD131906,05-07-2024,BR16,UK,Manchester,CUST8002,PROD759,TV,Samsung QLED 50,HP,5,389.61,0.23,0.18,1770,UPI,Online,EMP328,2,0,Express,5,AED
ORD131907,11-09-2024,BR72,Germany,Hamburg,CUST9695,PROD857,Mobile,iPhone 14,HP,4,949.71,0.02,0.18,4392.98,UPI,In-Store,EMP766,2,1,Standard,6,AED
ORD131908,11-03-2023,BR24,USA,Dallas,CUST9670,PROD816,Mobile,iPhone 14,Samsung,3,1198.35,0.03,0.18,4114.89,Credit Card,In-Store,EMP546,1,0,Same Day,1,EUR
ORD131909,06-06-2023,BR38,UK,London,CUST3270,PROD742,TV,LG OLED 48,Samsung,1,228.72,0.29,0.18,191.62,Net Banking,Online,EMP360,2,1,Standard,4,INR
ORD131910,08-03-2023,BR21,UAE,Dubai,CUST1414,PROD253,Accessories,Keyboard,Dell,1,638.69,0.15,0.18,640.61,UPI,Online,EMP505,0,0,Express,7,USD
ORD131911,22-12-2023,BR71,UK,Birmingham,CUST7778,PROD738,TV,Sony Bravia 55,OnePlus,3,1863.37,0,0.18,6596.33,UPI,Online,EMP204,2,0,Express,3,INR
ORD131912,07-11-2023,BR49,UK,London,CUST7111,PROD553,TV,Samsung QLED 50,OnePlus,5,1905.52,0.17,0.18,9331.33,UPI,In-Store,EMP773,3,1,Express,6,USD
ORD131913,14-11-2024,BR35,UK,London,CUST5991,PROD492,Mobile,OnePlus 11,Samsung,3,499.37,0.19,0.18,1431.89,Net Banking,Online,EMP663,2,0,Standard,3,EUR
ORD131914,27-04-2023,BR114,Germany,Hamburg,CUST4417,PROD929,Tablet,iPad Air,OnePlus,2,1091.18,0.22,0.18,2008.64,UPI,Online,EMP789,1,0,Same Day,2,INR
ORD131915,13-01-2024,BR70,India,Pune,CUST1596,PROD717,Tablet,iPad Air,HP,2,477.32,0.22,0.18,878.65,Debit Card,In-Store,EMP485,2,0,Same Day,10,AED
ORD131916,03-12-2024,BR10,USA,New York,CUST5977,PROD994,Tablet,iPad Air,Sony,4,1105.44,0.05,0.18,4956.79,Credit Card,Online,EMP420,3,0,Same Day,8,AED
ORD131917,02-05-2024,BR52,USA,New York,CUST6439,PROD617,TV,Samsung QLED 50,Dell,2,1307.26,0.1,0.18,2776.62,Net Banking,In-Store,EMP409,1,0,Standard,4,GBP
ORD131918,28-09-2023,BR77,USA,New York,CUST3666,PROD859,Laptop,Dell XPS 13,Lenovo,4,1180.89,0.11,0.18,4960.68,Credit Card,Online,EMP352,0,1,Standard,9,AED
ORD131919,09-02-2024,BR8,UAE,Abu Dhabi,CUST3954,PROD414,Mobile,iPhone 14,Dell,1,454.39,0.04,0.18,514.73,Cash,In-Store,EMP411,2,1,Standard,2,GBP
ORD131920,06-04-2024,BR101,Germany,Hamburg,CUST8960,PROD349,Accessories,Wireless Mouse,Samsung,4,732.12,0.05,0.18,3282.83,UPI,In-Store,EMP565,3,0,Standard,2,INR
ORD131921,30-08-2023,BR9,Germany,Berlin,CUST5009,PROD202,Laptop,HP Spectre x360,OnePlus,4,114.98,0.06,0.18,510.14,Net Banking,Online,EMP791,1,0,Standard,3,EUR
ORD131922,05-05-2023,BR49,USA,Dallas,CUST4446,PROD122,Accessories,Keyboard,OnePlus,4,419.96,0.26,0.18,1466.84,Debit Card,In-Store,EMP292,2,0,Same Day,2,EUR
ORD131923,14-08-2024,BR46,India,Delhi,CUST6216,PROD466,TV,LG OLED 48,Samsung,4,189.57,0.24,0.18,680.03,Net Banking,Online,EMP362,2,0,Express,10,GBP
ORD131924,03-07-2023,BR90,India,Delhi,CUST1853,PROD588,Accessories,Wireless Mouse,Lenovo,2,1528.84,0.2,0.18,2886.45,Net Banking,In-Store,EMP446,2,1,Same Day,8,EUR
ORD131925,01-02-2024,BR26,India,Pune,CUST4596,PROD692,Accessories,Wireless Mouse,Samsung,4,1922.35,0.28,0.18,6532.91,Net Banking,In-Store,EMP560,2,1,Express,4,INR
ORD131926,10-09-2024,BR42,Germany,Berlin,CUST9246,PROD490,Mobile,iPhone 14,OnePlus,3,1069.42,0.09,0.18,3445.03,Credit Card,Online,EMP493,2,0,Standard,7,INR
ORD131927,21-02-2024,BR68,India,Delhi,CUST7437,PROD625,Mobile,OnePlus 11,Sony,4,1994.79,0.16,0.18,7908.94,Credit Card,Online,EMP625,1,0,Same Day,5,EUR
ORD131928,14-08-2024,BR90,Germany,Berlin,CUST1833,PROD269,Tablet,iPad Air,Sony,4,1215.05,0.26,0.18,4243.93,UPI,In-Store,EMP920,0,1,Same Day,6,AED
ORD131929,02-01-2023,BR87,USA,Dallas,CUST5659,PROD157,Tablet,Samsung Galaxy Tab,Sony,1,471.56,0.17,0.18,461.85,Debit Card,In-Store,EMP778,1,0,Standard,3,GBP
ORD131930,23-03-2023,BR35,UK,Birmingham,CUST2990,PROD731,Laptop,MacBook Air M2,Sony,5,603.37,0.24,0.18,2705.51,Debit Card,Online,EMP574,1,0,Same Day,9,EUR
ORD131931,01-04-2023,BR14,UAE,Abu Dhabi,CUST7131,PROD894,Mobile,iPhone 14,LG,4,693.42,0.08,0.18,3011.11,Cash,Online,EMP310,1,1,Standard,4,AED
ORD131932,16-02-2024,BR80,India,Bangalore,CUST8159,PROD787,TV,Samsung QLED 50,Apple,5,1529.82,0.07,0.18,8394.12,Cash,Online,EMP581,2,1,Same Day,3,USD
ORD131933,07-01-2024,BR100,UAE,Abu Dhabi,CUST5817,PROD354,Tablet,iPad Air,Sony,3,670.02,0.13,0.18,2063.53,Credit Card,In-Store,EMP311,2,1,Express,2,EUR
ORD131934,27-05-2023,BR110,UK,Manchester,CUST8741,PROD909,Tablet,iPad Air,HP,4,721.92,0.02,0.18,3339.31,Cash,In-Store,EMP368,3,0,Express,3,USD
ORD131935,28-02-2024,BR101,UK,London,CUST4392,PROD314,Mobile,iPhone 14,Apple,3,1843.53,0.12,0.18,5742.96,UPI,Online,EMP511,1,1,Express,3,EUR
ORD131936,25-02-2023,BR85,UK,Birmingham,CUST3423,PROD750,Mobile,Samsung Galaxy S23,Apple,3,971.04,0.08,0.18,3162.48,Cash,In-Store,EMP984,2,1,Express,7,AED
ORD131937,08-02-2023,BR87,India,Mumbai,CUST9092,PROD629,Laptop,Dell XPS 13,HP,3,1832.89,0.01,0.18,6423.55,Credit Card,Online,EMP975,3,1,Same Day,8,INR
ORD131938,10-03-2024,BR22,USA,Los Angeles,CUST1750,PROD199,TV,LG OLED 48,HP,1,970.2,0.08,0.18,1053.25,Credit Card,Online,EMP418,0,1,Same Day,1,INR
ORD131939,20-09-2024,BR109,Germany,Berlin,CUST4210,PROD208,Laptop,MacBook Air M2,Dell,4,1813.14,0.13,0.18,7445.48,Debit Card,In-Store,EMP703,2,0,Same Day,2,USD
ORD131940,05-03-2024,BR67,UAE,Dubai,CUST5336,PROD621,Accessories,Wireless Mouse,Lenovo,4,58.77,0.14,0.18,238.56,Cash,In-Store,EMP546,0,1,Standard,2,EUR
ORD131941,31-07-2023,BR94,UAE,Dubai,CUST9692,PROD687,TV,Samsung QLED 50,Apple,1,1714.81,0.09,0.18,1841.36,Debit Card,Online,EMP404,0,1,Express,1,USD
ORD131942,26-10-2023,BR107,UK,Manchester,CUST8050,PROD871,TV,Samsung QLED 50,Sony,1,728.75,0.06,0.18,808.33,Net Banking,In-Store,EMP912,0,0,Express,9,INR
ORD131943,25-06-2024,BR6,Germany,Munich,CUST9144,PROD974,Laptop,Dell XPS 13,LG,4,174.27,0.09,0.18,748.52,Cash,In-Store,EMP802,0,0,Standard,9,USD
ORD131944,17-12-2023,BR81,UAE,Dubai,CUST2157,PROD866,TV,LG OLED 48,Samsung,2,1619.52,0.16,0.18,3210.54,Debit Card,In-Store,EMP888,2,0,Express,9,AED
ORD131945,11-03-2023,BR96,UAE,Dubai,CUST3459,PROD418,TV,Sony Bravia 55,Lenovo,1,1534.3,0.23,0.18,1394.06,UPI,Online,EMP259,2,0,Express,9,EUR
ORD131946,26-04-2023,BR110,USA,New York,CUST8534,PROD631,Accessories,Bluetooth Headphones,OnePlus,5,402.08,0.18,0.18,1945.26,Debit Card,Online,EMP695,2,1,Standard,8,USD
ORD131947,03-04-2023,BR63,UAE,Abu Dhabi,CUST3720,PROD312,Laptop,MacBook Air M2,Sony,4,263.7,0.14,0.18,1070.41,UPI,Online,EMP923,1,0,Express,6,USD
ORD131948,09-10-2023,BR85,UAE,Abu Dhabi,CUST4354,PROD452,Accessories,Wireless Mouse,LG,2,1993.27,0.28,0.18,3386.96,UPI,Online,EMP724,2,0,Same Day,7,AED
ORD131949,19-12-2024,BR1,UK,Manchester,CUST3304,PROD593,Mobile,Samsung Galaxy S23,Lenovo,1,361.16,0.14,0.18,366.51,UPI,In-Store,EMP321,1,1,Express,2,AED
ORD131950,20-02-2023,BR61,Germany,Munich,CUST9979,PROD991,Laptop,MacBook Air M2,HP,1,743,0.11,0.18,780.3,UPI,In-Store,EMP891,3,1,Standard,4,EUR
ORD131951,23-06-2024,BR110,Germany,Berlin,CUST3979,PROD527,Laptop,MacBook Air M2,OnePlus,3,1724.46,0.13,0.18,5310.99,Debit Card,In-Store,EMP626,0,0,Express,10,GBP
ORD131952,07-06-2023,BR110,USA,New York,CUST6933,PROD443,Accessories,Bluetooth Headphones,Apple,1,1135.83,0,0.18,1340.28,Credit Card,In-Store,EMP288,0,0,Same Day,9,EUR
ORD131953,09-10-2024,BR83,USA,Chicago,CUST6424,PROD564,Tablet,Samsung Galaxy Tab,LG,3,1904.51,0.07,0.18,6270.03,Debit Card,In-Store,EMP503,2,0,Same Day,10,USD
ORD131954,03-11-2024,BR18,Germany,Hamburg,CUST5569,PROD898,Mobile,Samsung Galaxy S23,OnePlus,1,560.56,0.24,0.18,502.71,Cash,In-Store,EMP295,1,1,Standard,1,USD
ORD131955,30-01-2024,BR7,Germany,Hamburg,CUST4800,PROD503,Laptop,HP Spectre x360,OnePlus,1,1801.15,0.27,0.18,1551.51,Debit Card,In-Store,EMP425,2,1,Same Day,4,AED
ORD131956,14-12-2023,BR61,Germany,Berlin,CUST7907,PROD947,Accessories,Bluetooth Headphones,Lenovo,3,381.77,0.21,0.18,1067.66,Net Banking,Online,EMP969,2,1,Express,10,EUR
ORD131957,25-03-2024,BR109,Germany,Berlin,CUST1905,PROD750,Tablet,Lenovo Tab P11,LG,5,1851.13,0.04,0.18,10484.8,Debit Card,Online,EMP407,0,1,Same Day,1,GBP
ORD131958,17-05-2023,BR70,UAE,Abu Dhabi,CUST6284,PROD561,TV,Samsung QLED 50,Samsung,1,1201.97,0.13,0.18,1233.94,Net Banking,Online,EMP419,1,0,Same Day,4,INR
ORD131959,20-06-2023,BR29,Germany,Munich,CUST9288,PROD553,TV,LG OLED 48,Sony,5,1197.98,0.27,0.18,5159.7,Credit Card,Online,EMP862,2,0,Express,2,GBP
ORD131960,19-12-2024,BR99,India,Mumbai,CUST5252,PROD764,Accessories,Wireless Mouse,Lenovo,5,1809.87,0.21,0.18,8435.8,Cash,Online,EMP210,0,1,Standard,4,EUR
ORD131961,25-02-2023,BR39,India,Bangalore,CUST6756,PROD892,Accessories,Wireless Mouse,Dell,3,1400.78,0.26,0.18,3669.48,UPI,Online,EMP426,2,0,Same Day,9,USD
ORD131962,05-08-2023,BR52,UAE,Abu Dhabi,CUST3620,PROD842,TV,Samsung QLED 50,Apple,5,477.5,0.01,0.18,2789.08,UPI,In-Store,EMP705,3,1,Same Day,2,INR
ORD131963,02-06-2024,BR109,India,Mumbai,CUST8824,PROD110,Accessories,Wireless Mouse,HP,4,551.61,0.28,0.18,1874.59,Net Banking,In-Store,EMP309,1,0,Standard,9,EUR
ORD131964,27-06-2023,BR109,UAE,Dubai,CUST8310,PROD471,TV,Sony Bravia 55,Lenovo,3,763.26,0.27,0.18,1972.42,Credit Card,In-Store,EMP457,1,0,Express,4,INR
ORD131965,26-09-2023,BR113,USA,Chicago,CUST6004,PROD392,Accessories,Bluetooth Headphones,Samsung,1,849.41,0.08,0.18,922.12,Net Banking,Online,EMP529,0,1,Standard,9,AED
ORD131966,12-05-2023,BR7,UAE,Abu Dhabi,CUST3592,PROD413,Laptop,Dell XPS 13,HP,2,1193.19,0.19,0.18,2280.9,Net Banking,In-Store,EMP813,2,0,Standard,2,EUR
ORD131967,27-04-2023,BR119,Germany,Hamburg,CUST2916,PROD326,Laptop,HP Spectre x360,Dell,4,225.75,0.19,0.18,863.09,UPI,Online,EMP895,0,0,Express,1,AED
ORD131968,03-04-2023,BR40,UAE,Dubai,CUST5662,PROD945,Mobile,Samsung Galaxy S23,OnePlus,5,1816.54,0.22,0.18,8359.72,Credit Card,In-Store,EMP498,0,0,Same Day,10,AED
ORD131969,02-05-2023,BR4,UK,Manchester,CUST4534,PROD609,Laptop,HP Spectre x360,Dell,5,1046.81,0.22,0.18,4817.42,UPI,Online,EMP213,2,1,Same Day,4,USD
ORD131970,18-09-2024,BR42,UAE,Abu Dhabi,CUST1969,PROD216,Laptop,MacBook Air M2,Sony,3,906.91,0.28,0.18,2311.53,Credit Card,Online,EMP805,1,1,Standard,2,EUR
ORD131971,01-10-2023,BR98,UAE,Dubai,CUST9127,PROD267,Laptop,HP Spectre x360,Dell,1,1076.47,0.16,0.18,1067,Credit Card,In-Store,EMP351,2,1,Same Day,5,EUR
ORD131972,19-09-2023,BR46,UK,London,CUST5152,PROD426,Accessories,Wireless Mouse,Sony,2,967.67,0,0.18,2283.7,Net Banking,In-Store,EMP565,2,0,Standard,8,EUR
ORD131973,19-04-2023,BR17,USA,Dallas,CUST7270,PROD701,Mobile,Samsung Galaxy S23,OnePlus,2,481.88,0.14,0.18,978.02,Cash,Online,EMP768,1,0,Standard,3,AED
ORD131974,08-10-2023,BR84,India,Bangalore,CUST6536,PROD943,Accessories,Bluetooth Headphones,Apple,5,1220.8,0.04,0.18,6914.61,Debit Card,Online,EMP249,1,0,Standard,4,AED
ORD131975,22-09-2023,BR53,UK,London,CUST2670,PROD887,Laptop,HP Spectre x360,Samsung,4,125.13,0.19,0.18,478.4,Credit Card,In-Store,EMP916,3,0,Standard,4,INR
ORD131976,11-09-2023,BR119,USA,Chicago,CUST1159,PROD853,Accessories,Wireless Mouse,Lenovo,3,1424.7,0.18,0.18,4135.62,Debit Card,In-Store,EMP477,3,1,Express,5,INR
ORD131977,30-11-2024,BR11,India,Delhi,CUST4695,PROD258,Laptop,Dell XPS 13,Apple,1,629.03,0.16,0.18,623.49,Net Banking,Online,EMP944,2,1,Standard,10,USD
ORD131978,26-11-2023,BR76,Germany,Munich,CUST6427,PROD450,Laptop,Dell XPS 13,OnePlus,5,343.45,0.25,0.18,1519.77,Debit Card,In-Store,EMP946,1,1,Same Day,8,INR
ORD131979,27-01-2023,BR79,USA,Chicago,CUST3860,PROD139,Tablet,iPad Air,Dell,2,1278.51,0.09,0.18,2745.73,UPI,Online,EMP396,2,1,Standard,1,INR
ORD131980,23-12-2024,BR102,USA,Chicago,CUST7217,PROD300,TV,LG OLED 48,Apple,5,388.52,0.27,0.18,1673.36,Debit Card,In-Store,EMP432,1,1,Same Day,6,GBP
ORD131981,11-02-2023,BR38,UK,London,CUST1445,PROD169,Tablet,Samsung Galaxy Tab,Sony,5,939.88,0.11,0.18,4935.31,Cash,Online,EMP852,1,0,Same Day,8,INR
ORD131982,25-01-2023,BR105,India,Mumbai,CUST9580,PROD563,TV,Samsung QLED 50,Dell,1,638.7,0.14,0.18,648.15,UPI,Online,EMP569,0,1,Standard,9,INR
ORD131983,02-01-2023,BR31,USA,Dallas,CUST2022,PROD746,Laptop,MacBook Air M2,Apple,3,502.42,0.2,0.18,1422.85,Net Banking,In-Store,EMP470,1,1,Express,5,USD
ORD131984,25-08-2024,BR82,Germany,Berlin,CUST2195,PROD237,Tablet,iPad Air,HP,5,940.31,0.15,0.18,4715.65,UPI,Online,EMP859,0,0,Express,3,EUR
ORD131985,03-10-2024,BR84,UAE,Dubai,CUST7640,PROD827,TV,Sony Bravia 55,Sony,4,1606.4,0.13,0.18,6596.52,Debit Card,Online,EMP795,3,0,Same Day,1,USD
ORD131986,03-06-2023,BR70,Germany,Berlin,CUST2766,PROD626,Tablet,Lenovo Tab P11,HP,2,1930.97,0.27,0.18,3326.68,Net Banking,In-Store,EMP860,0,0,Standard,8,GBP
ORD131987,12-04-2024,BR12,USA,Dallas,CUST1332,PROD526,Laptop,HP Spectre x360,Sony,4,1951.84,0.14,0.18,7922.91,Net Banking,In-Store,EMP778,1,1,Standard,2,INR
ORD131988,23-09-2024,BR55,India,Mumbai,CUST6324,PROD372,Tablet,Lenovo Tab P11,LG,1,1119.63,0.26,0.18,977.66,Net Banking,In-Store,EMP651,0,0,Standard,10,INR
ORD131989,17-11-2024,BR120,USA,Chicago,CUST1108,PROD912,TV,LG OLED 48,HP,1,1179.05,0.14,0.18,1196.5,Net Banking,In-Store,EMP540,0,1,Express,4,INR
ORD131990,03-03-2023,BR20,India,Bangalore,CUST7797,PROD493,Laptop,MacBook Air M2,Samsung,4,754.78,0.05,0.18,3384.43,Net Banking,In-Store,EMP971,0,0,Express,4,INR
ORD131991,27-12-2023,BR111,Germany,Hamburg,CUST4289,PROD214,Accessories,Wireless Mouse,LG,2,753.15,0.17,0.18,1475.27,Cash,In-Store,EMP788,0,1,Same Day,4,USD
ORD131992,25-09-2024,BR103,India,Pune,CUST2493,PROD921,Mobile,OnePlus 11,Lenovo,2,1860.79,0.15,0.18,3732.74,Cash,In-Store,EMP607,1,0,Express,4,GBP
ORD131993,01-06-2024,BR117,Germany,Berlin,CUST3239,PROD918,Laptop,MacBook Air M2,LG,1,1330.59,0.27,0.18,1146.17,Cash,Online,EMP518,3,0,Same Day,5,EUR
ORD131994,09-08-2024,BR15,Germany,Munich,CUST8263,PROD969,Tablet,Lenovo Tab P11,Samsung,1,536.46,0.15,0.18,538.07,UPI,Online,EMP793,0,1,Standard,4,EUR
ORD131995,05-11-2024,BR111,UAE,Abu Dhabi,CUST8892,PROD950,Mobile,Samsung Galaxy S23,OnePlus,2,556.6,0.17,0.18,1090.27,UPI,Online,EMP329,2,1,Same Day,3,EUR
ORD131996,08-06-2023,BR19,Germany,Munich,CUST1552,PROD544,TV,Samsung QLED 50,Sony,5,164.84,0.25,0.18,729.42,UPI,Online,EMP818,2,0,Standard,3,USD
ORD131997,27-02-2024,BR45,USA,New York,CUST2524,PROD424,Accessories,Keyboard,Samsung,1,912.09,0.25,0.18,807.2,Debit Card,In-Store,EMP685,0,0,Express,5,INR
ORD131998,03-10-2024,BR2,UK,Birmingham,CUST9439,PROD688,TV,LG OLED 48,LG,3,379.2,0.02,0.18,1315.52,Credit Card,In-Store,EMP666,1,0,Standard,3,USD
ORD131999,24-05-2023,BR96,UK,London,CUST7164,PROD989,TV,Samsung QLED 50,Sony,2,1952.62,0.18,0.18,3778.71,Net Banking,In-Store,EMP626,1,0,Same Day,4,USD
ORD132000,14-04-2023,BR118,UK,Manchester,CUST8667,PROD470,TV,Samsung QLED 50,Samsung,2,1103.82,0.02,0.18,2552.91,Cash,In-Store,EMP446,3,0,Same Day,9,EUR
ORD132001,01-09-2023,BR113,UAE,Dubai,CUST6405,PROD102,TV,Sony Bravia 55,OnePlus,3,935.22,0.06,0.18,3112.04,Debit Card,In-Store,EMP299,2,1,Same Day,10,INR
ORD132002,14-07-2024,BR109,USA,New York,CUST3906,PROD537,TV,Samsung QLED 50,Lenovo,4,495.87,0.09,0.18,2129.86,Debit Card,In-Store,EMP499,3,1,Express,2,USD
ORD132003,14-07-2024,BR113,Germany,Berlin,CUST3376,PROD479,TV,Samsung QLED 50,Sony,1,1116.69,0.04,0.18,1264.99,Debit Card,In-Store,EMP644,3,1,Standard,1,INR
ORD132004,01-06-2024,BR95,UK,Manchester,CUST1167,PROD281,Mobile,OnePlus 11,Samsung,3,473.72,0.06,0.18,1576.35,Net Banking,Online,EMP565,1,1,Same Day,7,GBP
ORD132005,28-09-2023,BR113,India,Delhi,CUST6582,PROD692,Mobile,iPhone 14,Lenovo,2,474.86,0.07,0.18,1042.22,UPI,Online,EMP713,3,0,Standard,6,INR
ORD132006,23-12-2024,BR39,UK,London,CUST1880,PROD981,Tablet,Samsung Galaxy Tab,Sony,1,1991.98,0.06,0.18,2209.5,Credit Card,Online,EMP470,3,1,Same Day,4,USD
ORD132007,26-06-2024,BR70,Germany,Berlin,CUST2668,PROD177,TV,LG OLED 48,Sony,5,1527.72,0.02,0.18,8833.28,Credit Card,In-Store,EMP355,3,0,Same Day,5,INR
ORD132008,15-11-2023,BR42,India,Delhi,CUST1257,PROD649,Tablet,iPad Air,Samsung,1,335.1,0.08,0.18,363.78,Net Banking,Online,EMP559,1,0,Same Day,10,INR
ORD132009,17-07-2023,BR71,India,Pune,CUST2599,PROD656,Tablet,Lenovo Tab P11,Sony,3,541.87,0.09,0.18,1745.58,Cash,In-Store,EMP447,2,1,Standard,7,GBP
ORD132010,17-12-2024,BR85,UK,Birmingham,CUST1162,PROD272,TV,Sony Bravia 55,Apple,5,1346.67,0.14,0.18,6833,Credit Card,Online,EMP843,0,0,Same Day,1,GBP
ORD132011,11-05-2024,BR84,UAE,Dubai,CUST3266,PROD100,Accessories,Wireless Mouse,LG,3,1314.2,0.26,0.18,3442.68,Net Banking,In-Store,EMP701,0,0,Standard,6,USD
ORD132012,06-12-2023,BR97,UAE,Abu Dhabi,CUST8136,PROD526,Tablet,iPad Air,Dell,4,838.58,0.2,0.18,3166.48,Debit Card,In-Store,EMP217,1,0,Standard,6,INR
ORD132013,13-10-2023,BR56,Germany,Munich,CUST2819,PROD261,Mobile,iPhone 14,HP,2,991.76,0.07,0.18,2176.71,Net Banking,In-Store,EMP584,3,0,Same Day,8,AED
ORD132014,30-07-2023,BR21,UAE,Abu Dhabi,CUST7187,PROD848,Mobile,Samsung Galaxy S23,LG,3,1765.95,0.09,0.18,5688.83,Cash,In-Store,EMP514,1,0,Express,6,INR
ORD132015,17-11-2024,BR62,UK,Manchester,CUST6907,PROD944,Accessories,Bluetooth Headphones,Sony,3,965.73,0.13,0.18,2974.26,Credit Card,Online,EMP503,3,1,Same Day,3,EUR
ORD132016,11-09-2023,BR31,India,Bangalore,CUST5105,PROD932,Tablet,Samsung Galaxy Tab,Samsung,5,243.89,0.2,0.18,1151.16,Cash,In-Store,EMP909,3,1,Standard,5,GBP
ORD132017,09-05-2024,BR41,Germany,Munich,CUST2794,PROD591,Mobile,OnePlus 11,Apple,4,1746.07,0.04,0.18,7911.79,Debit Card,Online,EMP809,0,1,Express,7,EUR
ORD132018,20-09-2024,BR21,India,Bangalore,CUST3797,PROD726,TV,Sony Bravia 55,HP,1,1352.83,0.19,0.18,1293.03,UPI,In-Store,EMP936,1,1,Express,6,INR
ORD132019,07-11-2024,BR88,USA,Dallas,CUST7863,PROD520,TV,LG OLED 48,OnePlus,4,1070.67,0.18,0.18,4143.92,Debit Card,In-Store,EMP450,1,1,Express,3,AED
ORD132020,16-04-2024,BR75,UK,Manchester,CUST9712,PROD559,Mobile,Samsung Galaxy S23,Lenovo,5,143.64,0.22,0.18,661.03,Net Banking,Online,EMP719,2,0,Same Day,1,AED
ORD132021,11-07-2023,BR6,Germany,Munich,CUST4757,PROD802,Accessories,Wireless Mouse,LG,5,1835.83,0.14,0.18,9315,Cash,In-Store,EMP283,0,1,Same Day,10,EUR
ORD132022,27-11-2023,BR93,UAE,Abu Dhabi,CUST4474,PROD564,TV,Sony Bravia 55,Sony,1,1174.99,0.04,0.18,1331.03,UPI,Online,EMP815,3,1,Express,10,AED
ORD132023,09-05-2024,BR30,USA,New York,CUST4407,PROD340,Laptop,HP Spectre x360,Lenovo,4,142.29,0.01,0.18,664.89,Debit Card,Online,EMP494,2,1,Express,9,EUR
ORD132024,23-03-2023,BR22,UAE,Dubai,CUST7461,PROD867,Mobile,iPhone 14,Samsung,3,967.36,0.12,0.18,3013.52,Debit Card,Online,EMP778,2,0,Express,10,INR
ORD132025,05-11-2024,BR49,Germany,Berlin,CUST3882,PROD995,Mobile,Samsung Galaxy S23,Lenovo,4,1362.07,0.12,0.18,5657.49,Net Banking,In-Store,EMP384,0,1,Same Day,3,INR
ORD132026,09-02-2023,BR37,India,Bangalore,CUST9958,PROD967,Tablet,Lenovo Tab P11,Sony,2,1190.75,0.06,0.18,2641.56,Cash,In-Store,EMP496,0,1,Same Day,10,INR
ORD132027,01-01-2023,BR33,India,Bangalore,CUST2403,PROD109,TV,Samsung QLED 50,OnePlus,4,1831.97,0.29,0.18,6139.3,Net Banking,In-Store,EMP302,2,1,Same Day,10,EUR
ORD132028,02-08-2024,BR118,India,Mumbai,CUST9109,PROD573,Mobile,iPhone 14,Sony,3,799.31,0.17,0.18,2348.53,Debit Card,In-Store,EMP343,1,1,Standard,6,USD
ORD132029,22-07-2024,BR28,Germany,Munich,CUST3491,PROD479,Mobile,iPhone 14,Sony,4,1564.76,0.26,0.18,5465.39,Debit Card,Online,EMP201,0,1,Express,5,USD
ORD132030,10-09-2024,BR25,India,Pune,CUST3758,PROD666,Accessories,Keyboard,Lenovo,4,1736.49,0.08,0.18,7540.53,Net Banking,In-Store,EMP798,0,0,Express,7,USD
ORD132031,15-08-2024,BR6,Germany,Hamburg,CUST6770,PROD146,TV,Sony Bravia 55,Sony,1,578.01,0.25,0.18,511.54,UPI,Online,EMP673,3,1,Standard,1,INR
ORD132032,06-12-2023,BR39,Germany,Hamburg,CUST8937,PROD400,TV,Sony Bravia 55,Dell,2,1528.33,0.18,0.18,2957.62,Net Banking,Online,EMP949,1,1,Express,6,USD
ORD132033,07-06-2024,BR66,UK,Birmingham,CUST9019,PROD863,Tablet,Lenovo Tab P11,Apple,4,536.84,0.28,0.18,1824.4,Debit Card,Online,EMP978,2,1,Same Day,6,USD
ORD132034,04-05-2024,BR7,Germany,Hamburg,CUST7227,PROD355,Accessories,Wireless Mouse,LG,1,1916.46,0.2,0.18,1809.14,Net Banking,Online,EMP381,1,0,Same Day,6,USD
ORD132035,21-01-2023,BR89,India,Mumbai,CUST4216,PROD442,Tablet,iPad Air,HP,2,1424.99,0.03,0.18,3262.09,UPI,In-Store,EMP686,1,0,Express,8,INR
ORD132036,17-08-2023,BR68,UAE,Abu Dhabi,CUST3662,PROD655,Laptop,Dell XPS 13,Dell,5,1878.77,0.16,0.18,9311.18,UPI,In-Store,EMP887,2,1,Express,2,INR
ORD132037,18-09-2024,BR8,UK,Manchester,CUST2451,PROD402,Laptop,MacBook Air M2,Apple,3,1153.57,0.01,0.18,4042.8,Credit Card,In-Store,EMP976,2,1,Express,4,EUR
ORD132038,19-11-2023,BR64,Germany,Munich,CUST6581,PROD681,Mobile,Samsung Galaxy S23,Lenovo,3,1964.01,0.21,0.18,5492.55,Credit Card,Online,EMP934,0,0,Express,5,EUR
ORD132039,27-09-2024,BR82,India,Delhi,CUST5053,PROD912,Laptop,HP Spectre x360,Lenovo,5,1820.94,0.24,0.18,8165.09,Debit Card,In-Store,EMP949,3,1,Express,8,USD
ORD132040,27-08-2024,BR35,UAE,Dubai,CUST7307,PROD404,Tablet,iPad Air,Apple,3,388.04,0.26,0.18,1016.51,Cash,In-Store,EMP374,0,1,Standard,3,USD
ORD132041,20-01-2023,BR66,UAE,Dubai,CUST9902,PROD663,Accessories,Bluetooth Headphones,LG,2,571.71,0.01,0.18,1335.74,Credit Card,Online,EMP945,2,0,Same Day,6,EUR
ORD132042,06-07-2024,BR60,UK,Birmingham,CUST6917,PROD851,Accessories,Keyboard,Apple,3,1394.89,0.08,0.18,4542.88,Debit Card,Online,EMP788,1,1,Express,7,EUR
ORD132043,10-08-2024,BR99,USA,New York,CUST3417,PROD721,Tablet,Samsung Galaxy Tab,LG,1,123.07,0.2,0.18,116.18,Net Banking,Online,EMP441,2,0,Same Day,1,GBP
ORD132044,03-10-2024,BR77,UK,Manchester,CUST2512,PROD489,TV,LG OLED 48,Samsung,1,1810.16,0.01,0.18,2114.63,Debit Card,In-Store,EMP773,1,0,Same Day,10,INR
ORD132045,20-03-2024,BR48,UK,Manchester,CUST9817,PROD727,Tablet,Samsung Galaxy Tab,Samsung,5,397.45,0.05,0.18,2227.71,Debit Card,In-Store,EMP521,1,1,Same Day,8,EUR
ORD132046,03-07-2023,BR59,UAE,Abu Dhabi,CUST1232,PROD876,Laptop,Dell XPS 13,Lenovo,3,312.66,0.01,0.18,1095.75,Credit Card,In-Store,EMP497,1,0,Express,1,GBP
ORD132047,09-06-2024,BR41,USA,New York,CUST9464,PROD133,TV,Samsung QLED 50,Apple,4,1714.06,0.09,0.18,7362.23,Credit Card,In-Store,EMP686,3,1,Standard,3,GBP
ORD132048,27-01-2024,BR32,USA,Chicago,CUST2432,PROD685,Mobile,Samsung Galaxy S23,LG,1,807.34,0.22,0.18,743.08,Cash,Online,EMP925,2,0,Same Day,10,AED
ORD132049,10-06-2024,BR24,Germany,Munich,CUST4084,PROD400,Mobile,OnePlus 11,Lenovo,4,403.03,0.11,0.18,1693.05,Net Banking,Online,EMP901,2,1,Standard,6,AED
ORD132050,16-02-2023,BR104,UAE,Dubai,CUST1996,PROD804,Accessories,Bluetooth Headphones,Samsung,1,1353.54,0.17,0.18,1325.66,Cash,Online,EMP314,1,0,Same Day,9,AED
ORD132051,02-09-2024,BR73,USA,Los Angeles,CUST7095,PROD296,Tablet,Samsung Galaxy Tab,HP,4,1717.1,0.02,0.18,7942.62,Credit Card,Online,EMP794,0,0,Same Day,5,AED
ORD132052,30-12-2024,BR82,India,Delhi,CUST7399,PROD351,Laptop,MacBook Air M2,Lenovo,4,867.88,0.21,0.18,3236.15,UPI,Online,EMP523,3,1,Same Day,4,EUR
ORD132053,16-12-2023,BR78,UK,Manchester,CUST3602,PROD149,Mobile,Samsung Galaxy S23,Sony,1,1301.74,0.18,0.18,1259.56,Credit Card,Online,EMP628,0,0,Standard,6,INR
ORD132054,24-09-2023,BR47,India,Mumbai,CUST5359,PROD495,Accessories,Wireless Mouse,Apple,1,461.78,0.01,0.18,539.45,Credit Card,Online,EMP802,3,1,Express,6,AED
ORD132055,24-02-2023,BR10,Germany,Berlin,CUST8021,PROD115,Accessories,Wireless Mouse,Dell,5,1366.24,0.01,0.18,7980.21,Net Banking,In-Store,EMP324,0,1,Standard,1,GBP
ORD132056,19-07-2024,BR72,USA,Los Angeles,CUST7487,PROD347,Laptop,MacBook Air M2,Samsung,4,659.95,0.22,0.18,2429.67,Cash,In-Store,EMP719,2,1,Same Day,3,EUR
ORD132057,05-08-2024,BR15,Germany,Hamburg,CUST9227,PROD181,Laptop,HP Spectre x360,Dell,3,1142.49,0.3,0.18,2831.09,UPI,Online,EMP321,3,1,Same Day,6,AED
ORD132058,19-08-2023,BR33,Germany,Berlin,CUST5885,PROD320,Laptop,HP Spectre x360,Samsung,4,1383.66,0.24,0.18,4963.47,UPI,Online,EMP338,3,1,Express,5,GBP
ORD132059,16-03-2023,BR117,UK,Birmingham,CUST5825,PROD745,Tablet,Lenovo Tab P11,HP,1,1503.04,0.15,0.18,1507.55,Debit Card,In-Store,EMP244,3,1,Express,10,INR
ORD132060,08-08-2024,BR30,UAE,Dubai,CUST3033,PROD795,Tablet,Samsung Galaxy Tab,Dell,2,1500.23,0,0.18,3540.54,UPI,In-Store,EMP914,1,1,Same Day,1,INR
ORD132061,14-08-2023,BR35,UK,Manchester,CUST1314,PROD322,TV,LG OLED 48,Samsung,3,1680.56,0.24,0.18,4521.38,Debit Card,In-Store,EMP353,0,0,Same Day,2,GBP
ORD132062,16-07-2024,BR63,UK,Birmingham,CUST6243,PROD319,Accessories,Wireless Mouse,Dell,4,1110.13,0.11,0.18,4663.43,Net Banking,In-Store,EMP885,2,0,Standard,8,EUR
ORD132063,28-07-2024,BR120,India,Delhi,CUST7894,PROD448,Laptop,MacBook Air M2,LG,2,367.14,0.28,0.18,623.84,Debit Card,Online,EMP588,3,1,Same Day,8,EUR
ORD132064,23-03-2023,BR96,USA,New York,CUST9893,PROD695,TV,Samsung QLED 50,Apple,1,1464.58,0.19,0.18,1399.85,Net Banking,In-Store,EMP523,1,0,Standard,7,EUR
ORD132065,07-10-2024,BR19,India,Pune,CUST2916,PROD642,Mobile,Samsung Galaxy S23,Dell,4,971,0.21,0.18,3620.66,Credit Card,In-Store,EMP271,0,1,Same Day,2,AED
ORD132066,29-06-2024,BR32,Germany,Munich,CUST9434,PROD702,Tablet,Lenovo Tab P11,LG,2,524.49,0.21,0.18,977.86,Credit Card,In-Store,EMP393,2,0,Express,9,INR
ORD132067,03-11-2023,BR3,USA,Chicago,CUST2193,PROD777,Accessories,Bluetooth Headphones,HP,1,1749.57,0.07,0.18,1919.98,Debit Card,In-Store,EMP872,3,0,Express,4,INR
ORD132068,22-07-2023,BR2,USA,New York,CUST2791,PROD969,Mobile,Samsung Galaxy S23,Sony,5,1112.04,0.29,0.18,4658.34,Debit Card,Online,EMP606,2,1,Same Day,3,INR
ORD132069,14-10-2023,BR71,Germany,Berlin,CUST6025,PROD799,Tablet,Samsung Galaxy Tab,Dell,1,233.37,0.26,0.18,203.78,Net Banking,Online,EMP758,3,0,Same Day,5,USD
ORD132070,16-03-2024,BR41,USA,New York,CUST9159,PROD271,Laptop,MacBook Air M2,Lenovo,1,199.12,0,0.18,234.96,Credit Card,Online,EMP264,1,0,Express,7,GBP
ORD132071,19-04-2024,BR102,USA,New York,CUST1117,PROD149,Laptop,HP Spectre x360,OnePlus,1,314.42,0.21,0.18,293.1,Net Banking,In-Store,EMP622,3,0,Standard,1,EUR
ORD132072,09-10-2024,BR17,UK,London,CUST1692,PROD940,Mobile,iPhone 14,Apple,5,1656.49,0.27,0.18,7134.5,Cash,Online,EMP846,2,0,Standard,6,EUR
ORD132073,24-04-2024,BR29,India,Pune,CUST9433,PROD984,TV,Samsung QLED 50,OnePlus,5,297.17,0.03,0.18,1700.7,Net Banking,Online,EMP572,1,0,Express,5,GBP
ORD132074,16-12-2024,BR77,Germany,Berlin,CUST8570,PROD402,Tablet,Samsung Galaxy Tab,LG,1,1458.37,0.1,0.18,1548.79,Credit Card,Online,EMP932,1,1,Express,2,AED
ORD132075,24-08-2024,BR111,UAE,Abu Dhabi,CUST4338,PROD627,Mobile,OnePlus 11,OnePlus,3,239.46,0.1,0.18,762.92,UPI,Online,EMP491,1,1,Express,5,USD
ORD132076,09-05-2024,BR24,UK,Manchester,CUST7958,PROD260,Mobile,iPhone 14,Lenovo,2,1179.9,0.06,0.18,2617.49,Credit Card,Online,EMP647,2,1,Express,6,AED
ORD132077,06-08-2023,BR109,Germany,Berlin,CUST9531,PROD184,Laptop,HP Spectre x360,Dell,2,67.26,0.15,0.18,134.92,Debit Card,Online,EMP997,0,1,Same Day,6,AED
ORD132078,01-11-2023,BR95,Germany,Hamburg,CUST2616,PROD873,TV,Sony Bravia 55,LG,2,1553.26,0.17,0.18,3042.53,Debit Card,Online,EMP484,1,1,Same Day,9,AED
ORD132079,17-10-2023,BR29,Germany,Munich,CUST7386,PROD481,Mobile,OnePlus 11,OnePlus,4,1511.38,0.28,0.18,5136.27,Credit Card,In-Store,EMP927,1,0,Same Day,3,INR
ORD132080,26-11-2023,BR54,Germany,Hamburg,CUST6782,PROD885,Accessories,Bluetooth Headphones,OnePlus,2,1286.64,0.26,0.18,2246.99,Credit Card,Online,EMP458,3,0,Standard,7,AED
ORD132081,11-02-2024,BR114,UAE,Dubai,CUST1362,PROD137,Mobile,Samsung Galaxy S23,OnePlus,1,1301.43,0.04,0.18,1474.26,Cash,Online,EMP379,2,1,Standard,6,USD
ORD132082,16-06-2024,BR88,USA,Chicago,CUST4490,PROD301,Tablet,iPad Air,Dell,5,1433.66,0.11,0.18,7528.15,Cash,Online,EMP629,2,1,Same Day,8,INR
ORD132083,26-10-2023,BR79,USA,Dallas,CUST9721,PROD311,Tablet,iPad Air,Lenovo,4,835.2,0.14,0.18,3390.24,UPI,In-Store,EMP692,2,1,Same Day,8,EUR
ORD132084,17-06-2024,BR54,USA,Chicago,CUST9400,PROD282,Accessories,Keyboard,Samsung,1,400.6,0.21,0.18,373.44,Credit Card,Online,EMP509,0,1,Express,3,USD
ORD132085,20-10-2023,BR89,Germany,Munich,CUST9555,PROD144,TV,Sony Bravia 55,LG,5,533.22,0.18,0.18,2579.72,Debit Card,In-Store,EMP595,1,0,Standard,10,GBP
ORD132086,25-08-2024,BR26,UK,Birmingham,CUST9591,PROD506,Tablet,Samsung Galaxy Tab,Dell,5,1842.64,0.03,0.18,10545.43,Cash,In-Store,EMP452,2,0,Same Day,5,AED
ORD132087,24-06-2023,BR33,USA,Chicago,CUST8896,PROD881,Mobile,Samsung Galaxy S23,Lenovo,5,1721.47,0.07,0.18,9445.71,Debit Card,Online,EMP672,0,0,Express,5,GBP
ORD132088,29-11-2023,BR14,Germany,Hamburg,CUST8806,PROD385,TV,Sony Bravia 55,Apple,3,661.78,0.22,0.18,1827.31,Net Banking,Online,EMP477,0,1,Express,2,EUR
ORD132089,23-07-2024,BR84,USA,New York,CUST3465,PROD470,Accessories,Keyboard,LG,2,1327.59,0.28,0.18,2255.84,Net Banking,Online,EMP969,0,0,Same Day,10,USD
ORD132090,27-08-2023,BR18,Germany,Hamburg,CUST2621,PROD909,Tablet,Lenovo Tab P11,HP,5,1598.91,0.19,0.18,7641.19,Credit Card,In-Store,EMP673,3,1,Same Day,10,EUR
ORD132091,26-05-2023,BR97,UAE,Dubai,CUST1278,PROD259,Laptop,HP Spectre x360,Apple,5,581.31,0.01,0.18,3395.43,Credit Card,In-Store,EMP531,1,1,Same Day,6,INR
ORD132092,26-11-2024,BR41,Germany,Berlin,CUST3675,PROD194,Laptop,MacBook Air M2,HP,4,142.87,0.18,0.18,552.96,Cash,In-Store,EMP786,1,1,Standard,5,USD
ORD132093,12-02-2024,BR58,India,Mumbai,CUST9018,PROD248,Tablet,Samsung Galaxy Tab,OnePlus,3,804.3,0.23,0.18,2192.36,Net Banking,In-Store,EMP529,0,1,Standard,4,EUR
ORD132094,17-06-2024,BR56,USA,Chicago,CUST1287,PROD191,Mobile,Samsung Galaxy S23,Sony,3,1587.72,0.27,0.18,4102.99,Credit Card,Online,EMP742,3,1,Same Day,2,GBP
ORD132095,16-02-2023,BR69,Germany,Hamburg,CUST8087,PROD988,Mobile,OnePlus 11,Apple,5,922.22,0.23,0.18,4189.65,Credit Card,Online,EMP360,1,0,Standard,8,USD
ORD132096,02-06-2024,BR119,USA,New York,CUST9700,PROD243,Tablet,Samsung Galaxy Tab,Dell,3,650.99,0.26,0.18,1705.33,UPI,In-Store,EMP916,2,1,Express,8,EUR
ORD132097,01-06-2023,BR118,UK,London,CUST1119,PROD416,Mobile,OnePlus 11,Dell,2,1605.17,0.25,0.18,2841.15,Net Banking,Online,EMP444,3,0,Standard,8,INR
ORD132098,09-12-2023,BR13,USA,New York,CUST9630,PROD477,Laptop,MacBook Air M2,Dell,3,376.95,0.22,0.18,1040.83,Credit Card,In-Store,EMP349,0,0,Express,8,USD
ORD132099,17-10-2024,BR9,UK,Birmingham,CUST6414,PROD746,Tablet,Lenovo Tab P11,HP,4,918.05,0.23,0.18,3336.56,Cash,In-Store,EMP397,1,0,Express,9,INR
ORD132100,13-11-2023,BR73,India,Bangalore,CUST1738,PROD456,Mobile,iPhone 14,Sony,1,1065.8,0.03,0.18,1219.91,Cash,In-Store,EMP356,2,0,Standard,1,EUR
ORD132101,08-05-2024,BR83,UAE,Abu Dhabi,CUST4430,PROD240,Mobile,iPhone 14,Lenovo,4,594.03,0.2,0.18,2243.06,Cash,In-Store,EMP958,3,0,Standard,7,AED
ORD132102,16-01-2024,BR94,Germany,Berlin,CUST7892,PROD634,TV,LG OLED 48,Dell,2,210.53,0.15,0.18,422.32,Credit Card,In-Store,EMP994,2,1,Express,3,USD
ORD132103,03-05-2023,BR93,India,Delhi,CUST5432,PROD894,Accessories,Keyboard,Sony,4,814.25,0.23,0.18,2959.31,UPI,In-Store,EMP803,1,1,Express,5,USD
ORD132104,02-01-2024,BR94,UAE,Dubai,CUST3517,PROD894,Tablet,Samsung Galaxy Tab,LG,4,557.51,0.28,0.18,1894.64,Debit Card,Online,EMP923,2,1,Standard,2,EUR
ORD132105,07-05-2024,BR34,USA,Dallas,CUST9246,PROD630,TV,Sony Bravia 55,HP,2,1737.89,0.12,0.18,3609.25,Cash,In-Store,EMP943,2,1,Express,8,GBP
ORD132106,25-03-2024,BR66,India,Delhi,CUST6116,PROD262,Mobile,iPhone 14,HP,3,271.08,0.29,0.18,681.33,Debit Card,Online,EMP999,1,0,Standard,3,GBP
ORD132107,22-08-2024,BR29,UK,Manchester,CUST5969,PROD748,Tablet,Samsung Galaxy Tab,LG,2,1143.18,0.18,0.18,2212.28,UPI,In-Store,EMP507,1,0,Same Day,1,USD
ORD132108,10-10-2024,BR74,USA,Los Angeles,CUST4472,PROD991,Laptop,HP Spectre x360,Dell,4,119.44,0.19,0.18,456.64,Cash,In-Store,EMP473,2,0,Standard,5,INR
ORD132109,24-09-2024,BR66,UK,Manchester,CUST3197,PROD950,TV,LG OLED 48,LG,5,144.29,0.18,0.18,698.08,Net Banking,In-Store,EMP309,3,1,Standard,2,GBP
ORD132110,27-08-2023,BR46,India,Delhi,CUST1006,PROD844,TV,Samsung QLED 50,LG,2,412.97,0.29,0.18,691.97,Credit Card,Online,EMP234,3,1,Standard,3,USD
ORD132111,12-03-2023,BR63,UAE,Dubai,CUST7773,PROD475,TV,Samsung QLED 50,HP,3,1813.33,0.03,0.18,6226.61,UPI,In-Store,EMP388,3,0,Express,1,USD
ORD132112,09-11-2024,BR76,Germany,Berlin,CUST7490,PROD374,Tablet,Samsung Galaxy Tab,Samsung,2,1142.34,0.04,0.18,2588.09,Cash,Online,EMP806,3,1,Same Day,5,INR
ORD132113,24-03-2023,BR76,UAE,Dubai,CUST4917,PROD570,TV,Sony Bravia 55,HP,1,978.25,0.07,0.18,1073.53,Credit Card,Online,EMP803,2,1,Same Day,10,USD
ORD132114,10-12-2024,BR108,USA,Los Angeles,CUST5639,PROD907,TV,LG OLED 48,OnePlus,3,460.49,0.29,0.18,1157.4,Net Banking,Online,EMP865,2,0,Standard,10,INR
ORD132115,02-03-2024,BR7,India,Mumbai,CUST6366,PROD169,Tablet,iPad Air,Lenovo,2,1362.47,0.25,0.18,2411.57,UPI,In-Store,EMP836,0,1,Same Day,7,GBP
ORD132116,22-03-2024,BR100,UAE,Abu Dhabi,CUST5457,PROD233,Tablet,Samsung Galaxy Tab,Lenovo,2,866.11,0.05,0.18,1941.82,Net Banking,Online,EMP920,0,1,Standard,6,EUR
ORD132117,11-02-2024,BR70,USA,Los Angeles,CUST4204,PROD173,Accessories,Wireless Mouse,Lenovo,4,114.99,0.1,0.18,488.48,Cash,Online,EMP780,0,0,Standard,5,GBP
ORD132118,07-07-2023,BR15,USA,Dallas,CUST9610,PROD489,Laptop,MacBook Air M2,Sony,5,1161.24,0.05,0.18,6508.75,Net Banking,Online,EMP285,0,0,Same Day,2,GBP
ORD132119,29-11-2023,BR67,India,Mumbai,CUST4321,PROD270,TV,LG OLED 48,Sony,5,1465.27,0.16,0.18,7261.88,UPI,In-Store,EMP939,0,1,Standard,1,AED
ORD132120,18-09-2023,BR41,UK,Manchester,CUST2209,PROD764,Accessories,Wireless Mouse,LG,3,268.39,0.05,0.18,902.6,Debit Card,In-Store,EMP490,1,0,Express,10,INR
ORD132121,25-02-2024,BR45,India,Pune,CUST7777,PROD361,Laptop,HP Spectre x360,LG,4,1596.52,0.09,0.18,6857.37,Net Banking,In-Store,EMP318,1,0,Express,3,GBP
ORD132122,28-02-2024,BR104,USA,Los Angeles,CUST7833,PROD721,Laptop,Dell XPS 13,Apple,3,981.17,0.19,0.18,2813.41,Net Banking,Online,EMP985,3,1,Express,2,EUR
ORD132123,17-02-2023,BR116,India,Pune,CUST2131,PROD782,Mobile,Samsung Galaxy S23,OnePlus,5,367.1,0.06,0.18,2035.94,Debit Card,Online,EMP341,3,1,Standard,1,EUR
ORD132124,19-09-2023,BR24,India,Bangalore,CUST2822,PROD587,TV,Samsung QLED 50,Apple,5,108.16,0.29,0.18,453.08,Cash,Online,EMP643,0,0,Express,9,USD
ORD132125,07-09-2024,BR32,USA,Chicago,CUST2334,PROD308,TV,Samsung QLED 50,LG,5,1325.2,0.21,0.18,6176.76,Credit Card,Online,EMP691,3,1,Same Day,6,INR
ORD132126,16-05-2023,BR106,UAE,Dubai,CUST2552,PROD789,TV,Samsung QLED 50,Sony,1,293.62,0,0.18,346.47,Net Banking,In-Store,EMP938,3,0,Standard,4,INR
ORD132127,10-12-2024,BR75,UK,Birmingham,CUST9692,PROD593,Accessories,Keyboard,LG,1,1134.78,0.19,0.18,1084.62,Cash,In-Store,EMP269,1,1,Same Day,5,EUR
ORD132128,17-07-2023,BR52,UK,London,CUST5957,PROD737,Accessories,Wireless Mouse,Sony,1,450,0.29,0.18,377.01,Debit Card,In-Store,EMP565,0,0,Standard,6,INR
ORD132129,23-06-2023,BR117,UK,Manchester,CUST4816,PROD480,Mobile,Samsung Galaxy S23,LG,3,421.84,0.02,0.18,1463.45,UPI,Online,EMP724,2,1,Standard,5,USD
ORD132130,12-05-2023,BR65,Germany,Berlin,CUST3485,PROD393,TV,Samsung QLED 50,HP,5,295.8,0.25,0.18,1308.91,Credit Card,Online,EMP872,0,1,Express,7,INR
ORD132131,13-02-2023,BR48,UAE,Abu Dhabi,CUST4909,PROD861,Mobile,Samsung Galaxy S23,LG,4,449.83,0.04,0.18,2038.27,Credit Card,Online,EMP871,2,1,Standard,6,INR
ORD132132,21-11-2023,BR113,USA,Los Angeles,CUST4132,PROD507,Mobile,iPhone 14,OnePlus,4,614.42,0.04,0.18,2784.06,UPI,Online,EMP489,1,1,Standard,7,EUR
ORD132133,14-01-2023,BR113,Germany,Munich,CUST5690,PROD328,Mobile,iPhone 14,Apple,5,391.82,0.16,0.18,1941.86,Credit Card,In-Store,EMP219,1,1,Express,4,GBP
ORD132134,21-06-2023,BR70,USA,Los Angeles,CUST7256,PROD537,TV,Samsung QLED 50,Dell,5,1602.26,0.12,0.18,8318.93,Debit Card,In-Store,EMP301,2,0,Same Day,6,AED
ORD132135,01-12-2024,BR99,Germany,Berlin,CUST5970,PROD167,Tablet,Samsung Galaxy Tab,Lenovo,5,511.95,0.22,0.18,2355.99,Cash,In-Store,EMP755,3,1,Express,9,EUR
ORD132136,04-12-2023,BR115,UK,London,CUST8488,PROD322,Laptop,MacBook Air M2,OnePlus,1,801.14,0.22,0.18,737.37,UPI,In-Store,EMP524,0,0,Standard,7,USD
ORD132137,24-11-2024,BR26,UAE,Abu Dhabi,CUST3107,PROD729,Mobile,iPhone 14,Sony,2,361.43,0.12,0.18,750.62,Net Banking,In-Store,EMP216,3,1,Express,2,EUR
ORD132138,19-10-2023,BR21,UK,Manchester,CUST1819,PROD113,Laptop,MacBook Air M2,Sony,4,1621.44,0.07,0.18,7117.47,Debit Card,In-Store,EMP711,0,0,Same Day,1,EUR
ORD132139,04-03-2024,BR52,Germany,Berlin,CUST6995,PROD376,Laptop,Dell XPS 13,Sony,5,445.64,0.24,0.18,1998.25,Cash,In-Store,EMP996,3,1,Same Day,5,AED
ORD132140,12-06-2023,BR81,USA,Chicago,CUST5844,PROD847,Laptop,MacBook Air M2,Samsung,4,1657.74,0.19,0.18,6337.87,Credit Card,In-Store,EMP270,3,1,Standard,5,AED
ORD132141,29-07-2024,BR87,UAE,Dubai,CUST2654,PROD397,Mobile,Samsung Galaxy S23,Dell,4,195.36,0.07,0.18,857.55,UPI,In-Store,EMP286,1,0,Express,8,GBP
ORD132142,01-11-2023,BR44,UAE,Abu Dhabi,CUST8454,PROD960,Mobile,OnePlus 11,Sony,5,1022.27,0.12,0.18,5307.63,UPI,Online,EMP811,0,0,Same Day,7,USD
ORD132143,24-06-2024,BR55,USA,New York,CUST8577,PROD322,Laptop,Dell XPS 13,Lenovo,4,1377.75,0.14,0.18,5592.56,Debit Card,In-Store,EMP725,1,1,Standard,3,GBP
ORD132144,23-08-2024,BR6,India,Bangalore,CUST2127,PROD923,Tablet,Samsung Galaxy Tab,OnePlus,4,726.54,0.06,0.18,3223.51,UPI,In-Store,EMP796,0,1,Standard,8,INR
ORD132145,29-01-2023,BR67,Germany,Berlin,CUST2100,PROD596,Laptop,MacBook Air M2,Dell,5,855.69,0.01,0.18,4998.09,Cash,Online,EMP905,2,0,Standard,9,USD
ORD132146,06-01-2023,BR13,USA,New York,CUST9334,PROD724,Mobile,Samsung Galaxy S23,Lenovo,2,1357.09,0.24,0.18,2434.08,Cash,Online,EMP409,2,1,Standard,3,USD
ORD132147,15-12-2024,BR68,India,Mumbai,CUST9210,PROD425,Tablet,Lenovo Tab P11,HP,2,924.44,0.22,0.18,1701.71,Debit Card,In-Store,EMP238,0,0,Standard,3,EUR
ORD132148,01-03-2023,BR40,Germany,Hamburg,CUST7256,PROD221,Tablet,Samsung Galaxy Tab,Dell,5,648.19,0.13,0.18,3327.16,Credit Card,Online,EMP845,3,0,Express,6,INR
ORD132149,28-05-2023,BR26,India,Mumbai,CUST4707,PROD193,Mobile,OnePlus 11,Apple,2,593,0.19,0.18,1133.58,Cash,Online,EMP629,1,1,Same Day,10,USD
ORD132150,15-07-2024,BR82,UAE,Abu Dhabi,CUST8962,PROD493,Mobile,Samsung Galaxy S23,HP,5,186.76,0.18,0.18,903.54,Debit Card,In-Store,EMP968,3,1,Same Day,3,EUR
ORD132151,30-05-2024,BR26,USA,Chicago,CUST6842,PROD757,Mobile,OnePlus 11,Dell,3,1033.17,0.27,0.18,2669.92,Credit Card,In-Store,EMP939,2,1,Standard,7,INR
ORD132152,28-10-2024,BR107,UAE,Abu Dhabi,CUST4376,PROD831,TV,Sony Bravia 55,LG,4,953.08,0.02,0.18,4408.57,Cash,In-Store,EMP338,2,0,Standard,10,USD
ORD132153,04-02-2023,BR61,UK,Birmingham,CUST7915,PROD966,Laptop,MacBook Air M2,OnePlus,2,1310.03,0.01,0.18,3060.75,Cash,In-Store,EMP224,0,1,Express,4,GBP
ORD132154,04-10-2023,BR118,Germany,Hamburg,CUST8654,PROD821,Laptop,HP Spectre x360,Sony,4,768.63,0.19,0.18,2938.63,Debit Card,In-Store,EMP454,0,1,Express,10,EUR
ORD132155,24-08-2024,BR72,India,Mumbai,CUST6810,PROD804,Accessories,Bluetooth Headphones,LG,1,1559.53,0.13,0.18,1601.01,Net Banking,Online,EMP348,2,1,Same Day,4,INR
ORD132156,06-11-2023,BR27,Germany,Hamburg,CUST9394,PROD134,Tablet,iPad Air,Samsung,3,1570.56,0.02,0.18,5448.59,UPI,Online,EMP511,2,1,Same Day,1,EUR
ORD132157,11-02-2023,BR80,UK,London,CUST2152,PROD988,Tablet,Samsung Galaxy Tab,Sony,3,1509.95,0.27,0.18,3902.01,Credit Card,Online,EMP495,3,0,Express,4,GBP
ORD132158,13-05-2023,BR26,UAE,Dubai,CUST5316,PROD546,Mobile,OnePlus 11,Apple,3,699.29,0.06,0.18,2326.96,UPI,Online,EMP278,0,0,Standard,7,INR
ORD132159,27-12-2024,BR55,UAE,Dubai,CUST8772,PROD456,Laptop,Dell XPS 13,HP,5,942.49,0.14,0.18,4782.19,Debit Card,In-Store,EMP746,3,1,Express,4,EUR
ORD132160,19-02-2024,BR70,UAE,Dubai,CUST8568,PROD266,TV,Sony Bravia 55,Samsung,5,1280.83,0.09,0.18,6876.78,Credit Card,In-Store,EMP435,1,0,Same Day,6,INR
ORD132161,27-07-2023,BR88,UK,Manchester,CUST5057,PROD904,TV,Sony Bravia 55,LG,1,1689.08,0.19,0.18,1614.42,Net Banking,Online,EMP861,1,1,Standard,7,INR
ORD132162,22-11-2023,BR1,UK,London,CUST2913,PROD944,Accessories,Keyboard,Lenovo,3,505.09,0.28,0.18,1287.37,Debit Card,Online,EMP923,3,1,Express,2,INR
ORD132163,11-12-2023,BR113,India,Bangalore,CUST8720,PROD439,Tablet,Samsung Galaxy Tab,LG,2,1619.84,0.29,0.18,2714.2,UPI,In-Store,EMP588,2,0,Express,2,EUR
ORD132164,25-12-2024,BR35,USA,Los Angeles,CUST1669,PROD685,TV,Sony Bravia 55,Dell,3,741.74,0.11,0.18,2336.93,Cash,Online,EMP569,1,1,Standard,4,EUR
ORD132165,10-04-2024,BR111,Germany,Hamburg,CUST6140,PROD878,Accessories,Bluetooth Headphones,Dell,4,699.25,0.24,0.18,2508.35,Net Banking,Online,EMP206,0,0,Standard,1,USD
ORD132166,31-10-2024,BR55,UAE,Dubai,CUST4640,PROD668,Laptop,HP Spectre x360,OnePlus,1,352.67,0.1,0.18,374.54,Debit Card,Online,EMP549,0,1,Standard,9,EUR
ORD132167,29-03-2023,BR15,UK,Birmingham,CUST4503,PROD385,Tablet,Samsung Galaxy Tab,Sony,1,1216.27,0.07,0.18,1334.73,Net Banking,Online,EMP713,0,1,Same Day,10,INR
ORD132168,06-04-2024,BR82,UK,Birmingham,CUST5713,PROD569,Tablet,iPad Air,Sony,3,1036.68,0.2,0.18,2935.88,Cash,Online,EMP920,0,0,Same Day,9,INR
ORD132169,26-12-2024,BR18,UAE,Abu Dhabi,CUST1630,PROD154,Tablet,Lenovo Tab P11,Samsung,1,124.8,0.27,0.18,107.5,Debit Card,Online,EMP383,0,1,Express,3,EUR
ORD132170,22-05-2024,BR62,UK,Manchester,CUST3971,PROD511,Laptop,MacBook Air M2,OnePlus,5,1044.92,0.15,0.18,5240.27,Cash,In-Store,EMP474,1,1,Same Day,5,EUR
ORD132171,15-09-2023,BR8,USA,Dallas,CUST2348,PROD665,Tablet,Samsung Galaxy Tab,Apple,3,1903.9,0.05,0.18,6402.82,Credit Card,Online,EMP671,3,0,Express,8,GBP
ORD132172,24-10-2023,BR33,USA,Chicago,CUST3449,PROD360,Accessories,Keyboard,HP,1,346.05,0.3,0.18,285.84,Credit Card,Online,EMP909,2,0,Same Day,4,EUR
ORD132173,17-10-2023,BR77,USA,Los Angeles,CUST7712,PROD247,Tablet,iPad Air,Samsung,3,793.94,0.14,0.18,2417.07,Net Banking,Online,EMP472,2,0,Same Day,7,AED
ORD132174,08-03-2024,BR23,UAE,Abu Dhabi,CUST3209,PROD572,Mobile,iPhone 14,Sony,5,1437.48,0.08,0.18,7802.64,UPI,In-Store,EMP889,2,1,Same Day,9,USD
ORD132175,27-08-2024,BR112,Germany,Berlin,CUST3422,PROD425,Laptop,Dell XPS 13,Samsung,1,1242.41,0.29,0.18,1040.89,Cash,Online,EMP698,1,1,Standard,9,INR
ORD132176,13-04-2023,BR92,UAE,Abu Dhabi,CUST9072,PROD258,Accessories,Keyboard,Lenovo,4,600.74,0.1,0.18,2551.94,Debit Card,Online,EMP625,3,0,Express,10,AED
ORD132177,14-07-2023,BR116,USA,New York,CUST8193,PROD532,Laptop,MacBook Air M2,Lenovo,4,692.95,0.12,0.18,2878.24,Net Banking,Online,EMP275,0,0,Standard,3,GBP
ORD132178,03-04-2023,BR41,India,Mumbai,CUST4438,PROD595,Laptop,HP Spectre x360,Apple,2,1276.58,0.1,0.18,2711.46,Net Banking,Online,EMP648,3,0,Express,5,AED
ORD132179,01-09-2023,BR28,UAE,Abu Dhabi,CUST3126,PROD165,TV,Samsung QLED 50,Dell,2,1334.06,0.3,0.18,2203.87,Net Banking,In-Store,EMP379,3,0,Express,1,AED
ORD132180,19-03-2023,BR63,UK,Birmingham,CUST2533,PROD671,Tablet,iPad Air,Lenovo,2,919.25,0.13,0.18,1887.4,Cash,Online,EMP941,3,1,Express,1,EUR
ORD132181,12-10-2024,BR108,USA,Los Angeles,CUST8063,PROD203,Tablet,iPad Air,HP,3,449.63,0.19,0.18,1289.27,UPI,In-Store,EMP816,2,1,Express,5,INR
ORD132182,16-11-2024,BR80,UK,Birmingham,CUST2398,PROD616,Laptop,Dell XPS 13,OnePlus,2,531.26,0.17,0.18,1040.63,Net Banking,In-Store,EMP254,1,0,Same Day,9,GBP
ORD132183,27-07-2024,BR90,USA,Los Angeles,CUST1392,PROD792,Mobile,Samsung Galaxy S23,Lenovo,4,1763.76,0.2,0.18,6659.96,Net Banking,Online,EMP737,1,0,Express,8,AED
ORD132184,07-09-2023,BR64,India,Pune,CUST3572,PROD592,TV,Samsung QLED 50,Apple,2,1454.76,0.28,0.18,2471.93,Credit Card,Online,EMP725,0,1,Same Day,9,EUR
ORD132185,17-10-2024,BR10,India,Pune,CUST6858,PROD578,Accessories,Bluetooth Headphones,Sony,1,86.53,0.26,0.18,75.56,Debit Card,Online,EMP968,3,0,Express,3,GBP
ORD132186,30-06-2023,BR32,India,Mumbai,CUST7027,PROD442,Mobile,iPhone 14,Samsung,3,1553.48,0.18,0.18,4509.44,Net Banking,In-Store,EMP673,1,0,Same Day,4,EUR
ORD132187,08-06-2023,BR112,UK,Manchester,CUST2362,PROD314,TV,LG OLED 48,Samsung,4,1606.62,0.26,0.18,5611.6,Cash,In-Store,EMP235,2,1,Same Day,2,EUR
ORD132188,01-04-2024,BR20,Germany,Berlin,CUST3164,PROD511,Laptop,HP Spectre x360,Apple,1,93.71,0.17,0.18,91.78,Cash,In-Store,EMP752,3,1,Express,7,GBP
ORD132189,15-06-2023,BR98,UK,Birmingham,CUST4008,PROD702,Accessories,Keyboard,Apple,5,650.77,0.2,0.18,3071.63,Cash,In-Store,EMP830,2,1,Standard,1,AED
ORD132190,14-12-2024,BR83,UK,London,CUST8893,PROD281,Laptop,HP Spectre x360,Lenovo,2,1911.32,0.1,0.18,4059.64,UPI,In-Store,EMP975,3,1,Express,5,USD
ORD132191,01-04-2023,BR113,USA,Los Angeles,CUST1031,PROD687,Tablet,Lenovo Tab P11,Sony,4,500.06,0.12,0.18,2077.05,Debit Card,In-Store,EMP923,0,1,Same Day,7,EUR
ORD132192,06-03-2024,BR101,UAE,Abu Dhabi,CUST6067,PROD417,Tablet,iPad Air,Sony,5,1146.53,0.05,0.18,6426.3,Debit Card,Online,EMP850,1,1,Same Day,3,AED
ORD132193,20-08-2023,BR117,UAE,Abu Dhabi,CUST7794,PROD332,TV,LG OLED 48,Lenovo,1,1037.49,0.1,0.18,1101.81,Debit Card,In-Store,EMP250,0,0,Same Day,7,EUR
ORD132194,17-11-2023,BR15,Germany,Berlin,CUST8763,PROD970,Mobile,OnePlus 11,LG,4,1015.39,0.19,0.18,3882.04,Net Banking,Online,EMP753,2,1,Same Day,3,GBP
ORD132195,19-05-2023,BR113,India,Pune,CUST8671,PROD216,Laptop,MacBook Air M2,LG,2,1199.89,0.25,0.18,2123.81,Net Banking,In-Store,EMP989,2,1,Standard,7,EUR
ORD132196,09-01-2023,BR32,India,Bangalore,CUST3962,PROD662,Laptop,MacBook Air M2,Dell,1,605.97,0.2,0.18,572.04,Debit Card,In-Store,EMP415,1,0,Express,3,USD
ORD132197,22-07-2023,BR73,India,Pune,CUST9889,PROD476,Accessories,Keyboard,Apple,4,898.35,0.29,0.18,3010.55,UPI,In-Store,EMP695,1,1,Express,1,GBP
ORD132198,05-04-2024,BR24,UAE,Abu Dhabi,CUST4354,PROD656,Accessories,Wireless Mouse,HP,2,1847.63,0.14,0.18,3749.95,Cash,Online,EMP576,3,1,Express,3,USD
ORD132199,05-04-2023,BR60,USA,Chicago,CUST9325,PROD441,Laptop,MacBook Air M2,Apple,3,1481.77,0.24,0.18,3986.55,UPI,In-Store,EMP233,0,1,Same Day,4,AED
ORD132200,08-09-2024,BR19,India,Mumbai,CUST9123,PROD192,Tablet,Samsung Galaxy Tab,Dell,2,445.5,0.26,0.18,778.02,Credit Card,In-Store,EMP393,0,0,Standard,2,AED
ORD132201,26-01-2023,BR34,India,Delhi,CUST7237,PROD314,Tablet,iPad Air,HP,2,238.75,0.12,0.18,495.84,Credit Card,Online,EMP908,0,1,Same Day,6,GBP
ORD132202,21-09-2024,BR92,UK,London,CUST2836,PROD850,Accessories,Bluetooth Headphones,Apple,1,137.53,0.08,0.18,149.3,Debit Card,Online,EMP648,3,1,Express,5,INR
ORD132203,03-03-2024,BR93,UAE,Abu Dhabi,CUST5395,PROD185,TV,LG OLED 48,OnePlus,5,286.86,0.11,0.18,1506.3,Debit Card,In-Store,EMP335,0,0,Same Day,4,USD
ORD132204,07-04-2023,BR76,USA,Dallas,CUST8141,PROD748,Laptop,MacBook Air M2,Dell,3,1339.82,0.2,0.18,3794.37,Net Banking,In-Store,EMP523,2,0,Standard,5,USD
ORD132205,05-11-2024,BR62,Germany,Berlin,CUST7897,PROD463,TV,Sony Bravia 55,Apple,5,505.48,0.25,0.18,2236.75,UPI,In-Store,EMP604,0,0,Express,5,USD
ORD132206,20-04-2024,BR17,UAE,Abu Dhabi,CUST4652,PROD336,Laptop,MacBook Air M2,LG,3,388.01,0.21,0.18,1085.11,Credit Card,In-Store,EMP811,0,0,Standard,8,INR
ORD132207,04-09-2024,BR14,India,Bangalore,CUST8921,PROD128,TV,Sony Bravia 55,Apple,4,245.56,0.26,0.18,857.69,Debit Card,Online,EMP556,3,1,Standard,6,GBP
ORD132208,13-01-2023,BR62,India,Delhi,CUST4789,PROD355,Tablet,Samsung Galaxy Tab,Samsung,1,1162.19,0.08,0.18,1261.67,Debit Card,Online,EMP705,0,0,Same Day,5,GBP
ORD132209,12-02-2024,BR102,UK,Birmingham,CUST9704,PROD844,TV,Samsung QLED 50,Sony,4,128.21,0.05,0.18,574.89,Debit Card,Online,EMP673,1,0,Same Day,7,GBP
ORD132210,13-08-2023,BR107,UAE,Dubai,CUST4980,PROD535,Tablet,Lenovo Tab P11,Samsung,3,874.04,0.2,0.18,2475.28,Net Banking,Online,EMP550,1,1,Same Day,10,GBP
ORD132211,11-03-2024,BR112,UAE,Abu Dhabi,CUST4867,PROD296,Accessories,Bluetooth Headphones,Apple,1,1234.92,0,0.18,1457.21,Debit Card,Online,EMP635,1,1,Same Day,9,INR
ORD132212,27-04-2024,BR118,India,Delhi,CUST7423,PROD249,Mobile,Samsung Galaxy S23,Samsung,2,296.5,0.24,0.18,531.8,Credit Card,Online,EMP928,0,1,Standard,6,USD
ORD132213,14-04-2024,BR68,Germany,Hamburg,CUST6527,PROD890,Accessories,Wireless Mouse,Dell,3,1679.41,0.22,0.18,4637.19,Net Banking,In-Store,EMP642,0,0,Standard,9,GBP
ORD132214,28-03-2023,BR6,UAE,Dubai,CUST7895,PROD504,Laptop,HP Spectre x360,Sony,5,175.09,0.25,0.18,774.77,Credit Card,In-Store,EMP528,0,0,Same Day,9,GBP
ORD132215,06-05-2023,BR8,UAE,Abu Dhabi,CUST9297,PROD637,Mobile,iPhone 14,HP,3,1282.82,0.27,0.18,3315.06,Debit Card,Online,EMP975,1,1,Express,1,USD
ORD132216,31-01-2024,BR37,UAE,Dubai,CUST5526,PROD433,Mobile,OnePlus 11,Lenovo,2,882.11,0.04,0.18,1998.51,Credit Card,In-Store,EMP273,0,0,Same Day,9,INR
ORD132217,27-01-2024,BR70,USA,Chicago,CUST4133,PROD905,TV,LG OLED 48,Sony,1,786.93,0.17,0.18,770.72,Debit Card,In-Store,EMP950,2,1,Same Day,2,INR
ORD132218,24-02-2023,BR67,UK,Manchester,CUST4973,PROD725,Laptop,HP Spectre x360,Apple,2,1335.79,0.27,0.18,2301.3,Cash,Online,EMP325,2,0,Standard,2,GBP
ORD132219,02-03-2023,BR56,USA,New York,CUST4552,PROD788,Accessories,Bluetooth Headphones,Dell,1,1623.27,0.17,0.18,1589.83,Cash,In-Store,EMP827,0,1,Standard,10,USD
ORD132220,01-10-2023,BR94,UAE,Dubai,CUST6627,PROD672,Mobile,OnePlus 11,Apple,3,1014.73,0.1,0.18,3232.93,Credit Card,In-Store,EMP468,2,0,Standard,4,AED
ORD132221,07-05-2024,BR110,USA,Los Angeles,CUST6026,PROD985,Laptop,Dell XPS 13,HP,3,1093.86,0.27,0.18,2826.75,Net Banking,In-Store,EMP304,3,1,Express,5,USD
ORD132222,02-07-2023,BR50,USA,Dallas,CUST1622,PROD320,TV,Samsung QLED 50,HP,3,579.78,0.11,0.18,1826.65,Net Banking,Online,EMP440,3,1,Standard,9,AED
ORD132223,04-05-2023,BR74,UAE,Dubai,CUST9674,PROD401,Tablet,Lenovo Tab P11,HP,3,749.69,0.27,0.18,1937.35,Cash,In-Store,EMP993,3,0,Standard,9,AED
ORD132224,18-12-2024,BR82,UK,Birmingham,CUST2834,PROD703,TV,LG OLED 48,LG,4,1275.17,0.06,0.18,5657.67,UPI,Online,EMP807,1,0,Same Day,3,INR
ORD132225,16-09-2024,BR101,India,Pune,CUST1063,PROD209,Mobile,OnePlus 11,HP,4,1588.32,0.09,0.18,6822.15,Credit Card,Online,EMP993,1,1,Same Day,3,AED
ORD132226,13-07-2023,BR110,USA,Los Angeles,CUST3439,PROD417,Accessories,Wireless Mouse,OnePlus,5,453.04,0.12,0.18,2352.18,Credit Card,In-Store,EMP712,0,0,Standard,1,EUR
ORD132227,08-02-2024,BR61,UAE,Dubai,CUST6786,PROD420,Mobile,OnePlus 11,Lenovo,1,807.95,0.29,0.18,676.9,Debit Card,Online,EMP666,2,1,Same Day,10,GBP
ORD132228,29-09-2024,BR107,India,Delhi,CUST7417,PROD505,Accessories,Keyboard,Samsung,4,1561.27,0.02,0.18,7221.81,Credit Card,In-Store,EMP334,3,0,Same Day,9,USD
ORD132229,21-08-2023,BR34,UAE,Dubai,CUST8906,PROD326,Tablet,Samsung Galaxy Tab,Samsung,3,1278.34,0.02,0.18,4434.82,Credit Card,Online,EMP404,1,0,Standard,10,GBP
ORD132230,07-02-2024,BR46,UK,London,CUST2395,PROD637,Laptop,MacBook Air M2,Dell,4,582.4,0.25,0.18,2061.7,Credit Card,Online,EMP915,2,0,Express,6,USD
ORD132231,16-12-2024,BR87,India,Delhi,CUST5299,PROD655,Laptop,MacBook Air M2,Sony,4,267.5,0.2,0.18,1010.08,UPI,In-Store,EMP489,2,0,Standard,5,INR
ORD132232,26-01-2024,BR12,USA,Los Angeles,CUST4531,PROD525,Mobile,iPhone 14,LG,4,1960.89,0.02,0.18,9070.29,Debit Card,In-Store,EMP284,1,1,Express,7,USD
ORD132233,09-06-2023,BR59,UK,Birmingham,CUST5538,PROD770,Accessories,Wireless Mouse,Dell,1,1840.02,0.23,0.18,1671.84,Net Banking,In-Store,EMP473,1,1,Same Day,5,INR
ORD132234,26-05-2023,BR103,USA,New York,CUST6629,PROD984,TV,Samsung QLED 50,LG,3,1876,0.18,0.18,5445.65,UPI,Online,EMP498,1,1,Standard,4,AED
ORD132235,12-09-2024,BR27,Germany,Berlin,CUST9308,PROD594,Laptop,MacBook Air M2,HP,3,1327.67,0.13,0.18,4088.96,UPI,In-Store,EMP892,0,1,Same Day,10,AED
ORD132236,22-06-2024,BR46,USA,New York,CUST7842,PROD691,Accessories,Wireless Mouse,HP,3,1772.62,0.12,0.18,5522.07,Cash,Online,EMP361,2,1,Same Day,3,INR
ORD132237,21-01-2024,BR51,India,Pune,CUST8510,PROD473,Accessories,Keyboard,Lenovo,5,1709.75,0.06,0.18,9482.27,Credit Card,In-Store,EMP428,2,0,Standard,4,GBP
ORD132238,21-12-2023,BR51,USA,Chicago,CUST6846,PROD705,Laptop,HP Spectre x360,Sony,4,1223.55,0.08,0.18,5313.14,Credit Card,In-Store,EMP604,3,1,Same Day,9,INR
ORD132239,26-07-2023,BR52,USA,New York,CUST4907,PROD290,TV,LG OLED 48,Samsung,3,875.72,0.27,0.18,2263.04,Net Banking,In-Store,EMP858,0,1,Standard,1,AED
ORD132240,31-05-2024,BR7,Germany,Hamburg,CUST5352,PROD361,Mobile,OnePlus 11,Dell,5,409.5,0.28,0.18,1739.56,UPI,In-Store,EMP859,0,0,Standard,5,INR
ORD132241,06-10-2023,BR118,UK,London,CUST2915,PROD102,Mobile,iPhone 14,OnePlus,5,94.26,0.22,0.18,433.78,Net Banking,Online,EMP894,1,0,Same Day,8,INR
ORD132242,24-12-2024,BR71,India,Bangalore,CUST3785,PROD340,Tablet,Samsung Galaxy Tab,Lenovo,1,220.13,0.25,0.18,194.82,Net Banking,Online,EMP255,3,1,Standard,7,EUR
ORD132243,22-11-2024,BR58,UK,Birmingham,CUST4549,PROD417,Accessories,Keyboard,OnePlus,5,992.31,0.16,0.18,4917.89,Cash,In-Store,EMP294,2,0,Standard,8,USD
ORD132244,03-08-2023,BR24,UAE,Dubai,CUST1820,PROD709,Tablet,Samsung Galaxy Tab,Sony,5,1382.36,0.09,0.18,7421.89,UPI,In-Store,EMP633,3,0,Express,7,EUR
ORD132245,14-08-2023,BR80,Germany,Munich,CUST3880,PROD874,Laptop,MacBook Air M2,OnePlus,5,560.75,0.07,0.18,3076.84,Debit Card,Online,EMP571,0,1,Same Day,9,GBP
ORD132246,26-03-2023,BR12,UAE,Abu Dhabi,CUST3580,PROD601,Tablet,Lenovo Tab P11,Lenovo,5,1566.57,0.29,0.18,6562.36,Debit Card,In-Store,EMP536,0,0,Express,9,GBP
ORD132247,14-07-2024,BR116,UAE,Abu Dhabi,CUST1049,PROD397,Accessories,Bluetooth Headphones,Dell,1,1058.95,0.29,0.18,887.19,UPI,In-Store,EMP244,3,1,Express,8,INR
ORD132248,21-06-2024,BR101,UAE,Abu Dhabi,CUST5976,PROD564,TV,Sony Bravia 55,Lenovo,3,1631.59,0.26,0.18,4274.11,Debit Card,Online,EMP627,2,1,Same Day,9,USD
ORD132249,22-09-2024,BR70,Germany,Hamburg,CUST8322,PROD833,Accessories,Wireless Mouse,OnePlus,4,570.14,0.02,0.18,2637.24,Debit Card,In-Store,EMP425,1,1,Standard,2,USD
ORD132250,22-11-2023,BR75,USA,Los Angeles,CUST3847,PROD144,Tablet,iPad Air,Sony,3,1803.87,0.11,0.18,5683.27,Net Banking,In-Store,EMP858,1,0,Same Day,4,GBP
ORD132251,01-11-2024,BR84,UAE,Dubai,CUST7616,PROD636,Laptop,Dell XPS 13,LG,1,1762.33,0.05,0.18,1975.57,Debit Card,Online,EMP503,1,1,Same Day,6,AED
ORD132252,24-07-2023,BR90,Germany,Hamburg,CUST9041,PROD542,Tablet,Lenovo Tab P11,Lenovo,4,1636.49,0.21,0.18,6102.14,Credit Card,In-Store,EMP793,1,1,Express,10,AED
ORD132253,24-02-2024,BR112,UAE,Abu Dhabi,CUST3495,PROD470,Accessories,Wireless Mouse,Dell,3,1966.02,0.15,0.18,5915.75,UPI,Online,EMP590,0,0,Express,8,EUR
ORD132254,29-08-2023,BR31,India,Delhi,CUST4258,PROD869,Mobile,iPhone 14,Dell,2,1590.93,0.1,0.18,3379.14,Cash,In-Store,EMP287,0,0,Express,7,EUR
ORD132255,29-04-2023,BR116,UAE,Dubai,CUST3510,PROD888,Laptop,Dell XPS 13,Lenovo,3,931.53,0.11,0.18,2934.88,Debit Card,Online,EMP885,2,0,Express,8,INR
ORD132256,20-10-2024,BR62,Germany,Berlin,CUST7723,PROD767,TV,Sony Bravia 55,Lenovo,5,1867.39,0.28,0.18,7932.67,Debit Card,Online,EMP542,2,0,Same Day,10,EUR
ORD132257,19-07-2024,BR89,Germany,Hamburg,CUST6938,PROD358,Tablet,Samsung Galaxy Tab,Dell,2,105.18,0.18,0.18,203.54,Cash,Online,EMP755,0,1,Express,7,EUR
ORD132258,30-01-2024,BR59,Germany,Berlin,CUST6472,PROD771,Tablet,Samsung Galaxy Tab,OnePlus,1,1486.61,0.07,0.18,1631.41,Credit Card,Online,EMP875,1,1,Express,9,GBP
ORD132259,31-07-2023,BR80,India,Delhi,CUST9529,PROD773,Laptop,MacBook Air M2,LG,2,1498.46,0.07,0.18,3288.82,Debit Card,Online,EMP962,2,0,Same Day,10,USD
ORD132260,22-05-2024,BR11,UK,Manchester,CUST6401,PROD706,TV,Samsung QLED 50,Apple,3,472.48,0.23,0.18,1287.89,Credit Card,In-Store,EMP792,1,1,Standard,1,EUR
ORD132261,08-08-2023,BR53,USA,New York,CUST4895,PROD644,TV,Sony Bravia 55,LG,2,719.03,0.13,0.18,1476.31,UPI,In-Store,EMP347,0,1,Standard,7,INR
ORD132262,28-09-2023,BR80,UK,Birmingham,CUST2641,PROD950,Tablet,Samsung Galaxy Tab,Dell,3,1368.07,0.03,0.18,4697.68,Credit Card,Online,EMP435,2,1,Standard,2,USD
ORD132263,03-03-2024,BR51,UAE,Dubai,CUST8340,PROD243,TV,Sony Bravia 55,Apple,5,1389.97,0.24,0.18,6232.63,Cash,In-Store,EMP353,0,1,Same Day,6,AED
ORD132264,30-10-2023,BR1,UK,Manchester,CUST8760,PROD844,TV,LG OLED 48,HP,3,769.78,0.06,0.18,2561.52,Credit Card,Online,EMP994,1,0,Standard,4,EUR
ORD132265,24-08-2023,BR95,Germany,Munich,CUST9914,PROD636,Accessories,Wireless Mouse,Lenovo,3,411.13,0.1,0.18,1309.86,Credit Card,Online,EMP867,1,1,Same Day,2,INR
ORD132266,12-04-2024,BR83,India,Bangalore,CUST8835,PROD158,Tablet,iPad Air,OnePlus,5,1935.73,0.29,0.18,8108.77,Net Banking,Online,EMP867,3,0,Same Day,5,EUR
ORD132267,16-10-2024,BR71,UK,Manchester,CUST2386,PROD585,TV,Samsung QLED 50,OnePlus,4,171.78,0.06,0.18,762.15,Debit Card,In-Store,EMP907,3,0,Same Day,9,INR
ORD132268,05-07-2023,BR106,India,Delhi,CUST3759,PROD542,Accessories,Bluetooth Headphones,Dell,2,109.31,0.06,0.18,242.49,Net Banking,In-Store,EMP523,0,1,Standard,2,GBP
ORD132269,25-07-2023,BR14,UK,London,CUST7546,PROD804,Laptop,Dell XPS 13,LG,2,1229.52,0.09,0.18,2640.52,Cash,Online,EMP888,0,0,Standard,7,GBP
ORD132270,05-07-2023,BR69,UK,London,CUST7477,PROD917,Tablet,iPad Air,OnePlus,1,394.73,0.13,0.18,405.23,Debit Card,Online,EMP593,2,1,Express,5,GBP
ORD132271,11-07-2023,BR118,UAE,Dubai,CUST2795,PROD334,Accessories,Keyboard,Sony,1,1079.9,0.07,0.18,1185.08,UPI,Online,EMP525,1,0,Same Day,5,EUR
ORD132272,21-03-2024,BR116,Germany,Munich,CUST1568,PROD774,TV,Sony Bravia 55,OnePlus,5,1239.33,0.2,0.18,5849.64,Credit Card,In-Store,EMP554,1,1,Express,10,USD
ORD132273,16-06-2024,BR62,Germany,Berlin,CUST3896,PROD425,Accessories,Bluetooth Headphones,Lenovo,5,1567.87,0.05,0.18,8787.91,Cash,In-Store,EMP913,1,0,Same Day,5,EUR
ORD132274,09-03-2024,BR116,Germany,Munich,CUST4898,PROD173,Accessories,Keyboard,Samsung,4,638.64,0.17,0.18,2501.94,Net Banking,In-Store,EMP585,3,1,Standard,3,AED
ORD132275,18-11-2024,BR53,India,Pune,CUST8519,PROD222,Accessories,Wireless Mouse,Apple,3,1094.72,0.13,0.18,3371.52,UPI,Online,EMP494,1,1,Same Day,9,USD
ORD132276,31-10-2023,BR98,USA,Dallas,CUST5999,PROD772,Laptop,Dell XPS 13,HP,1,1757.62,0.01,0.18,2053.25,Credit Card,In-Store,EMP469,3,1,Standard,8,INR
ORD132277,15-02-2024,BR4,Germany,Munich,CUST2572,PROD995,Mobile,OnePlus 11,Apple,4,1554.94,0.27,0.18,5357.7,Cash,In-Store,EMP833,2,0,Same Day,5,EUR
ORD132278,24-11-2024,BR13,UK,Manchester,CUST6594,PROD664,TV,Samsung QLED 50,Dell,2,220.79,0.04,0.18,500.22,Credit Card,Online,EMP810,2,0,Standard,10,INR
ORD132279,05-10-2024,BR4,India,Pune,CUST6469,PROD709,Laptop,HP Spectre x360,HP,4,64.21,0.06,0.18,284.89,Credit Card,In-Store,EMP417,1,1,Standard,4,USD
ORD132280,17-09-2023,BR97,UK,Manchester,CUST4717,PROD835,Accessories,Keyboard,HP,2,312.48,0.1,0.18,663.71,UPI,Online,EMP876,1,0,Same Day,1,EUR
ORD132281,15-10-2023,BR20,Germany,Berlin,CUST7296,PROD592,Mobile,OnePlus 11,Apple,1,1729.44,0.05,0.18,1938.7,UPI,In-Store,EMP733,0,0,Standard,5,EUR
ORD132282,04-07-2024,BR65,India,Delhi,CUST9656,PROD373,Laptop,Dell XPS 13,Apple,3,482.98,0.04,0.18,1641.36,UPI,Online,EMP238,0,1,Express,1,AED
ORD132283,21-08-2024,BR86,USA,New York,CUST2753,PROD865,Mobile,OnePlus 11,Apple,4,927.51,0.16,0.18,3677.39,Net Banking,Online,EMP345,3,1,Express,3,GBP
ORD132284,07-01-2023,BR37,Germany,Munich,CUST8582,PROD182,Tablet,Samsung Galaxy Tab,HP,3,451.03,0.04,0.18,1532.78,UPI,In-Store,EMP559,2,1,Express,2,GBP
ORD132285,22-03-2023,BR117,Germany,Hamburg,CUST7898,PROD733,Laptop,MacBook Air M2,Sony,2,1791.25,0.11,0.18,3762.34,UPI,Online,EMP642,0,1,Standard,5,INR
ORD132286,23-06-2023,BR52,USA,Chicago,CUST1062,PROD236,Mobile,iPhone 14,Dell,5,999.28,0.19,0.18,4775.56,Cash,In-Store,EMP476,0,1,Express,10,EUR
ORD132287,16-10-2023,BR91,Germany,Munich,CUST3704,PROD558,Tablet,Samsung Galaxy Tab,Lenovo,2,1929.16,0.03,0.18,4416.23,Cash,Online,EMP885,0,1,Same Day,6,USD
ORD132288,27-12-2024,BR58,UAE,Dubai,CUST6954,PROD703,TV,Sony Bravia 55,HP,1,1160.27,0.14,0.18,1177.44,Net Banking,In-Store,EMP839,2,1,Standard,2,USD
ORD132289,27-11-2023,BR76,UAE,Dubai,CUST5677,PROD137,Accessories,Wireless Mouse,Sony,5,553.07,0.09,0.18,2969.43,Net Banking,In-Store,EMP525,3,1,Express,2,INR
ORD132290,07-04-2023,BR10,USA,New York,CUST9087,PROD206,Mobile,iPhone 14,Sony,3,1874.4,0.14,0.18,5706.42,Cash,In-Store,EMP290,0,0,Standard,7,AED
ORD132291,20-02-2024,BR76,UK,Birmingham,CUST1065,PROD406,Laptop,Dell XPS 13,Dell,4,596.78,0.08,0.18,2591.46,Net Banking,In-Store,EMP988,0,1,Express,2,EUR
ORD132292,04-12-2024,BR55,UAE,Dubai,CUST5067,PROD368,Laptop,MacBook Air M2,Apple,5,760.17,0.21,0.18,3543.15,Cash,In-Store,EMP919,2,1,Standard,6,INR
ORD132293,17-04-2024,BR86,Germany,Munich,CUST8083,PROD812,Mobile,Samsung Galaxy S23,LG,1,1517.15,0.21,0.18,1414.29,UPI,Online,EMP448,0,1,Standard,5,GBP
ORD132294,17-08-2024,BR67,India,Mumbai,CUST4560,PROD588,Laptop,HP Spectre x360,Lenovo,4,460.05,0.1,0.18,1954.29,Credit Card,Online,EMP839,2,0,Same Day,5,USD
ORD132295,16-01-2023,BR114,USA,Dallas,CUST1427,PROD876,Laptop,HP Spectre x360,LG,4,989.17,0.05,0.18,4435.44,Debit Card,In-Store,EMP938,0,1,Standard,8,GBP
ORD132296,27-01-2024,BR79,Germany,Munich,CUST2512,PROD452,TV,LG OLED 48,Apple,5,667.68,0.05,0.18,3742.35,Cash,In-Store,EMP982,3,0,Same Day,7,USD
ORD132297,11-12-2024,BR83,UAE,Dubai,CUST8907,PROD732,TV,Samsung QLED 50,OnePlus,3,1735.54,0,0.18,6143.81,UPI,Online,EMP552,3,0,Express,5,EUR
ORD132298,18-09-2023,BR7,UK,London,CUST9711,PROD487,TV,Sony Bravia 55,Sony,2,76.48,0.09,0.18,164.25,Credit Card,Online,EMP268,3,1,Standard,5,INR
ORD132299,05-02-2024,BR51,UK,Manchester,CUST6468,PROD605,Accessories,Bluetooth Headphones,LG,5,702.95,0.16,0.18,3483.82,Net Banking,Online,EMP583,2,1,Standard,6,GBP
ORD132300,22-05-2024,BR85,Germany,Hamburg,CUST4295,PROD286,Mobile,OnePlus 11,Apple,1,1817.51,0.11,0.18,1908.75,UPI,In-Store,EMP715,2,1,Standard,10,EUR
ORD132301,26-01-2024,BR69,UK,London,CUST8004,PROD804,Laptop,MacBook Air M2,Samsung,1,493.22,0.06,0.18,547.08,Debit Card,In-Store,EMP451,1,1,Standard,5,EUR
ORD132302,19-01-2024,BR4,UAE,Abu Dhabi,CUST1039,PROD460,Tablet,Samsung Galaxy Tab,Lenovo,3,1521.73,0.1,0.18,4848.23,Debit Card,In-Store,EMP972,1,1,Same Day,5,USD
ORD132303,29-05-2024,BR75,India,Bangalore,CUST2723,PROD514,Mobile,OnePlus 11,OnePlus,1,1052.05,0.06,0.18,1166.93,Debit Card,Online,EMP867,3,0,Standard,6,USD
ORD132304,29-11-2023,BR65,Germany,Hamburg,CUST2808,PROD232,TV,Samsung QLED 50,HP,4,1901.3,0.21,0.18,7089.57,UPI,In-Store,EMP409,0,1,Express,8,INR
ORD132305,11-08-2024,BR66,UAE,Dubai,CUST4045,PROD830,Laptop,HP Spectre x360,Sony,4,1517.38,0.12,0.18,6302.59,Credit Card,Online,EMP893,3,1,Same Day,2,USD
ORD132306,19-08-2024,BR15,Germany,Berlin,CUST2174,PROD346,TV,LG OLED 48,Apple,4,752.04,0.13,0.18,3088.18,Credit Card,In-Store,EMP485,1,1,Express,9,USD
ORD132307,24-06-2023,BR79,UAE,Abu Dhabi,CUST5086,PROD423,Accessories,Bluetooth Headphones,LG,3,1170.9,0.03,0.18,4020.64,Credit Card,Online,EMP774,3,0,Express,4,GBP
ORD132308,13-09-2023,BR72,Germany,Berlin,CUST9522,PROD405,Mobile,Samsung Galaxy S23,LG,5,553.45,0.13,0.18,2840.86,UPI,Online,EMP700,3,1,Express,9,INR
ORD132309,06-06-2024,BR104,UK,Birmingham,CUST1675,PROD373,Tablet,Lenovo Tab P11,Lenovo,1,1499.1,0.25,0.18,1326.7,Credit Card,In-Store,EMP730,3,1,Same Day,1,INR
ORD132310,13-02-2024,BR101,Germany,Berlin,CUST3739,PROD622,Laptop,MacBook Air M2,Dell,5,1079.47,0.06,0.18,5986.74,Cash,In-Store,EMP422,3,1,Express,2,AED
ORD132311,08-01-2024,BR97,USA,New York,CUST7681,PROD447,Mobile,OnePlus 11,HP,3,278.23,0.21,0.18,778.1,Credit Card,Online,EMP538,1,1,Express,1,USD
ORD132312,03-03-2024,BR116,Germany,Hamburg,CUST7348,PROD506,Mobile,iPhone 14,Samsung,2,1524.13,0.14,0.18,3093.37,Debit Card,In-Store,EMP760,2,0,Express,1,EUR
ORD132313,05-04-2023,BR96,UAE,Dubai,CUST1474,PROD818,Laptop,Dell XPS 13,OnePlus,1,912.53,0.01,0.18,1066.02,Cash,Online,EMP242,2,0,Same Day,4,INR
ORD132314,02-12-2023,BR99,Germany,Berlin,CUST6813,PROD179,Accessories,Wireless Mouse,HP,1,1028.69,0.1,0.18,1092.47,Net Banking,Online,EMP495,1,0,Express,7,GBP
ORD132315,09-09-2023,BR113,UAE,Dubai,CUST9588,PROD631,TV,Samsung QLED 50,LG,1,1098.56,0.25,0.18,972.23,Credit Card,In-Store,EMP537,2,0,Express,4,AED
ORD132316,05-10-2023,BR80,USA,Chicago,CUST5599,PROD526,Tablet,Lenovo Tab P11,Samsung,1,1639.5,0.22,0.18,1509,Debit Card,Online,EMP679,0,0,Express,10,USD
ORD132317,17-11-2023,BR57,Germany,Berlin,CUST2598,PROD741,Mobile,iPhone 14,Lenovo,3,88.14,0.1,0.18,280.81,Credit Card,In-Store,EMP313,3,1,Standard,2,USD
ORD132318,11-05-2023,BR112,India,Mumbai,CUST4203,PROD326,Laptop,MacBook Air M2,OnePlus,2,1854.37,0.09,0.18,3982.45,Cash,In-Store,EMP812,1,0,Standard,7,GBP
ORD132319,22-04-2023,BR110,USA,Los Angeles,CUST6241,PROD893,Mobile,OnePlus 11,Lenovo,4,916.42,0.17,0.18,3590.17,UPI,Online,EMP738,2,1,Same Day,6,AED
ORD132320,19-12-2023,BR120,Germany,Berlin,CUST8289,PROD190,Accessories,Keyboard,Sony,4,1238.26,0.11,0.18,5201.68,UPI,Online,EMP713,2,0,Same Day,2,GBP
ORD132321,09-12-2023,BR81,UK,Manchester,CUST5435,PROD954,TV,Sony Bravia 55,Apple,2,1235.94,0.01,0.18,2887.65,Net Banking,Online,EMP323,0,1,Standard,3,AED
ORD132322,05-12-2024,BR15,India,Delhi,CUST9607,PROD182,Tablet,Lenovo Tab P11,Sony,1,1551.35,0.16,0.18,1537.7,Net Banking,Online,EMP486,0,0,Express,3,AED
ORD132323,18-05-2024,BR96,USA,Dallas,CUST8769,PROD168,Mobile,iPhone 14,Dell,3,998.93,0.29,0.18,2510.71,Cash,Online,EMP700,3,1,Standard,10,USD
ORD132324,13-10-2024,BR54,USA,Los Angeles,CUST6530,PROD500,TV,LG OLED 48,LG,5,960.78,0.1,0.18,5101.74,UPI,In-Store,EMP763,3,1,Express,9,AED
ORD132325,08-05-2024,BR67,India,Pune,CUST7580,PROD988,Tablet,Samsung Galaxy Tab,Samsung,2,1596.74,0.15,0.18,3203.06,UPI,In-Store,EMP644,0,1,Express,6,AED
ORD132326,24-10-2023,BR43,USA,Los Angeles,CUST9158,PROD425,Tablet,Lenovo Tab P11,Lenovo,4,1779.86,0.14,0.18,7224.81,UPI,In-Store,EMP293,3,0,Same Day,4,USD
ORD132327,18-08-2023,BR42,UAE,Abu Dhabi,CUST6740,PROD838,Laptop,HP Spectre x360,Sony,4,845.67,0.12,0.18,3512.57,Net Banking,Online,EMP731,0,1,Standard,2,EUR
ORD132328,02-02-2023,BR15,India,Pune,CUST5992,PROD850,Accessories,Wireless Mouse,Sony,3,1992.97,0.08,0.18,6490.7,Credit Card,Online,EMP755,2,1,Express,7,INR
ORD132329,27-04-2024,BR86,India,Delhi,CUST2079,PROD668,Accessories,Bluetooth Headphones,Sony,2,994.06,0.27,0.18,1712.57,Credit Card,In-Store,EMP479,3,0,Same Day,2,USD
ORD132330,02-04-2023,BR78,India,Mumbai,CUST3636,PROD484,Tablet,iPad Air,Lenovo,3,57.22,0.26,0.18,149.89,Credit Card,In-Store,EMP374,3,0,Standard,9,AED
ORD132331,10-10-2024,BR24,Germany,Munich,CUST7424,PROD711,TV,LG OLED 48,Apple,1,1837.36,0.19,0.18,1756.15,UPI,In-Store,EMP479,1,0,Standard,7,AED
ORD132332,16-11-2024,BR30,UK,Manchester,CUST9862,PROD193,Laptop,Dell XPS 13,Samsung,1,460.88,0.01,0.18,538.4,Cash,In-Store,EMP689,2,0,Same Day,5,GBP
ORD132333,05-01-2023,BR64,UAE,Abu Dhabi,CUST9854,PROD369,Accessories,Keyboard,LG,1,1008.07,0.17,0.18,987.3,UPI,Online,EMP471,0,1,Same Day,6,USD
ORD132334,20-07-2023,BR16,India,Bangalore,CUST5137,PROD863,Mobile,OnePlus 11,Samsung,3,1991.9,0.05,0.18,6698.76,Debit Card,In-Store,EMP518,3,0,Express,4,AED
ORD132335,08-08-2023,BR26,USA,Dallas,CUST5895,PROD579,Tablet,Samsung Galaxy Tab,Dell,4,682.83,0.08,0.18,2965.12,Cash,In-Store,EMP988,2,1,Standard,9,INR
ORD132336,22-06-2023,BR38,USA,Chicago,CUST8534,PROD551,TV,LG OLED 48,OnePlus,1,1622.53,0.03,0.18,1857.15,Cash,Online,EMP968,3,1,Express,8,USD
ORD132337,27-03-2024,BR31,UK,Manchester,CUST8546,PROD706,Tablet,Samsung Galaxy Tab,Sony,4,212,0.06,0.18,940.6,Credit Card,Online,EMP426,2,1,Same Day,9,AED
ORD132338,14-11-2024,BR57,Germany,Berlin,CUST6422,PROD501,TV,LG OLED 48,Dell,3,1355.95,0.19,0.18,3888.05,UPI,In-Store,EMP515,2,0,Standard,5,USD
ORD132339,21-05-2024,BR89,India,Mumbai,CUST5611,PROD598,Tablet,iPad Air,Sony,1,1201.18,0.07,0.18,1318.17,UPI,Online,EMP977,3,1,Standard,1,USD
ORD132340,03-07-2023,BR78,India,Bangalore,CUST9425,PROD348,Accessories,Keyboard,Sony,4,542.59,0.09,0.18,2330.53,Net Banking,Online,EMP371,0,0,Same Day,9,INR
ORD132341,06-03-2024,BR93,UK,Manchester,CUST1355,PROD399,Accessories,Wireless Mouse,Samsung,2,215.77,0.15,0.18,432.83,Credit Card,Online,EMP241,0,1,Standard,1,USD
ORD132342,28-09-2024,BR80,India,Pune,CUST6867,PROD666,TV,LG OLED 48,Samsung,3,432.62,0.18,0.18,1255.81,Net Banking,In-Store,EMP445,0,1,Standard,7,INR
ORD132343,18-08-2023,BR83,India,Bangalore,CUST2028,PROD184,Tablet,Lenovo Tab P11,OnePlus,4,389.06,0.11,0.18,1634.36,Debit Card,In-Store,EMP214,0,0,Express,3,INR
ORD132344,16-12-2024,BR116,India,Delhi,CUST9606,PROD170,Laptop,MacBook Air M2,Samsung,3,1437.07,0.04,0.18,4883.74,UPI,Online,EMP219,2,0,Express,6,USD
ORD132345,22-08-2023,BR37,India,Delhi,CUST2104,PROD149,Tablet,Lenovo Tab P11,OnePlus,1,1063.86,0.17,0.18,1041.94,Credit Card,In-Store,EMP655,2,0,Express,9,GBP
ORD132346,02-09-2024,BR5,Germany,Munich,CUST3104,PROD210,Accessories,Keyboard,Dell,5,377.25,0.14,0.18,1914.17,Cash,Online,EMP948,3,1,Standard,6,GBP
ORD132347,14-04-2024,BR108,Germany,Berlin,CUST5979,PROD354,TV,Sony Bravia 55,Samsung,2,449.1,0.08,0.18,975.09,UPI,In-Store,EMP269,2,1,Same Day,9,INR
ORD132348,15-06-2023,BR67,India,Pune,CUST9078,PROD763,Accessories,Wireless Mouse,Lenovo,5,1276.32,0.28,0.18,5421.81,Cash,Online,EMP688,3,0,Same Day,5,AED
ORD132349,05-07-2024,BR50,USA,Los Angeles,CUST6748,PROD940,Mobile,Samsung Galaxy S23,Apple,5,1407.44,0.2,0.18,6643.12,Cash,Online,EMP427,3,0,Same Day,8,USD
ORD132350,04-12-2024,BR102,UAE,Abu Dhabi,CUST8228,PROD219,Accessories,Keyboard,Apple,5,226.18,0.09,0.18,1214.36,Net Banking,In-Store,EMP429,2,1,Same Day,8,GBP
ORD132351,10-05-2024,BR74,UAE,Dubai,CUST2802,PROD164,Tablet,iPad Air,LG,4,209.4,0.22,0.18,770.93,Cash,Online,EMP804,0,1,Standard,1,GBP
ORD132352,23-07-2023,BR93,USA,Los Angeles,CUST4962,PROD670,Mobile,iPhone 14,HP,3,591.75,0.17,0.18,1738.68,Credit Card,In-Store,EMP954,3,0,Same Day,1,AED
ORD132353,24-01-2023,BR2,UAE,Dubai,CUST9985,PROD871,Accessories,Keyboard,Apple,4,527.32,0.11,0.18,2215.17,Cash,Online,EMP428,0,1,Same Day,1,USD
ORD132354,03-08-2023,BR77,India,Pune,CUST1427,PROD990,Tablet,iPad Air,Apple,1,848.82,0.04,0.18,961.54,UPI,In-Store,EMP693,1,0,Express,10,GBP
ORD132355,25-11-2023,BR70,UAE,Abu Dhabi,CUST5705,PROD575,Accessories,Bluetooth Headphones,OnePlus,5,562.57,0.26,0.18,2456.18,Net Banking,Online,EMP880,2,0,Same Day,4,USD
ORD132356,15-05-2024,BR118,UK,Birmingham,CUST8786,PROD498,Laptop,HP Spectre x360,OnePlus,4,1945.65,0.01,0.18,9091.63,Debit Card,Online,EMP973,0,0,Express,2,AED
ORD132357,24-04-2023,BR68,UAE,Abu Dhabi,CUST7455,PROD244,Laptop,MacBook Air M2,Sony,1,85.37,0.06,0.18,94.69,Credit Card,In-Store,EMP225,3,0,Standard,1,GBP
ORD132358,19-06-2023,BR64,USA,Chicago,CUST1106,PROD840,Laptop,MacBook Air M2,OnePlus,2,1032.74,0.18,0.18,1998.56,Credit Card,Online,EMP611,1,0,Same Day,8,AED
ORD132359,22-02-2023,BR45,UK,London,CUST3356,PROD915,Mobile,iPhone 14,LG,3,794.03,0.22,0.18,2192.48,Debit Card,In-Store,EMP410,0,0,Same Day,5,INR
ORD132360,18-10-2023,BR10,UAE,Dubai,CUST6225,PROD829,TV,LG OLED 48,LG,5,999.94,0.29,0.18,4188.75,Net Banking,In-Store,EMP790,3,1,Standard,3,EUR
ORD132361,12-03-2024,BR25,Germany,Hamburg,CUST1296,PROD155,Mobile,OnePlus 11,Apple,3,1798.76,0.18,0.18,5221.44,Debit Card,Online,EMP361,2,0,Standard,9,USD
ORD132362,05-06-2023,BR94,USA,New York,CUST7920,PROD734,Accessories,Keyboard,OnePlus,4,1939.21,0.07,0.18,8512.36,Credit Card,In-Store,EMP506,2,0,Standard,4,USD
ORD132363,04-06-2023,BR44,UAE,Abu Dhabi,CUST9194,PROD656,Mobile,iPhone 14,OnePlus,1,1433.23,0.14,0.18,1454.44,Debit Card,In-Store,EMP295,1,1,Same Day,9,USD
ORD132364,06-11-2023,BR58,USA,New York,CUST7519,PROD266,Tablet,Samsung Galaxy Tab,Samsung,1,1784.84,0.18,0.18,1727.01,Cash,In-Store,EMP914,3,0,Standard,1,EUR
ORD132365,16-05-2023,BR84,India,Delhi,CUST1808,PROD473,Laptop,MacBook Air M2,Lenovo,3,1172.87,0.29,0.18,2947.89,Credit Card,In-Store,EMP220,0,0,Standard,7,INR
ORD132366,25-08-2023,BR31,UK,Manchester,CUST5747,PROD246,Laptop,Dell XPS 13,Apple,5,746.09,0.23,0.18,3389.49,Net Banking,Online,EMP233,1,0,Express,3,AED
ORD132367,09-05-2023,BR41,UAE,Abu Dhabi,CUST1916,PROD387,TV,Samsung QLED 50,OnePlus,5,371.72,0.29,0.18,1557.14,Debit Card,In-Store,EMP639,3,0,Same Day,2,INR
ORD132368,12-03-2024,BR111,USA,Chicago,CUST6494,PROD268,Mobile,Samsung Galaxy S23,LG,2,915.29,0.15,0.18,1836.07,Cash,Online,EMP957,0,1,Express,7,USD
ORD132369,05-12-2023,BR28,UAE,Abu Dhabi,CUST3503,PROD370,Accessories,Wireless Mouse,Apple,4,1205.22,0.12,0.18,5006,Debit Card,Online,EMP555,2,0,Standard,1,GBP
ORD132370,06-02-2023,BR21,India,Mumbai,CUST2173,PROD371,Tablet,Samsung Galaxy Tab,Dell,2,1190.14,0.08,0.18,2584.03,Cash,Online,EMP640,2,1,Express,9,AED
ORD132371,08-10-2023,BR61,USA,Chicago,CUST6744,PROD107,Accessories,Keyboard,Samsung,3,423.5,0.24,0.18,1139.38,Credit Card,Online,EMP662,1,1,Same Day,4,AED
ORD132372,20-09-2023,BR96,Germany,Berlin,CUST5290,PROD343,Tablet,Samsung Galaxy Tab,LG,4,1003.45,0.17,0.18,3931.12,Credit Card,In-Store,EMP392,1,1,Standard,6,USD
ORD132373,27-11-2024,BR1,Germany,Hamburg,CUST3644,PROD323,Laptop,Dell XPS 13,Sony,5,450.85,0.14,0.18,2287.61,Cash,In-Store,EMP993,1,1,Standard,8,USD
ORD132374,04-04-2024,BR75,UAE,Abu Dhabi,CUST1660,PROD162,Mobile,iPhone 14,LG,4,1296.1,0.03,0.18,5934.06,UPI,In-Store,EMP366,2,1,Same Day,8,INR
ORD132375,25-11-2023,BR24,India,Pune,CUST1562,PROD261,TV,Samsung QLED 50,Dell,3,1150.19,0.15,0.18,3460.92,Credit Card,In-Store,EMP213,1,0,Same Day,10,USD
ORD132376,11-06-2023,BR63,Germany,Munich,CUST4144,PROD341,Tablet,Samsung Galaxy Tab,OnePlus,3,678.3,0.17,0.18,1992.98,Credit Card,Online,EMP992,3,0,Same Day,8,AED
ORD132377,24-11-2023,BR78,India,Bangalore,CUST2209,PROD593,Laptop,HP Spectre x360,Apple,5,308.52,0.02,0.18,1783.86,Credit Card,Online,EMP555,1,1,Standard,1,AED
ORD132378,17-03-2024,BR58,UK,Manchester,CUST9749,PROD755,Tablet,Lenovo Tab P11,Sony,3,688.83,0.29,0.18,1731.31,Credit Card,In-Store,EMP864,3,1,Same Day,2,USD
ORD132379,24-01-2024,BR21,India,Pune,CUST7639,PROD773,TV,LG OLED 48,Dell,1,1463.94,0.01,0.18,1710.17,UPI,In-Store,EMP665,2,0,Same Day,4,INR
ORD132380,18-12-2023,BR1,India,Bangalore,CUST5778,PROD142,Accessories,Bluetooth Headphones,Apple,4,681.3,0.14,0.18,2765.53,Cash,Online,EMP491,0,0,Standard,6,INR
ORD132381,06-07-2023,BR55,USA,Los Angeles,CUST9759,PROD284,TV,Samsung QLED 50,HP,1,1831.87,0.22,0.18,1686.05,Net Banking,Online,EMP557,0,1,Express,3,AED
ORD132382,17-09-2023,BR56,USA,Los Angeles,CUST4468,PROD697,Accessories,Bluetooth Headphones,Samsung,1,1715.77,0.24,0.18,1538.7,UPI,Online,EMP585,0,0,Standard,6,AED
ORD132383,17-10-2023,BR42,Germany,Berlin,CUST2133,PROD830,Mobile,OnePlus 11,OnePlus,3,1379.12,0.1,0.18,4393.88,Credit Card,In-Store,EMP832,2,0,Same Day,4,GBP
ORD132384,02-02-2023,BR41,UAE,Abu Dhabi,CUST7549,PROD616,Accessories,Bluetooth Headphones,OnePlus,4,1511.99,0.21,0.18,5637.91,Credit Card,In-Store,EMP630,2,0,Express,3,EUR
ORD132385,08-06-2024,BR47,UAE,Dubai,CUST3481,PROD666,Tablet,Lenovo Tab P11,Apple,4,1695.33,0.04,0.18,7681.88,UPI,In-Store,EMP522,2,0,Same Day,8,AED
ORD132386,22-07-2023,BR85,UK,Manchester,CUST2487,PROD293,Mobile,iPhone 14,Samsung,5,1282.18,0.16,0.18,6354.48,Net Banking,Online,EMP667,3,0,Same Day,2,EUR
ORD132387,25-01-2024,BR76,India,Mumbai,CUST7835,PROD899,Mobile,iPhone 14,Dell,2,894.02,0.26,0.18,1561.32,Cash,Online,EMP960,2,1,Express,10,USD
ORD132388,10-09-2023,BR67,UK,Manchester,CUST1884,PROD764,Mobile,Samsung Galaxy S23,HP,2,1753.01,0.07,0.18,3847.51,Cash,Online,EMP963,3,0,Same Day,7,USD
ORD132389,18-04-2024,BR36,UAE,Abu Dhabi,CUST7706,PROD251,Laptop,HP Spectre x360,Lenovo,1,1410.84,0.01,0.18,1648.14,UPI,Online,EMP494,2,1,Standard,6,GBP
ORD132390,15-03-2024,BR81,UAE,Dubai,CUST3692,PROD951,Laptop,MacBook Air M2,Sony,3,782.32,0.21,0.18,2187.84,Credit Card,In-Store,EMP516,0,0,Express,10,GBP
ORD132391,24-08-2024,BR56,UK,Birmingham,CUST7145,PROD931,Mobile,OnePlus 11,Sony,3,709.41,0.25,0.18,1883.48,UPI,Online,EMP802,0,0,Express,5,EUR
ORD132392,13-07-2023,BR116,Germany,Berlin,CUST4267,PROD334,Mobile,iPhone 14,Apple,4,1291.38,0.12,0.18,5363.88,Credit Card,Online,EMP386,2,1,Same Day,9,GBP
ORD132393,25-05-2023,BR25,USA,New York,CUST2985,PROD337,Laptop,Dell XPS 13,HP,5,705.41,0.29,0.18,2954.96,UPI,Online,EMP656,1,1,Standard,8,USD
ORD132394,07-02-2024,BR19,Germany,Hamburg,CUST6820,PROD734,Tablet,iPad Air,Dell,5,1769.97,0.07,0.18,9711.83,Debit Card,Online,EMP736,2,0,Express,7,AED
ORD132395,16-06-2024,BR23,USA,New York,CUST3237,PROD205,TV,Sony Bravia 55,HP,3,1240.46,0,0.18,4391.23,Cash,Online,EMP895,1,0,Same Day,4,AED
ORD132396,23-12-2023,BR43,USA,New York,CUST8190,PROD597,Laptop,Dell XPS 13,Lenovo,1,143.52,0.1,0.18,152.42,Credit Card,Online,EMP564,2,0,Standard,6,AED
ORD132397,23-07-2023,BR41,UK,London,CUST9116,PROD863,Tablet,iPad Air,OnePlus,2,1268.35,0.11,0.18,2664.04,Cash,Online,EMP613,2,1,Express,3,INR
ORD132398,25-03-2024,BR116,UK,London,CUST9643,PROD554,Mobile,Samsung Galaxy S23,Samsung,2,822.38,0.09,0.18,1766.14,UPI,In-Store,EMP945,0,1,Same Day,5,USD
ORD132399,08-06-2024,BR17,India,Pune,CUST7692,PROD153,Accessories,Wireless Mouse,Sony,3,1283.88,0.02,0.18,4454.04,Credit Card,Online,EMP920,0,1,Express,8,AED
ORD132400,02-10-2023,BR46,UK,Manchester,CUST3843,PROD341,TV,LG OLED 48,Dell,1,1375.42,0.23,0.18,1249.71,UPI,In-Store,EMP316,3,0,Express,8,AED
ORD132401,29-07-2024,BR80,UK,Birmingham,CUST5659,PROD696,Mobile,OnePlus 11,Lenovo,1,1511.65,0.22,0.18,1391.32,Debit Card,In-Store,EMP626,0,0,Express,4,AED
ORD132402,26-09-2024,BR64,India,Delhi,CUST6949,PROD130,TV,Sony Bravia 55,LG,2,1248.35,0.23,0.18,2268.5,Net Banking,In-Store,EMP465,2,0,Standard,1,USD
ORD132403,29-04-2023,BR55,USA,Dallas,CUST5990,PROD989,Laptop,HP Spectre x360,Sony,2,1444.91,0.07,0.18,3171.29,Cash,In-Store,EMP449,0,0,Express,7,EUR
ORD132404,26-03-2023,BR19,UAE,Abu Dhabi,CUST2255,PROD327,Laptop,Dell XPS 13,Sony,4,180.28,0.01,0.18,842.41,Debit Card,In-Store,EMP689,0,0,Standard,2,GBP
ORD132405,06-06-2023,BR7,UK,Manchester,CUST4714,PROD894,Accessories,Keyboard,Samsung,2,657.26,0.29,0.18,1101.3,Credit Card,Online,EMP761,1,1,Same Day,1,INR
ORD132406,12-04-2023,BR37,India,Pune,CUST4527,PROD813,TV,LG OLED 48,Samsung,3,581.81,0.24,0.18,1565.3,UPI,Online,EMP680,1,1,Express,4,EUR
ORD132407,05-03-2024,BR49,UAE,Abu Dhabi,CUST3216,PROD633,Laptop,MacBook Air M2,Sony,3,353.45,0.17,0.18,1038.51,UPI,Online,EMP770,1,1,Standard,3,INR
ORD132408,01-01-2024,BR13,Germany,Hamburg,CUST4403,PROD588,Tablet,Lenovo Tab P11,HP,2,1859.78,0.12,0.18,3862.39,UPI,Online,EMP974,2,1,Express,2,AED
ORD132409,03-12-2023,BR48,USA,Chicago,CUST2831,PROD444,Laptop,Dell XPS 13,Apple,4,1403.77,0.03,0.18,6427.02,Cash,In-Store,EMP714,2,0,Express,1,GBP
ORD132410,18-04-2023,BR116,India,Pune,CUST9458,PROD540,TV,LG OLED 48,LG,1,1686.08,0.1,0.18,1790.62,Cash,In-Store,EMP769,1,1,Express,7,GBP
ORD132411,02-03-2023,BR16,UAE,Dubai,CUST8748,PROD228,Laptop,Dell XPS 13,HP,2,609.58,0.09,0.18,1309.13,Cash,Online,EMP389,3,0,Express,6,AED
ORD132412,24-05-2024,BR100,USA,Los Angeles,CUST5570,PROD329,Tablet,iPad Air,Dell,1,417.34,0.01,0.18,487.54,Credit Card,Online,EMP739,1,0,Express,9,GBP
ORD132413,05-05-2024,BR33,USA,Los Angeles,CUST8846,PROD739,Accessories,Wireless Mouse,Sony,5,1708.61,0.27,0.18,7358.98,Credit Card,In-Store,EMP818,0,0,Express,3,GBP
ORD132414,17-09-2024,BR49,UAE,Abu Dhabi,CUST7120,PROD613,Laptop,HP Spectre x360,OnePlus,5,438.22,0.13,0.18,2249.38,Cash,Online,EMP587,3,1,Express,10,INR
ORD132415,27-04-2024,BR18,India,Bangalore,CUST6002,PROD187,Mobile,iPhone 14,Lenovo,3,1441.4,0.03,0.18,4949.48,Cash,In-Store,EMP665,3,1,Express,2,USD
ORD132416,09-09-2024,BR35,USA,Chicago,CUST8963,PROD843,Mobile,OnePlus 11,LG,1,462.47,0.06,0.18,512.97,Net Banking,In-Store,EMP479,2,0,Standard,6,USD
ORD132417,09-10-2024,BR18,UK,Manchester,CUST5375,PROD256,Accessories,Keyboard,Dell,5,1205.71,0.24,0.18,5406.4,Credit Card,In-Store,EMP289,2,1,Standard,2,INR
ORD132418,19-12-2024,BR19,UAE,Dubai,CUST6823,PROD341,Mobile,OnePlus 11,LG,2,818.19,0.27,0.18,1409.58,Cash,In-Store,EMP926,1,1,Standard,1,USD
ORD132419,04-11-2023,BR100,Germany,Berlin,CUST8707,PROD242,TV,Samsung QLED 50,Dell,5,1287.93,0.25,0.18,5699.09,Debit Card,Online,EMP995,1,1,Same Day,7,INR
ORD132420,31-08-2023,BR72,USA,Dallas,CUST6569,PROD405,Mobile,Samsung Galaxy S23,Lenovo,3,1709.33,0.28,0.18,4356.74,Net Banking,In-Store,EMP616,0,1,Same Day,1,USD
ORD132421,02-08-2024,BR78,USA,New York,CUST8532,PROD450,TV,LG OLED 48,Dell,4,1438.14,0.11,0.18,6041.34,Cash,In-Store,EMP901,3,1,Express,7,INR
ORD132422,14-02-2023,BR69,UK,Manchester,CUST5070,PROD269,TV,Sony Bravia 55,Apple,2,843.42,0.18,0.18,1632.19,Cash,In-Store,EMP371,0,1,Standard,5,EUR
ORD132423,05-03-2023,BR38,India,Delhi,CUST9537,PROD621,Tablet,iPad Air,Apple,1,832.23,0.08,0.18,903.47,Net Banking,Online,EMP759,0,0,Same Day,4,EUR
ORD132424,23-07-2024,BR42,India,Delhi,CUST2590,PROD536,Accessories,Wireless Mouse,LG,1,828.26,0.05,0.18,928.48,Cash,Online,EMP390,0,0,Express,4,INR
ORD132425,09-05-2024,BR12,USA,Chicago,CUST1194,PROD883,Accessories,Wireless Mouse,Sony,2,91.56,0.2,0.18,172.87,Credit Card,Online,EMP522,1,0,Standard,5,INR
ORD132426,05-02-2024,BR111,UK,London,CUST8160,PROD354,Laptop,MacBook Air M2,LG,2,1817.91,0.01,0.18,4247.36,UPI,Online,EMP943,0,0,Standard,6,INR
ORD132427,07-07-2024,BR101,Germany,Munich,CUST4482,PROD551,Accessories,Bluetooth Headphones,OnePlus,5,1453.71,0.13,0.18,7461.89,Net Banking,Online,EMP622,0,0,Express,7,USD
ORD132428,18-09-2024,BR95,UAE,Dubai,CUST6359,PROD467,Accessories,Bluetooth Headphones,Sony,3,1569.34,0.05,0.18,5277.69,Debit Card,Online,EMP396,2,1,Same Day,9,GBP
ORD132429,16-11-2023,BR102,Germany,Berlin,CUST5566,PROD734,Laptop,HP Spectre x360,Sony,4,151.82,0.02,0.18,702.26,Credit Card,In-Store,EMP384,2,0,Standard,4,EUR
ORD132430,28-01-2024,BR27,Germany,Hamburg,CUST1307,PROD100,Laptop,HP Spectre x360,Dell,1,1201.77,0.16,0.18,1191.19,Net Banking,In-Store,EMP708,1,1,Express,4,USD
ORD132431,24-10-2024,BR58,UAE,Abu Dhabi,CUST4150,PROD999,Tablet,Samsung Galaxy Tab,OnePlus,3,1352.42,0.29,0.18,3399.17,Net Banking,In-Store,EMP484,2,1,Express,10,GBP
ORD132432,22-07-2023,BR99,India,Bangalore,CUST6661,PROD289,Laptop,HP Spectre x360,HP,4,61.83,0.03,0.18,283.08,Cash,Online,EMP577,1,1,Express,8,AED
ORD132433,28-07-2023,BR5,UK,London,CUST1703,PROD444,Laptop,HP Spectre x360,Samsung,4,164.59,0.3,0.18,543.81,Credit Card,Online,EMP326,0,0,Standard,1,AED
ORD132434,30-01-2024,BR15,Germany,Berlin,CUST7296,PROD228,Mobile,Samsung Galaxy S23,OnePlus,4,1144.64,0.22,0.18,4214.11,Debit Card,Online,EMP831,1,1,Same Day,2,GBP
ORD132435,14-04-2024,BR11,USA,New York,CUST3904,PROD950,TV,LG OLED 48,Lenovo,3,264.92,0.18,0.18,769.01,Net Banking,In-Store,EMP881,2,1,Same Day,9,INR
ORD132436,23-12-2023,BR83,UAE,Abu Dhabi,CUST2044,PROD311,Tablet,iPad Air,Apple,3,851.74,0.06,0.18,2834.25,Net Banking,Online,EMP200,1,0,Express,9,EUR
ORD132437,07-07-2024,BR22,USA,Dallas,CUST1279,PROD480,TV,Sony Bravia 55,Sony,5,1400.82,0.29,0.18,5868.03,Credit Card,In-Store,EMP515,3,0,Express,10,INR
ORD132438,04-07-2023,BR37,Germany,Hamburg,CUST6360,PROD475,Mobile,OnePlus 11,Samsung,1,790.2,0.15,0.18,792.57,Net Banking,In-Store,EMP465,0,1,Standard,2,INR
ORD132439,10-04-2023,BR92,UAE,Abu Dhabi,CUST2877,PROD919,TV,LG OLED 48,HP,3,394.11,0.1,0.18,1255.63,UPI,Online,EMP290,2,0,Same Day,7,INR
ORD132440,18-06-2023,BR53,Germany,Berlin,CUST1796,PROD553,Mobile,Samsung Galaxy S23,Dell,2,830.27,0.12,0.18,1724.3,Credit Card,In-Store,EMP598,2,1,Same Day,2,GBP
ORD132441,18-12-2023,BR58,UAE,Abu Dhabi,CUST4136,PROD363,Laptop,HP Spectre x360,Apple,1,1700.33,0.13,0.18,1745.56,Debit Card,In-Store,EMP339,1,0,Express,6,EUR
ORD132442,14-07-2024,BR16,UK,London,CUST1623,PROD661,Mobile,Samsung Galaxy S23,HP,2,866.6,0.28,0.18,1472.53,Debit Card,Online,EMP578,3,0,Express,7,GBP
ORD132443,08-06-2024,BR109,UAE,Abu Dhabi,CUST4215,PROD479,Accessories,Keyboard,HP,5,1158.44,0.29,0.18,4852.71,UPI,Online,EMP520,3,1,Same Day,2,USD
ORD132444,02-05-2024,BR86,USA,Dallas,CUST2462,PROD554,TV,Samsung QLED 50,HP,3,978.07,0.29,0.18,2458.28,UPI,Online,EMP657,0,1,Standard,9,GBP
ORD132445,30-11-2024,BR86,UAE,Abu Dhabi,CUST3159,PROD709,Accessories,Bluetooth Headphones,Samsung,5,917.24,0.07,0.18,5032.9,Cash,Online,EMP307,0,0,Express,8,EUR
ORD132446,15-07-2024,BR102,UK,London,CUST7586,PROD471,Accessories,Wireless Mouse,Apple,3,411.85,0.17,0.18,1210.1,Cash,In-Store,EMP529,0,0,Same Day,2,INR
ORD132447,08-01-2023,BR30,USA,Dallas,CUST9794,PROD425,Accessories,Keyboard,Lenovo,5,820.39,0.03,0.18,4695.09,UPI,Online,EMP699,0,0,Standard,1,USD
ORD132448,09-04-2024,BR90,India,Bangalore,CUST3744,PROD733,Tablet,Samsung Galaxy Tab,Dell,5,346.09,0.19,0.18,1653.96,Net Banking,Online,EMP713,1,0,Same Day,10,EUR
ORD132449,18-06-2023,BR119,UK,Manchester,CUST9702,PROD318,Tablet,Lenovo Tab P11,Dell,2,915.63,0.19,0.18,1750.32,Credit Card,In-Store,EMP784,0,1,Same Day,7,INR
ORD132450,21-01-2024,BR114,Germany,Hamburg,CUST9052,PROD251,Accessories,Wireless Mouse,Samsung,5,1648.6,0.16,0.18,8170.46,Debit Card,In-Store,EMP552,1,1,Express,1,USD
ORD132451,16-02-2023,BR62,Germany,Berlin,CUST7833,PROD519,Tablet,Samsung Galaxy Tab,Samsung,2,1584.11,0.06,0.18,3514.19,Credit Card,Online,EMP883,3,0,Express,5,INR
ORD132452,25-10-2024,BR74,UAE,Abu Dhabi,CUST9587,PROD162,Accessories,Bluetooth Headphones,OnePlus,4,56.97,0.03,0.18,260.83,Credit Card,In-Store,EMP234,0,0,Standard,7,INR
ORD132453,21-10-2023,BR4,Germany,Berlin,CUST2965,PROD562,Tablet,iPad Air,Apple,3,1596.57,0.27,0.18,4125.86,Credit Card,In-Store,EMP335,0,0,Same Day,9,EUR
ORD132454,21-09-2023,BR71,India,Delhi,CUST2666,PROD435,Tablet,Lenovo Tab P11,Dell,1,1456.39,0.09,0.18,1563.87,Credit Card,Online,EMP669,1,1,Same Day,6,INR
ORD132455,10-05-2024,BR96,UAE,Dubai,CUST9992,PROD345,Laptop,Dell XPS 13,OnePlus,5,537.29,0.28,0.18,2282.41,UPI,In-Store,EMP998,0,0,Express,3,EUR
ORD132456,06-11-2024,BR79,Germany,Berlin,CUST7073,PROD294,Laptop,Dell XPS 13,Sony,1,1075.13,0.09,0.18,1154.47,Cash,In-Store,EMP227,0,0,Standard,9,INR
ORD132457,09-07-2024,BR49,India,Bangalore,CUST9865,PROD188,TV,LG OLED 48,HP,5,1465.28,0.25,0.18,6483.86,UPI,In-Store,EMP929,0,0,Express,4,EUR
ORD132458,14-04-2023,BR79,Germany,Hamburg,CUST1522,PROD204,Accessories,Wireless Mouse,Dell,1,472.04,0.15,0.18,473.46,Debit Card,Online,EMP686,0,0,Express,3,AED
ORD132459,21-05-2023,BR28,USA,Dallas,CUST4881,PROD431,Laptop,MacBook Air M2,LG,3,483.49,0.26,0.18,1266.55,UPI,In-Store,EMP930,0,0,Same Day,1,GBP
ORD132460,04-10-2024,BR19,UK,London,CUST1491,PROD740,Accessories,Bluetooth Headphones,Lenovo,4,1936.03,0.2,0.18,7310.45,Credit Card,Online,EMP469,2,0,Standard,3,GBP
ORD132461,20-02-2024,BR10,USA,New York,CUST9378,PROD668,Mobile,Samsung Galaxy S23,HP,5,1402.66,0.19,0.18,6703.31,UPI,In-Store,EMP935,2,1,Standard,1,USD
ORD132462,22-08-2023,BR87,USA,New York,CUST5071,PROD403,Accessories,Bluetooth Headphones,Lenovo,5,1856.57,0.13,0.18,9529.77,UPI,Online,EMP252,3,0,Same Day,4,EUR
ORD132463,10-10-2023,BR28,UK,Birmingham,CUST5091,PROD194,Laptop,Dell XPS 13,Lenovo,2,617.34,0.25,0.18,1092.69,Debit Card,In-Store,EMP556,2,0,Express,4,AED
ORD132464,17-04-2024,BR46,UAE,Abu Dhabi,CUST2573,PROD433,Accessories,Wireless Mouse,HP,4,1256.3,0.06,0.18,5573.95,Cash,Online,EMP527,1,0,Express,3,USD
ORD132465,15-05-2024,BR50,UAE,Dubai,CUST5251,PROD137,Laptop,Dell XPS 13,Apple,2,311.77,0.22,0.18,573.91,Debit Card,Online,EMP412,3,0,Express,7,USD
ORD132466,19-01-2024,BR17,USA,Los Angeles,CUST7842,PROD817,TV,LG OLED 48,LG,3,823.16,0.24,0.18,2214.63,Debit Card,Online,EMP641,3,1,Same Day,6,INR
ORD132467,23-12-2023,BR88,UAE,Dubai,CUST8552,PROD354,Tablet,iPad Air,OnePlus,2,425.95,0.13,0.18,874.56,Net Banking,Online,EMP408,1,1,Standard,10,EUR
ORD132468,24-09-2023,BR25,USA,Chicago,CUST1345,PROD393,TV,Sony Bravia 55,Sony,4,492.28,0.13,0.18,2021.5,Net Banking,In-Store,EMP664,0,0,Express,2,GBP
ORD132469,12-07-2023,BR83,USA,New York,CUST7741,PROD925,Accessories,Bluetooth Headphones,Apple,1,1459.13,0,0.18,1721.77,Cash,In-Store,EMP203,3,0,Express,9,AED
ORD132470,22-05-2023,BR116,USA,Los Angeles,CUST5406,PROD998,Accessories,Wireless Mouse,Lenovo,2,1656.51,0.1,0.18,3518.43,Debit Card,Online,EMP510,0,1,Standard,6,EUR
ORD132471,01-06-2023,BR56,USA,Dallas,CUST7605,PROD381,Laptop,HP Spectre x360,Lenovo,2,1094.22,0.01,0.18,2556.54,Cash,In-Store,EMP338,2,1,Standard,6,EUR
ORD132472,18-11-2024,BR40,USA,Los Angeles,CUST5223,PROD786,Tablet,Lenovo Tab P11,Samsung,2,1701.6,0.05,0.18,3814.99,UPI,In-Store,EMP827,3,1,Express,8,GBP
ORD132473,08-06-2023,BR102,UAE,Abu Dhabi,CUST1345,PROD938,Laptop,HP Spectre x360,Sony,4,197.77,0.07,0.18,868.13,Debit Card,In-Store,EMP655,0,1,Express,6,GBP
ORD132474,12-05-2024,BR85,USA,Chicago,CUST2675,PROD814,Laptop,MacBook Air M2,Apple,1,51.28,0.09,0.18,55.06,Cash,Online,EMP907,3,1,Same Day,5,GBP
ORD132475,08-04-2023,BR25,USA,Chicago,CUST3080,PROD335,Accessories,Keyboard,HP,2,925.44,0.11,0.18,1943.79,Cash,Online,EMP647,0,0,Express,4,USD
ORD132476,31-07-2023,BR32,UAE,Dubai,CUST8697,PROD421,TV,Samsung QLED 50,Apple,2,1387.22,0.15,0.18,2782.76,UPI,In-Store,EMP274,2,1,Standard,7,USD
ORD132477,24-08-2023,BR43,Germany,Munich,CUST1046,PROD912,Laptop,MacBook Air M2,Dell,1,1971.23,0.12,0.18,2046.93,Debit Card,Online,EMP587,1,1,Express,7,USD
ORD132478,03-12-2023,BR99,India,Mumbai,CUST5022,PROD302,Mobile,iPhone 14,Dell,1,1212.89,0.02,0.18,1402.59,Credit Card,Online,EMP922,3,0,Express,5,AED
ORD132479,03-03-2023,BR21,UK,London,CUST1341,PROD648,Tablet,Lenovo Tab P11,Sony,3,353.2,0.02,0.18,1225.32,Net Banking,Online,EMP922,2,0,Express,6,USD
ORD132480,27-02-2024,BR41,USA,New York,CUST6992,PROD209,Mobile,OnePlus 11,Lenovo,4,552.22,0.18,0.18,2137.31,Cash,In-Store,EMP791,1,0,Same Day,10,GBP
ORD132481,27-09-2024,BR31,Germany,Munich,CUST7488,PROD442,Tablet,iPad Air,Dell,4,838.08,0.16,0.18,3322.82,Net Banking,Online,EMP883,0,1,Same Day,10,AED
ORD132482,25-03-2023,BR61,UK,Manchester,CUST1870,PROD700,Accessories,Keyboard,Dell,2,566.58,0.2,0.18,1069.7,UPI,Online,EMP421,3,0,Express,2,AED
ORD132483,09-10-2024,BR104,UK,Manchester,CUST3359,PROD366,Laptop,Dell XPS 13,Lenovo,1,854.41,0.07,0.18,937.63,Debit Card,Online,EMP846,0,0,Standard,8,USD
ORD132484,08-12-2024,BR36,USA,Chicago,CUST4580,PROD462,Laptop,Dell XPS 13,Sony,4,309.28,0.17,0.18,1211.64,Cash,In-Store,EMP235,1,1,Same Day,6,EUR
ORD132485,23-06-2024,BR106,Germany,Hamburg,CUST2397,PROD585,Laptop,Dell XPS 13,Samsung,3,272.51,0.13,0.18,839.28,Net Banking,In-Store,EMP415,1,1,Standard,3,INR
ORD132486,29-01-2024,BR58,UAE,Dubai,CUST8336,PROD926,TV,LG OLED 48,LG,1,519.33,0.26,0.18,453.48,Credit Card,Online,EMP881,1,1,Express,7,EUR
ORD132487,11-03-2024,BR4,UAE,Abu Dhabi,CUST7513,PROD242,Accessories,Keyboard,Sony,5,937.74,0.05,0.18,5256.03,Cash,In-Store,EMP643,1,0,Express,5,EUR
ORD132488,21-05-2024,BR107,UK,London,CUST2868,PROD768,TV,Sony Bravia 55,LG,4,1356.09,0.27,0.18,4672.54,Credit Card,Online,EMP250,3,0,Express,8,GBP
ORD132489,21-04-2023,BR1,Germany,Berlin,CUST9018,PROD493,Mobile,iPhone 14,OnePlus,3,1819.17,0.24,0.18,4894.29,Net Banking,In-Store,EMP404,0,0,Standard,10,GBP
ORD132490,27-02-2023,BR116,Germany,Berlin,CUST9252,PROD418,TV,LG OLED 48,Dell,1,868.91,0.1,0.18,922.78,UPI,Online,EMP341,1,0,Standard,8,INR
ORD132491,25-05-2024,BR89,UK,Birmingham,CUST4620,PROD667,Mobile,Samsung Galaxy S23,LG,4,441.66,0.16,0.18,1751.09,UPI,Online,EMP338,0,1,Same Day,3,AED
ORD132492,16-12-2024,BR73,USA,Chicago,CUST3405,PROD793,TV,Sony Bravia 55,HP,3,1693.96,0.05,0.18,5696.79,Net Banking,Online,EMP985,1,0,Same Day,4,USD
ORD132493,25-07-2024,BR58,India,Mumbai,CUST5288,PROD252,TV,LG OLED 48,OnePlus,3,1518.48,0.12,0.18,4730.37,Credit Card,Online,EMP386,3,0,Express,5,GBP
ORD132494,18-10-2023,BR44,India,Delhi,CUST8198,PROD339,TV,LG OLED 48,Sony,2,86.12,0.27,0.18,148.37,Debit Card,In-Store,EMP961,2,1,Standard,6,INR
ORD132495,10-08-2024,BR24,India,Pune,CUST3366,PROD566,TV,Samsung QLED 50,Apple,3,350.63,0.15,0.18,1055.05,Net Banking,In-Store,EMP338,1,0,Express,6,AED
ORD132496,11-08-2024,BR48,Germany,Berlin,CUST9458,PROD578,Accessories,Keyboard,Sony,1,1841.74,0.08,0.18,1999.39,Debit Card,In-Store,EMP349,1,1,Express,8,USD
ORD132497,01-01-2023,BR54,USA,New York,CUST4233,PROD900,Accessories,Keyboard,Dell,3,583.44,0.05,0.18,1962.11,Net Banking,Online,EMP996,0,0,Same Day,2,EUR
ORD132498,17-01-2023,BR70,USA,Los Angeles,CUST3454,PROD870,TV,Samsung QLED 50,Apple,2,1254.97,0.3,0.18,2073.21,Credit Card,Online,EMP463,0,1,Same Day,4,USD
ORD132499,29-06-2024,BR42,UAE,Abu Dhabi,CUST3167,PROD830,Accessories,Bluetooth Headphones,HP,1,1607.88,0.11,0.18,1688.6,UPI,In-Store,EMP508,3,1,Same Day,7,USD
ORD132500,17-11-2023,BR29,Germany,Berlin,CUST1104,PROD433,Accessories,Keyboard,Dell,4,103.36,0.09,0.18,443.95,Cash,In-Store,EMP241,3,1,Standard,7,USD
ORD132501,03-09-2023,BR51,UK,London,CUST5495,PROD809,Mobile,Samsung Galaxy S23,Apple,4,594.28,0.06,0.18,2636.7,Debit Card,In-Store,EMP405,3,0,Same Day,7,EUR
ORD132502,12-08-2024,BR13,India,Mumbai,CUST7170,PROD602,Tablet,Lenovo Tab P11,HP,4,1437.98,0,0.18,6787.27,Debit Card,In-Store,EMP682,1,1,Same Day,7,INR
ORD132503,12-07-2024,BR27,India,Delhi,CUST6915,PROD262,Mobile,iPhone 14,Apple,3,887.63,0.04,0.18,3016.52,Credit Card,In-Store,EMP533,3,0,Standard,10,INR
ORD132504,16-01-2024,BR109,India,Bangalore,CUST7743,PROD658,Mobile,Samsung Galaxy S23,Sony,5,125.7,0.26,0.18,548.81,UPI,In-Store,EMP673,3,1,Express,9,AED
ORD132505,03-10-2023,BR74,India,Bangalore,CUST9718,PROD520,Laptop,Dell XPS 13,LG,1,914.06,0.1,0.18,970.73,Cash,Online,EMP987,2,1,Express,5,USD
ORD132506,29-12-2023,BR74,Germany,Berlin,CUST3362,PROD843,Laptop,Dell XPS 13,OnePlus,4,1185.38,0.02,0.18,5483.09,UPI,In-Store,EMP373,3,1,Same Day,10,AED
ORD132507,04-01-2023,BR37,UK,Birmingham,CUST3213,PROD173,Accessories,Keyboard,HP,2,1676.18,0.08,0.18,3639.32,Cash,In-Store,EMP633,2,1,Standard,7,GBP
ORD132508,09-08-2023,BR65,India,Pune,CUST6953,PROD953,TV,LG OLED 48,OnePlus,1,165.96,0.16,0.18,164.5,Debit Card,Online,EMP833,1,1,Express,7,USD
ORD132509,07-11-2024,BR81,USA,Dallas,CUST4195,PROD808,Tablet,Lenovo Tab P11,HP,1,1357.53,0.19,0.18,1297.53,Credit Card,In-Store,EMP634,1,0,Same Day,10,GBP
ORD132510,05-10-2024,BR24,USA,New York,CUST6867,PROD691,Accessories,Bluetooth Headphones,OnePlus,5,1977.7,0.13,0.18,10151.53,Cash,Online,EMP557,0,0,Same Day,10,INR
ORD132511,06-06-2023,BR89,UAE,Dubai,CUST9308,PROD857,Tablet,Samsung Galaxy Tab,HP,1,486.68,0.24,0.18,436.45,Credit Card,In-Store,EMP520,0,0,Standard,5,INR
ORD132512,02-04-2024,BR27,Germany,Munich,CUST3368,PROD732,Laptop,HP Spectre x360,Samsung,5,1374.67,0.2,0.18,6488.44,Credit Card,In-Store,EMP293,3,0,Standard,8,INR
ORD132513,29-11-2023,BR88,India,Pune,CUST4958,PROD530,Accessories,Bluetooth Headphones,OnePlus,3,67.75,0.25,0.18,179.88,Debit Card,In-Store,EMP874,1,1,Express,9,INR
ORD132514,24-02-2023,BR37,USA,Los Angeles,CUST9592,PROD801,Tablet,Samsung Galaxy Tab,OnePlus,2,1819.17,0.24,0.18,3262.86,Cash,In-Store,EMP464,0,1,Standard,6,INR
ORD132515,01-11-2024,BR102,UK,London,CUST8087,PROD508,Tablet,Samsung Galaxy Tab,Lenovo,5,1662.81,0.25,0.18,7357.93,Credit Card,In-Store,EMP642,2,1,Express,7,GBP
ORD132516,25-10-2023,BR103,India,Pune,CUST4267,PROD276,Accessories,Wireless Mouse,Lenovo,4,753.4,0.23,0.18,2738.16,Net Banking,Online,EMP895,1,1,Express,3,AED
ORD132517,09-12-2024,BR18,UK,Manchester,CUST1809,PROD627,Laptop,MacBook Air M2,Sony,5,843.91,0.12,0.18,4381.58,Cash,In-Store,EMP766,3,0,Standard,2,USD
ORD132518,31-05-2023,BR93,Germany,Berlin,CUST3523,PROD532,TV,Samsung QLED 50,Sony,4,1839.63,0.07,0.18,8075.24,Net Banking,Online,EMP767,2,1,Express,7,EUR
ORD132519,06-11-2024,BR68,India,Mumbai,CUST9545,PROD598,Mobile,OnePlus 11,Samsung,2,540.03,0.3,0.18,892.13,Net Banking,Online,EMP268,1,1,Standard,3,USD
ORD132520,16-06-2023,BR116,Germany,Berlin,CUST6782,PROD685,TV,Samsung QLED 50,Samsung,5,1218.85,0.05,0.18,6831.65,Cash,Online,EMP860,1,0,Standard,7,GBP
ORD132521,25-11-2024,BR1,India,Bangalore,CUST7544,PROD716,Accessories,Bluetooth Headphones,Samsung,1,1973.31,0.19,0.18,1886.09,Debit Card,Online,EMP205,3,1,Express,5,INR
ORD132522,13-07-2024,BR82,India,Pune,CUST4252,PROD442,Accessories,Keyboard,Samsung,4,342.15,0.11,0.18,1437.3,Net Banking,In-Store,EMP595,1,1,Express,3,EUR
ORD132523,29-06-2024,BR58,India,Pune,CUST6759,PROD508,Tablet,Samsung Galaxy Tab,LG,1,1719.41,0.04,0.18,1947.75,Net Banking,Online,EMP788,3,0,Express,9,INR
ORD132524,24-04-2023,BR22,India,Mumbai,CUST1732,PROD296,Laptop,HP Spectre x360,Lenovo,5,1582.27,0.05,0.18,8868.62,Credit Card,In-Store,EMP320,2,0,Express,6,EUR
ORD132525,03-05-2023,BR71,UK,Birmingham,CUST7187,PROD942,Tablet,Lenovo Tab P11,Lenovo,3,1683.06,0.18,0.18,4885.59,UPI,Online,EMP378,3,0,Express,5,EUR
ORD132526,27-09-2023,BR109,UK,London,CUST8040,PROD903,Tablet,Lenovo Tab P11,Apple,5,1068.2,0.08,0.18,5798.19,UPI,Online,EMP968,1,1,Same Day,1,EUR
ORD132527,02-04-2023,BR41,UK,Manchester,CUST8680,PROD915,Mobile,Samsung Galaxy S23,Dell,4,1338.67,0.14,0.18,5433.93,Debit Card,Online,EMP609,2,1,Standard,2,AED
ORD132528,22-03-2023,BR94,UK,Birmingham,CUST4952,PROD553,TV,Sony Bravia 55,OnePlus,3,1076.55,0.14,0.18,3277.45,Credit Card,Online,EMP847,3,1,Express,4,AED
ORD132529,20-03-2024,BR114,UAE,Abu Dhabi,CUST9753,PROD727,Accessories,Bluetooth Headphones,LG,1,106.9,0.25,0.18,94.61,Net Banking,Online,EMP739,3,1,Standard,9,EUR
ORD132530,23-07-2023,BR69,India,Pune,CUST4796,PROD860,Laptop,MacBook Air M2,LG,4,1472.05,0.08,0.18,6392.23,UPI,Online,EMP384,0,1,Standard,1,INR
ORD132531,16-09-2023,BR44,USA,Los Angeles,CUST5664,PROD633,Tablet,iPad Air,Sony,1,1783.48,0.13,0.18,1830.92,Credit Card,Online,EMP491,0,1,Same Day,1,USD
ORD132532,27-08-2023,BR45,UAE,Abu Dhabi,CUST6248,PROD376,Accessories,Bluetooth Headphones,LG,4,1181.14,0.11,0.18,4961.73,UPI,Online,EMP230,2,1,Standard,10,GBP
ORD132533,31-07-2023,BR92,India,Pune,CUST8134,PROD778,TV,Sony Bravia 55,Dell,2,1494.55,0.14,0.18,3033.34,Credit Card,Online,EMP551,2,1,Standard,8,GBP
ORD132534,31-01-2024,BR19,India,Mumbai,CUST6877,PROD903,Mobile,OnePlus 11,Apple,3,954.9,0.14,0.18,2907.1,Credit Card,Online,EMP385,0,0,Standard,1,AED
ORD132535,27-04-2023,BR31,UK,London,CUST7333,PROD406,Laptop,MacBook Air M2,Sony,5,971.02,0.02,0.18,5614.44,Net Banking,In-Store,EMP420,3,1,Standard,9,INR
ORD132536,05-10-2024,BR23,UAE,Dubai,CUST4067,PROD228,TV,LG OLED 48,Dell,3,632.02,0.18,0.18,1834.63,UPI,In-Store,EMP629,0,0,Standard,8,AED
ORD132537,27-06-2023,BR1,UAE,Dubai,CUST9354,PROD149,Tablet,iPad Air,Lenovo,3,1350.12,0.29,0.18,3393.39,Credit Card,Online,EMP414,0,1,Express,7,EUR
ORD132538,13-01-2023,BR115,Germany,Berlin,CUST6579,PROD730,TV,Samsung QLED 50,HP,3,1548.98,0.14,0.18,4715.71,UPI,Online,EMP767,1,1,Same Day,8,AED
ORD132539,02-03-2023,BR80,USA,Chicago,CUST7244,PROD654,Accessories,Bluetooth Headphones,Sony,3,1468.56,0.26,0.18,3847.04,Debit Card,Online,EMP809,1,1,Same Day,4,EUR
ORD132540,02-06-2023,BR99,Germany,Hamburg,CUST7594,PROD418,Mobile,iPhone 14,HP,2,1023.81,0.13,0.18,2102.09,Net Banking,Online,EMP719,1,0,Same Day,7,USD
ORD132541,16-02-2023,BR72,USA,New York,CUST8335,PROD912,Accessories,Keyboard,HP,1,1750.88,0.26,0.18,1528.87,Net Banking,Online,EMP780,1,0,Same Day,7,AED
ORD132542,18-04-2024,BR6,UAE,Dubai,CUST7971,PROD141,Laptop,Dell XPS 13,HP,5,1649.21,0.19,0.18,7881.57,Cash,In-Store,EMP987,3,0,Standard,9,EUR
ORD132543,29-11-2023,BR114,UK,London,CUST6890,PROD254,Tablet,Lenovo Tab P11,Samsung,4,1737.13,0.03,0.18,7953.28,Cash,In-Store,EMP319,1,1,Standard,2,USD
ORD132544,03-12-2023,BR56,USA,Dallas,CUST8922,PROD555,Mobile,iPhone 14,Apple,3,1465.85,0.3,0.18,3632.38,UPI,In-Store,EMP869,2,1,Standard,2,GBP
ORD132545,24-11-2024,BR102,UK,London,CUST8169,PROD901,TV,Samsung QLED 50,Samsung,5,1506.43,0.23,0.18,6843.71,Net Banking,Online,EMP771,3,1,Express,3,USD
ORD132546,12-01-2023,BR53,Germany,Hamburg,CUST2571,PROD417,Tablet,Lenovo Tab P11,Dell,2,1013.89,0.06,0.18,2249.21,Debit Card,Online,EMP354,0,0,Express,4,INR
ORD132547,30-05-2024,BR103,Germany,Munich,CUST4538,PROD893,TV,LG OLED 48,Sony,4,1191.46,0.19,0.18,4555.19,Debit Card,In-Store,EMP699,1,0,Same Day,10,EUR
ORD132548,24-02-2024,BR69,UK,London,CUST7376,PROD777,Accessories,Wireless Mouse,LG,1,541.18,0.08,0.18,587.51,Net Banking,In-Store,EMP619,2,1,Same Day,10,USD
ORD132549,11-01-2023,BR41,India,Mumbai,CUST9199,PROD995,Tablet,Samsung Galaxy Tab,Lenovo,1,1407.87,0.05,0.18,1578.22,Net Banking,In-Store,EMP671,3,0,Same Day,6,USD
ORD132550,06-12-2023,BR50,India,Delhi,CUST6219,PROD828,Mobile,Samsung Galaxy S23,LG,3,1734.22,0.12,0.18,5402.44,Debit Card,Online,EMP921,3,0,Standard,9,USD
ORD132551,10-07-2023,BR88,UK,Manchester,CUST5956,PROD394,Tablet,Lenovo Tab P11,LG,1,688.51,0.23,0.18,625.58,UPI,In-Store,EMP470,3,1,Same Day,4,USD
ORD132552,12-03-2024,BR99,USA,Chicago,CUST2225,PROD865,TV,Sony Bravia 55,Samsung,2,652.14,0,0.18,1539.05,Credit Card,Online,EMP435,2,1,Standard,4,EUR
ORD132553,07-11-2023,BR40,India,Mumbai,CUST8455,PROD137,Laptop,HP Spectre x360,Sony,2,1600.57,0.13,0.18,3286.29,Net Banking,In-Store,EMP488,1,1,Same Day,4,AED
ORD132554,03-09-2023,BR46,India,Delhi,CUST6142,PROD635,TV,Samsung QLED 50,Dell,4,1510.61,0.24,0.18,5418.86,UPI,Online,EMP990,2,1,Same Day,1,USD
ORD132555,02-12-2024,BR64,India,Bangalore,CUST9462,PROD191,Mobile,OnePlus 11,Lenovo,3,111.64,0.14,0.18,339.88,UPI,In-Store,EMP887,0,1,Standard,6,EUR
ORD132556,08-02-2024,BR48,UAE,Abu Dhabi,CUST6793,PROD348,Laptop,HP Spectre x360,LG,3,1169.01,0.04,0.18,3972.76,UPI,In-Store,EMP290,0,0,Standard,7,GBP
ORD132557,19-01-2024,BR43,USA,Chicago,CUST4737,PROD704,Accessories,Keyboard,HP,1,1382.12,0.19,0.18,1321.03,Credit Card,In-Store,EMP733,3,1,Express,9,EUR
ORD132558,05-03-2024,BR57,USA,Dallas,CUST2137,PROD355,TV,LG OLED 48,Lenovo,4,903.66,0.02,0.18,4179.97,Debit Card,In-Store,EMP340,2,0,Same Day,10,EUR
ORD132559,13-08-2024,BR38,Germany,Munich,CUST8574,PROD847,Tablet,iPad Air,Samsung,4,459.64,0.24,0.18,1648.82,Cash,In-Store,EMP445,3,1,Same Day,5,USD
ORD132560,17-11-2024,BR51,UAE,Abu Dhabi,CUST1658,PROD359,TV,Samsung QLED 50,HP,2,562.76,0.16,0.18,1115.62,Cash,Online,EMP629,0,0,Same Day,6,GBP
ORD132561,04-09-2024,BR114,India,Bangalore,CUST8605,PROD947,Mobile,iPhone 14,LG,5,945.15,0.17,0.18,4628.4,Debit Card,Online,EMP979,1,0,Same Day,1,USD
ORD132562,10-09-2023,BR80,UAE,Dubai,CUST7377,PROD302,Accessories,Bluetooth Headphones,Sony,5,1591.92,0.07,0.18,8734.87,Cash,Online,EMP788,2,1,Express,6,EUR
ORD132563,09-02-2023,BR52,UK,Birmingham,CUST1203,PROD550,TV,LG OLED 48,HP,1,1737.19,0.19,0.18,1660.41,Net Banking,Online,EMP773,0,0,Express,10,GBP
ORD132564,24-08-2023,BR49,Germany,Munich,CUST2162,PROD626,Accessories,Bluetooth Headphones,LG,1,580.67,0.26,0.18,507.04,UPI,Online,EMP529,0,0,Standard,2,INR
ORD132565,03-06-2023,BR82,UAE,Dubai,CUST4782,PROD912,Mobile,iPhone 14,Dell,1,1184.85,0.26,0.18,1034.61,Cash,In-Store,EMP475,3,0,Same Day,6,GBP
ORD132566,17-09-2024,BR24,USA,Los Angeles,CUST4889,PROD905,Mobile,iPhone 14,OnePlus,1,1504.07,0.08,0.18,1632.82,Cash,In-Store,EMP764,3,0,Standard,9,USD
ORD132567,28-03-2024,BR111,UK,Birmingham,CUST7858,PROD937,TV,LG OLED 48,Dell,2,1824.86,0.03,0.18,4177.47,Debit Card,In-Store,EMP870,0,1,Standard,5,AED
ORD132568,11-07-2024,BR54,India,Mumbai,CUST7538,PROD785,Laptop,MacBook Air M2,Samsung,2,239.7,0.04,0.18,543.06,Debit Card,Online,EMP448,0,0,Same Day,9,USD
ORD132569,07-06-2023,BR43,Germany,Hamburg,CUST1186,PROD494,Laptop,Dell XPS 13,Apple,4,1819.81,0.17,0.18,7129.29,Net Banking,Online,EMP684,0,1,Standard,6,AED
ORD132570,18-01-2023,BR49,UAE,Dubai,CUST5481,PROD201,Laptop,Dell XPS 13,Sony,2,466.03,0.19,0.18,890.86,Net Banking,Online,EMP390,3,1,Express,8,GBP
ORD132571,11-06-2023,BR47,India,Mumbai,CUST3343,PROD361,Mobile,Samsung Galaxy S23,Apple,2,1570.25,0.04,0.18,3557.56,Debit Card,Online,EMP572,0,0,Same Day,9,INR
ORD132572,27-10-2023,BR37,USA,New York,CUST7841,PROD800,Laptop,HP Spectre x360,Dell,3,666.31,0.21,0.18,1863.4,Credit Card,Online,EMP742,2,1,Standard,10,EUR
ORD132573,04-07-2024,BR71,UK,Birmingham,CUST5390,PROD214,Accessories,Bluetooth Headphones,OnePlus,5,1882.62,0.15,0.18,9441.34,Credit Card,In-Store,EMP793,3,1,Express,6,GBP
ORD132574,04-08-2024,BR57,India,Pune,CUST9661,PROD467,Tablet,Lenovo Tab P11,Sony,2,969.94,0.17,0.18,1899.92,Debit Card,Online,EMP320,1,1,Standard,9,GBP
ORD132575,29-06-2024,BR15,USA,New York,CUST6395,PROD418,Mobile,iPhone 14,OnePlus,5,1308.11,0.29,0.18,5479.67,Debit Card,In-Store,EMP606,0,0,Express,6,INR
ORD132576,15-12-2023,BR33,USA,Chicago,CUST4257,PROD731,Laptop,HP Spectre x360,HP,3,1325.77,0.27,0.18,3426.05,Cash,In-Store,EMP974,2,1,Same Day,5,EUR
ORD132577,15-02-2024,BR119,India,Delhi,CUST1841,PROD617,TV,Sony Bravia 55,Sony,1,1149.45,0.23,0.18,1044.39,Cash,In-Store,EMP817,1,0,Standard,7,GBP
ORD132578,13-02-2024,BR114,UK,London,CUST7190,PROD107,TV,LG OLED 48,Sony,4,845.19,0.09,0.18,3630.26,Credit Card,In-Store,EMP808,1,1,Express,8,USD
ORD132579,29-01-2024,BR5,USA,Chicago,CUST3776,PROD912,Tablet,Samsung Galaxy Tab,LG,2,1782.75,0.09,0.18,3828.63,Cash,Online,EMP595,2,0,Standard,4,EUR
ORD132580,04-02-2024,BR36,USA,Los Angeles,CUST7671,PROD478,TV,Samsung QLED 50,Sony,5,990.29,0.22,0.18,4557.31,Cash,In-Store,EMP598,0,1,Standard,4,USD
ORD132581,22-01-2023,BR41,Germany,Hamburg,CUST4884,PROD682,Laptop,MacBook Air M2,Samsung,2,994.26,0.08,0.18,2158.74,Debit Card,In-Store,EMP651,0,1,Express,4,USD
ORD132582,31-01-2024,BR79,USA,New York,CUST2712,PROD240,TV,Sony Bravia 55,Apple,5,898.81,0.01,0.18,5249.95,Credit Card,In-Store,EMP279,0,1,Express,1,GBP
ORD132583,17-11-2023,BR35,USA,Los Angeles,CUST6198,PROD581,TV,Sony Bravia 55,HP,4,314.83,0.02,0.18,1456.28,Credit Card,Online,EMP269,0,1,Same Day,1,INR
ORD132584,01-12-2024,BR74,USA,Los Angeles,CUST1749,PROD252,Accessories,Wireless Mouse,OnePlus,3,1031.85,0.13,0.18,3177.89,UPI,Online,EMP270,2,1,Same Day,9,INR
ORD132585,24-12-2023,BR106,UAE,Abu Dhabi,CUST1862,PROD944,Accessories,Bluetooth Headphones,Sony,2,1316.58,0.11,0.18,2765.34,Credit Card,In-Store,EMP343,1,1,Standard,7,AED
ORD132586,16-05-2024,BR56,UAE,Abu Dhabi,CUST7759,PROD552,Laptop,HP Spectre x360,OnePlus,3,1064.93,0.21,0.18,2978.18,UPI,Online,EMP767,2,0,Same Day,2,GBP
ORD132587,12-06-2024,BR45,India,Delhi,CUST2969,PROD795,Laptop,Dell XPS 13,OnePlus,4,402.64,0.11,0.18,1691.41,UPI,In-Store,EMP812,1,0,Same Day,3,INR
ORD132588,20-01-2024,BR96,India,Delhi,CUST7766,PROD155,TV,Sony Bravia 55,Dell,1,1476.94,0.14,0.18,1498.8,Cash,Online,EMP293,1,1,Standard,6,USD
ORD132589,15-06-2024,BR31,USA,Dallas,CUST3578,PROD942,Laptop,MacBook Air M2,Apple,5,1699.52,0.13,0.18,8723.64,Net Banking,In-Store,EMP900,1,1,Express,2,GBP
ORD132590,06-06-2024,BR26,USA,New York,CUST4840,PROD747,Laptop,MacBook Air M2,HP,1,218.61,0.05,0.18,245.06,Credit Card,In-Store,EMP627,1,1,Standard,9,EUR
ORD132591,07-08-2023,BR9,India,Pune,CUST4933,PROD316,Accessories,Wireless Mouse,Samsung,4,368.42,0.06,0.18,1634.61,Cash,In-Store,EMP521,1,1,Same Day,7,AED
ORD132592,15-07-2023,BR44,USA,Los Angeles,CUST4074,PROD216,Mobile,Samsung Galaxy S23,Dell,2,1949.22,0.28,0.18,3312.11,Credit Card,Online,EMP986,2,0,Express,9,EUR
ORD132593,29-12-2023,BR51,UK,Manchester,CUST8024,PROD211,TV,Samsung QLED 50,Dell,2,257.52,0.15,0.18,516.59,Credit Card,In-Store,EMP508,0,1,Same Day,3,AED
ORD132594,23-08-2023,BR31,UK,London,CUST4646,PROD329,TV,Sony Bravia 55,Sony,5,473.14,0.12,0.18,2456.54,Net Banking,In-Store,EMP713,0,1,Standard,10,AED
ORD132595,30-05-2023,BR62,Germany,Hamburg,CUST2811,PROD155,TV,Sony Bravia 55,OnePlus,3,691.52,0.27,0.18,1787.03,UPI,Online,EMP218,1,1,Same Day,8,USD
ORD132596,03-03-2023,BR111,UK,London,CUST4193,PROD814,TV,Sony Bravia 55,Apple,5,1353.49,0.1,0.18,7187.03,Cash,In-Store,EMP963,0,0,Same Day,10,USD
ORD132597,17-07-2024,BR61,UAE,Dubai,CUST1091,PROD620,Accessories,Keyboard,Sony,4,1410.15,0.11,0.18,5923.76,Credit Card,Online,EMP359,1,0,Same Day,4,INR
ORD132598,24-08-2024,BR89,UK,Birmingham,CUST1309,PROD280,Tablet,iPad Air,HP,3,1843.48,0.25,0.18,4894.44,UPI,Online,EMP769,0,1,Same Day,8,INR
ORD132599,15-08-2023,BR108,India,Delhi,CUST4363,PROD631,Mobile,Samsung Galaxy S23,Sony,3,537.7,0.1,0.18,1713.11,Cash,Online,EMP953,3,1,Same Day,7,INR
ORD132600,27-02-2023,BR16,Germany,Hamburg,CUST5177,PROD505,TV,Samsung QLED 50,Lenovo,1,962.02,0.17,0.18,942.2,UPI,Online,EMP770,2,1,Express,3,INR
ORD132601,14-04-2024,BR9,UK,Birmingham,CUST5242,PROD894,Tablet,Samsung Galaxy Tab,LG,2,1141.8,0.15,0.18,2290.45,Credit Card,In-Store,EMP272,3,1,Standard,1,GBP
ORD132602,23-12-2023,BR106,India,Delhi,CUST5227,PROD729,Laptop,MacBook Air M2,Apple,3,719.15,0.26,0.18,1883.89,Net Banking,In-Store,EMP728,3,0,Same Day,10,USD
ORD132603,08-03-2024,BR99,UAE,Abu Dhabi,CUST9346,PROD507,Laptop,MacBook Air M2,Samsung,3,1953.94,0,0.18,6916.95,UPI,In-Store,EMP685,2,0,Standard,6,GBP
ORD132604,14-08-2024,BR78,UAE,Abu Dhabi,CUST5642,PROD496,Laptop,Dell XPS 13,Samsung,3,103.97,0.26,0.18,272.36,Credit Card,In-Store,EMP635,0,0,Standard,3,GBP
ORD132605,11-09-2023,BR53,Germany,Munich,CUST3729,PROD594,Accessories,Wireless Mouse,OnePlus,3,718.09,0.07,0.18,2364.1,Credit Card,Online,EMP849,3,1,Same Day,8,GBP
ORD132606,12-11-2024,BR32,India,Mumbai,CUST5906,PROD376,Accessories,Bluetooth Headphones,Sony,1,1600.15,0.06,0.18,1774.89,Net Banking,Online,EMP938,0,1,Same Day,4,AED
ORD132607,04-10-2023,BR84,USA,Los Angeles,CUST3116,PROD158,TV,LG OLED 48,Apple,5,93.63,0.11,0.18,491.65,Cash,In-Store,EMP411,1,1,Express,7,USD
ORD132608,03-03-2023,BR118,UK,Manchester,CUST9508,PROD118,TV,Sony Bravia 55,Dell,1,1062.37,0.13,0.18,1090.63,UPI,Online,EMP842,3,1,Express,7,USD
ORD132609,01-07-2024,BR15,India,Delhi,CUST7022,PROD182,Laptop,MacBook Air M2,Dell,2,301.2,0.21,0.18,561.56,Net Banking,Online,EMP421,3,1,Same Day,3,INR
ORD132610,28-11-2023,BR92,UK,Birmingham,CUST9278,PROD399,TV,LG OLED 48,Lenovo,2,1920.02,0.29,0.18,3217.19,Cash,Online,EMP618,0,0,Same Day,5,USD
ORD132611,19-10-2023,BR77,Germany,Munich,CUST8458,PROD502,TV,Sony Bravia 55,Dell,1,609.41,0.12,0.18,632.81,UPI,Online,EMP839,1,0,Standard,3,EUR
ORD132612,28-02-2023,BR70,Germany,Berlin,CUST9687,PROD967,Tablet,iPad Air,OnePlus,2,1689.45,0.26,0.18,2950.46,Net Banking,Online,EMP832,1,1,Same Day,7,EUR
ORD132613,13-12-2023,BR61,USA,New York,CUST4723,PROD600,Laptop,Dell XPS 13,HP,5,720.53,0.11,0.18,3783.5,Credit Card,In-Store,EMP268,3,0,Standard,1,USD
ORD132614,08-07-2023,BR41,Germany,Hamburg,CUST7235,PROD774,Accessories,Wireless Mouse,LG,2,230.89,0.19,0.18,441.37,Cash,Online,EMP981,2,1,Express,7,INR
ORD132615,24-03-2024,BR74,India,Mumbai,CUST2469,PROD356,Tablet,Lenovo Tab P11,HP,1,1777.92,0.25,0.18,1573.46,Credit Card,In-Store,EMP256,2,1,Standard,2,AED
ORD132616,09-08-2023,BR73,UAE,Abu Dhabi,CUST7858,PROD268,Laptop,MacBook Air M2,Lenovo,2,1672.45,0.26,0.18,2920.77,UPI,Online,EMP415,2,0,Same Day,2,GBP
ORD132617,08-05-2024,BR102,UK,London,CUST5514,PROD255,Accessories,Keyboard,Dell,4,1312.53,0.09,0.18,5637.58,UPI,Online,EMP659,0,1,Same Day,5,INR
ORD132618,17-08-2024,BR83,Germany,Hamburg,CUST7397,PROD620,Mobile,iPhone 14,Apple,3,310.38,0.21,0.18,868.01,UPI,In-Store,EMP395,0,1,Same Day,10,USD
ORD132619,04-10-2023,BR15,UAE,Abu Dhabi,CUST3835,PROD850,TV,LG OLED 48,HP,3,336.71,0.17,0.18,989.32,Net Banking,Online,EMP916,3,0,Standard,10,INR
ORD132620,08-07-2024,BR85,UAE,Dubai,CUST2777,PROD589,Laptop,MacBook Air M2,Apple,2,1560.97,0.22,0.18,2873.43,UPI,In-Store,EMP420,3,1,Standard,8,EUR
ORD132621,31-10-2023,BR70,USA,Chicago,CUST7539,PROD368,Tablet,Lenovo Tab P11,Samsung,1,930.61,0.21,0.18,867.51,Cash,In-Store,EMP686,0,1,Standard,8,AED
ORD132622,08-11-2023,BR88,India,Mumbai,CUST9842,PROD936,Laptop,MacBook Air M2,LG,4,77.95,0.1,0.18,331.13,UPI,In-Store,EMP305,2,0,Express,4,INR
ORD132623,12-11-2023,BR83,India,Pune,CUST9763,PROD567,Mobile,Samsung Galaxy S23,Sony,1,1695.11,0.21,0.18,1580.18,Net Banking,Online,EMP531,1,1,Standard,8,INR
ORD132624,21-03-2023,BR21,UAE,Abu Dhabi,CUST6454,PROD389,Mobile,iPhone 14,HP,5,91.72,0.04,0.18,519.5,Debit Card,In-Store,EMP340,3,0,Express,6,GBP
ORD132625,09-11-2023,BR45,India,Bangalore,CUST5449,PROD194,TV,LG OLED 48,Dell,5,1611.72,0.21,0.18,7512.23,UPI,Online,EMP475,1,1,Same Day,4,INR
ORD132626,22-05-2024,BR82,India,Delhi,CUST3736,PROD252,Laptop,MacBook Air M2,HP,4,889.77,0.12,0.18,3695.75,Credit Card,In-Store,EMP819,0,0,Standard,4,USD
ORD132627,23-02-2023,BR95,UK,Birmingham,CUST7837,PROD314,Tablet,iPad Air,Apple,4,893.21,0.13,0.18,3667.88,Credit Card,Online,EMP582,2,0,Same Day,7,INR
ORD132628,08-06-2023,BR32,UK,London,CUST2229,PROD416,Accessories,Bluetooth Headphones,Sony,3,549.61,0.08,0.18,1789.97,UPI,Online,EMP636,3,0,Same Day,1,AED
ORD132629,08-03-2023,BR80,India,Pune,CUST2838,PROD364,TV,Sony Bravia 55,OnePlus,2,1268.24,0.16,0.18,2514.16,Cash,Online,EMP861,2,1,Standard,5,USD
ORD132630,19-09-2023,BR24,Germany,Munich,CUST5313,PROD690,TV,Samsung QLED 50,Sony,3,590.78,0.03,0.18,2028.62,Net Banking,In-Store,EMP982,2,0,Same Day,3,USD
ORD132631,30-10-2024,BR111,Germany,Hamburg,CUST1747,PROD334,Mobile,iPhone 14,Dell,2,1314.65,0.11,0.18,2761.29,UPI,In-Store,EMP550,0,0,Same Day,10,GBP
ORD132632,17-07-2023,BR45,UAE,Abu Dhabi,CUST4627,PROD171,Mobile,iPhone 14,LG,1,921.12,0.13,0.18,945.62,Credit Card,Online,EMP258,3,1,Standard,1,EUR
ORD132633,24-10-2024,BR79,India,Mumbai,CUST5182,PROD237,Accessories,Wireless Mouse,LG,4,258.33,0.02,0.18,1194.93,Debit Card,Online,EMP254,3,1,Express,8,GBP
ORD132634,29-02-2024,BR63,USA,Dallas,CUST1509,PROD697,Laptop,HP Spectre x360,Apple,1,1716.22,0.18,0.18,1660.61,Credit Card,Online,EMP884,3,0,Standard,3,GBP
ORD132635,25-08-2023,BR99,UAE,Abu Dhabi,CUST2571,PROD539,Laptop,HP Spectre x360,LG,5,1239.36,0.21,0.18,5776.66,Net Banking,In-Store,EMP879,1,1,Express,10,EUR
ORD132636,23-01-2023,BR40,UAE,Abu Dhabi,CUST2136,PROD719,Laptop,MacBook Air M2,LG,3,1127.56,0.15,0.18,3392.83,Credit Card,In-Store,EMP581,0,0,Same Day,8,USD
ORD132637,14-07-2024,BR117,UAE,Dubai,CUST4960,PROD101,Laptop,HP Spectre x360,Lenovo,3,324.25,0.09,0.18,1044.54,UPI,Online,EMP420,2,1,Express,4,USD
ORD132638,24-06-2023,BR110,UAE,Dubai,CUST5906,PROD545,TV,Samsung QLED 50,Apple,3,645.44,0.17,0.18,1896.43,Cash,Online,EMP676,2,1,Standard,10,INR
ORD132639,06-03-2024,BR116,USA,Los Angeles,CUST8696,PROD586,Laptop,HP Spectre x360,Samsung,5,368.9,0.24,0.18,1654.15,Debit Card,In-Store,EMP440,0,0,Standard,5,AED
ORD132640,15-08-2023,BR9,UK,Birmingham,CUST5479,PROD416,Tablet,Lenovo Tab P11,HP,3,1574.77,0.29,0.18,3958.03,Credit Card,In-Store,EMP919,3,0,Express,1,AED
ORD132641,28-06-2024,BR111,USA,New York,CUST9318,PROD760,Laptop,MacBook Air M2,OnePlus,2,543.82,0.06,0.18,1206.41,Net Banking,Online,EMP618,1,1,Same Day,3,INR
ORD132642,05-10-2024,BR100,UAE,Abu Dhabi,CUST9725,PROD656,TV,Samsung QLED 50,OnePlus,5,1222.61,0.02,0.18,7069.13,Credit Card,In-Store,EMP823,0,1,Express,2,USD
ORD132643,03-02-2023,BR17,Germany,Munich,CUST8492,PROD250,TV,Sony Bravia 55,Sony,2,1555.61,0.21,0.18,2900.28,UPI,In-Store,EMP714,2,1,Express,8,USD
ORD132644,21-05-2023,BR7,USA,New York,CUST6577,PROD512,Mobile,OnePlus 11,Sony,5,1867.42,0.15,0.18,9365.11,Net Banking,Online,EMP589,2,0,Same Day,7,INR
ORD132645,11-06-2023,BR92,India,Pune,CUST8511,PROD812,Accessories,Wireless Mouse,Sony,5,1221.43,0.18,0.18,5909.28,Net Banking,In-Store,EMP803,0,0,Standard,2,AED
ORD132646,03-02-2024,BR7,UAE,Abu Dhabi,CUST8387,PROD562,Accessories,Wireless Mouse,Apple,3,724.79,0.19,0.18,2078.26,UPI,Online,EMP321,1,0,Same Day,8,USD
ORD132647,10-09-2023,BR61,India,Pune,CUST1442,PROD505,Mobile,Samsung Galaxy S23,Apple,2,1527.43,0.2,0.18,2883.79,UPI,In-Store,EMP774,2,1,Express,6,EUR
ORD132648,28-10-2023,BR28,USA,Los Angeles,CUST9007,PROD199,Tablet,iPad Air,LG,5,1084.23,0.24,0.18,4861.69,Net Banking,In-Store,EMP634,1,0,Express,6,EUR
ORD132649,23-04-2023,BR55,UK,Manchester,CUST5020,PROD560,Tablet,Lenovo Tab P11,Lenovo,1,1737.25,0.06,0.18,1926.96,Debit Card,Online,EMP938,2,0,Same Day,4,USD
ORD132650,11-02-2024,BR78,UK,Birmingham,CUST6974,PROD450,TV,Samsung QLED 50,Samsung,5,1598.62,0.1,0.18,8488.67,Net Banking,Online,EMP550,2,1,Same Day,3,EUR
ORD132651,10-07-2024,BR37,India,Bangalore,CUST7659,PROD855,TV,LG OLED 48,Apple,5,667.61,0.14,0.18,3387.45,UPI,In-Store,EMP401,2,1,Express,4,USD
ORD132652,07-07-2024,BR95,India,Bangalore,CUST4667,PROD482,TV,Sony Bravia 55,Sony,2,1225.42,0.29,0.18,2053.31,Cash,In-Store,EMP764,3,0,Express,2,AED
ORD132653,20-08-2023,BR46,India,Pune,CUST7804,PROD854,Mobile,Samsung Galaxy S23,Sony,1,1781.3,0.05,0.18,1996.84,Cash,Online,EMP499,1,1,Standard,8,USD
ORD132654,07-01-2023,BR41,Germany,Munich,CUST3865,PROD306,TV,Sony Bravia 55,Dell,2,676.73,0.12,0.18,1405.43,Net Banking,Online,EMP578,1,1,Standard,3,AED
ORD132655,25-05-2024,BR16,Germany,Munich,CUST2816,PROD909,Accessories,Wireless Mouse,Apple,3,759.28,0.07,0.18,2499.7,Net Banking,In-Store,EMP532,2,1,Express,9,AED
ORD132656,13-07-2023,BR47,Germany,Hamburg,CUST4532,PROD555,Tablet,Lenovo Tab P11,Sony,5,1728.34,0.13,0.18,8871.57,Credit Card,Online,EMP918,0,0,Express,10,AED
ORD132657,06-06-2023,BR86,UAE,Dubai,CUST1518,PROD719,TV,LG OLED 48,Dell,2,440.55,0.24,0.18,790.17,Net Banking,Online,EMP533,2,0,Same Day,9,GBP
ORD132658,29-06-2023,BR7,USA,New York,CUST9241,PROD341,Laptop,MacBook Air M2,HP,3,1064.72,0.25,0.18,2826.83,UPI,In-Store,EMP814,0,1,Standard,9,AED
ORD132659,30-04-2024,BR35,India,Mumbai,CUST8847,PROD124,Mobile,OnePlus 11,Lenovo,2,400.19,0.19,0.18,765,Cash,Online,EMP675,2,1,Standard,1,EUR
ORD132660,27-12-2024,BR17,UAE,Dubai,CUST6082,PROD879,Laptop,Dell XPS 13,Sony,5,1822.83,0.07,0.18,10001.87,UPI,Online,EMP965,1,0,Standard,10,INR
ORD132661,24-09-2024,BR100,USA,Los Angeles,CUST2189,PROD609,Accessories,Bluetooth Headphones,Sony,4,936.35,0,0.18,4419.57,UPI,Online,EMP764,0,0,Express,8,EUR
ORD132662,03-02-2024,BR107,UAE,Dubai,CUST7355,PROD168,Accessories,Wireless Mouse,HP,1,246.28,0.04,0.18,278.99,Credit Card,In-Store,EMP402,3,1,Express,6,USD
ORD132663,18-05-2024,BR6,UK,London,CUST4401,PROD853,Mobile,Samsung Galaxy S23,HP,3,1304.6,0.23,0.18,3556.08,Credit Card,In-Store,EMP603,2,0,Same Day,1,AED
ORD132664,17-07-2024,BR20,UK,Manchester,CUST4121,PROD624,Mobile,iPhone 14,HP,3,1845.17,0.02,0.18,6401.26,Credit Card,In-Store,EMP602,3,1,Standard,8,EUR
ORD132665,13-02-2024,BR117,UK,Manchester,CUST8180,PROD504,TV,Samsung QLED 50,Sony,4,1887.58,0,0.18,8909.38,Debit Card,In-Store,EMP894,0,1,Same Day,1,INR
ORD132666,26-07-2024,BR66,UK,London,CUST8010,PROD482,TV,Sony Bravia 55,Apple,2,1598.11,0.02,0.18,3696.11,Debit Card,Online,EMP428,0,0,Express,4,GBP
ORD132667,15-02-2023,BR75,Germany,Munich,CUST6979,PROD494,TV,Samsung QLED 50,HP,1,1818.52,0.14,0.18,1845.43,Debit Card,In-Store,EMP467,0,1,Same Day,2,AED
ORD132668,19-07-2023,BR96,UAE,Dubai,CUST4892,PROD806,TV,LG OLED 48,HP,5,768.8,0.17,0.18,3764.81,Net Banking,In-Store,EMP571,0,1,Standard,2,GBP
ORD132669,12-08-2023,BR9,UAE,Dubai,CUST2461,PROD924,TV,Sony Bravia 55,Lenovo,4,1723.47,0.12,0.18,7158.6,UPI,Online,EMP288,2,1,Same Day,7,INR
ORD132670,11-02-2023,BR67,India,Pune,CUST1465,PROD575,Mobile,OnePlus 11,Dell,3,172.55,0.18,0.18,500.88,UPI,Online,EMP313,1,1,Express,9,USD
ORD132671,30-06-2023,BR104,Germany,Berlin,CUST8761,PROD454,Tablet,iPad Air,Samsung,3,1662.75,0.19,0.18,4767.77,UPI,In-Store,EMP226,2,1,Express,1,AED
ORD132672,17-06-2024,BR77,USA,Chicago,CUST2099,PROD472,TV,Sony Bravia 55,Sony,1,648.75,0.06,0.18,719.59,Debit Card,Online,EMP852,3,1,Standard,1,GBP
ORD132673,03-09-2023,BR20,USA,Dallas,CUST3493,PROD742,Mobile,Samsung Galaxy S23,Lenovo,3,1224.79,0.04,0.18,4162.33,UPI,In-Store,EMP609,0,1,Standard,8,AED
ORD132674,22-01-2024,BR63,India,Delhi,CUST9607,PROD654,Accessories,Wireless Mouse,LG,1,914.94,0.08,0.18,993.26,Credit Card,Online,EMP478,1,1,Standard,7,AED
ORD132675,28-02-2024,BR7,UK,London,CUST5493,PROD381,Mobile,Samsung Galaxy S23,LG,1,1509.49,0.03,0.18,1727.76,UPI,Online,EMP878,1,0,Same Day,8,INR
ORD132676,20-11-2023,BR91,USA,Los Angeles,CUST7773,PROD521,Accessories,Wireless Mouse,Dell,1,679.85,0.21,0.18,633.76,Debit Card,In-Store,EMP274,2,1,Standard,8,INR
ORD132677,04-05-2023,BR89,India,Delhi,CUST4275,PROD185,Tablet,iPad Air,LG,4,311.88,0.1,0.18,1324.87,Cash,Online,EMP443,1,0,Standard,7,EUR
ORD132678,01-07-2024,BR5,UK,Manchester,CUST5740,PROD879,Laptop,Dell XPS 13,Samsung,5,639.04,0.3,0.18,2639.24,UPI,Online,EMP903,1,0,Standard,10,AED
ORD132679,26-03-2023,BR71,USA,New York,CUST3541,PROD937,Laptop,HP Spectre x360,Samsung,1,154.97,0,0.18,182.86,Net Banking,In-Store,EMP662,0,1,Same Day,1,EUR
ORD132680,18-01-2023,BR6,India,Mumbai,CUST1958,PROD905,Accessories,Bluetooth Headphones,Dell,1,252.69,0.06,0.18,280.28,UPI,Online,EMP909,3,1,Express,9,AED
ORD132681,02-12-2023,BR29,USA,Chicago,CUST8440,PROD572,Tablet,iPad Air,Lenovo,5,1954.41,0.05,0.18,10954.47,Credit Card,In-Store,EMP988,0,0,Same Day,8,USD
ORD132682,16-03-2024,BR105,UAE,Abu Dhabi,CUST1243,PROD470,TV,Sony Bravia 55,OnePlus,4,1758.84,0.09,0.18,7554.57,Debit Card,Online,EMP903,1,1,Express,10,GBP
ORD132683,24-09-2023,BR101,USA,Chicago,CUST6090,PROD599,Accessories,Bluetooth Headphones,Samsung,4,553.76,0.2,0.18,2091,Cash,In-Store,EMP871,1,0,Same Day,1,USD
ORD132684,02-07-2024,BR119,UAE,Abu Dhabi,CUST4532,PROD802,Mobile,Samsung Galaxy S23,Apple,1,88.73,0.28,0.18,75.39,Net Banking,In-Store,EMP577,0,0,Express,1,USD
ORD132685,18-05-2023,BR7,USA,Los Angeles,CUST6106,PROD859,TV,Sony Bravia 55,Lenovo,2,1232.91,0.1,0.18,2618.7,UPI,Online,EMP501,0,0,Standard,5,EUR
ORD132686,17-03-2023,BR63,UK,London,CUST4595,PROD607,Accessories,Bluetooth Headphones,OnePlus,3,1660,0.08,0.18,5406.29,Net Banking,In-Store,EMP385,1,1,Express,1,INR
ORD132687,21-06-2024,BR37,India,Pune,CUST9111,PROD173,Tablet,Samsung Galaxy Tab,Samsung,3,717.28,0.18,0.18,2082.12,UPI,In-Store,EMP528,3,0,Standard,6,AED
ORD132688,19-11-2024,BR75,UAE,Dubai,CUST5576,PROD814,Tablet,iPad Air,Dell,1,1006.12,0.11,0.18,1056.63,Credit Card,Online,EMP766,2,1,Express,5,INR
ORD132689,04-09-2024,BR111,USA,Los Angeles,CUST7126,PROD610,Laptop,MacBook Air M2,Sony,1,1783.13,0.05,0.18,1998.89,Cash,In-Store,EMP831,0,0,Same Day,10,EUR
ORD132690,21-05-2023,BR50,UK,Manchester,CUST3687,PROD842,TV,LG OLED 48,Apple,5,969.62,0.26,0.18,4233.36,Cash,In-Store,EMP948,3,0,Express,5,USD
ORD132691,24-02-2023,BR102,India,Bangalore,CUST7753,PROD456,TV,LG OLED 48,OnePlus,1,1787.78,0.26,0.18,1561.09,Credit Card,In-Store,EMP586,0,0,Same Day,3,USD
ORD132692,22-06-2024,BR99,India,Delhi,CUST8222,PROD355,Mobile,OnePlus 11,HP,3,614.61,0.12,0.18,1914.63,Cash,Online,EMP352,1,1,Same Day,8,INR
ORD132693,19-12-2023,BR27,UAE,Abu Dhabi,CUST3790,PROD453,Tablet,iPad Air,HP,4,224.52,0.14,0.18,911.37,Net Banking,In-Store,EMP287,1,1,Same Day,3,USD
ORD132694,26-07-2023,BR10,UAE,Abu Dhabi,CUST4297,PROD981,Accessories,Wireless Mouse,Apple,3,1363.51,0.12,0.18,4247.61,Cash,Online,EMP481,2,1,Express,9,AED
ORD132695,10-05-2023,BR77,Germany,Munich,CUST2894,PROD838,TV,Sony Bravia 55,Samsung,2,1035.42,0.16,0.18,2052.62,Net Banking,In-Store,EMP999,3,0,Same Day,6,AED
ORD132696,20-02-2024,BR43,UAE,Dubai,CUST4130,PROD937,Laptop,Dell XPS 13,Lenovo,1,1183.74,0.05,0.18,1326.97,Credit Card,Online,EMP921,3,0,Standard,6,USD
ORD132697,27-06-2024,BR1,UAE,Abu Dhabi,CUST9062,PROD371,Mobile,iPhone 14,Dell,4,1506.23,0,0.18,7109.41,Debit Card,In-Store,EMP706,2,0,Express,7,AED
ORD132698,20-10-2024,BR57,Germany,Munich,CUST7488,PROD505,Accessories,Bluetooth Headphones,Lenovo,3,364.6,0.27,0.18,942.2,UPI,In-Store,EMP352,3,1,Same Day,10,INR
ORD132699,15-09-2024,BR9,UAE,Abu Dhabi,CUST6509,PROD278,Mobile,OnePlus 11,Samsung,4,142.52,0.14,0.18,578.52,Debit Card,In-Store,EMP422,1,1,Express,2,INR
ORD132700,10-01-2024,BR15,India,Bangalore,CUST2093,PROD679,Accessories,Keyboard,OnePlus,4,1795.08,0.06,0.18,7964.41,Net Banking,Online,EMP922,2,0,Express,7,AED
ORD132701,09-10-2023,BR110,India,Mumbai,CUST6436,PROD431,Tablet,iPad Air,HP,3,1250.11,0.14,0.18,3805.83,Net Banking,In-Store,EMP229,0,0,Standard,2,EUR
ORD132702,20-06-2023,BR83,UAE,Dubai,CUST1432,PROD735,Laptop,Dell XPS 13,OnePlus,5,1080.69,0.28,0.18,4590.77,Credit Card,In-Store,EMP405,1,1,Standard,5,INR
ORD132703,31-05-2024,BR62,Germany,Hamburg,CUST2607,PROD196,Tablet,iPad Air,HP,1,712.61,0.14,0.18,723.16,UPI,Online,EMP848,2,1,Express,7,INR
ORD132704,26-08-2023,BR63,USA,Chicago,CUST2383,PROD842,Accessories,Bluetooth Headphones,Apple,1,64.96,0.19,0.18,62.09,Debit Card,In-Store,EMP802,1,1,Same Day,5,INR
ORD132705,15-08-2024,BR16,Germany,Hamburg,CUST7805,PROD682,Tablet,Lenovo Tab P11,Dell,5,1726.74,0.18,0.18,8353.97,Debit Card,Online,EMP764,3,1,Express,10,AED
ORD132706,02-09-2024,BR63,India,Mumbai,CUST2711,PROD295,Tablet,iPad Air,HP,4,1581.6,0.25,0.18,5598.86,Net Banking,Online,EMP548,0,1,Express,6,INR
ORD132707,14-07-2024,BR2,UK,London,CUST2603,PROD580,Tablet,iPad Air,Samsung,2,98.35,0.15,0.18,197.29,Cash,Online,EMP673,0,0,Express,1,USD
ORD132708,25-04-2023,BR65,UAE,Abu Dhabi,CUST2701,PROD236,Mobile,Samsung Galaxy S23,Sony,2,795.28,0.13,0.18,1632.87,UPI,In-Store,EMP261,1,1,Same Day,6,INR
ORD132709,26-02-2024,BR119,Germany,Hamburg,CUST2450,PROD595,Mobile,Samsung Galaxy S23,Lenovo,1,1389.23,0.3,0.18,1147.5,Debit Card,Online,EMP696,2,1,Express,4,AED
ORD132710,30-05-2024,BR102,UAE,Abu Dhabi,CUST1628,PROD137,Laptop,MacBook Air M2,LG,3,1337.99,0.15,0.18,4026.01,Credit Card,In-Store,EMP755,1,1,Standard,10,INR
ORD132711,06-03-2023,BR5,USA,New York,CUST2384,PROD493,Tablet,iPad Air,Lenovo,5,118.73,0.13,0.18,609.44,Debit Card,In-Store,EMP592,1,0,Same Day,5,AED
ORD132712,08-11-2024,BR73,UAE,Dubai,CUST7827,PROD654,Accessories,Keyboard,Lenovo,3,1487.13,0.11,0.18,4685.35,Debit Card,Online,EMP264,0,1,Same Day,9,USD
ORD132713,26-02-2023,BR35,UK,London,CUST8528,PROD191,Mobile,OnePlus 11,Apple,5,181.35,0.15,0.18,909.47,Net Banking,Online,EMP656,1,1,Standard,8,AED
ORD132714,30-06-2023,BR61,UAE,Abu Dhabi,CUST3757,PROD606,Accessories,Wireless Mouse,Sony,4,1099.63,0.26,0.18,3840.79,UPI,Online,EMP645,3,1,Express,9,USD
ORD132715,13-06-2024,BR54,Germany,Berlin,CUST1696,PROD687,Laptop,Dell XPS 13,LG,3,1844.61,0.25,0.18,4897.44,UPI,Online,EMP499,2,0,Express,4,AED
ORD132716,29-12-2024,BR112,Germany,Munich,CUST1250,PROD871,Tablet,iPad Air,HP,2,552.05,0.15,0.18,1107.41,Net Banking,In-Store,EMP304,3,1,Same Day,2,GBP
ORD132717,23-07-2023,BR34,USA,Chicago,CUST3895,PROD644,Mobile,Samsung Galaxy S23,Apple,5,1197.67,0.05,0.18,6712.94,Cash,Online,EMP294,2,0,Standard,9,INR
ORD132718,07-12-2023,BR86,UK,London,CUST4515,PROD618,Mobile,Samsung Galaxy S23,OnePlus,1,788.55,0.15,0.18,790.92,Cash,In-Store,EMP699,2,1,Same Day,9,GBP
ORD132719,20-01-2023,BR109,UAE,Dubai,CUST6022,PROD731,Tablet,Samsung Galaxy Tab,Lenovo,5,781.16,0.2,0.18,3687.08,Net Banking,In-Store,EMP923,2,1,Standard,3,GBP
ORD132720,07-02-2024,BR18,Germany,Hamburg,CUST7189,PROD858,Accessories,Wireless Mouse,Apple,5,1944.77,0.03,0.18,11129.92,Credit Card,Online,EMP225,1,1,Standard,5,USD
ORD132721,04-03-2023,BR67,USA,Dallas,CUST1765,PROD592,TV,Samsung QLED 50,Samsung,1,484.33,0.14,0.18,491.5,Cash,In-Store,EMP479,0,0,Express,10,AED
ORD132722,11-05-2023,BR117,India,Pune,CUST4157,PROD526,Accessories,Keyboard,Dell,5,881.26,0.02,0.18,5095.45,UPI,Online,EMP677,3,1,Express,3,INR
ORD132723,31-10-2023,BR30,India,Delhi,CUST6231,PROD534,TV,Samsung QLED 50,HP,3,497.85,0.12,0.18,1550.9,UPI,Online,EMP963,3,1,Standard,4,USD
ORD132724,08-12-2024,BR92,UAE,Dubai,CUST4833,PROD102,Mobile,Samsung Galaxy S23,Lenovo,2,184.7,0.3,0.18,305.12,Net Banking,In-Store,EMP821,2,0,Express,1,GBP
ORD132725,02-01-2023,BR36,USA,Dallas,CUST9974,PROD825,Mobile,Samsung Galaxy S23,Dell,1,234.57,0.1,0.18,249.11,Net Banking,In-Store,EMP728,2,1,Express,1,GBP
ORD132726,08-03-2024,BR77,UAE,Abu Dhabi,CUST5410,PROD640,Mobile,iPhone 14,Lenovo,4,1434.19,0.03,0.18,6566.3,UPI,Online,EMP695,2,1,Standard,2,EUR
ORD132727,15-02-2024,BR120,Germany,Berlin,CUST9481,PROD709,Accessories,Wireless Mouse,Samsung,5,1238.53,0.23,0.18,5626.64,Credit Card,In-Store,EMP911,0,1,Same Day,6,GBP
ORD132728,12-11-2024,BR51,UK,Birmingham,CUST3924,PROD204,Accessories,Bluetooth Headphones,Lenovo,4,342.16,0.03,0.18,1566.55,Debit Card,In-Store,EMP973,3,1,Express,5,INR
ORD132729,01-01-2023,BR100,USA,Los Angeles,CUST1975,PROD730,Laptop,MacBook Air M2,Sony,2,361.56,0.11,0.18,759.42,Net Banking,In-Store,EMP293,0,0,Same Day,10,USD
ORD132730,20-07-2023,BR5,Germany,Berlin,CUST8405,PROD326,Accessories,Keyboard,Sony,2,1204.43,0.03,0.18,2757.18,UPI,Online,EMP929,1,0,Standard,5,GBP
ORD132731,01-06-2023,BR97,UK,Birmingham,CUST1315,PROD855,Accessories,Keyboard,HP,1,1903.12,0.03,0.18,2178.31,Net Banking,In-Store,EMP428,2,1,Same Day,6,USD
ORD132732,25-04-2023,BR50,India,Delhi,CUST3748,PROD612,Accessories,Wireless Mouse,Lenovo,2,1651.06,0.01,0.18,3857.54,UPI,In-Store,EMP228,0,0,Same Day,7,GBP
ORD132733,19-06-2024,BR104,USA,New York,CUST8150,PROD670,Accessories,Wireless Mouse,LG,2,795.58,0.27,0.18,1370.63,Debit Card,Online,EMP667,1,0,Express,2,USD
ORD132734,30-07-2024,BR34,India,Mumbai,CUST4334,PROD833,Tablet,Lenovo Tab P11,LG,5,604.79,0.02,0.18,3496.9,Debit Card,Online,EMP845,0,1,Standard,6,INR
ORD132735,21-12-2023,BR55,Germany,Berlin,CUST2813,PROD836,Accessories,Bluetooth Headphones,LG,3,76.17,0.24,0.18,204.93,Credit Card,In-Store,EMP557,3,0,Same Day,5,EUR
ORD132736,24-12-2024,BR11,UAE,Dubai,CUST3889,PROD208,Laptop,Dell XPS 13,Apple,3,145.39,0.21,0.18,406.6,Net Banking,Online,EMP405,3,1,Express,7,EUR
ORD132737,24-12-2024,BR101,UAE,Abu Dhabi,CUST1409,PROD792,Tablet,Lenovo Tab P11,LG,3,1098.64,0.09,0.18,3539.16,Cash,In-Store,EMP259,0,1,Same Day,2,EUR
ORD132738,23-05-2023,BR112,India,Bangalore,CUST8402,PROD123,TV,Samsung QLED 50,Samsung,5,1193.21,0.16,0.18,5913.55,Net Banking,In-Store,EMP516,2,0,Express,10,AED
ORD132739,20-09-2024,BR43,UAE,Abu Dhabi,CUST1030,PROD599,Laptop,Dell XPS 13,Apple,2,351.89,0.18,0.18,680.98,Net Banking,In-Store,EMP307,2,1,Express,5,AED
ORD132740,08-11-2024,BR18,India,Pune,CUST3304,PROD833,Tablet,Lenovo Tab P11,OnePlus,3,92.92,0.12,0.18,289.46,Net Banking,In-Store,EMP937,1,0,Same Day,2,EUR
ORD132741,18-06-2024,BR38,India,Bangalore,CUST7203,PROD565,Tablet,Lenovo Tab P11,Dell,4,781.02,0,0.18,3686.41,Credit Card,Online,EMP315,1,0,Same Day,1,INR
ORD132742,22-08-2023,BR29,Germany,Hamburg,CUST7417,PROD550,Laptop,HP Spectre x360,Lenovo,3,1677.23,0.25,0.18,4453.05,Cash,In-Store,EMP629,2,1,Standard,2,USD
ORD132743,14-08-2024,BR93,UAE,Abu Dhabi,CUST7109,PROD918,Laptop,HP Spectre x360,OnePlus,5,1663.84,0.15,0.18,8344.16,Net Banking,In-Store,EMP555,0,1,Standard,4,EUR
ORD132744,19-04-2024,BR72,UAE,Dubai,CUST5526,PROD142,Mobile,iPhone 14,HP,5,1984.97,0.17,0.18,9720.4,Credit Card,In-Store,EMP566,0,0,Standard,5,GBP
ORD132745,19-09-2023,BR32,India,Bangalore,CUST6080,PROD883,Accessories,Wireless Mouse,Sony,5,1270.86,0.16,0.18,6298.38,Debit Card,Online,EMP395,1,0,Same Day,1,GBP
ORD132746,08-07-2024,BR84,India,Delhi,CUST7885,PROD959,Mobile,iPhone 14,Dell,3,778.86,0.11,0.18,2453.88,Cash,In-Store,EMP796,1,0,Same Day,9,USD
ORD132747,31-08-2023,BR69,UK,Manchester,CUST2821,PROD221,Tablet,Samsung Galaxy Tab,Samsung,2,139.11,0.25,0.18,246.22,Credit Card,In-Store,EMP745,2,1,Standard,6,AED
ORD132748,22-03-2024,BR51,UK,Manchester,CUST7742,PROD590,TV,Sony Bravia 55,OnePlus,1,1192.12,0.06,0.18,1322.3,Cash,In-Store,EMP374,3,1,Same Day,8,GBP
ORD132749,29-12-2023,BR56,India,Bangalore,CUST8880,PROD262,Laptop,MacBook Air M2,OnePlus,5,796.87,0.21,0.18,3714.21,Debit Card,In-Store,EMP539,0,0,Standard,8,INR
ORD132750,06-09-2024,BR92,USA,Chicago,CUST6702,PROD306,TV,Sony Bravia 55,Apple,4,1698.47,0.17,0.18,6653.93,Debit Card,Online,EMP915,1,1,Same Day,4,INR
ORD132751,14-11-2023,BR67,USA,Los Angeles,CUST6031,PROD223,Laptop,MacBook Air M2,Sony,4,137.38,0.2,0.18,518.75,UPI,Online,EMP851,1,1,Standard,9,INR
ORD132752,17-07-2023,BR34,UAE,Dubai,CUST8585,PROD345,Tablet,Samsung Galaxy Tab,Apple,3,1641.88,0.18,0.18,4766.05,Credit Card,Online,EMP264,1,1,Express,2,AED
ORD132753,27-10-2023,BR55,India,Mumbai,CUST5071,PROD833,Accessories,Bluetooth Headphones,Samsung,1,691.74,0.29,0.18,579.54,Cash,Online,EMP859,2,1,Same Day,1,EUR
ORD132754,19-10-2024,BR112,UK,London,CUST5881,PROD219,Laptop,MacBook Air M2,OnePlus,5,1611.37,0.26,0.18,7035.24,Net Banking,Online,EMP278,3,1,Standard,9,USD
ORD132755,07-07-2024,BR17,UK,Birmingham,CUST7653,PROD752,Mobile,Samsung Galaxy S23,Dell,1,997.16,0.22,0.18,917.79,UPI,In-Store,EMP566,1,0,Standard,2,USD
ORD132756,15-02-2024,BR81,UK,Manchester,CUST1615,PROD311,Accessories,Bluetooth Headphones,Apple,5,692.4,0.14,0.18,3513.24,Net Banking,In-Store,EMP315,2,1,Same Day,1,USD
ORD132757,04-12-2024,BR46,UK,Manchester,CUST1361,PROD626,Accessories,Keyboard,Lenovo,4,718.93,0.28,0.18,2443.21,Cash,Online,EMP737,1,1,Express,9,GBP
ORD132758,23-10-2023,BR25,Germany,Berlin,CUST5704,PROD671,Mobile,Samsung Galaxy S23,OnePlus,3,1077.81,0.18,0.18,3128.67,Credit Card,Online,EMP346,0,0,Express,3,AED
ORD132759,19-08-2023,BR72,UAE,Dubai,CUST8774,PROD183,Accessories,Bluetooth Headphones,Dell,2,471.25,0.18,0.18,911.96,Credit Card,In-Store,EMP990,1,0,Standard,1,USD
ORD132760,13-05-2024,BR29,UK,Birmingham,CUST4467,PROD963,TV,Samsung QLED 50,OnePlus,1,1212.24,0.22,0.18,1115.75,UPI,In-Store,EMP749,2,1,Standard,7,AED
ORD132761,10-08-2023,BR70,UK,Birmingham,CUST2985,PROD831,TV,Sony Bravia 55,Apple,3,1951.59,0.23,0.18,5319.64,Net Banking,Online,EMP753,2,0,Same Day,2,INR
ORD132762,09-05-2024,BR43,UK,Manchester,CUST9296,PROD411,Accessories,Wireless Mouse,Sony,5,169.93,0.01,0.18,992.56,Cash,In-Store,EMP882,3,0,Express,6,INR
ORD132763,23-04-2023,BR64,India,Mumbai,CUST8722,PROD245,Accessories,Bluetooth Headphones,Lenovo,2,1789.89,0.19,0.18,3421.55,UPI,Online,EMP604,1,1,Same Day,1,EUR
ORD132764,05-10-2024,BR13,Germany,Berlin,CUST1284,PROD136,Accessories,Bluetooth Headphones,Apple,3,497.13,0.25,0.18,1319.88,Cash,Online,EMP864,3,0,Standard,2,USD
ORD132765,16-09-2024,BR96,UK,London,CUST3236,PROD525,Mobile,OnePlus 11,LG,1,1711.05,0.22,0.18,1574.85,Debit Card,Online,EMP934,3,0,Standard,10,USD
ORD132766,06-05-2024,BR84,UK,Manchester,CUST5414,PROD914,TV,Sony Bravia 55,Samsung,2,187.52,0.02,0.18,433.7,Credit Card,In-Store,EMP266,2,0,Standard,1,USD
ORD132767,17-12-2024,BR75,UAE,Dubai,CUST6234,PROD373,TV,Samsung QLED 50,Samsung,5,690.04,0.14,0.18,3501.26,Cash,In-Store,EMP761,2,1,Express,6,GBP
ORD132768,30-11-2023,BR53,UAE,Dubai,CUST8222,PROD472,Laptop,Dell XPS 13,Lenovo,3,1726.91,0.16,0.18,5135.14,Credit Card,Online,EMP491,3,0,Standard,4,EUR
ORD132769,24-10-2023,BR94,USA,Los Angeles,CUST5061,PROD891,Accessories,Keyboard,OnePlus,4,1571.07,0,0.18,7415.45,Debit Card,Online,EMP582,3,0,Express,4,INR
ORD132770,14-06-2023,BR81,Germany,Munich,CUST8659,PROD581,Mobile,Samsung Galaxy S23,Samsung,4,1170.85,0.14,0.18,4752.71,Cash,In-Store,EMP671,3,0,Same Day,9,AED
ORD132771,23-04-2023,BR30,UK,Manchester,CUST7853,PROD207,Tablet,Samsung Galaxy Tab,Dell,4,1779.87,0.21,0.18,6636.78,UPI,Online,EMP713,3,1,Same Day,6,INR
ORD132772,02-12-2024,BR102,India,Mumbai,CUST2964,PROD823,Tablet,Lenovo Tab P11,Samsung,1,228.09,0,0.18,269.15,UPI,In-Store,EMP967,2,0,Same Day,9,INR
ORD132773,31-01-2023,BR69,UK,London,CUST6446,PROD872,Mobile,iPhone 14,Samsung,3,778.95,0.08,0.18,2536.88,Credit Card,Online,EMP970,0,1,Express,9,INR
ORD132774,01-07-2024,BR56,India,Mumbai,CUST9838,PROD580,TV,Samsung QLED 50,HP,2,207.52,0,0.18,489.75,Debit Card,Online,EMP399,3,0,Standard,7,USD
ORD132775,15-09-2024,BR102,UAE,Abu Dhabi,CUST2198,PROD541,Laptop,Dell XPS 13,Samsung,2,1454.57,0.02,0.18,3364.13,Net Banking,Online,EMP624,1,1,Same Day,3,AED
ORD132776,10-01-2024,BR27,UAE,Dubai,CUST5964,PROD498,Laptop,HP Spectre x360,OnePlus,1,256.28,0.03,0.18,293.34,Credit Card,Online,EMP378,0,0,Standard,7,GBP
ORD132777,23-10-2024,BR12,USA,Los Angeles,CUST2070,PROD749,Laptop,MacBook Air M2,Lenovo,4,735.81,0.25,0.18,2604.77,Cash,Online,EMP533,1,0,Standard,6,USD
ORD132778,27-09-2023,BR19,UAE,Abu Dhabi,CUST2747,PROD627,Mobile,iPhone 14,Lenovo,5,1599.27,0.16,0.18,7925.98,Cash,In-Store,EMP445,1,1,Same Day,8,INR
ORD132779,13-08-2024,BR8,India,Delhi,CUST4761,PROD682,TV,Samsung QLED 50,Samsung,5,874.89,0.15,0.18,4387.57,Debit Card,Online,EMP331,3,1,Standard,9,USD
ORD132780,11-06-2023,BR24,USA,Chicago,CUST7420,PROD943,Laptop,Dell XPS 13,Samsung,2,1363.6,0.25,0.18,2413.57,Net Banking,In-Store,EMP610,2,1,Same Day,7,AED
ORD132781,27-09-2023,BR84,India,Pune,CUST6245,PROD550,TV,LG OLED 48,Dell,5,990.62,0.25,0.18,4383.49,Debit Card,In-Store,EMP480,2,1,Express,7,INR
ORD132782,23-02-2023,BR69,Germany,Munich,CUST7949,PROD204,Laptop,MacBook Air M2,Samsung,2,110.65,0.17,0.18,216.74,Credit Card,Online,EMP277,1,0,Standard,4,AED
ORD132783,05-11-2024,BR81,UK,London,CUST2405,PROD670,Tablet,iPad Air,Lenovo,1,1532.84,0.04,0.18,1736.4,Cash,In-Store,EMP665,3,0,Express,7,AED
ORD132784,10-01-2023,BR107,India,Pune,CUST6023,PROD583,TV,Samsung QLED 50,Lenovo,3,152.55,0.16,0.18,453.62,Credit Card,Online,EMP968,0,1,Same Day,9,INR
ORD132785,11-05-2024,BR105,Germany,Munich,CUST9228,PROD667,Accessories,Keyboard,Dell,5,1613.13,0.17,0.18,7899.5,Net Banking,Online,EMP446,1,1,Same Day,8,INR
ORD132786,21-05-2023,BR107,UAE,Dubai,CUST1196,PROD356,Laptop,MacBook Air M2,Sony,4,755.68,0.17,0.18,2960.45,Cash,Online,EMP485,0,0,Express,9,AED
ORD132787,24-01-2023,BR119,India,Mumbai,CUST5348,PROD806,TV,Samsung QLED 50,Samsung,3,416.89,0.04,0.18,1416.76,Debit Card,Online,EMP406,1,1,Same Day,3,INR
ORD132788,09-05-2024,BR48,USA,Chicago,CUST7428,PROD369,Tablet,Lenovo Tab P11,Dell,2,1821.87,0.03,0.18,4170.62,Debit Card,Online,EMP815,3,1,Standard,2,EUR
ORD132789,22-10-2023,BR48,Germany,Berlin,CUST3169,PROD328,TV,Samsung QLED 50,HP,1,74.09,0.3,0.18,61.2,Debit Card,Online,EMP294,3,1,Express,5,GBP
ORD132790,02-12-2023,BR16,UAE,Abu Dhabi,CUST1337,PROD678,Tablet,iPad Air,Apple,3,87.6,0.03,0.18,300.8,Net Banking,In-Store,EMP808,1,1,Standard,7,AED
ORD132791,01-10-2023,BR61,USA,Los Angeles,CUST9351,PROD387,Mobile,Samsung Galaxy S23,OnePlus,4,1104.93,0.19,0.18,4224.37,UPI,In-Store,EMP601,0,1,Same Day,1,GBP
ORD132792,12-12-2023,BR34,Germany,Berlin,CUST8013,PROD743,Laptop,Dell XPS 13,Dell,5,1956.73,0.16,0.18,9697.55,UPI,In-Store,EMP292,2,0,Express,6,INR
ORD132793,18-03-2023,BR94,Germany,Munich,CUST7805,PROD844,Accessories,Bluetooth Headphones,HP,2,548.02,0,0.18,1293.33,Debit Card,In-Store,EMP250,0,0,Same Day,1,EUR
ORD132794,02-03-2024,BR79,UK,Birmingham,CUST8480,PROD535,Accessories,Wireless Mouse,Samsung,4,1406.71,0.03,0.18,6440.48,Cash,Online,EMP490,0,0,Standard,8,EUR
ORD132795,09-11-2023,BR52,UK,Manchester,CUST6092,PROD819,Accessories,Keyboard,LG,3,571.02,0.19,0.18,1637.34,Debit Card,In-Store,EMP256,2,0,Standard,3,AED
ORD132796,02-11-2024,BR13,India,Bangalore,CUST8255,PROD104,Accessories,Wireless Mouse,LG,2,559.57,0.11,0.18,1175.32,Cash,In-Store,EMP670,3,0,Express,5,GBP
ORD132797,13-02-2024,BR42,UAE,Dubai,CUST4390,PROD124,Laptop,HP Spectre x360,Apple,2,126.18,0.12,0.18,262.05,UPI,Online,EMP440,1,1,Standard,8,INR
ORD132798,28-09-2024,BR18,Germany,Munich,CUST1495,PROD153,TV,Sony Bravia 55,HP,1,671.02,0.22,0.18,617.61,Cash,Online,EMP383,2,0,Standard,10,INR
ORD132799,18-08-2023,BR67,UAE,Abu Dhabi,CUST5204,PROD802,Tablet,iPad Air,LG,3,1813.79,0.04,0.18,6163.98,Net Banking,In-Store,EMP574,1,1,Standard,2,AED
ORD132800,24-01-2024,BR113,India,Delhi,CUST1575,PROD899,Accessories,Bluetooth Headphones,Sony,2,1395.15,0.3,0.18,2304.79,Net Banking,In-Store,EMP552,2,0,Express,8,USD
ORD132801,30-06-2023,BR80,India,Pune,CUST4113,PROD626,Mobile,iPhone 14,Dell,2,944.13,0.08,0.18,2049.9,Debit Card,In-Store,EMP389,3,0,Same Day,7,INR
ORD132802,16-06-2024,BR72,India,Pune,CUST5880,PROD814,Mobile,OnePlus 11,Dell,1,175.37,0.04,0.18,198.66,Net Banking,In-Store,EMP599,2,1,Same Day,4,EUR
ORD132803,30-01-2024,BR56,India,Delhi,CUST2354,PROD146,TV,LG OLED 48,Samsung,1,150.7,0.08,0.18,163.6,Net Banking,In-Store,EMP420,0,1,Standard,1,USD
ORD132804,11-03-2023,BR34,UK,London,CUST4088,PROD727,TV,Sony Bravia 55,Sony,1,1395.19,0.18,0.18,1349.99,UPI,In-Store,EMP241,0,0,Express,5,GBP
ORD132805,16-02-2024,BR77,UK,Birmingham,CUST5245,PROD112,Mobile,iPhone 14,Sony,2,1123.06,0.14,0.18,2279.36,Debit Card,In-Store,EMP978,3,1,Express,1,GBP
ORD132806,03-04-2024,BR76,UK,London,CUST1698,PROD778,Laptop,Dell XPS 13,Sony,4,1134.96,0.26,0.18,3964.19,Credit Card,Online,EMP949,1,0,Standard,6,INR
ORD132807,15-03-2023,BR103,Germany,Munich,CUST8520,PROD483,Accessories,Keyboard,Sony,4,1928.03,0.26,0.18,6734.22,UPI,In-Store,EMP631,2,0,Express,8,INR
ORD132808,12-10-2023,BR45,UK,London,CUST9166,PROD641,Laptop,HP Spectre x360,OnePlus,3,1184.26,0.01,0.18,4150.36,Net Banking,Online,EMP506,2,1,Express,8,EUR
ORD132809,30-01-2023,BR15,UK,London,CUST3835,PROD216,Accessories,Wireless Mouse,LG,1,613.48,0,0.18,723.91,Debit Card,Online,EMP242,2,0,Same Day,9,USD
ORD132810,22-05-2024,BR69,USA,Dallas,CUST6421,PROD105,TV,LG OLED 48,Apple,1,1255.71,0.3,0.18,1037.22,Net Banking,In-Store,EMP419,0,0,Same Day,4,GBP
ORD132811,25-07-2024,BR116,UAE,Abu Dhabi,CUST9087,PROD172,TV,LG OLED 48,Dell,5,1749.34,0.27,0.18,7534.41,Credit Card,In-Store,EMP313,0,0,Express,8,USD
ORD132812,11-03-2024,BR52,Germany,Hamburg,CUST4125,PROD288,Laptop,Dell XPS 13,Dell,3,941.37,0.06,0.18,3132.5,Credit Card,In-Store,EMP500,3,1,Standard,1,GBP
ORD132813,21-11-2023,BR83,UAE,Dubai,CUST6234,PROD501,Tablet,Lenovo Tab P11,Sony,1,1345.15,0.22,0.18,1238.08,Debit Card,Online,EMP549,0,1,Express,5,GBP
ORD132814,25-09-2024,BR27,Germany,Berlin,CUST9137,PROD441,Tablet,Lenovo Tab P11,LG,2,536.28,0.02,0.18,1240.31,Credit Card,In-Store,EMP227,2,0,Standard,1,AED
ORD132815,07-05-2024,BR66,UK,London,CUST4760,PROD381,Accessories,Bluetooth Headphones,Lenovo,2,1698.32,0.05,0.18,3807.63,UPI,Online,EMP856,0,0,Express,3,AED
ORD132816,10-08-2024,BR66,UAE,Dubai,CUST4722,PROD219,Tablet,Lenovo Tab P11,Apple,4,1177.8,0.23,0.18,4280.6,UPI,In-Store,EMP285,3,0,Same Day,6,AED
ORD132817,18-12-2024,BR29,India,Pune,CUST1056,PROD618,Mobile,iPhone 14,Dell,3,1471.42,0.02,0.18,5104.65,Net Banking,In-Store,EMP375,3,1,Same Day,5,INR
ORD132818,03-07-2024,BR13,Germany,Berlin,CUST6824,PROD152,Accessories,Bluetooth Headphones,Apple,5,133.84,0.16,0.18,663.31,UPI,In-Store,EMP358,0,1,Express,1,EUR
ORD132819,28-01-2023,BR43,USA,Dallas,CUST8878,PROD399,Tablet,Lenovo Tab P11,Apple,3,977.06,0.21,0.18,2732.45,UPI,Online,EMP275,2,1,Standard,9,USD
ORD132820,23-07-2024,BR35,USA,Dallas,CUST7150,PROD271,Tablet,Lenovo Tab P11,Dell,4,1791.8,0.25,0.18,6342.97,Net Banking,In-Store,EMP611,1,1,Express,9,GBP
ORD132821,10-01-2024,BR55,UK,Birmingham,CUST3310,PROD470,TV,Samsung QLED 50,Dell,4,436.79,0.26,0.18,1525.62,Net Banking,In-Store,EMP915,2,0,Express,3,EUR
ORD132822,18-07-2023,BR66,UAE,Abu Dhabi,CUST8810,PROD693,Mobile,iPhone 14,Samsung,3,1900.5,0.09,0.18,6122.27,Debit Card,In-Store,EMP853,1,0,Standard,6,USD
ORD132823,19-06-2024,BR91,UAE,Dubai,CUST5838,PROD387,Accessories,Wireless Mouse,Dell,1,267.85,0.28,0.18,227.57,Credit Card,In-Store,EMP771,2,0,Express,2,EUR
ORD132824,10-10-2023,BR81,UK,London,CUST1021,PROD420,Laptop,Dell XPS 13,Apple,4,1001.98,0.2,0.18,3783.48,Net Banking,Online,EMP283,3,1,Same Day,9,GBP
ORD132825,19-09-2023,BR73,India,Delhi,CUST5648,PROD634,Mobile,iPhone 14,Dell,5,110.7,0.2,0.18,522.5,Cash,Online,EMP538,0,0,Same Day,6,USD
ORD132826,25-08-2023,BR47,India,Delhi,CUST3325,PROD451,Laptop,HP Spectre x360,OnePlus,1,429.29,0.3,0.18,354.59,Debit Card,In-Store,EMP505,2,0,Same Day,1,AED
ORD132827,29-04-2023,BR52,India,Mumbai,CUST9224,PROD565,Mobile,OnePlus 11,Lenovo,1,1887.46,0.08,0.18,2049.03,UPI,Online,EMP320,3,0,Standard,5,INR
ORD132828,01-10-2023,BR34,UAE,Abu Dhabi,CUST9719,PROD444,TV,Sony Bravia 55,Apple,4,1648.36,0.26,0.18,5757.39,Net Banking,In-Store,EMP848,3,0,Standard,9,USD
ORD132829,02-06-2023,BR42,UK,Birmingham,CUST9076,PROD108,Tablet,iPad Air,Sony,5,1562.6,0.1,0.18,8297.41,Debit Card,In-Store,EMP847,0,0,Standard,3,AED
ORD132830,26-07-2023,BR64,Germany,Munich,CUST1501,PROD642,Tablet,Samsung Galaxy Tab,LG,1,1604.67,0.25,0.18,1420.13,Cash,Online,EMP657,3,0,Same Day,10,EUR
ORD132831,13-04-2024,BR73,UK,Manchester,CUST8391,PROD224,Laptop,HP Spectre x360,OnePlus,4,508.09,0.12,0.18,2110.4,Net Banking,Online,EMP318,1,1,Express,5,GBP
ORD132832,05-01-2023,BR28,India,Bangalore,CUST9994,PROD755,Laptop,HP Spectre x360,LG,5,751.38,0.25,0.18,3324.86,Cash,Online,EMP648,1,1,Standard,3,EUR
ORD132833,12-01-2023,BR95,USA,Los Angeles,CUST3942,PROD644,Laptop,MacBook Air M2,Sony,1,1432.32,0.24,0.18,1284.5,Credit Card,Online,EMP633,0,1,Express,1,AED
ORD132834,14-02-2023,BR57,Germany,Hamburg,CUST3388,PROD201,Tablet,iPad Air,Lenovo,2,259.2,0.24,0.18,464.9,Cash,In-Store,EMP533,2,1,Express,10,GBP
ORD132835,18-06-2024,BR118,USA,Dallas,CUST9649,PROD782,Tablet,iPad Air,Samsung,2,1501.46,0.2,0.18,2834.76,Cash,Online,EMP349,1,0,Express,4,AED
ORD132836,01-07-2024,BR99,USA,Dallas,CUST4819,PROD964,Laptop,Dell XPS 13,Dell,5,631.41,0.27,0.18,2719.48,Net Banking,In-Store,EMP990,0,1,Express,5,EUR
ORD132837,16-02-2023,BR73,UK,Birmingham,CUST4985,PROD201,TV,Sony Bravia 55,OnePlus,5,699.95,0.2,0.18,3303.76,UPI,Online,EMP699,1,0,Express,10,INR
ORD132838,11-10-2023,BR3,UAE,Abu Dhabi,CUST1443,PROD349,Accessories,Bluetooth Headphones,Sony,4,719.7,0.18,0.18,2785.53,UPI,Online,EMP395,3,0,Same Day,1,GBP
ORD132839,27-03-2024,BR6,Germany,Munich,CUST1162,PROD838,Mobile,Samsung Galaxy S23,Sony,4,1288.54,0.11,0.18,5412.9,Credit Card,In-Store,EMP335,2,1,Express,4,AED
ORD132840,10-03-2023,BR70,USA,Dallas,CUST7689,PROD487,Tablet,Lenovo Tab P11,Apple,1,1752.17,0.2,0.18,1654.05,Debit Card,Online,EMP968,3,0,Express,9,AED
ORD132841,02-11-2024,BR109,UK,Birmingham,CUST8395,PROD814,Accessories,Keyboard,Sony,2,890.5,0.16,0.18,1765.33,Debit Card,Online,EMP842,2,0,Express,5,AED
ORD132842,09-02-2024,BR58,UAE,Abu Dhabi,CUST5373,PROD926,Accessories,Keyboard,Samsung,2,1563.73,0,0.18,3690.4,Net Banking,In-Store,EMP391,3,0,Express,10,GBP
ORD132843,26-09-2023,BR116,India,Bangalore,CUST6961,PROD652,Accessories,Wireless Mouse,Sony,4,1951.63,0.06,0.18,8658.99,Credit Card,In-Store,EMP206,1,0,Standard,1,USD
ORD132844,22-06-2023,BR120,USA,Chicago,CUST9653,PROD173,Laptop,MacBook Air M2,HP,1,1102.07,0.26,0.18,962.33,Cash,Online,EMP953,3,0,Same Day,8,EUR
ORD132845,15-10-2024,BR112,UAE,Dubai,CUST7809,PROD129,Accessories,Bluetooth Headphones,LG,4,71.28,0.29,0.18,238.87,UPI,Online,EMP579,1,1,Same Day,8,GBP
ORD132846,21-01-2024,BR103,UAE,Abu Dhabi,CUST9780,PROD570,TV,Samsung QLED 50,LG,3,791.72,0,0.18,2802.69,Debit Card,Online,EMP619,1,1,Standard,4,GBP
ORD132847,09-11-2024,BR16,Germany,Berlin,CUST5442,PROD382,Laptop,Dell XPS 13,OnePlus,4,928.66,0.27,0.18,3199.79,Debit Card,Online,EMP455,1,1,Express,3,GBP
ORD132848,28-08-2023,BR13,India,Pune,CUST6450,PROD729,Tablet,Samsung Galaxy Tab,Samsung,4,987.71,0.29,0.18,3310.01,UPI,In-Store,EMP257,3,1,Express,3,USD
ORD132849,17-06-2023,BR106,UK,London,CUST5182,PROD921,Tablet,iPad Air,HP,2,1538.44,0.24,0.18,2759.35,Net Banking,In-Store,EMP283,2,0,Standard,4,INR
ORD132850,04-01-2023,BR57,India,Pune,CUST1690,PROD429,Laptop,HP Spectre x360,OnePlus,4,1007.87,0.08,0.18,4376.57,Credit Card,In-Store,EMP805,3,0,Same Day,3,INR
ORD132851,13-04-2024,BR31,Germany,Hamburg,CUST4077,PROD119,Tablet,iPad Air,OnePlus,1,853.29,0.02,0.18,986.74,Net Banking,In-Store,EMP372,3,1,Standard,3,USD
ORD132852,04-01-2023,BR65,India,Mumbai,CUST6740,PROD800,Tablet,iPad Air,Apple,5,301.8,0.27,0.18,1299.85,Net Banking,In-Store,EMP899,1,1,Standard,7,USD
ORD132853,31-03-2024,BR112,USA,Los Angeles,CUST2723,PROD980,Laptop,MacBook Air M2,Apple,2,843.04,0.14,0.18,1711.03,Net Banking,Online,EMP630,3,1,Express,9,GBP
ORD132854,09-04-2023,BR40,UAE,Dubai,CUST8604,PROD114,Tablet,Samsung Galaxy Tab,HP,5,105.11,0.22,0.18,483.72,Debit Card,In-Store,EMP502,1,0,Same Day,8,EUR
ORD132855,13-05-2024,BR28,USA,Dallas,CUST7923,PROD316,Mobile,Samsung Galaxy S23,Sony,2,1279.95,0.08,0.18,2779.03,UPI,Online,EMP564,1,1,Standard,7,INR
ORD132856,18-10-2023,BR45,USA,Los Angeles,CUST5345,PROD446,Laptop,MacBook Air M2,Samsung,5,87.57,0.23,0.18,397.83,Net Banking,Online,EMP454,0,1,Same Day,1,GBP
ORD132857,21-06-2024,BR7,UK,Birmingham,CUST3008,PROD361,Mobile,OnePlus 11,HP,5,1571.86,0.11,0.18,8253.84,UPI,Online,EMP781,0,1,Express,10,AED
ORD132858,01-09-2023,BR90,UAE,Dubai,CUST8532,PROD657,Accessories,Bluetooth Headphones,Sony,2,1267.64,0.04,0.18,2871.97,Cash,Online,EMP927,1,0,Same Day,7,GBP
ORD132859,29-02-2024,BR67,UK,London,CUST6677,PROD396,Laptop,HP Spectre x360,Samsung,4,1386.32,0.14,0.18,5627.35,UPI,Online,EMP757,0,0,Standard,6,AED
ORD132860,11-09-2023,BR36,Germany,Hamburg,CUST8526,PROD757,TV,Sony Bravia 55,Apple,3,1667.02,0.12,0.18,5193.1,Credit Card,Online,EMP726,3,1,Express,7,USD
ORD132861,19-03-2023,BR72,UAE,Dubai,CUST2914,PROD129,TV,Samsung QLED 50,Dell,5,780.07,0.25,0.18,3451.81,Credit Card,In-Store,EMP695,3,1,Same Day,7,EUR
ORD132862,24-06-2024,BR14,UK,London,CUST7636,PROD433,Laptop,HP Spectre x360,Apple,4,292.53,0.04,0.18,1325.51,Cash,Online,EMP618,2,1,Standard,10,INR
ORD132863,16-03-2023,BR40,Germany,Hamburg,CUST1769,PROD542,TV,Samsung QLED 50,HP,3,877.94,0.04,0.18,2983.59,UPI,Online,EMP940,3,1,Same Day,4,AED
ORD132864,20-06-2024,BR21,Germany,Munich,CUST3887,PROD896,Accessories,Keyboard,Dell,3,1189.96,0.06,0.18,3959.71,Cash,Online,EMP655,1,1,Express,9,EUR
ORD132865,24-10-2024,BR10,India,Mumbai,CUST4920,PROD816,Mobile,Samsung Galaxy S23,HP,1,709.6,0.27,0.18,611.25,UPI,In-Store,EMP249,2,1,Same Day,5,EUR
ORD132866,09-01-2023,BR94,UAE,Dubai,CUST5548,PROD103,Mobile,OnePlus 11,OnePlus,3,978.99,0.03,0.18,3361.66,UPI,In-Store,EMP852,3,1,Standard,7,AED
ORD132867,09-11-2024,BR69,India,Mumbai,CUST5365,PROD532,TV,LG OLED 48,HP,5,1282.61,0.3,0.18,5297.18,Credit Card,In-Store,EMP568,0,0,Express,1,GBP
ORD132868,22-06-2023,BR70,India,Delhi,CUST5930,PROD151,Mobile,OnePlus 11,OnePlus,4,711,0.15,0.18,2852.53,Cash,In-Store,EMP539,1,0,Express,3,INR
ORD132869,22-10-2024,BR88,USA,New York,CUST4814,PROD348,TV,Samsung QLED 50,LG,5,1927.89,0.24,0.18,8644.66,UPI,In-Store,EMP290,1,0,Same Day,3,INR
ORD132870,09-02-2024,BR98,UAE,Abu Dhabi,CUST1035,PROD527,Mobile,iPhone 14,Dell,3,617.83,0.11,0.18,1946.54,Credit Card,Online,EMP895,2,0,Same Day,9,GBP
ORD132871,22-05-2024,BR34,India,Delhi,CUST7530,PROD666,TV,Samsung QLED 50,LG,3,729.82,0.04,0.18,2480.22,UPI,Online,EMP482,2,1,Same Day,3,EUR
ORD132872,03-11-2024,BR66,India,Pune,CUST6583,PROD750,Tablet,Lenovo Tab P11,HP,4,1287.61,0.3,0.18,4254.26,Debit Card,Online,EMP617,1,0,Same Day,2,INR
ORD132873,29-12-2023,BR16,UAE,Dubai,CUST6458,PROD582,Mobile,OnePlus 11,HP,3,817.86,0.02,0.18,2837.32,Cash,In-Store,EMP584,2,1,Same Day,5,GBP
ORD132874,24-06-2023,BR23,UAE,Abu Dhabi,CUST6420,PROD441,Tablet,iPad Air,Sony,5,1968.03,0.24,0.18,8824.65,UPI,In-Store,EMP667,0,0,Standard,3,GBP
ORD132875,19-02-2024,BR53,Germany,Munich,CUST2454,PROD199,Mobile,OnePlus 11,Dell,1,1274.33,0.18,0.18,1233.04,Net Banking,In-Store,EMP242,3,1,Standard,8,AED
ORD132876,16-10-2023,BR30,UK,Manchester,CUST5635,PROD680,Mobile,OnePlus 11,LG,1,723.33,0.12,0.18,751.11,Credit Card,Online,EMP521,0,0,Standard,1,INR
ORD132877,11-12-2024,BR91,USA,Los Angeles,CUST7200,PROD695,Tablet,Lenovo Tab P11,Apple,5,1168.01,0.1,0.18,6202.13,Credit Card,Online,EMP595,0,1,Express,4,USD
ORD132878,23-06-2023,BR42,India,Mumbai,CUST1823,PROD220,Accessories,Keyboard,Sony,1,1789.09,0.12,0.18,1857.79,Cash,In-Store,EMP429,2,1,Express,9,INR
ORD132879,13-08-2024,BR49,UAE,Abu Dhabi,CUST9087,PROD943,TV,Sony Bravia 55,HP,5,1063.8,0.01,0.18,6213.66,Credit Card,Online,EMP371,2,1,Same Day,9,USD
ORD132880,09-11-2023,BR78,Germany,Munich,CUST9925,PROD492,Accessories,Keyboard,LG,5,720.65,0.18,0.18,3486.5,Credit Card,In-Store,EMP603,0,0,Express,9,EUR
ORD132881,03-12-2023,BR76,India,Bangalore,CUST4273,PROD588,TV,Samsung QLED 50,Lenovo,2,557.6,0.28,0.18,947.47,Debit Card,In-Store,EMP553,3,1,Standard,7,AED
ORD132882,24-07-2023,BR47,UK,London,CUST2810,PROD668,Mobile,Samsung Galaxy S23,Lenovo,1,1786,0.28,0.18,1517.39,Debit Card,In-Store,EMP680,0,0,Express,3,USD
ORD132883,27-11-2024,BR64,UK,London,CUST9856,PROD763,Accessories,Bluetooth Headphones,Apple,1,1540.13,0.06,0.18,1708.31,UPI,In-Store,EMP321,1,0,Same Day,1,USD
ORD132884,11-11-2023,BR57,UK,London,CUST6214,PROD357,Tablet,Lenovo Tab P11,HP,2,742.55,0.06,0.18,1647.27,UPI,In-Store,EMP625,1,1,Standard,6,EUR
ORD132885,30-01-2023,BR29,Germany,Berlin,CUST9419,PROD340,Mobile,OnePlus 11,Sony,4,1814.29,0.17,0.18,7107.66,UPI,In-Store,EMP395,3,0,Standard,6,AED
ORD132886,02-12-2024,BR61,USA,Los Angeles,CUST2703,PROD668,TV,Samsung QLED 50,Sony,3,1314.34,0.16,0.18,3908.32,Debit Card,Online,EMP636,1,0,Standard,9,USD
ORD132887,04-12-2024,BR24,Germany,Munich,CUST6049,PROD483,Laptop,MacBook Air M2,Sony,4,416.75,0.21,0.18,1553.98,Credit Card,In-Store,EMP881,2,1,Standard,8,GBP
ORD132888,22-07-2023,BR94,India,Pune,CUST7730,PROD655,Tablet,Samsung Galaxy Tab,Dell,2,625.27,0.12,0.18,1298.56,Debit Card,Online,EMP737,1,1,Express,1,INR
ORD132889,18-10-2024,BR41,UAE,Dubai,CUST1655,PROD679,TV,LG OLED 48,LG,2,1042.67,0.17,0.18,2042.38,Credit Card,In-Store,EMP672,1,0,Express,3,AED
ORD132890,24-05-2023,BR17,UK,London,CUST1540,PROD603,TV,Sony Bravia 55,Dell,1,1275.77,0.11,0.18,1339.81,Debit Card,Online,EMP245,2,1,Standard,1,USD
ORD132891,21-03-2023,BR39,Germany,Hamburg,CUST8203,PROD289,Accessories,Keyboard,Lenovo,4,1053.47,0,0.18,4972.38,Net Banking,Online,EMP899,2,1,Express,1,EUR
ORD132892,10-08-2024,BR111,UK,Manchester,CUST7336,PROD950,Accessories,Bluetooth Headphones,Sony,4,1453.41,0.23,0.18,5282.27,Cash,In-Store,EMP920,1,0,Same Day,6,AED
ORD132893,05-03-2024,BR17,Germany,Hamburg,CUST9963,PROD271,TV,Sony Bravia 55,OnePlus,2,1499.12,0.26,0.18,2618.06,Net Banking,Online,EMP834,0,0,Standard,5,GBP
ORD132894,06-11-2023,BR55,UK,London,CUST1301,PROD773,Tablet,Lenovo Tab P11,Samsung,3,1692.92,0.06,0.18,5633.36,Credit Card,Online,EMP300,3,0,Standard,6,GBP
ORD132895,13-11-2023,BR18,Germany,Berlin,CUST2358,PROD774,Mobile,iPhone 14,LG,4,456.97,0.14,0.18,1854.93,Net Banking,In-Store,EMP674,3,0,Express,5,AED
ORD132896,12-01-2024,BR115,USA,Chicago,CUST2218,PROD400,Tablet,iPad Air,OnePlus,1,321.23,0.01,0.18,375.26,UPI,In-Store,EMP228,3,0,Standard,7,USD
ORD132897,06-02-2023,BR44,USA,New York,CUST5488,PROD114,TV,LG OLED 48,Samsung,2,1528.94,0.05,0.18,3427.88,Credit Card,In-Store,EMP476,2,0,Standard,3,GBP
ORD132898,01-02-2023,BR119,UK,Birmingham,CUST8083,PROD312,Mobile,iPhone 14,Lenovo,3,1513.36,0.17,0.18,4446.55,UPI,Online,EMP314,1,0,Express,9,INR
ORD132899,28-07-2024,BR32,USA,Los Angeles,CUST4520,PROD318,TV,Samsung QLED 50,LG,2,1068.97,0.04,0.18,2421.86,Net Banking,Online,EMP421,2,1,Standard,5,GBP
ORD132900,09-10-2024,BR51,Germany,Berlin,CUST1708,PROD812,Mobile,Samsung Galaxy S23,LG,2,1459.59,0.21,0.18,2721.26,Credit Card,Online,EMP712,1,1,Express,2,AED
ORD132901,27-05-2023,BR93,UK,Manchester,CUST4607,PROD511,Mobile,Samsung Galaxy S23,Dell,2,477.92,0.28,0.18,812.08,Credit Card,Online,EMP726,3,1,Express,9,USD
ORD132902,28-09-2024,BR107,UAE,Abu Dhabi,CUST1219,PROD309,Mobile,iPhone 14,HP,4,1726.26,0.29,0.18,5785.04,Cash,Online,EMP972,3,1,Standard,10,AED
ORD132903,13-02-2023,BR13,Germany,Munich,CUST9084,PROD708,Tablet,Samsung Galaxy Tab,Dell,4,988.5,0.03,0.18,4525.75,Net Banking,In-Store,EMP363,3,1,Same Day,1,AED
ORD132904,28-07-2024,BR61,USA,Dallas,CUST3552,PROD986,Mobile,Samsung Galaxy S23,LG,5,1483.73,0.26,0.18,6477.97,Debit Card,In-Store,EMP788,2,1,Express,2,INR
ORD132905,01-08-2023,BR56,USA,New York,CUST6791,PROD474,Mobile,Samsung Galaxy S23,Sony,2,1112.74,0.11,0.18,2337.2,UPI,Online,EMP667,3,0,Express,4,EUR
ORD132906,08-06-2023,BR49,USA,Dallas,CUST3696,PROD287,Mobile,Samsung Galaxy S23,Apple,3,897.53,0.04,0.18,3050.17,UPI,In-Store,EMP689,0,1,Express,1,USD
ORD132907,28-09-2023,BR19,USA,Dallas,CUST8449,PROD987,Tablet,iPad Air,Apple,5,598.44,0,0.18,3530.8,Cash,Online,EMP261,2,1,Express,9,INR
ORD132908,08-10-2023,BR79,India,Delhi,CUST2790,PROD311,Mobile,iPhone 14,Apple,2,1869.93,0.22,0.18,3442.17,UPI,Online,EMP667,3,1,Same Day,3,AED
ORD132909,29-04-2023,BR79,USA,Dallas,CUST5827,PROD724,Accessories,Wireless Mouse,Apple,1,110.03,0.2,0.18,103.87,Net Banking,Online,EMP435,3,1,Express,8,AED
ORD132910,26-08-2024,BR91,USA,New York,CUST3956,PROD311,Tablet,Lenovo Tab P11,LG,2,1401.26,0.04,0.18,3174.69,Debit Card,Online,EMP758,0,0,Standard,6,USD
ORD132911,06-05-2024,BR78,UK,London,CUST4657,PROD273,Tablet,Lenovo Tab P11,Dell,5,490.12,0.14,0.18,2486.87,Debit Card,Online,EMP772,0,1,Express,10,INR
ORD132912,21-09-2023,BR69,USA,Dallas,CUST8633,PROD157,Tablet,Lenovo Tab P11,Lenovo,3,269.42,0.03,0.18,925.13,Debit Card,In-Store,EMP809,1,0,Standard,9,GBP
ORD132913,22-08-2024,BR114,India,Bangalore,CUST3913,PROD821,TV,LG OLED 48,Sony,2,1599.48,0.15,0.18,3208.56,Cash,In-Store,EMP952,2,0,Standard,10,AED
ORD132914,14-09-2024,BR81,UAE,Abu Dhabi,CUST8188,PROD195,TV,Samsung QLED 50,OnePlus,5,145.2,0.3,0.18,599.68,Credit Card,In-Store,EMP854,0,0,Express,9,GBP
ORD132915,07-12-2024,BR117,USA,Dallas,CUST3212,PROD900,TV,Samsung QLED 50,Lenovo,5,901.38,0.07,0.18,4945.87,Cash,In-Store,EMP939,0,1,Express,3,INR
ORD132916,08-11-2023,BR98,Germany,Munich,CUST8961,PROD562,Mobile,iPhone 14,OnePlus,4,445.28,0.11,0.18,1870.53,UPI,In-Store,EMP804,0,1,Standard,5,EUR
ORD132917,02-02-2024,BR39,India,Bangalore,CUST4483,PROD410,Laptop,HP Spectre x360,OnePlus,2,1510.3,0.07,0.18,3314.81,Debit Card,In-Store,EMP963,1,0,Same Day,3,AED
ORD132918,20-07-2024,BR75,USA,Dallas,CUST1332,PROD111,Tablet,iPad Air,Lenovo,5,446.44,0.17,0.18,2186.22,Credit Card,In-Store,EMP507,3,0,Express,6,GBP
ORD132919,23-05-2024,BR3,Germany,Berlin,CUST3862,PROD112,Mobile,iPhone 14,OnePlus,4,770.83,0.07,0.18,3383.64,UPI,Online,EMP664,1,1,Same Day,9,USD
ORD132920,23-11-2024,BR115,India,Bangalore,CUST1254,PROD862,Tablet,Samsung Galaxy Tab,OnePlus,5,1451.75,0.3,0.18,5995.73,Cash,In-Store,EMP559,0,1,Same Day,8,EUR
ORD132921,08-05-2023,BR54,India,Pune,CUST9576,PROD185,Laptop,HP Spectre x360,LG,3,1759.92,0.06,0.18,5856.31,Cash,Online,EMP804,1,1,Express,4,USD
ORD132922,07-03-2024,BR99,UK,Manchester,CUST3052,PROD863,Accessories,Keyboard,Samsung,3,548.53,0.09,0.18,1767.03,Cash,In-Store,EMP453,2,1,Express,1,GBP
ORD132923,20-03-2024,BR72,USA,Los Angeles,CUST8842,PROD934,TV,Samsung QLED 50,Lenovo,3,1045.26,0.21,0.18,2923.17,UPI,Online,EMP335,2,0,Same Day,6,USD
ORD132924,20-08-2023,BR31,UK,Birmingham,CUST4499,PROD506,Accessories,Bluetooth Headphones,Samsung,5,890.26,0.19,0.18,4254.55,Cash,Online,EMP820,0,0,Standard,10,GBP
ORD132925,15-03-2023,BR74,UAE,Dubai,CUST1278,PROD381,Laptop,Dell XPS 13,Lenovo,4,1165.9,0.12,0.18,4842.68,Credit Card,In-Store,EMP671,1,0,Same Day,3,INR
ORD132926,07-08-2023,BR101,Germany,Berlin,CUST1196,PROD248,Mobile,OnePlus 11,Lenovo,1,1146.7,0.17,0.18,1123.08,Credit Card,In-Store,EMP660,1,1,Same Day,4,EUR
ORD132927,03-03-2024,BR48,USA,New York,CUST4712,PROD937,Tablet,iPad Air,Dell,2,102.44,0.04,0.18,232.09,Net Banking,Online,EMP757,1,1,Express,7,USD
ORD132928,24-03-2024,BR98,Germany,Hamburg,CUST2716,PROD750,Accessories,Wireless Mouse,OnePlus,1,116.9,0.14,0.18,118.63,Cash,In-Store,EMP300,3,0,Express,3,AED
ORD132929,05-12-2023,BR84,UK,Manchester,CUST3524,PROD161,Tablet,iPad Air,OnePlus,5,1839.92,0.07,0.18,10095.64,Net Banking,Online,EMP213,1,0,Express,10,GBP
ORD132930,30-09-2024,BR4,USA,Los Angeles,CUST7588,PROD532,Laptop,HP Spectre x360,LG,1,930.72,0.25,0.18,823.69,Credit Card,Online,EMP268,1,1,Same Day,10,AED
ORD132931,09-08-2024,BR103,UAE,Dubai,CUST2163,PROD972,Accessories,Wireless Mouse,Sony,2,916.05,0.29,0.18,1534.93,Cash,Online,EMP791,2,1,Same Day,1,AED
ORD132932,12-05-2024,BR18,India,Bangalore,CUST8427,PROD478,Tablet,Lenovo Tab P11,Dell,5,705.89,0.25,0.18,3123.56,UPI,In-Store,EMP772,2,0,Standard,10,GBP
ORD132933,26-02-2024,BR10,UK,Birmingham,CUST3356,PROD737,Accessories,Bluetooth Headphones,LG,1,1448.49,0.03,0.18,1657.94,Cash,Online,EMP474,1,1,Same Day,5,USD
ORD132934,19-07-2024,BR45,Germany,Berlin,CUST6703,PROD292,Tablet,iPad Air,HP,1,1628.97,0.14,0.18,1653.08,Cash,In-Store,EMP609,2,0,Standard,5,INR
ORD132935,09-03-2024,BR109,UAE,Dubai,CUST1146,PROD262,Laptop,MacBook Air M2,HP,1,1773.77,0.13,0.18,1820.95,Cash,In-Store,EMP297,3,0,Same Day,8,EUR
ORD132936,24-08-2023,BR7,UAE,Abu Dhabi,CUST1269,PROD996,TV,LG OLED 48,Apple,3,1790.51,0.1,0.18,5704.56,Credit Card,Online,EMP616,1,0,Standard,1,USD
ORD132937,10-02-2023,BR68,UAE,Dubai,CUST2903,PROD786,Laptop,Dell XPS 13,LG,1,153.79,0.25,0.18,136.1,UPI,Online,EMP605,1,0,Standard,2,EUR
ORD132938,04-03-2024,BR116,USA,Los Angeles,CUST5975,PROD946,Laptop,MacBook Air M2,Lenovo,3,1154.95,0.25,0.18,3066.39,Debit Card,In-Store,EMP493,2,1,Standard,6,AED
ORD132939,02-09-2023,BR52,India,Pune,CUST3038,PROD706,Mobile,OnePlus 11,Sony,1,390.09,0.26,0.18,340.63,Cash,Online,EMP754,3,0,Express,1,INR
ORD132940,21-06-2024,BR90,Germany,Munich,CUST9003,PROD218,Mobile,OnePlus 11,OnePlus,2,1952.08,0.02,0.18,4514.77,Net Banking,Online,EMP832,1,1,Standard,5,INR
ORD132941,30-08-2024,BR25,Germany,Berlin,CUST5033,PROD146,Tablet,Samsung Galaxy Tab,Dell,1,327.14,0.23,0.18,297.24,Net Banking,In-Store,EMP685,2,0,Express,4,AED
ORD132942,11-10-2024,BR11,UAE,Dubai,CUST5322,PROD889,Tablet,Samsung Galaxy Tab,HP,3,177.81,0.23,0.18,484.67,UPI,In-Store,EMP326,0,0,Standard,1,INR
ORD132943,01-06-2023,BR71,UAE,Dubai,CUST6694,PROD537,Mobile,iPhone 14,Apple,2,470.5,0.28,0.18,799.47,Net Banking,In-Store,EMP942,2,0,Standard,3,EUR
ORD132944,05-08-2023,BR38,India,Pune,CUST4653,PROD522,Tablet,Samsung Galaxy Tab,Sony,4,1332.36,0.05,0.18,5974.3,Cash,In-Store,EMP408,0,1,Same Day,7,AED
ORD132945,16-04-2024,BR36,UK,Manchester,CUST4986,PROD766,Laptop,Dell XPS 13,Lenovo,5,1558.6,0.24,0.18,6988.76,Credit Card,In-Store,EMP731,0,0,Express,6,GBP
ORD132946,27-03-2024,BR18,India,Delhi,CUST8286,PROD544,Laptop,MacBook Air M2,OnePlus,4,1154.27,0.1,0.18,4903.34,Credit Card,Online,EMP425,3,0,Express,2,EUR
ORD132947,12-09-2023,BR41,UAE,Abu Dhabi,CUST7924,PROD996,Mobile,iPhone 14,LG,5,62,0.08,0.18,336.54,Net Banking,In-Store,EMP886,1,0,Express,6,INR
ORD132948,29-05-2023,BR24,UK,London,CUST1606,PROD808,Accessories,Keyboard,Apple,2,1714.4,0.13,0.18,3520.01,Debit Card,In-Store,EMP630,0,1,Same Day,6,GBP
ORD132949,09-04-2024,BR60,USA,New York,CUST5095,PROD990,TV,Sony Bravia 55,Dell,4,719.56,0.15,0.18,2886.87,Net Banking,In-Store,EMP431,1,0,Standard,2,INR
ORD132950,08-12-2024,BR45,UAE,Dubai,CUST8475,PROD671,Mobile,OnePlus 11,LG,2,724.07,0.05,0.18,1623.36,UPI,In-Store,EMP502,1,0,Same Day,10,USD
ORD132951,18-05-2023,BR95,UK,Birmingham,CUST7650,PROD143,Tablet,Lenovo Tab P11,Dell,5,1394.47,0.06,0.18,7733.73,Cash,In-Store,EMP948,0,1,Express,6,EUR
ORD132952,07-09-2023,BR58,USA,New York,CUST3370,PROD569,Laptop,HP Spectre x360,Dell,2,794.52,0.01,0.18,1856.32,Cash,Online,EMP771,1,0,Express,5,EUR
ORD132953,20-09-2024,BR65,UAE,Dubai,CUST8268,PROD998,Accessories,Wireless Mouse,Dell,3,1862.48,0.02,0.18,6461.32,Credit Card,Online,EMP343,2,1,Standard,9,AED
ORD132954,28-04-2024,BR94,India,Pune,CUST3774,PROD578,Laptop,MacBook Air M2,OnePlus,5,435.16,0.19,0.18,2079.63,UPI,Online,EMP879,1,0,Express,9,EUR
ORD132955,17-12-2023,BR33,Germany,Munich,CUST9684,PROD975,Mobile,Samsung Galaxy S23,HP,1,254.97,0.11,0.18,267.77,Net Banking,Online,EMP426,1,0,Express,6,USD
ORD132956,22-05-2023,BR111,Germany,Berlin,CUST3774,PROD206,Mobile,Samsung Galaxy S23,LG,2,1911.29,0.27,0.18,3292.77,Debit Card,In-Store,EMP744,1,1,Express,7,GBP
ORD132957,26-11-2024,BR37,UAE,Abu Dhabi,CUST6829,PROD229,Laptop,HP Spectre x360,Sony,4,273.01,0.05,0.18,1224.18,Cash,In-Store,EMP922,0,0,Same Day,6,AED
ORD132958,25-11-2024,BR112,India,Bangalore,CUST2928,PROD202,Laptop,Dell XPS 13,Sony,2,875.36,0.07,0.18,1921.24,Credit Card,In-Store,EMP465,0,0,Same Day,10,AED
ORD132959,16-11-2024,BR116,UAE,Abu Dhabi,CUST2113,PROD828,Mobile,iPhone 14,OnePlus,5,1861.59,0.02,0.18,10763.71,Credit Card,Online,EMP500,0,0,Standard,2,USD
ORD132960,08-01-2024,BR49,UK,London,CUST1592,PROD509,Mobile,Samsung Galaxy S23,LG,5,1768.73,0.04,0.18,10018.09,UPI,Online,EMP682,3,0,Standard,5,GBP
ORD132961,27-09-2024,BR56,Germany,Berlin,CUST1202,PROD935,TV,LG OLED 48,Lenovo,1,618.88,0.19,0.18,591.53,Credit Card,In-Store,EMP893,0,0,Express,3,AED
ORD132962,24-02-2024,BR55,USA,New York,CUST2809,PROD797,Accessories,Keyboard,Lenovo,2,1831.85,0.13,0.18,3761.15,Credit Card,In-Store,EMP329,3,0,Express,1,AED
ORD132963,27-07-2023,BR85,UAE,Abu Dhabi,CUST6243,PROD460,Mobile,Samsung Galaxy S23,Apple,5,1636.35,0.09,0.18,8785.56,UPI,Online,EMP305,3,1,Express,7,EUR
ORD132964,28-09-2023,BR82,UAE,Dubai,CUST1950,PROD464,Mobile,iPhone 14,Samsung,4,1850.62,0.13,0.18,7599.39,Credit Card,Online,EMP614,1,1,Express,3,EUR
ORD132965,16-09-2023,BR47,USA,New York,CUST7076,PROD411,Accessories,Keyboard,OnePlus,1,1088.61,0.07,0.18,1194.64,Credit Card,In-Store,EMP581,2,1,Express,9,GBP
ORD132966,30-12-2024,BR112,India,Pune,CUST8919,PROD430,Mobile,Samsung Galaxy S23,Sony,2,327.32,0.28,0.18,556.18,Net Banking,In-Store,EMP286,2,1,Same Day,5,INR
ORD132967,26-11-2023,BR66,India,Delhi,CUST5858,PROD839,Laptop,Dell XPS 13,OnePlus,2,1479.49,0.19,0.18,2828.19,Credit Card,In-Store,EMP791,1,0,Express,2,AED
ORD132968,07-09-2024,BR96,UK,Birmingham,CUST6427,PROD939,Mobile,iPhone 14,HP,5,255.28,0.06,0.18,1415.78,UPI,Online,EMP997,1,1,Same Day,5,EUR
ORD132969,22-09-2023,BR11,India,Bangalore,CUST1380,PROD349,Laptop,MacBook Air M2,Dell,4,616.12,0.19,0.18,2355.55,Cash,In-Store,EMP617,2,1,Express,1,EUR
ORD132970,04-04-2023,BR79,India,Pune,CUST7240,PROD422,Accessories,Bluetooth Headphones,Dell,2,1080.58,0.08,0.18,2346.16,UPI,In-Store,EMP325,1,1,Express,6,EUR
ORD132971,28-12-2024,BR97,USA,Dallas,CUST8401,PROD737,Laptop,Dell XPS 13,Dell,1,635.27,0.18,0.18,614.69,Net Banking,In-Store,EMP498,0,1,Standard,8,INR
ORD132972,14-06-2023,BR79,USA,Los Angeles,CUST4183,PROD170,Tablet,Lenovo Tab P11,Samsung,2,832.11,0.02,0.18,1924.5,Net Banking,In-Store,EMP691,0,0,Same Day,4,EUR
ORD132973,04-07-2024,BR103,UAE,Dubai,CUST3793,PROD979,Tablet,iPad Air,Samsung,4,520.67,0.02,0.18,2408.41,Cash,Online,EMP936,0,0,Standard,5,INR
ORD132974,05-12-2023,BR34,Germany,Munich,CUST7927,PROD790,Tablet,Samsung Galaxy Tab,Lenovo,2,1608.7,0.18,0.18,3113.16,Credit Card,Online,EMP668,1,1,Same Day,9,AED
ORD132975,01-04-2024,BR45,UAE,Abu Dhabi,CUST8466,PROD954,Mobile,OnePlus 11,LG,1,1929.78,0.24,0.18,1730.63,Debit Card,Online,EMP507,1,1,Standard,8,INR
ORD132976,29-03-2023,BR108,India,Pune,CUST4338,PROD281,Tablet,Lenovo Tab P11,OnePlus,2,1618.33,0.16,0.18,3208.18,UPI,Online,EMP706,0,1,Express,4,INR
ORD132977,01-08-2024,BR119,India,Bangalore,CUST1985,PROD185,Mobile,Samsung Galaxy S23,Samsung,4,412.14,0.2,0.18,1556.24,Cash,Online,EMP305,0,0,Express,8,EUR
ORD132978,14-07-2023,BR67,India,Pune,CUST7117,PROD761,Tablet,Samsung Galaxy Tab,OnePlus,4,706.49,0.07,0.18,3101.21,Credit Card,Online,EMP902,1,1,Express,7,INR
ORD132979,03-01-2024,BR47,USA,Chicago,CUST4397,PROD715,Mobile,OnePlus 11,Samsung,1,939.74,0.24,0.18,842.76,Net Banking,In-Store,EMP797,1,1,Standard,4,GBP
ORD132980,17-01-2023,BR94,Germany,Munich,CUST4508,PROD874,Laptop,HP Spectre x360,Apple,1,636.58,0.25,0.18,563.37,Debit Card,In-Store,EMP219,3,1,Express,10,INR
ORD132981,10-09-2024,BR2,UK,Manchester,CUST9487,PROD423,Mobile,OnePlus 11,Dell,4,419.46,0.09,0.18,1801.66,UPI,Online,EMP268,1,1,Express,10,GBP
ORD132982,07-10-2023,BR13,USA,Dallas,CUST6985,PROD709,Tablet,Samsung Galaxy Tab,Lenovo,4,1890.57,0.09,0.18,8120.38,Net Banking,In-Store,EMP809,2,0,Express,5,EUR
ORD132983,08-09-2023,BR76,Germany,Berlin,CUST2570,PROD152,Tablet,Lenovo Tab P11,OnePlus,1,90.74,0.17,0.18,88.87,Cash,In-Store,EMP494,1,0,Same Day,3,GBP
ORD132984,10-06-2023,BR89,Germany,Hamburg,CUST4683,PROD798,TV,Sony Bravia 55,Apple,2,1890.14,0.03,0.18,4326.91,Cash,In-Store,EMP688,2,0,Standard,10,AED
ORD132985,18-03-2024,BR104,USA,Chicago,CUST1997,PROD185,Tablet,Lenovo Tab P11,LG,5,1052.24,0.11,0.18,5525.31,Cash,In-Store,EMP897,1,1,Standard,8,AED
ORD132986,04-03-2023,BR85,UAE,Abu Dhabi,CUST7166,PROD294,TV,Sony Bravia 55,Samsung,4,1223.93,0.15,0.18,4910.41,Credit Card,Online,EMP419,0,1,Standard,9,INR
ORD132987,16-12-2024,BR18,USA,Los Angeles,CUST6332,PROD912,Mobile,Samsung Galaxy S23,OnePlus,2,158.9,0.04,0.18,360,Debit Card,Online,EMP418,0,1,Standard,8,AED
ORD132988,19-08-2024,BR91,UAE,Abu Dhabi,CUST6166,PROD461,Laptop,HP Spectre x360,HP,2,142.22,0.13,0.18,292.01,Credit Card,Online,EMP435,1,0,Standard,7,USD
ORD132989,29-05-2024,BR74,Germany,Munich,CUST8007,PROD854,Mobile,OnePlus 11,LG,3,451.56,0.08,0.18,1470.64,Debit Card,In-Store,EMP352,2,0,Same Day,9,EUR
ORD132990,27-12-2024,BR29,USA,Chicago,CUST1804,PROD305,Laptop,HP Spectre x360,Dell,2,1633.31,0.17,0.18,3199.33,Cash,In-Store,EMP355,2,1,Same Day,1,GBP
ORD132991,10-06-2023,BR49,UK,Manchester,CUST9791,PROD745,TV,Samsung QLED 50,Samsung,5,1834.29,0.05,0.18,10281.2,UPI,Online,EMP456,0,1,Same Day,8,AED
ORD132992,06-07-2024,BR76,India,Pune,CUST5854,PROD706,Laptop,MacBook Air M2,Apple,2,1912.7,0.23,0.18,3475.76,Cash,Online,EMP284,2,1,Same Day,5,EUR
ORD132993,01-03-2023,BR119,UK,Birmingham,CUST5208,PROD838,Mobile,Samsung Galaxy S23,HP,2,1474.27,0.09,0.18,3166.14,Debit Card,Online,EMP287,3,0,Same Day,3,USD
ORD132994,02-04-2024,BR11,Germany,Munich,CUST7982,PROD471,Accessories,Wireless Mouse,Lenovo,1,1779.34,0.05,0.18,1994.64,Cash,Online,EMP284,3,1,Same Day,2,USD
ORD132995,17-02-2023,BR67,India,Delhi,CUST3512,PROD709,Tablet,iPad Air,HP,3,1320.4,0.02,0.18,4580.73,UPI,In-Store,EMP541,1,1,Standard,3,EUR
ORD132996,03-05-2024,BR39,UK,London,CUST9955,PROD901,TV,LG OLED 48,Sony,1,1168.54,0.2,0.18,1103.1,Debit Card,Online,EMP644,0,0,Standard,2,USD
ORD132997,18-05-2023,BR114,Germany,Berlin,CUST6526,PROD753,Accessories,Wireless Mouse,Samsung,1,229.18,0.13,0.18,235.28,Debit Card,Online,EMP932,2,0,Same Day,2,USD
ORD132998,25-04-2023,BR116,UK,London,CUST2236,PROD236,Mobile,Samsung Galaxy S23,HP,5,1092.09,0.21,0.18,5090.23,Net Banking,Online,EMP396,2,0,Same Day,8,INR
ORD132999,15-05-2023,BR22,India,Pune,CUST8076,PROD975,Mobile,Samsung Galaxy S23,LG,1,476.95,0.04,0.18,540.29,Credit Card,In-Store,EMP883,2,1,Express,2,EUR
ORD133000,28-03-2024,BR23,USA,Chicago,CUST6787,PROD848,Mobile,OnePlus 11,LG,2,227.5,0.15,0.18,456.37,UPI,In-Store,EMP317,3,1,Express,3,INR
ORD133001,14-03-2024,BR39,USA,Dallas,CUST6816,PROD268,Laptop,HP Spectre x360,Lenovo,2,1002.19,0.23,0.18,1821.18,Net Banking,Online,EMP619,2,0,Same Day,9,GBP
ORD133002,18-05-2024,BR100,UAE,Abu Dhabi,CUST3761,PROD858,Mobile,iPhone 14,Lenovo,3,1141.05,0.04,0.18,3877.74,Credit Card,In-Store,EMP562,3,1,Same Day,3,EUR
ORD133003,15-06-2024,BR14,UK,London,CUST4211,PROD499,TV,Samsung QLED 50,Lenovo,5,1329.6,0.25,0.18,5883.48,Net Banking,Online,EMP646,1,0,Standard,5,INR
ORD133004,10-10-2023,BR5,USA,Dallas,CUST3795,PROD772,Tablet,Samsung Galaxy Tab,Samsung,3,171.72,0.17,0.18,504.55,Credit Card,Online,EMP447,2,1,Same Day,9,EUR
ORD133005,03-11-2024,BR93,UAE,Abu Dhabi,CUST5533,PROD242,Accessories,Keyboard,OnePlus,1,1316.77,0.16,0.18,1305.18,Credit Card,Online,EMP935,1,1,Standard,4,USD
ORD133006,11-06-2024,BR3,Germany,Berlin,CUST9010,PROD714,TV,Samsung QLED 50,LG,2,1114.87,0.17,0.18,2183.81,Credit Card,Online,EMP765,0,0,Same Day,10,EUR
ORD133007,22-11-2023,BR42,India,Mumbai,CUST3926,PROD996,Mobile,OnePlus 11,Dell,3,519.13,0.1,0.18,1653.95,Credit Card,Online,EMP374,3,1,Standard,6,AED
ORD133008,26-02-2024,BR115,UK,London,CUST3001,PROD403,Laptop,HP Spectre x360,OnePlus,5,1683.5,0.09,0.18,9038.71,Debit Card,Online,EMP622,0,0,Express,2,GBP
ORD133009,26-08-2023,BR50,UAE,Dubai,CUST9300,PROD538,Mobile,Samsung Galaxy S23,Samsung,2,92.29,0.29,0.18,154.64,Cash,Online,EMP537,1,0,Same Day,1,USD
ORD133010,29-05-2024,BR20,UK,Manchester,CUST3679,PROD454,Accessories,Bluetooth Headphones,Lenovo,4,602.61,0,0.18,2844.32,Net Banking,Online,EMP597,3,0,Standard,9,USD
ORD133011,05-12-2024,BR71,India,Mumbai,CUST7995,PROD708,Laptop,Dell XPS 13,Lenovo,2,960.84,0.03,0.18,2199.55,Net Banking,In-Store,EMP256,3,0,Standard,4,USD
ORD133012,16-11-2024,BR4,USA,Los Angeles,CUST5715,PROD725,TV,LG OLED 48,Lenovo,5,158.8,0.19,0.18,758.91,Cash,Online,EMP855,2,1,Standard,3,INR
ORD133013,30-07-2023,BR31,India,Pune,CUST1907,PROD488,Tablet,iPad Air,Sony,2,505.22,0.06,0.18,1120.78,Debit Card,Online,EMP244,3,1,Standard,6,EUR
ORD133014,26-08-2023,BR48,India,Pune,CUST5956,PROD792,Accessories,Wireless Mouse,Apple,4,1978.51,0.27,0.18,6817.15,Credit Card,Online,EMP341,3,1,Standard,8,USD
ORD133015,20-08-2023,BR80,Germany,Berlin,CUST1496,PROD259,Tablet,Samsung Galaxy Tab,Samsung,5,1959.47,0.09,0.18,10520.39,Cash,In-Store,EMP247,3,0,Express,1,EUR
ORD133016,01-02-2023,BR75,Germany,Munich,CUST6217,PROD549,Accessories,Bluetooth Headphones,Apple,2,945.63,0.12,0.18,1963.88,Credit Card,In-Store,EMP348,3,1,Express,9,USD
ORD133017,07-05-2023,BR18,UK,London,CUST5615,PROD539,Mobile,iPhone 14,Apple,5,497.78,0.08,0.18,2701.95,Cash,Online,EMP774,1,0,Standard,7,INR
ORD133018,04-02-2024,BR15,India,Mumbai,CUST8088,PROD273,Accessories,Wireless Mouse,Dell,2,395.37,0.28,0.18,671.81,Net Banking,Online,EMP852,0,0,Standard,2,INR
ORD133019,14-08-2024,BR42,Germany,Munich,CUST2280,PROD712,Laptop,Dell XPS 13,Samsung,3,241.76,0.09,0.18,778.81,Net Banking,In-Store,EMP788,0,0,Express,8,USD
ORD133020,12-07-2023,BR13,UK,London,CUST3181,PROD768,TV,LG OLED 48,LG,2,1950.61,0.28,0.18,3314.48,Cash,Online,EMP371,0,1,Same Day,7,AED
ORD133021,27-05-2024,BR111,UK,Manchester,CUST4093,PROD195,TV,Samsung QLED 50,OnePlus,1,1405.91,0.23,0.18,1277.41,Cash,In-Store,EMP647,0,1,Express,9,USD
ORD133022,28-03-2023,BR27,USA,Dallas,CUST4346,PROD202,TV,Sony Bravia 55,Apple,4,1937.98,0.01,0.18,9055.79,Net Banking,In-Store,EMP364,1,1,Same Day,5,EUR
ORD133023,15-04-2024,BR18,UK,London,CUST3486,PROD579,Laptop,Dell XPS 13,Lenovo,2,1806.04,0.18,0.18,3495.05,Net Banking,Online,EMP771,2,0,Express,4,AED
ORD133024,24-03-2023,BR4,UK,Birmingham,CUST4674,PROD199,Accessories,Wireless Mouse,Samsung,2,1078.11,0.17,0.18,2111.8,Debit Card,In-Store,EMP573,1,0,Same Day,4,USD
ORD133025,22-05-2023,BR7,UAE,Abu Dhabi,CUST8434,PROD585,Mobile,OnePlus 11,Dell,3,1293.17,0.23,0.18,3524.92,UPI,In-Store,EMP947,1,0,Express,7,GBP
ORD133026,13-10-2024,BR101,UK,Manchester,CUST7184,PROD234,Laptop,MacBook Air M2,Dell,4,1468.43,0.24,0.18,5267.55,Debit Card,In-Store,EMP864,1,1,Same Day,4,EUR
ORD133027,01-11-2023,BR55,UAE,Dubai,CUST4568,PROD203,Tablet,iPad Air,OnePlus,2,629.58,0.04,0.18,1426.38,Net Banking,In-Store,EMP204,1,0,Same Day,2,INR
ORD133028,26-03-2024,BR3,USA,Los Angeles,CUST2420,PROD192,Tablet,iPad Air,LG,1,520.03,0.12,0.18,540,Net Banking,Online,EMP334,3,0,Standard,5,INR
ORD133029,22-01-2024,BR44,USA,Los Angeles,CUST8914,PROD340,Accessories,Wireless Mouse,Apple,5,1553.92,0.26,0.18,6784.41,Cash,In-Store,EMP531,0,1,Standard,8,EUR
ORD133030,19-07-2023,BR120,Germany,Hamburg,CUST1318,PROD839,Accessories,Wireless Mouse,LG,4,1701.12,0.03,0.18,7788.41,Debit Card,In-Store,EMP216,3,1,Standard,1,INR
ORD133031,29-05-2023,BR25,India,Bangalore,CUST4660,PROD891,Tablet,Samsung Galaxy Tab,Lenovo,3,321.01,0.08,0.18,1045.47,Net Banking,Online,EMP377,3,1,Same Day,3,AED
ORD133032,10-08-2024,BR68,India,Delhi,CUST6678,PROD502,Mobile,OnePlus 11,HP,4,1434.19,0.3,0.18,4738.56,Net Banking,In-Store,EMP874,2,0,Same Day,8,EUR
ORD133033,24-01-2024,BR16,USA,Los Angeles,CUST6846,PROD931,TV,Sony Bravia 55,OnePlus,2,1238.04,0.08,0.18,2688.03,Debit Card,Online,EMP938,2,1,Express,9,USD
ORD133034,30-10-2023,BR64,Germany,Berlin,CUST1416,PROD868,Tablet,iPad Air,Sony,3,1886.87,0.2,0.18,5343.62,Net Banking,In-Store,EMP669,1,0,Express,7,USD
ORD133035,26-05-2023,BR47,USA,New York,CUST3888,PROD689,Mobile,iPhone 14,Sony,2,1010.63,0.06,0.18,2241.98,UPI,In-Store,EMP281,3,1,Express,4,GBP
ORD133036,10-05-2024,BR59,UK,Birmingham,CUST5146,PROD174,TV,LG OLED 48,LG,4,1523.79,0.24,0.18,5466.14,Credit Card,Online,EMP631,0,1,Same Day,1,AED
ORD133037,28-03-2023,BR28,Germany,Berlin,CUST6942,PROD303,TV,Sony Bravia 55,Sony,1,1177.87,0.15,0.18,1181.4,Net Banking,Online,EMP661,1,0,Same Day,7,INR
ORD133038,21-12-2024,BR69,USA,Dallas,CUST9176,PROD626,Mobile,OnePlus 11,OnePlus,3,1861.66,0.11,0.18,5865.35,Net Banking,In-Store,EMP556,0,1,Express,1,AED
ORD133039,20-03-2023,BR41,UK,Birmingham,CUST2421,PROD240,TV,LG OLED 48,OnePlus,1,1196.7,0.15,0.18,1200.29,UPI,In-Store,EMP495,1,1,Same Day,1,AED
ORD133040,12-11-2023,BR29,UAE,Dubai,CUST9773,PROD541,Laptop,HP Spectre x360,OnePlus,3,1115.31,0.1,0.18,3553.38,Debit Card,Online,EMP551,0,0,Same Day,9,INR
ORD133041,01-04-2023,BR21,UAE,Dubai,CUST2863,PROD270,Mobile,OnePlus 11,Samsung,3,1824.18,0.08,0.18,5940.99,Net Banking,Online,EMP532,3,0,Express,2,EUR
ORD133042,21-01-2024,BR111,USA,Chicago,CUST8884,PROD809,TV,Samsung QLED 50,Lenovo,3,1022.59,0.23,0.18,2787.38,Credit Card,In-Store,EMP887,1,1,Express,2,USD
ORD133043,21-06-2024,BR69,Germany,Hamburg,CUST2497,PROD655,TV,LG OLED 48,LG,1,595.26,0.06,0.18,660.26,Cash,Online,EMP562,2,1,Express,7,GBP
ORD133044,20-11-2023,BR35,UK,London,CUST8974,PROD200,Laptop,HP Spectre x360,HP,4,1927.78,0.21,0.18,7188.31,Debit Card,Online,EMP340,3,0,Same Day,8,EUR
ORD133045,20-06-2024,BR40,UK,London,CUST7764,PROD736,Laptop,Dell XPS 13,LG,2,156.86,0.16,0.18,310.96,Cash,In-Store,EMP818,0,1,Same Day,4,INR
ORD133046,16-03-2023,BR115,UAE,Dubai,CUST7959,PROD306,Accessories,Keyboard,OnePlus,3,1825.97,0.12,0.18,5688.26,UPI,In-Store,EMP257,1,1,Same Day,2,INR
ORD133047,21-07-2023,BR53,India,Delhi,CUST4365,PROD473,Mobile,OnePlus 11,Samsung,2,1847.26,0.11,0.18,3879.98,Cash,Online,EMP972,3,1,Standard,2,GBP
ORD133048,17-01-2024,BR34,UK,Manchester,CUST7903,PROD722,TV,Samsung QLED 50,Apple,5,911.66,0.21,0.18,4249.25,Debit Card,Online,EMP298,1,0,Same Day,7,GBP
ORD133049,18-11-2023,BR16,USA,New York,CUST6518,PROD908,Laptop,Dell XPS 13,OnePlus,3,1611.88,0.02,0.18,5591.93,UPI,Online,EMP784,3,1,Standard,3,USD
ORD133050,18-09-2024,BR69,India,Mumbai,CUST8148,PROD217,Accessories,Keyboard,Sony,5,1299.61,0.16,0.18,6440.87,Debit Card,In-Store,EMP272,2,1,Same Day,9,GBP
ORD133051,08-05-2024,BR36,India,Delhi,CUST5475,PROD106,Accessories,Keyboard,Samsung,1,1519.42,0.23,0.18,1380.55,Cash,In-Store,EMP226,2,1,Express,10,GBP
ORD133052,22-05-2023,BR98,India,Mumbai,CUST7137,PROD260,Laptop,MacBook Air M2,Sony,5,1260.25,0.25,0.18,5576.61,UPI,Online,EMP756,3,1,Same Day,9,AED
ORD133053,27-01-2024,BR21,UAE,Abu Dhabi,CUST5353,PROD346,Mobile,OnePlus 11,HP,1,691.67,0.11,0.18,726.39,Net Banking,Online,EMP731,0,1,Express,6,AED
ORD133054,23-07-2023,BR98,UK,Birmingham,CUST4807,PROD297,Mobile,Samsung Galaxy S23,Samsung,5,571.89,0.09,0.18,3070.48,Net Banking,Online,EMP443,2,1,Standard,8,GBP
ORD133055,29-12-2024,BR52,UAE,Dubai,CUST9674,PROD994,Accessories,Keyboard,HP,2,178.08,0.24,0.18,319.4,Credit Card,Online,EMP334,2,0,Standard,10,USD
ORD133056,17-06-2023,BR41,Germany,Munich,CUST2677,PROD493,Accessories,Bluetooth Headphones,OnePlus,3,1445.39,0.28,0.18,3684.01,Debit Card,Online,EMP714,3,1,Same Day,4,EUR
ORD133057,10-02-2024,BR99,India,Mumbai,CUST1025,PROD295,Accessories,Wireless Mouse,OnePlus,3,1876.27,0.15,0.18,5645.7,UPI,Online,EMP267,3,1,Express,9,EUR
ORD133058,03-02-2023,BR68,USA,Los Angeles,CUST6699,PROD702,Tablet,Samsung Galaxy Tab,Samsung,3,1955.47,0.27,0.18,5053.33,Cash,Online,EMP946,1,1,Express,9,USD
ORD133059,26-10-2023,BR70,USA,New York,CUST6882,PROD163,Laptop,Dell XPS 13,Dell,5,590.79,0.14,0.18,2997.67,Debit Card,In-Store,EMP777,2,1,Same Day,4,USD
ORD133060,22-12-2023,BR31,Germany,Munich,CUST6439,PROD249,TV,LG OLED 48,LG,3,1202.04,0.11,0.18,3787.15,UPI,Online,EMP958,3,0,Same Day,4,USD
ORD133061,17-10-2024,BR5,India,Bangalore,CUST2094,PROD809,Accessories,Wireless Mouse,Sony,5,1469.16,0.26,0.18,6414.35,Cash,In-Store,EMP592,3,0,Same Day,6,AED
ORD133062,05-01-2023,BR26,India,Mumbai,CUST7618,PROD841,Laptop,MacBook Air M2,Sony,1,1329.32,0.08,0.18,1443.11,Net Banking,In-Store,EMP704,1,0,Same Day,5,GBP
ORD133063,02-05-2024,BR70,UAE,Dubai,CUST7554,PROD589,Accessories,Keyboard,Lenovo,1,381.22,0.21,0.18,355.37,UPI,In-Store,EMP979,1,1,Standard,6,AED
ORD133064,13-07-2024,BR105,Germany,Berlin,CUST1721,PROD201,TV,Sony Bravia 55,HP,1,285.51,0.1,0.18,303.21,UPI,Online,EMP598,0,1,Same Day,3,GBP
ORD133065,14-07-2024,BR102,Germany,Hamburg,CUST5463,PROD674,Mobile,OnePlus 11,HP,4,1715.92,0.08,0.18,7451.21,Cash,Online,EMP685,3,1,Standard,8,EUR
ORD133066,26-11-2024,BR63,USA,New York,CUST1223,PROD469,Tablet,Samsung Galaxy Tab,HP,1,362.89,0.29,0.18,304.03,UPI,Online,EMP366,0,1,Standard,6,INR
ORD133067,23-10-2023,BR46,UK,London,CUST1395,PROD641,Mobile,Samsung Galaxy S23,LG,1,1075.18,0.17,0.18,1053.03,Cash,In-Store,EMP450,1,1,Same Day,5,AED
ORD133068,22-11-2024,BR3,Germany,Berlin,CUST3836,PROD491,Accessories,Wireless Mouse,LG,2,1629.4,0.09,0.18,3499.3,Net Banking,In-Store,EMP364,1,0,Standard,2,USD
ORD133069,31-03-2023,BR19,Germany,Munich,CUST6372,PROD375,Mobile,OnePlus 11,Apple,1,528.68,0.16,0.18,524.03,Credit Card,In-Store,EMP227,3,1,Express,2,INR
ORD133070,19-10-2023,BR65,India,Pune,CUST8349,PROD996,Accessories,Bluetooth Headphones,OnePlus,5,1795.66,0.2,0.18,8475.52,Cash,Online,EMP341,2,1,Same Day,10,AED
ORD133071,12-07-2024,BR96,UAE,Abu Dhabi,CUST3956,PROD968,Mobile,iPhone 14,Lenovo,3,663.55,0.17,0.18,1949.64,Cash,Online,EMP809,1,1,Express,8,EUR
ORD133072,13-03-2024,BR23,India,Bangalore,CUST4720,PROD736,Mobile,Samsung Galaxy S23,Dell,1,479.23,0.14,0.18,486.32,Credit Card,In-Store,EMP230,3,1,Same Day,6,GBP
ORD133073,13-04-2024,BR30,India,Delhi,CUST7407,PROD751,Laptop,MacBook Air M2,Dell,3,483.35,0.24,0.18,1300.4,Debit Card,In-Store,EMP277,1,1,Standard,6,AED
ORD133074,12-07-2023,BR112,India,Mumbai,CUST3510,PROD982,Mobile,OnePlus 11,Apple,1,1660.14,0.12,0.18,1723.89,Net Banking,Online,EMP621,1,0,Express,9,AED
ORD133075,04-01-2024,BR56,Germany,Munich,CUST2454,PROD537,Laptop,Dell XPS 13,Lenovo,2,1333.55,0.01,0.18,3115.71,Net Banking,Online,EMP591,2,0,Express,7,GBP
ORD133076,02-12-2023,BR85,Germany,Munich,CUST8000,PROD880,Accessories,Wireless Mouse,Sony,5,1361.11,0.23,0.18,6183.52,Net Banking,Online,EMP377,0,1,Same Day,10,INR
ORD133077,16-01-2024,BR42,UK,Manchester,CUST9201,PROD669,Accessories,Bluetooth Headphones,Lenovo,4,1104.86,0.2,0.18,4171.95,Credit Card,Online,EMP386,0,1,Same Day,9,AED
ORD133078,19-01-2023,BR54,UAE,Dubai,CUST7829,PROD929,Laptop,MacBook Air M2,Lenovo,3,757.49,0.29,0.18,1903.88,Credit Card,In-Store,EMP883,2,1,Same Day,2,AED
ORD133079,03-11-2023,BR68,USA,Los Angeles,CUST8894,PROD258,Tablet,Lenovo Tab P11,HP,5,1451.64,0.01,0.18,8479.03,Credit Card,Online,EMP797,1,0,Express,7,GBP
ORD133080,18-09-2024,BR14,Germany,Hamburg,CUST9438,PROD619,TV,LG OLED 48,Sony,2,945.5,0.15,0.18,1896.67,Net Banking,In-Store,EMP882,0,0,Express,2,EUR
ORD133081,29-11-2024,BR51,India,Delhi,CUST7821,PROD768,TV,Sony Bravia 55,Dell,3,1993.44,0.24,0.18,5363.15,Debit Card,In-Store,EMP455,2,1,Standard,1,AED
ORD133082,06-04-2024,BR114,UAE,Dubai,CUST2747,PROD865,Tablet,Samsung Galaxy Tab,Lenovo,1,116.74,0.29,0.18,97.8,Cash,In-Store,EMP946,3,1,Express,7,EUR
ORD133083,09-12-2024,BR102,India,Delhi,CUST8316,PROD321,Laptop,HP Spectre x360,Apple,5,1356.81,0.22,0.18,6244.04,Credit Card,In-Store,EMP498,0,1,Same Day,8,INR
ORD133084,24-11-2023,BR111,India,Mumbai,CUST1610,PROD963,Tablet,Lenovo Tab P11,HP,4,1869.72,0.2,0.18,7060.06,UPI,Online,EMP517,1,0,Standard,10,USD
ORD133085,10-07-2023,BR36,USA,Chicago,CUST2545,PROD149,Mobile,OnePlus 11,Lenovo,1,932.06,0.19,0.18,890.86,Credit Card,In-Store,EMP702,3,1,Express,4,EUR
ORD133086,07-11-2024,BR93,UK,Manchester,CUST3359,PROD940,Accessories,Keyboard,Apple,1,1431.37,0.26,0.18,1249.87,Credit Card,Online,EMP848,3,1,Standard,1,USD
ORD133087,04-09-2024,BR75,Germany,Berlin,CUST9735,PROD167,Mobile,iPhone 14,Apple,2,947.77,0.16,0.18,1878.86,Net Banking,In-Store,EMP579,1,0,Same Day,3,EUR
ORD133088,08-05-2023,BR86,India,Pune,CUST4480,PROD270,TV,LG OLED 48,Sony,1,1855.67,0.04,0.18,2102.1,Net Banking,Online,EMP797,2,0,Express,10,INR
ORD133089,25-10-2024,BR82,Germany,Hamburg,CUST3649,PROD540,Tablet,iPad Air,Dell,1,874.57,0.05,0.18,980.39,UPI,In-Store,EMP267,2,0,Express,9,INR
ORD133090,22-01-2023,BR77,India,Mumbai,CUST1533,PROD277,Tablet,Samsung Galaxy Tab,OnePlus,4,208.06,0.05,0.18,932.94,Credit Card,In-Store,EMP497,3,0,Standard,10,INR
ORD133091,01-01-2024,BR114,USA,Los Angeles,CUST4283,PROD944,Laptop,HP Spectre x360,Apple,3,1730.61,0.04,0.18,5881.31,UPI,Online,EMP364,3,1,Express,8,AED
ORD133092,24-11-2024,BR103,USA,Los Angeles,CUST6125,PROD713,Tablet,Samsung Galaxy Tab,HP,4,1519.3,0.24,0.18,5450.03,Net Banking,In-Store,EMP716,2,1,Same Day,9,INR
ORD133093,13-08-2024,BR91,UK,Birmingham,CUST8380,PROD678,Mobile,Samsung Galaxy S23,HP,4,1951.77,0.26,0.18,6817.14,UPI,In-Store,EMP686,1,1,Standard,4,GBP
ORD133094,09-04-2024,BR84,UAE,Dubai,CUST8481,PROD260,Laptop,Dell XPS 13,Lenovo,4,1321.51,0.22,0.18,4865.27,Cash,In-Store,EMP418,1,1,Same Day,4,AED
ORD133095,07-03-2023,BR61,UK,Manchester,CUST1773,PROD230,TV,Samsung QLED 50,OnePlus,4,1682.71,0.12,0.18,6989.3,Debit Card,In-Store,EMP529,1,0,Standard,2,INR
ORD133096,15-08-2024,BR105,USA,New York,CUST2429,PROD809,TV,Samsung QLED 50,Samsung,3,218.95,0.06,0.18,728.58,Net Banking,In-Store,EMP395,1,0,Express,5,USD
ORD133097,27-02-2024,BR88,India,Pune,CUST1278,PROD228,Accessories,Bluetooth Headphones,Sony,4,1059.26,0.3,0.18,3499.8,Cash,Online,EMP882,2,1,Standard,8,GBP
ORD133098,26-02-2023,BR22,India,Mumbai,CUST3968,PROD155,Mobile,OnePlus 11,HP,5,1818.58,0.23,0.18,8261.81,Debit Card,Online,EMP303,1,0,Same Day,5,GBP
ORD133099,15-03-2024,BR15,Germany,Berlin,CUST3375,PROD508,Laptop,MacBook Air M2,Samsung,2,1336.68,0.15,0.18,2681.38,Credit Card,In-Store,EMP921,1,1,Express,10,EUR
ORD133100,14-05-2024,BR32,UAE,Abu Dhabi,CUST6040,PROD410,Laptop,MacBook Air M2,HP,2,603.82,0.08,0.18,1311.01,Debit Card,Online,EMP862,3,1,Standard,4,EUR
ORD133101,25-04-2024,BR83,USA,Los Angeles,CUST8176,PROD115,TV,LG OLED 48,Sony,5,1938.25,0.16,0.18,9605.97,Credit Card,In-Store,EMP201,1,1,Express,7,USD
ORD133102,02-05-2024,BR50,India,Delhi,CUST8155,PROD276,Mobile,Samsung Galaxy S23,HP,1,1558.71,0.29,0.18,1305.89,UPI,In-Store,EMP971,3,1,Same Day,10,AED
ORD133103,25-07-2024,BR62,Germany,Berlin,CUST2598,PROD478,Mobile,OnePlus 11,Sony,5,385.96,0.28,0.18,1639.56,UPI,Online,EMP403,3,0,Same Day,6,USD
ORD133104,15-10-2023,BR55,India,Delhi,CUST1078,PROD126,Mobile,iPhone 14,Dell,2,160.67,0,0.18,379.18,UPI,Online,EMP359,2,0,Express,5,GBP
ORD133105,23-05-2024,BR8,USA,Chicago,CUST2627,PROD230,Accessories,Wireless Mouse,Lenovo,2,1007.9,0.21,0.18,1879.13,Net Banking,In-Store,EMP892,3,1,Express,7,AED
ORD133106,24-05-2023,BR55,India,Bangalore,CUST1483,PROD989,TV,Samsung QLED 50,Dell,5,685.67,0.12,0.18,3560,Debit Card,In-Store,EMP769,2,0,Express,10,AED
ORD133107,26-11-2024,BR44,UAE,Dubai,CUST1770,PROD312,Laptop,Dell XPS 13,Sony,3,258.91,0.21,0.18,724.07,Debit Card,Online,EMP274,0,0,Same Day,1,EUR
ORD133108,12-01-2023,BR116,USA,Dallas,CUST6338,PROD261,Mobile,iPhone 14,LG,3,161.93,0.04,0.18,550.3,Debit Card,In-Store,EMP500,2,1,Same Day,9,USD
ORD133109,10-08-2023,BR21,USA,Chicago,CUST4784,PROD211,Accessories,Keyboard,Dell,1,431.61,0.1,0.18,458.37,Credit Card,Online,EMP246,0,0,Standard,8,INR
ORD133110,24-12-2023,BR69,USA,Dallas,CUST7632,PROD813,Mobile,iPhone 14,LG,3,441.26,0.27,0.18,1140.3,Debit Card,In-Store,EMP891,0,0,Standard,7,EUR
ORD133111,23-05-2023,BR53,UK,Manchester,CUST9159,PROD884,Mobile,iPhone 14,Apple,4,1601.02,0.17,0.18,6272.16,Debit Card,Online,EMP291,2,0,Express,9,USD
ORD133112,17-09-2024,BR26,USA,Los Angeles,CUST1018,PROD686,Accessories,Wireless Mouse,Dell,3,1198.07,0.07,0.18,3944.29,Credit Card,In-Store,EMP219,1,0,Express,1,USD
ORD133113,04-09-2024,BR75,India,Mumbai,CUST8207,PROD862,Laptop,MacBook Air M2,Sony,1,203.8,0.18,0.18,197.2,Net Banking,In-Store,EMP565,0,1,Express,2,AED
ORD133114,22-06-2024,BR6,Germany,Hamburg,CUST2211,PROD657,Laptop,Dell XPS 13,Lenovo,3,1479.1,0.04,0.18,5026.57,Debit Card,Online,EMP862,3,1,Standard,4,GBP
ORD133115,08-08-2024,BR79,UAE,Abu Dhabi,CUST5627,PROD914,Laptop,HP Spectre x360,Samsung,3,960,0.22,0.18,2650.75,Cash,Online,EMP700,0,1,Same Day,6,USD
ORD133116,30-06-2024,BR14,Germany,Munich,CUST6864,PROD841,TV,LG OLED 48,Dell,5,1691.27,0,0.18,9978.49,Debit Card,Online,EMP959,1,1,Express,4,AED
ORD133117,05-05-2023,BR48,USA,New York,CUST8416,PROD713,Accessories,Wireless Mouse,Apple,4,1774.58,0.18,0.18,6868.33,Net Banking,In-Store,EMP265,1,1,Standard,7,USD
ORD133118,12-07-2023,BR15,UK,London,CUST8033,PROD297,Tablet,Samsung Galaxy Tab,LG,1,1903.75,0.26,0.18,1662.35,Net Banking,Online,EMP232,1,1,Standard,3,USD
ORD133119,01-12-2024,BR15,India,Pune,CUST2411,PROD563,Laptop,Dell XPS 13,OnePlus,5,1279.62,0.03,0.18,7323.27,Cash,Online,EMP564,0,0,Express,5,GBP
ORD133120,17-09-2024,BR6,Germany,Hamburg,CUST1616,PROD737,Tablet,Lenovo Tab P11,LG,2,922.29,0.22,0.18,1697.75,Credit Card,In-Store,EMP572,1,0,Same Day,3,GBP
ORD133121,17-08-2024,BR8,India,Pune,CUST5519,PROD389,Mobile,Samsung Galaxy S23,Lenovo,1,433.41,0.1,0.18,460.28,Debit Card,In-Store,EMP790,0,1,Standard,5,EUR
ORD133122,16-10-2023,BR51,Germany,Berlin,CUST8804,PROD900,Laptop,Dell XPS 13,Samsung,5,196.81,0.1,0.18,1045.06,Net Banking,In-Store,EMP725,0,0,Standard,4,EUR
ORD133123,18-03-2023,BR61,USA,Los Angeles,CUST1218,PROD233,Laptop,HP Spectre x360,Samsung,2,1478.83,0.11,0.18,3106.13,Net Banking,Online,EMP676,2,1,Same Day,1,INR
ORD133124,09-03-2023,BR13,USA,Chicago,CUST2092,PROD734,Laptop,Dell XPS 13,HP,3,1837.56,0.28,0.18,4683.57,UPI,Online,EMP830,0,0,Standard,8,AED
ORD133125,28-11-2023,BR22,UAE,Dubai,CUST8694,PROD389,Accessories,Bluetooth Headphones,HP,3,441.45,0.25,0.18,1172.05,Net Banking,In-Store,EMP845,2,0,Express,9,INR
ORD133126,08-07-2024,BR4,India,Delhi,CUST9456,PROD157,Tablet,Lenovo Tab P11,Lenovo,4,562.66,0.19,0.18,2151.16,Credit Card,Online,EMP387,3,1,Same Day,5,EUR
ORD133127,25-02-2023,BR4,Germany,Berlin,CUST2557,PROD307,TV,Sony Bravia 55,Dell,1,323.17,0.15,0.18,324.14,Net Banking,In-Store,EMP443,3,1,Standard,7,USD
ORD133128,12-03-2024,BR58,Germany,Munich,CUST2394,PROD985,Laptop,Dell XPS 13,Apple,4,1464.49,0.27,0.18,5046.05,Cash,Online,EMP823,0,1,Express,7,AED
ORD133129,28-08-2024,BR13,UK,Birmingham,CUST5276,PROD675,Accessories,Wireless Mouse,LG,2,1463.76,0.26,0.18,2556.31,Credit Card,Online,EMP217,1,0,Same Day,5,AED
ORD133130,30-05-2024,BR96,USA,New York,CUST8611,PROD220,Mobile,iPhone 14,OnePlus,5,736.92,0.14,0.18,3739.13,Net Banking,In-Store,EMP839,2,1,Same Day,2,EUR
ORD133131,02-08-2024,BR27,Germany,Berlin,CUST8111,PROD952,TV,Sony Bravia 55,Apple,3,500.12,0.28,0.18,1274.71,Cash,In-Store,EMP767,2,1,Same Day,8,INR
ORD133132,20-03-2024,BR91,Germany,Berlin,CUST8738,PROD586,Accessories,Bluetooth Headphones,Dell,4,865.83,0.27,0.18,2983.3,Debit Card,Online,EMP730,2,1,Standard,7,AED
ORD133133,13-10-2023,BR6,UK,London,CUST5829,PROD839,TV,Sony Bravia 55,LG,1,382.31,0.24,0.18,342.86,Net Banking,In-Store,EMP771,1,1,Same Day,9,GBP
ORD133134,30-06-2024,BR76,USA,Dallas,CUST5455,PROD780,Tablet,Lenovo Tab P11,HP,5,234.21,0.13,0.18,1202.2,Net Banking,Online,EMP890,1,0,Standard,1,GBP
ORD133135,07-12-2024,BR50,Germany,Munich,CUST2577,PROD152,Mobile,iPhone 14,OnePlus,4,1739.15,0.07,0.18,7634.17,Credit Card,In-Store,EMP711,2,0,Same Day,6,USD
ORD133136,22-02-2024,BR60,India,Bangalore,CUST9874,PROD286,Tablet,iPad Air,Samsung,2,796.27,0.23,0.18,1446.98,UPI,Online,EMP706,2,0,Express,3,INR
ORD133137,02-12-2023,BR62,India,Mumbai,CUST3830,PROD176,Laptop,Dell XPS 13,HP,3,103.03,0.13,0.18,317.31,UPI,In-Store,EMP473,1,0,Standard,3,AED
ORD133138,20-02-2024,BR17,India,Mumbai,CUST4484,PROD838,TV,Samsung QLED 50,Dell,5,729.97,0.17,0.18,3574.66,Credit Card,In-Store,EMP248,3,1,Express,9,INR
ORD133139,26-10-2023,BR88,UAE,Abu Dhabi,CUST9347,PROD660,Mobile,Samsung Galaxy S23,Apple,5,1136.15,0.19,0.18,5429.66,Cash,In-Store,EMP581,2,1,Standard,5,INR
ORD133140,01-12-2023,BR87,India,Pune,CUST6285,PROD370,Laptop,Dell XPS 13,LG,5,609.23,0.18,0.18,2947.45,UPI,In-Store,EMP462,2,0,Standard,10,USD
ORD133141,16-06-2023,BR76,USA,Dallas,CUST2765,PROD830,Accessories,Wireless Mouse,OnePlus,4,1235.66,0.21,0.18,4607.53,Credit Card,Online,EMP270,0,0,Express,3,INR
ORD133142,27-10-2023,BR2,UAE,Dubai,CUST2339,PROD337,Accessories,Wireless Mouse,Apple,1,1181.35,0.18,0.18,1143.07,Cash,Online,EMP408,1,1,Same Day,5,AED
ORD133143,07-09-2023,BR107,USA,Dallas,CUST9416,PROD860,Mobile,iPhone 14,LG,4,1065.8,0.25,0.18,3772.93,Net Banking,Online,EMP631,1,0,Express,8,AED
ORD133144,13-02-2024,BR90,UAE,Abu Dhabi,CUST9835,PROD682,Accessories,Bluetooth Headphones,Samsung,4,1303.3,0.18,0.18,5044.29,UPI,In-Store,EMP870,2,1,Standard,6,EUR
ORD133145,11-08-2024,BR70,UK,Manchester,CUST9260,PROD643,Laptop,Dell XPS 13,Apple,2,1242.17,0.21,0.18,2315.9,Cash,Online,EMP512,2,0,Same Day,6,INR
ORD133146,13-08-2024,BR103,USA,New York,CUST1207,PROD172,TV,Samsung QLED 50,Sony,2,893.7,0.04,0.18,2024.77,UPI,Online,EMP812,2,1,Standard,1,GBP
ORD133147,30-12-2023,BR82,USA,New York,CUST2255,PROD198,Tablet,iPad Air,HP,2,534.7,0.3,0.18,883.32,Debit Card,In-Store,EMP801,0,0,Express,7,GBP
ORD133148,18-06-2023,BR58,UK,Manchester,CUST6819,PROD607,TV,LG OLED 48,HP,5,584.62,0.12,0.18,3035.35,Cash,Online,EMP562,1,1,Same Day,4,INR
ORD133149,10-05-2023,BR76,UAE,Dubai,CUST4838,PROD436,Tablet,iPad Air,Apple,5,995.44,0.19,0.18,4757.21,Net Banking,Online,EMP254,2,1,Same Day,9,GBP
ORD133150,31-03-2024,BR98,India,Pune,CUST2203,PROD345,Laptop,Dell XPS 13,HP,5,923.16,0.01,0.18,5392.18,Credit Card,Online,EMP347,1,0,Same Day,3,USD
ORD133151,17-02-2023,BR34,Germany,Munich,CUST6073,PROD649,TV,LG OLED 48,Lenovo,3,1122.65,0.11,0.18,3537.02,Credit Card,In-Store,EMP561,2,0,Standard,6,USD
ORD133152,14-08-2023,BR73,Germany,Berlin,CUST9867,PROD864,Accessories,Bluetooth Headphones,LG,1,503.46,0.26,0.18,439.62,Cash,In-Store,EMP419,0,0,Same Day,6,GBP
ORD133153,18-06-2024,BR107,UK,Manchester,CUST9705,PROD194,TV,Samsung QLED 50,Lenovo,2,1386.86,0.15,0.18,2782.04,Net Banking,In-Store,EMP828,3,0,Standard,5,INR
ORD133154,28-07-2024,BR110,India,Bangalore,CUST5633,PROD534,Laptop,HP Spectre x360,LG,5,871.45,0.02,0.18,5038.72,Credit Card,In-Store,EMP526,1,1,Same Day,1,GBP
ORD133155,07-04-2023,BR57,UK,Manchester,CUST7154,PROD730,TV,Samsung QLED 50,Lenovo,1,711.35,0.22,0.18,654.73,Debit Card,Online,EMP542,2,1,Standard,10,GBP
ORD133156,19-05-2024,BR10,UK,Birmingham,CUST2905,PROD293,Accessories,Bluetooth Headphones,Lenovo,1,744.77,0.12,0.18,773.37,Debit Card,Online,EMP838,3,0,Express,5,EUR
ORD133157,31-08-2023,BR63,USA,New York,CUST6919,PROD548,Tablet,Samsung Galaxy Tab,Samsung,2,118.06,0.08,0.18,256.33,Credit Card,In-Store,EMP209,0,0,Standard,9,AED
ORD133158,10-06-2024,BR83,UAE,Dubai,CUST3232,PROD252,TV,Samsung QLED 50,Dell,5,1772.26,0.28,0.18,7528.56,Net Banking,Online,EMP383,1,0,Standard,10,GBP
ORD133159,28-10-2023,BR25,USA,Chicago,CUST6504,PROD509,TV,Samsung QLED 50,Samsung,1,533.66,0.08,0.18,579.34,Cash,In-Store,EMP382,2,0,Express,1,GBP
ORD133160,24-05-2024,BR65,India,Mumbai,CUST1305,PROD939,Tablet,Lenovo Tab P11,Sony,3,1952.23,0.09,0.18,6288.91,Debit Card,Online,EMP767,1,0,Same Day,7,AED
ORD133161,22-10-2024,BR27,India,Pune,CUST1542,PROD701,TV,Samsung QLED 50,HP,1,216.1,0.18,0.18,209.1,UPI,In-Store,EMP805,2,0,Express,9,GBP
ORD133162,26-07-2023,BR40,Germany,Berlin,CUST3279,PROD781,Mobile,Samsung Galaxy S23,Apple,2,146.73,0.13,0.18,301.27,Credit Card,In-Store,EMP268,0,1,Express,10,GBP
ORD133163,13-06-2024,BR15,Germany,Munich,CUST3715,PROD702,Mobile,OnePlus 11,LG,4,1131.61,0.22,0.18,4166.14,Debit Card,In-Store,EMP674,0,0,Same Day,10,USD
ORD133164,29-01-2023,BR52,UK,Birmingham,CUST6588,PROD705,Mobile,OnePlus 11,HP,2,283.33,0.12,0.18,588.42,Credit Card,Online,EMP540,0,1,Standard,2,AED
ORD133165,29-07-2024,BR7,UK,London,CUST6806,PROD229,Accessories,Bluetooth Headphones,OnePlus,2,146.51,0.18,0.18,283.53,Debit Card,In-Store,EMP943,3,1,Same Day,7,USD
ORD133166,25-03-2023,BR80,UAE,Abu Dhabi,CUST6280,PROD393,Accessories,Bluetooth Headphones,OnePlus,5,449.72,0.25,0.18,1990.01,Cash,Online,EMP680,0,0,Express,6,EUR
ORD133167,01-11-2023,BR61,UK,London,CUST9760,PROD156,Mobile,OnePlus 11,Samsung,3,653.73,0.07,0.18,2152.21,Debit Card,In-Store,EMP200,2,1,Same Day,6,USD
ORD133168,19-11-2024,BR48,USA,Chicago,CUST7281,PROD363,Tablet,Lenovo Tab P11,HP,2,1420,0.22,0.18,2613.94,Net Banking,In-Store,EMP760,2,0,Same Day,3,INR
ORD133169,20-01-2023,BR112,UAE,Dubai,CUST9564,PROD521,Accessories,Bluetooth Headphones,Dell,3,1601.04,0.2,0.18,4534.15,UPI,Online,EMP877,3,1,Standard,2,USD
ORD133170,01-11-2023,BR7,UK,London,CUST7109,PROD345,Mobile,Samsung Galaxy S23,LG,5,1030.5,0.12,0.18,5350.36,Cash,In-Store,EMP972,3,1,Same Day,3,GBP
ORD133171,11-01-2024,BR109,UAE,Dubai,CUST2949,PROD409,Tablet,iPad Air,Dell,2,1906.41,0.15,0.18,3824.26,Debit Card,In-Store,EMP628,1,0,Standard,6,INR
ORD133172,23-07-2024,BR74,USA,Chicago,CUST8366,PROD776,Mobile,iPhone 14,Lenovo,3,316.63,0.11,0.18,997.57,Debit Card,In-Store,EMP435,1,1,Express,7,GBP
ORD133173,06-02-2023,BR37,UK,London,CUST1982,PROD267,TV,Sony Bravia 55,HP,1,454.67,0.13,0.18,466.76,Credit Card,Online,EMP209,1,1,Same Day,2,GBP
ORD133174,24-06-2024,BR18,Germany,Berlin,CUST8537,PROD607,Mobile,Samsung Galaxy S23,HP,2,838.49,0.03,0.18,1919.47,Debit Card,Online,EMP289,0,1,Same Day,8,GBP
ORD133175,23-01-2024,BR100,Germany,Berlin,CUST6599,PROD512,TV,Sony Bravia 55,Lenovo,1,1369.16,0.11,0.18,1437.89,Net Banking,Online,EMP380,3,1,Express,4,USD
ORD133176,27-09-2024,BR81,USA,Dallas,CUST8470,PROD996,Laptop,HP Spectre x360,Lenovo,4,144.83,0.17,0.18,567.39,Debit Card,Online,EMP793,1,1,Standard,3,USD
ORD133177,12-12-2024,BR16,UAE,Dubai,CUST2087,PROD790,Mobile,OnePlus 11,Dell,5,750.75,0.05,0.18,4207.95,Debit Card,In-Store,EMP582,3,1,Standard,4,INR
ORD133178,15-07-2024,BR22,UK,Manchester,CUST2115,PROD783,Laptop,Dell XPS 13,OnePlus,1,1038.47,0.28,0.18,882.28,Credit Card,Online,EMP342,0,0,Standard,5,GBP
ORD133179,03-04-2024,BR83,UAE,Dubai,CUST6641,PROD916,Accessories,Bluetooth Headphones,OnePlus,5,1834.49,0.03,0.18,10498.79,Cash,Online,EMP555,1,0,Same Day,3,USD
ORD133180,24-09-2023,BR104,UAE,Dubai,CUST6300,PROD860,Laptop,HP Spectre x360,OnePlus,4,387.1,0.19,0.18,1479.96,Cash,Online,EMP564,1,0,Same Day,5,GBP
ORD133181,13-10-2023,BR51,USA,Dallas,CUST6186,PROD125,Laptop,MacBook Air M2,Sony,3,439.04,0.26,0.18,1150.11,Debit Card,Online,EMP362,3,0,Standard,1,AED
ORD133182,12-02-2024,BR109,UAE,Dubai,CUST6034,PROD775,Mobile,Samsung Galaxy S23,Lenovo,2,359.95,0.04,0.18,815.5,Credit Card,In-Store,EMP421,3,1,Standard,10,INR
ORD133183,13-09-2024,BR36,India,Bangalore,CUST5643,PROD798,TV,LG OLED 48,Samsung,1,404.13,0.07,0.18,443.49,Cash,In-Store,EMP513,3,0,Same Day,2,INR
ORD133184,16-02-2023,BR88,USA,Chicago,CUST1557,PROD346,Accessories,Wireless Mouse,Sony,5,421.64,0.04,0.18,2388.17,Net Banking,Online,EMP890,3,0,Standard,9,GBP
ORD133185,28-09-2023,BR84,India,Bangalore,CUST9087,PROD139,Accessories,Wireless Mouse,HP,5,1453.18,0.18,0.18,7030.48,Debit Card,Online,EMP518,1,1,Same Day,8,USD
ORD133186,06-10-2024,BR72,UAE,Dubai,CUST1869,PROD640,TV,Samsung QLED 50,LG,1,1164.42,0.3,0.18,961.81,UPI,In-Store,EMP393,3,1,Same Day,8,GBP
ORD133187,25-09-2024,BR81,USA,Los Angeles,CUST6066,PROD862,Accessories,Bluetooth Headphones,LG,3,1537.42,0.06,0.18,5115.92,Net Banking,Online,EMP810,3,1,Standard,7,USD
ORD133188,30-05-2024,BR71,USA,Dallas,CUST4363,PROD652,Tablet,iPad Air,OnePlus,5,1422.5,0.09,0.18,7637.4,UPI,Online,EMP780,2,1,Same Day,9,USD
ORD133189,30-01-2023,BR68,USA,Dallas,CUST6814,PROD965,TV,LG OLED 48,OnePlus,2,1700.33,0.11,0.18,3571.37,Cash,In-Store,EMP685,0,0,Standard,9,EUR
ORD133190,12-06-2024,BR85,Germany,Berlin,CUST8590,PROD842,Accessories,Wireless Mouse,Lenovo,3,867.6,0.26,0.18,2272.76,Cash,In-Store,EMP595,2,0,Standard,3,EUR
ORD133191,29-09-2024,BR64,USA,New York,CUST8796,PROD989,Laptop,HP Spectre x360,Samsung,4,1375.77,0.01,0.18,6428.7,Net Banking,Online,EMP253,3,1,Same Day,10,INR
ORD133192,25-07-2024,BR101,UAE,Abu Dhabi,CUST1341,PROD778,Tablet,Lenovo Tab P11,HP,2,1426.2,0.05,0.18,3197.54,Cash,Online,EMP719,1,0,Standard,10,GBP
ORD133193,11-01-2023,BR74,Germany,Hamburg,CUST8389,PROD403,Tablet,Samsung Galaxy Tab,Sony,5,1644.82,0.02,0.18,9510.35,Debit Card,Online,EMP818,3,1,Standard,7,GBP
ORD133194,06-09-2024,BR10,UAE,Dubai,CUST5377,PROD424,Mobile,iPhone 14,HP,2,315.14,0.18,0.18,609.86,Debit Card,In-Store,EMP292,0,1,Standard,6,EUR
ORD133195,15-01-2023,BR5,USA,Dallas,CUST5595,PROD456,Tablet,Lenovo Tab P11,Samsung,3,1137.05,0.29,0.18,2857.86,Credit Card,In-Store,EMP246,2,1,Express,5,AED
ORD133196,01-04-2024,BR107,UAE,Dubai,CUST8017,PROD829,TV,Samsung QLED 50,Lenovo,1,1301.77,0.27,0.18,1121.34,Net Banking,In-Store,EMP719,0,1,Standard,9,EUR
ORD133197,24-01-2023,BR61,USA,New York,CUST7596,PROD960,Accessories,Wireless Mouse,Sony,4,1575.41,0.11,0.18,6617.98,Credit Card,In-Store,EMP853,2,1,Express,2,GBP
ORD133198,20-06-2024,BR114,UAE,Dubai,CUST6399,PROD162,Accessories,Wireless Mouse,LG,5,750.81,0.25,0.18,3322.33,UPI,In-Store,EMP414,1,0,Express,6,INR
ORD133199,14-05-2024,BR60,UK,Manchester,CUST4521,PROD396,Tablet,Lenovo Tab P11,Lenovo,1,1816.87,0.26,0.18,1586.49,Net Banking,In-Store,EMP621,1,0,Same Day,6,INR
ORD133200,11-05-2023,BR109,USA,Chicago,CUST2323,PROD307,Mobile,Samsung Galaxy S23,Lenovo,1,606.85,0.01,0.18,708.92,Credit Card,Online,EMP687,3,1,Same Day,7,GBP
ORD133201,16-10-2023,BR75,UK,Birmingham,CUST3383,PROD522,Accessories,Keyboard,Lenovo,2,1090.58,0.01,0.18,2548.03,Credit Card,In-Store,EMP515,1,1,Standard,7,AED
ORD133202,12-05-2024,BR57,UK,Birmingham,CUST5266,PROD362,TV,Samsung QLED 50,Samsung,5,1318.86,0.07,0.18,7236.58,Cash,Online,EMP631,1,1,Express,9,USD
ORD133203,05-06-2024,BR25,UK,Birmingham,CUST4428,PROD697,TV,Sony Bravia 55,Samsung,4,1373.68,0.03,0.18,6289.26,Net Banking,In-Store,EMP985,0,1,Express,7,USD
ORD133204,04-01-2023,BR113,USA,Chicago,CUST2109,PROD219,Mobile,Samsung Galaxy S23,Sony,5,656.07,0.12,0.18,3406.32,Net Banking,Online,EMP463,3,0,Same Day,1,USD
ORD133205,21-04-2024,BR65,USA,Dallas,CUST2913,PROD716,TV,Samsung QLED 50,LG,1,397.51,0.07,0.18,436.23,Debit Card,Online,EMP432,3,1,Standard,7,USD
ORD133206,06-12-2023,BR14,Germany,Berlin,CUST2447,PROD755,TV,Samsung QLED 50,LG,3,1665.75,0.21,0.18,4658.44,Cash,In-Store,EMP350,2,0,Same Day,7,GBP
ORD133207,13-06-2023,BR88,UAE,Abu Dhabi,CUST5279,PROD800,TV,LG OLED 48,Lenovo,1,1630.69,0.15,0.18,1635.58,Cash,In-Store,EMP413,2,0,Standard,2,EUR
ORD133208,14-03-2023,BR3,USA,Chicago,CUST4954,PROD568,Accessories,Bluetooth Headphones,Lenovo,3,568.47,0.16,0.18,1690.4,UPI,In-Store,EMP780,3,0,Express,5,USD
ORD133209,13-12-2024,BR52,USA,Los Angeles,CUST9122,PROD133,Mobile,OnePlus 11,Samsung,1,50.47,0.13,0.18,51.81,Cash,Online,EMP964,2,0,Standard,4,USD
ORD133210,03-05-2023,BR95,Germany,Hamburg,CUST7861,PROD884,Tablet,iPad Air,Samsung,5,1206.27,0.01,0.18,7045.82,UPI,In-Store,EMP338,1,0,Express,2,EUR
ORD133211,31-12-2024,BR27,Germany,Munich,CUST8398,PROD790,Tablet,Lenovo Tab P11,HP,4,81.52,0.04,0.18,369.38,Cash,In-Store,EMP638,2,1,Standard,5,USD
ORD133212,21-07-2024,BR74,UK,Birmingham,CUST2529,PROD238,Mobile,iPhone 14,Samsung,3,1103.63,0.27,0.18,2852,Net Banking,Online,EMP837,1,0,Same Day,7,AED
ORD133213,06-02-2024,BR105,India,Mumbai,CUST5108,PROD241,Mobile,OnePlus 11,HP,4,1493.04,0.09,0.18,6412.91,Debit Card,In-Store,EMP667,2,1,Same Day,8,AED
ORD133214,01-01-2024,BR33,USA,Los Angeles,CUST3736,PROD546,Mobile,Samsung Galaxy S23,Samsung,3,543.15,0.23,0.18,1480.52,Cash,Online,EMP237,1,1,Same Day,3,INR
ORD133215,02-01-2024,BR42,Germany,Berlin,CUST1833,PROD361,Mobile,Samsung Galaxy S23,Lenovo,1,937.55,0.18,0.18,907.17,Net Banking,In-Store,EMP625,2,0,Standard,7,EUR
ORD133216,18-04-2023,BR24,India,Mumbai,CUST4786,PROD214,Accessories,Wireless Mouse,Dell,5,1975.99,0.02,0.18,11425.17,Debit Card,In-Store,EMP242,0,0,Same Day,5,EUR
ORD133217,24-01-2023,BR73,UAE,Dubai,CUST6990,PROD305,Mobile,OnePlus 11,Sony,1,1769.52,0.1,0.18,1879.23,Net Banking,Online,EMP916,0,1,Same Day,1,USD
ORD133218,15-02-2023,BR54,UK,Manchester,CUST9774,PROD450,Mobile,Samsung Galaxy S23,Dell,2,1643.33,0.21,0.18,3063.82,UPI,Online,EMP201,3,1,Express,6,AED
ORD133219,24-09-2023,BR56,Germany,Berlin,CUST6946,PROD199,Tablet,iPad Air,LG,3,326.81,0.05,0.18,1099.06,Net Banking,Online,EMP664,0,1,Same Day,4,EUR
ORD133220,16-01-2023,BR67,UAE,Abu Dhabi,CUST2203,PROD485,Accessories,Keyboard,Sony,4,237.9,0.22,0.18,875.85,Cash,In-Store,EMP435,3,1,Express,1,GBP
ORD133221,13-11-2024,BR11,India,Bangalore,CUST6374,PROD179,TV,Samsung QLED 50,LG,2,1344.15,0.1,0.18,2854.97,UPI,In-Store,EMP260,1,0,Express,3,GBP
ORD133222,26-12-2024,BR33,UK,Birmingham,CUST2973,PROD919,Laptop,Dell XPS 13,Apple,5,840.72,0.08,0.18,4563.43,Credit Card,Online,EMP704,3,1,Same Day,6,AED
ORD133223,04-02-2023,BR61,UK,London,CUST2075,PROD844,Tablet,Samsung Galaxy Tab,Apple,1,690.36,0.27,0.18,594.68,Cash,Online,EMP690,3,0,Standard,8,USD
ORD133224,23-08-2023,BR117,USA,New York,CUST4132,PROD914,Mobile,iPhone 14,Apple,1,652.79,0.03,0.18,747.18,Debit Card,In-Store,EMP770,0,0,Same Day,3,INR
ORD133225,14-08-2023,BR11,Germany,Munich,CUST2718,PROD487,Mobile,iPhone 14,Lenovo,3,1461.81,0.25,0.18,3881.11,UPI,In-Store,EMP746,1,1,Standard,6,EUR
ORD133226,23-03-2024,BR74,USA,Dallas,CUST5191,PROD822,Mobile,Samsung Galaxy S23,Apple,3,1369.08,0.24,0.18,3683.37,Net Banking,Online,EMP528,2,1,Same Day,5,AED
ORD133227,10-07-2023,BR117,India,Pune,CUST1938,PROD926,Accessories,Wireless Mouse,Dell,4,1514.16,0.05,0.18,6789.49,Credit Card,Online,EMP467,3,0,Express,1,EUR
ORD133228,16-03-2023,BR83,USA,New York,CUST7668,PROD678,Laptop,HP Spectre x360,Dell,5,1002.72,0.09,0.18,5383.6,Credit Card,In-Store,EMP468,3,1,Standard,5,GBP
ORD133229,09-01-2024,BR56,UK,London,CUST6381,PROD794,Laptop,Dell XPS 13,OnePlus,5,1563.26,0.1,0.18,8300.91,Net Banking,In-Store,EMP390,0,1,Same Day,1,AED
ORD133230,07-12-2023,BR115,Germany,Hamburg,CUST6075,PROD859,Accessories,Wireless Mouse,HP,3,603.31,0.14,0.18,1836.72,Net Banking,Online,EMP498,2,0,Express,7,USD
ORD133231,17-03-2023,BR44,Germany,Munich,CUST3717,PROD105,Accessories,Bluetooth Headphones,Dell,5,679.81,0.08,0.18,3690.01,UPI,Online,EMP807,3,1,Same Day,7,INR
ORD133232,18-07-2023,BR115,UK,London,CUST3417,PROD460,Laptop,Dell XPS 13,Lenovo,3,1922.79,0.26,0.18,5036.94,Credit Card,In-Store,EMP219,2,0,Express,8,INR
ORD133233,30-09-2024,BR55,UK,Birmingham,CUST5866,PROD651,Accessories,Keyboard,Dell,3,1760.94,0.29,0.18,4425.95,Net Banking,Online,EMP802,3,0,Express,4,AED
ORD133234,31-07-2023,BR6,Germany,Munich,CUST1659,PROD806,TV,Samsung QLED 50,OnePlus,5,1555.14,0.16,0.18,7707.27,Cash,Online,EMP673,2,0,Same Day,7,EUR
ORD133235,26-11-2023,BR39,India,Delhi,CUST2417,PROD412,Tablet,Samsung Galaxy Tab,Samsung,3,1330.88,0.04,0.18,4522.86,Debit Card,Online,EMP773,3,0,Express,7,USD
ORD133236,18-10-2023,BR90,Germany,Hamburg,CUST4806,PROD476,Mobile,iPhone 14,Lenovo,5,938.51,0.26,0.18,4097.53,Net Banking,Online,EMP373,0,1,Same Day,3,INR
ORD133237,14-08-2024,BR94,Germany,Hamburg,CUST5054,PROD319,Mobile,OnePlus 11,HP,3,1901.56,0.27,0.18,4914.01,Net Banking,In-Store,EMP414,3,1,Standard,9,INR
ORD133238,05-11-2023,BR57,India,Pune,CUST5423,PROD248,Tablet,Lenovo Tab P11,Dell,2,1550.36,0.02,0.18,3585.67,UPI,In-Store,EMP805,0,1,Same Day,9,EUR
ORD133239,16-08-2023,BR26,India,Bangalore,CUST5279,PROD303,Accessories,Wireless Mouse,Samsung,1,1013.91,0.08,0.18,1100.7,Credit Card,In-Store,EMP459,2,1,Express,2,INR
ORD133240,13-02-2024,BR112,UK,London,CUST1557,PROD230,Laptop,MacBook Air M2,Lenovo,1,572.79,0.18,0.18,554.23,Credit Card,Online,EMP822,2,1,Same Day,7,EUR
ORD133241,23-06-2023,BR22,India,Pune,CUST6105,PROD575,Mobile,OnePlus 11,Lenovo,1,1498.28,0.01,0.18,1750.29,Net Banking,In-Store,EMP451,1,1,Standard,5,EUR
ORD133242,12-11-2023,BR53,Germany,Hamburg,CUST4652,PROD259,Tablet,Lenovo Tab P11,Apple,1,922.65,0.26,0.18,805.66,UPI,In-Store,EMP391,2,1,Express,2,AED
ORD133243,03-09-2023,BR30,India,Delhi,CUST7516,PROD384,Tablet,iPad Air,Dell,2,1411.14,0.03,0.18,3230.38,Credit Card,In-Store,EMP548,2,1,Standard,8,AED
ORD133244,10-02-2024,BR41,Germany,Hamburg,CUST9815,PROD149,Laptop,HP Spectre x360,LG,4,603.05,0.07,0.18,2647.15,Debit Card,Online,EMP442,2,1,Express,2,AED
ORD133245,10-04-2023,BR106,UK,Manchester,CUST2071,PROD565,Accessories,Keyboard,OnePlus,4,1467.63,0.14,0.18,5957.4,Cash,In-Store,EMP750,0,0,Same Day,4,USD
ORD133246,28-08-2023,BR24,USA,New York,CUST5449,PROD552,TV,LG OLED 48,HP,4,122.27,0.1,0.18,519.4,Net Banking,In-Store,EMP499,3,0,Express,1,USD
ORD133247,02-03-2024,BR45,UK,Manchester,CUST2342,PROD947,Accessories,Keyboard,Apple,2,648.86,0.21,0.18,1209.73,Debit Card,In-Store,EMP945,0,0,Express,1,INR
ORD133248,29-03-2024,BR37,UK,London,CUST4969,PROD231,Accessories,Wireless Mouse,Sony,2,1853.92,0.12,0.18,3850.22,UPI,In-Store,EMP553,2,0,Express,9,GBP
ORD133249,20-09-2023,BR69,India,Pune,CUST3592,PROD316,Mobile,OnePlus 11,OnePlus,1,591,0.05,0.18,662.51,Credit Card,Online,EMP618,3,1,Standard,4,USD
ORD133250,13-07-2023,BR112,UAE,Abu Dhabi,CUST4973,PROD692,TV,Sony Bravia 55,LG,5,1822.25,0.21,0.18,8493.51,UPI,Online,EMP588,0,0,Express,4,USD
ORD133251,26-12-2023,BR108,UAE,Dubai,CUST7850,PROD539,Tablet,Samsung Galaxy Tab,Apple,1,1024.09,0.27,0.18,882.15,UPI,Online,EMP626,1,1,Express,6,EUR
ORD133252,01-11-2023,BR113,Germany,Hamburg,CUST3113,PROD132,Laptop,Dell XPS 13,Samsung,4,276.42,0.21,0.18,1030.71,UPI,In-Store,EMP749,0,1,Express,1,INR
ORD133253,10-10-2024,BR25,India,Mumbai,CUST5237,PROD562,Laptop,MacBook Air M2,Samsung,2,898.78,0.01,0.18,2099.91,Credit Card,In-Store,EMP935,1,1,Standard,7,GBP
ORD133254,05-10-2024,BR2,USA,New York,CUST7229,PROD696,TV,Samsung QLED 50,Lenovo,5,985.61,0.25,0.18,4361.32,UPI,In-Store,EMP657,1,1,Same Day,3,EUR
ORD133255,30-08-2024,BR17,USA,Los Angeles,CUST6175,PROD508,Accessories,Keyboard,LG,2,298.31,0.26,0.18,520.97,Net Banking,In-Store,EMP319,3,0,Same Day,6,AED
ORD133256,15-01-2024,BR61,USA,Dallas,CUST9987,PROD756,TV,LG OLED 48,Samsung,2,285.76,0.05,0.18,640.67,Credit Card,Online,EMP223,1,1,Standard,5,AED
ORD133257,14-01-2024,BR13,Germany,Hamburg,CUST7192,PROD902,Tablet,iPad Air,Samsung,2,1520.67,0.3,0.18,2512.15,Net Banking,Online,EMP999,2,1,Same Day,10,GBP
ORD133258,31-05-2024,BR32,UK,Manchester,CUST9756,PROD816,Mobile,OnePlus 11,LG,3,686.54,0.1,0.18,2187.32,Net Banking,Online,EMP693,2,0,Express,6,INR
ORD133259,23-09-2023,BR84,USA,New York,CUST1996,PROD505,Tablet,iPad Air,Samsung,1,1389.03,0.07,0.18,1524.32,Net Banking,In-Store,EMP299,0,0,Same Day,3,AED
ORD133260,08-01-2023,BR22,Germany,Hamburg,CUST4983,PROD715,Mobile,Samsung Galaxy S23,OnePlus,2,1483.01,0,0.18,3499.9,Net Banking,Online,EMP788,0,0,Same Day,10,AED
ORD133261,20-08-2023,BR61,UAE,Abu Dhabi,CUST6376,PROD309,Mobile,OnePlus 11,LG,3,972.38,0.23,0.18,2650.51,Credit Card,In-Store,EMP266,3,1,Same Day,10,INR
ORD133262,26-04-2023,BR70,USA,Los Angeles,CUST4439,PROD824,Tablet,iPad Air,Sony,4,715.7,0.04,0.18,3242.98,Debit Card,Online,EMP426,1,1,Express,3,EUR
ORD133263,17-08-2023,BR42,UK,Birmingham,CUST8719,PROD430,Tablet,Lenovo Tab P11,HP,3,1975.27,0.12,0.18,6153.36,UPI,In-Store,EMP972,0,0,Same Day,7,USD
ORD133264,09-10-2023,BR25,UAE,Abu Dhabi,CUST3640,PROD135,Laptop,Dell XPS 13,LG,3,416.52,0.12,0.18,1297.54,Cash,In-Store,EMP837,1,0,Same Day,4,INR
ORD133265,10-01-2023,BR112,UK,Manchester,CUST8294,PROD978,Mobile,Samsung Galaxy S23,Lenovo,1,160.01,0.16,0.18,158.6,Credit Card,In-Store,EMP619,2,0,Express,1,AED
ORD133266,05-09-2023,BR68,Germany,Hamburg,CUST2796,PROD597,Tablet,iPad Air,Samsung,4,325.9,0.19,0.18,1245.98,Credit Card,Online,EMP315,1,0,Same Day,7,AED
ORD133267,20-07-2024,BR56,Germany,Berlin,CUST4459,PROD170,Mobile,Samsung Galaxy S23,LG,2,1472.62,0.29,0.18,2467.52,UPI,Online,EMP864,1,0,Express,1,EUR
ORD133268,17-11-2023,BR93,UAE,Abu Dhabi,CUST4390,PROD595,TV,Sony Bravia 55,Sony,5,1559.74,0.19,0.18,7454,Credit Card,In-Store,EMP808,1,0,Express,2,GBP
ORD133269,15-06-2024,BR64,India,Delhi,CUST8567,PROD351,Laptop,MacBook Air M2,Lenovo,4,1561.57,0.13,0.18,6412.43,Net Banking,Online,EMP214,2,0,Same Day,10,AED
ORD133270,15-06-2023,BR24,USA,New York,CUST9633,PROD203,Accessories,Wireless Mouse,LG,2,1891.22,0,0.18,4463.28,Net Banking,Online,EMP940,3,1,Express,8,GBP
ORD133271,10-11-2024,BR9,India,Bangalore,CUST5828,PROD227,TV,Samsung QLED 50,Sony,1,1291.02,0.01,0.18,1508.17,Credit Card,Online,EMP875,0,0,Express,3,AED
ORD133272,14-08-2024,BR25,Germany,Hamburg,CUST3188,PROD535,Mobile,iPhone 14,Samsung,4,1009.1,0.01,0.18,4715.32,Debit Card,Online,EMP983,0,0,Same Day,3,EUR
ORD133273,06-09-2023,BR46,UK,London,CUST1510,PROD964,TV,Sony Bravia 55,Samsung,5,1429.59,0.23,0.18,6494.63,Net Banking,In-Store,EMP523,0,1,Express,2,AED
ORD133274,05-07-2023,BR105,UAE,Dubai,CUST6775,PROD288,Laptop,Dell XPS 13,Lenovo,1,1427.67,0.16,0.18,1415.11,Credit Card,Online,EMP916,2,1,Same Day,4,GBP
ORD133275,12-05-2023,BR99,USA,Dallas,CUST7197,PROD975,Mobile,OnePlus 11,OnePlus,4,126.1,0.26,0.18,440.44,Net Banking,In-Store,EMP236,2,1,Standard,1,EUR
ORD133276,14-06-2024,BR20,Germany,Berlin,CUST9213,PROD712,Accessories,Keyboard,Lenovo,2,1076.36,0.11,0.18,2260.79,Credit Card,In-Store,EMP997,3,1,Express,4,AED
ORD133277,24-05-2024,BR83,USA,New York,CUST6580,PROD955,Laptop,Dell XPS 13,HP,5,612.72,0.05,0.18,3434.3,Credit Card,Online,EMP553,2,1,Standard,8,USD
ORD133278,04-02-2024,BR96,UAE,Abu Dhabi,CUST4665,PROD934,TV,LG OLED 48,Lenovo,3,1563.17,0.08,0.18,5090.93,UPI,Online,EMP632,0,1,Express,7,EUR
ORD133279,10-07-2024,BR46,India,Mumbai,CUST4807,PROD720,Tablet,Lenovo Tab P11,Dell,1,1509.54,0.21,0.18,1407.19,UPI,Online,EMP868,1,0,Same Day,8,INR
ORD133280,05-02-2024,BR24,UAE,Abu Dhabi,CUST9754,PROD470,Accessories,Keyboard,Sony,2,1224.25,0.04,0.18,2773.66,UPI,In-Store,EMP651,3,0,Same Day,3,GBP
ORD133281,06-06-2024,BR44,UAE,Dubai,CUST1278,PROD228,Accessories,Bluetooth Headphones,Apple,1,740.15,0.06,0.18,820.97,Credit Card,In-Store,EMP309,0,1,Same Day,8,EUR
ORD133282,01-08-2024,BR114,Germany,Munich,CUST8496,PROD985,Laptop,MacBook Air M2,Apple,3,82.04,0.23,0.18,223.62,Cash,Online,EMP471,0,1,Express,8,INR
ORD133283,21-11-2023,BR51,UAE,Abu Dhabi,CUST3206,PROD950,Laptop,HP Spectre x360,Lenovo,1,328.46,0.12,0.18,341.07,Net Banking,In-Store,EMP897,0,0,Same Day,10,AED
ORD133284,21-06-2023,BR52,USA,New York,CUST2497,PROD513,TV,Samsung QLED 50,Dell,1,938.63,0.25,0.18,830.69,UPI,In-Store,EMP224,0,0,Standard,2,EUR
ORD133285,18-03-2024,BR3,India,Mumbai,CUST9605,PROD195,Laptop,HP Spectre x360,Apple,5,1798.36,0.15,0.18,9018.78,Debit Card,Online,EMP711,2,1,Express,3,AED
ORD133286,12-05-2023,BR99,Germany,Hamburg,CUST7224,PROD382,Mobile,iPhone 14,Samsung,3,868.62,0.08,0.18,2828.92,Debit Card,In-Store,EMP234,0,1,Express,10,AED
ORD133287,17-04-2024,BR73,UAE,Dubai,CUST1573,PROD524,TV,Sony Bravia 55,LG,1,134.03,0.27,0.18,115.45,Cash,In-Store,EMP302,0,1,Same Day,4,USD
ORD133288,13-02-2023,BR95,USA,Chicago,CUST7392,PROD476,Accessories,Keyboard,Sony,3,192.07,0.16,0.18,571.14,Net Banking,In-Store,EMP565,3,0,Standard,1,INR
ORD133289,21-01-2024,BR40,India,Mumbai,CUST2178,PROD234,Mobile,Samsung Galaxy S23,Samsung,4,1208.27,0.01,0.18,5646,UPI,In-Store,EMP907,1,1,Standard,4,GBP
ORD133290,17-05-2024,BR70,India,Pune,CUST1515,PROD502,TV,LG OLED 48,OnePlus,3,1768.11,0.11,0.18,5570.61,Net Banking,Online,EMP786,1,0,Same Day,10,USD
ORD133291,29-07-2023,BR115,USA,New York,CUST6728,PROD911,Tablet,Samsung Galaxy Tab,LG,1,190.99,0.29,0.18,160.01,UPI,In-Store,EMP555,3,1,Same Day,6,EUR
ORD133292,06-04-2024,BR107,India,Pune,CUST8324,PROD174,Accessories,Keyboard,Sony,2,526.32,0.1,0.18,1117.9,Net Banking,Online,EMP746,2,1,Standard,10,AED
ORD133293,05-05-2024,BR108,Germany,Munich,CUST7008,PROD699,TV,Samsung QLED 50,Lenovo,4,641.57,0.06,0.18,2846.52,Credit Card,Online,EMP639,1,0,Express,8,INR
ORD133294,06-01-2023,BR56,India,Bangalore,CUST9797,PROD540,Laptop,Dell XPS 13,OnePlus,3,465.91,0.04,0.18,1583.35,Debit Card,In-Store,EMP816,2,1,Standard,5,EUR
ORD133295,08-08-2024,BR65,USA,Chicago,CUST3959,PROD610,Accessories,Bluetooth Headphones,LG,4,113.6,0.27,0.18,391.42,Cash,Online,EMP591,3,0,Standard,5,GBP
ORD133296,15-12-2023,BR50,UAE,Abu Dhabi,CUST5986,PROD185,TV,Sony Bravia 55,Apple,2,856.14,0.11,0.18,1798.24,Cash,Online,EMP888,0,0,Standard,1,EUR
ORD133297,21-03-2023,BR83,UAE,Abu Dhabi,CUST5701,PROD849,Accessories,Bluetooth Headphones,LG,2,1953.09,0.03,0.18,4471.01,Debit Card,Online,EMP959,1,0,Express,5,AED
ORD133298,12-12-2024,BR8,UAE,Dubai,CUST3792,PROD979,TV,Samsung QLED 50,Apple,2,180.99,0,0.18,427.14,UPI,Online,EMP249,2,0,Express,7,GBP
ORD133299,10-04-2023,BR102,India,Bangalore,CUST4276,PROD798,Mobile,OnePlus 11,Apple,1,1264.49,0.1,0.18,1342.89,Debit Card,In-Store,EMP213,0,1,Express,2,GBP
ORD133300,06-06-2023,BR16,USA,Dallas,CUST8154,PROD134,TV,Samsung QLED 50,OnePlus,4,632.54,0.27,0.18,2179.48,Net Banking,Online,EMP356,0,0,Express,10,AED
ORD133301,20-04-2024,BR56,Germany,Berlin,CUST6965,PROD892,Accessories,Keyboard,HP,3,52.36,0.16,0.18,155.7,Credit Card,In-Store,EMP410,3,1,Standard,2,EUR
ORD133302,26-06-2023,BR92,India,Pune,CUST7281,PROD466,Accessories,Wireless Mouse,OnePlus,3,359.34,0.14,0.18,1093.97,Credit Card,In-Store,EMP468,1,1,Express,9,AED
ORD133303,09-11-2023,BR11,UAE,Abu Dhabi,CUST3041,PROD383,Accessories,Keyboard,LG,1,1587.06,0.18,0.18,1535.64,Cash,Online,EMP337,2,1,Express,3,USD
ORD133304,09-04-2023,BR21,USA,New York,CUST3515,PROD986,Laptop,MacBook Air M2,Sony,4,795.51,0.22,0.18,2928.75,Cash,In-Store,EMP285,3,0,Same Day,4,GBP
ORD133305,21-10-2024,BR102,UK,Birmingham,CUST3548,PROD390,TV,Sony Bravia 55,Apple,5,1572.7,0.21,0.18,7330.35,Net Banking,In-Store,EMP500,0,0,Same Day,4,INR
ORD133306,17-01-2024,BR15,UAE,Dubai,CUST2883,PROD847,TV,LG OLED 48,Lenovo,4,508.27,0,0.18,2399.03,UPI,Online,EMP284,2,1,Standard,7,GBP
ORD133307,21-12-2024,BR73,Germany,Hamburg,CUST1364,PROD722,Tablet,Samsung Galaxy Tab,Samsung,2,95.57,0.18,0.18,184.95,Credit Card,In-Store,EMP803,2,0,Express,7,EUR
ORD133308,22-12-2023,BR63,UK,London,CUST5371,PROD825,Tablet,iPad Air,Lenovo,5,409.11,0.25,0.18,1810.31,Net Banking,In-Store,EMP477,1,0,Same Day,2,GBP
ORD133309,10-05-2023,BR47,Germany,Hamburg,CUST4016,PROD388,Laptop,Dell XPS 13,Sony,1,1864.31,0.14,0.18,1891.9,Debit Card,In-Store,EMP668,2,0,Same Day,8,USD
ORD133310,29-06-2023,BR32,UK,Manchester,CUST8709,PROD939,TV,Samsung QLED 50,Dell,2,977.28,0.04,0.18,2214.13,Net Banking,Online,EMP670,0,0,Standard,3,AED
ORD133311,25-07-2023,BR113,UAE,Abu Dhabi,CUST7729,PROD758,Laptop,MacBook Air M2,Samsung,1,1609.12,0.14,0.18,1632.93,Cash,In-Store,EMP944,0,1,Express,3,GBP
ORD133312,29-12-2023,BR100,Germany,Berlin,CUST1460,PROD892,Mobile,OnePlus 11,Apple,2,400.28,0.16,0.18,793.52,Credit Card,In-Store,EMP778,2,1,Same Day,4,GBP
ORD133313,16-03-2023,BR32,UAE,Abu Dhabi,CUST8757,PROD584,Accessories,Bluetooth Headphones,Samsung,2,206.63,0.22,0.18,380.36,Debit Card,Online,EMP484,0,1,Express,9,AED
ORD133314,15-10-2023,BR68,UK,London,CUST1001,PROD739,Mobile,Samsung Galaxy S23,Dell,2,330.92,0.16,0.18,656.02,Credit Card,Online,EMP303,1,0,Standard,7,EUR
ORD133315,15-07-2024,BR19,USA,New York,CUST7229,PROD830,Tablet,Samsung Galaxy Tab,Sony,5,1010.65,0.27,0.18,4352.87,Credit Card,In-Store,EMP950,0,1,Same Day,3,GBP
ORD133316,04-08-2024,BR74,Germany,Berlin,CUST2412,PROD528,Laptop,HP Spectre x360,OnePlus,1,1550.49,0.03,0.18,1774.69,Credit Card,Online,EMP259,0,0,Express,2,USD
ORD133317,08-02-2024,BR78,Germany,Hamburg,CUST9746,PROD787,TV,Sony Bravia 55,Lenovo,1,947.79,0.2,0.18,894.71,Debit Card,In-Store,EMP822,1,1,Standard,6,AED
ORD133318,15-08-2023,BR24,Germany,Hamburg,CUST4313,PROD799,Mobile,Samsung Galaxy S23,Lenovo,1,1147.68,0.21,0.18,1069.87,Net Banking,In-Store,EMP912,0,0,Standard,2,AED
ORD133319,08-05-2024,BR24,India,Delhi,CUST1528,PROD142,Accessories,Wireless Mouse,LG,1,1675.49,0.14,0.18,1700.29,Debit Card,Online,EMP875,0,0,Standard,2,AED
ORD133320,22-06-2023,BR8,Germany,Munich,CUST4034,PROD105,TV,Sony Bravia 55,OnePlus,5,1331.97,0.28,0.18,5658.21,Credit Card,Online,EMP569,3,1,Express,9,AED
ORD133321,26-06-2023,BR35,India,Bangalore,CUST7299,PROD810,Mobile,Samsung Galaxy S23,Lenovo,4,1272.61,0,0.18,6006.72,Cash,In-Store,EMP795,1,1,Express,4,GBP
ORD133322,20-11-2023,BR59,UAE,Dubai,CUST2294,PROD644,Laptop,HP Spectre x360,OnePlus,2,996.58,0.2,0.18,1881.54,Cash,Online,EMP443,2,1,Express,4,EUR
ORD133323,22-01-2023,BR6,Germany,Berlin,CUST4819,PROD814,TV,Sony Bravia 55,Dell,3,172.22,0.23,0.18,469.44,Net Banking,Online,EMP980,0,1,Same Day,4,EUR
ORD133324,25-03-2024,BR28,Germany,Hamburg,CUST6602,PROD470,Laptop,HP Spectre x360,Lenovo,2,1227.35,0.23,0.18,2230.34,Cash,In-Store,EMP725,1,0,Express,10,INR
ORD133325,06-06-2023,BR11,Germany,Munich,CUST3105,PROD343,Laptop,MacBook Air M2,OnePlus,2,1574.24,0.1,0.18,3343.69,UPI,Online,EMP956,0,0,Express,1,GBP
ORD133326,29-08-2023,BR109,India,Mumbai,CUST4685,PROD218,Mobile,iPhone 14,Lenovo,5,1428.21,0.12,0.18,7415.27,Cash,In-Store,EMP483,0,1,Standard,2,INR
ORD133327,12-05-2023,BR106,USA,Los Angeles,CUST1212,PROD860,Laptop,HP Spectre x360,Apple,4,1496.04,0.12,0.18,6213.95,Net Banking,In-Store,EMP450,0,1,Same Day,6,GBP
ORD133328,02-01-2024,BR50,UK,Manchester,CUST1283,PROD496,TV,LG OLED 48,Dell,1,1067.17,0.1,0.18,1133.33,Cash,In-Store,EMP965,1,1,Standard,7,EUR
ORD133329,01-05-2023,BR13,Germany,Hamburg,CUST3884,PROD117,Tablet,iPad Air,LG,3,988.97,0.2,0.18,2800.76,Net Banking,In-Store,EMP800,3,0,Standard,3,USD
ORD133330,28-07-2023,BR19,USA,Chicago,CUST4785,PROD546,Tablet,Samsung Galaxy Tab,OnePlus,1,1642.66,0.13,0.18,1686.35,Net Banking,In-Store,EMP444,1,1,Express,9,USD
ORD133331,03-08-2023,BR29,UAE,Dubai,CUST2941,PROD561,Laptop,HP Spectre x360,HP,1,980.01,0.1,0.18,1040.77,Credit Card,Online,EMP477,0,1,Same Day,6,AED
ORD133332,22-07-2023,BR87,Germany,Hamburg,CUST2512,PROD894,Tablet,Lenovo Tab P11,Sony,5,514.41,0.08,0.18,2792.22,Cash,Online,EMP878,0,0,Same Day,1,INR
ORD133333,31-05-2023,BR3,Germany,Hamburg,CUST1304,PROD933,Laptop,HP Spectre x360,Apple,3,111.31,0.09,0.18,358.57,Debit Card,Online,EMP476,3,0,Standard,10,INR
ORD133334,27-11-2024,BR100,Germany,Munich,CUST5464,PROD938,TV,LG OLED 48,Dell,5,1080.31,0.17,0.18,5290.28,Debit Card,Online,EMP872,0,0,Express,3,GBP
ORD133335,03-10-2024,BR10,UAE,Dubai,CUST2302,PROD707,Laptop,HP Spectre x360,HP,2,218.36,0.2,0.18,412.26,UPI,In-Store,EMP526,3,0,Express,3,EUR
ORD133336,09-08-2023,BR53,UAE,Abu Dhabi,CUST4193,PROD196,Laptop,MacBook Air M2,OnePlus,2,583.34,0.3,0.18,963.68,Debit Card,In-Store,EMP323,0,1,Express,3,INR
ORD133337,29-01-2024,BR32,India,Mumbai,CUST4807,PROD942,Tablet,Lenovo Tab P11,LG,5,639.55,0.01,0.18,3735.61,Cash,Online,EMP373,1,0,Standard,6,EUR
ORD133338,29-06-2024,BR89,UAE,Dubai,CUST3149,PROD903,Tablet,iPad Air,LG,5,1261.61,0.13,0.18,6475.84,UPI,Online,EMP463,2,1,Express,7,GBP
ORD133339,23-08-2023,BR18,Germany,Berlin,CUST9738,PROD889,Accessories,Wireless Mouse,Sony,5,860.27,0.22,0.18,3958.96,Net Banking,In-Store,EMP709,0,0,Express,3,INR
ORD133340,21-02-2024,BR52,India,Delhi,CUST2921,PROD211,Laptop,HP Spectre x360,Sony,2,1363.46,0.04,0.18,3089.05,Cash,Online,EMP311,1,1,Same Day,2,AED
ORD133341,17-02-2023,BR85,Germany,Berlin,CUST6832,PROD749,Accessories,Bluetooth Headphones,LG,1,1101.75,0.03,0.18,1261.06,Debit Card,In-Store,EMP207,2,1,Same Day,4,EUR
ORD133342,24-01-2023,BR57,Germany,Munich,CUST9254,PROD181,Mobile,Samsung Galaxy S23,LG,3,189.38,0.11,0.18,596.66,UPI,In-Store,EMP328,2,1,Express,9,INR
ORD133343,10-11-2023,BR50,USA,Chicago,CUST8486,PROD908,Accessories,Keyboard,Samsung,2,855.78,0.22,0.18,1575.32,Cash,In-Store,EMP401,2,0,Standard,9,INR
ORD133344,11-01-2024,BR75,UAE,Dubai,CUST1918,PROD633,Accessories,Keyboard,Lenovo,1,812.74,0.24,0.18,728.87,UPI,In-Store,EMP638,3,1,Express,10,GBP
ORD133345,17-04-2023,BR54,USA,Chicago,CUST1413,PROD308,TV,Samsung QLED 50,Apple,5,1979.09,0.12,0.18,10275.44,Cash,In-Store,EMP403,0,1,Same Day,2,USD
ORD133346,11-04-2023,BR85,Germany,Berlin,CUST2095,PROD396,TV,Sony Bravia 55,Dell,3,1243.09,0.23,0.18,3388.41,Credit Card,Online,EMP591,1,1,Same Day,1,GBP
ORD133347,25-12-2024,BR11,USA,New York,CUST9135,PROD397,TV,Samsung QLED 50,Lenovo,1,952.91,0.14,0.18,967.01,Net Banking,In-Store,EMP328,0,1,Same Day,4,GBP
ORD133348,19-05-2024,BR83,Germany,Berlin,CUST5963,PROD290,Mobile,Samsung Galaxy S23,Apple,1,396.49,0.21,0.18,369.61,Credit Card,Online,EMP206,3,0,Express,2,GBP
ORD133349,14-12-2024,BR45,India,Bangalore,CUST9397,PROD838,Accessories,Wireless Mouse,Samsung,5,160.19,0.27,0.18,689.94,Credit Card,Online,EMP298,3,0,Express,9,AED
ORD133350,25-05-2024,BR82,UAE,Abu Dhabi,CUST4949,PROD163,Mobile,OnePlus 11,Apple,5,247.08,0.03,0.18,1414.04,Credit Card,Online,EMP596,2,1,Express,3,AED
ORD133351,09-04-2023,BR44,India,Pune,CUST8190,PROD687,TV,Samsung QLED 50,HP,3,96.09,0.01,0.18,336.76,Credit Card,Online,EMP459,1,0,Same Day,5,USD
ORD133352,16-09-2023,BR12,Germany,Hamburg,CUST8758,PROD759,Accessories,Wireless Mouse,HP,3,1592.42,0.23,0.18,4340.62,Debit Card,In-Store,EMP354,0,0,Same Day,1,INR
ORD133353,01-09-2024,BR102,India,Bangalore,CUST4314,PROD367,Tablet,Samsung Galaxy Tab,HP,2,1218.93,0.3,0.18,2013.67,Net Banking,In-Store,EMP448,2,1,Express,6,AED
ORD133354,23-12-2024,BR92,UAE,Abu Dhabi,CUST7885,PROD720,Laptop,HP Spectre x360,Apple,1,220.65,0.14,0.18,223.92,Debit Card,Online,EMP224,3,0,Same Day,3,EUR
ORD133355,21-07-2023,BR107,UAE,Dubai,CUST8203,PROD763,Accessories,Wireless Mouse,OnePlus,4,1092.12,0,0.18,5154.81,Credit Card,Online,EMP220,3,1,Same Day,3,AED
ORD133356,14-03-2023,BR83,USA,Chicago,CUST3572,PROD518,Mobile,iPhone 14,Lenovo,2,134.58,0.21,0.18,250.91,UPI,In-Store,EMP869,1,1,Express,6,USD
ORD133357,29-04-2024,BR69,USA,New York,CUST7519,PROD911,Accessories,Wireless Mouse,Sony,3,475.95,0.05,0.18,1600.62,Credit Card,Online,EMP897,2,0,Same Day,5,GBP
ORD133358,10-01-2024,BR98,Germany,Hamburg,CUST5153,PROD937,Laptop,Dell XPS 13,Sony,3,1140.31,0.16,0.18,3390.83,Net Banking,In-Store,EMP822,1,0,Standard,5,EUR
ORD133359,12-08-2024,BR60,USA,New York,CUST5063,PROD390,Tablet,Lenovo Tab P11,Apple,1,596.62,0.22,0.18,549.13,Credit Card,In-Store,EMP239,3,1,Standard,1,GBP
ORD133360,09-09-2023,BR13,USA,Dallas,CUST1551,PROD192,Mobile,OnePlus 11,Samsung,2,1575.42,0.12,0.18,3271.83,Debit Card,In-Store,EMP674,1,0,Standard,2,INR
ORD133361,13-07-2024,BR50,UAE,Abu Dhabi,CUST9510,PROD132,Laptop,MacBook Air M2,HP,5,1146.01,0.08,0.18,6220.54,Credit Card,In-Store,EMP282,1,1,Standard,10,GBP
ORD133362,24-04-2024,BR13,India,Pune,CUST7837,PROD172,Laptop,MacBook Air M2,Sony,5,406.62,0.01,0.18,2375.07,Debit Card,Online,EMP572,3,0,Standard,9,USD
ORD133363,02-11-2023,BR57,Germany,Berlin,CUST9644,PROD473,Accessories,Wireless Mouse,OnePlus,3,1081.01,0.1,0.18,3444.1,Net Banking,Online,EMP661,0,1,Same Day,9,EUR
ORD133364,24-06-2023,BR3,UK,Manchester,CUST2845,PROD229,Accessories,Wireless Mouse,Samsung,2,1209.33,0.1,0.18,2568.62,Cash,In-Store,EMP320,1,0,Express,3,EUR
ORD133365,06-05-2024,BR32,UAE,Abu Dhabi,CUST5305,PROD140,Laptop,HP Spectre x360,LG,3,1108.14,0.22,0.18,3059.8,Cash,In-Store,EMP358,1,0,Express,9,EUR
ORD133366,01-03-2024,BR29,UAE,Dubai,CUST8975,PROD794,Accessories,Wireless Mouse,Sony,4,401.11,0.16,0.18,1590.32,Debit Card,In-Store,EMP729,3,0,Same Day,7,INR
ORD133367,16-09-2023,BR74,Germany,Hamburg,CUST3931,PROD517,Tablet,iPad Air,Dell,4,254.78,0,0.18,1202.56,Cash,Online,EMP583,1,1,Express,10,EUR
ORD133368,28-04-2023,BR82,UAE,Abu Dhabi,CUST9384,PROD918,Mobile,OnePlus 11,Samsung,2,1687.58,0.09,0.18,3624.25,UPI,Online,EMP785,2,0,Standard,5,EUR
ORD133369,09-09-2023,BR10,UK,London,CUST6390,PROD915,Laptop,MacBook Air M2,Sony,2,1296.38,0.11,0.18,2722.92,Debit Card,Online,EMP557,1,1,Standard,5,AED
ORD133370,06-08-2024,BR60,Germany,Munich,CUST6865,PROD967,Laptop,Dell XPS 13,Samsung,1,1024.22,0.21,0.18,954.78,UPI,In-Store,EMP303,1,1,Same Day,4,INR
ORD133371,14-03-2024,BR34,India,Bangalore,CUST4420,PROD378,TV,Samsung QLED 50,Sony,3,774.66,0.13,0.18,2385.8,Net Banking,In-Store,EMP613,1,1,Express,8,EUR
ORD133372,19-01-2024,BR83,UK,London,CUST9370,PROD901,Laptop,Dell XPS 13,HP,3,1222.29,0,0.18,4326.91,Net Banking,Online,EMP471,3,0,Standard,2,INR
ORD133373,28-07-2024,BR62,Germany,Munich,CUST5323,PROD892,Accessories,Bluetooth Headphones,Sony,5,1476.64,0.17,0.18,7231.11,Debit Card,In-Store,EMP960,1,0,Standard,6,INR
ORD133374,07-11-2023,BR91,UAE,Abu Dhabi,CUST7911,PROD420,TV,Samsung QLED 50,Lenovo,5,374.39,0.03,0.18,2142.63,Net Banking,Online,EMP896,2,1,Same Day,3,GBP
ORD133375,08-03-2024,BR99,India,Mumbai,CUST1653,PROD839,Laptop,Dell XPS 13,Sony,1,436.93,0.23,0.18,396.99,Cash,In-Store,EMP467,3,0,Express,3,INR
ORD133376,31-01-2024,BR25,UAE,Dubai,CUST1571,PROD475,Mobile,iPhone 14,HP,5,1457.65,0.17,0.18,7138.11,UPI,Online,EMP700,3,1,Standard,8,EUR
ORD133377,11-09-2024,BR17,Germany,Hamburg,CUST8274,PROD154,Mobile,iPhone 14,LG,3,1818.91,0.05,0.18,6116.99,Debit Card,Online,EMP357,3,0,Same Day,7,INR
ORD133378,21-07-2024,BR96,India,Mumbai,CUST4352,PROD390,Accessories,Wireless Mouse,Sony,1,1141.69,0.13,0.18,1172.06,Cash,Online,EMP923,0,0,Standard,7,GBP
ORD133379,03-05-2024,BR107,India,Pune,CUST3312,PROD397,Laptop,Dell XPS 13,OnePlus,4,1868.18,0.15,0.18,7495.14,Credit Card,Online,EMP773,0,1,Same Day,4,USD
ORD133380,28-02-2024,BR55,India,Mumbai,CUST9190,PROD513,Accessories,Keyboard,Dell,3,1752.91,0.09,0.18,5646.82,Debit Card,In-Store,EMP578,0,0,Same Day,3,EUR
ORD133381,08-08-2023,BR118,India,Delhi,CUST1733,PROD958,TV,Sony Bravia 55,Apple,1,1587.11,0.21,0.18,1479.5,Credit Card,Online,EMP503,2,1,Express,6,EUR
ORD133382,22-06-2023,BR17,UAE,Abu Dhabi,CUST7353,PROD253,TV,Sony Bravia 55,HP,2,1665.84,0.2,0.18,3145.11,UPI,In-Store,EMP274,1,0,Same Day,5,USD
ORD133383,15-06-2024,BR86,USA,New York,CUST4948,PROD175,Mobile,OnePlus 11,Dell,4,90.57,0.17,0.18,354.82,Cash,Online,EMP699,2,0,Standard,7,INR
ORD133384,25-03-2023,BR28,UAE,Dubai,CUST3321,PROD730,Tablet,Samsung Galaxy Tab,Apple,1,1896.8,0.02,0.18,2193.46,Debit Card,In-Store,EMP972,1,1,Standard,6,AED
ORD133385,12-04-2023,BR22,UAE,Abu Dhabi,CUST2322,PROD243,Mobile,Samsung Galaxy S23,HP,1,433.86,0.19,0.18,414.68,Cash,In-Store,EMP933,0,0,Express,4,AED
ORD133386,27-03-2023,BR116,USA,Los Angeles,CUST9379,PROD703,Accessories,Wireless Mouse,Sony,3,709.66,0.1,0.18,2260.98,Debit Card,In-Store,EMP289,3,1,Same Day,6,GBP
ORD133387,19-04-2023,BR95,USA,Chicago,CUST9403,PROD822,Accessories,Keyboard,Samsung,5,454.51,0.27,0.18,1957.57,Debit Card,In-Store,EMP395,0,1,Express,9,USD
ORD133388,06-12-2024,BR37,UK,Birmingham,CUST3039,PROD293,Mobile,Samsung Galaxy S23,LG,3,1397.16,0.29,0.18,3511.62,Debit Card,Online,EMP315,3,0,Express,9,GBP
ORD133389,19-08-2023,BR67,UAE,Dubai,CUST7016,PROD741,Laptop,Dell XPS 13,Apple,4,519.33,0.18,0.18,2010.01,Cash,Online,EMP662,1,1,Standard,7,AED
ORD133390,09-03-2023,BR118,UK,Birmingham,CUST2424,PROD657,TV,Sony Bravia 55,OnePlus,2,1211.52,0.2,0.18,2287.35,Debit Card,In-Store,EMP800,3,1,Same Day,4,INR
ORD133391,16-09-2024,BR100,UAE,Dubai,CUST5056,PROD282,Accessories,Bluetooth Headphones,Apple,2,1025.3,0.11,0.18,2153.54,Credit Card,In-Store,EMP870,1,1,Same Day,4,AED
ORD133392,22-02-2023,BR89,UK,Birmingham,CUST5205,PROD394,Mobile,Samsung Galaxy S23,HP,1,1930.44,0.26,0.18,1685.66,UPI,Online,EMP513,3,0,Same Day,5,USD
ORD133393,04-04-2023,BR33,Germany,Berlin,CUST6686,PROD389,Tablet,Lenovo Tab P11,HP,5,303.94,0.09,0.18,1631.85,UPI,Online,EMP379,1,0,Same Day,10,AED
ORD133394,30-06-2023,BR86,UK,Manchester,CUST9104,PROD367,Laptop,HP Spectre x360,Samsung,4,290.25,0.22,0.18,1068.58,Credit Card,Online,EMP890,3,0,Express,3,USD
ORD133395,12-11-2024,BR117,India,Bangalore,CUST9057,PROD616,TV,Samsung QLED 50,Samsung,4,976.77,0.12,0.18,4057.11,UPI,Online,EMP701,3,1,Standard,7,AED
ORD133396,21-03-2024,BR27,UK,Manchester,CUST7887,PROD618,Mobile,iPhone 14,Samsung,5,1518.87,0.05,0.18,8513.27,Debit Card,Online,EMP886,1,0,Express,5,INR
ORD133397,20-08-2023,BR11,India,Delhi,CUST5305,PROD363,Accessories,Keyboard,Sony,1,1105.09,0.06,0.18,1225.77,UPI,Online,EMP585,2,1,Same Day,1,INR
ORD133398,25-10-2024,BR75,UK,London,CUST7571,PROD437,Accessories,Bluetooth Headphones,HP,5,1753.26,0.16,0.18,8689.16,Cash,In-Store,EMP245,1,1,Same Day,4,AED
ORD133399,19-10-2023,BR105,India,Delhi,CUST3914,PROD231,Mobile,OnePlus 11,Samsung,5,1670.64,0.15,0.18,8378.26,Net Banking,Online,EMP270,3,0,Same Day,8,INR
ORD133400,05-06-2023,BR14,India,Mumbai,CUST8860,PROD150,Laptop,MacBook Air M2,Lenovo,4,922.88,0.03,0.18,4225.31,Net Banking,Online,EMP507,0,0,Express,8,EUR
ORD133401,10-03-2023,BR15,India,Mumbai,CUST3970,PROD566,Laptop,HP Spectre x360,Samsung,1,640.03,0.13,0.18,657.05,Debit Card,Online,EMP269,1,1,Same Day,6,GBP
ORD133402,15-08-2023,BR26,Germany,Hamburg,CUST1674,PROD717,TV,Sony Bravia 55,HP,1,1592.4,0.28,0.18,1352.9,Debit Card,Online,EMP572,1,1,Standard,8,USD
ORD133403,12-06-2024,BR91,UAE,Abu Dhabi,CUST3880,PROD620,Accessories,Keyboard,Dell,4,1029.78,0.22,0.18,3791.24,UPI,Online,EMP560,3,0,Same Day,10,INR
ORD133404,02-10-2023,BR10,India,Mumbai,CUST7545,PROD129,Laptop,MacBook Air M2,OnePlus,2,190.7,0.19,0.18,364.54,Debit Card,Online,EMP944,0,1,Standard,9,GBP
ORD133405,05-12-2023,BR49,India,Mumbai,CUST2809,PROD582,Accessories,Bluetooth Headphones,Sony,4,81.93,0.07,0.18,359.64,Debit Card,In-Store,EMP621,1,0,Standard,10,INR
ORD133406,15-06-2023,BR25,UAE,Abu Dhabi,CUST4453,PROD502,Laptop,HP Spectre x360,Sony,1,1336.83,0.14,0.18,1356.62,Net Banking,In-Store,EMP233,0,0,Same Day,2,USD
ORD133407,09-09-2024,BR10,India,Delhi,CUST8018,PROD371,Laptop,Dell XPS 13,HP,3,482.18,0.12,0.18,1502.09,UPI,In-Store,EMP802,3,1,Same Day,8,INR
ORD133408,09-03-2024,BR91,Germany,Munich,CUST7100,PROD120,Mobile,OnePlus 11,Lenovo,2,499.49,0.22,0.18,919.46,UPI,Online,EMP943,3,1,Same Day,6,INR
ORD133409,21-09-2024,BR58,UK,London,CUST7720,PROD683,Mobile,iPhone 14,Apple,5,191.31,0.16,0.18,948.13,Net Banking,Online,EMP645,0,1,Express,2,EUR
ORD133410,27-10-2024,BR110,Germany,Berlin,CUST1072,PROD185,Accessories,Bluetooth Headphones,Dell,1,523.58,0.11,0.18,549.86,Net Banking,In-Store,EMP932,2,1,Same Day,9,EUR
ORD133411,06-04-2024,BR101,Germany,Hamburg,CUST2298,PROD173,Laptop,MacBook Air M2,Lenovo,3,585.83,0.17,0.18,1721.29,Debit Card,Online,EMP205,3,0,Standard,4,AED
ORD133412,26-10-2023,BR5,USA,Dallas,CUST7810,PROD564,Accessories,Keyboard,HP,4,632.19,0.28,0.18,2148.43,Net Banking,Online,EMP552,3,0,Same Day,4,INR
ORD133413,10-03-2023,BR34,USA,Los Angeles,CUST8255,PROD837,Laptop,HP Spectre x360,OnePlus,2,869.86,0.29,0.18,1457.54,UPI,Online,EMP892,1,0,Express,5,INR
ORD133414,03-02-2023,BR62,UAE,Dubai,CUST9182,PROD425,TV,Samsung QLED 50,Apple,5,1380.7,0.27,0.18,5946.67,Cash,In-Store,EMP439,3,0,Same Day,10,AED
ORD133415,20-04-2024,BR54,UAE,Abu Dhabi,CUST7100,PROD744,Tablet,iPad Air,Apple,3,237.93,0.26,0.18,623.28,Debit Card,Online,EMP224,2,1,Express,10,EUR
ORD133416,28-09-2024,BR92,Germany,Munich,CUST3935,PROD223,Accessories,Bluetooth Headphones,Dell,1,1259.48,0.2,0.18,1188.95,UPI,Online,EMP923,1,0,Same Day,8,USD
ORD133417,01-01-2024,BR14,Germany,Hamburg,CUST9875,PROD183,Accessories,Bluetooth Headphones,Samsung,2,1234.32,0.02,0.18,2854.74,Credit Card,In-Store,EMP323,2,1,Express,5,USD
ORD133418,27-05-2023,BR93,UK,Birmingham,CUST3802,PROD456,Mobile,iPhone 14,Samsung,4,841.02,0.3,0.18,2778.73,Cash,Online,EMP272,1,1,Standard,6,AED
ORD133419,05-10-2023,BR16,Germany,Hamburg,CUST5195,PROD970,Tablet,iPad Air,Apple,2,1664.4,0,0.18,3927.98,Credit Card,In-Store,EMP514,1,0,Same Day,8,AED
ORD133420,26-10-2024,BR65,UK,Birmingham,CUST3705,PROD660,Laptop,HP Spectre x360,Sony,1,1667.41,0.27,0.18,1436.31,UPI,Online,EMP863,2,1,Express,3,EUR
ORD133421,27-02-2023,BR25,India,Pune,CUST1499,PROD905,Tablet,iPad Air,Apple,5,1872.7,0.04,0.18,10606.97,Debit Card,Online,EMP907,1,1,Standard,8,USD
ORD133422,02-07-2023,BR88,Germany,Berlin,CUST5895,PROD436,Accessories,Wireless Mouse,LG,5,1806.04,0.18,0.18,8737.62,Debit Card,Online,EMP407,2,1,Standard,7,USD
ORD133423,16-06-2024,BR36,Germany,Berlin,CUST6908,PROD206,Accessories,Bluetooth Headphones,Dell,1,237.59,0.29,0.18,199.05,Debit Card,Online,EMP751,0,1,Same Day,10,USD
ORD133424,27-08-2024,BR8,India,Mumbai,CUST2870,PROD603,Tablet,iPad Air,Lenovo,4,1970.16,0.16,0.18,7811.29,Net Banking,In-Store,EMP929,2,0,Same Day,1,EUR
ORD133425,11-03-2024,BR105,UAE,Dubai,CUST6638,PROD233,Laptop,MacBook Air M2,LG,3,1846.23,0.12,0.18,5751.38,Debit Card,Online,EMP967,2,1,Standard,10,EUR
ORD133426,14-03-2024,BR42,Germany,Hamburg,CUST6348,PROD650,Mobile,OnePlus 11,Sony,1,410.44,0.04,0.18,464.95,Debit Card,In-Store,EMP863,2,0,Same Day,2,USD
ORD133427,16-11-2023,BR77,UAE,Dubai,CUST4353,PROD171,TV,LG OLED 48,LG,5,729.38,0.22,0.18,3356.61,Credit Card,Online,EMP359,3,1,Express,9,GBP
ORD133428,28-09-2024,BR69,UK,London,CUST6855,PROD974,Tablet,iPad Air,Dell,2,186.65,0.02,0.18,431.68,Credit Card,Online,EMP958,0,1,Same Day,9,EUR
ORD133429,11-03-2024,BR36,USA,New York,CUST9995,PROD976,Mobile,iPhone 14,Apple,2,1429.39,0.2,0.18,2698.69,Credit Card,Online,EMP948,0,0,Express,2,AED
ORD133430,20-01-2023,BR34,USA,New York,CUST7250,PROD907,TV,LG OLED 48,Dell,1,894.17,0.16,0.18,886.3,Debit Card,In-Store,EMP663,3,0,Express,9,INR
ORD133431,11-02-2023,BR80,UK,Birmingham,CUST6591,PROD112,Tablet,Lenovo Tab P11,Lenovo,2,102.53,0.05,0.18,229.87,Cash,Online,EMP754,0,0,Standard,3,EUR
ORD133432,23-08-2023,BR48,Germany,Munich,CUST6865,PROD219,Mobile,OnePlus 11,Apple,3,300.6,0.08,0.18,978.99,Debit Card,Online,EMP424,3,0,Express,7,INR
ORD133433,02-02-2024,BR82,USA,New York,CUST1838,PROD606,Tablet,Samsung Galaxy Tab,Lenovo,5,205.65,0.22,0.18,946.4,Net Banking,In-Store,EMP308,2,1,Same Day,4,INR
ORD133434,23-01-2024,BR117,Germany,Hamburg,CUST1994,PROD345,Accessories,Bluetooth Headphones,Sony,5,556.28,0.21,0.18,2592.82,Cash,Online,EMP270,0,0,Express,2,AED
ORD133435,23-07-2023,BR111,India,Bangalore,CUST2609,PROD159,Accessories,Keyboard,Lenovo,3,1438.51,0.16,0.18,4277.55,Net Banking,In-Store,EMP749,0,1,Express,10,AED
ORD133436,01-02-2024,BR2,USA,Chicago,CUST4741,PROD247,Mobile,iPhone 14,Samsung,1,1377.64,0.11,0.18,1446.8,UPI,In-Store,EMP325,1,1,Same Day,3,AED
ORD133437,31-01-2023,BR33,Germany,Berlin,CUST7473,PROD757,Mobile,iPhone 14,Sony,2,497.08,0.19,0.18,950.22,Net Banking,In-Store,EMP834,0,0,Same Day,3,INR
ORD133438,18-11-2024,BR39,USA,Dallas,CUST3638,PROD586,Laptop,HP Spectre x360,LG,4,1714.45,0.15,0.18,6878.37,Credit Card,In-Store,EMP923,3,1,Same Day,5,INR
ORD133439,18-05-2023,BR47,India,Delhi,CUST1566,PROD919,Mobile,Samsung Galaxy S23,Samsung,2,1937.31,0.26,0.18,3383.32,Net Banking,In-Store,EMP722,3,0,Same Day,4,GBP
ORD133440,23-12-2024,BR41,UK,Birmingham,CUST4199,PROD274,Tablet,iPad Air,Dell,4,86.95,0.12,0.18,361.16,Debit Card,Online,EMP486,0,0,Standard,7,EUR
ORD133441,30-10-2023,BR35,India,Pune,CUST5618,PROD135,TV,LG OLED 48,Sony,1,83.74,0.17,0.18,82.01,Debit Card,Online,EMP934,3,0,Same Day,10,GBP
ORD133442,21-07-2023,BR18,Germany,Berlin,CUST2106,PROD725,Mobile,Samsung Galaxy S23,Sony,5,1856.41,0.12,0.18,9638.48,UPI,Online,EMP609,0,1,Same Day,1,USD
ORD133443,08-07-2023,BR46,Germany,Munich,CUST2060,PROD114,TV,LG OLED 48,OnePlus,1,1153.52,0.08,0.18,1252.26,UPI,Online,EMP892,3,0,Standard,2,EUR
ORD133444,07-08-2024,BR70,India,Bangalore,CUST9022,PROD387,TV,LG OLED 48,HP,5,974.91,0.12,0.18,5061.73,Credit Card,In-Store,EMP384,2,0,Express,2,AED
ORD133445,01-02-2024,BR24,USA,Dallas,CUST8844,PROD655,TV,LG OLED 48,LG,3,983.46,0.26,0.18,2576.27,Credit Card,Online,EMP566,2,1,Same Day,9,AED
ORD133446,01-10-2024,BR55,USA,New York,CUST3740,PROD586,Laptop,Dell XPS 13,OnePlus,2,1754.95,0.19,0.18,3354.76,UPI,In-Store,EMP724,1,1,Same Day,6,EUR
ORD133447,24-04-2023,BR91,India,Delhi,CUST4096,PROD339,Accessories,Keyboard,Samsung,3,292.45,0.18,0.18,848.92,Net Banking,In-Store,EMP411,1,0,Same Day,4,INR
ORD133448,31-12-2023,BR109,UK,Birmingham,CUST9778,PROD543,Mobile,OnePlus 11,Lenovo,5,1525.32,0.19,0.18,7289.5,Net Banking,In-Store,EMP534,1,0,Standard,1,GBP
ORD133449,29-06-2024,BR76,Germany,Berlin,CUST2008,PROD227,Accessories,Keyboard,Dell,5,1623.95,0.03,0.18,9293.87,UPI,In-Store,EMP582,0,1,Express,6,GBP
ORD133450,07-02-2024,BR35,USA,New York,CUST9882,PROD826,Laptop,MacBook Air M2,Samsung,1,453.79,0.24,0.18,406.96,Debit Card,Online,EMP540,2,1,Same Day,9,AED
ORD133451,09-04-2023,BR100,Germany,Munich,CUST5365,PROD223,Laptop,Dell XPS 13,Lenovo,1,801.26,0.15,0.18,803.66,Debit Card,Online,EMP350,0,0,Standard,4,INR
ORD133452,03-10-2023,BR91,UAE,Dubai,CUST9604,PROD721,Laptop,MacBook Air M2,HP,1,797.18,0.1,0.18,846.61,Debit Card,In-Store,EMP391,2,0,Same Day,9,AED
ORD133453,11-07-2023,BR19,Germany,Hamburg,CUST6751,PROD514,Laptop,HP Spectre x360,LG,3,1675.07,0.07,0.18,5514.67,Credit Card,In-Store,EMP510,1,0,Express,7,INR
ORD133454,05-12-2024,BR46,USA,Los Angeles,CUST9934,PROD510,Accessories,Bluetooth Headphones,Dell,2,535.2,0.16,0.18,1060.98,Cash,Online,EMP881,1,0,Standard,3,AED
ORD133455,07-04-2023,BR34,India,Mumbai,CUST7671,PROD573,Accessories,Wireless Mouse,Lenovo,5,496.04,0.27,0.18,2136.44,UPI,In-Store,EMP355,2,0,Same Day,1,USD
ORD133456,21-03-2024,BR3,USA,Los Angeles,CUST5921,PROD983,Tablet,iPad Air,Apple,3,944.06,0.06,0.18,3141.45,UPI,In-Store,EMP836,0,1,Express,4,GBP
ORD133457,15-08-2024,BR81,Germany,Munich,CUST8970,PROD889,Tablet,Lenovo Tab P11,HP,3,647.53,0.04,0.18,2200.57,UPI,In-Store,EMP795,1,0,Same Day,10,AED
ORD133458,15-10-2024,BR56,Germany,Hamburg,CUST6606,PROD203,Mobile,OnePlus 11,Samsung,2,1222.58,0.23,0.18,2221.67,Cash,In-Store,EMP343,2,0,Same Day,6,GBP
ORD133459,05-08-2024,BR67,USA,Los Angeles,CUST6926,PROD387,Accessories,Bluetooth Headphones,OnePlus,2,1546.2,0.23,0.18,2809.75,Debit Card,In-Store,EMP776,1,0,Standard,10,USD
ORD133460,14-02-2023,BR118,USA,Dallas,CUST6781,PROD333,Tablet,Samsung Galaxy Tab,Lenovo,5,1484.96,0,0.18,8761.26,Debit Card,Online,EMP776,0,1,Same Day,1,EUR
ORD133461,07-07-2024,BR46,UK,Birmingham,CUST2805,PROD227,Laptop,Dell XPS 13,OnePlus,1,1222.42,0.06,0.18,1355.91,Debit Card,Online,EMP235,3,0,Same Day,7,EUR
ORD133462,06-02-2024,BR109,UAE,Dubai,CUST3974,PROD328,Tablet,Samsung Galaxy Tab,LG,2,1341.26,0.09,0.18,2880.49,Net Banking,Online,EMP891,3,0,Same Day,2,GBP
ORD133463,26-11-2024,BR58,UAE,Dubai,CUST2927,PROD469,Laptop,HP Spectre x360,Apple,4,1995.32,0.25,0.18,7063.43,Debit Card,In-Store,EMP619,1,1,Same Day,1,AED
ORD133464,21-01-2023,BR13,India,Delhi,CUST5158,PROD173,Laptop,Dell XPS 13,Lenovo,5,1331.53,0.12,0.18,6913.3,Debit Card,Online,EMP429,1,1,Express,2,AED
ORD133465,29-07-2023,BR101,UK,Birmingham,CUST5994,PROD775,Mobile,iPhone 14,HP,5,1243.97,0.12,0.18,6458.69,Net Banking,Online,EMP522,2,1,Same Day,8,EUR
ORD133466,10-05-2023,BR56,UAE,Abu Dhabi,CUST6077,PROD525,Mobile,iPhone 14,Samsung,2,708.78,0.08,0.18,1538.9,Credit Card,Online,EMP352,2,1,Standard,4,GBP
ORD133467,25-02-2023,BR6,UK,Birmingham,CUST8161,PROD537,Accessories,Bluetooth Headphones,OnePlus,1,95.87,0.18,0.18,92.76,Net Banking,In-Store,EMP986,1,1,Same Day,1,USD
ORD133468,26-10-2024,BR118,UAE,Dubai,CUST9232,PROD678,Mobile,Samsung Galaxy S23,HP,2,542.39,0.08,0.18,1177.64,Net Banking,In-Store,EMP525,0,0,Express,8,AED
ORD133469,12-11-2024,BR18,USA,New York,CUST4975,PROD396,Laptop,MacBook Air M2,OnePlus,1,1052.49,0.1,0.18,1117.74,UPI,Online,EMP205,3,1,Express,7,INR
ORD133470,29-01-2024,BR44,USA,Dallas,CUST1490,PROD136,Tablet,Lenovo Tab P11,Sony,1,1999.71,0.15,0.18,2005.71,Debit Card,Online,EMP741,0,1,Express,1,EUR
ORD133471,02-04-2024,BR1,USA,Los Angeles,CUST5504,PROD889,Laptop,MacBook Air M2,Sony,5,1522.74,0.15,0.18,7636.54,UPI,Online,EMP477,2,0,Express,4,USD
ORD133472,02-08-2024,BR107,UK,London,CUST8618,PROD518,Accessories,Keyboard,Dell,4,635.49,0.15,0.18,2549.59,Net Banking,Online,EMP448,0,1,Same Day,5,USD
ORD133473,01-10-2024,BR1,Germany,Munich,CUST8605,PROD562,Mobile,Samsung Galaxy S23,Lenovo,1,1489.39,0.15,0.18,1493.86,UPI,Online,EMP791,2,0,Standard,10,USD
ORD133474,15-08-2023,BR3,USA,Los Angeles,CUST3316,PROD676,Accessories,Bluetooth Headphones,HP,2,106.73,0.28,0.18,181.36,UPI,In-Store,EMP287,0,1,Express,7,EUR
ORD133475,13-10-2023,BR63,India,Bangalore,CUST4103,PROD775,Laptop,Dell XPS 13,LG,4,1601.11,0.27,0.18,5516.78,Net Banking,In-Store,EMP654,1,0,Same Day,9,AED
ORD133476,19-07-2023,BR24,USA,Los Angeles,CUST3868,PROD641,Laptop,Dell XPS 13,LG,4,146.27,0.13,0.18,600.64,Net Banking,In-Store,EMP567,1,0,Same Day,8,USD
ORD133477,24-03-2023,BR29,USA,Chicago,CUST4122,PROD393,Accessories,Bluetooth Headphones,Apple,2,890.32,0.09,0.18,1912.05,UPI,In-Store,EMP288,2,0,Same Day,3,INR
ORD133478,04-06-2024,BR104,Germany,Munich,CUST8433,PROD147,Accessories,Keyboard,HP,4,1002.41,0.04,0.18,4542.12,Net Banking,Online,EMP435,2,1,Standard,5,USD
ORD133479,25-11-2024,BR65,USA,Los Angeles,CUST5699,PROD510,Accessories,Bluetooth Headphones,Apple,3,1605.71,0.09,0.18,5172.63,Cash,Online,EMP333,3,0,Standard,6,USD
ORD133480,08-07-2023,BR86,USA,Los Angeles,CUST2275,PROD944,Laptop,MacBook Air M2,HP,4,1588.37,0.24,0.18,5697.8,UPI,Online,EMP591,0,1,Same Day,7,USD
ORD133481,26-05-2024,BR26,India,Pune,CUST6618,PROD322,Accessories,Keyboard,Apple,4,1891.27,0.14,0.18,7677.04,Credit Card,In-Store,EMP612,0,1,Express,1,EUR
ORD133482,22-05-2023,BR70,UK,London,CUST6485,PROD887,Accessories,Keyboard,HP,3,1834.54,0.17,0.18,5390.25,Debit Card,Online,EMP684,1,1,Standard,3,INR
ORD133483,07-09-2023,BR55,India,Delhi,CUST3671,PROD877,Tablet,Samsung Galaxy Tab,OnePlus,3,1055.34,0,0.18,3735.9,Debit Card,Online,EMP498,3,0,Standard,10,AED
ORD133484,16-05-2023,BR116,UK,Manchester,CUST9862,PROD347,Tablet,Lenovo Tab P11,HP,4,1139.8,0.19,0.18,4357.68,Net Banking,In-Store,EMP622,1,0,Express,1,GBP
ORD133485,02-04-2024,BR33,UAE,Dubai,CUST3324,PROD757,TV,LG OLED 48,HP,1,1819.73,0.01,0.18,2125.81,Debit Card,Online,EMP421,0,1,Express,8,GBP
ORD133486,22-06-2024,BR39,UAE,Abu Dhabi,CUST4513,PROD184,Accessories,Wireless Mouse,Apple,5,1794.98,0.2,0.18,8472.31,Cash,In-Store,EMP695,3,1,Express,9,USD
ORD133487,01-08-2024,BR37,India,Delhi,CUST1399,PROD411,Mobile,iPhone 14,LG,3,61.02,0.15,0.18,183.61,Credit Card,In-Store,EMP514,1,0,Express,6,INR
ORD133488,20-09-2023,BR3,UK,Birmingham,CUST6412,PROD202,Tablet,Samsung Galaxy Tab,OnePlus,1,1161.49,0.09,0.18,1247.21,Debit Card,Online,EMP728,2,1,Standard,8,INR
ORD133489,27-02-2024,BR50,UK,Manchester,CUST9402,PROD774,TV,Sony Bravia 55,LG,5,1897.99,0.15,0.18,9518.42,Debit Card,In-Store,EMP807,2,0,Standard,9,INR
ORD133490,14-07-2024,BR54,UK,Manchester,CUST5444,PROD201,Laptop,Dell XPS 13,LG,1,762.44,0.05,0.18,854.7,Net Banking,Online,EMP624,3,1,Express,5,INR
ORD133491,24-10-2024,BR120,UAE,Abu Dhabi,CUST1757,PROD846,Mobile,OnePlus 11,Dell,4,757.57,0.28,0.18,2574.53,Debit Card,Online,EMP716,3,0,Standard,3,EUR
ORD133492,14-02-2023,BR74,UK,Birmingham,CUST5173,PROD229,TV,LG OLED 48,LG,2,1204.59,0.19,0.18,2302.69,Net Banking,In-Store,EMP522,0,1,Same Day,6,AED
ORD133493,16-05-2024,BR117,India,Mumbai,CUST5552,PROD115,Accessories,Wireless Mouse,Apple,2,223.39,0.18,0.18,432.3,Credit Card,In-Store,EMP841,3,1,Express,3,INR
ORD133494,22-06-2024,BR99,Germany,Hamburg,CUST5072,PROD128,Accessories,Wireless Mouse,Samsung,1,1037.25,0.09,0.18,1113.8,Debit Card,Online,EMP203,2,0,Standard,3,AED
ORD133495,14-04-2023,BR45,Germany,Hamburg,CUST4080,PROD853,Laptop,HP Spectre x360,OnePlus,1,1290.01,0.26,0.18,1126.44,Credit Card,In-Store,EMP523,0,1,Standard,6,GBP
ORD133496,07-10-2023,BR63,Germany,Hamburg,CUST7391,PROD176,Mobile,iPhone 14,Sony,2,1016.96,0.07,0.18,2232.02,Cash,In-Store,EMP811,2,0,Express,4,EUR
ORD133497,21-11-2023,BR27,UK,London,CUST1259,PROD293,Tablet,Lenovo Tab P11,Apple,1,1172.31,0.19,0.18,1120.49,Cash,In-Store,EMP932,3,1,Same Day,8,GBP
ORD133498,19-01-2023,BR50,USA,Dallas,CUST9650,PROD293,Tablet,Lenovo Tab P11,LG,3,594.92,0.3,0.18,1474.21,Net Banking,Online,EMP620,1,0,Express,2,EUR
ORD133499,01-07-2023,BR92,USA,Los Angeles,CUST4613,PROD975,Tablet,iPad Air,Sony,2,1732.73,0.27,0.18,2985.15,Debit Card,In-Store,EMP450,2,1,Express,6,EUR
ORD133500,31-03-2023,BR3,India,Pune,CUST8864,PROD834,Tablet,Lenovo Tab P11,LG,2,1082.26,0.04,0.18,2451.97,Credit Card,Online,EMP413,0,1,Standard,1,GBP
ORD133501,08-01-2023,BR58,USA,Los Angeles,CUST2065,PROD589,Mobile,OnePlus 11,Sony,2,416.81,0.11,0.18,875.47,Cash,In-Store,EMP314,1,0,Express,8,EUR
ORD133502,13-08-2024,BR55,UAE,Dubai,CUST4832,PROD393,Accessories,Bluetooth Headphones,Lenovo,5,1732.46,0,0.18,10221.51,Credit Card,Online,EMP489,0,0,Express,2,INR
ORD133503,14-06-2023,BR14,USA,Dallas,CUST3096,PROD425,TV,Sony Bravia 55,OnePlus,3,280.41,0.18,0.18,813.97,UPI,In-Store,EMP881,2,1,Express,7,AED
ORD133504,25-06-2024,BR23,USA,Dallas,CUST7159,PROD686,Mobile,Samsung Galaxy S23,Dell,5,536.45,0.18,0.18,2595.35,UPI,Online,EMP970,1,0,Same Day,3,EUR
ORD133505,23-06-2023,BR68,Germany,Hamburg,CUST3510,PROD670,Laptop,HP Spectre x360,Apple,4,1139.35,0.1,0.18,4839.96,Net Banking,In-Store,EMP347,3,0,Same Day,1,EUR
ORD133506,06-06-2023,BR93,USA,Los Angeles,CUST7762,PROD990,Laptop,Dell XPS 13,Apple,5,165.77,0.19,0.18,792.21,Cash,In-Store,EMP338,3,0,Same Day,3,AED
ORD133507,22-01-2024,BR71,UK,Birmingham,CUST6152,PROD281,Accessories,Bluetooth Headphones,Apple,5,287.65,0.16,0.18,1425.59,Debit Card,In-Store,EMP797,0,0,Express,10,INR
ORD133508,24-01-2023,BR7,USA,Chicago,CUST9225,PROD639,Accessories,Bluetooth Headphones,OnePlus,2,338.81,0.25,0.18,599.69,Cash,In-Store,EMP406,2,0,Same Day,10,USD
ORD133509,14-07-2023,BR64,UAE,Abu Dhabi,CUST6577,PROD196,Tablet,Samsung Galaxy Tab,Apple,4,659.85,0.02,0.18,3052.2,UPI,Online,EMP379,2,1,Same Day,7,EUR
ORD133510,18-08-2023,BR59,UK,Birmingham,CUST5503,PROD810,Tablet,Lenovo Tab P11,Samsung,5,805.03,0.19,0.18,3847.24,Cash,In-Store,EMP410,0,0,Express,6,EUR
ORD133511,02-04-2023,BR116,Germany,Munich,CUST5676,PROD650,TV,LG OLED 48,HP,5,1924.51,0.03,0.18,11013.97,Cash,In-Store,EMP237,1,0,Same Day,4,EUR
ORD133512,17-05-2023,BR89,UK,Birmingham,CUST4830,PROD666,Mobile,OnePlus 11,Apple,3,1236.68,0.22,0.18,3414.72,Debit Card,Online,EMP881,1,0,Express,9,EUR
ORD133513,22-01-2024,BR95,India,Mumbai,CUST2280,PROD330,Tablet,iPad Air,Dell,5,716.02,0.26,0.18,3126.14,Cash,Online,EMP771,2,0,Same Day,8,USD
ORD133514,13-09-2023,BR1,UAE,Abu Dhabi,CUST9883,PROD398,Tablet,iPad Air,Samsung,4,372.39,0.12,0.18,1546.76,Cash,In-Store,EMP880,1,1,Standard,6,AED
ORD133515,30-01-2024,BR91,USA,Dallas,CUST1164,PROD788,TV,Samsung QLED 50,Dell,2,1143.51,0.26,0.18,1997.03,UPI,In-Store,EMP997,1,0,Standard,5,INR
ORD133516,11-06-2024,BR66,USA,Chicago,CUST5201,PROD149,Tablet,iPad Air,Apple,4,1195.42,0.05,0.18,5360.26,Debit Card,Online,EMP240,1,0,Express,2,EUR
ORD133517,23-08-2023,BR74,UK,Manchester,CUST5094,PROD140,Accessories,Keyboard,Apple,1,1811.6,0.25,0.18,1603.27,Cash,Online,EMP390,0,0,Express,10,EUR
ORD133518,16-11-2024,BR18,USA,Dallas,CUST8711,PROD410,Mobile,iPhone 14,HP,5,1813.83,0.11,0.18,9524.42,Debit Card,In-Store,EMP568,1,0,Express,5,USD
ORD133519,12-08-2023,BR37,UAE,Dubai,CUST7964,PROD190,TV,Samsung QLED 50,OnePlus,3,77.07,0.11,0.18,242.82,Debit Card,Online,EMP406,1,0,Standard,10,AED
ORD133520,02-08-2023,BR50,UK,Manchester,CUST1823,PROD463,Laptop,Dell XPS 13,Sony,4,1251.27,0.27,0.18,4311.38,UPI,Online,EMP246,2,1,Express,2,GBP
ORD133521,26-09-2023,BR95,UK,Birmingham,CUST5897,PROD343,Tablet,iPad Air,HP,3,925.04,0.23,0.18,2521.47,Cash,In-Store,EMP487,1,1,Same Day,10,USD
ORD133522,17-03-2024,BR18,UAE,Dubai,CUST6671,PROD661,Tablet,Samsung Galaxy Tab,OnePlus,4,153.73,0.04,0.18,696.58,UPI,In-Store,EMP936,1,1,Standard,7,USD
ORD133523,08-09-2024,BR69,UK,Manchester,CUST9906,PROD429,Mobile,OnePlus 11,Samsung,5,1148.55,0.1,0.18,6098.8,Credit Card,In-Store,EMP435,0,1,Express,8,GBP
ORD133524,28-01-2024,BR111,USA,Chicago,CUST1029,PROD963,Tablet,iPad Air,Samsung,4,967.92,0.06,0.18,4294.47,Cash,Online,EMP670,1,1,Standard,7,INR
ORD133525,20-06-2024,BR23,India,Bangalore,CUST6400,PROD199,Laptop,Dell XPS 13,Sony,2,1288.21,0.18,0.18,2492.94,UPI,Online,EMP863,0,1,Express,8,EUR
ORD133526,02-06-2024,BR8,USA,Dallas,CUST5428,PROD363,Mobile,iPhone 14,Sony,2,270.54,0.22,0.18,498.01,Credit Card,Online,EMP767,2,0,Standard,10,EUR
ORD133527,01-05-2024,BR3,UK,Birmingham,CUST6328,PROD977,TV,Sony Bravia 55,Lenovo,3,455.48,0.03,0.18,1564.03,UPI,In-Store,EMP837,3,0,Same Day,8,GBP
ORD133528,11-07-2023,BR111,UAE,Abu Dhabi,CUST7054,PROD667,Laptop,MacBook Air M2,Sony,5,656.38,0.13,0.18,3369.2,UPI,In-Store,EMP495,0,0,Same Day,2,USD
ORD133529,08-04-2023,BR8,USA,Dallas,CUST1842,PROD518,Accessories,Bluetooth Headphones,Lenovo,1,476.66,0.27,0.18,410.59,Cash,Online,EMP749,2,1,Standard,10,INR
ORD133530,10-01-2023,BR19,USA,New York,CUST9874,PROD370,Tablet,Lenovo Tab P11,Apple,3,838.18,0.16,0.18,2492.41,Cash,In-Store,EMP308,1,0,Express,2,USD
ORD133531,14-04-2023,BR17,Germany,Hamburg,CUST3100,PROD337,Tablet,Samsung Galaxy Tab,Dell,1,1448.61,0.09,0.18,1555.52,Cash,In-Store,EMP293,3,1,Standard,6,INR
ORD133532,01-02-2024,BR43,USA,New York,CUST2524,PROD334,Tablet,Lenovo Tab P11,Samsung,1,1497.21,0.22,0.18,1378.03,UPI,In-Store,EMP346,3,1,Standard,1,GBP
ORD133533,18-02-2023,BR34,Germany,Munich,CUST7844,PROD908,Mobile,Samsung Galaxy S23,OnePlus,4,999.56,0.26,0.18,3491.26,Credit Card,Online,EMP540,3,1,Express,3,GBP
ORD133534,26-06-2023,BR7,UAE,Dubai,CUST4716,PROD232,Laptop,Dell XPS 13,Samsung,2,1640.09,0.17,0.18,3212.61,Cash,Online,EMP612,1,0,Express,8,GBP
ORD133535,08-01-2023,BR75,UK,London,CUST3008,PROD625,Laptop,HP Spectre x360,Dell,1,646.16,0.07,0.18,709.1,Debit Card,Online,EMP522,2,0,Express,6,GBP
ORD133536,27-08-2023,BR116,UK,Birmingham,CUST5285,PROD234,Mobile,Samsung Galaxy S23,OnePlus,4,954.09,0.18,0.18,3692.71,Debit Card,In-Store,EMP711,0,0,Standard,10,EUR
ORD133537,01-06-2024,BR106,Germany,Munich,CUST5796,PROD719,Mobile,iPhone 14,HP,5,408.42,0.16,0.18,2024.13,Cash,In-Store,EMP375,0,0,Express,2,AED
ORD133538,05-12-2024,BR2,USA,New York,CUST1670,PROD900,Accessories,Wireless Mouse,Sony,3,1450.31,0.21,0.18,4055.94,UPI,Online,EMP804,1,0,Standard,8,EUR
ORD133539,21-10-2024,BR21,Germany,Hamburg,CUST6917,PROD812,Accessories,Keyboard,LG,5,864.93,0.13,0.18,4439.69,Debit Card,In-Store,EMP613,0,1,Same Day,9,EUR
ORD133540,02-10-2024,BR103,UAE,Abu Dhabi,CUST9274,PROD744,TV,Sony Bravia 55,LG,2,263.56,0.29,0.18,441.62,Debit Card,Online,EMP240,1,0,Same Day,6,EUR
ORD133541,27-09-2024,BR50,USA,Chicago,CUST7823,PROD254,TV,Sony Bravia 55,Sony,5,696.3,0.13,0.18,3574.11,Cash,In-Store,EMP852,2,0,Standard,3,EUR
ORD133542,25-08-2024,BR23,Germany,Munich,CUST2867,PROD571,Accessories,Keyboard,Samsung,2,618.21,0.16,0.18,1225.54,Debit Card,In-Store,EMP864,1,0,Same Day,3,AED
ORD133543,13-01-2024,BR105,UAE,Abu Dhabi,CUST8774,PROD570,Tablet,Samsung Galaxy Tab,Dell,1,1906.5,0.27,0.18,1642.26,Credit Card,In-Store,EMP288,1,1,Standard,9,AED
ORD133544,04-06-2023,BR105,Germany,Hamburg,CUST2000,PROD867,Mobile,OnePlus 11,Samsung,4,359.37,0.28,0.18,1221.28,UPI,In-Store,EMP549,2,0,Standard,10,GBP
ORD133545,08-12-2023,BR5,India,Pune,CUST7654,PROD127,Tablet,Lenovo Tab P11,Sony,2,265.34,0.07,0.18,582.37,Cash,In-Store,EMP428,2,1,Standard,7,AED
ORD133546,01-09-2024,BR46,USA,Chicago,CUST7744,PROD332,Laptop,MacBook Air M2,Apple,2,1642.26,0.1,0.18,3488.16,Debit Card,In-Store,EMP973,0,0,Same Day,9,GBP
ORD133547,06-01-2024,BR43,India,Bangalore,CUST7852,PROD323,Laptop,MacBook Air M2,LG,5,70.7,0.01,0.18,412.96,Cash,Online,EMP543,3,1,Express,8,EUR
ORD133548,17-11-2023,BR3,UK,London,CUST3292,PROD802,Mobile,iPhone 14,Sony,2,457.82,0.1,0.18,972.41,Net Banking,In-Store,EMP728,1,1,Same Day,6,EUR
ORD133549,17-11-2024,BR74,India,Delhi,CUST7260,PROD227,Tablet,iPad Air,LG,2,1870.76,0.3,0.18,3090.5,Net Banking,In-Store,EMP673,1,1,Same Day,5,EUR
ORD133550,01-09-2023,BR47,India,Bangalore,CUST2616,PROD967,Accessories,Wireless Mouse,Sony,5,128.02,0.17,0.18,626.91,Debit Card,In-Store,EMP667,1,0,Same Day,5,AED
ORD133551,11-02-2023,BR47,USA,Chicago,CUST8730,PROD609,Accessories,Keyboard,OnePlus,4,740.6,0.06,0.18,3285.89,Net Banking,Online,EMP995,1,0,Express,10,AED
ORD133552,19-06-2023,BR117,India,Delhi,CUST3901,PROD284,Accessories,Bluetooth Headphones,Dell,3,365.65,0.02,0.18,1268.51,Net Banking,In-Store,EMP506,0,0,Standard,5,AED
ORD133553,23-05-2024,BR44,USA,Dallas,CUST4647,PROD976,Mobile,iPhone 14,Dell,5,1753.3,0.24,0.18,7861.8,Cash,In-Store,EMP647,0,1,Standard,10,USD
ORD133554,28-02-2023,BR61,India,Mumbai,CUST2519,PROD263,Tablet,Samsung Galaxy Tab,Apple,4,1478.74,0.2,0.18,5583.72,Credit Card,In-Store,EMP955,1,1,Same Day,6,USD
ORD133555,10-08-2023,BR62,Germany,Hamburg,CUST2829,PROD907,TV,Sony Bravia 55,Dell,1,1690.11,0.05,0.18,1894.61,UPI,In-Store,EMP989,0,1,Express,3,AED
ORD133556,03-11-2023,BR5,USA,New York,CUST7135,PROD493,Laptop,Dell XPS 13,LG,4,1757.39,0.12,0.18,7299.5,Net Banking,In-Store,EMP432,3,1,Same Day,8,GBP
ORD133557,22-05-2023,BR94,UK,London,CUST3773,PROD871,Laptop,Dell XPS 13,Dell,1,1809.36,0.29,0.18,1515.88,UPI,In-Store,EMP778,0,1,Standard,4,EUR
ORD133558,06-08-2024,BR100,UK,London,CUST3033,PROD112,Laptop,HP Spectre x360,Apple,5,848.33,0.12,0.18,4404.53,UPI,Online,EMP252,1,1,Express,8,EUR
ORD133559,06-02-2024,BR93,India,Bangalore,CUST3641,PROD704,Mobile,OnePlus 11,OnePlus,1,1914.06,0.29,0.18,1603.6,Debit Card,Online,EMP794,1,1,Standard,7,EUR
ORD133560,12-12-2024,BR19,Germany,Munich,CUST3506,PROD758,Mobile,OnePlus 11,Lenovo,5,251.32,0.19,0.18,1201.06,Credit Card,Online,EMP707,1,0,Express,7,INR
ORD133561,23-05-2023,BR100,UAE,Abu Dhabi,CUST8423,PROD751,Tablet,iPad Air,Apple,1,1211.37,0.15,0.18,1215,UPI,Online,EMP669,1,1,Same Day,4,USD
ORD133562,07-05-2023,BR51,India,Mumbai,CUST8002,PROD128,Tablet,Samsung Galaxy Tab,HP,4,346.06,0.13,0.18,1421.06,Net Banking,In-Store,EMP622,2,1,Express,8,AED
ORD133563,13-04-2023,BR118,USA,New York,CUST2924,PROD650,TV,LG OLED 48,Lenovo,1,94.29,0.2,0.18,89.01,Debit Card,Online,EMP759,3,1,Standard,10,EUR
ORD133564,21-08-2024,BR100,USA,Dallas,CUST4549,PROD878,TV,Sony Bravia 55,Apple,2,407.49,0.04,0.18,923.21,UPI,In-Store,EMP709,3,0,Same Day,9,GBP
ORD133565,13-12-2023,BR59,UK,Birmingham,CUST6144,PROD163,Laptop,MacBook Air M2,OnePlus,2,1825.93,0.23,0.18,3318.08,Debit Card,Online,EMP356,2,0,Express,3,INR
ORD133566,22-02-2024,BR92,India,Bangalore,CUST4385,PROD642,Accessories,Bluetooth Headphones,Dell,3,831.12,0.19,0.18,2383.15,Cash,In-Store,EMP202,2,0,Standard,4,GBP
ORD133567,18-03-2023,BR18,India,Bangalore,CUST4174,PROD269,Mobile,iPhone 14,LG,2,842.19,0.07,0.18,1848.44,UPI,In-Store,EMP853,0,1,Express,9,AED
ORD133568,14-07-2023,BR94,USA,Dallas,CUST2064,PROD106,Accessories,Bluetooth Headphones,LG,1,1387.14,0.12,0.18,1440.41,Net Banking,In-Store,EMP665,3,1,Standard,8,EUR
ORD133569,12-04-2023,BR115,UAE,Dubai,CUST5503,PROD183,Laptop,Dell XPS 13,OnePlus,2,706.34,0.28,0.18,1200.21,Net Banking,Online,EMP233,0,1,Express,5,INR
ORD133570,30-04-2023,BR64,UK,Birmingham,CUST6520,PROD584,TV,Sony Bravia 55,Samsung,5,207.2,0.28,0.18,880.19,Credit Card,In-Store,EMP576,0,0,Standard,4,INR
ORD133571,27-07-2023,BR95,India,Bangalore,CUST8306,PROD767,Laptop,MacBook Air M2,Apple,1,1133.05,0.3,0.18,935.9,UPI,Online,EMP739,2,0,Same Day,5,EUR
ORD133572,28-09-2023,BR53,India,Mumbai,CUST7592,PROD768,Accessories,Keyboard,HP,2,1525.45,0.28,0.18,2592.04,Net Banking,Online,EMP504,3,1,Express,9,AED
ORD133573,28-04-2024,BR87,India,Mumbai,CUST4055,PROD459,Tablet,Lenovo Tab P11,Lenovo,1,1901.87,0.12,0.18,1974.9,Credit Card,In-Store,EMP221,1,0,Same Day,10,INR
ORD133574,19-12-2024,BR48,UK,Manchester,CUST5739,PROD301,Tablet,iPad Air,Dell,3,1717.74,0.2,0.18,4864.64,Credit Card,In-Store,EMP681,3,0,Express,1,GBP
ORD133575,07-08-2023,BR120,UK,Birmingham,CUST3886,PROD609,Mobile,iPhone 14,Lenovo,4,1218.31,0.03,0.18,5577.91,Debit Card,Online,EMP368,2,1,Standard,7,GBP
ORD133576,21-09-2024,BR50,UK,London,CUST2691,PROD629,TV,Samsung QLED 50,Lenovo,5,1119.37,0.04,0.18,6340.11,Debit Card,Online,EMP954,0,1,Standard,8,GBP
ORD133577,22-08-2024,BR23,UAE,Abu Dhabi,CUST3724,PROD322,TV,LG OLED 48,OnePlus,1,903.52,0.09,0.18,970.2,UPI,Online,EMP604,0,0,Standard,8,AED
ORD133578,26-09-2024,BR33,India,Mumbai,CUST3525,PROD798,Laptop,Dell XPS 13,Lenovo,1,1104.83,0.11,0.18,1160.29,Credit Card,Online,EMP467,3,1,Same Day,6,AED
ORD133579,10-07-2024,BR51,Germany,Berlin,CUST5314,PROD435,Tablet,Lenovo Tab P11,HP,3,1125.65,0.17,0.18,3307.38,Net Banking,In-Store,EMP540,3,1,Same Day,5,EUR
ORD133580,30-05-2024,BR54,USA,Dallas,CUST1061,PROD287,Tablet,Samsung Galaxy Tab,LG,4,1046.85,0.03,0.18,4792.9,Cash,Online,EMP504,3,0,Standard,7,USD
ORD133581,10-07-2024,BR44,UK,London,CUST9346,PROD873,TV,Samsung QLED 50,Dell,3,597.29,0.24,0.18,1606.95,Credit Card,Online,EMP432,2,1,Standard,6,USD
ORD133582,10-04-2023,BR44,India,Mumbai,CUST7762,PROD955,Mobile,OnePlus 11,LG,5,859.02,0.26,0.18,3750.48,Net Banking,In-Store,EMP459,2,0,Express,8,USD
ORD133583,27-04-2024,BR66,UAE,Dubai,CUST3513,PROD922,TV,Sony Bravia 55,Dell,5,153.62,0.01,0.18,897.29,Debit Card,Online,EMP674,3,1,Same Day,1,INR
ORD133584,14-12-2024,BR68,India,Bangalore,CUST5484,PROD287,Tablet,iPad Air,Lenovo,1,1078.15,0.23,0.18,979.61,Debit Card,Online,EMP930,2,0,Express,8,EUR
ORD133585,27-02-2023,BR90,UK,Manchester,CUST2019,PROD164,Mobile,iPhone 14,Dell,4,599.43,0.12,0.18,2489.79,Net Banking,In-Store,EMP309,0,0,Standard,3,INR
ORD133586,10-03-2024,BR73,UAE,Abu Dhabi,CUST5765,PROD899,Laptop,Dell XPS 13,Apple,1,940.51,0.09,0.18,1009.92,Cash,In-Store,EMP849,1,1,Standard,1,AED
ORD133587,09-02-2023,BR27,India,Mumbai,CUST3510,PROD417,Accessories,Wireless Mouse,Apple,1,488.59,0.3,0.18,403.58,Credit Card,In-Store,EMP977,1,0,Same Day,1,INR
ORD133588,18-05-2024,BR8,UAE,Dubai,CUST4427,PROD430,TV,LG OLED 48,Apple,1,943.26,0.26,0.18,823.65,Credit Card,Online,EMP708,2,0,Standard,7,AED
ORD133589,06-04-2023,BR62,UAE,Dubai,CUST2537,PROD687,Mobile,Samsung Galaxy S23,Dell,3,1058.75,0.05,0.18,3560.58,UPI,In-Store,EMP225,2,0,Same Day,5,AED
ORD133590,28-08-2023,BR34,Germany,Munich,CUST9000,PROD164,TV,LG OLED 48,Samsung,1,1199.84,0.24,0.18,1076.02,Debit Card,Online,EMP965,0,0,Express,7,USD
ORD133591,01-04-2024,BR73,USA,Chicago,CUST4244,PROD376,TV,Sony Bravia 55,Dell,1,1428.31,0.23,0.18,1297.76,Debit Card,In-Store,EMP331,0,0,Express,8,GBP
ORD133592,07-06-2024,BR92,Germany,Berlin,CUST1224,PROD642,TV,Sony Bravia 55,OnePlus,4,1081.4,0.27,0.18,3726.07,Net Banking,Online,EMP340,0,0,Standard,7,AED
ORD133593,05-06-2023,BR97,Germany,Hamburg,CUST1309,PROD911,Accessories,Wireless Mouse,Apple,5,776.52,0.21,0.18,3619.36,Net Banking,In-Store,EMP515,2,1,Standard,6,GBP
ORD133594,07-11-2024,BR111,India,Mumbai,CUST3224,PROD672,Laptop,MacBook Air M2,Sony,1,1709.26,0.15,0.18,1714.39,Net Banking,In-Store,EMP311,3,0,Standard,1,GBP
ORD133595,19-06-2023,BR62,UAE,Dubai,CUST5465,PROD651,Laptop,HP Spectre x360,LG,5,857.32,0.22,0.18,3945.39,Credit Card,In-Store,EMP944,2,1,Same Day,4,INR
ORD133596,02-05-2023,BR72,Germany,Hamburg,CUST1827,PROD615,TV,Samsung QLED 50,OnePlus,1,1919.83,0.15,0.18,1925.59,Cash,In-Store,EMP619,3,0,Standard,10,USD
ORD133597,15-03-2023,BR62,UAE,Dubai,CUST4522,PROD886,TV,Sony Bravia 55,Apple,3,677.91,0.18,0.18,1967.84,Credit Card,In-Store,EMP721,0,1,Standard,8,EUR
ORD133598,24-08-2023,BR1,India,Pune,CUST1638,PROD101,TV,Sony Bravia 55,Apple,5,617.79,0.16,0.18,3061.77,Cash,In-Store,EMP283,2,1,Standard,6,EUR
ORD133599,26-02-2024,BR14,UK,Manchester,CUST2810,PROD469,Mobile,iPhone 14,Sony,1,305.78,0.08,0.18,331.95,Net Banking,In-Store,EMP704,3,0,Same Day,5,GBP
ORD133600,20-06-2024,BR78,India,Mumbai,CUST3078,PROD753,Accessories,Keyboard,Samsung,2,222.07,0.18,0.18,429.75,Net Banking,In-Store,EMP267,2,1,Same Day,9,INR
ORD133601,03-05-2024,BR75,USA,Chicago,CUST5923,PROD148,Laptop,Dell XPS 13,Apple,2,764.36,0.2,0.18,1443.11,UPI,In-Store,EMP555,0,0,Standard,1,EUR
ORD133602,21-03-2024,BR50,India,Pune,CUST4112,PROD702,Tablet,Lenovo Tab P11,Samsung,5,1082.25,0.29,0.18,4533.55,UPI,Online,EMP348,1,1,Express,9,USD
ORD133603,10-01-2023,BR111,UK,Manchester,CUST5790,PROD327,Accessories,Keyboard,HP,3,749.05,0.07,0.18,2466.02,Credit Card,In-Store,EMP949,0,0,Standard,6,USD
ORD133604,07-07-2023,BR108,USA,New York,CUST9483,PROD390,Accessories,Wireless Mouse,LG,4,195.34,0.12,0.18,811.36,Net Banking,In-Store,EMP560,1,1,Same Day,9,GBP
ORD133605,25-02-2023,BR91,Germany,Berlin,CUST1980,PROD765,Laptop,HP Spectre x360,LG,2,1574.49,0.28,0.18,2675.37,Debit Card,Online,EMP554,2,0,Express,6,USD
ORD133606,22-09-2023,BR71,India,Pune,CUST5851,PROD431,Tablet,Samsung Galaxy Tab,Apple,1,1644.45,0.28,0.18,1397.12,UPI,Online,EMP365,1,0,Same Day,2,USD
ORD133607,09-10-2023,BR62,UK,London,CUST3431,PROD840,Mobile,OnePlus 11,Apple,2,271.51,0.18,0.18,525.43,Credit Card,In-Store,EMP886,1,1,Same Day,10,AED
ORD133608,03-11-2024,BR66,Germany,Berlin,CUST1967,PROD798,Laptop,MacBook Air M2,Sony,5,1396.82,0.26,0.18,6098.52,Net Banking,In-Store,EMP928,1,0,Standard,3,USD
ORD133609,15-12-2024,BR60,USA,Los Angeles,CUST5138,PROD165,TV,LG OLED 48,Lenovo,2,386.63,0.24,0.18,693.46,Cash,Online,EMP626,3,1,Same Day,8,GBP
ORD133610,13-07-2024,BR89,USA,New York,CUST4483,PROD476,TV,Samsung QLED 50,OnePlus,3,366.88,0.26,0.18,961.08,Cash,In-Store,EMP422,1,0,Same Day,10,EUR
ORD133611,28-04-2023,BR22,USA,Dallas,CUST2327,PROD375,Accessories,Bluetooth Headphones,OnePlus,4,316.08,0.07,0.18,1387.46,Cash,In-Store,EMP651,3,0,Standard,6,EUR
ORD133612,22-05-2023,BR107,UAE,Dubai,CUST3270,PROD408,Tablet,iPad Air,Samsung,4,256.14,0.11,0.18,1075.99,Debit Card,In-Store,EMP477,1,1,Same Day,2,INR
ORD133613,07-02-2023,BR57,India,Bangalore,CUST2199,PROD969,Mobile,OnePlus 11,Lenovo,4,98.54,0.01,0.18,460.46,Net Banking,Online,EMP248,3,0,Same Day,4,AED
ORD133614,06-09-2024,BR90,Germany,Berlin,CUST2579,PROD296,Mobile,iPhone 14,HP,3,216.9,0.01,0.18,760.15,Credit Card,Online,EMP880,3,1,Same Day,10,GBP
ORD133615,12-04-2024,BR82,UAE,Dubai,CUST7420,PROD375,TV,Samsung QLED 50,Dell,2,436.83,0.09,0.18,938.14,Net Banking,Online,EMP686,0,1,Same Day,2,EUR
ORD133616,22-03-2024,BR20,Germany,Munich,CUST1881,PROD855,Mobile,Samsung Galaxy S23,HP,4,1013.82,0.23,0.18,3684.63,Credit Card,Online,EMP540,3,1,Same Day,9,GBP
ORD133617,22-07-2024,BR21,Germany,Hamburg,CUST2314,PROD373,Laptop,MacBook Air M2,LG,2,676.67,0.12,0.18,1405.31,Credit Card,Online,EMP308,2,0,Express,3,GBP
ORD133618,15-05-2023,BR74,Germany,Berlin,CUST9571,PROD163,Laptop,MacBook Air M2,Lenovo,3,678.73,0.11,0.18,2138.41,Credit Card,In-Store,EMP816,2,0,Express,9,USD
ORD133619,15-08-2023,BR117,UAE,Abu Dhabi,CUST9979,PROD644,Laptop,MacBook Air M2,Apple,3,1267.18,0.13,0.18,3902.66,UPI,In-Store,EMP968,1,1,Standard,6,GBP
ORD133620,03-10-2024,BR92,UAE,Dubai,CUST2727,PROD968,Tablet,Samsung Galaxy Tab,LG,4,186,0.22,0.18,684.78,Credit Card,Online,EMP343,3,1,Standard,10,AED
ORD133621,25-03-2024,BR50,UK,Manchester,CUST4662,PROD286,Accessories,Wireless Mouse,Apple,5,1303.68,0.15,0.18,6537.96,UPI,Online,EMP957,0,1,Standard,8,INR
ORD133622,04-01-2023,BR22,Germany,Munich,CUST3902,PROD650,Laptop,HP Spectre x360,Samsung,2,736.2,0.18,0.18,1424.69,UPI,Online,EMP768,3,0,Same Day,4,AED
ORD133623,29-06-2023,BR66,UAE,Abu Dhabi,CUST9044,PROD924,TV,LG OLED 48,HP,2,921.24,0.04,0.18,2087.16,Debit Card,Online,EMP311,0,0,Same Day,2,AED
ORD133624,21-09-2024,BR62,USA,New York,CUST4927,PROD630,Accessories,Bluetooth Headphones,Samsung,4,828.07,0.09,0.18,3556.73,Net Banking,Online,EMP232,1,0,Standard,7,EUR
ORD133625,16-08-2023,BR20,India,Mumbai,CUST1927,PROD901,TV,Samsung QLED 50,HP,2,1919.45,0.06,0.18,4258.11,Credit Card,Online,EMP341,3,0,Express,7,EUR
ORD133626,12-05-2024,BR74,USA,Dallas,CUST6435,PROD176,Mobile,Samsung Galaxy S23,OnePlus,3,1086.74,0.06,0.18,3616.24,Net Banking,In-Store,EMP205,1,1,Same Day,4,GBP
ORD133627,23-08-2024,BR48,UAE,Abu Dhabi,CUST6813,PROD913,Accessories,Bluetooth Headphones,Apple,5,1822.34,0.18,0.18,8816.48,Debit Card,Online,EMP433,3,0,Standard,8,USD
ORD133628,21-11-2024,BR38,UK,London,CUST5442,PROD491,Accessories,Keyboard,Lenovo,5,101.55,0.25,0.18,449.36,UPI,Online,EMP931,1,1,Express,7,INR
ORD133629,07-01-2024,BR112,India,Delhi,CUST3202,PROD872,Accessories,Bluetooth Headphones,Sony,2,465.19,0,0.18,1097.85,Net Banking,In-Store,EMP913,2,1,Standard,9,GBP
ORD133630,30-06-2023,BR48,USA,Los Angeles,CUST2807,PROD610,Mobile,iPhone 14,HP,1,1915.77,0.15,0.18,1921.52,UPI,Online,EMP280,3,1,Express,4,AED
ORD133631,15-10-2024,BR52,India,Delhi,CUST7620,PROD688,TV,Samsung QLED 50,Apple,4,1228.13,0.28,0.18,4173.68,Cash,Online,EMP523,0,0,Express,7,USD
ORD133632,26-12-2023,BR65,India,Mumbai,CUST1143,PROD820,Tablet,Lenovo Tab P11,Lenovo,5,643.1,0.25,0.18,2845.72,Net Banking,Online,EMP498,2,1,Same Day,2,AED
ORD133633,15-06-2024,BR102,India,Mumbai,CUST7849,PROD795,TV,LG OLED 48,Sony,5,286.94,0.14,0.18,1455.93,Credit Card,Online,EMP723,3,0,Express,8,USD
ORD133634,05-11-2024,BR61,UK,Birmingham,CUST5170,PROD217,Laptop,Dell XPS 13,Sony,5,504.51,0.19,0.18,2411.05,Net Banking,In-Store,EMP507,1,1,Express,5,USD
ORD133635,15-09-2023,BR84,UK,Birmingham,CUST2528,PROD262,Tablet,Lenovo Tab P11,Sony,2,1826.17,0.15,0.18,3663.3,UPI,In-Store,EMP995,0,1,Standard,7,INR
ORD133636,05-05-2024,BR26,UAE,Dubai,CUST2064,PROD492,TV,Samsung QLED 50,LG,4,1176.09,0.27,0.18,4052.34,Credit Card,Online,EMP887,0,1,Express,10,INR
ORD133637,30-09-2024,BR26,India,Mumbai,CUST8054,PROD418,Accessories,Keyboard,Samsung,1,1202.3,0.09,0.18,1291.03,UPI,Online,EMP821,0,0,Standard,3,AED
ORD133638,02-02-2023,BR13,Germany,Berlin,CUST1264,PROD942,TV,LG OLED 48,HP,4,1980.06,0.18,0.18,7663.62,Cash,In-Store,EMP839,0,1,Express,4,GBP
ORD133639,27-05-2024,BR45,UK,Manchester,CUST2623,PROD465,TV,Sony Bravia 55,Lenovo,3,1845.97,0,0.18,6534.73,Net Banking,Online,EMP265,2,0,Same Day,9,EUR
ORD133640,16-02-2024,BR80,UK,Manchester,CUST6657,PROD712,TV,LG OLED 48,Samsung,4,271.39,0.04,0.18,1229.72,Credit Card,In-Store,EMP379,3,0,Standard,9,USD
ORD133641,11-07-2023,BR13,UK,Manchester,CUST4931,PROD223,Mobile,Samsung Galaxy S23,Samsung,1,944.99,0.28,0.18,802.86,UPI,Online,EMP666,2,1,Same Day,10,USD
ORD133642,23-03-2024,BR2,Germany,Berlin,CUST5619,PROD513,Laptop,MacBook Air M2,HP,3,1202.75,0.07,0.18,3959.69,Cash,In-Store,EMP792,3,1,Express,8,INR
ORD133643,26-01-2024,BR2,USA,New York,CUST6132,PROD106,Mobile,OnePlus 11,OnePlus,3,1216.81,0.23,0.18,3316.78,Debit Card,In-Store,EMP232,0,1,Standard,8,EUR
ORD133644,08-12-2024,BR63,USA,Chicago,CUST2421,PROD382,TV,Sony Bravia 55,Dell,3,532.89,0.12,0.18,1660.06,UPI,In-Store,EMP513,1,0,Same Day,3,GBP
ORD133645,23-07-2024,BR35,India,Pune,CUST5667,PROD282,Accessories,Bluetooth Headphones,Samsung,2,1312.17,0.11,0.18,2756.08,UPI,Online,EMP749,3,1,Standard,9,GBP
ORD133646,18-04-2023,BR45,UK,Manchester,CUST1495,PROD510,TV,Samsung QLED 50,Dell,1,1916.4,0.12,0.18,1989.99,Credit Card,Online,EMP253,2,0,Same Day,7,USD
ORD133647,11-03-2023,BR117,Germany,Hamburg,CUST8476,PROD748,Mobile,Samsung Galaxy S23,Samsung,5,175.95,0.19,0.18,840.87,Credit Card,In-Store,EMP586,1,0,Express,5,USD
ORD133648,30-05-2024,BR80,UK,Manchester,CUST8267,PROD705,Accessories,Keyboard,Apple,5,1852.53,0.14,0.18,9399.74,UPI,Online,EMP451,2,0,Same Day,8,GBP
ORD133649,11-08-2024,BR84,Germany,Hamburg,CUST4188,PROD403,Tablet,Lenovo Tab P11,Samsung,3,736.33,0.21,0.18,2059.22,Debit Card,In-Store,EMP313,1,0,Standard,10,INR
ORD133650,27-01-2024,BR78,USA,Chicago,CUST7564,PROD347,Tablet,Samsung Galaxy Tab,Samsung,4,845.35,0.27,0.18,2912.74,Net Banking,In-Store,EMP673,2,1,Standard,2,AED
ORD133651,03-10-2024,BR69,India,Bangalore,CUST3643,PROD327,Mobile,Samsung Galaxy S23,Dell,1,1977.92,0.11,0.18,2077.21,Debit Card,Online,EMP865,0,0,Same Day,2,AED
ORD133652,21-07-2023,BR13,UAE,Dubai,CUST3485,PROD694,Mobile,Samsung Galaxy S23,Sony,2,512.21,0.22,0.18,942.88,Credit Card,In-Store,EMP815,3,0,Express,4,EUR
ORD133653,14-06-2023,BR118,UK,Manchester,CUST9338,PROD932,Tablet,Lenovo Tab P11,LG,5,744.58,0.11,0.18,3909.79,Net Banking,Online,EMP700,0,0,Same Day,6,EUR
ORD133654,21-01-2023,BR104,UAE,Dubai,CUST5893,PROD212,Tablet,iPad Air,Samsung,3,468.62,0.21,0.18,1310.54,Debit Card,In-Store,EMP580,2,0,Express,6,USD
ORD133655,24-01-2023,BR87,UAE,Abu Dhabi,CUST9638,PROD247,Laptop,MacBook Air M2,LG,1,1357.57,0,0.18,1601.93,UPI,Online,EMP712,3,0,Standard,10,GBP
ORD133656,03-12-2024,BR49,India,Pune,CUST4296,PROD632,TV,Sony Bravia 55,HP,5,1648.82,0.07,0.18,9047.08,Net Banking,Online,EMP303,1,1,Express,3,INR
ORD133657,29-03-2023,BR37,Germany,Hamburg,CUST5105,PROD956,Laptop,HP Spectre x360,Samsung,3,1148.84,0.08,0.18,3741.54,UPI,Online,EMP450,0,1,Express,2,EUR
ORD133658,03-09-2024,BR30,UAE,Dubai,CUST1384,PROD667,Mobile,iPhone 14,LG,3,94.79,0.27,0.18,244.96,Cash,In-Store,EMP493,1,0,Express,3,INR
ORD133659,03-09-2024,BR36,Germany,Berlin,CUST8695,PROD691,TV,Samsung QLED 50,LG,5,1092.61,0.04,0.18,6188.54,Cash,Online,EMP266,0,0,Standard,5,AED
ORD133660,09-07-2024,BR101,UK,Birmingham,CUST9199,PROD665,Laptop,Dell XPS 13,Dell,5,1295.85,0.17,0.18,6345.78,UPI,Online,EMP979,0,1,Express,10,GBP
ORD133661,24-06-2024,BR23,USA,Chicago,CUST9517,PROD447,Mobile,iPhone 14,Samsung,2,149.79,0.12,0.18,311.08,Net Banking,In-Store,EMP562,3,1,Express,9,USD
ORD133662,28-12-2024,BR40,India,Bangalore,CUST2657,PROD644,Tablet,Samsung Galaxy Tab,LG,5,1565.66,0.18,0.18,7574.66,UPI,Online,EMP669,2,1,Standard,8,GBP
ORD133663,22-05-2024,BR5,UAE,Dubai,CUST9964,PROD120,Mobile,OnePlus 11,Dell,1,1348.08,0.19,0.18,1288.49,Credit Card,Online,EMP488,2,1,Same Day,10,EUR
ORD133664,09-09-2024,BR57,India,Pune,CUST7191,PROD966,Accessories,Keyboard,Apple,4,1451.97,0.06,0.18,6442.1,Credit Card,Online,EMP958,2,0,Express,3,AED
ORD133665,07-08-2023,BR50,India,Bangalore,CUST1284,PROD304,Tablet,iPad Air,Sony,3,1613.39,0.17,0.18,4740.46,Cash,Online,EMP294,2,0,Same Day,2,EUR
ORD133666,11-09-2023,BR107,UAE,Dubai,CUST9200,PROD979,TV,LG OLED 48,Samsung,3,1559.71,0.27,0.18,4030.6,UPI,In-Store,EMP370,2,0,Standard,2,GBP
ORD133667,11-07-2024,BR16,USA,Chicago,CUST6376,PROD614,Accessories,Wireless Mouse,Apple,3,996.07,0.03,0.18,3420.31,Credit Card,Online,EMP959,1,1,Same Day,3,GBP
ORD133668,21-08-2023,BR108,UAE,Abu Dhabi,CUST5620,PROD369,Laptop,MacBook Air M2,Lenovo,3,510.87,0.26,0.18,1338.28,Cash,In-Store,EMP702,3,1,Standard,3,AED
ORD133669,22-06-2023,BR28,UK,Birmingham,CUST5533,PROD846,Laptop,MacBook Air M2,Sony,4,1926.87,0.02,0.18,8912.93,Cash,Online,EMP535,2,0,Standard,3,INR
ORD133670,17-12-2023,BR25,Germany,Berlin,CUST3684,PROD151,TV,LG OLED 48,Apple,4,562.97,0,0.18,2657.22,Credit Card,In-Store,EMP554,0,1,Standard,3,INR
ORD133671,13-05-2023,BR66,UK,London,CUST6811,PROD197,Accessories,Bluetooth Headphones,Dell,1,789.17,0.06,0.18,875.35,Debit Card,Online,EMP268,0,1,Express,8,EUR
ORD133672,01-11-2024,BR36,India,Mumbai,CUST2083,PROD183,Laptop,HP Spectre x360,OnePlus,2,666.68,0.01,0.18,1557.63,Cash,In-Store,EMP549,3,0,Same Day,1,AED
ORD133673,12-09-2023,BR76,UK,Birmingham,CUST7546,PROD266,Laptop,HP Spectre x360,Apple,5,625.3,0.1,0.18,3320.34,Cash,In-Store,EMP393,1,0,Standard,6,USD
ORD133674,21-07-2023,BR32,UAE,Abu Dhabi,CUST2326,PROD651,Tablet,Lenovo Tab P11,Sony,3,223.52,0.12,0.18,696.31,Credit Card,Online,EMP768,2,1,Express,1,EUR
ORD133675,17-02-2024,BR85,India,Bangalore,CUST4658,PROD865,Mobile,Samsung Galaxy S23,Samsung,1,873.08,0.19,0.18,834.49,Credit Card,Online,EMP884,3,0,Express,10,USD
ORD133676,04-08-2024,BR46,India,Bangalore,CUST9232,PROD249,TV,Sony Bravia 55,Dell,4,784.79,0.11,0.18,3296.75,Debit Card,In-Store,EMP675,2,0,Same Day,10,INR
ORD133677,02-01-2023,BR58,USA,Los Angeles,CUST7579,PROD415,Tablet,Samsung Galaxy Tab,Samsung,4,1531.71,0.18,0.18,5928.33,UPI,Online,EMP554,3,0,Standard,2,AED
ORD133678,04-05-2024,BR30,USA,Chicago,CUST1553,PROD841,TV,Sony Bravia 55,HP,4,750.24,0.28,0.18,2549.62,Credit Card,Online,EMP203,1,1,Standard,4,EUR
ORD133679,15-09-2023,BR13,UK,Manchester,CUST5735,PROD239,Laptop,MacBook Air M2,Dell,2,1023.97,0.08,0.18,2223.24,Net Banking,Online,EMP815,0,0,Standard,2,USD
ORD133680,27-09-2023,BR112,Germany,Berlin,CUST4900,PROD953,Laptop,MacBook Air M2,Samsung,1,784.1,0.02,0.18,906.73,Cash,Online,EMP424,3,1,Express,9,AED
ORD133681,04-02-2024,BR87,USA,Los Angeles,CUST7185,PROD449,Tablet,iPad Air,LG,3,1980.76,0.27,0.18,5118.68,UPI,In-Store,EMP906,0,1,Same Day,7,EUR
ORD133682,09-01-2024,BR32,USA,Los Angeles,CUST5682,PROD525,Tablet,Samsung Galaxy Tab,Lenovo,2,1058.06,0.17,0.18,2072.53,Net Banking,Online,EMP863,1,0,Standard,2,AED
ORD133683,06-04-2023,BR39,UAE,Abu Dhabi,CUST7925,PROD807,Mobile,iPhone 14,Dell,3,1648.57,0.05,0.18,5544.14,Cash,Online,EMP533,0,1,Express,7,AED
ORD133684,02-02-2023,BR91,UAE,Dubai,CUST2713,PROD656,Laptop,Dell XPS 13,Sony,4,1010.53,0.28,0.18,3434.19,UPI,In-Store,EMP410,1,0,Same Day,9,GBP
ORD133685,10-07-2023,BR113,UAE,Dubai,CUST4431,PROD147,Mobile,Samsung Galaxy S23,Dell,4,1126.65,0.14,0.18,4573.3,Debit Card,In-Store,EMP727,0,0,Standard,9,USD
ORD133686,14-03-2023,BR40,UK,Birmingham,CUST5213,PROD248,Accessories,Wireless Mouse,Dell,3,909.03,0.04,0.18,3089.25,Debit Card,In-Store,EMP986,0,0,Same Day,10,EUR
ORD133687,22-11-2024,BR64,USA,Los Angeles,CUST6275,PROD814,Accessories,Keyboard,Apple,2,1369.83,0.1,0.18,2909.52,UPI,In-Store,EMP459,3,0,Standard,3,GBP
ORD133688,22-01-2024,BR86,Germany,Munich,CUST1841,PROD533,Tablet,iPad Air,Samsung,1,1929.11,0.17,0.18,1889.37,Cash,In-Store,EMP201,2,0,Same Day,3,USD
ORD133689,03-01-2024,BR20,UK,Manchester,CUST5500,PROD939,Tablet,Samsung Galaxy Tab,Dell,1,1773.75,0.29,0.18,1486.05,Debit Card,In-Store,EMP753,0,1,Express,7,INR
ORD133690,30-09-2024,BR114,Germany,Munich,CUST1682,PROD673,Tablet,Samsung Galaxy Tab,Dell,1,690.65,0.12,0.18,717.17,Credit Card,Online,EMP862,2,0,Express,10,INR
ORD133691,23-09-2023,BR23,USA,New York,CUST7241,PROD311,Tablet,Lenovo Tab P11,Lenovo,2,1436.38,0.12,0.18,2983.07,Cash,Online,EMP458,0,0,Express,9,INR
ORD133692,22-01-2024,BR59,India,Delhi,CUST7438,PROD520,Mobile,Samsung Galaxy S23,Samsung,2,1964.7,0.15,0.18,3941.19,Debit Card,Online,EMP453,3,1,Standard,6,GBP
ORD133693,08-09-2024,BR4,Germany,Berlin,CUST6536,PROD946,Accessories,Bluetooth Headphones,Samsung,1,1599.55,0.02,0.18,1849.72,Cash,Online,EMP919,0,0,Standard,1,AED
ORD133694,21-03-2024,BR106,UAE,Abu Dhabi,CUST1214,PROD376,Accessories,Bluetooth Headphones,LG,2,552.81,0.26,0.18,965.43,Net Banking,In-Store,EMP869,0,0,Standard,9,EUR
ORD133695,04-04-2023,BR36,Germany,Hamburg,CUST9469,PROD152,Accessories,Keyboard,Samsung,4,606.16,0.15,0.18,2431.91,Cash,Online,EMP843,1,0,Standard,2,EUR
ORD133696,07-04-2023,BR88,USA,Chicago,CUST9430,PROD614,Accessories,Keyboard,Lenovo,2,1352.87,0.12,0.18,2809.64,Debit Card,In-Store,EMP217,0,0,Express,5,USD
ORD133697,22-11-2023,BR12,Germany,Munich,CUST3909,PROD753,TV,LG OLED 48,OnePlus,4,1202.66,0.1,0.18,5108.9,Net Banking,Online,EMP300,3,1,Express,7,USD
ORD133698,30-10-2023,BR71,UK,Manchester,CUST6779,PROD434,Mobile,OnePlus 11,LG,1,806.94,0.19,0.18,771.27,UPI,In-Store,EMP506,2,0,Express,3,GBP
ORD133699,19-03-2023,BR82,Germany,Munich,CUST9827,PROD144,TV,LG OLED 48,Lenovo,3,1826.26,0.01,0.18,6400.31,Net Banking,In-Store,EMP695,2,1,Same Day,9,AED
ORD133700,20-09-2024,BR29,UAE,Abu Dhabi,CUST3574,PROD634,Laptop,MacBook Air M2,Sony,1,1882.91,0.3,0.18,1555.28,UPI,Online,EMP856,2,0,Express,9,AED
ORD133701,20-05-2023,BR44,UAE,Dubai,CUST9315,PROD785,TV,LG OLED 48,Samsung,5,1117.14,0.01,0.18,6525.21,Net Banking,Online,EMP752,2,1,Standard,1,USD
ORD133702,17-10-2023,BR20,USA,Los Angeles,CUST9544,PROD277,TV,LG OLED 48,Sony,3,330.74,0.07,0.18,1088.86,UPI,Online,EMP651,1,0,Express,7,INR
ORD133703,17-07-2024,BR9,UK,Manchester,CUST8843,PROD495,TV,LG OLED 48,HP,4,82.79,0.23,0.18,300.89,Cash,Online,EMP889,0,1,Same Day,1,AED
ORD133704,22-04-2024,BR6,India,Mumbai,CUST3121,PROD736,Laptop,HP Spectre x360,Samsung,1,724.65,0.02,0.18,837.99,Cash,In-Store,EMP615,0,1,Same Day,8,USD
ORD133705,14-08-2024,BR31,USA,New York,CUST5893,PROD285,Tablet,Lenovo Tab P11,Dell,5,1407.25,0.27,0.18,6061.03,Credit Card,Online,EMP597,2,1,Express,9,AED
ORD133706,02-08-2024,BR70,UK,Manchester,CUST1595,PROD556,Accessories,Keyboard,Apple,5,1260.99,0.24,0.18,5654.28,UPI,In-Store,EMP231,1,0,Standard,8,EUR
ORD133707,05-10-2024,BR102,India,Mumbai,CUST5544,PROD937,Laptop,Dell XPS 13,Apple,4,1985.8,0.17,0.18,7779.57,Credit Card,In-Store,EMP340,1,0,Express,8,INR
ORD133708,29-03-2024,BR48,UK,Birmingham,CUST8931,PROD354,Tablet,Samsung Galaxy Tab,Samsung,4,183.56,0.29,0.18,615.15,Debit Card,In-Store,EMP740,2,1,Same Day,9,USD
ORD133709,18-09-2023,BR65,Germany,Hamburg,CUST2830,PROD392,TV,Sony Bravia 55,HP,4,1014,0.16,0.18,4020.31,Net Banking,In-Store,EMP335,1,1,Express,2,GBP
ORD133710,23-03-2023,BR76,UK,Birmingham,CUST2901,PROD568,Accessories,Wireless Mouse,Sony,2,1524.29,0.05,0.18,3417.46,Debit Card,Online,EMP701,0,1,Same Day,6,GBP
ORD133711,19-02-2024,BR64,USA,Dallas,CUST1476,PROD970,TV,Samsung QLED 50,Samsung,1,1956.6,0.15,0.18,1962.47,Cash,In-Store,EMP799,1,0,Same Day,8,USD
ORD133712,31-03-2023,BR11,UK,Manchester,CUST7487,PROD661,Accessories,Keyboard,Sony,5,1869.05,0.28,0.18,7939.72,UPI,In-Store,EMP633,1,1,Standard,10,AED
ORD133713,18-11-2023,BR77,UAE,Abu Dhabi,CUST8853,PROD500,TV,LG OLED 48,Samsung,2,435.18,0.22,0.18,801.08,Credit Card,In-Store,EMP638,0,0,Express,10,INR
ORD133714,03-02-2023,BR65,UAE,Abu Dhabi,CUST7945,PROD941,Laptop,HP Spectre x360,Sony,3,1402.27,0.1,0.18,4467.63,Credit Card,Online,EMP870,1,1,Standard,2,INR
ORD133715,10-04-2024,BR25,UAE,Abu Dhabi,CUST8319,PROD525,Mobile,Samsung Galaxy S23,OnePlus,2,1894.24,0.01,0.18,4425.7,Debit Card,Online,EMP738,2,1,Same Day,10,AED
ORD133716,09-01-2023,BR69,India,Bangalore,CUST9214,PROD272,Mobile,iPhone 14,Lenovo,5,1307.61,0.19,0.18,6249.07,Net Banking,In-Store,EMP327,3,0,Same Day,4,INR
ORD133717,28-11-2024,BR16,USA,Chicago,CUST2089,PROD392,Laptop,MacBook Air M2,OnePlus,4,897.95,0.03,0.18,4111.17,UPI,In-Store,EMP722,1,0,Express,4,EUR
ORD133718,14-08-2023,BR102,USA,Los Angeles,CUST7399,PROD879,Tablet,iPad Air,Dell,5,1771.95,0.17,0.18,8677.24,Credit Card,In-Store,EMP964,1,0,Same Day,9,AED
ORD133719,04-09-2023,BR31,UAE,Abu Dhabi,CUST7151,PROD310,Tablet,Lenovo Tab P11,Dell,4,1982.27,0.23,0.18,7204.36,Cash,In-Store,EMP551,0,1,Standard,1,GBP
ORD133720,14-04-2023,BR23,UK,Birmingham,CUST9030,PROD221,TV,Samsung QLED 50,HP,1,300.02,0.11,0.18,315.08,Credit Card,In-Store,EMP931,3,0,Same Day,5,INR
ORD133721,15-08-2024,BR22,UAE,Dubai,CUST9388,PROD316,Mobile,OnePlus 11,Dell,3,1141.91,0.19,0.18,3274.31,UPI,Online,EMP485,1,1,Same Day,3,INR
ORD133722,14-08-2024,BR115,USA,Los Angeles,CUST8218,PROD571,TV,Sony Bravia 55,LG,1,670.73,0.3,0.18,554.02,Cash,Online,EMP751,0,0,Same Day,7,GBP
ORD133723,06-06-2024,BR100,UK,Manchester,CUST3615,PROD963,Mobile,OnePlus 11,LG,3,1932.89,0.16,0.18,5747.64,Net Banking,In-Store,EMP922,1,1,Same Day,3,USD
ORD133724,03-11-2024,BR16,UAE,Dubai,CUST3708,PROD593,TV,Sony Bravia 55,Lenovo,2,556.4,0.17,0.18,1089.88,Credit Card,In-Store,EMP348,0,1,Express,4,USD
ORD133725,18-01-2024,BR119,UAE,Abu Dhabi,CUST6247,PROD688,Mobile,OnePlus 11,Samsung,1,388.72,0.09,0.18,417.41,Credit Card,In-Store,EMP800,2,1,Express,4,AED
ORD133726,15-06-2024,BR31,UAE,Abu Dhabi,CUST6837,PROD475,Mobile,Samsung Galaxy S23,Dell,3,479.76,0.12,0.18,1494.55,Net Banking,In-Store,EMP769,1,0,Standard,1,GBP
ORD133727,04-12-2024,BR34,UK,Manchester,CUST2710,PROD314,Tablet,iPad Air,Samsung,1,1141.58,0.01,0.18,1333.59,UPI,Online,EMP552,0,1,Same Day,4,INR
ORD133728,09-07-2023,BR2,UK,Birmingham,CUST3613,PROD930,Accessories,Wireless Mouse,Apple,3,1845.93,0.11,0.18,5815.79,UPI,In-Store,EMP247,1,0,Express,3,GBP
ORD133729,31-08-2023,BR35,UAE,Abu Dhabi,CUST9895,PROD232,TV,Samsung QLED 50,LG,3,1820.38,0.11,0.18,5735.29,Net Banking,In-Store,EMP682,2,0,Standard,10,EUR
ORD133730,07-09-2024,BR113,UK,Manchester,CUST3076,PROD606,Laptop,HP Spectre x360,HP,4,1089.6,0.07,0.18,4782.91,Net Banking,Online,EMP676,3,1,Express,7,AED
ORD133731,13-08-2024,BR110,UAE,Abu Dhabi,CUST3452,PROD563,Laptop,MacBook Air M2,Lenovo,1,175.18,0.15,0.18,175.71,UPI,In-Store,EMP292,3,1,Standard,2,USD
ORD133732,18-06-2024,BR74,India,Bangalore,CUST2410,PROD315,Tablet,iPad Air,Samsung,4,1159.17,0.15,0.18,4650.59,Cash,In-Store,EMP245,2,1,Standard,6,INR
ORD133733,28-09-2024,BR34,UAE,Dubai,CUST7510,PROD594,Tablet,Samsung Galaxy Tab,OnePlus,4,1879.91,0.21,0.18,7009.81,Debit Card,Online,EMP275,1,0,Express,5,AED
ORD133734,12-11-2023,BR3,Germany,Berlin,CUST9093,PROD293,Mobile,OnePlus 11,Samsung,3,177.65,0.16,0.18,528.26,Debit Card,Online,EMP852,0,0,Express,7,USD
ORD133735,20-05-2024,BR116,UAE,Dubai,CUST5392,PROD972,Tablet,Lenovo Tab P11,Dell,2,1682.07,0.15,0.18,3374.23,Cash,In-Store,EMP926,3,1,Standard,2,INR
ORD133736,20-05-2023,BR103,UK,London,CUST5965,PROD624,Laptop,Dell XPS 13,Dell,2,996.04,0.13,0.18,2045.07,Net Banking,In-Store,EMP966,0,0,Standard,7,AED
ORD133737,28-08-2024,BR79,UAE,Dubai,CUST8722,PROD299,Tablet,Lenovo Tab P11,OnePlus,5,1020.47,0.07,0.18,5599.32,Net Banking,In-Store,EMP530,0,0,Standard,4,INR
ORD133738,12-06-2024,BR85,UK,London,CUST7285,PROD641,TV,Samsung QLED 50,LG,1,1312.74,0.27,0.18,1130.79,UPI,In-Store,EMP571,0,0,Standard,6,AED
ORD133739,08-06-2023,BR55,Germany,Hamburg,CUST7133,PROD267,TV,Samsung QLED 50,Dell,1,1454.41,0.13,0.18,1493.1,Cash,In-Store,EMP955,2,0,Same Day,5,GBP
ORD133740,17-03-2023,BR48,UAE,Dubai,CUST7633,PROD413,Laptop,HP Spectre x360,Samsung,4,1619.12,0.23,0.18,5884.53,Net Banking,In-Store,EMP670,3,1,Same Day,3,GBP
ORD133741,30-10-2024,BR16,UK,Birmingham,CUST1028,PROD313,Accessories,Wireless Mouse,Apple,3,1524.15,0.19,0.18,4370.35,Net Banking,Online,EMP724,1,1,Standard,5,USD
ORD133742,20-01-2024,BR62,UK,London,CUST8811,PROD500,Tablet,Samsung Galaxy Tab,HP,3,235.21,0.26,0.18,616.16,Debit Card,In-Store,EMP320,2,1,Standard,5,USD
ORD133743,10-07-2023,BR66,USA,New York,CUST1460,PROD366,TV,Samsung QLED 50,Sony,5,748.08,0.27,0.18,3221.98,Net Banking,Online,EMP568,3,0,Express,6,GBP
ORD133744,31-05-2024,BR46,Germany,Munich,CUST6568,PROD740,Tablet,iPad Air,Sony,5,1377.33,0.22,0.18,6338.47,Credit Card,Online,EMP977,3,0,Express,10,INR
ORD133745,14-05-2023,BR36,Germany,Hamburg,CUST6271,PROD951,Accessories,Keyboard,Samsung,5,183.59,0.09,0.18,985.69,Cash,Online,EMP994,1,1,Same Day,6,GBP
ORD133746,01-06-2024,BR79,Germany,Munich,CUST8117,PROD446,Laptop,MacBook Air M2,Apple,4,368.82,0.2,0.18,1392.66,Cash,Online,EMP861,1,1,Same Day,1,EUR
ORD133747,31-10-2024,BR62,USA,Los Angeles,CUST1940,PROD418,Tablet,iPad Air,Dell,5,1996.2,0.16,0.18,9893.17,Debit Card,Online,EMP619,0,0,Standard,2,INR
ORD133748,13-10-2023,BR62,USA,Dallas,CUST2085,PROD592,TV,Samsung QLED 50,Apple,2,765.29,0.2,0.18,1444.87,Credit Card,In-Store,EMP784,0,1,Express,1,AED
ORD133749,07-12-2024,BR99,USA,Chicago,CUST2663,PROD137,Laptop,Dell XPS 13,HP,1,726.97,0.01,0.18,849.25,Net Banking,Online,EMP316,3,1,Express,10,AED
ORD133750,19-05-2023,BR116,India,Delhi,CUST1222,PROD787,Laptop,HP Spectre x360,LG,2,631.43,0.29,0.18,1058.02,UPI,Online,EMP726,3,0,Express,10,USD
ORD133751,04-10-2024,BR111,UAE,Dubai,CUST2415,PROD766,Mobile,OnePlus 11,HP,2,1651.14,0.1,0.18,3507.02,Credit Card,In-Store,EMP538,1,0,Same Day,3,USD
ORD133752,21-10-2023,BR79,USA,Dallas,CUST8996,PROD398,TV,Samsung QLED 50,OnePlus,1,230.42,0.24,0.18,206.64,UPI,In-Store,EMP617,3,0,Express,4,EUR
ORD133753,02-06-2023,BR3,India,Bangalore,CUST1870,PROD885,Tablet,Samsung Galaxy Tab,Sony,4,721.71,0.29,0.18,2418.59,Debit Card,In-Store,EMP516,1,0,Standard,10,AED
ORD133754,26-03-2024,BR89,India,Delhi,CUST9809,PROD470,TV,Sony Bravia 55,Sony,5,434.69,0.23,0.18,1974.8,UPI,In-Store,EMP919,2,1,Express,6,AED
ORD133755,04-03-2023,BR11,UK,Birmingham,CUST6771,PROD114,Mobile,OnePlus 11,HP,3,956.36,0.22,0.18,2640.7,Debit Card,In-Store,EMP378,3,0,Express,8,EUR
ORD133756,30-07-2023,BR45,USA,Chicago,CUST3367,PROD784,TV,Sony Bravia 55,LG,3,343.22,0.09,0.18,1105.65,UPI,Online,EMP548,2,1,Express,2,AED
ORD133757,22-05-2024,BR9,USA,Dallas,CUST9412,PROD882,TV,LG OLED 48,Samsung,3,1642.9,0.17,0.18,4827.17,Cash,Online,EMP706,0,0,Standard,7,USD
ORD133758,27-01-2024,BR66,UAE,Dubai,CUST2707,PROD322,Laptop,HP Spectre x360,HP,5,1808.27,0.01,0.18,10562.11,Credit Card,In-Store,EMP830,2,1,Express,1,USD
ORD133759,04-11-2023,BR90,Germany,Munich,CUST4560,PROD986,Mobile,iPhone 14,OnePlus,3,304.93,0.13,0.18,939.12,Net Banking,In-Store,EMP758,1,1,Express,4,INR
ORD133760,07-05-2024,BR116,Germany,Berlin,CUST7618,PROD693,Mobile,Samsung Galaxy S23,Sony,4,568.1,0.08,0.18,2466.92,Net Banking,Online,EMP404,2,1,Same Day,4,USD
ORD133761,28-06-2024,BR26,Germany,Munich,CUST5422,PROD229,Accessories,Keyboard,Apple,2,1433.23,0.18,0.18,2773.59,Cash,Online,EMP772,1,0,Express,9,GBP
ORD133762,06-07-2024,BR113,India,Delhi,CUST4948,PROD626,Tablet,Samsung Galaxy Tab,Samsung,2,1488.57,0.15,0.18,2986.07,UPI,In-Store,EMP947,2,1,Same Day,4,INR
ORD133763,07-07-2024,BR103,UK,Manchester,CUST1776,PROD422,Tablet,Samsung Galaxy Tab,OnePlus,1,937.77,0.08,0.18,1018.04,Credit Card,In-Store,EMP980,1,0,Express,5,AED
ORD133764,09-07-2023,BR63,India,Mumbai,CUST2845,PROD267,Accessories,Wireless Mouse,Apple,4,1559.29,0.25,0.18,5519.89,Cash,Online,EMP394,3,1,Express,5,USD
ORD133765,21-06-2024,BR21,UK,Manchester,CUST7140,PROD402,Accessories,Bluetooth Headphones,LG,3,1583.22,0.28,0.18,4035.31,Credit Card,In-Store,EMP602,0,1,Same Day,5,USD
ORD133766,22-06-2024,BR22,UAE,Abu Dhabi,CUST6605,PROD591,Accessories,Bluetooth Headphones,Sony,3,1374.47,0.1,0.18,4379.06,Credit Card,Online,EMP679,1,0,Same Day,7,GBP
ORD133767,25-02-2024,BR62,India,Mumbai,CUST6973,PROD492,TV,Sony Bravia 55,Sony,3,827.45,0.14,0.18,2519.09,Net Banking,In-Store,EMP786,3,1,Standard,9,AED
ORD133768,09-10-2023,BR33,USA,Chicago,CUST3007,PROD948,TV,Sony Bravia 55,Dell,4,1502.59,0.04,0.18,6808.54,UPI,In-Store,EMP205,2,0,Standard,10,AED
ORD133769,03-01-2024,BR10,Germany,Munich,CUST4379,PROD124,Mobile,OnePlus 11,Apple,5,343.98,0.15,0.18,1725.06,Net Banking,In-Store,EMP978,3,1,Express,4,AED
ORD133770,15-03-2023,BR63,India,Mumbai,CUST3840,PROD691,Accessories,Wireless Mouse,Lenovo,3,116.6,0.29,0.18,293.06,UPI,In-Store,EMP662,2,0,Same Day,7,INR
ORD133771,30-05-2023,BR88,India,Bangalore,CUST8896,PROD756,Laptop,Dell XPS 13,HP,3,1258.77,0.16,0.18,3743.08,Credit Card,In-Store,EMP563,1,0,Express,4,EUR
ORD133772,07-09-2023,BR90,UK,Birmingham,CUST8700,PROD579,Accessories,Wireless Mouse,LG,5,511.51,0.3,0.18,2112.54,Credit Card,In-Store,EMP247,1,1,Standard,5,USD
ORD133773,27-12-2024,BR62,UAE,Dubai,CUST3810,PROD420,Accessories,Bluetooth Headphones,Samsung,1,1854.52,0.19,0.18,1772.55,Cash,Online,EMP477,0,0,Same Day,2,USD
ORD133774,27-09-2024,BR65,India,Mumbai,CUST8568,PROD290,Accessories,Bluetooth Headphones,Sony,4,1114.18,0.03,0.18,5101.16,UPI,Online,EMP232,1,0,Express,9,USD
ORD133775,12-07-2023,BR94,USA,New York,CUST1886,PROD469,Mobile,Samsung Galaxy S23,LG,5,1070.85,0.26,0.18,4675.33,Cash,In-Store,EMP953,3,0,Same Day,7,AED
ORD133776,11-10-2023,BR64,UK,Birmingham,CUST5503,PROD359,Accessories,Wireless Mouse,Samsung,1,211.78,0.24,0.18,189.92,Debit Card,Online,EMP226,3,1,Same Day,2,INR
ORD133777,25-09-2024,BR112,USA,Chicago,CUST6754,PROD904,TV,Sony Bravia 55,OnePlus,4,1083.67,0.27,0.18,3733.89,Net Banking,In-Store,EMP434,0,1,Express,8,USD
ORD133778,30-03-2023,BR68,UK,Manchester,CUST1829,PROD783,TV,Samsung QLED 50,Lenovo,4,845.37,0.23,0.18,3072.41,Cash,In-Store,EMP371,1,1,Express,1,USD
ORD133779,18-07-2023,BR118,India,Delhi,CUST3570,PROD281,Laptop,HP Spectre x360,OnePlus,4,1351,0.18,0.18,5228.91,Net Banking,In-Store,EMP534,1,1,Express,10,EUR
ORD133780,20-10-2024,BR107,Germany,Berlin,CUST7104,PROD220,Tablet,iPad Air,Lenovo,2,412.87,0.05,0.18,925.65,UPI,Online,EMP576,3,0,Standard,8,USD
ORD133781,02-12-2023,BR115,UK,Birmingham,CUST9388,PROD930,TV,Sony Bravia 55,Dell,2,719.74,0.2,0.18,1358.87,Cash,Online,EMP796,2,1,Express,2,INR
ORD133782,13-12-2024,BR75,UK,London,CUST4285,PROD367,Laptop,Dell XPS 13,LG,4,946.31,0.01,0.18,4421.92,Net Banking,In-Store,EMP782,1,1,Standard,8,INR
ORD133783,24-01-2023,BR119,UK,Manchester,CUST4856,PROD405,Accessories,Keyboard,HP,2,932.88,0.25,0.18,1651.2,Net Banking,Online,EMP593,1,0,Standard,9,INR
ORD133784,21-05-2024,BR117,USA,Chicago,CUST2579,PROD916,Mobile,OnePlus 11,OnePlus,3,857.96,0.07,0.18,2824.58,UPI,In-Store,EMP469,1,1,Same Day,2,AED
ORD133785,04-01-2023,BR55,UK,Manchester,CUST7711,PROD121,TV,Samsung QLED 50,Dell,3,1605.87,0.12,0.18,5002.61,Credit Card,Online,EMP527,1,1,Express,9,GBP
ORD133786,16-05-2024,BR52,USA,Los Angeles,CUST8178,PROD724,Laptop,Dell XPS 13,Sony,2,103.98,0.07,0.18,228.22,UPI,Online,EMP804,1,0,Express,6,AED
ORD133787,17-10-2023,BR79,India,Bangalore,CUST4873,PROD798,Tablet,iPad Air,Samsung,2,138.8,0.02,0.18,321.02,Cash,Online,EMP254,2,0,Standard,1,EUR
ORD133788,19-08-2024,BR23,USA,Los Angeles,CUST3077,PROD420,Tablet,Lenovo Tab P11,Dell,5,1171.92,0.12,0.18,6084.61,Cash,In-Store,EMP371,1,0,Standard,3,USD
ORD133789,02-06-2024,BR89,Germany,Munich,CUST3540,PROD619,TV,LG OLED 48,Sony,2,1381.38,0.11,0.18,2901.45,UPI,In-Store,EMP910,2,1,Same Day,7,GBP
ORD133790,10-10-2023,BR99,UAE,Abu Dhabi,CUST2507,PROD910,Accessories,Keyboard,HP,5,1098.43,0.26,0.18,4795.75,Cash,In-Store,EMP235,0,0,Express,5,GBP
ORD133791,07-02-2024,BR27,UK,Manchester,CUST8691,PROD848,Mobile,OnePlus 11,Samsung,1,315,0.04,0.18,356.83,Cash,In-Store,EMP920,1,1,Same Day,9,AED
ORD133792,12-07-2024,BR39,UAE,Dubai,CUST1260,PROD477,Mobile,iPhone 14,LG,4,1041.34,0.09,0.18,4472.76,Credit Card,In-Store,EMP832,2,0,Same Day,8,AED
ORD133793,30-03-2023,BR41,UAE,Abu Dhabi,CUST7547,PROD515,Laptop,HP Spectre x360,Sony,4,1318.26,0.28,0.18,4479.97,Net Banking,Online,EMP323,2,0,Express,7,GBP
ORD133794,19-12-2024,BR44,UAE,Abu Dhabi,CUST5586,PROD946,Laptop,MacBook Air M2,Samsung,3,999.64,0.22,0.18,2760.21,Credit Card,In-Store,EMP312,0,0,Express,8,INR
ORD133795,25-08-2024,BR104,USA,Dallas,CUST7785,PROD376,Laptop,HP Spectre x360,OnePlus,4,840.18,0.09,0.18,3608.74,Debit Card,Online,EMP987,0,1,Same Day,5,INR
ORD133796,23-08-2024,BR112,USA,New York,CUST3827,PROD679,Mobile,OnePlus 11,Lenovo,1,712.67,0.08,0.18,773.67,Debit Card,In-Store,EMP782,2,0,Same Day,4,GBP
ORD133797,27-04-2024,BR33,UK,Manchester,CUST1129,PROD553,Tablet,Samsung Galaxy Tab,OnePlus,2,928.99,0.21,0.18,1732.01,UPI,In-Store,EMP764,2,1,Express,4,GBP
ORD133798,07-10-2023,BR103,Germany,Berlin,CUST2182,PROD184,TV,Sony Bravia 55,Samsung,2,288.79,0.26,0.18,504.34,Net Banking,In-Store,EMP550,2,0,Express,9,USD
ORD133799,31-10-2024,BR107,UAE,Dubai,CUST3389,PROD350,Tablet,iPad Air,LG,4,1377.91,0.09,0.18,5918.4,Debit Card,Online,EMP562,3,1,Standard,5,AED
ORD133800,04-09-2024,BR42,UK,Birmingham,CUST4203,PROD176,TV,Samsung QLED 50,OnePlus,3,322.78,0.1,0.18,1028.38,UPI,Online,EMP397,3,1,Express,7,GBP
ORD133801,01-08-2023,BR89,India,Bangalore,CUST8765,PROD645,TV,Sony Bravia 55,LG,2,241.91,0.07,0.18,530.94,UPI,In-Store,EMP801,1,0,Standard,3,USD
ORD133802,22-04-2024,BR120,USA,Los Angeles,CUST3085,PROD926,Accessories,Keyboard,Lenovo,2,496.52,0.04,0.18,1124.92,Debit Card,In-Store,EMP625,2,1,Standard,8,INR
ORD133803,06-07-2023,BR74,Germany,Munich,CUST5607,PROD101,Mobile,iPhone 14,Sony,1,132.91,0.24,0.18,119.19,UPI,Online,EMP620,0,1,Same Day,9,INR
ORD133804,04-07-2024,BR106,UAE,Dubai,CUST8930,PROD355,Laptop,MacBook Air M2,HP,1,352.43,0.12,0.18,365.96,Cash,Online,EMP861,0,1,Standard,9,USD
ORD133805,08-09-2023,BR60,UAE,Abu Dhabi,CUST1148,PROD855,Mobile,OnePlus 11,Apple,4,1603.82,0.03,0.18,7342.93,Cash,Online,EMP294,1,1,Express,3,INR
ORD133806,11-08-2023,BR58,Germany,Hamburg,CUST1970,PROD109,TV,LG OLED 48,Samsung,5,736.88,0.23,0.18,3347.65,Cash,Online,EMP269,2,0,Same Day,3,GBP
ORD133807,18-01-2024,BR50,USA,New York,CUST7925,PROD110,Laptop,MacBook Air M2,Dell,5,1130.68,0.18,0.18,5470.23,Credit Card,In-Store,EMP754,3,0,Express,1,INR
ORD133808,29-08-2023,BR117,Germany,Berlin,CUST9761,PROD269,Accessories,Keyboard,OnePlus,4,1192.82,0.2,0.18,4504.09,Credit Card,In-Store,EMP496,0,0,Same Day,8,GBP
ORD133809,05-08-2024,BR25,UAE,Dubai,CUST2694,PROD171,Accessories,Bluetooth Headphones,Samsung,1,1880.67,0.07,0.18,2063.85,UPI,Online,EMP927,0,1,Same Day,8,USD
ORD133810,22-01-2023,BR11,UK,Manchester,CUST1185,PROD339,Laptop,MacBook Air M2,Sony,5,1261.75,0.06,0.18,6997.67,Debit Card,Online,EMP337,2,1,Same Day,5,EUR
ORD133811,02-06-2024,BR11,USA,New York,CUST3421,PROD595,TV,Samsung QLED 50,Apple,2,1295.6,0.11,0.18,2721.28,Credit Card,Online,EMP669,3,0,Same Day,1,EUR
ORD133812,29-07-2023,BR77,UK,Manchester,CUST5345,PROD200,Laptop,Dell XPS 13,OnePlus,3,1963.06,0.19,0.18,5628.88,Credit Card,In-Store,EMP624,1,0,Standard,9,INR
ORD133813,23-09-2024,BR45,UAE,Dubai,CUST9247,PROD276,TV,LG OLED 48,Samsung,1,259.16,0.18,0.18,250.76,Net Banking,Online,EMP712,0,1,Same Day,2,AED
ORD133814,24-01-2024,BR62,USA,Chicago,CUST1419,PROD385,TV,Samsung QLED 50,Lenovo,1,1609.25,0.25,0.18,1424.19,Cash,In-Store,EMP659,1,0,Same Day,1,USD
ORD133815,14-09-2023,BR80,UAE,Abu Dhabi,CUST8585,PROD802,Mobile,iPhone 14,OnePlus,2,690.44,0.03,0.18,1580.56,Net Banking,Online,EMP587,3,1,Express,8,GBP
ORD133816,11-03-2024,BR19,Germany,Hamburg,CUST5798,PROD932,Accessories,Wireless Mouse,LG,2,609.65,0.11,0.18,1280.51,Debit Card,Online,EMP352,1,1,Standard,9,EUR
ORD133817,29-11-2024,BR55,Germany,Hamburg,CUST4967,PROD306,Accessories,Wireless Mouse,OnePlus,3,149.98,0.15,0.18,451.29,Credit Card,In-Store,EMP259,2,0,Same Day,7,USD
ORD133818,12-10-2023,BR25,UAE,Dubai,CUST3674,PROD941,Mobile,iPhone 14,Sony,3,1439.23,0.22,0.18,3974,Cash,Online,EMP959,0,1,Same Day,9,USD
ORD133819,07-09-2024,BR45,Germany,Hamburg,CUST5884,PROD229,Mobile,OnePlus 11,OnePlus,4,1647.63,0.27,0.18,5677.07,Net Banking,Online,EMP871,3,1,Same Day,2,EUR
ORD133820,10-08-2024,BR87,UAE,Dubai,CUST4049,PROD558,Laptop,HP Spectre x360,Sony,4,1477.93,0.21,0.18,5510.91,Net Banking,In-Store,EMP489,2,0,Same Day,4,INR
ORD133821,01-01-2023,BR25,USA,Dallas,CUST1311,PROD816,Accessories,Wireless Mouse,OnePlus,4,710.73,0.16,0.18,2817.9,UPI,In-Store,EMP766,0,1,Same Day,9,EUR
ORD133822,23-07-2024,BR41,UK,Manchester,CUST5478,PROD915,Tablet,iPad Air,HP,5,1006.17,0.22,0.18,4630.39,Cash,Online,EMP883,2,1,Same Day,2,EUR
ORD133823,25-03-2023,BR42,UAE,Dubai,CUST3220,PROD428,TV,Samsung QLED 50,Dell,2,1993.78,0.26,0.18,3481.94,Debit Card,In-Store,EMP812,1,0,Express,2,EUR
ORD133824,19-12-2023,BR37,UK,London,CUST1219,PROD350,Laptop,HP Spectre x360,OnePlus,4,1883.46,0.02,0.18,8712.13,Net Banking,In-Store,EMP739,1,0,Standard,1,GBP
ORD133825,08-01-2023,BR60,UK,London,CUST8533,PROD364,Mobile,OnePlus 11,Samsung,4,711.33,0.11,0.18,2988.16,Debit Card,Online,EMP966,3,0,Standard,10,GBP
ORD133826,09-11-2023,BR20,India,Delhi,CUST4686,PROD669,Tablet,Samsung Galaxy Tab,OnePlus,1,196.89,0.02,0.18,227.68,Cash,In-Store,EMP796,0,1,Express,7,GBP
ORD133827,05-05-2023,BR90,UK,Birmingham,CUST5795,PROD181,Accessories,Keyboard,LG,2,1975.65,0.18,0.18,3823.28,Net Banking,Online,EMP740,1,0,Express,3,INR
ORD133828,13-07-2024,BR46,India,Delhi,CUST4284,PROD743,TV,Samsung QLED 50,Lenovo,1,874.34,0.03,0.18,1000.77,UPI,Online,EMP350,3,1,Standard,4,AED
ORD133829,15-08-2023,BR23,UAE,Dubai,CUST2668,PROD173,Laptop,Dell XPS 13,Dell,2,1640.41,0.15,0.18,3290.66,UPI,In-Store,EMP765,3,1,Express,4,GBP
ORD133830,22-09-2023,BR23,UAE,Abu Dhabi,CUST1925,PROD352,Tablet,Lenovo Tab P11,Sony,3,197.42,0.16,0.18,587.05,Cash,In-Store,EMP919,2,1,Standard,2,USD
ORD133831,25-03-2023,BR107,Germany,Berlin,CUST5770,PROD506,Laptop,MacBook Air M2,Apple,5,448.73,0.15,0.18,2250.38,Cash,In-Store,EMP676,1,1,Express,5,EUR
ORD133832,09-07-2023,BR46,India,Bangalore,CUST3238,PROD347,TV,Samsung QLED 50,Apple,2,832.85,0.09,0.18,1788.63,Cash,Online,EMP734,3,0,Same Day,2,USD
ORD133833,02-03-2023,BR58,UAE,Dubai,CUST3989,PROD835,Tablet,iPad Air,Sony,1,1459.51,0.08,0.18,1584.44,Net Banking,In-Store,EMP900,1,0,Same Day,7,AED
ORD133834,09-06-2023,BR3,UAE,Dubai,CUST6554,PROD711,Laptop,HP Spectre x360,LG,1,967.73,0.13,0.18,993.47,UPI,In-Store,EMP622,3,1,Standard,2,USD
ORD133835,22-02-2023,BR8,India,Bangalore,CUST2962,PROD732,Laptop,HP Spectre x360,Dell,5,1471.82,0.26,0.18,6425.97,Credit Card,In-Store,EMP402,0,1,Same Day,3,AED
ORD133836,26-01-2023,BR50,USA,New York,CUST8589,PROD923,Laptop,Dell XPS 13,LG,1,549.93,0.17,0.18,538.6,Credit Card,Online,EMP578,0,0,Standard,7,AED
ORD133837,04-04-2024,BR95,India,Mumbai,CUST3819,PROD487,Mobile,iPhone 14,Apple,1,100.04,0.2,0.18,94.44,Credit Card,Online,EMP480,1,0,Express,9,INR
ORD133838,06-06-2023,BR116,UAE,Abu Dhabi,CUST5069,PROD848,Accessories,Bluetooth Headphones,LG,3,1515.6,0.11,0.18,4775.05,UPI,Online,EMP708,2,0,Same Day,5,USD
ORD133839,17-02-2023,BR65,UK,Birmingham,CUST9820,PROD242,Accessories,Keyboard,OnePlus,4,724.7,0.22,0.18,2668.06,Cash,Online,EMP325,0,0,Same Day,2,USD
ORD133840,08-08-2023,BR82,UK,Manchester,CUST8749,PROD114,Tablet,iPad Air,Lenovo,2,1644.51,0.1,0.18,3492.94,Cash,Online,EMP902,2,0,Express,9,GBP
ORD133841,14-02-2024,BR13,UAE,Dubai,CUST8388,PROD634,Accessories,Keyboard,OnePlus,2,532.47,0.02,0.18,1231.5,Cash,In-Store,EMP317,1,1,Same Day,2,GBP
ORD133842,18-03-2024,BR29,UK,London,CUST7361,PROD197,TV,Samsung QLED 50,Dell,2,1986.43,0.15,0.18,3984.78,Debit Card,Online,EMP457,2,0,Express,1,INR
ORD133843,27-03-2023,BR34,UAE,Abu Dhabi,CUST2560,PROD264,Tablet,iPad Air,OnePlus,4,1263.28,0.01,0.18,5903.05,Credit Card,In-Store,EMP993,3,0,Same Day,3,GBP
ORD133844,05-08-2023,BR22,India,Mumbai,CUST1882,PROD544,Accessories,Bluetooth Headphones,Samsung,1,489.1,0.15,0.18,490.57,Cash,In-Store,EMP802,2,0,Same Day,8,USD
ORD133845,20-11-2023,BR65,Germany,Munich,CUST1969,PROD360,Accessories,Bluetooth Headphones,Dell,5,1711.92,0.28,0.18,7272.24,UPI,In-Store,EMP279,3,1,Express,8,EUR
ORD133846,19-12-2024,BR87,UK,Birmingham,CUST9128,PROD788,TV,Sony Bravia 55,LG,4,635.71,0.28,0.18,2160.4,Net Banking,In-Store,EMP322,1,0,Express,3,EUR
ORD133847,09-04-2024,BR84,UAE,Dubai,CUST2517,PROD504,Mobile,OnePlus 11,Lenovo,5,1524.96,0.09,0.18,8187.51,Credit Card,Online,EMP466,1,0,Same Day,6,AED
ORD133848,24-01-2023,BR68,UK,Manchester,CUST6496,PROD739,Laptop,HP Spectre x360,LG,3,926.35,0.11,0.18,2918.56,Net Banking,Online,EMP232,2,0,Standard,6,USD
ORD133849,10-03-2023,BR11,UK,Birmingham,CUST5903,PROD788,Tablet,Samsung Galaxy Tab,Lenovo,4,1535.41,0.08,0.18,6667.36,Net Banking,In-Store,EMP650,0,0,Standard,7,EUR
ORD133850,05-10-2023,BR43,Germany,Hamburg,CUST3890,PROD545,Tablet,iPad Air,Apple,4,1067.45,0.06,0.18,4736.06,Debit Card,In-Store,EMP815,1,1,Same Day,10,USD
ORD133851,09-06-2024,BR18,India,Bangalore,CUST9005,PROD537,Accessories,Bluetooth Headphones,OnePlus,4,826.93,0.02,0.18,3825.05,Credit Card,Online,EMP316,0,1,Standard,9,INR
ORD133852,20-03-2024,BR66,UAE,Abu Dhabi,CUST8442,PROD124,Tablet,iPad Air,Sony,4,101.33,0.27,0.18,349.14,Debit Card,In-Store,EMP995,2,1,Same Day,6,INR
ORD133853,08-08-2024,BR34,UK,Manchester,CUST6429,PROD157,Accessories,Wireless Mouse,OnePlus,5,468.12,0.22,0.18,2154.29,Cash,Online,EMP748,2,1,Express,7,AED
ORD133854,06-02-2023,BR13,Germany,Hamburg,CUST9099,PROD922,Accessories,Bluetooth Headphones,HP,2,1813.58,0.18,0.18,3509.64,Net Banking,Online,EMP450,1,1,Standard,9,INR
ORD133855,16-08-2024,BR53,UK,Manchester,CUST7656,PROD518,Tablet,iPad Air,HP,2,903.86,0.25,0.18,1599.83,Debit Card,Online,EMP886,0,0,Express,8,GBP
ORD133856,07-03-2023,BR78,USA,Chicago,CUST6864,PROD644,TV,Sony Bravia 55,Dell,3,1147.83,0.03,0.18,3941.42,Net Banking,Online,EMP655,0,0,Express,10,GBP
ORD133857,28-05-2024,BR5,Germany,Munich,CUST9676,PROD548,TV,Samsung QLED 50,Apple,1,1970.77,0.12,0.18,2046.45,UPI,In-Store,EMP702,2,1,Express,3,INR
ORD133858,07-02-2024,BR118,USA,Dallas,CUST4256,PROD840,Laptop,Dell XPS 13,LG,2,1015.62,0.07,0.18,2229.08,Credit Card,Online,EMP339,1,0,Express,5,USD
ORD133859,04-10-2023,BR103,UK,London,CUST5312,PROD277,TV,Sony Bravia 55,Apple,3,1097.34,0.15,0.18,3301.9,Debit Card,Online,EMP832,0,0,Same Day,10,USD
ORD133860,21-04-2024,BR73,USA,Dallas,CUST1976,PROD902,Laptop,MacBook Air M2,Samsung,4,1653.49,0.13,0.18,6789.89,Debit Card,In-Store,EMP662,2,0,Express,2,EUR
ORD133861,16-02-2023,BR19,UAE,Abu Dhabi,CUST8076,PROD587,Mobile,OnePlus 11,LG,5,515.12,0.07,0.18,2826.46,Cash,Online,EMP946,1,0,Same Day,3,USD
ORD133862,16-07-2024,BR11,USA,Chicago,CUST6937,PROD807,Tablet,Lenovo Tab P11,Samsung,3,1965.51,0.26,0.18,5148.85,Debit Card,Online,EMP354,1,0,Same Day,2,INR
ORD133863,25-11-2024,BR42,UAE,Dubai,CUST1847,PROD139,Laptop,MacBook Air M2,OnePlus,4,831.33,0.09,0.18,3570.73,Debit Card,Online,EMP403,1,1,Express,3,EUR
ORD133864,07-03-2024,BR17,USA,New York,CUST2643,PROD510,Laptop,HP Spectre x360,OnePlus,4,1053.24,0.2,0.18,3977.03,Net Banking,In-Store,EMP520,0,0,Same Day,9,INR
ORD133865,02-04-2024,BR70,Germany,Munich,CUST6019,PROD993,Accessories,Keyboard,OnePlus,5,1960.46,0.04,0.18,11104.05,Debit Card,In-Store,EMP384,3,0,Same Day,5,USD
ORD133866,12-04-2024,BR82,USA,New York,CUST4128,PROD536,TV,Samsung QLED 50,Apple,1,1026.5,0.24,0.18,920.57,Debit Card,In-Store,EMP232,1,0,Standard,1,INR
ORD133867,13-05-2023,BR91,India,Delhi,CUST9931,PROD365,Mobile,Samsung Galaxy S23,OnePlus,4,574.51,0.22,0.18,2115.12,Debit Card,In-Store,EMP677,1,1,Same Day,5,GBP
ORD133868,26-09-2024,BR119,UAE,Abu Dhabi,CUST7865,PROD341,Tablet,iPad Air,Sony,3,451.06,0.06,0.18,1500.95,UPI,Online,EMP541,1,1,Express,3,USD
ORD133869,18-10-2024,BR46,India,Bangalore,CUST8876,PROD698,Laptop,MacBook Air M2,Apple,2,1709.89,0.3,0.18,2824.74,Net Banking,Online,EMP666,3,0,Standard,7,GBP
ORD133870,14-07-2024,BR119,India,Bangalore,CUST8756,PROD863,TV,LG OLED 48,OnePlus,4,279.6,0.1,0.18,1187.74,Cash,Online,EMP534,3,1,Same Day,9,GBP
ORD133871,17-06-2023,BR82,USA,Chicago,CUST6206,PROD690,Tablet,Samsung Galaxy Tab,Apple,4,1604.03,0.15,0.18,6435.37,Debit Card,Online,EMP887,2,1,Standard,9,AED
ORD133872,12-05-2024,BR32,Germany,Munich,CUST5679,PROD195,Tablet,Lenovo Tab P11,Sony,5,1960.38,0.03,0.18,11219.25,Cash,In-Store,EMP471,2,0,Standard,2,GBP
ORD133873,25-08-2024,BR26,India,Pune,CUST3962,PROD600,Accessories,Wireless Mouse,Dell,3,441.95,0.04,0.18,1501.92,Net Banking,Online,EMP597,3,0,Standard,2,GBP
ORD133874,26-07-2023,BR58,USA,New York,CUST1951,PROD838,TV,LG OLED 48,HP,4,1725.53,0.24,0.18,6189.82,UPI,In-Store,EMP480,1,1,Same Day,10,GBP
ORD133875,01-02-2024,BR62,USA,Dallas,CUST6569,PROD914,TV,LG OLED 48,Lenovo,1,206.01,0.18,0.18,199.34,Net Banking,In-Store,EMP566,0,1,Same Day,1,AED
ORD133876,26-10-2024,BR102,India,Pune,CUST7174,PROD610,Mobile,Samsung Galaxy S23,Samsung,4,1494.95,0,0.18,7056.16,Credit Card,In-Store,EMP757,0,0,Standard,4,USD
ORD133877,19-02-2023,BR101,India,Delhi,CUST9945,PROD663,Tablet,Samsung Galaxy Tab,Sony,5,1202.75,0.11,0.18,6315.64,Net Banking,In-Store,EMP552,2,0,Standard,6,EUR
ORD133878,01-01-2023,BR103,India,Pune,CUST1237,PROD590,Laptop,HP Spectre x360,Samsung,2,1485.67,0.24,0.18,2664.7,Credit Card,In-Store,EMP455,3,0,Standard,5,USD
ORD133879,31-05-2023,BR14,Germany,Berlin,CUST7232,PROD364,Laptop,MacBook Air M2,LG,1,1172.58,0.16,0.18,1162.26,Net Banking,Online,EMP402,0,0,Express,5,AED
ORD133880,03-02-2023,BR76,UK,Manchester,CUST1389,PROD844,Accessories,Wireless Mouse,Dell,4,98.66,0.23,0.18,358.57,Debit Card,Online,EMP223,0,0,Same Day,10,USD
ORD133881,05-01-2024,BR52,UAE,Abu Dhabi,CUST3456,PROD285,Mobile,OnePlus 11,HP,5,699.44,0.03,0.18,4002.9,Debit Card,Online,EMP428,2,1,Express,2,INR
ORD133882,27-12-2023,BR93,India,Pune,CUST8806,PROD673,Tablet,Lenovo Tab P11,Lenovo,4,1218.67,0.04,0.18,5522.04,Cash,Online,EMP835,0,1,Same Day,7,GBP
ORD133883,10-03-2024,BR95,India,Delhi,CUST7341,PROD858,Tablet,Lenovo Tab P11,Dell,5,1529.31,0.15,0.18,7669.49,Net Banking,In-Store,EMP602,0,1,Standard,8,USD
ORD133884,16-09-2024,BR14,USA,Los Angeles,CUST6044,PROD594,TV,LG OLED 48,LG,3,1573.62,0.14,0.18,4790.73,Credit Card,Online,EMP870,0,0,Same Day,4,INR
ORD133885,01-02-2023,BR10,UK,Manchester,CUST1964,PROD905,Laptop,MacBook Air M2,Dell,1,1576.03,0.07,0.18,1729.54,Cash,In-Store,EMP594,2,1,Standard,4,GBP
ORD133886,23-06-2023,BR19,UK,Birmingham,CUST6830,PROD356,TV,LG OLED 48,OnePlus,4,897.87,0.19,0.18,3432.74,Net Banking,Online,EMP408,3,0,Express,7,EUR
ORD133887,23-04-2023,BR77,USA,Chicago,CUST3090,PROD439,Accessories,Wireless Mouse,LG,1,122.27,0.21,0.18,113.98,Debit Card,In-Store,EMP349,3,0,Express,9,INR
ORD133888,26-09-2024,BR79,India,Bangalore,CUST6023,PROD148,Accessories,Bluetooth Headphones,HP,1,1407.4,0.19,0.18,1345.19,UPI,Online,EMP691,1,0,Same Day,2,EUR
ORD133889,01-05-2024,BR77,USA,New York,CUST1923,PROD762,Laptop,HP Spectre x360,Apple,2,557.77,0.2,0.18,1053.07,Debit Card,In-Store,EMP717,0,1,Standard,3,GBP
ORD133890,19-01-2023,BR80,USA,Los Angeles,CUST8280,PROD945,Tablet,iPad Air,Samsung,5,1668.24,0.28,0.18,7086.68,Debit Card,Online,EMP933,3,0,Express,3,AED
ORD133891,22-12-2023,BR20,Germany,Hamburg,CUST3029,PROD463,Mobile,OnePlus 11,OnePlus,5,1851.74,0.28,0.18,7866.19,Credit Card,Online,EMP420,3,0,Express,4,USD
ORD133892,27-04-2024,BR2,USA,Chicago,CUST8863,PROD659,Mobile,iPhone 14,Apple,2,812.13,0.07,0.18,1782.46,Credit Card,Online,EMP554,1,0,Express,3,AED
ORD133893,19-11-2024,BR115,Germany,Munich,CUST9859,PROD298,TV,Samsung QLED 50,LG,3,1413.1,0.2,0.18,4001.9,Net Banking,Online,EMP209,0,1,Standard,7,INR
ORD133894,08-12-2024,BR88,USA,Dallas,CUST6638,PROD719,Accessories,Wireless Mouse,Apple,5,1970.28,0.26,0.18,8602.24,UPI,In-Store,EMP812,2,0,Same Day,3,AED
ORD133895,09-09-2023,BR118,USA,Chicago,CUST6081,PROD429,Tablet,iPad Air,LG,2,1177.73,0.13,0.18,2418.12,Cash,Online,EMP399,2,1,Standard,8,INR
ORD133896,07-03-2023,BR103,India,Bangalore,CUST2884,PROD516,Accessories,Wireless Mouse,Samsung,4,328.5,0.25,0.18,1162.89,Net Banking,In-Store,EMP570,3,1,Standard,3,AED
ORD133897,08-08-2024,BR66,USA,New York,CUST8224,PROD115,Tablet,iPad Air,Sony,1,1599.73,0.01,0.18,1868.8,Credit Card,In-Store,EMP512,1,0,Express,10,USD
ORD133898,13-08-2023,BR116,India,Mumbai,CUST2867,PROD802,TV,LG OLED 48,HP,1,607.21,0.16,0.18,601.87,Debit Card,In-Store,EMP734,2,1,Same Day,10,AED
ORD133899,04-07-2024,BR91,USA,Los Angeles,CUST2679,PROD477,TV,Samsung QLED 50,Apple,2,379.37,0.25,0.18,671.48,Net Banking,Online,EMP698,1,1,Same Day,3,USD
ORD133900,15-04-2024,BR42,UK,London,CUST8874,PROD642,Laptop,MacBook Air M2,Apple,3,1532.08,0.25,0.18,4067.67,Credit Card,In-Store,EMP521,0,0,Express,7,EUR
ORD133901,06-12-2024,BR48,USA,New York,CUST9959,PROD370,Accessories,Wireless Mouse,Samsung,4,796.86,0.07,0.18,3497.9,Debit Card,Online,EMP911,3,1,Same Day,5,USD
ORD133902,16-02-2024,BR40,UK,London,CUST8206,PROD317,Tablet,iPad Air,Dell,3,1568.6,0.17,0.18,4608.86,Debit Card,Online,EMP507,0,0,Standard,2,AED
ORD133903,09-06-2024,BR24,UK,Manchester,CUST7797,PROD624,Mobile,iPhone 14,OnePlus,3,819.75,0.07,0.18,2698.78,UPI,In-Store,EMP615,3,0,Standard,5,AED
ORD133904,08-07-2024,BR67,UAE,Dubai,CUST3471,PROD656,Tablet,Samsung Galaxy Tab,Apple,2,732.75,0.03,0.18,1677.41,UPI,Online,EMP219,1,0,Standard,3,INR
ORD133905,22-10-2024,BR26,Germany,Munich,CUST5177,PROD673,Accessories,Keyboard,Apple,2,1229.97,0.06,0.18,2728.57,Credit Card,Online,EMP392,1,0,Standard,2,GBP
ORD133906,03-06-2023,BR61,Germany,Hamburg,CUST5665,PROD286,Tablet,Lenovo Tab P11,OnePlus,3,1976.04,0.21,0.18,5526.19,Credit Card,In-Store,EMP736,0,1,Standard,5,INR
ORD133907,27-10-2024,BR19,USA,Dallas,CUST1087,PROD372,TV,LG OLED 48,HP,5,717.85,0.24,0.18,3218.84,Cash,Online,EMP511,2,1,Express,10,GBP
ORD133908,26-06-2024,BR65,UAE,Abu Dhabi,CUST1650,PROD286,Accessories,Wireless Mouse,Sony,5,938.55,0.24,0.18,4208.46,Cash,In-Store,EMP445,3,1,Express,5,EUR
ORD133909,19-04-2024,BR2,UAE,Dubai,CUST7148,PROD292,Tablet,iPad Air,OnePlus,2,1337.34,0.07,0.18,2935.19,Cash,Online,EMP929,3,0,Same Day,1,EUR
ORD133910,14-10-2023,BR42,Germany,Hamburg,CUST5034,PROD114,Mobile,OnePlus 11,Apple,1,1987.28,0.23,0.18,1805.64,Credit Card,Online,EMP560,2,1,Standard,7,EUR
ORD133911,17-01-2023,BR28,UAE,Dubai,CUST7639,PROD586,TV,Sony Bravia 55,Lenovo,1,1471.38,0.16,0.18,1458.43,UPI,In-Store,EMP552,1,1,Standard,9,EUR
ORD133912,21-06-2023,BR106,India,Bangalore,CUST7920,PROD785,Accessories,Bluetooth Headphones,LG,2,1729.57,0.04,0.18,3918.51,UPI,Online,EMP265,1,1,Same Day,3,GBP
ORD133913,15-10-2023,BR117,UAE,Dubai,CUST3743,PROD363,Accessories,Keyboard,LG,3,1681.02,0.09,0.18,5415.24,Net Banking,Online,EMP374,0,1,Same Day,5,USD
ORD133914,22-08-2024,BR57,UK,London,CUST8156,PROD508,TV,Samsung QLED 50,HP,4,629.3,0.24,0.18,2257.42,Debit Card,In-Store,EMP959,0,0,Standard,9,INR
ORD133915,08-05-2024,BR95,UK,Manchester,CUST3704,PROD659,Tablet,iPad Air,OnePlus,4,772.57,0.14,0.18,3136.02,UPI,In-Store,EMP668,1,0,Same Day,2,EUR
ORD133916,12-07-2023,BR92,UAE,Dubai,CUST7331,PROD639,Accessories,Wireless Mouse,Apple,2,1983.87,0,0.18,4681.93,Net Banking,In-Store,EMP596,0,1,Same Day,7,AED
ORD133917,07-04-2024,BR24,USA,Dallas,CUST2896,PROD192,TV,LG OLED 48,LG,2,1404.99,0.24,0.18,2519.99,Net Banking,Online,EMP554,3,0,Same Day,7,INR
ORD133918,02-01-2023,BR58,UAE,Dubai,CUST6498,PROD898,Accessories,Wireless Mouse,Lenovo,2,1204.95,0.19,0.18,2303.38,Debit Card,In-Store,EMP954,1,0,Standard,5,EUR
ORD133919,30-05-2024,BR106,USA,Dallas,CUST5947,PROD225,Mobile,Samsung Galaxy S23,Apple,5,285.05,0.03,0.18,1631.34,UPI,In-Store,EMP478,3,0,Same Day,6,USD
ORD133920,15-11-2023,BR79,USA,Los Angeles,CUST6155,PROD620,Mobile,iPhone 14,Sony,3,712.01,0.09,0.18,2293.67,Debit Card,Online,EMP917,3,0,Express,2,GBP
ORD133921,07-03-2023,BR71,India,Delhi,CUST7753,PROD972,Tablet,Lenovo Tab P11,Sony,4,947.82,0.11,0.18,3981.6,Net Banking,In-Store,EMP734,1,0,Standard,10,GBP
ORD133922,10-03-2024,BR9,USA,Los Angeles,CUST8663,PROD229,TV,Sony Bravia 55,LG,5,414.32,0.25,0.18,1833.37,UPI,Online,EMP415,3,1,Express,7,EUR
ORD133923,25-09-2023,BR79,UK,London,CUST3368,PROD176,Tablet,iPad Air,HP,4,1669.06,0.26,0.18,5829.69,UPI,In-Store,EMP255,0,0,Express,8,AED
ORD133924,24-12-2024,BR27,Germany,Hamburg,CUST7458,PROD585,Accessories,Bluetooth Headphones,Lenovo,1,327.32,0.17,0.18,320.58,Net Banking,In-Store,EMP237,0,1,Same Day,5,USD
ORD133925,24-10-2023,BR70,USA,Dallas,CUST8651,PROD196,Tablet,Lenovo Tab P11,Lenovo,4,205.65,0.13,0.18,844.48,Net Banking,In-Store,EMP287,1,0,Express,3,AED
ORD133926,30-10-2024,BR67,UAE,Abu Dhabi,CUST9537,PROD317,Tablet,Lenovo Tab P11,OnePlus,2,1173.26,0.14,0.18,2381.25,Net Banking,In-Store,EMP844,1,1,Same Day,5,INR
ORD133927,21-11-2023,BR105,UK,Manchester,CUST9504,PROD183,TV,Sony Bravia 55,LG,2,1567.47,0.13,0.18,3218.33,Cash,In-Store,EMP280,3,1,Express,4,INR
ORD133928,22-12-2024,BR50,UAE,Abu Dhabi,CUST9743,PROD999,Laptop,Dell XPS 13,OnePlus,3,374.75,0,0.18,1326.62,Cash,In-Store,EMP614,3,1,Standard,9,EUR
ORD133929,08-10-2023,BR53,UAE,Abu Dhabi,CUST3043,PROD284,Laptop,HP Spectre x360,Dell,1,858.08,0.25,0.18,759.4,Net Banking,Online,EMP391,3,0,Standard,8,AED
ORD133930,24-03-2024,BR11,India,Mumbai,CUST3857,PROD511,Tablet,Lenovo Tab P11,Samsung,5,228.33,0.3,0.18,943,Credit Card,In-Store,EMP464,3,1,Same Day,5,INR
ORD133931,04-05-2023,BR46,India,Mumbai,CUST5460,PROD324,TV,Samsung QLED 50,LG,4,1573.74,0.24,0.18,5645.32,Debit Card,In-Store,EMP686,1,1,Standard,1,AED
ORD133932,26-04-2023,BR20,UK,London,CUST7146,PROD555,Accessories,Wireless Mouse,LG,2,1241,0.1,0.18,2635.88,Net Banking,In-Store,EMP524,3,0,Same Day,1,GBP
ORD133933,06-02-2024,BR116,UK,London,CUST5644,PROD430,Tablet,Samsung Galaxy Tab,Sony,1,1575.26,0.18,0.18,1524.22,Cash,Online,EMP508,3,0,Standard,10,AED
ORD133934,18-05-2024,BR47,USA,Chicago,CUST4268,PROD618,Accessories,Wireless Mouse,LG,2,1437.54,0.03,0.18,3290.82,Net Banking,Online,EMP805,3,1,Standard,3,GBP
ORD133935,05-07-2024,BR118,UAE,Dubai,CUST4872,PROD403,Laptop,Dell XPS 13,Dell,3,1874.43,0.11,0.18,5905.58,Net Banking,In-Store,EMP427,0,1,Same Day,6,EUR
ORD133936,08-11-2023,BR116,USA,Los Angeles,CUST7665,PROD974,Mobile,OnePlus 11,HP,1,1433.73,0.01,0.18,1674.88,Net Banking,Online,EMP971,2,1,Standard,1,GBP
ORD133937,19-12-2024,BR77,Germany,Berlin,CUST5344,PROD511,Mobile,OnePlus 11,OnePlus,4,93.48,0.17,0.18,366.22,UPI,In-Store,EMP840,3,0,Standard,7,AED
ORD133938,17-06-2024,BR95,India,Pune,CUST4534,PROD360,Laptop,HP Spectre x360,Samsung,2,1306.92,0.15,0.18,2621.68,Debit Card,In-Store,EMP911,1,0,Same Day,1,USD
ORD133939,13-09-2024,BR19,UK,Manchester,CUST2090,PROD885,Mobile,OnePlus 11,OnePlus,2,1396.35,0.12,0.18,2899.94,Cash,In-Store,EMP559,0,0,Standard,7,AED
ORD133940,06-07-2024,BR44,Germany,Munich,CUST4818,PROD485,Laptop,HP Spectre x360,HP,5,1722.03,0.07,0.18,9448.78,Credit Card,Online,EMP703,3,1,Express,8,GBP
ORD133941,18-01-2023,BR113,USA,New York,CUST6476,PROD222,Mobile,OnePlus 11,LG,4,806.77,0.19,0.18,3084.44,Net Banking,In-Store,EMP617,2,0,Same Day,8,USD
ORD133942,06-05-2024,BR92,Germany,Munich,CUST1319,PROD777,TV,LG OLED 48,OnePlus,4,1200.88,0.28,0.18,4081.07,Debit Card,Online,EMP218,2,0,Same Day,8,INR
ORD133943,07-07-2024,BR100,USA,Chicago,CUST4808,PROD338,Accessories,Keyboard,Lenovo,1,1011.08,0.15,0.18,1014.11,Credit Card,In-Store,EMP213,2,0,Standard,2,EUR
ORD133944,19-08-2023,BR47,UK,London,CUST5499,PROD410,Accessories,Keyboard,Samsung,4,804.03,0.13,0.18,3301.67,Credit Card,In-Store,EMP401,2,0,Same Day,6,GBP
ORD133945,02-03-2024,BR11,USA,Dallas,CUST9732,PROD543,TV,Samsung QLED 50,Sony,2,1253.53,0.04,0.18,2840,UPI,Online,EMP534,1,1,Same Day,2,EUR
ORD133946,23-12-2024,BR23,UAE,Abu Dhabi,CUST3890,PROD135,Accessories,Wireless Mouse,Sony,5,1001.69,0.29,0.18,4196.08,Net Banking,In-Store,EMP669,2,0,Same Day,10,INR
ORD133947,28-02-2024,BR43,Germany,Berlin,CUST1959,PROD528,Mobile,OnePlus 11,HP,4,764.16,0.16,0.18,3029.74,UPI,In-Store,EMP472,0,0,Express,3,USD
ORD133948,22-11-2024,BR58,India,Bangalore,CUST3882,PROD738,Laptop,HP Spectre x360,OnePlus,4,498.25,0.08,0.18,2163.6,UPI,Online,EMP515,3,1,Express,6,AED
ORD133949,30-08-2023,BR30,UK,London,CUST5798,PROD834,Laptop,MacBook Air M2,Lenovo,1,1629.95,0.04,0.18,1846.41,Credit Card,Online,EMP370,3,1,Express,6,EUR
ORD133950,23-08-2023,BR85,UK,Manchester,CUST6833,PROD355,Tablet,Samsung Galaxy Tab,HP,3,225.02,0.16,0.18,669.12,Credit Card,In-Store,EMP752,2,0,Express,1,GBP
ORD133951,25-11-2024,BR115,UAE,Dubai,CUST3753,PROD195,Tablet,Samsung Galaxy Tab,Sony,4,921.82,0.28,0.18,3132.71,Debit Card,In-Store,EMP433,2,1,Express,9,INR
ORD133952,31-12-2023,BR80,India,Bangalore,CUST5799,PROD538,Tablet,iPad Air,Lenovo,4,613.51,0.05,0.18,2750.98,UPI,In-Store,EMP801,3,0,Standard,2,AED
ORD133953,02-11-2024,BR6,UAE,Dubai,CUST4143,PROD205,Mobile,OnePlus 11,Samsung,3,1783.59,0.15,0.18,5366.82,UPI,In-Store,EMP931,2,0,Same Day,5,AED
ORD133954,16-12-2024,BR24,India,Pune,CUST6632,PROD453,Laptop,HP Spectre x360,Lenovo,3,1741.11,0.28,0.18,4437.74,UPI,Online,EMP789,0,0,Standard,4,GBP
ORD133955,01-11-2023,BR25,UAE,Dubai,CUST4080,PROD796,Tablet,iPad Air,Samsung,3,1678.96,0.02,0.18,5824.65,Net Banking,In-Store,EMP682,0,1,Same Day,9,USD
ORD133956,05-08-2024,BR16,UK,London,CUST1674,PROD438,Mobile,OnePlus 11,Apple,4,1205.99,0.23,0.18,4383.05,Debit Card,Online,EMP336,3,1,Standard,7,INR
ORD133957,24-12-2023,BR80,India,Delhi,CUST6771,PROD804,Tablet,Samsung Galaxy Tab,LG,3,331.38,0.17,0.18,973.66,Cash,In-Store,EMP806,3,0,Standard,5,INR
ORD133958,29-05-2024,BR68,USA,New York,CUST2628,PROD228,Tablet,iPad Air,Apple,3,130.78,0.15,0.18,393.52,UPI,Online,EMP873,0,1,Standard,9,GBP
ORD133959,05-05-2024,BR7,UK,London,CUST1364,PROD227,Tablet,Lenovo Tab P11,Sony,1,1057.72,0.26,0.18,923.6,Debit Card,Online,EMP641,2,1,Standard,6,USD
ORD133960,01-07-2024,BR113,India,Mumbai,CUST7267,PROD451,Laptop,Dell XPS 13,Sony,5,1098.55,0.18,0.18,5314.78,UPI,Online,EMP567,2,0,Same Day,1,INR
ORD133961,18-10-2023,BR4,Germany,Hamburg,CUST1596,PROD134,Mobile,OnePlus 11,LG,4,793.24,0.16,0.18,3145.04,Credit Card,Online,EMP593,1,0,Same Day,10,USD
ORD133962,11-05-2024,BR17,UK,Manchester,CUST2664,PROD714,Tablet,Lenovo Tab P11,Apple,2,1222.88,0.27,0.18,2106.78,Debit Card,Online,EMP534,3,1,Same Day,10,EUR
ORD133963,24-08-2023,BR38,USA,New York,CUST4316,PROD920,TV,Samsung QLED 50,HP,2,900.28,0.14,0.18,1827.21,Credit Card,Online,EMP946,3,0,Same Day,9,INR
ORD133964,23-10-2023,BR98,USA,Dallas,CUST5843,PROD605,Laptop,Dell XPS 13,Apple,2,1803.16,0.04,0.18,4085.24,Net Banking,Online,EMP337,2,1,Express,8,AED
ORD133965,29-11-2024,BR102,Germany,Munich,CUST9395,PROD114,Mobile,Samsung Galaxy S23,LG,5,281.26,0.08,0.18,1526.68,Debit Card,Online,EMP221,2,1,Same Day,9,GBP
ORD133966,15-03-2024,BR26,UAE,Abu Dhabi,CUST5459,PROD277,Laptop,HP Spectre x360,Sony,1,926,0.11,0.18,972.49,Cash,Online,EMP281,0,0,Same Day,4,GBP
ORD133967,05-03-2023,BR37,Germany,Munich,CUST1184,PROD346,Laptop,MacBook Air M2,Dell,2,507.39,0.06,0.18,1125.59,UPI,Online,EMP337,1,0,Same Day,4,INR
ORD133968,09-09-2023,BR2,UAE,Abu Dhabi,CUST9697,PROD850,Tablet,Lenovo Tab P11,OnePlus,3,909.06,0.22,0.18,2510.1,Debit Card,In-Store,EMP300,2,1,Same Day,8,AED
ORD133969,12-01-2023,BR14,USA,New York,CUST2743,PROD319,Accessories,Wireless Mouse,OnePlus,4,319.04,0.21,0.18,1189.64,Cash,Online,EMP280,2,0,Standard,2,INR
ORD133970,07-03-2023,BR34,USA,Dallas,CUST3171,PROD163,Laptop,Dell XPS 13,Sony,1,1239.7,0.1,0.18,1316.56,Credit Card,In-Store,EMP897,0,1,Same Day,2,EUR
ORD133971,08-08-2024,BR70,USA,Los Angeles,CUST2457,PROD759,Tablet,Samsung Galaxy Tab,Sony,1,1586.76,0.18,0.18,1535.35,Net Banking,Online,EMP635,0,0,Standard,6,USD
ORD133972,09-08-2024,BR53,UK,Birmingham,CUST7814,PROD393,Accessories,Bluetooth Headphones,LG,4,1333.73,0.07,0.18,5854.54,Net Banking,Online,EMP218,1,1,Same Day,9,GBP
ORD133973,03-09-2023,BR23,UAE,Abu Dhabi,CUST8831,PROD982,TV,Samsung QLED 50,HP,1,591.26,0.19,0.18,565.13,Debit Card,In-Store,EMP639,1,1,Express,2,AED
ORD133974,02-02-2023,BR40,UK,London,CUST8229,PROD787,TV,Sony Bravia 55,HP,1,1807.06,0.27,0.18,1556.6,UPI,Online,EMP279,3,1,Same Day,2,USD
ORD133975,29-08-2024,BR25,UK,Manchester,CUST8233,PROD810,Mobile,iPhone 14,OnePlus,4,1196.58,0.25,0.18,4235.89,UPI,Online,EMP350,3,0,Express,10,GBP
ORD133976,20-11-2024,BR74,Germany,Hamburg,CUST5537,PROD265,Accessories,Wireless Mouse,LG,2,1873.21,0.08,0.18,4067.11,Debit Card,In-Store,EMP411,2,0,Standard,1,AED
ORD133977,02-02-2024,BR101,UK,Birmingham,CUST8899,PROD133,Mobile,OnePlus 11,Sony,1,833.19,0.27,0.18,717.71,Debit Card,In-Store,EMP846,1,1,Express,9,USD
ORD133978,27-03-2023,BR97,India,Mumbai,CUST9820,PROD123,Accessories,Wireless Mouse,Dell,3,1477.73,0.13,0.18,4551.11,UPI,In-Store,EMP361,1,0,Standard,6,GBP
ORD133979,19-04-2024,BR18,USA,New York,CUST3839,PROD350,TV,Sony Bravia 55,Dell,2,1531.37,0.25,0.18,2710.52,Cash,In-Store,EMP958,3,0,Standard,6,GBP
ORD133980,27-08-2024,BR5,USA,Chicago,CUST2239,PROD314,Accessories,Bluetooth Headphones,Sony,4,969.82,0.01,0.18,4531.77,UPI,Online,EMP860,1,1,Express,10,USD
ORD133981,22-01-2023,BR94,UAE,Abu Dhabi,CUST4720,PROD189,Mobile,OnePlus 11,LG,3,775.54,0.19,0.18,2223.78,Cash,Online,EMP539,0,1,Same Day,4,USD
ORD133982,04-03-2023,BR117,UK,London,CUST9865,PROD662,Laptop,HP Spectre x360,Dell,2,1095,0.27,0.18,1886.47,Debit Card,Online,EMP434,3,0,Express,3,GBP
ORD133983,15-10-2024,BR49,USA,Dallas,CUST1817,PROD700,Tablet,Lenovo Tab P11,Dell,4,1895.79,0,0.18,8948.13,Net Banking,In-Store,EMP237,2,1,Standard,7,INR
ORD133984,08-11-2024,BR8,UK,London,CUST5923,PROD466,Tablet,Lenovo Tab P11,OnePlus,1,1066.81,0.1,0.18,1132.95,Debit Card,In-Store,EMP951,3,1,Express,10,AED
ORD133985,29-05-2024,BR115,India,Bangalore,CUST3755,PROD849,Mobile,iPhone 14,OnePlus,4,1539.68,0.09,0.18,6613.23,Cash,In-Store,EMP525,0,1,Same Day,7,INR
ORD133986,03-01-2023,BR27,Germany,Hamburg,CUST2633,PROD116,Accessories,Keyboard,Samsung,1,1593.59,0.23,0.18,1447.94,Credit Card,Online,EMP872,0,1,Express,5,GBP
ORD133987,24-07-2023,BR77,India,Mumbai,CUST3659,PROD689,Tablet,iPad Air,Samsung,4,1405.64,0.05,0.18,6302.89,Debit Card,Online,EMP493,0,1,Same Day,8,GBP
ORD133988,30-05-2024,BR8,Germany,Hamburg,CUST4527,PROD645,Laptop,HP Spectre x360,LG,4,1766.76,0.1,0.18,7505.2,UPI,In-Store,EMP450,3,0,Standard,7,INR
ORD133989,14-10-2023,BR14,India,Mumbai,CUST5760,PROD973,Mobile,OnePlus 11,Apple,5,377.98,0.25,0.18,1672.56,UPI,In-Store,EMP363,2,0,Same Day,9,INR
ORD133990,04-03-2024,BR109,Germany,Hamburg,CUST3851,PROD937,TV,Sony Bravia 55,Lenovo,2,1020.49,0.1,0.18,2167.52,Net Banking,Online,EMP789,2,1,Express,2,EUR
ORD133991,02-09-2024,BR4,UAE,Dubai,CUST3050,PROD703,Mobile,iPhone 14,Samsung,2,390.46,0.29,0.18,654.25,Debit Card,Online,EMP334,0,0,Express,1,USD
ORD133992,20-04-2023,BR33,Germany,Munich,CUST8533,PROD982,Mobile,OnePlus 11,Apple,2,1369.59,0.06,0.18,3038.3,UPI,Online,EMP445,3,1,Standard,9,USD
ORD133993,30-01-2024,BR5,UK,London,CUST7911,PROD412,TV,Sony Bravia 55,Lenovo,5,514.08,0.23,0.18,2335.47,Cash,Online,EMP681,3,1,Express,8,EUR
ORD133994,01-04-2024,BR96,UK,London,CUST6009,PROD792,TV,Samsung QLED 50,Sony,1,503.02,0.11,0.18,528.27,Debit Card,In-Store,EMP600,3,0,Express,1,EUR
ORD133995,19-07-2024,BR53,UK,Birmingham,CUST3813,PROD890,TV,Sony Bravia 55,OnePlus,1,804.21,0.18,0.18,778.15,UPI,In-Store,EMP326,3,1,Express,9,USD
ORD133996,02-05-2024,BR107,UAE,Abu Dhabi,CUST8294,PROD390,Tablet,iPad Air,LG,1,1828.72,0.02,0.18,2114.73,Cash,In-Store,EMP751,2,0,Same Day,7,USD
ORD133997,04-01-2023,BR103,USA,Chicago,CUST7439,PROD349,Mobile,OnePlus 11,Dell,4,135.13,0.1,0.18,574.03,Cash,Online,EMP435,2,0,Standard,6,GBP
ORD133998,18-11-2024,BR31,UAE,Abu Dhabi,CUST9379,PROD411,Laptop,MacBook Air M2,OnePlus,3,992.11,0.01,0.18,3476.95,Debit Card,Online,EMP544,3,0,Express,3,GBP
ORD133999,06-05-2024,BR22,UAE,Abu Dhabi,CUST3736,PROD915,Tablet,iPad Air,Lenovo,1,187.62,0.18,0.18,181.54,Debit Card,Online,EMP219,3,0,Express,6,GBP
ORD134000,17-11-2024,BR27,UK,London,CUST8942,PROD432,Accessories,Wireless Mouse,Lenovo,1,109.64,0.19,0.18,104.79,Net Banking,In-Store,EMP839,1,0,Same Day,6,INR
ORD134001,26-04-2023,BR14,UK,Birmingham,CUST6253,PROD439,Accessories,Keyboard,Sony,2,1694.01,0.19,0.18,3238.27,UPI,Online,EMP563,0,1,Express,7,USD
ORD134002,03-03-2024,BR29,UAE,Dubai,CUST1476,PROD130,TV,Sony Bravia 55,Lenovo,4,1675.39,0.24,0.18,6009.96,Cash,Online,EMP913,1,0,Standard,1,GBP
ORD134003,16-09-2023,BR40,Germany,Hamburg,CUST7805,PROD279,Laptop,HP Spectre x360,HP,4,754.7,0.07,0.18,3312.83,Net Banking,In-Store,EMP386,3,1,Same Day,2,AED
ORD134004,11-06-2023,BR25,UAE,Abu Dhabi,CUST5780,PROD551,TV,Samsung QLED 50,LG,3,587,0.17,0.18,1724.72,Cash,Online,EMP944,3,0,Same Day,2,USD
ORD134005,09-08-2024,BR106,UAE,Dubai,CUST2804,PROD415,TV,Samsung QLED 50,LG,4,1565.59,0.23,0.18,5689.98,UPI,Online,EMP382,2,1,Standard,9,GBP
ORD134006,09-02-2024,BR8,UAE,Abu Dhabi,CUST5025,PROD266,TV,Samsung QLED 50,OnePlus,4,1087.32,0.2,0.18,4105.72,Debit Card,In-Store,EMP552,3,1,Same Day,4,USD
ORD134007,17-04-2024,BR36,USA,Chicago,CUST6480,PROD899,Mobile,iPhone 14,Lenovo,1,1498.03,0.27,0.18,1290.4,Credit Card,In-Store,EMP658,2,1,Same Day,8,USD
ORD134008,06-09-2024,BR70,USA,Dallas,CUST3590,PROD641,Laptop,Dell XPS 13,HP,3,1766.07,0.17,0.18,5189.07,Credit Card,In-Store,EMP698,0,1,Same Day,3,USD
ORD134009,09-05-2023,BR60,UAE,Dubai,CUST4278,PROD752,Laptop,HP Spectre x360,Sony,2,1851.01,0.14,0.18,3756.81,UPI,Online,EMP204,1,1,Same Day,1,GBP
ORD134010,18-03-2024,BR95,UAE,Abu Dhabi,CUST4106,PROD229,Accessories,Keyboard,HP,1,1156.14,0.2,0.18,1091.4,UPI,In-Store,EMP921,0,1,Express,10,INR
ORD134011,13-07-2023,BR89,India,Bangalore,CUST8859,PROD473,Laptop,Dell XPS 13,Lenovo,3,1290.92,0.17,0.18,3792.98,Net Banking,Online,EMP467,2,1,Standard,8,INR
ORD134012,06-08-2023,BR69,UAE,Dubai,CUST8039,PROD996,Mobile,iPhone 14,Samsung,3,1863.09,0.19,0.18,5342.22,UPI,In-Store,EMP894,3,1,Standard,4,AED
ORD134013,25-10-2023,BR18,India,Bangalore,CUST9075,PROD259,Mobile,Samsung Galaxy S23,Lenovo,2,1542.87,0.17,0.18,3022.17,UPI,Online,EMP982,3,0,Same Day,8,USD
ORD134014,13-05-2024,BR74,India,Mumbai,CUST5925,PROD903,Tablet,iPad Air,Dell,1,1404.92,0.09,0.18,1508.6,Debit Card,Online,EMP379,0,1,Standard,3,EUR
ORD134015,27-11-2024,BR115,USA,Dallas,CUST9246,PROD460,TV,Samsung QLED 50,Lenovo,5,1899.97,0.05,0.18,10649.33,Cash,Online,EMP704,1,0,Express,3,EUR
ORD134016,24-06-2024,BR34,USA,Dallas,CUST2540,PROD530,Mobile,Samsung Galaxy S23,Lenovo,1,194.17,0.05,0.18,217.66,Debit Card,In-Store,EMP559,0,0,Standard,2,AED
ORD134017,14-10-2023,BR26,USA,Chicago,CUST8905,PROD178,Laptop,MacBook Air M2,HP,2,706.24,0.16,0.18,1400.05,Debit Card,Online,EMP557,3,0,Express,8,USD
ORD134018,18-06-2024,BR19,UK,London,CUST5522,PROD512,Accessories,Keyboard,Apple,2,1409.29,0.2,0.18,2660.74,Net Banking,In-Store,EMP792,3,1,Standard,2,INR
ORD134019,21-06-2024,BR70,UAE,Dubai,CUST3547,PROD640,Mobile,Samsung Galaxy S23,Dell,4,358.31,0.05,0.18,1606.66,Net Banking,Online,EMP764,0,1,Express,1,INR
ORD134020,26-08-2023,BR43,India,Delhi,CUST5554,PROD517,Tablet,iPad Air,Sony,5,922.25,0.19,0.18,4407.43,UPI,In-Store,EMP320,3,0,Standard,4,EUR
ORD134021,13-11-2024,BR22,UK,London,CUST3154,PROD937,Tablet,Samsung Galaxy Tab,OnePlus,4,1384.16,0.09,0.18,5945.24,Credit Card,Online,EMP518,3,1,Express,8,AED
ORD134022,11-08-2023,BR110,USA,Chicago,CUST4584,PROD880,TV,Sony Bravia 55,Dell,1,1783.26,0.06,0.18,1977.99,Debit Card,Online,EMP645,0,0,Standard,8,USD
ORD134023,23-01-2024,BR77,UK,Manchester,CUST8656,PROD169,Laptop,HP Spectre x360,LG,2,146.82,0.24,0.18,263.34,Cash,In-Store,EMP259,0,1,Express,1,EUR
ORD134024,27-01-2023,BR79,India,Bangalore,CUST8138,PROD938,Laptop,HP Spectre x360,Dell,5,472.84,0.16,0.18,2343.4,Cash,In-Store,EMP818,1,0,Express,3,USD
ORD134025,31-10-2023,BR59,Germany,Munich,CUST5775,PROD973,Tablet,Lenovo Tab P11,Samsung,1,1761.37,0.19,0.18,1683.52,Debit Card,Online,EMP213,2,0,Standard,8,USD
ORD134026,19-02-2024,BR104,UK,Birmingham,CUST8804,PROD729,Laptop,MacBook Air M2,Samsung,1,1533.62,0.08,0.18,1664.9,Net Banking,Online,EMP946,2,1,Standard,9,INR
ORD134027,03-05-2023,BR98,UK,London,CUST1055,PROD429,Mobile,Samsung Galaxy S23,Dell,2,787.56,0.11,0.18,1654.19,Debit Card,In-Store,EMP880,2,1,Standard,6,INR
ORD134028,29-08-2024,BR62,India,Delhi,CUST3017,PROD809,Laptop,HP Spectre x360,OnePlus,4,1484.24,0.17,0.18,5814.66,Credit Card,In-Store,EMP938,2,1,Express,7,GBP
ORD134029,22-01-2024,BR2,UAE,Dubai,CUST6713,PROD681,Accessories,Wireless Mouse,Sony,4,1845.35,0,0.18,8710.05,UPI,Online,EMP851,3,0,Express,1,INR
ORD134030,13-08-2023,BR26,India,Delhi,CUST4787,PROD704,Accessories,Bluetooth Headphones,OnePlus,4,68.11,0.05,0.18,305.41,Cash,Online,EMP400,0,0,Standard,5,USD
ORD134031,10-03-2024,BR7,India,Bangalore,CUST6921,PROD622,Accessories,Bluetooth Headphones,Dell,1,1142.28,0.1,0.18,1213.1,Cash,In-Store,EMP425,3,1,Express,10,GBP
ORD134032,30-12-2023,BR55,UK,London,CUST9971,PROD764,Accessories,Keyboard,OnePlus,4,347.32,0.19,0.18,1327.87,Cash,Online,EMP969,0,1,Same Day,9,GBP
ORD134033,01-08-2024,BR116,Germany,Munich,CUST7055,PROD995,Accessories,Wireless Mouse,Sony,5,1766.13,0.09,0.18,9482.35,UPI,Online,EMP933,2,0,Express,7,INR
ORD134034,28-03-2024,BR64,USA,Chicago,CUST9372,PROD110,Accessories,Bluetooth Headphones,HP,4,1106.02,0.22,0.18,4071.92,UPI,In-Store,EMP418,0,1,Same Day,9,USD
ORD134035,21-09-2023,BR4,USA,Los Angeles,CUST5360,PROD315,Accessories,Wireless Mouse,OnePlus,5,533.78,0.22,0.18,2456.46,Net Banking,In-Store,EMP853,2,0,Same Day,4,INR
ORD134036,22-04-2023,BR103,USA,Dallas,CUST2550,PROD170,Mobile,Samsung Galaxy S23,LG,2,609.77,0.17,0.18,1194.42,Credit Card,In-Store,EMP844,2,0,Express,9,GBP
ORD134037,27-10-2023,BR27,India,Bangalore,CUST3812,PROD528,Laptop,HP Spectre x360,OnePlus,4,1333.39,0.11,0.18,5601.3,Debit Card,Online,EMP909,2,1,Express,4,INR
ORD134038,24-10-2023,BR81,UK,Manchester,CUST5386,PROD535,Tablet,iPad Air,Sony,2,1205.43,0.15,0.18,2418.09,Credit Card,In-Store,EMP651,3,1,Same Day,5,EUR
ORD134039,08-07-2023,BR62,UAE,Abu Dhabi,CUST5478,PROD254,Tablet,Samsung Galaxy Tab,HP,4,1700.53,0.04,0.18,7705.44,Debit Card,Online,EMP855,3,1,Express,3,INR
ORD134040,23-03-2024,BR32,UK,Manchester,CUST6646,PROD594,Accessories,Keyboard,Lenovo,4,238.97,0.26,0.18,834.67,Net Banking,In-Store,EMP279,1,0,Standard,4,EUR
ORD134041,24-09-2024,BR34,UAE,Dubai,CUST6902,PROD193,TV,Samsung QLED 50,Apple,2,1077.45,0.16,0.18,2135.94,UPI,Online,EMP824,0,0,Express,6,INR
ORD134042,15-01-2023,BR102,USA,New York,CUST8259,PROD791,Tablet,Samsung Galaxy Tab,Apple,5,896.63,0.2,0.18,4232.09,Debit Card,Online,EMP286,3,0,Same Day,1,EUR
ORD134043,10-06-2023,BR105,Germany,Munich,CUST7522,PROD548,Tablet,iPad Air,OnePlus,2,1981.5,0.23,0.18,3600.78,Cash,Online,EMP774,1,0,Express,7,USD
ORD134044,11-01-2023,BR17,Germany,Munich,CUST4520,PROD668,TV,LG OLED 48,Lenovo,2,1249.02,0.17,0.18,2446.58,Credit Card,Online,EMP862,0,1,Same Day,5,USD
ORD134045,26-12-2024,BR69,UAE,Dubai,CUST2806,PROD764,TV,LG OLED 48,Samsung,3,250.77,0.26,0.18,656.92,Credit Card,In-Store,EMP418,3,1,Standard,9,GBP
ORD134046,16-09-2023,BR104,Germany,Berlin,CUST9616,PROD343,TV,Samsung QLED 50,OnePlus,4,1341.45,0,0.18,6331.64,Cash,In-Store,EMP213,2,0,Same Day,10,USD
ORD134047,13-10-2023,BR112,India,Bangalore,CUST1724,PROD136,Mobile,Samsung Galaxy S23,HP,1,1321.36,0.24,0.18,1185,Cash,Online,EMP968,3,1,Same Day,5,USD
ORD134048,10-12-2023,BR52,India,Mumbai,CUST5154,PROD884,Tablet,Samsung Galaxy Tab,Samsung,4,1159.85,0.07,0.18,5091.28,Credit Card,Online,EMP796,1,0,Same Day,3,USD
ORD134049,05-11-2023,BR104,USA,Dallas,CUST4389,PROD340,Mobile,iPhone 14,Sony,4,1161.89,0.1,0.18,4935.71,Debit Card,Online,EMP465,1,1,Express,1,USD
ORD134050,10-04-2023,BR105,UK,Birmingham,CUST8674,PROD519,Laptop,HP Spectre x360,Samsung,4,301.83,0.08,0.18,1310.67,Cash,Online,EMP348,1,1,Express,7,USD
ORD134051,20-11-2023,BR29,UAE,Abu Dhabi,CUST4506,PROD707,Accessories,Keyboard,Sony,3,1453.07,0.16,0.18,4320.85,Credit Card,In-Store,EMP781,1,0,Express,9,AED
ORD134052,24-06-2024,BR71,UK,Manchester,CUST7067,PROD729,Accessories,Keyboard,Sony,1,475.57,0.18,0.18,460.16,Credit Card,In-Store,EMP673,2,1,Standard,10,GBP
ORD134053,27-01-2024,BR53,India,Pune,CUST5218,PROD205,TV,LG OLED 48,Sony,2,1425,0.22,0.18,2623.14,Net Banking,In-Store,EMP634,1,1,Standard,10,USD
ORD134054,25-04-2024,BR7,India,Delhi,CUST8876,PROD650,Laptop,MacBook Air M2,OnePlus,3,251.75,0.13,0.18,775.34,Credit Card,In-Store,EMP591,1,0,Express,3,GBP
ORD134055,06-06-2023,BR58,USA,Chicago,CUST5021,PROD917,Laptop,Dell XPS 13,LG,2,1246.57,0,0.18,2941.91,Credit Card,Online,EMP305,3,1,Same Day,6,EUR
ORD134056,11-10-2023,BR109,UK,Manchester,CUST2846,PROD571,Laptop,Dell XPS 13,Apple,3,162.53,0.29,0.18,408.5,Debit Card,In-Store,EMP524,3,1,Same Day,3,AED
ORD134057,06-01-2023,BR29,UK,London,CUST4193,PROD418,TV,Samsung QLED 50,LG,3,1287.62,0.25,0.18,3418.63,Credit Card,Online,EMP985,2,1,Same Day,1,INR
ORD134058,10-10-2023,BR98,UK,London,CUST6550,PROD233,Tablet,Lenovo Tab P11,HP,2,387.09,0.19,0.18,739.96,Net Banking,In-Store,EMP359,1,0,Same Day,6,INR
ORD134059,27-03-2024,BR44,UK,Birmingham,CUST4501,PROD536,TV,LG OLED 48,Samsung,3,105.54,0.01,0.18,369.88,Debit Card,In-Store,EMP579,0,0,Standard,6,INR
ORD134060,14-07-2024,BR109,USA,Dallas,CUST6579,PROD187,Accessories,Keyboard,HP,1,822.16,0.28,0.18,698.51,Debit Card,Online,EMP210,1,0,Standard,9,EUR
ORD134061,23-06-2023,BR54,Germany,Hamburg,CUST7891,PROD887,Mobile,iPhone 14,LG,4,166.94,0.21,0.18,622.49,Net Banking,In-Store,EMP648,0,1,Same Day,1,INR
ORD134062,30-10-2023,BR20,UK,Birmingham,CUST4416,PROD954,Mobile,iPhone 14,Lenovo,1,1454.78,0.17,0.18,1424.81,Credit Card,Online,EMP812,0,1,Standard,7,INR
ORD134063,23-02-2024,BR28,UK,Manchester,CUST2342,PROD263,Mobile,iPhone 14,Dell,2,1633.25,0.24,0.18,2929.4,Net Banking,In-Store,EMP563,0,0,Express,7,GBP
ORD134064,08-01-2023,BR101,UAE,Abu Dhabi,CUST7388,PROD278,Mobile,iPhone 14,Sony,3,1885.75,0.27,0.18,4873.16,Cash,Online,EMP981,1,1,Same Day,6,EUR
ORD134065,05-05-2023,BR44,USA,Los Angeles,CUST1132,PROD591,Tablet,iPad Air,OnePlus,1,134.6,0.13,0.18,138.18,Debit Card,In-Store,EMP783,3,0,Same Day,8,USD
ORD134066,24-05-2024,BR94,UK,London,CUST8075,PROD784,Mobile,iPhone 14,LG,3,325.05,0.17,0.18,955.06,Debit Card,Online,EMP745,1,0,Same Day,4,INR
ORD134067,09-09-2024,BR70,UK,London,CUST7000,PROD985,Tablet,Lenovo Tab P11,Lenovo,5,1594.43,0.25,0.18,7055.35,Debit Card,In-Store,EMP846,1,1,Standard,1,INR
ORD134068,01-06-2023,BR79,UAE,Abu Dhabi,CUST3276,PROD650,Laptop,HP Spectre x360,Lenovo,3,660.99,0.14,0.18,2012.32,UPI,Online,EMP572,1,0,Standard,1,USD
ORD134069,29-06-2024,BR85,USA,New York,CUST9227,PROD848,Mobile,OnePlus 11,Samsung,1,1664.64,0.15,0.18,1669.63,Debit Card,In-Store,EMP243,3,1,Same Day,8,EUR
ORD134070,17-10-2023,BR8,UK,Manchester,CUST5612,PROD798,Mobile,iPhone 14,Samsung,2,1468.07,0.04,0.18,3326.06,Net Banking,In-Store,EMP920,3,1,Standard,9,USD
ORD134071,22-01-2024,BR58,UK,Manchester,CUST6373,PROD120,TV,Sony Bravia 55,Samsung,4,1734,0.04,0.18,7857.1,Credit Card,In-Store,EMP960,0,1,Same Day,1,AED
ORD134072,02-02-2024,BR46,Germany,Hamburg,CUST9359,PROD722,Tablet,Samsung Galaxy Tab,LG,4,1747.78,0.23,0.18,6352.13,UPI,Online,EMP811,2,0,Express,3,GBP
ORD134073,17-04-2023,BR7,UAE,Dubai,CUST1428,PROD406,Tablet,Lenovo Tab P11,LG,5,681.81,0.2,0.18,3218.14,Net Banking,Online,EMP842,1,1,Standard,8,INR
ORD134074,20-03-2024,BR97,USA,Los Angeles,CUST5268,PROD970,Tablet,Samsung Galaxy Tab,OnePlus,3,1166.08,0.28,0.18,2972.1,Net Banking,In-Store,EMP857,2,1,Express,2,INR
ORD134075,21-11-2023,BR42,UAE,Dubai,CUST3104,PROD131,Accessories,Bluetooth Headphones,OnePlus,3,1481.54,0.06,0.18,4929.97,Credit Card,In-Store,EMP805,1,1,Express,1,GBP
ORD134076,26-03-2023,BR15,Germany,Berlin,CUST1496,PROD193,Accessories,Wireless Mouse,OnePlus,2,1766.15,0.11,0.18,3709.62,Net Banking,Online,EMP910,1,0,Express,6,EUR
ORD134077,03-09-2024,BR78,UAE,Abu Dhabi,CUST9293,PROD946,TV,Samsung QLED 50,Sony,5,778.06,0.02,0.18,4498.74,Cash,Online,EMP235,0,0,Same Day,8,EUR
ORD134078,05-03-2024,BR24,UK,London,CUST7571,PROD236,Mobile,Samsung Galaxy S23,HP,2,1888.35,0.01,0.18,4411.94,Debit Card,In-Store,EMP227,1,1,Express,1,GBP
ORD134079,27-09-2023,BR115,UK,Birmingham,CUST6089,PROD770,Mobile,OnePlus 11,Sony,3,1159.73,0.1,0.18,3694.9,Cash,In-Store,EMP583,2,0,Same Day,9,INR
ORD134080,11-10-2024,BR50,Germany,Hamburg,CUST6514,PROD187,Tablet,Lenovo Tab P11,Dell,2,1453.94,0.18,0.18,2813.66,Net Banking,In-Store,EMP899,1,1,Standard,9,EUR
ORD134081,22-10-2023,BR80,UAE,Dubai,CUST6360,PROD235,Laptop,HP Spectre x360,LG,2,1239.4,0.07,0.18,2720.24,UPI,Online,EMP689,1,0,Standard,1,USD
ORD134082,28-10-2024,BR29,UK,Birmingham,CUST3131,PROD104,Accessories,Keyboard,OnePlus,4,1738,0.26,0.18,6070.49,Cash,In-Store,EMP490,2,0,Same Day,8,GBP
ORD134083,04-09-2023,BR24,India,Delhi,CUST9236,PROD554,Mobile,OnePlus 11,Lenovo,2,1351.19,0.1,0.18,2869.93,Net Banking,In-Store,EMP733,0,0,Same Day,4,EUR
ORD134084,17-12-2023,BR44,Germany,Berlin,CUST4825,PROD466,Tablet,iPad Air,Lenovo,3,1430.43,0.22,0.18,3949.7,Credit Card,Online,EMP651,3,1,Same Day,7,AED
ORD134085,02-10-2023,BR105,USA,Chicago,CUST1980,PROD319,TV,Samsung QLED 50,Sony,2,869.51,0.19,0.18,1662.16,Cash,Online,EMP600,2,1,Same Day,7,GBP
ORD134086,24-07-2024,BR81,USA,Los Angeles,CUST8053,PROD267,TV,Samsung QLED 50,Samsung,2,963.9,0.18,0.18,1865.34,Credit Card,In-Store,EMP987,1,1,Standard,7,USD
ORD134087,09-02-2024,BR120,UAE,Abu Dhabi,CUST9582,PROD721,Laptop,Dell XPS 13,HP,5,328.97,0.05,0.18,1843.88,Debit Card,Online,EMP228,3,1,Same Day,4,INR
ORD134088,20-05-2023,BR60,Germany,Hamburg,CUST2015,PROD559,TV,LG OLED 48,Apple,1,1384.11,0.07,0.18,1518.92,Credit Card,Online,EMP933,1,1,Standard,3,AED
ORD134089,30-08-2023,BR80,Germany,Munich,CUST9659,PROD769,Laptop,HP Spectre x360,Lenovo,5,1147.12,0.05,0.18,6429.61,Credit Card,Online,EMP424,3,1,Express,1,AED
ORD134090,13-03-2024,BR42,Germany,Berlin,CUST4257,PROD870,Laptop,HP Spectre x360,OnePlus,4,482.91,0.08,0.18,2096.99,Net Banking,In-Store,EMP546,0,0,Same Day,6,EUR
ORD134091,12-05-2023,BR109,USA,New York,CUST5076,PROD929,TV,Sony Bravia 55,LG,3,793.22,0.03,0.18,2723.76,UPI,Online,EMP923,1,0,Same Day,9,EUR
ORD134092,08-10-2024,BR116,UK,London,CUST6756,PROD149,TV,LG OLED 48,Lenovo,2,520.89,0.24,0.18,934.27,Net Banking,Online,EMP291,1,1,Express,7,USD
ORD134093,31-03-2024,BR55,USA,Chicago,CUST4508,PROD823,Accessories,Keyboard,Apple,1,327.41,0.22,0.18,301.35,Debit Card,Online,EMP765,2,1,Express,1,USD
ORD134094,05-08-2024,BR79,UK,Birmingham,CUST6221,PROD431,Accessories,Keyboard,Dell,5,870.46,0.14,0.18,4416.71,Cash,Online,EMP663,0,1,Same Day,8,AED
ORD134095,20-07-2023,BR33,USA,Chicago,CUST7184,PROD599,Mobile,iPhone 14,Apple,4,1945.71,0.15,0.18,7806.19,Cash,Online,EMP596,2,1,Same Day,2,EUR
ORD134096,02-08-2023,BR82,India,Bangalore,CUST2736,PROD479,Laptop,MacBook Air M2,Apple,1,1277.26,0.17,0.18,1250.95,Credit Card,In-Store,EMP638,2,1,Express,2,USD
ORD134097,09-10-2023,BR103,India,Mumbai,CUST4180,PROD263,Tablet,iPad Air,Dell,4,1618.18,0.07,0.18,7103.16,Cash,Online,EMP652,2,0,Express,2,GBP
ORD134098,13-04-2024,BR92,UAE,Abu Dhabi,CUST1248,PROD379,Mobile,Samsung Galaxy S23,OnePlus,4,1274.2,0,0.18,6014.22,UPI,In-Store,EMP446,1,0,Express,7,AED
ORD134099,26-01-2023,BR15,USA,Dallas,CUST8359,PROD603,TV,LG OLED 48,Samsung,1,1601.79,0.12,0.18,1663.3,Debit Card,Online,EMP974,1,0,Express,1,AED
ORD134100,29-05-2023,BR71,India,Bangalore,CUST7366,PROD413,TV,LG OLED 48,Samsung,4,1854.75,0.01,0.18,8666.88,Cash,In-Store,EMP937,3,1,Standard,7,AED
ORD134101,14-05-2023,BR18,UAE,Dubai,CUST4428,PROD998,Laptop,Dell XPS 13,Apple,4,1693.66,0.1,0.18,7194.67,Debit Card,Online,EMP616,1,1,Same Day,2,GBP
ORD134102,03-01-2024,BR112,UK,London,CUST3020,PROD505,Tablet,Samsung Galaxy Tab,Samsung,1,119.51,0.19,0.18,114.23,Credit Card,In-Store,EMP436,2,0,Express,2,GBP
ORD134103,22-11-2023,BR117,UAE,Dubai,CUST4683,PROD639,Laptop,HP Spectre x360,Lenovo,2,1603.57,0,0.18,3784.43,Debit Card,Online,EMP951,3,1,Same Day,3,AED
ORD134104,10-11-2023,BR92,USA,New York,CUST4611,PROD897,Mobile,iPhone 14,Sony,2,1158.19,0.15,0.18,2323.33,UPI,Online,EMP839,0,0,Standard,7,AED
ORD134105,27-01-2024,BR7,India,Pune,CUST3482,PROD539,Laptop,HP Spectre x360,Samsung,2,278.57,0,0.18,657.43,UPI,In-Store,EMP922,3,0,Same Day,7,USD
ORD134106,17-03-2023,BR106,India,Mumbai,CUST5346,PROD534,Laptop,HP Spectre x360,OnePlus,5,1840.6,0.26,0.18,8036.06,Debit Card,In-Store,EMP519,0,0,Standard,2,INR
ORD134107,31-05-2023,BR65,UK,Manchester,CUST7014,PROD291,Accessories,Wireless Mouse,LG,3,1141.03,0.01,0.18,3998.85,UPI,Online,EMP325,0,1,Express,5,INR
ORD134108,25-01-2024,BR95,UAE,Dubai,CUST3506,PROD229,Accessories,Bluetooth Headphones,Samsung,4,1477.08,0.02,0.18,6832.38,Cash,In-Store,EMP208,0,0,Express,10,USD
ORD134109,15-12-2023,BR9,UK,Manchester,CUST3040,PROD102,Mobile,Samsung Galaxy S23,Sony,3,1024.99,0.08,0.18,3338.19,Debit Card,In-Store,EMP884,2,1,Express,10,USD
ORD134110,28-09-2024,BR42,India,Delhi,CUST6962,PROD245,Laptop,Dell XPS 13,OnePlus,2,1807.54,0.24,0.18,3242,UPI,Online,EMP616,1,1,Express,9,EUR
ORD134111,24-08-2024,BR116,UAE,Dubai,CUST3430,PROD830,TV,Samsung QLED 50,Dell,5,1146.57,0.22,0.18,5276.52,Cash,Online,EMP429,1,1,Same Day,3,AED
ORD134112,26-08-2023,BR112,USA,Chicago,CUST1710,PROD572,TV,LG OLED 48,Dell,4,1642.33,0.23,0.18,5968.88,Net Banking,In-Store,EMP596,3,1,Same Day,8,AED
ORD134113,21-01-2023,BR50,USA,Dallas,CUST1803,PROD494,Accessories,Wireless Mouse,Sony,4,207,0.29,0.18,693.7,Cash,In-Store,EMP548,1,0,Same Day,2,GBP
ORD134114,11-03-2024,BR25,UAE,Abu Dhabi,CUST6204,PROD300,Tablet,Lenovo Tab P11,LG,5,1541.06,0.01,0.18,9001.33,Net Banking,Online,EMP972,1,0,Express,2,USD
ORD134115,18-05-2024,BR77,UAE,Dubai,CUST3224,PROD803,TV,Sony Bravia 55,HP,1,939.68,0.13,0.18,964.68,Cash,Online,EMP318,1,1,Same Day,10,INR
ORD134116,11-06-2024,BR56,Germany,Hamburg,CUST6492,PROD224,Mobile,OnePlus 11,Lenovo,1,211.96,0.09,0.18,227.6,Debit Card,In-Store,EMP282,3,0,Same Day,5,GBP
ORD134117,04-10-2023,BR108,UAE,Dubai,CUST8207,PROD998,Laptop,MacBook Air M2,Apple,4,919.26,0.19,0.18,3514.51,Cash,Online,EMP649,1,0,Express,6,EUR
ORD134118,11-02-2023,BR80,Germany,Munich,CUST3351,PROD904,Mobile,iPhone 14,HP,1,1790.47,0.27,0.18,1542.31,Credit Card,In-Store,EMP775,3,0,Same Day,6,INR
ORD134119,18-04-2023,BR32,India,Pune,CUST5018,PROD554,Tablet,Lenovo Tab P11,LG,1,762.01,0.23,0.18,692.36,Debit Card,Online,EMP567,2,0,Same Day,4,USD
ORD134120,18-08-2024,BR106,UAE,Abu Dhabi,CUST6728,PROD819,Mobile,Samsung Galaxy S23,LG,1,999.8,0.27,0.18,861.23,Debit Card,In-Store,EMP951,1,1,Express,1,GBP
ORD134121,01-06-2023,BR17,UK,Manchester,CUST1655,PROD550,Accessories,Wireless Mouse,Dell,5,1079.69,0.19,0.18,5159.84,Debit Card,In-Store,EMP341,2,1,Same Day,5,GBP
ORD134122,27-10-2024,BR30,India,Mumbai,CUST6816,PROD271,Laptop,HP Spectre x360,Apple,5,1978.9,0.03,0.18,11325.24,Credit Card,Online,EMP713,2,1,Standard,6,AED
ORD134123,28-05-2023,BR100,UK,Birmingham,CUST4715,PROD538,TV,Sony Bravia 55,LG,1,1300.75,0.05,0.18,1458.14,Cash,Online,EMP896,3,0,Same Day,8,USD
ORD134124,26-12-2023,BR61,Germany,Munich,CUST8435,PROD261,TV,Sony Bravia 55,Samsung,2,404.61,0.14,0.18,821.2,Net Banking,Online,EMP228,0,1,Express,9,GBP
ORD134125,22-07-2023,BR12,Germany,Berlin,CUST2075,PROD425,Accessories,Bluetooth Headphones,LG,3,1095.31,0.09,0.18,3528.43,Credit Card,In-Store,EMP436,1,1,Express,1,AED
ORD134126,15-08-2023,BR43,UK,Birmingham,CUST7152,PROD799,Mobile,Samsung Galaxy S23,OnePlus,3,802.82,0.14,0.18,2444.11,Cash,Online,EMP920,3,1,Standard,2,AED
ORD134127,30-08-2023,BR1,UK,Manchester,CUST7116,PROD128,Tablet,Lenovo Tab P11,Dell,1,491.08,0.28,0.18,417.22,Net Banking,In-Store,EMP552,2,1,Same Day,2,INR
ORD134128,23-11-2023,BR95,USA,New York,CUST6402,PROD297,Laptop,HP Spectre x360,Lenovo,2,298.97,0.18,0.18,578.57,Net Banking,Online,EMP506,1,1,Express,8,EUR
ORD134129,17-03-2024,BR16,UAE,Abu Dhabi,CUST3680,PROD109,Laptop,HP Spectre x360,Samsung,1,1571.79,0.26,0.18,1372.49,UPI,Online,EMP790,3,0,Express,9,USD
ORD134130,04-06-2023,BR105,India,Mumbai,CUST8809,PROD560,Laptop,HP Spectre x360,Samsung,5,1204.14,0.01,0.18,7033.38,Net Banking,In-Store,EMP409,0,0,Express,5,EUR
ORD134131,08-12-2024,BR66,USA,Chicago,CUST9048,PROD655,TV,Sony Bravia 55,Dell,4,1700.98,0.04,0.18,7707.48,Cash,Online,EMP741,2,1,Same Day,9,INR
ORD134132,11-08-2024,BR1,USA,New York,CUST7156,PROD676,Laptop,HP Spectre x360,Sony,4,1910.2,0,0.18,9016.14,Credit Card,Online,EMP545,0,0,Express,7,INR
ORD134133,25-12-2024,BR53,USA,Los Angeles,CUST5329,PROD962,Accessories,Keyboard,LG,1,1218.19,0.12,0.18,1264.97,Credit Card,In-Store,EMP480,0,0,Express,4,AED
ORD134134,12-02-2023,BR118,India,Mumbai,CUST7046,PROD746,Accessories,Keyboard,Dell,2,1311.03,0.07,0.18,2877.45,Debit Card,In-Store,EMP824,0,1,Same Day,3,AED
ORD134135,16-08-2023,BR72,Germany,Munich,CUST9894,PROD640,Accessories,Keyboard,Sony,5,382.67,0.15,0.18,1919.09,Net Banking,Online,EMP795,3,1,Express,4,INR
ORD134136,30-10-2024,BR19,UK,London,CUST2938,PROD191,Mobile,Samsung Galaxy S23,HP,1,1167.45,0.08,0.18,1267.38,Credit Card,In-Store,EMP373,3,1,Same Day,10,INR
ORD134137,28-02-2024,BR31,UK,Manchester,CUST7903,PROD483,Mobile,Samsung Galaxy S23,LG,1,87.98,0.01,0.18,102.78,Cash,Online,EMP851,2,1,Same Day,2,USD
ORD134138,09-01-2024,BR71,UAE,Dubai,CUST5618,PROD167,Laptop,Dell XPS 13,LG,5,408.08,0.21,0.18,1902.06,UPI,Online,EMP314,1,1,Express,10,GBP
ORD134139,07-08-2023,BR34,USA,New York,CUST2025,PROD972,Mobile,Samsung Galaxy S23,Samsung,2,1724.33,0.28,0.18,2929.98,Credit Card,Online,EMP748,2,1,Same Day,2,EUR
ORD134140,29-11-2023,BR78,UAE,Dubai,CUST8388,PROD744,Laptop,Dell XPS 13,OnePlus,5,1836.5,0.22,0.18,8451.57,Debit Card,Online,EMP221,1,0,Same Day,4,GBP
ORD134141,20-08-2024,BR63,India,Bangalore,CUST5063,PROD340,Accessories,Keyboard,Sony,5,1453.43,0.22,0.18,6688.68,Debit Card,In-Store,EMP421,2,0,Standard,10,AED
ORD134142,01-06-2024,BR103,UAE,Abu Dhabi,CUST9070,PROD494,Accessories,Wireless Mouse,OnePlus,2,328.1,0.08,0.18,712.37,Net Banking,In-Store,EMP867,2,1,Standard,3,GBP
ORD134143,18-11-2023,BR1,USA,Chicago,CUST8445,PROD374,TV,Samsung QLED 50,OnePlus,3,1046.04,0.1,0.18,3332.68,UPI,In-Store,EMP699,3,1,Standard,6,GBP
ORD134144,25-01-2023,BR74,Germany,Hamburg,CUST5681,PROD946,Laptop,Dell XPS 13,Apple,4,889.18,0.18,0.18,3441.48,Net Banking,In-Store,EMP988,3,0,Standard,8,AED
ORD134145,25-04-2024,BR5,UK,London,CUST6379,PROD810,Tablet,Samsung Galaxy Tab,HP,5,752.44,0.13,0.18,3862.27,Debit Card,In-Store,EMP224,3,0,Standard,4,EUR
ORD134146,23-07-2023,BR66,Germany,Munich,CUST8199,PROD889,Accessories,Wireless Mouse,OnePlus,4,1652.94,0.05,0.18,7411.78,UPI,Online,EMP798,2,1,Express,9,USD
ORD134147,06-05-2024,BR107,India,Bangalore,CUST6264,PROD959,Mobile,OnePlus 11,Sony,5,1860.53,0.16,0.18,9220.79,Cash,Online,EMP330,3,1,Express,3,INR
ORD134148,15-02-2024,BR110,India,Bangalore,CUST3131,PROD421,Tablet,Lenovo Tab P11,LG,1,180.6,0.03,0.18,206.71,UPI,Online,EMP884,2,0,Standard,8,INR
ORD134149,24-06-2023,BR110,UK,London,CUST4341,PROD737,TV,Sony Bravia 55,OnePlus,3,1732.49,0.06,0.18,5765.03,Cash,Online,EMP801,2,1,Express,4,USD
ORD134150,04-06-2023,BR40,Germany,Munich,CUST7636,PROD654,Laptop,HP Spectre x360,LG,5,784.46,0.17,0.18,3841.5,Debit Card,Online,EMP555,1,1,Standard,9,USD
ORD134151,26-11-2024,BR88,India,Delhi,CUST9444,PROD571,Tablet,Lenovo Tab P11,Samsung,4,861.3,0.03,0.18,3943.38,UPI,In-Store,EMP331,3,0,Express,10,EUR
ORD134152,12-07-2024,BR70,USA,Los Angeles,CUST2993,PROD124,Accessories,Wireless Mouse,HP,1,1351.62,0.07,0.18,1483.27,Debit Card,In-Store,EMP240,1,1,Express,7,AED
ORD134153,18-08-2024,BR89,UK,Birmingham,CUST9439,PROD840,Laptop,MacBook Air M2,LG,4,1702.65,0.02,0.18,7875.78,Net Banking,In-Store,EMP696,3,1,Standard,8,INR
ORD134154,04-12-2024,BR98,India,Pune,CUST9310,PROD486,Accessories,Bluetooth Headphones,OnePlus,1,912.37,0.03,0.18,1044.3,Credit Card,Online,EMP399,3,1,Same Day,4,INR
ORD134155,10-06-2023,BR44,India,Pune,CUST6544,PROD165,Laptop,MacBook Air M2,Apple,3,1188.84,0.08,0.18,3871.81,UPI,Online,EMP785,1,1,Standard,1,USD
ORD134156,11-07-2023,BR20,Germany,Hamburg,CUST7389,PROD395,Tablet,Samsung Galaxy Tab,Sony,4,841.49,0.11,0.18,3534.93,Cash,In-Store,EMP504,2,0,Standard,1,GBP
ORD134157,08-11-2024,BR63,Germany,Munich,CUST3177,PROD604,TV,Samsung QLED 50,Dell,3,1065.96,0.09,0.18,3433.88,Net Banking,In-Store,EMP908,0,0,Express,8,INR
ORD134158,17-05-2024,BR103,India,Bangalore,CUST7297,PROD911,Laptop,HP Spectre x360,Apple,4,673.86,0.02,0.18,3117.01,Cash,In-Store,EMP945,2,1,Express,5,USD
ORD134159,19-12-2024,BR116,India,Pune,CUST3225,PROD671,Tablet,Lenovo Tab P11,Lenovo,1,1969.41,0.27,0.18,1696.45,Credit Card,Online,EMP786,1,0,Express,1,USD
ORD134160,13-12-2023,BR94,India,Bangalore,CUST1341,PROD949,Accessories,Wireless Mouse,Apple,3,1543.52,0.11,0.18,4863.01,Debit Card,In-Store,EMP234,3,1,Standard,3,USD
ORD134161,22-11-2024,BR105,UAE,Abu Dhabi,CUST2306,PROD548,Mobile,Samsung Galaxy S23,Apple,2,1548.94,0.21,0.18,2887.84,Credit Card,Online,EMP804,2,1,Standard,10,INR
ORD134162,11-08-2023,BR98,UK,Manchester,CUST3671,PROD288,Mobile,Samsung Galaxy S23,Apple,3,302.66,0.21,0.18,846.42,Net Banking,Online,EMP405,2,0,Same Day,2,AED
ORD134163,22-02-2023,BR106,USA,Chicago,CUST9139,PROD856,Tablet,Samsung Galaxy Tab,Sony,2,595.51,0.04,0.18,1349.19,Cash,Online,EMP726,1,1,Express,3,EUR
ORD134164,16-11-2024,BR120,UK,Birmingham,CUST6078,PROD550,Accessories,Wireless Mouse,Dell,1,807.62,0.11,0.18,848.16,Net Banking,In-Store,EMP756,1,0,Express,3,EUR
ORD134165,07-07-2024,BR113,USA,Dallas,CUST5599,PROD664,Mobile,Samsung Galaxy S23,Dell,5,183.44,0.28,0.18,779.25,Net Banking,Online,EMP299,0,1,Standard,4,EUR
ORD134166,22-10-2023,BR89,India,Pune,CUST7342,PROD651,Tablet,Lenovo Tab P11,Samsung,4,1056.19,0.08,0.18,4586.4,Cash,Online,EMP314,0,1,Same Day,9,EUR
ORD134167,16-07-2023,BR98,Germany,Munich,CUST7488,PROD888,Accessories,Keyboard,Dell,2,1129.58,0.24,0.18,2026.01,Net Banking,Online,EMP596,0,0,Same Day,3,USD
ORD134168,18-07-2023,BR116,UAE,Dubai,CUST1029,PROD503,Mobile,iPhone 14,Apple,3,1597.62,0.27,0.18,4128.57,UPI,Online,EMP786,1,0,Same Day,4,INR
ORD134169,24-05-2023,BR24,UAE,Abu Dhabi,CUST4356,PROD886,Tablet,iPad Air,HP,1,1872.82,0.29,0.18,1569.05,UPI,In-Store,EMP880,0,0,Express,6,GBP
ORD134170,08-02-2024,BR86,UK,London,CUST6712,PROD436,Tablet,Lenovo Tab P11,Lenovo,4,1075.72,0.17,0.18,4214.24,Net Banking,Online,EMP708,0,1,Standard,2,EUR
ORD134171,26-02-2024,BR6,USA,Chicago,CUST6291,PROD582,Accessories,Wireless Mouse,Sony,3,1992.63,0.1,0.18,6348.52,Net Banking,Online,EMP804,2,1,Standard,6,USD
ORD134172,27-09-2024,BR91,Germany,Berlin,CUST6855,PROD383,Mobile,Samsung Galaxy S23,OnePlus,3,1832.28,0.21,0.18,5124.15,Net Banking,In-Store,EMP303,3,1,Express,10,USD
ORD134173,11-05-2024,BR27,UK,London,CUST4150,PROD535,Accessories,Bluetooth Headphones,Apple,3,1314.55,0.22,0.18,3629.74,Cash,In-Store,EMP971,1,1,Express,1,USD
ORD134174,13-11-2023,BR18,India,Delhi,CUST1845,PROD120,Tablet,Lenovo Tab P11,OnePlus,2,1692.85,0.19,0.18,3236.05,Cash,Online,EMP549,3,0,Same Day,6,USD
ORD134175,16-04-2024,BR34,USA,New York,CUST3972,PROD828,Tablet,iPad Air,HP,4,1547.85,0.13,0.18,6356.09,Cash,Online,EMP837,1,0,Express,8,INR
ORD134176,06-05-2023,BR31,UK,Birmingham,CUST1509,PROD692,Mobile,Samsung Galaxy S23,LG,1,436.6,0.15,0.18,437.91,Cash,In-Store,EMP629,0,0,Same Day,1,GBP
ORD134177,24-08-2024,BR64,Germany,Berlin,CUST4715,PROD457,Accessories,Keyboard,Samsung,1,931.69,0.16,0.18,923.49,Debit Card,In-Store,EMP759,0,0,Standard,9,GBP
ORD134178,29-05-2024,BR21,UAE,Dubai,CUST1863,PROD668,Laptop,Dell XPS 13,LG,5,175.47,0.24,0.18,786.81,Debit Card,Online,EMP667,1,1,Standard,5,EUR
ORD134179,06-12-2024,BR99,India,Delhi,CUST8382,PROD629,TV,Samsung QLED 50,Samsung,2,265.17,0.23,0.18,481.87,Cash,In-Store,EMP805,1,1,Express,7,EUR
ORD134180,30-04-2024,BR45,India,Pune,CUST2958,PROD284,Accessories,Bluetooth Headphones,Sony,5,772.48,0.18,0.18,3737.26,Cash,Online,EMP264,0,0,Express,6,USD
ORD134181,25-05-2024,BR80,USA,Chicago,CUST9840,PROD173,Laptop,Dell XPS 13,Sony,5,1897.12,0.06,0.18,10521.43,Debit Card,Online,EMP609,2,0,Standard,9,USD
ORD134182,29-11-2024,BR104,India,Pune,CUST8281,PROD702,Laptop,Dell XPS 13,Dell,3,505.61,0.19,0.18,1449.79,Credit Card,In-Store,EMP984,2,0,Express,2,AED
ORD134183,05-08-2024,BR51,Germany,Hamburg,CUST9545,PROD218,Mobile,OnePlus 11,Samsung,3,1800.56,0.28,0.18,4589.27,Net Banking,Online,EMP689,3,1,Same Day,3,INR
ORD134184,06-05-2023,BR95,India,Mumbai,CUST3498,PROD791,Laptop,MacBook Air M2,OnePlus,2,1208.87,0.23,0.18,2196.76,Net Banking,In-Store,EMP451,2,1,Standard,1,INR
ORD134185,10-07-2024,BR90,UK,London,CUST7684,PROD571,TV,Samsung QLED 50,OnePlus,1,880.9,0.14,0.18,893.94,UPI,Online,EMP464,3,1,Express,7,AED
ORD134186,27-05-2023,BR43,UAE,Abu Dhabi,CUST9954,PROD248,Mobile,iPhone 14,Samsung,5,685.66,0.17,0.18,3357.68,Cash,Online,EMP434,2,0,Same Day,8,AED
ORD134187,22-03-2024,BR55,India,Pune,CUST9066,PROD721,Mobile,Samsung Galaxy S23,Samsung,1,1153.55,0.2,0.18,1088.95,Debit Card,In-Store,EMP952,1,0,Same Day,8,GBP
ORD134188,30-01-2023,BR27,India,Delhi,CUST5478,PROD767,TV,LG OLED 48,HP,4,1103.99,0.29,0.18,3699.69,Debit Card,Online,EMP555,0,1,Standard,6,AED
ORD134189,30-01-2024,BR68,UK,Birmingham,CUST6069,PROD135,Mobile,OnePlus 11,Lenovo,5,66.96,0.05,0.18,375.31,UPI,In-Store,EMP713,3,1,Same Day,7,INR
ORD134190,19-05-2023,BR81,Germany,Hamburg,CUST3837,PROD782,Mobile,OnePlus 11,LG,5,487.52,0.27,0.18,2099.75,Credit Card,In-Store,EMP733,0,0,Express,5,AED
ORD134191,22-01-2023,BR77,UK,Birmingham,CUST9165,PROD604,TV,LG OLED 48,Apple,4,1056.35,0.06,0.18,4686.81,Cash,Online,EMP539,3,1,Same Day,7,INR
ORD134192,02-10-2023,BR56,UK,Birmingham,CUST3847,PROD212,TV,LG OLED 48,Lenovo,4,810.27,0,0.18,3824.47,UPI,In-Store,EMP928,0,0,Express,1,AED
ORD134193,09-12-2024,BR45,UK,London,CUST9731,PROD258,TV,Sony Bravia 55,Apple,2,1436.34,0,0.18,3389.76,UPI,In-Store,EMP934,0,0,Standard,8,USD
ORD134194,13-03-2023,BR71,UK,Manchester,CUST5401,PROD800,TV,Samsung QLED 50,LG,3,1336.1,0.04,0.18,4540.6,Credit Card,Online,EMP581,1,0,Express,1,INR
ORD134195,08-05-2024,BR1,India,Delhi,CUST4486,PROD474,Accessories,Bluetooth Headphones,Samsung,2,78.35,0.23,0.18,142.38,Net Banking,In-Store,EMP859,2,1,Express,9,EUR
ORD134196,03-09-2023,BR76,India,Delhi,CUST6361,PROD130,Mobile,OnePlus 11,Sony,2,868.48,0.04,0.18,1967.63,Credit Card,Online,EMP730,1,1,Express,3,USD
ORD134197,06-12-2023,BR40,Germany,Hamburg,CUST8539,PROD951,Laptop,MacBook Air M2,Sony,3,1425.84,0.06,0.18,4744.63,UPI,Online,EMP388,3,1,Standard,10,GBP
ORD134198,24-12-2023,BR99,USA,Chicago,CUST4966,PROD333,Tablet,iPad Air,Apple,5,310.2,0.15,0.18,1555.65,Net Banking,Online,EMP757,0,0,Standard,7,AED
ORD134199,01-09-2023,BR44,Germany,Munich,CUST8177,PROD244,TV,Sony Bravia 55,Lenovo,3,667.51,0.28,0.18,1701.35,Cash,In-Store,EMP704,2,1,Standard,6,AED
ORD134200,17-09-2023,BR16,India,Pune,CUST2333,PROD871,Tablet,Lenovo Tab P11,Dell,1,1064.27,0.16,0.18,1054.9,Net Banking,In-Store,EMP896,0,0,Standard,5,USD
ORD134201,18-10-2024,BR38,USA,Los Angeles,CUST8249,PROD967,Mobile,Samsung Galaxy S23,HP,3,1714.75,0.21,0.18,4795.47,Net Banking,Online,EMP624,3,0,Standard,2,INR
ORD134202,09-07-2024,BR57,USA,New York,CUST3824,PROD591,Accessories,Wireless Mouse,HP,2,1292.71,0.22,0.18,2379.62,UPI,Online,EMP372,3,0,Express,8,GBP
ORD134203,22-10-2023,BR71,UK,Birmingham,CUST7249,PROD908,Mobile,Samsung Galaxy S23,Samsung,1,740.15,0.13,0.18,759.84,Debit Card,Online,EMP422,3,1,Same Day,4,AED
ORD134204,13-07-2024,BR21,UK,London,CUST1024,PROD562,Accessories,Bluetooth Headphones,OnePlus,3,1219.98,0.22,0.18,3368.61,Cash,In-Store,EMP533,3,1,Express,5,AED
ORD134205,06-07-2023,BR21,UAE,Dubai,CUST7995,PROD372,Accessories,Keyboard,LG,2,440.77,0.18,0.18,852.98,Cash,In-Store,EMP686,2,1,Express,2,INR
ORD134206,30-01-2024,BR19,UAE,Dubai,CUST1520,PROD205,Accessories,Keyboard,LG,1,189.88,0.29,0.18,159.08,Credit Card,Online,EMP633,1,0,Standard,4,USD
ORD134207,17-04-2023,BR27,UK,Manchester,CUST4319,PROD351,Accessories,Bluetooth Headphones,Samsung,1,155.1,0.17,0.18,151.9,Debit Card,In-Store,EMP231,3,1,Standard,10,INR
ORD134208,06-09-2024,BR44,UAE,Abu Dhabi,CUST9525,PROD626,Tablet,Lenovo Tab P11,OnePlus,3,916.35,0.22,0.18,2530.23,UPI,Online,EMP574,2,1,Same Day,4,AED
ORD134209,12-01-2023,BR16,UAE,Dubai,CUST8819,PROD241,TV,Sony Bravia 55,Sony,2,1662.56,0.21,0.18,3099.68,Net Banking,Online,EMP339,2,0,Same Day,9,USD
ORD134210,11-05-2023,BR99,Germany,Munich,CUST6209,PROD413,Accessories,Keyboard,LG,2,317.89,0.14,0.18,645.19,Net Banking,Online,EMP336,3,0,Standard,8,USD
ORD134211,28-04-2023,BR91,India,Pune,CUST8641,PROD556,Accessories,Bluetooth Headphones,LG,2,1863.88,0.14,0.18,3782.93,Net Banking,Online,EMP930,2,1,Express,3,USD
ORD134212,04-07-2023,BR56,UAE,Abu Dhabi,CUST4702,PROD531,Mobile,iPhone 14,Samsung,1,996.65,0.1,0.18,1058.44,Debit Card,In-Store,EMP672,1,0,Express,8,AED
ORD134213,01-08-2024,BR5,Germany,Munich,CUST7361,PROD435,Laptop,Dell XPS 13,OnePlus,5,1647.96,0.03,0.18,9431.28,Cash,In-Store,EMP245,3,1,Express,1,AED
ORD134214,10-01-2024,BR34,UAE,Dubai,CUST6448,PROD704,Laptop,Dell XPS 13,HP,5,168.56,0.05,0.18,944.78,Credit Card,In-Store,EMP548,0,1,Standard,10,USD
ORD134215,08-03-2024,BR92,UK,Birmingham,CUST2944,PROD943,Accessories,Wireless Mouse,Sony,4,1051.98,0.01,0.18,4915.69,Debit Card,In-Store,EMP447,3,1,Standard,6,GBP
ORD134216,25-03-2024,BR30,USA,Chicago,CUST2281,PROD259,Accessories,Keyboard,Apple,5,1701.6,0.17,0.18,8332.74,Net Banking,Online,EMP358,3,0,Express,4,GBP
ORD134217,30-04-2024,BR47,UK,Birmingham,CUST1048,PROD808,Accessories,Bluetooth Headphones,OnePlus,2,436.97,0.15,0.18,876.56,Cash,In-Store,EMP339,1,0,Standard,9,GBP
ORD134218,31-05-2024,BR2,Germany,Munich,CUST7317,PROD136,Mobile,Samsung Galaxy S23,Samsung,2,1764.25,0.16,0.18,3497.45,Cash,In-Store,EMP567,1,1,Standard,9,INR
ORD134219,08-05-2024,BR111,UAE,Dubai,CUST6860,PROD647,Accessories,Keyboard,Sony,2,1961.92,0.02,0.18,4537.53,Net Banking,Online,EMP822,3,0,Express,7,GBP
ORD134220,24-12-2024,BR111,Germany,Munich,CUST2071,PROD314,Accessories,Bluetooth Headphones,Sony,4,97.68,0.28,0.18,331.96,Cash,Online,EMP897,2,1,Same Day,6,INR
ORD134221,04-04-2023,BR37,India,Bangalore,CUST6563,PROD759,Tablet,iPad Air,Lenovo,3,942.27,0.19,0.18,2701.86,Debit Card,In-Store,EMP280,3,1,Same Day,8,EUR
ORD134222,05-05-2023,BR37,UK,Birmingham,CUST1814,PROD120,Mobile,OnePlus 11,Apple,1,411.94,0.19,0.18,393.73,Debit Card,Online,EMP298,0,1,Standard,7,GBP
ORD134223,06-05-2024,BR25,UAE,Dubai,CUST4771,PROD825,Laptop,Dell XPS 13,Lenovo,1,655.43,0.22,0.18,603.26,Cash,Online,EMP628,3,0,Express,6,USD
ORD134224,30-10-2023,BR55,UAE,Abu Dhabi,CUST5109,PROD651,Accessories,Keyboard,LG,5,1430.84,0,0.18,8441.96,Net Banking,Online,EMP347,0,1,Standard,2,GBP
ORD134225,13-08-2023,BR98,India,Pune,CUST1289,PROD304,Accessories,Bluetooth Headphones,Dell,1,1996.34,0.23,0.18,1813.87,Debit Card,Online,EMP481,0,1,Express,8,GBP
ORD134226,23-03-2024,BR52,UK,Birmingham,CUST2269,PROD361,Laptop,MacBook Air M2,Dell,5,1946.82,0.05,0.18,10911.93,Credit Card,Online,EMP527,3,0,Standard,1,EUR
ORD134227,11-03-2024,BR52,Germany,Munich,CUST1028,PROD551,TV,Samsung QLED 50,Lenovo,3,739.53,0.21,0.18,2068.17,Cash,In-Store,EMP921,3,0,Same Day,7,AED
ORD134228,06-07-2024,BR74,USA,Los Angeles,CUST4981,PROD976,Laptop,HP Spectre x360,Dell,3,400.2,0.18,0.18,1161.7,Cash,Online,EMP597,1,1,Standard,10,USD
ORD134229,08-05-2024,BR77,UAE,Abu Dhabi,CUST3051,PROD476,Tablet,Lenovo Tab P11,Lenovo,4,1230.28,0.24,0.18,4413.26,Cash,Online,EMP617,3,0,Same Day,1,EUR
ORD134230,26-09-2024,BR31,UK,Manchester,CUST7157,PROD497,Laptop,MacBook Air M2,Samsung,3,425.54,0,0.18,1506.41,Cash,Online,EMP384,1,0,Same Day,1,INR
ORD134231,26-10-2024,BR118,UK,Birmingham,CUST5208,PROD284,Laptop,Dell XPS 13,Lenovo,3,734.45,0.21,0.18,2053.96,Cash,In-Store,EMP916,3,1,Standard,5,AED
ORD134232,18-12-2023,BR38,UK,Manchester,CUST2316,PROD611,Mobile,OnePlus 11,LG,4,926.1,0.22,0.18,3409.53,Credit Card,In-Store,EMP520,0,1,Standard,5,EUR
ORD134233,25-09-2023,BR79,UAE,Abu Dhabi,CUST2558,PROD920,Accessories,Keyboard,HP,5,677.93,0.28,0.18,2879.85,Credit Card,Online,EMP203,3,0,Express,2,GBP
ORD134234,17-12-2023,BR74,Germany,Berlin,CUST5265,PROD323,Laptop,HP Spectre x360,Lenovo,2,1758.2,0.27,0.18,3029.03,Debit Card,Online,EMP654,2,0,Express,2,INR
ORD134235,17-12-2023,BR108,UAE,Abu Dhabi,CUST5554,PROD384,Mobile,iPhone 14,HP,1,267.03,0.04,0.18,302.49,Credit Card,In-Store,EMP615,0,1,Standard,10,AED
ORD134236,04-11-2023,BR36,Germany,Berlin,CUST9655,PROD891,Accessories,Bluetooth Headphones,OnePlus,1,447.24,0.09,0.18,480.25,Net Banking,Online,EMP848,2,0,Standard,3,AED
ORD134237,10-04-2023,BR115,UAE,Dubai,CUST3886,PROD467,Laptop,MacBook Air M2,LG,2,1075.77,0.26,0.18,1878.72,Credit Card,Online,EMP887,0,1,Same Day,8,INR
ORD134238,26-06-2023,BR75,UK,Birmingham,CUST4518,PROD401,Mobile,iPhone 14,Sony,3,1208.98,0.28,0.18,3081.45,Credit Card,In-Store,EMP848,3,0,Standard,1,EUR
ORD134239,11-09-2023,BR94,India,Bangalore,CUST3654,PROD134,Mobile,OnePlus 11,Dell,5,616.95,0.02,0.18,3567.2,Credit Card,Online,EMP230,0,0,Express,7,USD
ORD134240,02-09-2024,BR70,UAE,Abu Dhabi,CUST2909,PROD313,TV,Sony Bravia 55,Lenovo,2,1173.32,0.17,0.18,2298.3,Cash,In-Store,EMP785,1,1,Standard,9,INR
ORD134241,23-06-2023,BR21,USA,Los Angeles,CUST2697,PROD208,Tablet,Samsung Galaxy Tab,Lenovo,5,1894.11,0.15,0.18,9498.96,UPI,In-Store,EMP654,3,0,Standard,9,EUR
ORD134242,01-04-2024,BR48,UK,Birmingham,CUST2913,PROD136,Mobile,Samsung Galaxy S23,OnePlus,1,991.24,0.08,0.18,1076.09,Debit Card,Online,EMP253,3,1,Same Day,7,AED
ORD134243,01-12-2023,BR54,USA,Dallas,CUST5458,PROD911,Mobile,iPhone 14,Sony,5,453.85,0.22,0.18,2088.62,UPI,In-Store,EMP389,0,0,Same Day,8,INR
ORD134244,22-06-2024,BR99,USA,Chicago,CUST6031,PROD497,Mobile,Samsung Galaxy S23,OnePlus,3,1282.97,0.28,0.18,3270.03,Credit Card,Online,EMP584,1,1,Same Day,3,EUR
ORD134245,13-08-2023,BR103,UK,Birmingham,CUST2195,PROD970,Laptop,HP Spectre x360,OnePlus,1,379.54,0.12,0.18,394.11,Debit Card,Online,EMP426,2,1,Standard,1,GBP
ORD134246,21-07-2024,BR63,Germany,Berlin,CUST3278,PROD556,Accessories,Wireless Mouse,Lenovo,4,299.37,0.14,0.18,1215.2,Debit Card,Online,EMP324,3,1,Standard,2,GBP
ORD134247,27-10-2024,BR113,UAE,Abu Dhabi,CUST8229,PROD942,Accessories,Keyboard,OnePlus,1,1159.62,0.17,0.18,1135.73,Cash,Online,EMP918,3,0,Same Day,8,INR
ORD134248,14-05-2023,BR6,Germany,Hamburg,CUST3398,PROD428,TV,LG OLED 48,Lenovo,1,744.11,0.21,0.18,693.66,Credit Card,In-Store,EMP810,1,1,Standard,5,INR
ORD134249,30-07-2023,BR13,UK,London,CUST6875,PROD554,Laptop,MacBook Air M2,Lenovo,4,1577.38,0.11,0.18,6626.26,Net Banking,In-Store,EMP754,1,0,Same Day,2,USD
ORD134250,28-03-2023,BR25,UAE,Abu Dhabi,CUST1465,PROD790,Laptop,HP Spectre x360,LG,4,1417.48,0.23,0.18,5151.69,UPI,In-Store,EMP398,0,1,Express,10,EUR
ORD134251,09-06-2024,BR99,Germany,Berlin,CUST7306,PROD483,Mobile,iPhone 14,Dell,4,1752.43,0.15,0.18,7030.75,Credit Card,In-Store,EMP340,2,0,Same Day,4,EUR
ORD134252,12-03-2023,BR59,USA,Dallas,CUST1429,PROD260,TV,LG OLED 48,LG,5,1507.21,0.19,0.18,7202.96,Credit Card,In-Store,EMP468,2,0,Same Day,2,INR
ORD134253,08-08-2023,BR27,UAE,Abu Dhabi,CUST2836,PROD836,Mobile,OnePlus 11,Samsung,1,63.3,0.09,0.18,67.97,Credit Card,Online,EMP992,3,1,Standard,3,GBP
ORD134254,06-06-2024,BR102,UAE,Dubai,CUST7131,PROD370,Accessories,Bluetooth Headphones,HP,3,1589.41,0.17,0.18,4670,UPI,Online,EMP781,1,1,Express,7,GBP
ORD134255,14-03-2024,BR98,India,Bangalore,CUST7669,PROD296,Mobile,iPhone 14,LG,3,1417.14,0.28,0.18,3612.01,Cash,In-Store,EMP843,2,0,Same Day,6,INR
ORD134256,17-06-2024,BR111,UK,Birmingham,CUST6692,PROD301,TV,LG OLED 48,Samsung,4,130.61,0.09,0.18,561,UPI,In-Store,EMP633,2,1,Same Day,5,INR
ORD134257,01-10-2024,BR41,USA,Los Angeles,CUST9796,PROD992,Tablet,Samsung Galaxy Tab,OnePlus,4,258.63,0.11,0.18,1086.45,Credit Card,Online,EMP216,1,0,Same Day,3,AED
ORD134258,05-09-2024,BR72,UAE,Dubai,CUST1071,PROD240,TV,LG OLED 48,Lenovo,5,1277.01,0.11,0.18,6705.58,UPI,In-Store,EMP467,0,1,Express,4,GBP
ORD134259,20-02-2024,BR96,USA,Dallas,CUST2578,PROD769,Mobile,iPhone 14,HP,3,1772.34,0.19,0.18,5082.01,UPI,Online,EMP579,2,1,Standard,8,INR
ORD134260,14-12-2024,BR74,India,Mumbai,CUST2120,PROD507,Laptop,Dell XPS 13,Apple,1,1415.32,0.12,0.18,1469.67,Net Banking,In-Store,EMP584,3,1,Express,10,USD
ORD134261,15-07-2024,BR25,USA,New York,CUST9466,PROD968,Accessories,Wireless Mouse,Lenovo,3,300.4,0.23,0.18,818.83,Net Banking,Online,EMP815,0,0,Standard,9,USD
ORD134262,23-07-2024,BR10,USA,Chicago,CUST1872,PROD981,TV,Sony Bravia 55,HP,4,237.02,0.07,0.18,1040.42,UPI,In-Store,EMP994,2,0,Standard,6,INR
ORD134263,11-11-2023,BR84,USA,Dallas,CUST2345,PROD949,TV,LG OLED 48,Apple,4,585.75,0.11,0.18,2460.62,UPI,In-Store,EMP980,1,1,Same Day,3,EUR
ORD134264,17-06-2023,BR57,UAE,Abu Dhabi,CUST4671,PROD213,Accessories,Wireless Mouse,Dell,4,162.24,0.13,0.18,666.22,Debit Card,Online,EMP789,1,0,Express,2,AED
ORD134265,06-09-2024,BR120,UK,London,CUST2980,PROD288,Mobile,OnePlus 11,Apple,2,700.15,0.19,0.18,1338.41,Cash,In-Store,EMP357,2,1,Standard,4,EUR
ORD134266,09-06-2023,BR24,USA,Chicago,CUST4713,PROD791,Laptop,HP Spectre x360,OnePlus,3,889.83,0.22,0.18,2457,Credit Card,Online,EMP875,1,0,Standard,7,GBP
ORD134267,09-12-2023,BR24,UAE,Abu Dhabi,CUST7030,PROD719,Tablet,Lenovo Tab P11,Lenovo,5,98.46,0.15,0.18,493.78,UPI,Online,EMP632,3,0,Standard,3,EUR
ORD134268,25-12-2024,BR21,UAE,Dubai,CUST9051,PROD186,Mobile,OnePlus 11,HP,5,301.9,0.25,0.18,1335.91,Debit Card,Online,EMP274,3,0,Standard,3,INR
ORD134269,21-09-2023,BR30,India,Delhi,CUST3395,PROD301,Laptop,Dell XPS 13,HP,3,1086.96,0.27,0.18,2808.92,Credit Card,Online,EMP997,1,0,Express,3,GBP
ORD134270,31-01-2023,BR74,USA,Los Angeles,CUST6531,PROD738,Laptop,Dell XPS 13,Sony,3,1443.41,0.21,0.18,4036.64,Cash,In-Store,EMP260,2,0,Standard,3,EUR
ORD134271,20-01-2023,BR8,Germany,Hamburg,CUST1353,PROD742,TV,LG OLED 48,Lenovo,2,182.5,0.11,0.18,383.32,Cash,Online,EMP772,3,1,Standard,1,INR
ORD134272,09-01-2023,BR77,UK,Manchester,CUST4659,PROD743,TV,Sony Bravia 55,Lenovo,1,1586.65,0.07,0.18,1741.19,Debit Card,In-Store,EMP303,1,1,Express,10,AED
ORD134273,24-02-2024,BR76,UK,Manchester,CUST4446,PROD211,Laptop,MacBook Air M2,Dell,1,1265.43,0.08,0.18,1373.75,Cash,In-Store,EMP214,0,0,Express,7,GBP
ORD134274,01-06-2024,BR36,USA,Los Angeles,CUST8356,PROD322,Accessories,Bluetooth Headphones,Dell,1,839.88,0.27,0.18,723.47,Net Banking,Online,EMP938,1,0,Express,1,AED
ORD134275,02-10-2024,BR92,Germany,Hamburg,CUST5579,PROD716,Accessories,Keyboard,LG,5,205.38,0.04,0.18,1163.27,UPI,In-Store,EMP230,0,0,Express,10,INR
ORD134276,04-05-2023,BR53,India,Delhi,CUST7015,PROD232,Accessories,Keyboard,Sony,4,535.5,0.09,0.18,2300.08,Net Banking,Online,EMP238,1,0,Same Day,6,INR
ORD134277,18-09-2023,BR34,Germany,Berlin,CUST6641,PROD625,Accessories,Wireless Mouse,Samsung,2,1624.95,0.21,0.18,3029.56,Debit Card,In-Store,EMP545,2,0,Same Day,10,INR
ORD134278,24-03-2024,BR53,UAE,Dubai,CUST5907,PROD101,Tablet,iPad Air,Apple,3,1404.41,0.27,0.18,3629.28,Credit Card,In-Store,EMP469,0,0,Express,2,GBP
ORD134279,18-01-2024,BR11,India,Pune,CUST8584,PROD583,Mobile,iPhone 14,Apple,1,61.91,0.06,0.18,68.67,Net Banking,In-Store,EMP591,0,0,Standard,4,INR
ORD134280,24-04-2024,BR13,USA,Los Angeles,CUST5828,PROD437,Tablet,Lenovo Tab P11,Dell,4,512.86,0.24,0.18,1839.73,Cash,Online,EMP448,1,0,Express,10,AED
ORD134281,07-11-2023,BR68,Germany,Hamburg,CUST9158,PROD160,Accessories,Wireless Mouse,HP,1,1932.16,0.21,0.18,1801.16,Credit Card,In-Store,EMP562,1,0,Standard,8,EUR
ORD134282,10-02-2024,BR83,Germany,Berlin,CUST6189,PROD681,TV,LG OLED 48,Lenovo,1,1612.29,0.23,0.18,1464.93,Credit Card,In-Store,EMP500,2,0,Standard,3,AED
ORD134283,28-06-2023,BR16,Germany,Munich,CUST4914,PROD718,TV,Sony Bravia 55,Apple,5,445.3,0.27,0.18,1917.91,UPI,Online,EMP420,2,0,Express,10,GBP
ORD134284,16-04-2024,BR75,India,Delhi,CUST5302,PROD115,Tablet,iPad Air,Dell,2,143.94,0.14,0.18,292.14,Debit Card,Online,EMP203,2,1,Express,8,AED
ORD134285,03-10-2024,BR31,UK,Birmingham,CUST3897,PROD215,TV,Sony Bravia 55,Apple,3,987.57,0.08,0.18,3216.32,Debit Card,In-Store,EMP334,3,1,Standard,2,INR
ORD134286,20-03-2024,BR1,UK,Manchester,CUST8834,PROD836,Tablet,Lenovo Tab P11,OnePlus,4,1941.64,0.21,0.18,7239.99,Debit Card,In-Store,EMP918,2,0,Same Day,6,EUR
ORD134287,22-12-2023,BR33,UAE,Abu Dhabi,CUST6512,PROD757,Laptop,HP Spectre x360,HP,5,961.15,0.07,0.18,5273.83,Debit Card,Online,EMP466,1,0,Standard,8,AED
ORD134288,26-04-2023,BR83,Germany,Munich,CUST5037,PROD622,Tablet,iPad Air,Apple,1,242.8,0.24,0.18,217.74,Debit Card,Online,EMP761,2,1,Standard,5,EUR
ORD134289,07-12-2024,BR2,India,Pune,CUST3901,PROD838,Accessories,Keyboard,Sony,5,1142.38,0,0.18,6740.04,UPI,Online,EMP409,3,0,Standard,8,AED
ORD134290,02-11-2023,BR62,Germany,Berlin,CUST7287,PROD346,Accessories,Keyboard,Samsung,1,1714.78,0.08,0.18,1861.57,Net Banking,In-Store,EMP955,3,1,Same Day,7,GBP
ORD134291,01-11-2024,BR77,UAE,Abu Dhabi,CUST7387,PROD978,Laptop,Dell XPS 13,Lenovo,4,58.85,0.01,0.18,274.99,UPI,Online,EMP338,1,0,Standard,8,GBP
ORD134292,06-04-2023,BR75,UAE,Abu Dhabi,CUST5112,PROD950,Accessories,Keyboard,LG,2,566.21,0,0.18,1336.26,Credit Card,In-Store,EMP780,0,0,Same Day,6,AED
ORD134293,11-10-2023,BR95,Germany,Berlin,CUST6389,PROD136,Tablet,Samsung Galaxy Tab,Dell,2,1967.02,0.11,0.18,4131.53,Credit Card,Online,EMP588,2,1,Same Day,8,EUR
ORD134294,22-06-2023,BR19,Germany,Munich,CUST8616,PROD647,Laptop,Dell XPS 13,Apple,1,1474.29,0,0.18,1739.66,Cash,Online,EMP529,3,0,Same Day,5,AED
ORD134295,19-10-2024,BR62,UAE,Dubai,CUST4321,PROD769,Accessories,Wireless Mouse,LG,2,1616.7,0.2,0.18,3052.33,UPI,In-Store,EMP935,1,1,Same Day,5,EUR
ORD134296,06-07-2024,BR11,UK,Birmingham,CUST7093,PROD482,Accessories,Bluetooth Headphones,Sony,1,1895.69,0.02,0.18,2192.18,Credit Card,Online,EMP408,3,1,Express,3,AED
ORD134297,25-05-2023,BR71,Germany,Berlin,CUST3994,PROD119,Accessories,Wireless Mouse,Dell,5,1141.46,0.19,0.18,5455.04,Net Banking,In-Store,EMP999,2,0,Standard,10,GBP
ORD134298,22-04-2023,BR40,India,Bangalore,CUST9240,PROD649,Accessories,Wireless Mouse,Samsung,2,870.36,0.25,0.18,1540.54,Cash,Online,EMP914,2,0,Express,3,EUR
ORD134299,18-12-2023,BR38,USA,New York,CUST6637,PROD532,Mobile,OnePlus 11,Sony,5,1135.28,0.09,0.18,6095.32,Credit Card,In-Store,EMP210,3,1,Standard,5,USD
ORD134300,18-07-2024,BR111,USA,New York,CUST6710,PROD558,Mobile,Samsung Galaxy S23,Sony,1,235,0.05,0.18,263.44,Credit Card,Online,EMP597,0,0,Same Day,4,USD
ORD134301,02-03-2024,BR9,Germany,Berlin,CUST6806,PROD675,Laptop,HP Spectre x360,Apple,2,501.17,0.25,0.18,887.07,UPI,Online,EMP708,3,0,Standard,5,EUR
ORD134302,23-09-2024,BR102,UAE,Abu Dhabi,CUST9837,PROD941,Mobile,OnePlus 11,Lenovo,4,392.59,0.11,0.18,1649.19,UPI,In-Store,EMP405,3,1,Express,3,EUR
ORD134303,02-12-2024,BR38,India,Delhi,CUST5577,PROD342,Laptop,Dell XPS 13,Lenovo,5,988.67,0.07,0.18,5424.83,Debit Card,In-Store,EMP534,3,0,Same Day,2,USD
ORD134304,01-12-2024,BR74,India,Bangalore,CUST2408,PROD967,Mobile,OnePlus 11,OnePlus,1,1622.58,0.01,0.18,1895.5,UPI,Online,EMP547,3,0,Standard,2,INR
ORD134305,11-02-2024,BR90,UAE,Abu Dhabi,CUST7665,PROD810,Tablet,iPad Air,LG,2,1253.51,0.09,0.18,2692.04,UPI,In-Store,EMP972,0,1,Express,7,USD
ORD134306,27-10-2024,BR68,UAE,Abu Dhabi,CUST3737,PROD636,TV,Samsung QLED 50,Lenovo,3,903.66,0.03,0.18,3102.99,Debit Card,In-Store,EMP916,3,1,Standard,10,INR
ORD134307,10-08-2024,BR73,UAE,Abu Dhabi,CUST5193,PROD190,Accessories,Wireless Mouse,HP,4,82.84,0.06,0.18,367.54,Cash,In-Store,EMP885,2,0,Standard,7,AED
ORD134308,15-11-2024,BR59,UAE,Abu Dhabi,CUST9529,PROD650,TV,LG OLED 48,Lenovo,5,1924.07,0.29,0.18,8059.93,UPI,In-Store,EMP339,1,0,Standard,9,AED
ORD134309,12-01-2023,BR107,UAE,Dubai,CUST9549,PROD144,TV,Samsung QLED 50,LG,4,1130.26,0.02,0.18,5228.13,Cash,In-Store,EMP916,3,0,Same Day,10,USD
ORD134310,28-12-2023,BR47,UAE,Dubai,CUST4317,PROD759,TV,Samsung QLED 50,Lenovo,4,913.35,0.18,0.18,3535.03,Debit Card,In-Store,EMP474,2,1,Same Day,9,AED
ORD134311,14-09-2023,BR77,USA,Dallas,CUST7360,PROD382,Tablet,iPad Air,Lenovo,1,1835.2,0.25,0.18,1624.15,Debit Card,In-Store,EMP576,2,1,Standard,4,USD
ORD134312,21-11-2023,BR43,India,Delhi,CUST3174,PROD586,TV,Samsung QLED 50,OnePlus,4,1241.95,0.24,0.18,4455.12,UPI,Online,EMP727,1,1,Standard,5,INR
ORD134313,27-06-2023,BR102,UAE,Dubai,CUST7891,PROD412,Tablet,Lenovo Tab P11,Lenovo,5,230.58,0.13,0.18,1183.57,UPI,In-Store,EMP723,0,0,Standard,5,AED
ORD134314,18-10-2024,BR40,UK,Birmingham,CUST4678,PROD445,Mobile,OnePlus 11,HP,4,1751.43,0,0.18,8266.75,UPI,Online,EMP748,1,0,Same Day,4,INR
ORD134315,23-02-2023,BR73,Germany,Munich,CUST9663,PROD872,TV,LG OLED 48,Lenovo,3,1454.51,0.3,0.18,3604.28,Net Banking,Online,EMP703,1,1,Standard,8,USD
ORD134316,03-12-2023,BR40,UAE,Dubai,CUST9657,PROD242,Accessories,Keyboard,OnePlus,3,1731.51,0.28,0.18,4413.27,Debit Card,Online,EMP818,1,1,Standard,6,USD
ORD134317,14-06-2023,BR42,UAE,Dubai,CUST4713,PROD243,Tablet,Lenovo Tab P11,LG,5,1704.59,0.06,0.18,9453.66,Credit Card,Online,EMP542,2,0,Standard,10,EUR
ORD134318,26-03-2023,BR66,UAE,Abu Dhabi,CUST5431,PROD124,Mobile,Samsung Galaxy S23,Apple,2,58.01,0.04,0.18,131.43,Debit Card,In-Store,EMP787,2,0,Same Day,4,USD
ORD134319,10-04-2023,BR93,UK,London,CUST9892,PROD761,Tablet,Lenovo Tab P11,LG,2,1186.56,0.27,0.18,2044.21,Net Banking,In-Store,EMP242,0,0,Express,6,INR
ORD134320,07-07-2024,BR93,India,Pune,CUST5794,PROD658,TV,LG OLED 48,Apple,4,184.7,0.17,0.18,723.58,Cash,Online,EMP245,1,1,Express,8,EUR
ORD134321,22-02-2023,BR39,UAE,Dubai,CUST3003,PROD160,Tablet,Samsung Galaxy Tab,Apple,5,902.18,0.03,0.18,5163.18,Cash,In-Store,EMP646,1,0,Express,5,GBP
ORD134322,29-08-2024,BR40,USA,Dallas,CUST1348,PROD935,Laptop,Dell XPS 13,Apple,3,912.51,0.05,0.18,3068.77,Debit Card,Online,EMP834,2,0,Same Day,4,USD
ORD134323,23-09-2023,BR12,UAE,Dubai,CUST6183,PROD937,Mobile,OnePlus 11,LG,3,1878.74,0.05,0.18,6318.2,UPI,Online,EMP539,0,1,Standard,2,USD
ORD134324,07-09-2023,BR49,India,Mumbai,CUST2654,PROD873,Mobile,iPhone 14,LG,4,1474.4,0.16,0.18,5845.7,UPI,Online,EMP910,3,0,Standard,2,AED
ORD134325,26-08-2023,BR92,Germany,Berlin,CUST5855,PROD594,TV,LG OLED 48,Dell,4,1760.48,0.04,0.18,7977.09,Credit Card,In-Store,EMP981,0,1,Express,6,EUR
ORD134326,01-02-2023,BR38,UAE,Dubai,CUST4862,PROD527,Tablet,iPad Air,HP,2,1598.33,0.25,0.18,2829.04,Net Banking,Online,EMP599,0,0,Standard,6,GBP
ORD134327,14-11-2023,BR98,UK,Birmingham,CUST3216,PROD458,Accessories,Keyboard,Sony,4,746.2,0.16,0.18,2958.53,Cash,In-Store,EMP519,2,1,Standard,1,AED
ORD134328,17-06-2024,BR50,India,Mumbai,CUST3034,PROD514,Accessories,Wireless Mouse,Sony,2,355.58,0.11,0.18,746.86,Credit Card,Online,EMP300,1,1,Same Day,6,GBP
ORD134329,14-02-2023,BR15,UAE,Dubai,CUST5124,PROD129,Accessories,Bluetooth Headphones,Samsung,3,815,0.08,0.18,2654.29,Cash,Online,EMP715,2,0,Standard,10,GBP
ORD134330,19-12-2024,BR72,India,Pune,CUST3557,PROD234,Accessories,Bluetooth Headphones,Samsung,2,601.07,0.28,0.18,1021.34,Net Banking,Online,EMP999,3,1,Standard,5,INR
ORD134331,08-12-2024,BR41,India,Delhi,CUST4332,PROD216,TV,LG OLED 48,OnePlus,2,601.11,0.28,0.18,1021.41,Cash,Online,EMP824,3,0,Express,4,EUR
ORD134332,08-06-2024,BR86,USA,Los Angeles,CUST1964,PROD739,TV,LG OLED 48,Apple,5,1959.21,0.21,0.18,9131.88,Cash,Online,EMP524,1,1,Standard,4,USD
ORD134333,25-06-2023,BR117,UK,Manchester,CUST7212,PROD344,Tablet,Samsung Galaxy Tab,Apple,4,1264.03,0.2,0.18,4772.98,Net Banking,Online,EMP819,1,1,Same Day,1,GBP
ORD134334,08-09-2023,BR87,USA,Dallas,CUST2071,PROD459,Accessories,Keyboard,Sony,1,102.77,0.09,0.18,110.35,Net Banking,In-Store,EMP294,2,0,Standard,3,INR
ORD134335,30-03-2024,BR84,UAE,Dubai,CUST4275,PROD787,Laptop,HP Spectre x360,Apple,2,388.11,0.09,0.18,833.51,Net Banking,In-Store,EMP877,0,0,Same Day,1,EUR
ORD134336,12-02-2024,BR25,USA,Dallas,CUST2616,PROD216,TV,Sony Bravia 55,Dell,5,680.54,0.22,0.18,3131.85,Net Banking,In-Store,EMP607,2,0,Express,8,GBP
ORD134337,13-09-2024,BR4,India,Mumbai,CUST9587,PROD976,Mobile,Samsung Galaxy S23,HP,1,688.03,0,0.18,811.88,Cash,In-Store,EMP587,3,0,Same Day,2,INR
ORD134338,26-03-2023,BR87,India,Delhi,CUST3252,PROD823,Accessories,Keyboard,Apple,1,1933.15,0.01,0.18,2258.31,Credit Card,In-Store,EMP302,3,1,Same Day,2,USD
ORD134339,09-09-2024,BR41,Germany,Munich,CUST9291,PROD858,Accessories,Keyboard,LG,1,1691.9,0.08,0.18,1836.73,Credit Card,Online,EMP286,2,1,Same Day,5,EUR
ORD134340,31-08-2023,BR73,UAE,Abu Dhabi,CUST9162,PROD195,Tablet,iPad Air,Sony,5,1387.02,0.15,0.18,6955.91,Debit Card,Online,EMP677,2,0,Standard,4,EUR
ORD134341,04-03-2023,BR33,Germany,Munich,CUST2744,PROD105,Mobile,iPhone 14,Dell,3,1863.81,0.07,0.18,6136.04,Cash,In-Store,EMP889,3,0,Express,4,USD
ORD134342,04-12-2024,BR38,UAE,Abu Dhabi,CUST1929,PROD319,Accessories,Keyboard,OnePlus,1,891.45,0.09,0.18,957.24,Credit Card,In-Store,EMP353,2,0,Express,8,INR
ORD134343,21-01-2024,BR26,India,Pune,CUST2704,PROD890,TV,LG OLED 48,OnePlus,1,1755.95,0.2,0.18,1657.62,Net Banking,In-Store,EMP259,1,1,Express,3,EUR
ORD134344,02-11-2024,BR28,UAE,Dubai,CUST7222,PROD673,Tablet,Samsung Galaxy Tab,Sony,4,652.82,0.28,0.18,2218.54,UPI,Online,EMP827,1,1,Express,5,AED
ORD134345,08-06-2024,BR25,India,Delhi,CUST4393,PROD113,Tablet,Samsung Galaxy Tab,Lenovo,5,1382.61,0.19,0.18,6607.49,UPI,In-Store,EMP228,1,0,Standard,7,INR
ORD134346,20-04-2023,BR61,UK,London,CUST1854,PROD415,Accessories,Bluetooth Headphones,LG,1,1873.08,0.23,0.18,1701.88,Debit Card,In-Store,EMP902,1,1,Same Day,4,AED
ORD134347,11-04-2023,BR87,UAE,Dubai,CUST8093,PROD522,TV,LG OLED 48,Sony,5,146.45,0.02,0.18,846.77,Debit Card,Online,EMP949,3,1,Same Day,3,EUR
ORD134348,15-03-2023,BR13,Germany,Munich,CUST2429,PROD256,Tablet,iPad Air,Lenovo,2,1327.36,0.24,0.18,2380.75,UPI,In-Store,EMP337,0,1,Standard,8,EUR
ORD134349,15-06-2024,BR118,India,Bangalore,CUST3072,PROD256,Mobile,Samsung Galaxy S23,Dell,5,1040.97,0.29,0.18,4360.62,Cash,In-Store,EMP256,2,1,Same Day,1,USD
ORD134350,16-10-2024,BR37,India,Pune,CUST2840,PROD667,Tablet,iPad Air,Dell,5,1959.28,0.26,0.18,8554.22,Credit Card,In-Store,EMP472,1,0,Express,8,USD
ORD134351,16-08-2023,BR2,UAE,Dubai,CUST6044,PROD500,TV,Samsung QLED 50,Sony,4,1722.85,0.2,0.18,6505.48,Credit Card,In-Store,EMP396,2,1,Express,4,AED
ORD134352,27-01-2023,BR4,UK,London,CUST4597,PROD305,TV,Samsung QLED 50,OnePlus,2,1606.97,0.28,0.18,2730.56,Net Banking,In-Store,EMP341,0,1,Same Day,2,GBP
ORD134353,22-01-2024,BR112,USA,Dallas,CUST1771,PROD840,Mobile,Samsung Galaxy S23,Sony,1,1501.08,0.2,0.18,1417.02,Net Banking,Online,EMP473,1,1,Express,1,EUR
ORD134354,24-03-2023,BR16,India,Mumbai,CUST9939,PROD590,TV,Samsung QLED 50,LG,3,1868.74,0,0.18,6615.34,Debit Card,Online,EMP374,3,0,Express,1,GBP
ORD134355,06-06-2024,BR46,UK,London,CUST8803,PROD617,Tablet,Samsung Galaxy Tab,Samsung,5,340.25,0.16,0.18,1686.28,Cash,In-Store,EMP844,3,0,Express,6,AED
ORD134356,29-03-2023,BR108,Germany,Hamburg,CUST5945,PROD367,Accessories,Wireless Mouse,Samsung,3,1333.82,0.13,0.18,4107.9,Net Banking,In-Store,EMP734,0,1,Express,7,AED
ORD134357,18-01-2024,BR59,Germany,Hamburg,CUST4601,PROD960,Tablet,Samsung Galaxy Tab,LG,3,1367,0.21,0.18,3822.95,Net Banking,In-Store,EMP835,3,0,Express,3,GBP
ORD134358,24-12-2023,BR78,Germany,Munich,CUST6923,PROD834,TV,Samsung QLED 50,Lenovo,5,1778.04,0.26,0.18,7762.92,Debit Card,Online,EMP233,3,1,Express,10,AED
ORD134359,12-05-2024,BR108,USA,New York,CUST9222,PROD983,Tablet,Lenovo Tab P11,Sony,2,497.47,0.17,0.18,974.44,UPI,In-Store,EMP557,1,0,Same Day,6,INR
ORD134360,04-09-2023,BR50,USA,Chicago,CUST2657,PROD527,TV,Samsung QLED 50,LG,3,1895.5,0.22,0.18,5233.85,Debit Card,Online,EMP415,3,1,Express,5,GBP
ORD134361,21-06-2024,BR47,UK,Manchester,CUST7550,PROD102,TV,LG OLED 48,Samsung,4,991.15,0.23,0.18,3602.24,Debit Card,In-Store,EMP202,2,1,Express,2,USD
ORD134362,13-05-2023,BR114,UAE,Abu Dhabi,CUST4478,PROD952,Mobile,iPhone 14,Dell,4,100.32,0.11,0.18,421.42,Credit Card,Online,EMP849,0,1,Express,2,USD
ORD134363,02-10-2023,BR44,Germany,Berlin,CUST5070,PROD799,Accessories,Keyboard,Dell,5,1009.26,0.27,0.18,4346.88,Credit Card,Online,EMP887,1,1,Standard,10,INR
ORD134364,26-05-2023,BR46,UK,Manchester,CUST2979,PROD383,Laptop,HP Spectre x360,Lenovo,2,1828.93,0.25,0.18,3237.21,Net Banking,In-Store,EMP408,2,1,Express,4,USD
ORD134365,27-05-2023,BR24,USA,Chicago,CUST7620,PROD884,TV,Sony Bravia 55,Dell,2,101.29,0.18,0.18,196.02,Net Banking,Online,EMP963,3,0,Express,1,GBP
ORD134366,23-07-2023,BR99,USA,New York,CUST6591,PROD487,Accessories,Keyboard,Dell,1,1960.73,0.17,0.18,1920.34,UPI,In-Store,EMP558,3,1,Standard,4,INR
ORD134367,20-09-2024,BR108,UAE,Abu Dhabi,CUST6274,PROD673,Accessories,Wireless Mouse,Dell,5,1429.35,0.04,0.18,8095.84,UPI,In-Store,EMP302,0,1,Standard,1,GBP
ORD134368,07-07-2024,BR106,USA,Dallas,CUST9182,PROD862,TV,LG OLED 48,Sony,1,997.29,0.19,0.18,953.21,UPI,In-Store,EMP212,0,0,Standard,7,USD
ORD134369,05-03-2024,BR66,USA,Dallas,CUST4626,PROD778,Tablet,iPad Air,Samsung,2,488.42,0.29,0.18,818.4,Cash,In-Store,EMP558,3,1,Standard,6,INR
ORD134370,01-11-2024,BR113,Germany,Hamburg,CUST1560,PROD468,Mobile,OnePlus 11,Samsung,5,1098.99,0,0.18,6484.04,Cash,In-Store,EMP859,0,0,Standard,6,USD
ORD134371,18-06-2023,BR99,Germany,Berlin,CUST8083,PROD798,Accessories,Keyboard,Lenovo,4,1109.61,0.04,0.18,5027.86,Net Banking,In-Store,EMP631,3,0,Express,4,EUR
ORD134372,28-11-2024,BR27,USA,Chicago,CUST5471,PROD132,Tablet,Lenovo Tab P11,HP,4,1473.35,0.24,0.18,5285.2,UPI,Online,EMP366,3,1,Same Day,10,INR
ORD134373,07-02-2024,BR35,Germany,Hamburg,CUST7202,PROD789,Mobile,iPhone 14,Apple,2,238.19,0.05,0.18,534.02,Credit Card,Online,EMP473,0,1,Same Day,4,INR
ORD134374,23-11-2023,BR74,India,Bangalore,CUST1180,PROD137,Tablet,iPad Air,Dell,5,260.59,0.25,0.18,1153.11,UPI,In-Store,EMP975,3,0,Express,6,AED
ORD134375,26-02-2023,BR87,UAE,Dubai,CUST1618,PROD156,Tablet,Lenovo Tab P11,HP,2,259.24,0.29,0.18,434.38,Debit Card,Online,EMP875,2,0,Same Day,3,EUR
ORD134376,28-07-2024,BR1,UK,Manchester,CUST8421,PROD617,Laptop,HP Spectre x360,HP,2,1560.58,0.24,0.18,2799.06,Cash,In-Store,EMP559,3,0,Standard,8,AED
ORD134377,27-08-2023,BR36,Germany,Berlin,CUST2086,PROD957,Accessories,Keyboard,Apple,2,1544.35,0.22,0.18,2842.84,Debit Card,In-Store,EMP885,0,0,Same Day,5,INR
ORD134378,09-06-2024,BR13,UK,Birmingham,CUST6216,PROD356,Mobile,Samsung Galaxy S23,HP,4,541.77,0.03,0.18,2480.44,Credit Card,In-Store,EMP216,3,1,Express,3,EUR
ORD134379,19-07-2024,BR25,USA,Chicago,CUST4330,PROD179,Laptop,Dell XPS 13,Dell,5,328.41,0.15,0.18,1646.98,Cash,In-Store,EMP929,1,1,Same Day,9,AED
ORD134380,11-07-2023,BR23,UAE,Dubai,CUST3242,PROD213,Mobile,OnePlus 11,OnePlus,2,424.53,0.17,0.18,831.57,Credit Card,In-Store,EMP490,2,0,Standard,6,GBP
ORD134381,13-03-2024,BR12,Germany,Hamburg,CUST3524,PROD966,Laptop,HP Spectre x360,Samsung,2,439.4,0.03,0.18,1005.87,Cash,Online,EMP538,0,0,Same Day,6,USD
ORD134382,19-07-2023,BR36,UAE,Dubai,CUST8878,PROD506,Accessories,Wireless Mouse,LG,4,1179.94,0.29,0.18,3954.21,Debit Card,Online,EMP511,0,1,Standard,1,USD
ORD134383,12-06-2023,BR16,UK,London,CUST5042,PROD172,TV,Sony Bravia 55,Dell,5,1206.91,0.28,0.18,5126.95,Net Banking,Online,EMP681,2,1,Express,9,AED
ORD134384,11-05-2023,BR94,UK,Manchester,CUST1700,PROD865,TV,Samsung QLED 50,OnePlus,4,250.32,0.26,0.18,874.32,Credit Card,In-Store,EMP686,3,0,Same Day,6,EUR
ORD134385,01-02-2023,BR79,USA,Chicago,CUST4619,PROD460,Accessories,Keyboard,Apple,1,434.38,0.17,0.18,425.43,Net Banking,Online,EMP379,2,0,Same Day,4,GBP
ORD134386,30-06-2024,BR84,Germany,Berlin,CUST9293,PROD334,TV,Sony Bravia 55,Samsung,2,1555.74,0.13,0.18,3194.25,UPI,In-Store,EMP413,1,0,Express,6,USD
ORD134387,24-07-2024,BR42,UK,Manchester,CUST2634,PROD800,Accessories,Wireless Mouse,LG,2,1243.24,0.12,0.18,2581.96,Cash,In-Store,EMP486,2,1,Express,4,EUR
ORD134388,07-05-2024,BR104,India,Pune,CUST9927,PROD552,Laptop,Dell XPS 13,Samsung,2,335.22,0.1,0.18,712.01,Net Banking,In-Store,EMP530,2,1,Express,1,INR
ORD134389,15-09-2023,BR68,UK,Manchester,CUST7437,PROD543,Tablet,iPad Air,Dell,5,331.85,0.18,0.18,1605.49,Debit Card,Online,EMP626,1,0,Standard,10,INR
ORD134390,30-05-2024,BR1,UK,Birmingham,CUST5816,PROD440,Mobile,OnePlus 11,Apple,2,1054.82,0.1,0.18,2240.44,Net Banking,Online,EMP458,1,0,Express,3,GBP
ORD134391,07-07-2024,BR88,Germany,Berlin,CUST6058,PROD958,Accessories,Bluetooth Headphones,Dell,2,1570.14,0.12,0.18,3260.87,Debit Card,In-Store,EMP651,1,1,Same Day,3,EUR
ORD134392,11-08-2024,BR100,USA,Chicago,CUST2729,PROD327,TV,Samsung QLED 50,Lenovo,2,1744.88,0.2,0.18,3294.33,UPI,Online,EMP667,0,1,Express,9,GBP
ORD134393,06-05-2023,BR71,UK,Manchester,CUST8618,PROD302,Laptop,Dell XPS 13,Lenovo,1,1570.2,0.23,0.18,1426.68,Cash,Online,EMP677,2,1,Express,6,INR
ORD134394,12-05-2024,BR94,USA,Los Angeles,CUST1256,PROD109,Mobile,Samsung Galaxy S23,Samsung,4,1949.12,0.22,0.18,7175.88,Cash,In-Store,EMP519,2,0,Express,10,AED
ORD134395,20-05-2024,BR18,UK,Birmingham,CUST8952,PROD465,Tablet,Lenovo Tab P11,LG,4,1209,0.18,0.18,4679.31,Net Banking,In-Store,EMP526,0,1,Standard,4,EUR
ORD134396,26-06-2024,BR61,USA,Dallas,CUST5737,PROD815,Laptop,HP Spectre x360,Lenovo,5,1709.36,0.03,0.18,9782.67,Debit Card,In-Store,EMP599,0,0,Standard,9,AED
ORD134397,16-07-2023,BR104,India,Pune,CUST7402,PROD198,Tablet,Lenovo Tab P11,LG,5,1868.78,0.06,0.18,10364.25,Debit Card,Online,EMP380,3,0,Same Day,10,INR
ORD134398,31-08-2023,BR60,Germany,Hamburg,CUST2061,PROD725,Accessories,Keyboard,LG,5,1284.54,0.05,0.18,7199.85,Credit Card,Online,EMP993,1,1,Express,8,INR
ORD134399,10-02-2023,BR41,UK,Manchester,CUST3890,PROD125,Tablet,Lenovo Tab P11,HP,1,735.02,0.2,0.18,693.86,Net Banking,In-Store,EMP941,2,1,Express,3,EUR
ORD134400,12-07-2024,BR51,India,Bangalore,CUST9997,PROD655,Mobile,Samsung Galaxy S23,HP,5,81,0.27,0.18,348.87,Cash,Online,EMP723,2,1,Standard,5,GBP
ORD134401,14-11-2024,BR47,UAE,Dubai,CUST8789,PROD852,Mobile,Samsung Galaxy S23,Samsung,4,622.36,0.15,0.18,2496.91,Net Banking,Online,EMP329,3,1,Standard,9,USD
ORD134402,26-10-2023,BR1,UK,Manchester,CUST1234,PROD356,Tablet,Samsung Galaxy Tab,Dell,2,1539.12,0.24,0.18,2760.57,Credit Card,In-Store,EMP747,2,0,Express,4,GBP
ORD134403,17-03-2023,BR85,UK,Birmingham,CUST9385,PROD798,Mobile,iPhone 14,HP,2,1656.23,0.03,0.18,3791.44,Cash,In-Store,EMP419,2,0,Express,4,AED
ORD134404,16-05-2024,BR64,Germany,Berlin,CUST6558,PROD350,Laptop,HP Spectre x360,Lenovo,2,910.92,0.01,0.18,2128.27,Cash,Online,EMP980,1,1,Same Day,2,EUR
ORD134405,22-01-2024,BR77,UAE,Dubai,CUST8089,PROD897,Mobile,OnePlus 11,Apple,1,1924.35,0.04,0.18,2179.9,Credit Card,Online,EMP774,3,1,Same Day,7,USD
ORD134406,01-09-2023,BR61,USA,Chicago,CUST3565,PROD964,TV,Sony Bravia 55,Samsung,1,1991.61,0.09,0.18,2138.59,Cash,Online,EMP437,1,0,Express,2,INR
ORD134407,26-07-2024,BR79,USA,Dallas,CUST2490,PROD686,Laptop,Dell XPS 13,Samsung,2,1702.54,0.17,0.18,3334.94,Net Banking,In-Store,EMP931,1,0,Same Day,7,GBP
ORD134408,08-01-2024,BR28,UK,London,CUST8490,PROD398,Accessories,Bluetooth Headphones,OnePlus,5,1020.84,0.22,0.18,4697.91,Debit Card,Online,EMP831,2,1,Standard,7,GBP
ORD134409,10-09-2023,BR120,Germany,Berlin,CUST7647,PROD906,Mobile,OnePlus 11,LG,2,131.15,0.13,0.18,269.28,Cash,Online,EMP443,3,0,Standard,3,USD
ORD134410,22-06-2023,BR77,USA,Los Angeles,CUST1794,PROD127,Accessories,Keyboard,Sony,5,446.1,0.04,0.18,2526.71,UPI,In-Store,EMP391,1,1,Standard,9,AED
ORD134411,12-04-2023,BR60,UK,London,CUST5907,PROD583,Mobile,OnePlus 11,HP,1,1973.61,0.27,0.18,1700.07,Credit Card,In-Store,EMP274,2,0,Express,5,INR
ORD134412,07-11-2023,BR9,USA,New York,CUST8888,PROD392,TV,Samsung QLED 50,Samsung,3,875.66,0.04,0.18,2975.84,Debit Card,Online,EMP909,2,0,Express,4,AED
ORD134413,04-09-2023,BR110,UAE,Abu Dhabi,CUST8120,PROD841,Accessories,Wireless Mouse,OnePlus,3,260.41,0.3,0.18,645.3,Debit Card,Online,EMP501,3,0,Same Day,4,USD
ORD134414,15-11-2024,BR14,India,Bangalore,CUST1649,PROD102,Tablet,iPad Air,Apple,4,1087.46,0.27,0.18,3746.95,Debit Card,Online,EMP848,1,0,Express,3,GBP
ORD134415,05-05-2023,BR102,UAE,Abu Dhabi,CUST5372,PROD226,Mobile,OnePlus 11,LG,5,1911.76,0.21,0.18,8910.71,UPI,Online,EMP300,2,1,Same Day,1,AED
ORD134416,08-06-2024,BR33,UK,Manchester,CUST2977,PROD211,Tablet,iPad Air,OnePlus,2,1821.14,0.27,0.18,3137.46,Net Banking,Online,EMP921,3,0,Same Day,10,GBP
ORD134417,07-01-2024,BR96,Germany,Munich,CUST8207,PROD651,TV,Samsung QLED 50,Samsung,1,972.42,0.02,0.18,1124.51,Debit Card,In-Store,EMP422,3,1,Standard,10,AED
ORD134418,13-08-2024,BR117,Germany,Hamburg,CUST6274,PROD711,Accessories,Bluetooth Headphones,HP,5,1648.89,0.03,0.18,9436.6,Net Banking,Online,EMP862,1,1,Same Day,7,INR
ORD134419,26-07-2024,BR56,UAE,Dubai,CUST9669,PROD983,TV,Samsung QLED 50,LG,5,1715.8,0.23,0.18,7794.88,Net Banking,In-Store,EMP829,3,1,Same Day,5,AED
ORD134420,12-12-2024,BR106,USA,Dallas,CUST7518,PROD352,TV,LG OLED 48,Lenovo,4,1200.45,0.02,0.18,5552.8,Cash,Online,EMP483,0,0,Same Day,1,GBP
ORD134421,25-04-2023,BR12,UAE,Dubai,CUST1916,PROD428,Mobile,iPhone 14,OnePlus,3,1007.6,0.23,0.18,2746.52,Debit Card,Online,EMP437,0,1,Express,6,EUR
ORD134422,28-08-2023,BR26,UK,Manchester,CUST4600,PROD428,Tablet,Samsung Galaxy Tab,Samsung,4,817.14,0.01,0.18,3818.33,Debit Card,Online,EMP861,2,1,Express,7,AED
ORD134423,15-07-2024,BR72,Germany,Berlin,CUST4050,PROD720,TV,Sony Bravia 55,Dell,4,805.18,0.01,0.18,3762.45,Net Banking,Online,EMP586,2,1,Same Day,8,USD
ORD134424,24-08-2024,BR4,Germany,Munich,CUST4186,PROD918,Laptop,Dell XPS 13,Apple,1,711.47,0.2,0.18,671.63,Debit Card,In-Store,EMP788,1,0,Express,2,GBP
ORD134425,04-05-2024,BR12,Germany,Berlin,CUST6555,PROD186,Accessories,Bluetooth Headphones,HP,3,1135.5,0.06,0.18,3778.49,UPI,Online,EMP783,2,1,Express,7,GBP
ORD134426,10-05-2023,BR73,UK,London,CUST5109,PROD912,TV,Sony Bravia 55,Sony,2,1719.62,0.02,0.18,3977.14,Net Banking,In-Store,EMP274,2,0,Standard,10,INR
ORD134427,15-11-2023,BR57,UK,Manchester,CUST2369,PROD236,Laptop,Dell XPS 13,Apple,2,93.56,0.24,0.18,167.81,Cash,Online,EMP534,1,0,Same Day,8,INR
ORD134428,16-06-2024,BR51,India,Mumbai,CUST4641,PROD412,Tablet,Lenovo Tab P11,Apple,4,448.73,0.22,0.18,1652.04,Net Banking,In-Store,EMP971,3,0,Express,8,EUR
ORD134429,26-08-2023,BR2,UK,London,CUST8528,PROD298,Mobile,iPhone 14,Dell,3,689.25,0.16,0.18,2049.55,Cash,Online,EMP984,3,0,Same Day,5,EUR
ORD134430,07-11-2023,BR120,India,Mumbai,CUST5968,PROD870,Tablet,iPad Air,OnePlus,2,903.71,0.13,0.18,1855.5,UPI,In-Store,EMP398,1,1,Same Day,10,INR
ORD134431,30-09-2024,BR10,India,Mumbai,CUST8014,PROD779,Laptop,Dell XPS 13,OnePlus,3,1807.45,0.15,0.18,5438.62,Cash,In-Store,EMP368,0,1,Express,2,INR
ORD134432,11-05-2024,BR108,UAE,Dubai,CUST7388,PROD432,TV,LG OLED 48,Apple,3,1710.85,0.3,0.18,4239.49,Cash,In-Store,EMP321,1,0,Standard,8,EUR
ORD134433,25-03-2023,BR34,UAE,Abu Dhabi,CUST9801,PROD587,Laptop,MacBook Air M2,Apple,5,563.39,0.1,0.18,2991.6,UPI,Online,EMP222,0,1,Express,10,EUR
ORD134434,26-06-2023,BR119,Germany,Munich,CUST5057,PROD192,TV,LG OLED 48,LG,1,299.59,0.26,0.18,261.6,Debit Card,Online,EMP999,0,0,Same Day,7,USD
ORD134435,10-06-2023,BR110,Germany,Hamburg,CUST8901,PROD945,Mobile,OnePlus 11,OnePlus,4,355.05,0.2,0.18,1340.67,Cash,Online,EMP894,2,1,Standard,10,USD
ORD134436,26-04-2024,BR116,India,Delhi,CUST1461,PROD977,Tablet,Lenovo Tab P11,Apple,4,1685.39,0.23,0.18,6125.38,Credit Card,In-Store,EMP962,0,1,Standard,1,USD
ORD134437,10-11-2024,BR88,UAE,Dubai,CUST4717,PROD189,Tablet,Samsung Galaxy Tab,HP,3,355.28,0.05,0.18,1194.81,Credit Card,In-Store,EMP257,3,0,Same Day,7,INR
ORD134438,01-09-2023,BR90,Germany,Munich,CUST7287,PROD678,Laptop,Dell XPS 13,Apple,4,1621.33,0.1,0.18,6887.41,Net Banking,Online,EMP456,2,0,Same Day,6,INR
ORD134439,11-02-2024,BR115,UK,Manchester,CUST3558,PROD100,Accessories,Keyboard,HP,2,1805.35,0.22,0.18,3323.29,Debit Card,In-Store,EMP599,1,1,Standard,1,INR
ORD134440,27-02-2024,BR36,Germany,Munich,CUST6295,PROD590,TV,LG OLED 48,Dell,3,907.73,0.02,0.18,3149.1,Net Banking,In-Store,EMP986,1,0,Same Day,10,INR
ORD134441,03-11-2024,BR76,UK,Manchester,CUST8586,PROD950,Mobile,OnePlus 11,Lenovo,1,1212.44,0.16,0.18,1201.77,Debit Card,In-Store,EMP740,2,1,Same Day,4,AED
ORD134442,23-10-2023,BR92,USA,Chicago,CUST5900,PROD822,Accessories,Keyboard,Dell,5,594.92,0.26,0.18,2597.42,Cash,In-Store,EMP206,1,0,Same Day,3,EUR
ORD134443,06-09-2023,BR103,Germany,Munich,CUST9240,PROD795,TV,Samsung QLED 50,OnePlus,2,1847.69,0.18,0.18,3575.65,Credit Card,Online,EMP655,1,1,Same Day,9,AED
ORD134444,23-04-2023,BR16,India,Mumbai,CUST2223,PROD997,Tablet,Lenovo Tab P11,LG,1,1515.95,0.18,0.18,1466.83,Debit Card,Online,EMP952,1,1,Express,9,INR
ORD134445,05-05-2024,BR8,India,Bangalore,CUST5042,PROD632,Mobile,Samsung Galaxy S23,Dell,3,865.99,0.24,0.18,2329.86,Credit Card,In-Store,EMP229,3,1,Express,6,USD
ORD134446,07-01-2024,BR108,India,Bangalore,CUST3229,PROD523,Laptop,Dell XPS 13,Dell,5,1991.5,0.2,0.18,9399.88,Debit Card,Online,EMP319,3,1,Standard,3,GBP
ORD134447,22-02-2024,BR34,Germany,Berlin,CUST6968,PROD484,Mobile,iPhone 14,LG,4,568.4,0.05,0.18,2548.71,Net Banking,In-Store,EMP230,1,0,Same Day,4,INR
ORD134448,10-11-2024,BR30,Germany,Munich,CUST8380,PROD819,Laptop,MacBook Air M2,Lenovo,1,1225.75,0.12,0.18,1272.82,Cash,Online,EMP730,0,0,Same Day,6,GBP
ORD134449,14-05-2023,BR67,USA,New York,CUST8289,PROD697,Mobile,Samsung Galaxy S23,Sony,2,1302.15,0.13,0.18,2673.57,Cash,In-Store,EMP466,0,1,Same Day,8,USD
ORD134450,18-04-2024,BR71,UAE,Dubai,CUST3696,PROD350,Mobile,iPhone 14,LG,1,668.13,0.11,0.18,701.67,Net Banking,Online,EMP403,3,1,Express,4,GBP
ORD134451,22-04-2024,BR62,USA,Dallas,CUST5932,PROD311,Tablet,iPad Air,LG,3,253.49,0.28,0.18,646.1,Credit Card,In-Store,EMP407,3,1,Same Day,3,GBP
ORD134452,29-06-2023,BR94,USA,New York,CUST7301,PROD459,Tablet,Samsung Galaxy Tab,OnePlus,1,85.7,0.26,0.18,74.83,Net Banking,In-Store,EMP330,1,0,Same Day,6,EUR
ORD134453,31-08-2023,BR31,India,Mumbai,CUST4254,PROD417,Laptop,Dell XPS 13,Lenovo,2,502.93,0.14,0.18,1020.75,Cash,In-Store,EMP411,0,1,Same Day,10,INR
ORD134454,06-08-2023,BR27,Germany,Berlin,CUST7209,PROD234,TV,Sony Bravia 55,HP,4,1947.14,0.13,0.18,7995.74,UPI,Online,EMP462,2,0,Standard,8,USD
ORD134455,14-12-2023,BR57,Germany,Berlin,CUST4499,PROD933,Tablet,iPad Air,Sony,1,1059.19,0.12,0.18,1099.86,UPI,In-Store,EMP551,1,0,Same Day,8,AED
ORD134456,17-02-2023,BR13,Germany,Hamburg,CUST2581,PROD138,TV,Sony Bravia 55,LG,2,1632.94,0.05,0.18,3661.05,Cash,Online,EMP937,1,1,Same Day,3,GBP
ORD134457,04-03-2023,BR32,Germany,Munich,CUST6220,PROD468,Mobile,Samsung Galaxy S23,HP,5,652.13,0.18,0.18,3155,Cash,In-Store,EMP242,1,0,Same Day,8,EUR
ORD134458,01-09-2024,BR5,Germany,Berlin,CUST4769,PROD955,Tablet,Lenovo Tab P11,Apple,3,1658.48,0.02,0.18,5753.6,Cash,Online,EMP593,3,1,Standard,5,EUR
ORD134459,28-12-2024,BR47,USA,Chicago,CUST4873,PROD386,Tablet,Lenovo Tab P11,Dell,1,448.11,0.06,0.18,497.04,Net Banking,In-Store,EMP930,2,0,Express,7,USD
ORD134460,29-11-2023,BR22,UK,London,CUST5749,PROD753,TV,Samsung QLED 50,HP,5,597.36,0.01,0.18,3489.18,Cash,Online,EMP503,2,1,Standard,3,AED
ORD134461,10-09-2024,BR102,USA,Chicago,CUST6740,PROD180,Laptop,HP Spectre x360,HP,2,914.8,0.12,0.18,1899.86,Net Banking,Online,EMP499,3,0,Standard,3,AED
ORD134462,26-08-2024,BR79,UK,Manchester,CUST4739,PROD144,TV,Samsung QLED 50,Samsung,5,1312.61,0.2,0.18,6195.52,UPI,In-Store,EMP473,2,1,Same Day,6,USD
ORD134463,11-06-2024,BR107,India,Mumbai,CUST7724,PROD701,Laptop,MacBook Air M2,Samsung,2,1907.32,0.07,0.18,4186.19,Debit Card,Online,EMP243,0,1,Express,8,USD
ORD134464,09-12-2024,BR91,UAE,Abu Dhabi,CUST9272,PROD435,Tablet,Lenovo Tab P11,HP,3,1160.36,0.18,0.18,3368.29,Cash,Online,EMP769,1,1,Express,4,USD
ORD134465,03-12-2024,BR100,Germany,Hamburg,CUST1761,PROD783,Tablet,Samsung Galaxy Tab,Apple,2,869.94,0.15,0.18,1745.1,Debit Card,Online,EMP794,2,1,Express,2,EUR
ORD134466,10-05-2023,BR114,India,Delhi,CUST2290,PROD316,Mobile,OnePlus 11,LG,2,1945.31,0.25,0.18,3443.2,Credit Card,In-Store,EMP261,1,1,Express,4,AED
ORD134467,29-05-2024,BR30,USA,Dallas,CUST8857,PROD191,Tablet,iPad Air,LG,4,1576.12,0.08,0.18,6844.14,Cash,Online,EMP444,0,0,Standard,4,INR
ORD134468,17-04-2023,BR111,Germany,Hamburg,CUST2192,PROD182,TV,Sony Bravia 55,Samsung,5,333.31,0.23,0.18,1514.23,UPI,In-Store,EMP847,0,0,Same Day,6,INR
ORD134469,18-10-2024,BR87,UK,Manchester,CUST8499,PROD728,Tablet,Samsung Galaxy Tab,Samsung,3,1900.58,0.21,0.18,5315.16,Net Banking,Online,EMP390,3,1,Express,8,EUR
ORD134470,03-07-2023,BR41,USA,Los Angeles,CUST9055,PROD584,Laptop,MacBook Air M2,HP,2,412.05,0.2,0.18,777.95,Debit Card,In-Store,EMP801,1,1,Express,1,AED
ORD134471,30-10-2023,BR36,USA,Los Angeles,CUST1723,PROD270,Mobile,iPhone 14,LG,2,510.85,0.1,0.18,1085.05,Credit Card,In-Store,EMP763,1,1,Standard,9,EUR
ORD134472,15-06-2024,BR75,India,Bangalore,CUST3075,PROD516,TV,LG OLED 48,Sony,1,572.55,0.08,0.18,621.56,UPI,Online,EMP789,3,0,Express,6,INR
ORD134473,29-05-2024,BR42,India,Delhi,CUST1632,PROD206,Accessories,Keyboard,HP,4,700.91,0.08,0.18,3043.63,UPI,Online,EMP994,3,0,Express,8,EUR
ORD134474,28-09-2023,BR74,UAE,Dubai,CUST2302,PROD145,Laptop,HP Spectre x360,Sony,3,1111.83,0.23,0.18,3030.63,Net Banking,Online,EMP798,2,0,Same Day,4,USD
ORD134475,09-05-2024,BR94,India,Delhi,CUST9390,PROD170,Laptop,Dell XPS 13,OnePlus,1,316.83,0.04,0.18,358.91,Net Banking,Online,EMP219,0,1,Express,5,INR
ORD134476,13-03-2023,BR36,India,Bangalore,CUST9810,PROD118,TV,Sony Bravia 55,Samsung,4,1581.65,0.09,0.18,6793.5,Cash,Online,EMP245,3,0,Standard,3,INR
ORD134477,18-04-2023,BR59,UK,Manchester,CUST2319,PROD698,TV,Samsung QLED 50,LG,5,1885.74,0.21,0.18,8789.43,Debit Card,In-Store,EMP430,3,1,Same Day,5,AED
ORD134478,16-04-2023,BR40,UK,Birmingham,CUST3649,PROD388,TV,Samsung QLED 50,HP,1,1858.93,0.11,0.18,1952.25,Net Banking,In-Store,EMP750,0,0,Standard,6,GBP
ORD134479,19-04-2024,BR62,Germany,Hamburg,CUST5376,PROD918,Mobile,iPhone 14,Samsung,3,1571.06,0.15,0.18,4727.32,Credit Card,In-Store,EMP549,0,0,Standard,10,EUR
ORD134480,23-06-2024,BR113,USA,New York,CUST2441,PROD595,Mobile,iPhone 14,Lenovo,2,216.42,0.3,0.18,357.53,Cash,In-Store,EMP930,3,1,Same Day,3,USD
ORD134481,27-10-2024,BR99,UK,Birmingham,CUST5836,PROD364,Laptop,Dell XPS 13,Samsung,2,931.22,0.05,0.18,2087.8,Debit Card,In-Store,EMP677,2,0,Express,7,AED
ORD134482,03-06-2023,BR17,UK,Manchester,CUST7218,PROD471,TV,Sony Bravia 55,OnePlus,2,1662.21,0.24,0.18,2981.34,Debit Card,In-Store,EMP653,2,1,Express,4,USD
ORD134483,03-09-2024,BR19,Germany,Berlin,CUST9942,PROD599,Mobile,Samsung Galaxy S23,Samsung,4,1695.05,0.06,0.18,7520.6,Credit Card,In-Store,EMP801,1,0,Standard,9,AED
ORD134484,26-12-2023,BR50,UAE,Dubai,CUST7883,PROD475,Mobile,iPhone 14,Dell,4,1411.98,0.18,0.18,5464.93,Cash,In-Store,EMP344,1,1,Same Day,10,AED
ORD134485,23-05-2023,BR105,Germany,Hamburg,CUST3928,PROD952,Accessories,Bluetooth Headphones,Samsung,5,715.18,0.26,0.18,3122.48,Credit Card,Online,EMP261,0,1,Same Day,3,GBP
ORD134486,16-04-2024,BR99,UAE,Abu Dhabi,CUST3193,PROD900,Laptop,Dell XPS 13,Lenovo,1,95.93,0.25,0.18,84.9,UPI,In-Store,EMP501,3,0,Express,1,INR
ORD134487,15-06-2024,BR59,USA,New York,CUST4000,PROD737,Accessories,Wireless Mouse,Dell,2,1091.31,0.04,0.18,2472.47,Cash,In-Store,EMP430,1,1,Standard,9,EUR
ORD134488,06-09-2024,BR55,India,Bangalore,CUST6329,PROD653,Laptop,HP Spectre x360,Sony,1,1537.44,0.29,0.18,1288.07,Credit Card,Online,EMP209,2,0,Same Day,9,EUR
ORD134489,28-08-2024,BR75,UAE,Dubai,CUST4008,PROD812,Laptop,Dell XPS 13,Sony,3,795.68,0.1,0.18,2535.04,Net Banking,Online,EMP865,1,1,Standard,7,AED
ORD134490,09-02-2024,BR77,UAE,Dubai,CUST7829,PROD203,TV,Samsung QLED 50,Lenovo,3,145.33,0.11,0.18,457.88,UPI,In-Store,EMP820,0,0,Standard,10,INR
ORD134491,08-04-2024,BR108,UAE,Dubai,CUST2118,PROD914,Laptop,MacBook Air M2,Lenovo,4,1887.01,0.11,0.18,7926.95,Credit Card,Online,EMP562,2,0,Standard,1,EUR
ORD134492,05-04-2024,BR4,UK,Manchester,CUST3785,PROD805,Tablet,Samsung Galaxy Tab,LG,4,739.68,0.09,0.18,3177.07,Cash,In-Store,EMP456,3,1,Same Day,8,USD
ORD134493,26-08-2023,BR75,UAE,Abu Dhabi,CUST5068,PROD638,Laptop,Dell XPS 13,Samsung,4,1260.03,0.11,0.18,5293.13,UPI,In-Store,EMP901,0,1,Same Day,2,USD
ORD134494,25-02-2023,BR109,UK,London,CUST3950,PROD755,Accessories,Keyboard,Apple,5,776.89,0.13,0.18,3987.78,Cash,In-Store,EMP697,1,1,Express,4,AED
ORD134495,26-04-2024,BR100,UK,London,CUST1963,PROD612,Mobile,Samsung Galaxy S23,Apple,1,185.65,0.14,0.18,188.4,Debit Card,In-Store,EMP413,0,1,Express,8,INR
ORD134496,13-11-2024,BR52,India,Delhi,CUST5356,PROD430,Mobile,Samsung Galaxy S23,HP,4,1032.45,0.03,0.18,4726.97,Debit Card,Online,EMP897,1,1,Standard,10,INR
ORD134497,12-10-2023,BR79,UK,Birmingham,CUST4311,PROD446,Tablet,iPad Air,Samsung,4,334.77,0.16,0.18,1327.3,Debit Card,In-Store,EMP260,0,0,Same Day,5,AED
ORD134498,23-02-2023,BR19,Germany,Hamburg,CUST4138,PROD586,Laptop,Dell XPS 13,Sony,2,1099.66,0.14,0.18,2231.87,Cash,In-Store,EMP654,0,1,Standard,7,INR
ORD134499,26-11-2023,BR66,UK,Manchester,CUST9556,PROD770,TV,LG OLED 48,LG,3,251.83,0.15,0.18,757.76,Net Banking,In-Store,EMP618,1,1,Express,4,INR
ORD134500,31-10-2024,BR3,USA,New York,CUST3065,PROD656,Accessories,Keyboard,Sony,1,1633.56,0.26,0.18,1426.42,Debit Card,Online,EMP579,2,1,Standard,1,GBP
ORD134501,16-06-2024,BR94,India,Mumbai,CUST4677,PROD596,Tablet,Lenovo Tab P11,HP,5,1585.22,0.05,0.18,8885.16,Credit Card,In-Store,EMP319,0,0,Standard,9,AED
ORD134502,08-03-2024,BR60,UAE,Abu Dhabi,CUST5099,PROD785,Laptop,MacBook Air M2,Sony,2,1709.89,0.22,0.18,3147.57,Credit Card,Online,EMP976,1,0,Standard,5,AED
ORD134503,15-08-2024,BR1,India,Mumbai,CUST2820,PROD445,Accessories,Keyboard,HP,2,1757,0.21,0.18,3275.75,Cash,Online,EMP973,2,0,Express,9,INR
ORD134504,20-01-2023,BR90,UAE,Dubai,CUST9102,PROD794,Laptop,MacBook Air M2,Lenovo,2,1407.91,0.02,0.18,3256.21,Net Banking,Online,EMP899,1,0,Express,3,AED
ORD134505,18-12-2024,BR45,UAE,Abu Dhabi,CUST6133,PROD676,Laptop,MacBook Air M2,Samsung,4,742.47,0.28,0.18,2523.21,UPI,In-Store,EMP574,3,1,Express,5,INR
ORD134506,29-05-2023,BR59,USA,New York,CUST6901,PROD587,Accessories,Keyboard,Samsung,4,269.98,0.08,0.18,1172.36,Cash,Online,EMP775,2,0,Same Day,2,USD
ORD134507,03-08-2024,BR109,USA,New York,CUST9993,PROD505,Laptop,MacBook Air M2,HP,5,1158.47,0.13,0.18,5946.43,Cash,In-Store,EMP281,0,1,Standard,1,GBP
ORD134508,30-09-2023,BR13,Germany,Hamburg,CUST1537,PROD443,Tablet,iPad Air,LG,4,1152.41,0.28,0.18,3916.35,Cash,In-Store,EMP758,2,1,Same Day,6,EUR
ORD134509,03-10-2024,BR35,UAE,Abu Dhabi,CUST6196,PROD600,Tablet,Samsung Galaxy Tab,Apple,3,245.82,0.09,0.18,791.88,Net Banking,Online,EMP539,0,0,Same Day,8,INR
ORD134510,19-03-2023,BR119,India,Delhi,CUST8862,PROD752,Mobile,iPhone 14,HP,2,660.63,0.06,0.18,1465.54,Credit Card,Online,EMP428,0,1,Same Day,9,AED
ORD134511,08-02-2024,BR22,UK,Manchester,CUST1060,PROD397,Laptop,Dell XPS 13,Lenovo,1,716.37,0.18,0.18,693.16,Credit Card,Online,EMP473,0,1,Standard,5,GBP
ORD134512,20-03-2023,BR21,UK,London,CUST3000,PROD218,Mobile,OnePlus 11,HP,4,761.24,0.27,0.18,2622.93,UPI,Online,EMP639,1,1,Express,1,AED
ORD134513,03-12-2024,BR38,UAE,Dubai,CUST1544,PROD964,Mobile,OnePlus 11,LG,4,1349.96,0.29,0.18,4523.99,Net Banking,In-Store,EMP598,0,1,Express,10,INR
ORD134514,18-11-2024,BR45,UK,Birmingham,CUST3872,PROD153,Laptop,MacBook Air M2,Samsung,1,531.34,0.11,0.18,558.01,Credit Card,Online,EMP925,2,1,Express,7,INR
ORD134515,21-07-2024,BR63,UAE,Abu Dhabi,CUST2285,PROD559,Laptop,HP Spectre x360,OnePlus,2,819.43,0.26,0.18,1431.05,Debit Card,In-Store,EMP645,0,0,Same Day,1,INR
ORD134516,09-10-2024,BR12,Germany,Berlin,CUST5551,PROD727,Mobile,OnePlus 11,Samsung,1,112.39,0.01,0.18,131.29,Credit Card,In-Store,EMP983,0,1,Standard,4,EUR
ORD134517,29-05-2024,BR35,UAE,Dubai,CUST8525,PROD894,Tablet,Samsung Galaxy Tab,Dell,3,1418.82,0.29,0.18,3566.06,UPI,Online,EMP947,1,0,Same Day,3,USD
ORD134518,08-07-2023,BR54,UAE,Abu Dhabi,CUST6152,PROD699,Accessories,Bluetooth Headphones,Apple,4,1796.8,0.02,0.18,8311.28,Cash,In-Store,EMP834,1,1,Express,3,AED
ORD134519,02-06-2024,BR71,Germany,Berlin,CUST6559,PROD382,Mobile,Samsung Galaxy S23,OnePlus,1,1416.7,0.04,0.18,1604.84,Debit Card,In-Store,EMP827,3,0,Same Day,4,INR
ORD134520,29-10-2024,BR66,UAE,Dubai,CUST2903,PROD452,TV,Samsung QLED 50,OnePlus,5,497.46,0.19,0.18,2377.36,Net Banking,In-Store,EMP940,0,0,Same Day,4,INR
ORD134521,20-07-2024,BR23,UK,London,CUST2060,PROD207,Tablet,Samsung Galaxy Tab,Dell,2,1974.18,0.28,0.18,3354.53,Debit Card,Online,EMP916,3,0,Standard,5,GBP
ORD134522,08-04-2023,BR78,UK,Manchester,CUST1259,PROD610,Laptop,Dell XPS 13,Samsung,4,941.66,0.14,0.18,3822.39,UPI,Online,EMP387,1,0,Same Day,4,GBP
ORD134523,09-10-2024,BR70,Germany,Munich,CUST4313,PROD423,TV,Samsung QLED 50,LG,3,1568.6,0.1,0.18,4997.56,Cash,In-Store,EMP203,0,1,Standard,7,USD
ORD134524,18-10-2023,BR23,Germany,Hamburg,CUST8382,PROD253,Accessories,Bluetooth Headphones,OnePlus,2,680.84,0.19,0.18,1301.49,Net Banking,Online,EMP340,1,0,Standard,2,INR
ORD134525,26-10-2024,BR66,UK,London,CUST1504,PROD761,Mobile,iPhone 14,Apple,4,1257.14,0.11,0.18,5280.99,Credit Card,In-Store,EMP304,1,1,Same Day,3,AED
ORD134526,01-05-2024,BR2,USA,New York,CUST1536,PROD956,Laptop,HP Spectre x360,Samsung,1,1973.09,0.17,0.18,1932.44,Net Banking,Online,EMP595,0,1,Same Day,1,INR
ORD134527,22-07-2023,BR52,Germany,Munich,CUST7735,PROD898,Accessories,Keyboard,Samsung,2,974.36,0.21,0.18,1816.6,Cash,Online,EMP329,1,1,Standard,8,GBP
ORD134528,09-01-2023,BR39,Germany,Hamburg,CUST3501,PROD672,Tablet,iPad Air,LG,2,234.39,0.3,0.18,387.21,Net Banking,In-Store,EMP560,3,0,Standard,7,USD
ORD134529,28-05-2024,BR73,India,Bangalore,CUST8147,PROD464,Accessories,Wireless Mouse,Samsung,3,1134.8,0.15,0.18,3414.61,Credit Card,Online,EMP290,1,0,Same Day,2,EUR
ORD134530,09-01-2023,BR2,India,Mumbai,CUST6041,PROD238,Mobile,OnePlus 11,Dell,1,742.36,0.1,0.18,788.39,Credit Card,In-Store,EMP787,0,0,Standard,10,GBP
ORD134531,08-05-2023,BR59,UK,London,CUST1371,PROD710,Tablet,iPad Air,OnePlus,1,380.87,0.28,0.18,323.59,Net Banking,Online,EMP361,2,1,Same Day,9,INR
ORD134532,01-06-2023,BR5,Germany,Berlin,CUST4634,PROD849,Mobile,Samsung Galaxy S23,Dell,4,1371.48,0.11,0.18,5761.31,Debit Card,Online,EMP425,3,0,Express,8,EUR
ORD134533,17-08-2024,BR105,Germany,Hamburg,CUST9098,PROD491,TV,Sony Bravia 55,HP,3,1036.51,0,0.18,3669.25,Cash,In-Store,EMP871,3,0,Express,4,USD
ORD134534,16-01-2023,BR103,UAE,Dubai,CUST6189,PROD257,TV,LG OLED 48,Sony,3,1349.45,0.22,0.18,3726.1,Debit Card,In-Store,EMP765,2,0,Standard,1,EUR
ORD134535,22-07-2024,BR89,India,Delhi,CUST1290,PROD834,TV,LG OLED 48,Apple,4,994.58,0.26,0.18,3473.87,Debit Card,In-Store,EMP651,3,1,Same Day,10,EUR
ORD134536,26-04-2024,BR73,India,Pune,CUST7178,PROD181,Tablet,iPad Air,Samsung,3,503.21,0.19,0.18,1442.9,Net Banking,Online,EMP592,3,1,Express,2,EUR
ORD134537,22-03-2024,BR59,UAE,Dubai,CUST7585,PROD912,Laptop,Dell XPS 13,Dell,2,775.3,0.09,0.18,1665.03,UPI,Online,EMP562,0,1,Express,1,EUR
ORD134538,26-01-2023,BR99,UAE,Abu Dhabi,CUST5042,PROD933,Laptop,MacBook Air M2,LG,5,1690.91,0.17,0.18,8280.39,Debit Card,In-Store,EMP604,1,1,Express,4,GBP
ORD134539,30-06-2024,BR68,UK,Birmingham,CUST6448,PROD527,Laptop,MacBook Air M2,OnePlus,2,1798.13,0.29,0.18,3012.95,Debit Card,In-Store,EMP874,0,0,Standard,10,GBP
ORD134540,19-08-2024,BR32,UK,London,CUST1040,PROD734,Mobile,Samsung Galaxy S23,LG,5,1055.27,0.26,0.18,4607.31,Cash,Online,EMP546,3,1,Standard,5,USD
ORD134541,05-07-2023,BR45,USA,Dallas,CUST9556,PROD271,Accessories,Bluetooth Headphones,Apple,2,1553.23,0.23,0.18,2822.53,Cash,In-Store,EMP428,1,1,Standard,1,INR
ORD134542,18-12-2024,BR36,Germany,Munich,CUST3188,PROD958,Tablet,Lenovo Tab P11,OnePlus,4,242.61,0.21,0.18,904.64,Credit Card,Online,EMP683,0,0,Standard,10,USD
ORD134543,09-05-2023,BR116,India,Bangalore,CUST8356,PROD430,Laptop,HP Spectre x360,HP,3,1406.06,0.29,0.18,3533.99,Debit Card,In-Store,EMP387,2,1,Express,4,USD
ORD134544,27-03-2024,BR56,UK,Birmingham,CUST7516,PROD585,Accessories,Bluetooth Headphones,Lenovo,5,678.03,0.15,0.18,3400.32,Credit Card,In-Store,EMP525,1,1,Standard,1,GBP
ORD134545,01-03-2023,BR77,India,Pune,CUST8078,PROD862,Laptop,MacBook Air M2,Lenovo,1,1246.8,0.02,0.18,1441.8,UPI,In-Store,EMP226,0,1,Same Day,5,USD
ORD134546,10-03-2023,BR20,UAE,Abu Dhabi,CUST5167,PROD951,TV,LG OLED 48,OnePlus,4,1374.47,0.3,0.18,4541.25,Cash,Online,EMP953,3,0,Standard,5,GBP
ORD134547,09-12-2023,BR15,UK,Manchester,CUST8580,PROD835,Tablet,Lenovo Tab P11,Apple,1,242.64,0.25,0.18,214.74,Debit Card,Online,EMP630,3,0,Same Day,6,AED
ORD134548,09-08-2024,BR76,India,Mumbai,CUST8708,PROD130,Mobile,OnePlus 11,Dell,4,1782.52,0.07,0.18,7824.55,UPI,In-Store,EMP941,2,1,Standard,1,USD
ORD134549,25-09-2023,BR106,Germany,Munich,CUST7387,PROD591,Mobile,OnePlus 11,HP,3,1020.94,0.29,0.18,2566.03,Cash,In-Store,EMP882,2,0,Express,6,EUR
ORD134550,16-05-2023,BR44,USA,Chicago,CUST9124,PROD280,Laptop,MacBook Air M2,Dell,1,1254.52,0.06,0.18,1391.51,UPI,Online,EMP659,3,1,Express,9,EUR
ORD134551,13-10-2023,BR93,Germany,Hamburg,CUST4780,PROD423,Laptop,MacBook Air M2,Apple,2,1201.4,0.09,0.18,2580.13,Credit Card,In-Store,EMP401,1,1,Express,2,INR
ORD134552,24-07-2024,BR10,UAE,Abu Dhabi,CUST6825,PROD795,Accessories,Bluetooth Headphones,Lenovo,1,865.77,0.15,0.18,868.37,Credit Card,Online,EMP361,3,1,Express,10,EUR
ORD134553,26-08-2024,BR44,UK,London,CUST3545,PROD279,Laptop,HP Spectre x360,HP,3,1921.17,0.26,0.18,5032.7,Debit Card,Online,EMP600,3,0,Standard,8,INR
ORD134554,19-07-2023,BR62,UK,Birmingham,CUST2932,PROD482,Tablet,Samsung Galaxy Tab,LG,5,183.95,0.1,0.18,976.77,UPI,In-Store,EMP492,3,1,Express,2,USD
ORD134555,01-09-2023,BR119,Germany,Munich,CUST5887,PROD525,Tablet,Lenovo Tab P11,Apple,1,603.05,0.16,0.18,597.74,UPI,Online,EMP454,1,0,Same Day,3,INR
ORD134556,22-07-2024,BR64,USA,Los Angeles,CUST4122,PROD940,Mobile,OnePlus 11,Dell,3,1704.73,0.23,0.18,4646.75,Credit Card,In-Store,EMP714,0,0,Same Day,3,GBP
ORD134557,01-10-2024,BR24,USA,Los Angeles,CUST2588,PROD391,Tablet,Samsung Galaxy Tab,OnePlus,4,666.9,0.25,0.18,2360.83,Net Banking,In-Store,EMP777,0,1,Same Day,9,EUR
ORD134558,05-03-2023,BR72,UAE,Abu Dhabi,CUST1125,PROD217,Mobile,iPhone 14,OnePlus,4,1154.71,0.26,0.18,4033.17,UPI,Online,EMP985,3,1,Standard,6,GBP
ORD134559,18-02-2023,BR79,UAE,Abu Dhabi,CUST1029,PROD371,Tablet,iPad Air,Apple,5,917.97,0.06,0.18,5091.06,Cash,In-Store,EMP742,3,0,Express,10,INR
ORD134560,18-08-2023,BR5,UAE,Abu Dhabi,CUST8450,PROD745,Laptop,MacBook Air M2,OnePlus,5,1991.06,0.12,0.18,10337.58,Debit Card,In-Store,EMP816,2,0,Standard,10,EUR
ORD134561,23-12-2023,BR66,UAE,Dubai,CUST9779,PROD648,Tablet,Samsung Galaxy Tab,OnePlus,4,178.23,0.2,0.18,673,Debit Card,In-Store,EMP822,0,1,Express,5,AED
ORD134562,14-05-2023,BR4,UK,Manchester,CUST7699,PROD984,Mobile,OnePlus 11,HP,2,238.65,0.18,0.18,461.84,Credit Card,Online,EMP264,2,0,Standard,5,EUR
ORD134563,13-08-2024,BR84,UAE,Dubai,CUST5919,PROD349,TV,Samsung QLED 50,HP,3,1097.85,0.3,0.18,2720.47,Net Banking,In-Store,EMP589,3,1,Standard,6,USD
ORD134564,22-09-2024,BR100,India,Delhi,CUST8362,PROD624,Mobile,OnePlus 11,LG,4,1676.59,0.09,0.18,7201.29,Debit Card,In-Store,EMP339,3,0,Same Day,8,INR
ORD134565,29-11-2024,BR26,UAE,Dubai,CUST6408,PROD105,Laptop,Dell XPS 13,LG,1,565.25,0.11,0.18,593.63,Net Banking,In-Store,EMP765,2,0,Express,2,GBP
ORD134566,22-07-2023,BR25,UAE,Dubai,CUST2635,PROD445,Mobile,iPhone 14,Samsung,3,1282.73,0.18,0.18,3723.51,Net Banking,In-Store,EMP280,3,0,Express,2,USD
ORD134567,23-05-2023,BR86,Germany,Berlin,CUST4717,PROD741,Tablet,iPad Air,Sony,2,511.31,0.28,0.18,868.82,Net Banking,In-Store,EMP415,2,0,Express,9,AED
ORD134568,19-06-2023,BR8,UK,Manchester,CUST7252,PROD883,Mobile,OnePlus 11,Dell,2,199.62,0.18,0.18,386.3,Credit Card,Online,EMP399,0,0,Standard,10,INR
ORD134569,30-12-2024,BR10,UAE,Dubai,CUST8395,PROD652,Laptop,HP Spectre x360,Dell,3,1476.14,0.14,0.18,4493.96,Credit Card,In-Store,EMP841,0,1,Same Day,1,AED
ORD134570,13-04-2023,BR41,UK,London,CUST6046,PROD822,TV,Samsung QLED 50,LG,4,1773.14,0.13,0.18,7281.22,UPI,Online,EMP259,0,0,Standard,4,AED
ORD134571,13-12-2023,BR27,India,Bangalore,CUST2510,PROD266,TV,Sony Bravia 55,Dell,3,1212.69,0.23,0.18,3305.55,Net Banking,Online,EMP947,1,0,Same Day,6,AED
ORD134572,01-01-2024,BR65,Germany,Hamburg,CUST9829,PROD882,TV,Samsung QLED 50,OnePlus,4,1730.87,0.3,0.18,5718.79,UPI,In-Store,EMP893,3,1,Same Day,2,GBP
ORD134573,22-01-2024,BR81,UAE,Abu Dhabi,CUST8356,PROD633,TV,Samsung QLED 50,Dell,4,1302.74,0.26,0.18,4550.21,Debit Card,Online,EMP831,0,0,Standard,10,INR
ORD134574,17-02-2024,BR6,UAE,Dubai,CUST9054,PROD109,Mobile,Samsung Galaxy S23,Apple,1,330.85,0.1,0.18,351.36,Cash,In-Store,EMP643,3,1,Standard,7,GBP
ORD134575,25-06-2023,BR43,Germany,Hamburg,CUST4184,PROD995,Mobile,iPhone 14,Dell,3,758.97,0.06,0.18,2525.55,Cash,Online,EMP392,0,1,Express,6,GBP
ORD134576,22-08-2024,BR54,UAE,Abu Dhabi,CUST8750,PROD822,TV,Samsung QLED 50,Lenovo,3,1068.28,0.13,0.18,3290.09,Cash,In-Store,EMP579,3,0,Express,6,AED
ORD134577,15-07-2023,BR45,UK,Manchester,CUST3286,PROD260,Accessories,Bluetooth Headphones,Dell,4,100.45,0.03,0.18,459.9,UPI,Online,EMP943,2,1,Standard,3,GBP
ORD134578,24-09-2024,BR99,UK,London,CUST8231,PROD599,Mobile,Samsung Galaxy S23,Sony,3,1249.32,0.17,0.18,3670.75,Cash,Online,EMP513,1,0,Same Day,7,AED
ORD134579,27-01-2023,BR95,India,Bangalore,CUST1537,PROD779,Laptop,Dell XPS 13,Samsung,1,254.76,0.07,0.18,279.57,UPI,Online,EMP650,3,0,Same Day,9,USD
ORD134580,08-10-2023,BR40,USA,Los Angeles,CUST5242,PROD956,Laptop,MacBook Air M2,HP,2,925.99,0.14,0.18,1879.39,Credit Card,In-Store,EMP764,3,0,Same Day,4,EUR
ORD134581,30-09-2024,BR56,USA,Dallas,CUST5731,PROD164,Mobile,OnePlus 11,HP,2,601.94,0.11,0.18,1264.31,Net Banking,In-Store,EMP229,1,0,Standard,1,GBP
ORD134582,25-09-2024,BR104,USA,Los Angeles,CUST1927,PROD646,Accessories,Wireless Mouse,Dell,4,1689.07,0.18,0.18,6537.38,Debit Card,Online,EMP682,3,0,Express,1,USD
ORD134583,05-06-2024,BR115,UAE,Abu Dhabi,CUST8774,PROD491,Tablet,iPad Air,HP,1,1705.95,0.17,0.18,1670.81,Net Banking,Online,EMP993,0,0,Express,2,AED
ORD134584,12-05-2024,BR29,India,Delhi,CUST5212,PROD427,Mobile,iPhone 14,Samsung,2,1272.09,0.22,0.18,2341.66,Cash,Online,EMP266,1,0,Same Day,10,USD
ORD134585,07-02-2023,BR103,India,Pune,CUST7074,PROD664,Tablet,iPad Air,Lenovo,1,1583.8,0.15,0.18,1588.55,UPI,Online,EMP777,2,0,Standard,7,GBP
ORD134586,28-01-2023,BR74,India,Mumbai,CUST3496,PROD828,TV,LG OLED 48,Dell,5,1018.85,0.22,0.18,4688.75,Credit Card,In-Store,EMP634,2,0,Standard,7,AED
ORD134587,18-01-2023,BR50,UK,London,CUST2834,PROD405,Accessories,Wireless Mouse,Samsung,1,621.3,0.01,0.18,725.8,UPI,Online,EMP498,0,0,Standard,6,USD
ORD134588,03-06-2023,BR86,USA,Dallas,CUST7235,PROD507,TV,LG OLED 48,Apple,2,446.9,0.27,0.18,769.92,Credit Card,In-Store,EMP923,0,0,Same Day,6,INR
ORD134589,17-01-2024,BR12,UK,London,CUST7264,PROD253,Tablet,iPad Air,Sony,2,1147.25,0.08,0.18,2490.91,UPI,Online,EMP897,2,0,Same Day,1,AED
ORD134590,11-06-2023,BR113,UK,London,CUST1151,PROD316,Tablet,iPad Air,LG,2,380.32,0.21,0.18,709.07,Net Banking,Online,EMP866,2,1,Express,3,USD
ORD134591,17-04-2024,BR118,India,Bangalore,CUST8492,PROD670,Laptop,Dell XPS 13,Samsung,1,165.41,0.04,0.18,187.38,Debit Card,In-Store,EMP485,3,1,Same Day,2,AED
ORD134592,27-08-2023,BR24,Germany,Munich,CUST1197,PROD577,Tablet,iPad Air,Sony,2,150.11,0.23,0.18,272.78,Credit Card,Online,EMP269,1,0,Same Day,6,AED
ORD134593,21-02-2024,BR82,USA,New York,CUST5211,PROD538,Laptop,HP Spectre x360,Dell,3,1013.58,0.29,0.18,2547.53,Debit Card,Online,EMP231,3,1,Standard,5,INR
ORD134594,09-08-2023,BR99,Germany,Munich,CUST5403,PROD528,Tablet,iPad Air,Apple,4,1892.14,0,0.18,8930.9,Credit Card,Online,EMP480,1,1,Same Day,7,GBP
ORD134595,01-07-2024,BR38,UK,Birmingham,CUST6045,PROD840,Laptop,Dell XPS 13,Apple,4,1444.49,0.16,0.18,5727.11,Debit Card,In-Store,EMP281,3,1,Standard,3,AED
ORD134596,06-03-2024,BR107,India,Delhi,CUST8254,PROD914,TV,LG OLED 48,Samsung,2,116.29,0.26,0.18,203.09,Cash,Online,EMP250,3,1,Standard,9,GBP
ORD134597,08-02-2024,BR39,India,Mumbai,CUST6745,PROD767,Accessories,Bluetooth Headphones,Lenovo,4,873.67,0.24,0.18,3134.03,Net Banking,In-Store,EMP205,2,0,Same Day,6,EUR
ORD134598,03-07-2023,BR70,UK,Manchester,CUST6625,PROD467,Tablet,iPad Air,Samsung,2,1722.35,0.21,0.18,3211.15,Net Banking,Online,EMP411,1,1,Same Day,6,USD
ORD134599,24-01-2024,BR34,UAE,Dubai,CUST4065,PROD647,Laptop,MacBook Air M2,Apple,3,717.83,0.08,0.18,2337.83,Credit Card,Online,EMP741,2,0,Express,1,AED
ORD134600,27-07-2023,BR11,India,Delhi,CUST9529,PROD650,Mobile,OnePlus 11,HP,3,835.51,0.18,0.18,2425.32,Net Banking,In-Store,EMP306,3,1,Express,8,EUR
ORD134601,30-03-2023,BR64,UK,Manchester,CUST3402,PROD572,Tablet,Lenovo Tab P11,Lenovo,2,698.69,0.23,0.18,1269.66,Debit Card,In-Store,EMP691,0,0,Same Day,8,AED
ORD134602,24-08-2023,BR91,India,Delhi,CUST3023,PROD990,Accessories,Wireless Mouse,HP,5,1614.03,0.12,0.18,8380.04,Cash,Online,EMP862,2,0,Express,4,INR
ORD134603,23-06-2024,BR27,Germany,Hamburg,CUST4779,PROD640,Laptop,MacBook Air M2,Samsung,3,847,0.04,0.18,2878.44,Net Banking,Online,EMP566,1,1,Same Day,9,AED
ORD134604,20-08-2023,BR120,UAE,Abu Dhabi,CUST1817,PROD470,Mobile,OnePlus 11,LG,1,1627.37,0.14,0.18,1651.46,Debit Card,Online,EMP679,1,0,Express,4,GBP
ORD134605,21-10-2024,BR94,India,Mumbai,CUST2242,PROD682,TV,Sony Bravia 55,Samsung,3,414.79,0.15,0.18,1248.1,Debit Card,Online,EMP850,1,1,Same Day,5,EUR
ORD134606,23-06-2023,BR58,USA,New York,CUST6031,PROD562,Mobile,OnePlus 11,Samsung,3,1591.42,0.07,0.18,5239.27,UPI,In-Store,EMP368,3,1,Express,10,EUR
ORD134607,21-09-2023,BR65,UAE,Abu Dhabi,CUST9082,PROD761,Laptop,HP Spectre x360,Sony,5,1485.45,0.05,0.18,8325.95,Credit Card,Online,EMP876,2,0,Express,10,GBP
ORD134608,29-05-2023,BR1,USA,New York,CUST4289,PROD172,TV,LG OLED 48,HP,5,408.4,0.21,0.18,1903.55,Debit Card,In-Store,EMP948,0,1,Express,5,GBP
ORD134609,01-03-2023,BR90,Germany,Hamburg,CUST9707,PROD393,Mobile,OnePlus 11,HP,4,478.28,0.07,0.18,2099.46,Net Banking,Online,EMP394,3,1,Express,8,INR
ORD134610,23-03-2024,BR40,UK,Manchester,CUST2237,PROD998,Laptop,MacBook Air M2,HP,2,1702.87,0.19,0.18,3255.21,UPI,Online,EMP623,3,1,Standard,9,INR
ORD134611,19-02-2024,BR59,India,Mumbai,CUST4624,PROD777,Laptop,HP Spectre x360,LG,3,145.09,0.11,0.18,457.12,Debit Card,Online,EMP943,0,1,Express,7,GBP
ORD134612,18-12-2023,BR55,Germany,Munich,CUST8593,PROD970,Mobile,iPhone 14,Apple,2,1431.39,0.26,0.18,2499.78,UPI,In-Store,EMP896,3,1,Same Day,8,INR
ORD134613,08-11-2024,BR71,Germany,Hamburg,CUST1423,PROD890,Mobile,iPhone 14,Samsung,3,1697.69,0.14,0.18,5168.45,Net Banking,Online,EMP996,0,0,Standard,1,USD
ORD134614,26-03-2023,BR95,UAE,Abu Dhabi,CUST3928,PROD901,Mobile,OnePlus 11,OnePlus,4,1636.87,0.09,0.18,7030.68,Credit Card,In-Store,EMP863,2,0,Express,5,AED
ORD134615,22-02-2024,BR46,UAE,Dubai,CUST2715,PROD715,TV,LG OLED 48,HP,3,730.97,0.18,0.18,2121.86,Debit Card,Online,EMP804,1,1,Standard,10,INR
ORD134616,23-02-2024,BR3,UK,Manchester,CUST3410,PROD893,Accessories,Wireless Mouse,HP,5,757.55,0.26,0.18,3307.46,Debit Card,In-Store,EMP264,2,1,Same Day,1,USD
ORD134617,28-02-2023,BR90,UK,Manchester,CUST3613,PROD515,Mobile,iPhone 14,OnePlus,3,1353.41,0.03,0.18,4647.34,Net Banking,Online,EMP706,3,1,Express,2,EUR
ORD134618,04-12-2023,BR60,UAE,Dubai,CUST3940,PROD700,Laptop,HP Spectre x360,Dell,2,470.65,0.02,0.18,1088.52,Net Banking,Online,EMP925,2,0,Express,7,EUR
ORD134619,13-09-2024,BR15,UK,Birmingham,CUST1370,PROD271,Laptop,Dell XPS 13,Dell,2,1384.86,0.16,0.18,2745.35,Debit Card,Online,EMP317,0,1,Standard,6,USD
ORD134620,02-11-2024,BR73,Germany,Hamburg,CUST1130,PROD956,Accessories,Wireless Mouse,Lenovo,3,492.4,0.18,0.18,1429.34,Net Banking,Online,EMP663,0,1,Express,4,INR
ORD134621,01-06-2023,BR82,UK,Manchester,CUST2895,PROD615,Tablet,iPad Air,Lenovo,4,1503.53,0.25,0.18,5322.5,Cash,In-Store,EMP294,0,1,Standard,4,GBP
ORD134622,01-09-2024,BR51,UK,Manchester,CUST3528,PROD439,Mobile,OnePlus 11,OnePlus,4,1473.05,0.11,0.18,6187.99,Cash,Online,EMP215,3,0,Express,10,EUR
ORD134623,07-08-2023,BR68,India,Delhi,CUST8557,PROD462,Accessories,Wireless Mouse,OnePlus,3,873.84,0.3,0.18,2165.38,Cash,Online,EMP720,1,1,Express,3,EUR
ORD134624,20-12-2023,BR85,UAE,Dubai,CUST9502,PROD661,Laptop,MacBook Air M2,Sony,3,1968.7,0.16,0.18,5854.13,Cash,In-Store,EMP943,2,1,Standard,10,USD
ORD134625,07-09-2024,BR100,UK,Birmingham,CUST8526,PROD839,Tablet,Lenovo Tab P11,HP,1,822.86,0.27,0.18,708.81,Net Banking,Online,EMP550,3,0,Express,4,EUR
ORD134626,22-08-2023,BR25,India,Mumbai,CUST9674,PROD795,Laptop,Dell XPS 13,Dell,4,1757.62,0.06,0.18,7798.21,Debit Card,Online,EMP820,2,1,Standard,6,AED
ORD134627,22-04-2024,BR29,India,Bangalore,CUST2322,PROD827,Tablet,Samsung Galaxy Tab,Lenovo,1,1561.63,0.15,0.18,1566.31,UPI,In-Store,EMP251,2,0,Same Day,4,GBP
ORD134628,19-10-2023,BR115,Germany,Berlin,CUST4900,PROD704,Mobile,Samsung Galaxy S23,Dell,1,289.51,0.19,0.18,276.71,UPI,In-Store,EMP511,1,0,Standard,9,GBP
ORD134629,05-07-2023,BR20,UAE,Dubai,CUST8938,PROD238,Laptop,Dell XPS 13,Samsung,3,834.16,0.21,0.18,2332.81,Cash,In-Store,EMP839,1,0,Same Day,10,GBP
ORD134630,04-07-2024,BR71,India,Delhi,CUST2944,PROD227,Tablet,Samsung Galaxy Tab,HP,1,283.94,0.07,0.18,311.6,Debit Card,In-Store,EMP280,1,1,Standard,6,GBP
ORD134631,31-12-2024,BR101,UAE,Dubai,CUST2592,PROD196,Accessories,Wireless Mouse,Apple,3,698.95,0.09,0.18,2251.6,UPI,In-Store,EMP885,1,0,Same Day,10,AED
ORD134632,01-05-2023,BR19,UAE,Abu Dhabi,CUST7837,PROD998,Mobile,iPhone 14,HP,5,424.44,0.12,0.18,2203.69,UPI,Online,EMP555,1,1,Standard,3,EUR
ORD134633,02-03-2023,BR33,UK,Manchester,CUST6753,PROD586,Laptop,MacBook Air M2,OnePlus,5,1924.59,0.14,0.18,9765.37,UPI,In-Store,EMP363,3,1,Standard,10,INR
ORD134634,14-05-2023,BR59,India,Delhi,CUST8768,PROD167,TV,LG OLED 48,Samsung,1,858.45,0.15,0.18,861.03,Cash,Online,EMP439,2,0,Express,9,INR
ORD134635,28-01-2023,BR13,UK,Birmingham,CUST3971,PROD163,TV,Samsung QLED 50,Apple,4,1589.66,0.28,0.18,5402.3,Net Banking,In-Store,EMP426,2,1,Express,6,INR
ORD134636,02-04-2024,BR16,USA,Chicago,CUST9878,PROD851,Accessories,Keyboard,Dell,4,440.21,0.29,0.18,1475.23,Net Banking,In-Store,EMP358,2,1,Express,2,EUR
ORD134637,26-08-2023,BR118,Germany,Berlin,CUST8489,PROD622,Laptop,Dell XPS 13,Sony,1,1284.06,0.09,0.18,1378.82,Credit Card,In-Store,EMP899,2,1,Express,9,EUR
ORD134638,23-06-2024,BR74,USA,New York,CUST5001,PROD554,Mobile,iPhone 14,HP,4,1932.35,0.12,0.18,8026.21,Debit Card,In-Store,EMP734,1,1,Same Day,8,GBP
ORD134639,06-02-2023,BR118,Germany,Berlin,CUST4465,PROD970,TV,Sony Bravia 55,OnePlus,5,1031.2,0.06,0.18,5719.04,Credit Card,In-Store,EMP807,1,1,Standard,8,INR
ORD134640,06-11-2024,BR29,UK,London,CUST9474,PROD521,Laptop,MacBook Air M2,LG,2,1286.43,0.05,0.18,2884.18,Credit Card,Online,EMP671,0,0,Standard,8,GBP
ORD134641,30-08-2023,BR70,Germany,Hamburg,CUST9408,PROD980,TV,Sony Bravia 55,Samsung,2,1068.6,0.17,0.18,2093.17,Cash,Online,EMP387,3,1,Express,8,USD
ORD134642,26-10-2023,BR112,UK,London,CUST3797,PROD993,Mobile,Samsung Galaxy S23,HP,3,803.4,0.19,0.18,2303.67,Debit Card,In-Store,EMP515,3,1,Standard,8,GBP
ORD134643,18-04-2024,BR75,India,Bangalore,CUST6684,PROD762,Mobile,OnePlus 11,Apple,5,1713.75,0.1,0.18,9100.01,Net Banking,Online,EMP214,0,1,Standard,8,AED
ORD134644,26-05-2023,BR36,UAE,Abu Dhabi,CUST5447,PROD139,Tablet,iPad Air,LG,5,484.26,0.14,0.18,2457.14,Net Banking,In-Store,EMP606,3,0,Express,8,INR
ORD134645,10-08-2023,BR87,UK,Manchester,CUST6394,PROD692,Laptop,Dell XPS 13,HP,1,585.91,0.14,0.18,594.58,Cash,In-Store,EMP265,1,1,Standard,3,USD
ORD134646,19-03-2023,BR14,UK,Birmingham,CUST9237,PROD783,Laptop,Dell XPS 13,Lenovo,5,225.81,0,0.18,1332.28,Cash,Online,EMP582,1,0,Same Day,1,INR
ORD134647,18-01-2023,BR101,UK,Manchester,CUST9948,PROD239,TV,LG OLED 48,Sony,2,451.83,0.23,0.18,821.07,UPI,Online,EMP873,0,0,Same Day,7,EUR
ORD134648,30-04-2024,BR2,UK,London,CUST8937,PROD220,TV,Sony Bravia 55,Lenovo,1,1830.32,0.1,0.18,1943.8,Debit Card,In-Store,EMP595,3,0,Express,3,INR
ORD134649,09-09-2023,BR19,Germany,Munich,CUST4620,PROD742,Tablet,iPad Air,OnePlus,4,402.59,0.07,0.18,1767.21,UPI,In-Store,EMP554,3,0,Same Day,3,AED
ORD134650,25-11-2023,BR37,USA,New York,CUST4323,PROD708,TV,Sony Bravia 55,Apple,5,255.56,0.06,0.18,1417.34,Net Banking,In-Store,EMP876,3,1,Standard,7,AED
ORD134651,16-06-2024,BR26,UAE,Dubai,CUST2168,PROD546,Laptop,Dell XPS 13,Sony,3,869.73,0.26,0.18,2278.34,Net Banking,In-Store,EMP988,3,1,Standard,8,GBP
ORD134652,11-08-2024,BR99,UAE,Dubai,CUST9916,PROD445,Accessories,Keyboard,HP,3,677.3,0.1,0.18,2157.88,Credit Card,In-Store,EMP662,1,0,Same Day,4,EUR
ORD134653,13-06-2024,BR110,UAE,Abu Dhabi,CUST7198,PROD427,Mobile,Samsung Galaxy S23,Lenovo,5,1746.92,0.07,0.18,9585.35,UPI,Online,EMP237,2,1,Standard,3,EUR
ORD134654,18-06-2023,BR17,UAE,Dubai,CUST7888,PROD402,Laptop,Dell XPS 13,OnePlus,4,863.24,0.14,0.18,3504.06,Net Banking,Online,EMP463,0,0,Same Day,9,AED
ORD134655,13-08-2023,BR84,Germany,Berlin,CUST7128,PROD219,Accessories,Bluetooth Headphones,OnePlus,5,780.8,0.05,0.18,4376.38,Net Banking,Online,EMP594,3,1,Same Day,2,AED
ORD134656,08-04-2024,BR10,Germany,Munich,CUST2558,PROD454,Tablet,iPad Air,Sony,4,1445.65,0.28,0.18,4912.9,UPI,In-Store,EMP639,0,1,Same Day,8,USD
ORD134657,20-04-2024,BR84,Germany,Hamburg,CUST7529,PROD352,Mobile,iPhone 14,LG,1,1089.4,0.22,0.18,1002.68,Net Banking,In-Store,EMP353,1,0,Express,8,EUR
ORD134658,07-04-2023,BR51,India,Pune,CUST5483,PROD701,Mobile,Samsung Galaxy S23,Lenovo,3,497.61,0.03,0.18,1708.69,Debit Card,Online,EMP562,0,1,Express,7,AED
ORD134659,19-08-2024,BR52,UK,London,CUST4221,PROD613,Mobile,Samsung Galaxy S23,Dell,4,210.91,0.3,0.18,696.85,Cash,In-Store,EMP936,2,0,Same Day,1,AED
ORD134660,15-03-2024,BR60,USA,Dallas,CUST4018,PROD204,TV,Sony Bravia 55,Dell,4,934.67,0.16,0.18,3705.78,Debit Card,Online,EMP868,2,1,Express,4,INR
ORD134661,30-11-2023,BR9,UAE,Dubai,CUST7702,PROD282,Accessories,Wireless Mouse,Dell,3,767.58,0.05,0.18,2581.37,UPI,In-Store,EMP410,1,0,Same Day,6,INR
ORD134662,20-02-2024,BR33,Germany,Berlin,CUST3115,PROD123,Mobile,iPhone 14,LG,4,724.29,0.11,0.18,3042.6,Credit Card,Online,EMP466,0,1,Standard,9,EUR
ORD134663,11-03-2023,BR106,UAE,Abu Dhabi,CUST3617,PROD913,TV,Samsung QLED 50,LG,5,602.61,0.15,0.18,3022.09,Credit Card,Online,EMP493,1,1,Same Day,4,EUR
ORD134664,07-12-2024,BR11,USA,Chicago,CUST3031,PROD470,Laptop,Dell XPS 13,OnePlus,5,1608.58,0.25,0.18,7117.97,Credit Card,In-Store,EMP767,1,0,Express,5,INR
ORD134665,13-01-2023,BR22,UK,Birmingham,CUST6923,PROD372,Accessories,Wireless Mouse,Sony,4,1705.79,0.23,0.18,6199.52,Cash,In-Store,EMP896,0,1,Express,7,USD
ORD134666,06-02-2024,BR92,USA,New York,CUST8448,PROD940,Mobile,OnePlus 11,Samsung,4,1443.74,0.03,0.18,6610.02,Credit Card,In-Store,EMP525,2,1,Standard,9,EUR
ORD134667,24-11-2023,BR80,India,Pune,CUST6427,PROD529,Accessories,Keyboard,Sony,2,266.33,0.07,0.18,584.54,UPI,In-Store,EMP242,1,1,Standard,4,USD
ORD134668,28-05-2023,BR50,India,Delhi,CUST1715,PROD677,Laptop,HP Spectre x360,Samsung,5,1823.52,0.11,0.18,9575.3,Debit Card,In-Store,EMP377,2,1,Express,2,INR
ORD134669,20-11-2023,BR24,UAE,Abu Dhabi,CUST3082,PROD452,Laptop,Dell XPS 13,LG,5,225.56,0.24,0.18,1011.41,Credit Card,In-Store,EMP431,2,1,Express,3,INR
ORD134670,04-11-2024,BR13,USA,Dallas,CUST4250,PROD407,Laptop,MacBook Air M2,Sony,4,1058.1,0.04,0.18,4794.46,Cash,Online,EMP489,0,0,Express,2,USD
ORD134671,19-10-2023,BR61,USA,New York,CUST6258,PROD933,TV,Sony Bravia 55,Apple,5,1454.39,0.17,0.18,7122.15,Net Banking,Online,EMP297,2,0,Standard,4,INR
ORD134672,27-06-2023,BR103,UAE,Dubai,CUST6182,PROD876,Mobile,iPhone 14,Sony,5,592.23,0.28,0.18,2515.79,Credit Card,Online,EMP799,1,1,Same Day,8,AED
ORD134673,17-03-2023,BR22,UAE,Dubai,CUST7430,PROD985,Tablet,Samsung Galaxy Tab,Lenovo,3,1211.69,0.07,0.18,3989.13,Debit Card,Online,EMP217,3,1,Standard,5,EUR
ORD134674,13-01-2024,BR80,UAE,Dubai,CUST2336,PROD471,Accessories,Bluetooth Headphones,LG,1,1215.78,0.11,0.18,1276.81,UPI,In-Store,EMP443,2,0,Express,6,USD
ORD134675,28-08-2024,BR73,Germany,Hamburg,CUST5815,PROD561,Tablet,iPad Air,Samsung,4,1098.24,0.29,0.18,3680.42,Credit Card,Online,EMP503,2,0,Express,8,USD
ORD134676,17-08-2023,BR27,UK,Manchester,CUST4729,PROD927,Mobile,iPhone 14,Sony,4,83.13,0.18,0.18,321.75,UPI,Online,EMP661,3,1,Express,5,GBP
ORD134677,27-03-2024,BR81,USA,New York,CUST9743,PROD265,Tablet,iPad Air,OnePlus,4,346.17,0.27,0.18,1192.76,Credit Card,Online,EMP924,2,1,Same Day,4,AED
ORD134678,06-04-2024,BR56,Germany,Berlin,CUST9670,PROD334,Accessories,Keyboard,LG,1,1693.16,0.03,0.18,1937.99,Credit Card,Online,EMP326,1,0,Express,5,EUR
ORD134679,19-02-2023,BR24,India,Pune,CUST5728,PROD415,Mobile,Samsung Galaxy S23,Apple,5,1313.76,0.07,0.18,7208.6,Debit Card,Online,EMP243,0,0,Same Day,8,AED
ORD134680,18-11-2024,BR59,India,Pune,CUST9831,PROD932,Tablet,Lenovo Tab P11,Samsung,3,50.98,0.18,0.18,147.98,Credit Card,In-Store,EMP503,0,0,Standard,9,GBP
ORD134681,27-09-2023,BR22,UAE,Abu Dhabi,CUST4147,PROD287,Laptop,HP Spectre x360,Samsung,1,974.54,0.07,0.18,1069.46,UPI,In-Store,EMP981,3,0,Express,10,EUR
ORD134682,20-06-2023,BR14,Germany,Hamburg,CUST2995,PROD750,Mobile,OnePlus 11,OnePlus,4,870.09,0.06,0.18,3860.42,Net Banking,Online,EMP293,0,1,Standard,2,USD
ORD134683,24-08-2023,BR118,Germany,Munich,CUST8920,PROD456,Laptop,Dell XPS 13,HP,3,1279.28,0.12,0.18,3985.21,Credit Card,In-Store,EMP781,2,1,Same Day,7,USD
ORD134684,29-12-2024,BR25,Germany,Munich,CUST8629,PROD243,Accessories,Bluetooth Headphones,LG,3,1020.2,0.11,0.18,3214.24,Debit Card,Online,EMP530,3,0,Same Day,2,USD
ORD134685,08-07-2023,BR69,USA,Chicago,CUST8386,PROD964,Tablet,Lenovo Tab P11,HP,1,1933.06,0.09,0.18,2075.72,Credit Card,Online,EMP924,1,1,Standard,1,USD
ORD134686,10-08-2024,BR107,USA,New York,CUST9291,PROD712,TV,Samsung QLED 50,Lenovo,2,241.65,0.15,0.18,484.75,Net Banking,Online,EMP365,0,0,Standard,1,USD
ORD134687,15-02-2023,BR50,UAE,Abu Dhabi,CUST3760,PROD826,Accessories,Bluetooth Headphones,Samsung,4,599.49,0.19,0.18,2291.97,Debit Card,In-Store,EMP383,2,0,Standard,2,GBP
ORD134688,22-09-2024,BR22,India,Bangalore,CUST1903,PROD123,Laptop,Dell XPS 13,Samsung,5,1487.9,0.07,0.18,8164.11,Credit Card,In-Store,EMP586,1,0,Standard,9,EUR
ORD134689,21-02-2023,BR90,Germany,Hamburg,CUST7802,PROD792,Accessories,Wireless Mouse,Sony,4,462.51,0.19,0.18,1768.27,Debit Card,Online,EMP887,3,1,Same Day,3,INR
ORD134690,12-09-2023,BR89,UK,London,CUST1074,PROD540,TV,Samsung QLED 50,Samsung,3,532.54,0.19,0.18,1527.01,Net Banking,In-Store,EMP475,2,1,Same Day,8,EUR
ORD134691,15-07-2023,BR109,India,Mumbai,CUST9919,PROD881,Tablet,Lenovo Tab P11,Samsung,5,229.51,0.21,0.18,1069.75,Cash,Online,EMP351,2,1,Standard,8,USD
ORD134692,16-01-2024,BR24,UAE,Dubai,CUST1704,PROD815,Accessories,Wireless Mouse,HP,1,1309.57,0.01,0.18,1529.84,Debit Card,Online,EMP303,1,0,Standard,9,GBP
ORD134693,12-01-2024,BR110,USA,Los Angeles,CUST6615,PROD956,TV,Samsung QLED 50,Apple,5,551.67,0.07,0.18,3027.01,Net Banking,Online,EMP914,1,1,Same Day,2,EUR
ORD134694,18-04-2024,BR114,India,Bangalore,CUST2374,PROD919,Mobile,iPhone 14,Samsung,3,1390.96,0.02,0.18,4825.52,Cash,Online,EMP438,2,1,Express,9,INR
ORD134695,13-04-2024,BR94,UAE,Abu Dhabi,CUST5196,PROD563,Mobile,iPhone 14,HP,1,1888.73,0.24,0.18,1693.81,Cash,In-Store,EMP822,1,0,Standard,10,EUR
ORD134696,19-12-2024,BR26,Germany,Munich,CUST4003,PROD499,Laptop,MacBook Air M2,OnePlus,2,220.66,0.17,0.18,432.23,Cash,Online,EMP819,3,1,Same Day,1,GBP
ORD134697,09-05-2024,BR18,UK,Manchester,CUST6284,PROD173,TV,LG OLED 48,Samsung,1,1968.16,0.29,0.18,1648.92,Cash,Online,EMP212,1,0,Express,3,USD
ORD134698,22-09-2024,BR103,USA,Chicago,CUST8297,PROD496,Accessories,Keyboard,Dell,4,486.88,0.11,0.18,2045.29,Net Banking,Online,EMP931,1,0,Standard,8,INR
ORD134699,06-03-2024,BR5,USA,Chicago,CUST8558,PROD723,TV,LG OLED 48,Apple,5,1175.82,0.21,0.18,5480.5,Debit Card,Online,EMP840,3,1,Same Day,3,INR
ORD134700,16-06-2023,BR107,UK,Manchester,CUST7683,PROD131,Laptop,MacBook Air M2,Sony,2,725.19,0.02,0.18,1677.22,UPI,In-Store,EMP772,0,0,Standard,8,GBP
ORD134701,28-01-2024,BR49,UAE,Dubai,CUST5156,PROD402,Laptop,Dell XPS 13,Apple,2,253.1,0.26,0.18,442.01,Net Banking,In-Store,EMP234,2,0,Express,4,USD
ORD134702,29-09-2024,BR58,Germany,Hamburg,CUST4483,PROD586,Tablet,Lenovo Tab P11,LG,4,1357.16,0.03,0.18,6213.62,UPI,Online,EMP425,1,1,Standard,3,GBP
ORD134703,21-09-2024,BR1,UAE,Dubai,CUST5536,PROD584,Laptop,MacBook Air M2,Dell,4,1662.44,0.07,0.18,7297.45,UPI,Online,EMP964,2,1,Express,2,INR
ORD134704,25-11-2023,BR101,UAE,Abu Dhabi,CUST8044,PROD770,Mobile,Samsung Galaxy S23,LG,1,1370.76,0.04,0.18,1552.8,Net Banking,Online,EMP921,2,0,Standard,8,GBP
ORD134705,13-02-2024,BR50,UK,Manchester,CUST4604,PROD951,Accessories,Bluetooth Headphones,Apple,4,1478.61,0.11,0.18,6211.34,Net Banking,Online,EMP372,2,0,Same Day,10,AED
ORD134706,13-09-2024,BR56,India,Mumbai,CUST3108,PROD266,Accessories,Keyboard,Dell,2,249.72,0.26,0.18,436.11,Net Banking,In-Store,EMP408,1,1,Standard,1,EUR
ORD134707,24-06-2023,BR82,UAE,Dubai,CUST1277,PROD650,Mobile,iPhone 14,LG,4,81.29,0.13,0.18,333.81,Net Banking,In-Store,EMP967,3,1,Standard,7,USD
ORD134708,05-03-2024,BR13,USA,New York,CUST1704,PROD919,Tablet,Samsung Galaxy Tab,Sony,2,508.29,0.04,0.18,1151.58,UPI,Online,EMP959,2,0,Express,2,USD
ORD134709,09-01-2023,BR61,India,Bangalore,CUST2279,PROD316,Tablet,Lenovo Tab P11,Dell,1,429.84,0.27,0.18,370.26,Net Banking,In-Store,EMP908,3,1,Standard,2,USD
ORD134710,14-09-2024,BR29,USA,Los Angeles,CUST5921,PROD198,Mobile,OnePlus 11,Dell,3,473.03,0.13,0.18,1456.84,Debit Card,Online,EMP236,1,1,Standard,8,INR
ORD134711,12-08-2023,BR117,UK,Manchester,CUST4088,PROD791,Mobile,Samsung Galaxy S23,HP,3,1347.96,0.11,0.18,4246.88,Credit Card,In-Store,EMP465,3,1,Express,6,EUR
ORD134712,13-03-2023,BR40,UAE,Abu Dhabi,CUST7079,PROD403,Laptop,Dell XPS 13,HP,1,382.1,0.08,0.18,414.81,UPI,In-Store,EMP958,1,0,Standard,7,AED
ORD134713,03-12-2023,BR81,Germany,Hamburg,CUST6953,PROD401,Accessories,Wireless Mouse,LG,5,1826.93,0.16,0.18,9054.27,Credit Card,Online,EMP859,3,1,Same Day,2,INR
ORD134714,24-02-2023,BR71,India,Bangalore,CUST2335,PROD875,Laptop,MacBook Air M2,Samsung,2,314.91,0.04,0.18,713.46,Net Banking,In-Store,EMP672,1,1,Standard,5,GBP
ORD134715,25-11-2023,BR22,India,Bangalore,CUST1848,PROD468,TV,Samsung QLED 50,OnePlus,5,1191.95,0.15,0.18,5977.63,Cash,Online,EMP738,0,1,Standard,2,GBP
ORD134716,14-01-2024,BR58,Germany,Berlin,CUST2094,PROD198,Accessories,Wireless Mouse,Dell,5,385.08,0.02,0.18,2226.53,Cash,Online,EMP253,0,1,Express,1,AED
ORD134717,09-02-2024,BR46,Germany,Berlin,CUST1471,PROD381,Mobile,OnePlus 11,Sony,5,1555.1,0.09,0.18,8349.33,UPI,Online,EMP412,2,0,Standard,2,AED
ORD134718,22-11-2024,BR54,USA,Los Angeles,CUST3058,PROD451,Laptop,MacBook Air M2,Lenovo,3,1201.74,0.03,0.18,4126.53,Credit Card,Online,EMP410,1,1,Standard,9,INR
ORD134719,25-12-2023,BR55,Germany,Hamburg,CUST7420,PROD970,Mobile,OnePlus 11,Samsung,2,1306.6,0.28,0.18,2220.17,Cash,Online,EMP475,0,1,Express,5,EUR
ORD134720,16-02-2023,BR64,India,Mumbai,CUST9056,PROD177,Laptop,MacBook Air M2,Lenovo,4,1188.84,0.23,0.18,4320.72,UPI,In-Store,EMP718,0,0,Express,10,EUR
ORD134721,09-09-2023,BR106,Germany,Hamburg,CUST3623,PROD578,Tablet,iPad Air,Sony,1,1531.26,0.2,0.18,1445.51,Net Banking,In-Store,EMP559,2,1,Same Day,7,INR
ORD134722,18-12-2023,BR104,Germany,Munich,CUST7207,PROD219,Tablet,Samsung Galaxy Tab,Samsung,1,1928.95,0.05,0.18,2162.35,Debit Card,In-Store,EMP734,0,0,Standard,4,INR
ORD134723,01-09-2024,BR9,UAE,Abu Dhabi,CUST5542,PROD207,Mobile,Samsung Galaxy S23,HP,2,1587.46,0.24,0.18,2847.27,Net Banking,Online,EMP544,3,1,Standard,4,GBP
ORD134724,16-01-2023,BR69,India,Delhi,CUST7997,PROD103,Laptop,HP Spectre x360,HP,1,581.02,0,0.18,685.6,Debit Card,Online,EMP686,2,0,Standard,8,GBP
ORD134725,07-03-2024,BR90,India,Bangalore,CUST4309,PROD142,Accessories,Keyboard,Sony,2,1291.27,0.11,0.18,2712.18,Cash,Online,EMP978,1,0,Same Day,6,AED
ORD134726,09-07-2023,BR11,Germany,Berlin,CUST2979,PROD218,TV,Samsung QLED 50,Apple,3,154.47,0.06,0.18,514.01,UPI,In-Store,EMP910,1,1,Same Day,1,USD
ORD134727,09-02-2023,BR16,India,Pune,CUST8300,PROD939,TV,Samsung QLED 50,Lenovo,1,593.24,0.3,0.18,490.02,Credit Card,In-Store,EMP712,3,0,Same Day,5,EUR
ORD134728,07-07-2023,BR14,Germany,Munich,CUST6808,PROD765,Laptop,HP Spectre x360,Lenovo,5,1581.41,0.23,0.18,7184.35,Credit Card,In-Store,EMP338,2,1,Standard,6,AED
ORD134729,06-11-2024,BR110,USA,Dallas,CUST1673,PROD418,Laptop,HP Spectre x360,Dell,3,114.84,0.14,0.18,349.62,Net Banking,In-Store,EMP516,0,0,Same Day,7,INR
ORD134730,05-10-2023,BR118,India,Bangalore,CUST3056,PROD793,TV,LG OLED 48,Dell,4,603.37,0.27,0.18,2078.97,Net Banking,In-Store,EMP645,2,0,Express,6,AED
ORD134731,29-05-2024,BR96,India,Bangalore,CUST1133,PROD100,TV,Sony Bravia 55,Lenovo,1,890.38,0.24,0.18,798.49,Debit Card,Online,EMP284,0,1,Standard,7,AED
ORD134732,16-03-2023,BR93,India,Delhi,CUST6400,PROD147,Mobile,iPhone 14,Samsung,5,1550.17,0.16,0.18,7682.64,Credit Card,Online,EMP219,2,1,Express,1,USD
ORD134733,18-01-2023,BR42,Germany,Berlin,CUST1175,PROD212,Mobile,OnePlus 11,LG,3,135.26,0.2,0.18,383.06,Net Banking,In-Store,EMP592,3,1,Express,2,USD
ORD134734,07-01-2024,BR14,UK,Birmingham,CUST8798,PROD244,Mobile,Samsung Galaxy S23,HP,5,591.14,0.08,0.18,3208.71,Cash,Online,EMP502,0,0,Same Day,2,AED
ORD134735,07-11-2023,BR16,UAE,Abu Dhabi,CUST5109,PROD237,TV,LG OLED 48,Lenovo,1,461.92,0.19,0.18,441.5,Debit Card,Online,EMP466,1,0,Express,10,USD
ORD134736,14-09-2023,BR24,Germany,Berlin,CUST4624,PROD439,Accessories,Bluetooth Headphones,OnePlus,5,508.19,0.07,0.18,2788.44,Credit Card,Online,EMP509,3,0,Express,3,GBP
ORD134737,30-03-2023,BR100,Germany,Munich,CUST5847,PROD669,Mobile,Samsung Galaxy S23,Dell,5,1948.22,0.04,0.18,11034.72,Net Banking,In-Store,EMP203,0,1,Standard,10,GBP
ORD134738,25-05-2024,BR95,India,Delhi,CUST9007,PROD645,Accessories,Bluetooth Headphones,Lenovo,4,253.35,0.3,0.18,837.07,Debit Card,Online,EMP261,3,0,Express,6,AED
ORD134739,27-11-2024,BR101,USA,Los Angeles,CUST3197,PROD268,Accessories,Wireless Mouse,OnePlus,4,749.36,0.05,0.18,3360.13,Debit Card,Online,EMP805,3,1,Express,5,AED
ORD134740,08-11-2023,BR120,USA,Chicago,CUST2467,PROD626,TV,Sony Bravia 55,OnePlus,4,208.94,0.15,0.18,838.27,Debit Card,In-Store,EMP601,1,0,Same Day,3,AED
ORD134741,08-06-2024,BR106,India,Pune,CUST2002,PROD308,Tablet,Samsung Galaxy Tab,Samsung,1,850.41,0.25,0.18,752.61,Credit Card,In-Store,EMP662,3,0,Standard,6,USD
ORD134742,16-03-2024,BR35,USA,Dallas,CUST7207,PROD606,Tablet,iPad Air,LG,5,260.51,0.11,0.18,1367.94,Net Banking,In-Store,EMP277,3,1,Same Day,5,INR
ORD134743,23-07-2023,BR41,Germany,Munich,CUST1750,PROD373,Mobile,iPhone 14,Apple,4,75.09,0.21,0.18,280,Credit Card,In-Store,EMP640,1,1,Standard,2,GBP
ORD134744,20-04-2023,BR54,India,Bangalore,CUST9141,PROD582,Tablet,Lenovo Tab P11,Dell,1,333.31,0.18,0.18,322.51,Credit Card,In-Store,EMP577,3,1,Express,9,GBP
ORD134745,01-11-2024,BR6,India,Mumbai,CUST1078,PROD361,Accessories,Bluetooth Headphones,Lenovo,1,1257.74,0.28,0.18,1068.58,Credit Card,In-Store,EMP438,3,0,Standard,4,GBP
ORD134746,03-12-2024,BR97,UAE,Abu Dhabi,CUST4766,PROD381,Laptop,HP Spectre x360,Sony,4,1070.19,0.18,0.18,4142.06,Net Banking,In-Store,EMP480,0,0,Express,8,AED
ORD134747,20-10-2023,BR40,UK,Manchester,CUST3958,PROD279,TV,Sony Bravia 55,Samsung,2,1974.1,0.06,0.18,4379.34,Net Banking,Online,EMP646,2,1,Express,8,INR
ORD134748,05-03-2023,BR23,Germany,Hamburg,CUST6991,PROD678,TV,LG OLED 48,OnePlus,5,1112.26,0.09,0.18,5971.72,Debit Card,In-Store,EMP562,3,0,Standard,5,EUR
ORD134749,28-07-2024,BR24,USA,Chicago,CUST3082,PROD155,Mobile,OnePlus 11,Apple,3,797.77,0.13,0.18,2456.97,Cash,In-Store,EMP367,2,1,Same Day,9,USD
ORD134750,20-03-2024,BR33,Germany,Munich,CUST4012,PROD497,Accessories,Bluetooth Headphones,Dell,2,1360.44,0.28,0.18,2311.66,Credit Card,Online,EMP602,0,1,Standard,9,INR
ORD134751,11-11-2023,BR114,UK,Manchester,CUST3336,PROD202,TV,Sony Bravia 55,Samsung,1,1422.77,0.08,0.18,1544.56,Cash,In-Store,EMP945,0,0,Express,2,GBP
ORD134752,21-02-2024,BR113,USA,Chicago,CUST7021,PROD498,Laptop,Dell XPS 13,Sony,5,970.78,0.05,0.18,5441.22,Net Banking,Online,EMP981,3,1,Express,1,INR
ORD134753,23-11-2023,BR11,USA,New York,CUST2476,PROD355,Tablet,iPad Air,Samsung,2,1553.29,0.1,0.18,3299.19,UPI,In-Store,EMP803,0,1,Express,6,INR
ORD134754,23-11-2023,BR15,UAE,Abu Dhabi,CUST6367,PROD755,TV,LG OLED 48,HP,3,666.28,0.13,0.18,2052.01,Debit Card,In-Store,EMP745,2,0,Same Day,7,INR
ORD134755,11-01-2023,BR4,USA,New York,CUST6170,PROD131,TV,Samsung QLED 50,Dell,5,724.33,0.27,0.18,3119.69,Net Banking,In-Store,EMP783,1,0,Express,2,USD
ORD134756,27-01-2023,BR6,UK,Birmingham,CUST6914,PROD102,Laptop,HP Spectre x360,Dell,2,1325.05,0.13,0.18,2720.59,Credit Card,Online,EMP542,1,1,Express,6,GBP
ORD134757,25-03-2023,BR30,UAE,Abu Dhabi,CUST9107,PROD153,Accessories,Keyboard,LG,2,823.35,0.28,0.18,1399.04,Credit Card,Online,EMP428,0,1,Express,9,USD
ORD134758,04-01-2023,BR4,Germany,Munich,CUST2898,PROD663,Laptop,MacBook Air M2,LG,1,1770.9,0.05,0.18,1985.18,Debit Card,In-Store,EMP983,0,0,Standard,9,INR
ORD134759,22-10-2024,BR110,UAE,Abu Dhabi,CUST6499,PROD498,Accessories,Wireless Mouse,Samsung,1,734.94,0.02,0.18,849.88,Cash,In-Store,EMP381,0,1,Standard,10,GBP
ORD134760,20-03-2024,BR106,Germany,Munich,CUST1377,PROD598,Accessories,Keyboard,HP,4,1858.07,0.01,0.18,8682.39,UPI,Online,EMP594,0,1,Standard,9,GBP
ORD134761,28-07-2023,BR115,USA,Los Angeles,CUST1485,PROD928,Accessories,Wireless Mouse,HP,2,477.83,0.06,0.18,1060.02,UPI,In-Store,EMP406,0,1,Express,4,AED
ORD134762,22-12-2023,BR16,Germany,Munich,CUST8744,PROD946,TV,Sony Bravia 55,Sony,4,273.14,0.03,0.18,1250.54,Cash,In-Store,EMP364,1,1,Express,10,AED
ORD134763,25-02-2023,BR17,UK,Birmingham,CUST9969,PROD479,Tablet,iPad Air,HP,5,1095.35,0.25,0.18,4846.92,Credit Card,In-Store,EMP905,0,0,Express,2,USD
ORD134764,23-08-2023,BR91,UK,Manchester,CUST9262,PROD276,Laptop,MacBook Air M2,OnePlus,5,691.34,0.24,0.18,3099.97,Credit Card,In-Store,EMP642,2,1,Standard,10,INR
ORD134765,29-10-2023,BR47,USA,Chicago,CUST8883,PROD745,Mobile,Samsung Galaxy S23,Sony,3,1754.42,0.02,0.18,6086.43,Net Banking,Online,EMP204,0,0,Same Day,4,INR
ORD134766,24-03-2023,BR106,UK,Manchester,CUST9509,PROD847,Tablet,Samsung Galaxy Tab,Samsung,4,937.3,0.28,0.18,3185.32,Debit Card,In-Store,EMP275,2,0,Standard,2,INR
ORD134767,20-02-2024,BR74,Germany,Hamburg,CUST9261,PROD640,TV,Samsung QLED 50,HP,2,91.37,0.09,0.18,196.23,Credit Card,Online,EMP332,2,1,Express,10,AED
ORD134768,28-12-2023,BR29,Germany,Hamburg,CUST4329,PROD766,Tablet,Lenovo Tab P11,HP,1,1543.62,0.05,0.18,1730.4,Debit Card,In-Store,EMP318,3,1,Standard,3,EUR
ORD134769,17-09-2023,BR85,USA,New York,CUST8294,PROD944,Laptop,HP Spectre x360,OnePlus,3,474.44,0.15,0.18,1427.59,Credit Card,In-Store,EMP431,1,1,Standard,8,EUR
ORD134770,29-09-2023,BR68,Germany,Hamburg,CUST5831,PROD885,Tablet,Lenovo Tab P11,Sony,3,1617.35,0.27,0.18,4179.56,Cash,In-Store,EMP656,0,1,Standard,3,INR
ORD134771,10-05-2023,BR50,UK,London,CUST2128,PROD590,Mobile,Samsung Galaxy S23,Dell,1,1342.48,0.3,0.18,1108.89,Debit Card,Online,EMP432,3,0,Express,6,AED
ORD134772,28-09-2024,BR100,Germany,Berlin,CUST1882,PROD495,Tablet,iPad Air,Lenovo,2,1388.74,0,0.18,3277.43,Credit Card,In-Store,EMP310,3,1,Standard,1,USD
ORD134773,30-05-2024,BR63,Germany,Hamburg,CUST5616,PROD952,Accessories,Wireless Mouse,Sony,2,1314.24,0.24,0.18,2357.22,Net Banking,In-Store,EMP870,2,0,Standard,10,USD
ORD134774,10-03-2024,BR51,UAE,Abu Dhabi,CUST7119,PROD483,Accessories,Keyboard,Dell,5,708.4,0.08,0.18,3845.2,Cash,Online,EMP250,1,1,Standard,2,GBP
ORD134775,03-02-2024,BR77,India,Mumbai,CUST5937,PROD352,TV,Sony Bravia 55,LG,4,1389.93,0.01,0.18,6494.86,Net Banking,Online,EMP664,1,0,Same Day,7,INR
ORD134776,09-05-2024,BR48,Germany,Munich,CUST1122,PROD264,Accessories,Wireless Mouse,Dell,5,1359.7,0.21,0.18,6337.56,Credit Card,Online,EMP368,2,0,Standard,5,EUR
ORD134777,20-09-2024,BR72,India,Delhi,CUST5135,PROD202,TV,LG OLED 48,HP,5,1713.68,0.1,0.18,9099.64,Cash,Online,EMP824,1,0,Standard,8,USD
ORD134778,05-02-2023,BR40,UAE,Abu Dhabi,CUST7106,PROD736,TV,Samsung QLED 50,Dell,1,1946.33,0.04,0.18,2204.8,Credit Card,Online,EMP670,0,0,Express,2,AED
ORD134779,14-07-2023,BR34,USA,New York,CUST1921,PROD871,Laptop,MacBook Air M2,Dell,5,276.57,0.25,0.18,1223.82,Credit Card,Online,EMP201,0,0,Standard,6,INR
ORD134780,21-04-2023,BR31,UK,London,CUST4308,PROD499,Accessories,Wireless Mouse,Sony,2,1025.75,0.28,0.18,1742.95,Credit Card,Online,EMP696,1,0,Standard,8,GBP
ORD134781,24-11-2024,BR88,USA,New York,CUST3928,PROD184,Accessories,Keyboard,HP,1,1646.92,0.21,0.18,1535.26,UPI,Online,EMP646,1,1,Standard,10,INR
ORD134782,05-06-2024,BR44,Germany,Munich,CUST9488,PROD478,Mobile,Samsung Galaxy S23,Apple,5,1448.6,0.24,0.18,6495.52,UPI,In-Store,EMP619,0,1,Same Day,10,GBP
ORD134783,13-07-2024,BR30,UK,London,CUST4528,PROD759,Laptop,HP Spectre x360,Samsung,2,221.84,0.1,0.18,471.19,Net Banking,Online,EMP654,1,1,Standard,5,USD
ORD134784,29-01-2024,BR33,UAE,Abu Dhabi,CUST7308,PROD265,Laptop,MacBook Air M2,Samsung,3,1722.98,0.15,0.18,5184.45,UPI,In-Store,EMP372,3,1,Express,9,USD
ORD134785,06-07-2023,BR108,USA,Dallas,CUST5185,PROD944,TV,Samsung QLED 50,HP,2,1158.56,0.09,0.18,2488.12,UPI,In-Store,EMP645,3,0,Standard,10,USD
ORD134786,06-10-2024,BR108,USA,New York,CUST2511,PROD910,Laptop,MacBook Air M2,OnePlus,1,201.28,0.25,0.18,178.13,Debit Card,In-Store,EMP221,2,1,Same Day,4,USD
ORD134787,31-08-2023,BR34,UAE,Abu Dhabi,CUST4489,PROD919,Mobile,iPhone 14,LG,2,1455.02,0.12,0.18,3021.79,UPI,In-Store,EMP559,3,0,Standard,9,AED
ORD134788,13-11-2023,BR67,Germany,Berlin,CUST9684,PROD331,TV,LG OLED 48,OnePlus,5,1775.78,0.19,0.18,8486.45,UPI,In-Store,EMP952,0,1,Express,10,EUR
ORD134789,09-02-2023,BR25,USA,New York,CUST6369,PROD959,TV,LG OLED 48,Lenovo,5,1453.19,0.15,0.18,7287.75,Credit Card,Online,EMP841,1,0,Same Day,8,INR
ORD134790,13-09-2024,BR69,Germany,Hamburg,CUST4368,PROD225,Mobile,iPhone 14,Samsung,4,674.63,0.22,0.18,2483.72,Credit Card,In-Store,EMP829,0,1,Standard,7,EUR
ORD134791,10-11-2023,BR93,UK,London,CUST4562,PROD384,Accessories,Bluetooth Headphones,Lenovo,5,90.32,0.02,0.18,522.23,Debit Card,Online,EMP467,0,1,Same Day,6,INR
ORD134792,05-01-2023,BR47,USA,New York,CUST3398,PROD590,TV,Samsung QLED 50,Lenovo,4,725.25,0.19,0.18,2772.78,Net Banking,Online,EMP816,0,0,Standard,8,AED
ORD134793,29-12-2023,BR73,Germany,Hamburg,CUST1002,PROD967,Laptop,MacBook Air M2,OnePlus,3,296.05,0.12,0.18,922.25,UPI,In-Store,EMP409,3,1,Standard,3,GBP
ORD134794,22-06-2024,BR100,India,Pune,CUST8034,PROD961,Mobile,OnePlus 11,Dell,5,1328.34,0.15,0.18,6661.63,Cash,In-Store,EMP623,1,0,Same Day,9,EUR
ORD134795,17-11-2023,BR93,USA,Dallas,CUST4229,PROD452,Laptop,MacBook Air M2,Lenovo,1,799.14,0.13,0.18,820.4,Credit Card,In-Store,EMP867,0,0,Standard,10,AED
ORD134796,29-05-2023,BR73,Germany,Hamburg,CUST5243,PROD347,Mobile,iPhone 14,Apple,1,514.14,0.23,0.18,467.15,Cash,In-Store,EMP619,0,1,Express,5,EUR
ORD134797,30-04-2024,BR29,UK,Manchester,CUST8925,PROD275,Laptop,Dell XPS 13,Sony,3,478.86,0.28,0.18,1220.52,Net Banking,In-Store,EMP380,1,1,Standard,10,INR
ORD134798,05-04-2023,BR38,UK,Manchester,CUST6501,PROD380,TV,Sony Bravia 55,Samsung,4,1862.56,0.22,0.18,6857.2,Cash,Online,EMP373,3,1,Standard,4,AED
ORD134799,29-03-2024,BR96,UAE,Dubai,CUST2076,PROD525,TV,Sony Bravia 55,Dell,1,1464.53,0.04,0.18,1659.02,Debit Card,Online,EMP338,2,0,Same Day,8,EUR
ORD134800,05-02-2024,BR3,Germany,Berlin,CUST3774,PROD276,Accessories,Wireless Mouse,HP,4,1857.29,0.18,0.18,7188.46,UPI,Online,EMP354,2,1,Same Day,2,USD
ORD134801,12-12-2023,BR81,Germany,Berlin,CUST5339,PROD842,TV,Sony Bravia 55,Sony,1,1066.79,0.27,0.18,918.93,Debit Card,In-Store,EMP254,0,0,Express,9,GBP
ORD134802,28-02-2023,BR93,UAE,Dubai,CUST3768,PROD182,Mobile,Samsung Galaxy S23,LG,3,1195.45,0.03,0.18,4104.94,Cash,Online,EMP242,3,1,Same Day,7,USD
ORD134803,21-09-2023,BR116,USA,New York,CUST2273,PROD695,Laptop,MacBook Air M2,Apple,1,1027.87,0.25,0.18,909.66,UPI,Online,EMP880,1,0,Same Day,6,USD
ORD134804,01-06-2024,BR65,Germany,Hamburg,CUST6612,PROD359,Laptop,Dell XPS 13,Samsung,4,1285.83,0.28,0.18,4369.76,Net Banking,In-Store,EMP716,0,1,Express,6,GBP
ORD134805,02-01-2023,BR46,UK,London,CUST2666,PROD392,Tablet,Lenovo Tab P11,Sony,3,156.05,0.26,0.18,408.79,Credit Card,In-Store,EMP349,0,1,Express,1,GBP
ORD134806,07-09-2024,BR115,USA,Chicago,CUST7873,PROD215,Tablet,iPad Air,HP,1,1591.98,0.25,0.18,1408.9,Debit Card,In-Store,EMP216,3,0,Express,6,EUR
ORD134807,13-10-2023,BR24,UAE,Dubai,CUST1680,PROD531,Accessories,Bluetooth Headphones,Dell,1,429.94,0.23,0.18,390.64,UPI,In-Store,EMP295,2,1,Express,7,AED
ORD134808,07-09-2023,BR28,Germany,Hamburg,CUST1177,PROD768,Laptop,HP Spectre x360,Samsung,3,870.73,0.04,0.18,2959.09,Cash,Online,EMP541,2,1,Standard,9,GBP
ORD134809,13-04-2023,BR41,Germany,Munich,CUST1966,PROD730,Accessories,Keyboard,HP,3,1164.3,0.11,0.18,3668.24,Cash,Online,EMP993,1,0,Same Day,10,AED
ORD134810,23-07-2024,BR92,USA,Los Angeles,CUST7703,PROD313,TV,Sony Bravia 55,Apple,4,390.4,0.18,0.18,1511,Net Banking,Online,EMP496,0,0,Same Day,1,EUR
ORD134811,10-07-2023,BR108,UK,Birmingham,CUST5256,PROD350,Mobile,OnePlus 11,Sony,2,443.58,0.14,0.18,900.29,Cash,Online,EMP868,3,0,Express,7,AED
ORD134812,10-04-2023,BR55,Germany,Hamburg,CUST9578,PROD472,TV,Sony Bravia 55,Apple,2,1077.81,0.23,0.18,1958.6,Net Banking,In-Store,EMP717,1,0,Standard,4,GBP
ORD134813,10-12-2024,BR101,India,Pune,CUST9608,PROD886,Tablet,Lenovo Tab P11,Dell,2,736.41,0.05,0.18,1651.03,Net Banking,In-Store,EMP955,3,1,Express,3,AED
ORD134814,31-07-2024,BR13,UK,Birmingham,CUST2180,PROD498,Accessories,Keyboard,OnePlus,2,1740.81,0.05,0.18,3902.9,Debit Card,In-Store,EMP416,3,0,Same Day,3,USD
ORD134815,10-04-2023,BR29,UK,Birmingham,CUST3097,PROD251,Accessories,Keyboard,Samsung,3,601.89,0.06,0.18,2002.85,UPI,In-Store,EMP278,0,0,Same Day,8,INR
ORD134816,16-11-2023,BR26,UK,Birmingham,CUST4390,PROD890,Laptop,Dell XPS 13,Sony,3,1700.72,0.24,0.18,4575.62,Credit Card,In-Store,EMP665,1,0,Standard,5,GBP
ORD134817,28-09-2023,BR108,Germany,Berlin,CUST6323,PROD875,Mobile,iPhone 14,Apple,4,440.13,0.22,0.18,1620.38,Credit Card,Online,EMP791,2,1,Same Day,6,AED
ORD134818,23-10-2023,BR33,Germany,Berlin,CUST4193,PROD446,Accessories,Keyboard,LG,4,640.4,0.08,0.18,2780.87,Cash,In-Store,EMP913,0,0,Express,5,USD
ORD134819,02-06-2024,BR25,UK,Birmingham,CUST9049,PROD583,Mobile,iPhone 14,Samsung,3,97.88,0.06,0.18,325.71,Debit Card,In-Store,EMP377,2,0,Standard,9,EUR
ORD134820,08-06-2024,BR25,India,Mumbai,CUST8150,PROD433,Mobile,Samsung Galaxy S23,HP,1,267.8,0.03,0.18,306.52,UPI,Online,EMP821,0,0,Standard,1,INR
ORD134821,10-01-2024,BR41,Germany,Berlin,CUST4872,PROD207,Mobile,OnePlus 11,OnePlus,2,620.02,0.06,0.18,1375.45,UPI,In-Store,EMP869,3,1,Same Day,1,GBP
ORD134822,26-10-2023,BR37,UAE,Dubai,CUST6117,PROD241,Tablet,iPad Air,Lenovo,1,1945.29,0.18,0.18,1882.26,Debit Card,Online,EMP736,1,0,Same Day,7,USD
ORD134823,23-07-2024,BR14,UK,Manchester,CUST1379,PROD207,TV,LG OLED 48,LG,5,356.24,0.29,0.18,1492.29,Credit Card,In-Store,EMP264,2,0,Same Day,6,EUR
ORD134824,24-06-2024,BR12,UK,Birmingham,CUST6673,PROD255,TV,Sony Bravia 55,Samsung,4,949.5,0.11,0.18,3988.66,Cash,Online,EMP910,3,0,Standard,2,EUR
ORD134825,27-09-2024,BR99,India,Bangalore,CUST2531,PROD524,Mobile,iPhone 14,LG,2,682.84,0.05,0.18,1530.93,UPI,In-Store,EMP723,3,1,Same Day,5,INR
ORD134826,29-01-2023,BR44,USA,Chicago,CUST6746,PROD321,Laptop,MacBook Air M2,LG,2,1232.02,0.03,0.18,2820.34,Credit Card,In-Store,EMP893,0,0,Same Day,6,INR
ORD134827,15-10-2024,BR3,UK,Manchester,CUST9140,PROD249,Laptop,HP Spectre x360,Lenovo,4,1952.47,0.19,0.18,7464.68,Net Banking,Online,EMP884,2,1,Express,3,AED
ORD134828,23-08-2023,BR103,UK,London,CUST2045,PROD165,TV,Samsung QLED 50,Lenovo,2,1736.23,0.21,0.18,3237.03,Cash,Online,EMP421,1,0,Standard,4,INR
ORD134829,03-12-2024,BR24,UK,Manchester,CUST1213,PROD813,Accessories,Wireless Mouse,Apple,5,112.27,0.02,0.18,649.15,Net Banking,Online,EMP332,1,0,Standard,1,INR
ORD134830,26-02-2023,BR16,UAE,Abu Dhabi,CUST3304,PROD891,Mobile,OnePlus 11,Lenovo,2,1435.93,0.02,0.18,3321.02,UPI,In-Store,EMP250,0,0,Standard,7,INR
ORD134831,13-02-2024,BR14,Germany,Berlin,CUST8396,PROD308,Mobile,iPhone 14,Sony,2,1619.83,0.13,0.18,3325.83,Credit Card,In-Store,EMP315,1,0,Standard,6,INR
ORD134832,08-01-2023,BR91,India,Mumbai,CUST5106,PROD235,Laptop,Dell XPS 13,Sony,3,256.02,0.26,0.18,670.67,Debit Card,Online,EMP240,1,0,Standard,7,AED
ORD134833,03-02-2023,BR61,UAE,Dubai,CUST9297,PROD961,TV,LG OLED 48,HP,3,1772.08,0.19,0.18,5081.26,Net Banking,Online,EMP417,2,1,Same Day,2,EUR
ORD134834,21-08-2023,BR58,UK,Manchester,CUST4056,PROD819,Tablet,Lenovo Tab P11,Apple,1,147.52,0.07,0.18,161.89,Net Banking,Online,EMP274,3,1,Standard,5,EUR
ORD134835,25-03-2024,BR106,UAE,Abu Dhabi,CUST3847,PROD817,Tablet,Lenovo Tab P11,Lenovo,1,82.81,0.07,0.18,90.88,Debit Card,Online,EMP976,2,0,Express,10,INR
ORD134836,12-08-2023,BR8,UK,London,CUST2768,PROD684,Accessories,Keyboard,Dell,2,1106.99,0.16,0.18,2194.5,Net Banking,Online,EMP274,0,0,Same Day,6,AED
ORD134837,12-04-2024,BR34,Germany,Hamburg,CUST4018,PROD353,Mobile,Samsung Galaxy S23,Samsung,3,1388.27,0.04,0.18,4717.9,Debit Card,Online,EMP588,0,1,Express,8,INR
ORD134838,10-02-2023,BR72,UK,Manchester,CUST1766,PROD244,TV,Sony Bravia 55,Samsung,3,370.05,0.24,0.18,995.58,Net Banking,In-Store,EMP820,0,1,Standard,1,EUR
ORD134839,01-10-2023,BR4,Germany,Berlin,CUST5896,PROD372,TV,Samsung QLED 50,Sony,5,1787.78,0.17,0.18,8754.76,Cash,In-Store,EMP850,0,0,Same Day,7,INR
ORD134840,25-06-2023,BR13,USA,New York,CUST2786,PROD550,Accessories,Wireless Mouse,OnePlus,2,1278.38,0.17,0.18,2504.09,Credit Card,In-Store,EMP824,1,0,Standard,5,EUR
ORD134841,25-04-2023,BR94,UK,Manchester,CUST6702,PROD133,TV,Sony Bravia 55,Sony,3,345.2,0.28,0.18,879.85,UPI,Online,EMP425,0,0,Standard,2,USD
ORD134842,26-01-2024,BR78,UK,Birmingham,CUST1258,PROD305,TV,LG OLED 48,Apple,4,405.25,0.09,0.18,1740.63,Cash,In-Store,EMP323,3,0,Same Day,9,USD
ORD134843,25-11-2024,BR52,India,Pune,CUST4760,PROD223,Laptop,MacBook Air M2,Samsung,5,466.89,0.1,0.18,2479.19,Net Banking,In-Store,EMP479,2,1,Express,3,USD
ORD134844,26-09-2024,BR22,UAE,Abu Dhabi,CUST8668,PROD457,Mobile,iPhone 14,LG,2,1790.74,0.24,0.18,3211.87,UPI,In-Store,EMP647,3,0,Standard,2,GBP
ORD134845,07-09-2024,BR61,UK,Manchester,CUST1789,PROD981,Tablet,iPad Air,Samsung,5,802.63,0.21,0.18,3741.06,Net Banking,Online,EMP975,2,1,Standard,7,AED
ORD134846,24-12-2024,BR120,India,Mumbai,CUST3447,PROD541,Laptop,HP Spectre x360,Sony,5,1582.23,0.24,0.18,7094.72,Debit Card,Online,EMP417,0,1,Same Day,9,GBP
ORD134847,24-10-2023,BR48,UAE,Dubai,CUST6159,PROD475,Mobile,OnePlus 11,Lenovo,5,449.42,0.16,0.18,2227.33,Credit Card,Online,EMP226,2,1,Standard,2,GBP
ORD134848,30-11-2023,BR40,USA,Chicago,CUST8905,PROD427,Laptop,Dell XPS 13,Lenovo,5,1072.51,0.29,0.18,4492.74,Debit Card,In-Store,EMP474,2,0,Express,1,EUR
ORD134849,07-05-2024,BR39,USA,New York,CUST5890,PROD654,Accessories,Bluetooth Headphones,Dell,3,1350.28,0.09,0.18,4349.79,Cash,In-Store,EMP493,2,1,Express,3,USD
ORD134850,12-05-2024,BR79,UK,Birmingham,CUST4300,PROD510,Laptop,HP Spectre x360,Sony,1,119.79,0.29,0.18,100.36,Net Banking,Online,EMP657,1,0,Standard,2,USD
ORD134851,22-07-2023,BR102,Germany,Berlin,CUST7531,PROD576,Laptop,HP Spectre x360,HP,4,872.13,0.12,0.18,3622.48,Cash,In-Store,EMP741,0,0,Same Day,8,GBP
ORD134852,14-04-2024,BR31,Germany,Munich,CUST9847,PROD796,Accessories,Keyboard,LG,3,1017.61,0.13,0.18,3134.04,Net Banking,In-Store,EMP270,3,1,Express,6,EUR
ORD134853,13-06-2023,BR29,UAE,Dubai,CUST1239,PROD716,Laptop,HP Spectre x360,Apple,3,580.82,0.11,0.18,1829.93,Cash,Online,EMP551,2,0,Express,5,USD
ORD134854,07-10-2024,BR35,UK,Birmingham,CUST9574,PROD324,Laptop,HP Spectre x360,LG,3,364.51,0.18,0.18,1058.1,Credit Card,In-Store,EMP233,3,1,Express,4,AED
ORD134855,18-06-2024,BR62,India,Mumbai,CUST4084,PROD727,Tablet,Samsung Galaxy Tab,Sony,3,1143.53,0.02,0.18,3967.13,Debit Card,Online,EMP608,1,0,Standard,6,GBP
ORD134856,25-07-2024,BR57,USA,Chicago,CUST5145,PROD887,Accessories,Keyboard,Dell,5,647.19,0.05,0.18,3627.5,Credit Card,In-Store,EMP634,1,0,Standard,4,GBP
ORD134857,28-06-2023,BR29,UK,London,CUST3964,PROD451,Tablet,Samsung Galaxy Tab,Lenovo,1,198.35,0.28,0.18,168.52,UPI,In-Store,EMP440,0,1,Standard,8,EUR
ORD134858,23-09-2024,BR46,UAE,Abu Dhabi,CUST8508,PROD315,Mobile,Samsung Galaxy S23,OnePlus,4,862.96,0.24,0.18,3095.61,Net Banking,In-Store,EMP709,2,0,Same Day,8,USD
ORD134859,21-07-2023,BR107,USA,Los Angeles,CUST8712,PROD613,Accessories,Bluetooth Headphones,Sony,5,1238.51,0.12,0.18,6430.34,Cash,In-Store,EMP858,1,0,Standard,9,USD
ORD134860,16-07-2023,BR63,UAE,Dubai,CUST4923,PROD503,TV,Sony Bravia 55,OnePlus,4,375.1,0.19,0.18,1434.08,Cash,Online,EMP323,2,0,Standard,5,USD
ORD134861,08-01-2024,BR63,India,Pune,CUST2651,PROD232,Mobile,iPhone 14,Apple,3,1238.77,0.21,0.18,3464.34,Debit Card,Online,EMP861,0,1,Standard,9,GBP
ORD134862,18-10-2024,BR35,Germany,Munich,CUST6985,PROD912,Mobile,OnePlus 11,Samsung,4,972.86,0.27,0.18,3352.09,Net Banking,In-Store,EMP795,1,1,Express,4,AED
ORD134863,10-02-2023,BR75,India,Delhi,CUST5628,PROD534,Accessories,Keyboard,Dell,5,107.01,0.24,0.18,479.83,Cash,Online,EMP316,1,0,Express,7,INR
ORD134864,11-11-2023,BR109,UK,Birmingham,CUST9355,PROD107,Laptop,HP Spectre x360,HP,1,1691.74,0.17,0.18,1656.89,Net Banking,Online,EMP381,0,0,Express,4,INR
ORD134865,17-08-2023,BR102,UAE,Abu Dhabi,CUST5262,PROD267,Laptop,MacBook Air M2,Dell,5,1110.63,0.02,0.18,6421.66,Cash,Online,EMP920,0,1,Express,7,USD
ORD134866,16-12-2024,BR87,India,Mumbai,CUST4957,PROD771,Accessories,Wireless Mouse,Sony,4,1478.08,0.05,0.18,6627.71,Net Banking,Online,EMP239,0,1,Express,3,EUR
ORD134867,19-09-2024,BR32,Germany,Hamburg,CUST9358,PROD953,Accessories,Keyboard,OnePlus,4,912.53,0.19,0.18,3488.78,Credit Card,Online,EMP837,3,1,Express,6,USD
ORD134868,27-05-2024,BR62,UK,Manchester,CUST9527,PROD295,Accessories,Bluetooth Headphones,Lenovo,4,1159.08,0.16,0.18,4595.52,UPI,In-Store,EMP836,0,0,Express,8,INR
ORD134869,13-10-2023,BR94,India,Delhi,CUST5318,PROD715,Laptop,HP Spectre x360,Samsung,4,771.52,0.03,0.18,3532.33,UPI,Online,EMP579,0,1,Same Day,10,EUR
ORD134870,25-05-2024,BR6,Germany,Berlin,CUST6927,PROD624,Mobile,Samsung Galaxy S23,Sony,4,1039.61,0.2,0.18,3925.57,Credit Card,Online,EMP235,3,1,Standard,10,USD
ORD134871,19-04-2024,BR68,India,Bangalore,CUST4106,PROD838,Tablet,iPad Air,Sony,4,1048.08,0.07,0.18,4600.65,Credit Card,Online,EMP255,1,1,Same Day,8,AED
ORD134872,14-10-2023,BR60,UK,Manchester,CUST6622,PROD169,TV,Samsung QLED 50,LG,4,1494.8,0.2,0.18,5644.36,Cash,Online,EMP545,3,1,Standard,6,GBP
ORD134873,15-05-2024,BR112,UK,Birmingham,CUST3770,PROD101,Tablet,Samsung Galaxy Tab,Lenovo,5,290.06,0.18,0.18,1403.31,UPI,Online,EMP819,2,0,Standard,3,INR
ORD134874,20-12-2024,BR29,UAE,Dubai,CUST7057,PROD594,TV,LG OLED 48,Dell,5,1008.25,0.26,0.18,4402.02,Credit Card,In-Store,EMP783,3,0,Same Day,7,EUR
ORD134875,08-04-2023,BR56,USA,Chicago,CUST8470,PROD235,Mobile,OnePlus 11,HP,1,709.08,0.13,0.18,727.94,Cash,In-Store,EMP532,2,0,Standard,3,GBP
ORD134876,24-06-2024,BR58,USA,Chicago,CUST2204,PROD753,Accessories,Keyboard,Lenovo,4,731.61,0.08,0.18,3176.94,Net Banking,Online,EMP284,3,1,Express,9,AED
ORD134877,20-02-2023,BR11,India,Bangalore,CUST1580,PROD112,Mobile,OnePlus 11,Lenovo,1,114.08,0.02,0.18,131.92,Cash,In-Store,EMP702,3,1,Standard,10,GBP
ORD134878,01-01-2023,BR100,Germany,Berlin,CUST8471,PROD747,Tablet,Lenovo Tab P11,OnePlus,4,208.54,0.28,0.18,708.7,Credit Card,In-Store,EMP309,2,0,Same Day,1,AED
ORD134879,29-12-2024,BR89,UK,Manchester,CUST2047,PROD288,Laptop,Dell XPS 13,OnePlus,5,1856.4,0.11,0.18,9747.96,Net Banking,Online,EMP752,3,0,Same Day,6,USD
ORD134880,28-03-2024,BR105,Germany,Berlin,CUST1262,PROD605,Mobile,OnePlus 11,Sony,1,1677.65,0.04,0.18,1900.44,Cash,In-Store,EMP741,3,1,Express,5,INR
ORD134881,20-01-2023,BR32,UAE,Dubai,CUST5730,PROD713,Tablet,iPad Air,HP,4,1022.07,0.18,0.18,3955.82,Cash,In-Store,EMP795,2,0,Standard,7,EUR
ORD134882,22-06-2024,BR63,India,Mumbai,CUST5367,PROD910,Mobile,Samsung Galaxy S23,Lenovo,2,179.85,0.27,0.18,309.85,UPI,In-Store,EMP224,2,1,Express,8,EUR
ORD134883,16-04-2024,BR59,USA,Chicago,CUST1462,PROD522,Laptop,Dell XPS 13,Dell,5,219.33,0.09,0.18,1177.58,UPI,Online,EMP352,3,0,Same Day,2,GBP
ORD134884,26-03-2023,BR3,UK,Birmingham,CUST3321,PROD297,Tablet,iPad Air,Dell,2,1880.45,0.14,0.18,3816.56,UPI,In-Store,EMP965,3,0,Express,3,USD
ORD134885,10-01-2024,BR70,Germany,Hamburg,CUST4669,PROD587,Laptop,MacBook Air M2,Dell,3,731.4,0.05,0.18,2459.7,Credit Card,In-Store,EMP877,0,1,Same Day,7,GBP
ORD134886,11-09-2023,BR21,Germany,Berlin,CUST5981,PROD717,Laptop,HP Spectre x360,HP,2,107.23,0.06,0.18,237.88,Net Banking,Online,EMP932,1,0,Standard,6,GBP
ORD134887,11-03-2023,BR36,UAE,Abu Dhabi,CUST1422,PROD585,TV,LG OLED 48,LG,1,1991.03,0.21,0.18,1856.04,Credit Card,Online,EMP823,0,0,Express,5,INR
ORD134888,26-11-2024,BR17,UK,London,CUST2627,PROD357,Laptop,HP Spectre x360,Dell,4,85.98,0.13,0.18,353.07,Cash,In-Store,EMP220,2,1,Express,8,EUR
ORD134889,18-12-2024,BR83,Germany,Munich,CUST3407,PROD277,Accessories,Bluetooth Headphones,Lenovo,1,934.8,0.11,0.18,981.73,Debit Card,In-Store,EMP834,0,0,Standard,5,AED
ORD134890,17-02-2023,BR108,USA,New York,CUST2441,PROD482,Mobile,OnePlus 11,Samsung,2,1336.68,0.16,0.18,2649.83,Cash,Online,EMP202,2,0,Same Day,5,INR
ORD134891,28-11-2024,BR12,India,Pune,CUST8833,PROD184,Laptop,HP Spectre x360,Samsung,3,341.28,0.2,0.18,966.5,Cash,Online,EMP869,3,1,Standard,6,AED
ORD134892,06-07-2024,BR82,UK,Manchester,CUST2032,PROD795,Mobile,iPhone 14,Lenovo,1,1694.25,0.13,0.18,1739.32,Net Banking,Online,EMP442,0,1,Standard,4,GBP
ORD134893,29-06-2023,BR49,UAE,Abu Dhabi,CUST5504,PROD317,Accessories,Keyboard,HP,3,1277.58,0.07,0.18,4206.05,Debit Card,In-Store,EMP240,0,0,Standard,3,EUR
ORD134894,28-03-2023,BR111,India,Delhi,CUST8365,PROD213,TV,Sony Bravia 55,Sony,3,164.56,0.29,0.18,413.61,Net Banking,In-Store,EMP354,3,0,Same Day,6,USD
ORD134895,09-02-2023,BR10,India,Delhi,CUST2839,PROD644,Accessories,Bluetooth Headphones,Lenovo,3,1715.35,0.18,0.18,4979.32,Cash,Online,EMP911,2,0,Express,2,AED
ORD134896,09-03-2024,BR7,UAE,Abu Dhabi,CUST7017,PROD186,Accessories,Bluetooth Headphones,Dell,1,918.59,0.08,0.18,997.22,Net Banking,In-Store,EMP272,0,1,Express,5,USD
ORD134897,25-05-2023,BR108,UAE,Dubai,CUST1283,PROD866,Tablet,Lenovo Tab P11,Apple,5,287.37,0.11,0.18,1508.98,Cash,In-Store,EMP579,0,0,Same Day,7,AED
ORD134898,29-08-2024,BR99,India,Bangalore,CUST8566,PROD689,Mobile,Samsung Galaxy S23,LG,1,1664.28,0,0.18,1963.85,Credit Card,In-Store,EMP274,1,1,Express,6,GBP
ORD134899,20-10-2024,BR2,UAE,Abu Dhabi,CUST6529,PROD399,TV,Sony Bravia 55,Dell,2,1307.83,0.21,0.18,2438.32,Credit Card,In-Store,EMP926,2,0,Standard,1,AED
ORD134900,26-09-2023,BR45,UAE,Dubai,CUST3935,PROD156,Laptop,HP Spectre x360,OnePlus,5,1371.02,0.27,0.18,5904.98,Credit Card,In-Store,EMP813,1,1,Express,10,USD
ORD134901,09-11-2024,BR103,UK,Manchester,CUST6441,PROD653,TV,Sony Bravia 55,Lenovo,4,1952.51,0.21,0.18,7280.52,Credit Card,Online,EMP630,1,0,Express,8,GBP
ORD134902,15-07-2023,BR77,India,Pune,CUST9207,PROD546,Mobile,OnePlus 11,Lenovo,5,226.48,0.09,0.18,1215.97,UPI,In-Store,EMP990,1,1,Express,2,USD
ORD134903,12-06-2024,BR35,UAE,Abu Dhabi,CUST3220,PROD805,Mobile,iPhone 14,Sony,1,1216.94,0.2,0.18,1148.79,Credit Card,Online,EMP929,0,1,Express,9,EUR
ORD134904,22-05-2024,BR15,India,Mumbai,CUST8251,PROD811,Mobile,Samsung Galaxy S23,Dell,1,777.21,0.29,0.18,651.15,Cash,Online,EMP789,3,1,Same Day,3,AED
ORD134905,24-08-2023,BR55,India,Pune,CUST6877,PROD125,TV,LG OLED 48,Dell,4,1161.38,0.19,0.18,4440.19,UPI,Online,EMP641,0,0,Express,8,USD
ORD134906,14-03-2024,BR48,Germany,Munich,CUST3015,PROD857,TV,LG OLED 48,HP,3,347.89,0.08,0.18,1133.01,Net Banking,Online,EMP676,2,0,Express,6,INR
ORD134907,25-04-2024,BR98,UK,Manchester,CUST3851,PROD454,Laptop,Dell XPS 13,Lenovo,3,1068.12,0.14,0.18,3251.78,Debit Card,Online,EMP894,2,0,Express,1,INR
ORD134908,22-09-2023,BR103,USA,Chicago,CUST4028,PROD534,TV,LG OLED 48,HP,3,761.1,0.18,0.18,2209.32,Credit Card,Online,EMP418,3,1,Standard,10,EUR
ORD134909,05-09-2024,BR94,Germany,Munich,CUST1648,PROD377,Laptop,HP Spectre x360,Sony,5,1378.02,0.11,0.18,7235.98,Debit Card,In-Store,EMP820,1,0,Same Day,9,EUR
ORD134910,05-05-2023,BR103,USA,Chicago,CUST4459,PROD809,Tablet,Lenovo Tab P11,Samsung,2,457.65,0.27,0.18,788.44,Debit Card,Online,EMP563,3,0,Same Day,6,AED
ORD134911,12-08-2023,BR7,Germany,Hamburg,CUST2927,PROD650,Laptop,MacBook Air M2,HP,4,1485.8,0.21,0.18,5540.25,Net Banking,In-Store,EMP781,1,1,Express,6,AED
ORD134912,19-08-2023,BR109,USA,Los Angeles,CUST4697,PROD354,Tablet,iPad Air,Samsung,4,666.45,0.13,0.18,2736.71,UPI,Online,EMP588,0,0,Same Day,1,INR
ORD134913,23-02-2024,BR93,UK,London,CUST7695,PROD146,Mobile,Samsung Galaxy S23,OnePlus,3,1120.42,0.15,0.18,3371.34,Debit Card,Online,EMP796,3,0,Same Day,8,AED
ORD134914,24-06-2024,BR28,UK,London,CUST1754,PROD193,Tablet,Samsung Galaxy Tab,HP,5,263.88,0.16,0.18,1307.79,Credit Card,In-Store,EMP928,2,0,Express,1,USD
ORD134915,11-01-2023,BR28,UAE,Dubai,CUST9198,PROD643,TV,Sony Bravia 55,Apple,1,570.84,0.25,0.18,505.19,Net Banking,In-Store,EMP569,1,0,Standard,8,GBP
ORD134916,26-01-2024,BR4,USA,New York,CUST1378,PROD500,TV,Samsung QLED 50,Apple,1,1994.35,0.15,0.18,2000.33,Debit Card,Online,EMP840,2,1,Express,6,EUR
ORD134917,09-10-2023,BR120,USA,New York,CUST4921,PROD755,Mobile,iPhone 14,HP,2,1066.07,0.13,0.18,2188.85,Debit Card,In-Store,EMP746,0,1,Standard,7,AED
ORD134918,25-04-2024,BR119,Germany,Munich,CUST1157,PROD775,TV,LG OLED 48,Sony,5,1717.18,0.2,0.18,8105.09,Cash,In-Store,EMP399,0,1,Express,6,USD
ORD134919,27-09-2024,BR90,UK,London,CUST1593,PROD197,Tablet,Samsung Galaxy Tab,LG,3,1586.48,0.05,0.18,5335.33,Net Banking,Online,EMP457,1,0,Same Day,3,INR
ORD134920,16-03-2023,BR86,USA,Los Angeles,CUST1040,PROD482,Accessories,Keyboard,Samsung,2,811.16,0.25,0.18,1435.75,Credit Card,Online,EMP985,1,0,Standard,10,INR
ORD134921,09-12-2024,BR19,Germany,Hamburg,CUST5120,PROD515,Tablet,iPad Air,HP,1,81.73,0.13,0.18,83.9,Cash,Online,EMP441,2,1,Standard,8,INR
ORD134922,16-12-2023,BR68,UAE,Abu Dhabi,CUST6219,PROD949,Laptop,HP Spectre x360,Apple,3,745.61,0.01,0.18,2613.06,Net Banking,Online,EMP441,3,0,Same Day,7,GBP
ORD134923,30-05-2023,BR76,UK,Birmingham,CUST3691,PROD246,Tablet,iPad Air,Lenovo,5,350.92,0.03,0.18,2008.32,Debit Card,Online,EMP584,2,0,Express,4,EUR
ORD134924,17-02-2024,BR18,UAE,Dubai,CUST2080,PROD873,Mobile,iPhone 14,LG,4,1440.06,0.17,0.18,5641.58,Cash,In-Store,EMP763,2,1,Standard,3,USD
ORD134925,11-01-2024,BR57,USA,Los Angeles,CUST4589,PROD779,Tablet,Samsung Galaxy Tab,Samsung,3,324.17,0.1,0.18,1032.81,UPI,Online,EMP898,3,1,Standard,9,USD
ORD134926,08-12-2024,BR57,UAE,Dubai,CUST1437,PROD859,TV,LG OLED 48,Dell,3,1379.78,0.26,0.18,3614.47,Net Banking,Online,EMP737,3,0,Same Day,8,USD
ORD134927,16-04-2023,BR39,USA,Chicago,CUST9786,PROD374,Tablet,iPad Air,Sony,4,647.72,0.1,0.18,2751.51,Credit Card,Online,EMP933,2,1,Express,5,INR
ORD134928,23-06-2023,BR73,Germany,Hamburg,CUST4843,PROD337,Laptop,HP Spectre x360,Dell,4,743.39,0.16,0.18,2947.39,Credit Card,Online,EMP968,3,1,Express,6,GBP
ORD134929,08-09-2024,BR41,Germany,Munich,CUST5541,PROD931,TV,Samsung QLED 50,Samsung,1,260.09,0.16,0.18,257.8,Cash,Online,EMP580,1,0,Same Day,9,GBP
ORD134930,07-05-2023,BR61,UAE,Dubai,CUST6861,PROD179,TV,Sony Bravia 55,Sony,5,1203.74,0.03,0.18,6889,Debit Card,Online,EMP881,0,0,Express,5,AED
ORD134931,24-10-2023,BR107,India,Mumbai,CUST3565,PROD353,Tablet,iPad Air,OnePlus,3,454.62,0.06,0.18,1512.79,Credit Card,Online,EMP943,3,1,Same Day,1,AED
ORD134932,19-07-2024,BR28,USA,New York,CUST3744,PROD105,TV,Sony Bravia 55,LG,4,905.58,0.06,0.18,4017.88,Debit Card,Online,EMP746,0,0,Same Day,4,AED
ORD134933,18-05-2023,BR16,USA,Dallas,CUST3297,PROD482,Mobile,iPhone 14,Lenovo,4,1974.61,0.09,0.18,8481.34,UPI,Online,EMP349,2,1,Same Day,3,INR
ORD134934,27-01-2024,BR25,Germany,Berlin,CUST5621,PROD127,Tablet,Samsung Galaxy Tab,Lenovo,2,1113.09,0.14,0.18,2259.13,Credit Card,Online,EMP797,1,0,Standard,3,USD
ORD134935,09-12-2024,BR66,UAE,Abu Dhabi,CUST2223,PROD354,Tablet,Samsung Galaxy Tab,Samsung,1,1895.62,0.1,0.18,2013.15,Credit Card,Online,EMP690,3,1,Express,2,USD
ORD134936,15-12-2024,BR30,India,Bangalore,CUST4319,PROD540,Accessories,Wireless Mouse,OnePlus,4,1578.93,0.08,0.18,6856.35,Debit Card,Online,EMP969,0,1,Standard,4,GBP
ORD134937,17-02-2024,BR101,UK,Manchester,CUST1207,PROD178,TV,LG OLED 48,Dell,2,284.2,0.22,0.18,523.16,Cash,Online,EMP812,0,1,Standard,5,GBP
ORD134938,18-04-2023,BR58,Germany,Munich,CUST2702,PROD145,Accessories,Keyboard,Sony,1,1003.18,0,0.18,1183.75,Debit Card,Online,EMP855,1,1,Standard,7,USD
ORD134939,03-10-2024,BR1,USA,Chicago,CUST5761,PROD905,Accessories,Keyboard,Lenovo,5,207.86,0.05,0.18,1165.06,Debit Card,In-Store,EMP815,3,1,Express,9,INR
ORD134940,08-03-2024,BR4,USA,Los Angeles,CUST2435,PROD568,TV,LG OLED 48,LG,1,1331.45,0.29,0.18,1115.49,Credit Card,Online,EMP881,0,1,Same Day,1,AED
ORD134941,07-10-2024,BR103,UK,Birmingham,CUST3900,PROD655,TV,Samsung QLED 50,Lenovo,2,648.98,0.15,0.18,1301.85,UPI,In-Store,EMP262,1,1,Express,1,AED
ORD134942,04-03-2023,BR78,UAE,Abu Dhabi,CUST5224,PROD205,Accessories,Keyboard,Samsung,2,1796.08,0.19,0.18,3433.39,Credit Card,In-Store,EMP768,1,1,Same Day,4,GBP
ORD134943,14-06-2023,BR93,UK,Manchester,CUST1884,PROD128,TV,Sony Bravia 55,OnePlus,5,1713.71,0.1,0.18,9099.8,Net Banking,Online,EMP603,3,0,Same Day,2,EUR
ORD134944,16-07-2023,BR114,UAE,Abu Dhabi,CUST1297,PROD657,Accessories,Keyboard,OnePlus,3,1046.99,0.08,0.18,3409.84,Net Banking,Online,EMP820,0,1,Express,7,EUR
ORD134945,30-09-2024,BR101,Germany,Berlin,CUST3398,PROD652,Mobile,Samsung Galaxy S23,Dell,3,162.02,0,0.18,573.55,Cash,Online,EMP625,1,1,Same Day,8,EUR
ORD134946,15-09-2024,BR114,USA,Los Angeles,CUST3657,PROD451,Accessories,Bluetooth Headphones,Lenovo,5,1949.56,0.17,0.18,9547,Cash,In-Store,EMP550,2,1,Express,2,INR
ORD134947,02-10-2024,BR5,Germany,Hamburg,CUST8089,PROD130,TV,Samsung QLED 50,Samsung,2,436.72,0.19,0.18,834.83,Credit Card,In-Store,EMP927,3,0,Express,10,GBP
ORD134948,20-12-2023,BR70,USA,New York,CUST2877,PROD841,Mobile,OnePlus 11,Lenovo,5,66.67,0.07,0.18,365.82,Net Banking,Online,EMP524,1,0,Same Day,6,USD
ORD134949,21-03-2023,BR40,India,Delhi,CUST6237,PROD624,Mobile,OnePlus 11,Lenovo,1,1053.1,0.28,0.18,894.71,UPI,Online,EMP690,3,1,Standard,10,INR
ORD134950,24-06-2024,BR12,UAE,Dubai,CUST2997,PROD901,Mobile,OnePlus 11,Lenovo,1,1948.03,0.08,0.18,2114.78,UPI,In-Store,EMP827,2,1,Same Day,8,EUR
ORD134951,06-08-2024,BR83,Germany,Munich,CUST6302,PROD275,TV,LG OLED 48,HP,4,1664.85,0.22,0.18,6129.31,Credit Card,Online,EMP917,2,0,Standard,3,INR
ORD134952,22-03-2024,BR24,Germany,Hamburg,CUST2606,PROD135,Laptop,HP Spectre x360,Dell,2,1659.48,0.19,0.18,3172.26,Cash,In-Store,EMP877,3,0,Express,5,INR
ORD134953,19-08-2024,BR99,India,Pune,CUST3404,PROD324,Accessories,Wireless Mouse,OnePlus,1,1203.26,0.03,0.18,1377.25,Cash,In-Store,EMP984,0,0,Same Day,9,GBP
ORD134954,02-06-2024,BR24,USA,New York,CUST6312,PROD987,TV,Samsung QLED 50,Sony,4,1996.08,0.24,0.18,7160.34,Net Banking,Online,EMP331,3,0,Express,5,GBP
ORD134955,30-01-2023,BR103,India,Mumbai,CUST5534,PROD816,Laptop,HP Spectre x360,Apple,1,438.19,0.09,0.18,470.53,Net Banking,Online,EMP674,0,0,Standard,10,GBP
ORD134956,08-08-2023,BR103,USA,Dallas,CUST6025,PROD935,TV,LG OLED 48,Sony,1,718.03,0.09,0.18,771.02,Debit Card,In-Store,EMP386,0,1,Standard,8,GBP
ORD134957,03-03-2023,BR39,USA,New York,CUST6150,PROD920,TV,LG OLED 48,Dell,3,1409.1,0.28,0.18,3591.51,Debit Card,In-Store,EMP724,2,0,Standard,5,GBP
ORD134958,12-03-2024,BR114,USA,Chicago,CUST5552,PROD537,Mobile,OnePlus 11,Lenovo,4,614.97,0.3,0.18,2031.86,Net Banking,Online,EMP278,0,1,Same Day,9,USD
ORD134959,22-01-2023,BR83,Germany,Berlin,CUST4760,PROD660,TV,Sony Bravia 55,LG,4,706.83,0.23,0.18,2568.9,Credit Card,In-Store,EMP627,3,0,Express,3,AED
ORD134960,08-04-2024,BR14,Germany,Hamburg,CUST2380,PROD234,Tablet,Samsung Galaxy Tab,Lenovo,3,917.99,0.08,0.18,2989.71,Credit Card,Online,EMP641,0,0,Standard,5,AED
ORD134961,02-07-2024,BR74,Germany,Berlin,CUST7924,PROD232,Accessories,Bluetooth Headphones,Sony,2,1372.91,0.08,0.18,2980.86,Debit Card,Online,EMP497,0,0,Same Day,7,GBP
ORD134962,25-09-2023,BR109,USA,New York,CUST6310,PROD730,Mobile,iPhone 14,Apple,5,1497.6,0.04,0.18,8482.41,Net Banking,In-Store,EMP498,0,1,Express,4,GBP
ORD134963,12-10-2023,BR110,UAE,Abu Dhabi,CUST6428,PROD181,Laptop,MacBook Air M2,Sony,5,62.87,0.2,0.18,296.75,Credit Card,In-Store,EMP920,3,0,Express,9,USD
ORD134964,05-11-2024,BR52,UK,Manchester,CUST6874,PROD116,Mobile,OnePlus 11,HP,1,534.79,0.28,0.18,454.36,Debit Card,In-Store,EMP806,0,1,Same Day,7,INR
ORD134965,11-12-2024,BR74,Germany,Berlin,CUST6930,PROD720,Laptop,HP Spectre x360,Dell,5,629.16,0.09,0.18,3377.96,Debit Card,Online,EMP821,0,1,Standard,6,AED
ORD134966,28-05-2024,BR76,UAE,Dubai,CUST5822,PROD491,Accessories,Bluetooth Headphones,LG,5,1237.27,0.08,0.18,6715.9,UPI,Online,EMP651,0,0,Standard,6,USD
ORD134967,07-01-2023,BR57,Germany,Berlin,CUST5050,PROD569,Laptop,HP Spectre x360,LG,3,129.11,0.21,0.18,361.07,Credit Card,In-Store,EMP287,0,0,Same Day,10,INR
ORD134968,14-04-2024,BR9,India,Mumbai,CUST1676,PROD838,Mobile,Samsung Galaxy S23,HP,1,983.86,0.03,0.18,1126.13,Debit Card,In-Store,EMP775,2,1,Standard,4,INR
ORD134969,18-04-2023,BR67,Germany,Munich,CUST7623,PROD926,TV,Samsung QLED 50,Lenovo,1,1880.73,0.14,0.18,1908.56,Debit Card,Online,EMP270,2,0,Express,8,GBP
ORD134970,24-07-2024,BR86,Germany,Berlin,CUST3059,PROD746,Accessories,Bluetooth Headphones,OnePlus,1,1897.83,0.01,0.18,2217.05,Net Banking,In-Store,EMP547,2,0,Express,5,GBP
ORD134971,20-04-2023,BR28,UK,Birmingham,CUST2713,PROD900,Laptop,Dell XPS 13,HP,1,462.78,0.04,0.18,524.24,Debit Card,Online,EMP557,1,0,Standard,6,GBP
ORD134972,20-01-2024,BR46,UAE,Dubai,CUST9927,PROD671,Laptop,Dell XPS 13,Dell,5,549.2,0.18,0.18,2657.03,UPI,Online,EMP884,1,1,Express,3,GBP
ORD134973,23-05-2024,BR115,Germany,Hamburg,CUST6293,PROD432,Mobile,iPhone 14,OnePlus,2,1496.52,0.22,0.18,2754.79,Cash,In-Store,EMP874,0,1,Same Day,6,INR
ORD134974,23-07-2024,BR12,Germany,Berlin,CUST7058,PROD406,Accessories,Keyboard,OnePlus,5,1728.26,0.08,0.18,9381,UPI,In-Store,EMP932,2,1,Standard,10,INR
ORD134975,25-02-2024,BR80,USA,New York,CUST9719,PROD601,Accessories,Wireless Mouse,HP,3,1541.97,0.03,0.18,5294.82,Net Banking,Online,EMP200,2,1,Express,10,USD
ORD134976,12-01-2024,BR28,UK,London,CUST6510,PROD372,Laptop,Dell XPS 13,Apple,1,1241.56,0.06,0.18,1377.14,Cash,Online,EMP443,1,1,Same Day,4,EUR
ORD134977,26-03-2024,BR82,India,Pune,CUST1092,PROD784,Tablet,Samsung Galaxy Tab,OnePlus,2,681.88,0.13,0.18,1400.04,UPI,Online,EMP406,2,1,Standard,5,GBP
ORD134978,23-07-2023,BR39,Germany,Berlin,CUST2720,PROD157,Tablet,Samsung Galaxy Tab,LG,5,147.87,0.15,0.18,741.57,Net Banking,In-Store,EMP979,2,1,Express,2,USD
ORD134979,28-07-2023,BR63,USA,Chicago,CUST4383,PROD432,TV,Samsung QLED 50,LG,2,1966.96,0.21,0.18,3667.2,Credit Card,In-Store,EMP433,2,1,Express,8,AED
ORD134980,29-04-2024,BR48,UAE,Dubai,CUST3717,PROD100,Tablet,iPad Air,Sony,2,1952.04,0.17,0.18,3823.66,UPI,Online,EMP660,1,0,Standard,4,USD
ORD134981,24-02-2024,BR60,UK,Manchester,CUST3025,PROD427,Tablet,iPad Air,LG,1,550.34,0.25,0.18,487.05,Cash,Online,EMP719,3,0,Express,6,INR
ORD134982,10-09-2024,BR8,UK,Manchester,CUST8265,PROD919,Laptop,HP Spectre x360,Lenovo,2,673.83,0.14,0.18,1367.61,Debit Card,Online,EMP981,2,1,Standard,3,INR
ORD134983,31-10-2024,BR62,USA,Los Angeles,CUST8147,PROD325,Mobile,OnePlus 11,HP,3,372.19,0.28,0.18,948.64,UPI,In-Store,EMP874,3,1,Standard,1,USD
ORD134984,20-06-2024,BR65,USA,Dallas,CUST3934,PROD158,Mobile,iPhone 14,Apple,5,1489.36,0.28,0.18,6326.8,UPI,In-Store,EMP874,2,0,Standard,7,AED
ORD134985,31-03-2024,BR120,USA,Chicago,CUST7921,PROD509,Tablet,iPad Air,Lenovo,4,1455.92,0.12,0.18,6047.31,Cash,Online,EMP799,1,1,Express,4,AED
ORD134986,31-07-2024,BR51,India,Delhi,CUST4295,PROD894,Accessories,Keyboard,Sony,3,775.48,0.24,0.18,2086.35,Net Banking,In-Store,EMP628,3,0,Express,10,USD
ORD134987,12-11-2024,BR88,Germany,Hamburg,CUST7736,PROD507,TV,Samsung QLED 50,Dell,5,1723.52,0.23,0.18,7829.95,Debit Card,In-Store,EMP954,1,0,Same Day,8,EUR
ORD134988,11-07-2024,BR22,USA,Chicago,CUST8238,PROD889,Tablet,iPad Air,OnePlus,2,1842.13,0.09,0.18,3956.16,Net Banking,Online,EMP648,2,0,Standard,6,EUR
ORD134989,19-07-2023,BR63,Germany,Berlin,CUST4140,PROD772,Accessories,Wireless Mouse,Dell,1,550.78,0.17,0.18,539.43,Debit Card,Online,EMP278,3,0,Same Day,4,GBP
ORD134990,27-07-2023,BR4,India,Bangalore,CUST7885,PROD468,Accessories,Bluetooth Headphones,Dell,1,1546.44,0.08,0.18,1678.82,UPI,In-Store,EMP429,3,0,Same Day,7,EUR
ORD134991,29-01-2024,BR67,UK,London,CUST1749,PROD840,Mobile,iPhone 14,HP,1,220.68,0.29,0.18,184.89,Net Banking,Online,EMP339,2,1,Same Day,9,AED
ORD134992,06-05-2024,BR17,Germany,Munich,CUST5515,PROD728,Accessories,Keyboard,OnePlus,1,1698.78,0.13,0.18,1743.97,Credit Card,In-Store,EMP421,1,1,Same Day,3,EUR
ORD134993,11-01-2024,BR114,India,Delhi,CUST9901,PROD153,Mobile,Samsung Galaxy S23,Samsung,1,1593.59,0.13,0.18,1635.98,Net Banking,Online,EMP256,3,0,Express,2,AED
ORD134994,08-09-2024,BR8,UK,London,CUST9303,PROD432,Laptop,Dell XPS 13,HP,5,82.76,0.05,0.18,463.87,Net Banking,In-Store,EMP916,3,0,Standard,1,INR
ORD134995,18-08-2024,BR16,India,Pune,CUST8788,PROD955,Tablet,iPad Air,Apple,3,1202.82,0.23,0.18,3278.65,Cash,In-Store,EMP279,3,0,Same Day,6,INR
ORD134996,23-04-2024,BR107,Germany,Munich,CUST9688,PROD439,Mobile,OnePlus 11,Apple,4,540.45,0.21,0.18,2015.23,UPI,In-Store,EMP917,0,1,Standard,10,GBP
ORD134997,21-05-2023,BR62,Germany,Munich,CUST2679,PROD595,Mobile,OnePlus 11,Lenovo,1,854.63,0.2,0.18,806.77,Net Banking,Online,EMP672,1,0,Express,3,USD
ORD134998,11-08-2024,BR16,UAE,Abu Dhabi,CUST1832,PROD186,Mobile,Samsung Galaxy S23,OnePlus,3,1526.8,0.19,0.18,4377.95,Credit Card,In-Store,EMP310,3,0,Standard,1,AED
ORD134999,27-05-2024,BR74,India,Bangalore,CUST6040,PROD348,Mobile,iPhone 14,LG,3,1390.07,0.26,0.18,3641.43,Credit Card,Online,EMP695,3,1,Same Day,9,INR
ORD135000,26-10-2023,BR17,USA,Chicago,CUST5958,PROD124,TV,Samsung QLED 50,Dell,5,1554.65,0.12,0.18,8071.74,Credit Card,Online,EMP288,0,0,Same Day,6,AED
