OrderID,OrderDate,BranchID,Country,City,CustomerID,ProductID,ProductCategory,ProductName,Brand,Quantity,UnitPrice,DiscountRate,TaxRate,TotalAmount,PaymentMethod,SalesChannel,EmployeeID,WarrantyYears,ReturnFlag,ShipmentMode,DeliveryDays,Currency
ORD135001,04-01-2023,BR110,India,Pune,CUST6822,PROD150,Mobile,Samsung Galaxy S23,HP,5,1347.43,0.25,0.18,5962.38,Debit Card,In-Store,EMP954,2,1,Standard,3,USD
ORD135002,10-11-2024,BR90,UK,London,CUST8643,PROD753,Laptop,HP Spectre x360,Lenovo,2,472.63,0.09,0.18,1015.02,Cash,Online,EMP291,3,1,Standard,4,EUR
ORD135003,09-05-2023,BR110,UK,London,CUST3637,PROD857,Mobile,iPhone 14,Dell,1,1724.56,0.1,0.18,1831.48,Debit Card,Online,EMP365,1,0,Same Day,8,USD
ORD135004,21-01-2024,BR86,Germany,Hamburg,CUST2738,PROD383,Laptop,MacBook Air M2,Samsung,1,746.97,0.04,0.18,846.17,Cash,In-Store,EMP990,2,0,Express,7,INR
ORD135005,23-12-2023,BR50,UK,London,CUST2134,PROD923,Tablet,iPad Air,Apple,5,600.09,0.23,0.18,2726.21,UPI,In-Store,EMP214,0,0,Same Day,7,USD
ORD135006,09-09-2024,BR39,India,Pune,CUST7913,PROD971,Accessories,Keyboard,OnePlus,4,1501.17,0.22,0.18,5526.71,Net Banking,Online,EMP462,3,1,Standard,4,USD
ORD135007,28-02-2023,BR19,Germany,Munich,CUST4763,PROD950,TV,LG OLED 48,Dell,5,1495.55,0.2,0.18,7059,Debit Card,Online,EMP227,3,1,Same Day,6,EUR
ORD135008,22-02-2024,BR90,Germany,Berlin,CUST5881,PROD387,Accessories,Bluetooth Headphones,Sony,4,402.36,0.27,0.18,1386.37,Credit Card,In-Store,EMP538,3,1,Express,2,INR
ORD135009,12-01-2024,BR84,USA,New York,CUST4443,PROD437,Accessories,Bluetooth Headphones,HP,5,1921.6,0.09,0.18,10317.07,Credit Card,Online,EMP811,3,1,Standard,5,USD
ORD135010,17-06-2023,BR69,India,Bangalore,CUST8787,PROD448,Laptop,HP Spectre x360,Dell,5,1437.04,0.12,0.18,7461.11,Credit Card,Online,EMP878,2,1,Express,9,AED
ORD135011,21-02-2023,BR74,USA,Chicago,CUST7192,PROD434,Laptop,Dell XPS 13,LG,3,273.69,0,0.18,968.86,Debit Card,Online,EMP488,1,1,Express,10,GBP
ORD135012,30-03-2023,BR59,USA,Los Angeles,CUST7628,PROD742,Accessories,Wireless Mouse,Sony,2,734.61,0.3,0.18,1213.58,Net Banking,In-Store,EMP500,1,0,Same Day,4,USD
ORD135013,12-06-2024,BR47,UAE,Dubai,CUST3179,PROD860,Mobile,OnePlus 11,Samsung,5,693.76,0.06,0.18,3847.59,Net Banking,In-Store,EMP787,3,0,Same Day,4,AED
ORD135014,08-02-2024,BR18,UK,Birmingham,CUST5398,PROD368,Accessories,Bluetooth Headphones,Sony,5,254.69,0.21,0.18,1187.11,Credit Card,In-Store,EMP941,2,1,Same Day,5,USD
ORD135015,09-06-2023,BR22,USA,New York,CUST7976,PROD814,Accessories,Wireless Mouse,Sony,5,129.02,0.03,0.18,738.38,Cash,Online,EMP449,1,1,Standard,4,EUR
ORD135016,08-12-2023,BR33,UK,Manchester,CUST4366,PROD672,Laptop,MacBook Air M2,Dell,1,512.14,0.19,0.18,489.5,UPI,In-Store,EMP588,0,1,Same Day,1,EUR
ORD135017,18-02-2024,BR80,Germany,Munich,CUST4843,PROD408,Accessories,Bluetooth Headphones,Samsung,1,1720.12,0.26,0.18,1502.01,Credit Card,In-Store,EMP472,0,1,Same Day,7,INR
ORD135018,26-04-2023,BR82,Germany,Berlin,CUST7685,PROD525,Mobile,Samsung Galaxy S23,Dell,3,1149.96,0.12,0.18,3582.36,Cash,In-Store,EMP889,1,1,Express,8,EUR
ORD135019,01-07-2024,BR75,UK,London,CUST6226,PROD920,Mobile,Samsung Galaxy S23,LG,5,1450.35,0.19,0.18,6931.22,Net Banking,In-Store,EMP864,3,1,Express,1,AED
ORD135020,16-09-2023,BR27,UK,Manchester,CUST2129,PROD164,Mobile,OnePlus 11,OnePlus,1,639.08,0.18,0.18,618.37,UPI,In-Store,EMP439,3,0,Same Day,9,INR
ORD135021,01-01-2023,BR76,UK,Birmingham,CUST7882,PROD281,Tablet,Samsung Galaxy Tab,OnePlus,1,1583.17,0.15,0.18,1587.92,Debit Card,Online,EMP551,2,0,Same Day,4,GBP
ORD135022,29-09-2024,BR38,USA,Chicago,CUST5194,PROD183,TV,Sony Bravia 55,Apple,3,1594.59,0.04,0.18,5419.05,Net Banking,Online,EMP486,0,0,Same Day,1,EUR
ORD135023,14-12-2023,BR39,UAE,Abu Dhabi,CUST6543,PROD416,TV,Samsung QLED 50,Dell,1,88.78,0.26,0.18,77.52,Cash,Online,EMP767,3,1,Standard,5,AED
ORD135024,14-01-2024,BR70,India,Pune,CUST5621,PROD143,TV,Sony Bravia 55,Dell,2,988.21,0.27,0.18,1702.49,Cash,In-Store,EMP221,3,1,Express,7,USD
ORD135025,25-05-2024,BR61,UAE,Dubai,CUST5515,PROD332,TV,LG OLED 48,Lenovo,2,1054.09,0,0.18,2487.65,Debit Card,In-Store,EMP562,0,1,Same Day,5,EUR
ORD135026,31-12-2024,BR115,India,Delhi,CUST3712,PROD276,Mobile,Samsung Galaxy S23,Samsung,4,985.42,0.14,0.18,4000.02,Debit Card,Online,EMP795,1,0,Same Day,2,AED
ORD135027,10-06-2023,BR47,India,Pune,CUST6027,PROD761,Accessories,Wireless Mouse,OnePlus,5,316.02,0.17,0.18,1547.55,Cash,In-Store,EMP265,2,0,Standard,8,INR
ORD135028,03-01-2024,BR27,Germany,Berlin,CUST5640,PROD390,Laptop,MacBook Air M2,Dell,3,658.7,0,0.18,2331.8,Credit Card,In-Store,EMP939,0,1,Express,7,GBP
ORD135029,08-08-2023,BR100,UK,Manchester,CUST8760,PROD333,Mobile,Samsung Galaxy S23,OnePlus,5,454,0.06,0.18,2517.88,Debit Card,Online,EMP292,1,0,Standard,3,USD
ORD135030,11-08-2023,BR114,India,Bangalore,CUST2469,PROD175,Tablet,Samsung Galaxy Tab,HP,3,1672.37,0.04,0.18,5683.38,Net Banking,Online,EMP455,3,1,Express,4,AED
ORD135031,03-09-2023,BR54,UAE,Abu Dhabi,CUST6210,PROD249,Accessories,Keyboard,Sony,4,1693.9,0.1,0.18,7195.69,Debit Card,Online,EMP928,3,0,Standard,8,GBP
ORD135032,05-09-2024,BR12,USA,Los Angeles,CUST5209,PROD699,Tablet,Lenovo Tab P11,LG,4,653.48,0.18,0.18,2529.23,Net Banking,Online,EMP912,2,0,Express,10,USD
ORD135033,23-09-2023,BR80,USA,Dallas,CUST4200,PROD622,Mobile,iPhone 14,Dell,4,802.76,0,0.18,3789.03,UPI,In-Store,EMP454,1,0,Express,6,USD
ORD135034,07-08-2024,BR93,UK,Manchester,CUST5631,PROD780,Mobile,iPhone 14,Lenovo,5,492.01,0.29,0.18,2061.03,Debit Card,Online,EMP382,1,0,Standard,2,EUR
ORD135035,05-05-2024,BR91,India,Delhi,CUST9017,PROD994,Accessories,Wireless Mouse,Samsung,5,877.28,0.08,0.18,4761.88,UPI,Online,EMP229,0,0,Standard,7,USD
ORD135036,30-01-2024,BR98,Germany,Munich,CUST7321,PROD580,Mobile,iPhone 14,HP,1,1305.58,0.13,0.18,1340.31,Net Banking,Online,EMP244,1,1,Same Day,4,AED
ORD135037,04-04-2023,BR93,USA,Dallas,CUST2985,PROD444,Tablet,Samsung Galaxy Tab,OnePlus,4,76.56,0.09,0.18,328.84,Credit Card,In-Store,EMP582,2,0,Same Day,6,INR
ORD135038,03-08-2023,BR35,USA,Dallas,CUST9525,PROD821,Laptop,HP Spectre x360,Samsung,2,1444.62,0.11,0.18,3034.28,Net Banking,In-Store,EMP605,3,1,Same Day,4,USD
ORD135039,20-07-2023,BR13,UAE,Dubai,CUST9792,PROD184,Accessories,Bluetooth Headphones,OnePlus,2,1356.08,0.25,0.18,2400.26,Net Banking,In-Store,EMP236,0,1,Same Day,2,AED
ORD135040,07-01-2024,BR106,UAE,Dubai,CUST4585,PROD157,Accessories,Keyboard,Dell,1,671.92,0.07,0.18,737.37,Debit Card,In-Store,EMP343,2,0,Standard,5,USD
ORD135041,19-09-2023,BR20,UK,Manchester,CUST9367,PROD256,Tablet,iPad Air,LG,5,79.07,0.16,0.18,391.87,Net Banking,Online,EMP686,1,1,Standard,8,USD
ORD135042,13-01-2023,BR112,India,Delhi,CUST1715,PROD361,Laptop,HP Spectre x360,Apple,5,776.75,0,0.18,4582.82,Net Banking,In-Store,EMP453,1,1,Express,2,USD
ORD135043,05-06-2023,BR23,UK,Manchester,CUST8940,PROD689,Tablet,Lenovo Tab P11,HP,1,241.31,0.26,0.18,210.71,Cash,Online,EMP973,1,1,Standard,4,AED
ORD135044,09-12-2024,BR13,UK,Manchester,CUST9961,PROD100,Mobile,iPhone 14,Lenovo,2,1702.8,0.11,0.18,3576.56,Debit Card,Online,EMP363,0,1,Express,4,GBP
ORD135045,08-01-2023,BR54,USA,Chicago,CUST1403,PROD961,Accessories,Wireless Mouse,Samsung,1,1937.75,0.01,0.18,2263.68,Debit Card,In-Store,EMP769,0,0,Same Day,1,INR
ORD135046,02-11-2023,BR43,UK,Manchester,CUST4793,PROD678,Laptop,Dell XPS 13,LG,1,1816.94,0.11,0.18,1908.15,Debit Card,Online,EMP894,3,0,Express,5,AED
ORD135047,22-10-2024,BR103,Germany,Hamburg,CUST2210,PROD359,TV,LG OLED 48,HP,3,1942.58,0.21,0.18,5432.62,Net Banking,Online,EMP309,1,1,Same Day,3,USD
ORD135048,21-10-2023,BR32,Germany,Berlin,CUST7221,PROD991,Accessories,Wireless Mouse,LG,4,1882.02,0.09,0.18,8083.65,Cash,Online,EMP968,2,0,Same Day,3,EUR
ORD135049,24-03-2024,BR85,UAE,Dubai,CUST3083,PROD880,TV,Samsung QLED 50,Dell,5,1759.63,0.03,0.18,10070.36,UPI,Online,EMP314,2,1,Standard,5,EUR
ORD135050,16-11-2024,BR87,USA,New York,CUST7629,PROD667,Laptop,HP Spectre x360,Sony,3,895.14,0.29,0.18,2249.84,Credit Card,Online,EMP242,0,0,Express,7,USD
ORD135051,10-05-2024,BR30,UAE,Abu Dhabi,CUST8758,PROD361,Mobile,OnePlus 11,Apple,2,1768.87,0.16,0.18,3506.61,Credit Card,In-Store,EMP731,0,0,Express,10,EUR
ORD135052,06-08-2023,BR23,India,Bangalore,CUST5251,PROD281,Tablet,iPad Air,OnePlus,3,1862.87,0.01,0.18,6528.61,Credit Card,Online,EMP673,0,0,Same Day,6,AED
ORD135053,09-11-2024,BR34,UAE,Dubai,CUST1348,PROD169,TV,Sony Bravia 55,OnePlus,4,191.59,0.16,0.18,759.62,Credit Card,Online,EMP682,1,0,Standard,9,EUR
ORD135054,07-12-2023,BR67,India,Mumbai,CUST9738,PROD955,Accessories,Keyboard,HP,3,1309.37,0.27,0.18,3383.67,Net Banking,In-Store,EMP864,0,0,Same Day,4,USD
ORD135055,14-04-2023,BR85,UK,London,CUST6909,PROD619,Mobile,iPhone 14,LG,2,1084.35,0.1,0.18,2303.16,Cash,In-Store,EMP400,0,0,Express,5,USD
ORD135056,10-01-2024,BR55,UAE,Dubai,CUST4305,PROD305,Mobile,iPhone 14,Dell,4,1679.01,0.12,0.18,6973.94,Net Banking,In-Store,EMP252,0,1,Standard,3,GBP
ORD135057,28-01-2023,BR6,India,Mumbai,CUST5493,PROD423,Laptop,HP Spectre x360,Lenovo,1,421.14,0.02,0.18,487.01,Debit Card,In-Store,EMP636,0,0,Standard,7,EUR
ORD135058,25-05-2024,BR27,Germany,Berlin,CUST7684,PROD299,Laptop,Dell XPS 13,HP,3,654.81,0.16,0.18,1947.14,Debit Card,In-Store,EMP824,3,0,Same Day,5,AED
ORD135059,04-09-2023,BR59,UAE,Abu Dhabi,CUST4285,PROD998,Accessories,Keyboard,Sony,1,1019.26,0.18,0.18,986.24,Cash,In-Store,EMP739,0,1,Standard,1,AED
ORD135060,23-08-2024,BR42,UK,Birmingham,CUST1763,PROD385,Tablet,Samsung Galaxy Tab,Samsung,2,138.89,0.11,0.18,291.72,Cash,Online,EMP722,2,1,Standard,2,INR
ORD135061,12-02-2024,BR104,UAE,Dubai,CUST6548,PROD887,Mobile,OnePlus 11,Apple,1,1619.68,0.26,0.18,1414.3,Cash,In-Store,EMP603,2,1,Express,3,INR
ORD135062,19-02-2023,BR88,Germany,Hamburg,CUST2165,PROD100,Accessories,Bluetooth Headphones,Dell,4,1328.72,0.27,0.18,4578.24,Cash,In-Store,EMP310,1,0,Same Day,4,USD
ORD135063,25-02-2024,BR52,UK,London,CUST3430,PROD455,Accessories,Bluetooth Headphones,Dell,5,966.19,0.02,0.18,5586.51,UPI,Online,EMP917,3,1,Express,5,EUR
ORD135064,20-12-2023,BR111,India,Pune,CUST7353,PROD582,TV,Samsung QLED 50,Samsung,3,320.22,0.13,0.18,986.21,Cash,Online,EMP320,1,1,Express,9,INR
ORD135065,01-02-2024,BR4,USA,Dallas,CUST4577,PROD414,TV,LG OLED 48,OnePlus,3,724.42,0.28,0.18,1846.4,Cash,Online,EMP547,1,0,Same Day,1,AED
ORD135066,25-03-2024,BR59,Germany,Munich,CUST5682,PROD380,Tablet,iPad Air,Dell,2,533.15,0.25,0.18,943.68,Credit Card,In-Store,EMP752,1,0,Express,4,AED
ORD135067,07-02-2023,BR69,USA,New York,CUST9076,PROD661,Accessories,Keyboard,HP,5,262.6,0.06,0.18,1456.38,Cash,Online,EMP817,1,1,Standard,2,INR
ORD135068,10-07-2024,BR70,India,Bangalore,CUST6124,PROD137,TV,LG OLED 48,Lenovo,1,1408.63,0.11,0.18,1479.34,UPI,In-Store,EMP790,1,1,Same Day,4,USD
ORD135069,04-06-2024,BR4,USA,Los Angeles,CUST4875,PROD322,Mobile,iPhone 14,OnePlus,4,1753.02,0.13,0.18,7198.6,Credit Card,Online,EMP924,0,1,Standard,8,GBP
ORD135070,31-01-2024,BR31,USA,New York,CUST5735,PROD239,Mobile,OnePlus 11,Apple,3,1090.88,0.06,0.18,3630.01,Cash,In-Store,EMP426,3,1,Same Day,7,INR
ORD135071,29-07-2023,BR102,India,Bangalore,CUST8937,PROD553,Laptop,HP Spectre x360,Apple,5,1170.35,0.01,0.18,6836.01,UPI,Online,EMP285,1,1,Same Day,8,INR
ORD135072,21-02-2024,BR63,USA,Dallas,CUST4924,PROD897,Accessories,Wireless Mouse,OnePlus,3,1503.44,0.23,0.18,4098.08,Debit Card,In-Store,EMP846,1,1,Same Day,9,AED
ORD135073,22-08-2023,BR76,India,Bangalore,CUST9158,PROD951,Mobile,Samsung Galaxy S23,Apple,4,1025.28,0.05,0.18,4597.36,Credit Card,Online,EMP663,2,0,Same Day,7,GBP
ORD135074,14-02-2023,BR61,UK,Manchester,CUST3427,PROD724,Laptop,HP Spectre x360,Sony,5,526.06,0.16,0.18,2607.15,Credit Card,In-Store,EMP460,3,0,Standard,8,USD
ORD135075,23-08-2024,BR7,India,Bangalore,CUST8439,PROD707,Mobile,Samsung Galaxy S23,OnePlus,5,74.99,0.29,0.18,314.13,Net Banking,Online,EMP897,0,1,Standard,2,INR
ORD135076,30-07-2023,BR101,Germany,Munich,CUST8873,PROD298,Mobile,OnePlus 11,Samsung,1,955.55,0.08,0.18,1037.35,Debit Card,Online,EMP201,2,1,Same Day,5,EUR
ORD135077,10-08-2023,BR84,Germany,Berlin,CUST9840,PROD576,Tablet,iPad Air,Apple,1,1401.74,0.08,0.18,1521.73,Net Banking,Online,EMP294,2,1,Same Day,6,GBP
ORD135078,04-04-2024,BR119,UK,Birmingham,CUST7501,PROD173,TV,Sony Bravia 55,Lenovo,3,606.19,0.23,0.18,1652.35,Net Banking,Online,EMP952,3,0,Standard,2,INR
ORD135079,23-06-2023,BR16,Germany,Berlin,CUST2656,PROD778,TV,Sony Bravia 55,OnePlus,1,1425.53,0.07,0.18,1564.38,Net Banking,Online,EMP402,3,0,Same Day,4,INR
ORD135080,03-03-2023,BR65,UAE,Dubai,CUST3993,PROD449,TV,LG OLED 48,HP,1,1130.67,0.2,0.18,1067.35,Credit Card,In-Store,EMP614,2,1,Same Day,6,INR
ORD135081,07-03-2024,BR37,UAE,Abu Dhabi,CUST9951,PROD495,Mobile,OnePlus 11,OnePlus,2,1449.78,0.13,0.18,2976.69,Net Banking,Online,EMP422,0,0,Same Day,6,GBP
ORD135082,20-10-2023,BR101,USA,Los Angeles,CUST6090,PROD132,Tablet,iPad Air,OnePlus,2,654.84,0.05,0.18,1468.15,Cash,In-Store,EMP815,1,1,Same Day,2,EUR
ORD135083,26-06-2024,BR17,UAE,Abu Dhabi,CUST6039,PROD230,Accessories,Bluetooth Headphones,OnePlus,5,232.37,0.17,0.18,1137.92,Net Banking,Online,EMP492,0,1,Express,1,USD
ORD135084,09-08-2023,BR58,USA,New York,CUST4109,PROD177,Laptop,MacBook Air M2,Lenovo,2,71.71,0.24,0.18,128.62,UPI,In-Store,EMP908,1,0,Standard,1,INR
ORD135085,26-06-2023,BR10,India,Pune,CUST7444,PROD912,TV,Sony Bravia 55,Lenovo,4,1067.87,0.01,0.18,4989.94,Net Banking,In-Store,EMP661,1,1,Same Day,6,USD
ORD135086,21-06-2024,BR22,Germany,Munich,CUST1219,PROD819,Accessories,Bluetooth Headphones,Dell,5,441.65,0.01,0.18,2579.68,Cash,Online,EMP932,1,1,Standard,6,INR
ORD135087,28-09-2024,BR8,UK,London,CUST6029,PROD520,Accessories,Wireless Mouse,HP,4,437.27,0.17,0.18,1713.05,Cash,Online,EMP506,1,1,Express,4,INR
ORD135088,10-05-2024,BR17,UK,London,CUST9485,PROD687,TV,Samsung QLED 50,Dell,4,1833.24,0.02,0.18,8479.83,Credit Card,Online,EMP701,1,0,Express,8,INR
ORD135089,14-12-2023,BR7,UK,Birmingham,CUST9274,PROD775,Mobile,OnePlus 11,LG,4,186.4,0.22,0.18,686.25,Cash,Online,EMP653,2,1,Same Day,1,EUR
ORD135090,21-10-2023,BR73,USA,New York,CUST1644,PROD533,Mobile,Samsung Galaxy S23,Lenovo,3,1225.27,0.14,0.18,3730.21,Debit Card,Online,EMP647,3,0,Same Day,1,USD
ORD135091,22-04-2024,BR25,Germany,Hamburg,CUST5962,PROD927,Tablet,Samsung Galaxy Tab,HP,1,386.39,0.27,0.18,332.84,Net Banking,In-Store,EMP296,2,1,Express,2,AED
ORD135092,08-06-2024,BR4,UAE,Dubai,CUST9544,PROD406,Laptop,MacBook Air M2,Sony,3,1670.85,0.25,0.18,4436.11,Credit Card,Online,EMP828,0,0,Same Day,5,INR
ORD135093,24-04-2023,BR73,USA,New York,CUST5812,PROD742,Tablet,Samsung Galaxy Tab,OnePlus,1,186.53,0.01,0.18,217.9,Credit Card,In-Store,EMP607,3,1,Express,1,AED
ORD135094,13-05-2024,BR64,UAE,Dubai,CUST6369,PROD312,Tablet,iPad Air,OnePlus,4,1622.88,0.12,0.18,6740.79,Debit Card,Online,EMP839,0,0,Same Day,3,AED
ORD135095,09-06-2023,BR27,India,Delhi,CUST2505,PROD124,Mobile,OnePlus 11,LG,2,1860.47,0.24,0.18,3336.94,Net Banking,In-Store,EMP325,2,0,Express,3,GBP
ORD135096,05-09-2024,BR4,India,Pune,CUST9173,PROD154,Accessories,Bluetooth Headphones,HP,4,64.5,0.23,0.18,234.42,UPI,In-Store,EMP386,1,1,Standard,9,EUR
ORD135097,27-04-2024,BR101,Germany,Munich,CUST3242,PROD495,Laptop,MacBook Air M2,Dell,2,1700.76,0.16,0.18,3371.59,Cash,Online,EMP271,3,0,Standard,9,INR
ORD135098,30-12-2024,BR88,India,Pune,CUST8586,PROD477,Laptop,MacBook Air M2,HP,5,1808.36,0.07,0.18,9922.47,Net Banking,In-Store,EMP333,3,1,Standard,6,GBP
ORD135099,30-03-2023,BR99,Germany,Hamburg,CUST2772,PROD286,Tablet,Samsung Galaxy Tab,HP,2,1812.68,0.21,0.18,3379.56,Net Banking,Online,EMP204,2,1,Express,8,INR
ORD135100,05-09-2024,BR105,UK,Birmingham,CUST5303,PROD372,Laptop,Dell XPS 13,Lenovo,3,551.01,0.13,0.18,1697,UPI,Online,EMP475,3,0,Same Day,8,AED
ORD135101,16-02-2023,BR105,UK,Manchester,CUST4965,PROD432,Tablet,Lenovo Tab P11,OnePlus,4,1854.11,0.02,0.18,8576.37,Credit Card,In-Store,EMP939,1,0,Express,10,AED
ORD135102,18-10-2024,BR106,UK,Manchester,CUST2844,PROD135,TV,Samsung QLED 50,Lenovo,4,795.64,0.12,0.18,3304.77,Net Banking,Online,EMP822,1,1,Same Day,1,USD
ORD135103,08-12-2024,BR57,USA,Chicago,CUST6492,PROD235,Laptop,MacBook Air M2,Lenovo,3,413.85,0.28,0.18,1054.82,Cash,Online,EMP217,3,1,Same Day,6,AED
ORD135104,02-06-2023,BR104,USA,Los Angeles,CUST8466,PROD364,Tablet,Lenovo Tab P11,Lenovo,5,395.84,0.23,0.18,1798.3,Credit Card,In-Store,EMP272,1,0,Express,4,GBP
ORD135105,20-05-2024,BR11,India,Delhi,CUST7847,PROD357,Laptop,MacBook Air M2,Dell,2,1299.5,0.27,0.18,2238.78,Net Banking,In-Store,EMP677,1,1,Same Day,1,INR
ORD135106,20-01-2024,BR31,USA,Chicago,CUST9754,PROD461,Laptop,HP Spectre x360,Samsung,3,1127.09,0.1,0.18,3590.91,Credit Card,Online,EMP561,1,1,Express,10,AED
ORD135107,29-11-2024,BR9,India,Pune,CUST4193,PROD137,Accessories,Bluetooth Headphones,LG,3,1943.43,0.17,0.18,5710.19,Cash,In-Store,EMP847,1,1,Same Day,9,AED
ORD135108,29-09-2024,BR4,Germany,Hamburg,CUST7069,PROD522,Tablet,iPad Air,Sony,4,545.18,0.19,0.18,2084.33,Credit Card,In-Store,EMP670,3,0,Express,10,INR
ORD135109,20-05-2023,BR103,India,Pune,CUST7107,PROD540,Laptop,MacBook Air M2,Sony,4,1715.43,0.26,0.18,5991.65,UPI,Online,EMP876,0,0,Standard,10,AED
ORD135110,13-09-2024,BR114,Germany,Berlin,CUST3246,PROD563,Laptop,HP Spectre x360,HP,3,1305.45,0.29,0.18,3281.12,Debit Card,In-Store,EMP589,0,1,Standard,7,INR
ORD135111,14-01-2024,BR85,Germany,Munich,CUST5876,PROD547,Mobile,Samsung Galaxy S23,OnePlus,1,1081.58,0.2,0.18,1021.01,Cash,In-Store,EMP965,1,0,Express,10,GBP
ORD135112,03-10-2024,BR60,UAE,Dubai,CUST6401,PROD208,Accessories,Keyboard,Sony,3,1224.75,0.29,0.18,3078.29,Net Banking,In-Store,EMP597,0,1,Same Day,10,AED
ORD135113,02-07-2024,BR17,UK,London,CUST7189,PROD259,Tablet,Lenovo Tab P11,Samsung,2,634.14,0.04,0.18,1436.71,Net Banking,In-Store,EMP999,0,0,Express,2,USD
ORD135114,13-12-2024,BR55,Germany,Hamburg,CUST6914,PROD558,Laptop,Dell XPS 13,LG,2,1623.23,0.12,0.18,3371.12,Debit Card,In-Store,EMP452,0,0,Standard,8,EUR
ORD135115,03-11-2024,BR7,UAE,Abu Dhabi,CUST4251,PROD937,Accessories,Wireless Mouse,Apple,2,1616.88,0.28,0.18,2747.4,UPI,Online,EMP298,2,0,Express,8,AED
ORD135116,14-09-2024,BR12,USA,Chicago,CUST4302,PROD848,TV,Sony Bravia 55,Samsung,1,1329.17,0.08,0.18,1442.95,UPI,Online,EMP551,1,1,Express,2,AED
ORD135117,21-10-2023,BR97,USA,Chicago,CUST9851,PROD452,Tablet,iPad Air,Samsung,3,988.89,0.16,0.18,2940.56,Cash,Online,EMP768,1,0,Same Day,10,EUR
ORD135118,20-07-2023,BR13,UAE,Dubai,CUST6883,PROD350,Accessories,Bluetooth Headphones,OnePlus,2,874.97,0.23,0.18,1590,Cash,In-Store,EMP734,2,1,Express,1,GBP
ORD135119,15-06-2024,BR67,UK,Manchester,CUST9169,PROD290,TV,LG OLED 48,LG,5,1351.39,0.28,0.18,5740.7,Net Banking,In-Store,EMP891,0,0,Standard,9,USD
ORD135120,02-05-2024,BR58,USA,Dallas,CUST3564,PROD993,Laptop,MacBook Air M2,Lenovo,2,168.11,0.14,0.18,341.2,Debit Card,In-Store,EMP676,1,1,Same Day,1,AED
ORD135121,06-10-2024,BR4,UK,Manchester,CUST1851,PROD577,TV,Samsung QLED 50,Lenovo,4,113.82,0.14,0.18,462.02,Credit Card,In-Store,EMP917,2,0,Same Day,3,USD
ORD135122,16-08-2023,BR62,Germany,Munich,CUST7163,PROD466,TV,Sony Bravia 55,Lenovo,2,748.14,0.07,0.18,1642.02,Debit Card,In-Store,EMP504,2,0,Express,2,AED
ORD135123,09-03-2024,BR116,India,Delhi,CUST5291,PROD502,Mobile,iPhone 14,LG,1,1791.87,0.02,0.18,2072.12,Debit Card,In-Store,EMP593,0,1,Standard,10,EUR
ORD135124,08-03-2024,BR50,USA,New York,CUST7189,PROD838,Accessories,Wireless Mouse,HP,5,828.51,0.21,0.18,3861.69,Net Banking,In-Store,EMP705,3,0,Express,1,GBP
ORD135125,14-10-2023,BR109,UK,Birmingham,CUST4523,PROD582,Laptop,HP Spectre x360,Samsung,4,1329.86,0.27,0.18,4582.17,Credit Card,In-Store,EMP321,0,1,Standard,7,INR
ORD135126,05-03-2024,BR82,USA,Los Angeles,CUST9442,PROD674,TV,LG OLED 48,Sony,5,567.34,0.19,0.18,2711.32,Credit Card,Online,EMP924,0,1,Same Day,4,INR
ORD135127,19-06-2024,BR36,UK,London,CUST4642,PROD221,Accessories,Wireless Mouse,Samsung,3,964.24,0.26,0.18,2525.92,Debit Card,Online,EMP250,2,0,Same Day,7,GBP
ORD135128,01-05-2024,BR82,USA,Dallas,CUST1955,PROD573,TV,Sony Bravia 55,OnePlus,1,148.23,0.26,0.18,129.43,Net Banking,Online,EMP458,3,0,Same Day,5,USD
ORD135129,26-04-2023,BR57,Germany,Munich,CUST7336,PROD746,TV,Sony Bravia 55,OnePlus,4,1166.72,0.17,0.18,4570.74,Credit Card,In-Store,EMP216,0,0,Express,5,INR
ORD135130,09-05-2024,BR38,UK,Manchester,CUST8596,PROD476,Laptop,MacBook Air M2,HP,2,1007.78,0.21,0.18,1878.91,Net Banking,Online,EMP683,2,0,Express,9,GBP
ORD135131,30-11-2023,BR43,UAE,Abu Dhabi,CUST3878,PROD437,Mobile,iPhone 14,LG,5,1134.14,0.24,0.18,5085.48,Net Banking,In-Store,EMP882,0,0,Same Day,5,AED
ORD135132,01-01-2023,BR38,USA,Los Angeles,CUST6813,PROD949,TV,LG OLED 48,Apple,1,170.95,0.17,0.18,167.43,Net Banking,In-Store,EMP630,1,0,Standard,2,INR
ORD135133,16-02-2024,BR58,Germany,Munich,CUST9072,PROD803,Accessories,Bluetooth Headphones,Samsung,5,1804.83,0.18,0.18,8731.77,Net Banking,Online,EMP871,2,1,Same Day,2,USD
ORD135134,19-05-2023,BR97,India,Delhi,CUST9915,PROD277,Tablet,Samsung Galaxy Tab,OnePlus,1,315.95,0.1,0.18,335.54,Debit Card,In-Store,EMP937,1,1,Same Day,4,GBP
ORD135135,19-04-2024,BR38,Germany,Munich,CUST5566,PROD599,Accessories,Bluetooth Headphones,Dell,3,1184.19,0.24,0.18,3185.94,UPI,Online,EMP517,2,1,Standard,6,USD
ORD135136,22-08-2024,BR28,India,Mumbai,CUST7511,PROD296,Mobile,Samsung Galaxy S23,Dell,2,1245.63,0.14,0.18,2528.13,Credit Card,In-Store,EMP315,1,1,Same Day,6,INR
ORD135137,01-02-2023,BR10,USA,Dallas,CUST4810,PROD321,Accessories,Bluetooth Headphones,LG,4,1427.04,0.22,0.18,5253.79,Cash,In-Store,EMP741,0,0,Express,9,AED
ORD135138,07-01-2024,BR44,USA,Dallas,CUST1438,PROD224,Tablet,Samsung Galaxy Tab,OnePlus,2,1954.64,0.12,0.18,4059.4,Debit Card,Online,EMP580,3,1,Express,7,USD
ORD135139,27-03-2023,BR97,India,Delhi,CUST3476,PROD896,Laptop,Dell XPS 13,Lenovo,1,1586.24,0.24,0.18,1422.54,Credit Card,In-Store,EMP721,2,0,Standard,7,EUR
ORD135140,25-01-2023,BR15,USA,Los Angeles,CUST7821,PROD119,Laptop,Dell XPS 13,Apple,2,864.85,0.07,0.18,1898.17,Debit Card,Online,EMP506,2,1,Express,4,INR
ORD135141,10-06-2024,BR96,UK,London,CUST7392,PROD523,Mobile,iPhone 14,Apple,4,647.95,0.01,0.18,3027.74,Net Banking,Online,EMP962,0,1,Standard,2,GBP
ORD135142,27-03-2023,BR87,India,Mumbai,CUST4932,PROD677,Laptop,Dell XPS 13,Sony,3,96.79,0.26,0.18,253.55,Net Banking,In-Store,EMP201,0,0,Express,9,GBP
ORD135143,30-08-2024,BR25,UK,Manchester,CUST1184,PROD467,Tablet,Lenovo Tab P11,HP,2,198.88,0.27,0.18,342.63,Net Banking,In-Store,EMP661,1,0,Standard,8,INR
ORD135144,13-05-2024,BR85,UAE,Abu Dhabi,CUST4309,PROD446,Mobile,Samsung Galaxy S23,Lenovo,3,1969.24,0.27,0.18,5088.91,UPI,Online,EMP648,3,1,Same Day,10,AED
ORD135145,23-09-2024,BR114,USA,Chicago,CUST9420,PROD846,Laptop,Dell XPS 13,Sony,5,1438.56,0.04,0.18,8148,Credit Card,In-Store,EMP960,1,0,Standard,7,GBP
ORD135146,23-05-2024,BR71,Germany,Hamburg,CUST9331,PROD225,Laptop,Dell XPS 13,OnePlus,1,1729.39,0.09,0.18,1857.02,Debit Card,In-Store,EMP644,0,1,Express,10,USD
ORD135147,28-02-2023,BR114,Germany,Berlin,CUST7422,PROD345,Tablet,Lenovo Tab P11,LG,2,395.02,0.14,0.18,801.73,Debit Card,In-Store,EMP913,0,0,Express,1,USD
ORD135148,21-10-2023,BR102,USA,Chicago,CUST2848,PROD972,Accessories,Bluetooth Headphones,Lenovo,4,1460.27,0.05,0.18,6547.85,Credit Card,In-Store,EMP863,1,1,Express,9,AED
ORD135149,20-12-2024,BR14,UAE,Abu Dhabi,CUST5505,PROD977,Mobile,OnePlus 11,OnePlus,3,172.63,0.18,0.18,501.11,Debit Card,Online,EMP278,0,1,Standard,9,INR
ORD135150,26-10-2023,BR63,USA,Dallas,CUST3438,PROD929,Accessories,Wireless Mouse,Apple,1,1702.02,0.22,0.18,1566.54,Debit Card,In-Store,EMP410,2,0,Express,3,EUR
ORD135151,13-07-2023,BR36,India,Delhi,CUST7468,PROD863,Tablet,Lenovo Tab P11,HP,3,606.36,0.14,0.18,1846,Credit Card,Online,EMP485,0,0,Express,6,AED
ORD135152,29-12-2023,BR62,UK,Manchester,CUST9078,PROD901,Tablet,Samsung Galaxy Tab,Samsung,4,1857.22,0.07,0.18,8152.45,Cash,Online,EMP426,1,0,Express,6,USD
ORD135153,31-03-2023,BR85,USA,Los Angeles,CUST2945,PROD715,Accessories,Keyboard,Apple,3,928.54,0.2,0.18,2629.63,Net Banking,Online,EMP706,2,0,Same Day,5,AED
ORD135154,22-03-2024,BR53,UK,London,CUST5791,PROD214,Tablet,iPad Air,Lenovo,4,1963.28,0.1,0.18,8340.01,Net Banking,Online,EMP719,3,0,Express,9,EUR
ORD135155,11-08-2024,BR31,UAE,Dubai,CUST8783,PROD401,Laptop,HP Spectre x360,Sony,1,1357.45,0.05,0.18,1521.7,Cash,In-Store,EMP251,0,0,Express,2,AED
ORD135156,05-04-2024,BR16,Germany,Berlin,CUST5036,PROD447,TV,Sony Bravia 55,OnePlus,1,1732.7,0.1,0.18,1840.13,Cash,In-Store,EMP283,1,0,Standard,9,EUR
ORD135157,14-10-2023,BR84,India,Delhi,CUST3255,PROD196,Laptop,MacBook Air M2,Dell,5,385.25,0.29,0.18,1613.81,Cash,In-Store,EMP906,2,1,Standard,7,USD
ORD135158,29-10-2023,BR87,India,Mumbai,CUST1086,PROD455,Mobile,iPhone 14,OnePlus,5,567.74,0.01,0.18,3316.17,Credit Card,In-Store,EMP332,3,1,Standard,6,AED
ORD135159,05-01-2023,BR21,UK,Manchester,CUST3798,PROD230,TV,LG OLED 48,Sony,5,107.4,0.26,0.18,468.91,Debit Card,In-Store,EMP506,2,0,Express,6,AED
ORD135160,30-06-2024,BR71,India,Bangalore,CUST1728,PROD279,Laptop,MacBook Air M2,Sony,5,1382.36,0.1,0.18,7340.33,Cash,Online,EMP933,3,1,Same Day,7,USD
ORD135161,28-08-2023,BR37,Germany,Munich,CUST7112,PROD720,TV,Sony Bravia 55,Sony,1,85.12,0.08,0.18,92.41,Credit Card,In-Store,EMP962,2,0,Same Day,8,AED
ORD135162,21-07-2024,BR113,UAE,Dubai,CUST4054,PROD247,Mobile,iPhone 14,LG,5,1011.5,0.27,0.18,4356.53,UPI,Online,EMP995,2,1,Same Day,7,GBP
ORD135163,30-05-2024,BR2,UK,Birmingham,CUST4640,PROD333,Tablet,iPad Air,Apple,3,1338.46,0.13,0.18,4122.19,Net Banking,Online,EMP865,1,0,Same Day,7,AED
ORD135164,18-07-2023,BR116,Germany,Hamburg,CUST3585,PROD268,Tablet,iPad Air,Apple,5,117.78,0.29,0.18,493.38,Net Banking,In-Store,EMP885,1,0,Same Day,5,EUR
ORD135165,18-04-2023,BR102,UK,London,CUST7560,PROD739,Laptop,Dell XPS 13,OnePlus,1,444.17,0.05,0.18,497.91,UPI,In-Store,EMP959,3,0,Same Day,10,AED
ORD135166,19-07-2024,BR52,UK,London,CUST3677,PROD193,Accessories,Keyboard,OnePlus,4,1817.19,0.03,0.18,8319.82,UPI,Online,EMP387,1,0,Express,4,INR
ORD135167,09-11-2023,BR83,UK,London,CUST8885,PROD799,Mobile,Samsung Galaxy S23,Samsung,5,1421.17,0.28,0.18,6037.13,UPI,In-Store,EMP654,2,0,Express,2,EUR
ORD135168,12-08-2024,BR80,India,Bangalore,CUST9944,PROD809,Accessories,Wireless Mouse,Lenovo,4,618.81,0.09,0.18,2657.91,UPI,Online,EMP568,0,1,Standard,8,AED
ORD135169,12-01-2023,BR53,India,Delhi,CUST2871,PROD672,Laptop,HP Spectre x360,OnePlus,2,579.86,0.14,0.18,1176.88,UPI,In-Store,EMP791,2,1,Same Day,10,EUR
ORD135170,12-11-2024,BR97,Germany,Munich,CUST6885,PROD873,Accessories,Bluetooth Headphones,Lenovo,5,1290.94,0.17,0.18,6321.73,UPI,Online,EMP565,3,1,Same Day,2,USD
ORD135171,09-01-2024,BR34,UK,London,CUST2862,PROD226,Mobile,OnePlus 11,Dell,5,1358.17,0.12,0.18,7051.62,Net Banking,Online,EMP873,3,1,Same Day,4,AED
ORD135172,16-10-2024,BR52,Germany,Berlin,CUST5210,PROD465,Tablet,iPad Air,Samsung,4,1485.95,0.26,0.18,5190.13,UPI,In-Store,EMP605,0,1,Express,1,GBP
ORD135173,21-08-2024,BR80,UAE,Dubai,CUST9447,PROD570,Laptop,Dell XPS 13,HP,3,934.72,0.07,0.18,3077.29,Debit Card,Online,EMP734,1,1,Express,4,GBP
ORD135174,22-07-2023,BR80,UAE,Dubai,CUST5187,PROD730,Accessories,Bluetooth Headphones,LG,5,860.44,0.22,0.18,3959.74,UPI,In-Store,EMP350,0,0,Express,3,INR
ORD135175,14-10-2023,BR73,India,Pune,CUST8642,PROD268,Laptop,HP Spectre x360,Apple,5,1411.34,0.13,0.18,7244.41,Debit Card,In-Store,EMP682,3,0,Express,9,INR
ORD135176,23-01-2023,BR31,Germany,Munich,CUST3638,PROD902,TV,Sony Bravia 55,Samsung,1,1630.49,0.03,0.18,1866.26,Net Banking,In-Store,EMP851,2,0,Standard,1,GBP
ORD135177,19-08-2024,BR89,UAE,Dubai,CUST4705,PROD412,Accessories,Keyboard,OnePlus,4,1865.07,0.05,0.18,8362.97,Credit Card,In-Store,EMP497,2,1,Same Day,4,USD
ORD135178,11-02-2024,BR44,UAE,Dubai,CUST8952,PROD277,Laptop,HP Spectre x360,Sony,1,1916.67,0.02,0.18,2216.44,Debit Card,In-Store,EMP244,1,1,Express,4,INR
ORD135179,09-06-2023,BR72,USA,Los Angeles,CUST2789,PROD355,TV,Sony Bravia 55,LG,3,783.45,0.14,0.18,2385.14,Credit Card,In-Store,EMP685,0,0,Same Day,10,EUR
ORD135180,31-12-2024,BR44,UK,Manchester,CUST8236,PROD869,Mobile,OnePlus 11,LG,1,1379.64,0.07,0.18,1514.02,UPI,Online,EMP412,3,1,Same Day,4,INR
ORD135181,07-06-2023,BR58,Germany,Berlin,CUST5755,PROD443,Accessories,Wireless Mouse,OnePlus,3,256.36,0.01,0.18,898.44,Net Banking,Online,EMP608,1,0,Same Day,7,INR
ORD135182,17-05-2023,BR99,USA,Dallas,CUST7120,PROD979,Laptop,Dell XPS 13,HP,1,1583.92,0.3,0.18,1308.32,Credit Card,Online,EMP416,3,0,Same Day,3,EUR
ORD135183,30-09-2024,BR92,Germany,Munich,CUST6920,PROD311,Accessories,Keyboard,HP,1,232.72,0.29,0.18,194.97,Cash,In-Store,EMP717,2,1,Same Day,2,INR
ORD135184,09-07-2024,BR11,India,Mumbai,CUST8094,PROD346,Accessories,Bluetooth Headphones,Dell,2,1091.48,0.18,0.18,2112.23,Credit Card,Online,EMP746,3,0,Express,4,INR
ORD135185,05-03-2024,BR118,UAE,Dubai,CUST4300,PROD223,TV,LG OLED 48,Lenovo,3,724.31,0.13,0.18,2230.73,Cash,In-Store,EMP407,0,0,Express,10,AED
ORD135186,28-06-2023,BR59,UAE,Abu Dhabi,CUST7431,PROD552,Laptop,HP Spectre x360,Lenovo,1,1817.46,0.27,0.18,1565.56,Debit Card,Online,EMP317,0,0,Same Day,9,EUR
ORD135187,03-06-2024,BR84,India,Mumbai,CUST5237,PROD371,Laptop,MacBook Air M2,Apple,3,657.57,0.29,0.18,1652.74,Cash,In-Store,EMP620,3,0,Standard,6,USD
ORD135188,25-01-2024,BR11,UAE,Abu Dhabi,CUST6090,PROD460,Accessories,Bluetooth Headphones,Sony,3,1435.99,0.05,0.18,4829.23,Net Banking,Online,EMP527,1,1,Standard,7,GBP
ORD135189,30-06-2024,BR81,Germany,Munich,CUST8400,PROD265,Tablet,Lenovo Tab P11,HP,5,1544.66,0.28,0.18,6561.72,UPI,Online,EMP668,3,1,Same Day,7,AED
ORD135190,24-01-2024,BR100,India,Mumbai,CUST7565,PROD928,Tablet,Lenovo Tab P11,LG,3,461.15,0.2,0.18,1305.98,Credit Card,Online,EMP838,0,0,Express,3,INR
ORD135191,18-04-2024,BR58,India,Mumbai,CUST2349,PROD353,Laptop,Dell XPS 13,Apple,4,1771.63,0.1,0.18,7525.88,Net Banking,In-Store,EMP425,2,0,Express,2,GBP
ORD135192,26-06-2023,BR87,India,Mumbai,CUST4344,PROD311,Mobile,OnePlus 11,HP,3,126.07,0.26,0.18,330.25,Credit Card,Online,EMP336,0,1,Standard,9,AED
ORD135193,31-08-2023,BR39,India,Bangalore,CUST5440,PROD721,Tablet,Lenovo Tab P11,Lenovo,3,403.72,0.24,0.18,1086.17,Cash,In-Store,EMP929,0,0,Standard,5,AED
ORD135194,01-09-2023,BR47,Germany,Munich,CUST1243,PROD481,TV,Sony Bravia 55,Samsung,5,202.51,0.2,0.18,955.85,Cash,Online,EMP527,0,1,Standard,10,EUR
ORD135195,24-08-2024,BR117,USA,Los Angeles,CUST7395,PROD250,Mobile,iPhone 14,HP,1,1342.96,0.12,0.18,1394.53,UPI,In-Store,EMP715,3,0,Same Day,9,USD
ORD135196,14-07-2024,BR29,USA,Dallas,CUST2989,PROD514,Laptop,HP Spectre x360,Dell,4,178.73,0.01,0.18,835.17,UPI,Online,EMP951,3,1,Standard,10,AED
ORD135197,21-04-2023,BR60,USA,Chicago,CUST2576,PROD938,Mobile,Samsung Galaxy S23,Samsung,3,1344.57,0.15,0.18,4045.81,Credit Card,In-Store,EMP410,0,1,Express,3,GBP
ORD135198,26-02-2023,BR15,India,Pune,CUST6750,PROD138,Tablet,Lenovo Tab P11,OnePlus,2,910.15,0.26,0.18,1589.49,Net Banking,In-Store,EMP340,2,1,Standard,1,USD
ORD135199,29-11-2023,BR80,USA,Los Angeles,CUST8228,PROD810,Mobile,OnePlus 11,Apple,4,1498.65,0.06,0.18,6649.21,Credit Card,Online,EMP598,3,1,Express,3,GBP
ORD135200,24-04-2024,BR70,India,Delhi,CUST1318,PROD944,TV,LG OLED 48,HP,5,1735.7,0.14,0.18,8806.94,Credit Card,In-Store,EMP728,0,1,Express,4,USD
ORD135201,10-01-2023,BR14,UAE,Abu Dhabi,CUST4678,PROD308,Tablet,Samsung Galaxy Tab,Lenovo,2,1713.78,0.08,0.18,3720.96,Credit Card,In-Store,EMP504,3,1,Standard,4,GBP
ORD135202,03-06-2023,BR48,Germany,Hamburg,CUST3524,PROD174,Tablet,Samsung Galaxy Tab,Sony,3,1646.2,0.08,0.18,5361.34,Credit Card,In-Store,EMP675,3,1,Same Day,10,GBP
ORD135203,15-04-2024,BR8,UAE,Abu Dhabi,CUST3931,PROD908,Laptop,HP Spectre x360,HP,2,637.02,0.05,0.18,1428.2,Credit Card,Online,EMP237,0,0,Same Day,9,INR
ORD135204,10-06-2023,BR45,UAE,Dubai,CUST3591,PROD689,Accessories,Wireless Mouse,Samsung,5,827.39,0.2,0.18,3905.28,Cash,Online,EMP727,2,0,Standard,10,USD
ORD135205,07-03-2024,BR112,India,Delhi,CUST6763,PROD733,Accessories,Bluetooth Headphones,Samsung,3,1990.46,0.01,0.18,6975.77,Cash,In-Store,EMP915,3,1,Express,7,AED
ORD135206,12-04-2024,BR33,Germany,Berlin,CUST3660,PROD291,Tablet,Lenovo Tab P11,OnePlus,3,748.24,0.29,0.18,1880.63,Credit Card,In-Store,EMP967,0,1,Standard,3,AED
ORD135207,09-02-2024,BR57,UK,Manchester,CUST8240,PROD807,Mobile,iPhone 14,Sony,5,757.73,0.24,0.18,3397.66,UPI,Online,EMP741,3,1,Same Day,1,INR
ORD135208,06-02-2023,BR33,UK,London,CUST4383,PROD413,Mobile,Samsung Galaxy S23,Sony,2,1458.14,0.21,0.18,2718.56,Credit Card,Online,EMP886,1,1,Express,7,INR
ORD135209,29-06-2023,BR114,India,Delhi,CUST7917,PROD570,Tablet,Lenovo Tab P11,LG,1,551.77,0,0.18,651.09,Credit Card,Online,EMP393,1,0,Same Day,7,GBP
ORD135210,12-08-2023,BR75,UAE,Abu Dhabi,CUST8102,PROD856,TV,Sony Bravia 55,Sony,3,580.98,0.14,0.18,1768.74,Credit Card,In-Store,EMP211,1,1,Same Day,1,EUR
ORD135211,23-05-2024,BR49,UAE,Dubai,CUST7856,PROD479,Accessories,Bluetooth Headphones,Dell,2,1238.96,0.09,0.18,2660.79,Cash,Online,EMP576,2,0,Standard,6,INR
ORD135212,31-08-2023,BR58,USA,Los Angeles,CUST8026,PROD142,Tablet,Samsung Galaxy Tab,Dell,1,1673.09,0.23,0.18,1520.17,UPI,In-Store,EMP789,3,1,Standard,3,EUR
ORD135213,07-04-2024,BR7,UK,London,CUST9319,PROD238,Laptop,HP Spectre x360,Apple,1,249.73,0.08,0.18,271.11,Net Banking,In-Store,EMP275,2,0,Same Day,3,USD
ORD135214,18-06-2023,BR66,UAE,Dubai,CUST1506,PROD304,TV,LG OLED 48,OnePlus,4,1141.19,0.22,0.18,4201.41,UPI,In-Store,EMP674,3,0,Standard,2,AED
ORD135215,31-12-2023,BR56,UK,London,CUST2618,PROD529,Mobile,iPhone 14,Sony,3,1394.77,0.29,0.18,3505.61,Credit Card,Online,EMP467,1,0,Standard,2,USD
ORD135216,29-06-2024,BR119,UK,Birmingham,CUST8280,PROD356,TV,LG OLED 48,Samsung,4,1151.72,0.24,0.18,4131.45,Credit Card,Online,EMP308,1,0,Same Day,7,GBP
ORD135217,26-04-2024,BR90,USA,New York,CUST2451,PROD970,Tablet,Lenovo Tab P11,Sony,2,1651.64,0.02,0.18,3819.91,Cash,In-Store,EMP487,3,1,Standard,3,EUR
ORD135218,24-10-2024,BR94,India,Mumbai,CUST5957,PROD369,Laptop,MacBook Air M2,Apple,3,143.76,0.09,0.18,463.11,UPI,Online,EMP382,0,1,Same Day,1,INR
ORD135219,20-04-2023,BR66,UAE,Abu Dhabi,CUST1097,PROD738,Laptop,MacBook Air M2,OnePlus,2,1163.11,0.15,0.18,2333.2,UPI,Online,EMP736,1,1,Same Day,4,EUR
ORD135220,06-12-2023,BR114,UK,Manchester,CUST3758,PROD258,Accessories,Wireless Mouse,Apple,3,1819.6,0.19,0.18,5217.52,Credit Card,Online,EMP521,3,1,Express,4,GBP
ORD135221,16-01-2023,BR81,Germany,Berlin,CUST5866,PROD430,Accessories,Wireless Mouse,Dell,4,191.38,0.11,0.18,803.95,Net Banking,Online,EMP707,0,0,Express,2,USD
ORD135222,10-05-2023,BR35,India,Mumbai,CUST6218,PROD181,Accessories,Bluetooth Headphones,Dell,4,1497.47,0.18,0.18,5795.81,UPI,In-Store,EMP776,1,1,Express,9,EUR
ORD135223,25-12-2023,BR67,Germany,Munich,CUST4689,PROD266,Accessories,Keyboard,Sony,4,421.91,0.19,0.18,1613.05,Net Banking,In-Store,EMP951,3,1,Same Day,4,GBP
ORD135224,26-05-2024,BR89,UAE,Dubai,CUST2583,PROD122,Mobile,OnePlus 11,Sony,3,909.72,0.19,0.18,2608.53,Credit Card,Online,EMP383,0,0,Same Day,5,USD
ORD135225,21-09-2024,BR85,UK,London,CUST4991,PROD854,TV,Sony Bravia 55,OnePlus,1,1031.27,0.01,0.18,1204.73,Debit Card,In-Store,EMP431,3,1,Same Day,4,AED
ORD135226,13-03-2023,BR83,USA,Dallas,CUST5941,PROD770,Mobile,iPhone 14,Samsung,1,888.14,0.19,0.18,848.88,Credit Card,Online,EMP555,1,0,Standard,1,EUR
ORD135227,28-09-2023,BR32,India,Mumbai,CUST4284,PROD155,Tablet,Samsung Galaxy Tab,Apple,4,191.15,0.23,0.18,694.72,Cash,Online,EMP396,1,0,Express,7,INR
ORD135228,22-07-2024,BR75,India,Bangalore,CUST6962,PROD883,TV,Sony Bravia 55,LG,4,1153.65,0.08,0.18,5009.61,UPI,Online,EMP566,2,0,Express,9,USD
ORD135229,22-04-2023,BR102,USA,Dallas,CUST2998,PROD122,Tablet,iPad Air,HP,5,709.46,0.24,0.18,3181.22,Net Banking,Online,EMP473,1,0,Same Day,3,AED
ORD135230,02-03-2024,BR101,UK,London,CUST2522,PROD969,Tablet,Samsung Galaxy Tab,Apple,5,327.56,0.04,0.18,1855.3,UPI,In-Store,EMP888,2,1,Express,5,EUR
ORD135231,27-08-2023,BR113,India,Bangalore,CUST9097,PROD581,Mobile,iPhone 14,Sony,4,1124.17,0.02,0.18,5199.96,Credit Card,In-Store,EMP319,3,1,Express,3,USD
ORD135232,30-11-2024,BR112,UK,Birmingham,CUST5679,PROD523,Mobile,OnePlus 11,Dell,2,1620.19,0.06,0.18,3594.23,Cash,In-Store,EMP790,2,1,Standard,2,GBP
ORD135233,17-10-2023,BR68,UAE,Dubai,CUST6263,PROD163,Laptop,Dell XPS 13,Samsung,5,923.69,0.01,0.18,5395.27,Cash,In-Store,EMP282,3,0,Same Day,1,USD
ORD135234,02-05-2023,BR39,UK,Manchester,CUST2777,PROD961,TV,Samsung QLED 50,LG,5,1632.63,0,0.18,9632.52,Net Banking,Online,EMP474,0,1,Same Day,7,GBP
ORD135235,08-03-2023,BR81,Germany,Hamburg,CUST3320,PROD623,Tablet,Samsung Galaxy Tab,LG,4,1176.7,0.04,0.18,5331.86,Credit Card,In-Store,EMP623,3,1,Express,4,GBP
ORD135236,25-10-2024,BR91,Germany,Berlin,CUST8722,PROD521,Mobile,iPhone 14,LG,2,1392.22,0.11,0.18,2924.22,UPI,Online,EMP420,0,1,Same Day,7,EUR
ORD135237,04-04-2024,BR97,USA,New York,CUST8010,PROD679,Laptop,HP Spectre x360,Lenovo,5,1506.15,0.14,0.18,7642.21,Cash,In-Store,EMP311,1,0,Standard,8,EUR
ORD135238,18-01-2024,BR50,UAE,Abu Dhabi,CUST2848,PROD347,Mobile,Samsung Galaxy S23,Sony,5,1560.58,0.16,0.18,7734.23,Credit Card,Online,EMP839,0,0,Same Day,5,EUR
ORD135239,17-03-2023,BR40,USA,Los Angeles,CUST2557,PROD573,Accessories,Wireless Mouse,Apple,4,939.59,0.09,0.18,4035.73,Debit Card,Online,EMP295,1,0,Same Day,10,EUR
ORD135240,24-06-2024,BR45,USA,Chicago,CUST8075,PROD903,Tablet,Samsung Galaxy Tab,Samsung,4,367.17,0.02,0.18,1698.38,UPI,Online,EMP819,0,0,Same Day,2,INR
ORD135241,07-03-2023,BR15,Germany,Berlin,CUST4229,PROD977,Tablet,iPad Air,LG,3,1646.76,0.21,0.18,4605.33,UPI,In-Store,EMP953,2,1,Same Day,7,EUR
ORD135242,28-05-2024,BR34,India,Bangalore,CUST1791,PROD252,Accessories,Wireless Mouse,LG,1,1173.05,0.1,0.18,1245.78,Credit Card,In-Store,EMP667,2,1,Express,9,INR
ORD135243,05-07-2023,BR39,UK,Manchester,CUST4369,PROD586,Mobile,iPhone 14,OnePlus,3,1329.71,0.18,0.18,3859.88,Debit Card,In-Store,EMP881,2,1,Express,5,AED
ORD135244,06-05-2024,BR117,USA,New York,CUST3042,PROD694,Laptop,Dell XPS 13,LG,4,1774.46,0.17,0.18,6951.62,Net Banking,Online,EMP691,1,0,Express,1,INR
ORD135245,25-05-2024,BR108,USA,Dallas,CUST1461,PROD625,TV,Samsung QLED 50,LG,1,805.18,0.11,0.18,845.6,Debit Card,In-Store,EMP309,2,0,Standard,2,GBP
ORD135246,28-07-2024,BR90,India,Mumbai,CUST1333,PROD706,Tablet,iPad Air,Samsung,3,1072.51,0.25,0.18,2847.51,UPI,Online,EMP523,0,0,Same Day,10,USD
ORD135247,06-09-2024,BR109,UAE,Abu Dhabi,CUST4614,PROD983,TV,Sony Bravia 55,LG,4,863.55,0.14,0.18,3505.32,UPI,In-Store,EMP544,0,1,Standard,4,AED
ORD135248,03-07-2023,BR51,UAE,Abu Dhabi,CUST6229,PROD430,Mobile,iPhone 14,Lenovo,2,1777.71,0.2,0.18,3356.32,Debit Card,Online,EMP674,0,1,Express,8,USD
ORD135249,14-01-2023,BR99,USA,New York,CUST3044,PROD387,TV,LG OLED 48,HP,1,806.12,0.24,0.18,722.93,Cash,In-Store,EMP252,0,1,Express,6,GBP
ORD135250,28-06-2024,BR28,USA,Dallas,CUST2503,PROD736,TV,LG OLED 48,Samsung,4,132.58,0.13,0.18,544.43,Net Banking,Online,EMP212,2,0,Standard,9,GBP
ORD135251,10-07-2023,BR85,UAE,Dubai,CUST6533,PROD263,TV,Samsung QLED 50,Apple,2,1104.19,0.22,0.18,2032.59,Credit Card,In-Store,EMP313,2,0,Express,10,AED
ORD135252,09-01-2023,BR54,UAE,Dubai,CUST5623,PROD424,Laptop,Dell XPS 13,OnePlus,1,911.85,0.24,0.18,817.75,Credit Card,In-Store,EMP227,0,0,Standard,5,AED
ORD135253,30-05-2024,BR49,Germany,Hamburg,CUST6703,PROD403,Tablet,Lenovo Tab P11,Apple,3,1748.14,0.09,0.18,5631.46,Credit Card,In-Store,EMP357,1,1,Standard,6,EUR
ORD135254,07-04-2024,BR117,UK,Birmingham,CUST4763,PROD489,Mobile,OnePlus 11,Dell,3,1129.69,0.1,0.18,3599.19,Net Banking,Online,EMP551,2,1,Express,3,AED
ORD135255,04-11-2023,BR23,USA,Dallas,CUST7331,PROD731,Mobile,iPhone 14,OnePlus,3,407.25,0.24,0.18,1095.67,Cash,Online,EMP627,2,0,Standard,1,USD
ORD135256,10-03-2024,BR56,USA,New York,CUST8157,PROD158,Laptop,Dell XPS 13,OnePlus,5,960.44,0.19,0.18,4589.94,Cash,Online,EMP239,3,0,Same Day,1,AED
ORD135257,19-01-2024,BR60,India,Delhi,CUST4571,PROD756,Tablet,Samsung Galaxy Tab,OnePlus,5,1849.6,0.22,0.18,8511.86,Credit Card,In-Store,EMP431,1,1,Same Day,4,USD
ORD135258,15-06-2024,BR71,India,Bangalore,CUST6455,PROD218,TV,Samsung QLED 50,HP,3,250.81,0.03,0.18,861.23,Cash,Online,EMP724,1,1,Same Day,8,INR
ORD135259,23-02-2023,BR27,India,Mumbai,CUST1025,PROD491,TV,Sony Bravia 55,Samsung,1,75.75,0.15,0.18,75.98,Cash,In-Store,EMP439,3,0,Same Day,9,GBP
ORD135260,14-10-2024,BR6,Germany,Hamburg,CUST4940,PROD145,Mobile,Samsung Galaxy S23,Sony,5,346.75,0.09,0.18,1861.7,Debit Card,Online,EMP619,3,0,Standard,5,GBP
ORD135261,04-06-2024,BR104,UK,Manchester,CUST2497,PROD577,Laptop,Dell XPS 13,Lenovo,3,1233.85,0.15,0.18,3712.65,Net Banking,Online,EMP502,1,1,Express,9,AED
ORD135262,04-12-2023,BR28,Germany,Berlin,CUST3252,PROD958,Mobile,Samsung Galaxy S23,Apple,4,1319.34,0,0.18,6227.28,UPI,Online,EMP863,3,0,Same Day,6,AED
ORD135263,26-01-2024,BR33,India,Mumbai,CUST3171,PROD169,Accessories,Bluetooth Headphones,Dell,2,1691.41,0.2,0.18,3193.38,Cash,Online,EMP660,3,1,Same Day,8,EUR
ORD135264,07-11-2023,BR119,UK,Manchester,CUST7615,PROD642,Accessories,Keyboard,Lenovo,3,111.26,0.28,0.18,283.58,UPI,Online,EMP776,2,0,Standard,10,AED
ORD135265,16-11-2023,BR83,Germany,Munich,CUST7485,PROD230,Laptop,Dell XPS 13,Samsung,1,1002.15,0.13,0.18,1028.81,Credit Card,In-Store,EMP580,1,0,Express,4,USD
ORD135266,04-07-2023,BR93,UAE,Dubai,CUST7481,PROD713,Mobile,Samsung Galaxy S23,Dell,4,691.18,0.08,0.18,3001.38,Debit Card,Online,EMP447,2,0,Same Day,4,INR
ORD135267,06-07-2024,BR17,UAE,Abu Dhabi,CUST6445,PROD562,Tablet,iPad Air,OnePlus,1,1563.37,0.19,0.18,1494.27,UPI,In-Store,EMP371,2,0,Standard,5,GBP
ORD135268,14-07-2023,BR74,USA,New York,CUST7753,PROD758,Laptop,HP Spectre x360,HP,1,1759.71,0.1,0.18,1868.81,Net Banking,Online,EMP831,2,1,Express,8,AED
ORD135269,30-09-2024,BR7,UK,Birmingham,CUST9140,PROD611,Tablet,iPad Air,Lenovo,5,52.44,0.18,0.18,253.7,Credit Card,Online,EMP468,3,1,Express,3,INR
ORD135270,19-01-2023,BR13,UAE,Dubai,CUST2590,PROD562,Tablet,Samsung Galaxy Tab,Dell,1,1183.06,0.2,0.18,1116.81,Net Banking,Online,EMP768,1,0,Same Day,6,GBP
ORD135271,27-01-2024,BR32,UAE,Abu Dhabi,CUST2098,PROD680,TV,Sony Bravia 55,Sony,2,1870.63,0.08,0.18,4061.51,Cash,Online,EMP987,0,0,Same Day,10,EUR
ORD135272,02-09-2023,BR36,UAE,Dubai,CUST6134,PROD282,TV,Sony Bravia 55,Lenovo,2,745.69,0.14,0.18,1513.45,UPI,Online,EMP387,3,0,Standard,4,AED
ORD135273,10-03-2024,BR18,India,Delhi,CUST2515,PROD640,Tablet,Samsung Galaxy Tab,OnePlus,3,1295.47,0.18,0.18,3760.49,Cash,In-Store,EMP549,1,0,Same Day,10,USD
ORD135274,02-04-2024,BR86,USA,Dallas,CUST8229,PROD673,TV,Samsung QLED 50,LG,3,1095.84,0.11,0.18,3452.55,Net Banking,Online,EMP852,2,1,Same Day,6,INR
ORD135275,05-06-2023,BR73,India,Bangalore,CUST8349,PROD896,Tablet,iPad Air,OnePlus,2,1352.29,0.14,0.18,2744.61,Debit Card,In-Store,EMP501,1,1,Express,6,AED
ORD135276,26-12-2024,BR91,UK,London,CUST8155,PROD441,Accessories,Wireless Mouse,HP,3,449.68,0.09,0.18,1448.6,UPI,In-Store,EMP531,2,0,Standard,9,AED
ORD135277,09-01-2024,BR100,UAE,Abu Dhabi,CUST8870,PROD945,Mobile,iPhone 14,Lenovo,4,771.19,0.1,0.18,3276.02,Net Banking,Online,EMP936,0,1,Standard,6,EUR
ORD135278,12-03-2023,BR119,UAE,Dubai,CUST2093,PROD302,Accessories,Bluetooth Headphones,Sony,2,1437.63,0.17,0.18,2816.03,Net Banking,Online,EMP605,0,1,Express,9,USD
ORD135279,02-04-2023,BR66,USA,Dallas,CUST8581,PROD870,Tablet,Lenovo Tab P11,OnePlus,5,1410.83,0.19,0.18,6742.36,UPI,In-Store,EMP651,2,1,Express,9,GBP
ORD135280,14-09-2023,BR19,India,Bangalore,CUST5728,PROD536,Tablet,Samsung Galaxy Tab,Samsung,3,1727.93,0.23,0.18,4709.99,Net Banking,Online,EMP285,2,1,Same Day,7,EUR
ORD135281,02-01-2024,BR95,UAE,Abu Dhabi,CUST4771,PROD429,Tablet,Samsung Galaxy Tab,Samsung,5,1777.58,0.27,0.18,7656.04,Credit Card,In-Store,EMP530,3,0,Same Day,6,INR
ORD135282,20-12-2023,BR10,Germany,Munich,CUST6392,PROD511,Accessories,Keyboard,Lenovo,5,376.16,0.27,0.18,1620.12,Net Banking,Online,EMP583,0,1,Same Day,1,GBP
ORD135283,05-03-2023,BR90,UK,Birmingham,CUST5528,PROD474,Accessories,Bluetooth Headphones,Samsung,2,944,0.27,0.18,1626.32,Cash,Online,EMP801,2,1,Express,2,USD
ORD135284,18-02-2023,BR53,USA,New York,CUST4120,PROD120,Laptop,HP Spectre x360,Dell,4,1355.57,0.09,0.18,5822.44,Credit Card,Online,EMP977,2,1,Same Day,7,USD
ORD135285,03-08-2024,BR117,USA,Los Angeles,CUST1462,PROD459,Mobile,Samsung Galaxy S23,OnePlus,5,205.1,0.09,0.18,1101.18,Debit Card,In-Store,EMP628,3,0,Same Day,6,EUR
ORD135286,05-09-2023,BR62,USA,Chicago,CUST6505,PROD654,Mobile,Samsung Galaxy S23,HP,2,312.4,0.08,0.18,678.28,Credit Card,Online,EMP809,1,0,Express,7,USD
ORD135287,30-12-2023,BR59,UAE,Dubai,CUST9299,PROD317,Tablet,Lenovo Tab P11,HP,1,950.81,0.04,0.18,1077.08,Cash,Online,EMP545,3,1,Express,10,USD
ORD135288,12-01-2024,BR66,India,Pune,CUST7908,PROD964,TV,LG OLED 48,Samsung,1,1626.18,0.08,0.18,1765.38,UPI,In-Store,EMP443,0,1,Express,4,USD
ORD135289,13-02-2024,BR50,USA,New York,CUST9800,PROD151,Mobile,Samsung Galaxy S23,LG,4,1214.96,0.09,0.18,5218.5,Debit Card,In-Store,EMP969,1,0,Standard,6,GBP
ORD135290,09-02-2024,BR8,India,Delhi,CUST2115,PROD323,Laptop,MacBook Air M2,OnePlus,4,1437.06,0,0.18,6782.92,Credit Card,Online,EMP776,0,1,Standard,4,EUR
ORD135291,08-02-2023,BR21,UK,Birmingham,CUST4955,PROD482,Tablet,Samsung Galaxy Tab,HP,3,227.58,0.13,0.18,700.9,Debit Card,Online,EMP681,2,1,Express,8,EUR
ORD135292,16-03-2024,BR117,UK,Manchester,CUST5095,PROD266,TV,Samsung QLED 50,Dell,5,1831.61,0.27,0.18,7888.74,UPI,Online,EMP948,1,1,Same Day,7,INR
ORD135293,16-03-2023,BR42,India,Pune,CUST3772,PROD692,Mobile,Samsung Galaxy S23,Dell,4,903.01,0.11,0.18,3793.36,UPI,Online,EMP327,1,1,Standard,5,INR
ORD135294,15-01-2023,BR117,UK,Birmingham,CUST9465,PROD235,Laptop,HP Spectre x360,Apple,4,431.99,0.2,0.18,1631.19,UPI,In-Store,EMP519,3,1,Standard,9,EUR
ORD135295,15-02-2023,BR40,USA,New York,CUST1712,PROD210,TV,Sony Bravia 55,Dell,1,1009.46,0.14,0.18,1024.4,UPI,In-Store,EMP998,2,0,Same Day,5,GBP
ORD135296,12-04-2023,BR93,USA,Chicago,CUST8512,PROD958,Accessories,Wireless Mouse,OnePlus,2,891.75,0.29,0.18,1494.22,UPI,Online,EMP739,0,1,Express,1,INR
ORD135297,04-05-2023,BR11,UAE,Abu Dhabi,CUST5471,PROD894,Mobile,Samsung Galaxy S23,Sony,2,775.54,0.01,0.18,1811.97,Net Banking,Online,EMP265,2,1,Standard,3,USD
ORD135298,23-01-2024,BR15,UK,Manchester,CUST3845,PROD251,TV,Sony Bravia 55,LG,3,1352.53,0.17,0.18,3974,Net Banking,In-Store,EMP303,2,0,Standard,6,GBP
ORD135299,02-01-2024,BR54,Germany,Berlin,CUST9456,PROD627,Mobile,iPhone 14,Samsung,3,1468.79,0.02,0.18,5095.53,Cash,In-Store,EMP518,3,1,Same Day,3,EUR
ORD135300,13-01-2023,BR31,USA,New York,CUST6058,PROD491,TV,Samsung QLED 50,Sony,4,560.16,0.24,0.18,2009.41,Debit Card,Online,EMP758,1,1,Standard,5,INR
ORD135301,28-11-2024,BR92,UAE,Dubai,CUST8748,PROD363,Laptop,HP Spectre x360,OnePlus,4,1407.31,0.29,0.18,4716.18,Debit Card,Online,EMP792,3,0,Standard,2,INR
ORD135302,20-04-2023,BR74,India,Bangalore,CUST6083,PROD246,Tablet,Samsung Galaxy Tab,HP,5,1542.15,0.02,0.18,8916.71,UPI,In-Store,EMP717,3,1,Same Day,2,INR
ORD135303,28-04-2023,BR87,India,Bangalore,CUST7271,PROD187,Mobile,OnePlus 11,Dell,1,1785.83,0.13,0.18,1833.33,Net Banking,Online,EMP795,0,0,Express,2,AED
ORD135304,07-11-2024,BR73,Germany,Munich,CUST1200,PROD672,TV,Sony Bravia 55,Dell,4,1885.05,0.15,0.18,7562.82,UPI,In-Store,EMP411,1,0,Same Day,6,INR
ORD135305,03-10-2023,BR114,USA,New York,CUST3667,PROD308,TV,LG OLED 48,Sony,3,1548.44,0.25,0.18,4111.11,Debit Card,Online,EMP645,1,0,Standard,4,INR
ORD135306,13-05-2024,BR25,Germany,Berlin,CUST2561,PROD137,Laptop,MacBook Air M2,Lenovo,4,836.66,0.19,0.18,3198.72,UPI,Online,EMP793,3,0,Express,9,INR
ORD135307,11-07-2023,BR80,Germany,Hamburg,CUST5995,PROD465,Mobile,iPhone 14,HP,4,1552.6,0.15,0.18,6229.03,Credit Card,Online,EMP886,1,1,Express,6,EUR
ORD135308,11-02-2024,BR26,USA,New York,CUST1980,PROD200,Mobile,Samsung Galaxy S23,LG,5,782.35,0.2,0.18,3692.69,Credit Card,Online,EMP686,0,0,Same Day,4,EUR
ORD135309,11-11-2024,BR26,UAE,Dubai,CUST5214,PROD459,Mobile,Samsung Galaxy S23,OnePlus,1,1092.25,0.28,0.18,927.98,Debit Card,In-Store,EMP909,2,1,Same Day,9,GBP
ORD135310,06-08-2024,BR75,UK,Manchester,CUST4781,PROD161,Mobile,OnePlus 11,Dell,3,1472.36,0.27,0.18,3804.87,Cash,Online,EMP700,3,0,Same Day,3,GBP
ORD135311,23-12-2024,BR68,Germany,Hamburg,CUST1199,PROD814,TV,LG OLED 48,OnePlus,3,1758.34,0.19,0.18,5041.86,Credit Card,In-Store,EMP770,1,0,Express,8,INR
ORD135312,04-12-2024,BR98,USA,New York,CUST1681,PROD526,Mobile,OnePlus 11,Dell,1,270.87,0.29,0.18,226.93,Credit Card,Online,EMP311,3,0,Same Day,7,GBP
ORD135313,23-09-2024,BR14,UK,Birmingham,CUST7959,PROD581,TV,Sony Bravia 55,HP,5,519.81,0.27,0.18,2238.82,Credit Card,Online,EMP725,1,0,Express,1,INR
ORD135314,14-02-2023,BR108,UK,Birmingham,CUST9821,PROD146,TV,LG OLED 48,Sony,3,1102.29,0.06,0.18,3667.98,Net Banking,In-Store,EMP369,3,1,Standard,2,INR
ORD135315,28-07-2024,BR47,Germany,Munich,CUST7898,PROD662,TV,Samsung QLED 50,Dell,2,1561.53,0.12,0.18,3242.99,Debit Card,Online,EMP315,2,1,Express,1,INR
ORD135316,18-08-2023,BR10,Germany,Hamburg,CUST2808,PROD804,Tablet,Lenovo Tab P11,HP,2,702.82,0.11,0.18,1476.2,Debit Card,In-Store,EMP407,0,1,Same Day,8,EUR
ORD135317,11-01-2023,BR73,UK,Birmingham,CUST2473,PROD323,Tablet,iPad Air,Dell,3,477.23,0.22,0.18,1317.73,Credit Card,In-Store,EMP874,0,0,Express,7,AED
ORD135318,30-10-2023,BR64,Germany,Munich,CUST1084,PROD925,TV,Samsung QLED 50,Sony,5,651.78,0.16,0.18,3230.22,Credit Card,In-Store,EMP518,3,0,Standard,4,USD
ORD135319,22-02-2023,BR73,USA,Los Angeles,CUST2521,PROD373,TV,LG OLED 48,Samsung,5,897.03,0.26,0.18,3916.43,Debit Card,Online,EMP491,3,1,Same Day,6,EUR
ORD135320,04-02-2023,BR95,Germany,Hamburg,CUST3632,PROD597,Tablet,Lenovo Tab P11,LG,3,1394.92,0.2,0.18,3950.41,Cash,In-Store,EMP388,0,1,Same Day,1,USD
ORD135321,26-12-2024,BR29,USA,Dallas,CUST2555,PROD730,Tablet,iPad Air,Dell,2,1386.59,0.09,0.18,2977.84,UPI,In-Store,EMP822,2,1,Standard,6,USD
ORD135322,18-07-2024,BR34,UAE,Abu Dhabi,CUST5136,PROD191,Laptop,MacBook Air M2,Sony,3,1031.65,0.19,0.18,2958.15,Net Banking,In-Store,EMP989,3,1,Same Day,3,USD
ORD135323,24-11-2023,BR120,UK,Manchester,CUST9078,PROD367,Accessories,Bluetooth Headphones,HP,2,998.1,0.18,0.18,1931.52,Net Banking,Online,EMP861,0,0,Standard,7,EUR
ORD135324,07-08-2024,BR108,Germany,Hamburg,CUST8928,PROD741,Accessories,Wireless Mouse,Sony,2,985.25,0.09,0.18,2115.92,UPI,Online,EMP493,2,0,Express,7,INR
ORD135325,06-08-2023,BR55,UAE,Dubai,CUST9003,PROD934,Mobile,Samsung Galaxy S23,Dell,3,801.42,0.2,0.18,2269.62,Cash,In-Store,EMP248,1,1,Express,2,GBP
ORD135326,11-08-2023,BR36,Germany,Berlin,CUST6838,PROD671,Mobile,Samsung Galaxy S23,Apple,3,887.17,0.03,0.18,3046.36,UPI,Online,EMP887,2,0,Same Day,6,EUR
ORD135327,08-03-2024,BR110,USA,Dallas,CUST6975,PROD238,Tablet,iPad Air,LG,5,723.85,0.29,0.18,3032.21,Credit Card,Online,EMP413,3,1,Same Day,7,USD
ORD135328,27-10-2023,BR27,India,Mumbai,CUST2894,PROD926,Accessories,Bluetooth Headphones,Sony,1,1312.53,0.1,0.18,1393.91,Net Banking,In-Store,EMP277,0,1,Express,3,INR
ORD135329,03-08-2023,BR108,USA,Los Angeles,CUST9177,PROD446,Accessories,Wireless Mouse,Lenovo,1,410.79,0.17,0.18,402.33,UPI,In-Store,EMP877,3,1,Standard,2,EUR
ORD135330,01-05-2024,BR66,Germany,Munich,CUST5247,PROD897,Mobile,Samsung Galaxy S23,Samsung,4,1106.96,0.1,0.18,4702.37,Debit Card,In-Store,EMP320,0,0,Same Day,10,USD
ORD135331,26-04-2023,BR116,USA,Dallas,CUST2826,PROD736,TV,Sony Bravia 55,Dell,1,1908.2,0.05,0.18,2139.09,Cash,Online,EMP360,3,0,Express,4,EUR
ORD135332,08-07-2024,BR84,UAE,Abu Dhabi,CUST8663,PROD571,Mobile,iPhone 14,OnePlus,4,159.4,0.12,0.18,662.08,Credit Card,In-Store,EMP746,2,0,Express,5,USD
ORD135333,23-11-2024,BR110,India,Mumbai,CUST9250,PROD927,Tablet,Samsung Galaxy Tab,Apple,5,1328.29,0.02,0.18,7680.17,UPI,In-Store,EMP957,2,0,Same Day,8,INR
ORD135334,17-02-2023,BR14,Germany,Hamburg,CUST5625,PROD382,Accessories,Keyboard,HP,3,1099.55,0.12,0.18,3425.32,Debit Card,Online,EMP883,1,1,Express,10,AED
ORD135335,09-06-2023,BR91,USA,New York,CUST6912,PROD835,Mobile,iPhone 14,Dell,5,1058.6,0.2,0.18,4996.59,UPI,In-Store,EMP622,2,0,Standard,2,USD
ORD135336,02-01-2024,BR74,USA,Los Angeles,CUST8503,PROD251,TV,Samsung QLED 50,Dell,2,504.73,0.13,0.18,1036.31,Cash,Online,EMP922,0,1,Same Day,4,USD
ORD135337,17-03-2024,BR76,India,Delhi,CUST6531,PROD671,Accessories,Keyboard,LG,5,1128.13,0.02,0.18,6522.85,Credit Card,Online,EMP709,3,0,Express,9,USD
ORD135338,05-03-2024,BR23,UK,Manchester,CUST9397,PROD718,TV,LG OLED 48,Apple,1,1763.65,0.28,0.18,1498.4,UPI,Online,EMP526,2,0,Express,6,INR
ORD135339,07-07-2024,BR38,UK,London,CUST3458,PROD858,Laptop,MacBook Air M2,HP,3,1693.88,0.08,0.18,5516.63,Credit Card,In-Store,EMP462,3,1,Express,2,GBP
ORD135340,06-03-2024,BR66,USA,Los Angeles,CUST5221,PROD488,Mobile,Samsung Galaxy S23,Apple,2,794.15,0.12,0.18,1649.29,Cash,In-Store,EMP371,1,0,Standard,8,GBP
ORD135341,01-02-2023,BR108,USA,New York,CUST9596,PROD706,Mobile,iPhone 14,Dell,5,1268.43,0.17,0.18,6211.5,UPI,Online,EMP303,3,0,Same Day,7,AED
ORD135342,24-12-2024,BR62,UAE,Dubai,CUST3168,PROD855,Mobile,iPhone 14,LG,2,254.06,0.28,0.18,431.7,Credit Card,In-Store,EMP472,0,0,Same Day,5,EUR
ORD135343,21-08-2024,BR14,UK,London,CUST4634,PROD878,Mobile,OnePlus 11,Apple,5,1532.21,0.02,0.18,8859.24,Debit Card,Online,EMP846,2,0,Standard,6,AED
ORD135344,11-08-2024,BR111,UK,Birmingham,CUST7138,PROD667,TV,Sony Bravia 55,OnePlus,5,1093.62,0.27,0.18,4710.22,Credit Card,In-Store,EMP825,0,0,Same Day,5,INR
ORD135345,19-10-2023,BR9,Germany,Munich,CUST8043,PROD643,Laptop,HP Spectre x360,HP,1,1045,0.25,0.18,924.83,Debit Card,Online,EMP333,1,1,Express,7,EUR
ORD135346,09-12-2024,BR112,Germany,Hamburg,CUST3511,PROD221,Accessories,Keyboard,Sony,2,1734.68,0.1,0.18,3684.46,Credit Card,In-Store,EMP709,1,0,Same Day,4,EUR
ORD135347,27-09-2023,BR23,Germany,Berlin,CUST9037,PROD627,TV,Samsung QLED 50,OnePlus,2,901.7,0.07,0.18,1979.05,Cash,In-Store,EMP826,0,1,Express,9,AED
ORD135348,03-08-2023,BR34,UK,Birmingham,CUST2425,PROD954,Mobile,OnePlus 11,Samsung,4,1286.8,0.24,0.18,4616.01,Debit Card,In-Store,EMP332,1,1,Same Day,4,GBP
ORD135349,24-02-2023,BR65,UAE,Dubai,CUST2650,PROD159,Mobile,OnePlus 11,OnePlus,1,1775.32,0.23,0.18,1613.06,Cash,Online,EMP626,0,1,Express,2,USD
ORD135350,08-06-2024,BR90,India,Mumbai,CUST3885,PROD262,Tablet,Lenovo Tab P11,OnePlus,5,738.27,0.03,0.18,4225.12,Credit Card,Online,EMP749,2,0,Standard,1,EUR
ORD135351,25-03-2023,BR86,UK,Birmingham,CUST1312,PROD876,Mobile,Samsung Galaxy S23,Dell,4,154.76,0.13,0.18,635.51,Debit Card,In-Store,EMP887,1,0,Same Day,5,AED
ORD135352,22-10-2024,BR5,UK,London,CUST5864,PROD981,TV,Sony Bravia 55,Dell,5,1673.45,0.25,0.18,7405.02,Debit Card,In-Store,EMP464,1,1,Same Day,8,GBP
ORD135353,23-11-2023,BR28,India,Mumbai,CUST4161,PROD530,Accessories,Keyboard,Apple,1,1841.06,0.17,0.18,1803.13,UPI,Online,EMP326,0,0,Same Day,9,GBP
ORD135354,15-01-2023,BR49,USA,Chicago,CUST7439,PROD213,TV,LG OLED 48,LG,2,370.95,0.28,0.18,630.32,Cash,Online,EMP920,1,1,Standard,10,INR
ORD135355,18-07-2024,BR25,USA,New York,CUST9278,PROD333,TV,Samsung QLED 50,HP,5,913.93,0.16,0.18,4529.44,Credit Card,Online,EMP247,3,0,Express,4,EUR
ORD135356,27-02-2024,BR101,UK,London,CUST3328,PROD764,Tablet,Lenovo Tab P11,OnePlus,1,1496.82,0.24,0.18,1342.35,Debit Card,In-Store,EMP890,1,0,Express,6,INR
ORD135357,01-10-2023,BR11,UAE,Abu Dhabi,CUST4426,PROD116,TV,LG OLED 48,OnePlus,2,1107.58,0.18,0.18,2143.39,Net Banking,In-Store,EMP627,1,1,Same Day,10,GBP
ORD135358,10-02-2024,BR98,Germany,Berlin,CUST6115,PROD968,Laptop,HP Spectre x360,Samsung,1,1597.77,0.17,0.18,1564.86,Net Banking,In-Store,EMP827,3,0,Standard,10,AED
ORD135359,16-12-2024,BR89,UK,London,CUST1711,PROD958,Mobile,OnePlus 11,LG,1,1535.25,0.29,0.18,1286.23,Cash,In-Store,EMP936,1,0,Express,9,INR
ORD135360,01-08-2024,BR98,USA,Los Angeles,CUST6876,PROD757,Tablet,iPad Air,LG,5,177.42,0.17,0.18,868.83,Debit Card,In-Store,EMP682,3,0,Standard,4,AED
ORD135361,20-03-2024,BR79,India,Mumbai,CUST3799,PROD810,Accessories,Wireless Mouse,Sony,5,1111,0.16,0.18,5506.12,Debit Card,In-Store,EMP821,3,1,Express,4,EUR
ORD135362,07-07-2023,BR32,USA,Los Angeles,CUST4009,PROD774,TV,Samsung QLED 50,Dell,5,986.47,0.03,0.18,5645.57,UPI,Online,EMP920,0,1,Standard,4,USD
ORD135363,15-03-2024,BR108,UK,Birmingham,CUST8468,PROD286,Mobile,iPhone 14,LG,3,1733.06,0.14,0.18,5276.13,Net Banking,In-Store,EMP407,1,0,Same Day,9,GBP
ORD135364,15-07-2024,BR70,UK,London,CUST1958,PROD881,Laptop,HP Spectre x360,LG,2,724.43,0.08,0.18,1572.88,Credit Card,Online,EMP532,3,0,Same Day,9,INR
ORD135365,13-07-2024,BR13,Germany,Hamburg,CUST2606,PROD221,Tablet,Samsung Galaxy Tab,Dell,4,1671.98,0.15,0.18,6707.98,Debit Card,Online,EMP447,3,1,Same Day,2,EUR
ORD135366,15-02-2024,BR52,Germany,Berlin,CUST3063,PROD781,Tablet,iPad Air,Apple,3,369.55,0.12,0.18,1151.22,Cash,Online,EMP583,3,1,Same Day,7,AED
ORD135367,22-02-2023,BR97,India,Bangalore,CUST4099,PROD336,Laptop,HP Spectre x360,Samsung,1,242.34,0.06,0.18,268.8,Net Banking,In-Store,EMP556,3,1,Express,5,AED
ORD135368,03-06-2024,BR26,Germany,Munich,CUST6328,PROD704,Mobile,OnePlus 11,Dell,3,1171.76,0.03,0.18,4023.59,Cash,Online,EMP960,1,0,Standard,4,USD
ORD135369,09-10-2023,BR112,India,Mumbai,CUST8702,PROD814,Laptop,MacBook Air M2,Sony,5,925.76,0.11,0.18,4861.17,Cash,In-Store,EMP791,2,1,Same Day,5,EUR
ORD135370,21-11-2023,BR88,Germany,Berlin,CUST6236,PROD400,Tablet,Lenovo Tab P11,HP,2,684.37,0.09,0.18,1469.75,UPI,Online,EMP500,2,1,Standard,1,USD
ORD135371,09-03-2023,BR120,UK,Birmingham,CUST2734,PROD404,TV,Sony Bravia 55,Sony,1,1128.35,0.2,0.18,1065.16,Credit Card,Online,EMP752,1,1,Express,4,GBP
ORD135372,24-01-2023,BR112,UAE,Dubai,CUST4162,PROD104,Tablet,Samsung Galaxy Tab,Apple,1,1572.52,0.17,0.18,1540.13,Credit Card,In-Store,EMP636,1,0,Same Day,8,INR
ORD135373,19-09-2024,BR51,Germany,Berlin,CUST1726,PROD825,TV,LG OLED 48,Samsung,4,553.21,0.13,0.18,2271.7,Net Banking,Online,EMP456,3,0,Standard,4,USD
ORD135374,16-11-2023,BR37,India,Pune,CUST1606,PROD981,Laptop,HP Spectre x360,LG,3,239.43,0.24,0.18,644.16,Net Banking,Online,EMP200,1,1,Standard,7,USD
ORD135375,25-03-2024,BR19,UAE,Abu Dhabi,CUST5972,PROD569,Tablet,Lenovo Tab P11,HP,4,916.82,0.05,0.18,4111.02,Debit Card,In-Store,EMP843,2,0,Same Day,1,GBP
ORD135376,26-02-2023,BR19,Germany,Munich,CUST5562,PROD318,Mobile,Samsung Galaxy S23,Sony,5,1230.2,0.3,0.18,5080.73,Cash,In-Store,EMP318,0,0,Standard,10,AED
ORD135377,21-02-2023,BR9,Germany,Munich,CUST7181,PROD723,Laptop,HP Spectre x360,LG,5,1332.73,0.06,0.18,7391.32,Net Banking,Online,EMP738,2,1,Express,6,USD
ORD135378,23-03-2024,BR41,USA,Dallas,CUST4068,PROD239,TV,Samsung QLED 50,Samsung,5,961.53,0.27,0.18,4141.31,Credit Card,In-Store,EMP304,1,0,Standard,1,EUR
ORD135379,26-04-2023,BR114,USA,Dallas,CUST4500,PROD941,Tablet,iPad Air,Samsung,5,1072.36,0.05,0.18,6010.58,Net Banking,In-Store,EMP604,2,1,Same Day,3,AED
ORD135380,24-03-2023,BR13,USA,Los Angeles,CUST6747,PROD418,Mobile,iPhone 14,Sony,4,162.4,0.19,0.18,620.89,Cash,In-Store,EMP361,3,0,Express,4,EUR
ORD135381,18-07-2023,BR90,Germany,Munich,CUST5095,PROD444,Mobile,iPhone 14,LG,2,1071.47,0.08,0.18,2326.38,UPI,In-Store,EMP241,2,1,Same Day,3,USD
ORD135382,16-06-2024,BR12,India,Mumbai,CUST5978,PROD384,Mobile,iPhone 14,Samsung,1,1429.69,0.05,0.18,1602.68,Credit Card,Online,EMP720,0,0,Same Day,3,EUR
ORD135383,14-01-2023,BR90,UAE,Dubai,CUST9414,PROD919,TV,LG OLED 48,Apple,3,1997.59,0.1,0.18,6364.32,Debit Card,Online,EMP681,1,0,Express,6,USD
ORD135384,08-04-2024,BR7,India,Mumbai,CUST4494,PROD165,TV,Sony Bravia 55,LG,4,1506.58,0.01,0.18,7039.95,UPI,In-Store,EMP533,3,1,Express,7,GBP
ORD135385,06-02-2023,BR17,USA,Dallas,CUST4018,PROD483,Laptop,MacBook Air M2,HP,3,1563.89,0.08,0.18,5093.28,Credit Card,In-Store,EMP399,0,1,Standard,2,INR
ORD135386,03-08-2024,BR65,USA,Los Angeles,CUST5264,PROD741,Accessories,Bluetooth Headphones,Lenovo,2,387.64,0.12,0.18,805.05,Debit Card,Online,EMP642,1,1,Express,7,INR
ORD135387,12-07-2024,BR28,India,Mumbai,CUST3848,PROD555,Accessories,Bluetooth Headphones,OnePlus,1,460.12,0.21,0.18,428.92,UPI,Online,EMP626,1,0,Express,2,AED
ORD135388,22-10-2023,BR86,India,Bangalore,CUST2458,PROD833,Laptop,MacBook Air M2,Samsung,1,1955.42,0.02,0.18,2261.25,Debit Card,In-Store,EMP597,2,1,Same Day,6,EUR
ORD135389,12-02-2023,BR18,UAE,Dubai,CUST2516,PROD725,Laptop,Dell XPS 13,Sony,5,1056.23,0.3,0.18,4362.23,Cash,Online,EMP243,0,1,Same Day,10,GBP
ORD135390,09-01-2024,BR58,USA,Los Angeles,CUST7132,PROD473,Tablet,Samsung Galaxy Tab,Dell,1,212.22,0.04,0.18,240.4,Net Banking,In-Store,EMP911,0,0,Express,2,EUR
ORD135391,23-08-2024,BR88,UK,Birmingham,CUST7525,PROD978,Accessories,Bluetooth Headphones,Samsung,2,1919.9,0.06,0.18,4259.11,Net Banking,Online,EMP694,0,0,Same Day,1,EUR
ORD135392,10-10-2024,BR77,UAE,Dubai,CUST2185,PROD499,TV,Sony Bravia 55,Sony,3,417.99,0.24,0.18,1124.56,Cash,In-Store,EMP432,0,0,Same Day,8,EUR
ORD135393,10-04-2023,BR91,India,Delhi,CUST8313,PROD563,Accessories,Wireless Mouse,Dell,5,604.78,0.21,0.18,2818.88,UPI,In-Store,EMP721,3,0,Same Day,7,USD
ORD135394,13-10-2024,BR57,UK,Birmingham,CUST9968,PROD276,Laptop,HP Spectre x360,LG,1,310.11,0.08,0.18,336.66,UPI,In-Store,EMP980,0,1,Express,2,INR
ORD135395,05-02-2024,BR68,Germany,Berlin,CUST5145,PROD721,Tablet,iPad Air,Dell,2,1345.1,0.06,0.18,2983.97,Net Banking,Online,EMP679,3,0,Same Day,4,USD
ORD135396,06-04-2024,BR22,UK,Manchester,CUST7144,PROD662,Tablet,iPad Air,Dell,1,1356.5,0.08,0.18,1472.62,Credit Card,In-Store,EMP840,1,1,Express,4,INR
ORD135397,10-07-2024,BR62,UAE,Dubai,CUST7636,PROD178,Tablet,Samsung Galaxy Tab,Sony,3,718.89,0.22,0.18,1985,Net Banking,Online,EMP427,1,0,Express,3,GBP
ORD135398,10-05-2024,BR119,India,Bangalore,CUST5935,PROD331,Laptop,MacBook Air M2,Samsung,1,1676.5,0.08,0.18,1820.01,Debit Card,Online,EMP510,0,0,Same Day,5,INR
ORD135399,06-08-2024,BR29,UAE,Dubai,CUST3060,PROD631,Accessories,Keyboard,Apple,1,1987.61,0.12,0.18,2063.93,Debit Card,In-Store,EMP286,0,1,Standard,5,AED
ORD135400,05-09-2024,BR101,USA,Dallas,CUST9589,PROD485,Accessories,Keyboard,Apple,3,400.83,0.01,0.18,1404.75,Credit Card,In-Store,EMP860,1,1,Express,2,EUR
ORD135401,14-06-2024,BR95,UK,Birmingham,CUST6097,PROD181,Mobile,OnePlus 11,Sony,1,285.1,0.17,0.18,279.23,UPI,Online,EMP561,3,0,Standard,3,INR
ORD135402,01-06-2023,BR97,Germany,Munich,CUST7827,PROD103,Tablet,Samsung Galaxy Tab,LG,4,611.76,0.07,0.18,2685.38,Credit Card,Online,EMP690,1,1,Same Day,3,USD
ORD135403,06-11-2023,BR63,Germany,Munich,CUST2777,PROD364,Accessories,Bluetooth Headphones,Dell,3,382.8,0.19,0.18,1097.64,Cash,In-Store,EMP770,2,1,Same Day,1,AED
ORD135404,05-04-2023,BR5,Germany,Munich,CUST4181,PROD802,TV,Sony Bravia 55,Sony,3,919.14,0.19,0.18,2635.54,UPI,Online,EMP289,0,0,Standard,3,AED
ORD135405,04-12-2024,BR120,USA,Los Angeles,CUST8138,PROD331,Tablet,Samsung Galaxy Tab,Lenovo,4,613.38,0.28,0.18,2084.51,Credit Card,Online,EMP322,2,0,Express,8,INR
ORD135406,30-08-2023,BR67,Germany,Munich,CUST2606,PROD590,TV,Samsung QLED 50,HP,1,838.19,0.04,0.18,949.5,Cash,Online,EMP568,1,1,Standard,4,AED
ORD135407,15-08-2024,BR83,Germany,Hamburg,CUST9734,PROD904,Mobile,OnePlus 11,Apple,4,1560.25,0.29,0.18,5228.71,Credit Card,In-Store,EMP739,1,1,Standard,6,USD
ORD135408,07-10-2023,BR114,Germany,Hamburg,CUST6409,PROD291,Accessories,Wireless Mouse,HP,5,1771.09,0.19,0.18,8464.04,UPI,Online,EMP951,1,1,Standard,7,GBP
ORD135409,15-09-2024,BR35,Germany,Berlin,CUST5907,PROD488,Accessories,Wireless Mouse,HP,2,663.79,0.13,0.18,1362.89,Cash,Online,EMP954,0,1,Same Day,1,AED
ORD135410,26-10-2023,BR39,UK,London,CUST3810,PROD387,Laptop,HP Spectre x360,LG,3,190.99,0.14,0.18,581.45,Net Banking,In-Store,EMP305,0,0,Standard,10,AED
ORD135411,01-09-2023,BR40,India,Bangalore,CUST3467,PROD342,Mobile,Samsung Galaxy S23,Lenovo,3,1948.52,0.07,0.18,6414.92,Credit Card,In-Store,EMP936,3,0,Express,6,EUR
ORD135412,06-12-2024,BR106,UAE,Dubai,CUST4819,PROD928,Laptop,HP Spectre x360,Lenovo,3,722.56,0.27,0.18,1867.24,Net Banking,In-Store,EMP586,3,1,Express,2,AED
ORD135413,08-07-2024,BR30,India,Mumbai,CUST8829,PROD403,Tablet,Samsung Galaxy Tab,HP,1,915.62,0.05,0.18,1026.41,UPI,Online,EMP671,3,0,Same Day,10,INR
ORD135414,08-01-2023,BR101,USA,New York,CUST6992,PROD936,Tablet,iPad Air,Lenovo,4,1144.75,0.11,0.18,4808.87,Cash,Online,EMP745,0,1,Express,1,INR
ORD135415,07-05-2024,BR11,India,Pune,CUST9655,PROD688,TV,Sony Bravia 55,Dell,2,1225.47,0.28,0.18,2082.32,Cash,In-Store,EMP433,0,1,Same Day,6,EUR
ORD135416,24-06-2024,BR116,India,Bangalore,CUST1445,PROD527,Accessories,Keyboard,Dell,2,217.76,0.2,0.18,411.13,Credit Card,In-Store,EMP322,1,0,Standard,8,INR
ORD135417,11-01-2024,BR28,UAE,Abu Dhabi,CUST3164,PROD240,Laptop,Dell XPS 13,Dell,1,489.69,0.05,0.18,548.94,Debit Card,In-Store,EMP245,3,0,Standard,4,USD
ORD135418,29-01-2024,BR9,UAE,Dubai,CUST3484,PROD548,Mobile,iPhone 14,Sony,2,1089.1,0.2,0.18,2056.22,Credit Card,In-Store,EMP726,0,0,Express,3,USD
ORD135419,15-05-2024,BR63,Germany,Munich,CUST7139,PROD659,Accessories,Keyboard,Sony,1,477.6,0.14,0.18,484.67,UPI,Online,EMP403,0,0,Standard,1,EUR
ORD135420,28-09-2024,BR38,India,Delhi,CUST9879,PROD192,Accessories,Bluetooth Headphones,Sony,3,1956.36,0.03,0.18,6717.75,Cash,Online,EMP687,2,0,Express,8,EUR
ORD135421,23-04-2024,BR48,India,Bangalore,CUST9471,PROD928,Accessories,Wireless Mouse,Apple,4,1884.7,0.18,0.18,7294.54,Cash,Online,EMP814,1,1,Standard,2,INR
ORD135422,18-05-2023,BR115,UK,London,CUST6332,PROD765,Accessories,Keyboard,Sony,1,693.34,0.15,0.18,695.42,Debit Card,In-Store,EMP606,3,0,Express,5,USD
ORD135423,04-07-2024,BR113,Germany,Munich,CUST8586,PROD296,Mobile,iPhone 14,HP,3,1757.75,0.25,0.18,4666.83,UPI,In-Store,EMP730,2,0,Same Day,2,EUR
ORD135424,27-11-2023,BR86,USA,Chicago,CUST1970,PROD458,TV,LG OLED 48,Dell,2,313.78,0.13,0.18,644.25,Debit Card,Online,EMP614,0,1,Standard,8,EUR
ORD135425,12-05-2023,BR26,India,Bangalore,CUST6010,PROD549,Laptop,HP Spectre x360,OnePlus,4,340.54,0.06,0.18,1510.91,Cash,Online,EMP696,0,1,Standard,10,USD
ORD135426,31-10-2023,BR27,USA,Los Angeles,CUST7824,PROD799,Accessories,Bluetooth Headphones,OnePlus,2,920.96,0.13,0.18,1890.92,Credit Card,Online,EMP883,2,1,Same Day,2,USD
ORD135427,26-03-2024,BR45,India,Mumbai,CUST8110,PROD479,Laptop,MacBook Air M2,Sony,1,1632.34,0.04,0.18,1849.11,Cash,In-Store,EMP794,1,0,Same Day,5,USD
ORD135428,26-01-2024,BR83,UAE,Abu Dhabi,CUST2768,PROD650,Tablet,iPad Air,LG,1,508.61,0.09,0.18,546.15,Cash,In-Store,EMP680,2,0,Standard,1,EUR
ORD135429,04-01-2024,BR34,UK,Manchester,CUST6945,PROD387,TV,LG OLED 48,OnePlus,3,1831.91,0.29,0.18,4604.32,Net Banking,In-Store,EMP313,2,1,Express,1,EUR
ORD135430,22-11-2024,BR75,UAE,Dubai,CUST1155,PROD438,Mobile,iPhone 14,Samsung,1,89.06,0.11,0.18,93.53,Debit Card,Online,EMP772,1,0,Same Day,7,EUR
ORD135431,25-10-2023,BR90,UK,Birmingham,CUST8859,PROD762,Laptop,MacBook Air M2,Dell,3,382.51,0.2,0.18,1083.27,Cash,Online,EMP879,0,0,Standard,6,AED
ORD135432,23-10-2024,BR111,UAE,Abu Dhabi,CUST5180,PROD849,Mobile,Samsung Galaxy S23,LG,4,1852.21,0.29,0.18,6207.13,Net Banking,Online,EMP987,2,0,Standard,10,INR
ORD135433,28-08-2023,BR92,UK,London,CUST7531,PROD913,Accessories,Bluetooth Headphones,Samsung,4,712.79,0.2,0.18,2691.5,Net Banking,In-Store,EMP425,2,0,Same Day,8,EUR
ORD135434,02-08-2023,BR99,India,Bangalore,CUST6509,PROD379,Accessories,Wireless Mouse,Samsung,2,1731.26,0.2,0.18,3268.62,Cash,Online,EMP979,1,1,Express,3,GBP
ORD135435,13-03-2024,BR70,Germany,Hamburg,CUST4223,PROD432,TV,Samsung QLED 50,Lenovo,5,736.45,0.14,0.18,3736.75,Cash,Online,EMP793,3,0,Standard,7,GBP
ORD135436,26-07-2024,BR53,Germany,Hamburg,CUST1017,PROD737,Accessories,Wireless Mouse,OnePlus,5,972.08,0.06,0.18,5391.16,Debit Card,Online,EMP649,0,0,Same Day,9,INR
ORD135437,27-10-2024,BR16,UK,Manchester,CUST6425,PROD913,TV,Sony Bravia 55,LG,3,262.17,0.05,0.18,881.68,Cash,Online,EMP830,2,1,Express,5,AED
ORD135438,21-12-2024,BR94,USA,Chicago,CUST6794,PROD849,Accessories,Wireless Mouse,HP,5,581.25,0.08,0.18,3155.03,UPI,In-Store,EMP573,0,1,Standard,3,AED
ORD135439,19-06-2024,BR54,USA,Dallas,CUST3061,PROD545,TV,LG OLED 48,Lenovo,3,713.81,0.3,0.18,1768.82,Cash,In-Store,EMP977,0,0,Standard,9,USD
ORD135440,18-09-2023,BR70,India,Pune,CUST5537,PROD144,Tablet,Lenovo Tab P11,Sony,2,155.79,0.13,0.18,319.87,Cash,Online,EMP779,0,0,Standard,5,GBP
ORD135441,31-05-2024,BR80,UK,Birmingham,CUST4968,PROD910,Tablet,Lenovo Tab P11,Dell,3,555.14,0.27,0.18,1434.59,UPI,Online,EMP338,2,1,Express,6,INR
ORD135442,04-06-2024,BR103,India,Bangalore,CUST3670,PROD577,TV,LG OLED 48,LG,2,1093.03,0.24,0.18,1960.46,Debit Card,Online,EMP570,2,0,Standard,6,GBP
ORD135443,16-05-2023,BR100,Germany,Berlin,CUST2436,PROD947,Laptop,MacBook Air M2,HP,2,1254.04,0.1,0.18,2663.58,Credit Card,In-Store,EMP612,2,0,Standard,7,USD
ORD135444,17-01-2023,BR103,Germany,Munich,CUST5886,PROD692,TV,Samsung QLED 50,HP,1,273.56,0.13,0.18,280.84,Net Banking,Online,EMP239,3,1,Same Day,8,AED
ORD135445,16-01-2023,BR30,UAE,Abu Dhabi,CUST2863,PROD136,Tablet,Lenovo Tab P11,LG,5,352.66,0.16,0.18,1747.78,UPI,In-Store,EMP651,3,1,Express,3,USD
ORD135446,29-01-2024,BR47,UAE,Dubai,CUST4146,PROD257,TV,Sony Bravia 55,Dell,2,190.09,0.22,0.18,349.92,Credit Card,In-Store,EMP736,3,0,Same Day,8,GBP
ORD135447,18-02-2024,BR95,UK,Birmingham,CUST7130,PROD729,Laptop,Dell XPS 13,Dell,3,1711.07,0.12,0.18,5330.33,Cash,Online,EMP479,1,1,Standard,3,AED
ORD135448,09-01-2023,BR16,Germany,Berlin,CUST5846,PROD188,Mobile,Samsung Galaxy S23,LG,1,1577.43,0.09,0.18,1693.84,UPI,In-Store,EMP448,1,0,Same Day,3,INR
ORD135449,25-06-2024,BR98,Germany,Berlin,CUST4901,PROD919,Mobile,Samsung Galaxy S23,HP,1,1272.63,0.18,0.18,1231.4,UPI,In-Store,EMP668,3,1,Express,1,EUR
ORD135450,03-05-2023,BR96,UAE,Abu Dhabi,CUST5323,PROD486,TV,LG OLED 48,Apple,3,256.86,0.23,0.18,700.15,UPI,In-Store,EMP348,0,0,Same Day,7,AED
ORD135451,26-11-2024,BR93,UAE,Dubai,CUST2893,PROD416,TV,Samsung QLED 50,HP,1,186.06,0.27,0.18,160.27,Debit Card,Online,EMP599,2,0,Standard,4,USD
ORD135452,17-04-2023,BR108,Germany,Berlin,CUST5800,PROD973,Laptop,MacBook Air M2,Dell,1,195.97,0.25,0.18,173.43,Net Banking,Online,EMP648,2,1,Standard,7,INR
ORD135453,19-03-2024,BR120,USA,New York,CUST1372,PROD143,Laptop,MacBook Air M2,Apple,5,232.91,0.22,0.18,1071.85,Debit Card,Online,EMP877,1,0,Same Day,3,AED
ORD135454,13-10-2023,BR87,Germany,Hamburg,CUST1539,PROD724,Tablet,iPad Air,Samsung,5,416.97,0.03,0.18,2386.32,Credit Card,Online,EMP596,0,0,Express,1,USD
ORD135455,02-10-2024,BR12,UAE,Dubai,CUST4825,PROD282,TV,Sony Bravia 55,HP,2,977.06,0.01,0.18,2282.8,Debit Card,Online,EMP893,1,1,Standard,2,GBP
ORD135456,13-12-2023,BR51,UK,London,CUST2497,PROD344,Mobile,Samsung Galaxy S23,Samsung,2,1446.31,0.2,0.18,2730.63,Credit Card,In-Store,EMP655,1,1,Express,5,AED
ORD135457,08-05-2023,BR99,USA,Chicago,CUST7568,PROD359,Mobile,Samsung Galaxy S23,LG,5,326.3,0,0.18,1925.17,Net Banking,Online,EMP424,1,0,Standard,2,AED
ORD135458,22-09-2023,BR32,USA,Dallas,CUST1603,PROD914,Accessories,Bluetooth Headphones,Sony,1,1922.67,0.03,0.18,2200.69,Cash,Online,EMP712,2,0,Standard,1,GBP
ORD135459,16-04-2023,BR105,UAE,Dubai,CUST6287,PROD460,Laptop,Dell XPS 13,HP,1,699.51,0.17,0.18,685.1,Debit Card,In-Store,EMP869,0,0,Express,1,INR
ORD135460,03-02-2023,BR77,Germany,Hamburg,CUST5413,PROD878,Accessories,Keyboard,OnePlus,2,1980.26,0.26,0.18,3458.33,Credit Card,In-Store,EMP964,0,1,Standard,7,EUR
ORD135461,20-01-2023,BR101,USA,Chicago,CUST5467,PROD689,Tablet,Lenovo Tab P11,Apple,3,358.83,0.02,0.18,1244.85,Credit Card,In-Store,EMP510,1,1,Standard,3,GBP
ORD135462,02-03-2024,BR109,Germany,Hamburg,CUST1601,PROD913,Mobile,iPhone 14,Samsung,4,1415.7,0.17,0.18,5546.15,Debit Card,In-Store,EMP736,1,0,Standard,4,INR
ORD135463,06-10-2024,BR43,USA,New York,CUST8067,PROD750,TV,Sony Bravia 55,Lenovo,2,352.68,0.1,0.18,749.09,UPI,Online,EMP385,1,0,Standard,7,AED
ORD135464,11-12-2023,BR90,UK,London,CUST1175,PROD383,Mobile,OnePlus 11,Samsung,5,911.98,0.2,0.18,4304.55,Cash,Online,EMP655,3,1,Express,6,AED
ORD135465,30-03-2024,BR74,USA,Dallas,CUST1787,PROD968,Laptop,MacBook Air M2,Lenovo,4,1019.48,0.01,0.18,4763.83,UPI,Online,EMP886,0,0,Same Day,7,EUR
ORD135466,09-11-2023,BR100,UK,Manchester,CUST5861,PROD737,Tablet,Samsung Galaxy Tab,HP,5,1434.55,0.03,0.18,8209.93,Debit Card,In-Store,EMP547,0,0,Express,4,USD
ORD135467,22-02-2024,BR95,UAE,Abu Dhabi,CUST2492,PROD719,Accessories,Wireless Mouse,Samsung,5,1164.38,0.28,0.18,4946.29,UPI,In-Store,EMP732,2,0,Standard,4,INR
ORD135468,28-05-2023,BR45,India,Mumbai,CUST8905,PROD578,Accessories,Wireless Mouse,Lenovo,1,104.49,0.28,0.18,88.77,Credit Card,In-Store,EMP339,1,1,Express,7,AED
ORD135469,26-10-2023,BR37,USA,Dallas,CUST4475,PROD211,Accessories,Keyboard,Dell,5,456.66,0.05,0.18,2559.58,Cash,In-Store,EMP243,2,1,Same Day,9,EUR
ORD135470,17-09-2024,BR35,Germany,Munich,CUST5649,PROD921,Laptop,HP Spectre x360,Lenovo,4,245.07,0.02,0.18,1133.6,Net Banking,In-Store,EMP499,1,0,Express,7,GBP
ORD135471,05-10-2023,BR107,Germany,Munich,CUST2401,PROD348,Laptop,Dell XPS 13,Sony,4,991.71,0.27,0.18,3417.04,Debit Card,In-Store,EMP486,0,0,Same Day,3,GBP
ORD135472,08-07-2024,BR29,USA,Dallas,CUST5370,PROD644,Laptop,Dell XPS 13,Samsung,5,956.05,0.02,0.18,5527.88,Net Banking,Online,EMP416,3,1,Standard,4,INR
ORD135473,30-05-2023,BR72,UAE,Dubai,CUST3268,PROD825,TV,LG OLED 48,LG,2,1866.52,0.26,0.18,3259.69,UPI,Online,EMP352,3,0,Same Day,1,GBP
ORD135474,14-01-2023,BR60,USA,Los Angeles,CUST2438,PROD641,Accessories,Bluetooth Headphones,Sony,5,1978.31,0.29,0.18,8287.14,Cash,Online,EMP891,1,1,Same Day,6,GBP
ORD135475,01-07-2024,BR41,India,Mumbai,CUST5560,PROD446,Tablet,iPad Air,Sony,4,332.24,0,0.18,1568.17,Debit Card,In-Store,EMP595,0,1,Express,9,USD
ORD135476,02-05-2024,BR44,Germany,Hamburg,CUST5406,PROD611,TV,Samsung QLED 50,Sony,5,112.1,0.02,0.18,648.16,Debit Card,Online,EMP990,1,0,Same Day,9,GBP
ORD135477,06-02-2023,BR120,Germany,Munich,CUST6867,PROD378,Accessories,Bluetooth Headphones,Lenovo,4,1587.6,0.25,0.18,5620.1,Credit Card,In-Store,EMP969,0,0,Same Day,3,AED
ORD135478,15-11-2024,BR59,UK,Birmingham,CUST2671,PROD344,Laptop,HP Spectre x360,Lenovo,2,1410.4,0.08,0.18,3062.26,Net Banking,In-Store,EMP683,2,1,Standard,9,USD
ORD135479,17-05-2023,BR118,UAE,Dubai,CUST1480,PROD683,TV,Sony Bravia 55,Dell,4,1471.38,0.26,0.18,5139.24,Net Banking,Online,EMP354,1,1,Express,5,USD
ORD135480,11-06-2024,BR88,UK,Manchester,CUST1590,PROD456,Tablet,Samsung Galaxy Tab,HP,3,452.67,0.17,0.18,1330.03,Net Banking,Online,EMP450,3,1,Same Day,2,INR
ORD135481,25-05-2023,BR95,UAE,Abu Dhabi,CUST8249,PROD895,TV,LG OLED 48,LG,1,1291.65,0.2,0.18,1219.32,Credit Card,In-Store,EMP631,0,0,Standard,3,GBP
ORD135482,06-08-2024,BR74,UK,London,CUST9417,PROD871,Mobile,OnePlus 11,HP,2,1541.18,0.13,0.18,3164.35,Credit Card,In-Store,EMP759,0,0,Same Day,6,AED
ORD135483,03-03-2024,BR10,Germany,Hamburg,CUST9390,PROD700,TV,Samsung QLED 50,Sony,4,1202.5,0.24,0.18,4313.61,Cash,In-Store,EMP648,2,1,Express,3,GBP
ORD135484,17-05-2024,BR51,UAE,Abu Dhabi,CUST4510,PROD999,TV,Sony Bravia 55,HP,4,1902.28,0.12,0.18,7901.31,Debit Card,Online,EMP315,3,1,Same Day,4,AED
ORD135485,13-03-2024,BR26,USA,New York,CUST8476,PROD549,Tablet,Lenovo Tab P11,LG,5,724.6,0.11,0.18,3804.87,Credit Card,In-Store,EMP622,2,0,Same Day,9,INR
ORD135486,17-08-2024,BR93,USA,Chicago,CUST9578,PROD511,Mobile,OnePlus 11,Sony,4,1782.15,0.21,0.18,6645.28,Debit Card,Online,EMP991,3,1,Express,8,INR
ORD135487,20-08-2023,BR15,USA,Chicago,CUST5902,PROD924,TV,Samsung QLED 50,Lenovo,5,150.18,0.22,0.18,691.13,Net Banking,In-Store,EMP627,2,0,Express,5,USD
ORD135488,15-07-2023,BR8,UK,Birmingham,CUST2258,PROD661,Tablet,Lenovo Tab P11,HP,1,1273.52,0.04,0.18,1442.64,Credit Card,Online,EMP794,2,0,Express,2,INR
ORD135489,06-11-2023,BR79,UK,Birmingham,CUST8841,PROD826,Laptop,HP Spectre x360,Sony,2,791.43,0.24,0.18,1419.51,Credit Card,Online,EMP936,1,0,Express,8,USD
ORD135490,26-03-2024,BR113,India,Bangalore,CUST1613,PROD430,Mobile,Samsung Galaxy S23,Sony,5,283.11,0.02,0.18,1636.94,UPI,In-Store,EMP623,3,0,Standard,4,EUR
ORD135491,16-05-2024,BR19,USA,Los Angeles,CUST7080,PROD972,TV,Samsung QLED 50,OnePlus,3,828.18,0.27,0.18,2140.18,UPI,In-Store,EMP356,1,0,Same Day,7,USD
ORD135492,21-11-2024,BR8,USA,Dallas,CUST8140,PROD416,Tablet,iPad Air,Lenovo,3,905.94,0.12,0.18,2822.18,Credit Card,In-Store,EMP763,1,0,Standard,2,GBP
ORD135493,10-02-2024,BR120,USA,New York,CUST9356,PROD445,Accessories,Keyboard,OnePlus,2,980.58,0.29,0.18,1643.06,Credit Card,In-Store,EMP959,3,0,Same Day,2,USD
ORD135494,07-02-2023,BR22,Germany,Hamburg,CUST1101,PROD393,Tablet,iPad Air,Apple,4,1510.4,0.06,0.18,6701.34,Cash,Online,EMP225,2,1,Standard,8,USD
ORD135495,12-02-2024,BR28,UK,Birmingham,CUST9693,PROD145,Mobile,iPhone 14,Sony,5,1156.61,0.18,0.18,5595.68,Cash,Online,EMP604,1,1,Same Day,6,GBP
ORD135496,06-03-2023,BR110,Germany,Hamburg,CUST2607,PROD988,TV,Samsung QLED 50,OnePlus,4,782.17,0.07,0.18,3433.41,Cash,Online,EMP397,1,0,Express,5,EUR
ORD135497,09-03-2023,BR114,USA,Los Angeles,CUST1246,PROD885,Laptop,HP Spectre x360,Sony,2,1441.93,0.21,0.18,2688.33,Debit Card,Online,EMP633,1,1,Standard,10,INR
ORD135498,03-12-2024,BR12,USA,Chicago,CUST3077,PROD928,Accessories,Bluetooth Headphones,Samsung,4,1319.07,0.24,0.18,4731.77,Cash,Online,EMP813,3,1,Express,6,AED
ORD135499,11-07-2023,BR111,UAE,Abu Dhabi,CUST7288,PROD901,Tablet,iPad Air,HP,3,702.38,0.18,0.18,2038.87,Net Banking,Online,EMP848,1,0,Standard,2,USD
ORD135500,24-03-2024,BR55,UAE,Dubai,CUST3778,PROD310,Laptop,Dell XPS 13,LG,3,1843.69,0.05,0.18,6200.33,Credit Card,Online,EMP893,2,1,Express,7,GBP
ORD135501,27-09-2024,BR36,India,Bangalore,CUST4496,PROD532,Accessories,Wireless Mouse,OnePlus,4,755.89,0.26,0.18,2640.17,UPI,Online,EMP564,3,0,Same Day,10,EUR
ORD135502,20-08-2024,BR98,USA,Dallas,CUST3753,PROD511,Accessories,Keyboard,HP,5,1978.37,0.2,0.18,9337.91,Credit Card,Online,EMP641,0,1,Standard,4,USD
ORD135503,15-07-2023,BR74,USA,New York,CUST3169,PROD457,Mobile,Samsung Galaxy S23,LG,4,1073.94,0.2,0.18,4055.2,Cash,Online,EMP394,3,1,Express,7,AED
ORD135504,13-07-2024,BR79,USA,Chicago,CUST1383,PROD181,Mobile,iPhone 14,Sony,4,504.83,0.08,0.18,2192.17,Net Banking,In-Store,EMP202,3,1,Standard,1,GBP
ORD135505,13-02-2023,BR105,Germany,Berlin,CUST1494,PROD242,Laptop,MacBook Air M2,Lenovo,2,366.76,0.16,0.18,727.07,Credit Card,Online,EMP728,1,1,Standard,6,INR
ORD135506,01-08-2024,BR19,USA,Chicago,CUST2258,PROD801,TV,Sony Bravia 55,Dell,1,89.54,0.03,0.18,102.49,Debit Card,In-Store,EMP580,3,0,Same Day,3,AED
ORD135507,29-12-2024,BR77,Germany,Munich,CUST8670,PROD295,Laptop,Dell XPS 13,Dell,5,1825.48,0.04,0.18,10339.52,UPI,In-Store,EMP970,1,1,Standard,1,INR
ORD135508,11-07-2024,BR28,USA,Dallas,CUST4053,PROD754,Tablet,Lenovo Tab P11,Lenovo,5,1470.06,0.12,0.18,7632.55,Debit Card,Online,EMP811,3,1,Same Day,6,EUR
ORD135509,31-01-2024,BR79,UK,London,CUST8447,PROD367,Tablet,iPad Air,LG,4,1830.74,0.14,0.18,7431.34,Debit Card,Online,EMP758,3,0,Same Day,10,USD
ORD135510,17-11-2024,BR55,Germany,Munich,CUST4684,PROD955,Mobile,iPhone 14,Sony,1,904.39,0.2,0.18,853.74,Credit Card,Online,EMP802,3,1,Standard,6,GBP
ORD135511,15-07-2024,BR34,India,Mumbai,CUST1475,PROD144,Mobile,iPhone 14,Lenovo,5,1755.73,0.23,0.18,7976.28,Credit Card,In-Store,EMP577,1,0,Express,2,USD
ORD135512,10-12-2023,BR84,USA,New York,CUST8422,PROD939,Accessories,Keyboard,Lenovo,3,1729.45,0.22,0.18,4775.36,Cash,In-Store,EMP631,3,0,Express,9,EUR
ORD135513,21-08-2024,BR5,UK,Manchester,CUST9168,PROD969,Mobile,Samsung Galaxy S23,HP,3,598.89,0.16,0.18,1780.86,Net Banking,Online,EMP231,0,1,Same Day,7,AED
ORD135514,12-01-2024,BR88,India,Delhi,CUST8566,PROD462,TV,Samsung QLED 50,Samsung,1,1444.63,0.16,0.18,1431.92,Debit Card,In-Store,EMP753,1,1,Standard,7,INR
ORD135515,14-04-2023,BR40,UAE,Dubai,CUST2537,PROD626,Mobile,OnePlus 11,LG,3,266.38,0.02,0.18,924.13,Net Banking,Online,EMP984,1,1,Standard,9,AED
ORD135516,02-04-2024,BR62,USA,Chicago,CUST7005,PROD258,Laptop,Dell XPS 13,Lenovo,3,1090.7,0.15,0.18,3281.92,Net Banking,Online,EMP315,2,0,Standard,8,EUR
ORD135517,08-05-2023,BR81,India,Bangalore,CUST2905,PROD939,Accessories,Bluetooth Headphones,Samsung,5,1419.48,0.25,0.18,6281.2,Debit Card,In-Store,EMP403,3,0,Standard,2,GBP
ORD135518,25-11-2024,BR75,UK,Manchester,CUST5661,PROD768,TV,LG OLED 48,LG,5,762.32,0.1,0.18,4047.92,UPI,Online,EMP258,2,0,Express,4,GBP
ORD135519,03-10-2023,BR24,Germany,Munich,CUST2216,PROD317,TV,Sony Bravia 55,Apple,1,777.68,0.02,0.18,899.31,Cash,In-Store,EMP819,2,0,Express,1,INR
ORD135520,17-02-2024,BR80,UK,Birmingham,CUST2864,PROD637,Laptop,HP Spectre x360,Samsung,5,1839.21,0.08,0.18,9983.23,Debit Card,Online,EMP640,2,0,Express,9,GBP
ORD135521,21-09-2023,BR59,UK,Birmingham,CUST5309,PROD162,Accessories,Keyboard,Samsung,4,1751.35,0.28,0.18,5951.79,UPI,Online,EMP541,2,0,Express,3,EUR
ORD135522,03-07-2023,BR91,India,Pune,CUST5870,PROD517,Laptop,Dell XPS 13,LG,3,918.1,0.09,0.18,2957.57,UPI,In-Store,EMP667,3,1,Express,3,USD
ORD135523,20-03-2024,BR83,USA,Los Angeles,CUST1679,PROD950,Accessories,Bluetooth Headphones,HP,3,635.92,0.2,0.18,1800.93,UPI,In-Store,EMP664,2,1,Same Day,6,USD
ORD135524,24-11-2024,BR45,USA,New York,CUST9385,PROD625,Accessories,Keyboard,Lenovo,3,1546.54,0.26,0.18,4051.32,UPI,In-Store,EMP234,0,0,Standard,3,GBP
ORD135525,12-03-2024,BR48,Germany,Munich,CUST6492,PROD776,Accessories,Keyboard,LG,4,1960.45,0.12,0.18,8142.93,Debit Card,In-Store,EMP307,0,1,Standard,6,GBP
ORD135526,14-04-2024,BR106,UAE,Dubai,CUST2863,PROD765,Laptop,MacBook Air M2,LG,4,1273.14,0.24,0.18,4567.01,Credit Card,Online,EMP912,0,1,Standard,6,AED
ORD135527,24-12-2023,BR109,UK,London,CUST6553,PROD713,Mobile,Samsung Galaxy S23,LG,5,770.12,0.24,0.18,3453.22,Credit Card,In-Store,EMP259,1,1,Express,1,USD
ORD135528,23-07-2024,BR57,UK,London,CUST3360,PROD148,Mobile,OnePlus 11,Apple,1,1028.16,0.02,0.18,1188.96,Credit Card,Online,EMP625,0,1,Standard,4,INR
ORD135529,20-06-2023,BR27,Germany,Berlin,CUST8635,PROD797,TV,Sony Bravia 55,HP,4,749.74,0.03,0.18,3432.61,Credit Card,In-Store,EMP426,2,0,Standard,1,USD
ORD135530,31-01-2024,BR49,UAE,Dubai,CUST3499,PROD197,TV,Samsung QLED 50,OnePlus,4,1052.87,0.12,0.18,4373.2,Debit Card,In-Store,EMP416,2,0,Same Day,3,EUR
ORD135531,25-09-2024,BR25,UK,London,CUST5053,PROD533,Laptop,HP Spectre x360,Apple,2,620.09,0.14,0.18,1258.53,UPI,Online,EMP842,3,1,Same Day,1,EUR
ORD135532,13-02-2024,BR63,USA,Dallas,CUST5749,PROD927,TV,Sony Bravia 55,Samsung,4,733.9,0.12,0.18,3048.33,Net Banking,In-Store,EMP728,3,1,Express,7,GBP
ORD135533,15-02-2023,BR33,UAE,Abu Dhabi,CUST9947,PROD764,TV,Samsung QLED 50,Dell,3,1174.9,0.12,0.18,3660.05,Net Banking,Online,EMP837,2,0,Express,6,GBP
ORD135534,25-07-2024,BR107,India,Mumbai,CUST7378,PROD713,Laptop,MacBook Air M2,Lenovo,5,604.08,0.17,0.18,2958.18,UPI,Online,EMP952,3,0,Standard,4,EUR
ORD135535,19-04-2024,BR120,India,Bangalore,CUST6518,PROD101,Mobile,iPhone 14,HP,5,1221.41,0.25,0.18,5404.74,Net Banking,Online,EMP534,1,0,Standard,3,AED
ORD135536,08-07-2024,BR72,India,Bangalore,CUST9172,PROD101,TV,LG OLED 48,LG,1,1598.05,0.12,0.18,1659.42,Net Banking,In-Store,EMP542,3,1,Standard,10,GBP
ORD135537,09-02-2023,BR13,UAE,Abu Dhabi,CUST5366,PROD942,TV,LG OLED 48,Apple,4,622.18,0.17,0.18,2437.45,Net Banking,Online,EMP330,1,1,Express,7,EUR
ORD135538,10-11-2023,BR73,UAE,Abu Dhabi,CUST8185,PROD849,Tablet,Lenovo Tab P11,HP,2,1571.21,0.12,0.18,3263.09,Credit Card,Online,EMP932,2,0,Same Day,1,EUR
ORD135539,15-10-2024,BR36,USA,Los Angeles,CUST2378,PROD340,Laptop,MacBook Air M2,LG,5,836.35,0.24,0.18,3750.19,Cash,In-Store,EMP759,2,1,Express,6,AED
ORD135540,02-10-2024,BR60,UK,Manchester,CUST1068,PROD433,TV,Sony Bravia 55,OnePlus,3,1089.07,0.1,0.18,3469.78,Credit Card,Online,EMP488,2,0,Express,9,USD
ORD135541,22-04-2024,BR75,UAE,Dubai,CUST6921,PROD329,Laptop,HP Spectre x360,Lenovo,5,1301.64,0.24,0.18,5836.55,UPI,Online,EMP724,1,0,Express,5,INR
ORD135542,11-09-2024,BR96,USA,Chicago,CUST6485,PROD918,Tablet,iPad Air,LG,1,901.63,0.05,0.18,1010.73,Net Banking,In-Store,EMP423,3,1,Standard,6,GBP
ORD135543,24-09-2024,BR48,UK,Birmingham,CUST7642,PROD429,Mobile,OnePlus 11,OnePlus,4,1509.86,0.05,0.18,6770.21,Net Banking,In-Store,EMP260,2,1,Standard,10,AED
ORD135544,01-02-2023,BR55,Germany,Munich,CUST7925,PROD625,Laptop,MacBook Air M2,Sony,2,1983.59,0.23,0.18,3604.58,UPI,Online,EMP279,3,1,Standard,2,USD
ORD135545,25-08-2023,BR20,India,Delhi,CUST9088,PROD624,Mobile,OnePlus 11,Apple,5,1146.04,0.05,0.18,6423.55,Credit Card,In-Store,EMP618,3,0,Standard,6,INR
ORD135546,30-05-2024,BR62,Germany,Hamburg,CUST7709,PROD850,Accessories,Bluetooth Headphones,Sony,5,714.05,0.27,0.18,3075.41,Debit Card,In-Store,EMP245,2,1,Express,3,GBP
ORD135547,16-05-2024,BR101,UAE,Dubai,CUST5107,PROD420,Tablet,Samsung Galaxy Tab,Lenovo,2,1012.23,0,0.18,2388.86,Debit Card,Online,EMP989,3,0,Express,5,GBP
ORD135548,25-11-2024,BR44,Germany,Munich,CUST6307,PROD686,TV,LG OLED 48,Apple,5,325.02,0.26,0.18,1419.04,Credit Card,In-Store,EMP775,3,1,Express,7,AED
ORD135549,05-04-2023,BR84,Germany,Berlin,CUST5151,PROD175,Mobile,Samsung Galaxy S23,LG,5,273.68,0.23,0.18,1243.33,Credit Card,In-Store,EMP556,2,1,Express,7,INR
ORD135550,06-06-2024,BR3,India,Bangalore,CUST6324,PROD269,Accessories,Wireless Mouse,OnePlus,3,288.9,0.27,0.18,746.58,Debit Card,Online,EMP290,2,1,Same Day,10,GBP
ORD135551,28-03-2023,BR57,India,Delhi,CUST4798,PROD463,Mobile,iPhone 14,Apple,3,1412.97,0.03,0.18,4851.86,Cash,Online,EMP961,1,0,Express,8,GBP
ORD135552,08-12-2023,BR68,Germany,Berlin,CUST5665,PROD526,Mobile,OnePlus 11,Sony,3,1246.68,0.16,0.18,3707.13,Cash,In-Store,EMP937,0,1,Same Day,10,AED
ORD135553,13-03-2024,BR90,Germany,Hamburg,CUST1434,PROD904,Laptop,Dell XPS 13,Apple,5,570.29,0.11,0.18,2994.59,Credit Card,In-Store,EMP637,2,0,Standard,4,AED
ORD135554,17-11-2023,BR42,India,Mumbai,CUST1472,PROD890,Mobile,OnePlus 11,HP,3,277.15,0.02,0.18,961.49,Net Banking,Online,EMP480,2,1,Standard,3,GBP
ORD135555,18-06-2023,BR38,USA,Chicago,CUST7425,PROD819,Laptop,Dell XPS 13,LG,3,878.56,0.1,0.18,2799.09,Credit Card,Online,EMP587,0,1,Express,3,GBP
ORD135556,18-03-2024,BR25,India,Bangalore,CUST2362,PROD665,Accessories,Wireless Mouse,Apple,3,1204.6,0.01,0.18,4221.64,Debit Card,Online,EMP957,1,1,Standard,7,USD
ORD135557,06-11-2024,BR18,UK,London,CUST2863,PROD379,Mobile,OnePlus 11,HP,3,783.79,0.23,0.18,2136.45,Net Banking,Online,EMP291,1,0,Same Day,1,EUR
ORD135558,24-01-2023,BR10,USA,New York,CUST2713,PROD587,Tablet,Lenovo Tab P11,Lenovo,1,1488.21,0.12,0.18,1545.36,UPI,In-Store,EMP434,1,0,Standard,9,INR
ORD135559,04-11-2023,BR18,Germany,Hamburg,CUST3073,PROD201,Tablet,Lenovo Tab P11,Sony,3,1384,0.24,0.18,3723.51,UPI,In-Store,EMP698,3,0,Same Day,7,INR
ORD135560,19-08-2023,BR13,UK,London,CUST2932,PROD251,Tablet,Lenovo Tab P11,Apple,5,1935.76,0.25,0.18,8565.74,Debit Card,Online,EMP772,3,1,Express,7,AED
ORD135561,17-01-2024,BR97,UK,Birmingham,CUST9440,PROD978,Laptop,MacBook Air M2,OnePlus,2,1407.35,0.25,0.18,2491.01,Cash,In-Store,EMP406,2,0,Standard,10,GBP
ORD135562,03-07-2024,BR89,USA,Los Angeles,CUST4430,PROD693,Tablet,Lenovo Tab P11,Apple,1,477.19,0.23,0.18,433.57,UPI,In-Store,EMP742,0,0,Same Day,5,EUR
ORD135563,23-07-2024,BR3,UK,Birmingham,CUST5813,PROD998,TV,Sony Bravia 55,LG,5,1373.01,0.29,0.18,5751.54,Net Banking,Online,EMP557,1,1,Express,4,USD
ORD135564,04-03-2023,BR106,UK,London,CUST5420,PROD181,Tablet,iPad Air,HP,1,1701.85,0.12,0.18,1767.2,Debit Card,Online,EMP363,1,1,Standard,3,USD
ORD135565,15-08-2023,BR51,USA,Chicago,CUST2520,PROD853,Laptop,Dell XPS 13,LG,3,1787.52,0.18,0.18,5188.81,Debit Card,In-Store,EMP275,0,1,Standard,4,INR
ORD135566,25-11-2023,BR104,USA,Chicago,CUST9928,PROD671,Tablet,Samsung Galaxy Tab,Samsung,5,1934.21,0.05,0.18,10841.25,UPI,In-Store,EMP253,2,0,Standard,2,GBP
ORD135567,09-05-2024,BR115,India,Pune,CUST9731,PROD462,Laptop,HP Spectre x360,Samsung,5,753.04,0.25,0.18,3332.2,Cash,In-Store,EMP531,0,1,Express,9,EUR
ORD135568,19-02-2023,BR54,UK,Birmingham,CUST4091,PROD104,Tablet,Samsung Galaxy Tab,Apple,1,82.09,0.18,0.18,79.43,Credit Card,In-Store,EMP214,3,1,Standard,10,INR
ORD135569,27-09-2024,BR45,UK,Manchester,CUST4076,PROD559,TV,LG OLED 48,Sony,3,642.77,0.28,0.18,1638.29,Debit Card,In-Store,EMP933,0,1,Same Day,9,INR
ORD135570,19-01-2024,BR80,USA,Los Angeles,CUST5774,PROD370,Accessories,Wireless Mouse,Sony,3,254.46,0.03,0.18,873.76,Cash,Online,EMP277,3,1,Standard,5,AED
ORD135571,02-03-2023,BR46,Germany,Munich,CUST2199,PROD785,Tablet,Lenovo Tab P11,Sony,2,413.41,0.01,0.18,965.89,Credit Card,In-Store,EMP920,0,0,Standard,8,EUR
ORD135572,02-03-2023,BR12,UAE,Dubai,CUST3751,PROD514,Accessories,Wireless Mouse,Lenovo,1,1035.95,0.17,0.18,1014.61,Cash,Online,EMP702,0,0,Standard,5,EUR
ORD135573,30-01-2023,BR83,USA,Dallas,CUST4055,PROD448,Mobile,iPhone 14,Apple,1,1251.08,0.24,0.18,1121.97,Credit Card,Online,EMP581,1,1,Express,2,GBP
ORD135574,17-04-2023,BR118,USA,Los Angeles,CUST5804,PROD268,Laptop,MacBook Air M2,Lenovo,5,770.25,0.09,0.18,4135.47,Net Banking,In-Store,EMP574,0,0,Same Day,4,EUR
ORD135575,21-05-2024,BR79,UK,Birmingham,CUST1732,PROD767,Accessories,Keyboard,Sony,1,759.11,0.01,0.18,886.79,Net Banking,Online,EMP306,1,0,Express,5,EUR
ORD135576,20-07-2024,BR31,USA,Dallas,CUST8338,PROD952,Accessories,Bluetooth Headphones,OnePlus,4,70.04,0.26,0.18,244.64,Credit Card,In-Store,EMP544,2,0,Express,10,AED
ORD135577,28-03-2024,BR17,India,Pune,CUST7040,PROD337,Accessories,Keyboard,Lenovo,5,806.29,0.17,0.18,3948.4,Credit Card,Online,EMP797,2,0,Express,3,EUR
ORD135578,30-01-2023,BR41,UK,Manchester,CUST4621,PROD911,Laptop,HP Spectre x360,OnePlus,5,1043.6,0.22,0.18,4802.65,Credit Card,In-Store,EMP575,1,0,Express,3,EUR
ORD135579,01-07-2024,BR50,UAE,Dubai,CUST7500,PROD457,Laptop,MacBook Air M2,Lenovo,3,1258.64,0.18,0.18,3653.58,Cash,In-Store,EMP456,3,0,Express,8,USD
ORD135580,13-02-2023,BR59,Germany,Hamburg,CUST8224,PROD636,TV,LG OLED 48,Apple,4,301.11,0.04,0.18,1364.39,Debit Card,In-Store,EMP369,3,0,Standard,8,AED
ORD135581,02-11-2023,BR93,USA,Chicago,CUST3487,PROD392,Laptop,HP Spectre x360,LG,4,1809.78,0.1,0.18,7687.95,Debit Card,In-Store,EMP219,3,1,Express,8,EUR
ORD135582,01-11-2024,BR28,Germany,Hamburg,CUST7499,PROD954,Accessories,Wireless Mouse,Sony,2,571.82,0.19,0.18,1093.09,UPI,In-Store,EMP451,0,1,Standard,4,EUR
ORD135583,06-01-2024,BR101,USA,Los Angeles,CUST4320,PROD555,Laptop,Dell XPS 13,Sony,4,888.15,0.1,0.18,3772.86,Cash,Online,EMP312,3,1,Same Day,3,EUR
ORD135584,07-04-2023,BR59,UAE,Abu Dhabi,CUST4175,PROD126,Laptop,Dell XPS 13,Dell,3,832.65,0.1,0.18,2652.82,UPI,In-Store,EMP558,1,0,Same Day,7,EUR
ORD135585,11-02-2024,BR30,Germany,Munich,CUST9392,PROD825,Tablet,iPad Air,HP,3,1534.8,0.08,0.18,4998.54,Net Banking,In-Store,EMP830,2,0,Same Day,3,USD
ORD135586,08-06-2023,BR104,UAE,Dubai,CUST2872,PROD918,TV,Sony Bravia 55,LG,4,1844.78,0.08,0.18,8010.77,Cash,In-Store,EMP893,1,0,Standard,6,USD
ORD135587,18-12-2023,BR98,Germany,Berlin,CUST3148,PROD224,Laptop,HP Spectre x360,LG,2,1924.64,0.12,0.18,3997.09,UPI,Online,EMP325,0,0,Express,2,AED
ORD135588,09-07-2023,BR109,UAE,Abu Dhabi,CUST3429,PROD642,Mobile,Samsung Galaxy S23,LG,2,1829.13,0.13,0.18,3755.57,Debit Card,In-Store,EMP395,2,1,Same Day,2,EUR
ORD135589,30-12-2024,BR32,India,Pune,CUST2785,PROD229,Mobile,Samsung Galaxy S23,Sony,5,1258.26,0.17,0.18,6161.7,Debit Card,In-Store,EMP484,0,0,Same Day,5,GBP
ORD135590,24-04-2024,BR14,India,Bangalore,CUST3262,PROD453,Laptop,Dell XPS 13,Apple,5,1512.59,0.15,0.18,7585.64,Cash,In-Store,EMP711,0,0,Same Day,2,USD
ORD135591,02-06-2023,BR82,UK,Birmingham,CUST1421,PROD245,Laptop,Dell XPS 13,HP,5,574.95,0.19,0.18,2747.69,Debit Card,In-Store,EMP798,0,1,Same Day,2,USD
ORD135592,25-06-2023,BR40,UAE,Abu Dhabi,CUST3790,PROD633,TV,Samsung QLED 50,Sony,3,1808.31,0.19,0.18,5185.15,Credit Card,Online,EMP407,1,0,Same Day,10,EUR
ORD135593,13-03-2024,BR57,Germany,Berlin,CUST3142,PROD707,Mobile,Samsung Galaxy S23,Dell,5,1465.31,0.19,0.18,7002.72,UPI,Online,EMP214,0,1,Standard,4,USD
ORD135594,17-01-2023,BR60,USA,Dallas,CUST6332,PROD810,Tablet,Lenovo Tab P11,Apple,1,279.91,0.3,0.18,231.21,Net Banking,Online,EMP405,0,0,Standard,9,EUR
ORD135595,14-08-2023,BR76,Germany,Hamburg,CUST9751,PROD165,Tablet,Lenovo Tab P11,HP,1,160.88,0.18,0.18,155.67,Credit Card,In-Store,EMP755,0,0,Standard,3,GBP
ORD135596,24-12-2024,BR18,Germany,Berlin,CUST4175,PROD610,Mobile,OnePlus 11,HP,3,1254.39,0.16,0.18,3730.05,Credit Card,Online,EMP953,2,1,Same Day,2,INR
ORD135597,17-06-2023,BR89,Germany,Berlin,CUST5959,PROD860,Laptop,Dell XPS 13,HP,4,1914.31,0.02,0.18,8854.83,Cash,In-Store,EMP618,1,1,Same Day,7,USD
ORD135598,05-08-2024,BR36,UAE,Dubai,CUST3942,PROD555,Tablet,Samsung Galaxy Tab,Lenovo,1,1843.77,0.14,0.18,1871.06,UPI,Online,EMP451,2,1,Same Day,2,EUR
ORD135599,21-07-2024,BR109,India,Pune,CUST8966,PROD776,Accessories,Bluetooth Headphones,Samsung,3,1960.77,0.05,0.18,6594.07,Cash,Online,EMP999,1,0,Express,1,EUR
ORD135600,05-01-2024,BR88,UK,Birmingham,CUST8129,PROD191,Mobile,OnePlus 11,Samsung,4,284.7,0.07,0.18,1249.72,Debit Card,Online,EMP280,3,1,Standard,2,INR
ORD135601,12-02-2023,BR118,India,Delhi,CUST6649,PROD674,TV,Sony Bravia 55,Sony,5,64.96,0.24,0.18,291.28,Credit Card,Online,EMP945,2,0,Express,10,USD
ORD135602,17-02-2024,BR96,UAE,Dubai,CUST2301,PROD723,Mobile,Samsung Galaxy S23,OnePlus,4,1985.36,0.07,0.18,8714.94,Credit Card,In-Store,EMP374,0,0,Same Day,1,EUR
ORD135603,21-08-2023,BR5,USA,Los Angeles,CUST4699,PROD190,Laptop,HP Spectre x360,Dell,4,892.88,0.06,0.18,3961.53,Credit Card,Online,EMP318,3,0,Express,4,EUR
ORD135604,23-10-2024,BR32,UK,Birmingham,CUST4770,PROD128,Tablet,iPad Air,Dell,5,1470.42,0.04,0.18,8328.46,Debit Card,Online,EMP886,1,1,Standard,2,GBP
ORD135605,21-12-2023,BR54,UK,Manchester,CUST5285,PROD143,Mobile,OnePlus 11,LG,1,1124.23,0.01,0.18,1313.33,Debit Card,Online,EMP209,3,1,Express,6,USD
ORD135606,23-11-2023,BR68,Germany,Munich,CUST7696,PROD531,Laptop,MacBook Air M2,Dell,3,1078.65,0.04,0.18,3665.68,UPI,Online,EMP621,1,1,Express,3,AED
ORD135607,31-01-2023,BR66,Germany,Berlin,CUST5999,PROD775,Mobile,Samsung Galaxy S23,Dell,1,1046.56,0.29,0.18,876.81,UPI,In-Store,EMP464,2,1,Standard,5,INR
ORD135608,07-10-2024,BR47,UAE,Dubai,CUST7406,PROD568,Tablet,Samsung Galaxy Tab,Dell,1,92.45,0.06,0.18,102.55,Net Banking,In-Store,EMP698,3,1,Express,8,GBP
ORD135609,03-03-2023,BR90,UAE,Dubai,CUST8811,PROD913,Accessories,Wireless Mouse,HP,2,1242.34,0.1,0.18,2638.73,Debit Card,In-Store,EMP449,0,1,Standard,3,INR
ORD135610,19-07-2024,BR5,UK,Manchester,CUST1692,PROD388,Laptop,MacBook Air M2,Dell,3,241.95,0.12,0.18,753.72,Net Banking,In-Store,EMP273,1,0,Express,4,INR
ORD135611,13-05-2023,BR116,USA,Chicago,CUST8026,PROD767,Mobile,Samsung Galaxy S23,Samsung,3,1509.28,0.29,0.18,3793.42,Net Banking,In-Store,EMP430,3,1,Standard,7,GBP
ORD135612,17-07-2024,BR31,Germany,Munich,CUST4245,PROD829,Tablet,iPad Air,Apple,5,296.89,0.17,0.18,1453.87,Credit Card,Online,EMP935,0,0,Standard,6,INR
ORD135613,06-07-2024,BR30,USA,New York,CUST9712,PROD893,Laptop,MacBook Air M2,Lenovo,3,958.26,0.08,0.18,3120.86,UPI,In-Store,EMP810,2,1,Standard,2,INR
ORD135614,06-08-2024,BR120,UK,Birmingham,CUST9413,PROD162,Accessories,Bluetooth Headphones,LG,2,1311.52,0.16,0.18,2599.96,UPI,In-Store,EMP879,2,1,Same Day,1,GBP
ORD135615,11-11-2023,BR61,Germany,Berlin,CUST6282,PROD835,Mobile,OnePlus 11,OnePlus,1,1400.82,0.12,0.18,1454.61,Cash,In-Store,EMP786,2,0,Standard,2,GBP
ORD135616,19-03-2024,BR103,India,Mumbai,CUST9598,PROD122,Accessories,Bluetooth Headphones,Apple,2,1859.96,0.24,0.18,3336.02,Cash,In-Store,EMP386,2,1,Express,7,EUR
ORD135617,16-11-2023,BR54,UAE,Dubai,CUST8458,PROD881,Tablet,Samsung Galaxy Tab,LG,1,181.81,0.24,0.18,163.05,Net Banking,In-Store,EMP870,1,1,Standard,1,USD
ORD135618,25-02-2023,BR86,UAE,Abu Dhabi,CUST3982,PROD212,TV,LG OLED 48,Sony,4,1835.75,0.04,0.18,8318.15,Cash,Online,EMP785,1,1,Same Day,8,GBP
ORD135619,06-06-2024,BR62,Germany,Hamburg,CUST1063,PROD730,Mobile,iPhone 14,LG,1,946.59,0.27,0.18,815.39,Credit Card,Online,EMP513,3,0,Same Day,10,INR
ORD135620,19-04-2023,BR88,USA,Dallas,CUST5447,PROD397,Mobile,OnePlus 11,Samsung,1,1628.14,0.28,0.18,1383.27,Debit Card,In-Store,EMP812,2,0,Express,2,AED
ORD135621,14-01-2023,BR113,Germany,Munich,CUST9348,PROD225,Accessories,Bluetooth Headphones,Sony,4,427.85,0.12,0.18,1777.12,Credit Card,In-Store,EMP601,0,0,Standard,9,EUR
ORD135622,17-05-2023,BR13,UAE,Dubai,CUST7279,PROD395,Tablet,Lenovo Tab P11,Samsung,3,525.24,0.03,0.18,1803.57,UPI,In-Store,EMP213,0,1,Standard,8,GBP
ORD135623,23-02-2024,BR88,India,Bangalore,CUST4256,PROD610,Mobile,Samsung Galaxy S23,OnePlus,2,191.88,0.05,0.18,430.19,Credit Card,In-Store,EMP410,0,1,Standard,1,GBP
ORD135624,21-07-2024,BR25,UAE,Dubai,CUST8630,PROD789,Mobile,iPhone 14,HP,5,1153.33,0.22,0.18,5307.62,Net Banking,In-Store,EMP360,3,1,Same Day,2,USD
ORD135625,23-10-2023,BR104,USA,Dallas,CUST1801,PROD294,Mobile,Samsung Galaxy S23,Lenovo,3,735.32,0.17,0.18,2160.52,Credit Card,Online,EMP524,2,0,Standard,9,GBP
ORD135626,27-04-2024,BR22,UAE,Dubai,CUST9143,PROD726,Mobile,iPhone 14,Samsung,3,1330.69,0.13,0.18,4098.26,Net Banking,Online,EMP769,3,1,Standard,4,GBP
ORD135627,06-10-2023,BR48,Germany,Berlin,CUST9849,PROD384,TV,LG OLED 48,Apple,3,1963.09,0.23,0.18,5350.99,UPI,Online,EMP817,2,1,Same Day,10,GBP
ORD135628,02-05-2023,BR16,UK,Manchester,CUST1647,PROD687,Accessories,Keyboard,Samsung,3,1847.9,0.13,0.18,5691.16,Debit Card,In-Store,EMP561,1,1,Express,5,USD
ORD135629,22-04-2023,BR52,UK,London,CUST3278,PROD560,Accessories,Bluetooth Headphones,HP,4,303.72,0.12,0.18,1261.53,Credit Card,Online,EMP800,1,0,Same Day,1,INR
ORD135630,30-04-2024,BR41,UK,London,CUST2500,PROD104,Tablet,Samsung Galaxy Tab,Dell,3,224.56,0.17,0.18,659.8,UPI,In-Store,EMP830,2,0,Same Day,7,GBP
ORD135631,10-02-2024,BR96,UK,London,CUST1198,PROD348,Mobile,Samsung Galaxy S23,LG,3,1164.91,0.29,0.18,2927.88,Debit Card,Online,EMP697,0,0,Express,2,USD
ORD135632,26-09-2024,BR12,UAE,Abu Dhabi,CUST2145,PROD259,Tablet,iPad Air,OnePlus,5,1045.58,0,0.18,6168.92,Cash,Online,EMP598,0,1,Express,1,GBP
ORD135633,05-06-2024,BR56,Germany,Munich,CUST8016,PROD851,Accessories,Bluetooth Headphones,OnePlus,2,380.98,0.2,0.18,719.29,Credit Card,In-Store,EMP276,0,0,Standard,5,INR
ORD135634,31-03-2023,BR53,India,Mumbai,CUST3140,PROD434,Tablet,iPad Air,LG,1,1401.24,0.08,0.18,1521.19,UPI,Online,EMP985,0,0,Same Day,6,EUR
ORD135635,15-02-2023,BR99,India,Delhi,CUST3560,PROD659,TV,Sony Bravia 55,OnePlus,5,1417.91,0.21,0.18,6608.88,Cash,In-Store,EMP678,1,1,Same Day,7,INR
ORD135636,24-08-2024,BR24,USA,Dallas,CUST1520,PROD148,Laptop,MacBook Air M2,HP,2,932.96,0.15,0.18,1871.52,Net Banking,In-Store,EMP207,2,1,Standard,7,GBP
ORD135637,02-04-2024,BR78,USA,New York,CUST3997,PROD266,Laptop,Dell XPS 13,Dell,5,239.75,0.22,0.18,1103.33,Debit Card,Online,EMP607,2,1,Standard,8,EUR
ORD135638,19-07-2023,BR120,Germany,Berlin,CUST2545,PROD791,Laptop,HP Spectre x360,Apple,1,1542.11,0.28,0.18,1310.18,Debit Card,In-Store,EMP964,2,0,Express,5,GBP
ORD135639,03-03-2024,BR17,USA,Los Angeles,CUST1192,PROD266,Accessories,Bluetooth Headphones,Samsung,3,842.52,0.28,0.18,2147.41,Credit Card,Online,EMP622,3,1,Standard,9,AED
ORD135640,19-06-2023,BR105,UAE,Abu Dhabi,CUST9537,PROD340,TV,LG OLED 48,Sony,2,738.16,0,0.18,1742.06,Cash,Online,EMP462,1,1,Same Day,4,AED
ORD135641,28-05-2024,BR43,USA,Los Angeles,CUST9167,PROD272,TV,Sony Bravia 55,Sony,3,164.38,0.2,0.18,465.52,UPI,In-Store,EMP756,0,1,Standard,5,GBP
ORD135642,22-02-2024,BR100,UK,Manchester,CUST8257,PROD596,TV,LG OLED 48,LG,5,1183.93,0.17,0.18,5797.71,Cash,In-Store,EMP317,0,1,Standard,2,AED
ORD135643,20-08-2024,BR28,UK,Manchester,CUST3147,PROD228,Laptop,Dell XPS 13,LG,3,1428.63,0.07,0.18,4703.34,Cash,In-Store,EMP941,1,0,Same Day,9,INR
ORD135644,19-12-2023,BR84,India,Mumbai,CUST8000,PROD130,Laptop,MacBook Air M2,Samsung,5,77.68,0.04,0.18,439.98,Cash,Online,EMP614,2,0,Express,9,AED
ORD135645,07-11-2023,BR73,UK,Manchester,CUST3273,PROD347,Laptop,MacBook Air M2,Apple,3,936.03,0.03,0.18,3214.14,Debit Card,In-Store,EMP326,1,0,Standard,8,GBP
ORD135646,09-02-2024,BR97,UAE,Dubai,CUST1919,PROD999,Laptop,MacBook Air M2,Dell,3,880.42,0.03,0.18,3023.19,Net Banking,In-Store,EMP389,1,0,Express,5,EUR
ORD135647,15-10-2024,BR77,Germany,Berlin,CUST5218,PROD151,TV,Sony Bravia 55,OnePlus,3,1133.18,0.1,0.18,3610.31,Debit Card,In-Store,EMP836,0,0,Standard,8,AED
ORD135648,20-10-2023,BR62,India,Delhi,CUST4225,PROD680,Mobile,iPhone 14,Apple,2,1568.45,0.15,0.18,3146.31,Debit Card,In-Store,EMP752,2,1,Express,3,USD
ORD135649,09-03-2023,BR65,Germany,Berlin,CUST6796,PROD297,TV,Sony Bravia 55,LG,1,1919.47,0.02,0.18,2219.68,Net Banking,In-Store,EMP419,1,1,Standard,3,GBP
ORD135650,25-11-2024,BR70,Germany,Munich,CUST9082,PROD558,Mobile,OnePlus 11,HP,5,457.28,0.27,0.18,1969.5,Cash,In-Store,EMP633,2,0,Express,5,AED
ORD135651,29-12-2023,BR84,India,Pune,CUST5123,PROD792,Laptop,Dell XPS 13,Lenovo,3,1919.17,0.2,0.18,5435.09,Net Banking,In-Store,EMP910,1,1,Standard,2,AED
ORD135652,26-01-2024,BR85,India,Delhi,CUST2743,PROD285,Mobile,Samsung Galaxy S23,Lenovo,4,575.43,0.19,0.18,2199.98,Cash,Online,EMP430,1,0,Standard,6,USD
ORD135653,27-01-2024,BR83,India,Pune,CUST7185,PROD210,TV,Samsung QLED 50,Sony,5,968.47,0.18,0.18,4685.46,UPI,Online,EMP855,0,0,Same Day,9,EUR
ORD135654,08-01-2023,BR100,UK,Manchester,CUST8845,PROD685,TV,LG OLED 48,Apple,5,212.9,0.18,0.18,1030.01,UPI,Online,EMP847,3,0,Standard,1,EUR
ORD135655,30-06-2024,BR79,UAE,Dubai,CUST8646,PROD792,Mobile,OnePlus 11,OnePlus,2,808.47,0.02,0.18,1869.83,Credit Card,Online,EMP300,0,0,Standard,4,INR
ORD135656,25-09-2024,BR9,USA,Chicago,CUST2712,PROD234,Mobile,iPhone 14,HP,2,1585.94,0.11,0.18,3331.11,Cash,Online,EMP909,2,0,Standard,4,AED
ORD135657,08-02-2024,BR5,Germany,Hamburg,CUST3639,PROD435,Tablet,Lenovo Tab P11,Lenovo,5,1548.02,0.09,0.18,8311.32,Debit Card,In-Store,EMP779,2,0,Express,5,GBP
ORD135658,28-04-2023,BR37,India,Pune,CUST3100,PROD114,Tablet,Lenovo Tab P11,Apple,2,1337.42,0.19,0.18,2556.61,Cash,Online,EMP455,3,0,Same Day,5,AED
ORD135659,19-07-2024,BR102,UAE,Dubai,CUST8569,PROD924,Mobile,Samsung Galaxy S23,Sony,2,1475.25,0.21,0.18,2750.46,UPI,Online,EMP812,1,0,Standard,8,GBP
ORD135660,16-11-2023,BR120,Germany,Hamburg,CUST5638,PROD802,Mobile,OnePlus 11,Sony,3,1176.5,0.04,0.18,3998.22,Credit Card,In-Store,EMP314,3,1,Standard,8,USD
ORD135661,21-06-2024,BR117,USA,Los Angeles,CUST2543,PROD388,Accessories,Bluetooth Headphones,Lenovo,1,893.06,0.23,0.18,811.43,Net Banking,Online,EMP861,0,0,Standard,6,GBP
ORD135662,27-05-2023,BR113,India,Delhi,CUST7676,PROD568,Accessories,Bluetooth Headphones,Samsung,2,153.53,0.01,0.18,358.71,Net Banking,Online,EMP855,1,1,Express,7,AED
ORD135663,09-12-2023,BR41,UK,Manchester,CUST1554,PROD720,Accessories,Bluetooth Headphones,Lenovo,3,730.94,0.27,0.18,1888.9,Cash,In-Store,EMP262,3,1,Standard,7,EUR
ORD135664,05-06-2024,BR83,UK,London,CUST5451,PROD489,Laptop,Dell XPS 13,OnePlus,5,1604.48,0.25,0.18,7099.82,UPI,In-Store,EMP535,2,1,Express,9,AED
ORD135665,24-10-2024,BR26,UAE,Dubai,CUST8628,PROD102,Accessories,Wireless Mouse,OnePlus,3,670.11,0.16,0.18,1992.64,Net Banking,In-Store,EMP664,1,1,Express,4,EUR
ORD135666,14-11-2024,BR31,India,Bangalore,CUST4851,PROD853,Tablet,iPad Air,OnePlus,5,1928.05,0.28,0.18,8190.36,Cash,In-Store,EMP567,0,1,Express,8,GBP
ORD135667,12-02-2023,BR40,India,Delhi,CUST1030,PROD787,Tablet,iPad Air,Sony,2,1941.28,0.14,0.18,3940.02,UPI,Online,EMP237,0,0,Same Day,1,EUR
ORD135668,22-09-2024,BR87,Germany,Munich,CUST2629,PROD538,Tablet,Lenovo Tab P11,Samsung,5,1333.75,0.23,0.18,6059.23,Credit Card,In-Store,EMP589,0,1,Express,6,AED
ORD135669,06-07-2023,BR105,Germany,Berlin,CUST4555,PROD167,Accessories,Keyboard,Dell,4,829.91,0.2,0.18,3133.74,Debit Card,Online,EMP483,1,1,Same Day,10,INR
ORD135670,24-01-2023,BR48,Germany,Berlin,CUST6007,PROD438,Laptop,MacBook Air M2,OnePlus,1,629.01,0.12,0.18,653.16,Debit Card,Online,EMP250,2,0,Same Day,7,EUR
ORD135671,05-06-2024,BR78,India,Pune,CUST5346,PROD670,Mobile,OnePlus 11,Sony,2,1312.2,0.1,0.18,2787.11,UPI,Online,EMP408,2,0,Express,3,GBP
ORD135672,25-01-2024,BR108,Germany,Hamburg,CUST4834,PROD209,Laptop,Dell XPS 13,OnePlus,4,821.01,0.21,0.18,3061.38,Debit Card,Online,EMP369,3,1,Express,3,GBP
ORD135673,08-12-2023,BR52,USA,Dallas,CUST3747,PROD987,TV,Sony Bravia 55,HP,2,931.13,0.19,0.18,1779.95,Credit Card,In-Store,EMP590,2,1,Express,10,AED
ORD135674,16-09-2024,BR113,UK,Birmingham,CUST5972,PROD326,TV,Samsung QLED 50,Dell,5,902.31,0.07,0.18,4950.97,Debit Card,In-Store,EMP535,2,1,Standard,10,GBP
ORD135675,25-11-2024,BR10,UK,Birmingham,CUST4982,PROD517,Laptop,MacBook Air M2,Lenovo,3,1583.06,0.16,0.18,4707.39,Credit Card,Online,EMP410,2,0,Standard,3,AED
ORD135676,15-10-2023,BR60,USA,Los Angeles,CUST5186,PROD233,Laptop,Dell XPS 13,Lenovo,3,1270.72,0.14,0.18,3868.58,Credit Card,In-Store,EMP788,2,0,Same Day,4,AED
ORD135677,31-07-2023,BR108,USA,Los Angeles,CUST9116,PROD585,TV,Samsung QLED 50,Dell,4,130.35,0.17,0.18,510.66,UPI,In-Store,EMP795,0,0,Standard,2,GBP
ORD135678,12-11-2023,BR33,UK,Manchester,CUST8009,PROD179,Laptop,MacBook Air M2,LG,3,828.37,0.01,0.18,2903.11,Debit Card,In-Store,EMP289,1,1,Same Day,4,GBP
ORD135679,02-05-2024,BR94,Germany,Hamburg,CUST7290,PROD286,Accessories,Wireless Mouse,HP,5,1855.13,0.08,0.18,10069.65,Cash,Online,EMP530,2,1,Same Day,2,EUR
ORD135680,10-11-2024,BR2,Germany,Hamburg,CUST1788,PROD681,Tablet,Samsung Galaxy Tab,LG,5,709.15,0.06,0.18,3932.95,Net Banking,In-Store,EMP329,0,1,Standard,8,USD
ORD135681,17-02-2023,BR92,India,Pune,CUST5339,PROD694,Laptop,Dell XPS 13,LG,1,788.05,0.23,0.18,716.02,Net Banking,In-Store,EMP575,0,0,Standard,2,INR
ORD135682,10-12-2024,BR99,UK,Birmingham,CUST5755,PROD563,TV,LG OLED 48,Dell,5,397.43,0.16,0.18,1969.66,Cash,Online,EMP796,0,0,Same Day,2,USD
ORD135683,13-04-2023,BR81,USA,Dallas,CUST2186,PROD828,Laptop,HP Spectre x360,HP,1,677.33,0.27,0.18,583.45,Debit Card,Online,EMP870,1,1,Same Day,10,USD
ORD135684,01-01-2024,BR5,USA,New York,CUST5787,PROD723,TV,Samsung QLED 50,Apple,1,873.93,0.18,0.18,845.61,Cash,Online,EMP695,3,1,Standard,2,USD
ORD135685,12-06-2023,BR51,Germany,Hamburg,CUST2509,PROD573,Accessories,Bluetooth Headphones,Apple,1,613.1,0.02,0.18,708.99,Debit Card,Online,EMP855,1,0,Standard,7,USD
ORD135686,28-04-2024,BR39,UAE,Dubai,CUST7272,PROD152,Tablet,iPad Air,Apple,5,1376.6,0.17,0.18,6741.21,UPI,In-Store,EMP662,1,0,Standard,2,AED
ORD135687,01-10-2024,BR24,UK,London,CUST8767,PROD382,TV,Samsung QLED 50,Lenovo,3,512.78,0.01,0.18,1797.09,Cash,In-Store,EMP778,1,1,Same Day,8,EUR
ORD135688,28-04-2024,BR102,UK,Birmingham,CUST8901,PROD903,Laptop,HP Spectre x360,Sony,4,1440.6,0.3,0.18,4759.74,Net Banking,In-Store,EMP615,0,1,Express,2,EUR
ORD135689,11-05-2023,BR72,UK,London,CUST3466,PROD479,TV,LG OLED 48,Apple,5,787.75,0.12,0.18,4090,Debit Card,In-Store,EMP624,2,0,Standard,2,INR
ORD135690,10-06-2023,BR36,USA,New York,CUST4537,PROD262,Tablet,iPad Air,OnePlus,2,1376.24,0.14,0.18,2793.22,UPI,In-Store,EMP402,1,1,Standard,5,USD
ORD135691,09-07-2024,BR87,UAE,Dubai,CUST4243,PROD276,Laptop,MacBook Air M2,LG,3,440.76,0.24,0.18,1185.82,Credit Card,In-Store,EMP899,2,0,Express,6,INR
ORD135692,12-11-2023,BR84,India,Bangalore,CUST7252,PROD429,Laptop,MacBook Air M2,OnePlus,1,1750.91,0.03,0.18,2004.09,Net Banking,In-Store,EMP303,0,0,Express,10,EUR
ORD135693,29-03-2023,BR31,UK,Birmingham,CUST5034,PROD972,Laptop,HP Spectre x360,Lenovo,4,368.71,0.03,0.18,1688.1,Debit Card,In-Store,EMP679,0,0,Express,8,GBP
ORD135694,21-11-2024,BR33,UAE,Dubai,CUST3964,PROD754,Accessories,Wireless Mouse,Sony,2,1982.46,0.19,0.18,3789.67,Net Banking,In-Store,EMP571,3,1,Same Day,2,EUR
ORD135695,12-09-2023,BR106,USA,Chicago,CUST4924,PROD991,TV,Samsung QLED 50,LG,1,213.43,0.21,0.18,198.96,Debit Card,In-Store,EMP934,3,1,Express,7,INR
ORD135696,15-12-2024,BR96,Germany,Berlin,CUST4615,PROD722,Mobile,iPhone 14,Apple,2,1618.26,0.3,0.18,2673.37,Net Banking,Online,EMP495,1,0,Express,4,GBP
ORD135697,14-05-2023,BR82,USA,Los Angeles,CUST4250,PROD598,Laptop,HP Spectre x360,Apple,5,1783.81,0.2,0.18,8419.58,UPI,Online,EMP572,0,0,Express,5,INR
ORD135698,23-07-2024,BR59,Germany,Berlin,CUST1663,PROD514,Tablet,Lenovo Tab P11,Apple,3,1108.67,0.3,0.18,2747.28,Debit Card,Online,EMP561,2,1,Express,4,EUR
ORD135699,04-09-2023,BR68,India,Pune,CUST6371,PROD460,Accessories,Bluetooth Headphones,Lenovo,3,1184.45,0.24,0.18,3186.64,Credit Card,In-Store,EMP406,0,0,Same Day,2,INR
ORD135700,28-11-2023,BR116,UK,London,CUST1891,PROD945,Tablet,Lenovo Tab P11,Dell,1,1368.29,0.27,0.18,1178.65,UPI,Online,EMP996,1,0,Express,7,USD
ORD135701,13-12-2023,BR1,USA,New York,CUST3041,PROD283,Mobile,iPhone 14,OnePlus,5,551.6,0.04,0.18,3124.26,Cash,Online,EMP905,0,1,Same Day,9,EUR
ORD135702,12-02-2024,BR20,India,Delhi,CUST1806,PROD553,Tablet,Samsung Galaxy Tab,LG,5,1060.65,0.13,0.18,5444.32,Credit Card,In-Store,EMP732,0,0,Express,9,GBP
ORD135703,04-02-2024,BR67,UK,Birmingham,CUST4317,PROD255,Accessories,Wireless Mouse,OnePlus,3,1670.37,0.05,0.18,5617.45,Debit Card,Online,EMP739,0,0,Standard,9,AED
ORD135704,09-03-2023,BR62,Germany,Berlin,CUST5311,PROD313,Mobile,OnePlus 11,HP,1,143.27,0.3,0.18,118.34,UPI,Online,EMP876,1,0,Express,8,USD
ORD135705,12-09-2023,BR67,Germany,Munich,CUST7911,PROD188,Tablet,iPad Air,HP,5,1212.35,0.12,0.18,6294.52,UPI,In-Store,EMP565,2,1,Express,5,INR
ORD135706,01-04-2024,BR56,UAE,Dubai,CUST2538,PROD448,TV,Samsung QLED 50,Apple,3,775.58,0,0.18,2745.55,Credit Card,In-Store,EMP287,0,1,Standard,6,GBP
ORD135707,14-08-2024,BR97,Germany,Berlin,CUST6573,PROD251,Mobile,OnePlus 11,Lenovo,3,1982.01,0.18,0.18,5753.38,Debit Card,Online,EMP927,1,1,Express,9,GBP
ORD135708,24-02-2024,BR1,USA,Chicago,CUST3453,PROD640,Accessories,Wireless Mouse,Lenovo,2,490.46,0.2,0.18,925.99,Debit Card,In-Store,EMP375,2,0,Same Day,5,AED
ORD135709,17-09-2023,BR94,India,Mumbai,CUST7002,PROD956,TV,Sony Bravia 55,LG,5,153.72,0.17,0.18,752.77,Cash,Online,EMP453,2,0,Express,2,INR
ORD135710,29-11-2023,BR27,UK,Manchester,CUST4690,PROD946,Accessories,Wireless Mouse,Samsung,4,1304.56,0.28,0.18,4433.42,Credit Card,In-Store,EMP648,0,1,Standard,9,USD
ORD135711,24-03-2023,BR50,Germany,Munich,CUST8005,PROD367,TV,LG OLED 48,Apple,2,1590.81,0.07,0.18,3491.51,UPI,In-Store,EMP253,2,0,Express,5,GBP
ORD135712,31-07-2023,BR28,UK,Manchester,CUST9402,PROD922,TV,LG OLED 48,Lenovo,3,1945.85,0.23,0.18,5304,UPI,In-Store,EMP977,3,1,Express,9,AED
ORD135713,19-02-2023,BR25,USA,New York,CUST1344,PROD421,Mobile,OnePlus 11,OnePlus,1,1264.81,0.27,0.18,1089.51,Debit Card,Online,EMP522,0,0,Same Day,5,AED
ORD135714,18-12-2023,BR120,India,Pune,CUST3894,PROD287,TV,LG OLED 48,Samsung,3,229.18,0.11,0.18,722.05,Cash,Online,EMP232,1,1,Same Day,6,EUR
ORD135715,05-04-2024,BR9,UAE,Dubai,CUST9700,PROD511,TV,LG OLED 48,Sony,4,1171.11,0.21,0.18,4366.83,Net Banking,Online,EMP647,1,1,Express,6,INR
ORD135716,02-09-2024,BR43,USA,Los Angeles,CUST5923,PROD732,Laptop,HP Spectre x360,Samsung,3,203.78,0.22,0.18,562.68,Credit Card,In-Store,EMP324,2,0,Standard,7,AED
ORD135717,26-04-2023,BR52,India,Mumbai,CUST9584,PROD623,Tablet,iPad Air,OnePlus,3,261.46,0.11,0.18,823.76,Credit Card,In-Store,EMP726,1,0,Standard,9,GBP
ORD135718,14-10-2023,BR112,Germany,Hamburg,CUST9361,PROD111,TV,Samsung QLED 50,Apple,2,472.96,0.28,0.18,803.65,Debit Card,In-Store,EMP507,1,0,Same Day,2,GBP
ORD135719,23-06-2024,BR11,USA,Los Angeles,CUST4235,PROD565,Accessories,Keyboard,HP,4,1294.79,0.12,0.18,5378.04,Net Banking,In-Store,EMP608,0,0,Standard,2,INR
ORD135720,02-01-2023,BR19,USA,Dallas,CUST6571,PROD241,Laptop,MacBook Air M2,Apple,3,310.4,0.18,0.18,901.03,Credit Card,In-Store,EMP518,1,0,Express,1,AED
ORD135721,05-11-2023,BR18,India,Pune,CUST7771,PROD502,Mobile,Samsung Galaxy S23,Apple,3,1952.9,0.22,0.18,5392.35,UPI,Online,EMP289,3,1,Same Day,2,EUR
ORD135722,13-03-2023,BR86,USA,Chicago,CUST8477,PROD272,Tablet,Lenovo Tab P11,Apple,4,460.47,0.21,0.18,1717,Credit Card,In-Store,EMP597,3,1,Express,10,USD
ORD135723,18-11-2024,BR55,UK,Manchester,CUST9137,PROD769,Mobile,iPhone 14,Apple,4,1725.21,0.14,0.18,7002.97,Credit Card,In-Store,EMP783,1,1,Express,10,USD
ORD135724,08-08-2023,BR13,UK,Birmingham,CUST6581,PROD364,Mobile,iPhone 14,Lenovo,1,737.71,0.13,0.18,757.33,Credit Card,In-Store,EMP603,2,1,Standard,9,AED
ORD135725,11-03-2024,BR55,Germany,Hamburg,CUST5649,PROD147,Laptop,HP Spectre x360,LG,1,1045.45,0.22,0.18,962.23,UPI,In-Store,EMP647,2,1,Standard,6,GBP
ORD135726,19-01-2023,BR77,Germany,Munich,CUST2420,PROD511,Tablet,iPad Air,Samsung,2,279.49,0.24,0.18,501.29,Debit Card,In-Store,EMP277,3,0,Express,2,AED
ORD135727,11-01-2024,BR62,Germany,Munich,CUST3006,PROD875,Mobile,iPhone 14,HP,2,152.4,0.11,0.18,320.1,Debit Card,In-Store,EMP268,3,1,Standard,3,INR
ORD135728,05-03-2023,BR84,UK,Birmingham,CUST9816,PROD316,Tablet,Samsung Galaxy Tab,LG,2,322.6,0.21,0.18,601.46,Debit Card,Online,EMP515,2,0,Standard,10,GBP
ORD135729,20-06-2023,BR107,Germany,Berlin,CUST9004,PROD519,Tablet,Samsung Galaxy Tab,Dell,2,1891.91,0,0.18,4464.91,Cash,In-Store,EMP396,0,1,Same Day,9,EUR
ORD135730,05-08-2023,BR7,UAE,Abu Dhabi,CUST4539,PROD690,TV,Samsung QLED 50,Lenovo,5,537.1,0.23,0.18,2440.05,Cash,Online,EMP518,3,0,Express,1,USD
ORD135731,23-02-2023,BR71,UK,Birmingham,CUST8764,PROD778,Laptop,HP Spectre x360,Sony,4,57.13,0.23,0.18,207.63,UPI,Online,EMP505,2,0,Same Day,10,INR
ORD135732,10-06-2023,BR88,Germany,Berlin,CUST1067,PROD416,Accessories,Wireless Mouse,OnePlus,2,626.24,0.15,0.18,1256.24,Credit Card,Online,EMP738,0,0,Standard,3,AED
ORD135733,09-12-2023,BR120,UK,Birmingham,CUST2466,PROD795,Accessories,Wireless Mouse,HP,3,710.61,0.28,0.18,1811.2,UPI,In-Store,EMP494,1,0,Standard,8,EUR
ORD135734,02-08-2023,BR115,Germany,Hamburg,CUST5640,PROD461,Mobile,OnePlus 11,LG,2,659.48,0.06,0.18,1462.99,Cash,In-Store,EMP343,0,1,Standard,6,USD
ORD135735,12-05-2024,BR51,India,Bangalore,CUST7793,PROD695,Accessories,Bluetooth Headphones,HP,5,778.56,0.26,0.18,3399.19,Cash,In-Store,EMP329,1,1,Standard,1,INR
ORD135736,24-04-2024,BR66,India,Bangalore,CUST4973,PROD642,Mobile,Samsung Galaxy S23,Lenovo,5,152.67,0.03,0.18,873.73,Net Banking,In-Store,EMP847,1,0,Standard,8,GBP
ORD135737,18-03-2023,BR14,USA,Dallas,CUST9658,PROD359,Mobile,iPhone 14,LG,2,1821.7,0.23,0.18,3310.39,Net Banking,In-Store,EMP344,1,1,Same Day,7,INR
ORD135738,31-07-2024,BR61,Germany,Hamburg,CUST3844,PROD981,TV,Sony Bravia 55,Lenovo,1,1913.92,0.22,0.18,1761.57,Debit Card,In-Store,EMP416,3,1,Standard,3,GBP
ORD135739,30-03-2023,BR104,USA,Los Angeles,CUST1796,PROD340,Tablet,iPad Air,Lenovo,5,338.8,0.1,0.18,1799.03,UPI,Online,EMP290,1,1,Same Day,4,EUR
ORD135740,14-04-2024,BR24,UK,Manchester,CUST9208,PROD107,Mobile,Samsung Galaxy S23,Samsung,1,295.15,0.11,0.18,309.97,Net Banking,In-Store,EMP396,2,0,Same Day,6,INR
ORD135741,06-04-2023,BR70,UAE,Abu Dhabi,CUST1855,PROD215,Accessories,Keyboard,Apple,5,695.19,0.21,0.18,3240.28,Credit Card,In-Store,EMP407,2,0,Same Day,8,GBP
ORD135742,26-03-2024,BR41,USA,Chicago,CUST1652,PROD657,Mobile,Samsung Galaxy S23,Dell,5,844.35,0.3,0.18,3487.17,Debit Card,Online,EMP538,2,0,Standard,8,EUR
ORD135743,10-01-2023,BR1,UK,Manchester,CUST5154,PROD553,Laptop,HP Spectre x360,Apple,3,524.18,0.05,0.18,1762.82,Cash,Online,EMP541,0,0,Same Day,7,INR
ORD135744,30-03-2023,BR81,USA,Los Angeles,CUST7048,PROD453,Accessories,Wireless Mouse,HP,5,385.91,0.06,0.18,2140.26,Net Banking,Online,EMP458,2,0,Express,10,AED
ORD135745,21-12-2023,BR82,USA,New York,CUST8698,PROD929,Tablet,Lenovo Tab P11,OnePlus,1,245.01,0.27,0.18,211.05,Cash,Online,EMP881,3,0,Standard,6,USD
ORD135746,24-06-2024,BR76,USA,Chicago,CUST8122,PROD123,Tablet,Samsung Galaxy Tab,Apple,2,1428.09,0.15,0.18,2864.75,Cash,Online,EMP641,2,0,Same Day,4,INR
ORD135747,25-09-2024,BR66,UK,Birmingham,CUST5999,PROD833,Laptop,HP Spectre x360,LG,2,274.91,0.12,0.18,570.93,UPI,Online,EMP260,2,1,Same Day,5,USD
ORD135748,22-04-2023,BR36,USA,New York,CUST4794,PROD162,Laptop,MacBook Air M2,Dell,3,536.21,0.26,0.18,1404.66,Debit Card,In-Store,EMP552,1,1,Same Day,10,AED
ORD135749,03-11-2024,BR106,Germany,Hamburg,CUST8942,PROD507,TV,Samsung QLED 50,Apple,2,588.82,0.08,0.18,1278.45,Cash,Online,EMP396,1,0,Standard,8,AED
ORD135750,20-11-2024,BR15,UK,Manchester,CUST6877,PROD555,Mobile,iPhone 14,LG,2,285.71,0,0.18,674.28,Credit Card,In-Store,EMP325,1,1,Standard,7,GBP
ORD135751,05-12-2023,BR41,UAE,Dubai,CUST3027,PROD955,TV,Samsung QLED 50,Dell,3,1191.39,0.14,0.18,3627.07,Credit Card,In-Store,EMP256,3,0,Same Day,2,GBP
ORD135752,31-05-2023,BR12,USA,Chicago,CUST3051,PROD907,TV,Sony Bravia 55,OnePlus,5,954.22,0.04,0.18,5404.7,Credit Card,Online,EMP544,1,0,Standard,3,INR
ORD135753,13-04-2024,BR64,India,Mumbai,CUST8507,PROD924,Accessories,Wireless Mouse,Sony,2,1498.68,0.29,0.18,2511.19,Cash,In-Store,EMP344,1,1,Express,7,AED
ORD135754,22-06-2024,BR118,Germany,Hamburg,CUST8731,PROD874,Laptop,Dell XPS 13,Dell,3,1611.33,0.16,0.18,4791.45,Debit Card,In-Store,EMP571,1,0,Same Day,5,USD
ORD135755,26-06-2024,BR8,India,Delhi,CUST3391,PROD874,Accessories,Keyboard,LG,3,912.43,0.17,0.18,2680.9,Credit Card,In-Store,EMP416,2,1,Same Day,10,GBP
ORD135756,26-10-2024,BR65,UAE,Dubai,CUST2119,PROD229,Tablet,iPad Air,HP,2,834.43,0.28,0.18,1417.86,UPI,In-Store,EMP458,2,0,Express,6,INR
ORD135757,27-06-2024,BR107,Germany,Hamburg,CUST3645,PROD690,Accessories,Wireless Mouse,OnePlus,2,1259.26,0.25,0.18,2228.89,UPI,Online,EMP226,3,0,Same Day,6,AED
ORD135758,29-07-2023,BR43,UK,Manchester,CUST5197,PROD962,Laptop,HP Spectre x360,Samsung,4,296.21,0.08,0.18,1286.26,Credit Card,Online,EMP727,2,0,Same Day,5,USD
ORD135759,06-03-2024,BR12,UK,Birmingham,CUST7749,PROD228,Accessories,Bluetooth Headphones,OnePlus,1,332.43,0.11,0.18,349.12,Credit Card,Online,EMP898,3,1,Express,7,EUR
ORD135760,30-03-2023,BR31,UAE,Dubai,CUST7861,PROD360,Tablet,Lenovo Tab P11,HP,5,548.76,0.23,0.18,2493.02,Cash,Online,EMP398,0,0,Standard,3,EUR
ORD135761,20-12-2023,BR26,UAE,Dubai,CUST7439,PROD736,Mobile,OnePlus 11,Lenovo,3,929.23,0.01,0.18,3256.58,Net Banking,In-Store,EMP355,1,0,Express,3,GBP
ORD135762,24-02-2023,BR14,Germany,Hamburg,CUST9044,PROD597,TV,Sony Bravia 55,HP,5,549.32,0.04,0.18,3111.35,Debit Card,In-Store,EMP477,2,1,Same Day,4,GBP
ORD135763,14-10-2023,BR84,UK,Manchester,CUST4911,PROD194,Laptop,Dell XPS 13,HP,5,439.69,0.05,0.18,2464.46,Credit Card,Online,EMP538,3,0,Standard,9,EUR
ORD135764,16-12-2024,BR15,India,Delhi,CUST2686,PROD918,Tablet,Samsung Galaxy Tab,Sony,1,1751.71,0.21,0.18,1632.94,Cash,Online,EMP536,2,0,Express,4,EUR
ORD135765,05-07-2023,BR76,UAE,Dubai,CUST3861,PROD169,Laptop,MacBook Air M2,Samsung,3,1330.31,0.08,0.18,4332.55,UPI,Online,EMP978,3,1,Same Day,8,GBP
ORD135766,24-10-2023,BR83,India,Mumbai,CUST5853,PROD531,Tablet,Lenovo Tab P11,Sony,1,1233.19,0.22,0.18,1135.03,Net Banking,In-Store,EMP511,2,1,Standard,5,USD
ORD135767,06-12-2024,BR25,UAE,Dubai,CUST2281,PROD508,Accessories,Wireless Mouse,Lenovo,1,596.31,0.24,0.18,534.77,Credit Card,In-Store,EMP441,3,0,Same Day,7,EUR
ORD135768,13-09-2023,BR8,India,Bangalore,CUST9207,PROD786,Laptop,MacBook Air M2,LG,3,199.68,0.23,0.18,544.29,UPI,Online,EMP476,2,0,Same Day,4,AED
ORD135769,28-02-2024,BR79,India,Mumbai,CUST9505,PROD853,Laptop,HP Spectre x360,Dell,2,281.03,0.21,0.18,523.95,Cash,Online,EMP943,3,0,Standard,2,EUR
ORD135770,02-01-2023,BR102,UK,London,CUST3347,PROD359,Accessories,Wireless Mouse,Lenovo,1,1158.28,0.07,0.18,1271.1,Debit Card,In-Store,EMP215,0,1,Express,3,USD
ORD135771,10-12-2024,BR103,UAE,Dubai,CUST5330,PROD631,TV,Sony Bravia 55,Sony,1,438.01,0.2,0.18,413.48,Debit Card,Online,EMP284,1,1,Same Day,7,GBP
ORD135772,08-03-2024,BR61,UAE,Abu Dhabi,CUST6913,PROD723,Accessories,Keyboard,Dell,1,1467.24,0.18,0.18,1419.7,Net Banking,In-Store,EMP316,1,0,Standard,3,USD
ORD135773,30-10-2024,BR42,Germany,Berlin,CUST7118,PROD615,Tablet,Samsung Galaxy Tab,LG,1,1337.36,0.18,0.18,1294.03,Debit Card,Online,EMP825,0,1,Same Day,6,INR
ORD135774,30-03-2023,BR24,UK,Manchester,CUST4845,PROD957,Tablet,iPad Air,LG,1,194.98,0.1,0.18,207.07,Cash,Online,EMP884,1,1,Same Day,7,AED
ORD135775,17-03-2023,BR44,UK,Birmingham,CUST9624,PROD367,TV,Sony Bravia 55,Apple,1,1123.74,0.11,0.18,1180.15,Debit Card,In-Store,EMP522,0,1,Express,6,GBP
ORD135776,15-11-2023,BR55,India,Pune,CUST7759,PROD635,TV,Samsung QLED 50,Samsung,5,1182.29,0.23,0.18,5371.14,Debit Card,In-Store,EMP832,3,0,Standard,3,USD
ORD135777,26-02-2024,BR6,Germany,Hamburg,CUST7260,PROD764,Laptop,MacBook Air M2,HP,4,895.72,0.02,0.18,4143.24,Debit Card,In-Store,EMP797,0,0,Same Day,1,INR
ORD135778,12-03-2024,BR55,UK,Birmingham,CUST7419,PROD384,Tablet,Lenovo Tab P11,Samsung,2,1146.06,0.07,0.18,2515.37,Debit Card,Online,EMP721,0,1,Standard,10,USD
ORD135779,07-04-2023,BR45,USA,Chicago,CUST1012,PROD220,Mobile,OnePlus 11,HP,5,1814.26,0.16,0.18,8991.47,Debit Card,In-Store,EMP599,3,1,Same Day,9,INR
ORD135780,09-05-2024,BR8,India,Delhi,CUST4128,PROD843,Tablet,iPad Air,Samsung,2,1204.09,0.2,0.18,2273.32,UPI,Online,EMP471,3,1,Standard,10,GBP
ORD135781,27-11-2024,BR6,India,Delhi,CUST6231,PROD866,Tablet,Samsung Galaxy Tab,Samsung,1,838.27,0.22,0.18,771.54,Cash,Online,EMP927,3,1,Express,5,AED
ORD135782,17-02-2023,BR18,UK,London,CUST3189,PROD711,Tablet,iPad Air,OnePlus,4,331.92,0.03,0.18,1519.66,Debit Card,Online,EMP297,3,0,Express,8,INR
ORD135783,29-08-2024,BR112,UAE,Dubai,CUST7589,PROD403,TV,Sony Bravia 55,Apple,3,1139.86,0,0.18,4035.1,Credit Card,Online,EMP384,2,1,Standard,5,EUR
ORD135784,27-09-2024,BR28,UK,London,CUST7519,PROD541,Mobile,iPhone 14,HP,5,1339.74,0.29,0.18,5612.17,Net Banking,Online,EMP874,1,1,Standard,4,EUR
ORD135785,06-08-2024,BR9,Germany,Hamburg,CUST1899,PROD831,Laptop,Dell XPS 13,Lenovo,2,1601.61,0.16,0.18,3175.03,Credit Card,In-Store,EMP326,1,0,Express,7,USD
ORD135786,15-02-2023,BR86,UAE,Abu Dhabi,CUST4248,PROD260,Accessories,Bluetooth Headphones,OnePlus,5,52.75,0.19,0.18,252.09,Credit Card,In-Store,EMP886,0,0,Express,1,INR
ORD135787,18-05-2023,BR92,Germany,Hamburg,CUST5908,PROD145,TV,Samsung QLED 50,LG,5,286.39,0.16,0.18,1419.35,Debit Card,Online,EMP213,1,1,Express,7,USD
ORD135788,22-05-2024,BR61,India,Delhi,CUST1208,PROD934,Accessories,Wireless Mouse,LG,4,293.26,0.23,0.18,1065.82,Debit Card,Online,EMP637,0,1,Same Day,2,INR
ORD135789,16-09-2023,BR67,India,Pune,CUST3102,PROD612,Laptop,Dell XPS 13,Samsung,4,1426.7,0.17,0.18,5589.24,Debit Card,Online,EMP978,2,1,Standard,5,USD
ORD135790,27-06-2024,BR100,India,Mumbai,CUST1811,PROD210,Accessories,Wireless Mouse,HP,2,1322.96,0.12,0.18,2747.52,Debit Card,In-Store,EMP725,1,1,Express,1,EUR
ORD135791,06-08-2024,BR43,USA,New York,CUST1501,PROD316,Laptop,MacBook Air M2,Apple,3,962.44,0.25,0.18,2555.28,Credit Card,In-Store,EMP895,3,1,Same Day,4,INR
ORD135792,20-07-2023,BR9,UAE,Dubai,CUST8988,PROD533,Tablet,Samsung Galaxy Tab,OnePlus,2,1289.72,0.27,0.18,2221.93,Debit Card,Online,EMP530,0,1,Express,2,INR
ORD135793,08-09-2024,BR79,UK,Manchester,CUST8644,PROD621,Laptop,MacBook Air M2,HP,4,65.41,0.18,0.18,253.16,Credit Card,Online,EMP351,1,1,Standard,4,AED
ORD135794,17-05-2024,BR63,UK,Birmingham,CUST9177,PROD631,Tablet,Lenovo Tab P11,Lenovo,2,1776.31,0.18,0.18,3437.52,Credit Card,In-Store,EMP757,2,0,Express,5,AED
ORD135795,20-05-2023,BR12,UK,Manchester,CUST8097,PROD103,Accessories,Keyboard,OnePlus,5,299.32,0.15,0.18,1501.09,Credit Card,Online,EMP643,3,0,Express,10,INR
ORD135796,18-04-2024,BR76,USA,Dallas,CUST6925,PROD736,TV,Samsung QLED 50,Lenovo,2,1167.37,0.1,0.18,2479.49,Cash,Online,EMP926,1,1,Standard,4,EUR
ORD135797,15-11-2024,BR112,UAE,Dubai,CUST2825,PROD856,TV,Sony Bravia 55,LG,5,1092.5,0.12,0.18,5672.26,UPI,In-Store,EMP827,1,0,Standard,2,GBP
ORD135798,22-03-2024,BR101,USA,Los Angeles,CUST9737,PROD398,Accessories,Wireless Mouse,OnePlus,1,918.37,0.01,0.18,1072.84,UPI,In-Store,EMP898,0,0,Express,1,INR
ORD135799,21-02-2024,BR76,UK,London,CUST2373,PROD519,TV,LG OLED 48,LG,4,1619.84,0.15,0.18,6498.8,Debit Card,In-Store,EMP274,0,1,Express,9,USD
ORD135800,11-11-2023,BR4,Germany,Berlin,CUST4512,PROD346,Accessories,Wireless Mouse,HP,1,1501.47,0.27,0.18,1293.37,Net Banking,Online,EMP356,1,1,Express,2,EUR
ORD135801,10-06-2024,BR2,UAE,Abu Dhabi,CUST5029,PROD210,TV,LG OLED 48,OnePlus,1,1113.21,0.07,0.18,1221.64,Cash,In-Store,EMP200,2,0,Standard,3,EUR
ORD135802,05-02-2023,BR92,Germany,Berlin,CUST5764,PROD896,Accessories,Wireless Mouse,Sony,3,1701.63,0.03,0.18,5843.06,Net Banking,Online,EMP566,2,1,Express,3,AED
ORD135803,30-06-2023,BR114,UK,Birmingham,CUST8146,PROD233,Mobile,OnePlus 11,Samsung,4,1948.13,0.13,0.18,7999.8,UPI,Online,EMP908,0,0,Standard,6,EUR
ORD135804,17-09-2024,BR98,UAE,Abu Dhabi,CUST9258,PROD221,Accessories,Keyboard,Sony,2,1095.93,0.29,0.18,1836.34,Cash,Online,EMP946,2,1,Standard,9,GBP
ORD135805,13-10-2023,BR111,Germany,Berlin,CUST7031,PROD780,Laptop,MacBook Air M2,Apple,5,1124.04,0.02,0.18,6499.2,Cash,Online,EMP307,0,0,Express,1,USD
ORD135806,10-05-2024,BR86,Germany,Hamburg,CUST6824,PROD108,Laptop,HP Spectre x360,LG,5,528.67,0.22,0.18,2432.94,UPI,In-Store,EMP519,3,0,Express,9,EUR
ORD135807,02-02-2023,BR60,USA,Dallas,CUST1063,PROD539,Mobile,iPhone 14,HP,5,899.27,0.03,0.18,5146.52,Cash,Online,EMP483,0,1,Standard,1,EUR
ORD135808,28-04-2024,BR88,India,Delhi,CUST7272,PROD809,Laptop,Dell XPS 13,OnePlus,3,1593.8,0.16,0.18,4739.32,Net Banking,Online,EMP856,3,1,Standard,6,INR
ORD135809,04-11-2024,BR79,Germany,Berlin,CUST2378,PROD412,TV,LG OLED 48,Lenovo,3,279.24,0.29,0.18,701.84,Credit Card,Online,EMP564,0,1,Standard,5,INR
ORD135810,23-10-2023,BR56,Germany,Hamburg,CUST1831,PROD750,TV,Samsung QLED 50,Samsung,1,263.53,0.14,0.18,267.43,Credit Card,In-Store,EMP811,2,0,Standard,8,USD
ORD135811,05-12-2024,BR4,UAE,Dubai,CUST6423,PROD628,Laptop,MacBook Air M2,LG,3,843.56,0.19,0.18,2418.82,Credit Card,In-Store,EMP435,3,1,Standard,3,USD
ORD135812,16-01-2023,BR115,Germany,Munich,CUST8838,PROD431,Laptop,MacBook Air M2,Sony,3,67.37,0.02,0.18,233.72,Credit Card,In-Store,EMP943,3,0,Same Day,5,EUR
ORD135813,12-10-2024,BR64,UK,Manchester,CUST9969,PROD966,Laptop,Dell XPS 13,Apple,5,1507.37,0.19,0.18,7203.72,Cash,In-Store,EMP968,3,1,Same Day,10,EUR
ORD135814,01-10-2023,BR46,UK,Birmingham,CUST6886,PROD265,Tablet,Samsung Galaxy Tab,OnePlus,4,701.37,0.05,0.18,3144.94,Debit Card,Online,EMP375,3,0,Same Day,1,USD
ORD135815,12-05-2024,BR2,India,Mumbai,CUST3006,PROD850,TV,Samsung QLED 50,Dell,3,517.61,0.21,0.18,1447.55,Debit Card,In-Store,EMP301,2,1,Same Day,10,AED
ORD135816,25-02-2023,BR51,USA,Dallas,CUST4841,PROD865,Laptop,Dell XPS 13,Sony,5,224.74,0.15,0.18,1127.07,UPI,In-Store,EMP507,0,1,Express,1,USD
ORD135817,11-10-2024,BR23,India,Mumbai,CUST5827,PROD946,TV,Samsung QLED 50,HP,1,708.91,0.05,0.18,794.69,Credit Card,In-Store,EMP434,3,1,Standard,3,AED
ORD135818,07-07-2024,BR34,Germany,Hamburg,CUST2476,PROD480,Mobile,iPhone 14,LG,5,1034.4,0.18,0.18,5004.43,UPI,Online,EMP843,3,0,Standard,7,INR
ORD135819,11-02-2023,BR116,USA,Los Angeles,CUST8122,PROD750,Mobile,iPhone 14,Sony,5,1547.71,0.14,0.18,7853.08,Debit Card,Online,EMP798,0,1,Same Day,10,INR
ORD135820,01-11-2024,BR109,USA,Los Angeles,CUST8844,PROD548,Tablet,iPad Air,Dell,2,1602.29,0.02,0.18,3705.78,Net Banking,Online,EMP398,2,1,Standard,7,EUR
ORD135821,28-04-2023,BR93,UK,London,CUST2878,PROD192,Mobile,Samsung Galaxy S23,Samsung,5,513.61,0.04,0.18,2909.09,Net Banking,In-Store,EMP422,0,1,Same Day,6,EUR
ORD135822,01-07-2024,BR105,USA,Chicago,CUST6910,PROD815,Tablet,Samsung Galaxy Tab,Dell,5,805.85,0.04,0.18,4564.33,Net Banking,Online,EMP330,1,1,Standard,3,GBP
ORD135823,03-02-2024,BR14,USA,Chicago,CUST7284,PROD182,Mobile,Samsung Galaxy S23,Lenovo,5,290.43,0.3,0.18,1199.48,UPI,In-Store,EMP967,2,0,Standard,10,AED
ORD135824,13-12-2023,BR55,India,Bangalore,CUST5369,PROD771,Laptop,MacBook Air M2,OnePlus,4,812,0.15,0.18,3257.74,Cash,In-Store,EMP360,0,0,Standard,3,USD
ORD135825,23-06-2023,BR89,UK,Manchester,CUST8936,PROD743,TV,Sony Bravia 55,Apple,3,1825.06,0.23,0.18,4974.75,Debit Card,Online,EMP435,1,0,Standard,3,EUR
ORD135826,23-05-2023,BR92,Germany,Munich,CUST3623,PROD105,Laptop,MacBook Air M2,Sony,2,112.91,0.29,0.18,189.19,Credit Card,Online,EMP941,3,0,Express,2,INR
ORD135827,11-05-2024,BR72,UK,Manchester,CUST3218,PROD886,Tablet,iPad Air,Sony,3,1307.41,0.02,0.18,4535.67,Cash,In-Store,EMP338,3,0,Express,10,EUR
ORD135828,01-09-2024,BR12,UK,Birmingham,CUST5931,PROD624,Mobile,Samsung Galaxy S23,OnePlus,4,1472.94,0.2,0.18,5561.82,UPI,In-Store,EMP399,1,1,Express,1,EUR
ORD135829,28-05-2023,BR11,UAE,Abu Dhabi,CUST3100,PROD548,Accessories,Wireless Mouse,Lenovo,5,1034.77,0.11,0.18,5433.58,Net Banking,In-Store,EMP928,1,0,Standard,5,AED
ORD135830,09-04-2024,BR59,Germany,Berlin,CUST6579,PROD451,Laptop,Dell XPS 13,LG,1,1131.96,0.05,0.18,1268.93,UPI,Online,EMP640,3,0,Same Day,2,INR
ORD135831,02-03-2023,BR106,Germany,Munich,CUST3725,PROD412,Tablet,Samsung Galaxy Tab,HP,3,450.49,0.08,0.18,1467.16,Net Banking,In-Store,EMP606,2,1,Same Day,5,AED
ORD135832,08-08-2024,BR25,UK,Birmingham,CUST6433,PROD801,TV,Sony Bravia 55,Dell,2,528.18,0.18,0.18,1022.13,Net Banking,Online,EMP935,3,0,Standard,6,GBP
ORD135833,24-02-2023,BR62,UK,Birmingham,CUST9347,PROD973,TV,LG OLED 48,Dell,1,1096.79,0.15,0.18,1100.08,UPI,In-Store,EMP616,0,1,Express,5,GBP
ORD135834,02-07-2023,BR11,UAE,Dubai,CUST1387,PROD670,Tablet,Samsung Galaxy Tab,Dell,3,1291.61,0.08,0.18,4206.52,Credit Card,In-Store,EMP329,0,1,Standard,7,USD
ORD135835,13-07-2024,BR6,UAE,Dubai,CUST7590,PROD213,Laptop,MacBook Air M2,OnePlus,5,790.58,0.01,0.18,4617.78,Debit Card,Online,EMP832,0,0,Standard,9,EUR
ORD135836,04-12-2024,BR29,UK,London,CUST6468,PROD548,Tablet,Samsung Galaxy Tab,Samsung,5,530.12,0.03,0.18,3033.88,Net Banking,Online,EMP291,3,0,Express,10,USD
ORD135837,30-05-2023,BR75,India,Bangalore,CUST9030,PROD888,Mobile,Samsung Galaxy S23,OnePlus,4,545.5,0.2,0.18,2059.81,Cash,In-Store,EMP921,3,1,Standard,9,USD
ORD135838,09-01-2023,BR10,India,Pune,CUST5868,PROD993,Laptop,Dell XPS 13,HP,5,788.9,0.23,0.18,3583.97,Net Banking,Online,EMP521,0,1,Express,4,GBP
ORD135839,17-02-2024,BR71,UK,Birmingham,CUST3504,PROD179,Mobile,Samsung Galaxy S23,OnePlus,5,1562.36,0.01,0.18,9125.74,UPI,In-Store,EMP455,3,0,Same Day,3,INR
ORD135840,25-11-2024,BR87,UAE,Abu Dhabi,CUST7950,PROD282,Tablet,Lenovo Tab P11,Dell,4,694.89,0.1,0.18,2951.89,Credit Card,Online,EMP654,3,0,Same Day,10,AED
ORD135841,20-03-2023,BR112,UAE,Abu Dhabi,CUST3402,PROD351,Tablet,Samsung Galaxy Tab,LG,2,1976.43,0.25,0.18,3498.28,Debit Card,Online,EMP415,2,0,Same Day,8,GBP
ORD135842,18-06-2023,BR88,UAE,Dubai,CUST2830,PROD839,TV,LG OLED 48,Lenovo,1,1374.24,0.29,0.18,1151.34,Credit Card,In-Store,EMP884,2,1,Express,9,AED
ORD135843,12-12-2023,BR30,Germany,Munich,CUST2796,PROD168,Tablet,iPad Air,Apple,4,1105.65,0.25,0.18,3914,UPI,In-Store,EMP944,1,1,Express,3,USD
ORD135844,25-02-2023,BR97,India,Pune,CUST3851,PROD607,Laptop,Dell XPS 13,HP,2,847.29,0.21,0.18,1579.69,Net Banking,In-Store,EMP626,3,0,Standard,8,INR
ORD135845,16-09-2023,BR99,USA,Los Angeles,CUST5013,PROD399,Tablet,Samsung Galaxy Tab,Sony,4,936.35,0.26,0.18,3270.48,Net Banking,Online,EMP834,0,0,Same Day,9,GBP
ORD135846,27-12-2023,BR22,UAE,Abu Dhabi,CUST3467,PROD404,TV,LG OLED 48,Dell,4,458.08,0.26,0.18,1599.98,UPI,In-Store,EMP355,2,1,Express,1,EUR
ORD135847,25-12-2023,BR26,USA,Los Angeles,CUST2179,PROD389,Mobile,Samsung Galaxy S23,Sony,5,1733.39,0.27,0.18,7465.71,UPI,In-Store,EMP855,0,1,Same Day,6,USD
ORD135848,03-09-2023,BR96,UK,Manchester,CUST1783,PROD310,Accessories,Bluetooth Headphones,HP,3,1870.1,0.09,0.18,6024.34,Debit Card,Online,EMP758,0,1,Standard,6,EUR
ORD135849,27-07-2023,BR82,UAE,Dubai,CUST9819,PROD418,Mobile,OnePlus 11,HP,3,529.28,0.04,0.18,1798.71,Credit Card,In-Store,EMP256,2,0,Express,2,AED
ORD135850,08-10-2023,BR73,UAE,Dubai,CUST3581,PROD818,TV,Sony Bravia 55,LG,1,780.37,0,0.18,920.84,Net Banking,In-Store,EMP684,3,0,Standard,7,EUR
ORD135851,28-07-2024,BR23,UAE,Abu Dhabi,CUST1047,PROD373,Accessories,Wireless Mouse,Lenovo,2,596.19,0.16,0.18,1181.89,UPI,Online,EMP601,3,0,Standard,3,EUR
ORD135852,14-12-2023,BR46,UK,Birmingham,CUST6905,PROD380,Accessories,Wireless Mouse,LG,4,686.4,0.06,0.18,3045.42,Cash,In-Store,EMP416,2,0,Standard,9,GBP
ORD135853,01-04-2024,BR20,Germany,Munich,CUST9589,PROD191,Laptop,MacBook Air M2,HP,5,209.78,0.23,0.18,953.03,Debit Card,In-Store,EMP487,1,0,Standard,5,GBP
ORD135854,20-04-2024,BR16,India,Bangalore,CUST1267,PROD745,Laptop,HP Spectre x360,Dell,4,1378.19,0.14,0.18,5594.35,Net Banking,Online,EMP325,3,0,Standard,6,INR
ORD135855,03-10-2023,BR36,UK,Birmingham,CUST9684,PROD783,Mobile,OnePlus 11,OnePlus,4,130.96,0.24,0.18,469.78,UPI,In-Store,EMP995,1,1,Express,7,INR
ORD135856,02-02-2023,BR29,UAE,Dubai,CUST3176,PROD117,Tablet,Samsung Galaxy Tab,HP,4,1151.95,0.07,0.18,5056.6,Cash,Online,EMP944,2,0,Same Day,10,INR
ORD135857,27-06-2023,BR58,UK,Birmingham,CUST3089,PROD860,Mobile,OnePlus 11,LG,3,1539,0.07,0.18,5066.7,Net Banking,In-Store,EMP326,1,1,Same Day,7,EUR
ORD135858,30-07-2024,BR26,Germany,Hamburg,CUST9276,PROD488,Mobile,OnePlus 11,LG,2,1398.29,0.07,0.18,3068.97,UPI,Online,EMP994,1,0,Standard,2,AED
ORD135859,16-07-2023,BR94,USA,New York,CUST6706,PROD413,Mobile,iPhone 14,Lenovo,1,1741.96,0.06,0.18,1932.18,UPI,Online,EMP797,2,0,Same Day,7,EUR
ORD135860,14-01-2024,BR3,India,Bangalore,CUST7042,PROD289,Tablet,iPad Air,HP,5,907.01,0.24,0.18,4067.03,Debit Card,Online,EMP619,2,1,Express,4,USD
ORD135861,08-05-2023,BR115,UK,Manchester,CUST3704,PROD232,Laptop,HP Spectre x360,Samsung,2,1164.01,0.1,0.18,2472.36,UPI,In-Store,EMP970,2,1,Same Day,4,GBP
ORD135862,08-07-2024,BR54,UK,Manchester,CUST4934,PROD122,Mobile,Samsung Galaxy S23,Apple,1,1498.06,0.26,0.18,1308.11,Credit Card,Online,EMP996,2,1,Standard,10,EUR
ORD135863,20-11-2023,BR106,Germany,Berlin,CUST1597,PROD427,Tablet,Samsung Galaxy Tab,LG,2,254.22,0.06,0.18,563.96,Cash,Online,EMP276,3,1,Express,2,INR
ORD135864,19-08-2024,BR96,India,Bangalore,CUST3525,PROD818,Mobile,iPhone 14,Samsung,5,1845.74,0.11,0.18,9691.98,UPI,Online,EMP384,2,1,Express,6,EUR
ORD135865,17-04-2024,BR8,UAE,Dubai,CUST4575,PROD880,Laptop,HP Spectre x360,LG,1,609.85,0.2,0.18,575.7,Cash,Online,EMP468,0,0,Standard,9,USD
ORD135866,08-07-2023,BR7,India,Mumbai,CUST4675,PROD783,Tablet,iPad Air,OnePlus,3,1080.29,0.17,0.18,3174.11,Debit Card,In-Store,EMP570,2,0,Same Day,10,USD
ORD135867,06-07-2023,BR86,Germany,Berlin,CUST2887,PROD489,Tablet,iPad Air,Samsung,3,225.11,0.29,0.18,565.79,Credit Card,In-Store,EMP889,0,0,Express,6,GBP
ORD135868,15-02-2023,BR106,Germany,Munich,CUST5552,PROD857,Accessories,Bluetooth Headphones,Apple,1,890.64,0.12,0.18,924.84,Debit Card,Online,EMP773,0,0,Express,1,GBP
ORD135869,30-03-2023,BR37,Germany,Munich,CUST4845,PROD501,Tablet,Lenovo Tab P11,Lenovo,3,1774.26,0.18,0.18,5150.32,UPI,In-Store,EMP880,3,0,Express,3,AED
ORD135870,16-05-2023,BR45,Germany,Munich,CUST7082,PROD819,TV,Sony Bravia 55,Sony,5,861.86,0.09,0.18,4627.33,Cash,In-Store,EMP516,3,0,Express,8,GBP
ORD135871,26-07-2023,BR112,UK,Birmingham,CUST2973,PROD283,Accessories,Wireless Mouse,HP,4,1986.78,0.03,0.18,9096.27,Net Banking,In-Store,EMP319,2,0,Express,5,GBP
ORD135872,28-07-2024,BR105,Germany,Hamburg,CUST7312,PROD940,Tablet,iPad Air,Samsung,1,607.06,0.22,0.18,558.74,Net Banking,In-Store,EMP682,0,1,Standard,1,INR
ORD135873,13-04-2024,BR12,USA,New York,CUST9063,PROD905,TV,Samsung QLED 50,LG,1,746.88,0.16,0.18,740.31,UPI,In-Store,EMP916,3,1,Express,2,INR
ORD135874,21-05-2024,BR53,India,Mumbai,CUST6864,PROD802,TV,LG OLED 48,Sony,5,839.26,0.27,0.18,3614.69,Credit Card,Online,EMP228,0,0,Standard,1,INR
ORD135875,16-06-2023,BR40,Germany,Berlin,CUST5818,PROD218,Accessories,Bluetooth Headphones,Sony,5,1502.44,0.05,0.18,8421.18,Credit Card,In-Store,EMP219,3,0,Express,5,INR
ORD135876,21-06-2024,BR37,USA,Chicago,CUST7514,PROD945,TV,Sony Bravia 55,LG,1,1320.71,0.29,0.18,1106.49,Cash,In-Store,EMP716,3,0,Same Day,5,GBP
ORD135877,13-09-2024,BR74,India,Pune,CUST9423,PROD907,TV,Samsung QLED 50,Lenovo,5,240.52,0.13,0.18,1234.59,UPI,Online,EMP701,3,1,Same Day,7,INR
ORD135878,02-04-2023,BR35,USA,Dallas,CUST3413,PROD868,Laptop,HP Spectre x360,Lenovo,5,571.08,0.07,0.18,3133.52,UPI,Online,EMP916,2,1,Express,4,GBP
ORD135879,18-09-2024,BR3,UAE,Abu Dhabi,CUST2711,PROD245,Mobile,OnePlus 11,Dell,3,544.06,0.17,0.18,1598.56,Debit Card,Online,EMP746,2,1,Same Day,6,AED
ORD135880,11-11-2023,BR6,USA,Los Angeles,CUST7762,PROD814,Accessories,Wireless Mouse,Samsung,5,1777.63,0.13,0.18,9124.57,Debit Card,Online,EMP385,0,0,Express,10,EUR
ORD135881,19-05-2023,BR75,UK,Birmingham,CUST2572,PROD565,Mobile,iPhone 14,Dell,1,488.89,0.19,0.18,467.28,UPI,Online,EMP993,2,0,Standard,1,INR
ORD135882,14-02-2023,BR78,India,Delhi,CUST4011,PROD728,Laptop,Dell XPS 13,Sony,2,334.7,0.05,0.18,750.4,Net Banking,Online,EMP995,2,0,Same Day,6,INR
ORD135883,12-10-2024,BR4,USA,Chicago,CUST9451,PROD528,Mobile,Samsung Galaxy S23,Dell,1,164.16,0.23,0.18,149.16,Net Banking,Online,EMP262,3,0,Same Day,7,AED
ORD135884,18-06-2024,BR1,UK,Birmingham,CUST3050,PROD461,Accessories,Keyboard,OnePlus,5,559.94,0.21,0.18,2609.88,Cash,In-Store,EMP262,0,1,Standard,6,GBP
ORD135885,17-03-2024,BR34,India,Delhi,CUST8613,PROD578,Tablet,Lenovo Tab P11,Dell,5,140.07,0.24,0.18,628.07,UPI,Online,EMP564,0,1,Express,9,INR
ORD135886,04-05-2024,BR43,USA,Dallas,CUST2015,PROD645,Laptop,Dell XPS 13,Sony,3,1158.41,0.23,0.18,3157.59,Cash,In-Store,EMP231,1,1,Same Day,10,EUR
ORD135887,16-07-2024,BR103,UK,Birmingham,CUST1285,PROD243,TV,Sony Bravia 55,Sony,1,1186.94,0.03,0.18,1358.57,Cash,Online,EMP663,3,1,Standard,1,EUR
ORD135888,03-11-2023,BR35,Germany,Munich,CUST1261,PROD944,Mobile,OnePlus 11,Sony,2,736.1,0.11,0.18,1546.1,Debit Card,Online,EMP747,3,0,Express,7,GBP
ORD135889,29-04-2023,BR114,USA,New York,CUST2897,PROD519,Accessories,Keyboard,Lenovo,5,1862.12,0.05,0.18,10437.18,UPI,Online,EMP562,0,0,Express,5,GBP
ORD135890,09-10-2023,BR94,UK,London,CUST7372,PROD944,TV,Samsung QLED 50,HP,4,530.3,0.02,0.18,2452.96,Net Banking,Online,EMP587,1,0,Express,9,INR
ORD135891,10-10-2023,BR4,UK,Manchester,CUST8658,PROD313,Laptop,MacBook Air M2,Dell,5,1198.45,0.27,0.18,5161.72,Cash,Online,EMP819,1,1,Same Day,3,USD
ORD135892,15-07-2024,BR56,UK,London,CUST1338,PROD278,Tablet,iPad Air,OnePlus,3,57.71,0.28,0.18,147.09,UPI,Online,EMP763,1,0,Same Day,9,EUR
ORD135893,09-07-2024,BR28,UK,Birmingham,CUST1318,PROD687,Tablet,Lenovo Tab P11,LG,4,506.8,0.02,0.18,2344.25,UPI,In-Store,EMP393,1,0,Express,10,AED
ORD135894,18-12-2024,BR21,Germany,Berlin,CUST6116,PROD636,TV,LG OLED 48,HP,1,1053.01,0.16,0.18,1043.74,Credit Card,In-Store,EMP460,1,0,Same Day,1,INR
ORD135895,22-11-2023,BR43,India,Bangalore,CUST1304,PROD608,Laptop,MacBook Air M2,OnePlus,1,97,0.26,0.18,84.7,Debit Card,Online,EMP577,0,1,Standard,6,INR
ORD135896,08-08-2024,BR6,UAE,Dubai,CUST9932,PROD106,Accessories,Keyboard,Apple,2,521.91,0.29,0.18,874.51,Net Banking,Online,EMP947,1,0,Express,2,USD
ORD135897,11-02-2024,BR106,India,Pune,CUST2537,PROD954,Tablet,Lenovo Tab P11,Apple,3,191.24,0.04,0.18,649.91,Cash,In-Store,EMP839,1,1,Express,4,EUR
ORD135898,19-05-2023,BR86,UK,London,CUST9125,PROD197,Mobile,Samsung Galaxy S23,OnePlus,1,823.61,0.18,0.18,796.93,Net Banking,Online,EMP832,0,1,Standard,3,GBP
ORD135899,10-09-2024,BR112,UK,Birmingham,CUST3855,PROD443,TV,Sony Bravia 55,LG,3,882.87,0.22,0.18,2437.78,Cash,Online,EMP595,2,0,Same Day,4,INR
ORD135900,17-10-2024,BR87,Germany,Hamburg,CUST5853,PROD530,Laptop,Dell XPS 13,Apple,2,1107.22,0.08,0.18,2404,Credit Card,In-Store,EMP591,3,1,Express,8,INR
ORD135901,27-01-2024,BR108,UAE,Dubai,CUST7465,PROD874,Accessories,Bluetooth Headphones,Lenovo,5,182.3,0.21,0.18,849.7,Cash,In-Store,EMP273,2,1,Same Day,10,AED
ORD135902,29-03-2023,BR59,Germany,Berlin,CUST1925,PROD460,Laptop,HP Spectre x360,LG,2,450.85,0.14,0.18,915.05,Debit Card,Online,EMP764,2,1,Standard,2,USD
ORD135903,20-08-2024,BR116,UK,London,CUST7695,PROD688,Tablet,Samsung Galaxy Tab,Dell,5,1553.95,0.13,0.18,7976.43,Debit Card,Online,EMP365,3,1,Same Day,5,INR
ORD135904,30-12-2024,BR51,USA,Los Angeles,CUST3763,PROD897,Mobile,iPhone 14,Lenovo,4,772.03,0.13,0.18,3170.26,Debit Card,In-Store,EMP685,2,1,Same Day,7,GBP
ORD135905,29-03-2024,BR114,UK,Manchester,CUST8783,PROD725,Tablet,Lenovo Tab P11,Apple,1,430.68,0.06,0.18,477.71,Net Banking,In-Store,EMP758,3,1,Same Day,5,INR
ORD135906,13-05-2024,BR38,India,Pune,CUST6592,PROD639,Laptop,HP Spectre x360,Apple,2,1457.4,0.13,0.18,2992.33,UPI,In-Store,EMP744,3,1,Same Day,4,EUR
ORD135907,05-07-2023,BR9,UK,London,CUST8828,PROD743,Tablet,Lenovo Tab P11,Apple,3,1817.56,0.06,0.18,6048.11,Cash,In-Store,EMP660,2,0,Same Day,5,GBP
ORD135908,20-12-2023,BR106,UK,London,CUST4870,PROD699,TV,LG OLED 48,Sony,4,1702.35,0.27,0.18,5865.62,Debit Card,Online,EMP703,2,1,Same Day,3,AED
ORD135909,29-07-2023,BR19,USA,Los Angeles,CUST9945,PROD492,Mobile,Samsung Galaxy S23,Dell,5,900.47,0.18,0.18,4356.47,Cash,In-Store,EMP259,2,1,Same Day,4,INR
ORD135910,23-03-2024,BR42,India,Mumbai,CUST3921,PROD615,Accessories,Bluetooth Headphones,HP,5,1787.55,0.22,0.18,8226.31,Debit Card,Online,EMP250,1,0,Standard,7,GBP
ORD135911,09-01-2023,BR30,Germany,Hamburg,CUST3629,PROD889,Mobile,Samsung Galaxy S23,Lenovo,4,1495.47,0.04,0.18,6776.27,Net Banking,In-Store,EMP804,0,1,Same Day,10,INR
ORD135912,22-11-2023,BR69,UK,Birmingham,CUST7324,PROD269,TV,LG OLED 48,HP,3,760.28,0.08,0.18,2476.08,Net Banking,In-Store,EMP998,0,0,Express,4,USD
ORD135913,14-05-2023,BR18,USA,Dallas,CUST1457,PROD328,Tablet,iPad Air,Apple,3,514.35,0.1,0.18,1638.72,Debit Card,Online,EMP671,0,0,Same Day,4,USD
ORD135914,29-07-2024,BR20,UK,Manchester,CUST5502,PROD117,Laptop,MacBook Air M2,Lenovo,1,1185.46,0.08,0.18,1286.94,Cash,Online,EMP593,1,0,Same Day,4,EUR
ORD135915,25-05-2024,BR41,UAE,Abu Dhabi,CUST2905,PROD199,Tablet,Samsung Galaxy Tab,LG,5,912.58,0.05,0.18,5115.01,Debit Card,In-Store,EMP297,0,0,Standard,4,INR
ORD135916,10-03-2024,BR8,UK,Manchester,CUST9820,PROD271,Laptop,HP Spectre x360,HP,4,321.43,0.16,0.18,1274.41,Credit Card,In-Store,EMP939,2,0,Express,1,AED
ORD135917,26-10-2024,BR33,USA,New York,CUST1149,PROD241,TV,LG OLED 48,Sony,2,1381.24,0.05,0.18,3096.74,Debit Card,In-Store,EMP701,2,0,Express,4,USD
ORD135918,04-02-2023,BR67,UK,London,CUST9688,PROD553,TV,LG OLED 48,HP,4,1014.87,0.09,0.18,4359.07,Debit Card,Online,EMP669,0,0,Same Day,9,EUR
ORD135919,31-12-2023,BR92,Germany,Hamburg,CUST5251,PROD576,Laptop,MacBook Air M2,HP,4,656.21,0.04,0.18,2973.42,Debit Card,Online,EMP861,1,0,Express,7,AED
ORD135920,25-10-2023,BR73,USA,Los Angeles,CUST3899,PROD611,TV,LG OLED 48,Lenovo,4,1283.13,0.18,0.18,4966.23,UPI,In-Store,EMP553,3,1,Same Day,9,EUR
ORD135921,04-04-2024,BR17,India,Mumbai,CUST5825,PROD449,Laptop,MacBook Air M2,OnePlus,2,1273.95,0.12,0.18,2645.74,Credit Card,Online,EMP980,1,1,Standard,2,GBP
ORD135922,26-10-2023,BR23,Germany,Hamburg,CUST1732,PROD908,Mobile,iPhone 14,Apple,1,297.48,0.2,0.18,280.82,Debit Card,In-Store,EMP201,1,0,Express,7,GBP
ORD135923,20-08-2023,BR38,UAE,Dubai,CUST9201,PROD597,TV,Sony Bravia 55,Dell,4,1666.14,0.29,0.18,5583.57,Debit Card,Online,EMP270,2,0,Same Day,1,EUR
ORD135924,27-03-2023,BR65,USA,Los Angeles,CUST5416,PROD542,Laptop,HP Spectre x360,Dell,5,346.6,0.14,0.18,1758.65,Cash,Online,EMP298,3,1,Express,5,GBP
ORD135925,08-02-2023,BR93,India,Bangalore,CUST6098,PROD131,Accessories,Bluetooth Headphones,Lenovo,3,747.83,0.02,0.18,2594.37,Debit Card,Online,EMP446,0,0,Express,4,INR
ORD135926,06-11-2024,BR30,India,Mumbai,CUST4213,PROD722,TV,LG OLED 48,HP,4,638.77,0.14,0.18,2592.9,UPI,In-Store,EMP853,1,1,Standard,9,AED
ORD135927,31-07-2023,BR93,UK,Manchester,CUST2585,PROD733,Laptop,HP Spectre x360,Apple,1,1897.59,0.23,0.18,1724.15,Net Banking,Online,EMP804,0,1,Same Day,2,EUR
ORD135928,04-05-2023,BR61,Germany,Munich,CUST5100,PROD930,TV,Sony Bravia 55,LG,5,741.57,0.03,0.18,4244.01,Credit Card,Online,EMP405,0,0,Standard,4,AED
ORD135929,24-09-2024,BR61,Germany,Munich,CUST6337,PROD758,TV,LG OLED 48,Sony,4,907.91,0.26,0.18,3171.15,Net Banking,Online,EMP786,2,0,Express,1,USD
ORD135930,27-11-2023,BR47,Germany,Hamburg,CUST3416,PROD841,TV,LG OLED 48,Sony,3,855.01,0.1,0.18,2724.06,Cash,In-Store,EMP672,1,0,Standard,4,USD
ORD135931,15-08-2024,BR27,India,Pune,CUST1613,PROD280,Mobile,Samsung Galaxy S23,Dell,4,1540.93,0.22,0.18,5673.09,Net Banking,In-Store,EMP368,0,0,Same Day,10,AED
ORD135932,22-01-2023,BR45,USA,Los Angeles,CUST8083,PROD979,Accessories,Wireless Mouse,Samsung,1,462.37,0.22,0.18,425.57,Credit Card,Online,EMP994,3,1,Express,6,INR
ORD135933,17-04-2024,BR51,UAE,Dubai,CUST7817,PROD397,TV,Samsung QLED 50,LG,3,348.73,0.03,0.18,1197.47,Credit Card,Online,EMP483,1,0,Express,9,USD
ORD135934,06-08-2023,BR90,India,Mumbai,CUST7460,PROD730,TV,Sony Bravia 55,Apple,2,445.65,0.19,0.18,851.9,Credit Card,In-Store,EMP922,0,0,Standard,1,INR
ORD135935,17-09-2023,BR1,USA,New York,CUST7478,PROD745,Laptop,MacBook Air M2,LG,1,1271.61,0.07,0.18,1395.46,Cash,In-Store,EMP480,2,1,Same Day,5,GBP
ORD135936,14-09-2024,BR83,Germany,Berlin,CUST5742,PROD589,Laptop,HP Spectre x360,OnePlus,2,1416.23,0.24,0.18,2540.15,UPI,In-Store,EMP758,2,1,Same Day,8,INR
ORD135937,31-01-2023,BR52,India,Bangalore,CUST8467,PROD127,Mobile,OnePlus 11,Lenovo,5,1104.3,0.29,0.18,4625.91,Debit Card,In-Store,EMP354,1,0,Express,10,EUR
ORD135938,02-12-2023,BR40,Germany,Hamburg,CUST4541,PROD157,TV,Sony Bravia 55,OnePlus,3,1966.96,0.07,0.18,6475.63,Credit Card,In-Store,EMP438,3,1,Same Day,1,USD
ORD135939,30-08-2023,BR100,India,Pune,CUST3882,PROD776,Tablet,iPad Air,HP,4,681.27,0.1,0.18,2894.03,Credit Card,Online,EMP228,0,1,Express,2,EUR
ORD135940,18-04-2024,BR93,UAE,Dubai,CUST7778,PROD923,Accessories,Bluetooth Headphones,Sony,1,1788.65,0.12,0.18,1857.33,UPI,Online,EMP939,1,1,Same Day,6,EUR
ORD135941,28-01-2024,BR15,Germany,Munich,CUST7853,PROD789,Tablet,iPad Air,OnePlus,1,1135.25,0.24,0.18,1018.09,Net Banking,Online,EMP768,1,1,Same Day,6,USD
ORD135942,21-01-2024,BR9,Germany,Berlin,CUST3105,PROD702,Mobile,iPhone 14,Dell,4,152.11,0.12,0.18,631.8,UPI,In-Store,EMP855,2,0,Same Day,8,INR
ORD135943,29-02-2024,BR25,India,Pune,CUST6378,PROD415,TV,Sony Bravia 55,Apple,5,202.45,0.21,0.18,943.62,Cash,In-Store,EMP631,2,0,Standard,6,GBP
ORD135944,05-12-2024,BR110,India,Pune,CUST5573,PROD134,Laptop,MacBook Air M2,Apple,5,96.09,0.25,0.18,425.2,Debit Card,In-Store,EMP960,0,0,Express,4,AED
ORD135945,16-03-2023,BR7,UK,London,CUST6943,PROD166,Tablet,Samsung Galaxy Tab,HP,2,1475.99,0.12,0.18,3065.34,Net Banking,Online,EMP999,0,1,Same Day,3,INR
ORD135946,12-10-2024,BR60,India,Mumbai,CUST9129,PROD149,TV,LG OLED 48,Lenovo,5,533.53,0.01,0.18,3116.35,Debit Card,Online,EMP413,3,1,Standard,2,EUR
ORD135947,20-10-2024,BR105,UAE,Dubai,CUST5793,PROD375,Mobile,OnePlus 11,Sony,1,1029.04,0.1,0.18,1092.84,Debit Card,In-Store,EMP485,0,0,Express,5,EUR
ORD135948,15-04-2023,BR59,UK,Birmingham,CUST8357,PROD595,Laptop,HP Spectre x360,Samsung,4,1898.48,0.22,0.18,6989.44,UPI,In-Store,EMP795,0,0,Standard,5,EUR
ORD135949,04-04-2023,BR23,USA,Chicago,CUST3825,PROD123,Accessories,Wireless Mouse,Sony,4,1798.02,0.14,0.18,7298.52,Debit Card,Online,EMP648,1,0,Same Day,5,AED
ORD135950,10-11-2023,BR1,India,Mumbai,CUST5247,PROD212,Accessories,Keyboard,Dell,3,1567.72,0.2,0.18,4439.78,Cash,Online,EMP500,2,1,Same Day,7,USD
ORD135951,05-08-2024,BR44,UK,London,CUST4921,PROD622,Laptop,Dell XPS 13,Lenovo,1,1568.01,0.14,0.18,1591.22,Credit Card,In-Store,EMP470,0,1,Same Day,4,GBP
ORD135952,02-11-2024,BR80,USA,New York,CUST6112,PROD728,Laptop,Dell XPS 13,HP,3,294.68,0.28,0.18,751.08,UPI,In-Store,EMP874,3,1,Standard,7,EUR
ORD135953,06-05-2024,BR24,USA,New York,CUST6050,PROD870,Tablet,iPad Air,Sony,5,694.57,0.27,0.18,2991.51,UPI,Online,EMP238,0,1,Same Day,5,USD
ORD135954,12-06-2024,BR117,UK,Birmingham,CUST9319,PROD853,TV,Sony Bravia 55,Dell,4,1327.53,0.07,0.18,5827.33,UPI,In-Store,EMP673,1,0,Standard,6,USD
ORD135955,12-09-2024,BR51,Germany,Hamburg,CUST5676,PROD138,Accessories,Wireless Mouse,Lenovo,1,187.73,0.1,0.18,199.37,Net Banking,Online,EMP924,3,0,Express,3,AED
ORD135956,05-06-2024,BR16,UAE,Dubai,CUST1540,PROD400,TV,LG OLED 48,OnePlus,3,147.41,0.03,0.18,506.18,UPI,Online,EMP332,0,1,Express,1,USD
ORD135957,29-11-2023,BR71,India,Mumbai,CUST9798,PROD349,Mobile,OnePlus 11,Dell,3,844.89,0.2,0.18,2392.73,Cash,In-Store,EMP694,3,0,Express,3,INR
ORD135958,16-05-2023,BR46,UK,Manchester,CUST6697,PROD777,TV,Samsung QLED 50,Sony,1,1675.43,0.12,0.18,1739.77,Debit Card,In-Store,EMP736,0,0,Express,5,AED
ORD135959,11-09-2024,BR60,Germany,Munich,CUST4982,PROD636,Mobile,OnePlus 11,Lenovo,3,1132.74,0.12,0.18,3528.71,Net Banking,Online,EMP285,1,0,Express,3,INR
ORD135960,03-07-2024,BR18,USA,Los Angeles,CUST5856,PROD712,TV,Sony Bravia 55,HP,2,514.59,0.1,0.18,1092.99,Net Banking,In-Store,EMP758,2,1,Same Day,10,USD
ORD135961,04-06-2023,BR54,India,Delhi,CUST5381,PROD655,Tablet,Samsung Galaxy Tab,Sony,4,872.23,0.05,0.18,3911.08,Net Banking,In-Store,EMP331,3,1,Standard,7,GBP
ORD135962,12-05-2023,BR80,UK,London,CUST2132,PROD968,Accessories,Wireless Mouse,Samsung,2,1075.74,0.18,0.18,2081.77,Net Banking,In-Store,EMP760,3,1,Express,2,GBP
ORD135963,02-06-2024,BR97,UAE,Dubai,CUST5288,PROD486,TV,Samsung QLED 50,HP,4,422.09,0.18,0.18,1633.66,UPI,Online,EMP433,0,0,Express,6,INR
ORD135964,02-06-2024,BR17,USA,Dallas,CUST2783,PROD330,Laptop,HP Spectre x360,HP,1,165.31,0.14,0.18,167.76,Cash,Online,EMP680,3,1,Same Day,8,INR
ORD135965,09-10-2023,BR38,India,Pune,CUST8263,PROD677,Accessories,Keyboard,Sony,2,1464.64,0.29,0.18,2454.15,Credit Card,Online,EMP302,0,1,Express,7,GBP
ORD135966,13-08-2023,BR80,USA,New York,CUST1238,PROD462,Tablet,Lenovo Tab P11,Dell,5,1576.62,0.14,0.18,7999.77,Net Banking,In-Store,EMP547,2,0,Same Day,6,INR
ORD135967,29-12-2023,BR116,UK,Birmingham,CUST5593,PROD134,Accessories,Keyboard,HP,2,1946.64,0.23,0.18,3537.43,Cash,In-Store,EMP668,1,0,Express,10,INR
ORD135968,15-06-2023,BR6,USA,New York,CUST1164,PROD264,Accessories,Bluetooth Headphones,Dell,3,1089.74,0.05,0.18,3664.8,Credit Card,Online,EMP886,1,0,Standard,10,GBP
ORD135969,01-05-2024,BR119,UAE,Dubai,CUST5850,PROD570,Tablet,iPad Air,HP,4,611.02,0.09,0.18,2624.45,Cash,In-Store,EMP491,0,1,Express,6,USD
ORD135970,30-04-2024,BR113,India,Delhi,CUST1035,PROD866,Laptop,MacBook Air M2,HP,3,1831.93,0.15,0.18,5512.28,UPI,In-Store,EMP971,1,1,Express,6,EUR
ORD135971,25-08-2023,BR37,India,Mumbai,CUST8497,PROD279,Mobile,OnePlus 11,HP,4,1302.15,0.13,0.18,5347.15,UPI,Online,EMP899,0,0,Express,8,INR
ORD135972,09-12-2023,BR64,UK,Birmingham,CUST3139,PROD513,Mobile,iPhone 14,Sony,2,1063.42,0.08,0.18,2308.9,Cash,In-Store,EMP841,3,0,Same Day,8,EUR
ORD135973,11-06-2023,BR35,UAE,Abu Dhabi,CUST5165,PROD704,Accessories,Bluetooth Headphones,HP,2,435.59,0.07,0.18,956.03,Debit Card,In-Store,EMP261,2,1,Same Day,8,GBP
ORD135974,29-12-2023,BR63,UK,Birmingham,CUST2713,PROD783,Mobile,OnePlus 11,LG,3,546.92,0.1,0.18,1742.49,Net Banking,Online,EMP535,2,0,Express,2,EUR
ORD135975,17-09-2024,BR5,USA,New York,CUST4147,PROD339,Accessories,Keyboard,Sony,3,941.17,0.17,0.18,2765.35,Credit Card,In-Store,EMP355,1,1,Standard,8,USD
ORD135976,28-08-2023,BR66,Germany,Berlin,CUST7107,PROD548,Tablet,iPad Air,OnePlus,3,1568.38,0.29,0.18,3941.97,Debit Card,Online,EMP936,3,0,Standard,2,AED
ORD135977,19-12-2023,BR44,USA,New York,CUST6567,PROD933,Laptop,MacBook Air M2,OnePlus,4,255.11,0.07,0.18,1119.83,Net Banking,Online,EMP217,2,1,Express,2,GBP
ORD135978,21-12-2023,BR101,Germany,Munich,CUST5863,PROD942,TV,Samsung QLED 50,LG,1,1665.08,0.08,0.18,1807.61,Credit Card,In-Store,EMP200,3,0,Express,9,GBP
ORD135979,05-12-2023,BR68,USA,Dallas,CUST6051,PROD783,TV,Sony Bravia 55,Apple,1,1478.24,0.2,0.18,1395.46,Net Banking,In-Store,EMP533,2,0,Express,9,INR
ORD135980,07-03-2023,BR72,USA,New York,CUST2124,PROD180,TV,Samsung QLED 50,LG,5,1888.26,0.03,0.18,10806.51,Cash,Online,EMP233,0,0,Express,9,INR
ORD135981,15-01-2024,BR71,Germany,Hamburg,CUST6768,PROD168,Accessories,Wireless Mouse,Dell,2,1702.13,0.13,0.18,3494.81,Debit Card,In-Store,EMP887,1,0,Express,8,AED
ORD135982,19-07-2024,BR41,UK,Manchester,CUST6241,PROD490,Tablet,Lenovo Tab P11,Sony,3,1850.83,0.27,0.18,4782.91,UPI,In-Store,EMP538,0,1,Same Day,2,USD
ORD135983,09-07-2023,BR112,UAE,Abu Dhabi,CUST7868,PROD942,TV,Sony Bravia 55,Lenovo,2,1367.75,0.03,0.18,3131.05,Net Banking,In-Store,EMP543,0,1,Express,1,EUR
ORD135984,29-05-2023,BR31,UK,London,CUST5139,PROD212,Mobile,Samsung Galaxy S23,LG,5,1027.58,0.05,0.18,5759.59,Net Banking,In-Store,EMP219,2,0,Standard,1,INR
ORD135985,14-07-2024,BR49,India,Delhi,CUST7642,PROD622,Laptop,MacBook Air M2,OnePlus,5,1954.64,0.27,0.18,8418.63,Cash,Online,EMP683,2,1,Same Day,6,EUR
ORD135986,23-02-2024,BR21,UK,London,CUST2548,PROD810,Laptop,HP Spectre x360,Dell,4,178.81,0.03,0.18,818.66,Debit Card,In-Store,EMP201,3,1,Standard,6,EUR
ORD135987,07-03-2024,BR82,UAE,Dubai,CUST4512,PROD258,Laptop,Dell XPS 13,Lenovo,4,1245.03,0.1,0.18,5288.89,Credit Card,In-Store,EMP480,2,1,Same Day,1,INR
ORD135988,08-07-2023,BR61,USA,Los Angeles,CUST3963,PROD923,Tablet,iPad Air,Apple,2,409.56,0.07,0.18,898.9,Credit Card,In-Store,EMP712,3,1,Express,5,INR
ORD135989,08-01-2024,BR30,UAE,Abu Dhabi,CUST6476,PROD459,TV,Samsung QLED 50,Apple,3,1190.76,0.14,0.18,3625.15,Net Banking,In-Store,EMP797,3,1,Same Day,2,USD
ORD135990,07-06-2023,BR47,USA,Los Angeles,CUST5502,PROD808,TV,Samsung QLED 50,Samsung,2,854.02,0.19,0.18,1632.54,Credit Card,In-Store,EMP249,2,1,Same Day,5,EUR
ORD135991,10-12-2023,BR42,USA,Chicago,CUST5342,PROD798,TV,Samsung QLED 50,Samsung,5,1175.44,0.08,0.18,6380.29,Cash,In-Store,EMP528,0,0,Standard,5,USD
ORD135992,29-04-2023,BR120,UK,Birmingham,CUST1991,PROD903,TV,Samsung QLED 50,Lenovo,1,1141.93,0.27,0.18,983.66,Debit Card,Online,EMP738,3,0,Standard,8,AED
ORD135993,05-02-2023,BR18,Germany,Munich,CUST3053,PROD926,Mobile,Samsung Galaxy S23,Dell,1,298.75,0.02,0.18,345.47,UPI,In-Store,EMP346,3,0,Same Day,4,INR
ORD135994,16-03-2024,BR108,USA,Los Angeles,CUST7550,PROD369,TV,LG OLED 48,Apple,3,646.96,0.1,0.18,2061.21,Net Banking,In-Store,EMP632,2,0,Express,10,USD
ORD135995,22-06-2023,BR54,UAE,Dubai,CUST1145,PROD364,Laptop,Dell XPS 13,Lenovo,5,618.58,0.05,0.18,3467.14,UPI,Online,EMP783,0,0,Standard,8,GBP
ORD135996,06-09-2024,BR3,UAE,Abu Dhabi,CUST5795,PROD102,TV,LG OLED 48,Sony,5,1028.84,0.09,0.18,5523.84,Net Banking,In-Store,EMP920,2,1,Express,4,GBP
ORD135997,27-01-2023,BR9,Germany,Berlin,CUST9484,PROD337,Accessories,Wireless Mouse,Dell,2,674.01,0.28,0.18,1145.28,Cash,Online,EMP609,2,1,Express,5,USD
ORD135998,04-04-2024,BR47,UAE,Dubai,CUST6314,PROD536,Accessories,Bluetooth Headphones,LG,3,1535.05,0.11,0.18,4836.33,Debit Card,In-Store,EMP922,3,1,Standard,10,GBP
ORD135999,10-10-2023,BR92,UAE,Abu Dhabi,CUST1703,PROD301,Accessories,Wireless Mouse,OnePlus,1,1223.75,0.1,0.18,1299.62,UPI,Online,EMP644,0,1,Same Day,8,GBP
ORD136000,15-07-2023,BR57,India,Delhi,CUST9845,PROD725,Accessories,Keyboard,OnePlus,4,1406.64,0.16,0.18,5577.05,Cash,In-Store,EMP301,3,0,Standard,6,EUR
ORD136001,27-02-2023,BR99,Germany,Hamburg,CUST6544,PROD143,Mobile,OnePlus 11,HP,2,83.55,0.26,0.18,145.91,UPI,In-Store,EMP779,1,1,Same Day,10,USD
ORD136002,10-07-2023,BR30,Germany,Berlin,CUST4605,PROD375,Laptop,Dell XPS 13,Apple,1,766.2,0.2,0.18,723.29,Debit Card,Online,EMP546,2,1,Standard,4,GBP
ORD136003,21-01-2024,BR67,USA,Chicago,CUST4539,PROD659,TV,LG OLED 48,Dell,3,1280.4,0.24,0.18,3444.79,Cash,In-Store,EMP515,3,0,Same Day,4,INR
ORD136004,28-05-2024,BR96,UK,Manchester,CUST3636,PROD295,Laptop,MacBook Air M2,Apple,1,872.17,0.18,0.18,843.91,Debit Card,Online,EMP332,2,1,Standard,4,EUR
ORD136005,27-09-2024,BR82,USA,Dallas,CUST9859,PROD629,Mobile,OnePlus 11,LG,1,1589.93,0.18,0.18,1538.42,Debit Card,Online,EMP725,1,1,Same Day,7,INR
ORD136006,03-06-2024,BR18,Germany,Munich,CUST5052,PROD711,Laptop,HP Spectre x360,Samsung,4,799.83,0.19,0.18,3057.91,Cash,Online,EMP906,2,0,Express,1,USD
ORD136007,24-05-2023,BR85,USA,Dallas,CUST1857,PROD971,TV,Samsung QLED 50,LG,2,975.71,0.1,0.18,2072.41,Credit Card,Online,EMP639,3,1,Express,1,EUR
ORD136008,21-03-2023,BR91,UK,Manchester,CUST3419,PROD747,Tablet,iPad Air,Sony,5,99.8,0.23,0.18,453.39,Net Banking,Online,EMP232,0,1,Same Day,3,EUR
ORD136009,25-07-2023,BR93,India,Pune,CUST5662,PROD202,TV,Sony Bravia 55,Sony,2,1644.44,0.25,0.18,2910.66,Net Banking,In-Store,EMP566,3,1,Express,1,USD
ORD136010,16-04-2023,BR59,India,Mumbai,CUST8714,PROD924,TV,LG OLED 48,Dell,1,1318.9,0.25,0.18,1167.23,Net Banking,Online,EMP629,3,1,Standard,10,AED
ORD136011,30-10-2024,BR46,India,Mumbai,CUST6947,PROD599,Mobile,iPhone 14,LG,2,974.42,0.02,0.18,2253.64,Credit Card,Online,EMP813,0,1,Express,6,USD
ORD136012,11-08-2024,BR92,India,Pune,CUST7613,PROD125,Tablet,iPad Air,Samsung,2,524.27,0.16,0.18,1039.31,Net Banking,Online,EMP703,3,0,Express,8,EUR
ORD136013,14-10-2023,BR24,USA,Los Angeles,CUST5796,PROD654,Accessories,Bluetooth Headphones,LG,1,1105.13,0.25,0.18,978.04,Cash,In-Store,EMP983,0,0,Same Day,10,EUR
ORD136014,09-10-2024,BR100,UK,London,CUST4906,PROD757,Accessories,Bluetooth Headphones,Apple,4,1141.56,0.14,0.18,4633.82,Credit Card,In-Store,EMP593,1,0,Express,4,INR
ORD136015,25-11-2023,BR111,UAE,Abu Dhabi,CUST6477,PROD250,Accessories,Bluetooth Headphones,Lenovo,5,553.92,0.09,0.18,2974,Debit Card,In-Store,EMP711,1,0,Standard,5,USD
ORD136016,07-02-2023,BR8,Germany,Munich,CUST8117,PROD674,Laptop,HP Spectre x360,Lenovo,5,475.61,0.17,0.18,2329.06,UPI,In-Store,EMP494,1,1,Express,6,EUR
ORD136017,16-02-2024,BR19,USA,New York,CUST4058,PROD874,Tablet,Lenovo Tab P11,HP,4,69.41,0.07,0.18,304.68,Cash,Online,EMP209,3,1,Express,1,USD
ORD136018,19-11-2023,BR75,India,Bangalore,CUST3212,PROD404,Accessories,Keyboard,Samsung,3,253.3,0.29,0.18,636.64,Net Banking,Online,EMP468,2,0,Express,8,AED
ORD136019,05-04-2023,BR119,UK,Birmingham,CUST7609,PROD687,Mobile,Samsung Galaxy S23,Sony,2,242.01,0.21,0.18,451.2,Debit Card,Online,EMP468,1,0,Same Day,8,GBP
ORD136020,13-09-2024,BR114,UAE,Dubai,CUST3659,PROD395,Mobile,OnePlus 11,Samsung,3,1444.44,0.18,0.18,4192.92,Credit Card,Online,EMP868,1,0,Express,3,GBP
ORD136021,06-09-2023,BR68,UK,Manchester,CUST3940,PROD522,Mobile,Samsung Galaxy S23,Lenovo,1,542.5,0.02,0.18,627.35,Debit Card,In-Store,EMP648,1,0,Express,1,GBP
ORD136022,21-08-2024,BR32,UK,Manchester,CUST8062,PROD463,Mobile,OnePlus 11,HP,2,642.6,0.11,0.18,1349.72,Net Banking,Online,EMP666,2,1,Express,4,AED
ORD136023,18-02-2023,BR38,USA,Dallas,CUST9826,PROD888,Accessories,Wireless Mouse,Sony,2,1721.04,0.01,0.18,4021.04,UPI,Online,EMP508,0,1,Standard,5,INR
ORD136024,15-01-2023,BR49,Germany,Berlin,CUST6268,PROD208,Accessories,Bluetooth Headphones,Dell,1,1984.71,0.03,0.18,2271.7,Debit Card,Online,EMP665,3,0,Standard,10,INR
ORD136025,01-07-2023,BR16,Germany,Hamburg,CUST9769,PROD992,Mobile,iPhone 14,HP,5,1116.99,0.21,0.18,5206.29,Cash,In-Store,EMP375,3,0,Express,5,USD
ORD136026,10-02-2024,BR7,India,Bangalore,CUST7398,PROD571,Laptop,Dell XPS 13,OnePlus,2,488.56,0.26,0.18,853.22,Net Banking,Online,EMP789,1,0,Same Day,2,GBP
ORD136027,25-01-2024,BR90,India,Bangalore,CUST4486,PROD743,Tablet,Samsung Galaxy Tab,Sony,1,1061.51,0.05,0.18,1189.95,Debit Card,Online,EMP411,0,0,Express,3,AED
ORD136028,05-05-2024,BR70,India,Bangalore,CUST6667,PROD388,Laptop,HP Spectre x360,Sony,3,571.53,0.23,0.18,1557.88,Debit Card,Online,EMP376,3,1,Same Day,10,AED
ORD136029,06-05-2024,BR101,India,Mumbai,CUST2124,PROD985,Laptop,Dell XPS 13,Lenovo,1,552.64,0.06,0.18,612.99,Debit Card,Online,EMP257,3,0,Standard,4,EUR
ORD136030,22-05-2024,BR47,India,Delhi,CUST7382,PROD352,TV,LG OLED 48,Lenovo,2,1806.06,0.18,0.18,3495.09,UPI,Online,EMP291,3,0,Standard,7,USD
ORD136031,19-10-2023,BR7,UAE,Abu Dhabi,CUST9025,PROD884,Tablet,Lenovo Tab P11,LG,4,683.78,0.02,0.18,3162.89,UPI,Online,EMP449,2,1,Same Day,9,INR
ORD136032,05-12-2023,BR26,USA,Los Angeles,CUST8090,PROD928,TV,LG OLED 48,Apple,1,1601.5,0.24,0.18,1436.23,UPI,Online,EMP357,1,1,Same Day,3,USD
ORD136033,22-07-2023,BR10,UK,Birmingham,CUST5992,PROD829,Mobile,iPhone 14,Dell,3,814.86,0.07,0.18,2682.68,Debit Card,In-Store,EMP478,0,0,Express,4,AED
ORD136034,27-01-2023,BR112,USA,New York,CUST3666,PROD887,Tablet,iPad Air,LG,4,77.37,0.27,0.18,266.59,Net Banking,Online,EMP224,0,1,Express,5,USD
ORD136035,21-11-2024,BR42,USA,Chicago,CUST1341,PROD451,Accessories,Wireless Mouse,Sony,4,1768.08,0.13,0.18,7260.44,Credit Card,Online,EMP406,0,1,Standard,4,GBP
ORD136036,27-01-2024,BR83,USA,New York,CUST9927,PROD801,Mobile,iPhone 14,Dell,5,1841.99,0.22,0.18,8476.84,Net Banking,In-Store,EMP608,0,0,Standard,7,USD
ORD136037,07-01-2023,BR49,UAE,Dubai,CUST5563,PROD828,Laptop,HP Spectre x360,LG,5,1429.93,0.23,0.18,6496.17,Cash,In-Store,EMP530,0,0,Standard,9,GBP
ORD136038,28-02-2024,BR72,USA,Chicago,CUST8779,PROD566,Mobile,Samsung Galaxy S23,Apple,5,275.69,0.16,0.18,1366.32,UPI,In-Store,EMP920,0,0,Same Day,5,AED
ORD136039,09-08-2024,BR71,USA,New York,CUST4517,PROD354,Accessories,Bluetooth Headphones,Sony,3,1455.08,0.12,0.18,4532.87,Credit Card,In-Store,EMP447,2,0,Same Day,1,EUR
ORD136040,16-05-2023,BR8,India,Bangalore,CUST3459,PROD168,TV,Sony Bravia 55,Samsung,5,389.19,0.04,0.18,2204.37,Debit Card,In-Store,EMP436,1,0,Same Day,3,AED
ORD136041,23-11-2023,BR39,USA,New York,CUST9509,PROD731,Laptop,HP Spectre x360,Samsung,1,424.65,0.01,0.18,496.08,Debit Card,Online,EMP918,3,1,Standard,1,GBP
ORD136042,11-01-2024,BR45,Germany,Hamburg,CUST6833,PROD612,TV,Samsung QLED 50,Sony,2,1371.68,0.19,0.18,2622.1,Debit Card,Online,EMP207,0,1,Express,5,USD
ORD136043,13-02-2024,BR55,Germany,Hamburg,CUST2681,PROD406,Accessories,Keyboard,Dell,5,1048.5,0.16,0.18,5196.37,Credit Card,Online,EMP498,0,1,Express,3,EUR
ORD136044,13-01-2023,BR41,UK,Birmingham,CUST3163,PROD130,Mobile,Samsung Galaxy S23,Dell,5,894.12,0.24,0.18,4009.23,Net Banking,In-Store,EMP997,1,0,Same Day,2,GBP
ORD136045,27-01-2024,BR95,USA,Los Angeles,CUST3218,PROD679,TV,LG OLED 48,Lenovo,3,505.09,0.2,0.18,1430.41,Credit Card,In-Store,EMP526,3,0,Same Day,5,EUR
ORD136046,08-12-2024,BR21,India,Pune,CUST5453,PROD991,Tablet,Samsung Galaxy Tab,Apple,1,1115.33,0.11,0.18,1171.32,UPI,In-Store,EMP862,1,0,Same Day,6,INR
ORD136047,04-05-2024,BR46,Germany,Hamburg,CUST1432,PROD606,Mobile,Samsung Galaxy S23,Apple,2,1754.11,0.01,0.18,4098.3,Cash,In-Store,EMP613,2,1,Express,2,GBP
ORD136048,30-11-2024,BR110,Germany,Munich,CUST8641,PROD282,Tablet,Lenovo Tab P11,Dell,4,785.96,0.05,0.18,3524.24,UPI,Online,EMP777,3,0,Standard,6,EUR
ORD136049,24-03-2023,BR61,India,Delhi,CUST1343,PROD318,Tablet,Samsung Galaxy Tab,Apple,5,1212.57,0.06,0.18,6724.91,UPI,Online,EMP615,3,0,Same Day,9,GBP
ORD136050,24-05-2023,BR11,UAE,Dubai,CUST3152,PROD486,Tablet,Lenovo Tab P11,Dell,5,802.59,0.11,0.18,4214.4,Net Banking,In-Store,EMP304,3,1,Same Day,9,GBP
ORD136051,28-09-2023,BR118,Germany,Munich,CUST8252,PROD376,Accessories,Wireless Mouse,Apple,5,1963.86,0.23,0.18,8921.82,Credit Card,In-Store,EMP468,0,1,Same Day,1,GBP
ORD136052,24-11-2023,BR99,Germany,Berlin,CUST7685,PROD437,Mobile,OnePlus 11,OnePlus,3,1154.41,0.08,0.18,3759.68,Net Banking,Online,EMP224,2,1,Same Day,9,AED
ORD136053,21-12-2024,BR79,UAE,Dubai,CUST5499,PROD919,Laptop,HP Spectre x360,LG,1,107.44,0.02,0.18,124.24,Credit Card,In-Store,EMP637,2,1,Same Day,8,AED
ORD136054,09-06-2023,BR84,India,Pune,CUST1202,PROD907,Laptop,Dell XPS 13,OnePlus,4,1578.89,0.02,0.18,7303.31,Credit Card,Online,EMP826,0,0,Same Day,5,GBP
ORD136055,13-03-2024,BR72,India,Bangalore,CUST1505,PROD503,Accessories,Keyboard,Lenovo,1,361.65,0.03,0.18,413.94,UPI,In-Store,EMP951,0,1,Standard,7,INR
ORD136056,24-09-2023,BR106,USA,Dallas,CUST1573,PROD101,TV,Samsung QLED 50,Dell,5,1510.46,0.08,0.18,8198.78,Debit Card,Online,EMP994,0,0,Standard,7,EUR
ORD136057,21-03-2024,BR3,UK,London,CUST8277,PROD780,TV,LG OLED 48,Lenovo,2,889,0.27,0.18,1531.57,Credit Card,In-Store,EMP504,2,1,Standard,8,USD
ORD136058,23-09-2024,BR79,UK,Birmingham,CUST7186,PROD417,Accessories,Wireless Mouse,Dell,2,333.04,0.14,0.18,675.94,Net Banking,Online,EMP589,0,0,Express,5,GBP
ORD136059,06-11-2024,BR47,UAE,Dubai,CUST8734,PROD984,Mobile,OnePlus 11,Apple,1,329.27,0.28,0.18,279.75,Cash,In-Store,EMP891,0,1,Express,6,INR
ORD136060,02-08-2024,BR90,UK,Birmingham,CUST2573,PROD916,TV,Sony Bravia 55,Sony,3,138.14,0.02,0.18,479.24,Cash,Online,EMP453,0,1,Standard,5,AED
ORD136061,29-03-2024,BR74,India,Delhi,CUST8474,PROD136,Accessories,Keyboard,Dell,2,1394.71,0.08,0.18,3028.19,UPI,Online,EMP667,2,1,Express,7,GBP
ORD136062,09-02-2023,BR31,India,Mumbai,CUST1614,PROD123,Mobile,Samsung Galaxy S23,Lenovo,2,1607.12,0.1,0.18,3413.52,Credit Card,Online,EMP827,0,1,Standard,3,USD
ORD136063,27-10-2024,BR102,India,Delhi,CUST3448,PROD128,Mobile,Samsung Galaxy S23,Sony,1,900.62,0.26,0.18,786.42,Net Banking,In-Store,EMP524,3,0,Standard,1,USD
ORD136064,23-06-2023,BR43,Germany,Berlin,CUST6516,PROD567,Laptop,Dell XPS 13,Sony,4,363.78,0.24,0.18,1304.95,UPI,Online,EMP561,2,0,Same Day,2,GBP
ORD136065,05-03-2024,BR19,India,Delhi,CUST5062,PROD114,Tablet,iPad Air,OnePlus,3,76.38,0.29,0.18,191.97,Credit Card,Online,EMP560,2,0,Standard,6,USD
ORD136066,13-11-2023,BR118,Germany,Hamburg,CUST4992,PROD851,Tablet,Lenovo Tab P11,Apple,2,164.01,0.06,0.18,363.84,Net Banking,In-Store,EMP454,3,0,Standard,10,EUR
ORD136067,24-05-2023,BR49,UAE,Abu Dhabi,CUST8961,PROD710,Mobile,iPhone 14,OnePlus,1,611.44,0.21,0.18,569.98,UPI,In-Store,EMP893,2,0,Standard,6,GBP
ORD136068,03-11-2024,BR40,Germany,Hamburg,CUST6884,PROD766,Accessories,Wireless Mouse,Samsung,2,1120.26,0.18,0.18,2167.93,Net Banking,Online,EMP723,0,0,Express,5,USD
ORD136069,23-07-2023,BR34,UK,Birmingham,CUST2138,PROD819,Laptop,Dell XPS 13,Sony,1,1095.84,0.19,0.18,1047.4,UPI,In-Store,EMP979,1,0,Standard,4,GBP
ORD136070,27-05-2024,BR25,Germany,Munich,CUST2875,PROD262,Tablet,Samsung Galaxy Tab,HP,5,52.36,0.06,0.18,290.39,Cash,In-Store,EMP537,2,1,Express,1,INR
ORD136071,23-11-2023,BR11,USA,Los Angeles,CUST1381,PROD166,Laptop,Dell XPS 13,Dell,1,153.88,0.04,0.18,174.32,Cash,Online,EMP557,0,1,Standard,3,AED
ORD136072,24-05-2023,BR97,UK,Manchester,CUST9245,PROD102,Accessories,Wireless Mouse,OnePlus,4,1304.68,0.3,0.18,4310.66,Net Banking,Online,EMP913,1,0,Express,5,INR
ORD136073,06-11-2023,BR101,USA,Chicago,CUST7912,PROD231,Laptop,HP Spectre x360,Apple,2,795.7,0.23,0.18,1445.95,UPI,In-Store,EMP487,1,0,Standard,8,GBP
ORD136074,25-10-2024,BR11,India,Mumbai,CUST5674,PROD123,TV,LG OLED 48,Lenovo,1,1805.68,0.1,0.18,1917.63,UPI,In-Store,EMP911,1,1,Standard,3,AED
ORD136075,01-11-2023,BR10,India,Bangalore,CUST3792,PROD476,TV,LG OLED 48,OnePlus,1,979.92,0.08,0.18,1063.8,Net Banking,Online,EMP274,0,1,Express,1,EUR
ORD136076,02-03-2023,BR85,USA,Dallas,CUST6259,PROD880,Tablet,Samsung Galaxy Tab,Apple,1,1244.64,0.03,0.18,1424.61,Debit Card,Online,EMP837,1,1,Same Day,9,GBP
ORD136077,16-01-2023,BR105,UK,London,CUST6674,PROD136,Laptop,Dell XPS 13,HP,2,1164.29,0.26,0.18,2033.32,UPI,Online,EMP667,3,1,Express,5,USD
ORD136078,05-10-2023,BR78,USA,Los Angeles,CUST4272,PROD491,Accessories,Keyboard,HP,4,262.49,0.16,0.18,1040.72,Credit Card,In-Store,EMP623,1,1,Same Day,10,EUR
ORD136079,01-11-2023,BR17,UK,London,CUST8193,PROD527,Tablet,iPad Air,Dell,2,1222.13,0.23,0.18,2220.85,Cash,Online,EMP531,3,0,Express,10,GBP
ORD136080,02-01-2023,BR46,Germany,Hamburg,CUST9249,PROD635,TV,Samsung QLED 50,Sony,1,1574.63,0.25,0.18,1393.55,UPI,In-Store,EMP681,0,1,Same Day,2,EUR
ORD136081,15-04-2023,BR14,UK,London,CUST1856,PROD756,TV,Sony Bravia 55,Apple,1,1461.14,0.16,0.18,1448.28,Net Banking,Online,EMP914,3,0,Standard,3,INR
ORD136082,07-08-2023,BR9,UK,Manchester,CUST3589,PROD240,TV,Sony Bravia 55,OnePlus,3,407.03,0.04,0.18,1383.25,Net Banking,Online,EMP398,0,0,Same Day,4,AED
ORD136083,19-11-2023,BR87,UK,Birmingham,CUST9478,PROD545,TV,LG OLED 48,Dell,5,529.24,0.1,0.18,2810.26,Cash,Online,EMP949,1,0,Standard,4,INR
ORD136084,12-06-2023,BR42,India,Pune,CUST6238,PROD844,Tablet,Lenovo Tab P11,HP,2,1749.43,0.23,0.18,3179.06,Credit Card,In-Store,EMP432,1,1,Express,6,EUR
ORD136085,11-01-2023,BR71,Germany,Munich,CUST7845,PROD733,Tablet,Samsung Galaxy Tab,Samsung,2,88.4,0,0.18,208.62,Cash,Online,EMP852,2,0,Same Day,10,GBP
ORD136086,31-05-2023,BR109,UAE,Abu Dhabi,CUST6153,PROD557,TV,Samsung QLED 50,Apple,2,1866.41,0.21,0.18,3479.73,Cash,Online,EMP834,0,1,Express,7,AED
ORD136087,03-10-2024,BR18,USA,New York,CUST9747,PROD132,Mobile,Samsung Galaxy S23,OnePlus,5,1378.6,0.29,0.18,5774.96,Net Banking,Online,EMP747,0,1,Express,7,EUR
ORD136088,27-12-2023,BR68,UAE,Dubai,CUST2276,PROD319,Tablet,Lenovo Tab P11,Sony,2,613.64,0.05,0.18,1375.78,UPI,Online,EMP874,3,1,Same Day,4,GBP
ORD136089,16-07-2024,BR29,UAE,Abu Dhabi,CUST3299,PROD993,Tablet,Lenovo Tab P11,Apple,2,1064.8,0.01,0.18,2487.8,Cash,Online,EMP761,0,0,Standard,5,EUR
ORD136090,19-11-2024,BR63,UAE,Abu Dhabi,CUST2105,PROD389,Mobile,OnePlus 11,LG,4,1445.05,0.1,0.18,6138.57,Debit Card,Online,EMP932,3,0,Same Day,4,GBP
ORD136091,20-01-2023,BR111,UK,London,CUST2166,PROD634,Accessories,Bluetooth Headphones,Dell,2,1796.2,0.12,0.18,3730.35,Credit Card,Online,EMP281,1,0,Standard,9,USD
ORD136092,16-01-2023,BR60,India,Delhi,CUST9382,PROD177,Accessories,Bluetooth Headphones,OnePlus,5,1628.5,0.03,0.18,9319.91,Cash,Online,EMP718,2,1,Express,2,INR
ORD136093,25-09-2024,BR35,UAE,Abu Dhabi,CUST2395,PROD182,Accessories,Bluetooth Headphones,HP,1,333.72,0.28,0.18,283.53,Debit Card,Online,EMP288,0,0,Same Day,4,EUR
ORD136094,07-05-2024,BR114,India,Delhi,CUST5819,PROD536,Accessories,Wireless Mouse,Apple,1,282.97,0.19,0.18,270.46,Cash,Online,EMP738,3,1,Express,9,AED
ORD136095,20-06-2023,BR22,India,Bangalore,CUST2359,PROD814,TV,Sony Bravia 55,LG,5,1151.67,0.11,0.18,6047.42,UPI,In-Store,EMP594,1,0,Same Day,9,USD
ORD136096,01-05-2024,BR118,USA,Chicago,CUST5662,PROD899,Mobile,iPhone 14,HP,4,1335.07,0.29,0.18,4474.09,Debit Card,Online,EMP833,0,0,Express,8,INR
ORD136097,11-06-2024,BR86,UAE,Dubai,CUST8418,PROD243,Accessories,Wireless Mouse,Apple,2,130.37,0.1,0.18,276.91,Net Banking,In-Store,EMP395,3,1,Standard,1,EUR
ORD136098,21-09-2023,BR90,Germany,Berlin,CUST2974,PROD923,Tablet,iPad Air,Dell,2,1392.72,0.25,0.18,2465.11,Credit Card,Online,EMP502,0,0,Express,5,EUR
ORD136099,06-08-2024,BR100,India,Bangalore,CUST2588,PROD877,TV,Samsung QLED 50,OnePlus,4,964.43,0.26,0.18,3368.56,Net Banking,Online,EMP602,2,0,Express,9,INR
ORD136100,01-04-2023,BR46,UK,Birmingham,CUST4211,PROD855,Mobile,Samsung Galaxy S23,Sony,5,510.42,0.02,0.18,2951.25,UPI,In-Store,EMP847,1,1,Express,10,AED
ORD136101,17-03-2023,BR21,USA,Dallas,CUST2782,PROD970,TV,Samsung QLED 50,Sony,5,421.48,0.15,0.18,2113.72,Net Banking,Online,EMP904,3,1,Express,2,EUR
ORD136102,04-10-2024,BR71,Germany,Munich,CUST9745,PROD428,TV,LG OLED 48,HP,2,1164.67,0.19,0.18,2226.38,Cash,Online,EMP433,1,1,Same Day,5,USD
ORD136103,07-06-2023,BR6,UK,Manchester,CUST9262,PROD925,TV,LG OLED 48,Samsung,4,758.54,0.27,0.18,2613.63,Debit Card,In-Store,EMP990,3,0,Standard,1,GBP
ORD136104,21-01-2024,BR83,UK,London,CUST5525,PROD455,TV,Sony Bravia 55,HP,1,1439.56,0,0.18,1698.68,Debit Card,In-Store,EMP995,3,1,Express,3,USD
ORD136105,30-04-2023,BR55,Germany,Berlin,CUST1512,PROD257,Laptop,MacBook Air M2,HP,1,607.72,0.03,0.18,695.6,Credit Card,In-Store,EMP306,0,0,Express,3,GBP
ORD136106,23-04-2023,BR7,UAE,Dubai,CUST5569,PROD990,TV,Sony Bravia 55,Samsung,4,1595.36,0.19,0.18,6099.38,Net Banking,Online,EMP967,0,0,Express,2,GBP
ORD136107,10-08-2024,BR89,India,Delhi,CUST2477,PROD859,Laptop,MacBook Air M2,HP,1,1291.03,0.24,0.18,1157.8,Cash,In-Store,EMP508,0,0,Express,9,AED
ORD136108,22-09-2024,BR62,India,Pune,CUST2338,PROD797,Tablet,Samsung Galaxy Tab,Lenovo,1,747.76,0.16,0.18,741.18,Debit Card,In-Store,EMP982,2,0,Standard,4,GBP
ORD136109,02-10-2023,BR61,Germany,Hamburg,CUST7720,PROD923,TV,Sony Bravia 55,LG,1,412.92,0.25,0.18,365.43,Credit Card,Online,EMP495,1,1,Express,6,INR
ORD136110,24-02-2023,BR38,India,Delhi,CUST9506,PROD198,TV,Sony Bravia 55,OnePlus,3,76.24,0.17,0.18,224.01,Debit Card,Online,EMP628,0,1,Express,9,AED
ORD136111,18-10-2024,BR80,UK,Manchester,CUST5234,PROD306,TV,Samsung QLED 50,Lenovo,1,1206.84,0.11,0.18,1267.42,Credit Card,Online,EMP491,1,0,Express,2,USD
ORD136112,22-08-2024,BR103,Germany,Berlin,CUST1463,PROD714,TV,Samsung QLED 50,Samsung,1,256.53,0.23,0.18,233.08,Debit Card,Online,EMP922,0,0,Standard,5,USD
ORD136113,23-11-2024,BR29,India,Mumbai,CUST4396,PROD963,Accessories,Wireless Mouse,Sony,3,962.63,0.25,0.18,2555.78,Net Banking,In-Store,EMP608,3,0,Standard,7,AED
ORD136114,02-08-2024,BR111,USA,Dallas,CUST3886,PROD802,TV,LG OLED 48,Samsung,1,490.23,0.05,0.18,549.55,Debit Card,In-Store,EMP422,2,0,Express,3,INR
ORD136115,05-10-2024,BR80,UAE,Abu Dhabi,CUST6529,PROD290,Laptop,HP Spectre x360,Dell,2,1099.71,0.18,0.18,2128.16,Credit Card,In-Store,EMP909,3,1,Same Day,2,EUR
ORD136116,07-10-2024,BR96,UAE,Abu Dhabi,CUST6983,PROD450,Mobile,OnePlus 11,Dell,2,214.72,0.21,0.18,400.32,Net Banking,In-Store,EMP739,3,0,Same Day,9,AED
ORD136117,02-05-2024,BR13,India,Delhi,CUST1508,PROD556,Tablet,iPad Air,Samsung,4,1705.35,0.03,0.18,7807.77,UPI,Online,EMP944,2,1,Express,1,EUR
ORD136118,31-08-2024,BR82,Germany,Berlin,CUST6930,PROD189,Laptop,MacBook Air M2,Apple,3,262.66,0.28,0.18,669.47,Net Banking,Online,EMP633,2,0,Standard,2,EUR
ORD136119,03-03-2023,BR10,India,Pune,CUST8597,PROD468,Accessories,Keyboard,HP,3,1474.9,0.02,0.18,5116.72,Credit Card,Online,EMP866,3,1,Standard,3,AED
ORD136120,18-08-2024,BR12,USA,Chicago,CUST6110,PROD894,Accessories,Keyboard,Apple,2,764.77,0.18,0.18,1479.98,Debit Card,Online,EMP274,0,0,Express,4,GBP
ORD136121,31-08-2023,BR67,India,Mumbai,CUST8020,PROD887,Mobile,OnePlus 11,Lenovo,4,1353.73,0.05,0.18,6070.13,Cash,Online,EMP467,1,1,Same Day,9,EUR
ORD136122,26-08-2024,BR45,UK,Birmingham,CUST7586,PROD448,Tablet,iPad Air,Sony,2,1300.88,0.18,0.18,2517.46,Net Banking,Online,EMP249,3,1,Express,4,GBP
ORD136123,02-02-2024,BR82,UAE,Abu Dhabi,CUST3592,PROD198,Mobile,iPhone 14,Dell,4,1487.03,0.19,0.18,5685.21,UPI,Online,EMP828,1,0,Express,4,EUR
ORD136124,13-12-2023,BR103,USA,Dallas,CUST6906,PROD975,Laptop,MacBook Air M2,Sony,2,782.66,0.27,0.18,1348.37,Cash,Online,EMP596,1,1,Standard,9,INR
ORD136125,24-02-2024,BR58,USA,Chicago,CUST5672,PROD837,TV,LG OLED 48,Samsung,3,148.26,0.18,0.18,430.37,UPI,Online,EMP640,0,1,Standard,3,GBP
ORD136126,18-09-2024,BR92,India,Pune,CUST5716,PROD274,Accessories,Keyboard,Sony,4,1960.38,0.11,0.18,8235.16,Cash,In-Store,EMP279,3,1,Standard,2,USD
ORD136127,19-02-2023,BR40,India,Mumbai,CUST9734,PROD553,TV,LG OLED 48,HP,2,440.85,0.16,0.18,873.94,Debit Card,Online,EMP685,1,1,Same Day,1,GBP
ORD136128,16-10-2024,BR81,UAE,Dubai,CUST9563,PROD859,Laptop,MacBook Air M2,Samsung,2,277.01,0.2,0.18,522.99,UPI,In-Store,EMP250,1,1,Standard,3,AED
ORD136129,27-02-2023,BR91,Germany,Munich,CUST3751,PROD975,Mobile,Samsung Galaxy S23,Dell,5,1308.88,0.21,0.18,6100.69,Net Banking,Online,EMP370,3,0,Express,6,USD
ORD136130,02-12-2023,BR57,Germany,Hamburg,CUST7321,PROD426,Laptop,Dell XPS 13,OnePlus,4,1141.92,0.04,0.18,5174.27,Cash,Online,EMP683,0,0,Express,2,INR
ORD136131,05-10-2023,BR14,India,Pune,CUST5063,PROD826,Accessories,Bluetooth Headphones,Lenovo,3,1931.42,0.07,0.18,6358.62,UPI,In-Store,EMP420,1,1,Standard,7,INR
ORD136132,28-06-2024,BR98,Germany,Berlin,CUST1811,PROD573,Mobile,OnePlus 11,OnePlus,1,1527.02,0.08,0.18,1657.73,Cash,In-Store,EMP850,2,0,Same Day,3,GBP
ORD136133,02-03-2024,BR109,India,Mumbai,CUST7576,PROD605,Laptop,MacBook Air M2,Lenovo,2,446.32,0.13,0.18,916.38,Credit Card,In-Store,EMP408,2,1,Standard,4,USD
ORD136134,29-09-2023,BR21,UAE,Abu Dhabi,CUST2960,PROD820,Tablet,iPad Air,Sony,1,526.13,0.16,0.18,521.5,UPI,In-Store,EMP613,2,1,Express,2,GBP
ORD136135,05-03-2023,BR54,India,Delhi,CUST7851,PROD852,Mobile,OnePlus 11,Lenovo,1,1494.19,0.03,0.18,1710.25,Cash,In-Store,EMP909,0,0,Express,6,AED
ORD136136,10-11-2023,BR57,Germany,Berlin,CUST2808,PROD200,Tablet,Samsung Galaxy Tab,Lenovo,4,555.14,0.22,0.18,2043.8,Credit Card,Online,EMP626,1,1,Standard,4,USD
ORD136137,05-04-2023,BR9,USA,Dallas,CUST5267,PROD218,Tablet,Samsung Galaxy Tab,Samsung,1,1609.41,0.16,0.18,1595.25,Cash,In-Store,EMP929,1,1,Standard,8,USD
ORD136138,02-09-2023,BR28,Germany,Munich,CUST1066,PROD972,TV,LG OLED 48,Dell,5,1219.86,0.26,0.18,5325.91,Debit Card,In-Store,EMP991,2,1,Express,8,AED
ORD136139,15-07-2024,BR99,UK,London,CUST5295,PROD990,Tablet,iPad Air,Sony,3,1524.19,0.26,0.18,3992.77,Net Banking,Online,EMP636,3,1,Standard,10,INR
ORD136140,23-03-2023,BR29,UK,London,CUST3437,PROD402,Tablet,iPad Air,OnePlus,4,591.14,0.21,0.18,2204.24,Debit Card,In-Store,EMP434,0,1,Express,2,INR
ORD136141,29-05-2023,BR107,India,Mumbai,CUST1856,PROD908,TV,Sony Bravia 55,Dell,1,1871.55,0.1,0.18,1987.59,Cash,In-Store,EMP940,2,1,Express,3,USD
ORD136142,14-05-2024,BR51,Germany,Munich,CUST8060,PROD948,Laptop,Dell XPS 13,LG,5,73.4,0.23,0.18,333.46,Credit Card,In-Store,EMP687,3,1,Standard,8,EUR
ORD136143,28-09-2024,BR67,USA,Chicago,CUST1512,PROD946,Mobile,Samsung Galaxy S23,HP,3,1161.71,0.16,0.18,3454.46,Credit Card,In-Store,EMP649,1,0,Same Day,8,GBP
ORD136144,09-12-2024,BR30,UAE,Dubai,CUST6192,PROD432,Laptop,HP Spectre x360,Samsung,5,85.84,0.24,0.18,384.91,UPI,In-Store,EMP689,1,0,Express,4,EUR
ORD136145,12-07-2024,BR41,USA,Chicago,CUST3556,PROD973,TV,Samsung QLED 50,OnePlus,3,1356.95,0.17,0.18,3986.99,UPI,In-Store,EMP830,2,0,Standard,10,INR
ORD136146,03-07-2024,BR82,UAE,Abu Dhabi,CUST7620,PROD572,TV,Samsung QLED 50,OnePlus,3,865.26,0.06,0.18,2879.24,UPI,In-Store,EMP245,1,1,Same Day,2,GBP
ORD136147,11-06-2024,BR95,India,Delhi,CUST2088,PROD646,Accessories,Bluetooth Headphones,Lenovo,3,891.18,0.05,0.18,2997.04,Net Banking,Online,EMP647,0,1,Standard,5,AED
ORD136148,10-09-2024,BR18,USA,Dallas,CUST2026,PROD471,TV,Samsung QLED 50,Dell,1,792.59,0.27,0.18,682.74,UPI,In-Store,EMP836,1,1,Standard,2,INR
ORD136149,18-01-2023,BR87,Germany,Munich,CUST5506,PROD720,Laptop,Dell XPS 13,Lenovo,1,1751.03,0.25,0.18,1549.66,Cash,In-Store,EMP395,1,1,Express,2,GBP
ORD136150,20-02-2024,BR51,UK,Manchester,CUST3668,PROD287,TV,Sony Bravia 55,OnePlus,4,1852.87,0.19,0.18,7083.89,Debit Card,Online,EMP538,3,0,Express,4,AED
ORD136151,18-11-2023,BR44,India,Delhi,CUST8263,PROD828,Mobile,iPhone 14,LG,5,1987.05,0.27,0.18,8558.22,UPI,Online,EMP884,2,0,Same Day,8,EUR
ORD136152,06-04-2023,BR108,Germany,Hamburg,CUST7732,PROD997,Tablet,iPad Air,Samsung,5,1045.7,0.14,0.18,5305.88,Debit Card,In-Store,EMP398,3,0,Same Day,1,USD
ORD136153,13-12-2024,BR25,USA,Chicago,CUST8067,PROD304,TV,Samsung QLED 50,Lenovo,3,464.48,0.24,0.18,1249.64,Cash,Online,EMP831,1,0,Standard,4,GBP
ORD136154,24-11-2023,BR103,USA,Los Angeles,CUST4749,PROD341,Laptop,Dell XPS 13,Dell,5,1941.6,0.26,0.18,8477.03,Net Banking,In-Store,EMP552,0,1,Express,4,EUR
ORD136155,06-03-2023,BR116,Germany,Munich,CUST9635,PROD995,Mobile,Samsung Galaxy S23,Lenovo,5,864.87,0.2,0.18,4082.19,UPI,Online,EMP764,3,1,Standard,2,GBP
ORD136156,16-07-2023,BR34,India,Delhi,CUST2901,PROD860,Tablet,iPad Air,Lenovo,4,1851.66,0.03,0.18,8477.64,Net Banking,In-Store,EMP476,2,0,Express,3,USD
ORD136157,26-09-2023,BR49,UAE,Abu Dhabi,CUST6938,PROD435,Accessories,Keyboard,Sony,3,1901.29,0.16,0.18,5653.68,Credit Card,In-Store,EMP961,0,1,Standard,7,EUR
ORD136158,24-11-2023,BR45,India,Delhi,CUST9710,PROD360,Mobile,OnePlus 11,OnePlus,2,1654.07,0.09,0.18,3552.28,UPI,In-Store,EMP969,1,1,Standard,6,USD
ORD136159,10-12-2023,BR112,UAE,Dubai,CUST2477,PROD632,Tablet,iPad Air,HP,2,214.69,0.16,0.18,425.6,Cash,In-Store,EMP908,3,0,Same Day,2,EUR
ORD136160,22-05-2024,BR116,Germany,Munich,CUST6463,PROD401,Mobile,iPhone 14,Apple,4,1425.88,0.26,0.18,4980.31,UPI,In-Store,EMP641,0,0,Express,4,AED
ORD136161,11-03-2023,BR109,UK,Manchester,CUST3549,PROD470,Tablet,Samsung Galaxy Tab,Dell,1,1696.42,0.3,0.18,1401.24,UPI,In-Store,EMP594,0,1,Express,1,USD
ORD136162,29-10-2023,BR120,UK,Birmingham,CUST2571,PROD633,Tablet,Samsung Galaxy Tab,OnePlus,5,473.99,0.02,0.18,2740.61,Debit Card,Online,EMP897,3,1,Same Day,6,AED
ORD136163,18-05-2023,BR117,Germany,Munich,CUST1745,PROD642,Tablet,Lenovo Tab P11,Samsung,4,439.08,0.15,0.18,1761.59,Debit Card,Online,EMP787,3,0,Standard,1,GBP
ORD136164,06-03-2023,BR19,Germany,Berlin,CUST1184,PROD759,Tablet,Samsung Galaxy Tab,Samsung,5,53.81,0.04,0.18,304.78,Credit Card,In-Store,EMP648,3,1,Express,1,EUR
ORD136165,16-05-2024,BR52,Germany,Munich,CUST4073,PROD137,Mobile,OnePlus 11,HP,2,376.34,0.05,0.18,843.75,Net Banking,Online,EMP715,0,0,Standard,6,GBP
ORD136166,09-09-2023,BR104,Germany,Munich,CUST6449,PROD672,Laptop,MacBook Air M2,Lenovo,2,1634.79,0.24,0.18,2932.16,Credit Card,Online,EMP769,3,0,Same Day,3,GBP
ORD136167,13-03-2024,BR107,UAE,Dubai,CUST7319,PROD450,Mobile,Samsung Galaxy S23,HP,4,1106.78,0.26,0.18,3865.76,Net Banking,Online,EMP554,0,0,Same Day,2,GBP
ORD136168,28-12-2023,BR40,UK,London,CUST6414,PROD323,Accessories,Bluetooth Headphones,Lenovo,3,984.12,0.04,0.18,3344.43,UPI,Online,EMP679,3,1,Standard,5,USD
ORD136169,27-04-2024,BR85,India,Bangalore,CUST5064,PROD915,Mobile,iPhone 14,Lenovo,4,735.25,0.06,0.18,3262.16,Credit Card,Online,EMP662,1,1,Express,6,AED
ORD136170,21-08-2024,BR84,Germany,Berlin,CUST2980,PROD154,Laptop,Dell XPS 13,LG,3,897.53,0.16,0.18,2668.9,Debit Card,Online,EMP745,0,0,Standard,4,GBP
ORD136171,09-12-2023,BR110,UK,London,CUST6347,PROD987,Laptop,Dell XPS 13,Lenovo,4,1166.62,0.04,0.18,5286.19,Cash,Online,EMP494,1,1,Express,5,AED
ORD136172,06-02-2024,BR60,UK,Birmingham,CUST9569,PROD508,Accessories,Keyboard,Lenovo,4,1477.11,0.26,0.18,5159.25,Debit Card,In-Store,EMP424,3,1,Same Day,7,INR
ORD136173,30-04-2023,BR64,Germany,Berlin,CUST9810,PROD967,Mobile,OnePlus 11,OnePlus,4,1227.69,0.17,0.18,4809.6,UPI,In-Store,EMP888,3,0,Standard,1,AED
ORD136174,28-03-2024,BR73,India,Pune,CUST1954,PROD348,Tablet,Lenovo Tab P11,Samsung,4,1651.79,0.01,0.18,7718.48,Cash,Online,EMP757,3,0,Express,5,INR
ORD136175,27-05-2023,BR39,UAE,Abu Dhabi,CUST1425,PROD143,Accessories,Bluetooth Headphones,OnePlus,2,1097.1,0.28,0.18,1864.19,Net Banking,In-Store,EMP610,3,1,Express,6,EUR
ORD136176,06-07-2023,BR110,UK,London,CUST8846,PROD893,Mobile,Samsung Galaxy S23,Sony,1,861.81,0.15,0.18,864.4,UPI,Online,EMP736,2,1,Same Day,8,INR
ORD136177,02-10-2024,BR70,USA,New York,CUST5455,PROD456,Tablet,Samsung Galaxy Tab,Sony,2,1816.88,0.12,0.18,3773.3,Credit Card,In-Store,EMP653,2,1,Same Day,3,EUR
ORD136178,20-04-2023,BR28,UK,Birmingham,CUST7821,PROD630,Accessories,Keyboard,OnePlus,5,1657.35,0.14,0.18,8409.39,Cash,In-Store,EMP853,0,0,Express,1,GBP
ORD136179,30-06-2023,BR50,UAE,Dubai,CUST5120,PROD199,Accessories,Keyboard,Sony,4,1532.81,0.26,0.18,5353.8,Credit Card,Online,EMP739,2,0,Standard,4,AED
ORD136180,16-11-2024,BR66,USA,New York,CUST8624,PROD867,TV,LG OLED 48,OnePlus,3,378.06,0.13,0.18,1164.35,UPI,Online,EMP825,2,0,Same Day,3,EUR
ORD136181,15-12-2023,BR14,Germany,Berlin,CUST5661,PROD867,Laptop,HP Spectre x360,Dell,5,114.23,0.13,0.18,586.34,Credit Card,Online,EMP900,3,0,Same Day,7,EUR
ORD136182,26-05-2023,BR48,Germany,Berlin,CUST7982,PROD174,TV,Sony Bravia 55,LG,3,189.54,0.22,0.18,523.36,UPI,In-Store,EMP568,2,0,Express,5,EUR
ORD136183,01-05-2023,BR87,Germany,Munich,CUST8434,PROD428,TV,Sony Bravia 55,HP,5,1840.95,0.27,0.18,7928.97,Cash,In-Store,EMP214,1,1,Express,9,USD
ORD136184,07-08-2024,BR46,UAE,Dubai,CUST4462,PROD487,Accessories,Wireless Mouse,HP,3,530.75,0.14,0.18,1615.82,Net Banking,In-Store,EMP860,3,0,Express,2,USD
ORD136185,15-04-2023,BR33,Germany,Munich,CUST5321,PROD381,Mobile,OnePlus 11,Samsung,4,74.11,0.25,0.18,262.35,UPI,In-Store,EMP939,2,1,Standard,2,AED
ORD136186,30-03-2023,BR84,USA,Chicago,CUST2938,PROD237,TV,Samsung QLED 50,Sony,5,1820.72,0.17,0.18,8916.07,Credit Card,Online,EMP391,0,0,Express,7,EUR
ORD136187,05-11-2024,BR2,India,Delhi,CUST9211,PROD928,Accessories,Keyboard,Apple,5,1733.61,0.1,0.18,9205.47,Net Banking,Online,EMP225,3,1,Same Day,7,EUR
ORD136188,21-02-2023,BR19,India,Pune,CUST5246,PROD591,Tablet,Samsung Galaxy Tab,Dell,2,954.32,0.09,0.18,2049.5,Credit Card,In-Store,EMP374,1,0,Same Day,8,INR
ORD136189,05-04-2023,BR37,India,Pune,CUST7822,PROD838,Laptop,HP Spectre x360,Dell,5,189.64,0.04,0.18,1074.12,Debit Card,In-Store,EMP733,1,1,Express,8,AED
ORD136190,11-11-2024,BR89,USA,Dallas,CUST5546,PROD638,Mobile,OnePlus 11,Dell,4,857.81,0.3,0.18,2834.2,Debit Card,In-Store,EMP915,1,1,Standard,6,AED
ORD136191,05-03-2024,BR75,UAE,Dubai,CUST6019,PROD655,Mobile,Samsung Galaxy S23,Apple,2,1793.47,0.19,0.18,3428.4,Debit Card,Online,EMP841,1,1,Same Day,6,EUR
ORD136192,23-02-2023,BR32,India,Mumbai,CUST1541,PROD530,Laptop,MacBook Air M2,Samsung,3,1997.34,0.11,0.18,6292.82,Debit Card,In-Store,EMP758,1,0,Same Day,1,GBP
ORD136193,19-04-2024,BR62,UAE,Dubai,CUST3562,PROD634,TV,Sony Bravia 55,Lenovo,2,1441.5,0.29,0.18,2415.38,Credit Card,In-Store,EMP589,1,0,Same Day,5,GBP
ORD136194,22-03-2023,BR98,UAE,Abu Dhabi,CUST3647,PROD281,Mobile,iPhone 14,Apple,2,1865.22,0.27,0.18,3213.4,Debit Card,Online,EMP533,3,0,Standard,8,EUR
ORD136195,15-04-2023,BR55,UK,Birmingham,CUST3667,PROD691,Laptop,Dell XPS 13,Apple,5,214.48,0.29,0.18,898.46,Credit Card,In-Store,EMP256,2,0,Same Day,9,EUR
ORD136196,10-08-2023,BR19,UAE,Abu Dhabi,CUST8642,PROD522,TV,Sony Bravia 55,LG,5,709.81,0.25,0.18,3140.91,UPI,Online,EMP347,0,1,Express,1,EUR
ORD136197,18-05-2024,BR98,India,Bangalore,CUST1492,PROD918,TV,LG OLED 48,Samsung,4,958.63,0,0.18,4524.73,Cash,Online,EMP219,1,0,Standard,9,AED
ORD136198,17-03-2024,BR77,UAE,Dubai,CUST8992,PROD853,Tablet,Lenovo Tab P11,LG,2,776.27,0,0.18,1832,Debit Card,Online,EMP309,3,0,Standard,6,EUR
ORD136199,18-12-2023,BR76,Germany,Hamburg,CUST2573,PROD944,TV,Sony Bravia 55,Lenovo,5,1665.88,0.1,0.18,8845.82,Net Banking,In-Store,EMP794,0,1,Same Day,2,USD
ORD136200,22-12-2023,BR105,UK,London,CUST7520,PROD801,Accessories,Bluetooth Headphones,Sony,2,270.37,0.1,0.18,574.27,Cash,In-Store,EMP655,1,1,Standard,10,AED
ORD136201,23-03-2024,BR11,UK,Manchester,CUST1772,PROD594,TV,Samsung QLED 50,OnePlus,2,1732.28,0.24,0.18,3107.02,Credit Card,In-Store,EMP802,3,0,Same Day,5,EUR
ORD136202,27-01-2023,BR34,UK,London,CUST5992,PROD985,Tablet,iPad Air,OnePlus,4,357.82,0.15,0.18,1435.57,Net Banking,Online,EMP417,0,1,Express,6,AED
ORD136203,12-02-2023,BR79,UAE,Abu Dhabi,CUST3279,PROD729,TV,Sony Bravia 55,LG,3,121.09,0.04,0.18,411.51,Debit Card,In-Store,EMP217,3,1,Standard,2,INR
ORD136204,27-10-2023,BR75,USA,Chicago,CUST6901,PROD908,Mobile,iPhone 14,Sony,3,197.3,0.14,0.18,600.66,Net Banking,Online,EMP800,0,0,Express,5,INR
ORD136205,09-12-2023,BR40,India,Bangalore,CUST7051,PROD834,Tablet,Lenovo Tab P11,Lenovo,5,1085.3,0.04,0.18,6147.14,Net Banking,Online,EMP287,0,0,Express,5,GBP
ORD136206,30-08-2023,BR72,India,Bangalore,CUST5805,PROD781,Mobile,Samsung Galaxy S23,Lenovo,1,1696.07,0.12,0.18,1761.2,Debit Card,In-Store,EMP270,0,0,Same Day,10,AED
ORD136207,29-09-2023,BR55,Germany,Munich,CUST7126,PROD112,Accessories,Bluetooth Headphones,Apple,5,1233.3,0.24,0.18,5530.12,Credit Card,Online,EMP369,2,1,Express,9,USD
ORD136208,30-09-2023,BR4,UAE,Abu Dhabi,CUST6249,PROD784,Tablet,iPad Air,Apple,5,1689.26,0.27,0.18,7275.64,Credit Card,In-Store,EMP735,2,1,Express,4,INR
ORD136209,08-01-2024,BR60,UK,Manchester,CUST8239,PROD626,Tablet,iPad Air,LG,4,1439.57,0.24,0.18,5164.03,Credit Card,In-Store,EMP574,3,0,Same Day,3,AED
ORD136210,21-03-2023,BR38,USA,Chicago,CUST1994,PROD386,TV,LG OLED 48,HP,4,1039.2,0.14,0.18,4218.32,Cash,Online,EMP402,2,0,Same Day,4,INR
ORD136211,08-11-2024,BR76,UAE,Abu Dhabi,CUST9472,PROD545,Laptop,Dell XPS 13,LG,4,562.76,0.08,0.18,2443.73,Net Banking,In-Store,EMP493,1,0,Standard,3,INR
ORD136212,08-04-2023,BR10,USA,Los Angeles,CUST4273,PROD787,Mobile,Samsung Galaxy S23,HP,2,1052.51,0.05,0.18,2359.73,Debit Card,In-Store,EMP743,0,1,Express,7,AED
ORD136213,31-03-2023,BR48,USA,Dallas,CUST6660,PROD689,Mobile,Samsung Galaxy S23,Lenovo,5,1813.41,0.23,0.18,8238.32,Debit Card,In-Store,EMP955,2,0,Standard,2,GBP
ORD136214,28-11-2024,BR118,UAE,Dubai,CUST1618,PROD485,Mobile,iPhone 14,Sony,2,1730.79,0.19,0.18,3308.58,Credit Card,In-Store,EMP349,2,0,Express,6,USD
ORD136215,24-08-2023,BR69,USA,Chicago,CUST4531,PROD550,TV,Sony Bravia 55,OnePlus,5,1622.84,0.1,0.18,8617.28,UPI,Online,EMP512,0,1,Same Day,4,INR
ORD136216,19-09-2024,BR79,UK,London,CUST5036,PROD740,Mobile,iPhone 14,HP,5,890.61,0.04,0.18,5044.42,UPI,Online,EMP922,1,1,Same Day,7,INR
ORD136217,31-03-2023,BR3,USA,Chicago,CUST9920,PROD769,Laptop,MacBook Air M2,OnePlus,2,477,0.18,0.18,923.09,Credit Card,Online,EMP249,3,0,Standard,4,EUR
ORD136218,07-03-2024,BR26,India,Pune,CUST6572,PROD898,TV,Samsung QLED 50,OnePlus,5,421.21,0.01,0.18,2460.29,Debit Card,Online,EMP481,3,0,Standard,5,USD
ORD136219,04-04-2023,BR70,UAE,Dubai,CUST2188,PROD460,TV,Samsung QLED 50,LG,2,546.03,0.29,0.18,914.93,Cash,Online,EMP318,2,1,Same Day,1,GBP
ORD136220,18-01-2023,BR97,India,Delhi,CUST8480,PROD477,Accessories,Bluetooth Headphones,Samsung,3,434.34,0.25,0.18,1153.17,Net Banking,In-Store,EMP392,1,0,Same Day,10,GBP
ORD136221,04-05-2023,BR99,UK,London,CUST5262,PROD651,Laptop,Dell XPS 13,Samsung,4,772.91,0.11,0.18,3246.84,Cash,In-Store,EMP476,3,0,Same Day,3,GBP
ORD136222,20-03-2023,BR106,Germany,Munich,CUST9060,PROD744,Mobile,iPhone 14,Apple,4,276.79,0.02,0.18,1280.32,Debit Card,In-Store,EMP346,2,0,Express,3,AED
ORD136223,22-04-2023,BR73,India,Mumbai,CUST2999,PROD804,Accessories,Keyboard,Apple,3,1416.36,0.1,0.18,4512.52,Cash,In-Store,EMP588,0,0,Standard,7,INR
ORD136224,08-12-2023,BR29,India,Mumbai,CUST5921,PROD295,TV,Sony Bravia 55,Dell,4,1769.3,0.28,0.18,6012.79,Cash,Online,EMP427,3,1,Standard,10,GBP
ORD136225,27-04-2024,BR43,UAE,Abu Dhabi,CUST4183,PROD265,Accessories,Wireless Mouse,Apple,4,1566.67,0.01,0.18,7320.74,Credit Card,In-Store,EMP993,3,0,Same Day,2,GBP
ORD136226,11-10-2024,BR3,India,Mumbai,CUST6275,PROD825,TV,LG OLED 48,Sony,3,1780.83,0.24,0.18,4791.15,Net Banking,In-Store,EMP938,1,1,Express,6,AED
ORD136227,23-04-2023,BR91,India,Delhi,CUST1532,PROD826,TV,LG OLED 48,LG,1,1359.83,0.18,0.18,1315.77,Cash,In-Store,EMP364,2,1,Express,6,AED
ORD136228,30-07-2023,BR64,USA,Los Angeles,CUST2229,PROD674,Accessories,Bluetooth Headphones,Sony,2,1956.97,0.2,0.18,3694.76,Cash,Online,EMP541,0,1,Express,6,GBP
ORD136229,01-03-2024,BR81,UAE,Dubai,CUST4239,PROD400,Accessories,Keyboard,Lenovo,5,1967.59,0.2,0.18,9287.02,Net Banking,Online,EMP643,3,0,Standard,4,EUR
ORD136230,05-08-2023,BR83,Germany,Hamburg,CUST2253,PROD784,Accessories,Bluetooth Headphones,Dell,1,833.34,0.22,0.18,767.01,UPI,Online,EMP765,3,0,Standard,8,INR
ORD136231,20-10-2024,BR46,India,Mumbai,CUST2837,PROD125,Accessories,Bluetooth Headphones,Apple,1,1936.34,0.26,0.18,1690.81,Cash,Online,EMP892,3,0,Same Day,6,AED
ORD136232,05-05-2024,BR52,UAE,Dubai,CUST1977,PROD704,TV,Samsung QLED 50,HP,1,615.8,0.1,0.18,653.98,Cash,Online,EMP558,3,0,Standard,3,EUR
ORD136233,14-12-2023,BR33,USA,Los Angeles,CUST4789,PROD402,Accessories,Wireless Mouse,Lenovo,2,1003.28,0.27,0.18,1728.45,UPI,In-Store,EMP225,1,1,Express,5,USD
ORD136234,30-03-2024,BR88,Germany,Munich,CUST9249,PROD508,Laptop,Dell XPS 13,LG,5,1186,0.12,0.18,6157.71,Net Banking,Online,EMP575,1,1,Express,3,AED
ORD136235,04-06-2023,BR73,USA,Los Angeles,CUST2945,PROD467,Laptop,Dell XPS 13,OnePlus,3,815.71,0.15,0.18,2454.47,Cash,Online,EMP377,0,0,Same Day,4,AED
ORD136236,16-04-2023,BR41,India,Bangalore,CUST5966,PROD781,Mobile,iPhone 14,Lenovo,3,192.65,0.13,0.18,593.32,Cash,In-Store,EMP761,1,1,Same Day,2,AED
ORD136237,29-10-2024,BR45,Germany,Berlin,CUST4157,PROD600,Laptop,HP Spectre x360,Sony,2,1339.93,0,0.18,3162.23,UPI,Online,EMP870,2,0,Same Day,8,GBP
ORD136238,09-05-2024,BR112,USA,Los Angeles,CUST3672,PROD250,Tablet,iPad Air,Dell,2,375.99,0.01,0.18,878.46,UPI,In-Store,EMP581,3,1,Express,8,AED
ORD136239,15-04-2023,BR83,Germany,Berlin,CUST3275,PROD747,Mobile,iPhone 14,OnePlus,2,439.87,0.23,0.18,799.33,Cash,In-Store,EMP206,1,0,Same Day,10,EUR
ORD136240,13-10-2023,BR45,UAE,Dubai,CUST2389,PROD356,Laptop,MacBook Air M2,OnePlus,2,1454.86,0.01,0.18,3399.13,UPI,In-Store,EMP739,3,0,Same Day,6,GBP
ORD136241,31-01-2023,BR36,UK,London,CUST6181,PROD433,TV,Sony Bravia 55,Dell,5,618.9,0.08,0.18,3359.39,Net Banking,Online,EMP217,2,0,Standard,2,AED
ORD136242,29-04-2023,BR81,UK,London,CUST3782,PROD385,Tablet,Lenovo Tab P11,LG,2,258.69,0.28,0.18,439.57,Net Banking,In-Store,EMP429,2,0,Same Day,4,INR
ORD136243,16-05-2024,BR109,UAE,Dubai,CUST7778,PROD930,TV,Samsung QLED 50,Apple,5,232.24,0.04,0.18,1315.41,Cash,In-Store,EMP423,2,0,Express,7,AED
ORD136244,21-12-2024,BR110,UAE,Abu Dhabi,CUST3030,PROD634,Laptop,Dell XPS 13,HP,4,200.68,0.09,0.18,861.96,Debit Card,In-Store,EMP605,1,1,Same Day,8,INR
ORD136245,07-09-2023,BR109,UAE,Dubai,CUST6581,PROD342,Tablet,Lenovo Tab P11,Lenovo,1,123.49,0.06,0.18,136.98,Credit Card,In-Store,EMP321,2,1,Express,6,INR
ORD136246,15-05-2023,BR103,USA,Dallas,CUST9381,PROD270,Mobile,iPhone 14,Apple,3,164.55,0.07,0.18,541.73,Debit Card,In-Store,EMP486,3,0,Same Day,5,INR
ORD136247,20-08-2023,BR18,Germany,Berlin,CUST8997,PROD583,Mobile,iPhone 14,Lenovo,5,1698.51,0.28,0.18,7215.27,UPI,In-Store,EMP317,2,0,Standard,3,AED
ORD136248,15-08-2024,BR36,UK,Birmingham,CUST5980,PROD690,Tablet,iPad Air,Dell,5,1719.31,0.12,0.18,8926.66,Net Banking,In-Store,EMP681,2,0,Standard,10,USD
ORD136249,18-09-2023,BR114,Germany,Munich,CUST7937,PROD662,Accessories,Bluetooth Headphones,Lenovo,2,1863.3,0.2,0.18,3517.91,Net Banking,In-Store,EMP818,3,0,Standard,7,USD
ORD136250,10-04-2024,BR7,India,Delhi,CUST3945,PROD513,Accessories,Wireless Mouse,Sony,3,1445.04,0.27,0.18,3734.27,Net Banking,Online,EMP395,1,0,Same Day,10,USD
ORD136251,28-07-2024,BR32,India,Pune,CUST2855,PROD600,Tablet,Lenovo Tab P11,LG,1,499.01,0.04,0.18,565.28,Debit Card,Online,EMP571,3,0,Standard,8,INR
ORD136252,23-11-2023,BR11,UK,London,CUST3914,PROD328,Tablet,Lenovo Tab P11,Apple,5,357.08,0.29,0.18,1495.81,Credit Card,Online,EMP739,1,1,Standard,10,USD
ORD136253,22-03-2024,BR23,UK,London,CUST6370,PROD612,Accessories,Keyboard,HP,5,360.73,0.17,0.18,1766.49,UPI,Online,EMP531,0,1,Express,4,AED
ORD136254,12-02-2023,BR97,UAE,Abu Dhabi,CUST3038,PROD558,Laptop,MacBook Air M2,Dell,1,175.74,0.07,0.18,192.86,UPI,In-Store,EMP967,1,0,Standard,6,EUR
ORD136255,05-10-2024,BR25,India,Pune,CUST1922,PROD987,Laptop,HP Spectre x360,HP,5,1460.93,0.24,0.18,6550.81,Net Banking,Online,EMP785,2,1,Standard,7,EUR
ORD136256,24-02-2023,BR87,India,Mumbai,CUST6671,PROD355,Accessories,Bluetooth Headphones,OnePlus,1,1767.92,0.18,0.18,1710.64,Net Banking,Online,EMP388,1,1,Standard,5,GBP
ORD136257,01-09-2024,BR13,UAE,Dubai,CUST9141,PROD814,Mobile,iPhone 14,OnePlus,3,988.05,0.02,0.18,3427.74,Cash,In-Store,EMP993,3,1,Same Day,3,AED
ORD136258,06-09-2024,BR22,UAE,Dubai,CUST6583,PROD659,TV,LG OLED 48,OnePlus,2,100.82,0.02,0.18,233.18,Debit Card,Online,EMP800,0,0,Express,7,USD
ORD136259,19-12-2024,BR77,UK,London,CUST1276,PROD149,Accessories,Wireless Mouse,Sony,1,1933.52,0.07,0.18,2121.84,Credit Card,In-Store,EMP897,3,0,Express,10,EUR
ORD136260,21-04-2023,BR79,Germany,Berlin,CUST4870,PROD548,Mobile,Samsung Galaxy S23,Lenovo,1,1925.54,0.25,0.18,1704.1,Debit Card,In-Store,EMP369,0,0,Standard,10,AED
ORD136261,14-09-2024,BR102,UK,London,CUST7442,PROD386,Accessories,Wireless Mouse,OnePlus,5,276.98,0.27,0.18,1192.95,Debit Card,Online,EMP761,0,1,Same Day,3,GBP
ORD136262,30-09-2023,BR99,UAE,Dubai,CUST3333,PROD441,Tablet,Samsung Galaxy Tab,Sony,5,596.88,0.27,0.18,2570.76,Credit Card,In-Store,EMP844,1,1,Standard,10,GBP
ORD136263,20-12-2023,BR49,India,Mumbai,CUST6664,PROD330,TV,Sony Bravia 55,Apple,3,1890.09,0.28,0.18,4817.46,UPI,Online,EMP636,0,1,Express,2,USD
ORD136264,03-05-2023,BR119,UAE,Dubai,CUST9453,PROD184,Mobile,Samsung Galaxy S23,Samsung,5,1138.99,0.1,0.18,6048.04,Credit Card,In-Store,EMP219,2,0,Standard,10,GBP
ORD136265,14-11-2023,BR114,USA,Dallas,CUST1436,PROD445,Laptop,Dell XPS 13,Lenovo,2,729.74,0.28,0.18,1239.97,Debit Card,In-Store,EMP386,0,1,Express,5,EUR
ORD136266,20-12-2024,BR111,UK,London,CUST9487,PROD659,Mobile,iPhone 14,Apple,5,426.77,0.01,0.18,2492.76,Net Banking,Online,EMP358,3,1,Standard,5,GBP
ORD136267,13-12-2024,BR83,USA,New York,CUST5138,PROD711,Tablet,iPad Air,OnePlus,5,218.58,0.19,0.18,1044.59,Credit Card,In-Store,EMP239,2,0,Same Day,2,AED
ORD136268,30-01-2024,BR10,Germany,Munich,CUST7097,PROD658,Accessories,Bluetooth Headphones,Apple,4,1510.23,0.09,0.18,6486.74,Credit Card,In-Store,EMP986,2,0,Same Day,8,AED
ORD136269,24-10-2024,BR1,India,Bangalore,CUST5923,PROD468,Accessories,Keyboard,LG,5,454.66,0.05,0.18,2548.37,UPI,Online,EMP376,3,0,Same Day,1,USD
ORD136270,19-08-2023,BR96,USA,Los Angeles,CUST7993,PROD480,Mobile,OnePlus 11,OnePlus,5,1458.62,0.25,0.18,6454.39,Cash,Online,EMP872,0,1,Express,10,GBP
ORD136271,26-04-2024,BR101,UAE,Dubai,CUST9087,PROD271,Tablet,Samsung Galaxy Tab,Samsung,4,836.07,0.18,0.18,3235.93,Net Banking,Online,EMP221,0,0,Same Day,3,EUR
ORD136272,03-12-2023,BR66,UK,London,CUST7288,PROD818,TV,Samsung QLED 50,Samsung,3,787.14,0.24,0.18,2117.72,Debit Card,In-Store,EMP296,0,0,Standard,4,GBP
ORD136273,25-06-2024,BR35,UAE,Abu Dhabi,CUST6984,PROD600,Laptop,MacBook Air M2,Samsung,4,393.48,0.09,0.18,1690.08,Credit Card,Online,EMP520,1,0,Express,7,INR
ORD136274,06-11-2024,BR93,UAE,Abu Dhabi,CUST1390,PROD630,Accessories,Wireless Mouse,Dell,3,447.39,0.04,0.18,1520.41,Cash,In-Store,EMP991,3,0,Express,3,GBP
ORD136275,14-08-2024,BR60,USA,New York,CUST3809,PROD467,Accessories,Wireless Mouse,OnePlus,1,1509.66,0.07,0.18,1656.7,Credit Card,Online,EMP296,0,0,Standard,3,USD
ORD136276,27-11-2023,BR18,UAE,Abu Dhabi,CUST8050,PROD692,TV,LG OLED 48,Lenovo,5,1618.21,0.19,0.18,7733.43,Debit Card,In-Store,EMP430,0,1,Same Day,8,INR
ORD136277,31-03-2023,BR70,USA,Dallas,CUST3327,PROD953,Tablet,Lenovo Tab P11,Samsung,3,559.45,0.23,0.18,1524.95,Net Banking,In-Store,EMP746,2,1,Standard,7,EUR
ORD136278,04-05-2024,BR64,USA,Dallas,CUST6111,PROD214,Accessories,Bluetooth Headphones,Samsung,1,754.89,0.24,0.18,676.99,Cash,In-Store,EMP259,2,0,Same Day,8,USD
ORD136279,08-05-2023,BR67,USA,Dallas,CUST2376,PROD285,Tablet,iPad Air,Lenovo,3,1196.11,0.11,0.18,3768.46,Debit Card,In-Store,EMP898,3,0,Same Day,10,GBP
ORD136280,05-11-2024,BR87,USA,Los Angeles,CUST2873,PROD892,Laptop,Dell XPS 13,Dell,5,648.05,0.23,0.18,2944.09,Cash,Online,EMP548,3,0,Standard,8,AED
ORD136281,14-11-2023,BR98,UK,Birmingham,CUST6626,PROD879,Accessories,Keyboard,Samsung,1,61.6,0.28,0.18,52.34,Debit Card,Online,EMP451,2,0,Express,2,EUR
ORD136282,28-11-2023,BR32,USA,New York,CUST9118,PROD976,Accessories,Wireless Mouse,LG,1,1424.58,0.27,0.18,1227.13,Credit Card,Online,EMP335,3,1,Standard,9,AED
ORD136283,02-08-2023,BR102,India,Pune,CUST6056,PROD235,Tablet,Samsung Galaxy Tab,LG,5,114.68,0.23,0.18,520.99,Net Banking,In-Store,EMP238,1,0,Standard,4,GBP
ORD136284,27-09-2023,BR120,India,Mumbai,CUST9693,PROD457,Mobile,Samsung Galaxy S23,Dell,2,1540.03,0.03,0.18,3525.44,Cash,Online,EMP852,1,1,Standard,3,INR
ORD136285,29-05-2024,BR86,UK,London,CUST1506,PROD379,Laptop,Dell XPS 13,Apple,5,1779.98,0.3,0.18,7351.32,Cash,Online,EMP799,1,1,Standard,1,EUR
ORD136286,04-11-2024,BR41,USA,New York,CUST5883,PROD936,Tablet,Lenovo Tab P11,OnePlus,5,1318.5,0.27,0.18,5678.78,Debit Card,Online,EMP986,2,1,Standard,1,GBP
ORD136287,20-02-2023,BR1,USA,New York,CUST8562,PROD362,Mobile,OnePlus 11,Apple,5,1444.82,0.12,0.18,7501.51,Credit Card,Online,EMP848,2,1,Express,10,USD
ORD136288,08-01-2024,BR99,Germany,Hamburg,CUST3194,PROD359,Mobile,OnePlus 11,Lenovo,2,166.25,0.2,0.18,313.88,UPI,Online,EMP718,0,1,Same Day,3,EUR
ORD136289,04-04-2024,BR17,USA,Los Angeles,CUST6265,PROD448,Mobile,iPhone 14,LG,3,688.94,0.19,0.18,1975.47,UPI,In-Store,EMP559,2,0,Standard,8,EUR
ORD136290,24-01-2023,BR52,USA,Dallas,CUST9712,PROD635,Accessories,Wireless Mouse,Sony,3,669.2,0.29,0.18,1681.97,UPI,In-Store,EMP598,3,1,Same Day,6,EUR
ORD136291,23-03-2023,BR24,UAE,Abu Dhabi,CUST6940,PROD107,Mobile,iPhone 14,LG,1,1596.96,0.21,0.18,1488.69,Cash,Online,EMP812,3,1,Same Day,10,USD
ORD136292,17-12-2023,BR21,Germany,Munich,CUST1252,PROD921,Tablet,Samsung Galaxy Tab,OnePlus,4,699.74,0.05,0.18,3137.63,Cash,Online,EMP876,0,0,Express,6,AED
ORD136293,03-04-2023,BR61,India,Pune,CUST6812,PROD938,Tablet,iPad Air,Apple,5,1641.45,0.26,0.18,7166.57,Net Banking,Online,EMP608,2,1,Express,6,EUR
ORD136294,06-12-2024,BR16,Germany,Berlin,CUST6789,PROD483,Accessories,Bluetooth Headphones,OnePlus,4,415.91,0.05,0.18,1864.94,Debit Card,In-Store,EMP385,3,1,Same Day,3,EUR
ORD136295,22-02-2024,BR83,UAE,Abu Dhabi,CUST7136,PROD101,Tablet,iPad Air,Dell,5,838.28,0.23,0.18,3808.31,Debit Card,In-Store,EMP226,2,0,Express,1,EUR
ORD136296,19-07-2023,BR42,UAE,Dubai,CUST8640,PROD992,Mobile,Samsung Galaxy S23,Lenovo,1,786.15,0.25,0.18,695.74,Cash,In-Store,EMP811,2,1,Same Day,2,GBP
ORD136297,05-12-2024,BR23,India,Pune,CUST8424,PROD128,Accessories,Bluetooth Headphones,HP,3,343.83,0.29,0.18,864.18,UPI,Online,EMP805,0,0,Same Day,5,AED
ORD136298,04-06-2023,BR43,Germany,Munich,CUST6964,PROD355,Mobile,OnePlus 11,Dell,3,1337.97,0.18,0.18,3883.86,Credit Card,In-Store,EMP332,3,0,Standard,2,AED
ORD136299,09-03-2024,BR52,Germany,Hamburg,CUST8772,PROD994,Laptop,HP Spectre x360,Dell,4,1569.04,0.2,0.18,5924.7,Net Banking,In-Store,EMP815,3,0,Express,10,AED
ORD136300,12-09-2024,BR43,UK,Manchester,CUST2348,PROD163,TV,LG OLED 48,Lenovo,1,1795.21,0.19,0.18,1715.86,Debit Card,Online,EMP923,2,1,Standard,5,EUR
ORD136301,08-12-2024,BR10,UAE,Abu Dhabi,CUST3945,PROD772,TV,LG OLED 48,Sony,3,152.73,0.19,0.18,437.94,UPI,Online,EMP656,1,1,Standard,1,USD
ORD136302,27-07-2023,BR3,India,Mumbai,CUST7752,PROD934,Laptop,MacBook Air M2,LG,2,146.05,0.01,0.18,341.23,Cash,In-Store,EMP825,3,0,Standard,4,INR
ORD136303,05-03-2024,BR64,India,Bangalore,CUST2446,PROD567,Laptop,Dell XPS 13,Sony,5,1739.73,0.01,0.18,10161.76,Debit Card,Online,EMP838,3,1,Standard,8,USD
ORD136304,24-11-2023,BR61,UK,Birmingham,CUST5975,PROD717,TV,LG OLED 48,Samsung,5,1743.19,0.25,0.18,7713.62,Credit Card,Online,EMP290,2,1,Standard,7,GBP
ORD136305,05-06-2024,BR102,India,Delhi,CUST4461,PROD708,Tablet,iPad Air,Samsung,3,1473.77,0.25,0.18,3912.86,Debit Card,In-Store,EMP563,3,1,Standard,9,AED
ORD136306,13-06-2023,BR28,Germany,Berlin,CUST4121,PROD913,Tablet,Samsung Galaxy Tab,LG,2,1384.18,0.24,0.18,2482.67,Debit Card,Online,EMP379,0,1,Express,7,EUR
ORD136307,26-08-2024,BR18,USA,Dallas,CUST6465,PROD827,Tablet,Lenovo Tab P11,Lenovo,3,66.7,0.16,0.18,198.34,Cash,Online,EMP570,1,1,Same Day,7,EUR
ORD136308,18-04-2024,BR57,India,Mumbai,CUST1174,PROD362,TV,Sony Bravia 55,OnePlus,5,1951.57,0.22,0.18,8981.13,Cash,In-Store,EMP505,3,1,Express,2,AED
ORD136309,21-11-2024,BR11,Germany,Munich,CUST4455,PROD208,Tablet,Samsung Galaxy Tab,LG,5,838.83,0.22,0.18,3860.3,Credit Card,Online,EMP461,0,0,Standard,7,INR
ORD136310,10-08-2024,BR55,India,Mumbai,CUST6372,PROD260,Mobile,OnePlus 11,Lenovo,1,1045.9,0.1,0.18,1110.75,Debit Card,In-Store,EMP957,0,0,Express,6,INR
ORD136311,07-06-2023,BR48,USA,Los Angeles,CUST1291,PROD491,Accessories,Bluetooth Headphones,OnePlus,4,1442.98,0.13,0.18,5925.45,Debit Card,Online,EMP879,1,1,Standard,10,EUR
ORD136312,23-02-2023,BR30,UK,London,CUST7594,PROD135,Tablet,Samsung Galaxy Tab,OnePlus,4,725.27,0.1,0.18,3080.95,Credit Card,Online,EMP517,0,0,Standard,5,INR
ORD136313,17-09-2024,BR97,USA,New York,CUST6590,PROD862,Tablet,iPad Air,OnePlus,1,1869.56,0.07,0.18,2051.66,Credit Card,Online,EMP318,1,0,Same Day,3,AED
ORD136314,25-10-2024,BR9,India,Mumbai,CUST5700,PROD580,Mobile,OnePlus 11,Samsung,2,1627.43,0.2,0.18,3072.59,UPI,In-Store,EMP415,1,0,Standard,3,INR
ORD136315,01-12-2023,BR44,UAE,Abu Dhabi,CUST9338,PROD372,Tablet,Samsung Galaxy Tab,Lenovo,5,429.48,0.18,0.18,2077.82,Net Banking,Online,EMP955,2,0,Express,3,AED
ORD136316,16-06-2023,BR110,Germany,Hamburg,CUST6132,PROD595,Laptop,MacBook Air M2,Samsung,4,304.23,0.25,0.18,1076.97,Cash,In-Store,EMP585,3,1,Same Day,7,USD
ORD136317,14-05-2024,BR107,Germany,Munich,CUST2912,PROD558,Laptop,Dell XPS 13,Samsung,2,409.07,0.13,0.18,839.9,UPI,Online,EMP722,0,0,Standard,7,INR
ORD136318,01-09-2023,BR42,UAE,Dubai,CUST7749,PROD644,Mobile,Samsung Galaxy S23,LG,3,254.99,0.27,0.18,658.95,Cash,In-Store,EMP936,2,0,Same Day,6,INR
ORD136319,22-12-2023,BR47,UAE,Dubai,CUST5899,PROD780,Mobile,OnePlus 11,HP,5,1534.06,0.12,0.18,7964.84,Debit Card,In-Store,EMP822,2,1,Same Day,2,USD
ORD136320,04-09-2024,BR95,India,Delhi,CUST1391,PROD544,Tablet,Samsung Galaxy Tab,Sony,1,1277.45,0.17,0.18,1251.13,Debit Card,Online,EMP793,3,1,Standard,1,GBP
ORD136321,01-06-2023,BR84,UAE,Abu Dhabi,CUST1040,PROD314,Laptop,Dell XPS 13,Dell,1,1610.02,0.24,0.18,1443.87,Credit Card,In-Store,EMP669,1,1,Express,1,GBP
ORD136322,17-02-2024,BR10,USA,New York,CUST2012,PROD373,TV,Sony Bravia 55,Samsung,4,1978.76,0.06,0.18,8779.36,Debit Card,In-Store,EMP669,3,1,Standard,3,GBP
ORD136323,26-05-2023,BR77,UAE,Dubai,CUST8733,PROD912,TV,LG OLED 48,OnePlus,2,104.8,0.17,0.18,205.28,Credit Card,Online,EMP335,1,0,Standard,2,USD
ORD136324,08-04-2023,BR96,UK,Birmingham,CUST7043,PROD571,Accessories,Bluetooth Headphones,Samsung,5,1383.93,0.12,0.18,7185.36,Net Banking,Online,EMP575,3,1,Standard,5,INR
ORD136325,12-02-2023,BR24,USA,Dallas,CUST9792,PROD132,Laptop,HP Spectre x360,Apple,5,1222.53,0.24,0.18,5481.82,Credit Card,In-Store,EMP399,3,1,Same Day,10,USD
ORD136326,26-12-2024,BR68,UAE,Dubai,CUST5678,PROD774,TV,Samsung QLED 50,Lenovo,2,180.84,0.23,0.18,328.62,Debit Card,In-Store,EMP705,3,1,Same Day,4,GBP
ORD136327,14-11-2024,BR81,UK,Manchester,CUST2665,PROD825,TV,LG OLED 48,OnePlus,5,1202.48,0.27,0.18,5179.08,Net Banking,In-Store,EMP869,1,1,Same Day,2,AED
ORD136328,21-03-2024,BR85,UK,London,CUST1170,PROD509,Tablet,iPad Air,Sony,1,1130.63,0.28,0.18,960.58,Cash,In-Store,EMP553,1,1,Standard,7,GBP
ORD136329,26-04-2024,BR26,USA,Chicago,CUST9759,PROD990,Accessories,Bluetooth Headphones,Sony,4,594,0.2,0.18,2242.94,Credit Card,In-Store,EMP854,3,0,Express,9,GBP
ORD136330,12-08-2024,BR34,Germany,Hamburg,CUST1789,PROD201,TV,Sony Bravia 55,Dell,1,1344.37,0.02,0.18,1554.63,UPI,In-Store,EMP232,0,0,Express,1,EUR
ORD136331,01-04-2023,BR74,Germany,Hamburg,CUST2919,PROD657,Mobile,iPhone 14,Apple,1,1358.19,0.3,0.18,1121.86,UPI,In-Store,EMP596,0,0,Same Day,3,USD
ORD136332,27-03-2024,BR44,UK,Birmingham,CUST9011,PROD108,Laptop,MacBook Air M2,Samsung,5,1445.77,0.06,0.18,8018.24,Debit Card,Online,EMP487,3,0,Standard,8,EUR
ORD136333,19-04-2023,BR69,UK,Birmingham,CUST7469,PROD762,Laptop,HP Spectre x360,Apple,4,178.71,0.18,0.18,691.68,Cash,Online,EMP490,3,0,Standard,5,EUR
ORD136334,12-03-2023,BR72,India,Bangalore,CUST3059,PROD834,Accessories,Bluetooth Headphones,Apple,1,1921.4,0,0.18,2267.25,Credit Card,In-Store,EMP579,2,0,Express,5,USD
ORD136335,12-09-2024,BR22,USA,Dallas,CUST4084,PROD687,Tablet,iPad Air,HP,3,1498.39,0.27,0.18,3872.14,UPI,Online,EMP917,1,0,Express,7,INR
ORD136336,29-10-2024,BR48,UAE,Abu Dhabi,CUST4462,PROD392,Accessories,Bluetooth Headphones,Apple,2,1274.58,0.22,0.18,2346.25,Cash,In-Store,EMP299,1,0,Same Day,8,EUR
ORD136337,02-04-2023,BR33,USA,Los Angeles,CUST9871,PROD622,Laptop,Dell XPS 13,Apple,3,1849.47,0.28,0.18,4713.93,Debit Card,Online,EMP949,2,0,Same Day,6,INR
ORD136338,28-12-2024,BR32,UK,London,CUST2477,PROD728,Laptop,Dell XPS 13,Dell,1,126.48,0.01,0.18,147.75,Credit Card,Online,EMP301,0,0,Standard,6,USD
ORD136339,16-11-2024,BR40,UAE,Dubai,CUST4282,PROD366,TV,Sony Bravia 55,Apple,5,561.14,0.22,0.18,2582.37,Cash,Online,EMP909,0,1,Express,8,INR
ORD136340,24-04-2024,BR103,Germany,Berlin,CUST7433,PROD602,Tablet,Samsung Galaxy Tab,Dell,2,1000.92,0.2,0.18,1889.74,Cash,Online,EMP214,2,0,Same Day,10,INR
ORD136341,03-04-2024,BR106,India,Delhi,CUST1926,PROD212,Accessories,Keyboard,Apple,4,1327.27,0.1,0.18,5638.24,Credit Card,In-Store,EMP679,2,0,Express,6,EUR
ORD136342,30-07-2024,BR103,India,Mumbai,CUST3713,PROD624,Accessories,Bluetooth Headphones,OnePlus,1,252.66,0.25,0.18,223.6,UPI,Online,EMP253,0,1,Express,10,USD
ORD136343,18-07-2024,BR56,USA,Chicago,CUST7333,PROD308,Accessories,Bluetooth Headphones,Apple,4,1619.59,0.23,0.18,5886.24,Cash,Online,EMP757,1,1,Express,8,GBP
ORD136344,14-01-2024,BR39,India,Mumbai,CUST6220,PROD842,Tablet,Samsung Galaxy Tab,Dell,4,677.21,0.19,0.18,2589.11,Net Banking,In-Store,EMP520,2,0,Same Day,2,USD
ORD136345,26-04-2024,BR51,USA,Los Angeles,CUST5387,PROD620,Laptop,Dell XPS 13,OnePlus,4,1830.22,0.24,0.18,6565.37,Credit Card,In-Store,EMP700,1,0,Express,6,USD
ORD136346,05-11-2024,BR1,India,Delhi,CUST5947,PROD765,TV,LG OLED 48,Apple,3,651.69,0.13,0.18,2007.07,Credit Card,Online,EMP616,0,1,Standard,10,GBP
ORD136347,12-05-2023,BR28,Germany,Munich,CUST6891,PROD538,Mobile,Samsung Galaxy S23,Sony,2,780.04,0.03,0.18,1785.67,Net Banking,Online,EMP693,3,1,Standard,8,AED
ORD136348,13-12-2023,BR60,UK,London,CUST1941,PROD953,TV,Sony Bravia 55,Apple,1,724.81,0.12,0.18,752.64,Cash,In-Store,EMP559,1,1,Standard,9,USD
ORD136349,24-04-2023,BR86,UK,London,CUST6705,PROD901,Mobile,OnePlus 11,Sony,3,1612.03,0.2,0.18,4565.27,Credit Card,In-Store,EMP372,0,0,Same Day,3,GBP
ORD136350,01-06-2024,BR115,USA,Dallas,CUST2664,PROD687,Tablet,Lenovo Tab P11,Sony,1,1213.17,0.26,0.18,1059.34,Debit Card,In-Store,EMP597,3,1,Standard,3,GBP
ORD136351,21-08-2024,BR79,UAE,Abu Dhabi,CUST5490,PROD918,Tablet,Lenovo Tab P11,HP,1,137.69,0.11,0.18,144.6,Cash,Online,EMP893,2,0,Express,10,INR
ORD136352,09-05-2024,BR20,UK,Birmingham,CUST7939,PROD155,Accessories,Wireless Mouse,Apple,4,1428.51,0.23,0.18,5191.78,Credit Card,In-Store,EMP796,2,1,Same Day,10,USD
ORD136353,17-09-2024,BR117,UK,Birmingham,CUST3646,PROD368,Accessories,Bluetooth Headphones,Samsung,5,409.51,0.14,0.18,2077.85,Net Banking,In-Store,EMP949,1,1,Express,7,AED
ORD136354,01-08-2023,BR90,Germany,Hamburg,CUST4016,PROD619,Mobile,OnePlus 11,Sony,4,554.16,0.23,0.18,2014.04,Credit Card,In-Store,EMP732,3,1,Same Day,9,INR
ORD136355,04-11-2023,BR86,India,Mumbai,CUST2354,PROD952,Laptop,Dell XPS 13,Sony,5,1688.1,0.17,0.18,8266.63,Cash,In-Store,EMP588,0,1,Standard,6,USD
ORD136356,27-11-2024,BR30,USA,Chicago,CUST6078,PROD404,Tablet,Lenovo Tab P11,LG,2,343.48,0.29,0.18,575.54,UPI,In-Store,EMP796,3,1,Standard,6,USD
ORD136357,20-11-2023,BR13,UK,London,CUST7020,PROD666,TV,LG OLED 48,LG,4,1349.62,0.16,0.18,5350.97,UPI,In-Store,EMP909,1,1,Same Day,9,AED
ORD136358,07-02-2023,BR71,UAE,Dubai,CUST9190,PROD548,TV,LG OLED 48,HP,5,1262.15,0.03,0.18,7223.28,Net Banking,In-Store,EMP647,3,0,Express,10,EUR
ORD136359,03-04-2023,BR89,USA,New York,CUST8440,PROD127,TV,Sony Bravia 55,Apple,2,1164.01,0.02,0.18,2692.12,Credit Card,Online,EMP622,0,1,Standard,8,AED
ORD136360,26-02-2024,BR85,India,Mumbai,CUST1713,PROD519,Tablet,iPad Air,Apple,5,1563.55,0.07,0.18,8579.2,Cash,In-Store,EMP584,2,0,Express,7,AED
ORD136361,30-11-2024,BR67,Germany,Hamburg,CUST1513,PROD909,Accessories,Wireless Mouse,Dell,5,169.79,0.07,0.18,931.64,Credit Card,Online,EMP785,2,0,Standard,3,GBP
ORD136362,04-11-2024,BR15,India,Delhi,CUST9412,PROD919,Tablet,Samsung Galaxy Tab,Sony,5,1548.64,0.14,0.18,7857.8,UPI,In-Store,EMP590,1,0,Express,3,GBP
ORD136363,15-06-2023,BR118,UAE,Dubai,CUST3407,PROD649,Mobile,iPhone 14,Apple,3,438.23,0.27,0.18,1132.47,UPI,In-Store,EMP309,2,1,Standard,10,EUR
ORD136364,05-08-2024,BR100,USA,New York,CUST8509,PROD448,Accessories,Bluetooth Headphones,LG,2,104.19,0.08,0.18,226.22,Debit Card,Online,EMP434,0,0,Same Day,8,USD
ORD136365,23-01-2024,BR90,Germany,Hamburg,CUST4612,PROD795,TV,Samsung QLED 50,Samsung,5,1950.46,0.08,0.18,10587.1,Net Banking,Online,EMP548,0,0,Standard,6,INR
ORD136366,04-04-2023,BR84,USA,Dallas,CUST3807,PROD974,Laptop,Dell XPS 13,Lenovo,1,993.18,0.29,0.18,832.09,Credit Card,In-Store,EMP349,0,1,Standard,5,AED
ORD136367,24-10-2024,BR110,Germany,Berlin,CUST9666,PROD124,Mobile,Samsung Galaxy S23,LG,5,201.34,0.3,0.18,831.53,UPI,In-Store,EMP489,2,0,Standard,1,EUR
ORD136368,27-07-2023,BR114,USA,Chicago,CUST6271,PROD858,TV,LG OLED 48,Dell,5,1236.85,0.04,0.18,7005.52,UPI,In-Store,EMP628,3,0,Express,9,GBP
ORD136369,02-10-2023,BR72,India,Bangalore,CUST7453,PROD926,Mobile,Samsung Galaxy S23,Samsung,2,752.14,0.06,0.18,1668.55,Credit Card,In-Store,EMP312,3,1,Express,6,INR
ORD136370,17-02-2023,BR117,UK,London,CUST5786,PROD452,Tablet,Samsung Galaxy Tab,Samsung,1,1572.5,0.01,0.18,1836.99,UPI,In-Store,EMP840,3,1,Same Day,10,USD
ORD136371,25-11-2024,BR3,USA,Dallas,CUST4826,PROD424,Tablet,Lenovo Tab P11,Lenovo,4,1200.6,0.25,0.18,4250.12,Net Banking,In-Store,EMP267,3,0,Same Day,3,USD
ORD136372,13-08-2023,BR26,India,Pune,CUST1598,PROD153,Accessories,Bluetooth Headphones,Dell,1,1746.16,0.15,0.18,1751.4,Credit Card,In-Store,EMP881,3,1,Express,8,EUR
ORD136373,29-03-2023,BR4,UAE,Dubai,CUST3697,PROD878,Tablet,Lenovo Tab P11,Dell,4,985.82,0.11,0.18,4141.23,Cash,In-Store,EMP302,1,0,Standard,3,EUR
ORD136374,06-01-2024,BR102,UAE,Abu Dhabi,CUST1200,PROD717,Mobile,iPhone 14,LG,1,374.18,0.04,0.18,423.87,Debit Card,Online,EMP432,1,0,Express,7,USD
ORD136375,28-10-2024,BR94,Germany,Berlin,CUST6291,PROD803,Accessories,Bluetooth Headphones,Dell,2,1024.74,0.08,0.18,2224.92,UPI,In-Store,EMP814,0,0,Same Day,10,GBP
ORD136376,05-05-2024,BR99,UAE,Dubai,CUST9792,PROD876,Laptop,MacBook Air M2,Lenovo,2,584.75,0.18,0.18,1131.61,Cash,Online,EMP480,2,1,Same Day,7,GBP
ORD136377,18-02-2023,BR4,USA,Chicago,CUST2066,PROD141,TV,LG OLED 48,HP,2,1758.88,0.03,0.18,4026.43,Net Banking,Online,EMP224,0,1,Express,7,GBP
ORD136378,07-12-2023,BR35,India,Delhi,CUST2002,PROD694,TV,Sony Bravia 55,Dell,4,879.35,0.02,0.18,4067.52,Net Banking,In-Store,EMP271,3,0,Same Day,2,INR
ORD136379,12-01-2023,BR84,UAE,Abu Dhabi,CUST5575,PROD445,Mobile,Samsung Galaxy S23,HP,5,1738.06,0.03,0.18,9946.92,UPI,Online,EMP922,3,0,Standard,10,GBP
ORD136380,04-10-2024,BR57,USA,New York,CUST4841,PROD474,Laptop,MacBook Air M2,Sony,5,393.69,0.23,0.18,1788.53,Net Banking,Online,EMP569,0,1,Same Day,9,USD
ORD136381,07-02-2023,BR60,Germany,Munich,CUST9075,PROD168,Mobile,OnePlus 11,HP,3,432.3,0.26,0.18,1132.45,UPI,In-Store,EMP824,2,1,Express,2,USD
ORD136382,29-07-2023,BR22,Germany,Hamburg,CUST8143,PROD786,Mobile,Samsung Galaxy S23,Lenovo,3,353.62,0.16,0.18,1051.52,UPI,Online,EMP235,2,0,Same Day,4,EUR
ORD136383,24-09-2024,BR105,UK,London,CUST8715,PROD453,TV,LG OLED 48,LG,3,1013.79,0.09,0.18,3265.82,Debit Card,Online,EMP624,1,1,Same Day,10,GBP
ORD136384,27-05-2024,BR20,UAE,Abu Dhabi,CUST6327,PROD110,Laptop,HP Spectre x360,Apple,2,873.46,0.29,0.18,1463.57,Debit Card,Online,EMP432,3,1,Same Day,6,AED
ORD136385,30-08-2023,BR8,UK,London,CUST6337,PROD472,Mobile,iPhone 14,OnePlus,3,1623.94,0.09,0.18,5231.36,UPI,In-Store,EMP370,0,0,Same Day,10,EUR
ORD136386,11-11-2023,BR96,UK,London,CUST5886,PROD183,Tablet,Samsung Galaxy Tab,Sony,3,457.08,0.25,0.18,1213.55,Net Banking,In-Store,EMP571,1,1,Standard,10,EUR
ORD136387,01-04-2024,BR82,Germany,Hamburg,CUST5067,PROD732,TV,Samsung QLED 50,Dell,4,1273.81,0.27,0.18,4389.04,Debit Card,Online,EMP971,0,0,Express,1,EUR
ORD136388,24-12-2024,BR46,India,Bangalore,CUST1457,PROD529,Mobile,OnePlus 11,Dell,5,323.6,0.22,0.18,1489.21,Cash,Online,EMP734,1,0,Same Day,3,USD
ORD136389,27-01-2024,BR110,India,Bangalore,CUST2772,PROD249,Laptop,MacBook Air M2,Dell,2,1846.75,0.18,0.18,3573.83,Credit Card,In-Store,EMP614,2,0,Express,10,USD
ORD136390,21-02-2023,BR10,UAE,Dubai,CUST3461,PROD352,TV,Samsung QLED 50,Sony,5,1931.4,0.15,0.18,9685.97,Credit Card,In-Store,EMP987,3,0,Standard,10,USD
ORD136391,14-08-2023,BR66,India,Delhi,CUST9190,PROD647,Mobile,Samsung Galaxy S23,Samsung,5,1167.29,0.07,0.18,6404.92,Net Banking,In-Store,EMP874,0,0,Standard,8,USD
ORD136392,30-05-2024,BR17,India,Pune,CUST6697,PROD774,Mobile,Samsung Galaxy S23,HP,2,677.44,0.28,0.18,1151.11,Cash,Online,EMP758,1,1,Standard,8,GBP
ORD136393,30-01-2023,BR25,USA,Dallas,CUST9915,PROD987,Accessories,Bluetooth Headphones,Samsung,3,659.12,0.03,0.18,2263.29,UPI,Online,EMP955,0,0,Same Day,4,AED
ORD136394,15-08-2023,BR39,Germany,Hamburg,CUST4182,PROD143,Mobile,iPhone 14,HP,1,858.51,0.3,0.18,709.13,Net Banking,Online,EMP733,0,0,Express,3,USD
ORD136395,01-04-2024,BR85,India,Delhi,CUST1134,PROD249,Tablet,Lenovo Tab P11,Samsung,4,1492.64,0.2,0.18,5636.21,Net Banking,Online,EMP645,3,1,Same Day,5,AED
ORD136396,02-10-2023,BR20,USA,Dallas,CUST6152,PROD777,TV,Sony Bravia 55,Apple,1,1827.56,0.03,0.18,2091.83,Net Banking,Online,EMP229,2,0,Same Day,1,USD
ORD136397,12-06-2023,BR94,UK,London,CUST3268,PROD133,Tablet,Samsung Galaxy Tab,Dell,3,503.74,0.09,0.18,1622.75,Cash,In-Store,EMP256,3,0,Express,5,EUR
ORD136398,03-11-2024,BR33,Germany,Munich,CUST8781,PROD691,Tablet,Samsung Galaxy Tab,OnePlus,1,1974.89,0.24,0.18,1771.08,Credit Card,In-Store,EMP576,0,1,Standard,8,INR
ORD136399,17-09-2023,BR82,India,Delhi,CUST9247,PROD703,Tablet,Lenovo Tab P11,Sony,2,297.84,0.15,0.18,597.47,Net Banking,Online,EMP818,0,0,Express,4,AED
ORD136400,21-03-2023,BR63,India,Delhi,CUST9453,PROD805,TV,LG OLED 48,Apple,5,813.94,0.25,0.18,3601.68,Credit Card,In-Store,EMP604,3,1,Standard,4,USD
ORD136401,19-03-2023,BR45,Germany,Hamburg,CUST7632,PROD682,Laptop,Dell XPS 13,Sony,1,870.34,0.22,0.18,801.06,UPI,In-Store,EMP512,2,0,Express,7,INR
ORD136402,26-02-2024,BR96,UAE,Dubai,CUST9592,PROD216,Tablet,iPad Air,LG,5,647.35,0.02,0.18,3742.98,Debit Card,Online,EMP509,1,1,Standard,3,GBP
ORD136403,18-12-2023,BR70,UK,Birmingham,CUST6970,PROD470,Tablet,Samsung Galaxy Tab,LG,1,1767.33,0.13,0.18,1814.34,Cash,In-Store,EMP554,0,1,Standard,6,AED
ORD136404,17-08-2024,BR98,USA,New York,CUST6254,PROD731,TV,Samsung QLED 50,LG,5,566.02,0.13,0.18,2905.38,UPI,In-Store,EMP701,0,1,Standard,7,EUR
ORD136405,11-08-2024,BR58,USA,Dallas,CUST4781,PROD662,Tablet,Lenovo Tab P11,OnePlus,4,1750.32,0.11,0.18,7352.74,UPI,In-Store,EMP925,1,0,Standard,1,EUR
ORD136406,11-04-2023,BR24,UAE,Dubai,CUST5483,PROD733,Accessories,Keyboard,Samsung,2,595.29,0.11,0.18,1250.35,Credit Card,Online,EMP330,3,1,Express,9,INR
ORD136407,06-12-2023,BR21,India,Pune,CUST7058,PROD494,Mobile,OnePlus 11,Samsung,4,1108.56,0.1,0.18,4709.16,UPI,In-Store,EMP222,0,0,Express,9,USD
ORD136408,30-08-2023,BR97,UAE,Abu Dhabi,CUST6905,PROD733,Mobile,OnePlus 11,Samsung,3,1176.46,0.12,0.18,3664.91,Net Banking,In-Store,EMP631,1,1,Same Day,4,INR
ORD136409,13-03-2023,BR39,Germany,Munich,CUST4868,PROD151,Laptop,MacBook Air M2,Sony,1,774.85,0.21,0.18,722.32,Cash,In-Store,EMP645,1,0,Same Day,3,INR
ORD136410,03-07-2024,BR94,UK,London,CUST1449,PROD963,Laptop,HP Spectre x360,LG,4,440.78,0.24,0.18,1581.17,Net Banking,In-Store,EMP738,2,1,Same Day,3,USD
ORD136411,09-06-2023,BR69,Germany,Munich,CUST8203,PROD782,Laptop,MacBook Air M2,LG,4,1011.76,0.21,0.18,3772.65,Net Banking,In-Store,EMP976,3,0,Express,4,INR
ORD136412,23-06-2023,BR105,UK,Manchester,CUST1310,PROD914,Mobile,iPhone 14,Lenovo,5,963.64,0.08,0.18,5230.64,Cash,In-Store,EMP684,3,0,Express,3,INR
ORD136413,19-12-2024,BR97,Germany,Berlin,CUST9055,PROD242,TV,LG OLED 48,Apple,2,260.94,0.21,0.18,486.5,Debit Card,In-Store,EMP822,1,1,Express,10,USD
ORD136414,13-11-2024,BR60,USA,Los Angeles,CUST5122,PROD664,Laptop,MacBook Air M2,Samsung,5,1473.72,0.1,0.18,7825.45,Net Banking,In-Store,EMP924,3,1,Same Day,7,GBP
ORD136415,14-03-2023,BR68,Germany,Hamburg,CUST6092,PROD313,Tablet,Samsung Galaxy Tab,Lenovo,3,1920.29,0.14,0.18,5846.13,Cash,Online,EMP888,3,0,Express,8,GBP
ORD136416,12-12-2024,BR3,UK,Manchester,CUST4528,PROD904,Laptop,MacBook Air M2,Sony,4,1316.69,0.2,0.18,4971.82,Cash,Online,EMP602,1,0,Standard,3,EUR
ORD136417,08-02-2024,BR42,UK,Manchester,CUST9449,PROD566,Mobile,iPhone 14,Lenovo,3,300.31,0.18,0.18,871.74,UPI,In-Store,EMP754,2,1,Same Day,6,INR
ORD136418,09-06-2024,BR67,India,Pune,CUST9420,PROD964,Tablet,Lenovo Tab P11,Sony,3,896.19,0.07,0.18,2950.44,Debit Card,In-Store,EMP871,0,1,Express,1,USD
ORD136419,07-04-2023,BR4,India,Delhi,CUST1133,PROD148,TV,LG OLED 48,HP,3,1001.54,0.15,0.18,3013.63,Credit Card,In-Store,EMP837,0,0,Standard,6,GBP
ORD136420,26-02-2023,BR42,USA,New York,CUST6976,PROD954,Tablet,Lenovo Tab P11,Lenovo,2,346.9,0.21,0.18,646.76,Cash,Online,EMP284,0,1,Same Day,2,GBP
ORD136421,18-03-2023,BR115,UK,Manchester,CUST8574,PROD318,Accessories,Wireless Mouse,Sony,2,382.41,0.25,0.18,676.87,Debit Card,In-Store,EMP435,3,0,Standard,1,USD
ORD136422,11-01-2024,BR6,India,Delhi,CUST6759,PROD374,TV,Samsung QLED 50,Dell,1,836.02,0.26,0.18,730.01,Net Banking,In-Store,EMP884,0,1,Express,8,AED
ORD136423,07-07-2023,BR66,USA,Chicago,CUST4817,PROD279,TV,LG OLED 48,OnePlus,5,1299.1,0.2,0.18,6131.75,Debit Card,In-Store,EMP295,2,1,Same Day,10,GBP
ORD136424,31-01-2023,BR69,UK,Birmingham,CUST2941,PROD876,Tablet,Samsung Galaxy Tab,Dell,2,1831.94,0.25,0.18,3242.53,UPI,Online,EMP716,3,0,Standard,8,USD
ORD136425,13-08-2023,BR61,India,Delhi,CUST8178,PROD455,TV,LG OLED 48,Sony,1,1282.07,0.24,0.18,1149.76,Debit Card,Online,EMP559,2,1,Same Day,1,INR
ORD136426,29-06-2024,BR91,UK,London,CUST9218,PROD875,Mobile,Samsung Galaxy S23,Samsung,2,208.22,0.07,0.18,457,Debit Card,In-Store,EMP592,2,1,Same Day,10,AED
ORD136427,26-11-2023,BR42,Germany,Hamburg,CUST8546,PROD641,Laptop,MacBook Air M2,OnePlus,4,1684.58,0.24,0.18,6042.93,Debit Card,Online,EMP434,3,0,Express,6,USD
ORD136428,31-07-2024,BR43,USA,Dallas,CUST4130,PROD391,Laptop,MacBook Air M2,Samsung,1,869.93,0.26,0.18,759.62,Debit Card,In-Store,EMP311,1,0,Express,4,EUR
ORD136429,07-12-2023,BR86,UAE,Abu Dhabi,CUST9313,PROD634,Accessories,Wireless Mouse,LG,3,974.42,0.05,0.18,3276.97,Debit Card,In-Store,EMP886,2,1,Standard,5,AED
ORD136430,22-07-2023,BR120,UAE,Dubai,CUST1798,PROD421,Mobile,iPhone 14,OnePlus,4,794.72,0.09,0.18,3413.48,Credit Card,Online,EMP964,3,0,Same Day,9,INR
ORD136431,17-03-2024,BR92,UAE,Abu Dhabi,CUST3974,PROD952,Accessories,Keyboard,Dell,1,421.27,0.29,0.18,352.94,Credit Card,In-Store,EMP644,1,1,Same Day,10,INR
ORD136432,11-06-2023,BR86,USA,Chicago,CUST4131,PROD368,Mobile,iPhone 14,Lenovo,2,1772.2,0.05,0.18,3973.27,Credit Card,In-Store,EMP665,0,1,Standard,1,INR
ORD136433,22-11-2024,BR62,India,Bangalore,CUST6481,PROD906,TV,LG OLED 48,LG,2,1980.76,0.16,0.18,3926.66,Cash,In-Store,EMP807,3,1,Same Day,5,USD
ORD136434,20-08-2024,BR100,UAE,Dubai,CUST9219,PROD297,TV,Samsung QLED 50,OnePlus,4,631.51,0.01,0.18,2950.92,Net Banking,Online,EMP993,1,0,Express,1,INR
ORD136435,09-07-2024,BR109,UK,Birmingham,CUST8940,PROD964,Tablet,Samsung Galaxy Tab,Dell,1,106.65,0.14,0.18,108.23,Debit Card,Online,EMP206,2,0,Standard,2,AED
ORD136436,12-06-2024,BR109,India,Bangalore,CUST5660,PROD481,Laptop,HP Spectre x360,Apple,2,514.79,0.14,0.18,1044.82,Debit Card,Online,EMP729,0,1,Standard,6,USD
ORD136437,14-04-2024,BR69,UK,Birmingham,CUST3575,PROD328,TV,Sony Bravia 55,HP,5,1492.71,0.26,0.18,6517.17,Credit Card,Online,EMP617,1,0,Same Day,4,INR
ORD136438,11-01-2023,BR98,India,Bangalore,CUST1073,PROD681,Accessories,Bluetooth Headphones,OnePlus,4,650.14,0.23,0.18,2362.87,UPI,Online,EMP760,1,0,Standard,2,USD
ORD136439,28-01-2024,BR52,Germany,Hamburg,CUST9299,PROD685,Tablet,Samsung Galaxy Tab,Lenovo,2,251.48,0.27,0.18,433.25,Net Banking,In-Store,EMP916,2,0,Express,7,EUR
ORD136440,09-11-2023,BR117,UAE,Dubai,CUST3577,PROD514,Mobile,OnePlus 11,LG,1,197.16,0.3,0.18,162.85,UPI,In-Store,EMP605,3,1,Same Day,9,EUR
ORD136441,27-10-2023,BR68,USA,New York,CUST7891,PROD221,Accessories,Bluetooth Headphones,Lenovo,3,1249.58,0.17,0.18,3671.52,Net Banking,Online,EMP585,1,1,Standard,8,USD
ORD136442,08-09-2024,BR64,UK,Birmingham,CUST2993,PROD486,Mobile,Samsung Galaxy S23,Dell,1,167.34,0.15,0.18,167.84,Cash,Online,EMP955,2,1,Same Day,4,USD
ORD136443,30-11-2023,BR119,India,Mumbai,CUST6129,PROD408,Tablet,Samsung Galaxy Tab,Apple,3,203.61,0.12,0.18,634.29,Net Banking,Online,EMP235,1,0,Same Day,3,GBP
ORD136444,21-09-2023,BR3,UK,Manchester,CUST1403,PROD184,Accessories,Keyboard,OnePlus,2,928.81,0.15,0.18,1863.19,Debit Card,In-Store,EMP525,0,0,Same Day,10,INR
ORD136445,26-01-2023,BR9,Germany,Berlin,CUST2363,PROD708,TV,Sony Bravia 55,Dell,5,269.7,0.15,0.18,1352.55,Credit Card,Online,EMP763,2,0,Same Day,5,INR
ORD136446,08-06-2024,BR71,USA,Dallas,CUST6567,PROD255,Laptop,HP Spectre x360,Sony,1,1063.43,0.14,0.18,1079.17,Cash,In-Store,EMP621,2,0,Express,3,USD
ORD136447,10-04-2024,BR34,UK,Birmingham,CUST5817,PROD935,Accessories,Keyboard,OnePlus,3,501,0.14,0.18,1525.24,UPI,In-Store,EMP460,3,0,Standard,3,USD
ORD136448,10-02-2023,BR76,UAE,Abu Dhabi,CUST4976,PROD280,Laptop,Dell XPS 13,Dell,1,1632.33,0.25,0.18,1444.61,Credit Card,Online,EMP331,1,0,Same Day,6,EUR
ORD136449,06-09-2023,BR118,USA,Dallas,CUST7096,PROD205,Mobile,OnePlus 11,HP,3,1408.99,0.04,0.18,4788.31,Net Banking,Online,EMP816,1,1,Same Day,1,GBP
ORD136450,11-03-2024,BR119,India,Pune,CUST9747,PROD360,Accessories,Wireless Mouse,HP,5,126.34,0.13,0.18,648.5,UPI,In-Store,EMP713,1,1,Standard,5,INR
ORD136451,05-01-2024,BR53,UK,London,CUST7093,PROD559,TV,Sony Bravia 55,HP,3,1234.4,0.15,0.18,3714.31,Net Banking,Online,EMP754,0,0,Same Day,5,GBP
ORD136452,22-02-2023,BR6,USA,Dallas,CUST8023,PROD894,Laptop,Dell XPS 13,HP,5,1448.33,0.29,0.18,6067.05,Credit Card,In-Store,EMP750,1,0,Express,9,AED
ORD136453,08-11-2024,BR43,USA,Chicago,CUST6996,PROD871,Tablet,Samsung Galaxy Tab,Sony,5,1868.85,0.19,0.18,8931.23,Cash,In-Store,EMP693,2,0,Express,5,USD
ORD136454,12-12-2024,BR59,Germany,Berlin,CUST5319,PROD183,TV,LG OLED 48,Sony,1,1617.82,0.18,0.18,1565.4,UPI,Online,EMP810,1,1,Express,8,AED
ORD136455,31-10-2023,BR12,USA,Chicago,CUST9048,PROD250,Accessories,Wireless Mouse,OnePlus,3,1134.75,0.26,0.18,2972.59,Cash,In-Store,EMP972,1,1,Standard,1,AED
ORD136456,16-11-2024,BR119,UAE,Dubai,CUST8591,PROD236,Mobile,OnePlus 11,Lenovo,5,1978.82,0.26,0.18,8639.53,Cash,In-Store,EMP862,1,1,Standard,3,GBP
ORD136457,02-03-2024,BR62,UAE,Abu Dhabi,CUST6985,PROD472,Accessories,Bluetooth Headphones,Dell,2,234.29,0,0.18,552.92,UPI,Online,EMP534,3,0,Standard,4,INR
ORD136458,05-04-2024,BR29,Germany,Berlin,CUST7130,PROD363,Laptop,HP Spectre x360,Lenovo,2,1395.58,0.13,0.18,2865.4,Debit Card,In-Store,EMP270,3,1,Same Day,9,EUR
ORD136459,26-10-2024,BR23,UK,Birmingham,CUST4610,PROD920,TV,LG OLED 48,Dell,4,1282.95,0.3,0.18,4238.87,UPI,Online,EMP328,1,1,Express,6,GBP
ORD136460,13-09-2024,BR87,India,Delhi,CUST7160,PROD804,Accessories,Keyboard,OnePlus,2,102.84,0.13,0.18,211.15,Net Banking,In-Store,EMP384,3,1,Standard,6,USD
ORD136461,20-03-2023,BR20,UAE,Abu Dhabi,CUST4582,PROD540,Laptop,Dell XPS 13,LG,1,643.78,0.04,0.18,729.27,Net Banking,Online,EMP844,3,0,Same Day,7,USD
ORD136462,24-11-2024,BR76,India,Pune,CUST5348,PROD219,Mobile,OnePlus 11,HP,5,1101.74,0.27,0.18,4745.19,Debit Card,In-Store,EMP287,3,0,Express,10,GBP
ORD136463,17-03-2023,BR58,UAE,Abu Dhabi,CUST9713,PROD172,Tablet,iPad Air,HP,2,1754.58,0.05,0.18,3933.77,Cash,In-Store,EMP885,2,1,Standard,2,GBP
ORD136464,01-03-2024,BR42,UK,Manchester,CUST5949,PROD541,Tablet,Samsung Galaxy Tab,HP,4,416.09,0.2,0.18,1571.16,Debit Card,Online,EMP485,0,0,Express,3,GBP
ORD136465,31-08-2024,BR104,UK,Manchester,CUST7053,PROD231,TV,Sony Bravia 55,LG,3,1752.85,0.28,0.18,4467.66,UPI,Online,EMP839,0,0,Same Day,8,INR
ORD136466,12-02-2023,BR17,UK,Manchester,CUST4093,PROD740,Accessories,Keyboard,Lenovo,3,703.66,0.13,0.18,2167.13,UPI,In-Store,EMP755,2,1,Same Day,2,USD
ORD136467,21-01-2024,BR52,India,Delhi,CUST9557,PROD982,Mobile,iPhone 14,Dell,3,103.85,0.13,0.18,319.84,Debit Card,Online,EMP383,0,0,Express,10,GBP
ORD136468,14-11-2024,BR63,India,Pune,CUST7496,PROD849,TV,Samsung QLED 50,Lenovo,4,1126.96,0.09,0.18,4840.52,Net Banking,In-Store,EMP777,0,1,Same Day,8,GBP
ORD136469,18-11-2023,BR103,UAE,Abu Dhabi,CUST6078,PROD153,Mobile,iPhone 14,Lenovo,1,1708.82,0.18,0.18,1653.45,Credit Card,Online,EMP757,2,1,Express,4,EUR
ORD136470,10-01-2023,BR62,India,Mumbai,CUST7157,PROD293,Laptop,HP Spectre x360,HP,1,1482.31,0.24,0.18,1329.34,Credit Card,Online,EMP545,0,1,Express,7,EUR
ORD136471,29-04-2024,BR117,UAE,Dubai,CUST5295,PROD987,TV,Samsung QLED 50,LG,4,875.54,0.18,0.18,3388.69,Net Banking,In-Store,EMP555,1,0,Same Day,9,AED
ORD136472,05-12-2024,BR46,India,Bangalore,CUST7098,PROD605,Accessories,Keyboard,Dell,3,586.66,0.06,0.18,1952.17,Credit Card,In-Store,EMP343,0,0,Same Day,9,INR
ORD136473,30-12-2024,BR27,India,Delhi,CUST9911,PROD984,Mobile,Samsung Galaxy S23,OnePlus,4,1950.73,0.25,0.18,6905.58,Net Banking,Online,EMP289,2,1,Same Day,4,EUR
ORD136474,31-03-2023,BR7,USA,New York,CUST7869,PROD435,Laptop,MacBook Air M2,Apple,1,1642.07,0.28,0.18,1395.1,Net Banking,In-Store,EMP415,1,0,Express,2,USD
ORD136475,30-12-2023,BR28,USA,Chicago,CUST4309,PROD581,TV,Sony Bravia 55,Lenovo,2,607.25,0.08,0.18,1318.46,Debit Card,In-Store,EMP607,2,1,Standard,1,INR
ORD136476,09-08-2024,BR89,UK,Manchester,CUST9229,PROD661,Mobile,iPhone 14,Lenovo,4,1487.06,0.04,0.18,6738.17,UPI,Online,EMP901,3,0,Express,3,INR
ORD136477,01-11-2023,BR3,Germany,Berlin,CUST2223,PROD370,Mobile,iPhone 14,Lenovo,5,219.75,0.08,0.18,1192.8,UPI,Online,EMP960,0,1,Same Day,6,AED
ORD136478,02-05-2024,BR30,USA,Los Angeles,CUST2231,PROD101,TV,Sony Bravia 55,OnePlus,2,1640.03,0.16,0.18,3251.2,Credit Card,In-Store,EMP529,3,1,Same Day,3,USD
ORD136479,18-01-2024,BR32,Germany,Berlin,CUST9591,PROD523,TV,Sony Bravia 55,OnePlus,3,1111.42,0.03,0.18,3816.39,UPI,Online,EMP329,3,1,Express,3,AED
ORD136480,18-08-2023,BR54,USA,Dallas,CUST7209,PROD126,Accessories,Wireless Mouse,HP,4,1811.82,0.19,0.18,6926.95,Cash,Online,EMP787,3,1,Express,10,AED
ORD136481,27-03-2024,BR108,Germany,Munich,CUST7977,PROD734,Mobile,OnePlus 11,Dell,2,50.51,0.02,0.18,116.82,Net Banking,In-Store,EMP741,3,1,Express,7,USD
ORD136482,13-11-2023,BR71,USA,Chicago,CUST8736,PROD434,Mobile,iPhone 14,Sony,2,585.35,0.29,0.18,980.81,Credit Card,In-Store,EMP721,3,0,Standard,6,INR
ORD136483,14-11-2024,BR67,India,Mumbai,CUST2878,PROD831,Accessories,Bluetooth Headphones,HP,3,1003.13,0.01,0.18,3515.57,Credit Card,In-Store,EMP704,0,0,Same Day,9,EUR
ORD136484,30-01-2023,BR85,USA,Los Angeles,CUST6975,PROD194,Laptop,Dell XPS 13,OnePlus,3,1147.74,0.23,0.18,3128.51,UPI,In-Store,EMP464,0,1,Same Day,7,USD
ORD136485,31-01-2024,BR95,UAE,Abu Dhabi,CUST2243,PROD991,Laptop,Dell XPS 13,Dell,1,521.65,0.09,0.18,560.15,Cash,In-Store,EMP542,3,0,Standard,6,INR
ORD136486,23-03-2023,BR11,Germany,Berlin,CUST1119,PROD422,Accessories,Keyboard,LG,1,1223.41,0.29,0.18,1024.97,Debit Card,Online,EMP477,2,0,Express,5,GBP
ORD136487,10-05-2023,BR40,India,Pune,CUST3878,PROD992,Mobile,iPhone 14,Samsung,5,1535.79,0.14,0.18,7792.6,UPI,Online,EMP758,3,1,Same Day,10,AED
ORD136488,07-11-2024,BR54,UK,Manchester,CUST5469,PROD757,Laptop,Dell XPS 13,Sony,1,1551.7,0.12,0.18,1611.29,Debit Card,Online,EMP221,0,1,Express,10,AED
ORD136489,09-03-2024,BR111,UAE,Dubai,CUST4248,PROD424,Laptop,HP Spectre x360,LG,1,772.86,0,0.18,911.97,Credit Card,In-Store,EMP232,3,0,Standard,6,AED
ORD136490,13-09-2024,BR85,India,Delhi,CUST1678,PROD136,TV,LG OLED 48,HP,1,1324.71,0.27,0.18,1141.11,Debit Card,Online,EMP987,0,0,Standard,3,USD
ORD136491,05-12-2024,BR17,Germany,Munich,CUST5835,PROD836,Mobile,OnePlus 11,Dell,5,1965.44,0.16,0.18,9740.72,Debit Card,In-Store,EMP819,3,0,Express,4,INR
ORD136492,24-05-2023,BR53,UK,London,CUST6168,PROD733,Accessories,Bluetooth Headphones,Lenovo,5,857.7,0.06,0.18,4756.8,Credit Card,Online,EMP996,0,1,Express,3,INR
ORD136493,14-06-2024,BR64,India,Delhi,CUST5504,PROD712,Tablet,Lenovo Tab P11,OnePlus,3,1832.08,0.05,0.18,6161.29,UPI,In-Store,EMP287,1,0,Standard,2,AED
ORD136494,28-03-2024,BR63,Germany,Munich,CUST8731,PROD242,TV,Sony Bravia 55,LG,5,115.47,0.07,0.18,633.58,UPI,In-Store,EMP301,2,0,Same Day,9,EUR
ORD136495,07-04-2023,BR57,India,Mumbai,CUST3961,PROD359,Accessories,Bluetooth Headphones,Dell,2,1911.58,0.18,0.18,3699.29,Credit Card,Online,EMP822,3,1,Same Day,5,USD
ORD136496,17-11-2024,BR116,Germany,Hamburg,CUST1874,PROD230,Accessories,Wireless Mouse,HP,1,1380.87,0.22,0.18,1270.95,Debit Card,In-Store,EMP226,2,0,Express,9,AED
ORD136497,14-07-2024,BR41,UAE,Abu Dhabi,CUST9447,PROD959,Tablet,Samsung Galaxy Tab,Sony,3,1999.57,0.28,0.18,5096.5,Net Banking,Online,EMP319,2,0,Same Day,8,INR
ORD136498,27-11-2024,BR46,UK,London,CUST4741,PROD855,TV,Samsung QLED 50,Sony,2,695.84,0.07,0.18,1527.23,Credit Card,Online,EMP323,0,0,Express,9,AED
ORD136499,02-11-2023,BR36,USA,Chicago,CUST2319,PROD191,Accessories,Wireless Mouse,Sony,2,193.82,0.07,0.18,425.4,Debit Card,In-Store,EMP435,1,0,Standard,4,AED
ORD136500,23-11-2023,BR39,UK,Manchester,CUST6180,PROD482,TV,Sony Bravia 55,Lenovo,4,1394.62,0.24,0.18,5002.78,Cash,In-Store,EMP690,1,1,Same Day,8,USD
ORD136501,27-09-2023,BR74,Germany,Berlin,CUST2587,PROD467,TV,Samsung QLED 50,OnePlus,3,1706.43,0.12,0.18,5315.87,Debit Card,Online,EMP801,3,0,Standard,7,GBP
ORD136502,22-06-2023,BR60,Germany,Hamburg,CUST7601,PROD207,Accessories,Wireless Mouse,Sony,2,663.67,0,0.18,1566.26,Debit Card,Online,EMP690,0,1,Standard,8,INR
ORD136503,12-12-2023,BR38,UAE,Abu Dhabi,CUST7502,PROD551,Mobile,iPhone 14,Dell,3,817.64,0.21,0.18,2286.61,UPI,Online,EMP703,3,1,Standard,6,EUR
ORD136504,08-10-2023,BR63,UAE,Abu Dhabi,CUST1477,PROD246,Mobile,iPhone 14,LG,5,463.15,0.03,0.18,2650.61,Net Banking,Online,EMP365,0,0,Express,1,EUR
ORD136505,27-05-2024,BR64,USA,Chicago,CUST7633,PROD626,Laptop,Dell XPS 13,HP,4,1827.09,0.2,0.18,6899.09,Cash,Online,EMP784,0,0,Express,10,GBP
ORD136506,28-12-2024,BR79,UAE,Dubai,CUST2764,PROD356,Tablet,Lenovo Tab P11,Dell,1,1556.96,0.1,0.18,1653.49,Cash,In-Store,EMP652,2,0,Express,5,GBP
ORD136507,25-09-2023,BR118,USA,Dallas,CUST8086,PROD478,Tablet,iPad Air,Lenovo,4,1732.29,0.02,0.18,8012.88,Debit Card,In-Store,EMP755,0,1,Express,9,GBP
ORD136508,19-05-2023,BR108,Germany,Hamburg,CUST2736,PROD323,Accessories,Wireless Mouse,Sony,1,609.21,0.04,0.18,690.11,Net Banking,In-Store,EMP635,3,1,Same Day,10,INR
ORD136509,01-02-2023,BR53,UK,Birmingham,CUST8726,PROD612,Accessories,Wireless Mouse,Dell,3,813.92,0.16,0.18,2420.27,Cash,In-Store,EMP646,1,1,Express,6,INR
ORD136510,03-11-2023,BR39,India,Bangalore,CUST2442,PROD721,Laptop,HP Spectre x360,Sony,5,1358.23,0.01,0.18,7933.42,Debit Card,In-Store,EMP838,2,1,Same Day,9,GBP
ORD136511,21-08-2024,BR120,USA,Chicago,CUST4772,PROD991,Laptop,HP Spectre x360,LG,4,140.59,0.02,0.18,650.31,Cash,In-Store,EMP474,1,0,Standard,1,AED
ORD136512,22-10-2024,BR31,USA,Chicago,CUST2027,PROD299,Laptop,MacBook Air M2,Lenovo,4,1159.75,0.02,0.18,5364.54,Net Banking,In-Store,EMP457,1,1,Express,8,USD
ORD136513,03-12-2023,BR14,Germany,Munich,CUST4022,PROD229,Mobile,Samsung Galaxy S23,Lenovo,1,1905.17,0.26,0.18,1663.59,UPI,Online,EMP318,0,0,Express,10,USD
ORD136514,19-08-2023,BR73,UAE,Dubai,CUST8364,PROD603,Accessories,Wireless Mouse,HP,2,954.89,0.23,0.18,1735.23,Credit Card,Online,EMP634,1,0,Express,8,GBP
ORD136515,05-10-2024,BR59,USA,New York,CUST7414,PROD196,TV,Sony Bravia 55,HP,4,1803.81,0.24,0.18,6470.63,Credit Card,In-Store,EMP503,1,1,Standard,7,AED
ORD136516,24-04-2023,BR60,UK,London,CUST4679,PROD390,Accessories,Wireless Mouse,Lenovo,5,1804.43,0.1,0.18,9581.52,Credit Card,In-Store,EMP606,1,0,Standard,7,EUR
ORD136517,05-07-2023,BR64,UAE,Abu Dhabi,CUST4626,PROD501,Mobile,OnePlus 11,Dell,3,779.69,0.15,0.18,2346.09,Debit Card,Online,EMP733,3,0,Same Day,9,AED
ORD136518,11-03-2024,BR31,USA,Chicago,CUST6370,PROD674,Mobile,Samsung Galaxy S23,Dell,1,336.37,0.24,0.18,301.66,Cash,Online,EMP220,0,1,Same Day,6,AED
ORD136519,19-09-2023,BR67,UK,London,CUST3509,PROD254,Accessories,Bluetooth Headphones,HP,5,1246.22,0.19,0.18,5955.69,Credit Card,Online,EMP543,2,0,Standard,7,GBP
ORD136520,12-08-2024,BR43,USA,Los Angeles,CUST2001,PROD623,Mobile,OnePlus 11,OnePlus,4,1639.87,0.24,0.18,5882.54,Cash,In-Store,EMP353,0,0,Express,3,AED
ORD136521,20-02-2023,BR25,UAE,Abu Dhabi,CUST4681,PROD746,TV,LG OLED 48,Dell,3,416.16,0.26,0.18,1090.17,UPI,In-Store,EMP280,0,0,Express,4,AED
ORD136522,02-05-2024,BR51,UAE,Abu Dhabi,CUST3891,PROD531,TV,LG OLED 48,HP,3,710.73,0.27,0.18,1836.67,Credit Card,In-Store,EMP741,0,0,Standard,9,GBP
ORD136523,15-04-2024,BR24,India,Mumbai,CUST5078,PROD299,Laptop,MacBook Air M2,HP,4,97.68,0.16,0.18,387.28,Credit Card,Online,EMP429,2,0,Express,8,USD
ORD136524,14-05-2023,BR29,UK,London,CUST1838,PROD876,Laptop,Dell XPS 13,Apple,4,1393.08,0.15,0.18,5589.04,UPI,Online,EMP616,3,1,Express,5,AED
ORD136525,20-07-2024,BR11,USA,Los Angeles,CUST6354,PROD674,Tablet,iPad Air,LG,3,1744.94,0.23,0.18,4756.36,UPI,Online,EMP656,3,0,Standard,5,EUR
ORD136526,25-06-2024,BR55,USA,Los Angeles,CUST2248,PROD188,Laptop,MacBook Air M2,Apple,3,1627.54,0.09,0.18,5242.96,UPI,In-Store,EMP576,3,0,Standard,9,AED
ORD136527,21-03-2023,BR59,USA,Chicago,CUST8679,PROD342,TV,Sony Bravia 55,Apple,5,1396.11,0.2,0.18,6589.64,Cash,In-Store,EMP878,3,0,Express,4,AED
ORD136528,03-05-2023,BR95,UK,Birmingham,CUST1331,PROD372,Laptop,HP Spectre x360,HP,1,1395.5,0.27,0.18,1202.08,Cash,In-Store,EMP474,3,1,Express,9,INR
ORD136529,06-03-2024,BR24,UK,Manchester,CUST9538,PROD700,Mobile,OnePlus 11,OnePlus,2,117.2,0.25,0.18,207.44,Net Banking,Online,EMP763,2,0,Express,4,GBP
ORD136530,15-04-2023,BR35,UK,Manchester,CUST5198,PROD713,Mobile,iPhone 14,Sony,3,1023.33,0.19,0.18,2934.3,Net Banking,In-Store,EMP568,1,0,Same Day,8,GBP
ORD136531,05-06-2023,BR70,UK,Birmingham,CUST3971,PROD207,Tablet,Samsung Galaxy Tab,Dell,5,756.88,0.18,0.18,3661.79,Net Banking,In-Store,EMP582,3,0,Standard,9,USD
ORD136532,27-12-2024,BR23,UK,Birmingham,CUST2042,PROD487,TV,Samsung QLED 50,Apple,3,1412.14,0.03,0.18,4849.01,UPI,Online,EMP836,0,0,Standard,2,AED
ORD136533,19-09-2023,BR51,USA,Dallas,CUST8227,PROD247,Tablet,Lenovo Tab P11,Apple,2,1976.61,0.02,0.18,4571.5,Cash,Online,EMP641,3,1,Express,4,EUR
ORD136534,15-08-2023,BR25,UK,London,CUST7731,PROD804,Accessories,Wireless Mouse,Sony,5,72.14,0.11,0.18,378.81,Credit Card,In-Store,EMP734,3,1,Same Day,5,AED
ORD136535,25-09-2023,BR30,USA,Chicago,CUST8411,PROD661,Tablet,Samsung Galaxy Tab,HP,5,699.34,0.15,0.18,3507.19,UPI,In-Store,EMP794,1,0,Same Day,4,GBP
ORD136536,30-10-2024,BR44,UK,London,CUST6793,PROD781,Tablet,Samsung Galaxy Tab,HP,1,731.46,0.13,0.18,750.92,Credit Card,In-Store,EMP364,1,1,Same Day,3,GBP
ORD136537,19-05-2024,BR64,USA,Chicago,CUST4208,PROD413,Tablet,Lenovo Tab P11,OnePlus,3,1544.63,0.28,0.18,3936.95,Debit Card,In-Store,EMP540,3,0,Standard,8,USD
ORD136538,26-05-2023,BR107,India,Bangalore,CUST2138,PROD553,TV,LG OLED 48,Lenovo,4,1632.91,0.07,0.18,7167.82,Net Banking,Online,EMP796,3,0,Express,1,AED
ORD136539,20-07-2024,BR113,India,Bangalore,CUST8334,PROD976,Laptop,MacBook Air M2,Samsung,5,1113.25,0.2,0.18,5254.54,UPI,In-Store,EMP217,2,0,Same Day,1,AED
ORD136540,18-01-2024,BR31,UK,Birmingham,CUST4931,PROD921,Accessories,Bluetooth Headphones,OnePlus,1,205.7,0.09,0.18,220.88,UPI,Online,EMP604,2,1,Express,10,INR
ORD136541,30-06-2024,BR28,Germany,Munich,CUST3972,PROD297,TV,Samsung QLED 50,Apple,5,1066.5,0.22,0.18,4908.03,UPI,In-Store,EMP426,1,1,Express,8,AED
ORD136542,05-04-2024,BR32,Germany,Hamburg,CUST2356,PROD912,TV,Sony Bravia 55,Lenovo,5,457.48,0.15,0.18,2294.26,Credit Card,Online,EMP381,3,0,Express,10,GBP
ORD136543,21-04-2023,BR16,UK,Manchester,CUST7499,PROD659,Laptop,Dell XPS 13,HP,5,1200.81,0.16,0.18,5951.21,Net Banking,Online,EMP639,2,0,Express,9,GBP
ORD136544,22-04-2024,BR35,UAE,Dubai,CUST7009,PROD258,TV,LG OLED 48,LG,3,1203.63,0.19,0.18,3451.29,Credit Card,Online,EMP272,1,1,Same Day,1,AED
ORD136545,12-04-2024,BR52,UK,London,CUST2921,PROD830,Laptop,Dell XPS 13,Lenovo,5,1301.3,0.29,0.18,5451.15,Cash,Online,EMP475,1,0,Standard,7,INR
ORD136546,15-12-2024,BR82,UAE,Abu Dhabi,CUST5068,PROD411,Mobile,iPhone 14,Samsung,4,1912.94,0.21,0.18,7132.97,Credit Card,In-Store,EMP207,3,0,Standard,10,USD
ORD136547,02-11-2024,BR91,UAE,Dubai,CUST6999,PROD149,Accessories,Wireless Mouse,LG,1,1699.35,0.19,0.18,1624.24,Cash,Online,EMP211,2,1,Standard,3,USD
ORD136548,11-01-2023,BR113,UAE,Abu Dhabi,CUST6522,PROD435,Accessories,Bluetooth Headphones,Apple,3,1062.62,0.29,0.18,2670.79,Debit Card,Online,EMP676,1,0,Same Day,8,GBP
ORD136549,20-03-2023,BR71,India,Pune,CUST5667,PROD954,Tablet,Lenovo Tab P11,Sony,3,1235.5,0.21,0.18,3455.2,Cash,In-Store,EMP370,3,1,Express,9,GBP
ORD136550,26-10-2024,BR30,UK,Birmingham,CUST2575,PROD367,TV,LG OLED 48,LG,3,524.6,0.02,0.18,1819.94,Cash,In-Store,EMP983,3,1,Express,2,GBP
ORD136551,08-08-2024,BR113,India,Pune,CUST9849,PROD575,Tablet,Samsung Galaxy Tab,Dell,2,1212.3,0.25,0.18,2145.77,Cash,Online,EMP225,1,1,Standard,5,USD
ORD136552,01-10-2024,BR9,USA,New York,CUST7450,PROD367,Mobile,iPhone 14,Lenovo,3,947.74,0.15,0.18,2851.75,Credit Card,Online,EMP558,1,1,Standard,4,GBP
ORD136553,29-09-2024,BR108,UAE,Abu Dhabi,CUST3537,PROD366,Laptop,Dell XPS 13,Sony,2,656.26,0.23,0.18,1192.56,UPI,Online,EMP441,3,1,Express,1,EUR
ORD136554,09-10-2024,BR44,India,Bangalore,CUST6369,PROD192,Mobile,Samsung Galaxy S23,LG,2,1087.04,0,0.18,2565.41,UPI,In-Store,EMP261,2,0,Same Day,10,GBP
ORD136555,23-04-2023,BR39,USA,Los Angeles,CUST1240,PROD260,TV,LG OLED 48,Dell,1,636.98,0.1,0.18,676.47,UPI,Online,EMP428,1,0,Same Day,3,EUR
ORD136556,26-10-2024,BR1,UK,Manchester,CUST7651,PROD318,Mobile,OnePlus 11,OnePlus,5,1463.18,0.14,0.18,7424.18,UPI,In-Store,EMP525,3,1,Standard,10,AED
ORD136557,26-05-2023,BR49,UK,Birmingham,CUST7033,PROD859,Mobile,OnePlus 11,Apple,4,238.08,0.28,0.18,809.09,Credit Card,Online,EMP971,0,1,Express,4,EUR
ORD136558,23-02-2023,BR2,UAE,Dubai,CUST2928,PROD411,TV,Sony Bravia 55,LG,3,267.4,0.15,0.18,804.61,Cash,Online,EMP833,0,0,Express,8,EUR
ORD136559,17-04-2024,BR105,India,Mumbai,CUST4009,PROD235,Tablet,Lenovo Tab P11,Lenovo,2,773.64,0.15,0.18,1551.92,Net Banking,In-Store,EMP533,1,1,Standard,10,INR
ORD136560,05-10-2024,BR85,Germany,Hamburg,CUST8633,PROD148,Accessories,Keyboard,LG,5,1362.45,0.27,0.18,5868.07,Net Banking,Online,EMP340,2,1,Express,1,USD
ORD136561,20-04-2024,BR109,India,Pune,CUST9182,PROD250,Laptop,HP Spectre x360,Samsung,4,1376.98,0.2,0.18,5199.48,Debit Card,In-Store,EMP579,2,0,Same Day,10,USD
ORD136562,13-09-2024,BR44,UK,Manchester,CUST9598,PROD221,Mobile,OnePlus 11,Samsung,5,1221.97,0.23,0.18,5551.41,UPI,Online,EMP333,2,1,Express,8,AED
ORD136563,10-09-2023,BR82,Germany,Hamburg,CUST3571,PROD410,Accessories,Wireless Mouse,Apple,3,1185.79,0.21,0.18,3316.18,UPI,In-Store,EMP312,2,0,Express,4,INR
ORD136564,28-02-2023,BR46,UK,London,CUST8971,PROD869,Tablet,Lenovo Tab P11,Lenovo,1,1618.01,0.04,0.18,1832.88,Cash,In-Store,EMP592,3,0,Express,2,AED
ORD136565,26-12-2024,BR103,UK,Manchester,CUST7955,PROD179,Mobile,iPhone 14,HP,2,1044.74,0.05,0.18,2342.31,Cash,In-Store,EMP408,0,1,Express,3,INR
ORD136566,21-05-2024,BR58,Germany,Munich,CUST3446,PROD842,Laptop,Dell XPS 13,HP,2,1819.02,0.09,0.18,3906.53,Debit Card,In-Store,EMP598,3,1,Standard,10,INR
ORD136567,08-06-2023,BR108,UAE,Abu Dhabi,CUST7188,PROD763,TV,Samsung QLED 50,LG,3,1371.28,0.01,0.18,4805.79,Credit Card,Online,EMP401,0,1,Express,3,GBP
ORD136568,27-03-2024,BR42,USA,Chicago,CUST8029,PROD989,Mobile,OnePlus 11,Sony,1,289.21,0.27,0.18,249.13,Net Banking,In-Store,EMP934,0,0,Same Day,6,INR
ORD136569,22-03-2024,BR92,USA,Chicago,CUST1430,PROD473,Mobile,iPhone 14,HP,3,1276.8,0.26,0.18,3344.71,Net Banking,In-Store,EMP234,0,1,Express,5,EUR
ORD136570,02-12-2024,BR69,India,Mumbai,CUST5841,PROD153,Mobile,iPhone 14,Sony,5,505.57,0.1,0.18,2684.58,Net Banking,In-Store,EMP977,0,0,Express,4,USD
ORD136571,15-03-2023,BR33,Germany,Berlin,CUST8386,PROD619,Laptop,MacBook Air M2,Samsung,3,1743.16,0.09,0.18,5615.42,UPI,Online,EMP773,1,0,Same Day,6,AED
ORD136572,15-12-2024,BR50,UAE,Abu Dhabi,CUST5184,PROD264,Tablet,iPad Air,Apple,5,1066.07,0.1,0.18,5660.83,Cash,In-Store,EMP770,1,1,Standard,9,GBP
ORD136573,17-02-2024,BR15,UK,London,CUST9163,PROD218,TV,Sony Bravia 55,OnePlus,1,1502.19,0.16,0.18,1488.97,Net Banking,Online,EMP793,1,0,Express,2,GBP
ORD136574,10-10-2024,BR22,USA,New York,CUST5692,PROD926,Accessories,Wireless Mouse,Sony,5,924.4,0.07,0.18,5072.18,Net Banking,Online,EMP472,0,1,Same Day,4,EUR
ORD136575,14-03-2023,BR34,UK,London,CUST3824,PROD274,Laptop,HP Spectre x360,LG,5,896.35,0.07,0.18,4918.27,Net Banking,Online,EMP547,0,0,Same Day,8,USD
ORD136576,14-12-2024,BR58,UK,Manchester,CUST5940,PROD760,Laptop,HP Spectre x360,Samsung,1,263.75,0.13,0.18,270.77,Net Banking,Online,EMP714,3,1,Same Day,4,EUR
ORD136577,07-05-2024,BR45,USA,Dallas,CUST8835,PROD560,Accessories,Wireless Mouse,Samsung,3,1008.03,0.01,0.18,3532.74,Net Banking,Online,EMP794,1,1,Same Day,1,GBP
ORD136578,22-05-2023,BR57,USA,New York,CUST6278,PROD494,Accessories,Bluetooth Headphones,Dell,4,1229.48,0.1,0.18,5222.83,Debit Card,Online,EMP816,2,1,Same Day,5,GBP
ORD136579,24-11-2023,BR72,India,Mumbai,CUST6128,PROD734,Accessories,Keyboard,OnePlus,5,857.49,0.06,0.18,4755.64,Cash,In-Store,EMP397,0,0,Same Day,7,USD
ORD136580,27-03-2024,BR66,USA,Los Angeles,CUST8401,PROD229,Tablet,Lenovo Tab P11,Lenovo,1,1079.49,0.06,0.18,1197.37,Debit Card,Online,EMP587,0,1,Same Day,4,GBP
ORD136581,11-01-2023,BR97,UAE,Dubai,CUST7538,PROD308,Mobile,Samsung Galaxy S23,HP,2,1033.74,0.28,0.18,1756.53,Net Banking,Online,EMP851,3,0,Standard,3,GBP
ORD136582,12-08-2023,BR69,Germany,Hamburg,CUST3610,PROD102,Mobile,iPhone 14,Apple,2,1969.03,0.03,0.18,4507.5,Net Banking,In-Store,EMP797,2,0,Express,1,USD
ORD136583,06-12-2023,BR57,India,Pune,CUST2520,PROD864,TV,Samsung QLED 50,Lenovo,1,575.01,0.19,0.18,549.59,Credit Card,In-Store,EMP456,1,0,Standard,8,EUR
ORD136584,18-04-2023,BR45,UK,Birmingham,CUST4811,PROD687,Laptop,HP Spectre x360,HP,2,296.89,0.19,0.18,567.53,UPI,In-Store,EMP884,3,1,Same Day,1,EUR
ORD136585,22-11-2023,BR45,UK,Manchester,CUST5581,PROD307,TV,LG OLED 48,Sony,2,1489.94,0.3,0.18,2461.38,Credit Card,Online,EMP909,3,1,Express,9,AED
ORD136586,27-02-2023,BR58,UK,Manchester,CUST8538,PROD765,Accessories,Keyboard,HP,2,920.96,0.19,0.18,1760.51,Cash,Online,EMP585,1,1,Standard,2,USD
ORD136587,26-08-2024,BR20,UK,Manchester,CUST3787,PROD410,Laptop,MacBook Air M2,OnePlus,2,1928.96,0.24,0.18,3459.78,Debit Card,Online,EMP540,2,0,Same Day,3,AED
ORD136588,02-12-2024,BR56,India,Bangalore,CUST1309,PROD434,Accessories,Bluetooth Headphones,Apple,4,1954.11,0.17,0.18,7655.42,UPI,Online,EMP935,0,0,Same Day,6,INR
ORD136589,08-06-2024,BR24,UAE,Dubai,CUST3048,PROD368,Mobile,OnePlus 11,Apple,4,1612.97,0.08,0.18,7004.16,Credit Card,Online,EMP871,1,1,Express,5,USD
ORD136590,05-08-2023,BR32,UAE,Abu Dhabi,CUST7876,PROD945,TV,LG OLED 48,Apple,1,230.59,0.07,0.18,253.05,Cash,In-Store,EMP550,2,0,Same Day,4,INR
ORD136591,11-08-2023,BR23,UK,Manchester,CUST8980,PROD633,Mobile,iPhone 14,Lenovo,2,1324.21,0.02,0.18,3062.63,Credit Card,In-Store,EMP736,2,1,Express,1,AED
ORD136592,14-09-2023,BR110,UAE,Dubai,CUST9220,PROD134,Accessories,Wireless Mouse,Lenovo,5,1611.76,0.1,0.18,8558.45,Credit Card,Online,EMP497,1,0,Express,10,EUR
ORD136593,13-07-2023,BR39,India,Pune,CUST1967,PROD741,Mobile,Samsung Galaxy S23,HP,1,1435.46,0.04,0.18,1626.09,Credit Card,Online,EMP616,2,1,Standard,7,USD
ORD136594,19-04-2023,BR79,Germany,Hamburg,CUST5428,PROD818,TV,Sony Bravia 55,LG,2,824.13,0.2,0.18,1555.96,UPI,In-Store,EMP470,1,1,Express,1,INR
ORD136595,15-12-2024,BR46,UAE,Dubai,CUST9315,PROD731,Mobile,OnePlus 11,Dell,5,417.74,0.09,0.18,2242.85,Credit Card,Online,EMP751,2,1,Standard,7,AED
ORD136596,27-10-2024,BR57,USA,New York,CUST3948,PROD530,Laptop,Dell XPS 13,Apple,2,854.12,0.28,0.18,1451.32,Credit Card,Online,EMP867,3,0,Standard,1,AED
ORD136597,22-09-2023,BR89,India,Delhi,CUST2283,PROD575,Laptop,HP Spectre x360,Sony,5,322.54,0.19,0.18,1541.42,UPI,In-Store,EMP678,3,0,Same Day,1,GBP
ORD136598,18-08-2023,BR99,Germany,Munich,CUST9812,PROD132,Laptop,MacBook Air M2,OnePlus,3,1931.05,0.12,0.18,6015.61,Credit Card,In-Store,EMP431,3,0,Express,7,EUR
ORD136599,28-07-2024,BR21,India,Bangalore,CUST7539,PROD551,Laptop,MacBook Air M2,Dell,3,526.68,0.02,0.18,1827.16,UPI,Online,EMP342,3,0,Same Day,8,GBP
ORD136600,10-11-2023,BR46,Germany,Munich,CUST7733,PROD630,Laptop,Dell XPS 13,HP,1,945.29,0.12,0.18,981.59,UPI,In-Store,EMP834,2,1,Express,6,USD
ORD136601,31-03-2024,BR107,India,Pune,CUST2946,PROD920,Accessories,Wireless Mouse,OnePlus,2,55.88,0.09,0.18,120.01,Cash,Online,EMP720,1,0,Express,7,AED
ORD136602,27-07-2023,BR76,Germany,Hamburg,CUST7010,PROD757,TV,Samsung QLED 50,Sony,5,1711.24,0.09,0.18,9187.65,UPI,In-Store,EMP443,0,1,Same Day,4,USD
ORD136603,15-10-2023,BR112,India,Pune,CUST6840,PROD257,Laptop,HP Spectre x360,OnePlus,4,597.46,0.23,0.18,2171.41,Credit Card,In-Store,EMP737,3,1,Standard,4,INR
ORD136604,16-07-2024,BR31,Germany,Munich,CUST3304,PROD841,Tablet,iPad Air,Lenovo,4,383.16,0.26,0.18,1338.3,UPI,Online,EMP647,1,1,Same Day,9,AED
ORD136605,03-02-2024,BR3,India,Pune,CUST5367,PROD337,Accessories,Keyboard,Lenovo,5,1385.81,0.19,0.18,6622.79,Net Banking,Online,EMP526,3,0,Same Day,4,EUR
ORD136606,20-01-2024,BR46,USA,New York,CUST7147,PROD826,TV,Sony Bravia 55,Samsung,1,934.13,0.21,0.18,870.8,Credit Card,Online,EMP771,0,1,Express,4,INR
ORD136607,28-01-2023,BR64,UAE,Dubai,CUST4853,PROD512,TV,LG OLED 48,LG,4,738.84,0.25,0.18,2615.49,Credit Card,In-Store,EMP608,0,0,Standard,5,INR
ORD136608,09-07-2023,BR84,Germany,Berlin,CUST4315,PROD636,Mobile,iPhone 14,LG,1,673.32,0.03,0.18,770.68,Credit Card,In-Store,EMP468,1,0,Standard,2,AED
ORD136609,27-07-2023,BR89,UK,Manchester,CUST7473,PROD325,Accessories,Wireless Mouse,Lenovo,5,1696.54,0.11,0.18,8908.53,Credit Card,In-Store,EMP488,1,1,Standard,3,INR
ORD136610,17-04-2024,BR22,India,Delhi,CUST2231,PROD451,Accessories,Keyboard,HP,3,1461.31,0.09,0.18,4707.46,Cash,In-Store,EMP719,1,1,Same Day,8,AED
ORD136611,11-09-2023,BR50,Germany,Hamburg,CUST1969,PROD140,Laptop,HP Spectre x360,Lenovo,3,1198.55,0.13,0.18,3691.29,Credit Card,In-Store,EMP933,0,0,Same Day,8,USD
ORD136612,13-11-2023,BR77,Germany,Munich,CUST6010,PROD321,Mobile,OnePlus 11,Apple,5,1975.85,0.25,0.18,8743.14,Net Banking,Online,EMP742,3,1,Express,6,INR
ORD136613,01-04-2024,BR103,UAE,Dubai,CUST6551,PROD127,Laptop,MacBook Air M2,OnePlus,4,719.67,0.09,0.18,3091.13,Debit Card,Online,EMP960,3,0,Same Day,5,GBP
ORD136614,22-08-2023,BR78,UAE,Abu Dhabi,CUST6879,PROD305,Mobile,OnePlus 11,Sony,4,1679.04,0.13,0.18,6894.81,Debit Card,Online,EMP486,2,1,Same Day,9,EUR
ORD136615,08-06-2023,BR41,UAE,Abu Dhabi,CUST3076,PROD123,Laptop,Dell XPS 13,Dell,4,1921.14,0.28,0.18,6528.8,Credit Card,In-Store,EMP524,1,1,Same Day,8,EUR
ORD136616,26-07-2024,BR83,UK,Birmingham,CUST5865,PROD233,Accessories,Bluetooth Headphones,Lenovo,5,633.68,0.07,0.18,3477,UPI,In-Store,EMP294,3,0,Same Day,8,GBP
ORD136617,15-01-2024,BR92,India,Pune,CUST6420,PROD117,Laptop,HP Spectre x360,Samsung,3,800.99,0.08,0.18,2608.66,Cash,In-Store,EMP327,0,1,Express,8,GBP
ORD136618,24-12-2024,BR52,UK,Birmingham,CUST5243,PROD656,TV,Samsung QLED 50,Samsung,1,643.83,0.15,0.18,645.76,Credit Card,Online,EMP628,1,1,Standard,4,USD
ORD136619,23-01-2024,BR8,India,Pune,CUST5664,PROD371,Tablet,Samsung Galaxy Tab,OnePlus,5,597.56,0.05,0.18,3349.32,Credit Card,In-Store,EMP443,3,1,Same Day,5,USD
ORD136620,27-02-2024,BR116,India,Delhi,CUST2292,PROD126,Laptop,Dell XPS 13,OnePlus,1,1343.98,0.17,0.18,1316.29,UPI,Online,EMP479,0,1,Express,9,INR
ORD136621,05-06-2023,BR46,India,Mumbai,CUST8426,PROD766,TV,Samsung QLED 50,HP,2,905.07,0.21,0.18,1687.41,Debit Card,Online,EMP595,0,0,Same Day,1,EUR
ORD136622,28-08-2023,BR9,UAE,Dubai,CUST2783,PROD987,Accessories,Keyboard,Lenovo,2,1647.99,0.3,0.18,2722.48,Credit Card,Online,EMP490,2,0,Same Day,4,GBP
ORD136623,26-12-2023,BR90,UAE,Dubai,CUST9947,PROD951,Accessories,Keyboard,Lenovo,2,1675.99,0.1,0.18,3559.8,UPI,In-Store,EMP302,0,0,Same Day,3,INR
ORD136624,09-10-2023,BR69,India,Pune,CUST3921,PROD359,Laptop,HP Spectre x360,Sony,4,1422.47,0.06,0.18,6311.21,Net Banking,Online,EMP915,2,0,Same Day,3,GBP
ORD136625,22-10-2023,BR10,India,Bangalore,CUST8262,PROD584,Accessories,Wireless Mouse,Apple,2,144.52,0.26,0.18,252.39,Credit Card,Online,EMP360,0,0,Standard,8,INR
ORD136626,28-10-2023,BR37,Germany,Berlin,CUST1549,PROD532,Laptop,Dell XPS 13,Apple,3,723.7,0.14,0.18,2203.23,Credit Card,Online,EMP914,3,1,Express,3,AED
ORD136627,02-12-2024,BR21,UK,London,CUST7222,PROD948,Laptop,MacBook Air M2,HP,5,621.63,0.17,0.18,3044.12,Credit Card,In-Store,EMP338,2,0,Express,8,GBP
ORD136628,23-04-2024,BR114,India,Pune,CUST3772,PROD222,Accessories,Bluetooth Headphones,Sony,5,661.59,0.06,0.18,3669.18,Net Banking,In-Store,EMP818,2,0,Express,6,EUR
ORD136629,05-12-2024,BR28,UK,London,CUST3685,PROD750,TV,LG OLED 48,HP,5,282.65,0.1,0.18,1500.87,Cash,In-Store,EMP268,1,0,Express,3,AED
ORD136630,21-12-2024,BR22,Germany,Hamburg,CUST9506,PROD739,Tablet,Samsung Galaxy Tab,Sony,5,1277.74,0.23,0.18,5804.77,Credit Card,Online,EMP798,0,1,Express,3,USD
ORD136631,10-10-2024,BR100,Germany,Berlin,CUST4818,PROD280,Mobile,OnePlus 11,Apple,2,54.48,0.04,0.18,123.43,Net Banking,In-Store,EMP240,3,0,Express,1,EUR
ORD136632,02-06-2023,BR91,India,Pune,CUST7896,PROD467,TV,Samsung QLED 50,OnePlus,5,1872.34,0.1,0.18,9942.13,Net Banking,In-Store,EMP552,0,1,Standard,9,EUR
ORD136633,31-10-2024,BR40,India,Mumbai,CUST9868,PROD617,TV,LG OLED 48,Dell,4,1358.71,0.01,0.18,6348.98,Cash,Online,EMP264,3,0,Express,9,EUR
ORD136634,30-09-2024,BR50,USA,New York,CUST2100,PROD134,Laptop,MacBook Air M2,Sony,2,629.08,0.14,0.18,1276.78,Credit Card,In-Store,EMP782,1,1,Same Day,5,AED
ORD136635,01-08-2024,BR31,India,Mumbai,CUST8596,PROD887,Accessories,Bluetooth Headphones,LG,5,1220.63,0.29,0.18,5113.22,Credit Card,In-Store,EMP354,2,0,Express,1,GBP
ORD136636,09-03-2024,BR99,USA,New York,CUST4691,PROD493,Accessories,Bluetooth Headphones,LG,1,1024.59,0.01,0.18,1196.93,UPI,Online,EMP323,0,1,Express,5,AED
ORD136637,12-11-2023,BR73,Germany,Munich,CUST7580,PROD871,Accessories,Bluetooth Headphones,Dell,5,1143.16,0.04,0.18,6474.86,Cash,Online,EMP438,2,1,Standard,10,EUR
ORD136638,22-04-2024,BR12,UAE,Abu Dhabi,CUST2241,PROD166,Tablet,iPad Air,Samsung,5,1376.06,0.23,0.18,6251.44,Net Banking,Online,EMP206,2,1,Express,9,GBP
ORD136639,02-01-2024,BR59,USA,Dallas,CUST4295,PROD585,Mobile,iPhone 14,Samsung,4,1147.16,0.21,0.18,4277.53,Debit Card,In-Store,EMP709,3,0,Standard,5,USD
ORD136640,16-07-2023,BR19,USA,New York,CUST6603,PROD743,Accessories,Bluetooth Headphones,Sony,3,835.16,0.09,0.18,2690.38,Net Banking,Online,EMP351,3,1,Same Day,2,AED
ORD136641,12-07-2023,BR21,UAE,Dubai,CUST5649,PROD387,Tablet,Samsung Galaxy Tab,Apple,5,1601.15,0.17,0.18,7840.83,Debit Card,Online,EMP335,2,0,Standard,9,INR
ORD136642,23-08-2023,BR45,India,Bangalore,CUST8973,PROD601,Mobile,OnePlus 11,OnePlus,3,962.19,0.12,0.18,2997.41,Net Banking,In-Store,EMP812,3,0,Express,8,EUR
ORD136643,07-10-2023,BR37,India,Mumbai,CUST3446,PROD318,Tablet,Lenovo Tab P11,Lenovo,3,1904.51,0.04,0.18,6472.29,Credit Card,Online,EMP221,3,1,Express,6,INR
ORD136644,11-09-2023,BR74,India,Delhi,CUST8917,PROD222,Tablet,Lenovo Tab P11,Dell,4,1995.93,0.24,0.18,7159.8,Credit Card,Online,EMP858,2,0,Express,5,GBP
ORD136645,30-05-2024,BR2,Germany,Munich,CUST7176,PROD572,Tablet,iPad Air,Samsung,4,1153.56,0.19,0.18,4410.29,Cash,Online,EMP871,1,0,Express,7,EUR
ORD136646,08-03-2024,BR94,India,Pune,CUST9095,PROD393,Accessories,Wireless Mouse,HP,3,837.85,0.03,0.18,2877.01,Credit Card,Online,EMP961,0,1,Standard,7,AED
ORD136647,25-02-2023,BR98,USA,New York,CUST9319,PROD681,Accessories,Wireless Mouse,Lenovo,1,789.43,0.01,0.18,922.21,Cash,In-Store,EMP738,1,0,Standard,4,INR
ORD136648,20-01-2023,BR119,UK,Birmingham,CUST4806,PROD989,Tablet,Lenovo Tab P11,Dell,1,1162.85,0.08,0.18,1262.39,Debit Card,Online,EMP691,3,0,Same Day,3,GBP
ORD136649,06-09-2024,BR92,India,Bangalore,CUST6190,PROD476,Laptop,HP Spectre x360,Sony,5,1055.83,0.02,0.18,6104.81,Cash,Online,EMP818,3,0,Standard,6,AED
ORD136650,16-06-2024,BR101,UAE,Abu Dhabi,CUST1591,PROD360,TV,LG OLED 48,Lenovo,2,1908.19,0.13,0.18,3917.9,Net Banking,In-Store,EMP209,0,0,Standard,9,AED
ORD136651,18-10-2024,BR94,UAE,Dubai,CUST7859,PROD516,Laptop,HP Spectre x360,HP,4,1099.6,0.06,0.18,4878.71,UPI,Online,EMP483,1,0,Express,8,INR
ORD136652,22-07-2024,BR4,Germany,Berlin,CUST6055,PROD173,Accessories,Bluetooth Headphones,Samsung,3,1171.93,0.07,0.18,3858.23,UPI,In-Store,EMP600,2,1,Express,8,AED
ORD136653,19-02-2024,BR82,USA,Dallas,CUST9914,PROD287,Mobile,Samsung Galaxy S23,LG,4,1550.75,0.26,0.18,5416.46,Credit Card,Online,EMP872,0,0,Standard,8,GBP
ORD136654,28-04-2024,BR76,USA,Los Angeles,CUST4975,PROD554,TV,LG OLED 48,OnePlus,3,583.53,0.27,0.18,1507.96,Debit Card,In-Store,EMP706,0,1,Standard,9,GBP
ORD136655,20-09-2024,BR36,UAE,Dubai,CUST3074,PROD729,Mobile,OnePlus 11,OnePlus,3,181.94,0.12,0.18,566.78,UPI,Online,EMP990,3,1,Same Day,4,AED
ORD136656,07-03-2024,BR37,India,Mumbai,CUST4120,PROD792,Accessories,Bluetooth Headphones,Sony,3,708.44,0.19,0.18,2031.38,UPI,Online,EMP321,3,1,Standard,3,USD
ORD136657,01-12-2024,BR50,USA,Los Angeles,CUST3070,PROD579,Mobile,OnePlus 11,Dell,1,471.57,0.28,0.18,400.65,UPI,In-Store,EMP951,1,0,Same Day,4,AED
ORD136658,09-06-2024,BR111,Germany,Hamburg,CUST2602,PROD829,Mobile,OnePlus 11,Dell,2,1903.52,0.21,0.18,3548.92,Cash,Online,EMP959,1,1,Express,9,AED
ORD136659,18-08-2024,BR86,USA,Los Angeles,CUST3089,PROD368,Accessories,Bluetooth Headphones,HP,1,159.59,0.21,0.18,148.77,UPI,Online,EMP467,2,1,Express,2,EUR
ORD136660,21-04-2023,BR49,India,Delhi,CUST7462,PROD698,TV,Samsung QLED 50,Samsung,4,499.67,0.13,0.18,2051.84,Debit Card,In-Store,EMP377,0,0,Standard,3,USD
ORD136661,14-09-2023,BR86,UK,Birmingham,CUST3652,PROD793,Tablet,Samsung Galaxy Tab,Samsung,1,1697.63,0.22,0.18,1562.5,Credit Card,In-Store,EMP325,0,0,Express,8,EUR
ORD136662,13-08-2023,BR114,USA,Los Angeles,CUST8756,PROD302,Mobile,Samsung Galaxy S23,LG,5,1020.24,0.27,0.18,4394.17,Cash,Online,EMP839,3,1,Express,8,INR
ORD136663,30-10-2023,BR24,UAE,Abu Dhabi,CUST4754,PROD745,TV,LG OLED 48,Lenovo,4,1618.62,0.08,0.18,7028.7,Credit Card,In-Store,EMP968,3,1,Same Day,6,INR
ORD136664,02-02-2024,BR16,UAE,Dubai,CUST2378,PROD441,TV,Samsung QLED 50,OnePlus,4,1583.81,0.17,0.18,6204.73,Credit Card,Online,EMP738,0,0,Standard,6,INR
ORD136665,14-08-2024,BR102,USA,Chicago,CUST6551,PROD586,Laptop,MacBook Air M2,Samsung,2,267.45,0.02,0.18,618.56,Credit Card,Online,EMP734,3,1,Express,6,USD
ORD136666,16-05-2023,BR105,USA,Los Angeles,CUST6471,PROD934,Laptop,MacBook Air M2,Samsung,4,1998.54,0.14,0.18,8112.47,Cash,In-Store,EMP745,2,0,Same Day,8,INR
ORD136667,01-08-2023,BR6,USA,Dallas,CUST8282,PROD557,Tablet,iPad Air,Sony,4,852.06,0.02,0.18,3941.29,Net Banking,Online,EMP322,1,0,Express,2,INR
ORD136668,10-06-2024,BR26,UAE,Dubai,CUST8288,PROD127,Tablet,iPad Air,Sony,5,794.38,0.19,0.18,3796.34,Cash,In-Store,EMP241,1,1,Standard,8,EUR
ORD136669,21-09-2023,BR19,Germany,Berlin,CUST1603,PROD767,Tablet,Lenovo Tab P11,Sony,1,1685.67,0.11,0.18,1770.29,UPI,Online,EMP400,0,1,Same Day,5,AED
ORD136670,02-11-2024,BR37,Germany,Berlin,CUST9382,PROD128,Laptop,MacBook Air M2,LG,5,1162.58,0.07,0.18,6379.08,Credit Card,Online,EMP981,3,1,Same Day,3,AED
ORD136671,04-11-2024,BR89,Germany,Berlin,CUST7554,PROD500,Laptop,MacBook Air M2,Dell,5,138.73,0.26,0.18,605.7,Cash,In-Store,EMP917,2,0,Same Day,4,GBP
ORD136672,24-05-2024,BR53,UK,London,CUST9564,PROD407,Mobile,iPhone 14,Samsung,3,1453.61,0.18,0.18,4219.54,UPI,Online,EMP400,3,0,Express,9,EUR
ORD136673,02-06-2024,BR89,UAE,Abu Dhabi,CUST3048,PROD953,Tablet,Samsung Galaxy Tab,Lenovo,2,1742.04,0.03,0.18,3987.88,Cash,Online,EMP981,0,1,Same Day,1,EUR
ORD136674,18-01-2023,BR120,Germany,Berlin,CUST3737,PROD726,Tablet,Samsung Galaxy Tab,Apple,3,1224.65,0.28,0.18,3121.39,Net Banking,Online,EMP453,0,1,Same Day,10,EUR
ORD136675,16-02-2024,BR16,India,Mumbai,CUST1664,PROD827,TV,Sony Bravia 55,Sony,3,249.18,0.11,0.18,785.07,Cash,Online,EMP830,2,1,Standard,6,INR
ORD136676,22-06-2024,BR34,UAE,Dubai,CUST7952,PROD630,Accessories,Wireless Mouse,Sony,5,1881.3,0.24,0.18,8435.75,Net Banking,Online,EMP211,1,1,Same Day,4,AED
ORD136677,25-01-2023,BR17,UAE,Dubai,CUST4462,PROD334,Laptop,Dell XPS 13,Apple,4,997.56,0.19,0.18,3813.87,Cash,Online,EMP864,0,0,Standard,5,USD
ORD136678,02-05-2023,BR50,India,Mumbai,CUST9276,PROD460,Mobile,iPhone 14,Apple,4,152.92,0.22,0.18,562.99,UPI,Online,EMP702,0,1,Express,10,AED
ORD136679,19-11-2023,BR44,Germany,Hamburg,CUST3518,PROD860,Accessories,Bluetooth Headphones,Samsung,2,661.17,0.12,0.18,1373.12,Cash,In-Store,EMP883,0,1,Express,1,INR
ORD136680,17-11-2024,BR59,Germany,Hamburg,CUST5024,PROD522,Accessories,Wireless Mouse,Lenovo,1,1905.83,0.1,0.18,2023.99,Debit Card,In-Store,EMP976,1,1,Express,4,INR
ORD136681,29-07-2024,BR26,UK,Birmingham,CUST2304,PROD407,Accessories,Keyboard,LG,5,1762.38,0.11,0.18,9254.26,Cash,Online,EMP774,1,0,Same Day,3,EUR
ORD136682,04-01-2023,BR11,Germany,Munich,CUST1584,PROD103,Tablet,Samsung Galaxy Tab,Samsung,1,1029.1,0.14,0.18,1044.33,Cash,Online,EMP423,0,0,Express,2,USD
ORD136683,14-01-2024,BR12,UAE,Abu Dhabi,CUST8870,PROD473,Tablet,Lenovo Tab P11,HP,5,1681.78,0.26,0.18,7342.65,Debit Card,Online,EMP573,0,1,Express,3,INR
ORD136684,17-07-2023,BR37,Germany,Berlin,CUST3973,PROD718,TV,Sony Bravia 55,OnePlus,4,932.29,0.28,0.18,3168.29,Debit Card,Online,EMP812,2,0,Standard,10,USD
ORD136685,11-05-2023,BR17,USA,Dallas,CUST6196,PROD952,Tablet,Samsung Galaxy Tab,Samsung,2,1905.04,0.2,0.18,3596.72,UPI,In-Store,EMP326,2,0,Express,9,INR
ORD136686,09-09-2024,BR110,Germany,Munich,CUST6768,PROD390,Mobile,iPhone 14,Lenovo,4,1508.77,0.3,0.18,4984.98,Net Banking,Online,EMP519,3,1,Same Day,3,USD
ORD136687,17-08-2024,BR52,USA,Chicago,CUST4444,PROD985,Mobile,Samsung Galaxy S23,Sony,5,1397.12,0.1,0.18,7418.71,UPI,Online,EMP207,0,0,Standard,2,USD
ORD136688,21-06-2023,BR92,UAE,Dubai,CUST3533,PROD277,TV,LG OLED 48,OnePlus,3,156.26,0.17,0.18,459.12,Debit Card,Online,EMP561,0,1,Express,6,AED
ORD136689,07-05-2023,BR13,USA,Dallas,CUST1859,PROD513,TV,Samsung QLED 50,Apple,5,388.95,0.14,0.18,1973.53,Cash,In-Store,EMP480,2,0,Same Day,1,EUR
ORD136690,23-07-2024,BR88,USA,Chicago,CUST6777,PROD858,Tablet,Lenovo Tab P11,Lenovo,1,1768.39,0.24,0.18,1585.89,Debit Card,Online,EMP746,3,0,Same Day,10,GBP
ORD136691,17-11-2024,BR97,USA,Chicago,CUST5339,PROD377,TV,LG OLED 48,Dell,3,690.27,0.08,0.18,2248.07,Net Banking,Online,EMP570,3,0,Standard,5,GBP
ORD136692,27-05-2023,BR101,UK,Manchester,CUST5212,PROD207,Accessories,Wireless Mouse,Lenovo,4,1068.94,0.13,0.18,4389.5,UPI,In-Store,EMP519,3,1,Same Day,6,USD
ORD136693,11-06-2024,BR67,UK,Manchester,CUST6153,PROD172,Laptop,HP Spectre x360,Dell,3,1470.01,0.19,0.18,4215.11,Credit Card,In-Store,EMP439,0,0,Express,4,EUR
ORD136694,02-01-2023,BR20,UAE,Dubai,CUST9849,PROD852,TV,LG OLED 48,Apple,3,102.53,0.26,0.18,268.59,UPI,In-Store,EMP869,0,1,Standard,2,INR
ORD136695,22-09-2024,BR29,USA,Los Angeles,CUST6245,PROD312,TV,LG OLED 48,OnePlus,1,1121.89,0.09,0.18,1204.69,UPI,Online,EMP306,0,1,Express,1,INR
ORD136696,15-12-2024,BR119,UK,Manchester,CUST5787,PROD754,Laptop,HP Spectre x360,Lenovo,2,829.53,0.22,0.18,1527,Cash,In-Store,EMP813,2,0,Express,6,USD
ORD136697,06-10-2023,BR69,Germany,Berlin,CUST5271,PROD956,Laptop,HP Spectre x360,HP,2,567.47,0.2,0.18,1071.38,Net Banking,Online,EMP344,0,0,Standard,9,EUR
ORD136698,18-04-2023,BR3,UAE,Dubai,CUST6557,PROD643,Accessories,Bluetooth Headphones,LG,1,1847.5,0,0.18,2180.05,Cash,Online,EMP898,0,0,Same Day,1,EUR
ORD136699,16-11-2023,BR110,India,Mumbai,CUST3357,PROD603,Accessories,Wireless Mouse,HP,4,1511.96,0.27,0.18,5209.61,Net Banking,Online,EMP451,2,0,Same Day,1,AED
ORD136700,20-11-2023,BR26,UAE,Abu Dhabi,CUST7076,PROD446,Mobile,Samsung Galaxy S23,Sony,2,950.8,0.28,0.18,1615.6,Credit Card,In-Store,EMP899,0,1,Same Day,2,AED
ORD136701,23-12-2023,BR68,Germany,Berlin,CUST1932,PROD410,Tablet,iPad Air,OnePlus,5,500.11,0.03,0.18,2862.13,Cash,Online,EMP376,1,0,Same Day,5,INR
ORD136702,05-11-2023,BR13,UK,Birmingham,CUST1755,PROD487,Accessories,Keyboard,OnePlus,2,1127.37,0.28,0.18,1915.63,UPI,In-Store,EMP285,3,0,Express,10,INR
ORD136703,26-04-2024,BR60,USA,Chicago,CUST5867,PROD494,Mobile,Samsung Galaxy S23,Lenovo,5,1712.94,0.23,0.18,7781.89,Net Banking,In-Store,EMP868,1,0,Same Day,9,GBP
ORD136704,19-05-2023,BR64,UAE,Abu Dhabi,CUST6788,PROD514,Accessories,Bluetooth Headphones,HP,1,676.18,0.21,0.18,630.33,Credit Card,Online,EMP294,2,0,Standard,2,INR
ORD136705,27-06-2024,BR26,UK,Manchester,CUST7852,PROD347,Tablet,Samsung Galaxy Tab,Samsung,4,412.8,0.28,0.18,1402.86,Cash,Online,EMP810,3,0,Same Day,10,INR
ORD136706,14-03-2023,BR66,UK,London,CUST5172,PROD391,Laptop,MacBook Air M2,HP,3,397.52,0.23,0.18,1083.56,Net Banking,Online,EMP842,1,1,Standard,1,USD
ORD136707,03-04-2024,BR100,UAE,Dubai,CUST8185,PROD766,Mobile,Samsung Galaxy S23,Apple,1,120.21,0.11,0.18,126.24,Net Banking,In-Store,EMP209,0,0,Same Day,5,USD
ORD136708,03-02-2023,BR89,India,Mumbai,CUST9715,PROD915,Laptop,HP Spectre x360,Samsung,1,1339.64,0.09,0.18,1438.51,Credit Card,In-Store,EMP254,2,0,Same Day,1,GBP
ORD136709,14-07-2023,BR42,UK,London,CUST8689,PROD882,Tablet,Samsung Galaxy Tab,OnePlus,2,555.05,0.26,0.18,969.34,Net Banking,Online,EMP259,3,0,Same Day,1,GBP
ORD136710,13-07-2024,BR98,USA,Dallas,CUST9147,PROD925,Mobile,Samsung Galaxy S23,Dell,1,879.53,0.05,0.18,985.95,UPI,In-Store,EMP770,3,0,Same Day,5,USD
ORD136711,02-01-2023,BR58,UK,Manchester,CUST4783,PROD329,Laptop,HP Spectre x360,Dell,1,1159,0.21,0.18,1080.42,Debit Card,Online,EMP887,3,0,Standard,7,USD
ORD136712,03-12-2024,BR80,UAE,Dubai,CUST5444,PROD609,Mobile,iPhone 14,LG,2,1884.48,0.15,0.18,3780.27,Net Banking,Online,EMP830,3,0,Same Day,6,USD
ORD136713,14-06-2023,BR93,Germany,Hamburg,CUST2102,PROD620,TV,LG OLED 48,HP,1,1951.57,0.05,0.18,2187.71,Debit Card,In-Store,EMP455,1,0,Express,6,INR
ORD136714,30-03-2023,BR112,USA,Los Angeles,CUST6738,PROD928,Tablet,Samsung Galaxy Tab,Sony,2,1066.98,0.16,0.18,2115.18,Cash,Online,EMP586,2,0,Standard,8,INR
ORD136715,26-06-2023,BR32,Germany,Munich,CUST8261,PROD854,Accessories,Wireless Mouse,HP,1,1984.56,0.22,0.18,1826.59,Debit Card,In-Store,EMP908,1,0,Same Day,3,AED
ORD136716,18-07-2024,BR114,Germany,Hamburg,CUST2117,PROD715,Accessories,Keyboard,HP,2,1918.1,0.04,0.18,4345.65,Credit Card,Online,EMP514,1,1,Express,1,AED
ORD136717,22-09-2024,BR77,USA,New York,CUST5280,PROD730,Accessories,Keyboard,OnePlus,5,811.76,0.16,0.18,4023.08,Debit Card,In-Store,EMP932,0,0,Same Day,3,AED
ORD136718,29-06-2023,BR88,UAE,Dubai,CUST9026,PROD404,Accessories,Wireless Mouse,Apple,5,400.98,0.23,0.18,1821.65,Debit Card,In-Store,EMP441,0,0,Standard,2,USD
ORD136719,16-07-2024,BR98,India,Mumbai,CUST1897,PROD953,Tablet,Samsung Galaxy Tab,Sony,2,1395.28,0.19,0.18,2667.22,UPI,Online,EMP607,0,0,Standard,1,AED
ORD136720,07-10-2023,BR55,India,Bangalore,CUST9332,PROD575,Laptop,MacBook Air M2,Samsung,4,1083.27,0.25,0.18,3834.78,Debit Card,Online,EMP492,2,0,Standard,2,INR
ORD136721,12-02-2023,BR71,UK,Birmingham,CUST4684,PROD618,Mobile,OnePlus 11,HP,5,1500.22,0.12,0.18,7789.14,UPI,In-Store,EMP494,1,1,Same Day,1,EUR
ORD136722,18-03-2023,BR51,USA,New York,CUST9879,PROD979,Accessories,Keyboard,HP,2,1642.76,0.16,0.18,3256.61,Net Banking,In-Store,EMP724,0,1,Express,2,INR
ORD136723,07-02-2024,BR105,India,Delhi,CUST4357,PROD231,TV,Samsung QLED 50,LG,5,1740.31,0.23,0.18,7906.23,Net Banking,Online,EMP840,0,0,Same Day,4,GBP
ORD136724,11-09-2023,BR78,UAE,Dubai,CUST5365,PROD849,TV,Sony Bravia 55,HP,5,1406.27,0.08,0.18,7633.23,UPI,Online,EMP228,3,1,Standard,7,USD
ORD136725,03-06-2023,BR114,UAE,Abu Dhabi,CUST6845,PROD386,TV,Samsung QLED 50,Dell,1,1399.08,0.18,0.18,1353.75,Debit Card,Online,EMP825,1,1,Standard,7,USD
ORD136726,15-08-2023,BR86,USA,Dallas,CUST8767,PROD780,Accessories,Wireless Mouse,LG,4,227.15,0.21,0.18,847,UPI,In-Store,EMP911,0,1,Same Day,7,GBP
ORD136727,15-01-2024,BR14,India,Mumbai,CUST1790,PROD937,Tablet,iPad Air,Sony,5,731.1,0.17,0.18,3580.2,Net Banking,Online,EMP345,2,1,Same Day,5,GBP
ORD136728,25-08-2023,BR95,India,Bangalore,CUST1847,PROD873,Tablet,Samsung Galaxy Tab,Sony,2,1150.74,0.1,0.18,2444.17,Cash,In-Store,EMP222,0,1,Standard,2,INR
ORD136729,14-08-2024,BR55,UK,London,CUST2929,PROD481,Mobile,iPhone 14,HP,5,119.42,0.1,0.18,634.12,Credit Card,Online,EMP394,3,0,Express,8,EUR
ORD136730,17-12-2023,BR49,India,Delhi,CUST8719,PROD242,TV,LG OLED 48,LG,1,1508.76,0.13,0.18,1548.89,Credit Card,Online,EMP790,2,0,Express,2,GBP
ORD136731,27-10-2024,BR48,USA,Chicago,CUST2057,PROD398,Laptop,MacBook Air M2,OnePlus,3,1699.03,0.24,0.18,4571.07,Net Banking,In-Store,EMP512,0,0,Standard,2,EUR
ORD136732,23-02-2023,BR57,UAE,Dubai,CUST8930,PROD179,Accessories,Keyboard,HP,3,1613.43,0.29,0.18,4055.19,Credit Card,In-Store,EMP887,1,1,Express,2,GBP
ORD136733,12-06-2024,BR106,UK,London,CUST8287,PROD820,Tablet,Lenovo Tab P11,LG,2,1021,0.06,0.18,2264.99,Cash,In-Store,EMP964,2,0,Same Day,8,USD
ORD136734,26-05-2024,BR3,UAE,Abu Dhabi,CUST1898,PROD837,Mobile,OnePlus 11,Apple,4,57.98,0.19,0.18,221.67,Debit Card,Online,EMP218,0,0,Same Day,10,AED
ORD136735,07-01-2023,BR6,Germany,Munich,CUST6949,PROD536,Mobile,OnePlus 11,Dell,5,685.71,0.19,0.18,3277.01,Credit Card,Online,EMP994,2,1,Same Day,3,AED
ORD136736,03-12-2024,BR90,UAE,Abu Dhabi,CUST3061,PROD228,Mobile,iPhone 14,Apple,5,1189.56,0.14,0.18,6035.83,UPI,Online,EMP896,2,1,Same Day,4,EUR
ORD136737,17-11-2023,BR8,Germany,Berlin,CUST4383,PROD709,Tablet,Lenovo Tab P11,HP,3,876.67,0.25,0.18,2327.56,Net Banking,In-Store,EMP319,1,1,Express,8,INR
ORD136738,14-05-2023,BR79,Germany,Munich,CUST9208,PROD748,Tablet,Lenovo Tab P11,Apple,1,549.76,0.21,0.18,512.49,Net Banking,Online,EMP649,1,1,Same Day,2,INR
ORD136739,02-06-2024,BR25,UK,Manchester,CUST6509,PROD313,Tablet,Lenovo Tab P11,Apple,2,399.35,0.12,0.18,829.37,UPI,In-Store,EMP548,1,1,Express,4,INR
ORD136740,30-08-2023,BR24,Germany,Munich,CUST3557,PROD530,Accessories,Wireless Mouse,Apple,3,1596.92,0.18,0.18,4635.54,Net Banking,Online,EMP330,0,1,Express,2,AED
ORD136741,06-09-2024,BR84,UAE,Dubai,CUST2492,PROD244,Accessories,Wireless Mouse,Dell,1,1437.83,0.18,0.18,1391.24,UPI,In-Store,EMP644,2,0,Standard,8,INR
ORD136742,14-05-2023,BR93,India,Mumbai,CUST5690,PROD103,Mobile,OnePlus 11,HP,1,452.99,0.02,0.18,523.84,Cash,Online,EMP494,1,1,Express,6,USD
ORD136743,30-04-2024,BR75,USA,Los Angeles,CUST5999,PROD625,TV,Samsung QLED 50,Samsung,4,1253.55,0.29,0.18,4200.9,Debit Card,In-Store,EMP224,2,1,Same Day,7,INR
ORD136744,13-05-2023,BR8,India,Bangalore,CUST1128,PROD189,TV,LG OLED 48,Apple,4,443.5,0.15,0.18,1779.32,Cash,In-Store,EMP790,1,0,Same Day,5,AED
ORD136745,07-03-2023,BR91,UK,Birmingham,CUST9341,PROD524,Accessories,Wireless Mouse,Dell,1,1895.06,0.23,0.18,1721.85,Net Banking,In-Store,EMP403,2,1,Standard,4,GBP
ORD136746,20-01-2023,BR34,USA,Chicago,CUST1361,PROD419,Mobile,iPhone 14,HP,2,188.55,0.21,0.18,351.53,Debit Card,Online,EMP652,1,1,Same Day,3,INR
ORD136747,12-08-2024,BR85,UK,Manchester,CUST9841,PROD599,Accessories,Bluetooth Headphones,HP,1,1678.52,0.01,0.18,1960.85,Credit Card,Online,EMP755,1,0,Express,4,USD
ORD136748,07-04-2024,BR110,UK,Birmingham,CUST2385,PROD774,Mobile,Samsung Galaxy S23,Samsung,4,1961.34,0.12,0.18,8146.62,Debit Card,Online,EMP393,2,1,Standard,1,GBP
ORD136749,06-06-2023,BR88,UK,London,CUST1350,PROD376,Tablet,Samsung Galaxy Tab,OnePlus,1,666.61,0.02,0.18,770.87,UPI,Online,EMP255,2,1,Same Day,9,USD
ORD136750,13-07-2023,BR76,India,Bangalore,CUST6257,PROD553,TV,Sony Bravia 55,Sony,3,887.62,0.29,0.18,2230.94,Cash,Online,EMP406,3,0,Express,4,GBP
ORD136751,25-11-2024,BR15,Germany,Berlin,CUST2404,PROD835,Accessories,Wireless Mouse,Apple,4,1376.8,0.11,0.18,5783.66,Cash,In-Store,EMP463,1,1,Express,10,INR
ORD136752,30-12-2024,BR57,UAE,Dubai,CUST4826,PROD616,TV,Samsung QLED 50,HP,4,495.96,0.09,0.18,2130.25,Credit Card,In-Store,EMP782,1,0,Express,7,AED
ORD136753,30-05-2023,BR11,USA,Chicago,CUST2239,PROD924,Mobile,Samsung Galaxy S23,Samsung,2,1932.09,0.16,0.18,3830.18,Net Banking,In-Store,EMP245,3,1,Same Day,5,GBP
ORD136754,24-04-2023,BR89,Germany,Berlin,CUST6735,PROD651,Accessories,Wireless Mouse,Dell,2,1834.86,0.03,0.18,4200.36,UPI,Online,EMP244,2,0,Standard,10,USD
ORD136755,12-03-2023,BR103,UAE,Dubai,CUST6782,PROD769,Accessories,Keyboard,Dell,3,1675.95,0.24,0.18,4508.98,Cash,Online,EMP455,3,0,Express,10,EUR
ORD136756,23-10-2024,BR81,UAE,Abu Dhabi,CUST9811,PROD284,Accessories,Wireless Mouse,Samsung,1,1419.73,0.02,0.18,1641.78,Net Banking,In-Store,EMP518,3,1,Express,1,INR
ORD136757,11-01-2024,BR104,UK,Birmingham,CUST5656,PROD184,Accessories,Keyboard,Apple,1,170.71,0.17,0.18,167.19,UPI,In-Store,EMP996,1,0,Express,9,EUR
ORD136758,17-06-2024,BR94,UK,Birmingham,CUST6956,PROD334,Tablet,Lenovo Tab P11,LG,1,1634.2,0.2,0.18,1542.68,UPI,In-Store,EMP348,0,1,Same Day,4,AED
ORD136759,14-03-2024,BR11,UAE,Abu Dhabi,CUST5842,PROD632,Accessories,Keyboard,Dell,3,1033.15,0.02,0.18,3584.2,Debit Card,In-Store,EMP496,1,1,Standard,2,EUR
ORD136760,06-03-2023,BR61,UK,Birmingham,CUST4924,PROD103,Laptop,Dell XPS 13,Apple,5,454.04,0.16,0.18,2250.22,Net Banking,In-Store,EMP219,0,1,Standard,7,EUR
ORD136761,08-03-2024,BR13,UK,London,CUST8459,PROD465,Mobile,iPhone 14,OnePlus,4,889.08,0.13,0.18,3650.92,UPI,In-Store,EMP522,3,0,Same Day,3,INR
ORD136762,02-01-2024,BR29,UK,London,CUST9790,PROD292,Mobile,iPhone 14,Apple,5,624.45,0.16,0.18,3094.77,Credit Card,In-Store,EMP760,3,0,Same Day,10,EUR
ORD136763,31-08-2024,BR63,India,Mumbai,CUST9303,PROD794,Accessories,Wireless Mouse,HP,1,1465.9,0.02,0.18,1695.17,UPI,Online,EMP712,3,0,Same Day,2,AED
ORD136764,30-05-2024,BR40,USA,Chicago,CUST1101,PROD768,Tablet,Samsung Galaxy Tab,HP,5,1487.37,0.03,0.18,8512.22,Net Banking,In-Store,EMP338,1,1,Same Day,9,USD
ORD136765,13-10-2024,BR42,Germany,Berlin,CUST4826,PROD988,Mobile,iPhone 14,Lenovo,3,1005.85,0.1,0.18,3204.64,Credit Card,Online,EMP356,3,1,Same Day,5,AED
ORD136766,07-10-2023,BR18,Germany,Hamburg,CUST1199,PROD991,Tablet,Lenovo Tab P11,Dell,3,1962.43,0.25,0.18,5210.25,UPI,In-Store,EMP404,1,1,Standard,9,AED
ORD136767,31-01-2024,BR64,USA,Los Angeles,CUST1792,PROD642,Accessories,Keyboard,Sony,4,946.58,0.03,0.18,4333.82,Credit Card,Online,EMP541,0,1,Standard,1,EUR
ORD136768,22-04-2023,BR119,UAE,Abu Dhabi,CUST1166,PROD494,Laptop,HP Spectre x360,Sony,1,1712.1,0.22,0.18,1575.82,Credit Card,In-Store,EMP670,2,0,Same Day,5,AED
ORD136769,17-12-2023,BR68,UAE,Abu Dhabi,CUST1135,PROD982,Tablet,iPad Air,LG,4,245.35,0.17,0.18,961.18,Credit Card,Online,EMP663,2,0,Same Day,5,EUR
ORD136770,06-10-2023,BR20,UAE,Abu Dhabi,CUST9692,PROD460,Accessories,Bluetooth Headphones,LG,3,1839.44,0.01,0.18,6446.5,Cash,Online,EMP472,2,0,Standard,6,GBP
ORD136771,17-07-2024,BR94,UAE,Abu Dhabi,CUST1946,PROD973,Mobile,Samsung Galaxy S23,HP,3,690.93,0.3,0.18,1712.12,Cash,In-Store,EMP275,3,1,Same Day,3,AED
ORD136772,27-09-2023,BR46,USA,New York,CUST9784,PROD252,Laptop,HP Spectre x360,Samsung,2,1588.68,0.11,0.18,3336.86,Cash,Online,EMP617,2,0,Standard,8,AED
ORD136773,02-11-2024,BR21,UAE,Dubai,CUST2512,PROD837,Mobile,OnePlus 11,Lenovo,2,436.72,0.1,0.18,927.59,Debit Card,Online,EMP719,3,1,Same Day,2,USD
ORD136774,11-09-2023,BR81,Germany,Berlin,CUST8955,PROD743,Accessories,Bluetooth Headphones,HP,5,431.05,0.04,0.18,2441.47,UPI,In-Store,EMP530,1,1,Same Day,5,USD
ORD136775,26-11-2024,BR31,USA,New York,CUST3897,PROD753,Accessories,Wireless Mouse,HP,1,1714.97,0.22,0.18,1578.46,Credit Card,Online,EMP225,2,1,Express,4,AED
ORD136776,29-12-2024,BR35,USA,Los Angeles,CUST1351,PROD276,TV,Samsung QLED 50,LG,3,1355.51,0.05,0.18,4558.58,Debit Card,Online,EMP957,0,1,Express,2,AED
ORD136777,22-06-2024,BR101,UK,Birmingham,CUST2746,PROD733,TV,LG OLED 48,LG,4,1412.62,0.09,0.18,6067.49,Credit Card,Online,EMP248,2,0,Standard,1,GBP
ORD136778,27-06-2024,BR117,USA,Chicago,CUST9144,PROD739,Laptop,Dell XPS 13,Sony,5,765.26,0.03,0.18,4379.58,UPI,Online,EMP338,1,1,Standard,6,EUR
ORD136779,15-07-2024,BR104,Germany,Berlin,CUST2901,PROD604,TV,Sony Bravia 55,Sony,2,696.97,0.28,0.18,1184.29,Cash,In-Store,EMP987,3,1,Same Day,9,GBP
ORD136780,10-10-2024,BR80,India,Pune,CUST7414,PROD715,Laptop,Dell XPS 13,Samsung,4,1221.21,0.06,0.18,5418.26,Debit Card,In-Store,EMP779,1,0,Same Day,3,EUR
ORD136781,15-11-2024,BR63,Germany,Hamburg,CUST4254,PROD390,Accessories,Wireless Mouse,Sony,5,1942.98,0.21,0.18,9056.23,Cash,Online,EMP706,1,1,Same Day,4,GBP
ORD136782,07-10-2023,BR21,India,Pune,CUST7970,PROD279,TV,LG OLED 48,OnePlus,3,1760.54,0.1,0.18,5609.08,Cash,Online,EMP855,3,1,Standard,8,USD
ORD136783,30-07-2023,BR108,USA,New York,CUST6664,PROD591,Laptop,MacBook Air M2,HP,1,605.73,0.14,0.18,614.69,Cash,In-Store,EMP298,2,1,Standard,6,USD
ORD136784,06-09-2024,BR69,India,Bangalore,CUST2509,PROD249,Accessories,Keyboard,Apple,3,753.58,0.16,0.18,2240.85,Debit Card,Online,EMP720,2,0,Express,6,INR
ORD136785,09-04-2023,BR75,India,Delhi,CUST6519,PROD673,Mobile,iPhone 14,Lenovo,3,1086.29,0.09,0.18,3499.37,Net Banking,Online,EMP267,3,1,Standard,10,GBP
ORD136786,27-07-2023,BR53,Germany,Munich,CUST5900,PROD123,TV,Samsung QLED 50,Sony,2,477.85,0.24,0.18,857.07,UPI,Online,EMP540,0,0,Same Day,6,INR
ORD136787,14-11-2024,BR78,UK,Birmingham,CUST1734,PROD567,Laptop,Dell XPS 13,HP,3,348.21,0.16,0.18,1035.44,Cash,In-Store,EMP446,2,1,Standard,8,USD
ORD136788,14-11-2024,BR98,India,Bangalore,CUST1757,PROD547,Mobile,Samsung Galaxy S23,Lenovo,3,298.87,0.16,0.18,888.72,UPI,In-Store,EMP541,3,0,Same Day,1,INR
ORD136789,11-11-2024,BR24,UAE,Dubai,CUST6896,PROD281,Laptop,Dell XPS 13,Apple,4,1758.46,0.12,0.18,7303.94,Cash,Online,EMP925,0,1,Same Day,2,GBP
ORD136790,16-04-2024,BR116,India,Delhi,CUST3913,PROD224,TV,Samsung QLED 50,Sony,1,1242.43,0.21,0.18,1158.19,Debit Card,Online,EMP346,3,0,Standard,10,USD
ORD136791,03-10-2023,BR75,USA,New York,CUST1697,PROD949,Mobile,OnePlus 11,Apple,3,614.84,0.27,0.18,1588.87,Net Banking,In-Store,EMP930,0,1,Standard,5,GBP
ORD136792,14-07-2024,BR94,UK,Birmingham,CUST8040,PROD753,TV,Sony Bravia 55,Lenovo,3,1911.03,0.25,0.18,5073.78,Credit Card,In-Store,EMP392,2,1,Same Day,6,GBP
ORD136793,15-11-2024,BR98,India,Bangalore,CUST5633,PROD755,Tablet,iPad Air,LG,5,352.31,0.19,0.18,1683.69,Credit Card,Online,EMP541,0,1,Standard,5,USD
ORD136794,14-04-2023,BR61,Germany,Munich,CUST3980,PROD362,Mobile,iPhone 14,Samsung,2,1234.79,0.06,0.18,2739.26,Debit Card,In-Store,EMP602,1,0,Standard,1,GBP
ORD136795,01-04-2024,BR22,USA,Los Angeles,CUST4370,PROD687,Mobile,iPhone 14,Samsung,1,204.58,0.04,0.18,231.75,Credit Card,Online,EMP649,2,1,Standard,6,EUR
ORD136796,21-08-2024,BR31,USA,Dallas,CUST2896,PROD586,Laptop,HP Spectre x360,Sony,3,419.04,0.01,0.18,1468.57,Credit Card,Online,EMP485,3,1,Express,10,GBP
ORD136797,17-06-2024,BR22,UAE,Dubai,CUST7380,PROD994,Accessories,Wireless Mouse,HP,3,1122.06,0.16,0.18,3336.56,Net Banking,Online,EMP714,1,0,Express,4,AED
ORD136798,13-09-2023,BR24,UK,Birmingham,CUST9925,PROD348,Accessories,Bluetooth Headphones,LG,4,1678.31,0.14,0.18,6812.6,Cash,Online,EMP687,1,1,Standard,2,USD
ORD136799,30-04-2024,BR104,India,Bangalore,CUST9139,PROD986,Accessories,Wireless Mouse,Apple,2,1673.43,0.17,0.18,3277.91,Credit Card,In-Store,EMP259,1,1,Same Day,8,USD
ORD136800,20-12-2024,BR2,Germany,Munich,CUST9390,PROD377,Mobile,Samsung Galaxy S23,Samsung,4,362.83,0.04,0.18,1644.06,Debit Card,Online,EMP736,3,0,Standard,8,INR
ORD136801,21-10-2023,BR8,Germany,Hamburg,CUST4460,PROD312,Laptop,MacBook Air M2,Apple,3,1122.52,0.15,0.18,3377.66,Credit Card,Online,EMP234,3,1,Same Day,7,EUR
ORD136802,01-01-2023,BR66,Germany,Berlin,CUST7479,PROD989,Laptop,MacBook Air M2,LG,3,975.71,0.06,0.18,3246.77,Credit Card,Online,EMP269,1,1,Express,6,GBP
ORD136803,30-05-2023,BR50,UAE,Abu Dhabi,CUST3139,PROD152,Laptop,Dell XPS 13,LG,5,223.29,0.09,0.18,1198.84,Credit Card,Online,EMP972,2,0,Standard,7,GBP
ORD136804,06-08-2024,BR116,India,Mumbai,CUST3701,PROD717,TV,Sony Bravia 55,Sony,3,1373.54,0.29,0.18,3452.26,Net Banking,In-Store,EMP438,1,1,Same Day,5,EUR
ORD136805,11-06-2024,BR51,Germany,Berlin,CUST3182,PROD549,Laptop,MacBook Air M2,LG,5,110.27,0.2,0.18,520.47,Credit Card,Online,EMP983,3,0,Standard,3,GBP
ORD136806,18-03-2024,BR10,Germany,Hamburg,CUST5454,PROD578,Mobile,iPhone 14,Lenovo,2,926.5,0.09,0.18,1989.75,UPI,In-Store,EMP583,0,0,Same Day,7,INR
ORD136807,06-01-2023,BR38,India,Delhi,CUST3706,PROD165,TV,Sony Bravia 55,Samsung,1,900.12,0.13,0.18,924.06,Debit Card,Online,EMP815,3,0,Standard,6,INR
ORD136808,10-03-2024,BR12,UAE,Dubai,CUST7280,PROD795,Mobile,Samsung Galaxy S23,HP,1,205.73,0.07,0.18,225.77,UPI,In-Store,EMP813,1,0,Standard,3,USD
ORD136809,02-11-2023,BR12,UK,London,CUST5266,PROD411,Mobile,iPhone 14,HP,1,1760.24,0.27,0.18,1516.27,Cash,In-Store,EMP794,2,1,Express,5,AED
ORD136810,18-09-2024,BR68,USA,Chicago,CUST7841,PROD785,Mobile,Samsung Galaxy S23,Samsung,5,1511.93,0.18,0.18,7314.72,UPI,In-Store,EMP603,0,0,Standard,4,AED
ORD136811,21-09-2023,BR51,Germany,Munich,CUST2331,PROD212,Mobile,iPhone 14,OnePlus,3,50.67,0.12,0.18,157.85,Cash,In-Store,EMP322,1,0,Standard,8,INR
ORD136812,26-01-2024,BR80,UAE,Abu Dhabi,CUST9764,PROD359,TV,Samsung QLED 50,OnePlus,2,660.31,0.3,0.18,1090.83,Debit Card,In-Store,EMP586,1,1,Express,5,USD
ORD136813,02-02-2024,BR113,Germany,Munich,CUST7855,PROD508,Tablet,iPad Air,LG,3,1376.86,0.06,0.18,4581.64,Debit Card,In-Store,EMP705,1,0,Express,8,INR
ORD136814,04-08-2023,BR103,Germany,Hamburg,CUST9866,PROD573,Laptop,HP Spectre x360,Lenovo,1,366.58,0.04,0.18,415.26,Cash,In-Store,EMP583,3,1,Standard,9,AED
ORD136815,17-03-2023,BR95,UAE,Abu Dhabi,CUST5565,PROD945,Accessories,Keyboard,HP,3,199.96,0.3,0.18,495.5,UPI,In-Store,EMP935,3,0,Same Day,3,USD
ORD136816,30-11-2023,BR51,India,Delhi,CUST5500,PROD880,Laptop,MacBook Air M2,Dell,3,886.41,0.03,0.18,3043.75,Debit Card,Online,EMP328,0,1,Same Day,4,EUR
ORD136817,10-07-2024,BR50,UAE,Dubai,CUST6840,PROD177,Tablet,iPad Air,HP,1,89.43,0.23,0.18,81.26,Debit Card,Online,EMP210,0,0,Standard,7,GBP
ORD136818,30-09-2024,BR57,UK,Birmingham,CUST8423,PROD573,TV,LG OLED 48,Lenovo,1,1159.58,0.18,0.18,1122.01,UPI,Online,EMP509,3,1,Same Day,7,EUR
ORD136819,01-01-2023,BR106,UK,Birmingham,CUST2188,PROD293,TV,LG OLED 48,Sony,4,806.14,0.01,0.18,3766.93,UPI,In-Store,EMP759,3,0,Same Day,4,USD
ORD136820,23-10-2024,BR76,UAE,Dubai,CUST2583,PROD231,Tablet,Lenovo Tab P11,Dell,3,1179.02,0.1,0.18,3756.36,Net Banking,In-Store,EMP328,3,0,Same Day,8,INR
ORD136821,26-01-2023,BR114,USA,Los Angeles,CUST8501,PROD666,TV,Sony Bravia 55,LG,5,1317.35,0.24,0.18,5907,Net Banking,In-Store,EMP553,1,1,Express,5,AED
ORD136822,31-05-2023,BR14,UK,London,CUST6920,PROD455,TV,LG OLED 48,Samsung,3,1547.9,0.02,0.18,5369.97,Credit Card,In-Store,EMP985,3,1,Same Day,3,GBP
ORD136823,01-06-2024,BR70,UAE,Abu Dhabi,CUST4491,PROD944,TV,LG OLED 48,Lenovo,4,1271.52,0.01,0.18,5941.56,Cash,Online,EMP983,1,0,Standard,3,EUR
ORD136824,02-09-2024,BR23,India,Bangalore,CUST5854,PROD992,Accessories,Keyboard,Sony,4,1727.53,0.19,0.18,6604.69,Cash,Online,EMP813,1,1,Same Day,9,USD
ORD136825,27-02-2024,BR4,UK,Manchester,CUST6201,PROD677,Accessories,Bluetooth Headphones,Apple,3,335.5,0.3,0.18,831.37,Credit Card,Online,EMP531,2,1,Same Day,9,INR
ORD136826,19-06-2024,BR5,USA,New York,CUST9789,PROD247,Accessories,Bluetooth Headphones,Apple,1,1752.74,0.24,0.18,1571.86,Cash,In-Store,EMP216,1,0,Express,7,INR
ORD136827,28-12-2023,BR17,Germany,Berlin,CUST9949,PROD241,Accessories,Bluetooth Headphones,Sony,1,93.36,0.28,0.18,79.32,Debit Card,In-Store,EMP598,1,0,Express,2,EUR
ORD136828,10-05-2024,BR100,UAE,Dubai,CUST7771,PROD713,Tablet,Samsung Galaxy Tab,Dell,2,940.62,0.16,0.18,1864.69,Net Banking,Online,EMP860,3,0,Standard,9,AED
ORD136829,04-10-2023,BR26,UAE,Abu Dhabi,CUST3205,PROD607,TV,LG OLED 48,HP,3,433.38,0.11,0.18,1365.41,Credit Card,Online,EMP306,1,0,Express,4,INR
ORD136830,29-04-2024,BR110,USA,Los Angeles,CUST3061,PROD953,Laptop,HP Spectre x360,Lenovo,2,1124.57,0.14,0.18,2282.43,Net Banking,Online,EMP575,0,1,Standard,2,GBP
ORD136831,13-11-2024,BR118,USA,Dallas,CUST8817,PROD555,Laptop,HP Spectre x360,Dell,1,1260.29,0.07,0.18,1383.04,Debit Card,Online,EMP531,1,1,Standard,6,INR
ORD136832,04-11-2024,BR96,UAE,Dubai,CUST4769,PROD889,Mobile,OnePlus 11,OnePlus,3,256.1,0.1,0.18,815.93,Net Banking,In-Store,EMP474,3,0,Same Day,6,GBP
ORD136833,24-12-2023,BR74,Germany,Hamburg,CUST2631,PROD730,Tablet,Lenovo Tab P11,Apple,5,1893.6,0.11,0.18,9943.29,Credit Card,In-Store,EMP667,1,0,Same Day,9,INR
ORD136834,06-10-2023,BR8,UAE,Dubai,CUST4687,PROD396,Mobile,iPhone 14,Apple,3,1293.66,0.25,0.18,3434.67,Credit Card,In-Store,EMP887,0,0,Same Day,6,USD
ORD136835,02-12-2023,BR40,UAE,Dubai,CUST4761,PROD819,Laptop,MacBook Air M2,OnePlus,2,327.6,0.13,0.18,672.63,UPI,Online,EMP595,0,1,Express,4,USD
ORD136836,12-04-2023,BR14,USA,Dallas,CUST7761,PROD235,TV,Samsung QLED 50,LG,4,426.45,0.1,0.18,1811.56,Credit Card,In-Store,EMP703,1,0,Express,7,AED
ORD136837,24-02-2024,BR84,UK,London,CUST6618,PROD686,Accessories,Bluetooth Headphones,Dell,4,549.4,0.29,0.18,1841.15,UPI,In-Store,EMP653,0,1,Standard,6,GBP
ORD136838,21-06-2024,BR82,USA,Los Angeles,CUST9356,PROD565,Mobile,OnePlus 11,Lenovo,5,1005.59,0.19,0.18,4805.71,UPI,In-Store,EMP238,1,0,Standard,2,AED
ORD136839,27-10-2024,BR54,UAE,Dubai,CUST9284,PROD445,Laptop,HP Spectre x360,Lenovo,3,427.02,0.18,0.18,1239.55,UPI,In-Store,EMP679,2,1,Standard,2,EUR
ORD136840,27-02-2024,BR80,USA,Chicago,CUST8697,PROD154,Accessories,Wireless Mouse,LG,2,1315.57,0.17,0.18,2576.94,Net Banking,In-Store,EMP839,3,0,Standard,4,AED
ORD136841,08-06-2024,BR57,India,Mumbai,CUST4716,PROD324,TV,Sony Bravia 55,Lenovo,3,1190.8,0.05,0.18,4004.66,Debit Card,In-Store,EMP538,3,1,Standard,5,EUR
ORD136842,03-11-2024,BR108,UAE,Abu Dhabi,CUST5088,PROD453,Laptop,HP Spectre x360,Lenovo,4,605.53,0.02,0.18,2800.94,Cash,In-Store,EMP306,1,1,Express,6,EUR
ORD136843,02-05-2023,BR2,India,Pune,CUST6398,PROD824,Accessories,Wireless Mouse,HP,2,375.53,0.07,0.18,824.21,Cash,In-Store,EMP967,0,0,Same Day,10,INR
ORD136844,14-03-2023,BR101,UAE,Dubai,CUST9289,PROD455,Accessories,Keyboard,LG,3,898.02,0.13,0.18,2765.72,Debit Card,In-Store,EMP835,3,0,Standard,7,AED
ORD136845,23-07-2024,BR65,UAE,Dubai,CUST3292,PROD201,TV,LG OLED 48,Dell,2,197.95,0.27,0.18,341.03,Debit Card,Online,EMP407,3,0,Express,5,INR
ORD136846,17-05-2024,BR98,UK,London,CUST2737,PROD555,Laptop,HP Spectre x360,Sony,1,1180.17,0.05,0.18,1322.97,Cash,In-Store,EMP580,1,1,Express,1,AED
ORD136847,23-08-2023,BR62,India,Pune,CUST1912,PROD763,TV,Samsung QLED 50,HP,5,915.2,0.16,0.18,4535.73,Credit Card,In-Store,EMP648,1,0,Same Day,10,USD
ORD136848,22-02-2024,BR93,Germany,Munich,CUST3607,PROD788,Accessories,Bluetooth Headphones,Apple,2,1776.59,0.11,0.18,3731.55,Debit Card,Online,EMP282,3,0,Same Day,8,INR
ORD136849,24-09-2024,BR5,UAE,Dubai,CUST6428,PROD721,Laptop,MacBook Air M2,Samsung,4,914.44,0.29,0.18,3064.47,UPI,In-Store,EMP897,1,1,Express,9,USD
ORD136850,27-02-2024,BR62,Germany,Munich,CUST2261,PROD170,Tablet,Lenovo Tab P11,Sony,1,1210.22,0.06,0.18,1342.38,Credit Card,Online,EMP819,1,1,Same Day,2,AED
ORD136851,31-12-2024,BR120,UAE,Abu Dhabi,CUST7137,PROD408,Tablet,Samsung Galaxy Tab,Samsung,1,1169.17,0.03,0.18,1338.23,Cash,Online,EMP367,3,0,Same Day,1,EUR
ORD136852,27-07-2024,BR13,India,Mumbai,CUST8019,PROD285,Tablet,Samsung Galaxy Tab,Samsung,2,1138.75,0.21,0.18,2123.09,Debit Card,Online,EMP388,1,1,Standard,4,EUR
ORD136853,30-11-2023,BR60,UAE,Dubai,CUST7420,PROD161,Mobile,Samsung Galaxy S23,Dell,2,103.9,0.08,0.18,225.59,UPI,Online,EMP528,1,0,Same Day,5,EUR
ORD136854,11-12-2023,BR55,USA,New York,CUST7063,PROD422,Mobile,iPhone 14,Samsung,5,1635.08,0.27,0.18,7042.29,Cash,In-Store,EMP308,0,1,Same Day,6,EUR
ORD136855,04-05-2023,BR52,UK,Birmingham,CUST5440,PROD595,Accessories,Keyboard,Samsung,3,460.42,0.18,0.18,1336.51,Cash,Online,EMP908,1,1,Standard,8,AED
ORD136856,06-02-2024,BR88,UAE,Dubai,CUST9374,PROD527,Tablet,Lenovo Tab P11,Samsung,3,763.7,0.12,0.18,2379.08,UPI,In-Store,EMP856,1,1,Standard,5,GBP
ORD136857,17-09-2023,BR53,India,Delhi,CUST7095,PROD770,TV,LG OLED 48,Lenovo,2,381.77,0.24,0.18,684.74,UPI,In-Store,EMP782,2,1,Standard,8,AED
ORD136858,27-12-2024,BR12,UAE,Dubai,CUST3662,PROD468,Mobile,iPhone 14,Lenovo,2,1523.27,0.26,0.18,2660.24,UPI,Online,EMP776,2,1,Express,4,USD
ORD136859,26-04-2023,BR48,Germany,Hamburg,CUST8686,PROD111,Accessories,Bluetooth Headphones,Dell,3,341.07,0.04,0.18,1159.09,Cash,Online,EMP660,0,0,Same Day,10,USD
ORD136860,21-06-2023,BR46,India,Delhi,CUST7258,PROD802,TV,Sony Bravia 55,Samsung,5,631.39,0.1,0.18,3352.68,Cash,In-Store,EMP950,0,0,Same Day,6,USD
ORD136861,14-10-2023,BR117,UK,Birmingham,CUST7467,PROD285,Tablet,iPad Air,OnePlus,1,1369.3,0.26,0.18,1195.67,Net Banking,In-Store,EMP508,2,1,Same Day,7,USD
ORD136862,19-12-2023,BR40,USA,Los Angeles,CUST6386,PROD211,Mobile,iPhone 14,Apple,1,90.71,0,0.18,107.04,Net Banking,In-Store,EMP560,3,0,Same Day,6,GBP
ORD136863,03-03-2024,BR59,USA,Dallas,CUST9132,PROD127,Tablet,Samsung Galaxy Tab,Samsung,4,1464.39,0.1,0.18,6220.73,UPI,Online,EMP269,1,1,Express,6,AED
ORD136864,16-12-2023,BR59,UK,Birmingham,CUST3446,PROD414,Mobile,Samsung Galaxy S23,Samsung,2,1712.92,0.13,0.18,3516.97,Debit Card,Online,EMP793,2,0,Standard,6,GBP
ORD136865,02-10-2023,BR105,UAE,Dubai,CUST7097,PROD900,Accessories,Keyboard,HP,4,1116.65,0.11,0.18,4690.82,Credit Card,In-Store,EMP992,0,0,Express,5,AED
ORD136866,03-09-2023,BR65,India,Mumbai,CUST1248,PROD554,TV,Sony Bravia 55,HP,2,1459.33,0.07,0.18,3202.94,Net Banking,Online,EMP300,3,0,Standard,6,EUR
ORD136867,12-05-2023,BR99,Germany,Hamburg,CUST4186,PROD793,Mobile,Samsung Galaxy S23,HP,2,1160.24,0.06,0.18,2573.88,Debit Card,Online,EMP262,2,0,Express,3,AED
ORD136868,16-07-2024,BR44,USA,Chicago,CUST2004,PROD219,Accessories,Bluetooth Headphones,Samsung,3,174.2,0.04,0.18,592,Debit Card,Online,EMP372,2,1,Same Day,8,AED
ORD136869,30-03-2024,BR71,India,Bangalore,CUST4539,PROD108,Mobile,Samsung Galaxy S23,HP,5,1144.34,0.28,0.18,4861.16,Cash,In-Store,EMP826,1,0,Express,6,AED
ORD136870,12-08-2024,BR9,Germany,Berlin,CUST9270,PROD706,Laptop,HP Spectre x360,Sony,4,1840.8,0.3,0.18,6082,Credit Card,Online,EMP680,1,1,Same Day,4,INR
ORD136871,06-06-2023,BR47,Germany,Berlin,CUST5437,PROD565,Tablet,iPad Air,Sony,1,1061.66,0.12,0.18,1102.43,Cash,Online,EMP684,2,0,Standard,5,AED
ORD136872,28-06-2024,BR98,India,Bangalore,CUST8276,PROD376,Accessories,Keyboard,OnePlus,1,580.9,0.23,0.18,527.81,Debit Card,Online,EMP240,1,0,Express,9,AED
ORD136873,28-11-2023,BR49,UK,London,CUST5252,PROD323,Laptop,Dell XPS 13,Samsung,3,1860.4,0.11,0.18,5861.38,Debit Card,In-Store,EMP583,1,0,Same Day,9,USD
ORD136874,18-05-2023,BR42,India,Mumbai,CUST6670,PROD166,Accessories,Keyboard,Samsung,3,1649.74,0.2,0.18,4672.06,Net Banking,In-Store,EMP928,3,0,Same Day,7,USD
ORD136875,16-05-2023,BR51,USA,New York,CUST7281,PROD706,Mobile,Samsung Galaxy S23,Samsung,4,1509.47,0.21,0.18,5628.51,Net Banking,Online,EMP600,1,1,Same Day,5,INR
ORD136876,11-03-2024,BR74,UK,Birmingham,CUST9646,PROD811,TV,LG OLED 48,LG,3,1805.24,0.27,0.18,4665.1,Credit Card,Online,EMP401,0,1,Standard,9,AED
ORD136877,21-07-2024,BR21,Germany,Munich,CUST6726,PROD855,Mobile,Samsung Galaxy S23,Lenovo,1,310.01,0.03,0.18,354.84,Credit Card,Online,EMP798,2,0,Express,9,USD
ORD136878,06-06-2023,BR47,UAE,Dubai,CUST2999,PROD690,Tablet,iPad Air,Apple,4,736.08,0.24,0.18,2640.47,Credit Card,In-Store,EMP829,0,1,Same Day,6,GBP
ORD136879,24-05-2024,BR66,UK,Birmingham,CUST3042,PROD290,TV,Sony Bravia 55,LG,1,1781.4,0.15,0.18,1786.74,Debit Card,In-Store,EMP853,3,0,Standard,9,USD
ORD136880,04-01-2023,BR14,UAE,Dubai,CUST8389,PROD285,Tablet,iPad Air,LG,3,857.26,0.29,0.18,2154.64,UPI,Online,EMP662,0,0,Express,10,USD
ORD136881,15-02-2023,BR46,Germany,Hamburg,CUST4600,PROD564,Accessories,Wireless Mouse,Dell,3,705.3,0.27,0.18,1822.64,Net Banking,In-Store,EMP265,2,1,Express,9,EUR
ORD136882,23-09-2024,BR67,India,Bangalore,CUST5478,PROD888,Accessories,Wireless Mouse,LG,5,1485.59,0.22,0.18,6836.69,UPI,In-Store,EMP785,0,1,Express,5,AED
ORD136883,12-09-2024,BR7,India,Pune,CUST2789,PROD585,Accessories,Bluetooth Headphones,Lenovo,2,1700.4,0.23,0.18,3089.97,Net Banking,Online,EMP937,2,1,Standard,10,USD
ORD136884,15-04-2023,BR49,India,Delhi,CUST8258,PROD721,Tablet,Samsung Galaxy Tab,Dell,1,326.85,0.04,0.18,370.26,Credit Card,Online,EMP211,2,1,Standard,5,EUR
ORD136885,04-06-2023,BR106,India,Pune,CUST6085,PROD733,Mobile,Samsung Galaxy S23,Sony,5,969.81,0.18,0.18,4691.94,Net Banking,In-Store,EMP518,2,1,Standard,5,USD
ORD136886,04-12-2024,BR83,Germany,Hamburg,CUST3167,PROD788,TV,Samsung QLED 50,Samsung,4,345.98,0.24,0.18,1241.1,Cash,Online,EMP594,1,1,Standard,2,USD
ORD136887,15-08-2023,BR66,UK,London,CUST2501,PROD632,Laptop,HP Spectre x360,Samsung,4,544.91,0.01,0.18,2546.26,Net Banking,In-Store,EMP327,0,1,Same Day,1,EUR
ORD136888,17-07-2024,BR4,India,Bangalore,CUST4019,PROD695,TV,LG OLED 48,Apple,4,290.47,0.06,0.18,1288.76,Debit Card,Online,EMP269,0,0,Standard,5,EUR
ORD136889,02-01-2024,BR40,UAE,Dubai,CUST6845,PROD246,Tablet,Lenovo Tab P11,OnePlus,5,910.78,0.05,0.18,5104.92,Cash,Online,EMP932,0,0,Express,3,USD
ORD136890,30-12-2023,BR71,Germany,Berlin,CUST5766,PROD651,Mobile,iPhone 14,Apple,5,1100.74,0.04,0.18,6234.59,Debit Card,In-Store,EMP973,1,0,Standard,7,INR
ORD136891,10-09-2023,BR53,USA,New York,CUST7391,PROD900,Laptop,Dell XPS 13,Dell,4,1072.91,0.19,0.18,4101.95,Net Banking,In-Store,EMP378,1,0,Standard,6,AED
ORD136892,03-05-2024,BR4,UAE,Dubai,CUST5032,PROD266,Accessories,Wireless Mouse,Apple,4,1629,0.25,0.18,5766.66,Debit Card,Online,EMP589,0,0,Standard,9,USD
ORD136893,28-10-2023,BR36,Germany,Munich,CUST3141,PROD681,Mobile,OnePlus 11,HP,3,587.51,0.19,0.18,1684.63,Debit Card,Online,EMP639,3,1,Express,6,EUR
ORD136894,01-07-2023,BR39,UAE,Dubai,CUST8948,PROD558,Mobile,OnePlus 11,OnePlus,5,1432.05,0.09,0.18,7688.68,Net Banking,In-Store,EMP362,3,1,Standard,4,EUR
ORD136895,07-08-2023,BR108,UK,Manchester,CUST8425,PROD174,Tablet,Samsung Galaxy Tab,HP,4,836.25,0.06,0.18,3710.27,Cash,Online,EMP495,1,0,Standard,4,USD
ORD136896,04-10-2024,BR10,UK,London,CUST2176,PROD249,Laptop,HP Spectre x360,Lenovo,1,1575.46,0.21,0.18,1468.64,Net Banking,In-Store,EMP680,3,1,Same Day,4,USD
ORD136897,31-10-2023,BR57,UK,London,CUST3098,PROD528,Laptop,Dell XPS 13,HP,3,1540.37,0.28,0.18,3926.1,Debit Card,Online,EMP768,0,1,Same Day,2,EUR
ORD136898,22-10-2024,BR3,USA,Los Angeles,CUST5853,PROD254,Mobile,Samsung Galaxy S23,LG,3,1859.33,0.02,0.18,6450.39,Debit Card,Online,EMP690,1,0,Same Day,2,AED
ORD136899,11-08-2024,BR35,UAE,Dubai,CUST8562,PROD985,Laptop,HP Spectre x360,Lenovo,5,925,0.28,0.18,3929.4,Net Banking,In-Store,EMP800,3,0,Express,4,USD
ORD136900,05-11-2023,BR89,India,Pune,CUST6823,PROD763,Tablet,iPad Air,Dell,3,1772.87,0.19,0.18,5083.53,Credit Card,Online,EMP799,0,0,Standard,3,INR
ORD136901,10-08-2023,BR77,India,Mumbai,CUST5122,PROD858,Laptop,Dell XPS 13,Samsung,5,1873.08,0.16,0.18,9282.98,Credit Card,In-Store,EMP408,0,0,Express,5,INR
ORD136902,19-02-2023,BR76,India,Bangalore,CUST4590,PROD599,Laptop,MacBook Air M2,HP,1,1680.95,0.25,0.18,1487.64,Cash,Online,EMP969,0,0,Same Day,7,AED
ORD136903,19-12-2024,BR106,India,Delhi,CUST3547,PROD790,Laptop,Dell XPS 13,OnePlus,2,910.45,0.19,0.18,1740.42,Net Banking,Online,EMP213,3,1,Same Day,10,INR
ORD136904,16-12-2024,BR64,Germany,Munich,CUST9213,PROD563,TV,LG OLED 48,Sony,5,344.44,0.03,0.18,1971.23,Net Banking,In-Store,EMP899,3,0,Standard,8,AED
ORD136905,01-08-2023,BR49,UK,London,CUST4612,PROD616,Tablet,iPad Air,Apple,1,184.87,0.1,0.18,196.33,UPI,Online,EMP610,0,1,Same Day,5,AED
ORD136906,13-10-2023,BR30,USA,Dallas,CUST7639,PROD905,TV,LG OLED 48,Apple,4,732.09,0.28,0.18,2487.93,Credit Card,Online,EMP829,0,1,Same Day,2,USD
ORD136907,01-10-2024,BR61,USA,Los Angeles,CUST9617,PROD700,Laptop,MacBook Air M2,Sony,2,1541.08,0.26,0.18,2691.34,Credit Card,In-Store,EMP610,0,0,Express,5,INR
ORD136908,23-04-2023,BR85,UAE,Dubai,CUST9123,PROD200,Mobile,OnePlus 11,Dell,2,785.89,0.15,0.18,1576.5,Credit Card,In-Store,EMP716,0,1,Standard,9,USD
ORD136909,19-08-2023,BR75,Germany,Munich,CUST3501,PROD515,TV,Sony Bravia 55,Sony,3,577.49,0.09,0.18,1860.33,Debit Card,In-Store,EMP715,1,1,Express,3,AED
ORD136910,11-12-2023,BR97,USA,Dallas,CUST3752,PROD892,Mobile,iPhone 14,Samsung,3,1593.44,0.04,0.18,5415.15,UPI,Online,EMP762,2,1,Standard,2,USD
ORD136911,29-11-2024,BR61,UK,Birmingham,CUST3036,PROD739,Mobile,OnePlus 11,LG,2,1580.31,0.22,0.18,2909.03,Debit Card,In-Store,EMP527,2,0,Express,5,INR
ORD136912,15-09-2023,BR29,USA,Los Angeles,CUST8920,PROD177,Tablet,Lenovo Tab P11,OnePlus,2,1193.11,0.01,0.18,2787.58,UPI,Online,EMP372,1,0,Express,10,INR
ORD136913,21-05-2023,BR37,USA,New York,CUST3949,PROD745,Accessories,Bluetooth Headphones,Dell,2,668.8,0.1,0.18,1420.53,Credit Card,In-Store,EMP437,3,0,Express,2,AED
ORD136914,25-03-2023,BR99,UAE,Dubai,CUST1719,PROD644,Laptop,Dell XPS 13,Dell,2,809.25,0.04,0.18,1833.44,Net Banking,In-Store,EMP952,1,0,Same Day,8,AED
ORD136915,21-02-2023,BR104,India,Mumbai,CUST4381,PROD521,TV,Samsung QLED 50,Sony,5,1033.2,0.13,0.18,5303.42,Cash,Online,EMP782,3,0,Express,5,EUR
ORD136916,23-05-2023,BR113,USA,Dallas,CUST7308,PROD720,TV,Sony Bravia 55,Lenovo,3,1312.44,0.1,0.18,4181.43,Cash,In-Store,EMP501,1,0,Express,6,EUR
ORD136917,14-07-2023,BR38,UK,Birmingham,CUST4288,PROD874,TV,Samsung QLED 50,HP,3,80.08,0.17,0.18,235.29,Credit Card,Online,EMP486,1,0,Express,10,AED
ORD136918,20-02-2023,BR61,USA,New York,CUST8929,PROD774,Laptop,Dell XPS 13,Samsung,5,956.04,0.14,0.18,4850.95,UPI,Online,EMP392,2,1,Express,1,EUR
ORD136919,18-12-2023,BR33,UK,Manchester,CUST8103,PROD270,Laptop,MacBook Air M2,Dell,3,134.21,0.3,0.18,332.57,Cash,Online,EMP225,1,0,Same Day,5,USD
ORD136920,13-04-2024,BR102,USA,Los Angeles,CUST1999,PROD529,Tablet,Lenovo Tab P11,Samsung,2,1014.18,0.25,0.18,1795.1,Credit Card,In-Store,EMP232,2,1,Express,3,INR
ORD136921,05-02-2023,BR17,UAE,Abu Dhabi,CUST5136,PROD361,Mobile,iPhone 14,Dell,2,205.12,0.11,0.18,430.83,Debit Card,Online,EMP302,0,0,Express,5,EUR
ORD136922,16-09-2024,BR30,UK,Manchester,CUST3044,PROD549,Mobile,Samsung Galaxy S23,HP,1,1979.31,0.12,0.18,2055.32,Debit Card,In-Store,EMP920,3,1,Standard,8,AED
ORD136923,11-03-2024,BR92,USA,New York,CUST8399,PROD708,Tablet,Lenovo Tab P11,LG,1,1657.98,0.07,0.18,1819.47,Credit Card,Online,EMP800,0,1,Standard,3,EUR
ORD136924,02-12-2023,BR113,USA,Los Angeles,CUST4423,PROD967,Tablet,Samsung Galaxy Tab,Apple,1,518.74,0.07,0.18,569.27,Cash,Online,EMP483,3,1,Same Day,4,AED
ORD136925,28-11-2024,BR87,USA,Dallas,CUST3935,PROD117,Mobile,Samsung Galaxy S23,Sony,4,700.31,0.19,0.18,2677.43,Cash,In-Store,EMP986,0,0,Express,4,USD
ORD136926,20-06-2024,BR49,India,Mumbai,CUST3211,PROD312,TV,Sony Bravia 55,Lenovo,1,1228.05,0.01,0.18,1434.61,Cash,In-Store,EMP825,0,0,Express,9,USD
ORD136927,10-01-2024,BR100,UK,London,CUST8479,PROD418,Mobile,iPhone 14,Samsung,1,617.24,0.2,0.18,582.67,Debit Card,Online,EMP653,2,1,Same Day,10,EUR
ORD136928,18-05-2024,BR86,UK,Birmingham,CUST5796,PROD209,Tablet,Lenovo Tab P11,Apple,5,1637.83,0.13,0.18,8406.98,UPI,In-Store,EMP322,2,0,Express,5,INR
ORD136929,10-02-2024,BR82,USA,New York,CUST9300,PROD183,TV,Samsung QLED 50,HP,3,798.72,0.03,0.18,2742.64,Net Banking,Online,EMP456,0,1,Standard,2,GBP
ORD136930,15-12-2023,BR46,USA,Los Angeles,CUST1129,PROD761,Laptop,MacBook Air M2,Samsung,2,1962.13,0.29,0.18,3287.75,Net Banking,Online,EMP861,3,0,Standard,5,USD
ORD136931,30-07-2023,BR12,India,Delhi,CUST9559,PROD161,Mobile,iPhone 14,Dell,2,1511.52,0,0.18,3567.19,Debit Card,In-Store,EMP526,2,0,Same Day,8,USD
ORD136932,21-01-2023,BR66,UK,London,CUST7523,PROD879,Mobile,iPhone 14,HP,2,1984.76,0.17,0.18,3887.75,Credit Card,In-Store,EMP455,0,0,Express,4,USD
ORD136933,31-05-2023,BR98,UK,Manchester,CUST7629,PROD247,Tablet,Samsung Galaxy Tab,Apple,2,964.53,0.27,0.18,1661.69,Cash,In-Store,EMP635,3,1,Same Day,5,AED
ORD136934,03-08-2024,BR55,India,Mumbai,CUST8041,PROD368,Accessories,Keyboard,Lenovo,2,1581.35,0.2,0.18,2985.59,UPI,Online,EMP650,1,1,Standard,3,GBP
ORD136935,24-04-2024,BR27,Germany,Munich,CUST9936,PROD947,TV,LG OLED 48,Sony,4,1285.14,0.18,0.18,4974.01,Credit Card,Online,EMP712,0,1,Express,10,EUR
ORD136936,01-12-2023,BR52,UK,Manchester,CUST6628,PROD146,Accessories,Bluetooth Headphones,Samsung,4,810.15,0.04,0.18,3670.95,Debit Card,In-Store,EMP322,3,0,Express,3,INR
ORD136937,16-03-2023,BR52,USA,Chicago,CUST3418,PROD779,Laptop,MacBook Air M2,HP,3,665.01,0.04,0.18,2259.97,UPI,Online,EMP421,0,0,Express,9,AED
ORD136938,02-08-2024,BR63,USA,Los Angeles,CUST2014,PROD313,Mobile,OnePlus 11,Apple,4,740.97,0.16,0.18,2937.8,Net Banking,In-Store,EMP214,0,0,Same Day,7,GBP
ORD136939,07-12-2024,BR118,UAE,Abu Dhabi,CUST5177,PROD341,Tablet,Lenovo Tab P11,HP,3,64.91,0.06,0.18,215.99,Debit Card,In-Store,EMP807,3,1,Express,1,GBP
ORD136940,03-10-2023,BR33,USA,Los Angeles,CUST3632,PROD899,Laptop,MacBook Air M2,Sony,2,1609.62,0.1,0.18,3418.83,Cash,Online,EMP281,2,1,Same Day,6,EUR
ORD136941,05-07-2024,BR24,USA,Los Angeles,CUST1426,PROD623,Mobile,iPhone 14,HP,5,166.61,0,0.18,983,UPI,In-Store,EMP533,1,0,Express,5,EUR
ORD136942,05-11-2024,BR94,UK,Manchester,CUST2328,PROD475,TV,Samsung QLED 50,Apple,4,259.54,0.13,0.18,1065.78,UPI,Online,EMP446,1,0,Standard,1,EUR
ORD136943,09-06-2024,BR69,Germany,Berlin,CUST3425,PROD741,Tablet,iPad Air,Samsung,5,810.1,0.28,0.18,3441.3,Debit Card,Online,EMP742,0,0,Standard,5,GBP
ORD136944,23-03-2024,BR70,Germany,Berlin,CUST8084,PROD703,Tablet,Lenovo Tab P11,Samsung,3,1326.54,0.19,0.18,3803.72,Net Banking,Online,EMP976,3,1,Same Day,2,GBP
ORD136945,07-06-2024,BR118,India,Pune,CUST8156,PROD810,Tablet,Lenovo Tab P11,Lenovo,5,429.83,0.17,0.18,2104.88,Net Banking,Online,EMP333,2,1,Same Day,6,AED
ORD136946,12-01-2024,BR8,USA,New York,CUST9609,PROD275,Accessories,Wireless Mouse,Sony,5,643.46,0.23,0.18,2923.24,Credit Card,Online,EMP784,2,0,Standard,2,AED
ORD136947,29-01-2024,BR84,UAE,Dubai,CUST6794,PROD164,Tablet,Lenovo Tab P11,Samsung,4,109.36,0.18,0.18,423.27,Debit Card,In-Store,EMP319,2,0,Same Day,9,GBP
ORD136948,29-12-2023,BR32,India,Mumbai,CUST5491,PROD974,Tablet,Lenovo Tab P11,Sony,3,1763.37,0.12,0.18,5493.25,Debit Card,In-Store,EMP817,1,0,Same Day,6,INR
ORD136949,08-04-2024,BR110,India,Mumbai,CUST2265,PROD675,Laptop,MacBook Air M2,Sony,3,1424.35,0.21,0.18,3983.34,UPI,Online,EMP467,2,0,Express,2,AED
ORD136950,26-03-2024,BR36,UAE,Dubai,CUST2538,PROD663,TV,Samsung QLED 50,Sony,5,55.05,0.06,0.18,305.31,Credit Card,Online,EMP634,0,0,Standard,4,USD
ORD136951,20-02-2023,BR78,UAE,Abu Dhabi,CUST1453,PROD981,Laptop,Dell XPS 13,HP,4,1495.25,0.26,0.18,5222.61,Cash,Online,EMP976,2,0,Same Day,7,INR
ORD136952,14-10-2023,BR10,UK,Manchester,CUST6154,PROD751,Mobile,OnePlus 11,Dell,5,1272.48,0.17,0.18,6231.33,Cash,In-Store,EMP700,2,1,Same Day,6,GBP
ORD136953,15-07-2024,BR72,UAE,Abu Dhabi,CUST2598,PROD164,Mobile,iPhone 14,HP,2,1416.28,0.02,0.18,3275.57,Credit Card,Online,EMP509,1,1,Standard,9,EUR
ORD136954,13-10-2024,BR53,Germany,Munich,CUST6171,PROD528,Laptop,MacBook Air M2,Sony,1,1674.9,0.25,0.18,1482.29,Net Banking,In-Store,EMP583,0,0,Express,8,EUR
ORD136955,13-05-2024,BR71,USA,Dallas,CUST8711,PROD100,Accessories,Keyboard,HP,5,1590.71,0.17,0.18,7789.71,UPI,In-Store,EMP510,3,0,Express,5,EUR
ORD136956,30-11-2024,BR52,USA,New York,CUST3958,PROD407,Tablet,iPad Air,Dell,4,1382.23,0.13,0.18,5675.99,Cash,Online,EMP426,3,1,Express,3,EUR
ORD136957,31-10-2024,BR91,USA,Los Angeles,CUST3236,PROD551,Mobile,Samsung Galaxy S23,Lenovo,4,1543.91,0.12,0.18,6412.78,Debit Card,Online,EMP683,3,1,Same Day,9,EUR
ORD136958,18-09-2024,BR40,Germany,Berlin,CUST7369,PROD937,Accessories,Bluetooth Headphones,Samsung,1,1124.24,0.16,0.18,1114.35,Debit Card,Online,EMP369,2,0,Express,9,EUR
ORD136959,23-08-2024,BR26,USA,New York,CUST8108,PROD526,Tablet,iPad Air,Sony,2,1441.69,0.27,0.18,2483.74,UPI,In-Store,EMP990,0,1,Express,4,AED
ORD136960,17-03-2024,BR104,India,Bangalore,CUST6975,PROD625,Tablet,Samsung Galaxy Tab,Lenovo,2,293.63,0.05,0.18,658.32,Cash,Online,EMP966,2,0,Same Day,7,AED
ORD136961,24-02-2023,BR109,India,Bangalore,CUST9881,PROD140,Mobile,OnePlus 11,OnePlus,5,145.23,0.07,0.18,796.88,Debit Card,Online,EMP797,0,0,Express,10,AED
ORD136962,05-10-2023,BR17,USA,Los Angeles,CUST7766,PROD805,Tablet,Lenovo Tab P11,Lenovo,4,126.75,0.2,0.18,478.61,Cash,Online,EMP261,2,1,Same Day,7,GBP
ORD136963,28-03-2023,BR72,UAE,Abu Dhabi,CUST2495,PROD332,TV,Samsung QLED 50,HP,5,160.19,0.02,0.18,926.22,UPI,Online,EMP424,2,0,Express,9,USD
ORD136964,03-10-2023,BR33,USA,Los Angeles,CUST6117,PROD693,Accessories,Keyboard,Sony,3,895.31,0.06,0.18,2979.23,Net Banking,Online,EMP793,0,1,Standard,4,EUR
ORD136965,28-03-2023,BR97,UAE,Dubai,CUST3938,PROD918,Accessories,Bluetooth Headphones,LG,5,1665.55,0.09,0.18,8942.34,Debit Card,Online,EMP823,0,1,Standard,3,EUR
ORD136966,05-09-2024,BR68,India,Delhi,CUST7712,PROD547,Mobile,Samsung Galaxy S23,Lenovo,5,806.53,0.07,0.18,4425.43,UPI,Online,EMP983,1,1,Same Day,10,INR
ORD136967,16-07-2023,BR101,Germany,Munich,CUST4161,PROD798,Tablet,iPad Air,Samsung,2,921.5,0.29,0.18,1544.07,Credit Card,In-Store,EMP788,2,1,Express,8,USD
ORD136968,11-06-2024,BR59,USA,Los Angeles,CUST5510,PROD351,Accessories,Bluetooth Headphones,Lenovo,3,1219.68,0.25,0.18,3238.25,UPI,In-Store,EMP452,1,0,Same Day,10,INR
ORD136969,09-08-2023,BR24,UK,Birmingham,CUST6908,PROD154,Accessories,Keyboard,LG,2,351.49,0.02,0.18,812.93,Net Banking,In-Store,EMP425,3,1,Same Day,6,EUR
ORD136970,01-07-2023,BR100,UAE,Abu Dhabi,CUST9818,PROD826,Accessories,Keyboard,Lenovo,2,1937.59,0.03,0.18,4435.53,Net Banking,In-Store,EMP509,0,1,Standard,1,USD
ORD136971,13-03-2024,BR84,Germany,Hamburg,CUST5648,PROD807,Mobile,OnePlus 11,Apple,3,1154.3,0.22,0.18,3187.25,UPI,Online,EMP418,3,0,Same Day,3,EUR
ORD136972,03-06-2024,BR102,UK,London,CUST8234,PROD417,Mobile,OnePlus 11,OnePlus,3,1243.97,0.09,0.18,4007.32,UPI,Online,EMP482,3,0,Same Day,8,EUR
ORD136973,11-04-2023,BR81,Germany,Munich,CUST6012,PROD226,Accessories,Wireless Mouse,OnePlus,3,726.94,0.06,0.18,2418.97,Credit Card,In-Store,EMP816,0,1,Same Day,8,EUR
ORD136974,21-06-2024,BR24,India,Mumbai,CUST4754,PROD219,TV,LG OLED 48,HP,3,1252.05,0.15,0.18,3767.42,Cash,In-Store,EMP620,2,1,Same Day,2,GBP
ORD136975,01-10-2024,BR98,UK,Manchester,CUST3787,PROD280,Tablet,Lenovo Tab P11,Lenovo,3,1517.1,0.28,0.18,3866.78,Credit Card,Online,EMP676,1,1,Express,9,INR
ORD136976,14-06-2023,BR34,USA,Los Angeles,CUST8760,PROD512,Mobile,OnePlus 11,OnePlus,4,1152.09,0.14,0.18,4676.56,UPI,Online,EMP764,0,1,Same Day,7,USD
ORD136977,12-08-2023,BR113,USA,Chicago,CUST5046,PROD218,Tablet,Lenovo Tab P11,Dell,4,401.32,0.17,0.18,1572.21,Cash,Online,EMP581,3,1,Same Day,5,INR
ORD136978,10-02-2023,BR6,UK,London,CUST7147,PROD257,Mobile,OnePlus 11,Sony,4,750.24,0.27,0.18,2585.03,Credit Card,In-Store,EMP635,0,0,Express,10,INR
ORD136979,03-08-2023,BR63,USA,Dallas,CUST6279,PROD757,TV,Samsung QLED 50,Apple,5,1875.54,0.26,0.18,8188.61,Net Banking,Online,EMP994,1,0,Express,9,USD
ORD136980,17-04-2024,BR79,UAE,Dubai,CUST4463,PROD406,Mobile,Samsung Galaxy S23,HP,2,1052.62,0.1,0.18,2235.76,Credit Card,In-Store,EMP547,3,0,Standard,2,INR
ORD136981,09-05-2024,BR75,USA,Chicago,CUST5326,PROD604,TV,Samsung QLED 50,HP,5,829.18,0.1,0.18,4402.95,UPI,Online,EMP556,3,0,Express,9,AED
ORD136982,01-06-2024,BR50,Germany,Berlin,CUST8489,PROD857,Tablet,iPad Air,Samsung,1,1867.54,0.13,0.18,1917.22,Net Banking,In-Store,EMP958,1,1,Same Day,2,GBP
ORD136983,12-03-2023,BR13,Germany,Berlin,CUST2064,PROD834,Laptop,MacBook Air M2,HP,5,306.31,0.11,0.18,1608.43,Credit Card,In-Store,EMP277,3,1,Standard,1,INR
ORD136984,03-02-2023,BR33,India,Bangalore,CUST2110,PROD681,Mobile,iPhone 14,Lenovo,3,1787.41,0.05,0.18,6011.06,Cash,Online,EMP825,1,1,Express,1,INR
ORD136985,12-09-2023,BR27,India,Bangalore,CUST1313,PROD462,TV,Samsung QLED 50,OnePlus,4,944.58,0.28,0.18,3210.06,Cash,In-Store,EMP869,3,1,Standard,3,INR
ORD136986,23-09-2024,BR112,USA,New York,CUST3410,PROD646,Tablet,iPad Air,Lenovo,4,1534.3,0.15,0.18,6155.61,UPI,In-Store,EMP915,2,0,Standard,10,AED
ORD136987,14-07-2024,BR62,UAE,Abu Dhabi,CUST1850,PROD252,Laptop,MacBook Air M2,Lenovo,3,1215.37,0.03,0.18,4173.34,UPI,Online,EMP942,2,1,Standard,4,GBP
ORD136988,30-12-2024,BR117,USA,Dallas,CUST3020,PROD757,Laptop,MacBook Air M2,Dell,2,610.17,0.07,0.18,1339.2,UPI,Online,EMP720,1,0,Same Day,1,GBP
ORD136989,23-10-2024,BR60,UK,Birmingham,CUST8753,PROD661,Laptop,HP Spectre x360,Lenovo,5,967.45,0.11,0.18,5080.08,Debit Card,In-Store,EMP615,3,0,Standard,4,INR
ORD136990,02-06-2023,BR60,India,Delhi,CUST3395,PROD577,Tablet,Samsung Galaxy Tab,HP,3,877.09,0.22,0.18,2421.82,UPI,Online,EMP411,1,1,Express,2,EUR
ORD136991,20-01-2024,BR52,USA,Chicago,CUST2392,PROD599,Laptop,Dell XPS 13,Dell,5,514.37,0.16,0.18,2549.22,Credit Card,Online,EMP516,2,1,Standard,9,EUR
ORD136992,30-10-2023,BR66,Germany,Munich,CUST8665,PROD816,Tablet,Samsung Galaxy Tab,Samsung,2,163.3,0.27,0.18,281.33,Cash,Online,EMP800,2,1,Same Day,2,AED
ORD136993,06-10-2023,BR48,India,Mumbai,CUST2647,PROD572,Tablet,Lenovo Tab P11,OnePlus,1,1847.1,0.08,0.18,2005.21,UPI,In-Store,EMP798,3,0,Standard,9,EUR
ORD136994,20-03-2023,BR65,India,Mumbai,CUST6163,PROD779,Tablet,iPad Air,OnePlus,3,1203.28,0.19,0.18,3450.29,UPI,Online,EMP360,2,0,Standard,8,AED
ORD136995,12-10-2023,BR50,USA,Chicago,CUST5150,PROD951,Tablet,iPad Air,OnePlus,4,1766.82,0.08,0.18,7672.24,Credit Card,In-Store,EMP733,1,0,Same Day,10,INR
ORD136996,15-09-2023,BR3,India,Mumbai,CUST2316,PROD815,Tablet,Samsung Galaxy Tab,Samsung,1,1395.83,0.16,0.18,1383.55,Debit Card,In-Store,EMP796,1,1,Same Day,5,INR
ORD136997,13-04-2024,BR28,UK,Birmingham,CUST7907,PROD110,TV,Sony Bravia 55,Sony,1,1300.83,0.07,0.18,1427.53,Net Banking,Online,EMP410,2,0,Express,8,GBP
ORD136998,12-09-2023,BR67,UAE,Dubai,CUST9333,PROD508,Laptop,HP Spectre x360,LG,4,1401.1,0.04,0.18,6348.66,Cash,In-Store,EMP475,0,1,Express,10,INR
ORD136999,22-09-2023,BR83,India,Bangalore,CUST1700,PROD659,Mobile,Samsung Galaxy S23,OnePlus,1,159.1,0.26,0.18,138.93,Credit Card,In-Store,EMP502,3,1,Same Day,10,AED
ORD137000,10-03-2024,BR118,USA,Los Angeles,CUST2543,PROD478,Mobile,OnePlus 11,Lenovo,1,371.44,0.02,0.18,429.53,Debit Card,Online,EMP897,2,0,Same Day,7,AED
ORD137001,24-03-2023,BR14,UK,Birmingham,CUST5597,PROD276,TV,LG OLED 48,Lenovo,3,1567.84,0.09,0.18,5050.64,Net Banking,In-Store,EMP689,3,0,Express,9,GBP
ORD137002,25-06-2024,BR108,UK,London,CUST6320,PROD541,Accessories,Wireless Mouse,Sony,4,1502.82,0.25,0.18,5319.98,Credit Card,In-Store,EMP700,3,1,Same Day,9,INR
ORD137003,29-08-2024,BR25,Germany,Hamburg,CUST6300,PROD800,Accessories,Wireless Mouse,Apple,2,1031.85,0.21,0.18,1923.78,UPI,In-Store,EMP672,1,0,Express,6,EUR
ORD137004,16-05-2023,BR56,UK,London,CUST8347,PROD732,Mobile,Samsung Galaxy S23,Sony,5,235.19,0.25,0.18,1040.72,Debit Card,Online,EMP547,1,0,Same Day,2,INR
ORD137005,05-04-2024,BR80,Germany,Munich,CUST5749,PROD235,Tablet,Samsung Galaxy Tab,Sony,1,310.46,0.13,0.18,318.72,Net Banking,In-Store,EMP781,2,1,Express,2,EUR
ORD137006,26-06-2023,BR26,Germany,Berlin,CUST6548,PROD578,Tablet,Lenovo Tab P11,Apple,4,1768.07,0.19,0.18,6759.69,Net Banking,In-Store,EMP643,0,0,Same Day,6,GBP
ORD137007,05-04-2023,BR29,India,Mumbai,CUST3098,PROD146,Mobile,OnePlus 11,Lenovo,4,1503.14,0.12,0.18,6243.44,Debit Card,Online,EMP777,1,1,Same Day,8,USD
ORD137008,16-11-2023,BR17,Germany,Hamburg,CUST6776,PROD615,Laptop,MacBook Air M2,Dell,4,1717.2,0.09,0.18,7375.72,UPI,Online,EMP280,2,1,Standard,8,AED
ORD137009,12-09-2023,BR92,India,Delhi,CUST4034,PROD396,Mobile,OnePlus 11,Apple,3,1037.19,0.02,0.18,3598.22,Net Banking,Online,EMP469,3,1,Express,7,AED
ORD137010,19-10-2023,BR99,Germany,Hamburg,CUST6546,PROD586,Tablet,Lenovo Tab P11,Samsung,1,407.62,0.04,0.18,461.75,Net Banking,In-Store,EMP956,1,0,Express,3,USD
ORD137011,14-06-2023,BR83,UAE,Abu Dhabi,CUST9109,PROD349,TV,Samsung QLED 50,Apple,3,827.78,0.15,0.18,2490.79,UPI,In-Store,EMP646,1,1,Express,4,AED
ORD137012,30-07-2023,BR8,USA,Los Angeles,CUST4211,PROD279,TV,LG OLED 48,LG,1,1316.39,0.18,0.18,1273.74,Cash,In-Store,EMP623,2,1,Same Day,2,INR
ORD137013,17-07-2024,BR39,UAE,Dubai,CUST1687,PROD928,Accessories,Bluetooth Headphones,HP,4,94.73,0.27,0.18,326.4,Credit Card,Online,EMP960,3,1,Standard,1,USD
ORD137014,25-05-2024,BR30,Germany,Munich,CUST5238,PROD563,TV,LG OLED 48,Sony,5,1850.09,0.14,0.18,9387.36,UPI,Online,EMP355,2,1,Express,7,GBP
ORD137015,07-12-2023,BR3,USA,Chicago,CUST3411,PROD614,Laptop,Dell XPS 13,HP,4,1703.08,0.2,0.18,6430.83,Debit Card,In-Store,EMP474,2,1,Same Day,5,AED
ORD137016,04-11-2023,BR73,Germany,Munich,CUST1865,PROD626,Laptop,HP Spectre x360,Samsung,5,1756.1,0.3,0.18,7252.69,UPI,In-Store,EMP310,1,0,Same Day,7,INR
ORD137017,26-11-2024,BR98,India,Delhi,CUST3376,PROD678,Accessories,Bluetooth Headphones,Lenovo,3,1939.43,0.25,0.18,5149.19,Cash,Online,EMP214,1,0,Express,3,USD
ORD137018,29-05-2023,BR68,UK,London,CUST4085,PROD887,TV,LG OLED 48,OnePlus,5,507.68,0.12,0.18,2635.87,UPI,In-Store,EMP660,2,1,Same Day,10,INR
ORD137019,26-06-2023,BR47,UAE,Abu Dhabi,CUST9886,PROD467,Mobile,Samsung Galaxy S23,OnePlus,4,134.59,0.26,0.18,470.1,Debit Card,In-Store,EMP807,2,0,Express,2,GBP
ORD137020,19-05-2023,BR57,UK,London,CUST7601,PROD615,Mobile,Samsung Galaxy S23,Dell,2,751.38,0.09,0.18,1613.66,UPI,In-Store,EMP667,3,1,Express,7,AED
ORD137021,15-04-2024,BR30,India,Bangalore,CUST4740,PROD490,Laptop,Dell XPS 13,Samsung,3,379.93,0.11,0.18,1197.01,UPI,In-Store,EMP543,2,1,Express,5,GBP
ORD137022,07-07-2023,BR119,Germany,Berlin,CUST1729,PROD374,Laptop,Dell XPS 13,OnePlus,1,439.17,0.2,0.18,414.58,Credit Card,In-Store,EMP830,1,1,Standard,6,GBP
ORD137023,23-02-2024,BR77,UK,Birmingham,CUST5429,PROD734,TV,Samsung QLED 50,HP,1,711.74,0.08,0.18,772.66,Cash,Online,EMP465,1,1,Standard,6,USD
ORD137024,13-12-2023,BR18,UK,London,CUST2565,PROD579,Tablet,Lenovo Tab P11,LG,5,363.34,0.08,0.18,1972.21,Net Banking,Online,EMP474,2,0,Same Day,8,INR
ORD137025,09-11-2024,BR104,USA,Dallas,CUST3411,PROD725,Tablet,iPad Air,Dell,5,252.82,0.07,0.18,1387.22,Credit Card,Online,EMP579,0,0,Express,9,USD
ORD137026,07-11-2023,BR100,UAE,Abu Dhabi,CUST3091,PROD347,Mobile,Samsung Galaxy S23,Samsung,2,1329.29,0.11,0.18,2792.04,UPI,Online,EMP436,0,1,Same Day,10,INR
ORD137027,02-02-2023,BR50,India,Mumbai,CUST2940,PROD934,Tablet,iPad Air,OnePlus,5,1046.55,0.29,0.18,4384,UPI,In-Store,EMP476,0,1,Standard,4,AED
ORD137028,17-03-2023,BR5,UAE,Abu Dhabi,CUST3630,PROD971,Tablet,Lenovo Tab P11,Apple,2,1207.67,0.27,0.18,2080.57,Debit Card,In-Store,EMP239,3,1,Same Day,9,USD
ORD137029,19-02-2023,BR87,UK,Birmingham,CUST2341,PROD885,Accessories,Keyboard,Sony,4,1682.45,0.13,0.18,6908.81,UPI,In-Store,EMP782,2,1,Express,5,INR
ORD137030,06-05-2024,BR103,UAE,Abu Dhabi,CUST9072,PROD224,TV,LG OLED 48,HP,2,1647.94,0.16,0.18,3266.88,Cash,In-Store,EMP745,1,1,Express,6,AED
ORD137031,03-11-2024,BR51,USA,Los Angeles,CUST9484,PROD701,TV,LG OLED 48,Lenovo,3,739.92,0.16,0.18,2200.23,UPI,In-Store,EMP656,3,1,Standard,10,USD
ORD137032,21-12-2023,BR82,UK,London,CUST4708,PROD806,Laptop,Dell XPS 13,Sony,4,1648.29,0.24,0.18,5912.75,Debit Card,In-Store,EMP926,0,0,Same Day,7,EUR
ORD137033,12-06-2024,BR55,UAE,Dubai,CUST7615,PROD250,Accessories,Keyboard,Samsung,4,688.78,0.04,0.18,3121,UPI,Online,EMP991,0,1,Same Day,8,EUR
ORD137034,10-08-2024,BR94,USA,Dallas,CUST1717,PROD448,Accessories,Keyboard,HP,4,1371.84,0.03,0.18,6280.83,Net Banking,In-Store,EMP376,3,0,Standard,3,INR
ORD137035,26-08-2024,BR20,Germany,Hamburg,CUST4132,PROD751,Mobile,iPhone 14,Samsung,1,1307.56,0.04,0.18,1481.2,UPI,In-Store,EMP766,3,1,Express,3,USD
ORD137036,28-01-2024,BR54,India,Bangalore,CUST9541,PROD918,Accessories,Bluetooth Headphones,OnePlus,5,1221.77,0.07,0.18,6703.85,Credit Card,Online,EMP733,0,0,Same Day,2,INR
ORD137037,16-05-2024,BR71,UK,Birmingham,CUST2057,PROD196,TV,Samsung QLED 50,Sony,5,1938.52,0.27,0.18,8349.21,Net Banking,Online,EMP466,1,1,Express,8,GBP
ORD137038,20-06-2024,BR23,UAE,Dubai,CUST9925,PROD801,Mobile,OnePlus 11,Lenovo,4,543.28,0.09,0.18,2333.5,UPI,Online,EMP590,0,1,Express,7,GBP
ORD137039,13-10-2023,BR14,Germany,Hamburg,CUST2256,PROD879,TV,Samsung QLED 50,Samsung,2,165.92,0.1,0.18,352.41,Net Banking,In-Store,EMP583,1,0,Standard,5,USD
ORD137040,04-04-2023,BR65,USA,Los Angeles,CUST6609,PROD597,Laptop,HP Spectre x360,Sony,1,117.88,0.25,0.18,104.32,UPI,Online,EMP360,3,1,Standard,1,GBP
ORD137041,16-03-2023,BR53,UK,Birmingham,CUST8581,PROD604,Accessories,Bluetooth Headphones,LG,4,673.82,0.26,0.18,2353.52,Cash,Online,EMP292,0,1,Standard,9,INR
ORD137042,17-09-2023,BR113,UK,Birmingham,CUST3220,PROD349,Mobile,OnePlus 11,LG,5,1511.57,0.28,0.18,6421.15,UPI,Online,EMP630,3,0,Standard,1,EUR
ORD137043,11-07-2023,BR67,India,Pune,CUST3603,PROD884,Accessories,Bluetooth Headphones,Samsung,4,579.51,0.2,0.18,2188.23,Cash,Online,EMP789,2,1,Same Day,4,EUR
ORD137044,07-07-2023,BR47,UAE,Dubai,CUST7271,PROD928,Laptop,MacBook Air M2,OnePlus,3,861.01,0.29,0.18,2164.06,Net Banking,In-Store,EMP618,0,0,Standard,6,USD
ORD137045,12-10-2024,BR101,UK,London,CUST6966,PROD750,Laptop,MacBook Air M2,HP,5,251.23,0.09,0.18,1348.85,UPI,In-Store,EMP918,1,0,Same Day,10,USD
ORD137046,16-11-2024,BR47,UAE,Abu Dhabi,CUST4082,PROD696,Laptop,MacBook Air M2,Sony,5,1910.1,0.27,0.18,8226.8,Debit Card,In-Store,EMP389,0,1,Standard,2,GBP
ORD137047,17-06-2023,BR68,UK,London,CUST2761,PROD790,Tablet,Samsung Galaxy Tab,LG,5,1145.62,0.08,0.18,6218.43,Net Banking,In-Store,EMP235,2,1,Standard,6,EUR
ORD137048,10-03-2024,BR29,UAE,Dubai,CUST6291,PROD490,Accessories,Wireless Mouse,OnePlus,1,1515,0.03,0.18,1734.07,Debit Card,Online,EMP358,2,1,Same Day,10,EUR
ORD137049,25-03-2024,BR49,USA,Chicago,CUST6060,PROD218,Accessories,Wireless Mouse,Samsung,4,694.43,0.03,0.18,3179.38,Cash,In-Store,EMP544,3,1,Same Day,6,GBP
ORD137050,18-01-2024,BR110,UAE,Dubai,CUST5474,PROD598,Accessories,Wireless Mouse,LG,5,1822.26,0.17,0.18,8923.61,UPI,In-Store,EMP997,0,0,Same Day,3,USD
ORD137051,24-06-2024,BR91,India,Mumbai,CUST6209,PROD501,Accessories,Wireless Mouse,Samsung,3,1767.75,0.11,0.18,5569.47,Cash,In-Store,EMP774,2,0,Standard,4,EUR
ORD137052,03-11-2024,BR40,USA,Los Angeles,CUST4210,PROD953,Laptop,HP Spectre x360,Samsung,3,1816.66,0.15,0.18,5466.33,Net Banking,Online,EMP786,0,1,Same Day,6,INR
ORD137053,01-05-2024,BR69,Germany,Hamburg,CUST4890,PROD484,Tablet,Samsung Galaxy Tab,Dell,1,1172.74,0.03,0.18,1342.32,Cash,In-Store,EMP563,0,0,Standard,6,EUR
ORD137054,19-08-2024,BR92,India,Delhi,CUST6236,PROD984,Tablet,Lenovo Tab P11,Samsung,2,1525.64,0.09,0.18,3276.46,Cash,Online,EMP635,3,1,Same Day,7,AED
ORD137055,19-12-2023,BR101,UK,Manchester,CUST8319,PROD572,Accessories,Bluetooth Headphones,Dell,2,657.61,0.24,0.18,1179.49,Cash,In-Store,EMP219,2,1,Same Day,4,GBP
ORD137056,20-04-2024,BR26,USA,Los Angeles,CUST8489,PROD954,Accessories,Wireless Mouse,Samsung,3,766.67,0.07,0.18,2524.03,Debit Card,Online,EMP521,0,1,Same Day,8,INR
ORD137057,26-12-2023,BR62,UAE,Abu Dhabi,CUST8079,PROD650,TV,Samsung QLED 50,Apple,5,1258.03,0.15,0.18,6309.02,Credit Card,Online,EMP844,2,0,Same Day,8,GBP
ORD137058,06-01-2023,BR52,UAE,Dubai,CUST3270,PROD675,Accessories,Wireless Mouse,Dell,4,1203.55,0.18,0.18,4658.22,UPI,In-Store,EMP662,1,0,Same Day,9,EUR
ORD137059,07-07-2023,BR114,UK,Birmingham,CUST2931,PROD438,Mobile,Samsung Galaxy S23,HP,3,309.94,0.12,0.18,965.53,Cash,Online,EMP664,0,0,Standard,1,INR
ORD137060,18-10-2024,BR95,Germany,Hamburg,CUST1595,PROD293,Mobile,iPhone 14,OnePlus,5,551.67,0.01,0.18,3222.3,Debit Card,In-Store,EMP797,2,1,Express,5,EUR
ORD137061,12-06-2023,BR102,UK,London,CUST3176,PROD302,Mobile,OnePlus 11,OnePlus,2,1798.35,0.27,0.18,3098.2,UPI,Online,EMP508,0,1,Standard,2,USD
ORD137062,10-09-2023,BR1,UAE,Dubai,CUST3050,PROD396,Accessories,Keyboard,Samsung,1,1373.15,0.13,0.18,1409.68,Net Banking,In-Store,EMP316,3,1,Standard,1,AED
ORD137063,05-11-2023,BR66,Germany,Munich,CUST4428,PROD251,Accessories,Bluetooth Headphones,Dell,5,199.27,0.06,0.18,1105.15,Credit Card,Online,EMP962,2,1,Standard,2,INR
ORD137064,22-06-2024,BR98,UK,Manchester,CUST1266,PROD944,Laptop,MacBook Air M2,Lenovo,2,725.49,0.11,0.18,1523.82,UPI,In-Store,EMP388,0,1,Express,2,INR
ORD137065,04-06-2023,BR43,UAE,Dubai,CUST2443,PROD381,Mobile,iPhone 14,Dell,2,437.82,0.13,0.18,898.93,Net Banking,In-Store,EMP744,3,0,Standard,3,EUR
ORD137066,09-08-2024,BR79,Germany,Berlin,CUST8164,PROD207,Mobile,iPhone 14,Lenovo,1,1330.74,0.14,0.18,1350.43,Debit Card,In-Store,EMP660,3,0,Express,8,USD
ORD137067,15-11-2024,BR108,USA,Dallas,CUST5237,PROD792,Mobile,iPhone 14,Lenovo,4,1524.28,0.1,0.18,6475.14,Debit Card,Online,EMP868,1,1,Same Day,8,INR
ORD137068,04-12-2023,BR77,USA,Los Angeles,CUST8567,PROD219,Laptop,Dell XPS 13,LG,1,581.23,0.3,0.18,480.1,Credit Card,Online,EMP579,0,0,Standard,5,AED
ORD137069,16-02-2024,BR101,USA,Los Angeles,CUST9013,PROD963,Mobile,Samsung Galaxy S23,Dell,3,1043.18,0.08,0.18,3397.43,Cash,Online,EMP431,0,0,Same Day,10,USD
ORD137070,30-01-2023,BR37,India,Mumbai,CUST1107,PROD797,Mobile,Samsung Galaxy S23,Dell,1,882.49,0,0.18,1041.34,Cash,Online,EMP313,1,0,Express,1,AED
ORD137071,19-05-2023,BR63,UAE,Dubai,CUST7753,PROD983,Accessories,Wireless Mouse,Samsung,1,193.83,0.04,0.18,219.57,Cash,In-Store,EMP910,1,1,Express,6,GBP
ORD137072,30-12-2024,BR53,UAE,Dubai,CUST8424,PROD786,Mobile,Samsung Galaxy S23,LG,1,1381.17,0.1,0.18,1466.8,Credit Card,In-Store,EMP438,1,0,Express,3,EUR
ORD137073,21-03-2024,BR54,UK,London,CUST3784,PROD219,Tablet,Lenovo Tab P11,OnePlus,1,1561.11,0.26,0.18,1363.16,UPI,In-Store,EMP294,0,1,Express,8,INR
ORD137074,13-11-2023,BR78,UAE,Abu Dhabi,CUST3290,PROD653,Mobile,Samsung Galaxy S23,LG,2,1356.82,0.15,0.18,2721.78,Net Banking,In-Store,EMP973,0,0,Same Day,3,EUR
ORD137075,11-08-2024,BR17,USA,Los Angeles,CUST3110,PROD715,Tablet,Lenovo Tab P11,Sony,3,1088.83,0.25,0.18,2890.84,Credit Card,Online,EMP202,0,0,Same Day,6,INR
ORD137076,28-03-2023,BR73,Germany,Hamburg,CUST8476,PROD269,Tablet,iPad Air,LG,4,1947.67,0.01,0.18,9101.07,Net Banking,In-Store,EMP618,3,0,Same Day,4,USD
ORD137077,09-09-2024,BR70,USA,Dallas,CUST6194,PROD374,TV,Sony Bravia 55,Apple,3,1750.35,0.1,0.18,5576.62,Debit Card,In-Store,EMP377,1,0,Standard,7,GBP
ORD137078,31-08-2024,BR77,Germany,Hamburg,CUST6400,PROD892,TV,Sony Bravia 55,Samsung,1,1577.53,0.18,0.18,1526.42,Net Banking,Online,EMP688,0,1,Same Day,5,INR
ORD137079,12-10-2024,BR62,UAE,Dubai,CUST7790,PROD290,Mobile,iPhone 14,Lenovo,5,775.69,0.3,0.18,3203.6,UPI,In-Store,EMP924,1,1,Express,5,EUR
ORD137080,18-10-2024,BR60,India,Mumbai,CUST2990,PROD755,Laptop,Dell XPS 13,Sony,4,1303.49,0.26,0.18,4552.83,UPI,In-Store,EMP232,3,1,Express,4,GBP
ORD137081,05-05-2024,BR99,UAE,Abu Dhabi,CUST1072,PROD838,TV,Samsung QLED 50,OnePlus,4,343.44,0.1,0.18,1458.93,Debit Card,Online,EMP514,1,1,Standard,8,EUR
ORD137082,31-01-2024,BR13,India,Pune,CUST9640,PROD422,TV,Sony Bravia 55,OnePlus,4,1264.24,0.11,0.18,5310.82,Credit Card,In-Store,EMP815,1,1,Standard,9,USD
ORD137083,11-09-2024,BR88,USA,Chicago,CUST5647,PROD257,Laptop,MacBook Air M2,Lenovo,1,164.08,0.11,0.18,172.32,Net Banking,Online,EMP998,3,1,Standard,6,GBP
ORD137084,24-02-2024,BR72,UAE,Dubai,CUST6246,PROD824,Accessories,Bluetooth Headphones,Dell,5,1814.72,0.18,0.18,8779.62,Net Banking,Online,EMP379,3,0,Express,8,GBP
ORD137085,02-01-2024,BR78,USA,Los Angeles,CUST9065,PROD431,Mobile,OnePlus 11,Apple,5,858.78,0.13,0.18,4408.12,Credit Card,In-Store,EMP306,3,1,Standard,3,AED
ORD137086,22-03-2024,BR64,UK,London,CUST3838,PROD303,TV,LG OLED 48,Lenovo,1,467.52,0.13,0.18,479.96,UPI,In-Store,EMP572,0,1,Express,3,EUR
ORD137087,14-05-2024,BR95,UAE,Dubai,CUST8848,PROD102,Laptop,MacBook Air M2,HP,2,391.5,0.23,0.18,711.43,Net Banking,In-Store,EMP586,1,0,Express,3,AED
ORD137088,13-01-2023,BR38,UAE,Dubai,CUST4725,PROD191,Tablet,iPad Air,LG,2,522.72,0.2,0.18,986.9,Cash,In-Store,EMP450,1,1,Standard,7,INR
ORD137089,11-05-2023,BR67,USA,New York,CUST9142,PROD286,Laptop,MacBook Air M2,LG,3,1486.7,0.2,0.18,4210.33,UPI,In-Store,EMP996,1,1,Same Day,10,AED
ORD137090,03-03-2024,BR47,Germany,Hamburg,CUST5911,PROD936,Mobile,Samsung Galaxy S23,Dell,4,539.28,0.05,0.18,2418.13,Debit Card,In-Store,EMP791,2,0,Express,1,AED
ORD137091,15-03-2024,BR99,UK,London,CUST2041,PROD308,TV,LG OLED 48,Samsung,4,1713.39,0.29,0.18,5741.91,Cash,Online,EMP836,0,0,Express,8,USD
ORD137092,28-11-2024,BR54,India,Bangalore,CUST2671,PROD764,TV,Samsung QLED 50,Samsung,4,1044.85,0.1,0.18,4438.52,Cash,Online,EMP952,0,0,Same Day,8,EUR
ORD137093,19-09-2023,BR63,India,Delhi,CUST3610,PROD724,Tablet,iPad Air,Apple,1,1266.93,0.25,0.18,1121.23,UPI,In-Store,EMP435,1,0,Standard,5,EUR
ORD137094,18-08-2024,BR101,Germany,Munich,CUST8102,PROD213,Mobile,OnePlus 11,Dell,3,314.47,0.06,0.18,1046.43,Credit Card,Online,EMP342,0,0,Same Day,9,AED
ORD137095,08-01-2024,BR6,Germany,Berlin,CUST1117,PROD679,Accessories,Keyboard,LG,1,750.14,0.09,0.18,805.5,UPI,Online,EMP788,3,0,Express,6,GBP
ORD137096,07-02-2024,BR68,Germany,Berlin,CUST9709,PROD862,TV,LG OLED 48,Sony,4,1015.14,0.16,0.18,4024.83,Debit Card,Online,EMP961,3,0,Same Day,1,GBP
ORD137097,13-06-2023,BR81,USA,Chicago,CUST8264,PROD633,Mobile,iPhone 14,Samsung,4,275.75,0.26,0.18,963.14,UPI,Online,EMP373,3,1,Standard,8,EUR
ORD137098,11-02-2023,BR15,UAE,Dubai,CUST9745,PROD380,TV,Samsung QLED 50,LG,1,541.22,0.13,0.18,555.62,Credit Card,Online,EMP528,1,0,Express,5,AED
ORD137099,24-03-2023,BR111,USA,Dallas,CUST7124,PROD250,Laptop,Dell XPS 13,LG,2,1998.26,0.01,0.18,4668.73,Debit Card,Online,EMP270,3,1,Same Day,6,INR
ORD137100,30-12-2023,BR91,UAE,Dubai,CUST3879,PROD400,Mobile,iPhone 14,Samsung,4,1634.85,0.13,0.18,6713.35,Net Banking,In-Store,EMP348,2,0,Standard,10,AED
ORD137101,19-03-2023,BR63,India,Bangalore,CUST4454,PROD287,Mobile,OnePlus 11,LG,3,1476.07,0.14,0.18,4493.75,Credit Card,Online,EMP941,0,1,Express,6,GBP
ORD137102,22-10-2023,BR45,Germany,Munich,CUST5845,PROD521,Mobile,iPhone 14,LG,5,295.93,0.15,0.18,1484.09,Cash,Online,EMP247,3,1,Same Day,5,EUR
ORD137103,15-03-2023,BR61,Germany,Berlin,CUST5830,PROD847,Laptop,Dell XPS 13,Samsung,4,1510.44,0.14,0.18,6131.18,Credit Card,Online,EMP669,3,1,Same Day,6,GBP
ORD137104,10-07-2023,BR68,India,Mumbai,CUST5442,PROD806,Laptop,Dell XPS 13,LG,5,1128.17,0.15,0.18,5657.77,Credit Card,In-Store,EMP528,2,0,Standard,2,GBP
ORD137105,25-05-2023,BR116,USA,Chicago,CUST8698,PROD962,Tablet,Lenovo Tab P11,Dell,2,1907.04,0.18,0.18,3690.5,Cash,Online,EMP832,3,0,Standard,3,GBP
ORD137106,24-07-2024,BR10,India,Bangalore,CUST8680,PROD703,Accessories,Wireless Mouse,Sony,2,204.16,0.3,0.18,337.27,Credit Card,In-Store,EMP704,2,0,Express,7,GBP
ORD137107,19-05-2024,BR70,UK,Manchester,CUST7192,PROD703,Laptop,MacBook Air M2,LG,2,934.37,0.01,0.18,2183.06,UPI,Online,EMP827,2,0,Standard,5,EUR
ORD137108,05-12-2024,BR35,Germany,Berlin,CUST6769,PROD601,Accessories,Bluetooth Headphones,OnePlus,3,1253.51,0.11,0.18,3949.31,Cash,In-Store,EMP671,3,1,Same Day,4,AED
ORD137109,14-07-2024,BR69,Germany,Berlin,CUST6840,PROD955,TV,LG OLED 48,Dell,1,1655.71,0.14,0.18,1680.21,Credit Card,Online,EMP229,2,0,Standard,9,EUR
ORD137110,06-10-2023,BR114,Germany,Munich,CUST5210,PROD829,Tablet,Lenovo Tab P11,Samsung,3,354.17,0.26,0.18,927.78,Credit Card,Online,EMP205,0,0,Standard,5,AED
ORD137111,14-06-2024,BR71,UK,Manchester,CUST8562,PROD890,Mobile,Samsung Galaxy S23,OnePlus,2,1244.76,0.2,0.18,2350.11,Cash,In-Store,EMP355,3,1,Standard,9,EUR
ORD137112,27-08-2023,BR69,UAE,Dubai,CUST1906,PROD532,TV,LG OLED 48,OnePlus,2,1612.95,0.06,0.18,3578.17,Credit Card,Online,EMP229,3,0,Standard,1,INR
ORD137113,26-01-2024,BR19,India,Pune,CUST7889,PROD364,Tablet,Lenovo Tab P11,Samsung,1,555.56,0.1,0.18,590,UPI,In-Store,EMP828,3,0,Standard,3,GBP
ORD137114,18-06-2023,BR46,India,Delhi,CUST5286,PROD833,TV,Samsung QLED 50,Apple,4,262.04,0.05,0.18,1174.99,Cash,Online,EMP375,0,0,Express,8,USD
ORD137115,10-10-2023,BR85,India,Mumbai,CUST9489,PROD962,Tablet,iPad Air,LG,4,1352.45,0.03,0.18,6192.06,UPI,In-Store,EMP808,2,1,Same Day,7,EUR
ORD137116,10-02-2023,BR74,India,Bangalore,CUST1741,PROD160,Laptop,HP Spectre x360,Apple,3,1846.52,0.12,0.18,5752.28,Credit Card,Online,EMP321,2,1,Standard,9,AED
ORD137117,09-12-2023,BR95,UK,Manchester,CUST9854,PROD671,Mobile,OnePlus 11,OnePlus,3,941.52,0.2,0.18,2666.38,Credit Card,In-Store,EMP835,2,0,Standard,4,AED
ORD137118,08-11-2024,BR26,UK,Birmingham,CUST5720,PROD341,TV,Sony Bravia 55,Apple,5,1125.09,0.29,0.18,4713,Cash,In-Store,EMP288,2,0,Standard,2,INR
ORD137119,14-03-2023,BR87,UK,Birmingham,CUST8707,PROD497,Tablet,Lenovo Tab P11,Apple,4,1295.97,0.19,0.18,4954.75,Credit Card,In-Store,EMP453,1,1,Express,10,AED
ORD137120,08-08-2023,BR21,USA,Chicago,CUST7323,PROD466,Accessories,Wireless Mouse,Dell,3,1486.93,0.15,0.18,4474.17,Cash,In-Store,EMP203,3,1,Same Day,8,GBP
ORD137121,13-09-2023,BR63,Germany,Hamburg,CUST8993,PROD672,Laptop,HP Spectre x360,HP,4,1712.87,0.17,0.18,6710.34,Debit Card,Online,EMP881,2,1,Same Day,2,GBP
ORD137122,28-11-2023,BR18,UK,Manchester,CUST4511,PROD932,TV,Sony Bravia 55,Apple,1,1903.1,0.25,0.18,1684.24,Debit Card,Online,EMP474,2,0,Express,9,EUR
ORD137123,17-09-2024,BR4,Germany,Hamburg,CUST2582,PROD474,Tablet,iPad Air,HP,2,1130.53,0.25,0.18,2001.04,Credit Card,Online,EMP372,2,1,Standard,6,INR
ORD137124,28-12-2023,BR72,UAE,Abu Dhabi,CUST8075,PROD694,Accessories,Wireless Mouse,Apple,5,1330.4,0.26,0.18,5808.53,Credit Card,Online,EMP210,3,0,Standard,9,EUR
ORD137125,03-02-2023,BR68,India,Mumbai,CUST4359,PROD878,Mobile,OnePlus 11,Samsung,1,535.27,0.03,0.18,612.67,UPI,Online,EMP795,1,0,Express,7,GBP
ORD137126,18-10-2024,BR86,Germany,Munich,CUST9188,PROD358,Accessories,Bluetooth Headphones,HP,1,94.06,0.1,0.18,99.89,Debit Card,In-Store,EMP366,0,1,Express,6,GBP
ORD137127,11-04-2024,BR52,UK,Manchester,CUST9931,PROD467,TV,Samsung QLED 50,Sony,4,1709.71,0.27,0.18,5890.98,Net Banking,Online,EMP995,3,1,Same Day,8,GBP
ORD137128,16-02-2024,BR80,UAE,Dubai,CUST3010,PROD651,Accessories,Keyboard,LG,5,1370.13,0.3,0.18,5658.64,UPI,In-Store,EMP481,3,0,Standard,10,EUR
ORD137129,15-11-2023,BR101,Germany,Hamburg,CUST7695,PROD462,Mobile,Samsung Galaxy S23,Dell,3,1658.11,0.21,0.18,4637.07,Credit Card,In-Store,EMP208,1,0,Express,4,EUR
ORD137130,26-01-2023,BR30,UK,Manchester,CUST9834,PROD459,Mobile,OnePlus 11,Samsung,2,1534.59,0.26,0.18,2680.01,Credit Card,In-Store,EMP692,2,0,Standard,1,AED
ORD137131,14-08-2024,BR76,Germany,Berlin,CUST7189,PROD163,Tablet,Lenovo Tab P11,Dell,5,1155.49,0.17,0.18,5658.43,UPI,Online,EMP870,2,0,Same Day,4,AED
ORD137132,02-11-2024,BR53,USA,Los Angeles,CUST2999,PROD608,TV,Sony Bravia 55,OnePlus,4,928.44,0.15,0.18,3724.9,UPI,In-Store,EMP466,2,0,Same Day,1,EUR
ORD137133,12-02-2023,BR77,Germany,Munich,CUST1909,PROD680,Tablet,iPad Air,Apple,4,1009.41,0.04,0.18,4573.84,Net Banking,Online,EMP300,3,0,Standard,1,GBP
ORD137134,29-08-2023,BR74,UK,Manchester,CUST6982,PROD246,TV,Samsung QLED 50,Sony,2,1636.69,0.06,0.18,3630.83,UPI,Online,EMP498,2,1,Standard,3,USD
ORD137135,12-04-2023,BR114,UAE,Dubai,CUST4370,PROD305,TV,LG OLED 48,Dell,4,1713.33,0.1,0.18,7278.23,Net Banking,In-Store,EMP561,0,1,Same Day,6,USD
ORD137136,27-06-2024,BR110,UK,London,CUST4553,PROD478,Accessories,Bluetooth Headphones,Dell,3,732.53,0.18,0.18,2126.39,Net Banking,In-Store,EMP508,2,0,Same Day,3,GBP
ORD137137,23-07-2024,BR104,UAE,Dubai,CUST3180,PROD835,TV,Samsung QLED 50,Dell,1,1457.98,0.22,0.18,1341.92,Cash,Online,EMP472,2,1,Standard,5,INR
ORD137138,25-07-2023,BR94,Germany,Berlin,CUST5840,PROD192,Tablet,Lenovo Tab P11,HP,1,1935.52,0.07,0.18,2124.04,Cash,In-Store,EMP498,3,0,Express,3,AED
ORD137139,20-11-2023,BR93,UK,London,CUST9892,PROD426,Mobile,iPhone 14,Lenovo,3,403.84,0.21,0.18,1129.38,Debit Card,Online,EMP520,3,1,Same Day,4,INR
ORD137140,18-08-2024,BR113,India,Delhi,CUST7507,PROD705,TV,LG OLED 48,OnePlus,4,770.19,0.22,0.18,2835.53,Net Banking,Online,EMP604,1,0,Standard,4,USD
ORD137141,15-10-2024,BR64,India,Delhi,CUST2763,PROD753,Tablet,Samsung Galaxy Tab,HP,4,722.71,0.27,0.18,2490.17,Credit Card,In-Store,EMP350,3,0,Express,1,USD
ORD137142,20-07-2023,BR98,UAE,Abu Dhabi,CUST5870,PROD814,Accessories,Wireless Mouse,Samsung,2,234.98,0.04,0.18,532.37,UPI,In-Store,EMP457,3,1,Express,6,INR
ORD137143,07-09-2023,BR14,Germany,Hamburg,CUST8484,PROD985,TV,Sony Bravia 55,Samsung,1,1830.73,0.08,0.18,1987.44,Debit Card,In-Store,EMP273,0,0,Same Day,4,EUR
ORD137144,22-10-2023,BR49,India,Mumbai,CUST8985,PROD914,Mobile,Samsung Galaxy S23,Samsung,2,869.27,0.15,0.18,1743.76,Debit Card,Online,EMP966,3,0,Express,4,EUR
ORD137145,07-02-2023,BR5,India,Pune,CUST6253,PROD153,TV,Sony Bravia 55,Lenovo,5,1443.83,0.21,0.18,6729.69,UPI,Online,EMP270,3,0,Standard,3,EUR
ORD137146,08-01-2024,BR18,UK,Manchester,CUST9238,PROD938,Tablet,Samsung Galaxy Tab,Apple,4,1473.78,0.22,0.18,5425.87,Cash,In-Store,EMP446,2,1,Same Day,8,INR
ORD137147,26-02-2023,BR53,USA,New York,CUST1359,PROD300,Accessories,Keyboard,Dell,4,1537.9,0.23,0.18,5589.34,Cash,In-Store,EMP979,2,0,Express,9,EUR
ORD137148,30-10-2023,BR11,UK,Manchester,CUST2727,PROD248,Mobile,Samsung Galaxy S23,OnePlus,3,1922.14,0.12,0.18,5987.85,UPI,In-Store,EMP946,3,1,Express,5,INR
ORD137149,01-11-2024,BR61,UK,Birmingham,CUST2466,PROD764,TV,Samsung QLED 50,Dell,3,715.67,0.13,0.18,2204.12,Cash,Online,EMP302,3,0,Same Day,3,AED
ORD137150,11-01-2023,BR14,UAE,Abu Dhabi,CUST8945,PROD771,TV,Samsung QLED 50,HP,2,1038.33,0.12,0.18,2156.4,Cash,In-Store,EMP283,0,1,Standard,9,EUR
ORD137151,05-11-2023,BR102,UAE,Dubai,CUST6661,PROD943,Tablet,Samsung Galaxy Tab,Samsung,5,949.69,0.01,0.18,5547.14,UPI,In-Store,EMP519,0,0,Same Day,6,INR
ORD137152,03-05-2023,BR52,India,Bangalore,CUST9550,PROD676,Accessories,Bluetooth Headphones,Lenovo,3,1803.38,0.21,0.18,5043.33,UPI,Online,EMP335,0,1,Same Day,10,USD
ORD137153,11-09-2024,BR46,Germany,Hamburg,CUST4892,PROD298,TV,Samsung QLED 50,Dell,5,370.88,0.05,0.18,2078.78,Credit Card,Online,EMP774,0,0,Express,6,AED
ORD137154,05-04-2023,BR61,UK,Birmingham,CUST9577,PROD904,Accessories,Keyboard,Sony,3,310.08,0.25,0.18,823.26,Cash,In-Store,EMP977,2,0,Express,2,GBP
ORD137155,29-02-2024,BR21,UK,Birmingham,CUST4588,PROD280,Mobile,OnePlus 11,Dell,3,1278.18,0.06,0.18,4253.27,UPI,In-Store,EMP988,2,0,Same Day,4,GBP
ORD137156,12-02-2024,BR76,UK,Birmingham,CUST5274,PROD617,Mobile,iPhone 14,Samsung,5,1239.74,0.07,0.18,6802.45,Cash,Online,EMP203,3,1,Standard,10,USD
ORD137157,26-05-2023,BR19,India,Delhi,CUST7004,PROD114,TV,LG OLED 48,HP,1,374.78,0.21,0.18,349.37,Debit Card,Online,EMP525,2,0,Express,5,EUR
ORD137158,15-11-2024,BR42,UAE,Abu Dhabi,CUST8980,PROD386,Tablet,Samsung Galaxy Tab,OnePlus,3,1336.04,0.11,0.18,4209.33,UPI,Online,EMP491,2,0,Same Day,9,USD
ORD137159,10-06-2024,BR71,India,Delhi,CUST1614,PROD248,TV,Samsung QLED 50,LG,3,1457.92,0.15,0.18,4386.88,Cash,Online,EMP460,1,1,Express,2,INR
ORD137160,05-12-2023,BR10,India,Bangalore,CUST2143,PROD999,Accessories,Bluetooth Headphones,OnePlus,2,233.03,0.14,0.18,472.96,UPI,In-Store,EMP934,2,1,Standard,2,GBP
ORD137161,23-05-2024,BR79,Germany,Berlin,CUST9587,PROD773,Accessories,Keyboard,OnePlus,4,410.31,0.11,0.18,1723.63,Net Banking,In-Store,EMP251,0,0,Express,10,GBP
ORD137162,02-10-2023,BR36,India,Delhi,CUST8065,PROD995,Accessories,Bluetooth Headphones,Dell,2,1810.34,0.28,0.18,3076.13,Cash,Online,EMP756,2,1,Same Day,9,USD
ORD137163,04-01-2024,BR66,Germany,Hamburg,CUST8691,PROD465,Mobile,iPhone 14,HP,1,1375.48,0,0.18,1623.07,Cash,Online,EMP249,2,1,Same Day,5,INR
ORD137164,15-08-2024,BR75,Germany,Berlin,CUST8529,PROD130,Laptop,HP Spectre x360,Apple,1,913.39,0.19,0.18,873.02,Debit Card,Online,EMP495,0,1,Standard,3,USD
ORD137165,28-07-2024,BR23,UAE,Abu Dhabi,CUST5781,PROD829,Accessories,Bluetooth Headphones,Lenovo,5,245.61,0.11,0.18,1289.7,Net Banking,Online,EMP728,1,0,Same Day,1,EUR
ORD137166,16-05-2024,BR38,Germany,Berlin,CUST3424,PROD539,Tablet,Lenovo Tab P11,Sony,5,1547.49,0.18,0.18,7486.76,Cash,Online,EMP421,1,1,Same Day,7,AED
ORD137167,08-08-2024,BR38,USA,Dallas,CUST7680,PROD782,Accessories,Bluetooth Headphones,LG,2,265.34,0.01,0.18,619.94,UPI,Online,EMP975,1,1,Same Day,1,INR
ORD137168,20-07-2023,BR75,UK,London,CUST1213,PROD136,Mobile,Samsung Galaxy S23,Samsung,4,384.74,0.18,0.18,1489.1,Credit Card,Online,EMP903,3,0,Express,4,USD
ORD137169,18-03-2023,BR66,UK,London,CUST4372,PROD923,Tablet,Samsung Galaxy Tab,OnePlus,5,216.49,0.13,0.18,1111.24,UPI,In-Store,EMP865,3,1,Same Day,8,INR
ORD137170,14-06-2024,BR8,UAE,Abu Dhabi,CUST6463,PROD478,Laptop,HP Spectre x360,Apple,1,1796.99,0.29,0.18,1505.52,Cash,In-Store,EMP899,1,1,Express,6,EUR
ORD137171,12-06-2024,BR84,Germany,Berlin,CUST6506,PROD462,Laptop,HP Spectre x360,Sony,1,1697.3,0.2,0.18,1602.25,Cash,Online,EMP840,0,0,Express,4,USD
ORD137172,24-07-2024,BR66,USA,Los Angeles,CUST6174,PROD820,TV,LG OLED 48,Sony,5,1756.5,0.27,0.18,7565.25,Debit Card,Online,EMP394,1,0,Express,8,EUR
ORD137173,18-12-2024,BR58,USA,Dallas,CUST9253,PROD595,Laptop,Dell XPS 13,Samsung,5,820.95,0.18,0.18,3971.76,Debit Card,Online,EMP258,0,1,Same Day,5,INR
ORD137174,10-06-2024,BR22,Germany,Hamburg,CUST9153,PROD419,Mobile,OnePlus 11,HP,4,922.43,0.09,0.18,3962.02,Cash,In-Store,EMP984,2,0,Same Day,4,USD
ORD137175,30-06-2023,BR14,UAE,Abu Dhabi,CUST7553,PROD795,TV,Sony Bravia 55,LG,3,121.02,0.23,0.18,329.88,UPI,Online,EMP788,0,1,Standard,8,AED
ORD137176,24-03-2024,BR18,UAE,Dubai,CUST8601,PROD634,Laptop,MacBook Air M2,Lenovo,2,486.62,0.25,0.18,861.32,Net Banking,In-Store,EMP936,1,1,Standard,1,GBP
ORD137177,25-07-2024,BR88,UK,Manchester,CUST3949,PROD107,Laptop,MacBook Air M2,LG,3,110.88,0.17,0.18,325.79,Debit Card,Online,EMP285,1,1,Standard,2,USD
ORD137178,17-08-2023,BR5,Germany,Berlin,CUST4269,PROD395,Laptop,Dell XPS 13,HP,4,1665.95,0.26,0.18,5818.83,Net Banking,In-Store,EMP386,0,0,Same Day,10,AED
ORD137179,10-01-2023,BR97,Germany,Munich,CUST1167,PROD387,TV,LG OLED 48,HP,3,208.44,0.29,0.18,523.89,UPI,Online,EMP698,3,0,Standard,10,AED
ORD137180,04-03-2024,BR39,UK,London,CUST1369,PROD338,Tablet,Samsung Galaxy Tab,Apple,4,230.76,0.25,0.18,816.89,Debit Card,In-Store,EMP269,1,1,Same Day,9,GBP
ORD137181,15-03-2024,BR100,UK,Birmingham,CUST2780,PROD456,Accessories,Bluetooth Headphones,Apple,3,1677.4,0.02,0.18,5819.24,Net Banking,In-Store,EMP724,1,1,Standard,3,EUR
ORD137182,20-03-2024,BR91,UAE,Dubai,CUST6594,PROD376,Tablet,Samsung Galaxy Tab,Samsung,4,1398.65,0.28,0.18,4753.17,UPI,In-Store,EMP631,0,0,Same Day,10,USD
ORD137183,20-03-2024,BR86,UAE,Abu Dhabi,CUST9098,PROD817,Mobile,iPhone 14,HP,2,419.42,0.16,0.18,831.46,Cash,In-Store,EMP467,3,0,Standard,5,USD
ORD137184,23-03-2024,BR7,UK,Manchester,CUST4699,PROD572,Accessories,Wireless Mouse,Apple,4,184.6,0.01,0.18,862.6,Net Banking,In-Store,EMP684,0,1,Express,2,GBP
ORD137185,23-05-2023,BR108,India,Pune,CUST8615,PROD149,Accessories,Keyboard,Apple,3,777.45,0.24,0.18,2091.65,Net Banking,Online,EMP915,1,0,Same Day,8,INR
ORD137186,15-02-2024,BR57,USA,Chicago,CUST7157,PROD510,Laptop,HP Spectre x360,Sony,2,85.92,0.27,0.18,148.02,Net Banking,Online,EMP390,3,0,Standard,9,USD
ORD137187,04-09-2023,BR7,UAE,Abu Dhabi,CUST9090,PROD939,Tablet,Samsung Galaxy Tab,LG,4,51.83,0.02,0.18,239.74,Credit Card,Online,EMP398,0,0,Standard,3,GBP
ORD137188,29-09-2024,BR39,Germany,Berlin,CUST2873,PROD387,Mobile,iPhone 14,Samsung,3,1202.32,0.18,0.18,3490.09,UPI,In-Store,EMP832,3,0,Standard,3,USD
ORD137189,04-03-2023,BR86,Germany,Berlin,CUST7017,PROD603,Tablet,Lenovo Tab P11,Lenovo,3,1239.88,0.16,0.18,3686.91,Debit Card,Online,EMP617,1,1,Same Day,10,AED
ORD137190,14-07-2024,BR90,UK,Birmingham,CUST8151,PROD372,Tablet,Samsung Galaxy Tab,Lenovo,3,1943.39,0.18,0.18,5641.27,UPI,Online,EMP245,0,0,Same Day,3,AED
ORD137191,29-05-2023,BR23,UK,Manchester,CUST9976,PROD179,Accessories,Bluetooth Headphones,Dell,1,608.28,0.02,0.18,703.41,Credit Card,Online,EMP757,3,0,Standard,10,USD
ORD137192,15-06-2023,BR2,UAE,Dubai,CUST5846,PROD988,Accessories,Keyboard,OnePlus,2,311.12,0.09,0.18,668.16,Cash,In-Store,EMP754,3,1,Express,1,USD
ORD137193,05-12-2023,BR57,UK,Birmingham,CUST2405,PROD726,Tablet,Samsung Galaxy Tab,Dell,3,833.34,0.01,0.18,2920.52,Cash,In-Store,EMP405,0,0,Express,7,INR
ORD137194,21-01-2023,BR40,UK,Birmingham,CUST5773,PROD279,Mobile,iPhone 14,Lenovo,1,470.74,0.16,0.18,466.6,Debit Card,Online,EMP933,1,0,Standard,6,INR
ORD137195,30-07-2023,BR81,UK,London,CUST2035,PROD367,Tablet,Samsung Galaxy Tab,Apple,4,1383.08,0.08,0.18,6005.89,UPI,In-Store,EMP407,1,0,Same Day,9,INR
ORD137196,05-10-2023,BR16,USA,Los Angeles,CUST6257,PROD230,Tablet,iPad Air,Apple,3,614.36,0.21,0.18,1718.12,Cash,In-Store,EMP989,3,1,Express,5,USD
ORD137197,05-06-2024,BR58,Germany,Hamburg,CUST3203,PROD210,Mobile,OnePlus 11,Samsung,3,727.66,0.28,0.18,1854.66,Cash,Online,EMP958,0,0,Standard,9,EUR
ORD137198,18-06-2024,BR82,USA,New York,CUST6044,PROD710,TV,Samsung QLED 50,HP,1,1818.77,0.17,0.18,1781.3,Credit Card,In-Store,EMP292,1,0,Standard,5,AED
ORD137199,30-04-2024,BR72,India,Mumbai,CUST8159,PROD851,Accessories,Keyboard,Lenovo,3,1715.55,0.16,0.18,5101.36,UPI,In-Store,EMP626,3,0,Express,4,AED
ORD137200,07-08-2024,BR75,UAE,Abu Dhabi,CUST6170,PROD313,Accessories,Wireless Mouse,Samsung,5,862.31,0.23,0.18,3917.47,Net Banking,Online,EMP963,2,0,Same Day,1,USD
ORD137201,31-10-2024,BR115,UAE,Dubai,CUST9411,PROD658,Laptop,Dell XPS 13,Dell,3,771.25,0.13,0.18,2375.3,Debit Card,Online,EMP510,3,0,Express,2,EUR
ORD137202,14-05-2024,BR65,UK,London,CUST3879,PROD878,Tablet,Lenovo Tab P11,Samsung,3,1413.94,0.29,0.18,3553.8,UPI,In-Store,EMP253,0,0,Standard,7,GBP
ORD137203,29-01-2024,BR114,UAE,Abu Dhabi,CUST6584,PROD878,Accessories,Keyboard,Samsung,4,865.75,0.12,0.18,3595.98,Cash,Online,EMP726,2,1,Express,5,GBP
ORD137204,25-10-2023,BR21,UK,Birmingham,CUST1666,PROD272,TV,Samsung QLED 50,Apple,3,1219.26,0.14,0.18,3711.92,UPI,In-Store,EMP213,0,1,Same Day,7,INR
ORD137205,04-03-2024,BR105,UK,London,CUST1510,PROD757,TV,Samsung QLED 50,HP,4,1977.89,0.22,0.18,7281.8,Cash,In-Store,EMP468,3,1,Same Day,3,AED
ORD137206,03-11-2023,BR102,USA,Los Angeles,CUST3079,PROD619,Mobile,OnePlus 11,OnePlus,3,1521.62,0.21,0.18,4255.36,Cash,Online,EMP887,0,1,Express,9,INR
ORD137207,06-09-2024,BR3,India,Bangalore,CUST7545,PROD230,Mobile,iPhone 14,Sony,4,170.16,0.05,0.18,763,Cash,Online,EMP280,0,1,Express,6,EUR
ORD137208,22-01-2023,BR21,UAE,Abu Dhabi,CUST8675,PROD917,Laptop,HP Spectre x360,Lenovo,2,868.13,0.08,0.18,1884.88,Debit Card,Online,EMP510,0,0,Express,2,GBP
ORD137209,22-02-2024,BR10,India,Mumbai,CUST3777,PROD509,Mobile,Samsung Galaxy S23,OnePlus,1,1341.34,0.23,0.18,1218.74,Credit Card,In-Store,EMP747,1,1,Express,7,INR
ORD137210,01-01-2023,BR52,UAE,Dubai,CUST4471,PROD775,Accessories,Keyboard,Samsung,3,1080.39,0.16,0.18,3212.65,Net Banking,In-Store,EMP708,3,1,Standard,10,USD
ORD137211,12-09-2023,BR18,India,Pune,CUST7951,PROD122,Mobile,iPhone 14,Apple,4,548.03,0.02,0.18,2534.97,Debit Card,Online,EMP404,0,1,Same Day,10,INR
ORD137212,08-01-2023,BR102,USA,Los Angeles,CUST9380,PROD917,Laptop,HP Spectre x360,OnePlus,1,842.9,0.05,0.18,944.89,Cash,Online,EMP665,2,0,Express,6,GBP
ORD137213,04-02-2024,BR90,Germany,Hamburg,CUST7167,PROD889,TV,Samsung QLED 50,HP,1,365.09,0.1,0.18,387.73,Credit Card,In-Store,EMP706,0,0,Same Day,10,EUR
ORD137214,23-05-2023,BR24,USA,Los Angeles,CUST2830,PROD804,Laptop,MacBook Air M2,LG,3,1980.22,0.09,0.18,6379.08,Net Banking,Online,EMP677,2,0,Express,8,INR
ORD137215,13-05-2023,BR76,UAE,Abu Dhabi,CUST6572,PROD361,Tablet,Samsung Galaxy Tab,OnePlus,5,815.23,0.2,0.18,3847.89,UPI,Online,EMP831,2,1,Standard,5,AED
ORD137216,25-05-2023,BR81,India,Mumbai,CUST1923,PROD335,Tablet,iPad Air,OnePlus,5,53.17,0.26,0.18,232.14,UPI,Online,EMP692,2,1,Same Day,3,EUR
ORD137217,24-02-2023,BR79,UAE,Dubai,CUST2870,PROD320,TV,Sony Bravia 55,LG,4,357.43,0.22,0.18,1315.91,Credit Card,In-Store,EMP217,3,0,Standard,9,EUR
ORD137218,24-07-2024,BR86,India,Pune,CUST2926,PROD418,Accessories,Bluetooth Headphones,Dell,2,894,0.27,0.18,1540.18,Credit Card,Online,EMP831,3,0,Standard,6,INR
ORD137219,30-05-2024,BR9,Germany,Hamburg,CUST3317,PROD700,Laptop,Dell XPS 13,Sony,2,414.5,0.22,0.18,763.01,Cash,Online,EMP254,1,0,Express,6,EUR
ORD137220,03-12-2024,BR63,India,Bangalore,CUST5307,PROD423,Accessories,Wireless Mouse,Lenovo,2,1820.08,0.23,0.18,3307.45,Debit Card,In-Store,EMP298,2,0,Express,1,EUR
ORD137221,18-07-2023,BR37,Germany,Hamburg,CUST6595,PROD723,TV,Sony Bravia 55,Lenovo,5,951.49,0.17,0.18,4659.45,UPI,Online,EMP273,2,0,Express,3,AED
ORD137222,16-09-2024,BR94,UAE,Abu Dhabi,CUST1086,PROD931,Accessories,Keyboard,HP,1,1339.08,0.27,0.18,1153.48,Debit Card,In-Store,EMP904,2,0,Same Day,9,EUR
ORD137223,22-11-2023,BR28,India,Pune,CUST8137,PROD830,Tablet,iPad Air,LG,3,964.86,0.07,0.18,3176.51,Cash,Online,EMP726,3,0,Express,6,USD
ORD137224,13-12-2024,BR70,UK,London,CUST2043,PROD712,Accessories,Keyboard,Lenovo,2,1330.99,0.16,0.18,2638.55,UPI,Online,EMP905,0,0,Express,7,USD
ORD137225,19-01-2023,BR64,UK,London,CUST8821,PROD836,Laptop,HP Spectre x360,LG,3,646.66,0.14,0.18,1968.69,UPI,Online,EMP959,0,0,Standard,8,INR
ORD137226,16-09-2023,BR50,Germany,Munich,CUST3063,PROD682,TV,Samsung QLED 50,Sony,4,643.77,0.04,0.18,2917.05,Net Banking,Online,EMP574,2,0,Express,7,AED
ORD137227,29-12-2023,BR30,Germany,Hamburg,CUST7267,PROD422,Tablet,Samsung Galaxy Tab,Sony,3,1164.82,0.25,0.18,3092.6,Credit Card,Online,EMP541,0,1,Standard,3,INR
ORD137228,05-02-2024,BR10,UK,Birmingham,CUST2782,PROD815,Laptop,MacBook Air M2,Apple,5,497.29,0.06,0.18,2757.97,Net Banking,Online,EMP305,2,1,Standard,1,AED
ORD137229,05-04-2024,BR61,UAE,Dubai,CUST6669,PROD324,Tablet,iPad Air,LG,3,885.72,0.08,0.18,2884.61,UPI,Online,EMP462,3,1,Express,7,AED
ORD137230,14-08-2024,BR30,UK,Manchester,CUST2681,PROD609,Accessories,Keyboard,HP,1,852.29,0.11,0.18,895.07,Credit Card,Online,EMP759,3,0,Express,8,GBP
ORD137231,02-07-2023,BR110,UK,London,CUST8666,PROD897,Tablet,Lenovo Tab P11,Dell,3,1409.63,0.14,0.18,4291.48,Net Banking,Online,EMP390,1,1,Same Day,9,EUR
ORD137232,17-12-2023,BR117,India,Mumbai,CUST4691,PROD219,Mobile,iPhone 14,Lenovo,3,1692.16,0.13,0.18,5211.51,Cash,Online,EMP372,3,1,Standard,7,INR
ORD137233,30-11-2023,BR104,UAE,Dubai,CUST6163,PROD363,Tablet,Samsung Galaxy Tab,Apple,4,1671.76,0.29,0.18,5602.4,Credit Card,Online,EMP690,1,0,Express,7,USD
ORD137234,17-09-2023,BR106,Germany,Munich,CUST3858,PROD625,Accessories,Keyboard,Dell,3,925.14,0.05,0.18,3111.25,Debit Card,Online,EMP585,3,1,Same Day,2,AED
ORD137235,27-10-2024,BR27,UK,Manchester,CUST4745,PROD302,Accessories,Bluetooth Headphones,HP,2,349.31,0.22,0.18,643.01,Cash,In-Store,EMP756,3,0,Express,7,INR
ORD137236,04-07-2024,BR44,UK,London,CUST2590,PROD427,Mobile,iPhone 14,Samsung,3,256.43,0.18,0.18,744.37,Cash,Online,EMP473,0,1,Express,2,GBP
ORD137237,22-07-2024,BR33,UAE,Dubai,CUST8073,PROD778,TV,LG OLED 48,OnePlus,4,620.02,0.13,0.18,2546.05,Debit Card,In-Store,EMP371,0,0,Same Day,6,GBP
ORD137238,30-07-2024,BR37,UK,Birmingham,CUST8308,PROD117,TV,Samsung QLED 50,OnePlus,5,1201.38,0.08,0.18,6521.09,Cash,Online,EMP283,0,1,Express,9,EUR
ORD137239,13-08-2024,BR25,UAE,Abu Dhabi,CUST7041,PROD337,Laptop,HP Spectre x360,Dell,1,121.18,0.1,0.18,128.69,Cash,In-Store,EMP712,0,1,Express,9,EUR
ORD137240,30-04-2023,BR62,USA,Chicago,CUST7200,PROD250,Tablet,iPad Air,Samsung,3,1717.54,0.22,0.18,4742.47,Credit Card,Online,EMP390,2,0,Express,2,EUR
ORD137241,17-07-2023,BR46,UK,London,CUST3592,PROD963,TV,Samsung QLED 50,Apple,1,1577.04,0.1,0.18,1674.82,Net Banking,In-Store,EMP474,1,1,Same Day,6,AED
ORD137242,14-09-2023,BR19,UK,Birmingham,CUST1831,PROD715,Accessories,Wireless Mouse,Apple,1,1852.05,0.1,0.18,1966.88,UPI,Online,EMP332,0,1,Express,5,INR
ORD137243,10-04-2023,BR56,UAE,Abu Dhabi,CUST3841,PROD547,Tablet,Lenovo Tab P11,OnePlus,4,707.91,0.03,0.18,3241.1,Credit Card,In-Store,EMP255,0,1,Standard,1,INR
ORD137244,22-04-2023,BR12,UK,Birmingham,CUST5041,PROD481,Accessories,Bluetooth Headphones,Samsung,3,662.82,0.1,0.18,2111.74,Net Banking,In-Store,EMP723,2,1,Standard,10,AED
ORD137245,11-02-2023,BR50,Germany,Hamburg,CUST1668,PROD332,Mobile,Samsung Galaxy S23,Lenovo,1,1408.69,0.22,0.18,1296.56,Net Banking,In-Store,EMP413,1,0,Express,8,USD
ORD137246,21-06-2023,BR94,USA,Dallas,CUST8150,PROD656,Laptop,MacBook Air M2,Sony,3,811.52,0.18,0.18,2355.68,Debit Card,Online,EMP348,1,1,Express,3,INR
ORD137247,15-08-2024,BR85,UK,Birmingham,CUST2135,PROD472,Mobile,Samsung Galaxy S23,Lenovo,1,1376.24,0.11,0.18,1445.33,Debit Card,Online,EMP614,1,0,Express,5,INR
ORD137248,29-03-2023,BR110,USA,Chicago,CUST6534,PROD661,Mobile,Samsung Galaxy S23,Dell,5,1081.89,0.07,0.18,5936.33,Net Banking,Online,EMP282,2,0,Express,7,AED
ORD137249,10-09-2024,BR84,India,Bangalore,CUST2429,PROD781,Mobile,OnePlus 11,Lenovo,3,315.85,0.2,0.18,894.49,Debit Card,In-Store,EMP727,1,1,Same Day,6,USD
ORD137250,24-07-2024,BR10,UAE,Dubai,CUST2455,PROD144,TV,Samsung QLED 50,HP,1,1475.53,0.16,0.18,1462.55,Cash,Online,EMP293,1,0,Express,6,AED
ORD137251,09-08-2024,BR41,UK,Manchester,CUST1612,PROD264,TV,Sony Bravia 55,LG,5,577.03,0.19,0.18,2757.63,UPI,Online,EMP822,0,1,Same Day,7,INR
ORD137252,24-08-2024,BR119,Germany,Hamburg,CUST6645,PROD969,Accessories,Keyboard,Apple,4,609.72,0.16,0.18,2417.42,UPI,Online,EMP373,3,1,Standard,2,GBP
ORD137253,11-10-2024,BR82,UK,London,CUST1712,PROD671,Mobile,iPhone 14,Dell,3,1855.48,0.05,0.18,6239.98,Net Banking,Online,EMP392,0,1,Same Day,5,EUR
ORD137254,23-01-2024,BR111,Germany,Berlin,CUST3305,PROD825,Accessories,Wireless Mouse,HP,4,1491.59,0.04,0.18,6758.69,Debit Card,In-Store,EMP840,1,0,Same Day,6,USD
ORD137255,12-09-2024,BR53,UK,Birmingham,CUST8104,PROD954,Mobile,Samsung Galaxy S23,Sony,4,1932.86,0.22,0.18,7116.02,Debit Card,Online,EMP441,2,0,Express,6,AED
ORD137256,11-11-2023,BR29,UK,London,CUST1303,PROD509,Laptop,MacBook Air M2,Apple,5,412.02,0.3,0.18,1701.64,Debit Card,Online,EMP839,0,0,Express,6,USD
ORD137257,24-12-2023,BR17,USA,Los Angeles,CUST2097,PROD699,Accessories,Wireless Mouse,Samsung,1,1908.42,0.05,0.18,2139.34,Credit Card,In-Store,EMP960,0,0,Same Day,9,EUR
ORD137258,16-06-2023,BR35,UK,London,CUST3791,PROD629,Tablet,iPad Air,Lenovo,4,1771.83,0.03,0.18,8112.15,Credit Card,Online,EMP233,2,1,Express,6,INR
ORD137259,26-03-2023,BR119,UK,Manchester,CUST1380,PROD259,Tablet,iPad Air,Lenovo,5,1119.93,0.12,0.18,5814.68,Credit Card,Online,EMP676,3,0,Express,4,AED
ORD137260,26-09-2023,BR61,UK,Manchester,CUST2877,PROD748,TV,LG OLED 48,LG,1,78.17,0.1,0.18,83.02,UPI,Online,EMP835,2,1,Express,10,USD
ORD137261,29-05-2023,BR116,Germany,Munich,CUST6922,PROD341,Accessories,Wireless Mouse,LG,4,681.76,0.19,0.18,2606.5,Net Banking,Online,EMP562,0,1,Standard,7,USD
ORD137262,08-11-2023,BR88,USA,Los Angeles,CUST2191,PROD290,Accessories,Wireless Mouse,HP,3,1535.44,0.11,0.18,4837.56,Cash,Online,EMP592,2,1,Standard,10,EUR
ORD137263,19-11-2024,BR114,Germany,Berlin,CUST2360,PROD392,Mobile,iPhone 14,OnePlus,4,802.86,0.2,0.18,3031.6,Debit Card,In-Store,EMP896,2,1,Standard,10,AED
ORD137264,08-07-2023,BR7,USA,Los Angeles,CUST3378,PROD373,Mobile,OnePlus 11,Sony,2,1893.25,0.29,0.18,3172.33,UPI,Online,EMP445,0,0,Same Day,5,AED
ORD137265,26-10-2023,BR4,UAE,Abu Dhabi,CUST8710,PROD171,Tablet,Lenovo Tab P11,LG,5,1639.04,0.18,0.18,7929.68,UPI,In-Store,EMP900,3,0,Express,8,AED
ORD137266,14-05-2023,BR3,India,Pune,CUST6644,PROD539,Laptop,MacBook Air M2,Apple,5,1837.19,0.07,0.18,10080.66,UPI,Online,EMP254,0,0,Standard,3,GBP
ORD137267,11-02-2023,BR105,Germany,Munich,CUST6069,PROD329,TV,Samsung QLED 50,Sony,2,941.96,0.2,0.18,1778.42,Credit Card,Online,EMP406,1,1,Express,5,INR
ORD137268,02-05-2024,BR105,USA,Dallas,CUST4009,PROD253,Mobile,iPhone 14,Sony,1,1818.87,0.13,0.18,1867.25,Debit Card,In-Store,EMP585,0,1,Standard,9,EUR
ORD137269,21-07-2024,BR61,Germany,Berlin,CUST7357,PROD192,TV,Samsung QLED 50,Apple,1,1919.42,0.03,0.18,2196.97,UPI,Online,EMP636,0,0,Same Day,2,INR
ORD137270,28-03-2023,BR56,Germany,Hamburg,CUST4133,PROD683,Accessories,Keyboard,HP,4,1315.38,0.06,0.18,5836.08,Debit Card,In-Store,EMP951,3,0,Express,7,EUR
ORD137271,15-11-2023,BR100,India,Pune,CUST5215,PROD873,Accessories,Keyboard,OnePlus,2,871.5,0.23,0.18,1583.69,Credit Card,In-Store,EMP397,1,1,Standard,1,USD
ORD137272,01-01-2024,BR75,UK,London,CUST8153,PROD648,Tablet,Samsung Galaxy Tab,Sony,2,558.5,0.26,0.18,975.36,Credit Card,In-Store,EMP653,2,0,Same Day,3,USD
ORD137273,04-02-2023,BR32,USA,Los Angeles,CUST2441,PROD264,Laptop,MacBook Air M2,HP,2,1357.47,0.15,0.18,2723.08,Credit Card,Online,EMP947,1,1,Express,10,USD
ORD137274,10-05-2024,BR96,UAE,Abu Dhabi,CUST4256,PROD352,TV,LG OLED 48,Apple,2,1944.71,0.09,0.18,4176.46,UPI,In-Store,EMP664,3,1,Standard,1,AED
ORD137275,11-09-2024,BR74,Germany,Hamburg,CUST2278,PROD145,Mobile,iPhone 14,Lenovo,3,1297.12,0.24,0.18,3489.77,Cash,In-Store,EMP468,2,1,Express,1,INR
ORD137276,10-05-2024,BR114,Germany,Munich,CUST4639,PROD277,Mobile,Samsung Galaxy S23,Lenovo,5,921.39,0.06,0.18,5110.03,Net Banking,In-Store,EMP254,1,1,Express,8,USD
ORD137277,30-12-2024,BR111,UAE,Abu Dhabi,CUST9044,PROD766,Mobile,Samsung Galaxy S23,HP,5,1572.43,0.18,0.18,7607.42,Credit Card,In-Store,EMP808,3,1,Same Day,8,AED
ORD137278,02-09-2024,BR99,USA,Chicago,CUST8127,PROD309,Accessories,Keyboard,LG,5,1835.33,0.21,0.18,8554.47,Net Banking,In-Store,EMP452,2,0,Standard,5,INR
ORD137279,15-07-2023,BR44,USA,Los Angeles,CUST8137,PROD795,TV,Sony Bravia 55,Sony,4,346.65,0.09,0.18,1488.93,Net Banking,In-Store,EMP590,2,1,Same Day,5,USD
ORD137280,25-04-2023,BR85,India,Delhi,CUST8484,PROD311,Tablet,iPad Air,HP,3,858.12,0.13,0.18,2642.84,Cash,In-Store,EMP757,1,0,Same Day,6,GBP
ORD137281,27-10-2023,BR105,UAE,Dubai,CUST4205,PROD491,Mobile,Samsung Galaxy S23,LG,5,235.9,0.1,0.18,1252.63,UPI,Online,EMP898,2,0,Express,7,INR
ORD137282,04-03-2024,BR9,USA,Los Angeles,CUST6203,PROD248,Tablet,Lenovo Tab P11,Lenovo,4,1920.84,0.06,0.18,8522.38,UPI,Online,EMP987,0,1,Same Day,2,USD
ORD137283,30-07-2024,BR51,Germany,Berlin,CUST1783,PROD354,Accessories,Bluetooth Headphones,Apple,1,741.86,0.3,0.18,612.78,Debit Card,Online,EMP673,0,0,Same Day,10,EUR
ORD137284,18-07-2024,BR10,USA,Dallas,CUST1875,PROD788,Laptop,Dell XPS 13,Dell,1,1083.84,0.16,0.18,1074.3,UPI,In-Store,EMP809,1,1,Standard,3,EUR
ORD137285,05-06-2023,BR8,USA,Los Angeles,CUST7486,PROD813,Mobile,Samsung Galaxy S23,Lenovo,1,927.88,0.19,0.18,886.87,Net Banking,In-Store,EMP462,1,1,Standard,1,INR
ORD137286,13-06-2024,BR80,USA,Los Angeles,CUST5691,PROD909,Tablet,Lenovo Tab P11,HP,1,152.48,0.16,0.18,151.14,Net Banking,Online,EMP917,2,1,Standard,5,INR
ORD137287,08-07-2024,BR94,UAE,Dubai,CUST5326,PROD853,TV,Sony Bravia 55,Samsung,1,1269.48,0.22,0.18,1168.43,Credit Card,Online,EMP902,0,0,Standard,9,AED
ORD137288,18-02-2024,BR26,Germany,Munich,CUST8193,PROD679,Laptop,Dell XPS 13,LG,3,247.76,0.04,0.18,841.99,Cash,In-Store,EMP278,3,1,Standard,6,EUR
ORD137289,18-05-2024,BR33,India,Pune,CUST3489,PROD303,TV,LG OLED 48,LG,2,1857.19,0.09,0.18,3988.5,Cash,Online,EMP350,2,0,Same Day,6,EUR
ORD137290,23-05-2024,BR75,UAE,Dubai,CUST1644,PROD372,Laptop,Dell XPS 13,HP,1,557.23,0.03,0.18,637.81,Debit Card,In-Store,EMP243,2,1,Standard,3,AED
ORD137291,18-09-2024,BR14,UAE,Dubai,CUST4311,PROD231,TV,Sony Bravia 55,Dell,5,1986.92,0.05,0.18,11136.69,Net Banking,In-Store,EMP988,1,0,Same Day,1,INR
ORD137292,21-03-2024,BR38,India,Delhi,CUST3656,PROD901,Mobile,OnePlus 11,Samsung,5,1232.3,0.24,0.18,5525.63,Credit Card,Online,EMP837,2,1,Express,7,AED
ORD137293,31-12-2023,BR28,UK,Birmingham,CUST7002,PROD205,Mobile,OnePlus 11,Dell,4,1255.41,0.27,0.18,4325.64,Cash,Online,EMP984,2,1,Express,3,GBP
ORD137294,08-09-2024,BR84,USA,New York,CUST9919,PROD361,Mobile,Samsung Galaxy S23,OnePlus,5,63.13,0.17,0.18,309.15,Credit Card,In-Store,EMP953,1,0,Same Day,9,GBP
ORD137295,03-08-2024,BR95,India,Bangalore,CUST8623,PROD828,Laptop,Dell XPS 13,Samsung,5,400.56,0.2,0.18,1890.64,UPI,In-Store,EMP285,1,1,Standard,10,INR
ORD137296,29-01-2024,BR88,India,Bangalore,CUST5006,PROD310,Accessories,Wireless Mouse,Dell,3,1826.22,0.08,0.18,5947.63,UPI,In-Store,EMP701,1,1,Express,8,EUR
ORD137297,24-11-2024,BR1,India,Bangalore,CUST3336,PROD443,Mobile,OnePlus 11,HP,5,1381.58,0.15,0.18,6928.62,Debit Card,In-Store,EMP848,1,0,Express,6,AED
ORD137298,31-12-2024,BR109,India,Pune,CUST6882,PROD859,TV,Sony Bravia 55,Sony,3,1785.4,0.15,0.18,5372.27,Debit Card,In-Store,EMP239,2,0,Same Day,6,GBP
ORD137299,18-04-2024,BR80,USA,Dallas,CUST3278,PROD294,TV,Sony Bravia 55,Apple,3,841.22,0.12,0.18,2620.57,Net Banking,Online,EMP987,0,1,Express,2,INR
ORD137300,09-10-2024,BR66,Germany,Hamburg,CUST5578,PROD114,Tablet,Samsung Galaxy Tab,Sony,5,915.07,0.1,0.18,4859.02,UPI,In-Store,EMP795,1,0,Express,8,EUR
ORD137301,03-09-2024,BR22,India,Bangalore,CUST1142,PROD100,TV,Sony Bravia 55,Samsung,3,1401.95,0.2,0.18,3970.32,UPI,Online,EMP720,1,0,Standard,7,EUR
ORD137302,18-10-2023,BR56,UK,Birmingham,CUST1091,PROD616,Tablet,iPad Air,Apple,5,910.36,0.25,0.18,4028.34,Credit Card,Online,EMP419,3,1,Same Day,10,USD
ORD137303,04-01-2023,BR74,USA,Chicago,CUST6891,PROD341,Laptop,MacBook Air M2,OnePlus,4,559.66,0.11,0.18,2351.02,Debit Card,In-Store,EMP268,3,1,Express,6,INR
ORD137304,16-09-2024,BR81,India,Pune,CUST6522,PROD347,Tablet,iPad Air,Lenovo,2,1084.26,0.05,0.18,2430.91,Credit Card,Online,EMP384,1,0,Standard,1,INR
ORD137305,16-06-2024,BR114,USA,New York,CUST6493,PROD781,TV,Samsung QLED 50,Sony,3,1253.79,0.01,0.18,4394.03,Credit Card,Online,EMP634,2,1,Same Day,1,EUR
ORD137306,22-12-2023,BR29,Germany,Berlin,CUST8025,PROD740,TV,Sony Bravia 55,Samsung,2,915.23,0.19,0.18,1749.55,Cash,In-Store,EMP202,3,0,Express,9,AED
ORD137307,09-10-2023,BR116,India,Delhi,CUST8202,PROD139,Laptop,HP Spectre x360,Lenovo,2,1303.93,0.12,0.18,2708,Net Banking,Online,EMP304,2,1,Express,3,INR
ORD137308,24-04-2024,BR57,Germany,Berlin,CUST9885,PROD587,Mobile,Samsung Galaxy S23,Apple,4,149.88,0.26,0.18,523.5,UPI,Online,EMP245,2,0,Same Day,6,INR
ORD137309,16-02-2023,BR3,USA,New York,CUST6332,PROD887,Mobile,Samsung Galaxy S23,Apple,5,1531.61,0.17,0.18,7500.29,UPI,Online,EMP327,1,0,Same Day,6,EUR
ORD137310,22-08-2023,BR76,India,Bangalore,CUST8670,PROD257,Laptop,Dell XPS 13,Lenovo,4,298.24,0.16,0.18,1182.46,Net Banking,Online,EMP679,1,0,Same Day,9,USD
ORD137311,20-02-2024,BR79,Germany,Hamburg,CUST9560,PROD479,Mobile,Samsung Galaxy S23,Dell,3,767.52,0.01,0.18,2689.85,UPI,In-Store,EMP832,3,1,Express,5,AED
ORD137312,14-03-2023,BR15,Germany,Hamburg,CUST7933,PROD439,TV,Samsung QLED 50,HP,3,741.02,0.21,0.18,2072.34,Debit Card,Online,EMP340,1,0,Standard,3,INR
ORD137313,16-03-2024,BR110,India,Mumbai,CUST6814,PROD976,Laptop,MacBook Air M2,HP,2,1716.1,0.13,0.18,3523.5,Cash,In-Store,EMP856,1,0,Standard,10,GBP
ORD137314,20-09-2023,BR39,India,Mumbai,CUST7506,PROD259,Laptop,HP Spectre x360,LG,2,1007.15,0.22,0.18,1853.96,Net Banking,In-Store,EMP806,2,0,Standard,5,INR
ORD137315,26-04-2023,BR41,Germany,Munich,CUST2440,PROD744,TV,Samsung QLED 50,LG,2,843.93,0.23,0.18,1533.59,UPI,Online,EMP541,2,1,Same Day,4,INR
ORD137316,02-06-2024,BR100,UK,London,CUST6429,PROD590,TV,Samsung QLED 50,Lenovo,2,1495.76,0.25,0.18,2647.5,Net Banking,In-Store,EMP881,0,0,Same Day,5,USD
ORD137317,19-01-2023,BR83,USA,Chicago,CUST9239,PROD140,Tablet,Lenovo Tab P11,Sony,1,1436.18,0.12,0.18,1491.33,Net Banking,In-Store,EMP811,3,1,Same Day,6,INR
ORD137318,15-10-2023,BR4,India,Bangalore,CUST7586,PROD292,Tablet,iPad Air,Sony,4,470.97,0.29,0.18,1578.31,UPI,Online,EMP710,2,0,Standard,6,INR
ORD137319,26-04-2024,BR33,UAE,Dubai,CUST9899,PROD966,TV,Samsung QLED 50,HP,5,1533.69,0.05,0.18,8596.33,Credit Card,Online,EMP419,0,1,Same Day,6,INR
ORD137320,14-11-2024,BR46,UK,London,CUST6791,PROD428,Accessories,Keyboard,Sony,2,1130.72,0.25,0.18,2001.37,Credit Card,In-Store,EMP422,0,0,Same Day,8,GBP
ORD137321,29-03-2024,BR66,UK,London,CUST9349,PROD793,Laptop,HP Spectre x360,Dell,4,407.51,0.22,0.18,1500.29,UPI,In-Store,EMP300,0,1,Express,3,GBP
ORD137322,06-07-2023,BR74,Germany,Berlin,CUST6679,PROD546,TV,Sony Bravia 55,LG,5,1915.68,0.16,0.18,9494.11,Cash,Online,EMP254,0,1,Standard,4,USD
ORD137323,27-11-2024,BR45,India,Bangalore,CUST4313,PROD475,Laptop,MacBook Air M2,Lenovo,1,1484.02,0.25,0.18,1313.36,Cash,Online,EMP719,3,0,Express,7,INR
ORD137324,14-06-2023,BR27,UK,Manchester,CUST1928,PROD862,Accessories,Bluetooth Headphones,OnePlus,5,350.99,0.29,0.18,1470.3,Net Banking,Online,EMP433,0,0,Express,3,EUR
ORD137325,07-04-2023,BR95,Germany,Berlin,CUST5197,PROD461,Accessories,Bluetooth Headphones,Dell,1,51.85,0.29,0.18,43.44,UPI,In-Store,EMP668,0,1,Standard,2,INR
ORD137326,21-11-2024,BR66,India,Bangalore,CUST6566,PROD284,Tablet,Lenovo Tab P11,Lenovo,2,1253.47,0.09,0.18,2691.95,Debit Card,In-Store,EMP481,3,0,Same Day,6,GBP
ORD137327,09-08-2024,BR45,India,Bangalore,CUST5087,PROD770,Tablet,Samsung Galaxy Tab,Dell,4,1306.99,0.17,0.18,5120.26,Credit Card,Online,EMP311,2,1,Standard,8,EUR
ORD137328,17-11-2024,BR66,UAE,Dubai,CUST9562,PROD964,Accessories,Keyboard,OnePlus,1,437.75,0.27,0.18,377.08,Credit Card,Online,EMP391,0,0,Same Day,6,AED
ORD137329,31-07-2023,BR108,UAE,Abu Dhabi,CUST3018,PROD878,TV,Samsung QLED 50,Samsung,3,536.2,0.26,0.18,1404.63,Debit Card,In-Store,EMP645,3,0,Same Day,7,AED
ORD137330,02-09-2023,BR86,Germany,Hamburg,CUST4239,PROD216,Laptop,HP Spectre x360,LG,3,1606.39,0.09,0.18,5174.82,Cash,Online,EMP331,0,1,Standard,6,AED
ORD137331,10-05-2024,BR79,UK,Birmingham,CUST8451,PROD292,Mobile,Samsung Galaxy S23,Lenovo,4,1100.7,0.12,0.18,4571.87,Cash,In-Store,EMP331,3,1,Standard,8,GBP
ORD137332,06-02-2024,BR44,UK,London,CUST6892,PROD684,TV,LG OLED 48,Apple,4,1341.82,0.12,0.18,5573.38,UPI,In-Store,EMP762,0,1,Express,1,AED
ORD137333,30-08-2024,BR85,UAE,Abu Dhabi,CUST7445,PROD819,Accessories,Keyboard,Samsung,5,1689.81,0.09,0.18,9072.59,Credit Card,Online,EMP981,1,0,Standard,4,EUR
ORD137334,29-10-2023,BR12,India,Delhi,CUST8862,PROD335,Mobile,OnePlus 11,Lenovo,1,1264.51,0.25,0.18,1119.09,UPI,In-Store,EMP664,3,1,Standard,7,USD
ORD137335,18-07-2023,BR51,UAE,Dubai,CUST3443,PROD767,Mobile,OnePlus 11,Apple,3,1853.22,0.15,0.18,5576.34,Credit Card,Online,EMP236,3,1,Express,5,EUR
ORD137336,23-04-2024,BR89,India,Bangalore,CUST3784,PROD165,TV,Samsung QLED 50,Samsung,3,440.75,0.26,0.18,1154.59,Cash,In-Store,EMP717,3,0,Express,2,USD
ORD137337,25-05-2023,BR75,UAE,Dubai,CUST3835,PROD190,Mobile,iPhone 14,Dell,2,1361.24,0.29,0.18,2280.89,UPI,In-Store,EMP472,2,1,Express,9,EUR
ORD137338,18-07-2023,BR86,Germany,Hamburg,CUST6373,PROD701,Mobile,iPhone 14,Dell,3,326.08,0.27,0.18,842.66,Cash,In-Store,EMP429,1,0,Same Day,2,USD
ORD137339,10-04-2024,BR8,UAE,Abu Dhabi,CUST8098,PROD387,Mobile,OnePlus 11,LG,1,1015.14,0.18,0.18,982.25,Cash,In-Store,EMP667,3,0,Standard,10,GBP
ORD137340,18-11-2024,BR81,Germany,Munich,CUST4354,PROD728,Mobile,iPhone 14,OnePlus,1,1731.11,0.13,0.18,1777.16,Cash,Online,EMP340,1,0,Standard,9,GBP
ORD137341,24-08-2023,BR67,Germany,Berlin,CUST7615,PROD642,Accessories,Keyboard,Sony,2,556.65,0.02,0.18,1287.42,UPI,Online,EMP315,2,1,Same Day,6,EUR
ORD137342,25-05-2023,BR43,India,Delhi,CUST9406,PROD759,Mobile,OnePlus 11,Samsung,5,1640.38,0.06,0.18,9097.55,UPI,Online,EMP876,0,1,Same Day,3,INR
ORD137343,24-02-2023,BR51,Germany,Munich,CUST8342,PROD357,Mobile,OnePlus 11,Samsung,5,358.37,0.21,0.18,1670.36,UPI,Online,EMP992,0,1,Express,6,USD
ORD137344,25-12-2023,BR18,UAE,Abu Dhabi,CUST6749,PROD778,Tablet,iPad Air,LG,4,571.5,0.17,0.18,2238.91,Debit Card,Online,EMP355,0,1,Standard,10,USD
ORD137345,25-05-2024,BR54,UK,Birmingham,CUST3389,PROD178,Laptop,Dell XPS 13,LG,3,443.23,0.02,0.18,1537.65,Debit Card,In-Store,EMP600,3,1,Express,1,USD
ORD137346,25-06-2024,BR41,India,Delhi,CUST7931,PROD419,Mobile,Samsung Galaxy S23,Lenovo,3,1729.94,0.27,0.18,4470.51,Cash,In-Store,EMP564,3,1,Express,1,EUR
ORD137347,14-03-2023,BR84,India,Bangalore,CUST5562,PROD702,Tablet,Samsung Galaxy Tab,Dell,1,1924.93,0.28,0.18,1635.42,Credit Card,Online,EMP266,3,0,Express,1,GBP
ORD137348,01-04-2024,BR94,UK,Birmingham,CUST7151,PROD753,Mobile,Samsung Galaxy S23,Lenovo,2,1696.06,0.29,0.18,2841.92,UPI,Online,EMP855,3,0,Standard,9,EUR
ORD137349,05-06-2023,BR73,Germany,Hamburg,CUST9643,PROD295,Laptop,MacBook Air M2,Sony,1,1887.81,0.09,0.18,2027.13,Net Banking,Online,EMP220,3,1,Same Day,8,AED
ORD137350,21-07-2023,BR42,UAE,Abu Dhabi,CUST5281,PROD984,Laptop,MacBook Air M2,Sony,3,918.24,0.18,0.18,2665.47,UPI,In-Store,EMP387,1,0,Standard,7,EUR
ORD137351,24-11-2024,BR80,USA,Dallas,CUST7328,PROD553,Laptop,HP Spectre x360,Apple,2,1119.41,0.12,0.18,2324.79,Debit Card,In-Store,EMP696,3,1,Standard,5,GBP
ORD137352,27-01-2024,BR35,Germany,Munich,CUST7100,PROD258,Mobile,Samsung Galaxy S23,HP,4,1525.67,0.14,0.18,6193,UPI,Online,EMP623,3,1,Express,6,USD
ORD137353,15-06-2023,BR100,USA,New York,CUST8189,PROD240,Accessories,Bluetooth Headphones,Lenovo,5,526.15,0.07,0.18,2886.99,Debit Card,Online,EMP478,1,1,Standard,3,INR
ORD137354,18-06-2024,BR39,USA,Chicago,CUST4487,PROD985,Tablet,Samsung Galaxy Tab,Sony,2,1918.23,0.28,0.18,3259.46,Credit Card,Online,EMP387,3,1,Express,5,AED
ORD137355,07-02-2024,BR3,India,Delhi,CUST4454,PROD334,Mobile,OnePlus 11,Dell,1,1405.11,0.26,0.18,1226.94,Debit Card,In-Store,EMP807,0,1,Standard,3,AED
ORD137356,13-12-2024,BR116,India,Delhi,CUST6728,PROD992,Tablet,iPad Air,HP,4,1644.22,0.12,0.18,6829.43,Credit Card,In-Store,EMP710,1,0,Same Day,7,USD
ORD137357,01-12-2023,BR99,Germany,Munich,CUST6755,PROD783,Mobile,OnePlus 11,Apple,1,1837.58,0.21,0.18,1712.99,Cash,Online,EMP909,1,0,Standard,10,INR
ORD137358,08-06-2024,BR25,India,Delhi,CUST2673,PROD939,Laptop,HP Spectre x360,HP,5,1627.94,0.11,0.18,8548.31,Credit Card,Online,EMP774,3,1,Same Day,5,GBP
ORD137359,03-04-2024,BR111,UK,Manchester,CUST4480,PROD660,Mobile,iPhone 14,Apple,4,1607.74,0.29,0.18,5387.86,UPI,In-Store,EMP253,1,0,Express,8,AED
ORD137360,30-10-2023,BR41,India,Pune,CUST8843,PROD876,Mobile,OnePlus 11,Lenovo,5,290.54,0.02,0.18,1679.9,Cash,In-Store,EMP512,0,0,Standard,7,EUR
ORD137361,10-12-2024,BR39,USA,New York,CUST6325,PROD252,Tablet,iPad Air,OnePlus,4,804.65,0.27,0.18,2772.5,Cash,In-Store,EMP375,1,0,Same Day,2,USD
ORD137362,09-02-2024,BR48,UAE,Abu Dhabi,CUST3337,PROD538,Mobile,iPhone 14,Samsung,4,718.91,0,0.18,3393.26,Net Banking,Online,EMP714,3,1,Express,3,AED
ORD137363,16-09-2023,BR8,USA,Los Angeles,CUST2942,PROD268,TV,LG OLED 48,Apple,5,249.67,0.05,0.18,1399.4,UPI,Online,EMP227,1,1,Same Day,2,GBP
ORD137364,28-02-2024,BR102,India,Pune,CUST7607,PROD837,Mobile,Samsung Galaxy S23,OnePlus,3,1380.48,0.22,0.18,3811.78,Credit Card,Online,EMP581,2,1,Express,2,AED
ORD137365,28-10-2023,BR25,UK,Birmingham,CUST1750,PROD798,Mobile,Samsung Galaxy S23,Dell,4,947.37,0.01,0.18,4426.87,UPI,Online,EMP852,0,1,Same Day,5,AED
ORD137366,04-04-2024,BR5,UAE,Dubai,CUST6939,PROD540,Laptop,MacBook Air M2,Lenovo,2,1671.66,0.22,0.18,3077.19,Credit Card,In-Store,EMP251,2,1,Same Day,8,INR
ORD137367,06-09-2023,BR20,Germany,Berlin,CUST7108,PROD584,Tablet,Samsung Galaxy Tab,HP,5,1482.36,0.18,0.18,7171.66,Net Banking,In-Store,EMP241,2,1,Same Day,1,EUR
ORD137368,09-12-2024,BR3,UK,Manchester,CUST5370,PROD986,Accessories,Keyboard,OnePlus,1,769.26,0.18,0.18,744.34,Credit Card,In-Store,EMP991,1,1,Same Day,3,GBP
ORD137369,21-12-2024,BR105,UK,Manchester,CUST2703,PROD852,Laptop,HP Spectre x360,Lenovo,5,1538.2,0.09,0.18,8258.6,Debit Card,Online,EMP274,0,1,Same Day,5,AED
ORD137370,01-01-2023,BR118,USA,Dallas,CUST2484,PROD916,Tablet,Lenovo Tab P11,Sony,1,1792.32,0.22,0.18,1649.65,Credit Card,Online,EMP876,1,0,Express,2,GBP
ORD137371,14-03-2023,BR45,India,Pune,CUST8714,PROD145,TV,LG OLED 48,Dell,1,1752.83,0.15,0.18,1758.09,Debit Card,Online,EMP387,0,1,Standard,8,INR
ORD137372,14-06-2024,BR29,Germany,Hamburg,CUST8722,PROD167,Tablet,iPad Air,Samsung,5,1220.44,0.19,0.18,5832.48,Debit Card,In-Store,EMP623,1,1,Standard,3,EUR
ORD137373,06-06-2024,BR56,Germany,Berlin,CUST9802,PROD872,Mobile,Samsung Galaxy S23,Apple,4,405.86,0.22,0.18,1494.21,UPI,In-Store,EMP817,1,0,Same Day,4,USD
ORD137374,29-05-2024,BR19,Germany,Munich,CUST1418,PROD263,Mobile,iPhone 14,Lenovo,5,1147.24,0.21,0.18,5347.29,Debit Card,Online,EMP267,1,0,Same Day,1,AED
ORD137375,24-10-2024,BR4,UAE,Dubai,CUST7515,PROD218,TV,Sony Bravia 55,LG,3,1619.97,0.08,0.18,5275.92,Cash,In-Store,EMP931,3,1,Same Day,3,INR
ORD137376,23-02-2024,BR2,USA,Dallas,CUST1900,PROD847,TV,Sony Bravia 55,LG,3,718.39,0.16,0.18,2136.2,Debit Card,In-Store,EMP585,2,1,Same Day,10,INR
ORD137377,31-05-2024,BR41,India,Mumbai,CUST2301,PROD554,Tablet,Lenovo Tab P11,LG,1,1892.24,0.12,0.18,1964.9,Cash,In-Store,EMP267,3,1,Express,3,USD
ORD137378,28-07-2023,BR120,Germany,Munich,CUST6734,PROD356,Laptop,Dell XPS 13,Samsung,1,1017.4,0.28,0.18,864.38,UPI,In-Store,EMP312,3,1,Standard,5,INR
ORD137379,06-08-2023,BR98,UAE,Dubai,CUST3011,PROD470,Mobile,OnePlus 11,Sony,2,317.05,0.13,0.18,650.97,Net Banking,Online,EMP563,3,0,Express,10,USD
ORD137380,20-01-2024,BR4,Germany,Berlin,CUST3642,PROD905,Mobile,Samsung Galaxy S23,Dell,3,323.7,0.08,0.18,1054.23,Debit Card,Online,EMP772,3,1,Standard,9,GBP
ORD137381,17-06-2024,BR12,USA,Los Angeles,CUST1090,PROD871,TV,Sony Bravia 55,Dell,4,1284.03,0.21,0.18,4787.89,Net Banking,In-Store,EMP529,0,0,Same Day,1,EUR
ORD137382,26-01-2023,BR5,India,Pune,CUST6787,PROD599,Tablet,Lenovo Tab P11,LG,3,848.37,0.1,0.18,2702.91,Net Banking,In-Store,EMP200,3,1,Same Day,5,GBP
ORD137383,03-10-2024,BR62,USA,Los Angeles,CUST1052,PROD559,Mobile,OnePlus 11,Lenovo,1,1165.74,0.17,0.18,1141.73,Net Banking,Online,EMP443,2,0,Same Day,10,USD
ORD137384,07-12-2024,BR65,UK,Birmingham,CUST3601,PROD408,Mobile,Samsung Galaxy S23,Samsung,2,1232.53,0.24,0.18,2210.67,Credit Card,In-Store,EMP634,3,0,Same Day,5,EUR
ORD137385,15-08-2023,BR61,USA,Chicago,CUST1637,PROD330,Laptop,HP Spectre x360,Lenovo,1,1639.75,0.06,0.18,1818.81,UPI,In-Store,EMP581,0,1,Standard,2,INR
ORD137386,15-12-2024,BR81,UK,Manchester,CUST2750,PROD876,Accessories,Wireless Mouse,Apple,3,158.92,0.14,0.18,483.82,Debit Card,In-Store,EMP669,2,1,Same Day,8,EUR
ORD137387,03-07-2024,BR25,Germany,Hamburg,CUST8511,PROD319,Accessories,Wireless Mouse,Samsung,4,569.65,0.24,0.18,2043.45,Net Banking,Online,EMP481,1,0,Same Day,2,USD
ORD137388,11-07-2023,BR5,UAE,Dubai,CUST3391,PROD131,Mobile,Samsung Galaxy S23,OnePlus,2,1052.41,0.12,0.18,2185.65,Cash,In-Store,EMP784,2,0,Standard,8,INR
ORD137389,13-11-2024,BR46,Germany,Munich,CUST9759,PROD994,TV,Samsung QLED 50,HP,4,954.64,0.28,0.18,3244.25,UPI,Online,EMP525,0,1,Standard,3,EUR
ORD137390,31-07-2024,BR100,USA,Dallas,CUST8027,PROD780,Laptop,Dell XPS 13,Sony,4,1654.87,0.08,0.18,7186.11,UPI,In-Store,EMP233,2,1,Express,8,GBP
ORD137391,01-11-2023,BR61,UK,Manchester,CUST8169,PROD273,TV,Samsung QLED 50,Dell,1,1094.45,0.01,0.18,1278.54,UPI,Online,EMP852,2,0,Same Day,2,INR
ORD137392,19-10-2024,BR10,UAE,Dubai,CUST8512,PROD348,Tablet,iPad Air,Lenovo,2,1802.69,0.16,0.18,3573.65,Debit Card,In-Store,EMP690,3,1,Express,2,AED
ORD137393,03-02-2023,BR44,UK,Manchester,CUST9324,PROD774,Mobile,iPhone 14,Apple,5,1921.13,0.07,0.18,10541.24,Cash,Online,EMP376,3,1,Standard,2,USD
ORD137394,25-03-2023,BR89,UK,Manchester,CUST5536,PROD110,Laptop,MacBook Air M2,Samsung,4,322.9,0.12,0.18,1341.2,Net Banking,Online,EMP597,1,1,Standard,6,AED
ORD137395,12-08-2024,BR65,UAE,Dubai,CUST5425,PROD319,Laptop,HP Spectre x360,Samsung,5,886.56,0.04,0.18,5021.48,UPI,Online,EMP634,2,1,Express,1,INR
ORD137396,04-07-2024,BR18,India,Delhi,CUST5660,PROD715,TV,Samsung QLED 50,OnePlus,2,553.69,0.28,0.18,940.83,Cash,Online,EMP325,0,0,Same Day,1,INR
ORD137397,07-01-2024,BR18,USA,Chicago,CUST7312,PROD935,Accessories,Bluetooth Headphones,Samsung,5,554.56,0.14,0.18,2813.84,Cash,In-Store,EMP903,0,1,Express,6,INR
ORD137398,17-05-2024,BR98,UK,Birmingham,CUST9304,PROD301,Mobile,Samsung Galaxy S23,HP,1,883.8,0.27,0.18,761.31,Credit Card,In-Store,EMP425,1,0,Standard,1,GBP
ORD137399,05-12-2023,BR73,USA,Dallas,CUST7011,PROD890,TV,Samsung QLED 50,LG,1,1432.19,0.22,0.18,1318.19,Credit Card,In-Store,EMP358,0,0,Standard,5,GBP
ORD137400,14-06-2023,BR41,UAE,Dubai,CUST4485,PROD965,Mobile,OnePlus 11,Sony,5,529.29,0.04,0.18,2997.9,Net Banking,In-Store,EMP383,0,1,Standard,3,INR
ORD137401,17-11-2024,BR118,USA,Los Angeles,CUST2901,PROD458,Laptop,Dell XPS 13,LG,1,1318.53,0.18,0.18,1275.81,Credit Card,In-Store,EMP605,1,0,Same Day,3,USD
ORD137402,18-11-2024,BR91,India,Pune,CUST3445,PROD889,TV,LG OLED 48,Dell,2,580.46,0.02,0.18,1342.49,UPI,Online,EMP286,3,1,Same Day,1,INR
ORD137403,07-06-2024,BR85,Germany,Hamburg,CUST6115,PROD575,Accessories,Wireless Mouse,Sony,5,1358.83,0.16,0.18,6734.36,Net Banking,In-Store,EMP684,1,1,Express,2,INR
ORD137404,30-01-2024,BR100,UAE,Abu Dhabi,CUST6203,PROD482,Tablet,Samsung Galaxy Tab,Apple,2,1639.94,0.02,0.18,3792.85,Net Banking,In-Store,EMP621,3,1,Same Day,3,USD
ORD137405,05-12-2024,BR88,USA,Chicago,CUST8777,PROD740,Mobile,OnePlus 11,Lenovo,1,568.17,0.17,0.18,556.47,Net Banking,In-Store,EMP786,2,0,Same Day,1,AED
ORD137406,09-12-2023,BR65,UAE,Dubai,CUST6117,PROD395,Mobile,iPhone 14,Samsung,3,1471.92,0.08,0.18,4793.75,Cash,In-Store,EMP268,1,1,Same Day,1,AED
ORD137407,05-01-2024,BR7,USA,Los Angeles,CUST4273,PROD723,Mobile,OnePlus 11,Lenovo,3,1415.16,0.19,0.18,4057.83,Debit Card,Online,EMP869,2,1,Standard,9,INR
ORD137408,09-04-2024,BR102,UK,London,CUST8570,PROD596,Mobile,OnePlus 11,Apple,2,211.26,0.29,0.18,353.99,Debit Card,Online,EMP256,2,0,Standard,4,EUR
ORD137409,12-08-2023,BR77,India,Pune,CUST6387,PROD277,TV,Samsung QLED 50,Samsung,4,765.4,0.3,0.18,2528.88,Debit Card,In-Store,EMP668,1,0,Express,1,USD
ORD137410,16-01-2024,BR67,India,Mumbai,CUST1716,PROD227,Mobile,iPhone 14,LG,2,672.18,0.28,0.18,1142.17,UPI,In-Store,EMP781,0,0,Express,10,AED
ORD137411,18-01-2024,BR98,Germany,Hamburg,CUST8947,PROD265,Tablet,iPad Air,Lenovo,3,992.78,0.04,0.18,3373.86,UPI,In-Store,EMP755,0,1,Same Day,1,EUR
ORD137412,30-06-2024,BR30,UAE,Abu Dhabi,CUST9996,PROD955,TV,LG OLED 48,HP,5,1014.87,0.07,0.18,5568.59,Credit Card,Online,EMP459,0,0,Express,10,INR
ORD137413,18-09-2024,BR4,UK,Birmingham,CUST9377,PROD185,Tablet,Lenovo Tab P11,Sony,2,340.02,0.04,0.18,770.35,Cash,Online,EMP277,1,1,Same Day,3,EUR
ORD137414,18-03-2024,BR18,India,Bangalore,CUST3155,PROD992,Mobile,OnePlus 11,LG,1,298.27,0.06,0.18,330.84,UPI,Online,EMP872,0,1,Standard,8,GBP
ORD137415,22-12-2023,BR42,India,Delhi,CUST7566,PROD636,Tablet,Samsung Galaxy Tab,OnePlus,4,520.48,0.11,0.18,2186.43,Cash,Online,EMP359,1,0,Standard,10,GBP
ORD137416,17-09-2024,BR114,Germany,Munich,CUST3167,PROD403,Tablet,Samsung Galaxy Tab,Apple,4,144.79,0.08,0.18,628.74,Net Banking,In-Store,EMP305,0,0,Express,10,EUR
ORD137417,28-05-2024,BR94,UAE,Abu Dhabi,CUST2577,PROD156,Laptop,MacBook Air M2,Apple,1,1652.13,0.04,0.18,1871.53,Debit Card,In-Store,EMP702,3,0,Standard,9,GBP
ORD137418,26-04-2024,BR4,UAE,Dubai,CUST1864,PROD722,Tablet,Samsung Galaxy Tab,Sony,1,976.2,0.06,0.18,1082.8,Credit Card,In-Store,EMP919,2,0,Same Day,4,AED
ORD137419,17-05-2024,BR32,India,Bangalore,CUST7507,PROD555,TV,Samsung QLED 50,Apple,4,1261.87,0.14,0.18,5122.18,Debit Card,In-Store,EMP240,3,1,Same Day,6,GBP
ORD137420,24-05-2023,BR55,India,Delhi,CUST4628,PROD711,Mobile,Samsung Galaxy S23,Samsung,5,651.38,0.02,0.18,3766.28,Credit Card,Online,EMP335,0,0,Standard,6,EUR
ORD137421,05-01-2024,BR111,India,Pune,CUST9249,PROD705,Tablet,Samsung Galaxy Tab,Apple,3,1674.7,0.07,0.18,5513.45,Credit Card,In-Store,EMP721,3,1,Same Day,7,USD
ORD137422,15-02-2023,BR76,USA,Dallas,CUST9543,PROD433,Mobile,iPhone 14,Apple,2,309.8,0.09,0.18,665.33,Credit Card,Online,EMP721,0,1,Same Day,5,AED
ORD137423,06-05-2024,BR117,Germany,Berlin,CUST2111,PROD949,Laptop,HP Spectre x360,Samsung,4,276.3,0.19,0.18,1056.35,Net Banking,Online,EMP809,2,0,Standard,4,AED
ORD137424,19-08-2024,BR42,UAE,Dubai,CUST5243,PROD100,Laptop,Dell XPS 13,HP,5,310.73,0.02,0.18,1796.64,Credit Card,In-Store,EMP934,2,1,Standard,6,AED
ORD137425,25-07-2023,BR103,India,Mumbai,CUST6133,PROD868,Mobile,Samsung Galaxy S23,Lenovo,2,563.81,0.22,0.18,1037.86,Credit Card,In-Store,EMP994,2,0,Same Day,2,INR
ORD137426,27-01-2024,BR3,USA,Dallas,CUST8208,PROD820,Laptop,HP Spectre x360,Dell,4,1803.35,0.2,0.18,6809.45,Debit Card,In-Store,EMP475,3,0,Standard,10,EUR
ORD137427,21-05-2024,BR37,USA,New York,CUST1737,PROD490,Laptop,Dell XPS 13,Samsung,1,715.16,0.01,0.18,835.45,UPI,In-Store,EMP346,2,0,Same Day,2,USD
ORD137428,22-02-2024,BR29,India,Mumbai,CUST7065,PROD505,Laptop,Dell XPS 13,Samsung,4,691.22,0.06,0.18,3066.8,Debit Card,In-Store,EMP469,2,1,Standard,3,INR
ORD137429,23-09-2024,BR54,UK,Birmingham,CUST9237,PROD625,Tablet,Samsung Galaxy Tab,HP,5,113.08,0.16,0.18,560.42,Credit Card,Online,EMP221,2,1,Standard,1,GBP
ORD137430,13-10-2024,BR30,UK,Manchester,CUST5815,PROD203,Laptop,MacBook Air M2,Apple,4,1841.88,0.3,0.18,6085.57,Net Banking,Online,EMP914,0,1,Express,2,EUR
ORD137431,13-01-2023,BR43,UAE,Dubai,CUST2879,PROD113,TV,Samsung QLED 50,HP,1,913.73,0.1,0.18,970.38,UPI,Online,EMP379,0,0,Same Day,10,GBP
ORD137432,27-01-2023,BR4,UAE,Dubai,CUST9934,PROD753,TV,Samsung QLED 50,Sony,2,1686.67,0.17,0.18,3303.85,Debit Card,Online,EMP502,1,1,Same Day,7,USD
ORD137433,25-04-2023,BR17,India,Pune,CUST9663,PROD958,Laptop,MacBook Air M2,Apple,3,663.88,0.21,0.18,1856.61,Cash,In-Store,EMP275,0,1,Same Day,10,EUR
ORD137434,15-02-2023,BR98,UAE,Dubai,CUST5576,PROD452,TV,LG OLED 48,Lenovo,2,367.34,0.19,0.18,702.21,Cash,In-Store,EMP804,2,1,Same Day,2,USD
ORD137435,19-04-2024,BR6,UK,Birmingham,CUST3890,PROD735,Tablet,iPad Air,HP,4,1620.49,0.09,0.18,6960.33,Net Banking,In-Store,EMP874,2,1,Express,4,GBP
ORD137436,31-01-2023,BR18,Germany,Hamburg,CUST5278,PROD123,Accessories,Keyboard,OnePlus,2,1899.19,0.15,0.18,3809.78,Debit Card,In-Store,EMP905,2,1,Standard,4,GBP
ORD137437,03-08-2024,BR14,USA,Dallas,CUST9812,PROD696,TV,Sony Bravia 55,Sony,3,657.09,0.2,0.18,1860.88,Net Banking,In-Store,EMP469,1,0,Express,9,AED
ORD137438,04-05-2024,BR73,UAE,Dubai,CUST1742,PROD513,Tablet,iPad Air,Apple,2,1586.2,0.02,0.18,3668.56,Net Banking,Online,EMP661,2,0,Standard,1,AED
ORD137439,07-01-2024,BR86,USA,Los Angeles,CUST8192,PROD210,Laptop,MacBook Air M2,Dell,4,1944.57,0.14,0.18,7893.4,Cash,Online,EMP884,0,1,Same Day,4,USD
ORD137440,09-11-2023,BR109,UK,Manchester,CUST8633,PROD227,Mobile,iPhone 14,Sony,2,1678.61,0.17,0.18,3288.06,Cash,Online,EMP797,0,1,Standard,10,EUR
ORD137441,05-07-2024,BR17,USA,Dallas,CUST7044,PROD973,TV,Sony Bravia 55,Lenovo,5,984.61,0.05,0.18,5518.74,Net Banking,Online,EMP674,1,0,Standard,7,INR
ORD137442,03-12-2024,BR27,UAE,Dubai,CUST3291,PROD351,Laptop,MacBook Air M2,OnePlus,1,1225.27,0.2,0.18,1156.65,UPI,Online,EMP379,0,0,Express,6,GBP
ORD137443,26-07-2023,BR59,India,Mumbai,CUST7892,PROD409,TV,Samsung QLED 50,Apple,5,815.01,0.14,0.18,4135.36,Net Banking,Online,EMP204,1,0,Express,5,INR
ORD137444,26-06-2023,BR21,UAE,Abu Dhabi,CUST6744,PROD814,Tablet,Samsung Galaxy Tab,Lenovo,2,218.91,0.24,0.18,392.64,Credit Card,In-Store,EMP354,1,1,Standard,6,GBP
ORD137445,24-08-2024,BR86,Germany,Hamburg,CUST3760,PROD443,TV,Sony Bravia 55,Samsung,1,608.8,0.02,0.18,704.02,Debit Card,Online,EMP896,2,1,Standard,1,USD
ORD137446,01-02-2024,BR120,India,Delhi,CUST3364,PROD658,Laptop,HP Spectre x360,LG,2,297.88,0.26,0.18,520.22,Credit Card,Online,EMP925,0,1,Same Day,3,EUR
ORD137447,20-12-2023,BR2,USA,Chicago,CUST1435,PROD924,Mobile,OnePlus 11,LG,2,1985.04,0.1,0.18,4216.22,Cash,Online,EMP436,0,1,Standard,10,AED
ORD137448,23-11-2024,BR55,UAE,Dubai,CUST6237,PROD986,Accessories,Wireless Mouse,OnePlus,1,404.63,0.19,0.18,386.75,UPI,In-Store,EMP484,3,1,Standard,1,INR
ORD137449,20-01-2023,BR30,USA,Los Angeles,CUST6734,PROD478,Laptop,HP Spectre x360,Lenovo,1,1134.71,0.26,0.18,990.83,UPI,In-Store,EMP808,2,1,Same Day,2,AED
ORD137450,10-05-2024,BR17,Germany,Munich,CUST6258,PROD779,Accessories,Bluetooth Headphones,Lenovo,4,1141.3,0.12,0.18,4740.5,Debit Card,Online,EMP580,3,0,Express,8,AED
ORD137451,31-07-2024,BR14,UK,Manchester,CUST8540,PROD169,Mobile,OnePlus 11,Lenovo,4,444.06,0.14,0.18,1802.53,Net Banking,In-Store,EMP892,1,0,Standard,9,GBP
ORD137452,26-09-2023,BR72,USA,Chicago,CUST9813,PROD237,TV,LG OLED 48,Samsung,2,1102.44,0.24,0.18,1977.34,Debit Card,Online,EMP505,1,1,Express,2,EUR
ORD137453,03-03-2023,BR33,UK,Manchester,CUST5974,PROD871,TV,LG OLED 48,LG,2,608.67,0.02,0.18,1407.73,Cash,In-Store,EMP573,0,0,Same Day,4,INR
ORD137454,26-11-2023,BR120,UK,Manchester,CUST8167,PROD357,TV,Samsung QLED 50,Samsung,5,1112.14,0.03,0.18,6364.78,Credit Card,In-Store,EMP665,2,1,Express,10,INR
ORD137455,25-06-2023,BR100,India,Delhi,CUST5242,PROD242,Tablet,Lenovo Tab P11,Samsung,4,790.74,0.2,0.18,2985.83,Debit Card,Online,EMP400,3,1,Standard,4,GBP
ORD137456,06-12-2024,BR97,USA,New York,CUST2151,PROD511,Mobile,OnePlus 11,LG,3,272.72,0.11,0.18,859.23,Credit Card,In-Store,EMP905,2,1,Express,8,GBP
ORD137457,11-12-2024,BR107,UAE,Dubai,CUST9116,PROD385,TV,LG OLED 48,Apple,1,1263.24,0.13,0.18,1296.84,Cash,Online,EMP937,1,0,Standard,2,EUR
ORD137458,18-09-2024,BR36,USA,Dallas,CUST2330,PROD781,TV,Samsung QLED 50,OnePlus,4,1510.65,0.24,0.18,5419,Net Banking,Online,EMP812,3,0,Same Day,3,EUR
ORD137459,28-08-2024,BR120,India,Mumbai,CUST8402,PROD730,Mobile,OnePlus 11,Sony,3,1686.26,0.27,0.18,4357.63,Credit Card,Online,EMP558,1,1,Standard,9,INR
ORD137460,09-05-2024,BR44,USA,Dallas,CUST8108,PROD264,Mobile,iPhone 14,OnePlus,5,1022.99,0.04,0.18,5794.22,Net Banking,In-Store,EMP614,3,1,Standard,6,EUR
ORD137461,06-04-2024,BR93,USA,Chicago,CUST3819,PROD310,TV,Samsung QLED 50,Samsung,4,1292.63,0.05,0.18,5796.15,UPI,Online,EMP224,2,0,Same Day,10,GBP
ORD137462,08-03-2023,BR18,Germany,Munich,CUST7695,PROD814,Accessories,Keyboard,Lenovo,4,1244.64,0.24,0.18,4464.77,Credit Card,Online,EMP219,0,1,Express,5,USD
ORD137463,27-09-2023,BR36,India,Pune,CUST1786,PROD729,TV,Sony Bravia 55,LG,4,976.69,0.22,0.18,3595.78,UPI,Online,EMP881,3,1,Standard,1,AED
ORD137464,20-12-2023,BR96,USA,Los Angeles,CUST5391,PROD462,Laptop,HP Spectre x360,Samsung,5,996.56,0.07,0.18,5468.12,Cash,Online,EMP556,1,0,Same Day,10,USD
ORD137465,15-02-2024,BR59,USA,New York,CUST5123,PROD668,TV,Samsung QLED 50,Apple,4,472.62,0.01,0.18,2208.46,UPI,In-Store,EMP834,1,1,Same Day,8,GBP
ORD137466,28-05-2023,BR79,USA,New York,CUST7262,PROD993,Tablet,Samsung Galaxy Tab,Sony,3,305.85,0.01,0.18,1071.88,Cash,In-Store,EMP757,0,0,Express,5,INR
ORD137467,13-10-2024,BR2,UAE,Abu Dhabi,CUST5704,PROD212,Accessories,Wireless Mouse,Samsung,2,1773.28,0.23,0.18,3222.4,Net Banking,In-Store,EMP923,0,0,Same Day,10,EUR
ORD137468,22-04-2024,BR34,UAE,Abu Dhabi,CUST8869,PROD938,Accessories,Bluetooth Headphones,Sony,1,1895.4,0.16,0.18,1878.72,UPI,In-Store,EMP828,2,1,Express,2,EUR
ORD137469,06-05-2024,BR117,UAE,Dubai,CUST4695,PROD676,TV,Sony Bravia 55,Lenovo,1,1896.43,0.16,0.18,1879.74,Cash,Online,EMP433,3,1,Standard,2,USD
ORD137470,23-11-2024,BR54,Germany,Berlin,CUST8086,PROD711,Laptop,MacBook Air M2,LG,4,649.36,0.09,0.18,2789.13,Net Banking,Online,EMP727,0,1,Same Day,10,EUR
ORD137471,12-07-2023,BR41,Germany,Munich,CUST5210,PROD357,Mobile,Samsung Galaxy S23,LG,4,294.17,0.14,0.18,1194.09,Cash,In-Store,EMP521,1,1,Express,2,USD
ORD137472,27-02-2024,BR96,India,Pune,CUST4600,PROD469,Laptop,HP Spectre x360,OnePlus,1,1388.27,0.24,0.18,1245,Cash,Online,EMP974,2,1,Same Day,9,EUR
ORD137473,29-03-2024,BR32,Germany,Munich,CUST2274,PROD721,Tablet,iPad Air,HP,3,421.46,0.11,0.18,1327.85,UPI,Online,EMP915,2,1,Same Day,3,EUR
ORD137474,09-10-2024,BR50,Germany,Berlin,CUST7795,PROD522,TV,Sony Bravia 55,Samsung,2,1200.11,0.23,0.18,2180.84,Debit Card,Online,EMP991,1,0,Express,9,GBP
ORD137475,13-06-2023,BR43,Germany,Munich,CUST2503,PROD831,Mobile,OnePlus 11,Apple,1,981.15,0.19,0.18,937.78,Cash,In-Store,EMP262,3,0,Standard,3,GBP
ORD137476,08-03-2024,BR25,UK,Birmingham,CUST8989,PROD394,Tablet,iPad Air,Apple,5,521.73,0.04,0.18,2955.08,Credit Card,Online,EMP371,3,0,Standard,9,GBP
ORD137477,26-05-2023,BR117,Germany,Berlin,CUST2410,PROD522,Accessories,Wireless Mouse,Apple,1,569.18,0.26,0.18,497.01,Cash,Online,EMP334,1,0,Same Day,8,EUR
ORD137478,30-05-2024,BR40,UAE,Abu Dhabi,CUST2750,PROD764,Tablet,Samsung Galaxy Tab,Dell,1,1017.96,0.27,0.18,876.87,Credit Card,In-Store,EMP638,3,0,Express,10,AED
ORD137479,04-07-2023,BR68,UK,London,CUST4612,PROD939,TV,Sony Bravia 55,Dell,4,1938.13,0.28,0.18,6586.54,Debit Card,Online,EMP824,1,1,Express,5,GBP
ORD137480,08-09-2023,BR62,USA,New York,CUST5195,PROD842,TV,LG OLED 48,Apple,4,1583.61,0.22,0.18,5830.22,Credit Card,In-Store,EMP420,2,1,Express,1,INR
ORD137481,29-08-2023,BR55,UK,Manchester,CUST5081,PROD684,Laptop,MacBook Air M2,Sony,1,1431.21,0.1,0.18,1519.95,Cash,Online,EMP391,2,1,Standard,1,USD
ORD137482,06-08-2024,BR32,Germany,Hamburg,CUST7608,PROD883,Mobile,iPhone 14,Sony,5,480.12,0.15,0.18,2407.8,Cash,Online,EMP792,1,0,Same Day,8,INR
ORD137483,21-01-2024,BR55,USA,Los Angeles,CUST7024,PROD921,Tablet,Samsung Galaxy Tab,Dell,3,1596.93,0.06,0.18,5313.94,Debit Card,In-Store,EMP429,3,0,Standard,5,USD
ORD137484,30-06-2023,BR8,UAE,Dubai,CUST5745,PROD316,Laptop,MacBook Air M2,OnePlus,5,1470.37,0.07,0.18,8067.92,Debit Card,In-Store,EMP756,3,0,Same Day,9,USD
ORD137485,28-08-2023,BR28,UK,Manchester,CUST5743,PROD590,Accessories,Bluetooth Headphones,Dell,4,1452.29,0.21,0.18,5415.3,Debit Card,Online,EMP360,2,0,Express,9,EUR
ORD137486,28-04-2023,BR2,UAE,Dubai,CUST7218,PROD158,TV,Sony Bravia 55,OnePlus,5,1959.18,0.27,0.18,8438.19,Cash,Online,EMP844,0,1,Same Day,1,GBP
ORD137487,16-03-2023,BR25,Germany,Hamburg,CUST4309,PROD264,Laptop,HP Spectre x360,Sony,1,922.09,0.29,0.18,772.53,Credit Card,Online,EMP364,2,1,Express,1,INR
ORD137488,27-09-2023,BR16,UAE,Abu Dhabi,CUST4206,PROD867,Mobile,OnePlus 11,Sony,3,84.29,0.2,0.18,238.71,Debit Card,Online,EMP770,3,0,Same Day,7,USD
ORD137489,12-07-2023,BR117,USA,Los Angeles,CUST6653,PROD160,Accessories,Bluetooth Headphones,LG,5,1579.38,0.22,0.18,7268.31,UPI,In-Store,EMP466,3,1,Express,10,INR
ORD137490,27-06-2024,BR82,UAE,Dubai,CUST1274,PROD227,TV,Sony Bravia 55,HP,1,1997.29,0.01,0.18,2333.23,Net Banking,In-Store,EMP504,0,0,Standard,4,USD
ORD137491,30-05-2024,BR95,Germany,Munich,CUST2511,PROD676,TV,Sony Bravia 55,LG,2,155.1,0.05,0.18,347.73,Net Banking,In-Store,EMP901,1,0,Standard,6,AED
ORD137492,11-10-2024,BR89,UK,Birmingham,CUST3956,PROD883,Accessories,Wireless Mouse,Sony,5,411.19,0.21,0.18,1916.56,UPI,Online,EMP906,3,1,Same Day,9,USD
ORD137493,12-02-2023,BR119,UAE,Dubai,CUST3461,PROD784,TV,Sony Bravia 55,Samsung,2,1104.62,0.12,0.18,2294.07,UPI,Online,EMP536,0,1,Express,1,GBP
ORD137494,24-02-2023,BR82,UAE,Abu Dhabi,CUST2538,PROD334,Accessories,Wireless Mouse,Lenovo,3,1362.13,0.01,0.18,4773.72,Net Banking,Online,EMP924,0,1,Express,7,EUR
ORD137495,01-02-2023,BR25,UAE,Dubai,CUST7437,PROD960,Laptop,HP Spectre x360,HP,5,184.15,0.07,0.18,1010.43,UPI,In-Store,EMP599,1,1,Standard,1,GBP
ORD137496,31-10-2023,BR97,UAE,Abu Dhabi,CUST7062,PROD617,Tablet,iPad Air,Sony,2,643.47,0.11,0.18,1351.54,UPI,In-Store,EMP653,0,1,Express,8,USD
ORD137497,05-06-2023,BR85,UK,Birmingham,CUST6790,PROD538,Laptop,MacBook Air M2,OnePlus,2,1891.39,0.13,0.18,3883.4,Debit Card,Online,EMP749,1,1,Standard,9,GBP
ORD137498,16-06-2023,BR31,UAE,Abu Dhabi,CUST4568,PROD838,Laptop,MacBook Air M2,Samsung,1,1252.4,0.06,0.18,1389.16,Net Banking,In-Store,EMP534,0,1,Express,6,INR
ORD137499,02-05-2024,BR102,UAE,Dubai,CUST8763,PROD986,Mobile,OnePlus 11,OnePlus,1,706.14,0.2,0.18,666.6,Cash,Online,EMP890,0,1,Express,8,INR
ORD137500,02-10-2023,BR91,India,Delhi,CUST5481,PROD638,Accessories,Wireless Mouse,HP,2,488.99,0.01,0.18,1142.48,UPI,Online,EMP234,0,1,Standard,10,USD
ORD137501,04-07-2023,BR106,Germany,Hamburg,CUST9529,PROD212,TV,Samsung QLED 50,OnePlus,5,1654.45,0.15,0.18,8297.07,Cash,Online,EMP464,3,1,Standard,2,EUR
ORD137502,13-05-2023,BR117,UAE,Abu Dhabi,CUST2751,PROD566,Accessories,Keyboard,Apple,4,1333.33,0.03,0.18,6104.52,Net Banking,In-Store,EMP404,3,1,Standard,10,GBP
ORD137503,14-06-2024,BR68,UAE,Dubai,CUST3915,PROD885,Laptop,Dell XPS 13,Apple,3,1979.71,0.27,0.18,5115.97,Credit Card,Online,EMP291,3,1,Express,1,GBP
ORD137504,12-08-2023,BR5,India,Mumbai,CUST3854,PROD483,Accessories,Keyboard,OnePlus,4,804.81,0.08,0.18,3494.81,UPI,In-Store,EMP889,2,1,Standard,8,AED
ORD137505,11-07-2023,BR69,Germany,Berlin,CUST7915,PROD672,TV,Samsung QLED 50,Lenovo,1,1186.97,0.24,0.18,1064.47,Debit Card,Online,EMP493,3,0,Express,9,EUR
ORD137506,29-11-2023,BR74,Germany,Hamburg,CUST5960,PROD443,Laptop,HP Spectre x360,Samsung,2,332.39,0.12,0.18,690.31,Debit Card,Online,EMP924,0,1,Express,3,INR
ORD137507,19-08-2024,BR39,India,Delhi,CUST4438,PROD309,Tablet,Samsung Galaxy Tab,Sony,3,1590.96,0.12,0.18,4956.16,Credit Card,In-Store,EMP693,3,1,Standard,10,INR
ORD137508,22-09-2023,BR68,UAE,Abu Dhabi,CUST8690,PROD969,Laptop,MacBook Air M2,Sony,2,803.99,0.27,0.18,1385.11,Credit Card,In-Store,EMP622,3,1,Standard,8,AED
ORD137509,30-03-2024,BR38,UK,Birmingham,CUST9627,PROD264,Mobile,OnePlus 11,Samsung,1,591.11,0.18,0.18,571.96,Cash,In-Store,EMP530,2,1,Standard,1,GBP
ORD137510,01-05-2023,BR101,USA,New York,CUST6585,PROD640,Mobile,Samsung Galaxy S23,LG,5,1901,0.29,0.18,7963.29,Cash,Online,EMP846,1,1,Express,2,USD
ORD137511,17-08-2023,BR114,UK,Birmingham,CUST5361,PROD193,TV,Sony Bravia 55,LG,1,590.44,0.04,0.18,668.85,Credit Card,In-Store,EMP836,0,1,Same Day,8,USD
ORD137512,10-11-2024,BR119,India,Bangalore,CUST2152,PROD768,Mobile,iPhone 14,Apple,2,901.66,0.1,0.18,1915.13,Credit Card,Online,EMP774,2,0,Express,9,USD
ORD137513,21-10-2024,BR103,USA,New York,CUST2910,PROD128,Tablet,Lenovo Tab P11,LG,1,1327.4,0.23,0.18,1206.08,Net Banking,Online,EMP252,0,1,Standard,6,INR
ORD137514,28-03-2024,BR106,India,Pune,CUST8939,PROD261,Tablet,iPad Air,HP,1,394.75,0.23,0.18,358.67,Cash,In-Store,EMP625,3,1,Express,4,EUR
ORD137515,02-01-2023,BR67,India,Pune,CUST3898,PROD582,Accessories,Wireless Mouse,Apple,2,1819.17,0.05,0.18,4078.58,Credit Card,Online,EMP729,1,0,Standard,4,AED
ORD137516,12-09-2023,BR37,India,Mumbai,CUST2128,PROD724,TV,Sony Bravia 55,Lenovo,3,818.65,0.17,0.18,2405.36,Cash,In-Store,EMP525,1,0,Same Day,6,EUR
ORD137517,21-12-2024,BR76,India,Bangalore,CUST1457,PROD719,TV,Samsung QLED 50,Samsung,5,1785.1,0.21,0.18,8320.35,Credit Card,Online,EMP584,0,0,Express,1,INR
ORD137518,26-12-2024,BR41,Germany,Hamburg,CUST6271,PROD542,Laptop,HP Spectre x360,Sony,3,1358.78,0.13,0.18,4184.77,Credit Card,In-Store,EMP272,2,1,Same Day,2,GBP
ORD137519,28-07-2024,BR31,Germany,Hamburg,CUST2309,PROD567,Laptop,MacBook Air M2,Sony,3,979.47,0,0.18,3467.32,Net Banking,Online,EMP529,2,1,Same Day,8,USD
ORD137520,02-11-2024,BR64,UK,Manchester,CUST2334,PROD439,Tablet,iPad Air,OnePlus,5,754.63,0.16,0.18,3739.95,Debit Card,In-Store,EMP735,1,0,Standard,8,GBP
ORD137521,21-12-2023,BR113,UK,Birmingham,CUST3356,PROD679,Laptop,MacBook Air M2,Dell,2,1086.17,0.24,0.18,1948.15,Debit Card,Online,EMP636,2,0,Standard,8,GBP
ORD137522,20-10-2024,BR46,USA,Dallas,CUST4970,PROD408,Laptop,HP Spectre x360,OnePlus,3,1493.54,0.1,0.18,4758.42,Credit Card,Online,EMP242,3,0,Standard,2,INR
ORD137523,02-09-2023,BR8,UAE,Abu Dhabi,CUST6422,PROD457,TV,Samsung QLED 50,HP,2,636.18,0.11,0.18,1336.23,Net Banking,In-Store,EMP749,2,0,Express,7,EUR
ORD137524,14-01-2023,BR89,USA,Los Angeles,CUST3537,PROD916,Tablet,Samsung Galaxy Tab,OnePlus,4,893.25,0.22,0.18,3288.59,Credit Card,Online,EMP930,1,0,Same Day,2,USD
ORD137525,04-10-2023,BR20,Germany,Berlin,CUST9114,PROD365,TV,Samsung QLED 50,Lenovo,5,829.15,0.04,0.18,4696.31,Net Banking,Online,EMP973,0,1,Same Day,4,EUR
ORD137526,12-02-2024,BR106,UK,Manchester,CUST6918,PROD848,Mobile,OnePlus 11,Lenovo,4,1184.83,0.27,0.18,4082.45,Credit Card,Online,EMP290,0,0,Same Day,9,USD
ORD137527,23-11-2023,BR11,India,Pune,CUST2483,PROD477,Laptop,MacBook Air M2,Sony,1,1642.85,0.18,0.18,1589.62,UPI,Online,EMP850,0,0,Same Day,3,INR
ORD137528,16-04-2024,BR42,Germany,Munich,CUST4580,PROD863,Tablet,iPad Air,LG,2,843.22,0.13,0.18,1731.3,UPI,Online,EMP242,0,0,Express,5,USD
ORD137529,17-09-2023,BR19,UAE,Dubai,CUST6848,PROD727,Tablet,Lenovo Tab P11,Dell,5,591.55,0.28,0.18,2512.9,Net Banking,Online,EMP790,1,1,Express,8,USD
ORD137530,16-06-2024,BR23,India,Bangalore,CUST6106,PROD887,Mobile,OnePlus 11,HP,2,564.92,0.26,0.18,986.58,Net Banking,In-Store,EMP944,2,0,Standard,8,INR
ORD137531,28-10-2024,BR43,UAE,Abu Dhabi,CUST6182,PROD646,Laptop,Dell XPS 13,HP,5,908.19,0.16,0.18,4500.99,Net Banking,Online,EMP976,1,0,Express,8,EUR
ORD137532,04-09-2024,BR96,USA,Chicago,CUST8898,PROD679,Mobile,iPhone 14,Apple,1,1834.59,0.11,0.18,1926.69,Cash,In-Store,EMP409,0,1,Same Day,7,GBP
ORD137533,08-10-2023,BR87,India,Delhi,CUST4715,PROD789,Accessories,Wireless Mouse,Apple,4,512.69,0.09,0.18,2202.11,Debit Card,In-Store,EMP564,3,1,Standard,7,AED
ORD137534,21-03-2024,BR59,India,Delhi,CUST7725,PROD520,Mobile,iPhone 14,Lenovo,5,672.08,0.05,0.18,3767.01,UPI,Online,EMP420,0,0,Standard,9,GBP
ORD137535,06-06-2023,BR35,Germany,Munich,CUST3748,PROD227,Tablet,iPad Air,Sony,1,241.16,0.28,0.18,204.89,Credit Card,Online,EMP688,3,0,Same Day,9,USD
ORD137536,02-10-2024,BR62,UK,Manchester,CUST8017,PROD835,TV,LG OLED 48,OnePlus,1,1447.28,0.1,0.18,1537.01,Debit Card,Online,EMP310,3,0,Express,1,AED
ORD137537,24-03-2024,BR88,USA,Dallas,CUST3421,PROD279,Mobile,OnePlus 11,Sony,2,520.87,0.28,0.18,885.06,Net Banking,Online,EMP344,2,0,Standard,5,AED
ORD137538,30-06-2024,BR21,UK,Manchester,CUST8550,PROD943,Mobile,OnePlus 11,Lenovo,3,882.72,0.1,0.18,2812.35,Cash,Online,EMP718,1,0,Express,5,INR
ORD137539,11-03-2024,BR56,UK,Birmingham,CUST6382,PROD864,TV,Sony Bravia 55,Dell,2,379.42,0.13,0.18,779.03,Net Banking,Online,EMP794,3,1,Express,8,USD
ORD137540,01-05-2024,BR47,UK,Manchester,CUST9012,PROD478,Accessories,Wireless Mouse,Lenovo,1,78.17,0.17,0.18,76.56,UPI,Online,EMP415,0,0,Standard,1,INR
ORD137541,13-08-2024,BR19,USA,New York,CUST6907,PROD829,Mobile,OnePlus 11,LG,3,996.58,0.13,0.18,3069.27,Net Banking,Online,EMP539,1,0,Standard,4,INR
ORD137542,29-07-2024,BR90,India,Bangalore,CUST2725,PROD697,Accessories,Bluetooth Headphones,Samsung,1,1131.85,0.25,0.18,1001.69,Cash,Online,EMP375,1,0,Standard,7,INR
ORD137543,09-07-2024,BR44,UK,Manchester,CUST4339,PROD856,Accessories,Wireless Mouse,Apple,3,1292.9,0.15,0.18,3890.34,Debit Card,Online,EMP642,2,1,Standard,3,GBP
ORD137544,21-03-2023,BR64,Germany,Munich,CUST8821,PROD409,Mobile,Samsung Galaxy S23,HP,4,1124.1,0.25,0.18,3979.31,Credit Card,Online,EMP581,2,0,Standard,9,USD
ORD137545,26-12-2024,BR39,India,Delhi,CUST2972,PROD702,TV,Samsung QLED 50,HP,4,546.07,0.21,0.18,2036.19,Cash,Online,EMP945,2,0,Same Day,8,AED
ORD137546,25-01-2023,BR48,UK,London,CUST5057,PROD714,Mobile,iPhone 14,Lenovo,5,1901.91,0.07,0.18,10435.78,UPI,In-Store,EMP543,1,1,Express,5,USD
ORD137547,06-10-2024,BR106,India,Mumbai,CUST5698,PROD324,Accessories,Bluetooth Headphones,Sony,2,930.11,0.07,0.18,2041.41,Credit Card,Online,EMP754,2,0,Express,4,EUR
ORD137548,28-01-2024,BR64,UK,Birmingham,CUST6854,PROD850,Mobile,OnePlus 11,Lenovo,1,1587.52,0.03,0.18,1817.08,Net Banking,Online,EMP462,3,1,Standard,4,EUR
ORD137549,02-11-2024,BR106,UAE,Dubai,CUST7845,PROD273,Laptop,Dell XPS 13,HP,2,1723.15,0.07,0.18,3781.97,Debit Card,In-Store,EMP824,1,0,Express,2,INR
ORD137550,01-08-2023,BR50,Germany,Hamburg,CUST3689,PROD870,Accessories,Wireless Mouse,LG,5,1652.21,0.04,0.18,9358.12,Credit Card,In-Store,EMP846,3,1,Same Day,8,USD
ORD137551,04-02-2024,BR50,India,Pune,CUST6114,PROD300,Tablet,Samsung Galaxy Tab,Apple,2,584.68,0.02,0.18,1352.25,Credit Card,In-Store,EMP701,2,1,Same Day,3,USD
ORD137552,17-09-2023,BR34,India,Bangalore,CUST1331,PROD307,Tablet,Lenovo Tab P11,Samsung,2,809.06,0.22,0.18,1489.32,UPI,In-Store,EMP200,3,0,Standard,8,EUR
ORD137553,09-12-2023,BR86,UK,Birmingham,CUST1618,PROD470,Tablet,Samsung Galaxy Tab,Lenovo,3,819.72,0.05,0.18,2756.72,Cash,In-Store,EMP951,3,0,Same Day,8,USD
ORD137554,20-06-2024,BR82,UK,Birmingham,CUST5549,PROD344,Accessories,Bluetooth Headphones,Samsung,1,1257.06,0.23,0.18,1142.16,Debit Card,Online,EMP879,1,1,Standard,5,GBP
ORD137555,08-05-2023,BR48,UAE,Dubai,CUST7239,PROD589,TV,LG OLED 48,OnePlus,5,1949.51,0.28,0.18,8281.52,Net Banking,In-Store,EMP293,3,0,Standard,10,AED
ORD137556,20-05-2024,BR49,UAE,Dubai,CUST1638,PROD830,Laptop,Dell XPS 13,Samsung,4,405.86,0.23,0.18,1475.06,Credit Card,In-Store,EMP203,1,1,Standard,3,EUR
ORD137557,18-11-2024,BR90,UK,London,CUST2738,PROD661,Mobile,iPhone 14,LG,4,1188.78,0.2,0.18,4488.83,Net Banking,In-Store,EMP694,3,1,Standard,10,AED
ORD137558,11-03-2024,BR94,Germany,Berlin,CUST5653,PROD394,Laptop,MacBook Air M2,Apple,1,1022.96,0.03,0.18,1170.88,Net Banking,In-Store,EMP776,0,0,Express,5,GBP
ORD137559,17-04-2024,BR52,USA,Chicago,CUST2444,PROD886,Accessories,Bluetooth Headphones,Lenovo,1,1580.5,0.22,0.18,1454.69,Cash,Online,EMP827,3,0,Same Day,10,AED
ORD137560,03-11-2024,BR67,UAE,Abu Dhabi,CUST3635,PROD129,Mobile,OnePlus 11,LG,4,1256.2,0.13,0.18,5158.46,Cash,Online,EMP205,3,1,Express,7,GBP
ORD137561,05-02-2023,BR45,India,Mumbai,CUST8928,PROD999,Accessories,Wireless Mouse,LG,5,1445.15,0.11,0.18,7588.48,Net Banking,In-Store,EMP892,0,0,Same Day,8,EUR
ORD137562,31-05-2024,BR31,UK,Birmingham,CUST4669,PROD758,TV,Sony Bravia 55,OnePlus,1,1122.06,0.23,0.18,1019.5,Debit Card,Online,EMP372,3,0,Express,9,EUR
ORD137563,03-06-2023,BR8,India,Delhi,CUST3193,PROD317,Tablet,iPad Air,Apple,4,474.18,0.19,0.18,1812.88,UPI,Online,EMP704,0,0,Standard,7,EUR
ORD137564,17-02-2023,BR81,UK,London,CUST9313,PROD757,Accessories,Bluetooth Headphones,Samsung,2,1700.15,0.28,0.18,2888.89,Cash,In-Store,EMP845,2,0,Express,3,INR
ORD137565,05-07-2023,BR22,UK,London,CUST2891,PROD828,TV,Sony Bravia 55,HP,1,977.36,0.03,0.18,1118.69,Debit Card,In-Store,EMP396,2,0,Standard,4,USD
ORD137566,23-02-2023,BR54,UK,Manchester,CUST7395,PROD287,Accessories,Wireless Mouse,Lenovo,2,911.92,0.12,0.18,1893.88,Cash,In-Store,EMP787,0,1,Express,6,GBP
ORD137567,11-05-2024,BR119,USA,Los Angeles,CUST3986,PROD525,TV,LG OLED 48,Sony,4,452.67,0.21,0.18,1687.92,UPI,Online,EMP733,0,1,Express,10,GBP
ORD137568,26-05-2023,BR40,India,Mumbai,CUST3910,PROD661,Accessories,Wireless Mouse,Dell,2,744.68,0.26,0.18,1300.51,Credit Card,Online,EMP872,3,1,Express,4,GBP
ORD137569,15-07-2024,BR54,UK,Manchester,CUST8086,PROD453,Accessories,Keyboard,Sony,2,1013.4,0.02,0.18,2343.79,Credit Card,Online,EMP816,3,1,Standard,9,USD
ORD137570,01-07-2024,BR11,UAE,Abu Dhabi,CUST4909,PROD898,Mobile,Samsung Galaxy S23,Sony,4,789.86,0.08,0.18,3429.89,Credit Card,Online,EMP871,3,1,Standard,10,GBP
ORD137571,31-08-2023,BR96,UK,London,CUST1660,PROD955,Accessories,Bluetooth Headphones,Apple,2,906.96,0.14,0.18,1840.77,Net Banking,Online,EMP547,0,1,Standard,7,AED
ORD137572,30-08-2024,BR63,UK,London,CUST5756,PROD958,Accessories,Keyboard,Sony,2,1822.56,0.01,0.18,4258.23,Debit Card,Online,EMP487,1,0,Same Day,2,USD
ORD137573,01-06-2023,BR58,UK,Manchester,CUST6568,PROD724,Accessories,Wireless Mouse,Samsung,4,1942.62,0.16,0.18,7702.1,Net Banking,In-Store,EMP287,0,0,Same Day,10,INR
ORD137574,22-04-2023,BR9,Germany,Munich,CUST5387,PROD964,Laptop,MacBook Air M2,Dell,3,1558.1,0.25,0.18,4136.76,Net Banking,Online,EMP332,0,1,Same Day,2,AED
ORD137575,29-04-2023,BR78,Germany,Hamburg,CUST8988,PROD391,Tablet,Lenovo Tab P11,OnePlus,3,1682.93,0.18,0.18,4885.21,Net Banking,In-Store,EMP417,2,0,Same Day,9,AED
ORD137576,21-05-2024,BR92,Germany,Munich,CUST7297,PROD333,Tablet,Samsung Galaxy Tab,LG,2,1827.09,0.28,0.18,3104.59,Net Banking,Online,EMP417,3,1,Express,6,EUR
ORD137577,17-10-2024,BR65,India,Delhi,CUST9798,PROD337,Accessories,Keyboard,OnePlus,3,734.34,0.2,0.18,2079.65,Net Banking,In-Store,EMP577,2,1,Standard,3,GBP
ORD137578,19-03-2024,BR40,USA,New York,CUST7467,PROD948,Accessories,Bluetooth Headphones,HP,5,210.8,0.11,0.18,1106.91,Credit Card,Online,EMP878,2,1,Express,5,GBP
ORD137579,28-10-2024,BR58,UAE,Abu Dhabi,CUST1863,PROD322,Accessories,Wireless Mouse,OnePlus,1,1806.32,0.2,0.18,1705.17,Credit Card,Online,EMP870,1,0,Same Day,9,AED
ORD137580,11-07-2023,BR34,UAE,Dubai,CUST4572,PROD483,Accessories,Bluetooth Headphones,Samsung,1,1992.14,0.27,0.18,1716.03,UPI,In-Store,EMP346,0,0,Same Day,2,USD
ORD137581,27-04-2024,BR9,USA,Dallas,CUST4973,PROD351,Laptop,MacBook Air M2,HP,1,1637.66,0.09,0.18,1758.52,UPI,Online,EMP604,0,1,Express,5,AED
ORD137582,22-09-2024,BR23,USA,Los Angeles,CUST5191,PROD361,Laptop,HP Spectre x360,LG,3,674.85,0.14,0.18,2054.51,Credit Card,Online,EMP442,3,0,Same Day,5,AED
ORD137583,05-08-2023,BR56,UK,Birmingham,CUST9604,PROD624,TV,Samsung QLED 50,Sony,4,1057.07,0.27,0.18,3642.24,Credit Card,Online,EMP768,1,1,Express,2,USD
ORD137584,24-10-2024,BR28,UK,Birmingham,CUST6887,PROD344,Accessories,Bluetooth Headphones,Apple,1,838.03,0.28,0.18,711.99,Cash,In-Store,EMP943,1,0,Same Day,9,EUR
ORD137585,09-01-2024,BR60,UAE,Abu Dhabi,CUST9244,PROD354,Mobile,iPhone 14,OnePlus,1,797.92,0.21,0.18,743.82,UPI,Online,EMP225,0,0,Express,9,USD
ORD137586,13-12-2023,BR80,USA,Dallas,CUST4239,PROD299,Mobile,Samsung Galaxy S23,OnePlus,2,1938.8,0.14,0.18,3934.99,Debit Card,Online,EMP859,0,0,Express,8,USD
ORD137587,18-03-2023,BR104,UAE,Dubai,CUST9927,PROD288,Tablet,Lenovo Tab P11,OnePlus,4,439.28,0.2,0.18,1658.72,UPI,Online,EMP895,3,1,Standard,1,INR
ORD137588,17-04-2024,BR7,USA,Los Angeles,CUST7644,PROD976,Tablet,iPad Air,LG,5,407.32,0.2,0.18,1922.55,Credit Card,In-Store,EMP465,3,1,Same Day,6,USD
ORD137589,22-11-2023,BR22,UAE,Dubai,CUST5488,PROD633,Tablet,Lenovo Tab P11,Lenovo,1,1768.9,0.3,0.18,1461.11,UPI,Online,EMP278,3,0,Same Day,6,GBP
ORD137590,29-12-2023,BR31,UAE,Abu Dhabi,CUST9855,PROD749,Laptop,HP Spectre x360,OnePlus,5,1791.13,0,0.18,10567.67,Credit Card,Online,EMP507,2,0,Same Day,8,GBP
ORD137591,17-11-2024,BR53,India,Bangalore,CUST9952,PROD293,Accessories,Wireless Mouse,Samsung,2,1932.66,0.24,0.18,3466.42,Debit Card,Online,EMP965,3,0,Express,1,INR
ORD137592,08-10-2024,BR77,UK,Birmingham,CUST5702,PROD608,Laptop,HP Spectre x360,OnePlus,1,229.34,0.13,0.18,235.44,Cash,In-Store,EMP908,2,1,Standard,6,GBP
ORD137593,26-05-2023,BR96,UAE,Abu Dhabi,CUST9363,PROD623,Mobile,OnePlus 11,Samsung,2,1717.87,0.01,0.18,4013.63,Debit Card,In-Store,EMP282,1,0,Standard,9,INR
ORD137594,07-07-2023,BR64,USA,Chicago,CUST8925,PROD183,Accessories,Wireless Mouse,Apple,5,1956.66,0.01,0.18,11428.85,Credit Card,In-Store,EMP665,3,1,Same Day,10,AED
ORD137595,01-12-2023,BR46,India,Bangalore,CUST4234,PROD351,Tablet,Lenovo Tab P11,Sony,3,596.77,0.01,0.18,2091.44,Net Banking,In-Store,EMP865,1,0,Standard,8,EUR
ORD137596,21-07-2023,BR75,India,Mumbai,CUST7899,PROD761,Accessories,Wireless Mouse,Lenovo,3,973.3,0.23,0.18,2653.02,Net Banking,In-Store,EMP662,3,0,Express,2,GBP
ORD137597,03-05-2023,BR50,UAE,Abu Dhabi,CUST2611,PROD747,Mobile,OnePlus 11,Samsung,5,1199.37,0.22,0.18,5519.5,Net Banking,In-Store,EMP250,0,0,Express,10,EUR
ORD137598,18-10-2024,BR64,USA,Dallas,CUST6967,PROD599,TV,LG OLED 48,OnePlus,5,1499.29,0.06,0.18,8315.06,Credit Card,In-Store,EMP914,3,0,Express,8,USD
ORD137599,01-10-2024,BR33,Germany,Hamburg,CUST2382,PROD153,TV,LG OLED 48,Sony,3,191.18,0.29,0.18,480.51,Credit Card,In-Store,EMP226,2,1,Express,3,INR
ORD137600,01-09-2024,BR74,India,Pune,CUST5296,PROD677,Laptop,MacBook Air M2,Sony,2,1821.98,0.22,0.18,3353.9,Debit Card,Online,EMP539,1,0,Express,1,EUR
ORD137601,15-10-2023,BR62,USA,Los Angeles,CUST7389,PROD458,TV,Samsung QLED 50,Samsung,1,515.5,0.21,0.18,480.55,Debit Card,In-Store,EMP986,2,0,Same Day,3,AED
ORD137602,01-11-2024,BR3,Germany,Berlin,CUST4352,PROD607,Accessories,Keyboard,Apple,1,427.49,0.25,0.18,378.33,Net Banking,Online,EMP276,1,0,Express,5,USD
ORD137603,25-11-2024,BR52,Germany,Munich,CUST6768,PROD320,TV,LG OLED 48,OnePlus,3,1768.4,0.02,0.18,6134.93,Net Banking,Online,EMP657,2,1,Standard,6,USD
ORD137604,07-07-2024,BR38,India,Pune,CUST4392,PROD212,Mobile,OnePlus 11,Samsung,4,251.11,0.08,0.18,1090.42,Net Banking,In-Store,EMP796,3,0,Express,3,EUR
ORD137605,21-05-2023,BR94,Germany,Munich,CUST1370,PROD636,Mobile,OnePlus 11,Sony,4,975.94,0.02,0.18,4514.31,UPI,Online,EMP941,0,0,Standard,6,GBP
ORD137606,29-09-2024,BR81,USA,Dallas,CUST7377,PROD231,Mobile,Samsung Galaxy S23,Apple,1,843.17,0.21,0.18,786,Credit Card,Online,EMP441,3,1,Standard,5,INR
ORD137607,13-09-2023,BR88,UK,Birmingham,CUST7204,PROD342,TV,Sony Bravia 55,OnePlus,3,1428.64,0.05,0.18,4804.52,Net Banking,In-Store,EMP280,3,1,Standard,3,EUR
ORD137608,02-07-2024,BR107,UK,Manchester,CUST1022,PROD432,TV,LG OLED 48,HP,3,1466.32,0.25,0.18,3893.08,Net Banking,Online,EMP973,3,0,Same Day,7,USD
ORD137609,18-06-2024,BR90,USA,Dallas,CUST1760,PROD741,Accessories,Keyboard,HP,1,1239,0.21,0.18,1155,Cash,In-Store,EMP715,0,0,Standard,4,AED
ORD137610,24-01-2024,BR71,Germany,Berlin,CUST9589,PROD612,Laptop,HP Spectre x360,OnePlus,1,1216.87,0.16,0.18,1206.16,Debit Card,In-Store,EMP385,3,0,Standard,7,EUR
ORD137611,11-04-2023,BR33,UK,Birmingham,CUST2941,PROD650,TV,LG OLED 48,Samsung,2,1493.22,0.13,0.18,3065.88,UPI,In-Store,EMP559,3,0,Same Day,10,GBP
ORD137612,15-08-2024,BR100,Germany,Hamburg,CUST1894,PROD740,Laptop,HP Spectre x360,LG,1,1919.99,0.22,0.18,1767.16,Cash,Online,EMP992,1,0,Standard,3,EUR
ORD137613,29-11-2024,BR17,Germany,Berlin,CUST9572,PROD782,Laptop,Dell XPS 13,OnePlus,3,419.71,0.19,0.18,1203.48,Net Banking,Online,EMP669,3,0,Same Day,10,USD
ORD137614,29-11-2024,BR24,India,Mumbai,CUST4194,PROD461,Accessories,Wireless Mouse,HP,2,1126.98,0.21,0.18,2101.14,UPI,In-Store,EMP850,1,0,Express,10,USD
ORD137615,15-12-2023,BR50,UK,London,CUST9392,PROD762,Mobile,iPhone 14,OnePlus,4,220.83,0.07,0.18,969.36,Debit Card,Online,EMP980,2,1,Standard,1,EUR
ORD137616,17-06-2023,BR57,India,Bangalore,CUST3458,PROD539,Laptop,MacBook Air M2,LG,3,557.02,0.05,0.18,1873.26,Cash,In-Store,EMP573,2,0,Standard,2,INR
ORD137617,02-03-2024,BR115,Germany,Munich,CUST1944,PROD929,TV,Sony Bravia 55,HP,4,1642.85,0.23,0.18,5970.77,Credit Card,In-Store,EMP322,2,1,Standard,10,GBP
ORD137618,17-12-2023,BR2,UAE,Abu Dhabi,CUST5980,PROD535,Mobile,OnePlus 11,LG,2,1866.93,0.13,0.18,3833.18,Cash,In-Store,EMP753,0,0,Same Day,2,AED
ORD137619,12-06-2023,BR35,UAE,Abu Dhabi,CUST9453,PROD817,TV,Samsung QLED 50,Apple,5,1849.91,0.2,0.18,8731.58,UPI,In-Store,EMP731,0,1,Same Day,9,INR
ORD137620,06-05-2024,BR61,UAE,Abu Dhabi,CUST4874,PROD278,Accessories,Keyboard,LG,1,785.15,0.14,0.18,796.77,Cash,Online,EMP565,2,0,Same Day,7,USD
ORD137621,28-04-2024,BR80,UAE,Abu Dhabi,CUST8429,PROD667,Laptop,MacBook Air M2,Lenovo,3,158.73,0.24,0.18,427.05,Debit Card,Online,EMP802,2,0,Express,6,INR
ORD137622,12-12-2023,BR116,UK,Birmingham,CUST2652,PROD131,Laptop,HP Spectre x360,LG,4,1923.11,0.21,0.18,7170.89,Cash,Online,EMP762,1,1,Standard,5,INR
ORD137623,08-09-2024,BR79,UAE,Abu Dhabi,CUST5599,PROD185,Laptop,HP Spectre x360,OnePlus,2,1304.51,0.08,0.18,2832.35,Cash,Online,EMP298,2,0,Express,1,USD
ORD137624,23-04-2024,BR9,Germany,Berlin,CUST4911,PROD473,Mobile,Samsung Galaxy S23,Lenovo,3,954.67,0.09,0.18,3075.37,Credit Card,In-Store,EMP607,2,1,Express,8,AED
ORD137625,22-02-2023,BR60,India,Mumbai,CUST7500,PROD484,TV,Samsung QLED 50,Dell,1,1549.63,0.24,0.18,1389.71,UPI,Online,EMP257,0,0,Express,10,USD
ORD137626,28-09-2023,BR2,India,Bangalore,CUST8057,PROD451,Accessories,Keyboard,Lenovo,1,300.82,0.19,0.18,287.52,Cash,In-Store,EMP397,3,0,Standard,8,EUR
ORD137627,14-04-2023,BR111,UK,London,CUST9863,PROD887,TV,Samsung QLED 50,Dell,3,1538.96,0.1,0.18,4903.13,Credit Card,In-Store,EMP365,0,0,Standard,8,AED
ORD137628,08-05-2024,BR45,UK,Birmingham,CUST7755,PROD712,Laptop,MacBook Air M2,HP,3,375.04,0.07,0.18,1234.71,UPI,In-Store,EMP900,0,0,Express,2,INR
ORD137629,22-06-2024,BR105,UAE,Dubai,CUST4096,PROD833,TV,LG OLED 48,OnePlus,4,354.6,0.1,0.18,1506.34,Cash,In-Store,EMP559,1,1,Standard,8,EUR
ORD137630,20-12-2024,BR119,UK,Birmingham,CUST1806,PROD380,Accessories,Bluetooth Headphones,LG,4,461.45,0.11,0.18,1938.46,Cash,In-Store,EMP700,2,0,Same Day,6,EUR
ORD137631,04-09-2024,BR103,UK,London,CUST7490,PROD191,TV,Sony Bravia 55,Apple,1,1569.89,0.2,0.18,1481.98,Debit Card,Online,EMP750,2,0,Standard,4,INR
ORD137632,19-12-2024,BR109,India,Bangalore,CUST6935,PROD239,Accessories,Keyboard,OnePlus,2,746.97,0.28,0.18,1269.25,UPI,In-Store,EMP480,0,1,Standard,8,EUR
ORD137633,23-12-2023,BR8,India,Pune,CUST4218,PROD210,TV,Sony Bravia 55,Dell,1,957.11,0.17,0.18,937.39,Cash,In-Store,EMP234,0,1,Standard,6,USD
ORD137634,02-07-2024,BR12,Germany,Hamburg,CUST6396,PROD394,Accessories,Bluetooth Headphones,Apple,5,706.41,0.29,0.18,2959.15,UPI,In-Store,EMP754,1,0,Express,9,EUR
ORD137635,02-07-2024,BR115,UK,London,CUST1585,PROD368,TV,LG OLED 48,Dell,5,1350.87,0.29,0.18,5658.79,Debit Card,Online,EMP778,1,1,Express,3,GBP
ORD137636,24-11-2023,BR67,India,Delhi,CUST9789,PROD763,Laptop,MacBook Air M2,Lenovo,1,736.7,0.25,0.18,651.98,Cash,In-Store,EMP565,0,1,Standard,9,AED
ORD137637,17-05-2024,BR94,UK,Manchester,CUST7331,PROD990,Accessories,Keyboard,LG,1,73.44,0.07,0.18,80.59,Debit Card,Online,EMP993,0,0,Same Day,3,USD
ORD137638,05-11-2023,BR110,UK,Birmingham,CUST1463,PROD104,Laptop,MacBook Air M2,Lenovo,4,1768.48,0.26,0.18,6176.95,Debit Card,In-Store,EMP502,2,1,Same Day,8,AED
ORD137639,06-10-2023,BR36,UK,London,CUST4711,PROD259,Mobile,iPhone 14,HP,4,1015.41,0,0.18,4792.74,Cash,In-Store,EMP538,0,0,Express,8,GBP
ORD137640,01-10-2023,BR6,USA,Los Angeles,CUST4564,PROD691,TV,LG OLED 48,Sony,3,1147.27,0.27,0.18,2964.78,Cash,In-Store,EMP326,3,0,Standard,9,INR
ORD137641,09-11-2023,BR114,UK,London,CUST8522,PROD504,Tablet,iPad Air,HP,1,905.78,0.26,0.18,790.93,Net Banking,Online,EMP826,2,0,Same Day,9,INR
ORD137642,02-10-2023,BR32,Germany,Hamburg,CUST2188,PROD775,Accessories,Bluetooth Headphones,Sony,2,1914.82,0.28,0.18,3253.66,UPI,In-Store,EMP348,2,1,Express,3,INR
ORD137643,10-09-2023,BR80,Germany,Berlin,CUST8743,PROD689,TV,LG OLED 48,Sony,1,836.32,0.03,0.18,957.25,Debit Card,In-Store,EMP995,3,1,Express,7,GBP
ORD137644,26-11-2024,BR80,India,Bangalore,CUST5176,PROD497,Accessories,Keyboard,LG,3,1223.01,0.09,0.18,3939.8,Cash,Online,EMP908,2,0,Same Day,7,USD
ORD137645,08-05-2023,BR43,Germany,Munich,CUST7563,PROD243,Tablet,Samsung Galaxy Tab,HP,5,1560.94,0.03,0.18,8933.26,Debit Card,Online,EMP589,1,1,Express,10,AED
ORD137646,03-12-2023,BR69,Germany,Hamburg,CUST1120,PROD957,TV,LG OLED 48,Sony,2,1177.51,0.15,0.18,2362.09,Credit Card,Online,EMP741,1,0,Standard,9,INR
ORD137647,18-03-2023,BR44,India,Mumbai,CUST4407,PROD807,Laptop,Dell XPS 13,Samsung,2,282.23,0.09,0.18,606.12,Debit Card,Online,EMP746,0,1,Standard,6,INR
ORD137648,03-10-2024,BR100,India,Mumbai,CUST5127,PROD672,Mobile,iPhone 14,Apple,3,1879.7,0.07,0.18,6188.35,Cash,In-Store,EMP883,0,1,Standard,8,USD
ORD137649,22-08-2023,BR108,UK,Manchester,CUST9940,PROD288,Mobile,iPhone 14,HP,1,1752.79,0.21,0.18,1633.95,Cash,In-Store,EMP826,2,1,Same Day,1,INR
ORD137650,05-10-2023,BR92,UAE,Dubai,CUST7409,PROD613,Tablet,Lenovo Tab P11,Lenovo,5,1128,0.28,0.18,4791.74,Cash,In-Store,EMP635,2,1,Same Day,7,USD
ORD137651,04-10-2023,BR62,India,Bangalore,CUST9460,PROD522,Accessories,Bluetooth Headphones,OnePlus,4,763.11,0.04,0.18,3457.8,Net Banking,In-Store,EMP321,2,0,Standard,10,EUR
ORD137652,23-08-2024,BR79,USA,New York,CUST7845,PROD276,Mobile,OnePlus 11,LG,1,1024.21,0.1,0.18,1087.71,Net Banking,In-Store,EMP895,1,1,Same Day,9,AED
ORD137653,20-09-2023,BR82,India,Pune,CUST6913,PROD721,TV,Sony Bravia 55,Apple,4,1606.89,0.29,0.18,5385.01,Credit Card,In-Store,EMP685,2,1,Same Day,10,AED
ORD137654,14-11-2024,BR93,India,Delhi,CUST3900,PROD159,Mobile,Samsung Galaxy S23,LG,5,1716.06,0,0.18,10124.75,Net Banking,Online,EMP908,1,1,Same Day,6,AED
ORD137655,24-10-2024,BR6,UAE,Dubai,CUST2889,PROD294,Mobile,iPhone 14,HP,5,865.85,0.22,0.18,3984.64,Cash,In-Store,EMP319,0,0,Express,4,USD
ORD137656,13-01-2023,BR113,UAE,Dubai,CUST6441,PROD570,TV,LG OLED 48,Apple,5,1124.21,0.13,0.18,5770.57,Credit Card,Online,EMP933,3,0,Express,4,USD
ORD137657,03-01-2023,BR20,Germany,Munich,CUST9486,PROD313,TV,Sony Bravia 55,Lenovo,3,1228.53,0.1,0.18,3914.1,UPI,Online,EMP837,2,0,Standard,4,GBP
ORD137658,20-08-2024,BR112,UK,Birmingham,CUST7422,PROD248,Accessories,Bluetooth Headphones,OnePlus,2,1377.1,0.26,0.18,2404.97,Net Banking,Online,EMP498,1,1,Same Day,6,AED
ORD137659,17-03-2024,BR94,UAE,Abu Dhabi,CUST1164,PROD728,TV,Samsung QLED 50,Sony,5,317.13,0.18,0.18,1534.27,UPI,Online,EMP584,1,0,Express,6,INR
ORD137660,19-08-2023,BR115,India,Mumbai,CUST5308,PROD516,Mobile,Samsung Galaxy S23,Samsung,2,965.8,0,0.18,2279.29,Net Banking,Online,EMP594,3,0,Same Day,1,AED
ORD137661,11-11-2024,BR22,UK,Manchester,CUST4250,PROD209,TV,Samsung QLED 50,Samsung,4,409.88,0.24,0.18,1470.32,Net Banking,Online,EMP206,3,1,Same Day,10,EUR
ORD137662,09-11-2023,BR85,UK,Manchester,CUST7025,PROD736,Mobile,OnePlus 11,HP,1,1053.14,0.25,0.18,932.03,Credit Card,Online,EMP906,0,0,Same Day,8,INR
ORD137663,20-09-2024,BR18,USA,Los Angeles,CUST7009,PROD861,Tablet,iPad Air,Samsung,4,324.42,0.07,0.18,1424.07,Cash,In-Store,EMP640,1,0,Same Day,7,USD
ORD137664,30-01-2024,BR104,India,Mumbai,CUST7563,PROD600,Mobile,iPhone 14,Samsung,3,1257.55,0.16,0.18,3739.45,Cash,In-Store,EMP245,3,0,Standard,6,INR
ORD137665,18-05-2023,BR32,USA,Los Angeles,CUST1299,PROD560,Tablet,Lenovo Tab P11,Sony,1,1718.84,0.14,0.18,1744.28,Credit Card,Online,EMP741,3,0,Express,9,USD
ORD137666,16-02-2023,BR17,Germany,Munich,CUST3838,PROD880,Mobile,OnePlus 11,Sony,3,439.13,0.14,0.18,1336.89,UPI,In-Store,EMP626,1,0,Standard,4,EUR
ORD137667,15-04-2023,BR72,UK,Birmingham,CUST5484,PROD329,Tablet,iPad Air,OnePlus,5,1709.04,0.06,0.18,9478.34,Net Banking,In-Store,EMP234,1,1,Express,9,INR
ORD137668,11-03-2024,BR59,USA,Los Angeles,CUST9052,PROD899,Accessories,Bluetooth Headphones,Samsung,5,108.92,0.18,0.18,526.95,UPI,Online,EMP968,2,0,Standard,6,USD
ORD137669,10-02-2024,BR5,UK,London,CUST2857,PROD853,TV,Samsung QLED 50,Lenovo,4,1675.9,0.23,0.18,6090.89,UPI,Online,EMP963,2,0,Standard,7,GBP
ORD137670,22-12-2024,BR47,India,Bangalore,CUST7039,PROD688,TV,Sony Bravia 55,Apple,3,1303.17,0.08,0.18,4244.16,Net Banking,In-Store,EMP743,0,1,Express,10,INR
ORD137671,27-06-2024,BR98,UAE,Abu Dhabi,CUST5387,PROD642,Tablet,iPad Air,Samsung,4,685.61,0.02,0.18,3171.36,Net Banking,In-Store,EMP232,1,1,Standard,5,GBP
ORD137672,06-09-2023,BR46,USA,Los Angeles,CUST2928,PROD787,Tablet,iPad Air,Lenovo,2,298.55,0.04,0.18,676.39,Debit Card,In-Store,EMP833,0,1,Same Day,8,USD
ORD137673,30-12-2024,BR43,UK,London,CUST6406,PROD399,Tablet,Samsung Galaxy Tab,Apple,3,1690.93,0.06,0.18,5626.74,UPI,In-Store,EMP607,1,1,Express,8,INR
ORD137674,04-01-2023,BR98,Germany,Berlin,CUST5878,PROD381,Laptop,HP Spectre x360,Apple,3,568.36,0.03,0.18,1951.63,Credit Card,Online,EMP891,2,0,Same Day,7,USD
ORD137675,04-09-2023,BR29,USA,Chicago,CUST2825,PROD139,Laptop,HP Spectre x360,Lenovo,3,1315.82,0.14,0.18,4005.88,Credit Card,In-Store,EMP927,3,1,Standard,8,USD
ORD137676,26-01-2023,BR90,India,Delhi,CUST7745,PROD846,Mobile,Samsung Galaxy S23,Apple,1,471.27,0.01,0.18,550.54,Cash,In-Store,EMP586,2,0,Same Day,1,EUR
ORD137677,18-12-2024,BR63,India,Delhi,CUST3134,PROD539,Laptop,MacBook Air M2,Samsung,2,1969.81,0.14,0.18,3997.93,Debit Card,In-Store,EMP565,0,1,Express,6,GBP
ORD137678,27-08-2024,BR8,UK,London,CUST9959,PROD348,Tablet,Lenovo Tab P11,OnePlus,1,1217.82,0.19,0.18,1163.99,Debit Card,In-Store,EMP557,1,1,Same Day,5,EUR
ORD137679,19-03-2023,BR94,UK,Birmingham,CUST7849,PROD324,Laptop,HP Spectre x360,LG,2,276.78,0.06,0.18,614.01,Net Banking,In-Store,EMP332,1,1,Same Day,4,GBP
ORD137680,15-01-2024,BR77,UK,Birmingham,CUST1055,PROD702,Mobile,OnePlus 11,Lenovo,1,1290.67,0.19,0.18,1233.62,Net Banking,In-Store,EMP212,0,1,Standard,9,INR
ORD137681,13-04-2023,BR22,Germany,Hamburg,CUST1374,PROD355,Accessories,Wireless Mouse,Samsung,5,1133.36,0.19,0.18,5416.33,Cash,Online,EMP304,3,1,Express,2,AED
ORD137682,16-03-2023,BR1,India,Pune,CUST4847,PROD756,Mobile,iPhone 14,Dell,5,330.05,0.04,0.18,1869.4,Net Banking,Online,EMP378,0,1,Express,2,GBP
ORD137683,21-05-2023,BR19,Germany,Munich,CUST9069,PROD192,TV,Sony Bravia 55,Samsung,5,1375.22,0.03,0.18,7870.38,Credit Card,Online,EMP800,2,0,Same Day,5,USD
ORD137684,08-01-2024,BR54,UK,London,CUST8002,PROD529,Laptop,Dell XPS 13,Samsung,3,1534.09,0.09,0.18,4941.92,UPI,Online,EMP296,0,0,Express,10,INR
ORD137685,19-11-2024,BR29,USA,Dallas,CUST5050,PROD956,Mobile,OnePlus 11,Sony,5,1706.44,0.24,0.18,7651.68,Net Banking,Online,EMP997,2,1,Standard,7,GBP
ORD137686,30-03-2023,BR79,UAE,Abu Dhabi,CUST5414,PROD556,TV,LG OLED 48,Samsung,4,126.72,0.04,0.18,574.19,UPI,Online,EMP870,2,1,Express,7,GBP
ORD137687,08-10-2023,BR81,Germany,Hamburg,CUST2944,PROD860,Mobile,Samsung Galaxy S23,OnePlus,2,1876.93,0.3,0.18,3100.69,UPI,Online,EMP366,1,1,Express,10,EUR
ORD137688,27-03-2023,BR20,Germany,Munich,CUST2277,PROD636,Accessories,Wireless Mouse,Samsung,5,564.16,0.16,0.18,2795.98,Debit Card,Online,EMP674,2,0,Same Day,10,USD
ORD137689,10-03-2023,BR41,USA,Los Angeles,CUST8226,PROD282,Mobile,OnePlus 11,Dell,2,1717.14,0.2,0.18,3241.96,Net Banking,Online,EMP816,0,1,Standard,10,INR
ORD137690,10-07-2024,BR33,India,Bangalore,CUST1858,PROD731,TV,LG OLED 48,Sony,1,164.1,0.12,0.18,170.4,Cash,In-Store,EMP207,2,1,Standard,3,INR
ORD137691,14-05-2023,BR72,UAE,Dubai,CUST9551,PROD137,Laptop,HP Spectre x360,HP,5,1626.56,0.26,0.18,7101.56,Net Banking,Online,EMP403,0,1,Express,9,EUR
ORD137692,20-06-2024,BR28,UAE,Dubai,CUST5053,PROD109,Mobile,iPhone 14,OnePlus,3,1588.22,0.27,0.18,4104.28,Cash,Online,EMP926,0,0,Standard,10,GBP
ORD137693,23-04-2023,BR115,India,Mumbai,CUST8679,PROD980,Laptop,Dell XPS 13,OnePlus,3,934.36,0.24,0.18,2513.8,Cash,Online,EMP803,2,1,Same Day,8,USD
ORD137694,08-02-2023,BR112,UAE,Dubai,CUST7488,PROD660,TV,LG OLED 48,Lenovo,4,580.04,0.05,0.18,2600.9,UPI,In-Store,EMP782,3,1,Standard,6,INR
ORD137695,08-03-2023,BR104,India,Pune,CUST6235,PROD844,Laptop,HP Spectre x360,Apple,5,1923.41,0.05,0.18,10780.71,Net Banking,In-Store,EMP602,2,0,Express,7,USD
ORD137696,15-05-2024,BR60,UAE,Abu Dhabi,CUST9267,PROD483,Mobile,iPhone 14,OnePlus,1,1452.43,0.02,0.18,1679.59,Net Banking,Online,EMP935,0,0,Standard,10,AED
ORD137697,29-03-2024,BR25,UK,Manchester,CUST6211,PROD917,Tablet,Samsung Galaxy Tab,HP,1,1189.65,0.21,0.18,1108.99,Debit Card,In-Store,EMP587,0,1,Standard,1,INR
ORD137698,21-12-2024,BR16,Germany,Munich,CUST7732,PROD957,Mobile,Samsung Galaxy S23,HP,1,871.94,0.07,0.18,956.87,UPI,In-Store,EMP284,3,1,Same Day,4,INR
ORD137699,18-11-2024,BR61,USA,Los Angeles,CUST5237,PROD100,Accessories,Wireless Mouse,Lenovo,4,752.36,0.24,0.18,2698.87,Cash,Online,EMP475,0,0,Standard,4,GBP
ORD137700,17-06-2024,BR113,UAE,Dubai,CUST8553,PROD622,Tablet,iPad Air,Sony,4,1892.39,0.04,0.18,8574.8,Credit Card,Online,EMP232,2,0,Standard,4,INR
ORD137701,20-10-2023,BR25,Germany,Berlin,CUST1983,PROD426,Tablet,Samsung Galaxy Tab,HP,1,1348.3,0.06,0.18,1495.53,Net Banking,Online,EMP936,3,0,Express,6,EUR
ORD137702,30-07-2024,BR63,USA,Los Angeles,CUST4216,PROD657,Mobile,OnePlus 11,Lenovo,5,920.25,0.14,0.18,4669.35,UPI,In-Store,EMP821,3,1,Same Day,9,USD
ORD137703,05-03-2024,BR100,USA,Chicago,CUST8856,PROD388,TV,Samsung QLED 50,Dell,3,1722.16,0.22,0.18,4755.23,Credit Card,In-Store,EMP266,1,0,Standard,1,GBP
ORD137704,24-06-2023,BR9,UK,London,CUST3443,PROD786,Tablet,Samsung Galaxy Tab,LG,2,1784.64,0.26,0.18,3116.7,Credit Card,In-Store,EMP896,1,0,Express,4,USD
ORD137705,24-07-2024,BR81,Germany,Berlin,CUST3330,PROD668,Accessories,Wireless Mouse,Sony,5,401.17,0.22,0.18,1846.18,Cash,Online,EMP265,0,0,Express,7,USD
ORD137706,29-12-2024,BR117,USA,Los Angeles,CUST5178,PROD468,Tablet,Lenovo Tab P11,LG,1,1643.74,0.16,0.18,1629.28,Credit Card,Online,EMP909,2,0,Same Day,1,USD
ORD137707,16-10-2024,BR21,India,Mumbai,CUST3412,PROD688,Mobile,Samsung Galaxy S23,HP,2,1300.78,0.14,0.18,2640.06,UPI,In-Store,EMP579,0,0,Standard,3,INR
ORD137708,01-08-2024,BR47,UAE,Dubai,CUST1421,PROD997,Laptop,MacBook Air M2,OnePlus,1,140.79,0.24,0.18,126.26,Net Banking,In-Store,EMP768,3,1,Standard,7,AED
ORD137709,14-03-2024,BR8,India,Delhi,CUST6560,PROD352,Accessories,Keyboard,Sony,4,1656.85,0.17,0.18,6490.88,Net Banking,In-Store,EMP400,1,0,Express,5,USD
ORD137710,13-04-2023,BR71,Germany,Munich,CUST4061,PROD365,Mobile,iPhone 14,Sony,5,550.13,0.23,0.18,2499.24,Credit Card,Online,EMP233,2,0,Express,2,AED
ORD137711,19-08-2023,BR8,Germany,Berlin,CUST4150,PROD421,Laptop,Dell XPS 13,Samsung,3,1137.9,0.24,0.18,3061.41,Net Banking,Online,EMP294,2,0,Same Day,1,USD
ORD137712,25-04-2024,BR104,USA,Dallas,CUST2348,PROD791,Laptop,MacBook Air M2,Lenovo,5,1345.33,0.19,0.18,6429.33,Cash,In-Store,EMP742,2,1,Express,7,GBP
ORD137713,27-08-2024,BR118,USA,Los Angeles,CUST1366,PROD924,TV,Sony Bravia 55,Apple,4,1992.41,0.16,0.18,7899.51,Net Banking,Online,EMP507,0,0,Same Day,10,USD
ORD137714,23-12-2024,BR3,UK,Birmingham,CUST2745,PROD427,Laptop,Dell XPS 13,HP,4,1292.94,0.15,0.18,5187.28,Net Banking,In-Store,EMP203,0,1,Express,2,AED
ORD137715,09-03-2024,BR34,UK,London,CUST7485,PROD540,Mobile,Samsung Galaxy S23,Apple,3,963.82,0.16,0.18,2866.02,Cash,Online,EMP990,3,1,Express,4,GBP
ORD137716,27-07-2023,BR29,Germany,Munich,CUST9114,PROD885,Tablet,iPad Air,Apple,2,1354.99,0.13,0.18,2782.07,Debit Card,Online,EMP989,1,0,Express,2,GBP
ORD137717,09-11-2024,BR65,UK,London,CUST6028,PROD659,TV,LG OLED 48,OnePlus,1,1309.69,0.25,0.18,1159.08,Debit Card,Online,EMP566,1,0,Same Day,2,EUR
ORD137718,05-10-2023,BR90,UK,Manchester,CUST4239,PROD284,Mobile,OnePlus 11,Samsung,5,1860.79,0.2,0.18,8782.93,Net Banking,In-Store,EMP966,1,1,Standard,6,USD
ORD137719,12-07-2023,BR28,India,Mumbai,CUST8241,PROD538,Accessories,Keyboard,Apple,2,675.59,0.27,0.18,1163.91,UPI,In-Store,EMP682,3,1,Standard,8,GBP
ORD137720,01-04-2024,BR111,UAE,Abu Dhabi,CUST6226,PROD247,TV,Samsung QLED 50,Lenovo,3,223.4,0.17,0.18,656.39,UPI,In-Store,EMP433,0,0,Express,7,EUR
ORD137721,25-03-2023,BR29,Germany,Berlin,CUST6436,PROD519,Laptop,HP Spectre x360,Dell,2,243.33,0.26,0.18,424.95,Net Banking,Online,EMP912,0,1,Standard,5,AED
ORD137722,17-07-2024,BR83,India,Mumbai,CUST8976,PROD740,Accessories,Bluetooth Headphones,OnePlus,4,1847.68,0.04,0.18,8372.21,Net Banking,Online,EMP458,1,1,Standard,1,USD
ORD137723,25-12-2024,BR63,Germany,Berlin,CUST5292,PROD427,TV,Sony Bravia 55,Sony,4,1335.67,0.15,0.18,5358.71,Credit Card,Online,EMP489,2,0,Same Day,3,USD
ORD137724,23-01-2023,BR64,India,Mumbai,CUST2548,PROD189,TV,Sony Bravia 55,Samsung,4,225.41,0.14,0.18,914.98,Debit Card,Online,EMP578,2,0,Express,2,EUR
ORD137725,03-02-2023,BR93,UAE,Abu Dhabi,CUST3742,PROD537,TV,LG OLED 48,Dell,2,271.13,0.26,0.18,473.5,Credit Card,In-Store,EMP533,3,1,Standard,7,USD
ORD137726,30-06-2023,BR119,USA,New York,CUST9073,PROD544,Laptop,HP Spectre x360,Apple,2,1974.31,0.02,0.18,4566.18,Credit Card,Online,EMP812,2,0,Standard,10,USD
ORD137727,21-10-2023,BR117,UAE,Abu Dhabi,CUST4062,PROD141,Laptop,HP Spectre x360,Lenovo,4,920.05,0.03,0.18,4212.36,UPI,In-Store,EMP408,0,1,Standard,1,EUR
ORD137728,26-07-2023,BR23,UK,Birmingham,CUST8963,PROD606,Accessories,Keyboard,Dell,1,333.07,0.19,0.18,318.35,Credit Card,In-Store,EMP549,1,1,Standard,6,INR
ORD137729,19-07-2024,BR56,Germany,Berlin,CUST1233,PROD290,TV,Sony Bravia 55,LG,1,1412.69,0.2,0.18,1333.58,Cash,Online,EMP213,0,0,Same Day,3,EUR
ORD137730,17-04-2023,BR4,India,Pune,CUST3255,PROD385,Tablet,Lenovo Tab P11,Apple,2,1781.02,0.03,0.18,4077.11,Net Banking,In-Store,EMP429,2,0,Express,7,INR
ORD137731,10-01-2024,BR90,Germany,Berlin,CUST7886,PROD824,Tablet,Lenovo Tab P11,Dell,3,1537,0.22,0.18,4243.96,Net Banking,In-Store,EMP424,2,1,Express,1,AED
ORD137732,03-09-2024,BR42,UAE,Dubai,CUST4938,PROD815,Mobile,Samsung Galaxy S23,Sony,2,1196.43,0.08,0.18,2597.69,Net Banking,Online,EMP925,0,1,Express,2,USD
ORD137733,22-07-2024,BR51,UAE,Dubai,CUST9262,PROD226,Accessories,Keyboard,HP,1,1717.34,0.06,0.18,1904.87,Credit Card,Online,EMP258,1,0,Standard,10,GBP
ORD137734,11-04-2024,BR92,UK,Manchester,CUST2896,PROD512,TV,Sony Bravia 55,Dell,3,194.67,0.11,0.18,613.33,Credit Card,Online,EMP509,1,0,Express,10,INR
ORD137735,02-02-2024,BR21,UK,Birmingham,CUST1890,PROD337,Laptop,Dell XPS 13,Apple,1,1820.83,0.08,0.18,1976.69,Credit Card,Online,EMP625,3,1,Same Day,1,EUR
ORD137736,07-06-2023,BR115,UAE,Abu Dhabi,CUST8059,PROD994,Tablet,Lenovo Tab P11,Apple,2,415.85,0.22,0.18,765.5,Net Banking,In-Store,EMP744,0,1,Express,2,AED
ORD137737,22-08-2023,BR41,USA,Los Angeles,CUST6921,PROD410,Accessories,Wireless Mouse,OnePlus,3,894.19,0.2,0.18,2532.35,Credit Card,Online,EMP595,0,1,Standard,9,USD
ORD137738,20-02-2023,BR63,USA,Los Angeles,CUST7564,PROD519,Mobile,iPhone 14,Apple,2,681.42,0.04,0.18,1543.83,UPI,Online,EMP838,1,0,Standard,9,AED
ORD137739,27-07-2024,BR44,Germany,Hamburg,CUST3829,PROD237,Tablet,Lenovo Tab P11,Sony,5,176.29,0.11,0.18,925.7,Net Banking,In-Store,EMP747,0,0,Same Day,1,GBP
ORD137740,11-11-2023,BR75,India,Bangalore,CUST5086,PROD361,Mobile,Samsung Galaxy S23,OnePlus,1,1127.38,0.3,0.18,931.22,Debit Card,In-Store,EMP677,3,0,Standard,9,GBP
ORD137741,15-06-2023,BR86,Germany,Berlin,CUST4866,PROD157,Laptop,MacBook Air M2,Dell,1,184.5,0.01,0.18,215.53,UPI,In-Store,EMP488,3,0,Same Day,2,GBP
ORD137742,08-09-2024,BR27,USA,Dallas,CUST5387,PROD499,Laptop,MacBook Air M2,Lenovo,5,199.73,0.22,0.18,919.16,Debit Card,In-Store,EMP321,3,1,Same Day,3,AED
ORD137743,22-09-2024,BR33,India,Pune,CUST7708,PROD724,TV,Samsung QLED 50,Lenovo,3,1057.71,0.11,0.18,3332.42,Net Banking,Online,EMP754,2,1,Standard,5,EUR
ORD137744,10-06-2023,BR78,USA,Dallas,CUST5572,PROD877,Accessories,Keyboard,Dell,1,1005,0.18,0.18,972.44,Debit Card,Online,EMP220,2,0,Same Day,7,GBP
ORD137745,05-02-2023,BR55,USA,Dallas,CUST2202,PROD267,Tablet,iPad Air,Sony,5,394.13,0.05,0.18,2209.1,Net Banking,In-Store,EMP906,3,0,Same Day,6,INR
ORD137746,23-12-2023,BR6,UAE,Dubai,CUST7991,PROD760,Mobile,iPhone 14,HP,5,179.94,0.02,0.18,1040.41,Credit Card,In-Store,EMP481,0,0,Same Day,7,GBP
ORD137747,27-08-2024,BR52,UAE,Abu Dhabi,CUST2252,PROD490,Laptop,HP Spectre x360,Dell,5,1785.92,0.09,0.18,9588.6,Debit Card,Online,EMP665,2,0,Standard,7,INR
ORD137748,02-09-2023,BR62,UAE,Dubai,CUST2860,PROD508,Accessories,Bluetooth Headphones,LG,5,1920.68,0.06,0.18,10652.09,Net Banking,Online,EMP379,3,0,Standard,10,USD
ORD137749,03-12-2024,BR39,UK,Manchester,CUST6080,PROD195,Laptop,HP Spectre x360,Dell,2,101.88,0.15,0.18,204.37,Cash,Online,EMP923,1,1,Standard,3,USD
ORD137750,22-12-2024,BR89,India,Bangalore,CUST8898,PROD448,Tablet,Samsung Galaxy Tab,Apple,2,539.74,0.23,0.18,980.82,Net Banking,Online,EMP297,3,1,Standard,9,USD
ORD137751,03-06-2024,BR110,India,Delhi,CUST4784,PROD996,Accessories,Wireless Mouse,Dell,4,1657.15,0.09,0.18,7117.79,UPI,Online,EMP467,3,1,Express,5,INR
ORD137752,05-05-2023,BR40,India,Bangalore,CUST2030,PROD205,Mobile,Samsung Galaxy S23,Sony,5,1882.72,0.22,0.18,8664.28,Credit Card,In-Store,EMP231,0,1,Express,10,GBP
ORD137753,25-12-2023,BR100,Germany,Munich,CUST5943,PROD337,Mobile,OnePlus 11,OnePlus,5,1111.48,0.28,0.18,4721.57,Debit Card,Online,EMP771,0,1,Same Day,9,GBP
ORD137754,02-04-2023,BR33,Germany,Hamburg,CUST5330,PROD563,Mobile,OnePlus 11,OnePlus,5,1483.75,0.23,0.18,6740.68,Net Banking,Online,EMP389,0,0,Same Day,3,EUR
ORD137755,04-11-2024,BR3,UK,Birmingham,CUST5841,PROD984,TV,LG OLED 48,LG,3,66.86,0.09,0.18,215.38,Debit Card,In-Store,EMP931,2,1,Same Day,10,AED
ORD137756,10-09-2024,BR23,India,Bangalore,CUST5941,PROD174,Accessories,Bluetooth Headphones,Dell,4,1996.2,0.08,0.18,8668.3,Cash,Online,EMP285,0,1,Express,10,AED
ORD137757,29-10-2024,BR71,Germany,Hamburg,CUST8231,PROD831,TV,LG OLED 48,LG,2,1862.76,0.14,0.18,3780.66,Net Banking,Online,EMP263,0,1,Express,1,AED
ORD137758,12-06-2024,BR116,USA,Chicago,CUST2693,PROD179,Tablet,Lenovo Tab P11,Lenovo,1,1404.73,0.05,0.18,1574.7,Credit Card,Online,EMP778,1,0,Express,7,AED
ORD137759,22-11-2023,BR3,India,Delhi,CUST1543,PROD503,TV,Sony Bravia 55,LG,4,494.21,0.13,0.18,2029.42,Credit Card,In-Store,EMP296,3,0,Same Day,2,AED
ORD137760,18-05-2024,BR74,Germany,Munich,CUST5285,PROD291,Tablet,Samsung Galaxy Tab,Samsung,2,1576.5,0.13,0.18,3236.87,Credit Card,In-Store,EMP231,1,0,Standard,5,EUR
ORD137761,26-01-2024,BR83,Germany,Hamburg,CUST5675,PROD691,Accessories,Keyboard,Dell,4,1764.5,0.19,0.18,6746.04,Debit Card,In-Store,EMP344,1,0,Express,7,USD
ORD137762,21-04-2024,BR30,India,Delhi,CUST6758,PROD568,Laptop,Dell XPS 13,Sony,4,771.39,0.02,0.18,3568.14,Debit Card,In-Store,EMP947,2,1,Express,7,GBP
ORD137763,18-04-2024,BR48,Germany,Berlin,CUST7498,PROD888,TV,Samsung QLED 50,LG,3,382.75,0.01,0.18,1341.39,Net Banking,Online,EMP732,3,0,Express,8,AED
ORD137764,13-05-2024,BR59,Germany,Berlin,CUST2098,PROD172,Laptop,Dell XPS 13,Apple,3,1184.34,0.14,0.18,3605.6,Debit Card,In-Store,EMP788,3,1,Same Day,2,AED
ORD137765,04-03-2024,BR36,UAE,Dubai,CUST2483,PROD212,Accessories,Wireless Mouse,HP,2,724.03,0.25,0.18,1281.53,Net Banking,Online,EMP689,0,1,Standard,8,AED
ORD137766,14-11-2024,BR103,USA,Dallas,CUST6902,PROD966,Laptop,MacBook Air M2,Apple,5,1861.38,0.24,0.18,8346.43,UPI,In-Store,EMP542,3,0,Standard,10,USD
ORD137767,25-06-2024,BR57,UAE,Abu Dhabi,CUST8816,PROD268,Laptop,Dell XPS 13,Apple,3,736.61,0.05,0.18,2477.22,Debit Card,Online,EMP666,0,0,Same Day,5,AED
ORD137768,06-06-2023,BR2,UK,London,CUST1687,PROD173,Tablet,Samsung Galaxy Tab,Samsung,2,1052.26,0,0.18,2483.33,Net Banking,In-Store,EMP991,1,0,Standard,1,INR
ORD137769,08-08-2023,BR74,UAE,Abu Dhabi,CUST9178,PROD754,TV,Sony Bravia 55,LG,1,654.88,0.09,0.18,703.21,Cash,In-Store,EMP833,2,1,Express,3,EUR
ORD137770,10-03-2023,BR80,India,Pune,CUST1456,PROD417,Laptop,Dell XPS 13,Sony,1,1365.66,0.29,0.18,1144.15,Credit Card,Online,EMP823,3,1,Same Day,3,GBP
ORD137771,11-10-2023,BR92,Germany,Hamburg,CUST9121,PROD267,Tablet,iPad Air,Lenovo,3,1784.31,0.03,0.18,6126.96,Net Banking,Online,EMP377,1,0,Standard,7,USD
ORD137772,13-10-2023,BR42,UK,Manchester,CUST3865,PROD432,Mobile,iPhone 14,OnePlus,5,1559.51,0.22,0.18,7176.87,Credit Card,In-Store,EMP377,2,1,Same Day,6,AED
ORD137773,10-09-2023,BR43,India,Delhi,CUST4354,PROD409,TV,LG OLED 48,Apple,4,1707.88,0.14,0.18,6932.63,Credit Card,In-Store,EMP252,3,1,Standard,5,INR
ORD137774,10-05-2023,BR58,UK,Manchester,CUST1869,PROD724,TV,Sony Bravia 55,HP,5,563.42,0.14,0.18,2858.79,Credit Card,Online,EMP884,1,0,Standard,4,GBP
ORD137775,07-08-2023,BR109,USA,Chicago,CUST3186,PROD964,Laptop,Dell XPS 13,Apple,5,955.72,0.23,0.18,4341.84,Cash,Online,EMP859,3,0,Same Day,10,INR
ORD137776,20-12-2023,BR31,India,Pune,CUST2789,PROD349,Laptop,Dell XPS 13,Dell,3,837.3,0.2,0.18,2371.23,Cash,In-Store,EMP648,3,1,Standard,6,INR
ORD137777,13-01-2023,BR56,USA,Los Angeles,CUST6961,PROD130,Accessories,Wireless Mouse,Dell,1,331.34,0.14,0.18,336.24,UPI,Online,EMP966,3,0,Standard,1,EUR
ORD137778,09-06-2024,BR116,Germany,Hamburg,CUST6415,PROD231,Tablet,Samsung Galaxy Tab,LG,5,1861.92,0.13,0.18,9557.24,Net Banking,Online,EMP211,0,1,Same Day,6,INR
ORD137779,22-07-2023,BR20,Germany,Berlin,CUST7512,PROD794,Accessories,Wireless Mouse,OnePlus,5,1452.51,0.12,0.18,7541.43,Net Banking,Online,EMP293,2,1,Same Day,3,INR
ORD137780,03-02-2024,BR50,Germany,Berlin,CUST8787,PROD439,Accessories,Wireless Mouse,Dell,4,312.15,0.26,0.18,1090.28,Debit Card,Online,EMP254,2,0,Same Day,4,GBP
ORD137781,19-04-2023,BR37,India,Mumbai,CUST8785,PROD351,Laptop,Dell XPS 13,OnePlus,5,600.12,0.25,0.18,2655.53,Debit Card,Online,EMP878,1,1,Express,5,EUR
ORD137782,29-10-2023,BR48,USA,New York,CUST2928,PROD115,Tablet,iPad Air,HP,4,1579.02,0.02,0.18,7303.91,UPI,Online,EMP843,0,1,Same Day,9,USD
ORD137783,28-05-2023,BR96,USA,Los Angeles,CUST6539,PROD633,Laptop,MacBook Air M2,LG,2,1000.48,0.07,0.18,2195.85,Net Banking,Online,EMP747,3,0,Standard,5,EUR
ORD137784,02-01-2024,BR74,India,Mumbai,CUST1250,PROD659,Laptop,HP Spectre x360,Apple,3,931.71,0.04,0.18,3166.32,Credit Card,In-Store,EMP745,2,0,Same Day,5,EUR
ORD137785,16-01-2024,BR80,UK,Manchester,CUST3211,PROD898,Accessories,Wireless Mouse,Dell,3,1135.47,0.15,0.18,3416.63,Debit Card,Online,EMP612,0,1,Same Day,1,INR
ORD137786,24-05-2023,BR114,Germany,Munich,CUST7002,PROD416,Laptop,HP Spectre x360,Lenovo,1,1366.38,0.07,0.18,1499.47,Net Banking,Online,EMP499,2,0,Same Day,9,AED
ORD137787,25-12-2024,BR120,Germany,Berlin,CUST3981,PROD247,Tablet,Samsung Galaxy Tab,OnePlus,4,1291.24,0.25,0.18,4570.99,Credit Card,Online,EMP824,0,1,Same Day,5,AED
ORD137788,10-04-2023,BR84,USA,Los Angeles,CUST7445,PROD691,Laptop,HP Spectre x360,Dell,1,1094.71,0.15,0.18,1097.99,UPI,In-Store,EMP697,0,1,Express,8,EUR
ORD137789,18-03-2023,BR46,India,Pune,CUST1352,PROD246,Tablet,Lenovo Tab P11,HP,2,77.17,0.18,0.18,149.34,Net Banking,Online,EMP787,3,1,Express,5,USD
ORD137790,04-01-2023,BR86,USA,Chicago,CUST6341,PROD216,Accessories,Bluetooth Headphones,Sony,5,1917.98,0.28,0.18,8147.58,Debit Card,Online,EMP402,0,0,Express,3,AED
ORD137791,26-07-2024,BR62,UK,Manchester,CUST1149,PROD266,TV,LG OLED 48,Sony,3,674.89,0.25,0.18,1791.83,Debit Card,In-Store,EMP726,3,0,Express,4,AED
ORD137792,14-02-2024,BR87,Germany,Berlin,CUST9913,PROD369,Tablet,Samsung Galaxy Tab,HP,4,605.85,0.09,0.18,2602.25,Cash,Online,EMP828,3,1,Standard,3,EUR
ORD137793,19-08-2023,BR111,UK,London,CUST5731,PROD405,Accessories,Keyboard,Dell,3,226.95,0.25,0.18,602.55,Debit Card,In-Store,EMP676,3,0,Standard,8,AED
ORD137794,30-04-2023,BR67,UAE,Dubai,CUST5322,PROD972,Tablet,Lenovo Tab P11,Sony,5,564.89,0.29,0.18,2366.32,UPI,In-Store,EMP950,0,1,Same Day,3,INR
ORD137795,08-09-2023,BR116,India,Pune,CUST8668,PROD708,Tablet,iPad Air,Apple,1,1949.21,0.08,0.18,2116.06,UPI,In-Store,EMP971,2,0,Standard,6,USD
ORD137796,11-05-2023,BR27,UK,London,CUST7527,PROD328,Laptop,HP Spectre x360,LG,2,362.99,0.09,0.18,779.56,Cash,In-Store,EMP382,2,1,Express,6,INR
ORD137797,21-10-2024,BR25,UK,London,CUST8018,PROD845,Accessories,Bluetooth Headphones,Lenovo,1,1746.15,0.14,0.18,1771.99,UPI,In-Store,EMP536,1,0,Standard,2,GBP
ORD137798,26-05-2024,BR38,India,Bangalore,CUST1091,PROD939,Mobile,iPhone 14,Apple,3,1829.41,0.24,0.18,4921.84,Credit Card,Online,EMP342,0,0,Standard,10,GBP
ORD137799,16-10-2024,BR67,Germany,Berlin,CUST4286,PROD569,Laptop,MacBook Air M2,Apple,4,1400.72,0.27,0.18,4826.32,Cash,Online,EMP604,2,1,Same Day,9,EUR
ORD137800,16-11-2024,BR98,UAE,Abu Dhabi,CUST5026,PROD734,Laptop,MacBook Air M2,HP,5,1786.13,0.15,0.18,8957.44,Debit Card,In-Store,EMP315,2,1,Same Day,8,INR
ORD137801,26-04-2024,BR94,UAE,Dubai,CUST6926,PROD805,Laptop,Dell XPS 13,HP,3,805.15,0.24,0.18,2166.18,Debit Card,Online,EMP678,0,1,Same Day,7,EUR
ORD137802,21-12-2023,BR35,Germany,Munich,CUST6940,PROD650,Tablet,Samsung Galaxy Tab,OnePlus,1,1890.37,0.19,0.18,1806.82,UPI,In-Store,EMP309,3,1,Same Day,7,GBP
ORD137803,11-02-2024,BR29,UK,Birmingham,CUST9558,PROD424,Laptop,HP Spectre x360,Samsung,5,1137.68,0.21,0.18,5302.73,Credit Card,Online,EMP320,1,0,Standard,2,GBP
ORD137804,10-06-2023,BR14,UAE,Dubai,CUST8243,PROD199,TV,Sony Bravia 55,Lenovo,4,995.56,0.14,0.18,4041.18,Credit Card,In-Store,EMP337,2,1,Standard,3,INR
ORD137805,16-06-2023,BR76,USA,Dallas,CUST2328,PROD552,Laptop,HP Spectre x360,Sony,2,1886.73,0.27,0.18,3250.46,UPI,In-Store,EMP943,1,0,Same Day,6,GBP
ORD137806,18-07-2024,BR3,Germany,Hamburg,CUST7872,PROD438,TV,LG OLED 48,Dell,3,893.36,0.06,0.18,2972.74,Cash,Online,EMP315,0,1,Same Day,3,GBP
ORD137807,20-11-2024,BR35,UAE,Abu Dhabi,CUST5173,PROD509,Laptop,MacBook Air M2,LG,4,1898.86,0.1,0.18,8066.36,UPI,In-Store,EMP384,1,1,Standard,8,INR
ORD137808,18-02-2024,BR2,Germany,Berlin,CUST1939,PROD683,Mobile,Samsung Galaxy S23,Dell,5,1061,0.12,0.18,5508.71,UPI,In-Store,EMP253,3,1,Express,3,EUR
ORD137809,17-09-2023,BR49,India,Bangalore,CUST9949,PROD642,Accessories,Wireless Mouse,LG,3,952.04,0.2,0.18,2696.18,UPI,In-Store,EMP373,2,1,Same Day,3,GBP
ORD137810,21-11-2023,BR89,UK,Manchester,CUST9298,PROD556,Accessories,Keyboard,Sony,5,89.4,0.02,0.18,516.91,Net Banking,Online,EMP249,3,1,Same Day,5,AED
ORD137811,22-06-2023,BR80,USA,New York,CUST5412,PROD114,Mobile,iPhone 14,Apple,5,945.55,0.3,0.18,3905.12,Cash,In-Store,EMP794,1,1,Same Day,7,EUR
ORD137812,07-05-2023,BR49,UK,Manchester,CUST6595,PROD893,Laptop,MacBook Air M2,Lenovo,2,1525.75,0.28,0.18,2592.55,UPI,In-Store,EMP718,2,0,Express,5,GBP
ORD137813,21-10-2024,BR46,USA,Chicago,CUST5481,PROD628,Mobile,OnePlus 11,Lenovo,4,248.12,0.19,0.18,948.61,Debit Card,In-Store,EMP550,2,0,Standard,9,INR
ORD137814,20-10-2024,BR62,India,Mumbai,CUST4292,PROD367,TV,Samsung QLED 50,Dell,3,1531.53,0.28,0.18,3903.56,Cash,Online,EMP292,2,0,Same Day,6,GBP
ORD137815,27-09-2023,BR70,USA,New York,CUST8486,PROD828,Mobile,iPhone 14,LG,1,617.69,0.2,0.18,583.1,Credit Card,In-Store,EMP832,1,1,Standard,9,GBP
ORD137816,02-01-2024,BR103,UAE,Dubai,CUST3229,PROD980,Accessories,Bluetooth Headphones,HP,2,284.94,0.27,0.18,490.89,UPI,Online,EMP377,2,1,Same Day,6,USD
ORD137817,26-02-2024,BR116,India,Bangalore,CUST6827,PROD953,Accessories,Keyboard,Samsung,2,1239.27,0.12,0.18,2573.72,Cash,Online,EMP228,0,0,Express,2,EUR
ORD137818,27-12-2024,BR65,USA,Chicago,CUST9686,PROD486,Laptop,Dell XPS 13,HP,3,1910.29,0.25,0.18,5071.82,Debit Card,Online,EMP756,2,0,Express,2,AED
ORD137819,05-03-2023,BR21,UK,Manchester,CUST2496,PROD578,TV,Sony Bravia 55,OnePlus,1,55.18,0.03,0.18,63.16,Credit Card,Online,EMP239,2,0,Same Day,4,INR
ORD137820,21-02-2024,BR113,UK,Manchester,CUST8355,PROD279,Tablet,iPad Air,OnePlus,1,1166.51,0.18,0.18,1128.72,UPI,Online,EMP650,0,1,Express,2,EUR
ORD137821,11-02-2024,BR75,USA,New York,CUST8321,PROD476,TV,Samsung QLED 50,Apple,5,1520.13,0.29,0.18,6367.82,Debit Card,In-Store,EMP284,0,1,Express,8,INR
ORD137822,04-06-2024,BR64,UK,London,CUST6236,PROD742,Accessories,Wireless Mouse,Apple,4,1614.11,0.25,0.18,5713.95,Credit Card,Online,EMP579,2,1,Standard,1,GBP
ORD137823,22-09-2024,BR103,UK,Manchester,CUST1694,PROD804,TV,LG OLED 48,Lenovo,4,680.58,0.2,0.18,2569.87,Cash,Online,EMP842,3,0,Same Day,5,INR
ORD137824,24-06-2023,BR73,India,Pune,CUST9979,PROD725,Tablet,Lenovo Tab P11,Dell,3,1918.43,0.06,0.18,6383.77,UPI,Online,EMP425,3,1,Same Day,6,GBP
ORD137825,20-05-2024,BR74,USA,Los Angeles,CUST3606,PROD832,TV,Sony Bravia 55,Apple,3,398.3,0.28,0.18,1015.19,Cash,In-Store,EMP499,2,1,Express,7,AED
ORD137826,12-11-2024,BR46,Germany,Munich,CUST2093,PROD930,Accessories,Keyboard,OnePlus,5,188.22,0.01,0.18,1099.39,UPI,In-Store,EMP271,2,1,Same Day,6,EUR
ORD137827,01-04-2024,BR96,UK,London,CUST7420,PROD895,Accessories,Wireless Mouse,HP,4,1376.27,0.02,0.18,6366.07,Cash,In-Store,EMP715,2,1,Express,2,GBP
ORD137828,16-06-2023,BR15,Germany,Munich,CUST3263,PROD960,TV,LG OLED 48,Samsung,4,264.39,0.1,0.18,1123.13,Cash,In-Store,EMP870,1,0,Standard,4,AED
ORD137829,12-02-2023,BR90,USA,Los Angeles,CUST7222,PROD565,TV,Sony Bravia 55,Lenovo,4,218.41,0.07,0.18,958.73,UPI,In-Store,EMP909,0,1,Same Day,2,INR
ORD137830,09-07-2024,BR45,India,Delhi,CUST4409,PROD342,Mobile,OnePlus 11,OnePlus,5,1676.27,0.25,0.18,7417.49,Credit Card,In-Store,EMP634,2,0,Standard,8,USD
ORD137831,01-11-2024,BR73,UK,Manchester,CUST5164,PROD917,TV,Sony Bravia 55,Apple,1,1602.2,0.14,0.18,1625.91,Credit Card,Online,EMP609,1,0,Standard,8,GBP
ORD137832,07-08-2023,BR25,Germany,Munich,CUST2160,PROD185,Mobile,OnePlus 11,Samsung,2,1944.56,0.15,0.18,3900.79,Debit Card,Online,EMP528,1,1,Express,6,USD
ORD137833,05-05-2023,BR48,USA,Los Angeles,CUST8375,PROD336,TV,Sony Bravia 55,Sony,5,782.35,0,0.18,4615.86,Credit Card,Online,EMP675,0,1,Same Day,9,AED
ORD137834,02-05-2023,BR107,Germany,Hamburg,CUST3637,PROD886,Accessories,Keyboard,LG,2,1144.6,0.13,0.18,2350.09,Net Banking,Online,EMP221,3,0,Express,4,AED
ORD137835,08-09-2024,BR56,USA,Los Angeles,CUST1032,PROD627,TV,LG OLED 48,LG,4,379.94,0.18,0.18,1470.52,Credit Card,In-Store,EMP656,2,0,Express,3,GBP
ORD137836,07-01-2023,BR13,India,Pune,CUST9184,PROD390,Laptop,HP Spectre x360,OnePlus,2,214.2,0.11,0.18,449.91,UPI,In-Store,EMP269,3,1,Standard,8,AED
ORD137837,17-06-2024,BR111,Germany,Berlin,CUST3227,PROD175,Accessories,Bluetooth Headphones,Samsung,5,333.65,0.25,0.18,1476.4,Credit Card,In-Store,EMP266,0,1,Standard,6,USD
ORD137838,06-12-2024,BR15,UAE,Abu Dhabi,CUST1355,PROD116,TV,LG OLED 48,Dell,4,381.4,0.21,0.18,1422.16,Credit Card,In-Store,EMP325,3,0,Same Day,9,AED
ORD137839,27-06-2023,BR8,USA,Los Angeles,CUST3936,PROD528,Laptop,MacBook Air M2,Apple,1,1317.39,0.12,0.18,1367.98,Credit Card,Online,EMP883,2,0,Standard,6,INR
ORD137840,26-12-2024,BR59,UAE,Dubai,CUST6647,PROD279,Mobile,OnePlus 11,OnePlus,4,1888.26,0.11,0.18,7932.2,Credit Card,In-Store,EMP887,0,1,Same Day,5,EUR
ORD137841,28-01-2023,BR22,Germany,Berlin,CUST8590,PROD161,TV,Samsung QLED 50,Dell,3,1226.75,0.03,0.18,4212.41,Cash,Online,EMP781,0,1,Same Day,10,EUR
ORD137842,16-04-2024,BR5,UAE,Abu Dhabi,CUST5415,PROD467,Accessories,Keyboard,Apple,5,1140.99,0.23,0.18,5183.52,UPI,In-Store,EMP737,0,1,Standard,9,GBP
ORD137843,30-11-2023,BR49,India,Delhi,CUST7454,PROD118,Accessories,Wireless Mouse,Sony,2,131.92,0.26,0.18,230.39,Debit Card,In-Store,EMP538,1,1,Same Day,4,GBP
ORD137844,18-05-2024,BR5,UAE,Abu Dhabi,CUST1671,PROD465,Mobile,Samsung Galaxy S23,HP,5,1722.36,0.19,0.18,8231.16,UPI,In-Store,EMP613,1,0,Same Day,10,INR
ORD137845,08-04-2023,BR7,Germany,Munich,CUST7585,PROD772,Accessories,Bluetooth Headphones,HP,2,1545.51,0.23,0.18,2808.5,Debit Card,In-Store,EMP202,2,0,Same Day,9,AED
ORD137846,18-08-2024,BR50,Germany,Hamburg,CUST9859,PROD210,Mobile,OnePlus 11,Samsung,3,1899.34,0.22,0.18,5244.46,Cash,In-Store,EMP454,3,0,Same Day,2,GBP
ORD137847,14-02-2024,BR104,UK,Manchester,CUST7499,PROD251,Tablet,Lenovo Tab P11,Samsung,4,62.1,0.21,0.18,231.56,UPI,Online,EMP843,2,0,Same Day,6,GBP
ORD137848,16-02-2024,BR116,USA,New York,CUST6022,PROD573,Laptop,MacBook Air M2,Apple,2,1294.75,0.28,0.18,2200.04,Net Banking,Online,EMP992,1,1,Express,7,EUR
ORD137849,21-06-2024,BR83,Germany,Munich,CUST9523,PROD114,Laptop,HP Spectre x360,Apple,3,191.24,0.04,0.18,649.91,UPI,Online,EMP723,0,1,Express,5,INR
ORD137850,14-07-2023,BR97,UK,London,CUST4847,PROD200,Accessories,Bluetooth Headphones,Samsung,3,1457.59,0.08,0.18,4747.08,UPI,Online,EMP419,1,1,Standard,10,INR
ORD137851,03-11-2024,BR56,Germany,Hamburg,CUST6431,PROD494,Accessories,Keyboard,HP,4,428.82,0.26,0.18,1497.78,Debit Card,Online,EMP856,2,1,Same Day,9,AED
ORD137852,24-03-2023,BR8,Germany,Berlin,CUST2837,PROD769,Mobile,Samsung Galaxy S23,OnePlus,2,1279.05,0.05,0.18,2867.63,Credit Card,In-Store,EMP615,1,0,Express,1,EUR
ORD137853,06-08-2023,BR112,USA,Los Angeles,CUST1869,PROD787,TV,Sony Bravia 55,Lenovo,4,1826.71,0.18,0.18,7070.1,Net Banking,Online,EMP351,1,0,Express,2,USD
ORD137854,06-06-2024,BR69,Germany,Berlin,CUST3840,PROD315,Accessories,Wireless Mouse,Apple,2,1127.29,0.16,0.18,2234.74,UPI,Online,EMP294,0,0,Express,9,INR
ORD137855,24-10-2024,BR56,UK,London,CUST2437,PROD711,Accessories,Bluetooth Headphones,Dell,5,1489,0.24,0.18,6676.68,UPI,Online,EMP977,0,0,Express,4,GBP
ORD137856,01-02-2023,BR11,USA,Chicago,CUST8752,PROD107,Mobile,OnePlus 11,Apple,3,974.68,0.04,0.18,3312.35,Credit Card,In-Store,EMP576,2,0,Standard,9,GBP
ORD137857,25-10-2024,BR54,USA,New York,CUST9740,PROD189,Accessories,Keyboard,LG,1,957.19,0.16,0.18,948.77,Debit Card,Online,EMP904,0,0,Express,9,AED
ORD137858,20-06-2023,BR66,India,Delhi,CUST7013,PROD749,Accessories,Wireless Mouse,Sony,3,442.98,0.28,0.18,1129.07,Credit Card,Online,EMP283,0,1,Express,4,USD
ORD137859,07-05-2023,BR101,UAE,Dubai,CUST4145,PROD802,Laptop,MacBook Air M2,Dell,5,751.92,0.27,0.18,3238.52,UPI,In-Store,EMP973,3,1,Express,1,EUR
ORD137860,15-09-2023,BR99,UK,Birmingham,CUST2918,PROD485,Tablet,Lenovo Tab P11,Sony,5,313.02,0.2,0.18,1477.45,Debit Card,In-Store,EMP899,0,0,Express,3,GBP
ORD137861,02-03-2023,BR49,India,Pune,CUST9572,PROD907,TV,Sony Bravia 55,LG,1,439.27,0.07,0.18,482.05,Net Banking,Online,EMP507,0,1,Express,1,GBP
ORD137862,11-12-2023,BR33,UAE,Dubai,CUST4882,PROD678,Accessories,Keyboard,LG,1,96.37,0.26,0.18,84.15,Debit Card,In-Store,EMP231,2,1,Standard,3,INR
ORD137863,16-04-2023,BR117,India,Mumbai,CUST3966,PROD972,TV,LG OLED 48,Sony,4,1794.94,0.24,0.18,6438.81,UPI,In-Store,EMP596,3,0,Express,4,INR
ORD137864,18-05-2023,BR114,Germany,Hamburg,CUST4427,PROD533,Accessories,Bluetooth Headphones,OnePlus,3,1677.17,0.08,0.18,5462.21,UPI,Online,EMP368,0,0,Standard,1,EUR
ORD137865,07-02-2023,BR74,India,Delhi,CUST2520,PROD325,Mobile,OnePlus 11,Samsung,3,239.46,0.09,0.18,771.4,Cash,In-Store,EMP881,3,1,Express,9,GBP
ORD137866,15-01-2024,BR23,USA,New York,CUST1624,PROD791,Tablet,iPad Air,Dell,4,629.62,0.18,0.18,2436.88,Net Banking,Online,EMP212,0,0,Standard,2,USD
ORD137867,16-01-2023,BR111,India,Delhi,CUST4159,PROD613,Mobile,OnePlus 11,Dell,1,1681.85,0.16,0.18,1667.05,Net Banking,Online,EMP284,3,1,Same Day,9,GBP
ORD137868,21-04-2024,BR9,Germany,Hamburg,CUST4978,PROD220,Accessories,Wireless Mouse,OnePlus,4,1058.53,0.05,0.18,4746.45,Credit Card,Online,EMP420,3,1,Express,7,INR
ORD137869,27-04-2024,BR102,India,Bangalore,CUST5840,PROD365,Mobile,Samsung Galaxy S23,LG,2,299.34,0.23,0.18,543.96,Cash,Online,EMP317,2,0,Same Day,10,GBP
ORD137870,03-04-2024,BR113,USA,Dallas,CUST3923,PROD400,Accessories,Wireless Mouse,Samsung,1,66.94,0.11,0.18,70.3,Credit Card,Online,EMP358,1,1,Express,7,AED
ORD137871,10-11-2024,BR71,Germany,Munich,CUST8050,PROD131,Mobile,iPhone 14,Samsung,3,1545.39,0.04,0.18,5251.85,Net Banking,Online,EMP979,0,0,Express,3,AED
ORD137872,26-08-2023,BR80,USA,Los Angeles,CUST5847,PROD690,TV,Sony Bravia 55,HP,2,958.63,0.23,0.18,1742.02,Debit Card,Online,EMP278,2,1,Same Day,3,AED
ORD137873,23-04-2024,BR18,Germany,Munich,CUST9693,PROD542,Mobile,Samsung Galaxy S23,Dell,1,1781.28,0.12,0.18,1849.68,Debit Card,In-Store,EMP650,3,1,Standard,2,USD
ORD137874,20-03-2023,BR42,India,Pune,CUST7051,PROD642,Mobile,iPhone 14,Samsung,3,635.35,0.01,0.18,2226.65,Net Banking,Online,EMP437,3,1,Standard,10,INR
ORD137875,23-12-2024,BR51,Germany,Berlin,CUST7155,PROD333,Laptop,Dell XPS 13,OnePlus,1,1639.81,0.21,0.18,1528.63,UPI,In-Store,EMP652,2,0,Express,3,EUR
ORD137876,03-11-2023,BR35,Germany,Munich,CUST6567,PROD243,Mobile,iPhone 14,Dell,2,526.96,0.01,0.18,1231.19,UPI,Online,EMP714,0,0,Standard,1,GBP
ORD137877,11-05-2023,BR66,UAE,Dubai,CUST3074,PROD269,Tablet,Samsung Galaxy Tab,Apple,2,431.36,0.25,0.18,763.51,Debit Card,In-Store,EMP391,1,1,Express,8,AED
ORD137878,17-09-2023,BR117,UAE,Abu Dhabi,CUST5411,PROD412,TV,Samsung QLED 50,Dell,2,1639.4,0.18,0.18,3172.57,Debit Card,Online,EMP952,3,0,Express,10,USD
ORD137879,07-06-2023,BR50,UK,Manchester,CUST1796,PROD344,Accessories,Bluetooth Headphones,LG,4,1886.79,0.25,0.18,6679.24,Credit Card,In-Store,EMP510,3,1,Express,7,GBP
ORD137880,09-10-2023,BR58,USA,Los Angeles,CUST7433,PROD104,TV,LG OLED 48,Dell,2,1721.35,0.23,0.18,3128.04,Cash,Online,EMP915,3,0,Express,10,AED
ORD137881,31-05-2023,BR14,USA,Dallas,CUST3362,PROD200,Laptop,HP Spectre x360,OnePlus,2,278.91,0.18,0.18,539.75,Debit Card,Online,EMP689,2,0,Express,9,USD
ORD137882,18-11-2024,BR64,USA,Chicago,CUST7208,PROD365,Mobile,Samsung Galaxy S23,Dell,2,1978.43,0.12,0.18,4108.8,Debit Card,In-Store,EMP672,3,0,Express,3,AED
ORD137883,30-12-2024,BR23,USA,Dallas,CUST1136,PROD226,Accessories,Bluetooth Headphones,OnePlus,4,651.88,0.04,0.18,2953.8,Cash,In-Store,EMP651,1,0,Express,7,INR
ORD137884,11-10-2023,BR13,UK,Manchester,CUST2032,PROD455,TV,LG OLED 48,Dell,5,1542.12,0.28,0.18,6550.93,Credit Card,Online,EMP979,3,1,Standard,8,EUR
ORD137885,23-05-2023,BR73,UK,Birmingham,CUST9471,PROD597,Tablet,Samsung Galaxy Tab,Samsung,3,390.78,0.19,0.18,1120.52,Net Banking,Online,EMP928,2,0,Same Day,10,AED
ORD137886,26-07-2023,BR65,USA,Dallas,CUST1163,PROD980,Tablet,iPad Air,Samsung,3,615.86,0.29,0.18,1547.9,Credit Card,Online,EMP864,0,0,Standard,8,EUR
ORD137887,17-09-2024,BR77,USA,New York,CUST4140,PROD538,Tablet,iPad Air,Lenovo,4,1543.81,0.09,0.18,6630.97,Cash,Online,EMP457,3,0,Express,9,GBP
ORD137888,27-04-2023,BR9,USA,Dallas,CUST3053,PROD469,Mobile,Samsung Galaxy S23,HP,3,1515.9,0.2,0.18,4293.03,Debit Card,In-Store,EMP969,1,0,Express,6,INR
ORD137889,22-06-2024,BR88,UK,Birmingham,CUST2512,PROD121,Accessories,Keyboard,Apple,1,1766.5,0.24,0.18,1584.2,Cash,In-Store,EMP526,0,1,Same Day,8,EUR
ORD137890,03-05-2024,BR34,UAE,Dubai,CUST4115,PROD368,Mobile,Samsung Galaxy S23,Dell,5,1778.17,0.09,0.18,9546.99,Cash,Online,EMP933,0,0,Same Day,10,AED
ORD137891,02-12-2023,BR74,India,Delhi,CUST1748,PROD391,Accessories,Keyboard,OnePlus,1,802.14,0.14,0.18,814.01,Credit Card,Online,EMP798,0,0,Standard,4,AED
ORD137892,29-05-2024,BR66,UK,Manchester,CUST6053,PROD255,Tablet,iPad Air,OnePlus,4,1175.22,0.15,0.18,4714.98,Net Banking,Online,EMP901,3,0,Standard,6,USD
ORD137893,11-03-2024,BR61,Germany,Hamburg,CUST9433,PROD337,TV,Sony Bravia 55,Lenovo,5,1174.23,0.17,0.18,5750.2,UPI,In-Store,EMP312,2,0,Express,10,USD
ORD137894,08-07-2023,BR71,UAE,Abu Dhabi,CUST9018,PROD784,Laptop,Dell XPS 13,Lenovo,2,510.93,0.05,0.18,1145.51,Cash,Online,EMP243,0,0,Standard,10,INR
ORD137895,12-01-2023,BR115,USA,Dallas,CUST8820,PROD829,Tablet,iPad Air,Samsung,5,248.91,0.13,0.18,1277.66,Debit Card,Online,EMP525,2,1,Express,8,AED
ORD137896,22-08-2023,BR47,India,Bangalore,CUST4129,PROD832,Accessories,Keyboard,LG,3,1829.04,0.25,0.18,4856.1,Cash,Online,EMP645,1,1,Standard,10,INR
ORD137897,14-06-2024,BR55,UK,Birmingham,CUST4965,PROD563,Accessories,Bluetooth Headphones,Apple,2,1915.27,0.19,0.18,3661.23,Credit Card,In-Store,EMP242,3,0,Same Day,7,INR
ORD137898,17-03-2024,BR96,UAE,Abu Dhabi,CUST9228,PROD230,Accessories,Wireless Mouse,HP,3,1716,0.16,0.18,5102.7,UPI,In-Store,EMP640,2,0,Same Day,6,EUR
ORD137899,26-01-2023,BR44,UK,Birmingham,CUST2953,PROD179,Laptop,MacBook Air M2,Apple,2,792.21,0.07,0.18,1738.74,Credit Card,In-Store,EMP454,0,0,Standard,2,USD
ORD137900,17-05-2024,BR110,India,Delhi,CUST7296,PROD650,Laptop,Dell XPS 13,Apple,1,914.62,0.11,0.18,960.53,UPI,In-Store,EMP404,2,1,Standard,2,GBP
ORD137901,17-07-2023,BR105,USA,Chicago,CUST4828,PROD682,Tablet,Samsung Galaxy Tab,Samsung,1,805.64,0.28,0.18,684.47,UPI,Online,EMP655,0,0,Same Day,3,INR
ORD137902,17-10-2024,BR35,UAE,Abu Dhabi,CUST3644,PROD829,Laptop,HP Spectre x360,Sony,3,337.52,0.18,0.18,979.75,Cash,In-Store,EMP461,1,1,Same Day,4,EUR
ORD137903,08-11-2024,BR51,India,Mumbai,CUST7350,PROD650,Accessories,Bluetooth Headphones,Sony,1,1878.89,0.28,0.18,1596.3,Debit Card,Online,EMP658,0,0,Express,8,EUR
ORD137904,28-10-2024,BR2,Germany,Hamburg,CUST5886,PROD396,TV,Samsung QLED 50,Dell,3,495.5,0.21,0.18,1385.72,Credit Card,Online,EMP234,0,1,Same Day,7,GBP
ORD137905,25-01-2023,BR41,Germany,Berlin,CUST4362,PROD257,Mobile,iPhone 14,OnePlus,2,1352.25,0.21,0.18,2521.13,Net Banking,Online,EMP719,1,0,Standard,10,GBP
ORD137906,14-12-2023,BR114,India,Pune,CUST6258,PROD456,Laptop,HP Spectre x360,HP,5,1805.4,0.16,0.18,8947.56,UPI,Online,EMP461,0,0,Express,4,INR
ORD137907,05-04-2023,BR71,India,Pune,CUST8237,PROD238,Accessories,Wireless Mouse,HP,5,63.97,0.07,0.18,351,Cash,In-Store,EMP225,2,1,Express,4,INR
ORD137908,26-05-2024,BR52,UAE,Abu Dhabi,CUST7797,PROD645,Tablet,Samsung Galaxy Tab,OnePlus,3,1466.19,0.14,0.18,4463.67,Cash,In-Store,EMP485,0,1,Standard,2,GBP
ORD137909,22-05-2023,BR34,USA,Chicago,CUST5921,PROD103,TV,Samsung QLED 50,Sony,5,366.42,0.07,0.18,2010.55,UPI,Online,EMP824,2,1,Express,3,AED
ORD137910,03-05-2023,BR60,UK,Birmingham,CUST6595,PROD830,Mobile,OnePlus 11,OnePlus,5,296,0.29,0.18,1239.94,Cash,Online,EMP499,2,1,Same Day,7,GBP
ORD137911,21-03-2023,BR44,Germany,Berlin,CUST1073,PROD458,TV,LG OLED 48,Dell,1,112.19,0.14,0.18,113.85,Net Banking,In-Store,EMP933,0,0,Standard,4,GBP
ORD137912,10-02-2024,BR68,UK,Birmingham,CUST4667,PROD266,TV,Samsung QLED 50,Sony,4,1690.87,0.14,0.18,6863.58,Cash,In-Store,EMP405,3,0,Standard,5,EUR
ORD137913,20-10-2024,BR73,India,Bangalore,CUST1316,PROD199,Mobile,iPhone 14,Lenovo,1,558.87,0,0.18,659.47,UPI,Online,EMP330,2,1,Same Day,9,GBP
ORD137914,05-08-2024,BR27,UK,Manchester,CUST9111,PROD949,TV,Samsung QLED 50,Samsung,3,516.97,0.02,0.18,1793.47,Cash,Online,EMP569,0,1,Standard,8,EUR
ORD137915,16-05-2023,BR2,UAE,Abu Dhabi,CUST5580,PROD738,Mobile,OnePlus 11,Apple,4,1024.17,0.14,0.18,4157.31,Net Banking,Online,EMP417,0,1,Express,6,GBP
ORD137916,16-10-2024,BR65,UK,Birmingham,CUST6411,PROD986,Tablet,Samsung Galaxy Tab,OnePlus,2,589.33,0.11,0.18,1237.83,Debit Card,Online,EMP841,2,0,Same Day,10,AED
ORD137917,30-09-2023,BR78,UAE,Dubai,CUST2750,PROD831,Mobile,iPhone 14,Sony,3,795.19,0.14,0.18,2420.88,Debit Card,In-Store,EMP927,0,1,Standard,10,GBP
ORD137918,11-02-2024,BR8,India,Bangalore,CUST8751,PROD418,Accessories,Bluetooth Headphones,Sony,1,662.23,0.23,0.18,601.7,Cash,Online,EMP879,2,1,Same Day,4,AED
ORD137919,25-02-2023,BR47,USA,Dallas,CUST7905,PROD841,TV,LG OLED 48,HP,5,170.33,0.2,0.18,803.96,UPI,Online,EMP715,0,1,Express,2,GBP
ORD137920,29-08-2024,BR8,UK,London,CUST3605,PROD626,Mobile,OnePlus 11,Sony,5,469.54,0.16,0.18,2327.04,Credit Card,Online,EMP327,0,1,Express,10,INR
ORD137921,22-01-2024,BR105,India,Mumbai,CUST6369,PROD291,Accessories,Wireless Mouse,OnePlus,3,947.77,0.3,0.18,2348.57,Credit Card,In-Store,EMP623,1,1,Standard,10,INR
ORD137922,28-07-2023,BR13,India,Mumbai,CUST7248,PROD897,Laptop,HP Spectre x360,Sony,1,1777.47,0.04,0.18,2013.52,Cash,In-Store,EMP243,2,1,Express,8,INR
ORD137923,24-07-2024,BR13,UAE,Dubai,CUST3465,PROD784,Accessories,Wireless Mouse,Apple,1,504.43,0.12,0.18,523.8,Credit Card,Online,EMP426,0,0,Express,2,INR
ORD137924,21-05-2023,BR64,India,Mumbai,CUST6856,PROD641,Accessories,Wireless Mouse,Samsung,3,849.46,0.02,0.18,2946.95,Debit Card,Online,EMP616,1,0,Standard,3,AED
ORD137925,17-04-2023,BR48,UK,London,CUST6882,PROD611,Tablet,Lenovo Tab P11,HP,1,1593.42,0.01,0.18,1861.43,Cash,In-Store,EMP745,0,0,Express,6,GBP
ORD137926,31-12-2024,BR2,India,Delhi,CUST5375,PROD961,TV,Samsung QLED 50,Dell,2,501.48,0.14,0.18,1017.8,UPI,Online,EMP429,1,0,Standard,3,AED
ORD137927,02-07-2023,BR64,USA,New York,CUST2570,PROD639,TV,LG OLED 48,Apple,5,1549.16,0.01,0.18,9048.64,Debit Card,In-Store,EMP751,2,1,Express,8,GBP
ORD137928,08-07-2024,BR31,UAE,Dubai,CUST8241,PROD544,Tablet,Lenovo Tab P11,HP,1,67.77,0.16,0.18,67.17,Debit Card,In-Store,EMP234,1,1,Express,10,GBP
ORD137929,31-10-2023,BR88,India,Pune,CUST7181,PROD246,Mobile,iPhone 14,Samsung,4,1032.97,0.27,0.18,3559.2,UPI,In-Store,EMP826,0,1,Standard,5,GBP
ORD137930,17-04-2024,BR52,USA,Los Angeles,CUST3165,PROD423,Accessories,Bluetooth Headphones,HP,5,295.42,0.24,0.18,1324.66,Net Banking,Online,EMP982,1,0,Express,8,USD
ORD137931,23-12-2023,BR44,UAE,Dubai,CUST6595,PROD594,Mobile,iPhone 14,Apple,5,207.18,0.28,0.18,880.1,Net Banking,In-Store,EMP815,3,1,Same Day,5,EUR
ORD137932,24-11-2023,BR112,USA,Chicago,CUST1611,PROD510,Laptop,MacBook Air M2,Sony,2,1388.37,0.18,0.18,2686.77,Debit Card,In-Store,EMP604,0,0,Express,6,AED
ORD137933,26-06-2023,BR75,India,Delhi,CUST9503,PROD189,Laptop,HP Spectre x360,LG,3,242.27,0.15,0.18,728.99,Cash,Online,EMP659,2,1,Same Day,3,USD
ORD137934,27-11-2024,BR14,India,Mumbai,CUST6944,PROD999,Mobile,Samsung Galaxy S23,OnePlus,1,300.49,0.17,0.18,294.3,Cash,Online,EMP385,2,0,Same Day,8,EUR
ORD137935,13-09-2023,BR46,India,Pune,CUST6669,PROD225,Tablet,Lenovo Tab P11,Samsung,2,811.98,0.23,0.18,1475.53,Net Banking,In-Store,EMP432,2,1,Same Day,9,AED
ORD137936,02-03-2023,BR116,India,Bangalore,CUST7614,PROD601,Accessories,Wireless Mouse,HP,5,1813.13,0.28,0.18,7702.18,UPI,In-Store,EMP292,3,1,Express,8,INR
ORD137937,15-10-2023,BR75,UAE,Dubai,CUST2513,PROD851,Mobile,OnePlus 11,OnePlus,4,1010.36,0.16,0.18,4005.88,Credit Card,Online,EMP777,1,0,Same Day,5,INR
ORD137938,04-07-2024,BR106,India,Mumbai,CUST8745,PROD399,Accessories,Keyboard,HP,5,361.3,0.24,0.18,1620.07,Debit Card,In-Store,EMP954,1,0,Standard,3,USD
ORD137939,05-04-2023,BR62,India,Bangalore,CUST7746,PROD333,Laptop,HP Spectre x360,Samsung,3,429.14,0.27,0.18,1108.98,Debit Card,Online,EMP525,0,1,Express,8,USD
ORD137940,24-04-2023,BR2,USA,Chicago,CUST5014,PROD597,TV,Sony Bravia 55,Sony,3,136.78,0.18,0.18,397.04,Cash,In-Store,EMP706,2,1,Standard,7,GBP
ORD137941,14-05-2024,BR90,UK,Birmingham,CUST2812,PROD665,TV,LG OLED 48,Lenovo,2,1729.91,0.01,0.18,4041.76,Credit Card,Online,EMP437,2,0,Standard,5,EUR
ORD137942,29-07-2023,BR108,UK,London,CUST2884,PROD999,Laptop,Dell XPS 13,Apple,2,397.99,0.08,0.18,864.12,Credit Card,Online,EMP404,1,1,Express,10,AED
ORD137943,25-05-2023,BR77,India,Delhi,CUST2034,PROD758,Accessories,Keyboard,Lenovo,1,402.52,0.3,0.18,332.48,Net Banking,Online,EMP657,1,0,Same Day,1,GBP
ORD137944,14-03-2023,BR52,UAE,Dubai,CUST1695,PROD765,Tablet,Lenovo Tab P11,HP,4,1566.58,0.09,0.18,6728.77,Cash,In-Store,EMP571,3,0,Same Day,3,USD
ORD137945,09-11-2024,BR81,UK,Birmingham,CUST3562,PROD792,Mobile,OnePlus 11,HP,2,443.5,0.18,0.18,858.26,Cash,In-Store,EMP493,3,1,Express,5,AED
ORD137946,03-10-2023,BR23,India,Mumbai,CUST2044,PROD309,Laptop,HP Spectre x360,Dell,2,104.76,0.01,0.18,244.76,Net Banking,In-Store,EMP748,0,1,Same Day,10,INR
ORD137947,28-05-2023,BR68,India,Mumbai,CUST2344,PROD186,Tablet,Lenovo Tab P11,Lenovo,1,84.41,0.03,0.18,96.62,Debit Card,In-Store,EMP359,3,0,Same Day,2,USD
ORD137948,02-04-2023,BR1,Germany,Berlin,CUST6071,PROD836,Laptop,Dell XPS 13,Sony,3,973.89,0.14,0.18,2964.91,UPI,Online,EMP758,2,1,Standard,3,INR
ORD137949,02-12-2024,BR11,UK,London,CUST8803,PROD285,Laptop,Dell XPS 13,OnePlus,4,525.16,0.21,0.18,1958.22,UPI,Online,EMP754,1,1,Express,1,INR
ORD137950,24-03-2023,BR23,USA,Dallas,CUST9791,PROD632,Accessories,Wireless Mouse,Samsung,3,657.19,0.1,0.18,2093.81,Net Banking,In-Store,EMP597,0,0,Standard,10,AED
ORD137951,14-04-2023,BR99,Germany,Munich,CUST2158,PROD329,Accessories,Keyboard,HP,4,352.96,0.04,0.18,1599.33,UPI,In-Store,EMP374,0,0,Same Day,7,AED
ORD137952,14-12-2024,BR63,Germany,Munich,CUST6629,PROD933,Laptop,MacBook Air M2,Dell,3,1337.72,0.08,0.18,4356.69,Cash,Online,EMP659,1,1,Express,4,USD
ORD137953,04-11-2023,BR98,USA,Los Angeles,CUST2419,PROD397,Tablet,iPad Air,Sony,4,268.52,0.25,0.18,950.56,Debit Card,Online,EMP385,0,1,Standard,5,GBP
ORD137954,08-02-2023,BR10,UK,Birmingham,CUST2813,PROD151,Laptop,MacBook Air M2,Sony,1,907.37,0.04,0.18,1027.87,Cash,Online,EMP695,0,1,Same Day,7,AED
ORD137955,03-01-2024,BR93,USA,Dallas,CUST9235,PROD278,TV,Sony Bravia 55,LG,2,1635.92,0.17,0.18,3204.44,Net Banking,In-Store,EMP914,0,1,Express,1,USD
ORD137956,18-04-2024,BR63,USA,Los Angeles,CUST1836,PROD512,Tablet,iPad Air,Lenovo,5,377.59,0.24,0.18,1693.11,Debit Card,Online,EMP603,1,1,Same Day,1,INR
ORD137957,04-11-2023,BR88,UK,Birmingham,CUST3642,PROD854,Accessories,Keyboard,Lenovo,3,1786.14,0.18,0.18,5184.81,Cash,In-Store,EMP575,3,1,Express,4,GBP
ORD137958,29-05-2023,BR58,UK,Manchester,CUST4642,PROD922,Tablet,Lenovo Tab P11,Samsung,5,525.1,0.06,0.18,2912.2,UPI,In-Store,EMP582,0,1,Express,3,USD
ORD137959,03-06-2023,BR98,India,Bangalore,CUST6289,PROD929,Mobile,OnePlus 11,Apple,1,1524.39,0.19,0.18,1457.01,Credit Card,Online,EMP588,2,0,Express,9,AED
ORD137960,01-10-2023,BR81,India,Mumbai,CUST1125,PROD230,TV,Sony Bravia 55,OnePlus,1,317.35,0.09,0.18,340.77,Credit Card,In-Store,EMP913,3,0,Express,5,GBP
ORD137961,05-12-2024,BR42,Germany,Hamburg,CUST8309,PROD159,Laptop,HP Spectre x360,Dell,4,536.25,0.24,0.18,1923.64,Debit Card,Online,EMP409,3,1,Standard,7,AED
ORD137962,31-10-2024,BR61,USA,Dallas,CUST1876,PROD392,Mobile,Samsung Galaxy S23,Samsung,5,908.58,0.11,0.18,4770.95,UPI,In-Store,EMP381,2,0,Same Day,1,EUR
ORD137963,19-08-2023,BR48,UAE,Dubai,CUST8301,PROD158,Mobile,OnePlus 11,Lenovo,5,861.96,0.17,0.18,4221.02,Debit Card,In-Store,EMP770,2,0,Express,6,EUR
ORD137964,05-02-2023,BR12,UK,Manchester,CUST7816,PROD976,Accessories,Keyboard,Dell,5,107.31,0.11,0.18,563.48,Credit Card,In-Store,EMP909,1,0,Same Day,4,GBP
ORD137965,28-11-2024,BR110,UK,Birmingham,CUST7935,PROD966,Mobile,Samsung Galaxy S23,Apple,1,1494.33,0.04,0.18,1692.78,Credit Card,Online,EMP984,1,1,Same Day,3,USD
ORD137966,24-01-2023,BR67,UK,Birmingham,CUST6495,PROD671,Laptop,Dell XPS 13,OnePlus,2,145.21,0.18,0.18,281.01,UPI,In-Store,EMP586,2,0,Standard,7,INR
ORD137967,05-11-2023,BR11,India,Mumbai,CUST9047,PROD158,Accessories,Wireless Mouse,HP,3,1961.39,0.03,0.18,6735.02,Debit Card,Online,EMP505,3,0,Standard,10,GBP
ORD137968,22-09-2024,BR80,UK,Manchester,CUST9497,PROD131,TV,Sony Bravia 55,Dell,5,1970.24,0.18,0.18,9532.02,Net Banking,In-Store,EMP477,0,0,Standard,4,EUR
ORD137969,28-05-2023,BR83,UK,Birmingham,CUST4276,PROD976,Mobile,iPhone 14,OnePlus,3,1229.88,0.23,0.18,3352.41,UPI,Online,EMP689,2,0,Same Day,10,INR
ORD137970,27-11-2023,BR75,UK,London,CUST9627,PROD838,Accessories,Keyboard,Samsung,3,1095.7,0.16,0.18,3258.17,Credit Card,In-Store,EMP912,0,1,Standard,3,INR
ORD137971,14-06-2023,BR50,Germany,Munich,CUST5722,PROD226,Accessories,Bluetooth Headphones,HP,1,846.39,0.1,0.18,898.87,Debit Card,Online,EMP666,2,0,Same Day,5,INR
ORD137972,30-03-2023,BR92,UK,Birmingham,CUST5913,PROD365,Laptop,MacBook Air M2,HP,1,1391.22,0.07,0.18,1526.72,Credit Card,In-Store,EMP422,1,1,Same Day,4,AED
ORD137973,30-06-2024,BR38,India,Mumbai,CUST9115,PROD468,Tablet,iPad Air,Apple,4,854.39,0.3,0.18,2822.9,Credit Card,In-Store,EMP462,1,0,Express,10,USD
ORD137974,21-05-2024,BR13,USA,Chicago,CUST4783,PROD784,Laptop,Dell XPS 13,HP,3,1848.36,0.07,0.18,6085.17,UPI,In-Store,EMP458,2,0,Same Day,7,EUR
ORD137975,25-07-2023,BR92,UK,Manchester,CUST4363,PROD689,TV,LG OLED 48,Samsung,2,172.83,0.04,0.18,391.56,UPI,In-Store,EMP751,2,1,Express,2,GBP
ORD137976,08-05-2023,BR1,UAE,Abu Dhabi,CUST2060,PROD369,Accessories,Wireless Mouse,Dell,5,1910.49,0.05,0.18,10708.3,Cash,Online,EMP238,1,1,Express,7,GBP
ORD137977,11-04-2023,BR5,USA,New York,CUST2657,PROD611,Mobile,Samsung Galaxy S23,LG,4,1797.51,0.25,0.18,6363.19,Credit Card,In-Store,EMP956,1,0,Standard,7,USD
ORD137978,13-10-2024,BR79,UK,Manchester,CUST5054,PROD976,Tablet,Samsung Galaxy Tab,Apple,3,961.85,0.18,0.18,2792.06,UPI,In-Store,EMP549,1,0,Same Day,9,USD
ORD137979,29-01-2024,BR44,India,Mumbai,CUST5404,PROD174,Laptop,HP Spectre x360,Sony,3,998.29,0.16,0.18,2968.52,Credit Card,In-Store,EMP911,3,1,Same Day,1,USD
ORD137980,15-03-2024,BR50,USA,Chicago,CUST8275,PROD292,Accessories,Wireless Mouse,Sony,4,1540.38,0.24,0.18,5525.65,Credit Card,Online,EMP383,2,0,Standard,7,GBP
ORD137981,14-03-2024,BR89,India,Bangalore,CUST6944,PROD915,TV,Samsung QLED 50,Lenovo,4,605.04,0.16,0.18,2398.86,Net Banking,Online,EMP303,1,1,Standard,4,INR
ORD137982,25-12-2023,BR5,India,Delhi,CUST2605,PROD129,Accessories,Wireless Mouse,Lenovo,4,414.77,0.29,0.18,1389.98,Credit Card,Online,EMP514,1,1,Standard,4,INR
ORD137983,09-08-2023,BR86,USA,Dallas,CUST1162,PROD611,TV,Sony Bravia 55,Sony,2,412.46,0.18,0.18,798.19,Debit Card,In-Store,EMP517,2,0,Standard,1,USD
ORD137984,18-10-2024,BR74,Germany,Berlin,CUST7950,PROD800,TV,Sony Bravia 55,OnePlus,3,1360.63,0.17,0.18,3997.8,Credit Card,Online,EMP493,1,1,Standard,3,GBP
ORD137985,11-03-2024,BR21,UAE,Abu Dhabi,CUST8092,PROD496,TV,LG OLED 48,Sony,2,220.36,0.13,0.18,452.44,Debit Card,Online,EMP904,0,0,Express,5,INR
ORD137986,30-08-2024,BR42,UK,Manchester,CUST2493,PROD104,Mobile,Samsung Galaxy S23,OnePlus,4,1893.95,0.04,0.18,8581.87,Debit Card,Online,EMP650,0,0,Standard,8,EUR
ORD137987,18-01-2024,BR36,UK,Birmingham,CUST2567,PROD569,Laptop,MacBook Air M2,OnePlus,2,1450.84,0.09,0.18,3115.82,UPI,Online,EMP494,2,0,Same Day,8,INR
ORD137988,24-08-2024,BR90,UAE,Dubai,CUST7063,PROD966,Tablet,Samsung Galaxy Tab,LG,4,1455.81,0.06,0.18,6459.14,Net Banking,In-Store,EMP433,0,1,Same Day,7,GBP
ORD137989,13-09-2023,BR33,Germany,Munich,CUST1322,PROD961,Laptop,HP Spectre x360,HP,1,1968.23,0.1,0.18,2090.26,Cash,Online,EMP431,3,1,Standard,2,GBP
ORD137990,23-03-2023,BR111,India,Bangalore,CUST9586,PROD166,Tablet,Lenovo Tab P11,Samsung,2,1561.12,0.13,0.18,3205.29,Net Banking,In-Store,EMP780,3,0,Express,7,EUR
ORD137991,10-01-2024,BR44,Germany,Berlin,CUST1242,PROD578,TV,Samsung QLED 50,Sony,4,1723.91,0.22,0.18,6346.75,Debit Card,In-Store,EMP802,3,1,Standard,3,GBP
ORD137992,29-12-2023,BR23,India,Pune,CUST7102,PROD660,TV,Sony Bravia 55,Sony,3,1481.64,0.21,0.18,4143.55,Cash,In-Store,EMP826,2,1,Express,8,EUR
ORD137993,06-06-2024,BR29,India,Bangalore,CUST4872,PROD581,Mobile,iPhone 14,OnePlus,5,1737.37,0.04,0.18,9840.46,Credit Card,In-Store,EMP206,3,1,Same Day,7,USD
ORD137994,23-09-2023,BR39,India,Mumbai,CUST4327,PROD359,Tablet,Lenovo Tab P11,Sony,3,1618.66,0.12,0.18,5042.45,Debit Card,In-Store,EMP425,1,0,Express,1,EUR
ORD137995,12-06-2024,BR112,India,Delhi,CUST6492,PROD269,TV,Sony Bravia 55,LG,1,835.4,0.11,0.18,877.34,Debit Card,Online,EMP648,3,0,Same Day,6,USD
ORD137996,24-02-2024,BR11,USA,New York,CUST9351,PROD216,Laptop,Dell XPS 13,LG,3,1675.3,0.24,0.18,4507.23,Credit Card,In-Store,EMP973,3,0,Same Day,1,EUR
ORD137997,17-11-2024,BR24,USA,New York,CUST6469,PROD263,Mobile,iPhone 14,HP,5,1749.4,0.19,0.18,8360.38,Debit Card,In-Store,EMP312,3,0,Same Day,1,GBP
ORD137998,22-03-2024,BR3,Germany,Munich,CUST5708,PROD520,TV,Samsung QLED 50,Dell,5,1016.21,0.26,0.18,4436.77,Net Banking,Online,EMP649,0,0,Same Day,6,INR
ORD137999,25-05-2023,BR101,USA,New York,CUST3305,PROD417,TV,Sony Bravia 55,Sony,2,180.92,0.16,0.18,358.66,Cash,In-Store,EMP941,1,0,Standard,10,INR
ORD138000,11-07-2024,BR59,UK,Birmingham,CUST2794,PROD106,Accessories,Wireless Mouse,OnePlus,4,414.58,0.23,0.18,1506.75,Credit Card,In-Store,EMP359,0,1,Standard,5,INR
ORD138001,31-07-2023,BR9,India,Delhi,CUST7299,PROD568,Tablet,Samsung Galaxy Tab,HP,1,1755.45,0.18,0.18,1698.57,Credit Card,In-Store,EMP604,1,0,Express,7,EUR
ORD138002,11-09-2023,BR9,UK,Birmingham,CUST9373,PROD815,Laptop,HP Spectre x360,Dell,2,1596.06,0.14,0.18,3239.36,Cash,In-Store,EMP694,2,0,Standard,1,USD
ORD138003,11-05-2024,BR82,Germany,Munich,CUST4764,PROD206,TV,LG OLED 48,Apple,5,1135.09,0.07,0.18,6228.24,Net Banking,In-Store,EMP545,3,1,Standard,4,AED
ORD138004,15-04-2023,BR26,Germany,Munich,CUST9630,PROD766,TV,Samsung QLED 50,HP,4,1661.07,0.25,0.18,5880.19,Net Banking,In-Store,EMP612,1,0,Standard,4,EUR
ORD138005,16-11-2024,BR73,India,Mumbai,CUST6313,PROD112,Laptop,HP Spectre x360,Apple,2,521.2,0.03,0.18,1193.13,Debit Card,In-Store,EMP361,0,1,Same Day,8,GBP
ORD138006,13-12-2024,BR2,USA,Chicago,CUST2599,PROD713,Tablet,Lenovo Tab P11,OnePlus,2,1154.29,0.27,0.18,1988.61,Debit Card,In-Store,EMP501,1,0,Express,6,GBP
ORD138007,04-03-2023,BR50,UAE,Dubai,CUST1092,PROD261,Laptop,HP Spectre x360,Lenovo,1,393.28,0.28,0.18,334.13,Debit Card,In-Store,EMP278,3,0,Standard,1,AED
ORD138008,17-10-2024,BR41,Germany,Munich,CUST6468,PROD707,Laptop,Dell XPS 13,HP,5,81.98,0.17,0.18,401.46,Credit Card,In-Store,EMP508,3,1,Express,3,USD
ORD138009,13-11-2024,BR73,USA,Dallas,CUST5799,PROD853,Laptop,HP Spectre x360,HP,4,935.58,0.25,0.18,3311.95,Debit Card,Online,EMP703,3,0,Standard,4,USD
ORD138010,26-02-2023,BR62,India,Delhi,CUST8094,PROD904,TV,Sony Bravia 55,Apple,5,1936.22,0.23,0.18,8796.25,Net Banking,Online,EMP435,1,0,Same Day,4,INR
ORD138011,13-02-2023,BR80,UAE,Abu Dhabi,CUST7750,PROD266,TV,Sony Bravia 55,Lenovo,3,682.34,0.13,0.18,2101.47,Net Banking,In-Store,EMP616,0,1,Same Day,2,USD
ORD138012,04-08-2024,BR54,UK,Manchester,CUST4656,PROD932,Accessories,Bluetooth Headphones,LG,5,324.83,0.2,0.18,1533.2,UPI,In-Store,EMP259,3,0,Standard,7,USD
ORD138013,23-02-2024,BR49,USA,Dallas,CUST7056,PROD674,TV,Samsung QLED 50,Lenovo,1,692.68,0.01,0.18,809.19,Debit Card,In-Store,EMP601,3,1,Standard,2,GBP
ORD138014,28-06-2024,BR25,UK,London,CUST9633,PROD102,Laptop,Dell XPS 13,Samsung,2,516.84,0.25,0.18,914.81,Debit Card,Online,EMP431,3,1,Express,9,GBP
ORD138015,22-12-2023,BR37,India,Mumbai,CUST8832,PROD261,Mobile,Samsung Galaxy S23,Lenovo,2,272.61,0.1,0.18,579.02,Credit Card,In-Store,EMP728,1,0,Same Day,7,INR
ORD138016,26-06-2023,BR1,Germany,Munich,CUST2425,PROD786,Accessories,Keyboard,Lenovo,4,691.52,0.08,0.18,3002.86,Credit Card,Online,EMP368,1,0,Express,8,GBP
ORD138017,11-09-2023,BR73,UK,London,CUST5732,PROD604,TV,Sony Bravia 55,Lenovo,5,151.07,0.17,0.18,739.79,Debit Card,Online,EMP501,0,1,Standard,4,EUR
ORD138018,03-11-2023,BR120,India,Mumbai,CUST1250,PROD744,Mobile,iPhone 14,HP,3,743.24,0.15,0.18,2236.41,Debit Card,In-Store,EMP723,3,1,Express,1,EUR
ORD138019,25-02-2023,BR72,UK,Birmingham,CUST4041,PROD571,Mobile,iPhone 14,Samsung,5,1883.11,0.23,0.18,8554.97,UPI,In-Store,EMP401,1,0,Same Day,7,AED
ORD138020,17-07-2024,BR30,UAE,Abu Dhabi,CUST5716,PROD170,Accessories,Wireless Mouse,Dell,1,1183.73,0.04,0.18,1340.93,UPI,In-Store,EMP636,0,1,Express,2,GBP
ORD138021,16-04-2023,BR38,UAE,Dubai,CUST2666,PROD379,Mobile,OnePlus 11,Dell,1,414.64,0.1,0.18,440.35,Net Banking,Online,EMP752,0,1,Same Day,7,USD
ORD138022,18-01-2024,BR6,UAE,Abu Dhabi,CUST6689,PROD751,Tablet,Lenovo Tab P11,Dell,5,1667.31,0.04,0.18,9443.64,Net Banking,In-Store,EMP983,1,0,Standard,8,EUR
ORD138023,11-12-2023,BR72,India,Mumbai,CUST7053,PROD936,TV,Samsung QLED 50,Lenovo,5,1174.16,0.1,0.18,6234.79,Credit Card,In-Store,EMP250,2,0,Same Day,3,INR
ORD138024,05-05-2023,BR32,India,Delhi,CUST2176,PROD754,Accessories,Wireless Mouse,Apple,1,1190.72,0.27,0.18,1025.69,Credit Card,Online,EMP524,1,0,Same Day,10,EUR
ORD138025,11-05-2023,BR109,USA,Chicago,CUST3786,PROD955,Laptop,Dell XPS 13,Dell,4,796.95,0.03,0.18,3648.76,Credit Card,In-Store,EMP262,1,1,Express,9,EUR
ORD138026,07-03-2023,BR54,Germany,Berlin,CUST8425,PROD842,TV,LG OLED 48,LG,2,1092.52,0.02,0.18,2526.78,Debit Card,Online,EMP723,3,1,Standard,10,INR
ORD138027,31-03-2023,BR113,USA,Chicago,CUST5354,PROD755,Laptop,HP Spectre x360,Apple,1,1621.63,0.01,0.18,1894.39,Credit Card,Online,EMP363,0,1,Standard,8,AED
ORD138028,06-10-2024,BR112,UK,Birmingham,CUST4147,PROD850,Mobile,iPhone 14,Apple,2,1199.26,0.18,0.18,2320.81,UPI,Online,EMP902,1,0,Express,6,INR
ORD138029,06-06-2024,BR31,UAE,Abu Dhabi,CUST9423,PROD714,Tablet,Lenovo Tab P11,Apple,4,761.19,0.11,0.18,3197.61,UPI,Online,EMP341,0,0,Same Day,5,USD
ORD138030,03-10-2023,BR68,UAE,Abu Dhabi,CUST6321,PROD286,TV,Sony Bravia 55,OnePlus,2,1282.88,0.24,0.18,2300.97,Debit Card,Online,EMP660,3,1,Standard,1,INR
ORD138031,12-01-2023,BR60,USA,Chicago,CUST9631,PROD829,Tablet,Lenovo Tab P11,Lenovo,3,1469.55,0.08,0.18,4786.03,UPI,Online,EMP851,2,0,Express,4,GBP
ORD138032,18-08-2023,BR14,UK,London,CUST2731,PROD113,Tablet,iPad Air,Samsung,5,1531.5,0.14,0.18,7770.83,Debit Card,In-Store,EMP718,2,1,Express,8,USD
ORD138033,25-10-2024,BR83,UK,Birmingham,CUST5957,PROD481,Mobile,Samsung Galaxy S23,Dell,4,333.8,0.27,0.18,1150.14,Net Banking,In-Store,EMP336,2,0,Standard,5,USD
ORD138034,05-06-2024,BR69,UK,Birmingham,CUST9830,PROD826,Laptop,HP Spectre x360,HP,1,1920.52,0.17,0.18,1880.96,Debit Card,In-Store,EMP530,2,1,Standard,7,EUR
ORD138035,07-11-2023,BR24,UAE,Dubai,CUST2509,PROD773,TV,Sony Bravia 55,Sony,3,137.62,0.04,0.18,467.69,UPI,Online,EMP898,3,1,Express,3,USD
ORD138036,07-03-2023,BR91,Germany,Hamburg,CUST9345,PROD841,TV,LG OLED 48,Dell,2,1115.32,0.25,0.18,1974.12,Credit Card,Online,EMP429,1,0,Express,5,USD
ORD138037,03-01-2023,BR77,UAE,Abu Dhabi,CUST3953,PROD824,TV,Sony Bravia 55,Lenovo,2,464.3,0.16,0.18,920.43,Credit Card,Online,EMP788,1,0,Same Day,10,AED
ORD138038,06-03-2023,BR39,India,Mumbai,CUST7862,PROD289,TV,Sony Bravia 55,Lenovo,5,1348.43,0.09,0.18,7239.72,Credit Card,In-Store,EMP795,3,1,Express,10,AED
ORD138039,18-04-2024,BR114,USA,New York,CUST9095,PROD907,Accessories,Keyboard,Samsung,4,68.61,0.17,0.18,268.79,Debit Card,In-Store,EMP534,3,1,Same Day,2,GBP
ORD138040,30-11-2024,BR38,USA,Dallas,CUST2779,PROD333,Tablet,iPad Air,Samsung,2,324.16,0.05,0.18,726.77,Debit Card,In-Store,EMP321,2,1,Express,1,USD
ORD138041,24-09-2023,BR90,Germany,Hamburg,CUST6068,PROD752,Mobile,iPhone 14,Apple,1,1110.73,0.03,0.18,1271.34,Cash,Online,EMP980,0,1,Standard,3,USD
ORD138042,30-07-2024,BR69,UAE,Dubai,CUST7653,PROD470,Laptop,MacBook Air M2,HP,5,699.77,0.12,0.18,3633.21,Net Banking,Online,EMP925,0,0,Express,9,GBP
ORD138043,02-01-2024,BR105,India,Mumbai,CUST7968,PROD305,Mobile,Samsung Galaxy S23,Sony,2,319.19,0.22,0.18,587.56,Net Banking,Online,EMP656,2,1,Standard,1,USD
ORD138044,30-10-2024,BR113,UAE,Abu Dhabi,CUST5667,PROD411,TV,Samsung QLED 50,LG,3,939.64,0.26,0.18,2461.48,Credit Card,In-Store,EMP200,1,0,Express,3,INR
ORD138045,16-08-2023,BR109,India,Delhi,CUST1913,PROD566,Mobile,Samsung Galaxy S23,Dell,2,1821.57,0.22,0.18,3353.15,Net Banking,In-Store,EMP209,1,0,Standard,6,USD
ORD138046,31-12-2023,BR13,USA,Chicago,CUST3664,PROD218,Mobile,Samsung Galaxy S23,Dell,5,661.39,0.07,0.18,3629.05,Net Banking,Online,EMP889,1,0,Express,5,EUR
ORD138047,19-08-2023,BR19,Germany,Munich,CUST2735,PROD787,Laptop,MacBook Air M2,Sony,5,1627.92,0.26,0.18,7107.5,Credit Card,Online,EMP450,0,0,Express,1,EUR
ORD138048,03-05-2023,BR48,Germany,Berlin,CUST2574,PROD779,Accessories,Wireless Mouse,HP,4,1219.68,0.2,0.18,4605.51,Net Banking,In-Store,EMP845,2,0,Standard,7,INR
ORD138049,06-05-2023,BR18,Germany,Berlin,CUST4715,PROD870,Accessories,Bluetooth Headphones,OnePlus,1,1063.97,0.21,0.18,991.83,UPI,In-Store,EMP282,1,1,Same Day,10,INR
ORD138050,31-12-2023,BR72,UAE,Dubai,CUST1568,PROD258,Mobile,iPhone 14,Dell,1,350.59,0.13,0.18,359.92,Net Banking,In-Store,EMP318,3,1,Standard,3,USD
ORD138051,29-07-2023,BR97,UK,London,CUST1819,PROD176,Tablet,Lenovo Tab P11,Sony,3,1732.11,0.21,0.18,4844.02,Cash,In-Store,EMP393,0,1,Express,5,INR
ORD138052,07-06-2023,BR30,UK,Manchester,CUST1370,PROD918,Tablet,Samsung Galaxy Tab,Sony,4,1384.26,0.18,0.18,5357.64,Credit Card,Online,EMP213,2,1,Same Day,10,EUR
ORD138053,10-07-2024,BR27,UAE,Abu Dhabi,CUST9442,PROD197,Tablet,Lenovo Tab P11,Lenovo,3,674.06,0.17,0.18,1980.52,Debit Card,In-Store,EMP271,3,1,Standard,1,GBP
ORD138054,08-10-2023,BR40,Germany,Hamburg,CUST6591,PROD738,Mobile,iPhone 14,Samsung,4,1417.22,0.26,0.18,4950.07,Net Banking,In-Store,EMP553,1,0,Express,10,EUR
ORD138055,26-01-2024,BR111,India,Delhi,CUST9112,PROD918,Mobile,Samsung Galaxy S23,Lenovo,5,797.43,0.21,0.18,3716.82,Debit Card,In-Store,EMP990,3,1,Express,7,EUR
ORD138056,02-01-2024,BR71,UAE,Dubai,CUST8645,PROD563,TV,Samsung QLED 50,OnePlus,2,1069.86,0.11,0.18,2247.13,Cash,Online,EMP788,0,0,Same Day,2,USD
ORD138057,16-07-2023,BR52,UAE,Abu Dhabi,CUST7595,PROD366,Laptop,HP Spectre x360,Dell,2,1371.67,0.17,0.18,2686.83,Debit Card,In-Store,EMP429,0,0,Same Day,1,INR
ORD138058,02-10-2024,BR71,UAE,Dubai,CUST5003,PROD284,Tablet,Samsung Galaxy Tab,Dell,2,1597.44,0.19,0.18,3053.67,Credit Card,In-Store,EMP806,2,0,Standard,8,GBP
ORD138059,11-07-2023,BR28,India,Pune,CUST5359,PROD655,Laptop,HP Spectre x360,Lenovo,3,808.33,0.12,0.18,2518.11,Debit Card,Online,EMP635,3,0,Same Day,8,AED
ORD138060,15-06-2024,BR47,Germany,Hamburg,CUST8812,PROD279,TV,LG OLED 48,Dell,3,1071.37,0.27,0.18,2768.63,Cash,Online,EMP944,1,1,Standard,8,EUR
ORD138061,24-06-2023,BR28,India,Bangalore,CUST6821,PROD992,Laptop,Dell XPS 13,Lenovo,1,1938.81,0.19,0.18,1853.11,Debit Card,In-Store,EMP490,1,1,Standard,5,INR
ORD138062,28-09-2023,BR98,India,Mumbai,CUST3628,PROD844,Laptop,MacBook Air M2,Lenovo,2,989.32,0.26,0.18,1727.75,Net Banking,In-Store,EMP364,2,0,Standard,3,INR
ORD138063,27-08-2023,BR93,UK,Manchester,CUST2874,PROD279,Accessories,Bluetooth Headphones,Lenovo,4,787.88,0.05,0.18,3532.85,Net Banking,In-Store,EMP547,1,1,Same Day,1,AED
ORD138064,25-05-2024,BR20,Germany,Hamburg,CUST4430,PROD597,Mobile,Samsung Galaxy S23,Lenovo,5,1728.33,0.15,0.18,8667.57,UPI,Online,EMP753,3,0,Express,9,USD
ORD138065,26-11-2023,BR53,USA,New York,CUST5515,PROD816,Tablet,Samsung Galaxy Tab,Lenovo,2,1608.24,0.08,0.18,3491.81,Debit Card,Online,EMP985,1,0,Express,2,INR
ORD138066,13-02-2023,BR45,India,Delhi,CUST7423,PROD984,Mobile,Samsung Galaxy S23,Sony,4,1780.32,0.17,0.18,6974.58,UPI,Online,EMP618,3,0,Express,6,EUR
ORD138067,01-01-2024,BR23,Germany,Berlin,CUST7581,PROD162,Mobile,OnePlus 11,Sony,2,950.52,0.11,0.18,1996.47,Cash,In-Store,EMP717,3,0,Express,3,EUR
ORD138068,02-02-2024,BR97,USA,Los Angeles,CUST6354,PROD166,TV,LG OLED 48,Dell,1,456.94,0.14,0.18,463.7,Credit Card,In-Store,EMP621,2,0,Express,2,EUR
ORD138069,26-12-2024,BR110,Germany,Munich,CUST7117,PROD353,Tablet,Samsung Galaxy Tab,LG,2,1629.65,0.2,0.18,3076.78,Credit Card,Online,EMP953,0,1,Standard,5,INR
ORD138070,30-05-2024,BR89,UAE,Dubai,CUST6579,PROD352,Accessories,Wireless Mouse,Sony,3,281.71,0.23,0.18,767.89,UPI,In-Store,EMP739,2,1,Same Day,10,GBP
ORD138071,08-01-2023,BR42,India,Bangalore,CUST2978,PROD386,Tablet,Samsung Galaxy Tab,Apple,2,1353.58,0.13,0.18,2779.17,UPI,In-Store,EMP801,0,1,Same Day,2,INR
ORD138072,05-06-2023,BR95,UAE,Dubai,CUST8118,PROD964,Tablet,Samsung Galaxy Tab,Lenovo,2,769.72,0.18,0.18,1489.56,UPI,In-Store,EMP405,3,1,Same Day,8,INR
ORD138073,01-10-2024,BR102,UAE,Abu Dhabi,CUST9737,PROD889,Laptop,MacBook Air M2,Samsung,2,1144.77,0.04,0.18,2593.59,Debit Card,In-Store,EMP786,3,1,Same Day,9,AED
ORD138074,07-08-2024,BR12,India,Delhi,CUST8874,PROD514,Accessories,Keyboard,HP,5,208.59,0.11,0.18,1095.31,Debit Card,Online,EMP602,2,1,Express,9,USD
ORD138075,14-02-2024,BR30,India,Pune,CUST4469,PROD158,Tablet,iPad Air,Lenovo,5,908.55,0.18,0.18,4395.56,Credit Card,Online,EMP621,2,0,Standard,5,AED
ORD138076,17-08-2023,BR119,USA,Chicago,CUST5852,PROD355,Accessories,Bluetooth Headphones,Apple,4,572.71,0.25,0.18,2027.39,Debit Card,Online,EMP961,3,1,Same Day,7,AED
ORD138077,02-11-2023,BR96,USA,Chicago,CUST2620,PROD785,TV,Samsung QLED 50,Lenovo,2,1435.2,0.12,0.18,2980.62,Net Banking,Online,EMP505,2,1,Standard,2,AED
ORD138078,07-03-2024,BR47,USA,Dallas,CUST9030,PROD241,Tablet,Samsung Galaxy Tab,LG,5,508.9,0.3,0.18,2101.76,Credit Card,In-Store,EMP898,0,0,Express,4,USD
ORD138079,23-12-2023,BR50,USA,Los Angeles,CUST2254,PROD703,Tablet,iPad Air,Sony,1,617.71,0.2,0.18,583.12,Credit Card,In-Store,EMP416,0,0,Standard,10,AED
ORD138080,22-01-2023,BR6,UK,Manchester,CUST4915,PROD447,Accessories,Wireless Mouse,OnePlus,1,585.81,0.09,0.18,629.04,UPI,In-Store,EMP753,2,0,Express,1,USD
ORD138081,31-01-2024,BR17,Germany,Munich,CUST8933,PROD777,TV,Sony Bravia 55,LG,2,1457.16,0.08,0.18,3163.79,Debit Card,Online,EMP636,3,0,Express,10,GBP
ORD138082,14-06-2023,BR116,India,Mumbai,CUST5262,PROD873,Laptop,MacBook Air M2,Samsung,2,1680.62,0.25,0.18,2974.7,Credit Card,In-Store,EMP633,0,1,Same Day,8,EUR
ORD138083,01-05-2023,BR69,UAE,Abu Dhabi,CUST5497,PROD251,TV,Samsung QLED 50,OnePlus,5,1018.54,0.3,0.18,4206.57,Net Banking,In-Store,EMP494,0,0,Same Day,8,GBP
ORD138084,15-08-2023,BR101,Germany,Berlin,CUST9209,PROD522,TV,Sony Bravia 55,Sony,5,1365.61,0.2,0.18,6445.68,UPI,Online,EMP964,3,0,Same Day,2,AED
ORD138085,12-03-2024,BR53,USA,Chicago,CUST9311,PROD442,Mobile,iPhone 14,Sony,2,846.9,0.08,0.18,1838.79,Credit Card,Online,EMP476,0,0,Standard,6,AED
ORD138086,04-05-2023,BR98,India,Delhi,CUST1373,PROD998,TV,LG OLED 48,Lenovo,3,1839.75,0,0.18,6512.72,UPI,In-Store,EMP708,2,1,Express,5,GBP
ORD138087,16-11-2024,BR56,USA,New York,CUST9425,PROD454,Accessories,Bluetooth Headphones,Dell,4,1402.95,0.29,0.18,4701.57,Net Banking,Online,EMP453,0,1,Express,4,GBP
ORD138088,15-08-2023,BR96,India,Mumbai,CUST1461,PROD110,Tablet,Samsung Galaxy Tab,HP,3,1522.14,0.28,0.18,3879.63,Debit Card,Online,EMP817,3,1,Express,1,AED
ORD138089,18-04-2024,BR94,USA,Los Angeles,CUST8572,PROD703,Tablet,Lenovo Tab P11,LG,3,1771.96,0.11,0.18,5582.74,Credit Card,Online,EMP288,3,1,Express,5,INR
ORD138090,06-02-2024,BR62,India,Pune,CUST7055,PROD394,TV,Sony Bravia 55,LG,1,1302.23,0.16,0.18,1290.77,UPI,In-Store,EMP331,2,0,Same Day,7,USD
ORD138091,15-04-2024,BR4,USA,Chicago,CUST3226,PROD160,TV,Samsung QLED 50,OnePlus,4,1482.8,0.22,0.18,5459.08,Credit Card,Online,EMP431,0,1,Standard,7,EUR
ORD138092,19-01-2024,BR112,USA,Dallas,CUST1018,PROD685,Tablet,Lenovo Tab P11,Dell,3,866.61,0.22,0.18,2392.88,Cash,In-Store,EMP798,3,1,Same Day,5,EUR
ORD138093,22-09-2024,BR38,UAE,Dubai,CUST7628,PROD918,TV,LG OLED 48,Samsung,3,971,0.04,0.18,3299.85,Cash,Online,EMP675,2,1,Express,9,AED
ORD138094,22-04-2024,BR91,India,Pune,CUST7886,PROD961,Tablet,Samsung Galaxy Tab,LG,1,552.58,0.29,0.18,462.95,Net Banking,In-Store,EMP298,1,1,Same Day,10,INR
ORD138095,19-04-2023,BR10,India,Pune,CUST2451,PROD802,Tablet,iPad Air,Sony,5,663.68,0.03,0.18,3798.24,Credit Card,In-Store,EMP501,1,1,Same Day,6,AED
ORD138096,23-09-2024,BR60,UK,Birmingham,CUST9904,PROD548,TV,LG OLED 48,OnePlus,5,1424.46,0.27,0.18,6135.15,Net Banking,Online,EMP341,1,1,Express,3,EUR
ORD138097,03-03-2024,BR13,USA,Los Angeles,CUST7109,PROD889,Laptop,Dell XPS 13,LG,1,230.5,0.28,0.18,195.83,Cash,In-Store,EMP471,2,1,Same Day,1,EUR
ORD138098,05-03-2023,BR72,India,Delhi,CUST4192,PROD849,Accessories,Wireless Mouse,OnePlus,3,902.44,0.27,0.18,2332.09,Cash,In-Store,EMP872,2,1,Express,8,INR
ORD138099,07-03-2024,BR108,UK,Birmingham,CUST6522,PROD691,Accessories,Keyboard,Lenovo,4,1433.71,0.08,0.18,6225.74,UPI,In-Store,EMP550,3,0,Standard,7,EUR
ORD138100,17-08-2024,BR52,UK,London,CUST4111,PROD729,Accessories,Wireless Mouse,Apple,4,379.09,0.02,0.18,1753.52,Debit Card,Online,EMP344,1,1,Express,7,GBP
ORD138101,16-12-2024,BR94,India,Mumbai,CUST8192,PROD544,Accessories,Wireless Mouse,Lenovo,4,791.46,0.13,0.18,3250.05,Net Banking,Online,EMP593,2,0,Express,2,INR
ORD138102,20-05-2024,BR32,India,Delhi,CUST4094,PROD841,Accessories,Keyboard,Lenovo,2,1774.61,0.08,0.18,3853.03,Credit Card,Online,EMP389,2,1,Same Day,4,EUR
ORD138103,06-01-2023,BR56,USA,Los Angeles,CUST6480,PROD521,Tablet,iPad Air,Dell,2,970.33,0.14,0.18,1969.38,UPI,Online,EMP684,0,1,Same Day,4,GBP
ORD138104,31-07-2024,BR114,USA,Chicago,CUST9483,PROD906,TV,Sony Bravia 55,LG,1,587.06,0.3,0.18,484.91,Net Banking,In-Store,EMP614,2,0,Express,3,EUR
ORD138105,07-04-2023,BR46,India,Delhi,CUST8971,PROD673,TV,Sony Bravia 55,OnePlus,4,1964.91,0.25,0.18,6955.78,Debit Card,Online,EMP766,1,0,Standard,1,EUR
ORD138106,28-12-2024,BR70,USA,Chicago,CUST2669,PROD584,Laptop,HP Spectre x360,Sony,1,1800.95,0.13,0.18,1848.86,UPI,In-Store,EMP270,2,0,Express,6,GBP
ORD138107,09-01-2023,BR4,UK,Birmingham,CUST6222,PROD920,Accessories,Bluetooth Headphones,LG,5,1235.49,0,0.18,7289.39,UPI,Online,EMP313,3,0,Standard,8,USD
ORD138108,12-07-2024,BR52,Germany,Hamburg,CUST3137,PROD931,Tablet,Lenovo Tab P11,Apple,2,1477.19,0.1,0.18,3137.55,Cash,In-Store,EMP652,1,1,Express,7,EUR
ORD138109,26-07-2024,BR111,UAE,Abu Dhabi,CUST1740,PROD879,Mobile,Samsung Galaxy S23,OnePlus,5,1145.76,0.1,0.18,6083.99,Cash,In-Store,EMP485,2,0,Same Day,7,INR
ORD138110,02-11-2024,BR10,Germany,Munich,CUST4839,PROD154,Accessories,Wireless Mouse,Apple,1,379.95,0.07,0.18,416.96,Debit Card,Online,EMP574,0,0,Standard,10,EUR
ORD138111,16-09-2023,BR38,UK,Manchester,CUST5728,PROD828,Accessories,Bluetooth Headphones,OnePlus,4,1752.27,0.13,0.18,7195.52,Credit Card,In-Store,EMP746,1,1,Standard,1,INR
ORD138112,17-05-2024,BR46,Germany,Munich,CUST9053,PROD553,TV,LG OLED 48,Apple,3,1247.68,0.14,0.18,3798.44,UPI,Online,EMP325,3,1,Express,6,USD
ORD138113,28-02-2024,BR28,Germany,Munich,CUST9300,PROD429,Accessories,Keyboard,HP,5,533,0.1,0.18,2830.23,Credit Card,In-Store,EMP588,3,0,Express,1,GBP
ORD138114,16-03-2023,BR1,UK,Birmingham,CUST6885,PROD380,Mobile,OnePlus 11,OnePlus,1,1375.23,0.16,0.18,1363.13,Credit Card,In-Store,EMP319,1,1,Standard,4,INR
ORD138115,09-04-2023,BR63,UK,London,CUST5456,PROD965,TV,LG OLED 48,HP,3,1954.35,0.21,0.18,5465.54,UPI,In-Store,EMP370,3,0,Express,3,USD
ORD138116,01-01-2024,BR110,UK,Manchester,CUST2184,PROD813,Tablet,Samsung Galaxy Tab,Samsung,1,1163.36,0.19,0.18,1111.94,UPI,Online,EMP971,1,0,Same Day,9,INR
ORD138117,31-07-2023,BR114,UK,London,CUST9977,PROD122,TV,LG OLED 48,Dell,5,1548.94,0.19,0.18,7402.38,UPI,In-Store,EMP435,1,0,Express,6,AED
ORD138118,15-09-2023,BR7,USA,New York,CUST3572,PROD581,TV,Sony Bravia 55,Apple,3,437.5,0.19,0.18,1254.49,Debit Card,Online,EMP722,0,0,Standard,9,EUR
ORD138119,28-03-2023,BR9,India,Pune,CUST1836,PROD947,Accessories,Bluetooth Headphones,Samsung,3,1626.91,0.11,0.18,5125.74,Debit Card,Online,EMP358,3,0,Same Day,1,INR
ORD138120,20-03-2024,BR9,UK,Birmingham,CUST1979,PROD837,Mobile,Samsung Galaxy S23,Apple,2,82.03,0.02,0.18,189.72,Debit Card,In-Store,EMP804,0,0,Express,5,AED
ORD138121,26-04-2023,BR94,USA,Dallas,CUST6039,PROD495,Tablet,iPad Air,Apple,5,1875.01,0.02,0.18,10841.31,Credit Card,In-Store,EMP664,3,0,Same Day,10,GBP
ORD138122,23-02-2023,BR44,USA,Dallas,CUST4075,PROD845,TV,Samsung QLED 50,Apple,5,425.15,0.15,0.18,2132.13,Credit Card,Online,EMP343,3,1,Express,7,INR
ORD138123,08-02-2024,BR40,UAE,Dubai,CUST9919,PROD901,TV,Samsung QLED 50,Dell,1,173.95,0.06,0.18,192.95,Debit Card,In-Store,EMP562,0,0,Express,3,USD
ORD138124,31-07-2023,BR77,India,Pune,CUST1356,PROD884,Tablet,Samsung Galaxy Tab,HP,2,143.51,0,0.18,338.68,Debit Card,Online,EMP225,1,1,Standard,9,GBP
ORD138125,26-12-2023,BR13,UK,Manchester,CUST3370,PROD803,Laptop,MacBook Air M2,Apple,2,700.1,0.01,0.18,1635.71,Debit Card,Online,EMP531,1,1,Standard,6,USD
ORD138126,18-03-2024,BR21,UK,London,CUST6978,PROD591,TV,LG OLED 48,Dell,1,225.97,0.24,0.18,202.65,Credit Card,In-Store,EMP345,3,1,Standard,8,INR
ORD138127,03-12-2024,BR60,Germany,Berlin,CUST2514,PROD183,Accessories,Wireless Mouse,Samsung,5,457.67,0.08,0.18,2484.23,Cash,Online,EMP798,3,1,Standard,9,INR
ORD138128,10-03-2024,BR23,UK,Manchester,CUST1770,PROD843,Laptop,MacBook Air M2,Sony,4,1441.28,0.12,0.18,5986.5,UPI,Online,EMP931,0,1,Standard,3,EUR
ORD138129,07-12-2024,BR94,USA,Los Angeles,CUST6123,PROD571,Mobile,Samsung Galaxy S23,Sony,2,1585.26,0.27,0.18,2731.09,Net Banking,Online,EMP280,1,1,Express,5,USD
ORD138130,05-08-2023,BR100,India,Bangalore,CUST7373,PROD928,Tablet,Lenovo Tab P11,Dell,5,764.62,0.02,0.18,4421.03,Net Banking,Online,EMP653,2,1,Same Day,8,EUR
ORD138131,07-03-2023,BR59,India,Delhi,CUST9046,PROD867,Accessories,Wireless Mouse,LG,5,726.95,0.11,0.18,3817.21,Credit Card,Online,EMP958,3,0,Same Day,9,AED
ORD138132,29-09-2023,BR55,Germany,Munich,CUST3577,PROD928,Accessories,Wireless Mouse,HP,5,754.88,0.21,0.18,3518.5,Credit Card,Online,EMP933,0,0,Standard,4,AED
ORD138133,06-01-2023,BR86,UAE,Abu Dhabi,CUST8450,PROD630,Mobile,Samsung Galaxy S23,Sony,5,1375.16,0.26,0.18,6003.95,Cash,In-Store,EMP751,1,1,Standard,10,INR
ORD138134,03-08-2024,BR66,UAE,Abu Dhabi,CUST2303,PROD925,Tablet,Lenovo Tab P11,Samsung,1,396.11,0.26,0.18,345.88,Debit Card,Online,EMP776,0,1,Same Day,8,USD
ORD138135,27-10-2023,BR55,UK,London,CUST2833,PROD798,Accessories,Wireless Mouse,Apple,3,227.28,0.27,0.18,587.34,Debit Card,In-Store,EMP778,3,0,Same Day,1,INR
ORD138136,12-05-2024,BR85,USA,Chicago,CUST1938,PROD957,Tablet,iPad Air,Sony,2,304.48,0.06,0.18,675.46,Net Banking,Online,EMP711,1,1,Standard,3,INR
ORD138137,21-05-2024,BR78,USA,Los Angeles,CUST9497,PROD854,Tablet,Lenovo Tab P11,LG,1,982.41,0.21,0.18,915.8,Credit Card,In-Store,EMP442,0,1,Standard,8,INR
ORD138138,25-03-2024,BR9,Germany,Berlin,CUST3698,PROD219,Accessories,Wireless Mouse,Dell,3,1195.84,0.23,0.18,3259.62,Debit Card,Online,EMP336,2,1,Standard,4,GBP
ORD138139,20-12-2024,BR26,Germany,Hamburg,CUST8525,PROD376,Accessories,Bluetooth Headphones,HP,1,911.87,0.03,0.18,1043.73,Debit Card,Online,EMP970,0,0,Express,4,USD
ORD138140,15-01-2023,BR6,India,Mumbai,CUST9297,PROD665,Laptop,MacBook Air M2,Lenovo,4,1061.91,0.17,0.18,4160.14,UPI,Online,EMP894,1,0,Express,2,AED
ORD138141,26-04-2024,BR79,UAE,Dubai,CUST7277,PROD275,Tablet,iPad Air,Sony,1,774.57,0.27,0.18,667.21,Debit Card,In-Store,EMP668,3,0,Express,4,INR
ORD138142,02-08-2023,BR62,UAE,Abu Dhabi,CUST1384,PROD782,Accessories,Keyboard,Lenovo,3,900.86,0.27,0.18,2328,Net Banking,Online,EMP375,1,0,Express,8,GBP
ORD138143,06-07-2023,BR57,Germany,Hamburg,CUST3372,PROD379,Mobile,Samsung Galaxy S23,Lenovo,1,1157.46,0.14,0.18,1174.59,Cash,In-Store,EMP323,2,0,Standard,3,USD
ORD138144,29-05-2024,BR108,Germany,Hamburg,CUST8933,PROD865,Tablet,iPad Air,OnePlus,2,1827.06,0.27,0.18,3147.66,Net Banking,Online,EMP933,3,1,Same Day,3,USD
ORD138145,07-07-2024,BR35,UK,Birmingham,CUST4419,PROD487,Mobile,OnePlus 11,HP,5,1825.27,0.1,0.18,9692.18,Cash,In-Store,EMP735,2,0,Express,6,USD
ORD138146,01-06-2023,BR1,USA,Dallas,CUST3282,PROD606,Mobile,Samsung Galaxy S23,OnePlus,2,415.79,0.3,0.18,686.89,Credit Card,In-Store,EMP973,0,0,Standard,1,EUR
ORD138147,23-08-2023,BR88,USA,Chicago,CUST2454,PROD955,TV,Samsung QLED 50,Lenovo,5,1834.06,0.18,0.18,8873.18,Net Banking,Online,EMP842,2,1,Same Day,8,USD
ORD138148,15-11-2023,BR15,UAE,Dubai,CUST8090,PROD786,TV,Sony Bravia 55,Dell,5,70.49,0.09,0.18,378.46,UPI,In-Store,EMP929,0,0,Standard,7,GBP
ORD138149,13-12-2024,BR24,USA,New York,CUST1129,PROD311,Tablet,Lenovo Tab P11,HP,4,246.09,0.28,0.18,836.31,Net Banking,Online,EMP960,2,1,Express,10,AED
ORD138150,12-05-2023,BR77,Germany,Hamburg,CUST5728,PROD119,Mobile,iPhone 14,HP,4,723.32,0.14,0.18,2936.1,Net Banking,In-Store,EMP573,3,0,Express,3,GBP
ORD138151,24-06-2023,BR21,India,Pune,CUST2637,PROD426,Laptop,MacBook Air M2,Lenovo,2,1254.5,0.06,0.18,2782.98,UPI,In-Store,EMP659,3,1,Standard,3,USD
ORD138152,30-03-2024,BR2,UAE,Abu Dhabi,CUST6342,PROD634,Tablet,Lenovo Tab P11,Samsung,5,1314.89,0.28,0.18,5585.65,Net Banking,In-Store,EMP446,1,1,Standard,1,EUR
ORD138153,16-11-2023,BR37,India,Delhi,CUST5671,PROD655,TV,LG OLED 48,Sony,3,1886.86,0.22,0.18,5210,Net Banking,In-Store,EMP743,1,0,Express,10,USD
ORD138154,22-12-2023,BR1,UK,Birmingham,CUST9764,PROD984,TV,Sony Bravia 55,Samsung,5,697,0.04,0.18,3947.81,Cash,In-Store,EMP591,0,0,Standard,1,AED
ORD138155,10-05-2024,BR22,India,Bangalore,CUST7916,PROD189,TV,Sony Bravia 55,Lenovo,5,761.24,0.28,0.18,3233.75,Debit Card,Online,EMP543,3,0,Express,9,GBP
ORD138156,10-02-2023,BR115,India,Bangalore,CUST5180,PROD698,Tablet,Samsung Galaxy Tab,Samsung,5,1421.18,0.23,0.18,6456.42,Debit Card,In-Store,EMP222,0,0,Express,2,USD
ORD138157,02-03-2023,BR105,USA,Chicago,CUST8470,PROD745,Laptop,MacBook Air M2,Sony,2,1280.32,0.01,0.18,2991.34,Credit Card,In-Store,EMP734,2,1,Standard,6,INR
ORD138158,04-12-2024,BR31,India,Mumbai,CUST2035,PROD732,Tablet,iPad Air,Sony,3,505.49,0.15,0.18,1521.02,Cash,Online,EMP513,1,1,Same Day,3,EUR
ORD138159,25-03-2023,BR20,India,Pune,CUST9851,PROD488,Laptop,MacBook Air M2,Dell,4,315.24,0.17,0.18,1234.98,Cash,In-Store,EMP359,3,1,Express,5,AED
ORD138160,03-09-2023,BR87,USA,Dallas,CUST3846,PROD636,Laptop,MacBook Air M2,Samsung,4,178.56,0.04,0.18,809.09,Cash,Online,EMP796,3,0,Express,7,GBP
ORD138161,20-01-2023,BR22,Germany,Munich,CUST9284,PROD191,Accessories,Keyboard,LG,2,1619.08,0.28,0.18,2751.14,Debit Card,Online,EMP766,1,0,Standard,8,INR
ORD138162,22-01-2024,BR82,USA,Dallas,CUST2853,PROD409,Tablet,Lenovo Tab P11,Lenovo,1,1830.76,0.26,0.18,1598.62,Cash,Online,EMP552,2,1,Standard,6,AED
ORD138163,20-05-2023,BR12,UK,Manchester,CUST1535,PROD427,Tablet,iPad Air,LG,2,1759.98,0.09,0.18,3779.73,Credit Card,In-Store,EMP965,1,0,Express,1,EUR
ORD138164,22-06-2023,BR17,Germany,Munich,CUST7344,PROD969,Accessories,Keyboard,Samsung,3,1258.85,0.08,0.18,4099.82,Debit Card,In-Store,EMP462,3,0,Standard,1,EUR
ORD138165,13-02-2024,BR30,UAE,Abu Dhabi,CUST7277,PROD498,Laptop,HP Spectre x360,LG,4,1124.51,0.08,0.18,4883.07,Net Banking,Online,EMP418,2,1,Standard,3,EUR
ORD138166,22-05-2023,BR104,India,Bangalore,CUST4283,PROD113,Accessories,Keyboard,LG,3,478.21,0.15,0.18,1438.93,Net Banking,In-Store,EMP896,3,1,Standard,5,INR
ORD138167,13-10-2023,BR67,Germany,Berlin,CUST6856,PROD306,Laptop,Dell XPS 13,OnePlus,3,1160.69,0.17,0.18,3410.34,Debit Card,In-Store,EMP708,1,1,Same Day,8,GBP
ORD138168,09-06-2024,BR48,UAE,Dubai,CUST5370,PROD880,Accessories,Bluetooth Headphones,Dell,5,1478.92,0.26,0.18,6456.96,Cash,Online,EMP850,0,0,Same Day,2,EUR
ORD138169,25-10-2023,BR21,India,Mumbai,CUST6115,PROD852,Laptop,HP Spectre x360,HP,2,1143.4,0.02,0.18,2644.46,Debit Card,Online,EMP628,2,0,Express,8,GBP
ORD138170,10-04-2023,BR28,UK,London,CUST4293,PROD222,TV,LG OLED 48,Samsung,4,247.55,0.21,0.18,923.06,Credit Card,In-Store,EMP971,3,1,Express,8,EUR
ORD138171,21-06-2023,BR46,India,Bangalore,CUST6186,PROD147,Tablet,iPad Air,Apple,4,103.05,0.12,0.18,428.03,UPI,In-Store,EMP669,2,0,Standard,4,AED
ORD138172,15-11-2023,BR120,Germany,Munich,CUST3223,PROD782,Laptop,Dell XPS 13,Dell,5,1771.54,0.05,0.18,9929.48,Cash,In-Store,EMP600,2,1,Standard,3,AED
ORD138173,09-01-2024,BR1,USA,New York,CUST6020,PROD866,Accessories,Bluetooth Headphones,HP,5,683.57,0.21,0.18,3186.12,Credit Card,In-Store,EMP289,0,1,Standard,1,USD
ORD138174,16-01-2024,BR75,USA,New York,CUST3157,PROD448,Mobile,OnePlus 11,Sony,2,369.21,0.19,0.18,705.78,UPI,In-Store,EMP620,0,1,Express,7,GBP
ORD138175,19-12-2023,BR32,UAE,Abu Dhabi,CUST6907,PROD174,Laptop,Dell XPS 13,OnePlus,3,647.26,0.07,0.18,2130.91,UPI,Online,EMP367,2,1,Express,10,AED
ORD138176,06-11-2023,BR110,USA,Chicago,CUST6131,PROD789,Tablet,Samsung Galaxy Tab,Lenovo,5,1036.96,0.11,0.18,5445.08,UPI,In-Store,EMP586,0,0,Same Day,8,INR
ORD138177,22-12-2024,BR67,Germany,Munich,CUST6639,PROD107,Accessories,Keyboard,Samsung,4,969.43,0.24,0.18,3477.54,UPI,Online,EMP415,3,1,Same Day,8,AED
ORD138178,06-12-2023,BR6,Germany,Berlin,CUST6134,PROD679,Tablet,Samsung Galaxy Tab,Sony,1,331.87,0.21,0.18,309.37,Cash,In-Store,EMP554,0,1,Same Day,9,EUR
ORD138179,28-12-2024,BR73,India,Mumbai,CUST7290,PROD390,Mobile,Samsung Galaxy S23,LG,2,1598.54,0.02,0.18,3697.1,Net Banking,In-Store,EMP279,3,1,Same Day,4,INR
ORD138180,27-04-2024,BR54,UK,Manchester,CUST4370,PROD135,Accessories,Wireless Mouse,Dell,2,1112.6,0.05,0.18,2494.45,UPI,In-Store,EMP939,2,1,Standard,7,AED
ORD138181,27-09-2023,BR9,UK,Birmingham,CUST3182,PROD952,Laptop,HP Spectre x360,LG,4,1412.49,0.25,0.18,5000.21,Credit Card,In-Store,EMP927,1,1,Standard,7,AED
ORD138182,13-08-2023,BR35,UK,London,CUST1766,PROD651,Mobile,OnePlus 11,Dell,4,1764.83,0.16,0.18,6997.2,Debit Card,In-Store,EMP347,3,1,Same Day,5,EUR
ORD138183,18-01-2023,BR117,UK,Manchester,CUST7383,PROD989,Laptop,Dell XPS 13,HP,1,669.05,0.04,0.18,757.9,Net Banking,Online,EMP235,2,0,Standard,2,AED
ORD138184,14-06-2023,BR62,USA,New York,CUST1618,PROD570,Accessories,Wireless Mouse,Lenovo,2,1562.78,0.03,0.18,3577.52,Net Banking,Online,EMP756,0,0,Standard,1,INR
ORD138185,25-04-2023,BR33,Germany,Munich,CUST2590,PROD744,Tablet,Samsung Galaxy Tab,Samsung,4,56.86,0.28,0.18,193.23,Credit Card,Online,EMP257,2,0,Same Day,9,AED
ORD138186,09-05-2024,BR113,USA,Dallas,CUST4094,PROD164,Mobile,iPhone 14,HP,5,1086.26,0.05,0.18,6088.49,Cash,Online,EMP276,3,1,Standard,3,USD
ORD138187,26-08-2024,BR89,India,Delhi,CUST3452,PROD612,TV,Samsung QLED 50,HP,5,1513.81,0.23,0.18,6877.24,Credit Card,Online,EMP593,3,1,Express,4,GBP
ORD138188,15-04-2024,BR110,UAE,Abu Dhabi,CUST8041,PROD188,Laptop,HP Spectre x360,Lenovo,1,256.9,0.28,0.18,218.26,Debit Card,In-Store,EMP635,1,1,Same Day,4,EUR
ORD138189,20-03-2024,BR101,India,Mumbai,CUST4706,PROD779,TV,Sony Bravia 55,HP,2,1588.83,0.18,0.18,3074.7,Cash,In-Store,EMP851,1,1,Express,4,AED
ORD138190,02-04-2024,BR60,India,Mumbai,CUST7538,PROD883,Tablet,Samsung Galaxy Tab,Dell,1,1946.6,0.12,0.18,2021.35,Net Banking,In-Store,EMP375,2,1,Standard,4,EUR
ORD138191,15-06-2023,BR87,USA,New York,CUST6248,PROD927,Mobile,iPhone 14,Samsung,1,451.04,0.07,0.18,494.97,UPI,In-Store,EMP748,2,1,Standard,6,EUR
ORD138192,22-01-2024,BR38,India,Bangalore,CUST1337,PROD810,Laptop,HP Spectre x360,Apple,5,684.81,0.03,0.18,3919.17,Credit Card,Online,EMP717,2,0,Same Day,5,AED
ORD138193,09-09-2024,BR96,USA,New York,CUST1144,PROD446,Laptop,Dell XPS 13,LG,3,1958.76,0.22,0.18,5408.53,Net Banking,Online,EMP496,0,0,Same Day,2,EUR
ORD138194,28-05-2024,BR112,Germany,Hamburg,CUST8426,PROD605,Laptop,HP Spectre x360,LG,1,212.94,0.23,0.18,193.48,Debit Card,Online,EMP328,0,0,Standard,5,EUR
ORD138195,02-02-2024,BR78,UK,Birmingham,CUST3262,PROD256,Tablet,Samsung Galaxy Tab,Sony,4,1471.61,0.13,0.18,6043.02,UPI,In-Store,EMP682,0,1,Express,8,INR
ORD138196,19-09-2024,BR13,Germany,Berlin,CUST3804,PROD276,Accessories,Wireless Mouse,Samsung,2,1933.24,0.14,0.18,3923.7,UPI,In-Store,EMP233,1,0,Standard,8,AED
ORD138197,08-05-2023,BR93,India,Pune,CUST5577,PROD526,Mobile,OnePlus 11,HP,4,1100.12,0.22,0.18,4050.2,Debit Card,In-Store,EMP498,3,1,Express,9,GBP
ORD138198,21-10-2023,BR19,Germany,Hamburg,CUST8109,PROD108,Laptop,MacBook Air M2,OnePlus,1,308.56,0.18,0.18,298.56,Net Banking,In-Store,EMP509,3,1,Same Day,9,EUR
ORD138199,27-03-2023,BR11,UAE,Abu Dhabi,CUST8337,PROD417,Accessories,Wireless Mouse,Sony,4,1698.27,0.15,0.18,6813.46,Debit Card,Online,EMP807,0,1,Express,10,EUR
ORD138200,22-02-2023,BR45,India,Mumbai,CUST3763,PROD749,Accessories,Bluetooth Headphones,Dell,3,1585.66,0.02,0.18,5500.97,Net Banking,In-Store,EMP740,1,0,Express,7,AED
ORD138201,24-11-2023,BR17,India,Pune,CUST2773,PROD768,TV,Sony Bravia 55,OnePlus,4,1676.05,0.1,0.18,7119.86,Credit Card,In-Store,EMP531,1,1,Express,6,INR
ORD138202,24-02-2023,BR31,Germany,Hamburg,CUST6280,PROD794,Mobile,Samsung Galaxy S23,Lenovo,5,320.39,0.28,0.18,1361.02,Debit Card,In-Store,EMP352,0,1,Same Day,7,GBP
ORD138203,12-04-2024,BR9,USA,Los Angeles,CUST3937,PROD354,Mobile,Samsung Galaxy S23,LG,1,1513.2,0.12,0.18,1571.31,UPI,Online,EMP367,3,0,Same Day,5,USD
ORD138204,30-06-2023,BR17,UK,Manchester,CUST4821,PROD358,Accessories,Bluetooth Headphones,Dell,4,1327.81,0.19,0.18,5076.48,Debit Card,In-Store,EMP583,2,0,Express,3,GBP
ORD138205,18-08-2024,BR28,UK,London,CUST4377,PROD858,Mobile,OnePlus 11,LG,5,372.86,0.13,0.18,1913.89,Credit Card,Online,EMP769,3,0,Same Day,5,INR
ORD138206,13-05-2023,BR120,Germany,Berlin,CUST4087,PROD618,Tablet,Samsung Galaxy Tab,Sony,3,987.21,0.28,0.18,2516.2,Net Banking,In-Store,EMP267,3,0,Express,8,USD
ORD138207,22-03-2023,BR58,India,Mumbai,CUST7524,PROD696,Laptop,HP Spectre x360,Lenovo,1,803.62,0.17,0.18,787.07,UPI,In-Store,EMP585,2,1,Standard,9,GBP
ORD138208,19-07-2024,BR77,Germany,Hamburg,CUST8443,PROD292,Accessories,Wireless Mouse,LG,3,940.28,0.21,0.18,2629.59,Net Banking,In-Store,EMP323,3,1,Standard,4,AED
ORD138209,16-07-2023,BR37,UAE,Abu Dhabi,CUST1651,PROD431,TV,Sony Bravia 55,HP,3,1760.47,0.13,0.18,5421.9,Cash,Online,EMP541,0,0,Standard,9,INR
ORD138210,19-11-2023,BR70,USA,Los Angeles,CUST7224,PROD425,TV,Sony Bravia 55,HP,2,685.65,0.27,0.18,1181.24,Credit Card,In-Store,EMP520,3,1,Standard,3,USD
ORD138211,25-05-2024,BR97,UAE,Dubai,CUST3015,PROD337,Laptop,Dell XPS 13,Sony,3,972.63,0.15,0.18,2926.64,Cash,In-Store,EMP619,3,0,Same Day,6,INR
ORD138212,08-04-2023,BR101,USA,Dallas,CUST2188,PROD755,Accessories,Keyboard,Samsung,1,1783.82,0.08,0.18,1936.51,UPI,In-Store,EMP529,3,1,Express,5,USD
ORD138213,24-08-2023,BR108,USA,Los Angeles,CUST5344,PROD668,TV,LG OLED 48,Dell,2,1101,0.26,0.18,1922.79,Net Banking,Online,EMP916,0,1,Same Day,4,USD
ORD138214,14-04-2023,BR61,USA,Dallas,CUST5177,PROD964,Tablet,iPad Air,Lenovo,4,561.6,0.05,0.18,2518.21,Credit Card,Online,EMP918,1,0,Same Day,2,GBP
ORD138215,25-02-2024,BR70,UAE,Dubai,CUST8257,PROD710,Laptop,Dell XPS 13,HP,4,1819.72,0.15,0.18,7300.72,Debit Card,In-Store,EMP828,3,0,Standard,5,USD
ORD138216,14-10-2024,BR99,UK,London,CUST1697,PROD590,Tablet,Lenovo Tab P11,Apple,2,306.23,0.19,0.18,585.39,Debit Card,In-Store,EMP554,3,1,Express,1,AED
ORD138217,31-10-2024,BR55,USA,New York,CUST1146,PROD473,Accessories,Bluetooth Headphones,Samsung,2,663.41,0.23,0.18,1205.55,Net Banking,Online,EMP518,0,1,Standard,7,USD
ORD138218,18-08-2023,BR95,UK,Manchester,CUST8655,PROD909,Mobile,OnePlus 11,HP,5,88.32,0.1,0.18,468.98,Cash,In-Store,EMP431,1,1,Express,8,GBP
ORD138219,23-02-2024,BR4,India,Bangalore,CUST6012,PROD999,Mobile,iPhone 14,Sony,4,1533.63,0.15,0.18,6152.92,Debit Card,In-Store,EMP792,0,0,Same Day,7,USD
ORD138220,23-05-2024,BR63,UK,London,CUST3507,PROD738,Tablet,Samsung Galaxy Tab,Lenovo,2,875.18,0.3,0.18,1445.8,Debit Card,In-Store,EMP538,3,1,Same Day,5,EUR
ORD138221,02-12-2024,BR88,UK,Manchester,CUST4027,PROD317,Tablet,iPad Air,HP,4,1624.29,0.08,0.18,7053.32,UPI,In-Store,EMP771,2,1,Standard,7,GBP
ORD138222,19-07-2023,BR43,Germany,Munich,CUST5790,PROD529,Laptop,Dell XPS 13,Apple,1,926.77,0.25,0.18,820.19,Debit Card,Online,EMP761,3,1,Standard,3,GBP
ORD138223,24-09-2023,BR106,USA,Dallas,CUST5105,PROD420,TV,LG OLED 48,Samsung,3,443.1,0.27,0.18,1145.06,Net Banking,Online,EMP405,1,0,Same Day,7,INR
ORD138224,28-03-2023,BR28,USA,Chicago,CUST3697,PROD639,Tablet,iPad Air,LG,2,1422.94,0.17,0.18,2787.25,UPI,In-Store,EMP618,0,1,Standard,8,AED
ORD138225,09-05-2023,BR46,Germany,Berlin,CUST4297,PROD221,Tablet,iPad Air,LG,4,151.61,0.14,0.18,615.42,Debit Card,In-Store,EMP520,3,1,Standard,8,INR
ORD138226,04-07-2023,BR54,UK,London,CUST8910,PROD314,Accessories,Keyboard,Samsung,4,1762.76,0.2,0.18,6656.18,UPI,In-Store,EMP306,2,1,Standard,2,EUR
ORD138227,02-07-2024,BR90,USA,Los Angeles,CUST1578,PROD558,Tablet,Lenovo Tab P11,Dell,3,1637.3,0.18,0.18,4752.75,Credit Card,Online,EMP843,3,0,Same Day,2,AED
ORD138228,25-03-2024,BR7,UAE,Abu Dhabi,CUST2095,PROD637,Laptop,MacBook Air M2,Sony,1,982.1,0.23,0.18,892.34,Credit Card,Online,EMP843,0,1,Express,8,GBP
ORD138229,25-11-2024,BR91,UK,Manchester,CUST2188,PROD909,Laptop,Dell XPS 13,Sony,2,417.62,0.3,0.18,689.91,UPI,In-Store,EMP244,2,1,Standard,2,INR
ORD138230,08-04-2024,BR66,USA,Dallas,CUST2886,PROD757,Laptop,Dell XPS 13,OnePlus,3,308.79,0.2,0.18,874.49,UPI,Online,EMP823,1,0,Standard,4,EUR
ORD138231,20-02-2024,BR38,India,Mumbai,CUST9091,PROD156,Tablet,Lenovo Tab P11,HP,3,782.47,0.14,0.18,2382.15,Net Banking,Online,EMP930,1,1,Express,9,GBP
ORD138232,30-07-2024,BR47,UAE,Dubai,CUST3283,PROD364,Tablet,Lenovo Tab P11,HP,5,1775.45,0.07,0.18,9741.89,UPI,Online,EMP684,0,1,Same Day,7,EUR
ORD138233,11-06-2023,BR105,UAE,Dubai,CUST9429,PROD873,Laptop,Dell XPS 13,OnePlus,2,1609.61,0.05,0.18,3608.75,UPI,In-Store,EMP270,0,0,Same Day,9,GBP
ORD138234,01-12-2024,BR1,UK,Manchester,CUST3240,PROD167,TV,LG OLED 48,Sony,1,1205.5,0.02,0.18,1394.04,Cash,Online,EMP544,1,0,Express,6,AED
ORD138235,10-11-2023,BR21,UAE,Abu Dhabi,CUST5805,PROD479,Mobile,iPhone 14,Sony,2,1016.89,0.2,0.18,1919.89,Debit Card,In-Store,EMP676,0,0,Same Day,9,EUR
ORD138236,30-04-2024,BR34,USA,New York,CUST7447,PROD261,Accessories,Wireless Mouse,Apple,4,391.98,0.25,0.18,1387.61,Net Banking,In-Store,EMP710,3,1,Standard,10,GBP
ORD138237,12-03-2023,BR76,UAE,Abu Dhabi,CUST3726,PROD330,Mobile,OnePlus 11,Lenovo,4,1265.07,0.21,0.18,4717.19,UPI,Online,EMP367,0,0,Same Day,9,USD
ORD138238,16-07-2024,BR22,UAE,Abu Dhabi,CUST7370,PROD809,TV,Sony Bravia 55,Dell,3,1198.68,0.2,0.18,3394.66,UPI,Online,EMP304,1,1,Standard,4,INR
ORD138239,22-06-2023,BR76,UAE,Dubai,CUST6463,PROD164,TV,Samsung QLED 50,LG,5,191.36,0.3,0.18,790.32,UPI,In-Store,EMP355,0,0,Standard,6,INR
ORD138240,11-07-2024,BR107,India,Mumbai,CUST8892,PROD854,TV,Samsung QLED 50,LG,1,849.67,0.01,0.18,992.58,Net Banking,Online,EMP233,2,0,Express,10,AED
ORD138241,03-06-2024,BR45,USA,Chicago,CUST9633,PROD646,Accessories,Keyboard,HP,5,1446.98,0.25,0.18,6402.89,UPI,Online,EMP633,1,0,Express,1,INR
ORD138242,20-03-2024,BR96,India,Bangalore,CUST9968,PROD806,TV,Sony Bravia 55,LG,4,1317.61,0.27,0.18,4539.96,Credit Card,Online,EMP855,3,1,Same Day,5,EUR
ORD138243,13-04-2023,BR97,USA,Los Angeles,CUST4254,PROD429,Accessories,Wireless Mouse,Lenovo,4,1793.85,0.05,0.18,8043.62,Cash,Online,EMP925,1,1,Express,9,GBP
ORD138244,07-12-2024,BR15,USA,New York,CUST4065,PROD914,Tablet,iPad Air,OnePlus,5,1935.79,0.2,0.18,9136.93,Debit Card,In-Store,EMP535,0,1,Standard,3,INR
ORD138245,09-02-2023,BR45,UAE,Dubai,CUST8913,PROD556,Laptop,Dell XPS 13,Apple,1,1054.25,0.16,0.18,1044.97,Cash,Online,EMP333,3,1,Same Day,8,GBP
ORD138246,28-11-2024,BR58,India,Bangalore,CUST4898,PROD424,Mobile,iPhone 14,LG,1,949.29,0.12,0.18,985.74,Debit Card,Online,EMP732,0,1,Express,8,GBP
ORD138247,19-04-2023,BR56,India,Bangalore,CUST4897,PROD272,Tablet,Lenovo Tab P11,Apple,1,1548.11,0.03,0.18,1771.97,Cash,In-Store,EMP365,0,1,Standard,3,EUR
ORD138248,21-06-2023,BR41,Germany,Munich,CUST9687,PROD914,Mobile,OnePlus 11,Dell,3,354.88,0.11,0.18,1118.08,UPI,In-Store,EMP512,0,0,Same Day,6,INR
ORD138249,23-12-2023,BR21,Germany,Hamburg,CUST6350,PROD873,Mobile,iPhone 14,Lenovo,5,111.25,0.12,0.18,577.61,Credit Card,Online,EMP960,1,1,Same Day,8,INR
ORD138250,21-05-2024,BR100,India,Mumbai,CUST6420,PROD147,TV,Samsung QLED 50,HP,3,703.34,0.15,0.18,2116.35,Credit Card,In-Store,EMP921,2,0,Express,2,INR
ORD138251,30-09-2023,BR13,USA,New York,CUST1742,PROD825,TV,Samsung QLED 50,Apple,4,1334,0.3,0.18,4407.54,Debit Card,Online,EMP550,3,1,Standard,8,GBP
ORD138252,15-09-2023,BR11,UK,Birmingham,CUST7718,PROD698,Laptop,Dell XPS 13,Dell,5,230.73,0.04,0.18,1306.85,Debit Card,Online,EMP931,2,0,Express,7,AED
ORD138253,07-02-2023,BR68,Germany,Berlin,CUST9922,PROD392,TV,Sony Bravia 55,Apple,4,107.08,0.18,0.18,414.44,Debit Card,In-Store,EMP977,3,0,Express,6,AED
ORD138254,18-03-2024,BR63,Germany,Hamburg,CUST9483,PROD843,TV,Samsung QLED 50,Lenovo,5,1016.24,0.07,0.18,5576.11,Net Banking,In-Store,EMP918,0,0,Express,10,GBP
ORD138255,20-07-2024,BR53,UK,London,CUST5051,PROD321,TV,Samsung QLED 50,Samsung,1,1605.86,0.29,0.18,1345.39,UPI,In-Store,EMP632,1,1,Standard,5,GBP
ORD138256,20-05-2024,BR112,UAE,Abu Dhabi,CUST8184,PROD428,TV,Sony Bravia 55,Apple,4,234.93,0.28,0.18,798.39,Credit Card,In-Store,EMP580,0,0,Same Day,3,INR
ORD138257,12-05-2023,BR44,UK,Birmingham,CUST8593,PROD308,TV,Sony Bravia 55,Apple,3,421.48,0.15,0.18,1268.23,Debit Card,In-Store,EMP439,0,0,Same Day,9,INR
ORD138258,27-11-2023,BR28,UAE,Abu Dhabi,CUST7676,PROD683,Mobile,OnePlus 11,OnePlus,3,244.02,0.07,0.18,803.36,Debit Card,Online,EMP492,1,0,Express,1,USD
ORD138259,12-08-2024,BR63,UK,London,CUST8865,PROD628,Mobile,Samsung Galaxy S23,OnePlus,1,827.43,0.21,0.18,771.33,Net Banking,Online,EMP474,2,0,Express,10,AED
ORD138260,28-07-2024,BR24,USA,Dallas,CUST5732,PROD744,Accessories,Wireless Mouse,HP,5,800.22,0,0.18,4721.3,UPI,In-Store,EMP561,3,0,Standard,1,AED
ORD138261,29-01-2024,BR73,USA,Chicago,CUST1475,PROD861,TV,Samsung QLED 50,Lenovo,5,1151.43,0.13,0.18,5910.29,Credit Card,In-Store,EMP731,1,0,Standard,6,INR
ORD138262,07-11-2024,BR35,India,Bangalore,CUST6268,PROD754,Accessories,Bluetooth Headphones,Samsung,1,1302.73,0.1,0.18,1383.5,Debit Card,In-Store,EMP954,0,1,Standard,7,AED
ORD138263,23-10-2023,BR75,UAE,Dubai,CUST4920,PROD673,TV,LG OLED 48,Sony,4,336,0.12,0.18,1395.61,Debit Card,Online,EMP737,1,1,Standard,1,EUR
ORD138264,19-08-2023,BR37,Germany,Berlin,CUST3369,PROD144,TV,Sony Bravia 55,Samsung,3,840.22,0.23,0.18,2290.27,Debit Card,Online,EMP326,2,1,Same Day,2,AED
ORD138265,21-02-2023,BR69,Germany,Munich,CUST1344,PROD617,Laptop,Dell XPS 13,Sony,5,294.19,0.09,0.18,1579.51,Net Banking,Online,EMP605,3,0,Standard,3,INR
ORD138266,25-10-2024,BR119,UAE,Dubai,CUST1681,PROD220,Mobile,iPhone 14,Dell,5,683.31,0.03,0.18,3910.58,Debit Card,Online,EMP890,2,1,Standard,2,INR
ORD138267,30-07-2024,BR29,Germany,Hamburg,CUST4477,PROD987,Tablet,iPad Air,Dell,4,60.63,0.22,0.18,223.22,Credit Card,In-Store,EMP223,0,1,Standard,9,GBP
ORD138268,09-03-2024,BR43,USA,Dallas,CUST7870,PROD871,Mobile,iPhone 14,LG,5,493.33,0.24,0.18,2212.09,UPI,In-Store,EMP856,0,0,Same Day,4,INR
ORD138269,11-11-2023,BR70,USA,New York,CUST7275,PROD852,TV,Samsung QLED 50,Lenovo,1,1850.16,0.11,0.18,1943.04,Cash,In-Store,EMP749,0,0,Standard,10,GBP
ORD138270,26-03-2024,BR86,Germany,Berlin,CUST6062,PROD779,Laptop,MacBook Air M2,LG,5,359.91,0.15,0.18,1804.95,Net Banking,Online,EMP617,0,1,Same Day,1,GBP
ORD138271,06-01-2023,BR33,India,Pune,CUST5840,PROD573,Laptop,HP Spectre x360,HP,5,150.09,0.13,0.18,770.41,Cash,Online,EMP324,2,0,Express,2,GBP
ORD138272,17-07-2024,BR58,UAE,Dubai,CUST5796,PROD784,TV,LG OLED 48,HP,5,1014.46,0.02,0.18,5865.61,UPI,Online,EMP761,0,0,Express,5,EUR
ORD138273,06-06-2023,BR53,India,Pune,CUST5756,PROD717,Laptop,HP Spectre x360,Sony,2,234.2,0.1,0.18,497.44,Debit Card,In-Store,EMP701,1,0,Same Day,10,GBP
ORD138274,20-05-2023,BR58,India,Mumbai,CUST8804,PROD647,Accessories,Keyboard,Samsung,2,1459.16,0.24,0.18,2617.15,Credit Card,Online,EMP719,0,1,Standard,6,AED
ORD138275,07-07-2023,BR78,Germany,Munich,CUST6247,PROD630,Mobile,Samsung Galaxy S23,Lenovo,2,1187.24,0.23,0.18,2157.45,Net Banking,In-Store,EMP947,3,0,Express,5,USD
ORD138276,23-02-2024,BR113,UAE,Abu Dhabi,CUST3893,PROD152,Laptop,HP Spectre x360,Sony,4,1800.61,0.24,0.18,6459.15,Debit Card,Online,EMP562,0,0,Standard,10,EUR
ORD138277,26-12-2023,BR68,UK,Birmingham,CUST5151,PROD917,Tablet,iPad Air,Samsung,1,1669.9,0.06,0.18,1852.25,Credit Card,Online,EMP256,0,0,Same Day,8,INR
ORD138278,21-06-2023,BR54,UAE,Dubai,CUST1708,PROD512,TV,Samsung QLED 50,HP,5,172.67,0.21,0.18,804.81,Net Banking,In-Store,EMP754,0,0,Same Day,1,INR
ORD138279,09-02-2023,BR88,UK,London,CUST4101,PROD773,Laptop,MacBook Air M2,HP,2,600.95,0.29,0.18,1006.95,Net Banking,Online,EMP967,3,0,Express,1,GBP
ORD138280,24-06-2024,BR47,Germany,Munich,CUST6143,PROD382,Tablet,Lenovo Tab P11,Sony,2,1557.17,0.21,0.18,2903.19,Debit Card,Online,EMP647,3,0,Same Day,2,EUR
ORD138281,07-05-2023,BR106,UK,Birmingham,CUST1728,PROD838,Accessories,Wireless Mouse,Apple,4,644.86,0.23,0.18,2343.68,Debit Card,In-Store,EMP736,0,1,Standard,10,AED
ORD138282,08-04-2024,BR3,India,Bangalore,CUST5838,PROD735,Accessories,Wireless Mouse,HP,5,1804.47,0.12,0.18,9368.81,Debit Card,Online,EMP697,3,0,Same Day,5,INR
ORD138283,16-10-2023,BR116,Germany,Berlin,CUST3089,PROD730,Accessories,Wireless Mouse,HP,3,1579.9,0.01,0.18,5536.92,Credit Card,Online,EMP340,1,0,Same Day,8,USD
ORD138284,19-12-2024,BR43,Germany,Hamburg,CUST7930,PROD994,TV,LG OLED 48,HP,4,775.05,0.12,0.18,3219.25,UPI,In-Store,EMP225,0,1,Express,4,GBP
ORD138285,15-09-2023,BR30,USA,New York,CUST4007,PROD608,TV,Sony Bravia 55,Samsung,2,388.48,0.05,0.18,870.97,Cash,Online,EMP737,0,0,Express,9,EUR
ORD138286,22-10-2023,BR107,India,Delhi,CUST4715,PROD726,Laptop,HP Spectre x360,OnePlus,1,1725.91,0.13,0.18,1771.82,Debit Card,In-Store,EMP646,1,1,Standard,8,AED
ORD138287,23-12-2023,BR104,UK,Manchester,CUST6937,PROD886,Tablet,Lenovo Tab P11,OnePlus,4,450.49,0.07,0.18,1977.47,Credit Card,Online,EMP349,1,0,Express,8,GBP
ORD138288,11-10-2024,BR73,USA,New York,CUST4276,PROD122,Accessories,Keyboard,LG,5,1394.56,0.3,0.18,5759.53,Credit Card,In-Store,EMP768,0,1,Same Day,7,GBP
ORD138289,16-02-2024,BR118,India,Mumbai,CUST6789,PROD364,Tablet,Lenovo Tab P11,HP,5,789.17,0.17,0.18,3864.57,Net Banking,In-Store,EMP867,1,1,Express,8,INR
ORD138290,02-01-2023,BR68,Germany,Munich,CUST8311,PROD193,TV,Sony Bravia 55,OnePlus,4,1381.74,0.24,0.18,4956.58,Credit Card,In-Store,EMP395,0,1,Express,7,EUR
ORD138291,07-05-2024,BR87,USA,Chicago,CUST1640,PROD803,Laptop,MacBook Air M2,HP,4,1194.74,0.23,0.18,4342.16,Cash,Online,EMP829,1,1,Standard,10,INR
ORD138292,18-09-2023,BR26,UAE,Dubai,CUST6354,PROD778,Accessories,Wireless Mouse,OnePlus,1,1169.9,0.23,0.18,1062.97,Cash,Online,EMP971,2,0,Standard,1,AED
ORD138293,02-02-2024,BR86,UK,London,CUST7791,PROD217,TV,Samsung QLED 50,Lenovo,2,1222.66,0.29,0.18,2048.69,Net Banking,In-Store,EMP391,3,1,Standard,1,GBP
ORD138294,23-03-2024,BR1,USA,Los Angeles,CUST9567,PROD267,Tablet,Lenovo Tab P11,Samsung,1,1474.73,0.11,0.18,1548.76,Cash,Online,EMP945,3,1,Same Day,5,INR
ORD138295,27-10-2024,BR29,India,Pune,CUST5552,PROD147,Laptop,Dell XPS 13,Samsung,2,1988.04,0.15,0.18,3988.01,Cash,Online,EMP899,2,0,Standard,9,EUR
ORD138296,31-12-2023,BR106,UAE,Dubai,CUST7868,PROD432,Tablet,Samsung Galaxy Tab,HP,1,1083.34,0.14,0.18,1099.37,Credit Card,In-Store,EMP463,3,0,Same Day,9,EUR
ORD138297,10-09-2024,BR93,UK,Manchester,CUST5699,PROD314,Accessories,Wireless Mouse,Apple,3,1820.19,0.14,0.18,5541.39,Debit Card,Online,EMP508,2,1,Standard,2,GBP
ORD138298,07-09-2024,BR10,UK,Manchester,CUST1746,PROD696,Tablet,Lenovo Tab P11,Dell,1,594.5,0.01,0.18,694.49,Credit Card,In-Store,EMP233,2,0,Same Day,5,GBP
ORD138299,25-04-2024,BR18,USA,Los Angeles,CUST8356,PROD379,Tablet,Samsung Galaxy Tab,Samsung,1,837.68,0.12,0.18,869.85,Net Banking,In-Store,EMP557,0,1,Standard,8,INR
ORD138300,25-05-2024,BR7,UK,Birmingham,CUST6512,PROD355,Mobile,Samsung Galaxy S23,OnePlus,4,1402.53,0.22,0.18,5163.55,Debit Card,Online,EMP444,0,0,Standard,10,INR
ORD138301,27-12-2024,BR37,USA,Los Angeles,CUST4721,PROD334,TV,Sony Bravia 55,Dell,3,1129.34,0.26,0.18,2958.42,Net Banking,In-Store,EMP439,2,1,Same Day,9,EUR
ORD138302,05-11-2023,BR62,UK,London,CUST2234,PROD548,TV,Sony Bravia 55,Sony,4,261.6,0.16,0.18,1037.19,UPI,Online,EMP585,3,1,Express,9,USD
ORD138303,11-04-2024,BR21,UK,London,CUST6815,PROD892,Accessories,Bluetooth Headphones,HP,1,1523.44,0.04,0.18,1725.75,Net Banking,Online,EMP885,2,1,Express,8,AED
ORD138304,25-02-2023,BR93,UK,London,CUST3211,PROD427,Laptop,MacBook Air M2,Lenovo,3,235.2,0.25,0.18,624.46,Debit Card,In-Store,EMP825,2,0,Standard,1,GBP
ORD138305,25-10-2023,BR14,UK,Manchester,CUST5267,PROD574,TV,Sony Bravia 55,HP,5,1882.59,0.01,0.18,10996.21,Net Banking,Online,EMP815,2,1,Standard,9,INR
ORD138306,02-10-2024,BR103,UK,Birmingham,CUST2710,PROD196,Laptop,HP Spectre x360,LG,3,840.55,0.14,0.18,2558.97,UPI,Online,EMP439,1,0,Same Day,9,EUR
ORD138307,05-11-2024,BR61,UAE,Dubai,CUST7151,PROD824,Tablet,Samsung Galaxy Tab,Lenovo,3,1647.52,0.15,0.18,4957.39,UPI,In-Store,EMP773,2,0,Same Day,8,USD
ORD138308,31-08-2023,BR46,UAE,Dubai,CUST3128,PROD282,Laptop,Dell XPS 13,OnePlus,1,452.46,0.06,0.18,501.87,UPI,In-Store,EMP303,0,1,Same Day,1,GBP
ORD138309,07-07-2024,BR120,UK,London,CUST3786,PROD557,TV,Sony Bravia 55,Apple,3,1651.96,0.06,0.18,5497.06,Debit Card,In-Store,EMP965,2,1,Standard,3,EUR
ORD138310,02-01-2024,BR43,Germany,Hamburg,CUST4415,PROD340,Accessories,Keyboard,OnePlus,5,851.72,0.07,0.18,4673.39,Debit Card,Online,EMP803,1,1,Same Day,6,USD
ORD138311,18-05-2024,BR111,USA,Dallas,CUST1014,PROD829,TV,Samsung QLED 50,HP,2,1984.75,0.11,0.18,4168.77,Credit Card,In-Store,EMP646,3,0,Same Day,8,USD
ORD138312,18-02-2024,BR20,Germany,Berlin,CUST7964,PROD143,Laptop,MacBook Air M2,Dell,2,866.91,0.03,0.18,1984.53,Net Banking,Online,EMP988,0,1,Standard,6,GBP
ORD138313,09-04-2024,BR64,UK,London,CUST6788,PROD731,Laptop,Dell XPS 13,Apple,2,1505.71,0.06,0.18,3340.27,Net Banking,Online,EMP850,2,1,Express,8,INR
ORD138314,27-11-2023,BR35,Germany,Munich,CUST8927,PROD961,Mobile,Samsung Galaxy S23,HP,3,1726.18,0.26,0.18,4521.9,Credit Card,Online,EMP676,0,1,Same Day,4,EUR
ORD138315,27-09-2023,BR120,USA,Los Angeles,CUST5266,PROD758,Mobile,Samsung Galaxy S23,LG,1,1881.64,0.19,0.18,1798.47,Net Banking,Online,EMP340,1,0,Same Day,8,GBP
ORD138316,08-08-2023,BR33,UK,Manchester,CUST1875,PROD224,Mobile,Samsung Galaxy S23,HP,5,93.85,0.22,0.18,431.9,Credit Card,Online,EMP248,2,0,Express,9,INR
ORD138317,20-01-2024,BR55,India,Bangalore,CUST3304,PROD375,Accessories,Bluetooth Headphones,LG,1,355.49,0.06,0.18,394.31,UPI,In-Store,EMP604,2,1,Same Day,6,INR
ORD138318,11-05-2024,BR118,USA,Dallas,CUST7584,PROD193,Accessories,Wireless Mouse,Lenovo,4,1761.16,0.19,0.18,6733.27,Debit Card,In-Store,EMP761,2,1,Same Day,9,INR
ORD138319,16-04-2024,BR96,UK,London,CUST4578,PROD711,Tablet,iPad Air,HP,1,1679.39,0.09,0.18,1803.33,Debit Card,Online,EMP499,3,1,Standard,2,AED
ORD138320,05-07-2024,BR5,India,Pune,CUST2903,PROD695,Tablet,iPad Air,Apple,2,637.07,0.12,0.18,1323.07,UPI,In-Store,EMP960,2,1,Standard,2,EUR
ORD138321,03-04-2024,BR40,India,Delhi,CUST4844,PROD828,Tablet,Lenovo Tab P11,HP,3,1560.89,0.03,0.18,5359.78,Net Banking,Online,EMP686,1,1,Same Day,3,AED
ORD138322,06-08-2024,BR93,Germany,Berlin,CUST1349,PROD137,Mobile,OnePlus 11,Lenovo,4,1964.72,0.22,0.18,7233.31,Credit Card,In-Store,EMP629,0,1,Same Day,8,USD
ORD138323,02-01-2023,BR67,India,Mumbai,CUST4875,PROD577,Laptop,MacBook Air M2,Apple,2,1692.24,0.14,0.18,3434.57,Cash,Online,EMP820,1,0,Standard,2,GBP
ORD138324,01-05-2024,BR88,UAE,Abu Dhabi,CUST2743,PROD182,Laptop,Dell XPS 13,HP,5,1602.57,0.25,0.18,7091.37,Debit Card,In-Store,EMP319,1,0,Standard,4,AED
ORD138325,12-07-2023,BR119,India,Mumbai,CUST1709,PROD628,Accessories,Keyboard,HP,1,1134.53,0.21,0.18,1057.61,Debit Card,In-Store,EMP566,3,1,Express,3,EUR
ORD138326,21-09-2023,BR77,UK,Birmingham,CUST9851,PROD966,Accessories,Wireless Mouse,Dell,1,915.98,0.21,0.18,853.88,Debit Card,In-Store,EMP764,0,0,Standard,6,AED
ORD138327,10-11-2023,BR90,India,Delhi,CUST3037,PROD658,Tablet,Samsung Galaxy Tab,Apple,5,360.79,0.08,0.18,1958.37,Cash,Online,EMP563,2,0,Same Day,7,AED
ORD138328,06-09-2024,BR98,India,Mumbai,CUST5893,PROD554,Accessories,Keyboard,OnePlus,3,57.36,0.01,0.18,201.02,Credit Card,In-Store,EMP276,0,1,Standard,1,AED
ORD138329,27-04-2023,BR3,Germany,Munich,CUST2414,PROD159,TV,Sony Bravia 55,HP,4,298.57,0.03,0.18,1366.97,Net Banking,In-Store,EMP437,1,0,Standard,6,INR
ORD138330,16-07-2024,BR52,USA,New York,CUST8150,PROD355,TV,LG OLED 48,Sony,5,845.7,0.02,0.18,4889.84,Credit Card,In-Store,EMP289,2,0,Standard,7,AED
ORD138331,01-12-2023,BR40,Germany,Hamburg,CUST3368,PROD596,Laptop,MacBook Air M2,Samsung,3,767.18,0.27,0.18,1982.55,Debit Card,In-Store,EMP690,0,1,Express,1,GBP
ORD138332,29-01-2023,BR100,Germany,Munich,CUST6897,PROD872,Mobile,OnePlus 11,Apple,5,1627,0.23,0.18,7391.46,Credit Card,In-Store,EMP281,0,0,Standard,3,AED
ORD138333,19-03-2024,BR37,UK,Manchester,CUST1437,PROD587,Mobile,OnePlus 11,Lenovo,2,422.8,0.24,0.18,758.33,UPI,In-Store,EMP637,1,0,Standard,1,INR
ORD138334,23-05-2024,BR116,UK,Manchester,CUST8757,PROD776,Mobile,Samsung Galaxy S23,LG,3,1535.87,0.17,0.18,4512.69,Net Banking,In-Store,EMP306,3,1,Same Day,4,GBP
ORD138335,14-02-2024,BR11,UAE,Dubai,CUST8410,PROD699,Tablet,iPad Air,Apple,5,469.28,0.3,0.18,1938.13,Debit Card,Online,EMP260,2,1,Same Day,9,GBP
ORD138336,20-12-2024,BR48,UK,Manchester,CUST6805,PROD681,TV,Samsung QLED 50,OnePlus,2,1707.77,0.18,0.18,3304.88,Cash,Online,EMP513,1,0,Express,2,INR
ORD138337,11-03-2024,BR33,India,Mumbai,CUST3566,PROD116,Accessories,Wireless Mouse,OnePlus,3,1759.93,0.26,0.18,4610.31,Net Banking,In-Store,EMP704,3,0,Express,2,GBP
ORD138338,02-03-2024,BR96,USA,Dallas,CUST5757,PROD192,Laptop,MacBook Air M2,Samsung,2,453.63,0.23,0.18,824.34,Cash,In-Store,EMP249,2,0,Express,4,USD
ORD138339,02-07-2023,BR27,UAE,Abu Dhabi,CUST2638,PROD892,Accessories,Wireless Mouse,OnePlus,5,840.39,0.12,0.18,4363.3,Net Banking,Online,EMP525,3,0,Standard,10,GBP
ORD138340,21-07-2023,BR56,USA,Dallas,CUST9497,PROD143,TV,LG OLED 48,Lenovo,2,1855.04,0.21,0.18,3458.54,Net Banking,In-Store,EMP264,2,0,Standard,9,GBP
ORD138341,07-04-2023,BR106,UAE,Dubai,CUST4364,PROD303,TV,LG OLED 48,Apple,1,1739.32,0.27,0.18,1498.25,Net Banking,In-Store,EMP275,3,0,Express,4,USD
ORD138342,21-06-2024,BR63,India,Bangalore,CUST5388,PROD178,Accessories,Keyboard,Sony,2,416.21,0.11,0.18,874.21,Cash,In-Store,EMP525,2,0,Express,8,USD
ORD138343,25-01-2024,BR13,USA,Los Angeles,CUST6942,PROD721,Laptop,MacBook Air M2,LG,1,1127.08,0.23,0.18,1024.06,UPI,In-Store,EMP846,2,0,Same Day,5,USD
ORD138344,24-02-2023,BR10,India,Mumbai,CUST7302,PROD318,Accessories,Bluetooth Headphones,Sony,1,666.92,0.03,0.18,763.36,UPI,In-Store,EMP959,2,0,Same Day,7,INR
ORD138345,25-01-2024,BR86,UK,Manchester,CUST9955,PROD194,Laptop,HP Spectre x360,HP,5,344.81,0.29,0.18,1444.41,Credit Card,In-Store,EMP749,1,1,Standard,2,USD
ORD138346,08-11-2023,BR80,USA,New York,CUST8041,PROD385,TV,Samsung QLED 50,OnePlus,3,725.12,0.03,0.18,2489.92,Credit Card,Online,EMP304,0,0,Express,6,EUR
ORD138347,07-03-2024,BR17,UAE,Abu Dhabi,CUST7905,PROD597,Mobile,OnePlus 11,HP,1,480.2,0.09,0.18,515.64,Credit Card,Online,EMP691,0,1,Same Day,3,EUR
ORD138348,02-05-2024,BR26,UAE,Dubai,CUST8389,PROD371,Accessories,Wireless Mouse,Sony,5,639.51,0.17,0.18,3131.68,Credit Card,In-Store,EMP426,3,0,Express,1,EUR
ORD138349,17-05-2024,BR110,UK,Manchester,CUST8597,PROD796,TV,Sony Bravia 55,Samsung,2,366.87,0.16,0.18,727.28,UPI,In-Store,EMP366,3,1,Express,10,AED
ORD138350,10-08-2023,BR72,USA,New York,CUST4668,PROD214,TV,Samsung QLED 50,HP,1,1945.57,0.25,0.18,1721.83,UPI,Online,EMP612,0,1,Same Day,8,AED
ORD138351,16-02-2024,BR53,USA,Chicago,CUST2326,PROD327,TV,Sony Bravia 55,OnePlus,5,328.27,0.3,0.18,1355.76,Net Banking,In-Store,EMP701,0,0,Standard,2,AED
ORD138352,09-09-2023,BR92,UAE,Dubai,CUST5232,PROD999,TV,LG OLED 48,Samsung,4,580.93,0.17,0.18,2275.85,Credit Card,Online,EMP206,3,0,Standard,5,INR
ORD138353,02-05-2024,BR53,UK,Birmingham,CUST8918,PROD608,Tablet,Samsung Galaxy Tab,Apple,5,845.45,0.13,0.18,4339.69,Net Banking,In-Store,EMP695,2,1,Express,2,AED
ORD138354,17-10-2023,BR15,UK,Manchester,CUST1519,PROD715,Mobile,OnePlus 11,Dell,3,993.98,0.24,0.18,2674.2,Debit Card,Online,EMP993,0,0,Standard,8,GBP
ORD138355,01-04-2023,BR119,USA,Los Angeles,CUST2778,PROD552,Tablet,iPad Air,Dell,4,296.76,0.29,0.18,994.5,UPI,Online,EMP521,3,0,Standard,8,GBP
ORD138356,20-07-2024,BR98,UK,London,CUST1491,PROD211,TV,Sony Bravia 55,Dell,5,873.65,0.3,0.18,3608.17,Credit Card,In-Store,EMP697,3,0,Same Day,9,USD
ORD138357,12-05-2023,BR116,India,Mumbai,CUST1016,PROD876,Mobile,Samsung Galaxy S23,OnePlus,1,1916.63,0.12,0.18,1990.23,Credit Card,In-Store,EMP229,0,1,Express,9,USD
ORD138358,13-02-2024,BR17,USA,Chicago,CUST6149,PROD584,Mobile,iPhone 14,Sony,4,459.51,0.27,0.18,1583.29,UPI,Online,EMP901,2,0,Express,3,GBP
ORD138359,12-09-2024,BR74,India,Pune,CUST6968,PROD959,Tablet,Samsung Galaxy Tab,HP,5,1003.64,0.26,0.18,4381.89,Net Banking,In-Store,EMP517,0,0,Same Day,10,EUR
ORD138360,20-04-2024,BR66,UK,Manchester,CUST3150,PROD856,TV,Sony Bravia 55,LG,2,779.11,0.05,0.18,1746.76,Net Banking,In-Store,EMP355,3,1,Standard,8,GBP
ORD138361,26-05-2023,BR95,USA,Los Angeles,CUST5603,PROD582,Tablet,iPad Air,Samsung,2,765.92,0.25,0.18,1355.68,Debit Card,Online,EMP563,3,1,Same Day,8,AED
ORD138362,21-03-2024,BR23,Germany,Berlin,CUST1195,PROD257,Accessories,Keyboard,HP,1,1381.76,0,0.18,1630.48,Credit Card,Online,EMP444,1,0,Standard,9,GBP
ORD138363,23-10-2024,BR72,USA,Chicago,CUST8228,PROD882,Tablet,Lenovo Tab P11,Lenovo,1,73.54,0.09,0.18,78.97,Cash,Online,EMP936,0,1,Express,4,USD
ORD138364,16-11-2023,BR6,Germany,Berlin,CUST9060,PROD592,Laptop,MacBook Air M2,Apple,3,1726.22,0.27,0.18,4460.9,Cash,Online,EMP538,3,1,Standard,6,INR
ORD138365,21-11-2024,BR106,India,Delhi,CUST9691,PROD102,Mobile,OnePlus 11,Sony,3,762.3,0.18,0.18,2212.8,Credit Card,In-Store,EMP657,1,1,Express,9,EUR
ORD138366,27-02-2024,BR68,India,Pune,CUST6362,PROD921,Mobile,Samsung Galaxy S23,Lenovo,5,1253.77,0.2,0.18,5917.79,Debit Card,In-Store,EMP424,3,0,Express,10,USD
ORD138367,28-08-2023,BR78,India,Delhi,CUST1460,PROD877,Laptop,MacBook Air M2,Sony,1,501.35,0.11,0.18,526.52,UPI,Online,EMP534,0,1,Same Day,1,EUR
ORD138368,28-01-2024,BR64,Germany,Berlin,CUST6252,PROD481,Laptop,HP Spectre x360,Dell,1,289.02,0.17,0.18,283.07,UPI,Online,EMP540,0,1,Same Day,6,GBP
ORD138369,03-06-2023,BR80,UAE,Dubai,CUST5985,PROD620,Accessories,Keyboard,HP,1,1657.76,0.29,0.18,1388.87,UPI,In-Store,EMP358,2,0,Express,2,EUR
ORD138370,05-05-2024,BR113,Germany,Berlin,CUST4262,PROD378,TV,Samsung QLED 50,Apple,2,630.89,0.13,0.18,1295.34,Debit Card,Online,EMP522,3,0,Standard,3,AED
ORD138371,13-02-2024,BR48,UAE,Abu Dhabi,CUST6112,PROD938,Mobile,iPhone 14,OnePlus,3,253.56,0.27,0.18,655.25,Credit Card,In-Store,EMP413,0,1,Same Day,3,INR
ORD138372,28-07-2023,BR70,UAE,Abu Dhabi,CUST1084,PROD559,Mobile,Samsung Galaxy S23,LG,4,1958.67,0.21,0.18,7303.49,Credit Card,Online,EMP495,0,1,Standard,8,USD
ORD138373,07-02-2023,BR96,UK,Birmingham,CUST3476,PROD300,Laptop,HP Spectre x360,Apple,4,1761.99,0.21,0.18,6570.11,Net Banking,Online,EMP894,2,1,Express,3,EUR
ORD138374,25-11-2023,BR64,USA,New York,CUST8656,PROD663,Accessories,Bluetooth Headphones,Dell,2,665.8,0.21,0.18,1241.32,Cash,Online,EMP715,0,0,Standard,1,USD
ORD138375,01-08-2023,BR38,USA,Chicago,CUST5985,PROD488,Tablet,iPad Air,Samsung,4,1187.65,0.29,0.18,3980.05,Cash,In-Store,EMP977,2,0,Express,1,USD
ORD138376,28-04-2023,BR109,India,Delhi,CUST8923,PROD755,Laptop,HP Spectre x360,Samsung,2,245.02,0.13,0.18,503.08,Cash,Online,EMP600,3,0,Express,6,INR
ORD138377,23-01-2023,BR89,India,Delhi,CUST9197,PROD260,Tablet,Lenovo Tab P11,LG,4,171.72,0.24,0.18,615.99,UPI,Online,EMP273,3,1,Same Day,5,EUR
ORD138378,16-10-2024,BR29,USA,Chicago,CUST7295,PROD389,Tablet,Samsung Galaxy Tab,Apple,5,1567.79,0.15,0.18,7862.47,Credit Card,Online,EMP828,2,0,Express,6,USD
ORD138379,23-06-2023,BR23,UK,Manchester,CUST8294,PROD604,Tablet,iPad Air,Dell,4,1528.84,0.18,0.18,5917.22,Credit Card,In-Store,EMP707,3,0,Standard,4,USD
ORD138380,23-08-2023,BR48,Germany,Hamburg,CUST6948,PROD106,Accessories,Bluetooth Headphones,Samsung,3,1152.2,0.04,0.18,3915.64,Debit Card,Online,EMP250,0,0,Standard,1,GBP
ORD138381,17-03-2023,BR17,UK,Manchester,CUST9289,PROD430,Mobile,iPhone 14,Samsung,5,808.61,0.23,0.18,3673.52,UPI,Online,EMP316,3,1,Standard,4,USD
ORD138382,24-09-2023,BR60,India,Bangalore,CUST8809,PROD719,Mobile,OnePlus 11,LG,5,1138.16,0.17,0.18,5573.57,Cash,Online,EMP563,2,1,Standard,9,USD
ORD138383,13-11-2023,BR70,Germany,Hamburg,CUST5464,PROD856,Mobile,Samsung Galaxy S23,Samsung,1,1532.56,0.11,0.18,1609.49,Net Banking,In-Store,EMP556,3,1,Standard,3,USD
ORD138384,28-02-2024,BR63,India,Delhi,CUST4246,PROD769,Mobile,iPhone 14,Samsung,4,1412.04,0.29,0.18,4732.03,Cash,In-Store,EMP955,3,0,Express,8,AED
ORD138385,22-07-2024,BR53,USA,New York,CUST7401,PROD446,Mobile,OnePlus 11,Lenovo,2,676.64,0.19,0.18,1293.47,Debit Card,Online,EMP803,3,1,Standard,6,EUR
ORD138386,04-03-2023,BR60,India,Bangalore,CUST1100,PROD598,TV,Samsung QLED 50,Apple,3,1002.83,0.18,0.18,2911.01,Cash,In-Store,EMP559,0,1,Express,3,AED
ORD138387,02-02-2024,BR54,UAE,Dubai,CUST2632,PROD997,Tablet,Lenovo Tab P11,Lenovo,4,876.44,0.27,0.18,3019.86,Cash,Online,EMP701,3,0,Same Day,6,GBP
ORD138388,17-12-2023,BR56,UK,Manchester,CUST4121,PROD137,Accessories,Wireless Mouse,HP,5,285.99,0.25,0.18,1265.51,Net Banking,In-Store,EMP308,0,0,Same Day,10,AED
ORD138389,14-04-2024,BR102,UK,Manchester,CUST8636,PROD393,Tablet,Lenovo Tab P11,Lenovo,5,1534.67,0.06,0.18,8511.28,Debit Card,In-Store,EMP810,0,1,Same Day,4,INR
ORD138390,13-02-2024,BR98,USA,New York,CUST4247,PROD496,TV,Samsung QLED 50,HP,4,189.82,0.23,0.18,689.88,Net Banking,Online,EMP539,3,1,Standard,1,EUR
ORD138391,18-09-2024,BR119,USA,Chicago,CUST9691,PROD488,TV,Samsung QLED 50,OnePlus,1,714.05,0.09,0.18,766.75,Cash,In-Store,EMP720,3,0,Standard,6,INR
ORD138392,27-07-2024,BR27,UAE,Abu Dhabi,CUST4399,PROD947,Tablet,iPad Air,HP,1,1002.62,0.16,0.18,993.8,Cash,In-Store,EMP832,0,1,Same Day,1,GBP
ORD138393,07-05-2023,BR99,Germany,Berlin,CUST8939,PROD375,Accessories,Bluetooth Headphones,Lenovo,2,718.86,0.28,0.18,1221.49,Debit Card,Online,EMP602,3,0,Standard,6,AED
ORD138394,13-12-2023,BR106,USA,New York,CUST3960,PROD744,Laptop,MacBook Air M2,HP,4,1132.54,0.02,0.18,5238.68,UPI,In-Store,EMP959,0,0,Express,2,USD
ORD138395,30-07-2023,BR32,UAE,Abu Dhabi,CUST8890,PROD595,TV,LG OLED 48,Apple,4,986.13,0.02,0.18,4561.44,UPI,In-Store,EMP391,2,0,Express,5,GBP
ORD138396,20-07-2023,BR99,UAE,Abu Dhabi,CUST9528,PROD667,TV,Sony Bravia 55,Apple,3,1831.2,0.1,0.18,5834.2,Credit Card,Online,EMP476,2,1,Same Day,9,INR
ORD138397,18-11-2024,BR34,UK,Manchester,CUST3702,PROD387,Accessories,Wireless Mouse,HP,5,1610.71,0.05,0.18,9028.03,UPI,Online,EMP937,0,1,Express,9,GBP
ORD138398,25-04-2024,BR84,India,Delhi,CUST7101,PROD509,TV,Sony Bravia 55,Apple,4,1854.2,0.18,0.18,7176.5,UPI,Online,EMP351,0,0,Same Day,9,USD
ORD138399,25-08-2023,BR69,Germany,Berlin,CUST5423,PROD352,Accessories,Keyboard,OnePlus,3,545.31,0.14,0.18,1660.14,Debit Card,Online,EMP336,2,1,Same Day,4,USD
ORD138400,14-11-2024,BR17,UK,Birmingham,CUST3976,PROD890,Laptop,MacBook Air M2,Dell,1,1926.61,0.18,0.18,1864.19,UPI,In-Store,EMP595,0,1,Standard,8,GBP
ORD138401,31-10-2023,BR109,UK,Birmingham,CUST3531,PROD206,Accessories,Bluetooth Headphones,HP,2,807.32,0.25,0.18,1428.96,Debit Card,In-Store,EMP375,2,1,Same Day,7,AED
ORD138402,04-10-2023,BR13,UAE,Abu Dhabi,CUST5861,PROD855,Accessories,Keyboard,Samsung,2,1635.04,0.21,0.18,3048.37,UPI,In-Store,EMP424,3,1,Standard,10,GBP
ORD138403,09-11-2024,BR39,India,Mumbai,CUST7218,PROD598,Accessories,Wireless Mouse,Lenovo,3,384.84,0.07,0.18,1266.97,Net Banking,Online,EMP789,1,1,Standard,3,GBP
ORD138404,20-07-2024,BR102,UAE,Dubai,CUST3474,PROD304,Mobile,Samsung Galaxy S23,Apple,5,1264.25,0.21,0.18,5892.67,UPI,Online,EMP654,3,0,Standard,6,INR
ORD138405,12-02-2024,BR88,Germany,Munich,CUST9827,PROD859,Accessories,Bluetooth Headphones,OnePlus,4,1267.06,0.18,0.18,4904.03,Cash,In-Store,EMP991,3,1,Standard,7,INR
ORD138406,15-02-2024,BR48,USA,New York,CUST5569,PROD180,Tablet,Lenovo Tab P11,Dell,2,324.31,0.01,0.18,757.72,Cash,In-Store,EMP690,3,0,Standard,3,AED
ORD138407,28-09-2023,BR53,UK,Manchester,CUST3892,PROD987,TV,Samsung QLED 50,Samsung,2,1448.23,0.18,0.18,2802.61,Debit Card,Online,EMP896,0,0,Standard,1,INR
ORD138408,28-12-2023,BR10,UK,Manchester,CUST3178,PROD926,Mobile,OnePlus 11,Dell,3,513.96,0.27,0.18,1328.18,UPI,In-Store,EMP916,2,0,Express,3,AED
ORD138409,21-09-2023,BR47,India,Delhi,CUST6444,PROD351,Accessories,Wireless Mouse,OnePlus,5,1876.02,0.14,0.18,9518.93,UPI,Online,EMP602,2,0,Same Day,4,GBP
ORD138410,07-10-2023,BR108,UK,Birmingham,CUST9295,PROD861,Mobile,OnePlus 11,OnePlus,2,1480.9,0.14,0.18,3005.63,Net Banking,In-Store,EMP588,2,0,Express,9,EUR
ORD138411,30-11-2024,BR34,India,Pune,CUST2058,PROD887,Laptop,HP Spectre x360,Dell,2,1584.87,0.04,0.18,3590.68,Debit Card,In-Store,EMP683,0,1,Same Day,9,USD
ORD138412,13-10-2024,BR4,Germany,Munich,CUST2636,PROD513,TV,Samsung QLED 50,OnePlus,2,1417.78,0.06,0.18,3145.2,Debit Card,In-Store,EMP735,1,0,Same Day,8,INR
ORD138413,28-02-2024,BR117,UK,Manchester,CUST3041,PROD865,Tablet,iPad Air,LG,4,1173.22,0.14,0.18,4762.33,Debit Card,Online,EMP377,0,1,Same Day,4,INR
ORD138414,01-01-2023,BR40,USA,Chicago,CUST7451,PROD808,Laptop,Dell XPS 13,Sony,3,1478.23,0.11,0.18,4657.31,Cash,Online,EMP218,2,1,Standard,6,EUR
ORD138415,24-02-2023,BR60,Germany,Munich,CUST4208,PROD488,Laptop,HP Spectre x360,LG,3,1597.36,0.19,0.18,4580.27,Cash,Online,EMP338,3,0,Same Day,5,GBP
ORD138416,22-06-2023,BR39,India,Bangalore,CUST1311,PROD708,Tablet,iPad Air,LG,1,1399.94,0.28,0.18,1189.39,Credit Card,Online,EMP293,3,1,Standard,2,INR
ORD138417,08-04-2024,BR99,Germany,Berlin,CUST6184,PROD168,Mobile,OnePlus 11,Apple,4,722.95,0.12,0.18,3002.85,Cash,In-Store,EMP686,1,1,Express,10,INR
ORD138418,29-04-2024,BR119,India,Bangalore,CUST9993,PROD582,TV,Samsung QLED 50,HP,2,1647.88,0.28,0.18,2800.08,Cash,Online,EMP583,1,1,Same Day,10,AED
ORD138419,23-03-2023,BR12,USA,New York,CUST6293,PROD851,Tablet,iPad Air,OnePlus,2,1424.4,0.02,0.18,3294.35,Net Banking,Online,EMP816,3,1,Express,6,USD
ORD138420,01-08-2024,BR98,UK,Manchester,CUST6741,PROD751,Accessories,Keyboard,HP,1,419.15,0.18,0.18,405.57,Cash,In-Store,EMP338,0,1,Express,1,EUR
ORD138421,14-02-2023,BR89,USA,Dallas,CUST5852,PROD372,Tablet,Lenovo Tab P11,Dell,5,1853.19,0.02,0.18,10715.14,Credit Card,Online,EMP272,1,1,Standard,6,GBP
ORD138422,13-03-2023,BR60,UK,London,CUST6643,PROD221,Mobile,iPhone 14,HP,2,937.53,0.22,0.18,1725.81,Net Banking,In-Store,EMP893,2,0,Same Day,4,GBP
ORD138423,26-05-2024,BR119,Germany,Hamburg,CUST5926,PROD925,Tablet,Samsung Galaxy Tab,Samsung,5,759.56,0.08,0.18,4122.89,Net Banking,Online,EMP548,3,0,Same Day,9,INR
ORD138424,13-01-2023,BR20,UK,London,CUST5534,PROD727,Mobile,Samsung Galaxy S23,LG,5,1804.1,0.14,0.18,9154,Credit Card,Online,EMP259,2,1,Express,4,INR
ORD138425,19-01-2024,BR82,Germany,Berlin,CUST6233,PROD656,TV,Samsung QLED 50,LG,2,783.66,0.24,0.18,1405.57,Cash,In-Store,EMP726,3,0,Express,9,INR
ORD138426,15-08-2024,BR87,India,Pune,CUST4008,PROD756,Mobile,iPhone 14,Samsung,3,566.71,0.07,0.18,1865.72,Cash,In-Store,EMP218,2,0,Same Day,1,GBP
ORD138427,29-02-2024,BR99,USA,Los Angeles,CUST7276,PROD331,Mobile,iPhone 14,Apple,5,658.74,0.17,0.18,3225.85,UPI,Online,EMP231,0,0,Express,3,GBP
ORD138428,10-12-2024,BR47,Germany,Hamburg,CUST2665,PROD157,Accessories,Wireless Mouse,Sony,1,1153.57,0.23,0.18,1048.13,Debit Card,In-Store,EMP496,3,1,Same Day,8,EUR
ORD138429,01-04-2024,BR47,Germany,Munich,CUST4526,PROD653,TV,Samsung QLED 50,Sony,4,1171.9,0.29,0.18,3927.27,Debit Card,In-Store,EMP504,2,1,Express,7,AED
ORD138430,02-06-2023,BR42,UAE,Dubai,CUST4321,PROD362,Laptop,HP Spectre x360,Samsung,4,361.07,0.25,0.18,1278.19,Debit Card,Online,EMP790,1,0,Standard,10,INR
ORD138431,19-04-2023,BR44,India,Delhi,CUST8242,PROD188,Laptop,Dell XPS 13,Apple,4,1918.17,0.21,0.18,7152.47,Net Banking,In-Store,EMP737,2,1,Express,3,INR
ORD138432,10-02-2023,BR105,UAE,Abu Dhabi,CUST3177,PROD607,Laptop,Dell XPS 13,Samsung,4,1996.74,0.22,0.18,7351.2,Credit Card,In-Store,EMP858,2,0,Express,10,INR
ORD138433,07-05-2023,BR101,India,Mumbai,CUST7708,PROD452,Accessories,Wireless Mouse,LG,3,991.5,0.15,0.18,2983.42,Cash,Online,EMP658,0,1,Express,4,AED
ORD138434,12-03-2023,BR103,UAE,Dubai,CUST6513,PROD326,Tablet,Samsung Galaxy Tab,HP,4,529.07,0.06,0.18,2347.38,Debit Card,In-Store,EMP384,2,0,Express,5,EUR
ORD138435,12-07-2024,BR21,UK,London,CUST6874,PROD407,Laptop,MacBook Air M2,Sony,3,401.64,0.04,0.18,1364.93,Debit Card,Online,EMP956,3,1,Express,8,EUR
ORD138436,14-11-2023,BR93,Germany,Berlin,CUST1909,PROD337,Laptop,MacBook Air M2,Apple,5,100.37,0.02,0.18,580.34,Credit Card,In-Store,EMP749,1,1,Same Day,9,INR
ORD138437,16-04-2024,BR74,India,Mumbai,CUST7441,PROD567,Tablet,iPad Air,LG,4,1783.59,0,0.18,8418.54,Cash,In-Store,EMP801,2,0,Same Day,4,INR
ORD138438,27-08-2024,BR60,UK,Manchester,CUST7218,PROD873,Mobile,Samsung Galaxy S23,HP,1,1742.85,0.21,0.18,1624.68,Cash,Online,EMP444,3,1,Standard,1,EUR
ORD138439,26-07-2024,BR90,UK,Birmingham,CUST1227,PROD956,TV,Samsung QLED 50,HP,2,862.81,0.07,0.18,1893.7,Cash,Online,EMP633,0,1,Same Day,6,USD
ORD138440,05-09-2024,BR54,UAE,Abu Dhabi,CUST7918,PROD790,Laptop,MacBook Air M2,Apple,1,541.4,0.08,0.18,587.74,UPI,Online,EMP653,1,0,Standard,10,USD
ORD138441,18-05-2024,BR93,Germany,Hamburg,CUST3983,PROD109,Mobile,Samsung Galaxy S23,Lenovo,5,1132.46,0.16,0.18,5612.47,Cash,Online,EMP942,1,1,Express,7,USD
ORD138442,29-09-2023,BR14,Germany,Hamburg,CUST3396,PROD304,Mobile,Samsung Galaxy S23,HP,3,1832.8,0.13,0.18,5644.66,Cash,Online,EMP713,0,0,Express,3,GBP
ORD138443,23-12-2024,BR22,UAE,Dubai,CUST4365,PROD729,Mobile,iPhone 14,LG,5,1616.22,0.05,0.18,9058.91,Credit Card,Online,EMP238,2,0,Express,4,USD
ORD138444,24-01-2023,BR90,UAE,Abu Dhabi,CUST6172,PROD698,TV,Samsung QLED 50,OnePlus,5,1830.83,0.23,0.18,8317.46,Cash,Online,EMP562,2,1,Same Day,6,USD
ORD138445,21-10-2023,BR53,USA,New York,CUST2314,PROD351,Accessories,Bluetooth Headphones,Samsung,2,1234.36,0.25,0.18,2184.82,Debit Card,In-Store,EMP934,1,0,Express,6,INR
ORD138446,15-06-2023,BR73,Germany,Munich,CUST7773,PROD553,Laptop,Dell XPS 13,LG,5,109.47,0.06,0.18,607.12,Cash,Online,EMP637,2,1,Same Day,5,GBP
ORD138447,16-02-2024,BR62,USA,Chicago,CUST4492,PROD530,Tablet,Samsung Galaxy Tab,OnePlus,2,115.84,0.03,0.18,265.18,Cash,In-Store,EMP587,3,0,Standard,1,GBP
ORD138448,14-09-2024,BR109,USA,Dallas,CUST9564,PROD476,Laptop,MacBook Air M2,Dell,2,899.08,0.21,0.18,1676.24,UPI,In-Store,EMP657,2,1,Standard,3,AED
ORD138449,19-09-2023,BR42,Germany,Hamburg,CUST8966,PROD507,Tablet,iPad Air,Sony,5,770.2,0.06,0.18,4271.53,UPI,In-Store,EMP345,1,1,Standard,4,INR
ORD138450,13-04-2023,BR78,UAE,Dubai,CUST2013,PROD955,Mobile,iPhone 14,Lenovo,3,150.11,0.05,0.18,504.82,Debit Card,Online,EMP228,0,1,Standard,8,GBP
ORD138451,13-11-2024,BR13,UK,Birmingham,CUST5071,PROD792,TV,LG OLED 48,HP,4,441.63,0,0.18,2084.49,Debit Card,Online,EMP526,3,0,Standard,10,GBP
ORD138452,08-10-2024,BR98,UAE,Dubai,CUST7201,PROD263,Laptop,Dell XPS 13,Dell,3,340.24,0.2,0.18,963.56,Credit Card,In-Store,EMP205,1,0,Express,1,USD
ORD138453,21-04-2024,BR85,Germany,Hamburg,CUST9252,PROD621,TV,Sony Bravia 55,Dell,5,1445.97,0.08,0.18,7848.73,Cash,Online,EMP825,0,1,Standard,1,AED
ORD138454,19-03-2024,BR97,Germany,Munich,CUST4546,PROD377,Mobile,iPhone 14,Sony,1,1502.05,0.19,0.18,1435.66,Net Banking,In-Store,EMP631,1,0,Standard,6,USD
ORD138455,24-04-2024,BR38,UK,Birmingham,CUST1989,PROD279,Tablet,Lenovo Tab P11,Dell,5,1199.84,0.18,0.18,5804.83,Credit Card,In-Store,EMP545,0,0,Standard,10,AED
ORD138456,01-01-2023,BR33,Germany,Munich,CUST2465,PROD119,Mobile,OnePlus 11,HP,1,629.81,0.29,0.18,527.65,UPI,Online,EMP829,3,0,Express,7,AED
ORD138457,07-04-2023,BR4,India,Delhi,CUST3793,PROD195,Laptop,MacBook Air M2,OnePlus,5,242.6,0.02,0.18,1402.71,Net Banking,In-Store,EMP564,3,0,Express,1,USD
ORD138458,10-11-2023,BR87,UAE,Dubai,CUST5340,PROD563,Tablet,Samsung Galaxy Tab,Apple,4,159.09,0.06,0.18,705.85,Debit Card,Online,EMP348,3,1,Express,7,INR
ORD138459,08-12-2023,BR41,UK,Manchester,CUST5525,PROD405,Mobile,iPhone 14,LG,3,1109.5,0.2,0.18,3142.1,Credit Card,Online,EMP980,3,1,Standard,8,GBP
ORD138460,22-07-2023,BR119,UK,Birmingham,CUST8822,PROD277,TV,Sony Bravia 55,OnePlus,1,466.46,0.25,0.18,412.82,Debit Card,In-Store,EMP304,1,1,Standard,1,GBP
ORD138461,23-03-2023,BR26,USA,New York,CUST7488,PROD578,Tablet,Samsung Galaxy Tab,Sony,1,916.19,0.03,0.18,1048.67,Credit Card,Online,EMP482,3,0,Same Day,1,USD
ORD138462,19-11-2024,BR86,USA,Los Angeles,CUST6498,PROD387,Accessories,Bluetooth Headphones,LG,2,673.12,0.25,0.18,1191.42,UPI,Online,EMP740,2,0,Standard,10,GBP
ORD138463,15-01-2023,BR64,Germany,Munich,CUST7271,PROD453,Accessories,Wireless Mouse,HP,3,1746.68,0.27,0.18,4513.77,Credit Card,Online,EMP711,3,0,Express,4,GBP
ORD138464,23-04-2024,BR14,UAE,Dubai,CUST5164,PROD369,TV,Samsung QLED 50,Sony,4,1017.4,0.12,0.18,4225.87,Debit Card,In-Store,EMP877,3,1,Same Day,2,USD
ORD138465,24-07-2024,BR68,UK,Manchester,CUST8774,PROD754,Tablet,iPad Air,Apple,5,1842.38,0.02,0.18,10652.64,Debit Card,In-Store,EMP390,1,0,Express,10,INR
ORD138466,12-04-2024,BR26,UAE,Dubai,CUST9262,PROD208,Tablet,iPad Air,OnePlus,2,1110.05,0.14,0.18,2252.96,Credit Card,In-Store,EMP938,2,0,Same Day,4,AED
ORD138467,22-11-2023,BR18,USA,New York,CUST2920,PROD503,Tablet,iPad Air,Sony,3,602.37,0.24,0.18,1620.62,UPI,Online,EMP728,1,1,Standard,6,INR
ORD138468,21-03-2024,BR97,USA,Chicago,CUST1891,PROD632,Accessories,Wireless Mouse,OnePlus,4,956.27,0.22,0.18,3520.6,Debit Card,In-Store,EMP238,1,0,Same Day,4,EUR
ORD138469,08-05-2024,BR69,India,Delhi,CUST7085,PROD885,Tablet,Samsung Galaxy Tab,Dell,1,206.6,0.2,0.18,195.03,Debit Card,Online,EMP765,2,0,Standard,1,USD
ORD138470,08-11-2023,BR100,India,Bangalore,CUST9554,PROD244,Accessories,Wireless Mouse,Lenovo,2,1505.15,0.03,0.18,3445.59,Debit Card,Online,EMP224,2,0,Same Day,1,GBP
ORD138471,10-07-2023,BR103,India,Mumbai,CUST3844,PROD944,Tablet,Lenovo Tab P11,HP,1,1362.59,0.28,0.18,1157.66,Cash,In-Store,EMP695,1,1,Standard,6,EUR
ORD138472,23-06-2024,BR51,USA,Dallas,CUST8501,PROD635,Accessories,Bluetooth Headphones,Dell,4,1167.5,0.3,0.18,3857.42,Debit Card,In-Store,EMP336,0,0,Express,2,GBP
ORD138473,17-03-2024,BR94,USA,Dallas,CUST6244,PROD713,Mobile,Samsung Galaxy S23,Dell,4,242.2,0.19,0.18,925.98,UPI,Online,EMP359,0,1,Standard,2,GBP
ORD138474,05-08-2023,BR84,Germany,Berlin,CUST8899,PROD578,Tablet,iPad Air,Samsung,3,1209.28,0.19,0.18,3467.49,Net Banking,In-Store,EMP373,3,0,Express,5,EUR
ORD138475,26-11-2024,BR64,UK,Birmingham,CUST1286,PROD342,Laptop,MacBook Air M2,OnePlus,3,221.4,0.28,0.18,564.3,Credit Card,In-Store,EMP220,0,1,Standard,10,AED
ORD138476,09-02-2024,BR78,Germany,Hamburg,CUST5605,PROD674,Mobile,OnePlus 11,LG,1,404.4,0.24,0.18,362.67,Net Banking,In-Store,EMP727,2,1,Express,8,AED
ORD138477,19-12-2023,BR73,UK,Manchester,CUST1849,PROD356,TV,LG OLED 48,OnePlus,1,1299.14,0.06,0.18,1441.01,Net Banking,In-Store,EMP646,0,1,Same Day,5,AED
ORD138478,14-12-2024,BR20,UK,London,CUST6993,PROD660,Accessories,Keyboard,Dell,5,1693.97,0.09,0.18,9094.92,Debit Card,Online,EMP666,1,1,Express,3,USD
ORD138479,16-07-2023,BR24,UK,Birmingham,CUST4613,PROD305,Laptop,MacBook Air M2,Lenovo,2,898.55,0.17,0.18,1760.08,Credit Card,In-Store,EMP758,3,0,Same Day,6,USD
ORD138480,08-06-2023,BR19,Germany,Munich,CUST5938,PROD418,Tablet,Lenovo Tab P11,Dell,3,1024.54,0.07,0.18,3372.99,Cash,In-Store,EMP980,2,1,Express,4,EUR
ORD138481,14-12-2023,BR45,UK,Manchester,CUST1222,PROD448,Accessories,Keyboard,Lenovo,2,1365.58,0.02,0.18,3158.31,Credit Card,Online,EMP912,2,1,Same Day,1,GBP
ORD138482,13-09-2024,BR3,USA,Dallas,CUST3764,PROD496,Mobile,Samsung Galaxy S23,Lenovo,5,52.86,0.03,0.18,302.52,Credit Card,Online,EMP255,0,0,Standard,8,INR
ORD138483,20-05-2023,BR79,India,Mumbai,CUST9063,PROD472,Tablet,Lenovo Tab P11,HP,1,1770.89,0.26,0.18,1546.34,UPI,In-Store,EMP517,1,0,Standard,9,USD
ORD138484,09-02-2023,BR120,India,Pune,CUST6659,PROD717,Mobile,Samsung Galaxy S23,Lenovo,5,756.97,0.06,0.18,4198.16,Debit Card,In-Store,EMP575,0,0,Same Day,5,INR
ORD138485,05-07-2023,BR30,Germany,Munich,CUST8580,PROD932,Tablet,Samsung Galaxy Tab,OnePlus,3,1313.81,0,0.18,4650.89,Credit Card,Online,EMP835,2,1,Standard,1,USD
ORD138486,16-02-2023,BR84,USA,New York,CUST2426,PROD252,Accessories,Wireless Mouse,OnePlus,3,184.74,0.09,0.18,595.12,Net Banking,Online,EMP996,1,1,Same Day,10,AED
ORD138487,19-08-2023,BR104,USA,Dallas,CUST1856,PROD171,Accessories,Wireless Mouse,Sony,1,1612.06,0.18,0.18,1559.83,Debit Card,In-Store,EMP545,2,1,Express,4,EUR
ORD138488,13-03-2024,BR33,UK,London,CUST5233,PROD913,Accessories,Keyboard,LG,5,1248.08,0.19,0.18,5964.57,Cash,Online,EMP694,1,0,Standard,10,INR
ORD138489,04-01-2023,BR46,Germany,Berlin,CUST3369,PROD645,TV,Samsung QLED 50,LG,4,662.87,0.22,0.18,2440.42,Net Banking,In-Store,EMP445,2,0,Express,9,INR
ORD138490,02-10-2024,BR115,UK,London,CUST3743,PROD449,Tablet,iPad Air,LG,4,1794.65,0.15,0.18,7200.14,Debit Card,In-Store,EMP848,2,0,Standard,1,INR
ORD138491,10-04-2023,BR105,UK,Manchester,CUST6597,PROD237,Tablet,Samsung Galaxy Tab,Dell,3,593.53,0.07,0.18,1954.02,Net Banking,Online,EMP588,1,0,Same Day,3,EUR
ORD138492,09-11-2024,BR77,India,Delhi,CUST1167,PROD996,Accessories,Bluetooth Headphones,Dell,4,1886.84,0.01,0.18,8816.83,Credit Card,In-Store,EMP583,0,1,Same Day,7,AED
ORD138493,13-09-2023,BR30,Germany,Hamburg,CUST3828,PROD721,TV,Sony Bravia 55,Sony,3,139.33,0.26,0.18,364.99,Cash,In-Store,EMP754,3,0,Express,3,USD
ORD138494,26-04-2024,BR48,India,Bangalore,CUST8944,PROD108,Mobile,Samsung Galaxy S23,Samsung,4,1774.05,0.02,0.18,8206.05,Debit Card,In-Store,EMP890,2,1,Same Day,10,AED
ORD138495,16-08-2023,BR110,India,Pune,CUST6922,PROD860,TV,Samsung QLED 50,LG,2,546.82,0.05,0.18,1225.97,Cash,In-Store,EMP416,1,1,Standard,10,EUR
ORD138496,09-01-2024,BR64,Germany,Hamburg,CUST2005,PROD307,TV,Samsung QLED 50,HP,3,1889.01,0.18,0.18,5483.42,Debit Card,In-Store,EMP264,1,0,Express,5,INR
ORD138497,06-08-2023,BR119,Germany,Munich,CUST9732,PROD787,Accessories,Bluetooth Headphones,Sony,2,1786.15,0.05,0.18,4004.55,Net Banking,Online,EMP599,3,1,Express,8,GBP
ORD138498,28-07-2024,BR85,USA,Los Angeles,CUST1120,PROD157,Tablet,Lenovo Tab P11,Apple,3,1650.01,0.24,0.18,4439.19,Debit Card,In-Store,EMP748,3,0,Express,6,USD
ORD138499,24-08-2023,BR32,Germany,Berlin,CUST5009,PROD691,Tablet,iPad Air,LG,4,62.24,0.09,0.18,267.33,Net Banking,Online,EMP624,2,1,Express,6,GBP
ORD138500,25-08-2024,BR99,UK,Birmingham,CUST2596,PROD220,TV,Samsung QLED 50,HP,1,781.8,0.14,0.18,793.37,Net Banking,Online,EMP538,0,0,Standard,6,INR
ORD138501,08-09-2024,BR104,USA,Dallas,CUST6423,PROD252,TV,Samsung QLED 50,OnePlus,4,1041.53,0.17,0.18,4080.3,UPI,In-Store,EMP602,1,0,Standard,3,EUR
ORD138502,15-12-2023,BR107,Germany,Munich,CUST8611,PROD421,TV,LG OLED 48,HP,2,1834.86,0.1,0.18,3897.24,Net Banking,In-Store,EMP228,3,0,Express,6,INR
ORD138503,05-01-2023,BR117,India,Bangalore,CUST5302,PROD828,Accessories,Keyboard,Dell,2,1842.91,0.18,0.18,3566.4,Cash,Online,EMP775,2,0,Same Day,10,AED
ORD138504,29-03-2024,BR2,India,Mumbai,CUST3101,PROD980,Accessories,Bluetooth Headphones,Apple,3,333.53,0,0.18,1180.7,UPI,In-Store,EMP656,0,0,Express,1,EUR
ORD138505,10-10-2024,BR38,UK,Birmingham,CUST5482,PROD405,Mobile,Samsung Galaxy S23,Sony,4,1605.88,0.05,0.18,7200.77,Net Banking,Online,EMP893,1,1,Standard,3,INR
ORD138506,18-01-2024,BR76,India,Delhi,CUST5191,PROD130,TV,Samsung QLED 50,HP,3,996.07,0.04,0.18,3385.04,UPI,Online,EMP961,3,1,Same Day,3,GBP
ORD138507,12-09-2024,BR25,India,Mumbai,CUST2371,PROD757,Accessories,Bluetooth Headphones,Lenovo,2,216.99,0.16,0.18,430.16,Debit Card,Online,EMP828,2,1,Same Day,6,USD
ORD138508,24-05-2024,BR105,UAE,Dubai,CUST4118,PROD695,Laptop,Dell XPS 13,OnePlus,4,453.06,0.11,0.18,1903.21,Cash,Online,EMP317,3,1,Express,4,INR
ORD138509,22-12-2024,BR65,UAE,Abu Dhabi,CUST1094,PROD997,Laptop,HP Spectre x360,Sony,4,1060.61,0.09,0.18,4555.53,UPI,In-Store,EMP362,3,1,Same Day,8,GBP
ORD138510,05-08-2023,BR40,UAE,Abu Dhabi,CUST1030,PROD255,Accessories,Keyboard,Samsung,4,1654.91,0.15,0.18,6639.5,Credit Card,Online,EMP536,3,0,Express,4,EUR
ORD138511,10-11-2023,BR16,UK,Birmingham,CUST1112,PROD879,TV,Sony Bravia 55,Sony,5,1760.04,0.3,0.18,7268.97,UPI,In-Store,EMP858,1,1,Standard,10,INR
ORD138512,10-01-2024,BR33,UK,London,CUST7068,PROD292,Laptop,Dell XPS 13,Dell,3,1668.31,0.12,0.18,5197.12,Credit Card,In-Store,EMP833,0,1,Same Day,2,AED
ORD138513,30-08-2024,BR65,India,Pune,CUST8029,PROD614,Laptop,Dell XPS 13,HP,4,1966.34,0.21,0.18,7332.09,Credit Card,Online,EMP403,1,0,Same Day,10,INR
ORD138514,03-07-2023,BR26,Germany,Hamburg,CUST3120,PROD202,Accessories,Keyboard,LG,5,331.39,0.19,0.18,1583.71,Credit Card,Online,EMP702,1,1,Express,8,GBP
ORD138515,17-08-2024,BR12,UK,Manchester,CUST6803,PROD154,Tablet,Lenovo Tab P11,HP,2,1353.85,0.04,0.18,3067.28,Credit Card,In-Store,EMP243,3,0,Same Day,1,AED
ORD138516,21-10-2023,BR50,USA,Chicago,CUST7496,PROD192,TV,LG OLED 48,Samsung,3,1211.74,0.01,0.18,4246.66,Credit Card,Online,EMP213,1,0,Standard,7,EUR
ORD138517,13-12-2024,BR84,UAE,Dubai,CUST6896,PROD519,Mobile,iPhone 14,Apple,5,102.62,0.25,0.18,454.09,Cash,Online,EMP352,1,1,Express,6,AED
ORD138518,16-08-2023,BR15,UAE,Dubai,CUST9961,PROD977,Accessories,Keyboard,Dell,5,1089.38,0.04,0.18,6170.25,Debit Card,In-Store,EMP735,0,1,Standard,4,INR
ORD138519,12-10-2024,BR79,India,Delhi,CUST8892,PROD205,Mobile,OnePlus 11,Samsung,2,586.12,0.29,0.18,982.1,Cash,In-Store,EMP336,0,0,Standard,1,INR
ORD138520,15-05-2023,BR115,India,Bangalore,CUST7536,PROD822,Tablet,Lenovo Tab P11,Sony,2,1802.22,0.12,0.18,3742.85,Net Banking,In-Store,EMP516,2,0,Standard,6,GBP
ORD138521,11-12-2023,BR87,UK,Birmingham,CUST3456,PROD646,Laptop,HP Spectre x360,LG,4,333.78,0.15,0.18,1339.13,Net Banking,Online,EMP599,3,0,Express,6,USD
ORD138522,12-08-2024,BR18,UK,Birmingham,CUST1757,PROD545,Mobile,iPhone 14,Lenovo,5,1356.02,0.25,0.18,6000.39,Cash,Online,EMP916,0,0,Express,9,AED
ORD138523,29-01-2023,BR41,Germany,Hamburg,CUST1935,PROD570,Laptop,HP Spectre x360,Sony,2,290.25,0.07,0.18,637.04,Cash,In-Store,EMP695,3,1,Standard,9,EUR
ORD138524,26-04-2024,BR8,UAE,Abu Dhabi,CUST7177,PROD236,Accessories,Keyboard,OnePlus,4,713.06,0.25,0.18,2524.23,UPI,In-Store,EMP675,2,0,Standard,6,GBP
ORD138525,11-03-2024,BR23,India,Bangalore,CUST2918,PROD658,Laptop,Dell XPS 13,Dell,3,988.75,0.04,0.18,3360.17,Cash,Online,EMP829,3,0,Standard,5,INR
ORD138526,17-02-2024,BR105,USA,Chicago,CUST7126,PROD361,Tablet,iPad Air,HP,3,1684.38,0.04,0.18,5724.2,Debit Card,Online,EMP687,1,0,Same Day,6,USD
ORD138527,03-08-2023,BR59,UK,Birmingham,CUST4518,PROD986,Mobile,OnePlus 11,HP,3,1682.61,0.29,0.18,4229.07,Cash,In-Store,EMP397,2,0,Same Day,1,AED
ORD138528,06-09-2023,BR22,UAE,Dubai,CUST2273,PROD716,Laptop,HP Spectre x360,Apple,4,792.94,0.26,0.18,2769.58,Credit Card,Online,EMP206,3,0,Standard,2,GBP
ORD138529,07-04-2023,BR7,UAE,Abu Dhabi,CUST4068,PROD409,Accessories,Keyboard,Samsung,5,551.42,0.29,0.18,2309.9,Debit Card,In-Store,EMP704,0,1,Express,5,GBP
ORD138530,13-06-2024,BR116,UAE,Abu Dhabi,CUST6011,PROD159,Tablet,iPad Air,OnePlus,2,525.04,0.08,0.18,1139.97,Cash,In-Store,EMP849,1,1,Same Day,10,GBP
ORD138531,22-06-2024,BR102,Germany,Munich,CUST1241,PROD579,Tablet,Samsung Galaxy Tab,Apple,2,363.56,0.28,0.18,617.76,Credit Card,In-Store,EMP208,3,0,Standard,6,INR
ORD138532,29-10-2023,BR110,UAE,Abu Dhabi,CUST3616,PROD450,Accessories,Bluetooth Headphones,Apple,2,962.97,0.11,0.18,2022.62,Debit Card,In-Store,EMP483,1,0,Same Day,1,GBP
ORD138533,04-11-2023,BR103,UK,London,CUST9391,PROD828,Accessories,Keyboard,Lenovo,1,1103.95,0.16,0.18,1094.24,UPI,In-Store,EMP264,3,0,Same Day,6,INR
ORD138534,11-01-2023,BR106,USA,New York,CUST1525,PROD660,TV,Sony Bravia 55,Dell,3,1199.58,0.09,0.18,3864.33,UPI,In-Store,EMP651,1,0,Standard,9,INR
ORD138535,06-03-2023,BR30,India,Pune,CUST2562,PROD342,Tablet,iPad Air,Samsung,2,833.96,0.12,0.18,1731.97,Cash,Online,EMP569,1,0,Same Day,6,AED
ORD138536,19-07-2024,BR32,Germany,Hamburg,CUST2512,PROD612,Laptop,MacBook Air M2,Dell,5,701.45,0,0.18,4138.56,UPI,Online,EMP658,3,1,Express,8,GBP
ORD138537,03-10-2024,BR30,India,Bangalore,CUST5319,PROD533,TV,Sony Bravia 55,LG,4,1464.82,0.19,0.18,5600.3,Credit Card,In-Store,EMP452,1,1,Express,2,INR
ORD138538,18-07-2023,BR90,UK,Birmingham,CUST6611,PROD945,TV,Sony Bravia 55,Lenovo,1,1715.84,0,0.18,2024.69,Net Banking,In-Store,EMP574,3,1,Express,7,EUR
ORD138539,31-08-2023,BR109,India,Bangalore,CUST3226,PROD107,Tablet,Lenovo Tab P11,HP,2,1912.65,0.27,0.18,3295.11,UPI,Online,EMP239,2,0,Express,3,USD
ORD138540,02-03-2024,BR14,Germany,Munich,CUST3929,PROD583,TV,Sony Bravia 55,Sony,2,1340.61,0.09,0.18,2879.09,UPI,In-Store,EMP408,2,0,Same Day,7,INR
ORD138541,18-09-2024,BR93,Germany,Munich,CUST5280,PROD503,Accessories,Keyboard,HP,4,1506.9,0.29,0.18,5049.92,Net Banking,Online,EMP417,0,0,Express,7,EUR
ORD138542,14-03-2024,BR32,Germany,Hamburg,CUST7982,PROD496,TV,Samsung QLED 50,OnePlus,1,1499.82,0.25,0.18,1327.34,Cash,Online,EMP814,2,1,Standard,5,EUR
ORD138543,18-03-2023,BR89,USA,Los Angeles,CUST3627,PROD464,Tablet,Lenovo Tab P11,Lenovo,3,657.97,0.1,0.18,2096.29,Net Banking,Online,EMP387,2,1,Express,3,INR
ORD138544,14-02-2023,BR79,UAE,Dubai,CUST3242,PROD184,Laptop,Dell XPS 13,Sony,5,437.5,0.22,0.18,2013.38,Credit Card,In-Store,EMP591,1,1,Express,3,GBP
ORD138545,05-08-2023,BR79,UAE,Abu Dhabi,CUST5104,PROD877,Mobile,iPhone 14,LG,2,517.4,0.09,0.18,1111.17,Debit Card,Online,EMP424,2,0,Standard,2,EUR
ORD138546,20-03-2023,BR94,UAE,Abu Dhabi,CUST3037,PROD476,Laptop,HP Spectre x360,Dell,1,1022.57,0.12,0.18,1061.84,Cash,In-Store,EMP944,1,0,Same Day,4,INR
ORD138547,24-01-2023,BR33,Germany,Hamburg,CUST9538,PROD836,Mobile,Samsung Galaxy S23,HP,2,714.81,0.06,0.18,1585.73,Cash,Online,EMP434,0,1,Standard,8,GBP
ORD138548,28-05-2024,BR30,Germany,Berlin,CUST6012,PROD755,Mobile,OnePlus 11,Dell,2,1366.04,0.2,0.18,2579.08,Credit Card,Online,EMP614,3,1,Standard,6,INR
ORD138549,22-05-2023,BR7,UAE,Abu Dhabi,CUST7671,PROD837,Laptop,MacBook Air M2,Lenovo,4,1126.71,0.19,0.18,4307.64,Credit Card,Online,EMP440,1,0,Same Day,8,GBP
ORD138550,16-09-2023,BR100,India,Mumbai,CUST2712,PROD111,TV,LG OLED 48,Apple,4,1180.73,0.05,0.18,5294.39,Debit Card,In-Store,EMP892,0,1,Standard,4,GBP
ORD138551,25-05-2024,BR6,UAE,Dubai,CUST4643,PROD437,Accessories,Wireless Mouse,Dell,1,1294.54,0.02,0.18,1497.01,Credit Card,Online,EMP911,0,1,Same Day,5,GBP
ORD138552,26-01-2024,BR21,UAE,Abu Dhabi,CUST4499,PROD951,Laptop,HP Spectre x360,OnePlus,1,983.22,0.17,0.18,962.97,Net Banking,In-Store,EMP421,1,1,Same Day,10,EUR
ORD138553,31-12-2023,BR92,UAE,Dubai,CUST2354,PROD617,Accessories,Wireless Mouse,Sony,3,336.5,0.11,0.18,1060.18,Debit Card,Online,EMP657,3,1,Same Day,10,EUR
ORD138554,27-06-2024,BR104,UAE,Abu Dhabi,CUST4912,PROD395,Mobile,Samsung Galaxy S23,Sony,5,386.51,0.18,0.18,1869.94,Cash,In-Store,EMP855,1,1,Express,10,INR
ORD138555,01-01-2023,BR114,Germany,Berlin,CUST5140,PROD865,Tablet,iPad Air,Sony,1,617.02,0.03,0.18,706.24,Debit Card,In-Store,EMP651,2,1,Same Day,10,INR
ORD138556,11-06-2023,BR100,USA,Dallas,CUST7280,PROD747,Tablet,Lenovo Tab P11,Dell,3,1990.1,0.15,0.18,5988.21,UPI,Online,EMP731,0,1,Express,7,USD
ORD138557,11-01-2024,BR8,UAE,Abu Dhabi,CUST5725,PROD450,Laptop,MacBook Air M2,HP,1,951.12,0.01,0.18,1111.1,Debit Card,Online,EMP714,0,1,Standard,6,EUR
ORD138558,03-05-2024,BR44,Germany,Berlin,CUST3171,PROD460,Tablet,Lenovo Tab P11,Sony,1,359.41,0.16,0.18,356.25,Credit Card,In-Store,EMP578,0,1,Same Day,8,AED
ORD138559,14-05-2024,BR111,UK,London,CUST2353,PROD333,Mobile,OnePlus 11,Dell,3,78.5,0.04,0.18,266.77,Cash,Online,EMP278,2,1,Express,1,INR
ORD138560,01-08-2023,BR7,USA,Chicago,CUST2861,PROD516,Mobile,iPhone 14,Sony,4,856.24,0.29,0.18,2869.43,Cash,In-Store,EMP783,3,0,Standard,1,EUR
ORD138561,02-12-2023,BR118,Germany,Berlin,CUST3032,PROD815,Accessories,Keyboard,OnePlus,2,87.54,0.21,0.18,163.21,Net Banking,In-Store,EMP905,1,0,Express,2,USD
ORD138562,09-03-2023,BR33,India,Delhi,CUST8043,PROD365,Laptop,Dell XPS 13,Lenovo,2,1722.94,0.17,0.18,3374.89,Net Banking,Online,EMP524,2,1,Standard,5,INR
ORD138563,05-09-2023,BR46,UK,Birmingham,CUST3342,PROD632,Tablet,Lenovo Tab P11,HP,4,488.02,0.19,0.18,1865.8,Cash,Online,EMP337,0,0,Standard,1,USD
ORD138564,26-09-2023,BR27,UK,Manchester,CUST9505,PROD972,Accessories,Bluetooth Headphones,LG,3,327.92,0.11,0.18,1033.14,Cash,Online,EMP665,3,1,Express,5,INR
ORD138565,05-06-2024,BR73,USA,Chicago,CUST8172,PROD214,TV,Samsung QLED 50,Apple,1,1035.73,0.06,0.18,1148.83,Debit Card,Online,EMP295,1,0,Express,6,EUR
ORD138566,25-10-2023,BR104,UAE,Dubai,CUST7943,PROD885,Accessories,Keyboard,OnePlus,1,693.94,0.1,0.18,736.96,Credit Card,In-Store,EMP462,3,0,Same Day,4,AED
ORD138567,11-08-2023,BR88,UK,Manchester,CUST3243,PROD188,TV,LG OLED 48,Samsung,5,565.23,0.05,0.18,3168.11,Debit Card,In-Store,EMP658,3,1,Express,7,EUR
ORD138568,16-12-2023,BR82,UK,Manchester,CUST2453,PROD138,Laptop,HP Spectre x360,Dell,2,160.85,0.15,0.18,322.67,Net Banking,Online,EMP259,2,1,Standard,10,AED
ORD138569,08-02-2024,BR105,Germany,Munich,CUST5433,PROD928,Accessories,Keyboard,OnePlus,3,294.73,0.27,0.18,761.64,Net Banking,In-Store,EMP407,3,0,Express,8,GBP
ORD138570,18-01-2024,BR12,India,Delhi,CUST3526,PROD844,Mobile,OnePlus 11,Samsung,4,437.57,0.22,0.18,1610.96,UPI,In-Store,EMP224,2,1,Standard,10,INR
ORD138571,12-03-2023,BR44,UAE,Dubai,CUST3868,PROD962,Mobile,OnePlus 11,Sony,3,761.12,0.13,0.18,2344.1,Debit Card,Online,EMP848,2,0,Standard,10,INR
ORD138572,27-08-2023,BR3,India,Bangalore,CUST6583,PROD609,Tablet,Samsung Galaxy Tab,Samsung,1,228.48,0.19,0.18,218.38,UPI,In-Store,EMP364,3,0,Standard,1,EUR
ORD138573,21-06-2024,BR15,UK,Manchester,CUST8269,PROD880,TV,LG OLED 48,LG,1,768.88,0.06,0.18,852.84,Debit Card,Online,EMP240,1,0,Standard,5,INR
ORD138574,27-02-2024,BR96,Germany,Munich,CUST8165,PROD199,Laptop,HP Spectre x360,Dell,1,1878.98,0.06,0.18,2084.16,Cash,In-Store,EMP542,1,0,Standard,1,AED
ORD138575,27-04-2023,BR54,Germany,Berlin,CUST8589,PROD304,Accessories,Wireless Mouse,HP,3,632.52,0.27,0.18,1634.56,Debit Card,Online,EMP568,2,1,Express,10,GBP
ORD138576,12-07-2023,BR19,UK,London,CUST9249,PROD332,Tablet,Samsung Galaxy Tab,HP,4,557.4,0.13,0.18,2288.91,Cash,In-Store,EMP706,3,1,Same Day,2,GBP
ORD138577,27-09-2023,BR56,UK,Manchester,CUST3845,PROD617,Tablet,Samsung Galaxy Tab,Sony,4,114.39,0.08,0.18,496.73,Net Banking,In-Store,EMP203,1,1,Same Day,3,AED
ORD138578,10-05-2024,BR64,USA,Los Angeles,CUST7751,PROD864,Accessories,Wireless Mouse,OnePlus,3,728.42,0.21,0.18,2037.1,Cash,Online,EMP656,1,0,Same Day,6,USD
ORD138579,01-11-2024,BR60,Germany,Berlin,CUST9851,PROD321,Accessories,Keyboard,LG,1,457.84,0.06,0.18,507.84,Debit Card,Online,EMP407,1,0,Express,9,EUR
ORD138580,05-01-2023,BR3,Germany,Munich,CUST4735,PROD379,TV,Samsung QLED 50,Lenovo,5,1904.29,0.2,0.18,8988.25,Debit Card,Online,EMP708,0,1,Standard,6,USD
ORD138581,22-04-2024,BR17,UAE,Abu Dhabi,CUST5329,PROD296,Tablet,Lenovo Tab P11,Apple,2,1030.66,0.23,0.18,1872.92,Net Banking,Online,EMP752,0,1,Express,8,EUR
ORD138582,06-01-2024,BR117,UK,Manchester,CUST2567,PROD489,Tablet,iPad Air,Samsung,3,785.42,0.11,0.18,2474.54,Debit Card,In-Store,EMP519,1,1,Standard,10,INR
ORD138583,28-02-2024,BR62,Germany,Hamburg,CUST9702,PROD578,Laptop,Dell XPS 13,Samsung,5,1624.84,0.13,0.18,8340.3,Credit Card,Online,EMP243,2,1,Standard,10,USD
ORD138584,23-10-2024,BR44,UAE,Dubai,CUST6269,PROD861,Mobile,OnePlus 11,HP,2,402.22,0.11,0.18,844.82,Debit Card,Online,EMP500,2,1,Same Day,5,USD
ORD138585,25-11-2024,BR60,USA,Chicago,CUST9687,PROD929,Tablet,iPad Air,Dell,2,1440.54,0.2,0.18,2719.74,Cash,In-Store,EMP518,2,1,Standard,5,EUR
ORD138586,30-11-2024,BR69,Germany,Berlin,CUST5303,PROD920,Tablet,Samsung Galaxy Tab,Dell,1,608.57,0.01,0.18,710.93,UPI,In-Store,EMP845,2,0,Same Day,7,GBP
ORD138587,31-05-2024,BR27,UK,London,CUST4896,PROD650,Accessories,Bluetooth Headphones,Sony,2,988.59,0.05,0.18,2216.42,Debit Card,Online,EMP571,0,0,Same Day,10,GBP
ORD138588,30-06-2023,BR44,USA,Chicago,CUST6111,PROD111,TV,Sony Bravia 55,Dell,1,1516.41,0.2,0.18,1431.49,Credit Card,In-Store,EMP545,1,0,Same Day,8,INR
ORD138589,16-05-2023,BR86,Germany,Hamburg,CUST8354,PROD858,TV,Sony Bravia 55,Samsung,2,83.5,0.04,0.18,189.18,Debit Card,Online,EMP294,0,0,Same Day,8,USD
ORD138590,15-06-2023,BR32,USA,Dallas,CUST7888,PROD386,Tablet,iPad Air,HP,3,575.87,0.1,0.18,1834.72,UPI,In-Store,EMP213,3,1,Same Day,2,AED
ORD138591,25-01-2023,BR66,Germany,Hamburg,CUST6332,PROD745,Accessories,Keyboard,Apple,3,423.57,0.16,0.18,1259.53,Net Banking,In-Store,EMP739,3,0,Standard,3,USD
ORD138592,28-08-2024,BR24,UK,Birmingham,CUST9545,PROD432,Tablet,Lenovo Tab P11,LG,2,398.75,0.22,0.18,734.02,Cash,Online,EMP416,3,0,Standard,5,GBP
ORD138593,12-12-2023,BR95,USA,Chicago,CUST2431,PROD158,Tablet,iPad Air,OnePlus,1,1636.6,0.12,0.18,1699.45,Cash,Online,EMP723,0,1,Express,5,USD
ORD138594,11-08-2024,BR69,India,Delhi,CUST4934,PROD947,Mobile,OnePlus 11,Samsung,2,936.98,0.23,0.18,1702.68,Credit Card,Online,EMP898,3,0,Standard,5,EUR
ORD138595,03-03-2023,BR32,India,Mumbai,CUST1363,PROD644,Mobile,iPhone 14,HP,5,249.83,0.01,0.18,1459.26,Cash,In-Store,EMP568,1,1,Same Day,9,EUR
ORD138596,27-08-2023,BR76,Germany,Hamburg,CUST6486,PROD817,Tablet,Samsung Galaxy Tab,HP,5,1193.27,0.2,0.18,5632.23,Credit Card,Online,EMP263,0,0,Same Day,5,USD
ORD138597,02-08-2023,BR113,UK,Manchester,CUST7854,PROD986,Tablet,Samsung Galaxy Tab,LG,2,1248.06,0.21,0.18,2326.88,UPI,In-Store,EMP929,0,0,Express,10,USD
ORD138598,01-02-2023,BR57,USA,New York,CUST6557,PROD847,Accessories,Wireless Mouse,Lenovo,3,1342.67,0.12,0.18,4182.69,Cash,Online,EMP374,0,0,Express,9,INR
ORD138599,12-06-2023,BR15,UAE,Dubai,CUST7431,PROD872,TV,Samsung QLED 50,Dell,5,771.35,0.05,0.18,4323.42,Credit Card,Online,EMP602,3,1,Standard,10,INR
ORD138600,28-03-2024,BR71,India,Mumbai,CUST1113,PROD725,Laptop,HP Spectre x360,Sony,3,1376.72,0.27,0.18,3557.72,Cash,Online,EMP371,3,0,Standard,6,INR
ORD138601,30-07-2024,BR102,UAE,Abu Dhabi,CUST3879,PROD366,Laptop,HP Spectre x360,Samsung,2,1357.35,0.18,0.18,2626.74,Credit Card,In-Store,EMP259,1,1,Express,8,USD
ORD138602,16-05-2024,BR4,India,Bangalore,CUST8360,PROD546,Mobile,OnePlus 11,OnePlus,2,1467.81,0.05,0.18,3290.83,UPI,Online,EMP919,0,0,Same Day,1,GBP
ORD138603,28-10-2024,BR111,UK,Manchester,CUST3541,PROD928,TV,Sony Bravia 55,OnePlus,1,1121.83,0.06,0.18,1244.33,UPI,Online,EMP646,2,1,Express,3,GBP
ORD138604,07-01-2023,BR70,UK,Birmingham,CUST1883,PROD746,Accessories,Wireless Mouse,Apple,2,150.2,0.11,0.18,315.48,Credit Card,Online,EMP958,1,1,Express,7,USD
ORD138605,01-10-2023,BR12,UK,Birmingham,CUST8554,PROD937,Tablet,Samsung Galaxy Tab,Sony,4,1419.74,0.12,0.18,5897.03,Cash,Online,EMP441,0,0,Standard,7,GBP
ORD138606,04-03-2023,BR82,USA,Los Angeles,CUST6924,PROD182,Tablet,Samsung Galaxy Tab,Dell,5,669.5,0.06,0.18,3713.05,UPI,In-Store,EMP697,1,0,Standard,7,EUR
ORD138607,28-04-2023,BR84,UAE,Dubai,CUST3111,PROD352,TV,Sony Bravia 55,OnePlus,1,1263.77,0.07,0.18,1386.86,Cash,Online,EMP480,3,1,Express,2,AED
ORD138608,26-07-2023,BR40,UK,Birmingham,CUST9518,PROD402,Tablet,iPad Air,Sony,4,396.43,0.06,0.18,1758.88,UPI,In-Store,EMP581,2,0,Same Day,5,EUR
ORD138609,23-09-2024,BR52,Germany,Berlin,CUST5579,PROD381,Accessories,Bluetooth Headphones,Lenovo,2,927.32,0.25,0.18,1641.36,Debit Card,Online,EMP524,1,1,Same Day,10,USD
ORD138610,29-06-2024,BR99,USA,Chicago,CUST3870,PROD642,Tablet,iPad Air,LG,5,267.85,0.3,0.18,1106.22,Net Banking,In-Store,EMP295,1,0,Standard,4,INR
ORD138611,24-10-2023,BR73,India,Bangalore,CUST5396,PROD388,Mobile,OnePlus 11,Lenovo,3,146.72,0.28,0.18,373.96,Cash,Online,EMP819,2,1,Standard,1,EUR
ORD138612,13-03-2023,BR78,USA,Los Angeles,CUST7477,PROD772,Accessories,Bluetooth Headphones,Apple,5,1995.7,0.18,0.18,9655.2,Net Banking,Online,EMP355,3,0,Standard,4,EUR
ORD138613,05-12-2024,BR61,UAE,Abu Dhabi,CUST5805,PROD136,Accessories,Keyboard,LG,1,1632.85,0.12,0.18,1695.55,Net Banking,In-Store,EMP201,2,0,Standard,10,AED
ORD138614,12-10-2024,BR90,UK,London,CUST4331,PROD539,TV,Sony Bravia 55,LG,3,692.71,0.07,0.18,2280.54,Net Banking,In-Store,EMP511,0,0,Same Day,10,EUR
ORD138615,25-02-2024,BR104,UAE,Abu Dhabi,CUST3781,PROD401,Laptop,HP Spectre x360,Sony,1,516.55,0.18,0.18,499.81,Cash,In-Store,EMP638,3,0,Same Day,3,USD
ORD138616,05-04-2023,BR62,Germany,Hamburg,CUST8243,PROD379,Laptop,HP Spectre x360,Apple,1,1738.27,0.04,0.18,1969.11,UPI,In-Store,EMP646,0,1,Express,5,INR
ORD138617,18-12-2024,BR23,India,Mumbai,CUST2202,PROD136,TV,Samsung QLED 50,Apple,2,1856.53,0.05,0.18,4162.34,UPI,Online,EMP351,0,0,Standard,9,AED
ORD138618,07-01-2023,BR88,UAE,Dubai,CUST6557,PROD573,Tablet,Lenovo Tab P11,Dell,3,474.42,0.07,0.18,1561.89,Net Banking,In-Store,EMP394,0,0,Same Day,5,AED
ORD138619,29-08-2023,BR12,India,Delhi,CUST8376,PROD991,Tablet,Samsung Galaxy Tab,LG,5,281.54,0.21,0.18,1312.26,UPI,Online,EMP448,1,1,Express,3,USD
ORD138620,02-03-2024,BR68,UAE,Dubai,CUST1995,PROD594,Tablet,Samsung Galaxy Tab,LG,2,271.84,0.15,0.18,545.31,Cash,Online,EMP853,1,1,Express,8,EUR
ORD138621,11-04-2024,BR75,UK,Manchester,CUST5309,PROD842,TV,Sony Bravia 55,HP,1,593.6,0.13,0.18,609.39,Cash,Online,EMP734,2,0,Express,6,USD
ORD138622,22-05-2023,BR51,USA,Los Angeles,CUST6221,PROD900,TV,LG OLED 48,HP,4,1501.93,0.08,0.18,6521.98,Cash,In-Store,EMP984,1,1,Same Day,5,INR
ORD138623,28-05-2023,BR113,India,Mumbai,CUST9746,PROD221,Tablet,Samsung Galaxy Tab,OnePlus,1,1442.66,0.22,0.18,1327.82,Net Banking,Online,EMP446,1,1,Express,8,AED
ORD138624,02-02-2024,BR27,India,Delhi,CUST6821,PROD702,Tablet,Samsung Galaxy Tab,OnePlus,4,306.85,0.3,0.18,1013.83,Net Banking,Online,EMP814,3,0,Same Day,10,USD
ORD138625,11-07-2024,BR14,UK,Birmingham,CUST7310,PROD509,Laptop,MacBook Air M2,Apple,3,1025.9,0.3,0.18,2542.18,Credit Card,In-Store,EMP723,1,0,Standard,7,INR
ORD138626,18-02-2024,BR7,UAE,Dubai,CUST6980,PROD962,Laptop,Dell XPS 13,Lenovo,1,1712.07,0.25,0.18,1515.18,UPI,In-Store,EMP383,2,0,Same Day,5,EUR
ORD138627,07-07-2024,BR20,UK,London,CUST9775,PROD204,Mobile,Samsung Galaxy S23,Lenovo,5,1765.1,0.2,0.18,8331.27,Cash,In-Store,EMP413,2,1,Express,8,AED
ORD138628,23-11-2023,BR25,USA,Dallas,CUST4082,PROD297,TV,LG OLED 48,HP,5,857.4,0.17,0.18,4198.69,UPI,In-Store,EMP751,3,1,Standard,6,GBP
ORD138629,01-07-2023,BR42,USA,Dallas,CUST8046,PROD702,Tablet,Lenovo Tab P11,Dell,4,423.24,0.07,0.18,1857.85,UPI,In-Store,EMP338,2,1,Same Day,4,GBP
ORD138630,22-03-2024,BR23,India,Delhi,CUST6055,PROD909,Tablet,iPad Air,Apple,4,1475.41,0.17,0.18,5780.07,Net Banking,In-Store,EMP324,3,1,Express,2,EUR
ORD138631,05-01-2023,BR27,USA,Chicago,CUST5808,PROD928,Laptop,MacBook Air M2,Samsung,3,1197.73,0.28,0.18,3052.77,Net Banking,Online,EMP732,0,0,Express,1,INR
ORD138632,21-09-2024,BR55,UK,Birmingham,CUST4313,PROD989,Tablet,Samsung Galaxy Tab,Samsung,3,398.1,0.17,0.18,1169.7,UPI,In-Store,EMP982,1,1,Standard,4,GBP
ORD138633,05-05-2024,BR5,Germany,Berlin,CUST5733,PROD792,TV,Sony Bravia 55,Dell,2,1269.61,0.21,0.18,2367.06,UPI,In-Store,EMP986,1,1,Same Day,9,USD
ORD138634,17-05-2023,BR100,UK,Manchester,CUST4095,PROD358,Accessories,Keyboard,Dell,2,1615.93,0.14,0.18,3279.69,Credit Card,Online,EMP626,0,0,Same Day,9,GBP
ORD138635,31-05-2023,BR22,Germany,Hamburg,CUST6386,PROD588,Accessories,Wireless Mouse,OnePlus,5,1502.44,0.07,0.18,8243.89,Net Banking,In-Store,EMP575,0,0,Same Day,5,INR
ORD138636,11-07-2023,BR57,USA,Chicago,CUST6511,PROD561,TV,Sony Bravia 55,Lenovo,5,928.35,0.28,0.18,3943.63,Credit Card,Online,EMP247,0,1,Express,7,USD
ORD138637,19-02-2023,BR16,UK,Manchester,CUST4714,PROD296,TV,Samsung QLED 50,Lenovo,4,172.24,0.11,0.18,723.55,Credit Card,Online,EMP710,3,1,Standard,9,GBP
ORD138638,31-08-2024,BR106,UK,London,CUST4209,PROD247,Mobile,Samsung Galaxy S23,HP,4,293.38,0.27,0.18,1010.87,Debit Card,In-Store,EMP671,1,0,Express,4,INR
ORD138639,10-02-2024,BR49,USA,Los Angeles,CUST6460,PROD805,Mobile,iPhone 14,Samsung,3,562.7,0.04,0.18,1912.28,Credit Card,In-Store,EMP674,1,1,Express,4,GBP
ORD138640,20-03-2023,BR109,Germany,Hamburg,CUST4202,PROD201,Mobile,iPhone 14,LG,5,1276.31,0.26,0.18,5572.37,Credit Card,In-Store,EMP306,3,0,Same Day,9,USD
ORD138641,30-07-2024,BR10,UAE,Dubai,CUST2870,PROD177,Mobile,OnePlus 11,Apple,2,1986.04,0.21,0.18,3702.77,UPI,In-Store,EMP293,3,1,Express,7,GBP
ORD138642,14-10-2023,BR63,UAE,Abu Dhabi,CUST4815,PROD983,TV,LG OLED 48,Dell,3,941.51,0.25,0.18,2499.71,Debit Card,In-Store,EMP351,2,0,Standard,10,AED
ORD138643,11-04-2023,BR56,UK,Birmingham,CUST4651,PROD216,Laptop,MacBook Air M2,Dell,2,1992.76,0.15,0.18,3997.48,UPI,In-Store,EMP537,2,0,Standard,2,AED
ORD138644,30-04-2023,BR49,USA,New York,CUST9812,PROD711,Mobile,Samsung Galaxy S23,Lenovo,5,573.85,0.23,0.18,2607,Cash,Online,EMP588,1,1,Same Day,7,USD
ORD138645,06-11-2023,BR14,Germany,Munich,CUST3383,PROD711,Accessories,Bluetooth Headphones,Sony,2,1753.38,0.17,0.18,3434.52,Credit Card,In-Store,EMP519,0,0,Standard,3,GBP
ORD138646,13-01-2024,BR93,USA,Dallas,CUST1218,PROD107,TV,Sony Bravia 55,Samsung,2,914.64,0.17,0.18,1791.6,Credit Card,In-Store,EMP406,3,0,Express,9,AED
ORD138647,21-12-2023,BR102,Germany,Hamburg,CUST5150,PROD617,Mobile,iPhone 14,Lenovo,1,1123.27,0.28,0.18,954.33,Cash,Online,EMP795,2,1,Express,3,GBP
ORD138648,19-02-2024,BR37,India,Mumbai,CUST8611,PROD430,TV,Sony Bravia 55,Dell,4,1214,0.07,0.18,5328.97,Credit Card,In-Store,EMP391,2,1,Standard,7,INR
ORD138649,10-07-2023,BR63,UAE,Dubai,CUST7151,PROD299,Tablet,Samsung Galaxy Tab,Samsung,2,275.12,0.27,0.18,473.98,Credit Card,In-Store,EMP393,0,0,Standard,2,GBP
ORD138650,14-02-2024,BR40,UK,Manchester,CUST2389,PROD251,TV,LG OLED 48,LG,3,1776.12,0.04,0.18,6035.97,Net Banking,In-Store,EMP327,0,1,Same Day,10,USD
ORD138651,28-01-2023,BR49,UK,Manchester,CUST4519,PROD697,Laptop,MacBook Air M2,Dell,3,668.47,0.03,0.18,2295.39,Debit Card,In-Store,EMP961,1,1,Standard,4,EUR
ORD138652,19-02-2023,BR77,India,Delhi,CUST9358,PROD164,Tablet,Samsung Galaxy Tab,Samsung,2,56.44,0.15,0.18,113.22,Credit Card,In-Store,EMP793,3,1,Standard,7,AED
ORD138653,22-05-2024,BR24,UAE,Abu Dhabi,CUST2316,PROD191,Accessories,Bluetooth Headphones,Sony,4,172.64,0.23,0.18,627.44,Net Banking,In-Store,EMP255,2,1,Same Day,9,INR
ORD138654,25-09-2023,BR75,India,Mumbai,CUST5436,PROD502,Mobile,OnePlus 11,OnePlus,5,1251.73,0.02,0.18,7237.5,Credit Card,Online,EMP824,2,0,Express,9,USD
ORD138655,18-07-2024,BR79,India,Delhi,CUST6003,PROD353,Tablet,Samsung Galaxy Tab,OnePlus,5,1663,0.12,0.18,8634.3,UPI,In-Store,EMP673,1,0,Express,6,AED
ORD138656,18-05-2023,BR23,UK,London,CUST9415,PROD172,Accessories,Bluetooth Headphones,HP,1,738.97,0.01,0.18,863.26,Credit Card,In-Store,EMP320,0,1,Standard,9,GBP
ORD138657,24-05-2023,BR91,UAE,Abu Dhabi,CUST9201,PROD899,Laptop,HP Spectre x360,Samsung,5,407.36,0.04,0.18,2307.29,UPI,Online,EMP727,1,0,Same Day,9,EUR
ORD138658,07-10-2023,BR50,India,Pune,CUST7696,PROD716,Laptop,HP Spectre x360,Apple,5,1909.72,0.14,0.18,9689.92,UPI,In-Store,EMP347,3,0,Standard,5,AED
ORD138659,21-10-2023,BR91,UK,Birmingham,CUST3358,PROD256,Tablet,Lenovo Tab P11,Apple,5,855.7,0.22,0.18,3937.93,Credit Card,In-Store,EMP610,2,1,Same Day,4,EUR
ORD138660,23-03-2023,BR105,UK,London,CUST9976,PROD919,Accessories,Wireless Mouse,Lenovo,1,282.09,0.26,0.18,246.32,Cash,Online,EMP882,2,0,Same Day,10,INR
ORD138661,19-07-2023,BR33,Germany,Hamburg,CUST2467,PROD476,TV,Sony Bravia 55,LG,1,1062.19,0.06,0.18,1178.18,Cash,In-Store,EMP745,0,1,Standard,6,AED
ORD138662,05-09-2023,BR25,UK,Manchester,CUST6942,PROD716,Tablet,iPad Air,Samsung,4,1279.85,0,0.18,6040.89,Cash,Online,EMP606,3,0,Standard,9,INR
ORD138663,25-07-2024,BR29,USA,Dallas,CUST4888,PROD555,Accessories,Bluetooth Headphones,Apple,5,1573.16,0.03,0.18,9003.19,Net Banking,Online,EMP470,2,1,Standard,1,AED
ORD138664,30-03-2023,BR32,Germany,Hamburg,CUST9924,PROD342,TV,LG OLED 48,HP,2,239.89,0.25,0.18,424.61,Cash,Online,EMP419,3,0,Same Day,2,USD
ORD138665,25-04-2024,BR111,UK,London,CUST1264,PROD314,Mobile,iPhone 14,LG,2,1416.34,0.28,0.18,2406.64,Credit Card,Online,EMP885,3,0,Standard,7,EUR
ORD138666,02-03-2024,BR35,USA,Los Angeles,CUST7376,PROD744,Tablet,Samsung Galaxy Tab,OnePlus,2,1076.3,0.23,0.18,1955.85,Cash,In-Store,EMP589,3,0,Same Day,1,USD
ORD138667,16-02-2023,BR55,USA,Los Angeles,CUST8518,PROD812,Tablet,Samsung Galaxy Tab,HP,4,176.04,0.15,0.18,706.27,Credit Card,Online,EMP243,2,0,Express,10,AED
ORD138668,06-06-2023,BR6,UK,Birmingham,CUST7824,PROD807,Mobile,Samsung Galaxy S23,Sony,3,1628.38,0.15,0.18,4899.8,Debit Card,Online,EMP946,2,1,Same Day,7,GBP
ORD138669,17-04-2023,BR114,USA,Los Angeles,CUST1590,PROD488,Tablet,Samsung Galaxy Tab,Samsung,3,637.95,0.12,0.18,1987.34,Debit Card,Online,EMP914,3,0,Express,8,USD
ORD138670,17-12-2023,BR75,UAE,Dubai,CUST1475,PROD598,Accessories,Wireless Mouse,Lenovo,5,1757.31,0.12,0.18,9123.95,Debit Card,Online,EMP881,3,1,Same Day,3,GBP
ORD138671,23-12-2024,BR42,Germany,Hamburg,CUST1491,PROD710,TV,Sony Bravia 55,HP,3,1408.64,0.09,0.18,4537.79,Debit Card,In-Store,EMP354,2,0,Express,7,AED
ORD138672,23-06-2024,BR106,Germany,Hamburg,CUST5479,PROD284,Tablet,Lenovo Tab P11,Samsung,3,395.08,0.16,0.18,1174.81,Debit Card,Online,EMP327,3,0,Express,10,INR
ORD138673,01-08-2023,BR23,India,Delhi,CUST3734,PROD166,Tablet,Samsung Galaxy Tab,Lenovo,3,1257.15,0.18,0.18,3649.26,UPI,In-Store,EMP837,1,0,Express,8,USD
ORD138674,26-03-2024,BR2,UK,Manchester,CUST7830,PROD182,Accessories,Keyboard,Samsung,2,936.7,0.11,0.18,1967.44,Cash,Online,EMP527,0,1,Express,8,USD
ORD138675,04-06-2023,BR88,Germany,Hamburg,CUST9784,PROD541,Tablet,Samsung Galaxy Tab,Lenovo,3,715.23,0.16,0.18,2126.81,Net Banking,In-Store,EMP416,2,0,Same Day,4,AED
ORD138676,17-01-2024,BR47,UAE,Dubai,CUST4246,PROD739,Tablet,Lenovo Tab P11,Samsung,5,1194.94,0.06,0.18,6627.14,Credit Card,In-Store,EMP828,3,1,Standard,4,EUR
ORD138677,02-07-2024,BR37,UAE,Dubai,CUST9687,PROD988,Mobile,Samsung Galaxy S23,Dell,2,683.04,0.25,0.18,1208.98,Cash,In-Store,EMP401,0,0,Standard,4,GBP
ORD138678,05-04-2023,BR75,UAE,Dubai,CUST4635,PROD336,Accessories,Keyboard,Lenovo,4,1309.44,0.2,0.18,4944.45,Net Banking,In-Store,EMP704,2,0,Standard,6,USD
ORD138679,14-10-2023,BR58,Germany,Munich,CUST4365,PROD707,Tablet,Lenovo Tab P11,LG,1,1869.69,0.08,0.18,2029.74,Credit Card,In-Store,EMP782,2,0,Standard,8,USD
ORD138680,27-04-2024,BR6,Germany,Berlin,CUST8477,PROD973,Accessories,Wireless Mouse,OnePlus,3,1125.42,0.23,0.18,3067.67,Credit Card,In-Store,EMP293,3,1,Express,7,GBP
ORD138681,18-02-2024,BR23,Germany,Munich,CUST8239,PROD290,Laptop,HP Spectre x360,Lenovo,4,1387.31,0.13,0.18,5696.85,Cash,Online,EMP613,3,1,Same Day,3,INR
ORD138682,13-11-2023,BR104,USA,Chicago,CUST6312,PROD130,Mobile,OnePlus 11,Apple,5,677.7,0.23,0.18,3078.79,Debit Card,Online,EMP478,1,1,Same Day,2,AED
ORD138683,05-10-2023,BR90,Germany,Munich,CUST8151,PROD907,Mobile,OnePlus 11,Samsung,4,537.41,0.01,0.18,2511.21,UPI,Online,EMP968,0,1,Standard,6,AED
ORD138684,20-03-2024,BR19,USA,Chicago,CUST3077,PROD534,Laptop,Dell XPS 13,Apple,4,984.46,0.17,0.18,3856.72,Cash,In-Store,EMP794,2,1,Standard,3,INR
ORD138685,16-07-2023,BR82,USA,Chicago,CUST7456,PROD755,Laptop,Dell XPS 13,Dell,4,1446.44,0.03,0.18,6622.38,Net Banking,In-Store,EMP428,0,1,Express,2,GBP
ORD138686,05-06-2023,BR78,Germany,Munich,CUST6806,PROD318,Mobile,Samsung Galaxy S23,OnePlus,4,133.5,0.3,0.18,441.08,Credit Card,In-Store,EMP934,0,1,Same Day,9,AED
ORD138687,10-05-2023,BR52,India,Delhi,CUST9181,PROD981,Laptop,HP Spectre x360,Sony,4,419.64,0.17,0.18,1643.98,Net Banking,In-Store,EMP655,1,1,Same Day,6,AED
ORD138688,14-01-2024,BR7,UK,London,CUST3614,PROD223,Mobile,OnePlus 11,Apple,4,56.1,0.2,0.18,211.83,UPI,In-Store,EMP530,2,1,Express,1,EUR
ORD138689,26-06-2024,BR45,India,Delhi,CUST2970,PROD683,Tablet,Samsung Galaxy Tab,Apple,5,1627.07,0.16,0.18,8063.76,Net Banking,Online,EMP412,2,0,Same Day,5,INR
ORD138690,14-12-2023,BR54,USA,Dallas,CUST3681,PROD524,Mobile,Samsung Galaxy S23,Sony,1,703.33,0.02,0.18,813.33,Credit Card,Online,EMP387,0,0,Standard,1,INR
ORD138691,06-02-2024,BR86,India,Pune,CUST7082,PROD241,Accessories,Bluetooth Headphones,Sony,3,710.47,0.27,0.18,1836,Cash,Online,EMP754,2,1,Same Day,9,INR
ORD138692,09-09-2023,BR38,Germany,Berlin,CUST1763,PROD758,Mobile,iPhone 14,OnePlus,3,478.84,0.24,0.18,1288.27,Cash,Online,EMP816,3,0,Express,10,INR
ORD138693,17-12-2024,BR75,Germany,Hamburg,CUST2670,PROD693,Accessories,Bluetooth Headphones,Samsung,4,1343.8,0.25,0.18,4757.05,UPI,Online,EMP222,0,1,Standard,6,GBP
ORD138694,01-05-2023,BR66,India,Bangalore,CUST4348,PROD432,Laptop,MacBook Air M2,LG,5,1888.92,0.18,0.18,9138.59,Cash,Online,EMP438,3,1,Express,2,INR
ORD138695,11-11-2023,BR110,Germany,Munich,CUST5508,PROD103,Tablet,iPad Air,Samsung,1,1350.65,0.24,0.18,1211.26,Cash,In-Store,EMP965,0,1,Standard,9,INR
ORD138696,13-03-2023,BR108,UAE,Abu Dhabi,CUST1597,PROD477,Tablet,Samsung Galaxy Tab,Lenovo,2,133.92,0.18,0.18,259.16,UPI,In-Store,EMP347,2,1,Same Day,2,INR
ORD138697,22-04-2024,BR90,UAE,Abu Dhabi,CUST6013,PROD367,Accessories,Wireless Mouse,Samsung,1,1300.27,0.13,0.18,1334.86,Debit Card,Online,EMP444,2,0,Express,3,INR
ORD138698,27-05-2024,BR33,USA,Dallas,CUST5998,PROD357,Mobile,Samsung Galaxy S23,Dell,1,1935.61,0.21,0.18,1804.38,UPI,In-Store,EMP291,2,0,Same Day,6,INR
ORD138699,14-02-2023,BR50,Germany,Hamburg,CUST4063,PROD710,TV,Samsung QLED 50,Dell,3,153.25,0.13,0.18,471.98,Credit Card,Online,EMP468,0,1,Same Day,5,INR
ORD138700,08-11-2023,BR97,Germany,Hamburg,CUST8418,PROD361,TV,Sony Bravia 55,Sony,2,569.34,0.14,0.18,1155.53,Net Banking,Online,EMP706,1,0,Express,7,USD
ORD138701,28-09-2024,BR18,Germany,Berlin,CUST8223,PROD795,Accessories,Keyboard,Dell,2,1143.76,0.03,0.18,2618.3,UPI,Online,EMP641,1,0,Express,6,EUR
ORD138702,24-12-2023,BR89,Germany,Hamburg,CUST7899,PROD328,Tablet,Samsung Galaxy Tab,Apple,4,1002.22,0.06,0.18,4446.65,Cash,In-Store,EMP729,2,0,Same Day,10,GBP
ORD138703,30-08-2024,BR93,India,Delhi,CUST4965,PROD339,TV,Sony Bravia 55,Sony,2,212.93,0.11,0.18,447.24,Debit Card,Online,EMP297,0,1,Express,6,GBP
ORD138704,02-09-2024,BR14,Germany,Berlin,CUST4631,PROD405,Laptop,HP Spectre x360,LG,4,1783.53,0.04,0.18,8081.53,Credit Card,In-Store,EMP778,3,0,Same Day,10,USD
ORD138705,05-01-2024,BR79,Germany,Hamburg,CUST8258,PROD585,Laptop,MacBook Air M2,Sony,1,811.97,0.03,0.18,929.38,Credit Card,Online,EMP894,3,1,Express,5,EUR
ORD138706,24-11-2023,BR96,Germany,Berlin,CUST7788,PROD273,Laptop,Dell XPS 13,HP,5,1332.72,0.02,0.18,7705.79,Credit Card,Online,EMP853,0,1,Same Day,10,INR
ORD138707,19-06-2023,BR10,USA,Los Angeles,CUST6176,PROD375,Accessories,Keyboard,HP,3,1667,0.29,0.18,4189.84,Debit Card,Online,EMP281,2,1,Same Day,7,USD
ORD138708,08-11-2024,BR99,USA,New York,CUST8194,PROD249,Tablet,Samsung Galaxy Tab,Lenovo,4,1242.24,0.18,0.18,4807.97,Cash,Online,EMP338,1,1,Standard,2,INR
ORD138709,03-01-2023,BR38,UAE,Abu Dhabi,CUST9105,PROD220,Tablet,Lenovo Tab P11,HP,2,234.14,0.01,0.18,547.04,Cash,In-Store,EMP573,1,1,Express,3,EUR
ORD138710,13-04-2024,BR32,India,Bangalore,CUST8560,PROD681,Laptop,MacBook Air M2,Samsung,4,722.4,0.11,0.18,3034.66,Credit Card,In-Store,EMP235,0,1,Same Day,10,INR
ORD138711,12-01-2023,BR27,UAE,Abu Dhabi,CUST3501,PROD762,Laptop,MacBook Air M2,Apple,5,1006.97,0.06,0.18,5584.66,Debit Card,In-Store,EMP315,3,1,Express,1,INR
ORD138712,04-11-2023,BR80,Germany,Munich,CUST6801,PROD174,Laptop,HP Spectre x360,Samsung,4,684.54,0.07,0.18,3004.86,Net Banking,Online,EMP316,0,1,Same Day,1,GBP
ORD138713,19-08-2023,BR51,UAE,Abu Dhabi,CUST6321,PROD297,Laptop,HP Spectre x360,Sony,2,1869.18,0.18,0.18,3617.24,Credit Card,In-Store,EMP676,0,0,Express,7,INR
ORD138714,15-02-2023,BR111,UAE,Abu Dhabi,CUST8339,PROD589,Mobile,iPhone 14,Samsung,5,697.81,0.23,0.18,3170.15,Credit Card,In-Store,EMP667,3,0,Same Day,6,EUR
ORD138715,26-07-2024,BR69,India,Mumbai,CUST7091,PROD689,Laptop,HP Spectre x360,Lenovo,1,1443.82,0.03,0.18,1652.6,Net Banking,Online,EMP770,1,1,Express,6,AED
ORD138716,08-10-2024,BR46,Germany,Hamburg,CUST9810,PROD282,Mobile,Samsung Galaxy S23,Samsung,1,229.86,0.02,0.18,265.81,UPI,In-Store,EMP502,1,0,Standard,5,INR
ORD138717,11-09-2023,BR111,Germany,Munich,CUST8884,PROD393,TV,Samsung QLED 50,OnePlus,2,1111.35,0.28,0.18,1888.41,Credit Card,In-Store,EMP613,3,0,Same Day,9,USD
ORD138718,28-11-2023,BR56,USA,Los Angeles,CUST4404,PROD261,Tablet,Lenovo Tab P11,Lenovo,4,347.98,0.09,0.18,1494.64,Credit Card,In-Store,EMP601,1,1,Express,6,GBP
ORD138719,07-04-2023,BR101,Germany,Berlin,CUST5249,PROD535,Tablet,Lenovo Tab P11,Sony,4,1485.04,0.24,0.18,5327.14,Net Banking,Online,EMP500,3,0,Express,8,USD
ORD138720,16-04-2024,BR90,India,Mumbai,CUST1019,PROD163,Tablet,iPad Air,OnePlus,3,1494.99,0.09,0.18,4815.96,UPI,Online,EMP931,0,1,Standard,8,GBP
ORD138721,18-11-2023,BR50,UAE,Dubai,CUST2460,PROD663,Mobile,iPhone 14,Dell,5,1762.54,0.08,0.18,9567.07,Debit Card,Online,EMP832,3,0,Same Day,2,USD
ORD138722,11-05-2023,BR3,Germany,Munich,CUST4788,PROD344,TV,Sony Bravia 55,Sony,2,196.88,0.18,0.18,381,Net Banking,In-Store,EMP231,0,0,Express,9,EUR
ORD138723,17-12-2023,BR73,UAE,Dubai,CUST6563,PROD140,TV,Sony Bravia 55,Dell,3,1530.08,0.23,0.18,4170.69,Credit Card,Online,EMP593,0,0,Same Day,6,INR
ORD138724,17-02-2023,BR39,Germany,Hamburg,CUST9968,PROD868,Tablet,Lenovo Tab P11,Lenovo,3,1722.8,0.06,0.18,5732.79,UPI,In-Store,EMP921,2,1,Standard,5,AED
ORD138725,13-07-2024,BR39,USA,Chicago,CUST7181,PROD709,Laptop,MacBook Air M2,Dell,4,1079.68,0.27,0.18,3720.15,UPI,In-Store,EMP226,2,1,Express,10,INR
ORD138726,20-09-2024,BR103,UK,London,CUST9464,PROD828,Mobile,Samsung Galaxy S23,HP,4,1245.99,0.2,0.18,4704.86,Net Banking,Online,EMP551,1,0,Express,3,GBP
ORD138727,13-01-2024,BR63,UAE,Abu Dhabi,CUST9129,PROD438,Tablet,Samsung Galaxy Tab,HP,5,1101.08,0.15,0.18,5521.92,Net Banking,In-Store,EMP745,2,1,Express,7,INR
ORD138728,17-03-2023,BR12,USA,Chicago,CUST3175,PROD240,Laptop,MacBook Air M2,LG,1,1922.92,0.14,0.18,1951.38,Net Banking,Online,EMP752,0,0,Express,9,USD
ORD138729,14-07-2023,BR44,USA,New York,CUST8188,PROD525,Laptop,MacBook Air M2,HP,2,1456.57,0.25,0.18,2578.13,Debit Card,Online,EMP929,3,0,Standard,10,GBP
ORD138730,16-05-2024,BR79,India,Bangalore,CUST7880,PROD229,Laptop,MacBook Air M2,Dell,1,698.13,0.15,0.18,700.22,Debit Card,In-Store,EMP342,2,0,Express,9,USD
ORD138731,08-08-2023,BR106,UK,London,CUST4272,PROD841,Tablet,Lenovo Tab P11,Dell,1,1069.12,0.2,0.18,1009.25,Debit Card,In-Store,EMP809,1,0,Standard,4,AED
ORD138732,26-09-2023,BR31,UK,Birmingham,CUST3044,PROD160,Laptop,HP Spectre x360,Dell,1,677.6,0.29,0.18,567.69,Net Banking,Online,EMP497,3,1,Same Day,3,USD
ORD138733,06-05-2024,BR105,UAE,Abu Dhabi,CUST3861,PROD611,TV,LG OLED 48,Lenovo,2,290.27,0.11,0.18,609.68,Credit Card,Online,EMP710,3,0,Express,2,INR
ORD138734,08-11-2024,BR44,India,Pune,CUST6496,PROD861,Tablet,Lenovo Tab P11,HP,2,873.85,0.26,0.18,1526.09,Cash,Online,EMP561,0,1,Express,8,USD
ORD138735,26-09-2024,BR111,UAE,Dubai,CUST3796,PROD121,TV,Samsung QLED 50,Sony,4,1040.78,0.01,0.18,4863.36,Credit Card,Online,EMP370,3,1,Express,9,USD
ORD138736,21-12-2024,BR36,Germany,Munich,CUST7505,PROD780,TV,Sony Bravia 55,Apple,1,963.95,0.25,0.18,853.1,Debit Card,Online,EMP371,2,1,Same Day,10,GBP
ORD138737,22-02-2023,BR47,Germany,Hamburg,CUST4985,PROD359,Mobile,OnePlus 11,Apple,4,1377.08,0.25,0.18,4874.86,UPI,In-Store,EMP785,1,1,Express,10,INR
ORD138738,15-03-2024,BR92,India,Pune,CUST6296,PROD604,Laptop,HP Spectre x360,OnePlus,3,853.79,0.3,0.18,2115.69,Net Banking,In-Store,EMP516,3,1,Same Day,1,USD
ORD138739,27-08-2023,BR76,UK,Birmingham,CUST8833,PROD716,Laptop,HP Spectre x360,Lenovo,1,638.44,0.18,0.18,617.75,Credit Card,In-Store,EMP398,2,0,Express,1,EUR
ORD138740,10-09-2023,BR55,USA,Chicago,CUST5446,PROD388,TV,Samsung QLED 50,HP,4,1484.8,0.1,0.18,6307.43,UPI,In-Store,EMP453,3,0,Standard,9,USD
ORD138741,05-10-2023,BR7,UK,Birmingham,CUST9452,PROD934,TV,LG OLED 48,LG,1,449.25,0.04,0.18,508.91,Net Banking,Online,EMP394,3,1,Express,9,USD
ORD138742,03-12-2023,BR3,USA,Los Angeles,CUST6634,PROD585,Tablet,Samsung Galaxy Tab,Dell,1,1872.77,0.22,0.18,1723.7,Credit Card,In-Store,EMP853,1,0,Express,2,EUR
ORD138743,29-03-2023,BR74,UAE,Dubai,CUST1924,PROD796,Laptop,MacBook Air M2,Lenovo,4,1110.68,0.12,0.18,4613.32,Cash,In-Store,EMP725,3,1,Standard,10,INR
ORD138744,18-12-2023,BR111,India,Bangalore,CUST1049,PROD338,Tablet,Samsung Galaxy Tab,HP,1,1552.91,0.01,0.18,1814.11,Debit Card,In-Store,EMP834,3,0,Express,10,GBP
ORD138745,22-04-2024,BR19,UAE,Abu Dhabi,CUST4212,PROD757,Mobile,OnePlus 11,Sony,1,1572.89,0.2,0.18,1484.81,Debit Card,Online,EMP791,1,1,Standard,5,AED
ORD138746,26-08-2024,BR41,India,Delhi,CUST2386,PROD707,TV,Sony Bravia 55,OnePlus,2,1413.81,0.02,0.18,3269.86,Net Banking,In-Store,EMP568,2,1,Same Day,8,USD
ORD138747,09-03-2023,BR9,UK,Manchester,CUST9470,PROD638,Mobile,OnePlus 11,Sony,4,1423.57,0.03,0.18,6517.67,Debit Card,Online,EMP992,2,1,Standard,6,GBP
ORD138748,09-01-2023,BR22,UK,Manchester,CUST2160,PROD236,Tablet,Samsung Galaxy Tab,Dell,5,1275.15,0.19,0.18,6093.94,Debit Card,In-Store,EMP864,2,1,Express,4,EUR
ORD138749,13-10-2023,BR24,UK,Birmingham,CUST7280,PROD257,Tablet,Samsung Galaxy Tab,HP,2,231.55,0.23,0.18,420.77,Net Banking,In-Store,EMP900,2,0,Same Day,5,AED
ORD138750,09-10-2024,BR92,Germany,Hamburg,CUST4479,PROD253,Tablet,Lenovo Tab P11,OnePlus,2,486.74,0.26,0.18,850.04,Credit Card,Online,EMP373,0,1,Express,8,INR
ORD138751,28-11-2024,BR2,UK,Birmingham,CUST2216,PROD803,TV,Sony Bravia 55,Lenovo,4,1953.89,0.18,0.18,7562.34,Cash,In-Store,EMP246,3,1,Standard,2,INR
ORD138752,12-08-2024,BR88,UK,Manchester,CUST7507,PROD600,Mobile,OnePlus 11,Sony,5,1243.92,0.03,0.18,7118.95,Debit Card,Online,EMP369,3,1,Standard,7,USD
ORD138753,18-05-2023,BR46,India,Mumbai,CUST9322,PROD473,Laptop,Dell XPS 13,HP,1,428.94,0.03,0.18,490.96,Cash,In-Store,EMP434,0,1,Express,7,GBP
ORD138754,22-08-2023,BR8,UK,London,CUST8992,PROD997,Laptop,Dell XPS 13,OnePlus,4,1658.91,0.14,0.18,6733.85,Net Banking,In-Store,EMP946,1,0,Same Day,7,AED
ORD138755,20-02-2024,BR83,UAE,Dubai,CUST9151,PROD549,Accessories,Keyboard,OnePlus,3,1618.11,0.1,0.18,5155.3,Cash,Online,EMP900,3,1,Same Day,5,AED
ORD138756,17-08-2023,BR48,UK,London,CUST3836,PROD158,Mobile,Samsung Galaxy S23,Lenovo,1,797.92,0.23,0.18,724.99,Net Banking,Online,EMP667,3,0,Express,10,USD
ORD138757,04-09-2023,BR100,USA,New York,CUST4609,PROD473,Tablet,Lenovo Tab P11,HP,3,1810.56,0.02,0.18,6281.19,Credit Card,In-Store,EMP277,3,0,Express,7,EUR
ORD138758,17-09-2023,BR7,USA,Dallas,CUST8469,PROD491,Laptop,Dell XPS 13,Apple,2,1774.07,0.21,0.18,3307.58,Cash,In-Store,EMP677,0,0,Same Day,2,EUR
ORD138759,03-01-2023,BR26,USA,Los Angeles,CUST3902,PROD864,TV,Samsung QLED 50,HP,3,1615.45,0.1,0.18,5146.82,Net Banking,In-Store,EMP558,2,1,Express,8,AED
ORD138760,06-01-2024,BR10,India,Bangalore,CUST1696,PROD255,TV,LG OLED 48,Sony,1,745.79,0.27,0.18,642.42,Debit Card,Online,EMP385,2,1,Standard,7,EUR
ORD138761,08-11-2023,BR58,India,Delhi,CUST8261,PROD876,TV,LG OLED 48,Apple,4,1094.84,0.28,0.18,3720.7,Debit Card,In-Store,EMP366,3,1,Standard,7,GBP
ORD138762,29-08-2024,BR54,UK,London,CUST9496,PROD361,Accessories,Wireless Mouse,Apple,1,158.42,0.17,0.18,155.16,Cash,Online,EMP708,1,1,Express,10,INR
ORD138763,17-12-2024,BR58,UK,Manchester,CUST9624,PROD131,Accessories,Wireless Mouse,Lenovo,2,89.83,0.17,0.18,175.96,Net Banking,In-Store,EMP541,2,1,Standard,5,EUR
ORD138764,20-03-2023,BR75,UK,Birmingham,CUST7174,PROD863,Mobile,Samsung Galaxy S23,LG,2,901.73,0.18,0.18,1745.03,Credit Card,Online,EMP596,2,1,Express,3,GBP
ORD138765,13-02-2024,BR90,USA,Los Angeles,CUST9881,PROD849,Accessories,Keyboard,Dell,2,1133.88,0.05,0.18,2542.16,Net Banking,Online,EMP216,3,0,Express,1,EUR
ORD138766,20-12-2023,BR61,India,Mumbai,CUST6752,PROD628,Mobile,OnePlus 11,Lenovo,4,743.59,0.26,0.18,2597.21,Cash,In-Store,EMP260,0,1,Express,6,AED
ORD138767,11-02-2023,BR11,USA,Chicago,CUST8511,PROD597,Tablet,Lenovo Tab P11,LG,3,1889.04,0.27,0.18,4881.66,Debit Card,Online,EMP559,2,1,Same Day,2,EUR
ORD138768,25-05-2024,BR87,UK,Birmingham,CUST4484,PROD456,Accessories,Keyboard,Dell,2,454.05,0.21,0.18,846.53,Debit Card,In-Store,EMP853,1,0,Same Day,8,USD
ORD138769,17-10-2023,BR79,India,Mumbai,CUST7644,PROD665,Mobile,iPhone 14,Lenovo,5,417.39,0.12,0.18,2167.09,Debit Card,Online,EMP623,1,0,Standard,10,USD
ORD138770,10-04-2023,BR51,USA,Dallas,CUST3976,PROD391,Accessories,Keyboard,HP,1,585.99,0.16,0.18,580.83,Net Banking,In-Store,EMP371,2,1,Standard,3,GBP
ORD138771,11-04-2024,BR83,UAE,Dubai,CUST6894,PROD776,Laptop,HP Spectre x360,Apple,5,1268.22,0.13,0.18,6509.77,Cash,In-Store,EMP978,2,0,Express,9,GBP
ORD138772,13-10-2023,BR71,Germany,Hamburg,CUST7238,PROD598,Tablet,Samsung Galaxy Tab,OnePlus,5,739.16,0.28,0.18,3139.95,Debit Card,Online,EMP415,2,0,Same Day,3,AED
ORD138773,27-08-2024,BR64,UK,Birmingham,CUST5481,PROD139,Laptop,HP Spectre x360,LG,4,1045.52,0.12,0.18,4342.67,Debit Card,In-Store,EMP390,3,1,Standard,3,INR
ORD138774,19-03-2023,BR99,India,Bangalore,CUST3276,PROD745,Tablet,Lenovo Tab P11,LG,1,1360.33,0.2,0.18,1284.15,Credit Card,Online,EMP347,1,0,Standard,8,GBP
ORD138775,14-08-2023,BR77,Germany,Munich,CUST8541,PROD478,Laptop,HP Spectre x360,LG,1,471.58,0.13,0.18,484.12,Debit Card,In-Store,EMP310,1,0,Standard,8,GBP
ORD138776,21-11-2024,BR104,India,Bangalore,CUST2155,PROD747,Accessories,Keyboard,Lenovo,5,113.51,0.2,0.18,535.77,UPI,In-Store,EMP927,1,1,Express,2,USD
ORD138777,15-05-2023,BR106,UK,Birmingham,CUST2130,PROD216,TV,Samsung QLED 50,LG,1,716.14,0.18,0.18,692.94,Debit Card,In-Store,EMP541,0,1,Express,9,GBP
ORD138778,03-05-2023,BR23,India,Bangalore,CUST3220,PROD485,TV,Sony Bravia 55,Samsung,1,899.6,0.18,0.18,870.45,Debit Card,In-Store,EMP963,1,0,Standard,4,GBP
ORD138779,20-07-2024,BR28,USA,Dallas,CUST3197,PROD467,Laptop,MacBook Air M2,LG,2,1808.92,0.13,0.18,3714.07,UPI,Online,EMP731,2,1,Same Day,3,INR
ORD138780,09-04-2023,BR114,UAE,Dubai,CUST2192,PROD907,Accessories,Wireless Mouse,Samsung,5,815.5,0.02,0.18,4715.22,UPI,In-Store,EMP948,0,0,Standard,10,USD
ORD138781,10-09-2024,BR70,USA,Dallas,CUST5737,PROD708,Laptop,HP Spectre x360,Sony,4,569.97,0.21,0.18,2125.3,Debit Card,In-Store,EMP930,1,0,Same Day,1,EUR
ORD138782,10-11-2024,BR9,India,Bangalore,CUST2998,PROD902,Mobile,iPhone 14,OnePlus,4,73.04,0.08,0.18,317.17,UPI,In-Store,EMP358,2,1,Same Day,4,AED
ORD138783,08-10-2024,BR67,Germany,Munich,CUST1136,PROD171,Accessories,Keyboard,LG,3,947.46,0.21,0.18,2649.67,UPI,In-Store,EMP732,1,0,Standard,10,EUR
ORD138784,06-04-2023,BR66,UK,London,CUST4001,PROD509,Accessories,Keyboard,OnePlus,2,475.69,0.21,0.18,886.88,Credit Card,In-Store,EMP641,1,1,Express,3,GBP
ORD138785,02-02-2024,BR68,UK,Birmingham,CUST2158,PROD820,Tablet,Lenovo Tab P11,HP,1,528.51,0.01,0.18,617.41,UPI,In-Store,EMP958,2,1,Standard,7,GBP
ORD138786,20-05-2023,BR37,Germany,Hamburg,CUST2113,PROD546,Laptop,HP Spectre x360,Sony,3,476.24,0.21,0.18,1331.85,UPI,Online,EMP243,2,1,Express,5,GBP
ORD138787,25-05-2024,BR10,Germany,Berlin,CUST3878,PROD577,Tablet,Lenovo Tab P11,Apple,5,571.77,0.19,0.18,2732.49,Cash,Online,EMP658,2,0,Express,3,GBP
ORD138788,07-04-2023,BR57,USA,New York,CUST7065,PROD220,Accessories,Keyboard,Lenovo,1,1062.14,0,0.18,1253.33,Debit Card,In-Store,EMP779,0,0,Same Day,6,GBP
ORD138789,20-04-2023,BR40,USA,Los Angeles,CUST9764,PROD207,Tablet,Lenovo Tab P11,LG,1,1583.73,0.03,0.18,1812.74,Credit Card,In-Store,EMP367,1,1,Same Day,2,AED
ORD138790,21-04-2024,BR63,Germany,Berlin,CUST9126,PROD969,Tablet,Lenovo Tab P11,Sony,4,725.5,0.28,0.18,2465.54,Net Banking,Online,EMP495,0,1,Same Day,10,AED
ORD138791,06-11-2024,BR105,USA,Chicago,CUST3220,PROD295,TV,LG OLED 48,OnePlus,4,577.59,0.05,0.18,2589.91,Debit Card,Online,EMP802,3,0,Standard,2,INR
ORD138792,05-01-2024,BR66,UK,Birmingham,CUST8890,PROD366,Mobile,OnePlus 11,Samsung,4,1488.42,0.18,0.18,5760.78,UPI,In-Store,EMP503,2,1,Standard,3,AED
ORD138793,10-03-2024,BR46,UAE,Dubai,CUST6106,PROD681,Accessories,Wireless Mouse,OnePlus,4,902.35,0.12,0.18,3748,Credit Card,In-Store,EMP729,2,0,Same Day,2,GBP
ORD138794,23-04-2023,BR114,UAE,Abu Dhabi,CUST4092,PROD599,TV,LG OLED 48,Dell,1,814.92,0,0.18,961.61,Credit Card,In-Store,EMP793,1,1,Same Day,9,INR
ORD138795,26-11-2024,BR15,Germany,Hamburg,CUST7972,PROD791,Tablet,iPad Air,Samsung,5,1942.47,0.29,0.18,8137.01,Net Banking,In-Store,EMP901,3,0,Express,6,GBP
ORD138796,28-02-2023,BR70,UAE,Abu Dhabi,CUST4088,PROD985,Tablet,Samsung Galaxy Tab,HP,5,723.21,0.27,0.18,3114.87,UPI,In-Store,EMP644,3,0,Standard,7,EUR
ORD138797,16-02-2023,BR116,India,Bangalore,CUST6287,PROD244,Laptop,MacBook Air M2,LG,1,1912.46,0.23,0.18,1737.66,Cash,Online,EMP801,0,1,Standard,8,USD
ORD138798,29-10-2024,BR39,Germany,Berlin,CUST8703,PROD530,Laptop,Dell XPS 13,Lenovo,1,737.51,0.21,0.18,687.51,Cash,In-Store,EMP869,1,1,Same Day,9,AED
ORD138799,17-04-2024,BR64,USA,Dallas,CUST6838,PROD106,Tablet,Samsung Galaxy Tab,Sony,1,1516.78,0.04,0.18,1718.21,Credit Card,Online,EMP922,0,1,Express,2,USD
ORD138800,01-10-2024,BR114,UAE,Dubai,CUST7532,PROD885,Mobile,iPhone 14,Dell,1,385.89,0.06,0.18,428.03,Net Banking,In-Store,EMP468,0,0,Express,2,GBP
ORD138801,25-06-2024,BR17,Germany,Munich,CUST4907,PROD722,Mobile,Samsung Galaxy S23,Apple,5,958.5,0.06,0.18,5315.84,Credit Card,In-Store,EMP409,1,0,Same Day,1,AED
ORD138802,09-04-2024,BR76,India,Delhi,CUST8332,PROD404,Accessories,Keyboard,Sony,3,355.79,0.04,0.18,1209.12,Credit Card,Online,EMP968,3,0,Express,6,GBP
ORD138803,30-10-2023,BR70,UK,Birmingham,CUST2454,PROD763,TV,Sony Bravia 55,LG,3,185.37,0.15,0.18,557.78,Net Banking,Online,EMP796,3,1,Same Day,1,AED
ORD138804,10-04-2024,BR79,UK,Birmingham,CUST2442,PROD132,Tablet,iPad Air,HP,4,52.36,0.03,0.18,239.73,Net Banking,Online,EMP876,3,0,Express,6,GBP
ORD138805,15-05-2023,BR111,UK,Manchester,CUST2158,PROD744,TV,Samsung QLED 50,Dell,4,1804.4,0.28,0.18,6132.07,Credit Card,In-Store,EMP864,0,1,Same Day,1,AED
ORD138806,03-12-2024,BR45,USA,Chicago,CUST5212,PROD186,TV,LG OLED 48,Samsung,2,799.2,0.23,0.18,1452.31,Cash,Online,EMP433,3,0,Express,9,INR
ORD138807,30-09-2023,BR64,USA,New York,CUST3270,PROD776,TV,Samsung QLED 50,Lenovo,5,106.6,0.18,0.18,515.73,Net Banking,Online,EMP517,2,1,Same Day,6,GBP
ORD138808,23-12-2024,BR98,UAE,Abu Dhabi,CUST6107,PROD134,TV,LG OLED 48,Dell,4,1644.72,0.02,0.18,7607.82,Net Banking,In-Store,EMP243,1,1,Same Day,8,INR
ORD138809,01-12-2023,BR23,UK,London,CUST8137,PROD701,Tablet,Lenovo Tab P11,Sony,2,1753.97,0.22,0.18,3228.71,UPI,In-Store,EMP565,3,0,Standard,3,USD
ORD138810,13-08-2023,BR53,UAE,Abu Dhabi,CUST4779,PROD180,TV,LG OLED 48,Dell,1,1082.51,0.14,0.18,1098.53,UPI,In-Store,EMP445,2,0,Same Day,7,INR
ORD138811,27-12-2024,BR8,India,Pune,CUST2497,PROD506,Laptop,MacBook Air M2,LG,4,1469.82,0.16,0.18,5827.54,Credit Card,Online,EMP841,0,0,Same Day,3,GBP
ORD138812,13-11-2023,BR83,India,Pune,CUST8204,PROD211,Tablet,Samsung Galaxy Tab,Samsung,2,435.83,0.23,0.18,791.99,Credit Card,Online,EMP609,2,0,Standard,1,USD
ORD138813,12-06-2024,BR16,UK,London,CUST8248,PROD145,Mobile,iPhone 14,LG,1,1108.51,0.07,0.18,1216.48,Net Banking,Online,EMP904,1,0,Same Day,7,INR
ORD138814,02-03-2023,BR44,UAE,Abu Dhabi,CUST1382,PROD875,TV,Samsung QLED 50,Sony,1,996.95,0.09,0.18,1070.52,Debit Card,In-Store,EMP825,1,1,Standard,10,GBP
ORD138815,06-06-2024,BR2,Germany,Berlin,CUST7171,PROD390,Laptop,MacBook Air M2,LG,3,975.11,0.02,0.18,3382.85,Debit Card,Online,EMP456,0,1,Same Day,10,AED
ORD138816,30-05-2023,BR80,UAE,Dubai,CUST7823,PROD113,Tablet,Lenovo Tab P11,Lenovo,1,840.47,0.23,0.18,763.65,Net Banking,In-Store,EMP794,1,0,Standard,4,USD
ORD138817,20-10-2023,BR113,UK,Birmingham,CUST3863,PROD652,Accessories,Wireless Mouse,Lenovo,4,618.31,0.26,0.18,2159.63,UPI,In-Store,EMP788,1,1,Standard,10,INR
ORD138818,02-06-2023,BR40,UAE,Abu Dhabi,CUST5455,PROD289,Laptop,HP Spectre x360,Samsung,5,1385.98,0.22,0.18,6378.28,Credit Card,Online,EMP460,2,0,Express,10,EUR
ORD138819,13-09-2024,BR100,UAE,Dubai,CUST4104,PROD969,TV,Samsung QLED 50,Apple,4,1346.71,0.18,0.18,5212.31,UPI,In-Store,EMP441,3,0,Same Day,10,INR
ORD138820,15-11-2024,BR66,USA,Chicago,CUST7379,PROD928,Accessories,Bluetooth Headphones,Apple,3,579.53,0.1,0.18,1846.38,UPI,In-Store,EMP679,2,0,Standard,1,EUR
ORD138821,22-04-2024,BR23,UAE,Abu Dhabi,CUST1129,PROD994,Laptop,HP Spectre x360,Samsung,1,1409.9,0.2,0.18,1330.95,UPI,Online,EMP422,3,1,Same Day,3,USD
ORD138822,30-11-2024,BR48,Germany,Hamburg,CUST5289,PROD579,Laptop,Dell XPS 13,OnePlus,2,1643.41,0.26,0.18,2870.05,Credit Card,In-Store,EMP833,3,0,Express,3,USD
ORD138823,26-08-2024,BR35,UAE,Abu Dhabi,CUST3429,PROD504,TV,Sony Bravia 55,Samsung,4,898.11,0.04,0.18,4069.52,Net Banking,Online,EMP837,0,0,Same Day,3,EUR
ORD138824,16-10-2024,BR25,USA,Los Angeles,CUST2768,PROD756,Laptop,Dell XPS 13,HP,1,1708.53,0.15,0.18,1713.66,UPI,Online,EMP233,0,0,Standard,2,AED
ORD138825,05-11-2024,BR112,UAE,Dubai,CUST3051,PROD410,Tablet,Lenovo Tab P11,OnePlus,2,1364.81,0.06,0.18,3027.69,Debit Card,In-Store,EMP834,0,0,Standard,9,INR
ORD138826,11-02-2024,BR83,USA,Los Angeles,CUST1544,PROD570,Mobile,OnePlus 11,Sony,2,345.37,0.07,0.18,758.02,UPI,In-Store,EMP425,1,0,Standard,6,GBP
ORD138827,01-04-2024,BR32,UAE,Dubai,CUST9276,PROD329,Tablet,iPad Air,Dell,2,1931.69,0.07,0.18,4239.67,Credit Card,Online,EMP464,1,0,Same Day,3,GBP
ORD138828,24-02-2024,BR92,UAE,Abu Dhabi,CUST3148,PROD189,Tablet,iPad Air,Samsung,4,1778.42,0.26,0.18,6211.67,Cash,Online,EMP930,2,1,Standard,1,USD
ORD138829,31-10-2023,BR111,USA,New York,CUST7416,PROD985,Mobile,OnePlus 11,HP,3,1675.85,0.01,0.18,5873.18,Net Banking,In-Store,EMP539,1,0,Standard,10,GBP
ORD138830,06-04-2023,BR83,UK,London,CUST9686,PROD750,Laptop,MacBook Air M2,HP,4,368.26,0.14,0.18,1494.84,Cash,Online,EMP518,0,1,Same Day,1,INR
ORD138831,15-04-2023,BR23,USA,Dallas,CUST1515,PROD319,Tablet,Lenovo Tab P11,Lenovo,2,1624.42,0.03,0.18,3718.62,UPI,Online,EMP727,2,1,Standard,1,INR
ORD138832,03-01-2023,BR102,Germany,Hamburg,CUST6642,PROD201,TV,Samsung QLED 50,OnePlus,1,651.24,0.12,0.18,676.25,Cash,Online,EMP605,3,0,Standard,8,AED
ORD138833,14-09-2023,BR63,UK,London,CUST5725,PROD965,Accessories,Bluetooth Headphones,Sony,1,1478.69,0.05,0.18,1657.61,Net Banking,Online,EMP597,3,0,Standard,3,INR
ORD138834,04-07-2024,BR7,UK,Birmingham,CUST3913,PROD198,Accessories,Wireless Mouse,Sony,1,1459.86,0.24,0.18,1309.2,Debit Card,In-Store,EMP520,0,0,Same Day,4,GBP
ORD138835,17-07-2023,BR94,Germany,Berlin,CUST1849,PROD104,Accessories,Keyboard,HP,1,1833.79,0.22,0.18,1687.82,Debit Card,In-Store,EMP455,1,1,Same Day,9,GBP
ORD138836,15-03-2024,BR97,India,Bangalore,CUST8652,PROD555,TV,Sony Bravia 55,Samsung,4,1587.56,0,0.18,7493.28,Net Banking,Online,EMP778,1,0,Same Day,6,INR
ORD138837,17-11-2023,BR33,UK,London,CUST9768,PROD919,Accessories,Wireless Mouse,Sony,1,252.49,0.21,0.18,235.37,Net Banking,In-Store,EMP304,0,1,Standard,7,EUR
ORD138838,21-04-2024,BR4,USA,Dallas,CUST9136,PROD827,Accessories,Wireless Mouse,Lenovo,5,261.93,0.2,0.18,1236.31,UPI,Online,EMP378,2,0,Same Day,9,GBP
ORD138839,21-10-2023,BR81,UK,Manchester,CUST2967,PROD549,Tablet,Lenovo Tab P11,HP,2,1596.45,0.2,0.18,3014.1,Debit Card,In-Store,EMP709,0,1,Same Day,2,AED
ORD138840,23-01-2023,BR21,UK,Birmingham,CUST7479,PROD309,Accessories,Keyboard,HP,4,1231.77,0.17,0.18,4825.58,Credit Card,In-Store,EMP795,0,0,Standard,6,GBP
ORD138841,11-09-2024,BR90,India,Delhi,CUST7285,PROD335,Tablet,iPad Air,Samsung,4,1873.17,0.17,0.18,7338.33,Credit Card,Online,EMP503,1,0,Standard,5,USD
ORD138842,30-05-2024,BR55,USA,Dallas,CUST1075,PROD767,Accessories,Wireless Mouse,Lenovo,5,169.81,0.06,0.18,941.77,Credit Card,In-Store,EMP420,3,0,Express,10,EUR
ORD138843,09-08-2023,BR60,UAE,Abu Dhabi,CUST6736,PROD973,Accessories,Keyboard,Sony,2,872.88,0.26,0.18,1524.4,Cash,Online,EMP513,2,0,Express,3,INR
ORD138844,05-10-2023,BR27,USA,Dallas,CUST2861,PROD252,Laptop,MacBook Air M2,Samsung,4,933.95,0.2,0.18,3526.6,Cash,Online,EMP874,1,1,Standard,3,AED
ORD138845,25-06-2023,BR9,USA,Los Angeles,CUST5176,PROD291,Accessories,Bluetooth Headphones,Lenovo,1,1151.09,0.14,0.18,1168.13,UPI,Online,EMP634,2,0,Express,7,EUR
ORD138846,07-06-2024,BR92,UK,Manchester,CUST2690,PROD261,Accessories,Wireless Mouse,Samsung,4,1069.08,0.16,0.18,4238.69,Debit Card,In-Store,EMP529,1,0,Standard,2,USD
ORD138847,10-10-2024,BR37,Germany,Hamburg,CUST1106,PROD418,Mobile,Samsung Galaxy S23,OnePlus,2,98.37,0.14,0.18,199.65,Net Banking,In-Store,EMP580,0,1,Express,5,GBP
ORD138848,21-06-2024,BR68,Germany,Berlin,CUST1340,PROD110,Mobile,iPhone 14,Lenovo,3,1967.5,0.14,0.18,5989.86,Debit Card,Online,EMP712,3,0,Express,2,INR
ORD138849,10-03-2024,BR38,Germany,Berlin,CUST3870,PROD840,Tablet,Samsung Galaxy Tab,Lenovo,5,1222.84,0.05,0.18,6854.02,UPI,In-Store,EMP565,2,1,Express,5,EUR
ORD138850,21-04-2024,BR26,India,Mumbai,CUST8921,PROD559,TV,LG OLED 48,Apple,3,96.58,0.09,0.18,311.12,UPI,Online,EMP821,0,0,Standard,4,GBP
ORD138851,28-06-2024,BR50,India,Mumbai,CUST5384,PROD186,Mobile,Samsung Galaxy S23,Dell,1,182.56,0.03,0.18,208.96,Cash,In-Store,EMP343,3,0,Standard,9,INR
ORD138852,27-12-2023,BR78,Germany,Hamburg,CUST3665,PROD999,Mobile,iPhone 14,Dell,3,403.82,0.29,0.18,1014.96,Cash,Online,EMP879,3,0,Same Day,7,AED
ORD138853,10-01-2023,BR13,UK,London,CUST1854,PROD142,Tablet,Lenovo Tab P11,Samsung,2,1156.21,0.16,0.18,2292.07,Net Banking,Online,EMP572,2,0,Same Day,3,USD
ORD138854,22-12-2024,BR8,UAE,Abu Dhabi,CUST2684,PROD303,Mobile,OnePlus 11,Dell,2,912.45,0.01,0.18,2131.85,Credit Card,In-Store,EMP903,0,1,Standard,4,AED
ORD138855,25-11-2023,BR16,USA,Chicago,CUST7114,PROD769,Accessories,Keyboard,LG,2,1084.85,0.03,0.18,2483.44,Net Banking,Online,EMP407,2,0,Express,9,INR
ORD138856,03-02-2024,BR20,India,Mumbai,CUST9806,PROD158,Laptop,Dell XPS 13,Apple,5,75.83,0.18,0.18,366.87,Credit Card,Online,EMP901,0,0,Standard,8,AED
ORD138857,20-12-2023,BR114,USA,Dallas,CUST2399,PROD669,Tablet,Lenovo Tab P11,OnePlus,1,609.69,0.06,0.18,676.27,Debit Card,Online,EMP557,1,1,Express,8,AED
ORD138858,11-04-2024,BR48,Germany,Munich,CUST9151,PROD963,Tablet,Samsung Galaxy Tab,OnePlus,5,760.03,0.08,0.18,4125.44,Debit Card,Online,EMP884,1,1,Standard,10,GBP
ORD138859,05-06-2024,BR88,India,Mumbai,CUST8172,PROD133,Accessories,Bluetooth Headphones,Apple,1,1759.02,0.02,0.18,2034.13,Cash,Online,EMP972,1,1,Express,3,AED
ORD138860,01-09-2024,BR53,Germany,Hamburg,CUST6324,PROD520,Mobile,iPhone 14,Lenovo,3,1105.48,0.08,0.18,3600.33,Net Banking,In-Store,EMP440,3,1,Standard,2,USD
ORD138861,16-04-2023,BR87,USA,New York,CUST3287,PROD656,TV,Sony Bravia 55,OnePlus,4,896.79,0.04,0.18,4063.53,Debit Card,In-Store,EMP559,0,0,Express,4,GBP
ORD138862,03-04-2024,BR98,UAE,Abu Dhabi,CUST4522,PROD176,TV,Sony Bravia 55,HP,3,1402.11,0.06,0.18,4665.66,Debit Card,In-Store,EMP837,0,1,Express,10,USD
ORD138863,15-10-2024,BR84,Germany,Berlin,CUST6568,PROD138,Accessories,Keyboard,Apple,1,1285.3,0.23,0.18,1167.82,Credit Card,In-Store,EMP830,3,1,Standard,3,USD
ORD138864,22-07-2023,BR105,UK,London,CUST4740,PROD356,TV,Samsung QLED 50,Lenovo,2,863.59,0.08,0.18,1875.03,Debit Card,In-Store,EMP892,3,1,Same Day,6,AED
ORD138865,06-12-2024,BR27,Germany,Berlin,CUST2198,PROD519,TV,Samsung QLED 50,HP,5,1136.41,0.06,0.18,6302.53,UPI,In-Store,EMP668,0,0,Same Day,3,INR
ORD138866,11-02-2024,BR34,UAE,Dubai,CUST3833,PROD916,TV,LG OLED 48,Samsung,1,1391.66,0.16,0.18,1379.41,Net Banking,In-Store,EMP964,0,1,Express,8,AED
ORD138867,11-12-2023,BR41,Germany,Berlin,CUST6392,PROD721,Tablet,Samsung Galaxy Tab,Sony,4,181.1,0.15,0.18,726.57,UPI,Online,EMP387,3,1,Standard,2,GBP
ORD138868,13-08-2024,BR30,UK,Birmingham,CUST5905,PROD110,Mobile,OnePlus 11,LG,5,1983.15,0.2,0.18,9360.47,Credit Card,In-Store,EMP929,2,0,Standard,2,USD
ORD138869,27-05-2023,BR59,UK,London,CUST6865,PROD663,TV,LG OLED 48,HP,5,1010.86,0.13,0.18,5188.74,Credit Card,Online,EMP318,2,1,Express,2,EUR
ORD138870,01-05-2024,BR74,USA,Dallas,CUST6562,PROD919,Accessories,Wireless Mouse,Sony,2,505.23,0.02,0.18,1168.5,Debit Card,In-Store,EMP329,2,1,Same Day,1,AED
ORD138871,11-11-2023,BR114,USA,Chicago,CUST5025,PROD582,Mobile,Samsung Galaxy S23,Lenovo,4,1354.09,0.06,0.18,6007.83,Net Banking,Online,EMP663,2,1,Standard,7,GBP
ORD138872,18-08-2024,BR119,UAE,Dubai,CUST3867,PROD892,Mobile,Samsung Galaxy S23,Apple,2,687.36,0.06,0.18,1524.84,Debit Card,Online,EMP651,2,1,Standard,1,USD
ORD138873,09-12-2023,BR39,UK,Manchester,CUST2614,PROD481,TV,LG OLED 48,Sony,2,1680.24,0.05,0.18,3767.1,UPI,In-Store,EMP617,0,0,Express,3,AED
ORD138874,02-08-2023,BR78,Germany,Berlin,CUST1903,PROD753,Accessories,Bluetooth Headphones,LG,3,434.7,0.2,0.18,1231.07,Debit Card,Online,EMP571,3,1,Same Day,3,INR
ORD138875,06-06-2023,BR53,UK,London,CUST3415,PROD951,TV,Sony Bravia 55,HP,1,1905.8,0.24,0.18,1709.12,Debit Card,Online,EMP471,0,1,Express,1,EUR
ORD138876,04-06-2023,BR73,Germany,Munich,CUST5109,PROD308,Tablet,Samsung Galaxy Tab,Lenovo,5,1239.3,0.05,0.18,6946.28,Net Banking,Online,EMP744,2,0,Same Day,10,USD
ORD138877,10-10-2023,BR32,UK,London,CUST8123,PROD135,Tablet,iPad Air,Dell,4,1751.55,0.01,0.18,8184.64,Credit Card,In-Store,EMP922,1,0,Express,4,EUR
ORD138878,08-10-2024,BR3,UAE,Dubai,CUST3835,PROD891,Mobile,OnePlus 11,Apple,5,1907.28,0.06,0.18,10577.77,UPI,Online,EMP315,3,1,Standard,10,EUR
ORD138879,07-12-2024,BR25,UAE,Abu Dhabi,CUST4287,PROD515,Laptop,HP Spectre x360,Dell,1,1239.96,0.11,0.18,1302.21,UPI,In-Store,EMP749,0,1,Express,8,INR
ORD138880,04-03-2024,BR109,UK,London,CUST4216,PROD801,Accessories,Wireless Mouse,LG,1,184.03,0.21,0.18,171.55,Credit Card,Online,EMP330,1,1,Same Day,5,INR
ORD138881,06-06-2023,BR38,UAE,Dubai,CUST3051,PROD575,Accessories,Bluetooth Headphones,Samsung,1,1619.47,0.03,0.18,1853.65,Net Banking,Online,EMP983,1,1,Express,5,AED
ORD138882,20-12-2024,BR46,UAE,Dubai,CUST6323,PROD921,TV,LG OLED 48,Lenovo,1,1574.05,0.29,0.18,1318.74,Debit Card,Online,EMP407,1,1,Same Day,6,GBP
ORD138883,22-12-2023,BR111,USA,New York,CUST7541,PROD110,Mobile,iPhone 14,Apple,3,1826.95,0.09,0.18,5885.34,UPI,In-Store,EMP513,3,1,Same Day,5,USD
ORD138884,24-04-2024,BR42,India,Bangalore,CUST9856,PROD486,Accessories,Keyboard,Sony,3,1412.02,0.05,0.18,4748.62,Credit Card,Online,EMP546,3,1,Standard,9,GBP
ORD138885,28-09-2024,BR47,UK,Manchester,CUST8078,PROD190,Laptop,Dell XPS 13,Dell,4,489.21,0.14,0.18,1985.8,Net Banking,In-Store,EMP686,1,0,Standard,5,AED
ORD138886,26-08-2023,BR28,USA,Los Angeles,CUST7744,PROD803,Accessories,Bluetooth Headphones,HP,1,1267.67,0.16,0.18,1256.51,Net Banking,Online,EMP672,2,1,Standard,2,INR
ORD138887,19-12-2024,BR77,Germany,Hamburg,CUST6938,PROD186,Laptop,MacBook Air M2,LG,4,877.61,0.23,0.18,3189.59,Debit Card,In-Store,EMP485,0,0,Express,5,AED
ORD138888,05-07-2023,BR36,Germany,Hamburg,CUST3632,PROD527,TV,LG OLED 48,Apple,1,301.11,0.19,0.18,287.8,Cash,Online,EMP801,2,0,Express,7,USD
ORD138889,05-11-2023,BR69,USA,New York,CUST1989,PROD474,Mobile,iPhone 14,Sony,2,771.92,0.15,0.18,1548.47,Debit Card,In-Store,EMP613,1,0,Same Day,8,INR
ORD138890,27-07-2024,BR63,USA,New York,CUST4692,PROD628,Laptop,Dell XPS 13,Sony,2,980.25,0.27,0.18,1688.77,Debit Card,In-Store,EMP651,3,0,Same Day,3,GBP
ORD138891,21-07-2024,BR74,India,Delhi,CUST2741,PROD564,Tablet,Samsung Galaxy Tab,Apple,2,1379.83,0.29,0.18,2312.04,Cash,Online,EMP282,0,1,Express,9,USD
ORD138892,06-06-2023,BR94,Germany,Berlin,CUST6425,PROD439,Mobile,Samsung Galaxy S23,Sony,2,1115.11,0.16,0.18,2210.59,UPI,In-Store,EMP428,2,1,Standard,5,AED
ORD138893,30-03-2024,BR44,USA,Chicago,CUST6769,PROD988,TV,Samsung QLED 50,Sony,1,1925.07,0.18,0.18,1862.7,Debit Card,In-Store,EMP601,0,0,Express,3,AED
ORD138894,05-02-2024,BR59,UAE,Dubai,CUST9766,PROD835,Mobile,iPhone 14,Apple,5,1332.47,0.11,0.18,6996.8,Credit Card,Online,EMP910,0,0,Same Day,4,INR
ORD138895,04-09-2024,BR6,India,Mumbai,CUST3106,PROD667,Tablet,Samsung Galaxy Tab,Samsung,4,1858.12,0.03,0.18,8507.22,Cash,In-Store,EMP291,2,0,Express,3,AED
ORD138896,03-02-2023,BR75,Germany,Hamburg,CUST7057,PROD229,TV,Samsung QLED 50,Sony,1,1901.64,0.05,0.18,2131.74,Net Banking,Online,EMP223,1,0,Express,3,AED
ORD138897,21-03-2023,BR42,India,Pune,CUST6081,PROD410,TV,Sony Bravia 55,LG,3,1165.24,0.06,0.18,3877.45,Credit Card,In-Store,EMP615,0,0,Same Day,10,INR
ORD138898,14-08-2023,BR113,UK,Birmingham,CUST6558,PROD506,Mobile,OnePlus 11,Dell,3,395.18,0.17,0.18,1161.12,UPI,In-Store,EMP684,3,1,Same Day,1,EUR
ORD138899,28-08-2024,BR12,India,Mumbai,CUST4597,PROD594,Tablet,iPad Air,HP,4,669.25,0.26,0.18,2337.56,Cash,Online,EMP582,2,0,Express,9,AED
ORD138900,10-09-2024,BR50,UAE,Abu Dhabi,CUST8519,PROD915,Laptop,MacBook Air M2,OnePlus,2,512.17,0.04,0.18,1160.37,Credit Card,In-Store,EMP684,2,0,Same Day,6,USD
ORD138901,26-08-2024,BR97,India,Pune,CUST6236,PROD999,Laptop,HP Spectre x360,LG,5,1402.72,0.06,0.18,7779.49,Net Banking,In-Store,EMP397,2,1,Standard,4,INR
ORD138902,07-02-2024,BR46,India,Pune,CUST4025,PROD623,Tablet,iPad Air,Dell,5,752.48,0.04,0.18,4262.05,UPI,Online,EMP998,2,0,Express,6,EUR
ORD138903,25-06-2024,BR19,Germany,Hamburg,CUST5696,PROD492,TV,Samsung QLED 50,HP,4,418.8,0.05,0.18,1877.9,Cash,Online,EMP514,0,1,Standard,2,EUR
ORD138904,16-04-2024,BR60,UK,Manchester,CUST6596,PROD406,TV,LG OLED 48,Lenovo,2,1293.14,0,0.18,3051.81,UPI,In-Store,EMP429,1,0,Express,10,INR
ORD138905,14-05-2024,BR55,Germany,Hamburg,CUST8675,PROD426,Accessories,Bluetooth Headphones,OnePlus,3,386.87,0.12,0.18,1205.18,Debit Card,Online,EMP834,0,0,Express,4,AED
ORD138906,20-09-2024,BR41,UAE,Dubai,CUST1562,PROD572,Laptop,MacBook Air M2,LG,2,1037.93,0.22,0.18,1910.62,Cash,Online,EMP924,2,1,Same Day,3,AED
ORD138907,12-12-2024,BR3,UAE,Abu Dhabi,CUST7886,PROD246,Tablet,iPad Air,Samsung,2,1591.36,0.09,0.18,3417.6,Credit Card,In-Store,EMP729,1,0,Express,7,EUR
ORD138908,04-02-2023,BR95,USA,Los Angeles,CUST1016,PROD614,Tablet,Lenovo Tab P11,Samsung,5,1274.85,0.12,0.18,6619.02,Cash,In-Store,EMP693,0,1,Express,9,GBP
ORD138909,10-04-2024,BR49,UAE,Dubai,CUST6644,PROD543,Tablet,Samsung Galaxy Tab,Sony,4,438.88,0.15,0.18,1760.79,Credit Card,In-Store,EMP390,3,1,Same Day,2,AED
ORD138910,15-05-2024,BR115,UAE,Dubai,CUST8881,PROD598,TV,LG OLED 48,Dell,5,1171.86,0.09,0.18,6291.72,Cash,In-Store,EMP958,3,1,Standard,9,EUR
ORD138911,02-10-2024,BR37,UAE,Abu Dhabi,CUST1580,PROD462,Tablet,iPad Air,Lenovo,2,1582.53,0.1,0.18,3361.29,Cash,Online,EMP939,1,1,Same Day,1,AED
ORD138912,18-05-2024,BR107,USA,Los Angeles,CUST5439,PROD516,TV,Sony Bravia 55,Samsung,5,1604.4,0.27,0.18,6910.15,Credit Card,In-Store,EMP756,1,0,Same Day,3,USD
ORD138913,29-08-2023,BR31,Germany,Munich,CUST9925,PROD602,TV,Samsung QLED 50,Lenovo,1,505.52,0.06,0.18,560.72,UPI,Online,EMP932,0,1,Standard,6,GBP
ORD138914,14-01-2024,BR54,India,Pune,CUST8985,PROD102,Tablet,iPad Air,Apple,1,364.24,0.05,0.18,408.31,Net Banking,In-Store,EMP726,2,1,Standard,4,AED
ORD138915,31-05-2023,BR63,Germany,Munich,CUST7209,PROD784,Accessories,Keyboard,LG,2,1457.25,0.01,0.18,3404.72,Net Banking,Online,EMP369,1,0,Standard,9,AED
ORD138916,29-10-2024,BR66,Germany,Hamburg,CUST1205,PROD559,Laptop,HP Spectre x360,Sony,3,893.16,0.03,0.18,3066.93,Credit Card,In-Store,EMP275,2,1,Express,3,EUR
ORD138917,28-11-2024,BR47,UK,Birmingham,CUST3338,PROD221,Laptop,HP Spectre x360,HP,3,450.53,0.19,0.18,1291.85,Cash,In-Store,EMP315,2,1,Same Day,6,USD
ORD138918,10-02-2023,BR96,India,Mumbai,CUST9617,PROD896,Laptop,MacBook Air M2,Sony,2,1256.56,0.17,0.18,2461.35,Credit Card,In-Store,EMP892,3,0,Standard,3,GBP
ORD138919,22-06-2024,BR62,USA,New York,CUST5843,PROD668,Tablet,iPad Air,OnePlus,1,298.47,0.19,0.18,285.28,Net Banking,Online,EMP618,0,1,Same Day,9,GBP
ORD138920,26-07-2023,BR60,Germany,Munich,CUST7333,PROD816,Accessories,Wireless Mouse,Sony,1,1337.46,0.22,0.18,1231,Cash,In-Store,EMP900,0,0,Express,4,GBP
ORD138921,18-04-2024,BR21,UK,Birmingham,CUST2103,PROD960,Tablet,Lenovo Tab P11,HP,4,1215.59,0.08,0.18,5278.58,Credit Card,Online,EMP645,0,0,Same Day,7,USD
ORD138922,13-04-2024,BR78,Germany,Munich,CUST2767,PROD797,Mobile,Samsung Galaxy S23,HP,5,1790.62,0.21,0.18,8346.08,Debit Card,In-Store,EMP620,3,0,Express,2,INR
ORD138923,29-12-2023,BR38,USA,New York,CUST6166,PROD256,Laptop,Dell XPS 13,LG,1,1498.91,0.16,0.18,1485.72,Cash,In-Store,EMP512,1,1,Same Day,10,USD
ORD138924,03-12-2024,BR118,UAE,Dubai,CUST2775,PROD752,Mobile,OnePlus 11,Apple,3,662.97,0.16,0.18,1971.41,Net Banking,In-Store,EMP962,2,0,Express,3,INR
ORD138925,26-07-2023,BR50,Germany,Hamburg,CUST4819,PROD448,TV,Samsung QLED 50,Sony,4,1185.12,0.22,0.18,4363.14,Net Banking,In-Store,EMP853,0,1,Standard,10,GBP
ORD138926,05-03-2023,BR19,USA,Los Angeles,CUST8580,PROD938,Accessories,Keyboard,Lenovo,5,335.41,0.28,0.18,1424.82,Cash,In-Store,EMP872,1,1,Same Day,6,EUR
ORD138927,02-11-2023,BR49,UK,Birmingham,CUST3699,PROD719,TV,Samsung QLED 50,LG,5,1198.58,0.27,0.18,5162.28,Debit Card,In-Store,EMP249,2,0,Same Day,6,INR
ORD138928,25-09-2023,BR47,Germany,Munich,CUST7212,PROD360,TV,Sony Bravia 55,OnePlus,2,1224.58,0.07,0.18,2687.71,Credit Card,In-Store,EMP879,3,0,Express,6,INR
ORD138929,17-11-2024,BR11,USA,Los Angeles,CUST1933,PROD377,Laptop,Dell XPS 13,HP,1,1577.74,0.22,0.18,1452.15,Debit Card,Online,EMP571,1,1,Standard,6,GBP
ORD138930,18-09-2024,BR95,Germany,Hamburg,CUST9683,PROD253,Accessories,Bluetooth Headphones,LG,3,1706.25,0.16,0.18,5073.7,Net Banking,Online,EMP812,2,1,Standard,8,USD
ORD138931,24-10-2023,BR23,UK,Birmingham,CUST5591,PROD651,Laptop,Dell XPS 13,Sony,4,850.5,0.05,0.18,3813.64,Credit Card,In-Store,EMP405,2,0,Standard,8,EUR
ORD138932,14-08-2023,BR98,India,Pune,CUST5850,PROD384,Laptop,MacBook Air M2,OnePlus,2,787.75,0.08,0.18,1710.36,Debit Card,In-Store,EMP670,2,0,Same Day,3,EUR
ORD138933,07-01-2024,BR93,UAE,Abu Dhabi,CUST2415,PROD952,Laptop,HP Spectre x360,HP,3,198.02,0.04,0.18,672.95,UPI,In-Store,EMP417,3,1,Standard,7,AED
ORD138934,21-06-2023,BR120,India,Delhi,CUST1276,PROD552,Laptop,Dell XPS 13,HP,3,1490.26,0.25,0.18,3956.64,Debit Card,In-Store,EMP810,2,1,Express,8,USD
ORD138935,05-01-2023,BR96,UK,Manchester,CUST8239,PROD698,Accessories,Wireless Mouse,Samsung,2,156.95,0.05,0.18,351.88,UPI,In-Store,EMP486,3,0,Standard,7,EUR
ORD138936,03-10-2024,BR48,USA,Chicago,CUST7456,PROD836,Tablet,Samsung Galaxy Tab,Apple,5,201.01,0.11,0.18,1055.5,Credit Card,Online,EMP791,1,1,Standard,1,USD
ORD138937,01-08-2023,BR104,UK,Manchester,CUST2486,PROD673,Mobile,iPhone 14,Samsung,5,1294.94,0.03,0.18,7410.94,Net Banking,In-Store,EMP720,0,0,Same Day,1,INR
ORD138938,11-07-2024,BR43,Germany,Berlin,CUST4632,PROD902,Tablet,iPad Air,Samsung,2,239.37,0.25,0.18,423.68,Cash,Online,EMP269,1,0,Same Day,3,EUR
ORD138939,10-04-2024,BR82,UK,Birmingham,CUST2605,PROD708,Mobile,OnePlus 11,HP,5,1333.4,0.17,0.18,6529.66,Cash,Online,EMP425,0,1,Same Day,8,AED
ORD138940,08-05-2024,BR77,UAE,Abu Dhabi,CUST6659,PROD521,Accessories,Keyboard,OnePlus,1,69.2,0.13,0.18,71.04,Cash,In-Store,EMP522,2,1,Same Day,7,AED
ORD138941,18-09-2023,BR80,India,Bangalore,CUST7393,PROD338,Accessories,Keyboard,Sony,1,1921.89,0.08,0.18,2086.4,Cash,Online,EMP616,3,1,Express,10,AED
ORD138942,22-04-2024,BR8,Germany,Berlin,CUST5917,PROD251,Accessories,Keyboard,LG,2,765.89,0.04,0.18,1735.2,Cash,Online,EMP709,1,1,Express,7,INR
ORD138943,29-11-2023,BR49,USA,Chicago,CUST3568,PROD161,Accessories,Bluetooth Headphones,Lenovo,3,239.14,0.14,0.18,728.04,Debit Card,Online,EMP390,1,0,Same Day,5,INR
ORD138944,21-09-2023,BR67,UAE,Abu Dhabi,CUST2407,PROD874,Accessories,Bluetooth Headphones,Apple,2,851.44,0.29,0.18,1426.67,Net Banking,Online,EMP385,0,0,Standard,7,GBP
ORD138945,09-04-2023,BR59,UAE,Abu Dhabi,CUST4154,PROD713,TV,Samsung QLED 50,LG,1,1515.46,0.25,0.18,1341.18,Cash,Online,EMP605,2,0,Same Day,9,INR
ORD138946,12-07-2023,BR86,Germany,Hamburg,CUST6233,PROD950,Accessories,Bluetooth Headphones,Dell,1,715.92,0.19,0.18,684.28,Net Banking,In-Store,EMP228,1,0,Same Day,10,AED
ORD138947,30-11-2024,BR81,UK,Manchester,CUST6061,PROD746,TV,Samsung QLED 50,Lenovo,1,707.8,0.09,0.18,760.04,Credit Card,In-Store,EMP519,2,1,Same Day,5,USD
ORD138948,17-07-2023,BR56,USA,Dallas,CUST5478,PROD611,TV,LG OLED 48,Samsung,4,627.3,0.22,0.18,2309.47,Debit Card,In-Store,EMP419,3,0,Standard,7,INR
ORD138949,21-11-2024,BR21,India,Delhi,CUST6507,PROD448,Accessories,Bluetooth Headphones,Dell,3,1886.72,0.2,0.18,5343.19,Net Banking,Online,EMP439,2,0,Same Day,7,AED
ORD138950,01-10-2024,BR102,India,Pune,CUST1911,PROD631,TV,Sony Bravia 55,Samsung,1,1416.88,0.25,0.18,1253.94,Debit Card,Online,EMP483,1,1,Same Day,2,USD
ORD138951,14-09-2023,BR19,USA,Chicago,CUST9873,PROD607,Mobile,OnePlus 11,OnePlus,3,1950.32,0.13,0.18,6006.6,UPI,Online,EMP805,0,0,Same Day,6,EUR
ORD138952,22-08-2024,BR78,USA,Chicago,CUST1961,PROD305,Accessories,Keyboard,Sony,3,1986.88,0.02,0.18,6892.88,UPI,Online,EMP683,3,0,Same Day,3,EUR
ORD138953,27-06-2024,BR118,UK,London,CUST3967,PROD257,Mobile,OnePlus 11,Lenovo,2,1411.86,0.08,0.18,3065.43,Net Banking,Online,EMP812,1,0,Express,5,AED
ORD138954,22-10-2024,BR24,UAE,Abu Dhabi,CUST6747,PROD753,Accessories,Wireless Mouse,Dell,1,178.32,0.05,0.18,199.9,UPI,Online,EMP693,1,0,Same Day,3,USD
ORD138955,24-01-2023,BR15,UAE,Abu Dhabi,CUST3775,PROD694,Laptop,MacBook Air M2,OnePlus,5,447.86,0.01,0.18,2615.95,UPI,In-Store,EMP499,1,1,Same Day,3,USD
ORD138956,04-05-2024,BR94,India,Mumbai,CUST8970,PROD281,TV,Samsung QLED 50,OnePlus,2,1326.94,0.1,0.18,2818.42,Debit Card,In-Store,EMP304,3,1,Same Day,3,GBP
ORD138957,15-03-2023,BR91,UK,Birmingham,CUST9373,PROD581,Mobile,Samsung Galaxy S23,Samsung,4,614.03,0.24,0.18,2202.65,Net Banking,Online,EMP353,1,1,Express,7,INR
ORD138958,16-05-2024,BR61,UAE,Abu Dhabi,CUST2432,PROD522,Laptop,HP Spectre x360,Lenovo,1,1453,0.21,0.18,1354.49,Debit Card,Online,EMP805,3,1,Express,6,USD
ORD138959,06-05-2024,BR66,UK,Manchester,CUST8048,PROD363,TV,Sony Bravia 55,OnePlus,2,858.44,0.27,0.18,1478.92,Cash,Online,EMP938,2,1,Same Day,9,AED
ORD138960,24-10-2023,BR92,India,Delhi,CUST1704,PROD390,Mobile,iPhone 14,LG,1,1839.76,0.09,0.18,1975.53,Credit Card,Online,EMP961,3,1,Same Day,2,INR
ORD138961,20-08-2024,BR97,UK,Manchester,CUST4490,PROD783,Mobile,iPhone 14,Dell,5,247.2,0.19,0.18,1181.37,Net Banking,Online,EMP776,3,0,Same Day,3,INR
ORD138962,03-05-2023,BR89,India,Pune,CUST7055,PROD600,Tablet,Samsung Galaxy Tab,OnePlus,4,660.4,0.18,0.18,2556.01,Debit Card,Online,EMP728,3,0,Express,2,USD
ORD138963,20-03-2023,BR65,UAE,Dubai,CUST7362,PROD478,TV,LG OLED 48,HP,4,1455.63,0.23,0.18,5290.34,Cash,Online,EMP503,2,1,Express,5,INR
ORD138964,26-07-2023,BR33,India,Delhi,CUST7600,PROD566,Accessories,Bluetooth Headphones,Lenovo,3,1274.91,0.3,0.18,3159.23,Cash,Online,EMP816,1,1,Same Day,1,GBP
ORD138965,15-01-2023,BR25,India,Pune,CUST9442,PROD948,Mobile,iPhone 14,LG,1,844.32,0.3,0.18,697.41,UPI,Online,EMP775,2,0,Express,3,USD
ORD138966,11-02-2023,BR4,USA,Chicago,CUST6096,PROD343,Laptop,MacBook Air M2,Apple,4,1671.96,0.28,0.18,5681.99,Debit Card,Online,EMP619,2,1,Same Day,9,EUR
ORD138967,31-03-2023,BR96,Germany,Munich,CUST6263,PROD504,Mobile,iPhone 14,OnePlus,1,1775.82,0.23,0.18,1613.51,UPI,Online,EMP786,2,0,Standard,4,USD
ORD138968,17-01-2024,BR45,UAE,Dubai,CUST8332,PROD166,Mobile,Samsung Galaxy S23,Apple,1,1755.66,0.24,0.18,1574.48,Credit Card,Online,EMP631,3,0,Express,4,USD
ORD138969,24-01-2023,BR59,UAE,Dubai,CUST9259,PROD161,Mobile,iPhone 14,HP,4,1551.2,0.1,0.18,6589.5,Credit Card,In-Store,EMP203,3,0,Standard,1,GBP
ORD138970,25-09-2023,BR104,Germany,Berlin,CUST6668,PROD646,TV,Samsung QLED 50,Lenovo,3,573.01,0.3,0.18,1419.92,UPI,Online,EMP480,3,0,Express,5,GBP
ORD138971,12-04-2023,BR35,Germany,Munich,CUST7001,PROD670,Accessories,Wireless Mouse,Sony,2,1889.9,0.3,0.18,3122.11,Cash,In-Store,EMP878,2,1,Standard,6,GBP
ORD138972,15-01-2024,BR46,India,Bangalore,CUST1380,PROD441,Accessories,Keyboard,HP,4,1898.73,0.07,0.18,8334.67,UPI,Online,EMP938,1,0,Standard,4,INR
ORD138973,27-10-2023,BR72,UK,London,CUST4073,PROD784,Tablet,Lenovo Tab P11,Sony,2,1791.77,0.25,0.18,3171.43,Net Banking,Online,EMP930,1,1,Same Day,6,EUR
ORD138974,13-08-2023,BR53,UAE,Dubai,CUST3761,PROD799,Laptop,Dell XPS 13,Lenovo,5,279.48,0.02,0.18,1615.95,Cash,In-Store,EMP639,3,0,Standard,3,GBP
ORD138975,04-09-2024,BR6,USA,Chicago,CUST5312,PROD158,Laptop,HP Spectre x360,Samsung,3,1698.39,0.12,0.18,5290.82,Cash,Online,EMP217,3,1,Express,7,EUR
ORD138976,10-08-2024,BR88,USA,Dallas,CUST5654,PROD976,Tablet,Samsung Galaxy Tab,Dell,1,1976.67,0.11,0.18,2075.9,UPI,In-Store,EMP673,2,0,Express,9,AED
ORD138977,25-03-2024,BR111,India,Pune,CUST7623,PROD151,Accessories,Keyboard,Samsung,5,857.98,0.05,0.18,4808.98,UPI,Online,EMP379,2,0,Express,9,AED
ORD138978,05-09-2023,BR8,Germany,Berlin,CUST5909,PROD557,Tablet,Samsung Galaxy Tab,LG,2,1799.54,0.11,0.18,3779.75,Net Banking,In-Store,EMP699,1,1,Express,4,USD
ORD138979,27-02-2023,BR9,UK,Birmingham,CUST9034,PROD868,Laptop,MacBook Air M2,Sony,5,1146.92,0,0.18,6766.83,Credit Card,Online,EMP852,2,1,Express,8,EUR
ORD138980,24-12-2023,BR33,India,Delhi,CUST1919,PROD607,Tablet,Samsung Galaxy Tab,Sony,2,617.27,0.16,0.18,1223.68,Credit Card,In-Store,EMP782,0,0,Standard,7,AED
ORD138981,12-10-2023,BR6,UK,Manchester,CUST4156,PROD374,TV,Sony Bravia 55,Apple,3,1802.09,0.23,0.18,4912.14,Net Banking,In-Store,EMP399,2,1,Express,5,USD
ORD138982,15-10-2023,BR98,Germany,Hamburg,CUST9684,PROD807,TV,Sony Bravia 55,Apple,4,592.1,0.25,0.18,2096.03,UPI,In-Store,EMP493,1,1,Same Day,6,EUR
ORD138983,01-10-2023,BR82,India,Mumbai,CUST4151,PROD575,TV,Sony Bravia 55,Apple,3,1069.37,0.28,0.18,2725.61,Credit Card,Online,EMP479,2,1,Standard,10,USD
ORD138984,31-12-2024,BR66,India,Pune,CUST7517,PROD600,Accessories,Keyboard,Samsung,2,1316.87,0.02,0.18,3045.66,Debit Card,Online,EMP393,3,0,Same Day,2,GBP
ORD138985,13-01-2024,BR76,Germany,Hamburg,CUST1491,PROD511,Accessories,Wireless Mouse,Sony,3,664.62,0.15,0.18,1999.84,Net Banking,In-Store,EMP855,1,1,Express,3,EUR
ORD138986,14-02-2024,BR67,UK,Manchester,CUST1377,PROD787,Tablet,Samsung Galaxy Tab,Lenovo,5,378.88,0.22,0.18,1743.61,Debit Card,In-Store,EMP975,0,1,Standard,7,AED
ORD138987,10-09-2024,BR71,USA,Chicago,CUST2351,PROD570,Accessories,Wireless Mouse,Sony,4,1252.44,0.05,0.18,5615.94,UPI,Online,EMP681,0,1,Standard,10,AED
ORD138988,12-06-2024,BR45,Germany,Berlin,CUST3291,PROD357,TV,LG OLED 48,LG,4,675.26,0.12,0.18,2804.76,Debit Card,Online,EMP838,3,1,Same Day,5,EUR
ORD138989,15-11-2023,BR93,USA,Los Angeles,CUST7321,PROD822,Accessories,Keyboard,Dell,5,255.02,0.28,0.18,1083.32,Net Banking,Online,EMP476,2,1,Same Day,1,AED
ORD138990,12-05-2024,BR76,USA,Los Angeles,CUST6140,PROD376,TV,Sony Bravia 55,LG,2,1672.09,0.12,0.18,3472.6,Debit Card,In-Store,EMP533,0,1,Same Day,10,INR
ORD138991,10-12-2023,BR69,India,Bangalore,CUST4972,PROD535,Accessories,Keyboard,OnePlus,1,1519.77,0.28,0.18,1291.2,Debit Card,Online,EMP300,0,0,Standard,4,AED
ORD138992,02-12-2023,BR57,USA,Dallas,CUST5415,PROD862,TV,Sony Bravia 55,LG,5,232.67,0.15,0.18,1166.84,Credit Card,In-Store,EMP263,0,1,Standard,5,INR
ORD138993,18-04-2023,BR75,Germany,Munich,CUST1515,PROD892,Accessories,Wireless Mouse,Dell,1,1933.14,0.18,0.18,1870.51,UPI,In-Store,EMP755,0,1,Same Day,4,GBP
ORD138994,15-09-2024,BR30,USA,New York,CUST8545,PROD690,Accessories,Bluetooth Headphones,Apple,1,280.34,0.25,0.18,248.1,Net Banking,Online,EMP283,3,0,Express,3,GBP
ORD138995,04-09-2024,BR4,Germany,Hamburg,CUST6375,PROD648,Laptop,HP Spectre x360,Samsung,1,1162.59,0.21,0.18,1083.77,Debit Card,Online,EMP455,2,1,Express,10,EUR
ORD138996,30-12-2024,BR118,India,Mumbai,CUST4161,PROD329,Mobile,Samsung Galaxy S23,HP,4,1519.2,0.12,0.18,6310.15,Debit Card,In-Store,EMP343,1,0,Standard,2,INR
ORD138997,20-10-2024,BR48,UAE,Dubai,CUST5227,PROD479,Accessories,Bluetooth Headphones,Apple,4,448.17,0.25,0.18,1586.52,Net Banking,In-Store,EMP711,3,0,Same Day,1,INR
ORD138998,10-12-2023,BR71,USA,New York,CUST5879,PROD887,TV,Samsung QLED 50,Sony,5,878.53,0.11,0.18,4613.16,Net Banking,In-Store,EMP561,0,1,Express,4,USD
ORD138999,10-07-2023,BR20,India,Pune,CUST8918,PROD508,Mobile,Samsung Galaxy S23,LG,2,1844.55,0.15,0.18,3700.17,UPI,In-Store,EMP981,0,1,Standard,3,GBP
ORD139000,12-08-2024,BR40,India,Mumbai,CUST5833,PROD300,Mobile,Samsung Galaxy S23,Apple,2,1925.72,0.04,0.18,4362.91,Net Banking,In-Store,EMP849,0,0,Standard,1,USD
ORD139001,01-10-2024,BR99,UK,Birmingham,CUST2171,PROD656,TV,Sony Bravia 55,Sony,4,972.55,0.1,0.18,4131.39,Debit Card,Online,EMP928,1,1,Standard,5,GBP
ORD139002,29-07-2023,BR119,USA,Los Angeles,CUST3468,PROD135,Laptop,HP Spectre x360,Lenovo,5,71.93,0.04,0.18,407.41,Net Banking,Online,EMP762,3,0,Same Day,7,EUR
ORD139003,10-10-2024,BR61,Germany,Munich,CUST8982,PROD943,Accessories,Wireless Mouse,Apple,4,1259.23,0.03,0.18,5765.26,Cash,Online,EMP744,1,0,Same Day,4,EUR
ORD139004,28-11-2024,BR119,India,Delhi,CUST6164,PROD362,Accessories,Keyboard,Samsung,3,1597.71,0.19,0.18,4581.27,Net Banking,Online,EMP731,1,1,Same Day,8,USD
ORD139005,19-04-2023,BR91,India,Mumbai,CUST5970,PROD521,Mobile,OnePlus 11,Dell,5,204.24,0.04,0.18,1156.82,UPI,In-Store,EMP944,0,1,Same Day,10,GBP
ORD139006,16-11-2024,BR63,UK,Manchester,CUST7718,PROD606,Accessories,Wireless Mouse,Lenovo,2,1734.93,0.27,0.18,2988.94,UPI,In-Store,EMP636,2,1,Same Day,6,GBP
ORD139007,10-01-2023,BR110,UAE,Abu Dhabi,CUST7889,PROD753,Laptop,Dell XPS 13,Lenovo,3,1822.33,0.03,0.18,6257.52,UPI,Online,EMP491,1,0,Standard,9,INR
ORD139008,13-11-2024,BR100,Germany,Munich,CUST8292,PROD766,Accessories,Wireless Mouse,Apple,2,1360.98,0.06,0.18,3019.2,Debit Card,In-Store,EMP394,1,0,Same Day,6,AED
ORD139009,02-10-2024,BR110,USA,Dallas,CUST5823,PROD746,TV,Samsung QLED 50,Samsung,2,642.56,0.28,0.18,1091.84,Cash,In-Store,EMP417,1,1,Express,10,AED
ORD139010,25-09-2023,BR105,USA,Dallas,CUST8690,PROD626,Laptop,MacBook Air M2,HP,3,1592.52,0.02,0.18,5524.77,Net Banking,In-Store,EMP929,2,0,Express,5,GBP
ORD139011,16-02-2023,BR64,UK,Manchester,CUST1480,PROD585,Mobile,iPhone 14,Sony,4,1704.37,0.27,0.18,5872.58,Debit Card,In-Store,EMP818,0,1,Same Day,1,GBP
ORD139012,15-01-2023,BR90,India,Delhi,CUST4497,PROD879,Mobile,Samsung Galaxy S23,Lenovo,3,1179.39,0.06,0.18,3924.54,Net Banking,Online,EMP542,3,0,Standard,1,EUR
ORD139013,22-02-2024,BR10,India,Delhi,CUST4878,PROD781,Accessories,Bluetooth Headphones,Apple,3,740.71,0.01,0.18,2595.89,UPI,Online,EMP424,2,1,Same Day,5,AED
ORD139014,05-12-2024,BR111,UAE,Abu Dhabi,CUST8702,PROD850,TV,Sony Bravia 55,LG,5,900.41,0.24,0.18,4037.44,Credit Card,Online,EMP978,1,0,Express,5,EUR
ORD139015,15-11-2024,BR43,Germany,Munich,CUST7705,PROD912,Mobile,iPhone 14,Samsung,5,405.45,0.2,0.18,1913.72,Debit Card,Online,EMP669,0,0,Standard,3,INR
ORD139016,29-11-2024,BR109,USA,Chicago,CUST8316,PROD270,Accessories,Keyboard,HP,1,1069.08,0.26,0.18,933.52,UPI,In-Store,EMP288,2,0,Express,7,EUR
ORD139017,18-02-2023,BR96,UAE,Dubai,CUST5525,PROD162,Accessories,Wireless Mouse,Dell,4,427.65,0.11,0.18,1796.47,Cash,Online,EMP296,3,1,Express,1,INR
ORD139018,13-01-2024,BR90,India,Pune,CUST7138,PROD769,Accessories,Wireless Mouse,Dell,3,427.05,0.14,0.18,1300.11,Debit Card,Online,EMP604,1,0,Standard,2,USD
ORD139019,18-12-2023,BR79,UAE,Abu Dhabi,CUST9450,PROD245,TV,LG OLED 48,Lenovo,2,1788.42,0.27,0.18,3081.09,UPI,Online,EMP664,3,0,Same Day,5,EUR
ORD139020,05-07-2024,BR36,India,Bangalore,CUST8757,PROD373,Laptop,HP Spectre x360,OnePlus,2,910.62,0.18,0.18,1762.23,UPI,Online,EMP318,2,1,Express,5,AED
ORD139021,01-07-2023,BR92,USA,Los Angeles,CUST5086,PROD855,Mobile,iPhone 14,Sony,1,1635.65,0.02,0.18,1891.47,Cash,In-Store,EMP456,3,0,Same Day,3,INR
ORD139022,17-06-2023,BR114,USA,Los Angeles,CUST2512,PROD161,Mobile,OnePlus 11,HP,5,414.58,0.09,0.18,2225.88,Credit Card,Online,EMP740,1,0,Same Day,3,EUR
ORD139023,28-06-2024,BR49,UK,Birmingham,CUST5813,PROD555,TV,LG OLED 48,OnePlus,5,1108.02,0.26,0.18,4837.62,Cash,Online,EMP455,3,1,Same Day,1,INR
ORD139024,06-08-2023,BR84,Germany,Munich,CUST6768,PROD291,Laptop,Dell XPS 13,OnePlus,4,79.22,0.16,0.18,314.09,Credit Card,In-Store,EMP390,1,0,Express,1,INR
ORD139025,28-02-2023,BR29,Germany,Berlin,CUST3708,PROD962,TV,Samsung QLED 50,Lenovo,1,1659.35,0.26,0.18,1448.94,Cash,Online,EMP479,1,1,Express,10,EUR
ORD139026,13-02-2024,BR99,USA,Chicago,CUST6373,PROD271,Tablet,Samsung Galaxy Tab,OnePlus,1,546.83,0.1,0.18,580.73,Debit Card,In-Store,EMP650,3,1,Same Day,1,GBP
ORD139027,10-10-2023,BR81,India,Pune,CUST8792,PROD635,Accessories,Keyboard,Dell,2,409.01,0.06,0.18,907.35,Credit Card,Online,EMP729,2,1,Express,10,GBP
ORD139028,27-05-2023,BR1,UAE,Abu Dhabi,CUST8141,PROD362,Mobile,Samsung Galaxy S23,OnePlus,2,224.19,0.04,0.18,507.92,Credit Card,Online,EMP612,3,0,Same Day,2,EUR
ORD139029,03-06-2023,BR41,UAE,Dubai,CUST4714,PROD996,Accessories,Keyboard,LG,1,533.95,0.09,0.18,573.36,Net Banking,In-Store,EMP254,0,0,Same Day,3,EUR
ORD139030,22-03-2023,BR69,USA,Dallas,CUST4335,PROD564,Mobile,iPhone 14,Samsung,1,1446.66,0.11,0.18,1519.28,Debit Card,In-Store,EMP239,2,0,Express,4,GBP
ORD139031,07-12-2023,BR7,Germany,Berlin,CUST9804,PROD237,TV,LG OLED 48,HP,4,1762.42,0.09,0.18,7569.95,Debit Card,In-Store,EMP906,2,1,Standard,5,USD
ORD139032,21-03-2023,BR73,UK,Birmingham,CUST1510,PROD873,Accessories,Bluetooth Headphones,Samsung,3,995.17,0.11,0.18,3135.38,UPI,In-Store,EMP284,1,1,Same Day,5,USD
ORD139033,31-10-2023,BR73,Germany,Munich,CUST9988,PROD584,Mobile,OnePlus 11,LG,3,1200.08,0.29,0.18,3016.28,UPI,In-Store,EMP868,0,0,Standard,8,EUR
ORD139034,08-11-2023,BR88,India,Pune,CUST1289,PROD202,Laptop,Dell XPS 13,OnePlus,1,166.37,0.2,0.18,157.05,Credit Card,In-Store,EMP609,0,1,Express,1,INR
ORD139035,12-11-2024,BR71,UAE,Dubai,CUST9073,PROD176,Accessories,Bluetooth Headphones,Samsung,2,515.77,0.16,0.18,1022.46,Net Banking,In-Store,EMP360,0,0,Standard,10,EUR
ORD139036,12-09-2023,BR110,USA,Los Angeles,CUST1424,PROD992,Laptop,Dell XPS 13,OnePlus,3,441.78,0.01,0.18,1548.26,Net Banking,In-Store,EMP405,1,0,Standard,7,INR
ORD139037,08-06-2024,BR60,India,Mumbai,CUST4370,PROD989,Tablet,Lenovo Tab P11,LG,3,147.71,0.06,0.18,491.52,Credit Card,Online,EMP407,2,0,Standard,5,USD
ORD139038,26-01-2024,BR75,Germany,Hamburg,CUST3543,PROD383,Mobile,OnePlus 11,LG,2,1117.88,0.07,0.18,2453.52,Net Banking,In-Store,EMP210,1,0,Same Day,1,GBP
ORD139039,29-03-2023,BR16,USA,Chicago,CUST5649,PROD179,Tablet,iPad Air,HP,5,629.65,0.09,0.18,3380.59,Credit Card,Online,EMP734,0,1,Standard,9,USD
ORD139040,16-08-2024,BR29,USA,Chicago,CUST3230,PROD538,TV,Sony Bravia 55,Sony,4,1884.29,0.23,0.18,6848.26,Credit Card,In-Store,EMP676,1,1,Express,3,GBP
ORD139041,04-04-2023,BR72,UAE,Abu Dhabi,CUST8304,PROD885,Mobile,OnePlus 11,Dell,2,225.65,0.1,0.18,479.28,Cash,Online,EMP925,3,0,Same Day,4,AED
ORD139042,30-12-2024,BR105,UK,Manchester,CUST1767,PROD720,TV,Samsung QLED 50,HP,5,897.29,0.18,0.18,4341.09,Cash,In-Store,EMP633,3,1,Express,10,GBP
ORD139043,14-03-2023,BR81,UAE,Dubai,CUST9619,PROD843,Laptop,HP Spectre x360,LG,1,1863.14,0.14,0.18,1890.71,Cash,In-Store,EMP900,1,1,Standard,5,EUR
ORD139044,13-08-2024,BR16,India,Delhi,CUST7341,PROD425,Accessories,Bluetooth Headphones,OnePlus,3,1240.13,0.05,0.18,4170.56,Net Banking,In-Store,EMP205,0,1,Same Day,3,GBP
ORD139045,19-10-2024,BR49,UAE,Abu Dhabi,CUST2279,PROD536,TV,Samsung QLED 50,OnePlus,3,1331.71,0.1,0.18,4242.83,Debit Card,Online,EMP821,3,0,Standard,9,AED
ORD139046,20-02-2023,BR60,USA,Chicago,CUST1548,PROD364,Accessories,Bluetooth Headphones,Apple,2,1959.53,0.14,0.18,3977.06,UPI,Online,EMP941,3,0,Standard,4,AED
ORD139047,19-12-2024,BR99,Germany,Berlin,CUST7111,PROD155,Tablet,iPad Air,OnePlus,1,1114.22,0.25,0.18,986.08,Debit Card,In-Store,EMP667,0,0,Standard,7,INR
ORD139048,11-10-2023,BR112,UAE,Dubai,CUST2797,PROD538,TV,Sony Bravia 55,HP,3,1467.86,0.18,0.18,4260.9,Net Banking,In-Store,EMP972,3,0,Same Day,8,AED
ORD139049,13-06-2023,BR80,India,Mumbai,CUST5946,PROD778,Accessories,Bluetooth Headphones,Sony,4,1887.76,0.12,0.18,7841,Cash,In-Store,EMP721,1,0,Standard,7,GBP
ORD139050,26-02-2023,BR60,UAE,Dubai,CUST5779,PROD715,Mobile,Samsung Galaxy S23,Apple,1,1967.97,0.07,0.18,2159.65,UPI,In-Store,EMP899,3,0,Same Day,8,USD
ORD139051,18-05-2024,BR33,UK,London,CUST2775,PROD368,TV,Sony Bravia 55,LG,4,447.2,0.22,0.18,1646.41,Net Banking,In-Store,EMP957,1,1,Same Day,2,GBP
ORD139052,26-09-2023,BR82,UK,London,CUST5501,PROD963,Mobile,OnePlus 11,Dell,3,1890.14,0.19,0.18,5419.79,Cash,In-Store,EMP212,0,1,Express,5,AED
ORD139053,16-02-2024,BR99,India,Mumbai,CUST4955,PROD532,TV,Samsung QLED 50,LG,4,735.56,0.22,0.18,2708.04,Net Banking,In-Store,EMP781,2,1,Same Day,3,USD
ORD139054,27-04-2023,BR23,UK,London,CUST8036,PROD722,TV,Samsung QLED 50,Samsung,2,1160.83,0.16,0.18,2301.23,UPI,Online,EMP735,3,1,Express,4,USD
ORD139055,14-03-2024,BR106,India,Bangalore,CUST4800,PROD577,Laptop,HP Spectre x360,LG,3,286.54,0.01,0.18,1004.21,Net Banking,Online,EMP574,2,0,Express,9,GBP
ORD139056,06-01-2024,BR31,UK,London,CUST5063,PROD911,Mobile,iPhone 14,LG,1,779.87,0.05,0.18,874.23,Debit Card,Online,EMP563,3,0,Same Day,7,GBP
ORD139057,11-09-2024,BR58,USA,Dallas,CUST1330,PROD956,Tablet,Samsung Galaxy Tab,Dell,4,1932.57,0.01,0.18,9030.51,Net Banking,In-Store,EMP209,1,1,Express,9,USD
ORD139058,09-05-2023,BR7,UK,Manchester,CUST2940,PROD655,Accessories,Wireless Mouse,Sony,4,1782.14,0.05,0.18,7991.12,Net Banking,In-Store,EMP807,1,1,Express,9,EUR
ORD139059,24-07-2024,BR77,India,Bangalore,CUST6771,PROD463,Tablet,Lenovo Tab P11,OnePlus,4,331.16,0.02,0.18,1531.81,Cash,In-Store,EMP815,2,0,Express,7,EUR
ORD139060,02-02-2023,BR2,India,Pune,CUST3410,PROD313,Mobile,Samsung Galaxy S23,Samsung,3,1602.02,0.12,0.18,4990.61,Credit Card,Online,EMP560,0,0,Express,7,EUR
ORD139061,07-12-2023,BR67,UK,Birmingham,CUST3030,PROD517,Tablet,Lenovo Tab P11,Lenovo,3,1054.81,0.28,0.18,2688.5,UPI,In-Store,EMP696,0,0,Express,5,EUR
ORD139062,20-07-2024,BR34,Germany,Berlin,CUST5968,PROD127,TV,LG OLED 48,Samsung,1,635.94,0.02,0.18,735.4,UPI,Online,EMP884,0,1,Same Day,5,INR
ORD139063,04-11-2024,BR71,India,Bangalore,CUST2667,PROD385,Laptop,MacBook Air M2,OnePlus,2,912.56,0.06,0.18,2024.42,UPI,Online,EMP630,2,1,Express,9,GBP
ORD139064,06-08-2024,BR6,UAE,Dubai,CUST9569,PROD311,Tablet,iPad Air,Samsung,5,1327.33,0.13,0.18,6813.18,UPI,In-Store,EMP613,3,1,Same Day,5,INR
ORD139065,17-01-2024,BR50,UAE,Abu Dhabi,CUST7410,PROD923,Accessories,Bluetooth Headphones,Lenovo,2,452.44,0.07,0.18,993.02,Credit Card,In-Store,EMP916,3,0,Express,7,EUR
ORD139066,26-03-2024,BR115,USA,Dallas,CUST3221,PROD624,Accessories,Keyboard,Lenovo,2,1445.8,0.15,0.18,2900.27,Net Banking,In-Store,EMP866,0,1,Standard,8,INR
ORD139067,11-03-2024,BR106,UK,London,CUST7466,PROD443,Laptop,HP Spectre x360,HP,3,379.82,0.02,0.18,1317.67,Debit Card,In-Store,EMP310,1,1,Express,8,AED
ORD139068,30-05-2023,BR50,India,Pune,CUST9013,PROD830,Laptop,Dell XPS 13,OnePlus,1,210.24,0.03,0.18,240.64,Cash,In-Store,EMP293,3,0,Same Day,8,GBP
ORD139069,22-06-2023,BR42,Germany,Berlin,CUST3858,PROD688,Accessories,Wireless Mouse,Dell,2,65.75,0,0.18,155.17,Net Banking,In-Store,EMP603,3,0,Standard,2,GBP
ORD139070,18-09-2023,BR28,India,Mumbai,CUST5108,PROD666,TV,LG OLED 48,OnePlus,1,756.34,0.17,0.18,740.76,Cash,In-Store,EMP410,3,0,Express,2,GBP
ORD139071,01-01-2023,BR103,India,Mumbai,CUST8730,PROD198,Mobile,OnePlus 11,LG,5,1382.02,0.06,0.18,7664.68,UPI,Online,EMP949,2,0,Same Day,4,EUR
ORD139072,08-09-2024,BR57,UK,London,CUST3994,PROD135,Mobile,Samsung Galaxy S23,Dell,5,861.69,0.25,0.18,3812.98,UPI,Online,EMP632,2,1,Standard,1,GBP
ORD139073,03-01-2024,BR53,Germany,Berlin,CUST8951,PROD940,Accessories,Bluetooth Headphones,Apple,1,573.09,0.24,0.18,513.95,UPI,In-Store,EMP986,1,0,Same Day,7,AED
ORD139074,10-11-2024,BR63,UK,London,CUST5763,PROD316,Mobile,iPhone 14,Lenovo,4,285.62,0.02,0.18,1321.16,Net Banking,In-Store,EMP535,1,1,Express,1,INR
ORD139075,18-06-2023,BR22,UAE,Abu Dhabi,CUST1284,PROD183,Tablet,Lenovo Tab P11,Lenovo,2,1105.74,0.26,0.18,1931.06,Cash,In-Store,EMP518,1,0,Same Day,6,USD
ORD139076,20-07-2024,BR23,Germany,Berlin,CUST2919,PROD784,Laptop,Dell XPS 13,Apple,1,1580.83,0.21,0.18,1473.65,Debit Card,In-Store,EMP727,0,1,Standard,9,GBP
ORD139077,17-12-2023,BR99,India,Bangalore,CUST6103,PROD354,Mobile,iPhone 14,Dell,3,204.39,0.15,0.18,615.01,Net Banking,Online,EMP271,0,1,Standard,8,GBP
ORD139078,28-08-2023,BR68,Germany,Hamburg,CUST6160,PROD422,Laptop,MacBook Air M2,Samsung,5,810.66,0.15,0.18,4065.46,Cash,Online,EMP391,1,0,Express,9,GBP
ORD139079,21-11-2023,BR108,UK,Manchester,CUST6050,PROD590,Tablet,iPad Air,HP,4,1262.27,0.22,0.18,4647.17,UPI,Online,EMP832,0,1,Same Day,6,INR
ORD139080,26-12-2023,BR27,Germany,Hamburg,CUST3829,PROD508,TV,LG OLED 48,OnePlus,3,1569,0.1,0.18,4998.83,UPI,Online,EMP308,3,1,Express,7,USD
ORD139081,21-01-2024,BR37,USA,Los Angeles,CUST4689,PROD358,Accessories,Keyboard,LG,1,1697.94,0.13,0.18,1743.11,Net Banking,In-Store,EMP881,2,0,Express,8,AED
ORD139082,22-03-2023,BR78,India,Bangalore,CUST7804,PROD269,TV,LG OLED 48,Dell,2,358.9,0.12,0.18,745.36,Net Banking,Online,EMP890,3,0,Express,8,AED
ORD139083,14-03-2024,BR70,USA,Dallas,CUST4887,PROD277,Laptop,MacBook Air M2,Apple,3,260.96,0.15,0.18,785.23,Debit Card,Online,EMP509,3,1,Same Day,2,GBP
ORD139084,11-01-2024,BR72,UAE,Abu Dhabi,CUST6790,PROD713,Mobile,Samsung Galaxy S23,HP,1,904.5,0.13,0.18,928.56,Cash,Online,EMP781,3,1,Express,10,USD
ORD139085,15-08-2024,BR9,UAE,Abu Dhabi,CUST3939,PROD231,Mobile,iPhone 14,Samsung,1,665.29,0.28,0.18,565.23,Credit Card,Online,EMP504,3,0,Express,10,AED
ORD139086,21-02-2023,BR98,India,Delhi,CUST5814,PROD995,TV,Samsung QLED 50,Apple,4,938.08,0.06,0.18,4162.07,Credit Card,Online,EMP362,2,1,Express,4,INR
ORD139087,31-01-2023,BR17,UK,London,CUST9579,PROD342,Laptop,HP Spectre x360,OnePlus,4,495.94,0.13,0.18,2036.53,Credit Card,In-Store,EMP274,0,1,Express,9,INR
ORD139088,28-01-2024,BR119,USA,New York,CUST7505,PROD774,TV,LG OLED 48,Lenovo,1,1778.04,0.25,0.18,1573.57,Cash,In-Store,EMP815,3,0,Standard,4,GBP
ORD139089,27-07-2024,BR52,UK,Birmingham,CUST4276,PROD297,TV,Samsung QLED 50,Sony,3,956.68,0.15,0.18,2878.65,Cash,Online,EMP440,3,0,Express,3,AED
ORD139090,08-09-2023,BR28,UAE,Abu Dhabi,CUST9811,PROD702,Mobile,Samsung Galaxy S23,Sony,5,315.13,0.27,0.18,1357.26,Cash,In-Store,EMP524,1,0,Same Day,5,INR
ORD139091,09-05-2023,BR118,UAE,Dubai,CUST6528,PROD607,Accessories,Keyboard,OnePlus,5,1737.81,0.27,0.18,7484.75,Credit Card,In-Store,EMP900,3,0,Express,1,EUR
ORD139092,29-10-2023,BR101,UAE,Dubai,CUST2294,PROD749,Tablet,Samsung Galaxy Tab,Dell,2,1957.81,0.26,0.18,3419.12,Cash,Online,EMP527,2,1,Same Day,10,AED
ORD139093,28-06-2023,BR92,India,Mumbai,CUST9245,PROD448,TV,Sony Bravia 55,Samsung,4,1495.78,0.09,0.18,6424.67,Debit Card,In-Store,EMP774,0,1,Same Day,5,INR
ORD139094,24-12-2023,BR56,UAE,Abu Dhabi,CUST9010,PROD576,Tablet,Samsung Galaxy Tab,Sony,2,1398.4,0.1,0.18,2970.2,Credit Card,Online,EMP800,2,1,Same Day,7,INR
ORD139095,01-08-2024,BR104,Germany,Munich,CUST8871,PROD470,Laptop,MacBook Air M2,Apple,3,450.15,0.17,0.18,1322.63,Cash,In-Store,EMP741,3,1,Standard,6,AED
ORD139096,18-12-2024,BR25,UK,Manchester,CUST8842,PROD259,TV,Sony Bravia 55,HP,1,1886.8,0.06,0.18,2092.84,Cash,Online,EMP600,1,1,Standard,9,GBP
ORD139097,08-03-2024,BR28,USA,New York,CUST7252,PROD495,Mobile,Samsung Galaxy S23,Samsung,1,539.01,0.2,0.18,508.83,Debit Card,In-Store,EMP589,2,1,Standard,1,INR
ORD139098,01-03-2024,BR111,India,Delhi,CUST7163,PROD447,Tablet,Samsung Galaxy Tab,Apple,5,888.31,0.28,0.18,3773.54,Cash,In-Store,EMP263,3,1,Express,3,INR
ORD139099,11-10-2024,BR40,Germany,Berlin,CUST9012,PROD717,Accessories,Wireless Mouse,OnePlus,5,1981.17,0.24,0.18,8883.57,Net Banking,In-Store,EMP261,0,0,Standard,6,EUR
ORD139100,02-10-2023,BR68,USA,New York,CUST9462,PROD963,Laptop,HP Spectre x360,LG,2,107.61,0,0.18,253.96,Net Banking,In-Store,EMP526,1,0,Same Day,1,AED
ORD139101,11-06-2023,BR59,USA,Chicago,CUST7401,PROD205,Tablet,iPad Air,Dell,4,1030.65,0.18,0.18,3989.03,Net Banking,Online,EMP441,1,1,Standard,4,EUR
ORD139102,13-08-2024,BR18,UAE,Dubai,CUST8634,PROD199,Laptop,Dell XPS 13,Samsung,3,744.74,0,0.18,2636.38,Debit Card,Online,EMP390,0,0,Same Day,5,USD
ORD139103,15-04-2023,BR22,UAE,Dubai,CUST2895,PROD797,Accessories,Keyboard,LG,4,964.42,0.02,0.18,4461.02,Cash,Online,EMP477,2,1,Standard,2,AED
ORD139104,21-07-2024,BR119,India,Bangalore,CUST7281,PROD433,Tablet,Samsung Galaxy Tab,LG,4,252.34,0.12,0.18,1048.12,Debit Card,Online,EMP351,0,0,Express,8,AED
ORD139105,01-01-2024,BR6,UAE,Abu Dhabi,CUST1122,PROD145,TV,Samsung QLED 50,Dell,4,575.53,0.29,0.18,1928.72,Debit Card,In-Store,EMP723,1,1,Same Day,10,AED
ORD139106,10-02-2024,BR10,Germany,Munich,CUST2448,PROD498,TV,Samsung QLED 50,Lenovo,4,1985.54,0.09,0.18,8528.29,Cash,In-Store,EMP881,0,1,Same Day,9,GBP
ORD139107,05-10-2023,BR100,USA,Chicago,CUST9068,PROD637,Mobile,iPhone 14,HP,4,916.17,0.06,0.18,4064.86,Credit Card,Online,EMP985,3,0,Standard,3,AED
ORD139108,18-08-2023,BR8,Germany,Hamburg,CUST9909,PROD680,TV,Samsung QLED 50,HP,4,1499.21,0.04,0.18,6793.22,Debit Card,Online,EMP706,2,1,Standard,10,INR
ORD139109,21-09-2023,BR52,USA,Los Angeles,CUST8581,PROD321,TV,Sony Bravia 55,HP,4,1010.23,0.21,0.18,3766.95,Credit Card,Online,EMP731,0,0,Express,7,INR
ORD139110,25-09-2023,BR120,UAE,Dubai,CUST2727,PROD818,Tablet,Lenovo Tab P11,Samsung,5,1861.6,0.26,0.18,8127.75,Debit Card,Online,EMP374,1,0,Express,9,USD
ORD139111,31-07-2024,BR105,UAE,Abu Dhabi,CUST2980,PROD926,Laptop,Dell XPS 13,Lenovo,1,1737.97,0.14,0.18,1763.69,Net Banking,Online,EMP440,2,1,Express,9,INR
ORD139112,03-06-2024,BR119,USA,Chicago,CUST4671,PROD815,TV,Samsung QLED 50,Lenovo,4,146.07,0.04,0.18,661.87,Credit Card,In-Store,EMP954,1,0,Standard,2,AED
ORD139113,10-04-2023,BR79,UK,Manchester,CUST5021,PROD817,TV,Samsung QLED 50,Lenovo,3,1775.6,0.27,0.18,4588.51,Net Banking,Online,EMP900,1,0,Same Day,2,USD
ORD139114,12-04-2024,BR55,India,Bangalore,CUST5741,PROD914,Tablet,iPad Air,Dell,3,1417.94,0.26,0.18,3714.44,UPI,Online,EMP948,2,0,Same Day,1,INR
ORD139115,02-01-2024,BR83,UAE,Dubai,CUST3883,PROD590,Mobile,Samsung Galaxy S23,Dell,5,417.93,0.07,0.18,2293.18,Cash,In-Store,EMP395,0,1,Standard,5,EUR
ORD139116,08-01-2023,BR56,UK,Manchester,CUST8755,PROD794,Accessories,Bluetooth Headphones,OnePlus,5,864.63,0.21,0.18,4030.04,Credit Card,Online,EMP480,1,0,Express,4,AED
ORD139117,11-07-2023,BR70,USA,Los Angeles,CUST8922,PROD329,Mobile,Samsung Galaxy S23,Samsung,3,704.1,0.2,0.18,1994.01,Credit Card,Online,EMP479,3,1,Express,7,AED
ORD139118,19-12-2023,BR119,UAE,Abu Dhabi,CUST4154,PROD245,TV,Sony Bravia 55,Lenovo,5,1854.87,0.04,0.18,10505.98,Cash,Online,EMP866,1,1,Standard,4,EUR
ORD139119,04-08-2024,BR10,Germany,Berlin,CUST7866,PROD981,Laptop,Dell XPS 13,Lenovo,2,1653.65,0.02,0.18,3824.56,Credit Card,In-Store,EMP603,3,1,Same Day,1,USD
ORD139120,27-02-2024,BR60,UAE,Dubai,CUST2022,PROD463,Tablet,Samsung Galaxy Tab,LG,2,1170.1,0,0.18,2761.44,Cash,Online,EMP274,2,1,Standard,10,GBP
ORD139121,30-09-2024,BR83,Germany,Hamburg,CUST7105,PROD398,TV,Samsung QLED 50,Apple,5,332.68,0.06,0.18,1845.04,Debit Card,In-Store,EMP307,2,0,Standard,9,USD
ORD139122,09-02-2023,BR104,UAE,Dubai,CUST2873,PROD202,Tablet,iPad Air,OnePlus,4,1636.96,0.2,0.18,6181.16,UPI,In-Store,EMP447,2,1,Express,5,EUR
ORD139123,08-08-2024,BR27,UAE,Abu Dhabi,CUST6815,PROD716,Laptop,HP Spectre x360,Sony,1,1936.07,0.28,0.18,1644.89,Credit Card,Online,EMP847,1,0,Same Day,2,INR
ORD139124,15-08-2024,BR5,USA,Chicago,CUST6503,PROD163,Laptop,MacBook Air M2,Sony,2,1445.63,0.17,0.18,2831.7,Cash,Online,EMP565,1,1,Standard,7,INR
ORD139125,03-10-2024,BR43,India,Bangalore,CUST6198,PROD568,Mobile,Samsung Galaxy S23,Lenovo,3,970.01,0.04,0.18,3296.48,UPI,Online,EMP572,1,1,Express,3,USD
ORD139126,23-04-2024,BR112,USA,Los Angeles,CUST9427,PROD171,Laptop,Dell XPS 13,Sony,4,1927.51,0.19,0.18,7369.26,Cash,Online,EMP933,0,0,Same Day,2,EUR
ORD139127,23-12-2024,BR57,Germany,Hamburg,CUST6640,PROD318,Mobile,OnePlus 11,Samsung,2,1838.11,0.23,0.18,3340.21,Net Banking,In-Store,EMP332,2,1,Standard,3,GBP
ORD139128,04-08-2024,BR3,India,Delhi,CUST9675,PROD654,Mobile,iPhone 14,Sony,2,1621.74,0.28,0.18,2755.66,Net Banking,In-Store,EMP592,2,0,Same Day,6,INR
ORD139129,04-03-2024,BR61,USA,Chicago,CUST1167,PROD125,TV,LG OLED 48,Dell,3,388.12,0.06,0.18,1291.51,UPI,Online,EMP396,1,0,Standard,9,GBP
ORD139130,15-11-2024,BR14,India,Bangalore,CUST2636,PROD608,Laptop,MacBook Air M2,LG,3,1230.24,0.1,0.18,3919.54,Net Banking,In-Store,EMP422,0,0,Same Day,8,EUR
ORD139131,31-08-2023,BR83,UAE,Abu Dhabi,CUST3338,PROD808,Tablet,iPad Air,Sony,5,1382.33,0.1,0.18,7340.17,Credit Card,In-Store,EMP500,2,0,Express,7,USD
ORD139132,03-03-2024,BR5,USA,Dallas,CUST2268,PROD873,Laptop,MacBook Air M2,Sony,5,1495.08,0.11,0.18,7850.67,Cash,Online,EMP735,1,1,Same Day,6,AED
ORD139133,06-09-2023,BR94,USA,Chicago,CUST4698,PROD279,Mobile,iPhone 14,HP,5,58.15,0.07,0.18,319.07,Credit Card,In-Store,EMP889,3,0,Standard,2,USD
ORD139134,13-02-2023,BR106,Germany,Munich,CUST4540,PROD500,Laptop,Dell XPS 13,Apple,3,1478.29,0.18,0.18,4291.18,Cash,In-Store,EMP519,2,1,Express,3,INR
ORD139135,02-02-2023,BR86,Germany,Berlin,CUST4892,PROD221,Accessories,Bluetooth Headphones,LG,3,1499.66,0.1,0.18,4777.92,Credit Card,In-Store,EMP204,1,0,Express,8,AED
ORD139136,29-03-2024,BR3,UK,Birmingham,CUST9161,PROD149,Mobile,iPhone 14,Samsung,1,442.72,0.01,0.18,517.19,Cash,Online,EMP561,2,1,Standard,8,GBP
ORD139137,21-11-2024,BR81,UK,Birmingham,CUST6979,PROD308,Accessories,Wireless Mouse,OnePlus,3,1949.59,0.29,0.18,4900.1,Debit Card,In-Store,EMP596,3,1,Same Day,3,INR
ORD139138,14-09-2023,BR110,India,Mumbai,CUST6426,PROD673,Accessories,Keyboard,Apple,4,1959.88,0.04,0.18,8880.61,Cash,In-Store,EMP296,2,1,Express,5,INR
ORD139139,12-11-2024,BR39,USA,New York,CUST4626,PROD573,Mobile,OnePlus 11,Dell,1,55.62,0.08,0.18,60.38,Net Banking,Online,EMP696,2,1,Express,2,USD
ORD139140,07-09-2023,BR117,UK,London,CUST6151,PROD764,Mobile,OnePlus 11,OnePlus,1,1706.79,0.13,0.18,1752.19,UPI,In-Store,EMP863,2,1,Express,6,GBP
ORD139141,14-04-2024,BR37,India,Bangalore,CUST3500,PROD623,Mobile,Samsung Galaxy S23,Samsung,1,308.83,0.06,0.18,342.55,UPI,Online,EMP413,2,1,Standard,6,INR
ORD139142,20-11-2023,BR30,USA,Chicago,CUST2737,PROD677,Tablet,iPad Air,OnePlus,5,719.59,0.25,0.18,3184.19,Debit Card,Online,EMP320,1,1,Same Day,2,EUR
ORD139143,01-02-2023,BR59,UAE,Dubai,CUST3602,PROD528,Mobile,Samsung Galaxy S23,Samsung,1,946.6,0.22,0.18,871.25,Debit Card,Online,EMP359,1,0,Express,9,INR
ORD139144,26-11-2023,BR81,India,Mumbai,CUST9363,PROD691,Tablet,iPad Air,Apple,1,898.58,0.28,0.18,763.43,Net Banking,Online,EMP876,3,1,Standard,3,USD
ORD139145,01-08-2023,BR10,USA,Los Angeles,CUST3192,PROD814,Accessories,Bluetooth Headphones,Apple,3,1444.33,0.18,0.18,4192.6,Cash,In-Store,EMP923,3,1,Same Day,7,INR
ORD139146,14-11-2024,BR36,India,Bangalore,CUST2012,PROD801,Accessories,Wireless Mouse,Lenovo,2,817,0.07,0.18,1793.15,Cash,Online,EMP773,1,1,Express,10,AED
ORD139147,20-12-2024,BR61,India,Delhi,CUST3711,PROD941,Tablet,iPad Air,OnePlus,5,1858.24,0.17,0.18,9099.8,Net Banking,In-Store,EMP749,1,1,Express,10,EUR
ORD139148,07-06-2023,BR89,UAE,Dubai,CUST5035,PROD577,Mobile,iPhone 14,Dell,3,1437.34,0,0.18,5088.18,UPI,Online,EMP518,3,1,Express,4,USD
ORD139149,25-08-2023,BR101,UK,Birmingham,CUST5519,PROD652,Mobile,Samsung Galaxy S23,Lenovo,3,742.84,0.06,0.18,2471.87,Net Banking,In-Store,EMP211,2,0,Same Day,5,AED
ORD139150,25-03-2023,BR108,Germany,Hamburg,CUST9355,PROD247,Accessories,Keyboard,Dell,3,1494.66,0.06,0.18,4973.63,Cash,In-Store,EMP448,3,1,Express,9,USD
ORD139151,24-05-2023,BR25,USA,Los Angeles,CUST5881,PROD183,Mobile,iPhone 14,HP,5,1764.83,0.03,0.18,10100.12,Debit Card,In-Store,EMP341,3,1,Express,6,USD
ORD139152,27-11-2024,BR42,Germany,Hamburg,CUST3469,PROD754,TV,Sony Bravia 55,Dell,4,1691.88,0.16,0.18,6707.97,UPI,In-Store,EMP585,1,1,Express,10,USD
ORD139153,29-07-2023,BR32,India,Mumbai,CUST5915,PROD338,Mobile,iPhone 14,HP,2,1413.85,0.08,0.18,3069.75,Net Banking,In-Store,EMP493,1,1,Express,8,INR
ORD139154,24-07-2024,BR78,UK,Birmingham,CUST8380,PROD102,Accessories,Wireless Mouse,Apple,2,128.82,0.23,0.18,234.09,Net Banking,In-Store,EMP663,3,0,Standard,3,USD
ORD139155,12-05-2024,BR34,UAE,Dubai,CUST9951,PROD634,Laptop,Dell XPS 13,LG,1,844.02,0.29,0.18,707.12,Debit Card,In-Store,EMP394,2,0,Same Day,4,AED
ORD139156,20-07-2024,BR60,Germany,Hamburg,CUST5345,PROD174,Tablet,Samsung Galaxy Tab,Samsung,1,190.7,0.28,0.18,162.02,Cash,In-Store,EMP296,3,1,Standard,6,INR
ORD139157,18-11-2023,BR61,USA,Dallas,CUST6968,PROD553,Tablet,Samsung Galaxy Tab,Samsung,2,374.79,0.05,0.18,840.28,Cash,Online,EMP730,0,0,Express,7,USD
ORD139158,06-10-2023,BR113,India,Delhi,CUST7065,PROD238,Mobile,iPhone 14,HP,2,1950.5,0.04,0.18,4419.05,Net Banking,Online,EMP602,0,1,Express,5,EUR
ORD139159,28-09-2024,BR21,UK,London,CUST2104,PROD829,Accessories,Bluetooth Headphones,Samsung,3,471.62,0.26,0.18,1235.46,Credit Card,Online,EMP400,1,0,Standard,2,EUR
ORD139160,04-07-2024,BR109,UAE,Dubai,CUST3502,PROD296,Tablet,iPad Air,Apple,5,649.95,0.25,0.18,2876.03,Debit Card,Online,EMP621,1,1,Express,3,EUR
ORD139161,03-07-2023,BR113,UK,London,CUST3694,PROD181,Accessories,Keyboard,Dell,1,172.84,0,0.18,203.95,Debit Card,Online,EMP699,2,1,Same Day,2,GBP
ORD139162,28-06-2024,BR7,UAE,Abu Dhabi,CUST6188,PROD197,TV,Samsung QLED 50,Apple,3,1425.02,0.2,0.18,4035.66,Debit Card,Online,EMP205,1,1,Express,2,AED
ORD139163,21-09-2023,BR49,UK,Birmingham,CUST8849,PROD617,Mobile,OnePlus 11,Sony,5,1771.96,0.11,0.18,9304.56,UPI,Online,EMP484,1,1,Standard,3,USD
ORD139164,26-02-2023,BR109,India,Bangalore,CUST9863,PROD741,Tablet,iPad Air,HP,4,1927.61,0.04,0.18,8734.39,Debit Card,Online,EMP953,3,0,Same Day,3,AED
ORD139165,18-07-2023,BR71,Germany,Hamburg,CUST5508,PROD109,Mobile,OnePlus 11,OnePlus,5,698.68,0.02,0.18,4039.77,UPI,Online,EMP474,2,0,Same Day,5,EUR
ORD139166,04-01-2023,BR20,India,Pune,CUST9256,PROD140,Accessories,Bluetooth Headphones,LG,5,1086.91,0.25,0.18,4809.58,Cash,Online,EMP383,3,1,Standard,1,USD
ORD139167,24-04-2024,BR108,USA,Chicago,CUST5041,PROD587,Laptop,HP Spectre x360,Apple,1,387.01,0.26,0.18,337.94,Debit Card,In-Store,EMP353,1,0,Standard,7,USD
ORD139168,29-08-2023,BR89,India,Delhi,CUST8124,PROD142,Tablet,iPad Air,Sony,5,670.08,0.09,0.18,3597.66,Credit Card,Online,EMP632,1,1,Same Day,10,USD
ORD139169,15-12-2024,BR36,UAE,Abu Dhabi,CUST9896,PROD653,Tablet,Samsung Galaxy Tab,Sony,4,1421.44,0.2,0.18,5367.36,UPI,Online,EMP935,2,0,Standard,8,EUR
ORD139170,02-08-2023,BR30,India,Pune,CUST2770,PROD707,TV,Sony Bravia 55,Dell,1,170.92,0.09,0.18,183.53,UPI,Online,EMP579,0,0,Express,2,AED
ORD139171,24-04-2024,BR2,UAE,Abu Dhabi,CUST9948,PROD561,Mobile,iPhone 14,Lenovo,3,1561.05,0.04,0.18,5305.07,UPI,Online,EMP958,1,0,Standard,3,EUR
ORD139172,01-12-2023,BR57,UAE,Dubai,CUST1992,PROD748,Accessories,Bluetooth Headphones,OnePlus,3,1454.26,0.3,0.18,3603.66,Debit Card,Online,EMP354,1,0,Standard,6,GBP
ORD139173,03-01-2023,BR59,USA,Chicago,CUST8186,PROD990,Accessories,Bluetooth Headphones,Lenovo,3,604.47,0.18,0.18,1754.66,UPI,In-Store,EMP641,1,0,Standard,5,AED
ORD139174,31-10-2024,BR3,USA,Chicago,CUST4854,PROD668,Accessories,Wireless Mouse,HP,1,320.56,0.16,0.18,317.74,UPI,In-Store,EMP601,0,0,Express,8,INR
ORD139175,17-07-2024,BR71,UAE,Dubai,CUST2489,PROD679,Laptop,HP Spectre x360,Dell,2,748.01,0.04,0.18,1694.69,UPI,In-Store,EMP817,0,1,Standard,5,INR
ORD139176,10-02-2024,BR39,Germany,Hamburg,CUST3285,PROD658,Tablet,iPad Air,HP,4,1235.61,0.25,0.18,4374.06,Net Banking,In-Store,EMP886,2,1,Standard,1,GBP
ORD139177,11-08-2024,BR42,USA,Los Angeles,CUST7936,PROD689,Tablet,iPad Air,Sony,5,868.69,0.24,0.18,3895.21,Credit Card,Online,EMP629,3,1,Same Day,2,GBP
ORD139178,14-05-2023,BR10,UAE,Dubai,CUST5902,PROD298,Tablet,iPad Air,Apple,4,1152.87,0.04,0.18,5223.88,UPI,Online,EMP274,3,1,Standard,9,INR
ORD139179,19-12-2023,BR44,USA,Chicago,CUST6381,PROD436,Mobile,OnePlus 11,Apple,5,1940.76,0.22,0.18,8931.38,Credit Card,In-Store,EMP579,3,1,Standard,5,INR
ORD139180,23-02-2023,BR106,UAE,Dubai,CUST3593,PROD468,Accessories,Keyboard,Lenovo,2,1025.42,0.12,0.18,2129.59,Debit Card,In-Store,EMP499,0,0,Express,9,AED
ORD139181,19-08-2023,BR7,USA,New York,CUST5041,PROD945,Tablet,iPad Air,Lenovo,3,1381.63,0.13,0.18,4255.14,Cash,In-Store,EMP989,1,0,Standard,6,GBP
ORD139182,05-10-2023,BR80,Germany,Berlin,CUST8071,PROD883,Accessories,Keyboard,Sony,4,425.95,0.07,0.18,1869.75,UPI,In-Store,EMP503,2,1,Same Day,5,USD
ORD139183,05-12-2023,BR58,Germany,Berlin,CUST6400,PROD642,Accessories,Keyboard,HP,4,1819.01,0.17,0.18,7126.15,Net Banking,In-Store,EMP312,0,0,Standard,5,AED
ORD139184,23-07-2023,BR77,India,Delhi,CUST4349,PROD675,TV,Sony Bravia 55,LG,3,277.72,0.12,0.18,865.15,Debit Card,Online,EMP210,1,1,Standard,6,INR
ORD139185,06-08-2024,BR3,India,Delhi,CUST2618,PROD739,TV,Samsung QLED 50,Sony,1,1004,0.3,0.18,829.3,Credit Card,Online,EMP999,3,0,Standard,3,INR
ORD139186,02-11-2024,BR109,Germany,Hamburg,CUST9749,PROD666,Laptop,HP Spectre x360,HP,4,335.19,0.03,0.18,1534.63,UPI,In-Store,EMP513,1,0,Standard,5,USD
ORD139187,07-12-2024,BR109,USA,New York,CUST8003,PROD944,TV,LG OLED 48,LG,3,1043.49,0.04,0.18,3546.2,Credit Card,Online,EMP300,0,0,Same Day,6,USD
ORD139188,17-03-2023,BR29,India,Pune,CUST4494,PROD303,TV,LG OLED 48,HP,3,55.96,0.24,0.18,150.55,UPI,In-Store,EMP723,3,0,Standard,5,EUR
ORD139189,04-02-2023,BR43,USA,New York,CUST8009,PROD713,TV,LG OLED 48,HP,3,327.41,0.19,0.18,938.82,Credit Card,In-Store,EMP378,0,0,Express,5,EUR
ORD139190,04-11-2023,BR49,USA,Chicago,CUST4866,PROD314,Laptop,HP Spectre x360,Sony,4,1517.13,0.23,0.18,5513.86,Debit Card,Online,EMP941,0,1,Standard,10,AED
ORD139191,14-07-2023,BR23,UAE,Dubai,CUST3865,PROD363,Accessories,Keyboard,Sony,3,1650.14,0.1,0.18,5257.35,UPI,Online,EMP556,1,1,Standard,10,EUR
ORD139192,25-07-2023,BR49,India,Mumbai,CUST4885,PROD428,Accessories,Bluetooth Headphones,OnePlus,1,542.85,0.25,0.18,480.42,Debit Card,Online,EMP984,3,0,Express,9,AED
ORD139193,10-06-2023,BR58,UAE,Dubai,CUST6458,PROD831,Tablet,Samsung Galaxy Tab,OnePlus,1,1060.84,0.16,0.18,1051.5,Credit Card,Online,EMP820,0,1,Standard,10,INR
ORD139194,28-06-2024,BR73,Germany,Hamburg,CUST2285,PROD996,Laptop,MacBook Air M2,Sony,5,1210.69,0.03,0.18,6928.78,Debit Card,Online,EMP643,0,0,Express,1,AED
ORD139195,18-12-2024,BR99,USA,New York,CUST6950,PROD849,Tablet,iPad Air,LG,4,1896.03,0.16,0.18,7517.38,Net Banking,Online,EMP292,1,1,Express,1,INR
ORD139196,14-10-2024,BR94,UAE,Dubai,CUST2667,PROD147,TV,Samsung QLED 50,Apple,3,746.88,0.13,0.18,2300.24,Net Banking,In-Store,EMP429,1,0,Same Day,2,AED
ORD139197,16-06-2024,BR19,India,Mumbai,CUST1554,PROD549,Accessories,Bluetooth Headphones,HP,2,1211.83,0.23,0.18,2202.14,UPI,Online,EMP410,2,0,Standard,3,EUR
ORD139198,22-04-2024,BR48,USA,Dallas,CUST3267,PROD978,TV,Samsung QLED 50,Lenovo,2,979.34,0.21,0.18,1825.88,UPI,In-Store,EMP222,2,0,Same Day,4,EUR
ORD139199,04-07-2024,BR103,India,Pune,CUST2752,PROD274,TV,LG OLED 48,Samsung,3,607.37,0.22,0.18,1677.07,Cash,Online,EMP878,3,0,Same Day,9,INR
ORD139200,01-07-2024,BR10,USA,Los Angeles,CUST3842,PROD900,Accessories,Keyboard,Apple,4,502.06,0.05,0.18,2251.24,Net Banking,In-Store,EMP744,1,1,Same Day,7,EUR
ORD139201,15-04-2024,BR31,India,Bangalore,CUST8384,PROD759,Mobile,OnePlus 11,Apple,5,1395.37,0.26,0.18,6092.19,Net Banking,Online,EMP685,0,0,Same Day,7,GBP
ORD139202,14-02-2023,BR105,Germany,Munich,CUST6841,PROD368,Mobile,iPhone 14,HP,3,1741.96,0.06,0.18,5796.55,Net Banking,Online,EMP370,2,0,Same Day,3,INR
ORD139203,12-12-2024,BR104,UK,London,CUST3996,PROD638,Laptop,Dell XPS 13,LG,2,825.04,0.07,0.18,1810.8,Debit Card,Online,EMP340,0,1,Express,2,AED
ORD139204,15-08-2024,BR66,USA,Los Angeles,CUST4574,PROD195,Laptop,HP Spectre x360,Sony,3,1661.37,0.24,0.18,4469.75,Cash,Online,EMP507,1,1,Standard,2,USD
ORD139205,24-11-2024,BR109,UAE,Abu Dhabi,CUST3035,PROD485,Mobile,OnePlus 11,LG,2,1154.21,0.18,0.18,2233.63,Debit Card,In-Store,EMP427,0,1,Same Day,7,AED
ORD139206,01-12-2023,BR99,USA,New York,CUST5198,PROD317,Tablet,Samsung Galaxy Tab,Lenovo,4,429.73,0.12,0.18,1784.93,Net Banking,Online,EMP826,2,1,Express,3,INR
ORD139207,07-05-2023,BR32,India,Pune,CUST1693,PROD711,TV,Sony Bravia 55,OnePlus,5,376.72,0.06,0.18,2089.29,Credit Card,In-Store,EMP445,2,0,Express,3,GBP
ORD139208,18-03-2023,BR12,India,Delhi,CUST8241,PROD811,TV,Samsung QLED 50,Apple,1,744.34,0.27,0.18,641.17,Debit Card,In-Store,EMP447,2,0,Express,1,USD
ORD139209,04-02-2023,BR54,Germany,Munich,CUST8868,PROD298,Laptop,Dell XPS 13,Lenovo,3,1392.11,0.27,0.18,3597.49,Cash,In-Store,EMP913,1,1,Express,5,USD
ORD139210,10-07-2024,BR47,USA,Dallas,CUST8845,PROD612,Laptop,MacBook Air M2,Sony,2,469.62,0.3,0.18,775.81,Debit Card,In-Store,EMP839,2,0,Same Day,9,GBP
ORD139211,30-09-2023,BR114,Germany,Berlin,CUST1910,PROD250,Tablet,Lenovo Tab P11,Lenovo,5,1550.5,0.09,0.18,8324.63,Credit Card,Online,EMP352,3,0,Same Day,4,GBP
ORD139212,16-04-2024,BR73,USA,Los Angeles,CUST5703,PROD989,Mobile,iPhone 14,Sony,4,1770.58,0.1,0.18,7521.42,Net Banking,Online,EMP326,3,0,Same Day,8,AED
ORD139213,02-06-2024,BR95,UAE,Abu Dhabi,CUST8898,PROD932,TV,Sony Bravia 55,Lenovo,5,1626.89,0.19,0.18,7774.91,UPI,In-Store,EMP526,1,0,Same Day,3,USD
ORD139214,10-11-2023,BR87,Germany,Munich,CUST7584,PROD920,Accessories,Wireless Mouse,Dell,4,395.25,0.27,0.18,1361.87,UPI,Online,EMP550,3,0,Express,4,AED
ORD139215,23-03-2023,BR45,UK,Birmingham,CUST6659,PROD133,Accessories,Bluetooth Headphones,Apple,5,1959.14,0.24,0.18,8784.78,Credit Card,In-Store,EMP550,3,1,Same Day,4,INR
ORD139216,14-09-2024,BR48,UK,Birmingham,CUST7958,PROD468,Laptop,Dell XPS 13,Sony,2,917.92,0.01,0.18,2144.63,UPI,In-Store,EMP870,2,0,Express,3,GBP
ORD139217,07-09-2024,BR39,India,Delhi,CUST1246,PROD670,Tablet,Samsung Galaxy Tab,Lenovo,4,57.14,0.22,0.18,210.37,Net Banking,In-Store,EMP621,1,0,Express,4,AED
ORD139218,27-08-2023,BR119,UK,Manchester,CUST5813,PROD227,Mobile,iPhone 14,HP,1,1554.09,0.08,0.18,1687.12,Debit Card,In-Store,EMP350,0,0,Express,7,AED
ORD139219,08-12-2023,BR44,Germany,Hamburg,CUST7018,PROD945,TV,Samsung QLED 50,Lenovo,3,1129.42,0.2,0.18,3198.52,Debit Card,Online,EMP243,0,1,Express,8,EUR
ORD139220,21-06-2023,BR80,UAE,Dubai,CUST3518,PROD847,Laptop,Dell XPS 13,LG,3,1701.9,0.26,0.18,4458.3,UPI,In-Store,EMP995,3,1,Express,10,GBP
ORD139221,03-04-2024,BR6,UAE,Abu Dhabi,CUST9353,PROD198,Tablet,Lenovo Tab P11,Lenovo,4,58.76,0.19,0.18,224.65,Debit Card,In-Store,EMP967,0,0,Same Day,10,USD
ORD139222,08-02-2024,BR17,UAE,Abu Dhabi,CUST7825,PROD850,TV,LG OLED 48,Dell,5,1558.51,0.26,0.18,6804.45,Cash,Online,EMP263,2,0,Standard,3,GBP
ORD139223,16-12-2023,BR3,USA,New York,CUST7727,PROD442,Mobile,iPhone 14,Sony,5,1149.75,0.23,0.18,5223.31,UPI,In-Store,EMP944,2,1,Same Day,1,EUR
ORD139224,20-06-2023,BR98,Germany,Munich,CUST2871,PROD361,Accessories,Wireless Mouse,HP,4,848.05,0.11,0.18,3562.49,Net Banking,Online,EMP866,3,1,Standard,1,INR
ORD139225,04-01-2024,BR93,UAE,Dubai,CUST7780,PROD753,Laptop,Dell XPS 13,Samsung,4,1435.71,0.05,0.18,6437.72,UPI,In-Store,EMP356,2,1,Same Day,2,EUR
ORD139226,10-02-2024,BR25,UAE,Abu Dhabi,CUST4661,PROD982,Laptop,Dell XPS 13,Dell,4,362.18,0.25,0.18,1282.12,UPI,In-Store,EMP316,3,1,Same Day,1,GBP
ORD139227,11-02-2023,BR116,UAE,Abu Dhabi,CUST3218,PROD440,Accessories,Wireless Mouse,Apple,2,127.1,0.03,0.18,290.96,Debit Card,Online,EMP398,0,1,Express,9,AED
ORD139228,22-09-2023,BR111,USA,Los Angeles,CUST8557,PROD708,TV,Samsung QLED 50,HP,1,532.65,0.27,0.18,458.82,Cash,In-Store,EMP820,1,1,Same Day,3,AED
ORD139229,01-04-2023,BR43,UK,London,CUST9848,PROD935,Laptop,MacBook Air M2,LG,5,1108.1,0.01,0.18,6472.41,Credit Card,In-Store,EMP284,2,0,Standard,7,INR
ORD139230,04-08-2024,BR33,India,Bangalore,CUST8199,PROD944,TV,Sony Bravia 55,OnePlus,1,171.63,0.01,0.18,200.5,Net Banking,Online,EMP714,1,0,Standard,8,GBP
ORD139231,29-12-2024,BR54,UAE,Abu Dhabi,CUST5436,PROD697,TV,LG OLED 48,Dell,4,852.2,0.21,0.18,3177.68,Cash,In-Store,EMP316,1,1,Same Day,6,AED
ORD139232,07-11-2024,BR118,UAE,Abu Dhabi,CUST4726,PROD799,Mobile,OnePlus 11,HP,5,352.62,0.02,0.18,2038.85,UPI,In-Store,EMP811,1,0,Express,9,USD
ORD139233,19-08-2024,BR54,UK,Manchester,CUST5091,PROD586,Mobile,Samsung Galaxy S23,Lenovo,1,1727.59,0.02,0.18,1997.79,Credit Card,Online,EMP797,1,0,Standard,3,USD
ORD139234,11-08-2023,BR43,UK,Birmingham,CUST2022,PROD585,Tablet,Samsung Galaxy Tab,Apple,1,1710.46,0.27,0.18,1473.39,Cash,Online,EMP747,0,0,Same Day,6,GBP
ORD139235,14-10-2023,BR116,India,Bangalore,CUST5617,PROD309,Laptop,MacBook Air M2,Sony,2,130.28,0.29,0.18,218.3,Credit Card,In-Store,EMP678,1,0,Express,4,INR
ORD139236,21-07-2023,BR92,Germany,Berlin,CUST9479,PROD791,Mobile,Samsung Galaxy S23,OnePlus,1,184.54,0.28,0.18,156.79,Credit Card,In-Store,EMP605,3,0,Same Day,5,GBP
ORD139237,26-01-2023,BR116,India,Pune,CUST3891,PROD129,Mobile,Samsung Galaxy S23,OnePlus,4,1745.06,0.12,0.18,7248.28,UPI,In-Store,EMP755,3,0,Express,5,INR
ORD139238,08-08-2024,BR21,USA,Chicago,CUST9611,PROD577,TV,LG OLED 48,HP,2,1019.39,0.09,0.18,2189.24,Credit Card,Online,EMP359,3,0,Same Day,1,INR
ORD139239,01-08-2024,BR66,UK,Manchester,CUST1828,PROD857,TV,LG OLED 48,Lenovo,5,90.44,0.12,0.18,469.56,Credit Card,In-Store,EMP395,1,1,Same Day,1,INR
ORD139240,22-10-2024,BR73,Germany,Hamburg,CUST8084,PROD189,Tablet,iPad Air,Lenovo,3,1911.32,0.09,0.18,6157.13,Cash,In-Store,EMP926,0,1,Standard,2,INR
ORD139241,19-01-2023,BR46,India,Pune,CUST8855,PROD553,Tablet,iPad Air,Samsung,1,781.97,0.16,0.18,775.09,Cash,In-Store,EMP881,2,1,Standard,1,INR
ORD139242,10-09-2024,BR36,USA,Chicago,CUST7084,PROD491,Tablet,iPad Air,LG,3,791.83,0.01,0.18,2775.05,Debit Card,Online,EMP549,2,0,Same Day,6,INR
ORD139243,25-01-2024,BR58,UAE,Abu Dhabi,CUST6891,PROD188,TV,Samsung QLED 50,LG,1,1057.77,0.22,0.18,973.57,UPI,Online,EMP514,2,0,Standard,1,USD
ORD139244,10-10-2024,BR37,USA,Los Angeles,CUST8753,PROD660,Accessories,Keyboard,Apple,2,761.46,0.07,0.18,1671.25,Cash,Online,EMP706,1,1,Express,2,INR
ORD139245,23-01-2023,BR73,UK,Birmingham,CUST3827,PROD773,Mobile,OnePlus 11,Samsung,2,342.99,0.14,0.18,696.13,Cash,Online,EMP956,1,1,Same Day,9,INR
ORD139246,13-10-2023,BR119,India,Bangalore,CUST3505,PROD645,Mobile,OnePlus 11,HP,5,1525.89,0.06,0.18,8462.59,Net Banking,In-Store,EMP775,0,1,Same Day,6,USD
ORD139247,15-06-2024,BR105,UAE,Dubai,CUST9594,PROD661,Tablet,Samsung Galaxy Tab,Samsung,1,1789.86,0.03,0.18,2048.67,UPI,In-Store,EMP692,0,0,Standard,4,USD
ORD139248,17-02-2024,BR70,UAE,Abu Dhabi,CUST5359,PROD855,Mobile,OnePlus 11,Samsung,3,121.17,0.22,0.18,334.57,Debit Card,Online,EMP851,0,1,Same Day,9,AED
ORD139249,31-12-2024,BR75,Germany,Berlin,CUST3419,PROD527,Mobile,Samsung Galaxy S23,HP,2,1588.27,0.2,0.18,2998.65,UPI,Online,EMP312,3,1,Same Day,2,GBP
ORD139250,27-05-2023,BR21,UK,Birmingham,CUST5469,PROD784,Mobile,OnePlus 11,LG,4,1515.06,0.09,0.18,6507.49,UPI,Online,EMP890,0,1,Standard,8,AED
ORD139251,01-04-2024,BR27,USA,Los Angeles,CUST1436,PROD239,Accessories,Keyboard,Apple,2,882.63,0.03,0.18,2020.52,Cash,In-Store,EMP249,0,1,Express,2,EUR
ORD139252,12-10-2023,BR114,UK,Birmingham,CUST1174,PROD822,Accessories,Wireless Mouse,Dell,4,923.99,0.08,0.18,4012.33,Net Banking,In-Store,EMP326,3,1,Standard,1,USD
ORD139253,10-08-2024,BR64,Germany,Berlin,CUST4079,PROD149,Mobile,OnePlus 11,LG,3,1367.88,0.29,0.18,3438.03,Cash,In-Store,EMP824,2,1,Express,3,AED
ORD139254,30-04-2023,BR115,Germany,Munich,CUST4655,PROD515,TV,Sony Bravia 55,Dell,3,1872.67,0.3,0.18,4640.48,Net Banking,Online,EMP265,3,0,Standard,2,GBP
ORD139255,14-02-2023,BR98,Germany,Munich,CUST8068,PROD759,Accessories,Bluetooth Headphones,Samsung,2,238.52,0.07,0.18,523.5,Debit Card,Online,EMP612,0,1,Express,4,EUR
ORD139256,11-03-2024,BR67,India,Pune,CUST2176,PROD450,Accessories,Keyboard,Sony,4,792.97,0.19,0.18,3031.68,Credit Card,In-Store,EMP890,3,0,Standard,6,INR
ORD139257,29-05-2024,BR5,USA,Dallas,CUST5775,PROD178,Accessories,Wireless Mouse,Lenovo,1,339.64,0.19,0.18,324.63,UPI,Online,EMP280,3,0,Standard,2,INR
ORD139258,24-01-2023,BR47,USA,Los Angeles,CUST1205,PROD970,Tablet,Lenovo Tab P11,Sony,4,1736.51,0.23,0.18,6311.17,UPI,Online,EMP824,0,1,Standard,5,INR
ORD139259,05-01-2023,BR82,UAE,Dubai,CUST1753,PROD940,TV,LG OLED 48,Sony,5,1330.03,0.18,0.18,6434.69,Cash,In-Store,EMP224,3,0,Express,7,EUR
ORD139260,23-10-2024,BR56,USA,Chicago,CUST2829,PROD638,TV,Samsung QLED 50,Sony,5,230.31,0.27,0.18,991.95,Cash,Online,EMP894,1,1,Standard,1,USD
ORD139261,06-06-2024,BR57,Germany,Munich,CUST5921,PROD453,Accessories,Wireless Mouse,Samsung,3,588.61,0.07,0.18,1937.82,Credit Card,In-Store,EMP249,2,0,Express,1,EUR
ORD139262,25-01-2024,BR67,UK,Manchester,CUST4235,PROD338,Mobile,iPhone 14,Samsung,4,1349.05,0.14,0.18,5476.06,Cash,Online,EMP390,2,1,Express,9,AED
ORD139263,14-06-2024,BR74,Germany,Hamburg,CUST9522,PROD522,Laptop,HP Spectre x360,Apple,4,426.06,0.04,0.18,1930.56,Net Banking,In-Store,EMP642,1,0,Standard,2,GBP
ORD139264,10-11-2023,BR102,UK,Birmingham,CUST8231,PROD328,Mobile,iPhone 14,Sony,1,269.92,0.17,0.18,264.36,Credit Card,Online,EMP409,0,0,Standard,9,INR
ORD139265,04-02-2023,BR47,Germany,Munich,CUST4525,PROD419,TV,LG OLED 48,Sony,5,73.38,0.19,0.18,350.68,Debit Card,Online,EMP895,2,0,Express,8,AED
ORD139266,22-03-2023,BR31,UK,Birmingham,CUST3067,PROD230,Accessories,Keyboard,Dell,5,1935.44,0.13,0.18,9934.61,Credit Card,In-Store,EMP500,3,0,Same Day,7,EUR
ORD139267,13-09-2023,BR10,UK,Manchester,CUST3764,PROD649,Laptop,HP Spectre x360,Lenovo,2,1771.73,0.07,0.18,3888.59,UPI,Online,EMP934,3,1,Express,7,INR
ORD139268,01-03-2024,BR73,USA,Los Angeles,CUST9705,PROD376,Accessories,Wireless Mouse,Lenovo,4,1663.09,0.24,0.18,5965.84,UPI,In-Store,EMP985,3,1,Same Day,7,AED
ORD139269,21-02-2024,BR110,India,Bangalore,CUST9916,PROD223,Tablet,Lenovo Tab P11,HP,3,1150.06,0.19,0.18,3297.68,Net Banking,In-Store,EMP437,3,1,Same Day,8,EUR
ORD139270,03-06-2024,BR59,USA,Dallas,CUST8359,PROD107,Mobile,OnePlus 11,OnePlus,4,991.66,0.14,0.18,4025.35,Cash,In-Store,EMP537,0,1,Standard,5,EUR
ORD139271,15-12-2024,BR36,UK,Manchester,CUST5644,PROD995,TV,Sony Bravia 55,LG,2,172.83,0.1,0.18,367.09,UPI,In-Store,EMP207,2,0,Express,8,USD
ORD139272,10-02-2024,BR90,UK,Manchester,CUST9033,PROD488,Accessories,Keyboard,LG,3,1917,0.24,0.18,5157.5,Credit Card,In-Store,EMP927,0,0,Express,7,USD
ORD139273,27-02-2023,BR42,USA,Chicago,CUST9042,PROD307,Laptop,MacBook Air M2,OnePlus,1,1750.93,0.24,0.18,1570.23,Net Banking,Online,EMP725,3,0,Standard,9,EUR
ORD139274,14-09-2023,BR109,Germany,Berlin,CUST8709,PROD235,TV,Samsung QLED 50,Sony,4,1797.82,0.29,0.18,6024.85,UPI,Online,EMP663,1,0,Standard,1,USD
ORD139275,30-10-2023,BR81,Germany,Berlin,CUST5474,PROD820,TV,LG OLED 48,Apple,2,1663.03,0.27,0.18,2865.07,UPI,Online,EMP518,1,0,Express,1,GBP
ORD139276,20-01-2024,BR89,India,Bangalore,CUST5314,PROD681,TV,Samsung QLED 50,Samsung,4,1817.05,0.05,0.18,8147.65,Net Banking,Online,EMP485,1,1,Express,2,AED
ORD139277,02-11-2024,BR21,UK,Birmingham,CUST4079,PROD716,Accessories,Bluetooth Headphones,Lenovo,4,247.21,0.16,0.18,980.14,Net Banking,In-Store,EMP712,0,0,Standard,6,INR
ORD139278,27-07-2024,BR97,UK,London,CUST4217,PROD974,TV,LG OLED 48,Apple,1,1584.41,0.24,0.18,1420.9,Credit Card,In-Store,EMP363,1,1,Standard,5,INR
ORD139279,30-07-2024,BR111,USA,Dallas,CUST8246,PROD532,Tablet,Lenovo Tab P11,HP,1,138.54,0.18,0.18,134.05,Credit Card,Online,EMP428,3,0,Standard,1,GBP
ORD139280,23-07-2024,BR18,USA,Los Angeles,CUST8570,PROD575,Laptop,Dell XPS 13,Lenovo,4,914.61,0.06,0.18,4057.94,Credit Card,In-Store,EMP750,0,0,Express,2,INR
ORD139281,05-03-2023,BR55,Germany,Munich,CUST9925,PROD455,Tablet,iPad Air,Apple,4,1233.42,0.11,0.18,5181.35,UPI,Online,EMP486,3,0,Standard,5,USD
ORD139282,11-03-2023,BR53,India,Delhi,CUST8863,PROD314,Laptop,MacBook Air M2,Dell,1,101.97,0.09,0.18,109.5,Debit Card,Online,EMP674,1,0,Express,4,INR
ORD139283,27-08-2024,BR18,UAE,Dubai,CUST8422,PROD125,Laptop,HP Spectre x360,Apple,2,1890.64,0.07,0.18,4149.58,Cash,In-Store,EMP376,2,1,Express,1,EUR
ORD139284,08-04-2024,BR101,India,Pune,CUST5091,PROD757,Accessories,Keyboard,Samsung,2,1084.15,0.19,0.18,2072.46,Net Banking,In-Store,EMP662,3,1,Standard,2,AED
ORD139285,09-10-2023,BR11,UAE,Dubai,CUST8306,PROD369,Laptop,HP Spectre x360,LG,5,1332.01,0.25,0.18,5894.14,UPI,Online,EMP608,2,0,Standard,1,INR
ORD139286,05-10-2023,BR112,India,Mumbai,CUST3573,PROD407,Mobile,Samsung Galaxy S23,OnePlus,2,346.41,0.23,0.18,629.5,Cash,In-Store,EMP986,3,1,Standard,1,INR
ORD139287,11-08-2023,BR63,UAE,Dubai,CUST3931,PROD130,Mobile,OnePlus 11,Sony,4,1095.02,0.07,0.18,4806.7,Debit Card,In-Store,EMP517,3,1,Same Day,9,USD
ORD139288,10-10-2024,BR40,UK,London,CUST9279,PROD750,Mobile,OnePlus 11,Sony,1,1303.77,0.09,0.18,1399.99,UPI,Online,EMP204,1,1,Express,6,GBP
ORD139289,11-12-2023,BR68,UAE,Dubai,CUST7979,PROD165,Laptop,MacBook Air M2,Lenovo,3,589.18,0.03,0.18,2023.13,Credit Card,Online,EMP374,0,0,Standard,3,INR
ORD139290,03-05-2023,BR18,UAE,Abu Dhabi,CUST4173,PROD418,Mobile,Samsung Galaxy S23,Apple,2,1728.9,0.15,0.18,3468.17,Credit Card,In-Store,EMP823,1,0,Standard,4,INR
ORD139291,12-12-2024,BR97,India,Mumbai,CUST7443,PROD996,Accessories,Bluetooth Headphones,Lenovo,1,409.51,0.29,0.18,343.09,Debit Card,Online,EMP685,1,1,Express,6,AED
ORD139292,16-02-2023,BR67,UAE,Abu Dhabi,CUST7506,PROD755,Accessories,Bluetooth Headphones,Apple,3,725.9,0.11,0.18,2287.02,Debit Card,In-Store,EMP713,1,1,Same Day,9,USD
ORD139293,26-12-2024,BR28,UK,London,CUST1673,PROD250,Laptop,Dell XPS 13,OnePlus,2,803.44,0.15,0.18,1611.7,UPI,Online,EMP912,3,1,Same Day,10,USD
ORD139294,18-11-2023,BR21,UAE,Dubai,CUST9950,PROD808,Laptop,MacBook Air M2,OnePlus,2,1527.56,0.24,0.18,2739.83,UPI,Online,EMP772,0,0,Same Day,8,INR
ORD139295,29-01-2024,BR100,USA,Los Angeles,CUST1561,PROD795,Mobile,OnePlus 11,Dell,5,269.83,0.25,0.18,1194,Debit Card,Online,EMP780,3,1,Same Day,10,AED
ORD139296,08-11-2024,BR15,Germany,Berlin,CUST4309,PROD220,Tablet,Samsung Galaxy Tab,Samsung,2,627.72,0.22,0.18,1155.51,Credit Card,In-Store,EMP877,0,0,Express,5,INR
ORD139297,25-03-2023,BR51,USA,Chicago,CUST9027,PROD260,Accessories,Wireless Mouse,OnePlus,5,339.43,0.3,0.18,1401.85,Credit Card,Online,EMP414,2,0,Standard,9,USD
ORD139298,27-05-2023,BR91,Germany,Hamburg,CUST5117,PROD734,Accessories,Bluetooth Headphones,Sony,1,406.76,0.05,0.18,455.98,Debit Card,Online,EMP912,0,1,Standard,10,AED
ORD139299,14-10-2023,BR108,UAE,Abu Dhabi,CUST2385,PROD367,Accessories,Bluetooth Headphones,LG,4,1966.52,0.05,0.18,8817.88,Cash,Online,EMP636,2,0,Express,10,EUR
ORD139300,02-11-2023,BR117,UK,Manchester,CUST1560,PROD223,Laptop,Dell XPS 13,HP,1,576.16,0.25,0.18,509.9,UPI,In-Store,EMP423,3,0,Same Day,9,INR
ORD139301,10-05-2024,BR10,UK,Birmingham,CUST7467,PROD552,Accessories,Keyboard,Sony,1,732.99,0.27,0.18,631.4,UPI,Online,EMP840,0,0,Same Day,3,EUR
ORD139302,29-01-2023,BR26,Germany,Hamburg,CUST8315,PROD469,Accessories,Wireless Mouse,LG,3,1543.25,0.11,0.18,4862.16,Credit Card,In-Store,EMP903,1,0,Standard,7,GBP
ORD139303,11-05-2024,BR53,UAE,Abu Dhabi,CUST5264,PROD184,Mobile,iPhone 14,Sony,3,624.22,0.28,0.18,1591.01,UPI,In-Store,EMP907,3,1,Express,1,GBP
ORD139304,15-12-2024,BR80,India,Delhi,CUST6240,PROD803,Tablet,iPad Air,Samsung,5,483.37,0.14,0.18,2452.62,Debit Card,Online,EMP810,2,0,Same Day,9,GBP
ORD139305,07-05-2023,BR84,USA,New York,CUST8431,PROD509,Tablet,Samsung Galaxy Tab,Apple,1,661.08,0.29,0.18,553.85,Debit Card,In-Store,EMP570,1,0,Same Day,3,EUR
ORD139306,23-11-2023,BR70,USA,Dallas,CUST1576,PROD934,Laptop,Dell XPS 13,LG,5,1925.6,0.29,0.18,8066.34,Cash,Online,EMP627,0,1,Standard,8,USD
ORD139307,05-10-2023,BR113,USA,Chicago,CUST2806,PROD576,Tablet,Samsung Galaxy Tab,OnePlus,2,1713.07,0.26,0.18,2991.71,Debit Card,In-Store,EMP757,2,0,Express,6,EUR
ORD139308,16-07-2024,BR85,USA,Dallas,CUST4386,PROD882,Mobile,Samsung Galaxy S23,Lenovo,4,1166.44,0.24,0.18,4184.25,Debit Card,In-Store,EMP477,0,0,Same Day,9,EUR
ORD139309,15-07-2024,BR84,UK,Birmingham,CUST3638,PROD555,TV,Samsung QLED 50,HP,3,135.1,0.14,0.18,411.3,Cash,Online,EMP208,0,1,Standard,4,AED
ORD139310,25-07-2023,BR15,UAE,Abu Dhabi,CUST5879,PROD536,Accessories,Wireless Mouse,LG,1,545.67,0.11,0.18,573.06,Credit Card,Online,EMP902,1,1,Same Day,5,INR
ORD139311,08-09-2024,BR23,UK,London,CUST8980,PROD412,Laptop,MacBook Air M2,OnePlus,3,425.43,0.22,0.18,1174.7,Net Banking,In-Store,EMP379,0,1,Same Day,2,AED
ORD139312,30-03-2024,BR3,UAE,Abu Dhabi,CUST9700,PROD273,Tablet,Samsung Galaxy Tab,Apple,3,455.9,0.18,0.18,1323.39,Net Banking,Online,EMP210,1,0,Standard,3,AED
ORD139313,04-08-2023,BR99,UK,London,CUST1119,PROD632,Tablet,Lenovo Tab P11,LG,1,898.43,0.29,0.18,752.7,Net Banking,Online,EMP693,1,1,Same Day,1,EUR
ORD139314,04-01-2023,BR120,India,Bangalore,CUST6424,PROD629,Accessories,Bluetooth Headphones,OnePlus,2,320.73,0.04,0.18,726.65,UPI,Online,EMP995,2,1,Same Day,5,EUR
ORD139315,26-05-2024,BR95,UK,Manchester,CUST2237,PROD475,Tablet,iPad Air,Dell,3,1900.52,0.02,0.18,6593.28,Net Banking,In-Store,EMP691,2,1,Same Day,8,INR
ORD139316,10-12-2024,BR68,Germany,Munich,CUST2542,PROD193,Tablet,Lenovo Tab P11,Apple,4,1438.41,0.13,0.18,5906.69,Net Banking,In-Store,EMP583,2,1,Same Day,6,GBP
ORD139317,05-04-2023,BR4,UAE,Abu Dhabi,CUST5664,PROD807,Mobile,Samsung Galaxy S23,Lenovo,1,585.86,0.04,0.18,663.66,Cash,In-Store,EMP248,1,0,Express,4,GBP
ORD139318,19-11-2024,BR20,Germany,Munich,CUST6321,PROD673,TV,Sony Bravia 55,Samsung,5,1359.43,0.15,0.18,6817.54,Debit Card,In-Store,EMP418,0,1,Standard,10,EUR
ORD139319,23-04-2024,BR6,USA,Dallas,CUST7833,PROD644,Tablet,Samsung Galaxy Tab,Dell,5,1881.94,0.3,0.18,7772.41,Cash,In-Store,EMP286,2,0,Standard,5,GBP
ORD139320,09-04-2024,BR105,USA,New York,CUST7669,PROD324,Laptop,MacBook Air M2,Samsung,2,1893.01,0.22,0.18,3484.65,Debit Card,Online,EMP963,1,0,Express,3,INR
ORD139321,04-07-2023,BR79,Germany,Hamburg,CUST2955,PROD475,Mobile,Samsung Galaxy S23,Lenovo,1,745.56,0.12,0.18,774.19,Cash,In-Store,EMP501,1,1,Same Day,10,GBP
ORD139322,10-09-2023,BR42,Germany,Hamburg,CUST6114,PROD912,Accessories,Wireless Mouse,Lenovo,4,365.22,0.15,0.18,1465.26,Cash,Online,EMP728,2,1,Express,2,GBP
ORD139323,01-01-2023,BR8,UK,Manchester,CUST1237,PROD576,Laptop,MacBook Air M2,Lenovo,1,1921.66,0.08,0.18,2086.15,UPI,In-Store,EMP341,0,0,Same Day,9,GBP
ORD139324,18-12-2024,BR56,USA,Los Angeles,CUST1951,PROD527,Tablet,iPad Air,Lenovo,5,72.47,0.05,0.18,406.19,Net Banking,In-Store,EMP839,0,1,Express,5,USD
ORD139325,16-06-2023,BR72,USA,New York,CUST9912,PROD576,Laptop,HP Spectre x360,OnePlus,5,1866.13,0.17,0.18,9138.44,Net Banking,In-Store,EMP764,2,1,Express,4,GBP
ORD139326,27-11-2024,BR68,India,Mumbai,CUST4946,PROD320,Accessories,Bluetooth Headphones,Lenovo,4,1563.79,0.3,0.18,5166.76,Cash,In-Store,EMP400,3,1,Same Day,7,USD
ORD139327,02-09-2023,BR96,India,Mumbai,CUST1183,PROD814,TV,Sony Bravia 55,Sony,4,1183.04,0.06,0.18,5248.91,Credit Card,In-Store,EMP715,3,0,Express,4,INR
ORD139328,02-05-2024,BR49,UAE,Dubai,CUST4014,PROD990,Mobile,OnePlus 11,HP,2,1253.51,0.19,0.18,2396.21,Cash,In-Store,EMP969,0,1,Same Day,1,USD
ORD139329,18-06-2024,BR1,UK,Birmingham,CUST7420,PROD327,TV,LG OLED 48,Lenovo,1,1387.32,0.02,0.18,1604.3,UPI,Online,EMP569,2,0,Express,1,GBP
ORD139330,04-12-2023,BR7,UK,London,CUST8251,PROD485,Laptop,HP Spectre x360,HP,2,1920.99,0.14,0.18,3898.84,UPI,Online,EMP767,0,0,Same Day,9,EUR
ORD139331,12-03-2023,BR106,UK,Birmingham,CUST2205,PROD778,Tablet,iPad Air,Samsung,3,1116.85,0.1,0.18,3558.28,UPI,In-Store,EMP752,0,1,Standard,6,GBP
ORD139332,18-01-2023,BR38,UK,Manchester,CUST7851,PROD455,TV,LG OLED 48,Sony,2,206.86,0.25,0.18,366.14,UPI,Online,EMP779,1,0,Standard,5,GBP
ORD139333,08-03-2023,BR113,India,Delhi,CUST2067,PROD898,Mobile,Samsung Galaxy S23,LG,3,663.05,0.12,0.18,2065.53,Credit Card,Online,EMP983,2,1,Express,5,EUR
ORD139334,04-11-2023,BR74,Germany,Hamburg,CUST9063,PROD992,Tablet,Samsung Galaxy Tab,Lenovo,5,1890.85,0.12,0.18,9817.29,Net Banking,Online,EMP215,2,0,Express,1,USD
ORD139335,17-04-2023,BR59,UAE,Abu Dhabi,CUST1872,PROD324,TV,Samsung QLED 50,Sony,3,366.65,0.13,0.18,1129.21,UPI,Online,EMP879,0,0,Same Day,4,EUR
ORD139336,12-06-2023,BR99,Germany,Hamburg,CUST4038,PROD541,Accessories,Wireless Mouse,Lenovo,3,63.02,0.19,0.18,180.7,Debit Card,In-Store,EMP739,2,1,Standard,3,GBP
ORD139337,25-12-2023,BR12,UAE,Abu Dhabi,CUST2692,PROD971,Tablet,Samsung Galaxy Tab,Lenovo,4,1084.86,0.13,0.18,4454.87,UPI,In-Store,EMP226,2,0,Same Day,10,AED
ORD139338,22-12-2024,BR106,USA,Dallas,CUST1494,PROD321,TV,Samsung QLED 50,HP,4,1440.74,0.02,0.18,6664.29,Debit Card,In-Store,EMP955,2,1,Express,3,INR
ORD139339,26-06-2023,BR34,UK,Birmingham,CUST7999,PROD751,Mobile,Samsung Galaxy S23,HP,5,1020.1,0.13,0.18,5236.17,UPI,In-Store,EMP224,2,1,Same Day,9,GBP
ORD139340,20-12-2023,BR10,India,Bangalore,CUST8071,PROD791,Accessories,Bluetooth Headphones,Sony,1,1593.66,0.27,0.18,1372.78,UPI,In-Store,EMP380,0,0,Same Day,7,GBP
ORD139341,07-01-2023,BR45,India,Pune,CUST2728,PROD935,Accessories,Keyboard,HP,1,1590.66,0.13,0.18,1632.97,Cash,Online,EMP452,0,0,Same Day,5,USD
ORD139342,24-11-2023,BR48,USA,New York,CUST5521,PROD702,Accessories,Bluetooth Headphones,LG,5,714.81,0.1,0.18,3795.64,Credit Card,In-Store,EMP908,1,0,Standard,4,INR
ORD139343,07-08-2023,BR100,UAE,Abu Dhabi,CUST2171,PROD484,Accessories,Keyboard,Dell,3,1586.11,0.27,0.18,4098.83,Cash,Online,EMP991,1,0,Same Day,7,AED
ORD139344,11-11-2023,BR47,India,Delhi,CUST7414,PROD929,Tablet,Samsung Galaxy Tab,Samsung,5,1061.33,0.12,0.18,5510.43,Credit Card,Online,EMP853,1,0,Same Day,6,GBP
ORD139345,18-04-2023,BR74,UAE,Dubai,CUST9879,PROD686,TV,Sony Bravia 55,Samsung,5,1633.84,0.12,0.18,8482.9,Cash,Online,EMP710,3,1,Standard,8,INR
ORD139346,17-10-2023,BR12,UAE,Dubai,CUST2111,PROD929,Laptop,MacBook Air M2,Dell,2,1730.69,0.2,0.18,3267.54,Credit Card,Online,EMP991,2,0,Standard,9,INR
ORD139347,22-06-2024,BR59,UK,Manchester,CUST6998,PROD793,Laptop,HP Spectre x360,OnePlus,3,1307.78,0.26,0.18,3425.86,Net Banking,Online,EMP292,1,1,Express,2,GBP
ORD139348,15-06-2024,BR104,UK,Manchester,CUST2944,PROD831,Tablet,Samsung Galaxy Tab,HP,5,1170.65,0.2,0.18,5525.47,Cash,In-Store,EMP823,0,0,Express,2,EUR
ORD139349,10-08-2023,BR40,Germany,Berlin,CUST3299,PROD724,Laptop,MacBook Air M2,Dell,3,1795.27,0.24,0.18,4829.99,Debit Card,Online,EMP200,2,0,Standard,5,USD
ORD139350,14-11-2023,BR2,India,Mumbai,CUST1343,PROD724,Laptop,HP Spectre x360,Lenovo,5,195.7,0.29,0.18,819.79,Net Banking,Online,EMP606,3,1,Express,8,GBP
ORD139351,29-06-2024,BR14,Germany,Hamburg,CUST7202,PROD133,Laptop,Dell XPS 13,Sony,1,1936.04,0.02,0.18,2238.84,Net Banking,In-Store,EMP248,0,1,Same Day,3,INR
ORD139352,25-12-2024,BR96,UK,Manchester,CUST7405,PROD280,TV,Samsung QLED 50,Samsung,5,373.31,0.24,0.18,1673.92,Cash,Online,EMP631,2,1,Standard,2,GBP
ORD139353,06-05-2023,BR71,India,Delhi,CUST2608,PROD643,Laptop,MacBook Air M2,Sony,2,1020.8,0.11,0.18,2144.09,UPI,In-Store,EMP461,3,0,Express,2,EUR
ORD139354,14-05-2023,BR45,UAE,Dubai,CUST5281,PROD377,Mobile,OnePlus 11,Dell,5,309.47,0.24,0.18,1387.66,Cash,In-Store,EMP680,0,1,Same Day,5,GBP
ORD139355,02-03-2024,BR38,India,Bangalore,CUST3905,PROD445,TV,LG OLED 48,Apple,5,790.45,0.04,0.18,4477.11,Credit Card,Online,EMP343,0,0,Express,7,EUR
ORD139356,04-01-2023,BR68,India,Bangalore,CUST3861,PROD441,Tablet,Lenovo Tab P11,Samsung,5,1600.88,0.12,0.18,8311.77,Net Banking,Online,EMP720,3,0,Standard,8,USD
ORD139357,30-06-2024,BR44,India,Mumbai,CUST3523,PROD113,Accessories,Keyboard,Lenovo,4,1439.82,0.01,0.18,6727.99,Credit Card,Online,EMP272,2,1,Same Day,8,AED
ORD139358,22-09-2024,BR6,UK,Manchester,CUST2140,PROD475,Laptop,HP Spectre x360,Samsung,4,671.07,0.06,0.18,2977.4,Net Banking,Online,EMP231,0,1,Standard,8,AED
ORD139359,08-07-2023,BR21,UAE,Abu Dhabi,CUST8221,PROD530,Tablet,Lenovo Tab P11,Lenovo,2,1925.15,0.11,0.18,4043.59,Cash,Online,EMP936,0,0,Standard,8,USD
ORD139360,07-09-2024,BR38,India,Pune,CUST3509,PROD752,Laptop,MacBook Air M2,Lenovo,3,468.88,0.29,0.18,1178.48,Credit Card,Online,EMP423,1,0,Express,2,USD
ORD139361,14-06-2023,BR107,UAE,Abu Dhabi,CUST4023,PROD612,TV,Samsung QLED 50,Dell,5,1378.45,0.22,0.18,6343.63,Debit Card,Online,EMP923,2,1,Standard,4,INR
ORD139362,07-06-2024,BR1,India,Delhi,CUST4725,PROD775,Laptop,Dell XPS 13,Dell,4,589.78,0.02,0.18,2728.09,Net Banking,In-Store,EMP640,2,1,Same Day,3,EUR
ORD139363,20-04-2023,BR63,India,Mumbai,CUST5869,PROD242,Tablet,Samsung Galaxy Tab,OnePlus,3,698.45,0.12,0.18,2175.81,UPI,Online,EMP625,0,1,Same Day,9,EUR
ORD139364,06-06-2024,BR44,UAE,Dubai,CUST7049,PROD147,Laptop,HP Spectre x360,Sony,5,1868.63,0.2,0.18,8819.93,Debit Card,Online,EMP320,0,1,Standard,2,USD
ORD139365,17-03-2024,BR108,USA,Chicago,CUST9726,PROD422,Tablet,Samsung Galaxy Tab,LG,5,142.65,0.15,0.18,715.39,Credit Card,Online,EMP388,3,0,Same Day,5,INR
ORD139366,12-10-2024,BR57,Germany,Munich,CUST1631,PROD950,Laptop,Dell XPS 13,Dell,4,573.54,0.02,0.18,2652.97,Cash,In-Store,EMP981,1,0,Same Day,10,EUR
ORD139367,03-06-2024,BR3,India,Mumbai,CUST9886,PROD253,TV,Samsung QLED 50,Sony,3,1088.02,0.18,0.18,3158.3,Cash,In-Store,EMP891,1,0,Express,4,USD
ORD139368,18-08-2023,BR1,UAE,Dubai,CUST4290,PROD529,Tablet,iPad Air,Samsung,1,503.32,0.27,0.18,433.56,Net Banking,Online,EMP366,1,1,Same Day,8,GBP
ORD139369,26-03-2024,BR71,Germany,Munich,CUST7966,PROD110,Laptop,Dell XPS 13,Sony,5,393.11,0.1,0.18,2087.41,Net Banking,In-Store,EMP442,3,0,Same Day,8,GBP
ORD139370,02-12-2023,BR76,USA,New York,CUST5683,PROD685,Laptop,MacBook Air M2,OnePlus,3,1416.54,0.13,0.18,4362.66,Cash,In-Store,EMP398,3,0,Express,10,EUR
ORD139371,17-04-2023,BR38,UAE,Dubai,CUST4370,PROD533,Tablet,Samsung Galaxy Tab,OnePlus,5,1246.19,0.02,0.18,7205.47,Net Banking,In-Store,EMP842,2,1,Express,10,AED
ORD139372,25-11-2024,BR85,Germany,Munich,CUST3170,PROD145,Accessories,Wireless Mouse,Lenovo,1,1650.05,0.23,0.18,1499.24,Debit Card,In-Store,EMP999,3,0,Same Day,1,GBP
ORD139373,13-08-2023,BR90,Germany,Berlin,CUST7910,PROD438,Tablet,Samsung Galaxy Tab,HP,5,1611.76,0.24,0.18,7227.13,UPI,In-Store,EMP802,3,1,Express,9,INR
ORD139374,22-05-2024,BR113,USA,Dallas,CUST4200,PROD908,Laptop,HP Spectre x360,Sony,4,374.18,0.09,0.18,1607.18,Net Banking,Online,EMP418,2,1,Express,2,AED
ORD139375,30-11-2024,BR106,India,Delhi,CUST2750,PROD373,Mobile,iPhone 14,Dell,1,1627.23,0.19,0.18,1555.31,Debit Card,In-Store,EMP900,1,0,Standard,9,GBP
ORD139376,27-12-2024,BR83,UK,London,CUST4015,PROD114,Mobile,OnePlus 11,Sony,4,436.94,0.15,0.18,1753,Debit Card,In-Store,EMP241,2,0,Same Day,3,INR
ORD139377,15-03-2024,BR43,UK,London,CUST2088,PROD443,Accessories,Bluetooth Headphones,LG,4,819.39,0.03,0.18,3751.5,Debit Card,In-Store,EMP325,1,0,Same Day,9,AED
ORD139378,10-03-2024,BR60,Germany,Berlin,CUST1570,PROD289,Laptop,MacBook Air M2,Sony,1,1121.51,0.04,0.18,1270.45,UPI,In-Store,EMP906,1,1,Same Day,5,INR
ORD139379,24-05-2024,BR60,India,Pune,CUST9964,PROD117,Tablet,Samsung Galaxy Tab,Sony,4,1892.19,0.07,0.18,8305.96,Credit Card,Online,EMP864,2,0,Standard,1,EUR
ORD139380,13-09-2023,BR58,UK,London,CUST1249,PROD404,Mobile,Samsung Galaxy S23,HP,5,1105.58,0.29,0.18,4631.27,Cash,In-Store,EMP967,3,1,Same Day,5,EUR
ORD139381,25-11-2023,BR88,Germany,Hamburg,CUST3886,PROD105,TV,Sony Bravia 55,LG,2,333.77,0.21,0.18,622.28,Credit Card,In-Store,EMP412,3,1,Same Day,3,EUR
ORD139382,11-10-2024,BR119,UK,Birmingham,CUST7640,PROD315,TV,Sony Bravia 55,LG,1,1525.92,0.17,0.18,1494.49,Cash,In-Store,EMP500,0,1,Express,3,USD
ORD139383,20-05-2023,BR25,USA,New York,CUST4192,PROD816,Mobile,Samsung Galaxy S23,Apple,2,1087.18,0.18,0.18,2103.91,Cash,In-Store,EMP829,2,0,Same Day,1,AED
ORD139384,15-08-2023,BR116,Germany,Munich,CUST6535,PROD270,TV,Sony Bravia 55,HP,5,720.8,0.17,0.18,3529.76,Credit Card,In-Store,EMP616,0,1,Same Day,9,EUR
ORD139385,19-08-2023,BR1,Germany,Munich,CUST9640,PROD827,TV,LG OLED 48,Lenovo,3,933.84,0.08,0.18,3041.33,Debit Card,Online,EMP401,2,1,Same Day,2,USD
ORD139386,03-10-2023,BR38,UAE,Abu Dhabi,CUST1253,PROD862,Accessories,Bluetooth Headphones,Samsung,1,1370.72,0.14,0.18,1391.01,UPI,Online,EMP774,3,1,Same Day,1,EUR
ORD139387,07-09-2023,BR97,UAE,Abu Dhabi,CUST6297,PROD147,Mobile,iPhone 14,Lenovo,3,427.52,0.08,0.18,1392.35,Cash,Online,EMP415,3,1,Express,3,GBP
ORD139388,16-07-2024,BR55,UK,Manchester,CUST5526,PROD253,TV,Sony Bravia 55,LG,3,495.81,0,0.18,1755.17,UPI,In-Store,EMP248,0,0,Same Day,4,USD
ORD139389,03-04-2024,BR50,Germany,Hamburg,CUST3609,PROD221,Accessories,Keyboard,HP,5,1790.47,0.27,0.18,7711.55,Cash,In-Store,EMP346,0,1,Same Day,2,INR
ORD139390,02-02-2024,BR71,India,Delhi,CUST5277,PROD474,Accessories,Wireless Mouse,Apple,2,1395.33,0.22,0.18,2568.52,Credit Card,Online,EMP567,3,1,Same Day,2,EUR
ORD139391,28-03-2023,BR104,USA,Dallas,CUST9507,PROD660,Tablet,Lenovo Tab P11,LG,1,854.9,0.14,0.18,867.55,UPI,Online,EMP224,3,1,Standard,9,EUR
ORD139392,06-09-2023,BR27,UAE,Dubai,CUST5371,PROD704,Mobile,OnePlus 11,LG,1,1801.97,0.1,0.18,1913.69,Net Banking,Online,EMP295,1,0,Express,10,AED
ORD139393,14-03-2023,BR10,USA,Chicago,CUST2704,PROD356,Laptop,MacBook Air M2,LG,5,1871.26,0.04,0.18,10598.82,Debit Card,In-Store,EMP259,2,1,Same Day,8,EUR
ORD139394,02-01-2024,BR37,USA,Dallas,CUST1769,PROD642,Mobile,OnePlus 11,HP,2,1197.59,0.23,0.18,2176.26,Credit Card,In-Store,EMP200,3,0,Express,9,INR
ORD139395,25-06-2024,BR56,Germany,Hamburg,CUST8700,PROD815,Mobile,OnePlus 11,Samsung,4,289.44,0.24,0.18,1038.28,Net Banking,In-Store,EMP707,2,1,Express,7,USD
ORD139396,08-03-2024,BR47,UK,Birmingham,CUST1303,PROD727,Mobile,OnePlus 11,OnePlus,2,1963.04,0.12,0.18,4076.84,Net Banking,In-Store,EMP768,1,0,Express,6,GBP
ORD139397,01-05-2023,BR68,Germany,Berlin,CUST9164,PROD997,TV,LG OLED 48,LG,1,1891.1,0.08,0.18,2052.98,UPI,Online,EMP791,1,0,Same Day,3,EUR
ORD139398,12-02-2023,BR78,Germany,Munich,CUST2737,PROD347,Laptop,MacBook Air M2,Lenovo,1,1188.23,0.07,0.18,1303.96,Net Banking,In-Store,EMP581,2,1,Standard,6,GBP
ORD139399,03-01-2023,BR84,USA,Dallas,CUST3916,PROD285,Accessories,Keyboard,Samsung,2,1382.21,0.27,0.18,2381.27,UPI,In-Store,EMP458,1,0,Same Day,3,AED
ORD139400,18-04-2023,BR25,UK,Birmingham,CUST6987,PROD369,Accessories,Wireless Mouse,Apple,1,158.51,0.27,0.18,136.54,Debit Card,In-Store,EMP996,0,1,Same Day,10,GBP
ORD139401,13-09-2023,BR36,India,Mumbai,CUST6301,PROD137,TV,Samsung QLED 50,HP,2,789.52,0.03,0.18,1807.37,Cash,In-Store,EMP950,3,1,Same Day,7,GBP
ORD139402,02-11-2024,BR6,India,Delhi,CUST7358,PROD516,TV,LG OLED 48,Dell,2,570.77,0,0.18,1347.02,Cash,Online,EMP923,0,1,Express,9,EUR
ORD139403,14-01-2023,BR25,UK,Manchester,CUST7744,PROD240,Accessories,Keyboard,Apple,3,1817.99,0.27,0.18,4698.05,Cash,Online,EMP573,3,0,Same Day,4,AED
ORD139404,24-06-2023,BR101,UAE,Dubai,CUST6652,PROD379,Accessories,Bluetooth Headphones,OnePlus,2,1676.11,0.16,0.18,3322.72,Debit Card,Online,EMP445,1,1,Same Day,7,GBP
ORD139405,12-12-2023,BR104,USA,Los Angeles,CUST3774,PROD208,Tablet,Samsung Galaxy Tab,Dell,2,1882.43,0.18,0.18,3642.88,Cash,Online,EMP441,2,1,Express,7,GBP
ORD139406,06-03-2023,BR91,UK,Birmingham,CUST2194,PROD275,Tablet,Samsung Galaxy Tab,OnePlus,1,419.45,0.2,0.18,395.96,Cash,In-Store,EMP464,1,0,Same Day,7,USD
ORD139407,16-04-2024,BR68,USA,Dallas,CUST4594,PROD826,Laptop,MacBook Air M2,Apple,1,346.07,0.09,0.18,371.61,UPI,In-Store,EMP400,2,1,Same Day,8,AED
ORD139408,29-05-2024,BR48,India,Pune,CUST3449,PROD403,Tablet,Lenovo Tab P11,LG,5,935.61,0.02,0.18,5409.7,Credit Card,Online,EMP243,3,1,Express,6,USD
ORD139409,21-08-2024,BR15,USA,Dallas,CUST8451,PROD486,Tablet,Samsung Galaxy Tab,Samsung,2,799.28,0.01,0.18,1867.44,Cash,In-Store,EMP334,1,0,Standard,10,GBP
ORD139410,10-08-2023,BR86,UAE,Dubai,CUST7637,PROD396,Tablet,Lenovo Tab P11,Samsung,3,186.67,0.21,0.18,522.04,Net Banking,In-Store,EMP665,0,0,Standard,7,GBP
ORD139411,21-11-2024,BR56,UK,Manchester,CUST4070,PROD635,Tablet,iPad Air,Samsung,3,1330.43,0.1,0.18,4238.75,Net Banking,Online,EMP432,0,0,Express,7,USD
ORD139412,04-03-2023,BR114,India,Bangalore,CUST9083,PROD760,Accessories,Wireless Mouse,Sony,4,336.62,0.14,0.18,1366.41,Debit Card,Online,EMP746,3,0,Same Day,4,INR
ORD139413,23-03-2024,BR53,USA,Los Angeles,CUST4472,PROD777,Tablet,Lenovo Tab P11,Dell,4,322.2,0.13,0.18,1323.08,Net Banking,In-Store,EMP573,0,0,Same Day,2,EUR
ORD139414,26-11-2023,BR64,UK,London,CUST9360,PROD829,Accessories,Keyboard,Dell,2,1399.85,0.21,0.18,2609.88,Cash,In-Store,EMP462,1,0,Express,5,GBP
ORD139415,04-09-2024,BR38,UK,London,CUST8573,PROD926,Mobile,Samsung Galaxy S23,Samsung,2,1612.44,0.13,0.18,3310.66,Debit Card,Online,EMP799,3,1,Express,9,AED
ORD139416,05-04-2023,BR38,India,Mumbai,CUST1499,PROD839,Laptop,Dell XPS 13,Apple,1,1576.59,0.12,0.18,1637.13,Cash,In-Store,EMP672,2,0,Same Day,8,GBP
ORD139417,13-01-2023,BR57,India,Delhi,CUST7835,PROD684,Tablet,Lenovo Tab P11,Lenovo,3,700.65,0.27,0.18,1810.62,UPI,In-Store,EMP528,0,0,Express,5,AED
ORD139418,08-12-2024,BR66,USA,Dallas,CUST9126,PROD967,TV,Sony Bravia 55,Dell,3,1474.59,0.12,0.18,4593.64,Debit Card,Online,EMP706,2,1,Standard,1,INR
ORD139419,07-07-2023,BR66,USA,Dallas,CUST7215,PROD679,Tablet,Samsung Galaxy Tab,Dell,5,1431.63,0.04,0.18,8108.75,Debit Card,Online,EMP474,3,0,Same Day,2,INR
ORD139420,31-08-2024,BR41,UK,Manchester,CUST8651,PROD261,TV,Samsung QLED 50,LG,2,894.09,0.29,0.18,1498.14,Credit Card,In-Store,EMP414,2,0,Standard,9,GBP
ORD139421,09-11-2024,BR11,USA,Chicago,CUST7492,PROD785,TV,Sony Bravia 55,Apple,5,1026.52,0.03,0.18,5874.77,Debit Card,Online,EMP254,2,1,Express,9,USD
ORD139422,21-08-2024,BR39,India,Bangalore,CUST7428,PROD781,Tablet,Samsung Galaxy Tab,Sony,4,1082.28,0.26,0.18,3780.19,UPI,Online,EMP289,2,0,Same Day,4,USD
ORD139423,11-08-2023,BR77,UAE,Dubai,CUST7385,PROD715,Tablet,iPad Air,Lenovo,4,418.45,0.1,0.18,1777.58,Net Banking,Online,EMP418,0,1,Same Day,3,EUR
ORD139424,02-11-2023,BR34,India,Mumbai,CUST6031,PROD821,Accessories,Keyboard,Samsung,5,885.77,0.03,0.18,5069.26,Cash,In-Store,EMP280,0,0,Same Day,4,USD
ORD139425,11-12-2023,BR80,Germany,Munich,CUST4835,PROD690,TV,Sony Bravia 55,Sony,4,881.98,0.1,0.18,3746.65,Cash,In-Store,EMP746,3,1,Same Day,3,GBP
ORD139426,22-02-2024,BR95,USA,New York,CUST9659,PROD495,Tablet,Samsung Galaxy Tab,Dell,3,1180.31,0.13,0.18,3635.12,Credit Card,Online,EMP320,2,1,Same Day,9,USD
ORD139427,26-06-2023,BR41,UAE,Abu Dhabi,CUST5847,PROD762,TV,Samsung QLED 50,Apple,4,370.49,0.08,0.18,1608.82,Net Banking,Online,EMP671,3,1,Express,8,INR
ORD139428,26-11-2024,BR86,USA,Los Angeles,CUST8479,PROD562,Tablet,Samsung Galaxy Tab,Apple,1,1051.97,0.24,0.18,943.41,Cash,Online,EMP218,0,0,Express,1,GBP
ORD139429,15-04-2023,BR18,UK,Birmingham,CUST7003,PROD987,Laptop,HP Spectre x360,HP,2,1775.16,0.24,0.18,3183.93,Cash,Online,EMP641,0,0,Express,5,GBP
ORD139430,02-12-2024,BR66,India,Delhi,CUST1084,PROD891,Tablet,Samsung Galaxy Tab,OnePlus,2,501.85,0.13,0.18,1030.4,Credit Card,In-Store,EMP824,3,1,Express,4,AED
ORD139431,11-04-2023,BR4,USA,Los Angeles,CUST9760,PROD949,TV,Sony Bravia 55,Sony,2,360.35,0.04,0.18,816.41,UPI,Online,EMP918,0,0,Same Day,1,EUR
ORD139432,16-01-2023,BR107,Germany,Munich,CUST2452,PROD804,Mobile,Samsung Galaxy S23,Lenovo,1,200.85,0.22,0.18,184.86,UPI,In-Store,EMP690,2,1,Express,9,USD
ORD139433,06-07-2024,BR43,USA,Los Angeles,CUST7637,PROD263,Mobile,OnePlus 11,Lenovo,4,580.54,0.01,0.18,2712.75,UPI,In-Store,EMP671,2,0,Same Day,4,EUR
ORD139434,17-12-2023,BR7,Germany,Munich,CUST1161,PROD864,Mobile,iPhone 14,Samsung,2,1857.3,0.29,0.18,3112.09,Net Banking,In-Store,EMP311,1,1,Same Day,7,USD
ORD139435,23-12-2024,BR82,UAE,Abu Dhabi,CUST1233,PROD451,Mobile,OnePlus 11,Apple,1,158.52,0.13,0.18,162.74,Credit Card,In-Store,EMP830,1,1,Same Day,8,INR
ORD139436,12-02-2024,BR71,UK,Birmingham,CUST7591,PROD558,TV,LG OLED 48,Lenovo,4,989.96,0.07,0.18,4345.53,UPI,In-Store,EMP741,0,0,Same Day,9,EUR
ORD139437,18-11-2024,BR13,Germany,Berlin,CUST5733,PROD132,Accessories,Wireless Mouse,Samsung,5,222.99,0.22,0.18,1026.2,Net Banking,In-Store,EMP361,0,0,Same Day,1,INR
ORD139438,05-09-2024,BR45,Germany,Munich,CUST7542,PROD193,Laptop,MacBook Air M2,LG,5,71.87,0.26,0.18,313.78,Cash,In-Store,EMP998,2,0,Standard,8,GBP
ORD139439,07-11-2024,BR101,UK,Manchester,CUST1523,PROD568,Accessories,Bluetooth Headphones,Samsung,3,408.79,0.11,0.18,1287.93,Net Banking,Online,EMP977,1,1,Express,3,AED
ORD139440,28-07-2023,BR73,India,Pune,CUST5630,PROD483,Mobile,iPhone 14,LG,2,620.26,0.21,0.18,1156.41,Credit Card,In-Store,EMP228,1,1,Standard,2,USD
ORD139441,04-01-2024,BR60,USA,New York,CUST7351,PROD759,TV,LG OLED 48,Sony,3,1901.59,0.27,0.18,4914.09,Net Banking,Online,EMP428,1,1,Express,1,USD
ORD139442,20-04-2024,BR50,USA,Dallas,CUST5539,PROD729,Mobile,Samsung Galaxy S23,HP,5,476.28,0.27,0.18,2051.34,UPI,In-Store,EMP233,2,1,Express,8,AED
ORD139443,29-05-2024,BR56,UAE,Dubai,CUST7941,PROD627,Accessories,Keyboard,Lenovo,5,932.59,0.26,0.18,4071.69,Credit Card,In-Store,EMP720,0,0,Express,8,INR
ORD139444,04-03-2024,BR98,India,Delhi,CUST9137,PROD564,Laptop,HP Spectre x360,LG,5,1909.75,0,0.18,11267.52,UPI,Online,EMP765,1,0,Same Day,1,GBP
ORD139445,03-12-2024,BR5,UAE,Dubai,CUST5173,PROD994,Mobile,OnePlus 11,Lenovo,4,611.5,0.18,0.18,2366.75,Credit Card,Online,EMP254,2,1,Standard,6,AED
ORD139446,11-11-2023,BR112,India,Mumbai,CUST7637,PROD178,Mobile,OnePlus 11,HP,4,1227.08,0.16,0.18,4865.13,Net Banking,Online,EMP889,1,1,Express,5,USD
ORD139447,22-10-2024,BR115,UAE,Abu Dhabi,CUST6130,PROD314,Mobile,OnePlus 11,Lenovo,1,1334.35,0.28,0.18,1133.66,Cash,In-Store,EMP578,1,1,Express,7,USD
ORD139448,20-07-2024,BR99,USA,Dallas,CUST1830,PROD374,Accessories,Keyboard,LG,1,1921.5,0.2,0.18,1813.9,UPI,Online,EMP919,1,0,Express,7,AED
ORD139449,15-11-2023,BR51,UAE,Dubai,CUST1729,PROD679,Mobile,OnePlus 11,Apple,2,1463.41,0.14,0.18,2970.14,Net Banking,Online,EMP976,2,0,Same Day,6,AED
ORD139450,02-08-2023,BR110,USA,New York,CUST5285,PROD970,Tablet,Lenovo Tab P11,Dell,5,1192.96,0.24,0.18,5349.23,Debit Card,Online,EMP579,0,0,Same Day,1,AED
ORD139451,01-01-2024,BR7,UAE,Dubai,CUST9068,PROD428,Laptop,Dell XPS 13,OnePlus,3,1736.17,0.29,0.18,4363.69,UPI,In-Store,EMP843,0,0,Same Day,2,EUR
ORD139452,18-11-2023,BR5,India,Pune,CUST4967,PROD257,Accessories,Wireless Mouse,HP,1,1493.42,0.11,0.18,1568.39,Debit Card,Online,EMP365,1,0,Express,2,GBP
ORD139453,08-06-2023,BR69,UK,Birmingham,CUST8357,PROD929,Laptop,HP Spectre x360,HP,4,938.36,0.25,0.18,3321.79,Net Banking,Online,EMP896,3,0,Same Day,9,EUR
ORD139454,30-07-2024,BR94,UAE,Abu Dhabi,CUST6330,PROD788,Laptop,HP Spectre x360,HP,1,129.4,0.15,0.18,129.79,Credit Card,In-Store,EMP749,2,0,Express,9,USD
ORD139455,11-03-2023,BR17,Germany,Berlin,CUST7316,PROD498,Laptop,Dell XPS 13,Apple,3,1056.22,0.19,0.18,3028.61,Debit Card,In-Store,EMP276,1,1,Express,7,GBP
ORD139456,13-03-2023,BR16,Germany,Berlin,CUST2839,PROD810,TV,Samsung QLED 50,OnePlus,1,76.96,0.02,0.18,89,Cash,In-Store,EMP965,3,0,Express,7,GBP
ORD139457,21-01-2024,BR61,Germany,Hamburg,CUST2645,PROD148,Tablet,iPad Air,Samsung,1,1372.6,0.17,0.18,1344.32,Credit Card,In-Store,EMP392,1,1,Standard,8,AED
ORD139458,01-06-2024,BR6,USA,New York,CUST6689,PROD988,Mobile,Samsung Galaxy S23,Lenovo,2,437.86,0.03,0.18,1002.35,UPI,In-Store,EMP619,1,1,Standard,4,AED
ORD139459,26-10-2024,BR55,UAE,Abu Dhabi,CUST6493,PROD334,Tablet,iPad Air,Lenovo,5,1609.79,0.28,0.18,6838.39,Cash,Online,EMP841,2,0,Standard,5,EUR
ORD139460,26-10-2023,BR65,India,Mumbai,CUST7636,PROD192,TV,Samsung QLED 50,Samsung,4,169.54,0.14,0.18,688.2,Credit Card,In-Store,EMP668,3,0,Standard,2,EUR
ORD139461,26-12-2024,BR51,India,Bangalore,CUST6665,PROD826,Tablet,Samsung Galaxy Tab,Dell,2,1995.97,0.01,0.18,4663.38,Cash,Online,EMP233,3,1,Express,8,INR
ORD139462,02-01-2023,BR87,USA,Los Angeles,CUST2533,PROD133,Accessories,Bluetooth Headphones,HP,2,554.52,0.12,0.18,1151.63,UPI,In-Store,EMP873,0,0,Same Day,5,EUR
ORD139463,14-01-2023,BR103,Germany,Hamburg,CUST9650,PROD520,Accessories,Wireless Mouse,OnePlus,5,1969.63,0.14,0.18,9993.9,Credit Card,In-Store,EMP275,3,1,Standard,3,USD
ORD139464,14-05-2023,BR28,India,Bangalore,CUST2430,PROD784,Tablet,iPad Air,LG,1,1650.24,0.2,0.18,1557.83,Net Banking,Online,EMP928,1,0,Standard,4,GBP
ORD139465,13-01-2024,BR47,UK,London,CUST3282,PROD902,TV,LG OLED 48,LG,5,1808.71,0.29,0.18,7576.69,Cash,Online,EMP201,0,1,Standard,7,INR
ORD139466,11-04-2024,BR68,UK,Birmingham,CUST7965,PROD169,TV,LG OLED 48,LG,2,1055.04,0.28,0.18,1792.72,Cash,In-Store,EMP822,3,0,Same Day,2,INR
ORD139467,21-10-2024,BR6,UAE,Dubai,CUST7342,PROD442,Mobile,iPhone 14,Apple,2,51.91,0.18,0.18,100.46,Debit Card,Online,EMP385,3,0,Standard,3,GBP
ORD139468,27-09-2023,BR115,India,Pune,CUST6642,PROD249,Mobile,Samsung Galaxy S23,OnePlus,2,1559.71,0.16,0.18,3091.97,UPI,Online,EMP262,2,1,Same Day,2,EUR
ORD139469,05-09-2023,BR61,UK,Birmingham,CUST5781,PROD191,TV,Samsung QLED 50,Lenovo,3,868.96,0.04,0.18,2953.07,Cash,Online,EMP924,0,0,Express,3,GBP
ORD139470,24-02-2024,BR101,Germany,Berlin,CUST3309,PROD667,TV,LG OLED 48,LG,1,1519.58,0.26,0.18,1326.9,Net Banking,In-Store,EMP425,2,1,Same Day,2,INR
ORD139471,13-03-2023,BR57,UAE,Abu Dhabi,CUST9118,PROD439,Laptop,Dell XPS 13,HP,1,913.15,0.18,0.18,883.56,Cash,In-Store,EMP643,1,0,Standard,4,AED
ORD139472,16-07-2023,BR52,UAE,Abu Dhabi,CUST4984,PROD716,TV,Samsung QLED 50,Samsung,4,1181.31,0.05,0.18,5296.99,Cash,Online,EMP958,3,1,Same Day,3,EUR
ORD139473,09-03-2024,BR23,India,Bangalore,CUST3480,PROD743,Accessories,Bluetooth Headphones,Sony,1,508.51,0.15,0.18,510.04,Cash,In-Store,EMP807,0,0,Standard,9,EUR
ORD139474,20-08-2023,BR31,India,Pune,CUST4303,PROD984,Laptop,HP Spectre x360,Dell,2,1065.32,0.03,0.18,2438.73,Debit Card,In-Store,EMP308,2,1,Standard,4,AED
ORD139475,12-09-2024,BR55,UK,London,CUST3221,PROD978,Accessories,Bluetooth Headphones,Apple,2,894.47,0.14,0.18,1815.42,Debit Card,In-Store,EMP985,1,1,Express,8,GBP
ORD139476,25-10-2023,BR10,India,Mumbai,CUST1631,PROD824,Accessories,Keyboard,OnePlus,3,630.41,0.08,0.18,2053.12,Cash,Online,EMP836,3,1,Standard,4,AED
ORD139477,09-12-2023,BR17,Germany,Berlin,CUST1678,PROD131,Tablet,Lenovo Tab P11,Lenovo,2,1508.97,0.23,0.18,2742.1,Net Banking,In-Store,EMP776,3,0,Express,9,GBP
ORD139478,23-11-2024,BR76,India,Bangalore,CUST9466,PROD454,Mobile,Samsung Galaxy S23,HP,5,1705.15,0.13,0.18,8752.53,Net Banking,In-Store,EMP388,1,0,Express,1,INR
ORD139479,10-08-2023,BR113,Germany,Berlin,CUST8428,PROD371,Mobile,OnePlus 11,Sony,2,1957.34,0.14,0.18,3972.62,UPI,Online,EMP632,1,0,Standard,6,USD
ORD139480,10-09-2024,BR103,India,Pune,CUST1536,PROD929,Accessories,Keyboard,Sony,4,590.46,0.15,0.18,2368.93,Cash,In-Store,EMP771,1,0,Same Day,7,INR
ORD139481,07-04-2024,BR114,India,Delhi,CUST5743,PROD844,Laptop,MacBook Air M2,HP,2,881.63,0.01,0.18,2059.84,Credit Card,In-Store,EMP848,0,0,Express,4,USD
ORD139482,23-05-2024,BR20,USA,Dallas,CUST6258,PROD248,Laptop,Dell XPS 13,Sony,1,339.47,0.27,0.18,292.42,Credit Card,In-Store,EMP759,0,1,Express,5,AED
ORD139483,02-01-2023,BR71,UK,London,CUST2612,PROD816,Tablet,Lenovo Tab P11,Apple,2,1379.79,0.18,0.18,2670.17,Cash,In-Store,EMP601,0,1,Express,5,GBP
ORD139484,08-01-2024,BR88,Germany,Berlin,CUST8595,PROD346,Tablet,iPad Air,HP,2,1203.14,0.18,0.18,2328.32,UPI,Online,EMP242,1,1,Same Day,9,INR
ORD139485,13-01-2023,BR53,UK,London,CUST5173,PROD562,Laptop,Dell XPS 13,Samsung,2,1206.79,0.2,0.18,2278.42,Net Banking,Online,EMP478,3,0,Express,7,EUR
ORD139486,19-03-2023,BR93,USA,Chicago,CUST2956,PROD409,Tablet,iPad Air,Lenovo,4,947.64,0.05,0.18,4249.22,Credit Card,Online,EMP319,0,0,Standard,2,EUR
ORD139487,01-03-2023,BR118,UK,Birmingham,CUST7041,PROD115,Tablet,Lenovo Tab P11,OnePlus,3,667.51,0.14,0.18,2032.17,Cash,Online,EMP763,0,1,Same Day,4,EUR
ORD139488,14-07-2023,BR12,UK,Manchester,CUST4992,PROD658,Mobile,Samsung Galaxy S23,OnePlus,5,1067.91,0.28,0.18,4536.48,Credit Card,Online,EMP703,0,1,Same Day,9,INR
ORD139489,16-07-2023,BR114,UAE,Abu Dhabi,CUST2673,PROD998,Laptop,Dell XPS 13,Apple,4,1574.41,0.15,0.18,6316.53,Credit Card,Online,EMP233,0,1,Same Day,9,GBP
ORD139490,03-05-2024,BR72,UK,Birmingham,CUST3021,PROD114,Tablet,Lenovo Tab P11,Dell,3,652.75,0.28,0.18,1663.73,Net Banking,In-Store,EMP945,3,1,Standard,10,INR
ORD139491,29-12-2024,BR72,USA,Chicago,CUST4591,PROD895,Accessories,Bluetooth Headphones,Apple,3,1462,0.07,0.18,4813.2,Cash,Online,EMP654,2,1,Standard,3,GBP
ORD139492,23-01-2024,BR115,USA,Chicago,CUST9416,PROD269,Laptop,Dell XPS 13,HP,4,263.99,0.2,0.18,996.83,UPI,Online,EMP255,1,0,Same Day,8,EUR
ORD139493,15-07-2023,BR16,India,Bangalore,CUST5595,PROD872,Laptop,MacBook Air M2,LG,3,554.83,0.22,0.18,1532,Credit Card,In-Store,EMP507,2,0,Same Day,3,INR
ORD139494,13-12-2023,BR77,Germany,Munich,CUST7012,PROD596,Tablet,iPad Air,Dell,4,1838.18,0.01,0.18,8589.45,Cash,In-Store,EMP606,2,0,Same Day,2,USD
ORD139495,22-01-2023,BR33,UAE,Abu Dhabi,CUST1156,PROD116,Laptop,MacBook Air M2,Apple,3,748.12,0.26,0.18,1959.78,Debit Card,Online,EMP791,0,0,Standard,6,AED
ORD139496,15-05-2023,BR82,Germany,Munich,CUST8485,PROD485,Mobile,OnePlus 11,OnePlus,3,1898.12,0.03,0.18,6517.76,Credit Card,Online,EMP689,1,0,Same Day,9,GBP
ORD139497,01-02-2023,BR22,UAE,Dubai,CUST1071,PROD143,Laptop,MacBook Air M2,Apple,1,92.12,0.11,0.18,96.74,Net Banking,In-Store,EMP561,2,1,Express,9,EUR
ORD139498,02-10-2023,BR17,UAE,Abu Dhabi,CUST6293,PROD159,Tablet,iPad Air,Apple,2,262.73,0.06,0.18,582.84,Cash,In-Store,EMP576,1,0,Express,3,EUR
ORD139499,09-08-2023,BR14,India,Delhi,CUST2418,PROD437,Accessories,Bluetooth Headphones,Sony,1,1908.72,0.17,0.18,1869.4,UPI,In-Store,EMP426,2,0,Same Day,2,GBP
ORD139500,09-08-2024,BR8,UK,London,CUST4501,PROD551,Laptop,HP Spectre x360,Samsung,3,1890.13,0.04,0.18,6423.42,Debit Card,Online,EMP841,0,0,Standard,7,GBP
ORD139501,20-01-2024,BR92,Germany,Hamburg,CUST2620,PROD285,Tablet,iPad Air,Apple,2,1766.64,0.15,0.18,3543.88,UPI,In-Store,EMP898,1,0,Same Day,5,EUR
ORD139502,16-07-2024,BR99,India,Mumbai,CUST4310,PROD353,Tablet,Samsung Galaxy Tab,Apple,2,1916.52,0.1,0.18,4070.69,Net Banking,Online,EMP330,1,0,Standard,6,USD
ORD139503,11-05-2024,BR28,India,Pune,CUST8474,PROD739,TV,Sony Bravia 55,Lenovo,1,135.4,0.1,0.18,143.79,Credit Card,Online,EMP396,2,0,Same Day,4,USD
ORD139504,15-03-2024,BR58,Germany,Berlin,CUST4319,PROD784,Mobile,OnePlus 11,OnePlus,3,876.87,0.22,0.18,2421.21,Net Banking,Online,EMP611,2,1,Same Day,8,INR
ORD139505,22-12-2023,BR61,USA,New York,CUST6619,PROD879,Accessories,Bluetooth Headphones,LG,1,1856.35,0.11,0.18,1949.54,Cash,Online,EMP529,3,0,Standard,2,EUR
ORD139506,02-07-2024,BR51,UK,London,CUST6674,PROD509,Tablet,iPad Air,HP,1,630.49,0.06,0.18,699.34,UPI,In-Store,EMP471,0,1,Express,6,INR
ORD139507,04-11-2023,BR77,USA,Dallas,CUST7027,PROD412,Tablet,iPad Air,Apple,4,818.98,0.29,0.18,2744.57,Debit Card,In-Store,EMP590,0,0,Express,4,EUR
ORD139508,11-02-2023,BR50,India,Mumbai,CUST8086,PROD463,TV,Samsung QLED 50,Apple,3,1253.1,0.1,0.18,3992.38,Debit Card,In-Store,EMP568,1,0,Express,9,AED
ORD139509,15-08-2024,BR75,UK,London,CUST6435,PROD246,Mobile,Samsung Galaxy S23,LG,1,1463.94,0.06,0.18,1623.8,Net Banking,In-Store,EMP289,3,0,Standard,4,INR
ORD139510,03-04-2024,BR28,UK,London,CUST8132,PROD963,Tablet,Samsung Galaxy Tab,Sony,1,1837.97,0.19,0.18,1756.73,UPI,In-Store,EMP702,2,1,Standard,9,EUR
ORD139511,12-10-2023,BR11,Germany,Berlin,CUST7012,PROD183,TV,Sony Bravia 55,OnePlus,1,1680.66,0.15,0.18,1685.7,Cash,Online,EMP618,2,1,Express,1,INR
ORD139512,25-07-2023,BR65,India,Delhi,CUST2237,PROD703,TV,Samsung QLED 50,LG,5,419.21,0.19,0.18,2003.4,UPI,Online,EMP203,1,1,Same Day,3,AED
ORD139513,04-10-2024,BR119,UAE,Dubai,CUST9346,PROD208,Tablet,Samsung Galaxy Tab,Lenovo,3,438.51,0.19,0.18,1257.38,UPI,Online,EMP387,3,0,Express,3,EUR
ORD139514,28-10-2024,BR90,Germany,Hamburg,CUST8165,PROD360,Accessories,Wireless Mouse,HP,5,1441.87,0.03,0.18,8251.82,Net Banking,Online,EMP339,3,1,Express,3,EUR
ORD139515,15-10-2024,BR72,UK,London,CUST5154,PROD902,Laptop,Dell XPS 13,HP,4,466.09,0.1,0.18,1979.95,UPI,In-Store,EMP891,0,1,Express,4,INR
ORD139516,23-11-2024,BR49,UK,London,CUST9390,PROD260,Laptop,MacBook Air M2,Sony,3,1994.67,0.27,0.18,5154.63,Credit Card,In-Store,EMP680,3,0,Standard,7,AED
ORD139517,15-01-2024,BR13,USA,Dallas,CUST3821,PROD257,TV,LG OLED 48,Apple,4,309.25,0.12,0.18,1284.5,UPI,Online,EMP316,3,1,Express,10,GBP
ORD139518,02-04-2023,BR120,UK,Manchester,CUST8240,PROD472,TV,Samsung QLED 50,HP,4,1465.12,0.03,0.18,6707.91,UPI,Online,EMP458,0,1,Standard,1,AED
ORD139519,18-07-2023,BR28,India,Delhi,CUST5318,PROD550,Mobile,iPhone 14,Apple,3,1998.83,0.17,0.18,5872.96,Cash,In-Store,EMP275,2,0,Express,9,AED
ORD139520,08-08-2023,BR119,UAE,Dubai,CUST7970,PROD871,Accessories,Wireless Mouse,Dell,2,831.39,0.28,0.18,1412.7,UPI,In-Store,EMP677,2,0,Same Day,8,EUR
ORD139521,30-09-2023,BR119,UK,Birmingham,CUST8905,PROD200,Laptop,MacBook Air M2,LG,2,1929.68,0.17,0.18,3779.86,Cash,Online,EMP968,0,0,Same Day,3,INR
ORD139522,08-05-2023,BR34,UAE,Abu Dhabi,CUST3709,PROD954,Tablet,Samsung Galaxy Tab,Apple,3,1450.12,0.15,0.18,4363.41,Net Banking,In-Store,EMP365,3,0,Express,5,EUR
ORD139523,23-05-2023,BR56,USA,Chicago,CUST8832,PROD166,Mobile,Samsung Galaxy S23,Samsung,4,1157.88,0.06,0.18,5137.28,Net Banking,Online,EMP949,2,0,Standard,6,USD
ORD139524,01-12-2024,BR42,UAE,Dubai,CUST5985,PROD377,Tablet,Lenovo Tab P11,HP,4,893.01,0.03,0.18,4088.56,Debit Card,In-Store,EMP412,2,0,Express,10,INR
ORD139525,25-03-2024,BR69,UK,London,CUST7693,PROD975,Laptop,MacBook Air M2,Samsung,4,980.15,0.14,0.18,3978.62,Net Banking,In-Store,EMP865,0,0,Standard,4,EUR
ORD139526,13-08-2023,BR108,UK,London,CUST4383,PROD738,Mobile,Samsung Galaxy S23,OnePlus,1,1935.61,0.18,0.18,1872.9,UPI,In-Store,EMP492,0,1,Express,6,GBP
ORD139527,26-10-2024,BR44,India,Mumbai,CUST7991,PROD271,Laptop,HP Spectre x360,HP,5,1013.42,0.26,0.18,4424.59,Net Banking,Online,EMP941,1,1,Standard,8,AED
ORD139528,12-09-2024,BR96,India,Pune,CUST7515,PROD585,Tablet,Samsung Galaxy Tab,Dell,1,409.62,0.27,0.18,352.85,UPI,Online,EMP611,1,1,Same Day,6,EUR
ORD139529,02-05-2023,BR72,UAE,Abu Dhabi,CUST3814,PROD154,Accessories,Wireless Mouse,Sony,2,975.3,0.25,0.18,1726.28,UPI,In-Store,EMP549,3,1,Standard,3,AED
ORD139530,10-05-2023,BR7,India,Bangalore,CUST5903,PROD647,Mobile,Samsung Galaxy S23,Lenovo,4,459.87,0.05,0.18,2062.06,UPI,In-Store,EMP457,1,1,Same Day,9,USD
ORD139531,08-12-2023,BR17,USA,Chicago,CUST2078,PROD109,TV,Sony Bravia 55,HP,1,369.64,0.29,0.18,309.68,Net Banking,In-Store,EMP434,3,0,Standard,3,USD
ORD139532,04-04-2023,BR99,Germany,Berlin,CUST8335,PROD317,Laptop,Dell XPS 13,OnePlus,3,1517.76,0.1,0.18,4835.58,Debit Card,Online,EMP359,1,0,Same Day,9,USD
ORD139533,02-07-2024,BR113,UAE,Dubai,CUST6951,PROD375,Mobile,OnePlus 11,Dell,2,1249.81,0.14,0.18,2536.61,Credit Card,Online,EMP954,0,1,Same Day,10,GBP
ORD139534,16-05-2023,BR29,USA,Dallas,CUST3211,PROD155,TV,Samsung QLED 50,Lenovo,2,736.45,0.21,0.18,1373.04,Cash,Online,EMP710,1,0,Express,9,GBP
ORD139535,22-08-2023,BR96,UK,Birmingham,CUST5450,PROD211,Laptop,Dell XPS 13,Sony,1,1593.43,0.16,0.18,1579.41,Net Banking,Online,EMP496,3,0,Same Day,1,INR
ORD139536,11-06-2023,BR20,USA,Los Angeles,CUST5624,PROD595,TV,Sony Bravia 55,Sony,3,1499.49,0.17,0.18,4405.8,Credit Card,Online,EMP651,2,0,Standard,9,EUR
ORD139537,29-07-2024,BR29,UK,Manchester,CUST1707,PROD889,Mobile,Samsung Galaxy S23,Dell,3,467.09,0.02,0.18,1620.43,Credit Card,Online,EMP938,0,1,Standard,4,USD
ORD139538,04-03-2023,BR55,India,Mumbai,CUST8566,PROD798,Tablet,Lenovo Tab P11,Samsung,4,348.6,0.23,0.18,1266.95,UPI,In-Store,EMP728,2,0,Same Day,6,INR
ORD139539,27-08-2024,BR51,UAE,Dubai,CUST4098,PROD811,TV,Sony Bravia 55,Samsung,5,1581.94,0.25,0.18,7000.08,Cash,In-Store,EMP356,3,1,Standard,10,USD
ORD139540,21-04-2023,BR46,UK,London,CUST9106,PROD304,Tablet,Samsung Galaxy Tab,Lenovo,5,513.86,0.21,0.18,2395.1,Cash,Online,EMP375,0,0,Same Day,9,AED
ORD139541,28-02-2023,BR34,UK,London,CUST7854,PROD288,Tablet,iPad Air,Samsung,1,1958.82,0.07,0.18,2149.61,UPI,In-Store,EMP776,0,0,Standard,9,AED
ORD139542,14-01-2024,BR85,India,Pune,CUST5845,PROD248,Mobile,iPhone 14,Lenovo,2,742.9,0.07,0.18,1630.52,Debit Card,Online,EMP283,3,0,Same Day,3,AED
ORD139543,25-03-2024,BR14,India,Mumbai,CUST7476,PROD531,Tablet,Lenovo Tab P11,Dell,2,264.21,0.19,0.18,505.06,Debit Card,Online,EMP572,1,1,Standard,10,GBP
ORD139544,29-08-2024,BR88,UAE,Dubai,CUST4420,PROD642,Accessories,Keyboard,Lenovo,5,1876.85,0.15,0.18,9412.4,Credit Card,Online,EMP713,2,0,Express,8,INR
ORD139545,20-04-2023,BR35,Germany,Munich,CUST2837,PROD866,Laptop,Dell XPS 13,Dell,3,378.81,0.08,0.18,1233.71,Debit Card,Online,EMP758,0,1,Standard,7,EUR
ORD139546,11-06-2023,BR101,UAE,Abu Dhabi,CUST3155,PROD488,Mobile,iPhone 14,Apple,1,174.4,0.09,0.18,187.27,Cash,In-Store,EMP955,1,1,Same Day,8,AED
ORD139547,16-01-2023,BR46,UK,Birmingham,CUST1311,PROD502,Tablet,Lenovo Tab P11,Lenovo,5,735.04,0,0.18,4336.74,Net Banking,Online,EMP761,3,0,Express,6,EUR
ORD139548,03-05-2023,BR89,India,Delhi,CUST1693,PROD583,Accessories,Wireless Mouse,OnePlus,1,1728.07,0.1,0.18,1835.21,Cash,In-Store,EMP416,1,0,Express,4,USD
ORD139549,09-11-2024,BR88,UAE,Dubai,CUST4272,PROD455,TV,Samsung QLED 50,Apple,1,1632.85,0.08,0.18,1772.62,UPI,Online,EMP915,1,0,Express,1,INR
ORD139550,23-09-2023,BR12,UAE,Dubai,CUST3455,PROD573,Tablet,Samsung Galaxy Tab,Lenovo,4,687.85,0.08,0.18,2986.92,Net Banking,Online,EMP442,2,1,Same Day,8,INR
ORD139551,11-12-2023,BR72,India,Delhi,CUST3184,PROD128,TV,Samsung QLED 50,Apple,5,1440.49,0.01,0.18,8413.9,Cash,Online,EMP616,2,0,Same Day,7,USD
ORD139552,29-01-2023,BR36,USA,Los Angeles,CUST5228,PROD629,Accessories,Keyboard,Sony,5,666.7,0.29,0.18,2792.81,Cash,In-Store,EMP855,1,1,Express,4,INR
ORD139553,04-08-2024,BR120,India,Mumbai,CUST7042,PROD927,Tablet,iPad Air,HP,5,160.6,0.21,0.18,748.56,Cash,In-Store,EMP388,2,0,Same Day,6,GBP
ORD139554,12-02-2024,BR48,India,Delhi,CUST5361,PROD884,Tablet,iPad Air,Dell,3,1809.06,0.08,0.18,5891.75,Credit Card,In-Store,EMP620,0,0,Express,9,INR
ORD139555,08-04-2023,BR69,USA,New York,CUST3755,PROD564,Tablet,iPad Air,Lenovo,4,217.65,0.14,0.18,883.48,Debit Card,Online,EMP674,0,1,Express,9,AED
ORD139556,01-01-2024,BR7,India,Pune,CUST5415,PROD546,Mobile,iPhone 14,Lenovo,3,887.86,0.22,0.18,2451.56,UPI,In-Store,EMP485,3,0,Standard,9,GBP
ORD139557,29-01-2024,BR113,UAE,Dubai,CUST9091,PROD697,Tablet,Samsung Galaxy Tab,Apple,3,1958.71,0.13,0.18,6032.44,Debit Card,In-Store,EMP639,3,1,Standard,8,GBP
ORD139558,13-09-2024,BR46,India,Mumbai,CUST1552,PROD302,TV,Samsung QLED 50,HP,2,573.58,0.09,0.18,1231.82,Cash,Online,EMP627,2,0,Express,8,USD
ORD139559,16-07-2023,BR98,UK,Birmingham,CUST9076,PROD394,Accessories,Keyboard,OnePlus,2,336,0.09,0.18,721.59,Cash,Online,EMP807,0,1,Standard,9,INR
ORD139560,23-09-2024,BR64,UAE,Dubai,CUST1063,PROD924,Tablet,Lenovo Tab P11,Apple,2,904,0.05,0.18,2026.77,Cash,In-Store,EMP428,0,0,Standard,2,INR
ORD139561,27-08-2024,BR68,USA,Dallas,CUST5289,PROD372,Laptop,MacBook Air M2,Apple,5,1200.1,0.29,0.18,5027.22,UPI,Online,EMP684,0,0,Standard,6,GBP
ORD139562,13-11-2024,BR29,UAE,Abu Dhabi,CUST5449,PROD958,Accessories,Bluetooth Headphones,HP,5,241.27,0.25,0.18,1067.62,UPI,Online,EMP318,3,1,Same Day,9,INR
ORD139563,08-08-2023,BR30,USA,Los Angeles,CUST7811,PROD162,Mobile,OnePlus 11,Sony,1,1318.96,0.25,0.18,1167.28,Cash,In-Store,EMP821,0,0,Standard,10,GBP
ORD139564,07-05-2024,BR34,UK,Birmingham,CUST9859,PROD471,Laptop,Dell XPS 13,HP,5,1993.41,0.14,0.18,10114.56,Debit Card,In-Store,EMP929,0,0,Standard,10,GBP
ORD139565,20-02-2023,BR96,Germany,Berlin,CUST7174,PROD455,Mobile,iPhone 14,Lenovo,3,1789.37,0.26,0.18,4687.43,UPI,Online,EMP939,3,1,Same Day,5,EUR
ORD139566,09-02-2024,BR37,UK,Birmingham,CUST6263,PROD730,TV,LG OLED 48,Apple,2,508.2,0.22,0.18,935.49,Cash,Online,EMP964,0,1,Same Day,1,AED
ORD139567,03-02-2024,BR47,Germany,Munich,CUST5858,PROD743,Mobile,iPhone 14,Lenovo,3,293.68,0.04,0.18,998.04,Net Banking,In-Store,EMP243,1,0,Express,1,AED
ORD139568,29-09-2023,BR7,Germany,Hamburg,CUST6072,PROD276,Mobile,Samsung Galaxy S23,LG,4,928.99,0.07,0.18,4077.89,Cash,Online,EMP496,1,0,Standard,4,USD
ORD139569,14-06-2023,BR30,USA,New York,CUST4601,PROD509,Tablet,Lenovo Tab P11,LG,5,401.31,0.06,0.18,2225.67,Cash,In-Store,EMP434,3,0,Express,2,GBP
ORD139570,25-11-2024,BR99,UK,Birmingham,CUST7377,PROD711,Mobile,iPhone 14,Apple,3,235.35,0.09,0.18,758.16,Credit Card,Online,EMP691,1,0,Express,8,INR
ORD139571,09-08-2023,BR101,UK,Manchester,CUST2751,PROD485,Mobile,OnePlus 11,HP,4,191.92,0.26,0.18,670.34,Debit Card,In-Store,EMP207,1,1,Same Day,1,AED
ORD139572,03-01-2023,BR40,USA,Chicago,CUST8782,PROD134,Accessories,Bluetooth Headphones,Lenovo,2,1831.12,0.3,0.18,3025.01,Credit Card,Online,EMP350,1,0,Standard,9,GBP
ORD139573,18-10-2024,BR85,India,Bangalore,CUST8672,PROD485,Accessories,Keyboard,OnePlus,4,562.83,0.1,0.18,2390.9,Cash,Online,EMP984,0,1,Standard,10,EUR
ORD139574,24-03-2023,BR91,UAE,Dubai,CUST6370,PROD580,TV,LG OLED 48,Apple,4,1003.99,0.26,0.18,3506.74,UPI,In-Store,EMP403,1,1,Standard,9,AED
ORD139575,03-01-2023,BR81,Germany,Munich,CUST4885,PROD117,Accessories,Bluetooth Headphones,Samsung,3,1198.15,0.12,0.18,3732.48,UPI,In-Store,EMP643,2,0,Standard,9,GBP
ORD139576,12-03-2023,BR94,UK,Birmingham,CUST6613,PROD592,Tablet,iPad Air,Sony,1,1395.38,0.08,0.18,1514.82,Credit Card,In-Store,EMP994,1,0,Express,8,USD
ORD139577,06-05-2023,BR34,UK,London,CUST7781,PROD483,Laptop,Dell XPS 13,HP,2,148.13,0.25,0.18,262.19,Debit Card,In-Store,EMP413,0,0,Express,3,AED
ORD139578,12-11-2024,BR63,India,Delhi,CUST1802,PROD702,Laptop,HP Spectre x360,Samsung,4,777.93,0.27,0.18,2680.44,Net Banking,Online,EMP648,1,1,Standard,1,AED
ORD139579,02-04-2023,BR101,UK,London,CUST5907,PROD661,Accessories,Keyboard,Sony,4,1939.15,0.02,0.18,8969.73,Debit Card,In-Store,EMP504,0,0,Same Day,1,AED
ORD139580,09-02-2023,BR58,USA,Los Angeles,CUST4043,PROD365,TV,LG OLED 48,Samsung,4,1940.33,0.1,0.18,8242.52,Debit Card,Online,EMP870,1,0,Standard,6,AED
ORD139581,28-01-2023,BR84,UK,Birmingham,CUST6428,PROD111,Laptop,MacBook Air M2,OnePlus,1,360.46,0.23,0.18,327.51,Credit Card,In-Store,EMP349,0,1,Same Day,2,AED
ORD139582,10-08-2023,BR19,India,Bangalore,CUST7523,PROD124,Mobile,OnePlus 11,Dell,5,1627.78,0.21,0.18,7587.08,Net Banking,In-Store,EMP585,2,1,Express,5,EUR
ORD139583,22-09-2023,BR105,UAE,Dubai,CUST5527,PROD183,Accessories,Bluetooth Headphones,Apple,5,142.77,0.19,0.18,682.3,Net Banking,Online,EMP842,0,1,Standard,9,INR
ORD139584,04-03-2023,BR92,Germany,Berlin,CUST6207,PROD656,TV,LG OLED 48,Apple,1,264.12,0.17,0.18,258.68,UPI,In-Store,EMP218,0,1,Standard,4,AED
ORD139585,13-01-2023,BR69,India,Delhi,CUST7090,PROD282,Mobile,Samsung Galaxy S23,OnePlus,3,64.43,0.04,0.18,218.96,Net Banking,In-Store,EMP581,0,0,Same Day,6,AED
ORD139586,09-10-2023,BR52,UAE,Abu Dhabi,CUST6807,PROD528,Tablet,iPad Air,OnePlus,4,1102.82,0.28,0.18,3747.82,UPI,Online,EMP241,1,0,Standard,7,GBP
ORD139587,24-06-2023,BR48,Germany,Hamburg,CUST8400,PROD537,Accessories,Wireless Mouse,LG,3,1505.01,0.26,0.18,3942.52,Cash,Online,EMP524,0,0,Express,5,EUR
ORD139588,02-04-2024,BR15,UAE,Abu Dhabi,CUST1228,PROD936,Accessories,Bluetooth Headphones,Sony,4,1541.36,0.07,0.18,6765.95,Net Banking,In-Store,EMP679,3,1,Express,7,INR
ORD139589,13-04-2023,BR54,India,Mumbai,CUST3081,PROD417,Mobile,iPhone 14,Lenovo,3,1673.97,0.29,0.18,4207.36,Credit Card,Online,EMP788,2,1,Standard,5,USD
ORD139590,09-12-2023,BR116,UK,Birmingham,CUST9542,PROD317,TV,LG OLED 48,LG,4,1303.35,0.17,0.18,5106,Credit Card,Online,EMP726,2,1,Same Day,5,USD
ORD139591,21-01-2023,BR32,UAE,Abu Dhabi,CUST6060,PROD590,TV,Samsung QLED 50,LG,5,1666.21,0.29,0.18,6979.75,Debit Card,In-Store,EMP546,3,0,Standard,10,EUR
ORD139592,31-08-2023,BR56,UAE,Abu Dhabi,CUST4023,PROD582,TV,Samsung QLED 50,Apple,5,1374.97,0.02,0.18,7950.08,Cash,In-Store,EMP985,3,0,Standard,9,INR
ORD139593,09-11-2024,BR34,India,Mumbai,CUST7644,PROD610,TV,Sony Bravia 55,HP,5,1505.36,0.28,0.18,6394.77,Debit Card,In-Store,EMP587,0,1,Standard,3,INR
ORD139594,18-01-2024,BR114,UK,Manchester,CUST2253,PROD500,Laptop,HP Spectre x360,Apple,2,420.93,0.27,0.18,725.18,Debit Card,Online,EMP921,1,0,Standard,8,INR
ORD139595,29-02-2024,BR63,USA,Los Angeles,CUST5188,PROD436,Mobile,iPhone 14,Dell,4,1393.25,0.05,0.18,6247.33,Net Banking,Online,EMP500,1,0,Express,4,AED
ORD139596,06-04-2023,BR12,Germany,Berlin,CUST1982,PROD241,Mobile,Samsung Galaxy S23,Dell,3,107.88,0.15,0.18,324.61,Debit Card,In-Store,EMP685,2,0,Same Day,7,GBP
ORD139597,22-08-2023,BR114,USA,Dallas,CUST2409,PROD674,Accessories,Wireless Mouse,LG,2,584.42,0.09,0.18,1255.1,Credit Card,In-Store,EMP391,0,0,Same Day,10,EUR
ORD139598,18-06-2024,BR79,India,Pune,CUST3352,PROD276,Laptop,HP Spectre x360,Sony,5,1428.37,0.06,0.18,7921.74,Debit Card,In-Store,EMP623,0,0,Same Day,6,GBP
ORD139599,25-05-2024,BR46,UK,London,CUST7080,PROD238,Mobile,Samsung Galaxy S23,Apple,3,1472.33,0.12,0.18,4586.6,Debit Card,Online,EMP373,1,1,Express,5,INR
ORD139600,11-06-2023,BR90,UK,London,CUST8863,PROD350,Mobile,iPhone 14,HP,1,1310.89,0.28,0.18,1113.73,Cash,In-Store,EMP776,0,0,Same Day,8,USD
ORD139601,08-11-2023,BR40,Germany,Berlin,CUST9883,PROD278,Laptop,Dell XPS 13,Dell,4,417.22,0.19,0.18,1595.12,Debit Card,Online,EMP763,0,0,Standard,2,INR
ORD139602,22-06-2024,BR101,UAE,Abu Dhabi,CUST9865,PROD901,Laptop,MacBook Air M2,HP,2,740.62,0.01,0.18,1730.38,UPI,Online,EMP675,2,1,Standard,8,USD
ORD139603,01-11-2023,BR74,UAE,Dubai,CUST9002,PROD458,Tablet,Samsung Galaxy Tab,Samsung,2,206.99,0.02,0.18,478.73,Net Banking,In-Store,EMP545,0,0,Standard,8,EUR
ORD139604,08-04-2024,BR83,USA,Los Angeles,CUST1308,PROD194,Laptop,MacBook Air M2,Sony,4,576.57,0.11,0.18,2422.06,Cash,In-Store,EMP878,2,1,Standard,9,AED
ORD139605,01-11-2023,BR99,Germany,Hamburg,CUST7484,PROD672,Laptop,Dell XPS 13,Apple,2,1037.39,0.07,0.18,2276.86,Credit Card,In-Store,EMP918,3,1,Same Day,5,INR
ORD139606,25-12-2023,BR38,Germany,Munich,CUST6489,PROD493,TV,Samsung QLED 50,Dell,2,1944.61,0.08,0.18,4222.14,Cash,Online,EMP539,1,0,Same Day,7,AED
ORD139607,16-06-2024,BR71,India,Pune,CUST6415,PROD497,Accessories,Wireless Mouse,LG,3,1640.69,0.05,0.18,5517.64,Credit Card,Online,EMP362,2,1,Same Day,1,EUR
ORD139608,12-11-2023,BR14,UK,Birmingham,CUST5980,PROD515,Laptop,Dell XPS 13,Sony,5,931.89,0.06,0.18,5168.26,Debit Card,Online,EMP642,1,1,Express,2,AED
ORD139609,02-03-2023,BR69,UK,Manchester,CUST4863,PROD427,Mobile,iPhone 14,Samsung,3,1037.25,0.06,0.18,3451.55,Net Banking,In-Store,EMP576,1,0,Same Day,6,GBP
ORD139610,13-03-2023,BR1,USA,Dallas,CUST9425,PROD502,Accessories,Keyboard,OnePlus,4,289.3,0.14,0.18,1174.33,Cash,In-Store,EMP481,1,1,Standard,10,AED
ORD139611,22-07-2024,BR10,Germany,Berlin,CUST6972,PROD574,Tablet,Samsung Galaxy Tab,Dell,4,539.3,0.17,0.18,2112.76,Credit Card,Online,EMP294,2,0,Same Day,6,USD
ORD139612,10-02-2024,BR14,Germany,Munich,CUST6590,PROD607,TV,Samsung QLED 50,Sony,3,1978.94,0.12,0.18,6164.79,UPI,Online,EMP925,3,1,Standard,3,GBP
ORD139613,13-01-2024,BR91,UAE,Abu Dhabi,CUST5848,PROD845,TV,Sony Bravia 55,HP,5,1684.04,0.15,0.18,8445.46,UPI,In-Store,EMP377,3,0,Express,5,USD
ORD139614,01-05-2023,BR62,UAE,Dubai,CUST3253,PROD219,Tablet,Samsung Galaxy Tab,Dell,5,1611.44,0.17,0.18,7891.22,Net Banking,In-Store,EMP697,3,0,Standard,2,GBP
ORD139615,14-05-2024,BR17,USA,Chicago,CUST2050,PROD159,Accessories,Keyboard,LG,2,1145.5,0.09,0.18,2460.08,UPI,In-Store,EMP983,0,1,Standard,5,INR
ORD139616,23-02-2024,BR91,USA,Dallas,CUST2020,PROD162,Laptop,Dell XPS 13,LG,4,178.72,0.28,0.18,607.36,Net Banking,Online,EMP777,2,0,Express,3,USD
ORD139617,16-01-2023,BR35,USA,Chicago,CUST8408,PROD203,Laptop,Dell XPS 13,Sony,2,1338.55,0.21,0.18,2495.59,Debit Card,Online,EMP245,2,0,Express,4,EUR
ORD139618,30-01-2023,BR2,USA,Chicago,CUST1181,PROD854,Accessories,Keyboard,Lenovo,3,1534.03,0.02,0.18,5321.86,Cash,In-Store,EMP711,0,0,Same Day,8,USD
ORD139619,15-06-2023,BR65,UK,London,CUST1600,PROD843,TV,Sony Bravia 55,LG,2,1942.85,0.26,0.18,3392.99,Debit Card,Online,EMP336,2,1,Express,4,EUR
ORD139620,03-06-2023,BR68,India,Bangalore,CUST4236,PROD485,Mobile,iPhone 14,Apple,5,1146.25,0.01,0.18,6695.25,Credit Card,Online,EMP263,1,0,Standard,6,GBP
ORD139621,26-07-2023,BR95,UAE,Abu Dhabi,CUST3197,PROD451,TV,Sony Bravia 55,Samsung,2,1320.89,0.02,0.18,3054.95,Debit Card,Online,EMP315,2,1,Standard,3,EUR
ORD139622,14-09-2023,BR31,UAE,Dubai,CUST3693,PROD233,Mobile,iPhone 14,Samsung,2,1500.36,0.13,0.18,3080.54,Net Banking,Online,EMP627,3,1,Same Day,3,EUR
ORD139623,07-02-2024,BR117,UK,London,CUST9429,PROD210,TV,Samsung QLED 50,HP,5,765.79,0.09,0.18,4111.53,Credit Card,In-Store,EMP258,1,1,Express,10,EUR
ORD139624,21-05-2024,BR99,UAE,Dubai,CUST4843,PROD553,TV,LG OLED 48,Dell,5,274.58,0.11,0.18,1441.82,Credit Card,Online,EMP596,3,0,Express,9,GBP
ORD139625,14-02-2024,BR26,Germany,Berlin,CUST3960,PROD906,Mobile,OnePlus 11,LG,5,1069.34,0.2,0.18,5047.28,Debit Card,In-Store,EMP329,1,0,Express,7,USD
ORD139626,14-01-2023,BR9,UAE,Dubai,CUST3567,PROD933,Laptop,MacBook Air M2,Dell,1,1021,0.23,0.18,927.68,Debit Card,In-Store,EMP459,2,0,Express,4,INR
ORD139627,04-01-2023,BR38,UK,London,CUST2700,PROD773,Tablet,Samsung Galaxy Tab,Sony,1,679.62,0.24,0.18,609.48,UPI,Online,EMP731,2,0,Same Day,10,EUR
ORD139628,24-12-2024,BR58,UK,London,CUST3623,PROD430,Mobile,Samsung Galaxy S23,Sony,1,1132.1,0.28,0.18,961.83,Cash,Online,EMP854,0,0,Same Day,2,GBP
ORD139629,03-12-2023,BR71,India,Bangalore,CUST1099,PROD637,Mobile,OnePlus 11,Sony,3,1979.63,0.21,0.18,5536.23,Cash,In-Store,EMP826,0,0,Express,10,AED
ORD139630,31-03-2024,BR101,USA,Los Angeles,CUST5649,PROD475,Accessories,Bluetooth Headphones,LG,3,213.22,0.09,0.18,686.87,Debit Card,In-Store,EMP444,1,1,Same Day,7,GBP
ORD139631,27-04-2024,BR98,India,Delhi,CUST6983,PROD106,Mobile,iPhone 14,OnePlus,5,326.82,0.27,0.18,1407.61,Credit Card,Online,EMP609,0,1,Standard,5,GBP
ORD139632,07-11-2023,BR65,USA,Dallas,CUST4882,PROD964,Mobile,OnePlus 11,HP,5,68.52,0.18,0.18,331.5,Cash,In-Store,EMP498,3,0,Express,4,INR
ORD139633,16-07-2024,BR15,UK,London,CUST3523,PROD259,Mobile,Samsung Galaxy S23,Sony,2,327.42,0.01,0.18,764.98,Cash,In-Store,EMP433,1,1,Same Day,4,GBP
ORD139634,22-03-2024,BR40,USA,Chicago,CUST7679,PROD793,Mobile,Samsung Galaxy S23,Dell,3,191.94,0.04,0.18,652.29,Cash,In-Store,EMP264,3,0,Express,7,AED
ORD139635,05-03-2023,BR107,Germany,Munich,CUST1702,PROD124,Mobile,OnePlus 11,Sony,5,987.87,0.24,0.18,4429.61,Cash,In-Store,EMP522,2,0,Standard,3,USD
ORD139636,09-03-2023,BR46,India,Delhi,CUST9357,PROD309,Tablet,Lenovo Tab P11,Dell,2,252.09,0.08,0.18,547.34,Cash,Online,EMP583,0,0,Same Day,9,INR
ORD139637,21-07-2023,BR34,UK,Birmingham,CUST1488,PROD815,TV,LG OLED 48,Lenovo,3,1380.44,0.03,0.18,4740.15,Credit Card,Online,EMP300,0,0,Same Day,2,GBP
ORD139638,15-12-2024,BR58,India,Delhi,CUST8842,PROD969,TV,LG OLED 48,OnePlus,5,633.2,0.06,0.18,3511.73,Debit Card,In-Store,EMP906,3,1,Standard,7,INR
ORD139639,03-01-2024,BR89,UAE,Dubai,CUST7493,PROD232,Tablet,Lenovo Tab P11,LG,2,1203.41,0.01,0.18,2811.65,Net Banking,In-Store,EMP673,0,1,Standard,6,USD
ORD139640,08-10-2023,BR42,USA,Dallas,CUST8477,PROD508,Tablet,Samsung Galaxy Tab,Apple,2,1697.69,0.25,0.18,3004.91,Credit Card,Online,EMP513,0,0,Express,7,AED
ORD139641,21-06-2024,BR2,India,Pune,CUST6417,PROD573,Accessories,Bluetooth Headphones,Samsung,3,915.27,0.11,0.18,2883.65,Credit Card,In-Store,EMP387,0,0,Standard,4,EUR
ORD139642,20-08-2023,BR120,Germany,Munich,CUST5247,PROD283,Accessories,Wireless Mouse,Sony,4,149.82,0,0.18,707.15,Cash,Online,EMP222,3,0,Standard,9,EUR
ORD139643,08-03-2023,BR66,UK,Manchester,CUST4582,PROD938,Accessories,Wireless Mouse,Dell,3,566.76,0.26,0.18,1484.68,Net Banking,In-Store,EMP409,1,0,Express,4,AED
ORD139644,14-02-2024,BR63,Germany,Hamburg,CUST4483,PROD189,Tablet,Lenovo Tab P11,Dell,3,1191.32,0.14,0.18,3626.85,Credit Card,Online,EMP972,1,0,Express,3,INR
ORD139645,06-08-2023,BR72,USA,New York,CUST1770,PROD596,TV,Samsung QLED 50,Sony,4,456.36,0.19,0.18,1744.76,Cash,Online,EMP932,0,1,Express,10,GBP
ORD139646,12-06-2023,BR117,Germany,Hamburg,CUST1924,PROD898,TV,Sony Bravia 55,OnePlus,5,1487.77,0.23,0.18,6758.94,Net Banking,In-Store,EMP408,0,1,Express,9,USD
ORD139647,27-01-2023,BR55,Germany,Berlin,CUST7393,PROD448,Accessories,Keyboard,Lenovo,5,1571.37,0.09,0.18,8436.69,Credit Card,Online,EMP552,3,0,Same Day,10,INR
ORD139648,11-04-2024,BR38,India,Pune,CUST2646,PROD198,TV,Samsung QLED 50,Apple,1,814.17,0.15,0.18,816.61,Net Banking,In-Store,EMP983,2,1,Express,8,USD
ORD139649,22-05-2024,BR68,USA,New York,CUST9707,PROD429,Accessories,Bluetooth Headphones,Dell,3,1015.16,0.22,0.18,2803.06,UPI,Online,EMP691,2,0,Express,3,GBP
ORD139650,24-08-2024,BR93,UK,Birmingham,CUST9714,PROD490,Tablet,iPad Air,Samsung,2,493.57,0.14,0.18,1001.75,Credit Card,In-Store,EMP674,2,0,Same Day,4,USD
ORD139651,18-10-2023,BR54,USA,New York,CUST8065,PROD123,TV,Samsung QLED 50,Samsung,2,1545.91,0.27,0.18,2663.29,Credit Card,Online,EMP365,2,1,Express,3,USD
ORD139652,31-07-2023,BR10,USA,Chicago,CUST8022,PROD318,Laptop,HP Spectre x360,Apple,4,172.89,0.25,0.18,612.03,UPI,Online,EMP242,2,1,Express,4,AED
ORD139653,09-07-2024,BR85,UK,Manchester,CUST5423,PROD826,Tablet,Samsung Galaxy Tab,HP,3,633.79,0.16,0.18,1884.64,Credit Card,In-Store,EMP478,1,0,Express,6,AED
ORD139654,02-08-2023,BR56,India,Pune,CUST1768,PROD891,Tablet,Samsung Galaxy Tab,Dell,3,94.22,0.25,0.18,250.15,UPI,In-Store,EMP626,1,0,Standard,2,AED
ORD139655,29-02-2024,BR30,India,Delhi,CUST8410,PROD682,TV,Samsung QLED 50,Sony,1,1886.12,0.12,0.18,1958.55,UPI,Online,EMP894,1,1,Standard,5,INR
ORD139656,11-10-2024,BR72,USA,Chicago,CUST1069,PROD971,Mobile,iPhone 14,HP,5,1727.55,0.25,0.18,7644.41,UPI,In-Store,EMP203,0,0,Standard,3,GBP
ORD139657,08-11-2024,BR40,USA,New York,CUST9523,PROD421,Accessories,Bluetooth Headphones,HP,1,1011.43,0.04,0.18,1145.75,Cash,Online,EMP278,0,0,Express,8,INR
ORD139658,22-07-2024,BR4,UK,London,CUST8879,PROD780,Laptop,HP Spectre x360,Sony,4,1120.8,0.25,0.18,3967.63,Debit Card,In-Store,EMP894,1,0,Express,8,EUR
ORD139659,02-07-2023,BR34,UAE,Abu Dhabi,CUST7593,PROD667,Tablet,Lenovo Tab P11,LG,2,1482.33,0.15,0.18,2973.55,Credit Card,In-Store,EMP650,0,1,Standard,6,INR
ORD139660,31-08-2024,BR4,UAE,Abu Dhabi,CUST7344,PROD542,Tablet,Lenovo Tab P11,Samsung,2,1076.42,0.27,0.18,1854.46,Credit Card,Online,EMP685,2,0,Standard,7,AED
ORD139661,16-07-2024,BR89,Germany,Berlin,CUST6877,PROD827,TV,Samsung QLED 50,OnePlus,5,1403.82,0.21,0.18,6543.21,UPI,In-Store,EMP513,1,0,Standard,4,EUR
ORD139662,16-07-2023,BR62,UAE,Dubai,CUST9300,PROD837,Mobile,iPhone 14,LG,4,409.41,0.18,0.18,1584.58,Cash,Online,EMP953,1,0,Express,2,INR
ORD139663,31-03-2023,BR35,UK,London,CUST5819,PROD893,Accessories,Bluetooth Headphones,Apple,1,1265.13,0.11,0.18,1328.64,Net Banking,In-Store,EMP619,0,0,Same Day,8,GBP
ORD139664,04-11-2024,BR45,USA,Dallas,CUST3624,PROD682,TV,LG OLED 48,Lenovo,1,1367.44,0.09,0.18,1468.36,Credit Card,Online,EMP276,2,1,Express,2,USD
ORD139665,09-09-2024,BR42,UAE,Abu Dhabi,CUST6677,PROD734,Mobile,Samsung Galaxy S23,HP,4,320.93,0.29,0.18,1075.5,Net Banking,Online,EMP880,0,1,Same Day,10,USD
ORD139666,01-04-2024,BR118,India,Mumbai,CUST3297,PROD239,Laptop,Dell XPS 13,Apple,4,1733.13,0.2,0.18,6544.3,UPI,Online,EMP626,0,1,Express,10,EUR
ORD139667,21-03-2024,BR87,UAE,Abu Dhabi,CUST1553,PROD259,Mobile,OnePlus 11,Apple,3,346.71,0.05,0.18,1165.99,Net Banking,Online,EMP881,0,0,Same Day,2,EUR
ORD139668,01-03-2024,BR26,Germany,Berlin,CUST9422,PROD134,Accessories,Keyboard,Sony,4,1103.15,0.17,0.18,4321.7,Credit Card,Online,EMP763,0,1,Same Day,7,GBP
ORD139669,15-01-2023,BR77,Germany,Munich,CUST4274,PROD219,Laptop,HP Spectre x360,Lenovo,5,1618.19,0.28,0.18,6874.07,Debit Card,In-Store,EMP492,1,1,Same Day,3,GBP
ORD139670,17-04-2023,BR13,Germany,Munich,CUST5397,PROD373,TV,LG OLED 48,Apple,5,1992.11,0.26,0.18,8697.55,Debit Card,Online,EMP781,1,1,Express,6,INR
ORD139671,06-05-2024,BR64,UAE,Abu Dhabi,CUST8752,PROD822,Accessories,Bluetooth Headphones,LG,2,1055.08,0.07,0.18,2315.69,Net Banking,Online,EMP583,3,1,Same Day,7,EUR
ORD139672,18-09-2023,BR95,UK,London,CUST2597,PROD266,Laptop,MacBook Air M2,Samsung,1,1923.01,0.03,0.18,2201.08,Net Banking,Online,EMP347,0,1,Same Day,7,INR
ORD139673,09-04-2023,BR21,USA,New York,CUST6277,PROD869,TV,Samsung QLED 50,LG,3,497.69,0.23,0.18,1356.6,Net Banking,Online,EMP437,0,0,Same Day,8,INR
ORD139674,26-05-2024,BR113,UAE,Abu Dhabi,CUST2905,PROD871,Laptop,HP Spectre x360,Samsung,1,738.49,0.29,0.18,618.71,Net Banking,In-Store,EMP603,3,0,Same Day,3,AED
ORD139675,23-08-2023,BR36,Germany,Hamburg,CUST4708,PROD381,Mobile,Samsung Galaxy S23,Sony,3,772.83,0.26,0.18,2024.51,Cash,In-Store,EMP457,0,1,Express,9,GBP
ORD139676,14-04-2023,BR18,USA,New York,CUST7755,PROD510,TV,Samsung QLED 50,Lenovo,4,1362.45,0.18,0.18,5273.23,Debit Card,In-Store,EMP388,1,1,Standard,1,INR
ORD139677,24-08-2024,BR52,UK,Manchester,CUST4122,PROD880,Accessories,Keyboard,LG,5,1374.29,0.11,0.18,7216.4,Net Banking,Online,EMP316,1,1,Same Day,7,AED
ORD139678,01-01-2023,BR5,UAE,Dubai,CUST3274,PROD682,TV,Sony Bravia 55,Dell,3,520.75,0.22,0.18,1437.89,UPI,In-Store,EMP422,1,0,Standard,1,INR
ORD139679,23-07-2023,BR89,UK,Birmingham,CUST4250,PROD168,Tablet,Samsung Galaxy Tab,OnePlus,4,67.75,0.2,0.18,255.82,UPI,In-Store,EMP849,3,1,Express,2,USD
ORD139680,22-11-2024,BR119,India,Delhi,CUST3953,PROD396,Tablet,Samsung Galaxy Tab,LG,1,1656.47,0.28,0.18,1407.34,Credit Card,Online,EMP748,1,0,Express,3,EUR
ORD139681,30-05-2023,BR12,India,Bangalore,CUST4594,PROD993,Accessories,Wireless Mouse,HP,5,560.27,0.13,0.18,2875.87,Debit Card,Online,EMP369,2,1,Standard,3,INR
ORD139682,24-11-2023,BR10,UK,Birmingham,CUST2812,PROD670,Mobile,OnePlus 11,Lenovo,3,1413.98,0.23,0.18,3854.23,UPI,Online,EMP620,0,1,Standard,2,AED
ORD139683,29-06-2024,BR74,Germany,Berlin,CUST9182,PROD625,Accessories,Keyboard,Lenovo,5,1425.05,0.03,0.18,8155.56,Cash,In-Store,EMP271,1,0,Standard,10,GBP
ORD139684,05-04-2024,BR1,Germany,Hamburg,CUST4310,PROD223,TV,Sony Bravia 55,LG,5,1618.16,0.13,0.18,8306.02,Debit Card,In-Store,EMP908,3,1,Express,2,GBP
ORD139685,29-05-2024,BR109,UK,Birmingham,CUST8335,PROD765,TV,Sony Bravia 55,OnePlus,3,595.52,0.05,0.18,2002.73,Net Banking,In-Store,EMP988,1,0,Same Day,2,GBP
ORD139686,04-01-2024,BR35,USA,New York,CUST7349,PROD294,TV,Samsung QLED 50,LG,3,1448.73,0.21,0.18,4051.52,Debit Card,Online,EMP526,3,1,Same Day,9,INR
ORD139687,21-02-2023,BR34,India,Bangalore,CUST9595,PROD167,TV,Sony Bravia 55,Sony,1,641.4,0.2,0.18,605.48,UPI,Online,EMP885,0,0,Same Day,3,AED
ORD139688,20-06-2024,BR86,USA,New York,CUST7920,PROD309,Tablet,Lenovo Tab P11,Apple,1,849.36,0.21,0.18,791.77,Credit Card,In-Store,EMP697,1,1,Standard,6,USD
ORD139689,31-08-2023,BR41,UAE,Dubai,CUST9993,PROD449,Accessories,Bluetooth Headphones,LG,5,789.99,0.12,0.18,4101.63,Debit Card,Online,EMP516,3,0,Standard,5,EUR
ORD139690,28-06-2024,BR61,USA,New York,CUST2166,PROD553,Accessories,Wireless Mouse,LG,2,1513.38,0.26,0.18,2642.97,Debit Card,In-Store,EMP221,2,1,Same Day,8,GBP
ORD139691,10-06-2024,BR87,India,Mumbai,CUST9395,PROD314,Mobile,iPhone 14,Lenovo,5,1685.79,0.09,0.18,9051.01,UPI,In-Store,EMP537,1,1,Standard,1,EUR
ORD139692,20-09-2023,BR23,India,Bangalore,CUST7912,PROD545,Accessories,Keyboard,Sony,4,444.08,0.2,0.18,1676.85,Cash,Online,EMP829,0,0,Same Day,4,EUR
ORD139693,02-08-2024,BR20,Germany,Hamburg,CUST1754,PROD236,Accessories,Wireless Mouse,Sony,2,259.9,0.05,0.18,582.7,Credit Card,In-Store,EMP535,3,1,Standard,10,AED
ORD139694,30-10-2023,BR65,USA,New York,CUST4165,PROD312,Mobile,iPhone 14,HP,2,1852.14,0.06,0.18,4108.79,Credit Card,In-Store,EMP601,1,0,Same Day,5,AED
ORD139695,09-09-2024,BR21,UK,Birmingham,CUST3640,PROD243,Mobile,OnePlus 11,HP,5,1476.39,0.15,0.18,7404.1,Cash,In-Store,EMP865,3,0,Express,1,AED
ORD139696,11-04-2024,BR109,India,Mumbai,CUST7031,PROD855,Laptop,Dell XPS 13,Sony,1,1796.95,0.05,0.18,2014.38,Debit Card,Online,EMP863,0,1,Standard,7,AED
ORD139697,30-05-2023,BR115,UK,Birmingham,CUST6912,PROD142,Tablet,Samsung Galaxy Tab,Lenovo,4,1694.04,0.04,0.18,7676.03,Cash,In-Store,EMP845,1,0,Express,1,EUR
ORD139698,23-05-2024,BR93,UAE,Abu Dhabi,CUST1083,PROD856,Accessories,Bluetooth Headphones,OnePlus,2,1176.03,0.27,0.18,2026.06,UPI,Online,EMP828,0,0,Standard,5,GBP
ORD139699,01-07-2024,BR75,Germany,Hamburg,CUST6830,PROD596,Accessories,Bluetooth Headphones,Lenovo,5,578.35,0.08,0.18,3139.28,Credit Card,In-Store,EMP568,1,0,Same Day,1,INR
ORD139700,27-10-2024,BR117,India,Delhi,CUST3739,PROD505,Accessories,Wireless Mouse,Samsung,4,517.34,0.06,0.18,2295.33,Cash,In-Store,EMP457,3,1,Standard,10,EUR
ORD139701,25-12-2023,BR18,USA,New York,CUST1466,PROD572,Laptop,HP Spectre x360,HP,4,1638.11,0.26,0.18,5721.59,Credit Card,In-Store,EMP245,2,1,Same Day,10,INR
ORD139702,17-08-2024,BR33,USA,Dallas,CUST6917,PROD762,Laptop,HP Spectre x360,Lenovo,1,1657.99,0.01,0.18,1936.86,Net Banking,Online,EMP659,0,0,Same Day,4,AED
ORD139703,30-12-2023,BR58,UAE,Dubai,CUST6788,PROD315,Laptop,Dell XPS 13,Dell,1,1993.95,0.2,0.18,1882.29,Debit Card,Online,EMP810,3,1,Express,6,EUR
ORD139704,27-07-2024,BR57,USA,Chicago,CUST2765,PROD446,Laptop,MacBook Air M2,Dell,4,431.32,0.19,0.18,1649.02,UPI,Online,EMP316,0,0,Standard,6,USD
ORD139705,06-08-2024,BR3,UK,Birmingham,CUST6785,PROD876,Accessories,Bluetooth Headphones,OnePlus,5,1126.43,0.14,0.18,5715.51,UPI,In-Store,EMP344,1,1,Same Day,10,GBP
ORD139706,30-07-2023,BR107,UAE,Abu Dhabi,CUST7864,PROD558,Accessories,Bluetooth Headphones,Lenovo,3,136.52,0.23,0.18,372.13,UPI,In-Store,EMP262,2,0,Same Day,3,USD
ORD139707,07-06-2024,BR44,USA,Chicago,CUST6415,PROD755,Laptop,HP Spectre x360,LG,1,793.6,0.08,0.18,861.53,Credit Card,Online,EMP490,3,1,Same Day,4,USD
ORD139708,27-10-2024,BR112,India,Pune,CUST2256,PROD226,Accessories,Keyboard,Dell,1,1892.34,0.28,0.18,1607.73,Debit Card,In-Store,EMP249,1,1,Standard,9,INR
ORD139709,03-11-2023,BR26,UK,London,CUST7437,PROD807,TV,LG OLED 48,Apple,1,431,0.07,0.18,472.98,Cash,Online,EMP483,3,1,Express,4,INR
ORD139710,22-08-2024,BR15,UK,Manchester,CUST7675,PROD359,TV,Samsung QLED 50,Sony,1,357.79,0.29,0.18,299.76,Credit Card,In-Store,EMP262,1,0,Same Day,3,INR
ORD139711,26-08-2023,BR17,India,Delhi,CUST2060,PROD682,Accessories,Keyboard,Lenovo,4,322.1,0.3,0.18,1064.22,Net Banking,Online,EMP444,1,0,Same Day,1,EUR
ORD139712,23-04-2023,BR6,USA,Los Angeles,CUST5491,PROD585,TV,LG OLED 48,LG,2,1544.86,0.07,0.18,3390.66,Net Banking,In-Store,EMP607,2,1,Express,6,USD
ORD139713,08-02-2023,BR71,India,Delhi,CUST9162,PROD330,TV,Samsung QLED 50,Lenovo,5,926.29,0.14,0.18,4700,UPI,In-Store,EMP414,0,1,Same Day,1,GBP
ORD139714,02-02-2023,BR36,India,Delhi,CUST3842,PROD192,Accessories,Keyboard,LG,5,1244.66,0.2,0.18,5874.8,Net Banking,In-Store,EMP386,1,1,Standard,1,AED
ORD139715,10-02-2023,BR32,USA,New York,CUST8786,PROD623,Laptop,Dell XPS 13,HP,5,1205.46,0.25,0.18,5334.16,Debit Card,In-Store,EMP220,0,1,Express,4,AED
ORD139716,03-03-2024,BR33,India,Mumbai,CUST4229,PROD103,Laptop,MacBook Air M2,Samsung,1,1134.54,0.06,0.18,1258.43,UPI,Online,EMP441,3,1,Standard,1,INR
ORD139717,24-05-2023,BR4,UAE,Dubai,CUST5495,PROD881,Laptop,Dell XPS 13,HP,2,1550.07,0.16,0.18,3072.86,Net Banking,In-Store,EMP512,3,0,Express,4,USD
ORD139718,17-05-2024,BR100,USA,Los Angeles,CUST2884,PROD625,Tablet,Lenovo Tab P11,LG,1,528.97,0.11,0.18,555.52,Cash,Online,EMP626,2,1,Same Day,6,USD
ORD139719,11-09-2024,BR90,UAE,Dubai,CUST7517,PROD370,Accessories,Keyboard,Samsung,3,1735.02,0.18,0.18,5036.42,UPI,Online,EMP989,2,1,Same Day,10,USD
ORD139720,09-04-2023,BR1,Germany,Hamburg,CUST1864,PROD206,Tablet,Lenovo Tab P11,OnePlus,1,1434.03,0.06,0.18,1590.63,Debit Card,Online,EMP498,2,0,Standard,8,EUR
ORD139721,06-08-2024,BR51,USA,New York,CUST3526,PROD157,Accessories,Bluetooth Headphones,LG,4,447.64,0.22,0.18,1648.03,Net Banking,In-Store,EMP208,0,0,Same Day,2,INR
ORD139722,20-04-2023,BR99,USA,Los Angeles,CUST1654,PROD282,Laptop,Dell XPS 13,Sony,2,1888.12,0.06,0.18,4188.61,Credit Card,In-Store,EMP751,0,1,Standard,4,AED
ORD139723,04-08-2023,BR22,India,Bangalore,CUST9875,PROD211,Laptop,Dell XPS 13,Sony,2,918.03,0.23,0.18,1668.24,Cash,Online,EMP338,3,1,Express,9,GBP
ORD139724,23-07-2024,BR19,Germany,Berlin,CUST9473,PROD937,Laptop,MacBook Air M2,HP,4,480.87,0.01,0.18,2247.01,UPI,Online,EMP873,2,1,Same Day,5,USD
ORD139725,10-09-2024,BR10,India,Pune,CUST2830,PROD656,Laptop,HP Spectre x360,HP,2,1140.03,0.18,0.18,2206.19,Net Banking,In-Store,EMP304,0,1,Standard,2,USD
ORD139726,25-07-2024,BR10,UK,London,CUST1145,PROD479,TV,Samsung QLED 50,LG,1,418.91,0.04,0.18,474.54,Debit Card,In-Store,EMP938,2,1,Same Day,3,GBP
ORD139727,29-06-2023,BR103,UAE,Abu Dhabi,CUST5466,PROD931,TV,Sony Bravia 55,Lenovo,2,1914.14,0.17,0.18,3749.42,UPI,In-Store,EMP605,2,0,Express,8,EUR
ORD139728,14-04-2023,BR65,Germany,Munich,CUST8280,PROD272,Tablet,Lenovo Tab P11,Lenovo,5,537.74,0.25,0.18,2379.5,UPI,Online,EMP318,2,0,Standard,8,AED
ORD139729,31-08-2023,BR68,UK,Manchester,CUST5993,PROD980,Tablet,iPad Air,Samsung,4,648,0.1,0.18,2752.7,Credit Card,Online,EMP554,1,0,Standard,9,EUR
ORD139730,25-02-2024,BR24,UK,Birmingham,CUST5292,PROD201,Accessories,Bluetooth Headphones,Samsung,4,329.56,0.18,0.18,1275.53,UPI,Online,EMP993,3,1,Standard,7,INR
ORD139731,14-05-2024,BR91,Germany,Berlin,CUST7141,PROD240,Laptop,HP Spectre x360,Apple,2,1115.02,0.15,0.18,2236.73,Net Banking,In-Store,EMP230,3,0,Express,5,USD
ORD139732,03-11-2024,BR22,UAE,Dubai,CUST8341,PROD205,Laptop,Dell XPS 13,Lenovo,5,303.87,0.23,0.18,1380.48,UPI,In-Store,EMP473,3,1,Express,1,AED
ORD139733,09-06-2023,BR45,Germany,Berlin,CUST4978,PROD356,Tablet,iPad Air,HP,3,1708.96,0.04,0.18,5807.73,Cash,Online,EMP681,0,0,Same Day,3,INR
ORD139734,05-08-2023,BR57,USA,Dallas,CUST9660,PROD267,Tablet,Samsung Galaxy Tab,Lenovo,5,406.64,0.06,0.18,2255.23,Cash,Online,EMP242,0,1,Express,2,EUR
ORD139735,10-12-2023,BR46,UAE,Dubai,CUST6741,PROD267,Tablet,Samsung Galaxy Tab,OnePlus,1,1044.8,0.3,0.18,863,Cash,In-Store,EMP320,2,1,Standard,8,GBP
ORD139736,08-01-2023,BR30,UK,London,CUST5888,PROD626,Mobile,iPhone 14,OnePlus,3,1435.66,0.28,0.18,3659.21,Credit Card,Online,EMP909,1,1,Same Day,9,EUR
ORD139737,20-03-2024,BR75,USA,Chicago,CUST3539,PROD480,Tablet,Lenovo Tab P11,OnePlus,5,1577.93,0.19,0.18,7540.93,Credit Card,Online,EMP850,1,0,Standard,9,AED
ORD139738,29-01-2023,BR34,Germany,Hamburg,CUST3608,PROD580,Mobile,iPhone 14,Lenovo,2,1915.84,0.17,0.18,3752.75,UPI,In-Store,EMP921,3,0,Standard,9,USD
ORD139739,02-12-2023,BR11,Germany,Hamburg,CUST5307,PROD787,Accessories,Keyboard,Sony,5,1699.19,0.04,0.18,9624.21,Credit Card,Online,EMP357,3,1,Express,7,INR
ORD139740,05-07-2024,BR48,UAE,Abu Dhabi,CUST7893,PROD407,Tablet,Samsung Galaxy Tab,Apple,1,71.74,0.1,0.18,76.19,Credit Card,Online,EMP571,0,1,Express,1,USD
ORD139741,16-11-2024,BR59,USA,Los Angeles,CUST6202,PROD133,Mobile,Samsung Galaxy S23,Dell,5,828.51,0.1,0.18,4399.39,Debit Card,Online,EMP805,2,0,Same Day,5,EUR
ORD139742,29-06-2023,BR35,UK,Manchester,CUST4956,PROD745,TV,Sony Bravia 55,LG,1,93.81,0.29,0.18,78.59,Debit Card,Online,EMP825,3,0,Standard,1,USD
ORD139743,17-07-2024,BR72,USA,Chicago,CUST9494,PROD727,TV,Samsung QLED 50,Samsung,5,1116.64,0.07,0.18,6127,Credit Card,In-Store,EMP562,3,1,Express,3,EUR
ORD139744,06-02-2024,BR63,UAE,Abu Dhabi,CUST1125,PROD995,Accessories,Keyboard,LG,5,1480.24,0.13,0.18,7598.07,Net Banking,In-Store,EMP640,2,1,Express,3,GBP
ORD139745,02-04-2023,BR29,Germany,Berlin,CUST5890,PROD315,Mobile,iPhone 14,OnePlus,1,205.49,0.2,0.18,193.98,Credit Card,In-Store,EMP679,1,0,Express,4,INR
ORD139746,05-08-2023,BR120,Germany,Hamburg,CUST5808,PROD255,Tablet,Lenovo Tab P11,Apple,4,856.83,0.17,0.18,3356.72,Cash,In-Store,EMP619,2,1,Express,8,GBP
ORD139747,19-08-2023,BR39,India,Bangalore,CUST2116,PROD449,Mobile,Samsung Galaxy S23,Sony,5,625.81,0.14,0.18,3175.36,UPI,In-Store,EMP686,1,1,Express,10,USD
ORD139748,23-12-2024,BR66,Germany,Berlin,CUST5385,PROD206,TV,LG OLED 48,HP,5,655.41,0.16,0.18,3248.21,Cash,In-Store,EMP433,0,0,Standard,1,INR
ORD139749,03-05-2023,BR49,Germany,Hamburg,CUST2180,PROD928,Tablet,iPad Air,OnePlus,3,1102.67,0.18,0.18,3200.83,Cash,In-Store,EMP662,2,0,Express,7,INR
ORD139750,08-05-2023,BR118,UK,London,CUST2045,PROD915,Tablet,iPad Air,Dell,5,498.03,0.27,0.18,2145.02,Credit Card,In-Store,EMP652,3,1,Same Day,1,AED
ORD139751,04-03-2023,BR46,India,Bangalore,CUST5855,PROD472,TV,Sony Bravia 55,Apple,1,692.29,0.02,0.18,800.56,Net Banking,In-Store,EMP813,2,0,Standard,7,AED
ORD139752,20-11-2023,BR112,UK,London,CUST5038,PROD802,Accessories,Wireless Mouse,OnePlus,5,1791.81,0.29,0.18,7505.89,Debit Card,Online,EMP496,2,0,Same Day,7,EUR
ORD139753,20-02-2024,BR25,UAE,Dubai,CUST9878,PROD856,Laptop,HP Spectre x360,Samsung,2,1794.17,0.16,0.18,3556.76,Debit Card,In-Store,EMP402,0,1,Same Day,2,EUR
ORD139754,15-02-2024,BR39,UAE,Dubai,CUST7760,PROD982,Accessories,Bluetooth Headphones,LG,4,1785.88,0.25,0.18,6322.02,UPI,Online,EMP305,1,1,Standard,7,INR
ORD139755,23-02-2024,BR59,UAE,Abu Dhabi,CUST5158,PROD630,TV,Samsung QLED 50,LG,1,635.79,0.24,0.18,570.18,Credit Card,In-Store,EMP325,1,0,Same Day,8,GBP
ORD139756,02-02-2024,BR46,Germany,Berlin,CUST8312,PROD619,TV,Sony Bravia 55,OnePlus,2,1734.59,0.04,0.18,3929.89,UPI,In-Store,EMP411,2,1,Standard,5,AED
ORD139757,29-01-2023,BR76,Germany,Munich,CUST7082,PROD802,TV,Sony Bravia 55,Samsung,2,1699.55,0.28,0.18,2887.88,UPI,Online,EMP815,2,1,Standard,7,INR
ORD139758,01-04-2023,BR70,UK,Birmingham,CUST8231,PROD328,Tablet,Samsung Galaxy Tab,Lenovo,4,524.72,0.26,0.18,1832.74,Cash,Online,EMP731,3,0,Same Day,2,USD
ORD139759,16-10-2024,BR71,Germany,Berlin,CUST1705,PROD320,Accessories,Bluetooth Headphones,OnePlus,1,952.38,0.11,0.18,1000.19,UPI,Online,EMP370,0,1,Standard,8,INR
ORD139760,19-12-2024,BR78,USA,Los Angeles,CUST3070,PROD132,TV,LG OLED 48,Apple,4,698.55,0.06,0.18,3099.33,Credit Card,In-Store,EMP502,0,1,Same Day,5,INR
ORD139761,30-05-2024,BR32,USA,Los Angeles,CUST9908,PROD329,TV,Samsung QLED 50,Apple,4,1187.57,0.1,0.18,5044.8,Net Banking,Online,EMP262,0,0,Same Day,1,EUR
ORD139762,15-09-2024,BR40,UAE,Abu Dhabi,CUST1828,PROD817,Mobile,OnePlus 11,Apple,1,1501.63,0.16,0.18,1488.42,Credit Card,In-Store,EMP298,1,1,Express,2,AED
ORD139763,14-12-2023,BR81,India,Bangalore,CUST8911,PROD743,Mobile,iPhone 14,OnePlus,4,1903.57,0.13,0.18,7816.82,Debit Card,Online,EMP892,2,1,Standard,2,INR
ORD139764,17-09-2023,BR116,UK,Birmingham,CUST5352,PROD898,Accessories,Wireless Mouse,Dell,3,284.56,0.18,0.18,826.02,Net Banking,Online,EMP564,3,0,Standard,7,GBP
ORD139765,29-03-2024,BR43,India,Pune,CUST4364,PROD689,Mobile,OnePlus 11,Sony,1,1805.08,0.24,0.18,1618.8,Net Banking,Online,EMP876,1,1,Standard,9,EUR
ORD139766,09-10-2024,BR9,UK,Birmingham,CUST5716,PROD295,Tablet,iPad Air,Dell,3,1416.53,0.29,0.18,3560.31,UPI,In-Store,EMP314,1,0,Express,3,EUR
ORD139767,06-03-2023,BR62,USA,Los Angeles,CUST6598,PROD614,Mobile,Samsung Galaxy S23,Lenovo,4,164,0,0.18,774.08,Cash,Online,EMP676,1,1,Same Day,10,AED
ORD139768,24-04-2023,BR23,India,Bangalore,CUST4187,PROD472,Laptop,HP Spectre x360,LG,2,1908.18,0.15,0.18,3827.81,Net Banking,Online,EMP711,3,0,Same Day,5,AED
ORD139769,08-03-2023,BR93,UAE,Abu Dhabi,CUST6168,PROD730,Tablet,Samsung Galaxy Tab,Dell,5,1265.58,0.29,0.18,5301.51,Cash,In-Store,EMP550,3,0,Same Day,6,AED
ORD139770,08-08-2024,BR102,UAE,Abu Dhabi,CUST7715,PROD630,Laptop,Dell XPS 13,Lenovo,2,1810.54,0.08,0.18,3931.04,Credit Card,Online,EMP869,1,1,Express,10,GBP
ORD139771,19-06-2024,BR111,UK,Manchester,CUST9105,PROD183,TV,Samsung QLED 50,HP,3,933.91,0.01,0.18,3272.98,Net Banking,In-Store,EMP307,3,0,Same Day,8,INR
ORD139772,12-12-2023,BR90,Germany,Berlin,CUST4159,PROD394,Laptop,HP Spectre x360,Apple,2,399.08,0.26,0.18,696.95,Net Banking,Online,EMP878,3,0,Express,7,USD
ORD139773,14-03-2024,BR115,UK,London,CUST3197,PROD544,Laptop,MacBook Air M2,Apple,3,1169.84,0.12,0.18,3644.29,Credit Card,In-Store,EMP450,0,0,Standard,10,AED
ORD139774,22-12-2024,BR95,India,Delhi,CUST7848,PROD423,Tablet,iPad Air,Sony,2,1269.86,0.01,0.18,2966.9,Debit Card,In-Store,EMP610,0,1,Express,4,USD
ORD139775,29-08-2024,BR50,UK,Birmingham,CUST8750,PROD609,Tablet,Lenovo Tab P11,HP,2,363.08,0.28,0.18,616.95,Net Banking,Online,EMP538,2,0,Standard,1,EUR
ORD139776,23-06-2023,BR52,Germany,Munich,CUST2298,PROD706,Mobile,OnePlus 11,LG,4,1772.45,0.02,0.18,8198.64,Debit Card,Online,EMP365,2,1,Express,1,USD
ORD139777,20-01-2023,BR83,USA,Los Angeles,CUST1644,PROD644,Tablet,Samsung Galaxy Tab,Sony,5,1606.53,0.11,0.18,8435.89,Cash,Online,EMP282,0,1,Same Day,1,INR
ORD139778,20-05-2023,BR110,UK,London,CUST8058,PROD169,Mobile,iPhone 14,LG,2,1895.17,0.17,0.18,3712.26,UPI,Online,EMP717,1,1,Same Day,8,INR
ORD139779,07-01-2023,BR67,USA,New York,CUST8682,PROD377,TV,Samsung QLED 50,Sony,1,597.87,0.05,0.18,670.21,Net Banking,In-Store,EMP250,1,1,Same Day,7,EUR
ORD139780,16-06-2024,BR17,Germany,Munich,CUST3418,PROD830,Accessories,Keyboard,Apple,1,1362.69,0.21,0.18,1270.3,UPI,In-Store,EMP540,2,1,Same Day,2,GBP
ORD139781,04-09-2023,BR63,India,Bangalore,CUST7465,PROD857,TV,Sony Bravia 55,Lenovo,5,431.75,0.11,0.18,2267.12,Net Banking,In-Store,EMP645,1,0,Express,3,EUR
ORD139782,03-01-2024,BR72,India,Bangalore,CUST3887,PROD739,Accessories,Bluetooth Headphones,OnePlus,1,1969.78,0.2,0.18,1859.47,Debit Card,Online,EMP667,0,0,Same Day,8,GBP
ORD139783,04-05-2023,BR58,UK,London,CUST4808,PROD704,Laptop,MacBook Air M2,HP,1,160.82,0.03,0.18,184.07,Net Banking,Online,EMP462,3,0,Same Day,9,AED
ORD139784,26-12-2024,BR37,UK,Manchester,CUST1800,PROD101,Accessories,Wireless Mouse,HP,1,1382.19,0.05,0.18,1549.43,Debit Card,In-Store,EMP353,1,1,Same Day,5,AED
ORD139785,27-10-2023,BR42,UAE,Dubai,CUST6873,PROD577,Tablet,Samsung Galaxy Tab,Samsung,1,1238.39,0.18,0.18,1198.27,Credit Card,Online,EMP996,2,0,Standard,2,AED
ORD139786,02-06-2023,BR104,UAE,Dubai,CUST3913,PROD235,Tablet,Lenovo Tab P11,LG,3,1876.09,0.21,0.18,5246.67,UPI,In-Store,EMP315,2,0,Same Day,10,INR
ORD139787,28-09-2023,BR2,UAE,Dubai,CUST8501,PROD273,TV,Sony Bravia 55,OnePlus,4,1318.86,0.29,0.18,4419.76,Cash,Online,EMP523,3,1,Same Day,6,GBP
ORD139788,13-09-2024,BR46,USA,Dallas,CUST2422,PROD984,Accessories,Bluetooth Headphones,Apple,2,1042.34,0.16,0.18,2066.33,Debit Card,In-Store,EMP796,1,0,Standard,1,USD
ORD139789,17-07-2023,BR2,USA,New York,CUST8604,PROD706,Laptop,HP Spectre x360,Dell,5,1530.08,0.18,0.18,7402.53,Credit Card,Online,EMP957,3,1,Standard,9,USD
ORD139790,29-11-2023,BR56,India,Delhi,CUST7321,PROD208,Tablet,iPad Air,Apple,4,993.46,0.06,0.18,4407.78,Net Banking,In-Store,EMP455,2,1,Same Day,4,USD
ORD139791,26-05-2023,BR107,India,Bangalore,CUST5617,PROD127,TV,Samsung QLED 50,HP,5,1637.11,0.28,0.18,6954.44,Credit Card,In-Store,EMP831,3,1,Standard,1,USD
ORD139792,24-09-2023,BR79,USA,Dallas,CUST4898,PROD140,Laptop,MacBook Air M2,Dell,2,838.26,0.13,0.18,1721.12,UPI,Online,EMP889,2,0,Same Day,5,GBP
ORD139793,22-02-2023,BR39,UK,Birmingham,CUST2847,PROD512,Tablet,Samsung Galaxy Tab,HP,2,559.94,0.25,0.18,991.09,Credit Card,In-Store,EMP731,3,1,Same Day,9,GBP
ORD139794,24-10-2023,BR22,UK,London,CUST3567,PROD131,Tablet,Samsung Galaxy Tab,Samsung,1,925.46,0.22,0.18,851.79,Cash,In-Store,EMP745,1,0,Same Day,3,USD
ORD139795,26-01-2024,BR27,Germany,Hamburg,CUST7899,PROD611,Tablet,Samsung Galaxy Tab,Samsung,4,1117.8,0.13,0.18,4590.13,Cash,Online,EMP583,0,1,Standard,10,AED
ORD139796,14-10-2024,BR86,UAE,Dubai,CUST3631,PROD836,Mobile,Samsung Galaxy S23,Apple,5,55.53,0.17,0.18,271.93,Credit Card,In-Store,EMP600,1,1,Express,2,EUR
ORD139797,27-04-2024,BR57,India,Mumbai,CUST5362,PROD375,TV,Sony Bravia 55,HP,1,88.79,0.14,0.18,90.1,Credit Card,Online,EMP952,0,0,Express,9,AED
ORD139798,18-10-2023,BR37,UAE,Abu Dhabi,CUST2854,PROD209,Laptop,MacBook Air M2,Samsung,4,1264.24,0.24,0.18,4535.08,Credit Card,In-Store,EMP618,0,0,Express,6,AED
ORD139799,23-03-2024,BR97,UK,London,CUST8385,PROD435,Mobile,iPhone 14,Samsung,5,1854.01,0.23,0.18,8422.77,Cash,In-Store,EMP570,3,0,Same Day,2,USD
ORD139800,17-11-2024,BR86,USA,New York,CUST1779,PROD671,Accessories,Bluetooth Headphones,Samsung,1,552.21,0,0.18,651.61,Credit Card,In-Store,EMP867,2,0,Standard,8,AED
ORD139801,08-11-2024,BR22,USA,Dallas,CUST2294,PROD717,Laptop,Dell XPS 13,OnePlus,3,1843.57,0.07,0.18,6069.4,Credit Card,In-Store,EMP731,0,0,Standard,5,INR
ORD139802,23-05-2024,BR34,USA,New York,CUST3458,PROD842,Laptop,Dell XPS 13,Sony,4,1355.61,0.2,0.18,5118.78,Credit Card,Online,EMP639,0,1,Same Day,7,AED
ORD139803,14-08-2024,BR79,Germany,Hamburg,CUST9220,PROD715,Mobile,OnePlus 11,Samsung,5,391.81,0.09,0.18,2103.63,Credit Card,Online,EMP600,3,0,Express,9,USD
ORD139804,09-08-2023,BR117,UAE,Dubai,CUST8872,PROD235,Tablet,Samsung Galaxy Tab,Apple,3,1803.07,0.14,0.18,5489.27,Cash,In-Store,EMP431,3,0,Express,5,AED
ORD139805,05-11-2023,BR115,Germany,Berlin,CUST9108,PROD223,Tablet,Lenovo Tab P11,Samsung,3,544.83,0.15,0.18,1639.39,Cash,In-Store,EMP613,3,1,Express,3,GBP
ORD139806,17-02-2024,BR78,USA,Los Angeles,CUST3610,PROD121,Laptop,HP Spectre x360,Lenovo,1,1074.79,0.01,0.18,1255.57,Net Banking,In-Store,EMP948,3,0,Same Day,5,INR
ORD139807,04-03-2023,BR51,Germany,Munich,CUST4046,PROD666,TV,Sony Bravia 55,HP,3,448.13,0.05,0.18,1507.06,Debit Card,Online,EMP237,2,0,Standard,2,GBP
ORD139808,09-01-2023,BR101,USA,Chicago,CUST7925,PROD910,Laptop,MacBook Air M2,Dell,1,1216.46,0.28,0.18,1033.5,Credit Card,Online,EMP306,2,1,Same Day,9,GBP
ORD139809,24-12-2024,BR73,Germany,Hamburg,CUST9019,PROD671,Tablet,Lenovo Tab P11,Samsung,3,917.45,0.28,0.18,2338.4,UPI,Online,EMP748,0,1,Express,7,INR
ORD139810,15-12-2023,BR14,USA,Chicago,CUST9030,PROD331,Accessories,Wireless Mouse,Apple,3,1844.51,0.19,0.18,5288.95,UPI,In-Store,EMP216,2,0,Express,7,INR
ORD139811,16-02-2023,BR35,India,Mumbai,CUST1293,PROD304,Laptop,HP Spectre x360,Lenovo,3,343.29,0.14,0.18,1045.11,Credit Card,Online,EMP605,1,1,Same Day,6,EUR
ORD139812,01-01-2023,BR42,Germany,Berlin,CUST7286,PROD259,Tablet,Lenovo Tab P11,Apple,1,200.64,0.29,0.18,168.1,UPI,Online,EMP589,1,0,Express,3,AED
ORD139813,13-06-2023,BR64,USA,Chicago,CUST1248,PROD689,Accessories,Wireless Mouse,LG,4,1873.69,0.23,0.18,6809.74,Credit Card,In-Store,EMP970,0,0,Express,1,INR
ORD139814,23-05-2023,BR75,Germany,Berlin,CUST8608,PROD133,Tablet,iPad Air,HP,2,209.64,0.26,0.18,366.12,Net Banking,In-Store,EMP488,2,0,Express,8,EUR
ORD139815,10-09-2024,BR119,UAE,Dubai,CUST6771,PROD380,Laptop,Dell XPS 13,Samsung,2,318.82,0.14,0.18,647.08,Debit Card,In-Store,EMP500,3,1,Standard,3,EUR
ORD139816,05-04-2024,BR103,USA,Dallas,CUST4019,PROD164,TV,LG OLED 48,Dell,3,103.49,0.18,0.18,300.41,Cash,Online,EMP754,2,0,Same Day,3,INR
ORD139817,02-06-2023,BR10,India,Mumbai,CUST3649,PROD995,TV,Samsung QLED 50,HP,1,557.85,0.16,0.18,552.94,Debit Card,Online,EMP218,3,1,Standard,7,AED
ORD139818,01-09-2024,BR38,UAE,Dubai,CUST3165,PROD599,Mobile,Samsung Galaxy S23,Dell,4,685.52,0.13,0.18,2815.02,UPI,In-Store,EMP635,1,1,Standard,10,USD
ORD139819,25-09-2024,BR22,UAE,Abu Dhabi,CUST6135,PROD861,Tablet,iPad Air,LG,2,695.74,0.14,0.18,1412.07,UPI,Online,EMP366,0,0,Express,2,USD
ORD139820,16-10-2024,BR99,India,Mumbai,CUST8880,PROD784,Laptop,MacBook Air M2,Samsung,5,1373.74,0.1,0.18,7294.56,UPI,Online,EMP636,3,1,Standard,1,INR
ORD139821,25-09-2023,BR108,India,Bangalore,CUST1954,PROD578,Mobile,Samsung Galaxy S23,Lenovo,4,248.12,0.2,0.18,936.9,Debit Card,Online,EMP591,0,0,Same Day,9,GBP
ORD139822,16-04-2024,BR28,USA,New York,CUST1295,PROD938,Laptop,MacBook Air M2,Lenovo,2,1642.2,0.09,0.18,3526.79,UPI,Online,EMP388,2,0,Express,8,EUR
ORD139823,07-06-2023,BR56,UK,Manchester,CUST5174,PROD795,Laptop,HP Spectre x360,OnePlus,1,479.6,0.19,0.18,458.4,Net Banking,Online,EMP990,2,0,Same Day,10,INR
ORD139824,08-10-2023,BR51,USA,Chicago,CUST8558,PROD414,Accessories,Keyboard,Lenovo,2,352.3,0.18,0.18,681.77,Credit Card,In-Store,EMP537,3,0,Standard,7,INR
ORD139825,31-10-2023,BR119,Germany,Munich,CUST5463,PROD708,Laptop,Dell XPS 13,OnePlus,5,1841.41,0.16,0.18,9126.03,Credit Card,In-Store,EMP356,3,1,Express,5,AED
ORD139826,22-03-2023,BR119,UAE,Abu Dhabi,CUST8726,PROD975,Laptop,Dell XPS 13,OnePlus,3,416.37,0.3,0.18,1031.76,Net Banking,In-Store,EMP964,0,1,Same Day,5,GBP
ORD139827,19-01-2023,BR94,Germany,Berlin,CUST8333,PROD179,Laptop,HP Spectre x360,OnePlus,4,123.36,0.06,0.18,547.32,Cash,Online,EMP286,2,0,Standard,8,USD
ORD139828,09-07-2024,BR110,UK,Birmingham,CUST7290,PROD936,TV,Sony Bravia 55,Samsung,2,883.01,0.19,0.18,1687.96,UPI,In-Store,EMP494,0,1,Standard,9,EUR
ORD139829,15-04-2024,BR48,UAE,Abu Dhabi,CUST5307,PROD633,Laptop,HP Spectre x360,Samsung,1,1903.39,0.1,0.18,2021.4,UPI,Online,EMP719,0,0,Same Day,7,EUR
ORD139830,13-02-2024,BR84,India,Mumbai,CUST8905,PROD510,Accessories,Keyboard,Sony,5,292.84,0.29,0.18,1226.71,UPI,Online,EMP438,1,0,Same Day,6,AED
ORD139831,06-09-2024,BR72,India,Delhi,CUST1100,PROD842,Laptop,HP Spectre x360,Sony,1,1575.3,0.24,0.18,1412.73,UPI,Online,EMP490,2,1,Express,4,EUR
ORD139832,05-10-2024,BR104,UK,Birmingham,CUST2340,PROD721,Accessories,Bluetooth Headphones,Lenovo,5,1770.65,0.07,0.18,9715.56,Credit Card,Online,EMP824,0,0,Express,8,GBP
ORD139833,09-11-2024,BR39,UK,London,CUST9374,PROD375,Tablet,Lenovo Tab P11,Samsung,2,1809.53,0.14,0.18,3672.62,Cash,In-Store,EMP642,0,1,Express,8,GBP
ORD139834,03-04-2023,BR36,UK,London,CUST8389,PROD999,TV,Samsung QLED 50,Lenovo,5,1273.47,0.28,0.18,5409.7,Net Banking,In-Store,EMP263,1,0,Same Day,5,INR
ORD139835,31-07-2024,BR14,UK,Birmingham,CUST9490,PROD245,Mobile,OnePlus 11,OnePlus,5,441.77,0.1,0.18,2345.8,UPI,Online,EMP865,0,0,Express,7,USD
ORD139836,22-10-2024,BR29,UK,Manchester,CUST9114,PROD272,Tablet,Lenovo Tab P11,Apple,5,1389.31,0.02,0.18,8032.99,Debit Card,Online,EMP384,1,1,Same Day,9,INR
ORD139837,22-05-2024,BR82,UAE,Dubai,CUST2617,PROD681,Tablet,Lenovo Tab P11,Samsung,4,666.59,0.09,0.18,2863.14,Debit Card,Online,EMP433,2,1,Standard,8,GBP
ORD139838,08-06-2023,BR49,India,Bangalore,CUST8401,PROD391,Laptop,MacBook Air M2,OnePlus,5,984.28,0,0.18,5807.25,Debit Card,In-Store,EMP588,0,1,Standard,1,EUR
ORD139839,14-01-2023,BR56,Germany,Munich,CUST8708,PROD695,Laptop,MacBook Air M2,Samsung,3,1590.79,0.05,0.18,5349.83,Net Banking,In-Store,EMP776,0,1,Same Day,9,INR
ORD139840,24-10-2024,BR16,UK,Birmingham,CUST5564,PROD710,Accessories,Bluetooth Headphones,Lenovo,5,1278.88,0.18,0.18,6187.22,UPI,In-Store,EMP646,3,0,Standard,9,AED
ORD139841,02-01-2023,BR38,USA,Chicago,CUST5655,PROD227,Mobile,OnePlus 11,Dell,4,317.64,0.08,0.18,1379.32,Cash,Online,EMP961,1,0,Standard,4,INR
ORD139842,12-09-2023,BR102,USA,Los Angeles,CUST3819,PROD644,Tablet,Samsung Galaxy Tab,Apple,4,1477.73,0.15,0.18,5928.65,UPI,In-Store,EMP534,0,0,Express,7,GBP
ORD139843,28-03-2024,BR31,USA,Los Angeles,CUST3504,PROD109,Accessories,Bluetooth Headphones,Sony,5,1036.02,0.05,0.18,5806.89,Cash,Online,EMP725,3,1,Standard,7,AED
ORD139844,12-10-2024,BR29,Germany,Berlin,CUST7869,PROD553,TV,LG OLED 48,Lenovo,1,938.04,0.24,0.18,841.23,Net Banking,Online,EMP826,3,0,Same Day,1,USD
ORD139845,25-10-2024,BR120,USA,Chicago,CUST7280,PROD705,Laptop,HP Spectre x360,Apple,3,1544.86,0.14,0.18,4703.17,Debit Card,In-Store,EMP676,3,0,Standard,2,EUR
ORD139846,06-06-2024,BR88,UK,Birmingham,CUST8709,PROD444,Laptop,MacBook Air M2,Apple,5,1276.25,0.01,0.18,7454.58,Credit Card,In-Store,EMP520,0,1,Same Day,5,GBP
ORD139847,01-01-2024,BR94,USA,Chicago,CUST3610,PROD791,Tablet,Samsung Galaxy Tab,Dell,2,1196.14,0,0.18,2822.89,Net Banking,Online,EMP278,1,1,Same Day,4,USD
ORD139848,30-05-2023,BR44,UAE,Dubai,CUST6730,PROD772,Laptop,MacBook Air M2,Sony,1,1816.2,0.24,0.18,1628.77,Net Banking,In-Store,EMP522,3,0,Standard,2,USD
ORD139849,08-01-2023,BR73,UAE,Abu Dhabi,CUST6118,PROD896,Tablet,iPad Air,LG,2,590.59,0.06,0.18,1310.16,Cash,Online,EMP278,2,1,Same Day,7,AED
ORD139850,17-09-2023,BR80,USA,New York,CUST3223,PROD635,Tablet,Lenovo Tab P11,Apple,1,257.96,0.13,0.18,264.82,Credit Card,In-Store,EMP618,3,0,Standard,8,AED
ORD139851,07-02-2023,BR22,Germany,Berlin,CUST7084,PROD870,Tablet,Samsung Galaxy Tab,Lenovo,4,1639.92,0.25,0.18,5805.32,UPI,Online,EMP356,3,0,Same Day,4,EUR
ORD139852,31-01-2023,BR38,Germany,Hamburg,CUST8107,PROD398,Laptop,Dell XPS 13,Sony,1,518.87,0.06,0.18,575.53,Cash,In-Store,EMP867,2,1,Standard,4,AED
ORD139853,06-06-2024,BR78,Germany,Berlin,CUST3130,PROD883,TV,Samsung QLED 50,HP,5,1732.24,0.16,0.18,8584.98,UPI,Online,EMP497,0,0,Standard,7,GBP
ORD139854,22-01-2024,BR56,Germany,Munich,CUST6091,PROD883,Mobile,iPhone 14,OnePlus,5,1312.77,0.26,0.18,5731.55,Credit Card,Online,EMP743,3,0,Standard,8,USD
ORD139855,04-09-2024,BR15,India,Mumbai,CUST6790,PROD644,Tablet,Samsung Galaxy Tab,Sony,3,1610.64,0.14,0.18,4903.43,UPI,Online,EMP488,3,1,Same Day,6,USD
ORD139856,04-05-2024,BR83,UK,Birmingham,CUST4834,PROD576,Mobile,OnePlus 11,Dell,5,889.19,0.13,0.18,4564.21,UPI,Online,EMP926,0,0,Standard,7,USD
ORD139857,27-05-2023,BR42,India,Mumbai,CUST2073,PROD671,Accessories,Keyboard,Apple,4,554.89,0.25,0.18,1964.31,Cash,Online,EMP301,2,1,Standard,10,EUR
ORD139858,24-09-2023,BR42,UK,Birmingham,CUST1157,PROD121,Accessories,Bluetooth Headphones,LG,5,1389.3,0.08,0.18,7541.12,UPI,In-Store,EMP738,2,1,Express,8,USD
ORD139859,01-09-2024,BR38,UK,Manchester,CUST6350,PROD832,TV,Sony Bravia 55,OnePlus,3,1232.57,0.01,0.18,4319.66,Net Banking,In-Store,EMP297,2,1,Express,7,AED
ORD139860,21-06-2023,BR66,UAE,Dubai,CUST4019,PROD941,Accessories,Keyboard,Dell,2,1150.1,0.05,0.18,2578.52,Debit Card,Online,EMP712,1,1,Standard,6,GBP
ORD139861,27-12-2024,BR62,USA,Dallas,CUST6398,PROD906,TV,Samsung QLED 50,Apple,5,754.72,0.17,0.18,3695.86,Debit Card,In-Store,EMP362,2,1,Standard,2,USD
ORD139862,25-01-2024,BR107,UK,London,CUST1970,PROD823,Tablet,Lenovo Tab P11,HP,1,1878.35,0.1,0.18,1994.81,Credit Card,In-Store,EMP285,1,0,Same Day,2,GBP
ORD139863,25-12-2024,BR71,UAE,Abu Dhabi,CUST1972,PROD196,Accessories,Wireless Mouse,Sony,5,1159.09,0.15,0.18,5812.84,UPI,Online,EMP413,1,1,Standard,2,AED
ORD139864,15-08-2023,BR61,USA,Chicago,CUST2766,PROD703,Tablet,Lenovo Tab P11,OnePlus,1,1391.96,0.21,0.18,1297.59,Credit Card,In-Store,EMP937,0,1,Express,8,INR
ORD139865,24-07-2023,BR38,Germany,Munich,CUST1012,PROD629,Laptop,MacBook Air M2,LG,5,555.99,0.09,0.18,2985.11,Credit Card,In-Store,EMP716,2,0,Standard,4,INR
ORD139866,31-08-2023,BR10,Germany,Berlin,CUST1151,PROD211,Laptop,MacBook Air M2,Apple,3,391.15,0.22,0.18,1080.04,Cash,In-Store,EMP814,0,1,Standard,2,INR
ORD139867,01-05-2024,BR63,USA,New York,CUST6920,PROD202,Tablet,iPad Air,HP,4,1272.08,0.12,0.18,5283.71,Net Banking,In-Store,EMP943,3,0,Standard,2,INR
ORD139868,23-07-2024,BR67,Germany,Berlin,CUST8257,PROD849,Tablet,Lenovo Tab P11,OnePlus,4,622.99,0.26,0.18,2175.98,Credit Card,Online,EMP203,1,1,Standard,9,USD
ORD139869,08-08-2024,BR8,UAE,Dubai,CUST4668,PROD118,TV,Samsung QLED 50,Apple,5,1457.99,0.06,0.18,8086.01,Debit Card,In-Store,EMP274,1,0,Same Day,6,USD
ORD139870,18-03-2024,BR6,UAE,Dubai,CUST2567,PROD333,Mobile,Samsung Galaxy S23,Sony,5,1643.43,0.29,0.18,6884.33,UPI,In-Store,EMP692,2,1,Express,9,GBP
ORD139871,18-07-2024,BR71,India,Bangalore,CUST3469,PROD509,Accessories,Wireless Mouse,Lenovo,1,203.74,0.17,0.18,199.54,Cash,In-Store,EMP733,2,0,Same Day,3,AED
ORD139872,27-09-2023,BR76,Germany,Munich,CUST3563,PROD850,Tablet,Samsung Galaxy Tab,HP,4,308.29,0.19,0.18,1178.65,UPI,In-Store,EMP342,0,0,Standard,5,EUR
ORD139873,11-07-2024,BR79,India,Mumbai,CUST7393,PROD626,Accessories,Keyboard,Apple,1,1580.99,0.02,0.18,1828.26,Credit Card,In-Store,EMP626,2,1,Standard,5,INR
ORD139874,02-01-2023,BR42,Germany,Berlin,CUST8156,PROD136,Accessories,Wireless Mouse,Samsung,2,596.97,0.23,0.18,1084.81,Net Banking,In-Store,EMP893,0,0,Express,8,EUR
ORD139875,02-03-2023,BR95,USA,Chicago,CUST3165,PROD544,Laptop,MacBook Air M2,Lenovo,3,1064.97,0.16,0.18,3166.79,Debit Card,In-Store,EMP416,0,0,Same Day,7,AED
ORD139876,15-03-2023,BR45,Germany,Munich,CUST7573,PROD516,TV,Samsung QLED 50,Lenovo,1,1945.57,0.11,0.18,2043.24,UPI,Online,EMP344,2,1,Same Day,1,AED
ORD139877,08-03-2024,BR112,UK,London,CUST5865,PROD480,Mobile,iPhone 14,Apple,3,1105.41,0.1,0.18,3521.84,Debit Card,In-Store,EMP630,2,1,Standard,8,EUR
ORD139878,03-12-2023,BR47,UAE,Dubai,CUST8878,PROD314,Accessories,Keyboard,Apple,4,1191.16,0,0.18,5622.28,Credit Card,Online,EMP570,3,0,Express,3,GBP
ORD139879,30-09-2024,BR26,Germany,Berlin,CUST6616,PROD115,Accessories,Bluetooth Headphones,Samsung,2,1640.48,0.19,0.18,3135.94,Cash,Online,EMP617,3,1,Same Day,1,USD
ORD139880,27-06-2023,BR5,UK,Manchester,CUST9086,PROD711,Tablet,iPad Air,Lenovo,5,588.8,0.16,0.18,2918.09,Credit Card,Online,EMP333,0,1,Same Day,10,AED
ORD139881,10-08-2024,BR87,Germany,Munich,CUST3539,PROD625,Tablet,Lenovo Tab P11,Dell,5,119.4,0.28,0.18,507.21,Credit Card,In-Store,EMP717,3,1,Standard,8,AED
ORD139882,05-12-2023,BR48,Germany,Hamburg,CUST8953,PROD496,Laptop,HP Spectre x360,LG,5,438.34,0.11,0.18,2301.72,Debit Card,In-Store,EMP895,1,0,Same Day,5,EUR
ORD139883,28-10-2023,BR86,India,Delhi,CUST4103,PROD942,TV,LG OLED 48,LG,2,1913.13,0.14,0.18,3882.89,Debit Card,In-Store,EMP598,3,1,Same Day,10,GBP
ORD139884,25-03-2023,BR77,UK,Manchester,CUST3690,PROD872,Accessories,Keyboard,Lenovo,3,1817.33,0.11,0.18,5725.68,UPI,Online,EMP338,0,1,Express,10,EUR
ORD139885,12-09-2023,BR104,India,Bangalore,CUST7482,PROD374,TV,Sony Bravia 55,Sony,5,980.38,0.23,0.18,4453.87,UPI,Online,EMP597,3,1,Standard,5,INR
ORD139886,18-07-2023,BR108,India,Bangalore,CUST1872,PROD634,Accessories,Bluetooth Headphones,Samsung,4,1236.24,0.28,0.18,4201.24,Credit Card,In-Store,EMP541,3,1,Same Day,5,USD
ORD139887,12-11-2023,BR88,USA,Chicago,CUST4494,PROD823,Accessories,Keyboard,Dell,3,1258.55,0.25,0.18,3341.45,UPI,Online,EMP202,3,1,Same Day,4,EUR
ORD139888,11-03-2024,BR10,USA,New York,CUST4159,PROD583,Laptop,MacBook Air M2,OnePlus,5,1363.46,0.2,0.18,6435.53,UPI,In-Store,EMP772,2,1,Same Day,4,USD
ORD139889,11-08-2023,BR55,India,Pune,CUST2105,PROD177,TV,Samsung QLED 50,Apple,5,234.26,0.13,0.18,1202.46,Debit Card,In-Store,EMP950,2,1,Standard,9,GBP
ORD139890,24-08-2024,BR40,UAE,Abu Dhabi,CUST1482,PROD142,Tablet,Lenovo Tab P11,Lenovo,3,85.4,0.15,0.18,256.97,Cash,Online,EMP788,2,1,Same Day,6,AED
ORD139891,22-01-2024,BR118,Germany,Hamburg,CUST5407,PROD432,Accessories,Wireless Mouse,LG,5,1201.43,0.16,0.18,5954.29,Cash,In-Store,EMP573,1,0,Same Day,2,EUR
ORD139892,31-10-2023,BR38,USA,New York,CUST9479,PROD588,Mobile,OnePlus 11,Sony,2,1133.47,0.15,0.18,2273.74,Debit Card,In-Store,EMP207,3,0,Express,2,INR
ORD139893,06-10-2023,BR115,UK,Manchester,CUST1009,PROD641,Accessories,Wireless Mouse,LG,2,989.64,0.14,0.18,2008.57,Net Banking,In-Store,EMP597,2,1,Same Day,7,AED
ORD139894,01-06-2024,BR60,India,Mumbai,CUST9469,PROD579,Tablet,Lenovo Tab P11,Lenovo,1,443.58,0.11,0.18,465.85,UPI,Online,EMP964,1,1,Same Day,5,EUR
ORD139895,12-10-2023,BR87,Germany,Berlin,CUST5162,PROD605,TV,Samsung QLED 50,LG,2,200.51,0.12,0.18,416.42,Credit Card,Online,EMP595,1,0,Express,1,AED
ORD139896,30-07-2023,BR69,UK,London,CUST6321,PROD347,Mobile,OnePlus 11,HP,3,91.53,0.21,0.18,255.97,Credit Card,Online,EMP549,0,0,Same Day,3,GBP
ORD139897,20-11-2024,BR50,USA,New York,CUST2327,PROD550,Mobile,OnePlus 11,HP,2,1673.47,0.14,0.18,3396.47,Debit Card,In-Store,EMP293,2,0,Express,9,GBP
ORD139898,23-07-2023,BR108,UAE,Abu Dhabi,CUST7421,PROD872,Accessories,Wireless Mouse,Sony,5,620.02,0,0.18,3658.12,Cash,In-Store,EMP486,0,0,Same Day,9,USD
ORD139899,06-08-2023,BR28,USA,Dallas,CUST9838,PROD330,Laptop,HP Spectre x360,HP,5,797.32,0.26,0.18,3481.1,Credit Card,Online,EMP809,0,0,Same Day,5,EUR
ORD139900,25-11-2023,BR45,UK,Manchester,CUST3163,PROD250,Tablet,Lenovo Tab P11,Samsung,3,1306.58,0.07,0.18,4301.52,Debit Card,In-Store,EMP779,0,1,Express,7,USD
ORD139901,13-04-2023,BR70,UK,London,CUST3665,PROD604,Laptop,Dell XPS 13,Sony,2,1589.37,0.08,0.18,3450.84,Net Banking,In-Store,EMP568,2,1,Same Day,7,AED
ORD139902,26-07-2024,BR53,Germany,Berlin,CUST4335,PROD929,Laptop,MacBook Air M2,OnePlus,5,1851.23,0.19,0.18,8847.03,Credit Card,Online,EMP205,0,0,Standard,10,USD
ORD139903,16-12-2023,BR51,USA,New York,CUST6445,PROD556,Mobile,Samsung Galaxy S23,Dell,2,408.66,0.08,0.18,887.28,Credit Card,Online,EMP972,1,1,Same Day,1,USD
ORD139904,18-05-2024,BR78,USA,Chicago,CUST4492,PROD719,TV,Samsung QLED 50,Lenovo,3,332.83,0.03,0.18,1142.87,Net Banking,Online,EMP609,0,0,Express,7,EUR
ORD139905,01-02-2024,BR73,UAE,Dubai,CUST7535,PROD334,Mobile,iPhone 14,Samsung,5,91.64,0.26,0.18,400.1,Debit Card,In-Store,EMP735,2,1,Standard,2,EUR
ORD139906,26-06-2024,BR13,Germany,Hamburg,CUST9277,PROD892,Tablet,iPad Air,LG,4,274.22,0.22,0.18,1009.57,Net Banking,Online,EMP802,3,0,Standard,2,USD
ORD139907,30-11-2024,BR102,UAE,Abu Dhabi,CUST2808,PROD782,Accessories,Bluetooth Headphones,Apple,1,818.94,0.24,0.18,734.43,Net Banking,Online,EMP415,3,1,Standard,7,USD
ORD139908,17-02-2023,BR32,USA,New York,CUST6492,PROD684,Laptop,HP Spectre x360,Lenovo,5,1961.17,0.3,0.18,8099.63,Net Banking,Online,EMP587,2,0,Standard,8,AED
ORD139909,29-12-2024,BR75,USA,New York,CUST8736,PROD814,TV,Sony Bravia 55,HP,4,987.53,0.16,0.18,3915.36,Credit Card,In-Store,EMP634,2,0,Express,1,GBP
ORD139910,13-09-2023,BR63,Germany,Berlin,CUST6483,PROD683,Laptop,HP Spectre x360,Lenovo,2,1618.53,0.29,0.18,2712.01,Debit Card,Online,EMP436,0,0,Express,5,INR
ORD139911,22-08-2023,BR15,Germany,Munich,CUST9887,PROD582,Laptop,HP Spectre x360,OnePlus,1,1881.51,0.09,0.18,2020.37,Debit Card,In-Store,EMP310,1,0,Same Day,8,AED
ORD139912,20-08-2024,BR117,USA,New York,CUST1804,PROD167,Mobile,OnePlus 11,Lenovo,5,567.82,0.08,0.18,3082.13,UPI,In-Store,EMP578,0,0,Express,3,INR
ORD139913,25-03-2024,BR27,UAE,Dubai,CUST7841,PROD904,Accessories,Wireless Mouse,OnePlus,4,719.85,0.27,0.18,2480.32,Cash,Online,EMP341,0,0,Standard,5,USD
ORD139914,11-07-2024,BR1,UAE,Abu Dhabi,CUST3248,PROD339,TV,Samsung QLED 50,Sony,3,603.62,0.21,0.18,1688.08,Credit Card,Online,EMP784,2,0,Same Day,5,EUR
ORD139915,14-04-2023,BR7,USA,Chicago,CUST9618,PROD926,TV,Samsung QLED 50,HP,3,1065.55,0.25,0.18,2829.04,Credit Card,Online,EMP314,2,1,Express,8,INR
ORD139916,27-01-2023,BR85,UK,Birmingham,CUST7064,PROD634,TV,Sony Bravia 55,Samsung,1,1713.79,0.2,0.18,1617.82,Debit Card,In-Store,EMP855,0,0,Standard,3,EUR
ORD139917,22-09-2023,BR80,India,Pune,CUST3223,PROD927,Accessories,Keyboard,Samsung,1,1653.2,0.19,0.18,1580.13,Debit Card,In-Store,EMP930,0,1,Standard,3,AED
ORD139918,01-09-2024,BR93,UK,Birmingham,CUST7328,PROD704,Tablet,Samsung Galaxy Tab,HP,2,849.28,0.13,0.18,1743.74,Debit Card,In-Store,EMP946,0,1,Standard,10,INR
ORD139919,23-04-2023,BR93,UK,London,CUST9318,PROD634,Tablet,Samsung Galaxy Tab,Sony,3,1887.9,0.27,0.18,4878.71,Debit Card,Online,EMP218,3,1,Same Day,3,EUR
ORD139920,14-02-2024,BR79,Germany,Hamburg,CUST5269,PROD183,Accessories,Wireless Mouse,Sony,5,1070.9,0.09,0.18,5749.66,UPI,Online,EMP900,1,0,Same Day,4,GBP
ORD139921,01-11-2024,BR10,UAE,Abu Dhabi,CUST2770,PROD712,Accessories,Wireless Mouse,Lenovo,5,1082.58,0.22,0.18,4982.03,Cash,Online,EMP287,2,0,Same Day,4,AED
ORD139922,06-04-2023,BR23,UK,London,CUST4916,PROD610,Accessories,Keyboard,HP,3,1697.7,0.09,0.18,5468.97,Debit Card,In-Store,EMP923,0,1,Standard,7,INR
ORD139923,06-06-2023,BR24,UAE,Dubai,CUST2512,PROD976,Accessories,Keyboard,Apple,5,1523.64,0.29,0.18,6382.53,UPI,Online,EMP203,2,1,Express,9,EUR
ORD139924,15-10-2023,BR47,Germany,Berlin,CUST7800,PROD308,Laptop,HP Spectre x360,Samsung,4,1575.46,0.07,0.18,6915.64,Net Banking,In-Store,EMP930,0,1,Express,8,GBP
ORD139925,25-02-2023,BR68,India,Mumbai,CUST7409,PROD735,Accessories,Bluetooth Headphones,Apple,2,1739.88,0.09,0.18,3736.57,Credit Card,In-Store,EMP846,1,0,Standard,9,INR
ORD139926,19-01-2024,BR3,UK,Birmingham,CUST4855,PROD224,Laptop,HP Spectre x360,HP,4,1754.95,0.22,0.18,6461.02,Debit Card,Online,EMP753,1,1,Express,9,GBP
ORD139927,19-05-2024,BR111,USA,New York,CUST4455,PROD460,Tablet,Samsung Galaxy Tab,Samsung,3,207.03,0.25,0.18,549.66,UPI,Online,EMP332,1,0,Express,4,USD
ORD139928,11-10-2024,BR82,Germany,Hamburg,CUST4560,PROD315,Mobile,iPhone 14,Sony,2,1351.92,0.24,0.18,2424.8,Cash,Online,EMP805,0,0,Standard,10,AED
ORD139929,06-07-2024,BR120,USA,Los Angeles,CUST3533,PROD394,Tablet,Lenovo Tab P11,LG,3,575.5,0.05,0.18,1935.41,Credit Card,In-Store,EMP967,2,1,Express,4,EUR
ORD139930,23-02-2024,BR35,India,Mumbai,CUST9508,PROD390,TV,Samsung QLED 50,OnePlus,5,88.54,0.09,0.18,475.37,Debit Card,In-Store,EMP829,3,0,Standard,4,GBP
ORD139931,31-12-2023,BR67,Germany,Hamburg,CUST1840,PROD712,Mobile,Samsung Galaxy S23,Samsung,4,163.16,0.12,0.18,677.7,Credit Card,Online,EMP411,3,1,Same Day,7,INR
ORD139932,10-07-2024,BR35,UAE,Dubai,CUST1746,PROD444,Accessories,Wireless Mouse,Apple,2,519.67,0.13,0.18,1066.99,Debit Card,Online,EMP269,0,1,Same Day,7,GBP
ORD139933,23-02-2024,BR11,India,Pune,CUST5480,PROD471,Mobile,OnePlus 11,HP,4,1227.85,0.08,0.18,5331.82,Credit Card,Online,EMP609,3,0,Same Day,4,EUR
ORD139934,11-05-2024,BR46,USA,Los Angeles,CUST2789,PROD679,Accessories,Keyboard,LG,5,1757.3,0.05,0.18,9849.67,Debit Card,Online,EMP216,0,0,Same Day,3,INR
ORD139935,27-03-2024,BR79,India,Delhi,CUST9938,PROD544,Accessories,Wireless Mouse,Lenovo,1,644.48,0.19,0.18,615.99,Net Banking,In-Store,EMP415,1,1,Express,9,GBP
ORD139936,15-03-2023,BR102,UK,Manchester,CUST1692,PROD567,Tablet,Samsung Galaxy Tab,Lenovo,3,735.26,0.18,0.18,2134.31,Cash,In-Store,EMP498,1,0,Standard,10,USD
ORD139937,03-05-2024,BR25,Germany,Munich,CUST5469,PROD851,Laptop,Dell XPS 13,Dell,5,492.77,0.14,0.18,2500.31,Cash,In-Store,EMP969,1,1,Same Day,1,EUR
ORD139938,26-05-2023,BR91,UAE,Abu Dhabi,CUST7265,PROD130,Tablet,iPad Air,Sony,1,1331.89,0.22,0.18,1225.87,Net Banking,Online,EMP555,1,1,Same Day,8,USD
ORD139939,16-01-2024,BR38,USA,Dallas,CUST7395,PROD585,Laptop,Dell XPS 13,OnePlus,1,1898.7,0.17,0.18,1859.59,UPI,In-Store,EMP878,1,1,Express,9,EUR
ORD139940,12-11-2024,BR81,USA,Chicago,CUST1808,PROD524,Mobile,Samsung Galaxy S23,Dell,3,1272.84,0.22,0.18,3514.57,Debit Card,In-Store,EMP612,2,0,Express,1,AED
ORD139941,04-07-2024,BR52,India,Pune,CUST3205,PROD926,Accessories,Bluetooth Headphones,OnePlus,5,317.47,0.11,0.18,1667.03,UPI,In-Store,EMP954,2,1,Same Day,3,USD
ORD139942,20-05-2023,BR64,UK,Manchester,CUST6812,PROD365,Mobile,Samsung Galaxy S23,Apple,2,860.88,0.2,0.18,1625.34,Cash,In-Store,EMP816,0,0,Standard,2,EUR
ORD139943,01-06-2023,BR82,UK,London,CUST8753,PROD919,Tablet,Lenovo Tab P11,Lenovo,3,1772.61,0.03,0.18,6086.79,UPI,Online,EMP579,1,1,Standard,9,USD
ORD139944,12-10-2023,BR59,Germany,Hamburg,CUST7636,PROD969,TV,LG OLED 48,Samsung,2,1892.47,0.06,0.18,4198.26,UPI,In-Store,EMP427,3,1,Same Day,3,USD
ORD139945,23-08-2023,BR3,Germany,Hamburg,CUST4373,PROD991,Tablet,iPad Air,Apple,3,1610.65,0.12,0.18,5017.5,Cash,In-Store,EMP234,0,0,Same Day,6,EUR
ORD139946,08-11-2023,BR3,USA,New York,CUST6589,PROD960,Laptop,HP Spectre x360,Dell,5,1404.15,0.23,0.18,6379.05,Cash,Online,EMP609,1,1,Standard,5,INR
ORD139947,28-03-2023,BR120,Germany,Hamburg,CUST1091,PROD493,Mobile,OnePlus 11,Dell,4,409.93,0,0.18,1934.87,Net Banking,Online,EMP359,0,0,Express,1,GBP
ORD139948,14-05-2024,BR97,UAE,Dubai,CUST5969,PROD459,TV,Sony Bravia 55,OnePlus,5,1388.61,0.27,0.18,5980.74,Cash,Online,EMP285,2,1,Standard,2,GBP
ORD139949,27-10-2023,BR117,Germany,Munich,CUST9602,PROD434,Accessories,Keyboard,Sony,3,190.99,0.27,0.18,493.56,Net Banking,Online,EMP220,2,1,Standard,9,AED
ORD139950,29-01-2024,BR22,USA,Los Angeles,CUST6621,PROD716,Mobile,iPhone 14,OnePlus,5,1925.58,0.19,0.18,9202.35,Debit Card,In-Store,EMP741,2,1,Standard,8,INR
ORD139951,14-01-2024,BR80,UAE,Dubai,CUST4774,PROD183,Accessories,Keyboard,Samsung,3,261.18,0.23,0.18,711.92,UPI,In-Store,EMP870,1,0,Express,1,USD
ORD139952,22-05-2024,BR61,Germany,Hamburg,CUST1257,PROD950,Accessories,Wireless Mouse,HP,2,1755.13,0.01,0.18,4100.69,Cash,Online,EMP447,2,0,Standard,4,INR
ORD139953,13-01-2023,BR44,UK,London,CUST4841,PROD574,Mobile,iPhone 14,Lenovo,1,1818.98,0.11,0.18,1910.29,Net Banking,In-Store,EMP479,0,1,Same Day,4,USD
ORD139954,03-04-2024,BR26,UAE,Dubai,CUST6924,PROD487,Laptop,MacBook Air M2,Lenovo,4,405.11,0.19,0.18,1548.82,UPI,In-Store,EMP523,1,0,Same Day,1,GBP
ORD139955,21-06-2023,BR19,Germany,Munich,CUST7471,PROD335,Laptop,HP Spectre x360,OnePlus,2,1265.65,0.26,0.18,2210.33,Cash,Online,EMP268,0,1,Standard,1,EUR
ORD139956,24-04-2024,BR92,USA,Chicago,CUST1641,PROD607,TV,LG OLED 48,OnePlus,1,1092.65,0.08,0.18,1186.18,Net Banking,In-Store,EMP751,0,1,Express,3,USD
ORD139957,08-06-2023,BR90,UK,Birmingham,CUST5874,PROD125,Accessories,Bluetooth Headphones,Sony,5,1678.49,0.14,0.18,8516.66,Cash,In-Store,EMP475,2,1,Express,2,INR
ORD139958,29-10-2023,BR98,India,Bangalore,CUST6354,PROD455,Accessories,Keyboard,Samsung,5,88.49,0.26,0.18,386.35,Credit Card,In-Store,EMP441,3,0,Express,8,USD
ORD139959,12-12-2023,BR93,India,Pune,CUST8432,PROD411,Tablet,iPad Air,Lenovo,4,1701.95,0.02,0.18,7872.54,Cash,In-Store,EMP290,0,0,Same Day,2,EUR
ORD139960,04-01-2023,BR53,India,Bangalore,CUST6454,PROD771,Laptop,Dell XPS 13,Apple,3,1101.49,0.27,0.18,2846.47,Credit Card,Online,EMP388,1,1,Express,10,USD
ORD139961,13-05-2023,BR15,UAE,Abu Dhabi,CUST5983,PROD317,Accessories,Keyboard,OnePlus,2,1791.07,0.26,0.18,3127.92,Credit Card,Online,EMP420,1,1,Standard,8,GBP
ORD139962,22-08-2024,BR43,India,Bangalore,CUST7225,PROD933,TV,Samsung QLED 50,HP,3,810.53,0.04,0.18,2754.51,Credit Card,In-Store,EMP775,2,1,Same Day,2,GBP
ORD139963,18-04-2023,BR8,UK,Birmingham,CUST1310,PROD753,Tablet,Lenovo Tab P11,Dell,3,651.4,0.14,0.18,1983.12,Cash,In-Store,EMP219,2,0,Same Day,9,USD
ORD139964,06-08-2023,BR3,India,Pune,CUST5859,PROD586,Accessories,Bluetooth Headphones,OnePlus,4,1936.05,0.15,0.18,7767.43,Net Banking,In-Store,EMP551,2,1,Same Day,5,INR
ORD139965,19-11-2024,BR112,UK,London,CUST9750,PROD289,Laptop,HP Spectre x360,OnePlus,1,520.03,0.04,0.18,589.09,Net Banking,In-Store,EMP267,1,0,Express,2,INR
ORD139966,01-09-2024,BR33,UK,Manchester,CUST9635,PROD411,TV,Samsung QLED 50,Dell,2,834.85,0.08,0.18,1812.63,Debit Card,In-Store,EMP890,1,0,Standard,1,GBP
ORD139967,01-03-2023,BR65,UAE,Abu Dhabi,CUST5877,PROD653,Mobile,Samsung Galaxy S23,LG,4,681.56,0.27,0.18,2348.38,Cash,Online,EMP221,2,1,Standard,4,USD
ORD139968,29-12-2023,BR87,USA,New York,CUST4660,PROD660,Laptop,HP Spectre x360,Apple,4,1707.15,0.16,0.18,6768.51,Cash,In-Store,EMP684,3,1,Express,4,EUR
ORD139969,09-11-2023,BR97,USA,Chicago,CUST3566,PROD756,Laptop,Dell XPS 13,HP,1,659.62,0.11,0.18,692.73,UPI,In-Store,EMP241,0,1,Standard,7,USD
ORD139970,13-11-2024,BR115,India,Delhi,CUST3999,PROD724,Laptop,MacBook Air M2,Sony,5,970.25,0.27,0.18,4178.87,Credit Card,In-Store,EMP686,0,0,Same Day,9,AED
ORD139971,24-12-2024,BR118,UK,Birmingham,CUST9766,PROD677,TV,Samsung QLED 50,Sony,1,120.63,0.06,0.18,133.8,Net Banking,Online,EMP961,1,1,Same Day,6,AED
ORD139972,09-04-2023,BR4,Germany,Berlin,CUST8732,PROD114,Accessories,Wireless Mouse,HP,1,1443.83,0.04,0.18,1635.57,Cash,Online,EMP638,0,1,Standard,2,GBP
ORD139973,01-03-2023,BR1,India,Pune,CUST4522,PROD397,Laptop,MacBook Air M2,Apple,3,465.14,0.16,0.18,1383.14,Debit Card,In-Store,EMP333,2,1,Same Day,7,EUR
ORD139974,10-03-2024,BR64,India,Delhi,CUST8866,PROD161,TV,LG OLED 48,LG,1,1507.58,0.18,0.18,1458.73,Net Banking,Online,EMP936,1,1,Same Day,10,GBP
ORD139975,16-01-2024,BR34,India,Mumbai,CUST8714,PROD432,TV,LG OLED 48,Apple,2,1517.02,0.11,0.18,3186.35,Debit Card,Online,EMP800,3,1,Same Day,3,USD
ORD139976,05-09-2023,BR25,USA,New York,CUST3706,PROD318,Mobile,Samsung Galaxy S23,Apple,5,1956.65,0.03,0.18,11197.91,Net Banking,In-Store,EMP952,0,0,Express,1,INR
ORD139977,11-11-2023,BR48,India,Bangalore,CUST3215,PROD816,Accessories,Bluetooth Headphones,Samsung,5,55.86,0.03,0.18,319.69,UPI,In-Store,EMP558,1,0,Standard,10,USD
ORD139978,10-02-2024,BR67,USA,Chicago,CUST3559,PROD677,Laptop,HP Spectre x360,Sony,2,881.03,0.03,0.18,2016.85,UPI,Online,EMP703,0,0,Express,8,USD
ORD139979,11-09-2024,BR65,USA,New York,CUST7174,PROD819,Tablet,Lenovo Tab P11,OnePlus,4,339.97,0.08,0.18,1476.29,UPI,In-Store,EMP428,3,0,Standard,9,USD
ORD139980,29-05-2024,BR95,UK,Manchester,CUST8768,PROD302,Accessories,Bluetooth Headphones,OnePlus,3,938.41,0.05,0.18,3155.87,Cash,In-Store,EMP679,1,0,Standard,5,EUR
ORD139981,04-08-2024,BR95,USA,Dallas,CUST4023,PROD795,Laptop,MacBook Air M2,HP,5,783.69,0.26,0.18,3421.59,Net Banking,Online,EMP578,1,0,Same Day,6,EUR
ORD139982,22-04-2023,BR20,USA,Chicago,CUST8031,PROD109,Tablet,Lenovo Tab P11,HP,1,593.77,0.19,0.18,567.53,Credit Card,In-Store,EMP957,1,1,Standard,5,AED
ORD139983,28-11-2024,BR60,UAE,Dubai,CUST9667,PROD627,Accessories,Bluetooth Headphones,Dell,3,1281.24,0.11,0.18,4036.67,Credit Card,In-Store,EMP524,1,1,Standard,1,AED
ORD139984,01-04-2024,BR48,UAE,Abu Dhabi,CUST9708,PROD494,TV,LG OLED 48,Lenovo,1,1968.12,0.09,0.18,2113.37,UPI,Online,EMP506,3,1,Express,9,AED
ORD139985,12-07-2023,BR39,USA,Los Angeles,CUST4554,PROD412,Mobile,Samsung Galaxy S23,Apple,4,1715.25,0.12,0.18,7124.46,Credit Card,Online,EMP215,1,1,Express,6,USD
ORD139986,20-12-2023,BR82,USA,Chicago,CUST7501,PROD890,Mobile,OnePlus 11,Apple,2,976.94,0.19,0.18,1867.52,Credit Card,Online,EMP949,2,0,Same Day,10,GBP
ORD139987,05-07-2024,BR21,UAE,Dubai,CUST1932,PROD826,Laptop,MacBook Air M2,OnePlus,1,1623.1,0.09,0.18,1742.88,Credit Card,Online,EMP528,3,1,Same Day,10,USD
ORD139988,03-09-2023,BR81,UK,London,CUST9761,PROD294,Mobile,Samsung Galaxy S23,HP,5,692.41,0.17,0.18,3390.73,Credit Card,In-Store,EMP333,2,0,Express,7,EUR
ORD139989,29-07-2024,BR56,UAE,Dubai,CUST4651,PROD848,TV,Samsung QLED 50,HP,4,1785.1,0.23,0.18,6487.77,Debit Card,Online,EMP206,2,0,Express,2,USD
ORD139990,23-11-2023,BR31,USA,New York,CUST6863,PROD948,TV,Samsung QLED 50,LG,4,860.46,0.14,0.18,3492.78,Debit Card,Online,EMP842,0,1,Standard,4,GBP
ORD139991,25-02-2023,BR42,Germany,Berlin,CUST8357,PROD732,TV,LG OLED 48,Lenovo,3,636.72,0.09,0.18,2051.13,Cash,Online,EMP692,1,1,Express,3,USD
ORD139992,01-09-2024,BR78,USA,New York,CUST7612,PROD776,Laptop,MacBook Air M2,Samsung,2,1396.14,0.15,0.18,2800.66,Cash,In-Store,EMP419,3,0,Standard,10,AED
ORD139993,01-05-2023,BR120,India,Pune,CUST3474,PROD390,TV,Sony Bravia 55,Samsung,2,376.94,0.18,0.18,729.45,Net Banking,Online,EMP553,1,1,Standard,8,INR
ORD139994,26-06-2024,BR120,UAE,Abu Dhabi,CUST4431,PROD417,Laptop,MacBook Air M2,HP,2,970.59,0.03,0.18,2221.87,Net Banking,Online,EMP814,2,0,Standard,7,AED
ORD139995,11-02-2024,BR61,USA,New York,CUST6264,PROD562,Accessories,Bluetooth Headphones,Lenovo,5,1179.04,0.19,0.18,5634.63,Credit Card,Online,EMP818,2,0,Standard,5,EUR
ORD139996,27-01-2024,BR1,UK,London,CUST5343,PROD482,Accessories,Bluetooth Headphones,Samsung,4,1881.48,0.07,0.18,8258.94,UPI,Online,EMP248,0,1,Same Day,10,USD
ORD139997,25-11-2024,BR80,Germany,Munich,CUST5202,PROD121,Mobile,iPhone 14,Apple,1,1695.22,0.21,0.18,1580.28,Debit Card,In-Store,EMP342,0,1,Same Day,1,EUR
ORD139998,23-09-2023,BR33,USA,New York,CUST4350,PROD595,Laptop,MacBook Air M2,Lenovo,3,339.98,0.16,0.18,1010.96,Credit Card,In-Store,EMP952,1,0,Express,8,GBP
ORD139999,16-09-2023,BR24,UAE,Dubai,CUST6624,PROD153,Accessories,Keyboard,Sony,1,1938.4,0.14,0.18,1967.09,Credit Card,Online,EMP504,1,0,Standard,9,GBP
ORD140000,27-07-2023,BR33,Germany,Berlin,CUST7024,PROD148,TV,Sony Bravia 55,OnePlus,3,1393.95,0.1,0.18,4441.12,Net Banking,Online,EMP512,0,0,Express,2,GBP
